comp_name_full,element.B1,element.B2,element.X,bandgap,cond_type,spin_forbidden,geom_stable
Cs2AgLuCl6,Ag,Lu,Cl,5.33328,insulator,False,True
Cs2AuVCl6,Au,V,Cl,2.3000000000000003,semiconductor,False,False
Cs2NaPrCl6,Na,Pr,Cl,4.82282,insulator,False,True
Cs2AgDyCl6,Ag,Dy,Cl,4.36513,insulator,False,True
Cs2MgNdCl6,Mg,Nd,Cl,1.64193,semiconductor,False,False
Cs2VSmCl6,V,Sm,Cl,0.98352,semiconductor,True,True
Cs2PtAmCl6,Pt,Am,Cl,0.38107,semiconductor,False,True
Cs2AgYbCl6,Ag,Yb,Cl,2.30451,semiconductor,False,True
Cs2SmPtCl6,Sm,Pt,Cl,0.3200599999999999,semiconductor,False,True
Cs2KVCl6,K,V,Cl,2.85288,semiconductor,False,False
Cs2CaHgCl6,Ca,Hg,Cl,4.10495,insulator,False,True
Cs2CaYbCl6,Ca,Yb,Cl,3.0282,semiconductor,False,True
Cs2NaPuCl6,Na,Pu,Cl,3.54042,semiconductor,False,True
Cs2GeNdCl6,Ge,Nd,Cl,0.31524,semiconductor,False,False
Cs2CdDyCl6,Cd,Dy,Cl,0.46746,semiconductor,True,True
Cs2CuNdCl6,Cu,Nd,Cl,2.55431,semiconductor,False,False
Cs2NaNdCl6,Na,Nd,Cl,4.89981,insulator,False,True
Cs2AgAuCl6,Ag,Au,Cl,0.01286,metallic,False,True
Cs2KGaCl6,K,Ga,Cl,4.998539999999999,insulator,False,False
Cs2VAmCl6,V,Am,Cl,2.31174,semiconductor,False,True
Cs2PdEuCl6,Pd,Eu,Cl,0.15488,semiconductor,False,True
Cs2TiEuCl6,Ti,Eu,Cl,1.95981,semiconductor,False,True
Cs2NaNpCl6,Na,Np,Cl,3.09061,semiconductor,False,True
Cs2AgTmCl6,Ag,Tm,Cl,3.08591,semiconductor,False,True
Cs2ZnNdCl6,Zn,Nd,Cl,0.8667600000000001,semiconductor,True,False
Cs2NaCeCl6,Na,Ce,Cl,4.70959,insulator,False,True
Cs2CaTmCl6,Ca,Tm,Cl,2.24542,semiconductor,True,True
Cs2NaAmCl6,Na,Am,Cl,3.01055,semiconductor,False,True
Cs2KCrCl6,K,Cr,Cl,4.16614,insulator,True,False
Cs2KMnCl6,K,Mn,Cl,0.9003699999999999,semiconductor,False,False
Cs2AgTlCl6,Ag,Tl,Cl,0.54576,semiconductor,False,True
Cs2AuRhCl6,Au,Rh,Cl,1.10259,semiconductor,False,False
Cs2TlAlCl6,Tl,Al,Cl,4.601579999999999,insulator,False,False
Cs2PtPbCl6,Pt,Pb,Cl,0.44817,semiconductor,True,True
Cs2HgInCl6,Hg,In,Cl,0.013,metallic,False,True
Cs2NaCmCl6,Na,Cm,Cl,4.06026,insulator,True,True
Cs2AuGaCl6,Au,Ga,Cl,0.54537,semiconductor,False,False
Cs2NaPmCl6,Na,Pm,Cl,4.29053,insulator,False,True
Cs2CoNdCl6,Co,Nd,Cl,1.1709,semiconductor,False,False
Cs2YbHgCl6,Yb,Hg,Cl,0.32074,semiconductor,True,True
Cs2NiBaCl6,Ni,Ba,Cl,4.35019,insulator,True,False
Cs2SrPdCl6,Sr,Pd,Cl,2.32817,semiconductor,True,True
Cs2AuTiCl6,Au,Ti,Cl,2.11734,semiconductor,False,False
Cs2TlCuCl6,Tl,Cu,Cl,0.0127,metallic,False,False
Cs2TiSrCl6,Ti,Sr,Cl,2.24248,semiconductor,False,True
Cs2HgAuCl6,Hg,Au,Cl,0.01286,half-metal,False,True
Cs2AgErCl6,Ag,Er,Cl,3.92621,semiconductor,True,True
Cs2MnNdCl6,Mn,Nd,Cl,0.89761,semiconductor,False,True
Cs2AgNpCl6,Ag,Np,Cl,3.30636,semiconductor,False,True
Cs2AuCrCl6,Au,Cr,Cl,1.39418,semiconductor,False,False
Cs2FeNdCl6,Fe,Nd,Cl,0.0438999999999999,half-metal,False,False
Cs2CrSmCl6,Cr,Sm,Cl,0.07275,half-metal,False,True
Cs2AuMnCl6,Au,Mn,Cl,0.02456,half-metal,False,False
Cs2NaUCl6,Na,U,Cl,2.72886,semiconductor,False,True
Cs2FeBaCl6,Fe,Ba,Cl,3.65436,semiconductor,False,False
Cs2KRhCl6,K,Rh,Cl,3.51588,semiconductor,False,False
Cs2NiNdCl6,Ni,Nd,Cl,1.40112,semiconductor,True,False
Cs2VPbCl6,V,Pb,Cl,3.19821,semiconductor,False,True
Cs2SrPtCl6,Sr,Pt,Cl,2.18176,semiconductor,True,True
Cs2CdTmCl6,Cd,Tm,Cl,0.1839,semiconductor,False,True
Cs2CoBaCl6,Co,Ba,Cl,4.224679999999999,insulator,True,False
Cs2CuThCl6,Cu,Th,Cl,0.0182,metallic,False,True
Cs2NaSmCl6,Na,Sm,Cl,3.50518,semiconductor,False,True
Cs2KFeCl6,K,Fe,Cl,3.25816,semiconductor,False,False
Cs2TiPbCl6,Ti,Pb,Cl,1.82311,semiconductor,False,True
Cs2PdPbCl6,Pd,Pb,Cl,0.58795,semiconductor,True,True
Cs2AuRuCl6,Au,Ru,Cl,1.27942,semiconductor,True,False
Cs2AuIrCl6,Au,Ir,Cl,1.4585,semiconductor,False,False
Cs2TmYbCl6,Tm,Yb,Cl,2.3244,semiconductor,True,True
Cs2TmHgCl6,Tm,Hg,Cl,0.41968,semiconductor,True,True
Cs2KTiCl6,K,Ti,Cl,2.5363,semiconductor,False,False
Cs2NaBiCl6,Na,Bi,Cl,4.73528,insulator,False,True
Cs2AgYCl6,Ag,Y,Cl,5.46435,insulator,False,True
Cs2HgLuCl6,Hg,Lu,Cl,0.36452,semiconductor,True,True
Cs2AgHoCl6,Ag,Ho,Cl,4.36367,insulator,True,True
Cs2NaLaCl6,Na,La,Cl,6.6398,insulator,False,True
Cs2CrAmCl6,Cr,Am,Cl,0.63257,semiconductor,True,True
Cs2CrNdCl6,Cr,Nd,Cl,0.92963,semiconductor,False,True
Cs2RbAlCl6,Rb,Al,Cl,6.2697,insulator,False,False
Cs2CdYbCl6,Cd,Yb,Cl,0.57916,semiconductor,False,True
Cs2CdHgCl6,Cd,Hg,Cl,1.81923,semiconductor,False,True
Cs2VSrCl6,V,Sr,Cl,4.17553,insulator,False,True
Cs2EuPtCl6,Eu,Pt,Cl,0.03846,half-metal,False,True
Cs2LiThCl6,Li,Th,Cl,0.49933,semiconductor,False,True
Cs2NaEuCl6,Na,Eu,Cl,2.43453,semiconductor,False,True
Cs2NaPaCl6,Na,Pa,Cl,1.35639,semiconductor,False,True
Cs2KIrCl6,K,Ir,Cl,3.58063,semiconductor,False,False
Cs2RbCuCl6,Rb,Cu,Cl,1.74087,semiconductor,False,False
Cs2AuMoCl6,Au,Mo,Cl,1.91982,semiconductor,False,False
Cs2KRuCl6,K,Ru,Cl,1.99669,semiconductor,False,False
Cs2KAsCl6,K,As,Cl,4.3497200000000005,insulator,False,False
Cs2ZnSmCl6,Zn,Sm,Cl,0.02756,half-metal,False,False
Cs2RbPCl6,Rb,P,Cl,3.85065,semiconductor,False,False
Cs2VEuCl6,V,Eu,Cl,2.95401,semiconductor,False,True
Cs2KNiCl6,K,Ni,Cl,0.59615,semiconductor,False,False
Cs2PdNpCl6,Pd,Np,Cl,1.03455,semiconductor,False,True
Cs2FrNCl6,Fr,N,Cl,3.04769,semiconductor,False,False
Cs2AgHgCl6,Ag,Hg,Cl,0.013,half-metal,False,True
Cs2TiNpCl6,Ti,Np,Cl,0.97693,semiconductor,False,True
Cs2NaGdCl6,Na,Gd,Cl,6.44541,insulator,True,True
Cs2KCoCl6,K,Co,Cl,3.43736,semiconductor,False,False
Cs2TiAmCl6,Ti,Am,Cl,1.55081,semiconductor,False,True
Cs2KMoCl6,K,Mo,Cl,3.53787,semiconductor,True,False
Cs2FrBCl6,Fr,B,Cl,4.71669,insulator,False,False
Cs2MgBaCl6,Mg,Ba,Cl,6.527419999999999,insulator,False,False
Cs2PdAmCl6,Pd,Am,Cl,1.0034,semiconductor,False,True
Cs2CaDyCl6,Ca,Dy,Cl,1.02059,semiconductor,True,True
Cs2CrPbCl6,Cr,Pb,Cl,1.0344099999999998,semiconductor,False,True
Cs2AgTbCl6,Ag,Tb,Cl,3.39397,semiconductor,False,True
Cs2HgTlCl6,Hg,Tl,Cl,0.01276,metallic,False,True
Cs2ZnAmCl6,Zn,Am,Cl,1.38444,semiconductor,False,False
Cs2GeSmCl6,Ge,Sm,Cl,1.14431,semiconductor,False,False
Cs2AuNiCl6,Au,Ni,Cl,0.01298,half-metal,False,False
Cs2AuAsCl6,Au,As,Cl,0.74699,semiconductor,False,False
Cs2HgSbCl6,Hg,Sb,Cl,0.01124,metallic,False,True
Cs2HgPdCl6,Hg,Pd,Cl,0.01292,metallic,False,True
Cs2CaCdCl6,Ca,Cd,Cl,5.69539,insulator,False,True
Cs2CuSmCl6,Cu,Sm,Cl,1.28875,semiconductor,False,False
Cs2AgInCl6,Ag,In,Cl,2.31854,semiconductor,False,True
Cs2TlCoCl6,Tl,Co,Cl,2.39058,semiconductor,False,False
Cs2AuCoCl6,Au,Co,Cl,0.01302,half-metal,False,False
Cs2VNdCl6,V,Nd,Cl,1.42575,semiconductor,True,True
Cs2TlNiCl6,Tl,Ni,Cl,0.01296,metallic,False,False
Cs2GeBaCl6,Ge,Ba,Cl,4.57818,insulator,False,False
Cs2TlAsCl6,Tl,As,Cl,1.9139,semiconductor,False,False
Cs2CuBaCl6,Cu,Ba,Cl,1.83114,semiconductor,False,False
Cs2HgErCl6,Hg,Er,Cl,0.42479,semiconductor,True,True
Cs2TiSmCl6,Ti,Sm,Cl,1.4832,semiconductor,True,True
Cs2CrSrCl6,Cr,Sr,Cl,2.21088,semiconductor,False,True
Cs2NaTbCl6,Na,Tb,Cl,6.28222,insulator,False,True
Cs2GeAmCl6,Ge,Am,Cl,1.58331,semiconductor,False,False
Cs2CuAmCl6,Cu,Am,Cl,1.4898,semiconductor,False,False
Cs2TlPCl6,Tl,P,Cl,1.54231,semiconductor,False,False
Cs2MgSmCl6,Mg,Sm,Cl,2.69368,semiconductor,False,False
Cs2TeVacCl6,Te,,Cl,3.4792,semiconductor,False,True
Cs2MnPbCl6,Mn,Pb,Cl,3.4407,semiconductor,False,True
Cs2AgGdCl6,Ag,Gd,Cl,5.30043,insulator,False,True
Cs2CaAgCl6,Ca,Ag,Cl,0.30673,semiconductor,False,True
Cs2AuNbCl6,Au,Nb,Cl,1.3853799999999998,semiconductor,False,False
Cs2ZnBaCl6,Zn,Ba,Cl,6.138660000000001,insulator,False,False
Cs2AuTaCl6,Au,Ta,Cl,0.01788,half-metal,False,False
Cs2DyHgCl6,Dy,Hg,Cl,0.49728,semiconductor,True,True
Cs2NdPtCl6,Nd,Pt,Cl,1.12407,semiconductor,False,True
Cs2HgYCl6,Hg,Y,Cl,0.54783,semiconductor,True,True
Cs2DyYbCl6,Dy,Yb,Cl,0.12552,semiconductor,False,True
Cs2HgHoCl6,Hg,Ho,Cl,0.52033,semiconductor,True,True
Cs2CrEuCl6,Cr,Eu,Cl,0.66448,semiconductor,False,True
Cs2HgScCl6,Hg,Sc,Cl,0.48855,semiconductor,True,False
Cs2TiDyCl6,Ti,Dy,Cl,0.35382,semiconductor,False,True
Cs2NaDyCl6,Na,Dy,Cl,5.5627,insulator,True,True
Cs2BeRaCl6,Be,Ra,Cl,6.29425,insulator,False,False
Cs2MnSrCl6,Mn,Sr,Cl,5.353009999999999,insulator,True,True
Cs2ZnPbCl6,Zn,Pb,Cl,3.56044,semiconductor,False,False
Cs2PdDyCl6,Pd,Dy,Cl,1.71946,semiconductor,False,True
Cs2MgAmCl6,Mg,Am,Cl,2.48554,semiconductor,False,False
Cs2AgEuCl6,Ag,Eu,Cl,1.26021,semiconductor,False,True
Cs2RbCoCl6,Rb,Co,Cl,3.55467,semiconductor,False,False
Cs2TlFeCl6,Tl,Fe,Cl,1.63069,semiconductor,True,False
Cs2KTaCl6,K,Ta,Cl,1.2104,semiconductor,False,False
Cs2CaNpCl6,Ca,Np,Cl,0.73736,semiconductor,False,True
Cs2RbAsCl6,Rb,As,Cl,4.31288,insulator,False,False
Cs2MnBaCl6,Mn,Ba,Cl,5.09597,insulator,True,True
Cs2RbNiCl6,Rb,Ni,Cl,0.62297,semiconductor,False,False
Cs2KNbCl6,K,Nb,Cl,1.56222,semiconductor,False,False
Cs2NaHoCl6,Na,Ho,Cl,5.49474,insulator,False,True
Cs2KCuCl6,K,Cu,Cl,1.63228,semiconductor,False,False
Cs2ZnSrCl6,Zn,Sr,Cl,5.9563,insulator,False,False
Cs2NaYCl6,Na,Y,Cl,6.60692,insulator,False,True
Cs2MnEuCl6,Mn,Eu,Cl,2.5047200000000003,semiconductor,False,True
Cs2GePbCl6,Ge,Pb,Cl,2.00931,semiconductor,False,False
Cs2CuPbCl6,Cu,Pb,Cl,0.01302,metallic,False,False
Cs2AgSmCl6,Ag,Sm,Cl,2.31806,semiconductor,False,True
Cs2CoSmCl6,Co,Sm,Cl,0.25688,semiconductor,False,False
Cs2KAlCl6,K,Al,Cl,6.26979,insulator,False,False
Cs2FeSmCl6,Fe,Sm,Cl,0.86279,semiconductor,False,False
Cs2TlMnCl6,Tl,Mn,Cl,0.02422,half-metal,False,False
Cs2HgTbCl6,Hg,Tb,Cl,0.52522,semiconductor,True,True
Cs2AuScCl6,Au,Sc,Cl,3.39173,semiconductor,False,False
Cs2TlCrCl6,Tl,Cr,Cl,3.00642,semiconductor,False,False
Cs2CrBaCl6,Cr,Ba,Cl,2.16085,semiconductor,False,True
Cs2AgSbCl6,Ag,Sb,Cl,2.13031,semiconductor,False,True
Cs2HgTaCl6,Hg,Ta,Cl,1.29274,semiconductor,False,False
Cs2HgNbCl6,Hg,Nb,Cl,1.53484,semiconductor,False,False
Cs2ZnEuCl6,Zn,Eu,Cl,0.79326,semiconductor,False,False
Cs2MgPbCl6,Mg,Pb,Cl,4.80466,insulator,False,False
Cs2AuCuCl6,Au,Cu,Cl,0.01292,metallic,False,False
Cs2GeSrCl6,Ge,Sr,Cl,4.6783,insulator,False,False
Cs2CuSrCl6,Cu,Sr,Cl,1.83188,semiconductor,False,False
Cs2NiSmCl6,Ni,Sm,Cl,0.06477,half-metal,False,False
Cs2AgPdCl6,Ag,Pd,Cl,0.01306,half-metal,False,True
Cs2NaErCl6,Na,Er,Cl,5.0258,insulator,True,True
Cs2RbFeCl6,Rb,Fe,Cl,3.28074,semiconductor,True,False
Cs2CoAmCl6,Co,Am,Cl,0.7788999999999999,semiconductor,False,False
Cs2AgPmCl6,Ag,Pm,Cl,3.03541,semiconductor,False,True
Cs2CdEuCl6,Cd,Eu,Cl,0.6696799999999999,semiconductor,False,True
Cs2HgNpCl6,Hg,Np,Cl,1.59916,semiconductor,True,True
Cs2SrAgCl6,Sr,Ag,Cl,0.29647,semiconductor,False,True
Cs2TlGaCl6,Tl,Ga,Cl,3.22694,semiconductor,False,False
Cs2AgCmCl6,Ag,Cm,Cl,4.77817,insulator,False,True
Cs2NaTlCl6,Na,Tl,Cl,3.26807,semiconductor,False,True
Cs2AuAlCl6,Au,Al,Cl,1.90517,semiconductor,False,False
Cs2KScCl6,K,Sc,Cl,5.77848,insulator,False,False
Cs2AgAmCl6,Ag,Am,Cl,2.33291,semiconductor,False,True
Cs2PtNpCl6,Pt,Np,Cl,0.90334,semiconductor,False,True
Cs2MgSrCl6,Mg,Sr,Cl,6.77315,insulator,False,False
Cs2NaTmCl6,Na,Tm,Cl,4.18922,insulator,False,True
Cs2CuEuCl6,Cu,Eu,Cl,0.26962,semiconductor,False,False
Cs2NiAmCl6,Ni,Am,Cl,0.69361,semiconductor,False,False
Cs2AgAgCl6,Ag,Ag,Cl,0.01132,metallic,False,True
Cs2GeEuCl6,Ge,Eu,Cl,1.73974,semiconductor,False,False
Cs2HgGdCl6,Hg,Gd,Cl,0.50794,semiconductor,True,True
Cs2AuSbCl6,Au,Sb,Cl,0.90282,semiconductor,False,True
Cs2AgPbCl6,Ag,Pb,Cl,0.01292,metallic,False,True
Cs2SrCdCl6,Sr,Cd,Cl,5.83365,insulator,False,True
Cs2KAgCl6,K,Ag,Cl,1.30511,semiconductor,True,True
Cs2AgScCl6,Ag,Sc,Cl,4.88079,insulator,False,False
Cs2RbMnCl6,Rb,Mn,Cl,0.88393,semiconductor,False,False
Cs2AgNdCl6,Ag,Nd,Cl,3.66474,semiconductor,True,True
Cs2RbCrCl6,Rb,Cr,Cl,4.27357,insulator,True,False
Cs2VNpCl6,V,Np,Cl,0.69524,semiconductor,False,True
Cs2MgEuCl6,Mg,Eu,Cl,3.46952,semiconductor,False,False
Cs2CuAcCl6,Cu,Ac,Cl,4.11875,insulator,False,True
Cs2AgCdCl6,Ag,Cd,Cl,0.01262,half-metal,False,True
Cs2HgEuCl6,Hg,Eu,Cl,0.01906,half-metal,False,True
Cs2NaYbCl6,Na,Yb,Cl,3.3801,semiconductor,False,True
Cs2CoPbCl6,Co,Pb,Cl,2.93373,semiconductor,True,False
Cs2NaAcCl6,Na,Ac,Cl,6.548080000000001,insulator,False,True
Cs2AgPrCl6,Ag,Pr,Cl,3.88317,semiconductor,False,True
Cs2RbGaCl6,Rb,Ga,Cl,5.13375,insulator,False,False
Cs2VBaCl6,V,Ba,Cl,3.94038,semiconductor,True,True
Cs2KSbCl6,K,Sb,Cl,4.23144,insulator,False,True
Cs2KPdCl6,K,Pd,Cl,0.63059,semiconductor,False,True
Cs2CdPbCl6,Cd,Pb,Cl,3.4945500000000003,semiconductor,False,True
Cs2TlVCl6,Tl,V,Cl,2.84114,semiconductor,True,False
Cs2NaLuCl6,Na,Lu,Cl,6.98042,insulator,False,True
Cs2FePbCl6,Fe,Pb,Cl,3.33253,semiconductor,True,False
Cs2PoVacCl6,Po,,Cl,4.14455,insulator,False,True
Cs2LiAcCl6,Li,Ac,Cl,6.73348,insulator,False,True
Cs2NiPbCl6,Ni,Pb,Cl,2.6461300000000003,semiconductor,True,False
Cs2ThVacCl6,Th,,Cl,6.53224,insulator,False,True
Cs2TiYbCl6,Ti,Yb,Cl,1.98717,semiconductor,False,True
Cs2TiHgCl6,Ti,Hg,Cl,1.43563,semiconductor,False,True
Cs2HgMoCl6,Hg,Mo,Cl,0.26841,semiconductor,False,False
Cs2HgSmCl6,Hg,Sm,Cl,0.64992,semiconductor,True,True
Cs2CoSrCl6,Co,Sr,Cl,4.33214,insulator,True,False
Cs2PdNdCl6,Pd,Nd,Cl,1.69076,semiconductor,False,True
Cs2BaPtCl6,Ba,Pt,Cl,2.18397,semiconductor,True,True
Cs2AgPuCl6,Ag,Pu,Cl,3.23675,semiconductor,False,True
Cs2FeSrCl6,Fe,Sr,Cl,3.70324,semiconductor,False,False
Cs2NaAuCl6,Na,Au,Cl,1.02935,semiconductor,True,True
Cs2DyPtCl6,Dy,Pt,Cl,1.2771400000000002,semiconductor,False,True
Cs2NiSrCl6,Ni,Sr,Cl,4.33271,insulator,True,False
Cs2AgTaCl6,Ag,Ta,Cl,1.27342,semiconductor,False,False
Cs2AgNbCl6,Ag,Nb,Cl,1.58336,semiconductor,False,False
Cs2HgRuCl6,Hg,Ru,Cl,0.02128,metallic,False,False
Cs2HgIrCl6,Hg,Ir,Cl,0.01302,metallic,False,False
Cs2HgCmCl6,Hg,Cm,Cl,0.34195,semiconductor,True,True
Cs2AgCeCl6,Ag,Ce,Cl,4.62066,insulator,False,True
Cs2RbVCl6,Rb,V,Cl,2.9476,semiconductor,False,False
Cs2HgPmCl6,Hg,Pm,Cl,0.58391,semiconductor,True,True
Cs2CdAmCl6,Cd,Am,Cl,1.07442,semiconductor,False,True
Cs2CrNpCl6,Cr,Np,Cl,1.64002,semiconductor,True,True
Cs2FeEuCl6,Fe,Eu,Cl,1.65341,semiconductor,False,False
Cs2TlRhCl6,Tl,Rh,Cl,2.70536,semiconductor,False,False
Cs2CaTiCl6,Ca,Ti,Cl,2.23181,semiconductor,False,True
Cs2NiEuCl6,Ni,Eu,Cl,1.01103,semiconductor,False,False
Cs2CaPdCl6,Ca,Pd,Cl,2.30222,semiconductor,True,True
Cs2HgRhCl6,Hg,Rh,Cl,0.02228,metallic,False,False
Cs2CaEuCl6,Ca,Eu,Cl,3.0486500000000003,semiconductor,False,True
Cs2CdSmCl6,Cd,Sm,Cl,0.01848,half-metal,False,True
Cs2TlTiCl6,Tl,Ti,Cl,2.59804,semiconductor,False,False
Cs2NiRaCl6,Ni,Ra,Cl,4.259639999999999,insulator,True,False
Cs2DyNpCl6,Dy,Np,Cl,0.53289,semiconductor,False,True
Cs2AuInCl6,Au,In,Cl,0.65595,semiconductor,False,True
Cs2HgNdCl6,Hg,Nd,Cl,0.55603,semiconductor,True,True
Cs2AgUCl6,Ag,U,Cl,2.36576,semiconductor,False,True
Cs2FeRaCl6,Fe,Ra,Cl,3.68984,semiconductor,False,False
Cs2CoRaCl6,Co,Ra,Cl,4.19394,insulator,True,False
Cs2TlIrCl6,Tl,Ir,Cl,3.17877,semiconductor,False,False
Cs2TlRuCl6,Tl,Ru,Cl,2.0253400000000004,semiconductor,False,False
Cs2HgPrCl6,Hg,Pr,Cl,0.4975199999999999,semiconductor,True,True
Cs2CaSrCl6,Ca,Sr,Cl,6.68482,insulator,False,True
Cs2KInCl6,K,In,Cl,5.23712,insulator,False,True
Cs2AgBiCl6,Ag,Bi,Cl,2.75251,semiconductor,False,True
Cs2AgLaCl6,Ag,La,Cl,5.22924,insulator,False,True
Cs2ZnNpCl6,Zn,Np,Cl,0.81797,semiconductor,True,False
Cs2AgMoCl6,Ag,Mo,Cl,2.68501,semiconductor,False,False
Cs2RbRhCl6,Rb,Rh,Cl,3.61116,semiconductor,False,False
Cs2CrDyCl6,Cr,Dy,Cl,1.1184,semiconductor,False,True
Cs2RbTiCl6,Rb,Ti,Cl,2.53664,semiconductor,False,False
Cs2CaPbCl6,Ca,Pb,Cl,5.3664000000000005,insulator,False,True
Cs2AgPaCl6,Ag,Pa,Cl,0.55296,semiconductor,False,True
Cs2HgPuCl6,Hg,Pu,Cl,0.69599,semiconductor,True,True
Cs2EuYbCl6,Eu,Yb,Cl,2.72593,semiconductor,False,True
Cs2TlMoCl6,Tl,Mo,Cl,3.50998,semiconductor,False,False
Cs2CuNpCl6,Cu,Np,Cl,3.45773,semiconductor,False,False
Cs2AgIrCl6,Ag,Ir,Cl,2.19105,semiconductor,False,False
Cs2TmPtCl6,Tm,Pt,Cl,0.41081,semiconductor,False,True
Cs2GeNpCl6,Ge,Np,Cl,0.02998,half-metal,False,False
Cs2MgRaCl6,Mg,Ra,Cl,6.32184,insulator,False,False
Cs2AgRuCl6,Ag,Ru,Cl,1.94577,semiconductor,True,False
Cs2RbIrCl6,Rb,Ir,Cl,3.67673,semiconductor,False,False
Cs2SrHgCl6,Sr,Hg,Cl,4.21838,insulator,False,True
Cs2EuTmCl6,Eu,Tm,Cl,1.98232,semiconductor,True,True
Cs2RbRuCl6,Rb,Ru,Cl,2.02388,semiconductor,False,False
Cs2HgCeCl6,Hg,Ce,Cl,0.52732,semiconductor,True,True
Cs2SrYbCl6,Sr,Yb,Cl,2.65198,semiconductor,False,True
Cs2MnDyCl6,Mn,Dy,Cl,0.61676,semiconductor,False,True
Cs2VTmCl6,V,Tm,Cl,1.72759,semiconductor,False,True
Cs2MgNpCl6,Mg,Np,Cl,0.77228,semiconductor,False,False
Cs2YbPtCl6,Yb,Pt,Cl,0.10884,semiconductor,True,True
Cs2PtHgCl6,Pt,Hg,Cl,0.06465,half-metal,False,True
Cs2KPCl6,K,P,Cl,3.87928,semiconductor,False,False
Cs2AgTiCl6,Ag,Ti,Cl,2.55101,semiconductor,False,False
Cs2NaInCl6,Na,In,Cl,4.66101,insulator,False,True
Cs2AgRhCl6,Ag,Rh,Cl,2.31815,semiconductor,False,False
Cs2RbMoCl6,Rb,Mo,Cl,3.54732,semiconductor,True,False
Cs2CaAmCl6,Ca,Am,Cl,2.3169,semiconductor,False,True
Cs2SrTmCl6,Sr,Tm,Cl,1.86859,semiconductor,False,True
Cs2GeRaCl6,Ge,Ra,Cl,4.444730000000001,insulator,False,False
Cs2PdBaCl6,Pd,Ba,Cl,2.34306,semiconductor,True,True
Cs2CuRaCl6,Cu,Ra,Cl,1.75305,semiconductor,False,False
Cs2HgPbCl6,Hg,Pb,Cl,2.15673,semiconductor,False,True
Cs2TiBaCl6,Ti,Ba,Cl,2.08869,semiconductor,False,True
Cs2PdCdCl6,Pd,Cd,Cl,0.42736,semiconductor,False,True
Cs2ZnDyCl6,Zn,Dy,Cl,0.5813,semiconductor,True,False
Cs2VYbCl6,V,Yb,Cl,2.44221,semiconductor,False,True
Cs2AuPCl6,Au,P,Cl,0.38594,semiconductor,False,False
Cs2HgGaCl6,Hg,Ga,Cl,0.0127,metallic,False,False
Cs2TiCdCl6,Ti,Cd,Cl,0.70773,semiconductor,False,True
Cs2CuPaCl6,Cu,Pa,Cl,1.1735799999999998,semiconductor,False,True
Cs2VHgCl6,V,Hg,Cl,0.49454,semiconductor,True,True
Cs2HgUCl6,Hg,U,Cl,2.2776,semiconductor,False,True
Cs2HgCrCl6,Hg,Cr,Cl,0.0658,half-metal,True,False
Cs2TlNbCl6,Tl,Nb,Cl,1.58179,semiconductor,False,False
Cs2CaSmCl6,Ca,Sm,Cl,2.22781,semiconductor,False,True
Cs2HgBiCl6,Hg,Bi,Cl,0.01328,metallic,False,True
Cs2ZnRaCl6,Zn,Ra,Cl,5.852790000000001,insulator,False,False
Cs2TlTaCl6,Tl,Ta,Cl,1.20773,semiconductor,False,False
Cs2AuAuCl6,Au,Au,Cl,0.01122,metallic,False,True
Cs2TmPbCl6,Tm,Pb,Cl,0.93924,semiconductor,False,True
Cs2HgMnCl6,Hg,Mn,Cl,1.35274,semiconductor,False,False
Cs2CuLaCl6,Cu,La,Cl,4.15271,insulator,False,True
Cs2HgLaCl6,Hg,La,Cl,0.5419,semiconductor,True,True
Cs2BeBaCl6,Be,Ba,Cl,6.54021,insulator,False,False
Cs2PaVacCl6,Pa,,Cl,3.42152,semiconductor,False,True
Cs2CaPtCl6,Ca,Pt,Cl,2.16998,semiconductor,True,True
Cs2CuBiCl6,Cu,Bi,Cl,2.05789,semiconductor,False,True
Cs2CuDyCl6,Cu,Dy,Cl,3.10858,semiconductor,False,False
Cs2GeDyCl6,Ge,Dy,Cl,0.4443499999999999,semiconductor,False,False
Cs2LiPaCl6,Li,Pa,Cl,1.33339,semiconductor,False,True
Cs2PdThCl6,Pd,Th,Cl,2.39427,semiconductor,False,False
Cs2CoNpCl6,Co,Np,Cl,2.66561,semiconductor,False,False
Cs2FeNpCl6,Fe,Np,Cl,2.35197,semiconductor,True,False
Cs2CuUCl6,Cu,U,Cl,2.79711,semiconductor,False,True
Cs2NaThCl6,Na,Th,Cl,0.41565,semiconductor,False,True
Cs2YbAmCl6,Yb,Am,Cl,2.29334,semiconductor,False,True
Cs2MnRaCl6,Mn,Ra,Cl,4.9342,insulator,False,True
Cs2HgPaCl6,Hg,Pa,Cl,3.3264,semiconductor,False,True
Cs2KAuCl6,K,Au,Cl,1.43064,semiconductor,True,True
Cs2LiLaCl6,Li,La,Cl,6.43024,insulator,False,True
Cs2AuLuCl6,Au,Lu,Cl,3.49426,semiconductor,False,True
Cs2MgDyCl6,Mg,Dy,Cl,1.3397199999999998,semiconductor,True,False
Cs2NiNpCl6,Ni,Np,Cl,2.38477,semiconductor,False,False
Cs2RbBCl6,Rb,B,Cl,4.58573,insulator,False,False
Cs2LiBiCl6,Li,Bi,Cl,4.58033,insulator,False,True
Cs2AgVCl6,Ag,V,Cl,2.85741,semiconductor,False,False
Cs2HgFeCl6,Hg,Fe,Cl,0.95852,semiconductor,True,False
Cs2CaVCl6,Ca,V,Cl,4.11383,insulator,False,True
Cs2CrYbCl6,Cr,Yb,Cl,0.37797,semiconductor,False,True
Cs2LiUCl6,Li,U,Cl,2.75825,semiconductor,False,True
Cs2AuYbCl6,Au,Yb,Cl,1.59177,semiconductor,False,True
Cs2FrPCl6,Fr,P,Cl,3.66543,semiconductor,False,False
Cs2RbNbCl6,Rb,Nb,Cl,1.58678,semiconductor,False,False
Cs2EuDyCl6,Eu,Dy,Cl,0.8115,semiconductor,False,True
Cs2RbTaCl6,Rb,Ta,Cl,1.25209,semiconductor,False,False
Cs2SmYbCl6,Sm,Yb,Cl,2.21186,semiconductor,False,True
Cs2CdNdCl6,Cd,Nd,Cl,0.75726,semiconductor,True,True
Cs2KLuCl6,K,Lu,Cl,6.71763,insulator,False,True
Cs2CuCeCl6,Cu,Ce,Cl,3.99105,semiconductor,True,True
Cs2MnTmCl6,Mn,Tm,Cl,1.70083,semiconductor,False,True
Cs2NaPdCl6,Na,Pd,Cl,0.36888,semiconductor,False,True
Cs2NaSbCl6,Na,Sb,Cl,3.91151,semiconductor,False,True
Cs2UVacCl6,U,,Cl,3.15943,semiconductor,False,True
Cs2CrRaCl6,Cr,Ra,Cl,2.09434,semiconductor,False,True
Cs2TlScCl6,Tl,Sc,Cl,4.55618,insulator,False,False
Cs2KYbCl6,K,Yb,Cl,3.56041,semiconductor,False,True
Cs2SrDyCl6,Sr,Dy,Cl,0.65662,semiconductor,True,True
Cs2AuTmCl6,Au,Tm,Cl,2.34041,semiconductor,False,True
Cs2AgGaCl6,Ag,Ga,Cl,2.24979,semiconductor,False,False
Cs2NaAgCl6,Na,Ag,Cl,0.90519,semiconductor,True,True
Cs2LiNpCl6,Li,Np,Cl,3.08397,semiconductor,False,True
Cs2MnYbCl6,Mn,Yb,Cl,2.45458,semiconductor,True,True
Cs2HgAsCl6,Hg,As,Cl,0.0113,metallic,False,False
Cs2TlBCl6,Tl,B,Cl,2.91798,semiconductor,False,False
Cs2LiCeCl6,Li,Ce,Cl,6.27451,insulator,False,True
Cs2HgNiCl6,Hg,Ni,Cl,1.5547,semiconductor,False,False
Cs2CuPuCl6,Cu,Pu,Cl,2.61042,semiconductor,False,True
Cs2ZnTmCl6,Zn,Tm,Cl,0.16115,semiconductor,False,False
Cs2CoDyCl6,Co,Dy,Cl,1.75441,semiconductor,False,False
Cs2HgCoCl6,Hg,Co,Cl,1.66325,semiconductor,False,False
Cs2AuTlCl6,Au,Tl,Cl,0.013,metallic,False,True
Cs2NaScCl6,Na,Sc,Cl,5.64001,insulator,False,False
Cs2AgCrCl6,Ag,Cr,Cl,2.59814,semiconductor,False,False
Cs2CaCrCl6,Ca,Cr,Cl,2.19323,semiconductor,False,True
Cs2AgMnCl6,Ag,Mn,Cl,0.02476,half-metal,False,False
Cs2DyPbCl6,Dy,Pb,Cl,0.17408,semiconductor,False,True
Cs2TlSbCl6,Tl,Sb,Cl,1.90855,semiconductor,False,True
Cs2TlPdCl6,Tl,Pd,Cl,0.01284,half-metal,False,True
Cs2AuErCl6,Au,Er,Cl,3.17716,semiconductor,False,True
Cs2KTmCl6,K,Tm,Cl,4.41727,insulator,False,True
Cs2ZnHgCl6,Zn,Hg,Cl,1.70283,semiconductor,False,False
Cs2NiDyCl6,Ni,Dy,Cl,1.6392099999999998,semiconductor,False,False
Cs2LiPuCl6,Li,Pu,Cl,3.49656,semiconductor,False,True
Cs2GeTmCl6,Ge,Tm,Cl,0.83224,semiconductor,False,False
Cs2CuTmCl6,Cu,Tm,Cl,1.79983,semiconductor,False,False
Cs2CuPrCl6,Cu,Pr,Cl,2.85944,semiconductor,False,True
Cs2RbScCl6,Rb,Sc,Cl,5.81228,insulator,False,False
Cs2KTlCl6,K,Tl,Cl,3.80109,semiconductor,False,True
Cs2KErCl6,K,Er,Cl,5.19948,insulator,False,True
Cs2EuNpCl6,Eu,Np,Cl,0.57365,semiconductor,False,True
Cs2VRaCl6,V,Ra,Cl,3.76101,semiconductor,False,True
Cs2AgAcCl6,Ag,Ac,Cl,4.87812,insulator,False,True
Cs2AuYCl6,Au,Y,Cl,3.71059,semiconductor,False,True
Cs2RbAgCl6,Rb,Ag,Cl,1.30469,semiconductor,True,True
Cs2AuHoCl6,Au,Ho,Cl,3.56441,semiconductor,False,True
Cs2GeYbCl6,Ge,Yb,Cl,1.62925,semiconductor,False,False
Cs2MgTmCl6,Mg,Tm,Cl,1.03034,semiconductor,False,False
Cs2GeHgCl6,Ge,Hg,Cl,1.22989,semiconductor,False,False
Cs2LiPrCl6,Li,Pr,Cl,4.76734,insulator,False,True
Cs2CuHgCl6,Cu,Hg,Cl,0.31646,semiconductor,False,False
Cs2CaMnCl6,Ca,Mn,Cl,5.41693,insulator,True,True
Cs2CuYbCl6,Cu,Yb,Cl,1.17002,semiconductor,False,False
Cs2CdPtCl6,Cd,Pt,Cl,0.01272,metallic,False,True
Cs2AgFeCl6,Ag,Fe,Cl,1.59062,semiconductor,True,False
Cs2LiNdCl6,Li,Nd,Cl,4.70824,insulator,False,True
Cs2SrNpCl6,Sr,Np,Cl,0.42344,semiconductor,False,True
Cs2KYCl6,K,Y,Cl,6.650040000000001,insulator,False,True
Cs2PtRaCl6,Pt,Ra,Cl,2.08548,semiconductor,True,True
Cs2RbPdCl6,Rb,Pd,Cl,0.56906,semiconductor,False,True
Cs2RbSbCl6,Rb,Sb,Cl,4.183949999999999,insulator,False,True
Cs2CeVacCl6,Ce,,Cl,2.63616,semiconductor,False,True
Cs2NpVacCl6,Np,,Cl,3.6042,semiconductor,False,True
Cs2CuCmCl6,Cu,Cm,Cl,4.13156,insulator,False,True
Cs2CuPmCl6,Cu,Pm,Cl,1.94687,semiconductor,False,True
Cs2CaZnCl6,Ca,Zn,Cl,5.72408,insulator,False,False
Cs2BeNdCl6,Be,Nd,Cl,1.88741,semiconductor,False,False
Cs2VCdCl6,V,Cd,Cl,2.55209,semiconductor,False,True
Cs2MgYbCl6,Mg,Yb,Cl,1.81019,semiconductor,False,False
Cs2NaTaCl6,Na,Ta,Cl,1.20541,semiconductor,False,False
Cs2AgPtCl6,Ag,Pt,Cl,0.01288,metallic,False,True
Cs2NaNbCl6,Na,Nb,Cl,1.50353,semiconductor,False,False
Cs2MgHgCl6,Mg,Hg,Cl,3.10337,semiconductor,False,False
Cs2KHoCl6,K,Ho,Cl,5.5878,insulator,True,True
Cs2AuDyCl6,Au,Dy,Cl,3.61588,semiconductor,False,True
Cs2LiAmCl6,Li,Am,Cl,2.98144,semiconductor,False,True
Cs2CaNdCl6,Ca,Nd,Cl,1.21219,semiconductor,False,True
Cs2AgBaCl6,Ag,Ba,Cl,0.28796,semiconductor,False,True
Cs2PbNpCl6,Pb,Np,Cl,0.01982,half-metal,False,True
Cs2CaCuCl6,Ca,Cu,Cl,1.77477,semiconductor,False,False
Cs2CaGeCl6,Ca,Ge,Cl,4.73399,insulator,False,False
Cs2LiCmCl6,Li,Cm,Cl,5.999429999999999,insulator,False,True
Cs2LiPmCl6,Li,Pm,Cl,4.10298,insulator,False,True
Cs2AgNiCl6,Ag,Ni,Cl,0.01318,half-metal,False,False
Cs2AgAsCl6,Ag,As,Cl,2.04005,semiconductor,False,False
Cs2KDyCl6,K,Dy,Cl,5.63767,insulator,True,True
Cs2CoTmCl6,Co,Tm,Cl,0.43854,semiconductor,False,False
Cs2AgCoCl6,Ag,Co,Cl,2.0883,semiconductor,False,False
Cs2AuTbCl6,Au,Tb,Cl,3.59276,semiconductor,False,True
Cs2FeTmCl6,Fe,Tm,Cl,0.02348,half-metal,False,False
Cs2HgAlCl6,Hg,Al,Cl,0.01138,metallic,False,False
Cs2MgCaCl6,Mg,Ca,Cl,6.94238,insulator,False,False
Cs2NiTmCl6,Ni,Tm,Cl,0.57671,semiconductor,False,False
Cs2PuVacCl6,Pu,,Cl,3.14661,semiconductor,False,True
Cs2TlInCl6,Tl,In,Cl,3.23425,semiconductor,False,True
Cs2CdBaCl6,Cd,Ba,Cl,5.799650000000001,insulator,False,True
Cs2LiSmCl6,Li,Sm,Cl,3.33561,semiconductor,False,True
Cs2CoYbCl6,Co,Yb,Cl,0.8240500000000001,semiconductor,False,False
Cs2KTbCl6,K,Tb,Cl,6.29851,insulator,False,True
Cs2FeYbCl6,Fe,Yb,Cl,1.51475,semiconductor,False,False
Cs2CrCdCl6,Cr,Cd,Cl,0.92299,semiconductor,False,True
Cs2AuGdCl6,Au,Gd,Cl,3.56244,semiconductor,False,True
Cs2NiYbCl6,Ni,Yb,Cl,0.74973,semiconductor,False,False
Cs2NaMoCl6,Na,Mo,Cl,3.52378,semiconductor,True,False
Cs2PdAcCl6,Pd,Ac,Cl,1.69972,semiconductor,False,False
Cs2HgAcCl6,Hg,Ac,Cl,0.54291,semiconductor,True,True
Cs2NpAmCl6,Np,Am,Cl,0.30806,semiconductor,False,True
Cs2NdYbCl6,Nd,Yb,Cl,1.25912,semiconductor,False,True
Cs2CuGdCl6,Cu,Gd,Cl,4.11621,insulator,False,True
Cs2LiEuCl6,Li,Eu,Cl,2.30505,semiconductor,False,True
Cs2AuEuCl6,Au,Eu,Cl,0.60914,semiconductor,False,True
Cs2KGdCl6,K,Gd,Cl,6.57521,insulator,False,True
Cs2PrVacCl6,Pr,,Cl,1.769,semiconductor,False,True
Cs2AmVacCl6,Am,,Cl,1.68509,semiconductor,False,True
Cs2CmVacCl6,Cm,,Cl,0.27036,semiconductor,False,True
Cs2NaIrCl6,Na,Ir,Cl,3.1356200000000003,semiconductor,False,False
Cs2MnCdCl6,Mn,Cd,Cl,3.02157,semiconductor,False,True
Cs2NaRuCl6,Na,Ru,Cl,1.94713,semiconductor,False,False
Cs2RbInCl6,Rb,In,Cl,5.33278,insulator,False,True
Cs2LiGdCl6,Li,Gd,Cl,6.2392,insulator,True,True
Cs2CaCoCl6,Ca,Co,Cl,4.2902700000000005,insulator,False,False
Cs2CaFeCl6,Ca,Fe,Cl,3.68695,semiconductor,False,False
Cs2CuTbCl6,Cu,Tb,Cl,3.97891,semiconductor,True,True
Cs2KEuCl6,K,Eu,Cl,2.63255,semiconductor,False,True
Cs2AuSmCl6,Au,Sm,Cl,1.66327,semiconductor,False,True
Cs2ZnCdCl6,Zn,Cd,Cl,3.20387,semiconductor,False,False
Cs2AgCuCl6,Ag,Cu,Cl,0.0129,metallic,False,False
Cs2CaNiCl6,Ca,Ni,Cl,4.239730000000001,insulator,True,False
Cs2NaTiCl6,Na,Ti,Cl,2.54118,semiconductor,False,False
Cs2NaRhCl6,Na,Rh,Cl,3.1217300000000003,semiconductor,False,False
Cs2AgAlCl6,Ag,Al,Cl,3.71833,semiconductor,False,False
Cs2LiTbCl6,Li,Tb,Cl,6.256139999999999,insulator,True,True
Cs2FrAlCl6,Fr,Al,Cl,5.9964900000000005,insulator,False,False
Cs2CuCdCl6,Cu,Cd,Cl,0.8971,semiconductor,False,False
Cs2ZnAgCl6,Zn,Ag,Cl,0.01292,half-metal,False,False
Cs2RbNCl6,Rb,N,Cl,3.0271,semiconductor,False,False
Cs2GeCdCl6,Ge,Cd,Cl,2.6586000000000003,semiconductor,False,False
Cs2KSmCl6,K,Sm,Cl,3.67632,semiconductor,False,True
Cs2TiRaCl6,Ti,Ra,Cl,2.18985,semiconductor,False,True
Cs2AuCmCl6,Au,Cm,Cl,3.1687,semiconductor,False,True
Cs2AuPmCl6,Au,Pm,Cl,2.32741,semiconductor,False,True
Cs2FrCuCl6,Fr,Cu,Cl,1.65229,semiconductor,True,False
Cs2PdRaCl6,Pd,Ra,Cl,2.24002,semiconductor,True,True
Cs2AuAmCl6,Au,Am,Cl,1.6723599999999998,semiconductor,False,True
Cs2LiDyCl6,Li,Dy,Cl,5.3983,insulator,True,True
Cs2CuHoCl6,Cu,Ho,Cl,3.1653,semiconductor,False,True
Cs2MgCdCl6,Mg,Cd,Cl,4.46218,insulator,False,False
Cs2GeAgCl6,Ge,Ag,Cl,0.01522,metallic,False,False
Cs2CuYCl6,Cu,Y,Cl,4.36032,insulator,False,True
Cs2BeSmCl6,Be,Sm,Cl,1.02515,semiconductor,True,False
Cs2KPmCl6,K,Pm,Cl,4.45597,insulator,False,True
Cs2KCmCl6,K,Cm,Cl,5.97488,insulator,False,True
Cs2CaBaCl6,Ca,Ba,Cl,6.41262,insulator,False,True
Cs2SrEuCl6,Sr,Eu,Cl,0.0622,half-metal,False,True
Cs2AuNdCl6,Au,Nd,Cl,2.9285300000000003,semiconductor,False,True
Cs2KAmCl6,K,Am,Cl,3.0828800000000003,semiconductor,False,True
Cs2LiHoCl6,Li,Ho,Cl,5.40746,insulator,True,True
Cs2PdPtCl6,Pd,Pt,Cl,0.01306,half-metal,False,True
Cs2CuErCl6,Cu,Er,Cl,2.7608900000000003,semiconductor,False,True
Cs2MgAgCl6,Mg,Ag,Cl,0.0116,half-metal,False,False
Cs2TiPtCl6,Ti,Pt,Cl,0.93364,semiconductor,False,True
Cs2LiYCl6,Li,Y,Cl,6.42261,insulator,False,True
Cs2BeAmCl6,Be,Am,Cl,2.44863,semiconductor,False,False
Cs2TlNCl6,Tl,N,Cl,0.01132,metallic,False,False
Cs2NaVCl6,Na,V,Cl,2.85974,semiconductor,False,False
Cs2AgThCl6,Ag,Th,Cl,0.07249,half-metal,True,True
Cs2EuPbCl6,Eu,Pb,Cl,1.89953,semiconductor,False,True
Cs2AuPrCl6,Au,Pr,Cl,2.98187,semiconductor,False,True
Cs2TlLuCl6,Tl,Lu,Cl,5.16423,insulator,False,True
Cs2KNdCl6,K,Nd,Cl,5.09108,insulator,False,True
Cs2LiErCl6,Li,Er,Cl,4.91214,insulator,False,True
Cs2KBCl6,K,B,Cl,4.41734,insulator,False,False
Cs2TiVCl6,Ti,V,Cl,2.11453,semiconductor,False,True
Cs2TlYbCl6,Tl,Yb,Cl,2.16628,semiconductor,False,True
Cs2CoCdCl6,Co,Cd,Cl,3.42356,semiconductor,False,False
Cs2AuPuCl6,Au,Pu,Cl,2.68596,semiconductor,False,True
Cs2SrPbCl6,Sr,Pb,Cl,5.2908,insulator,False,True
Cs2KPrCl6,K,Pr,Cl,4.85906,insulator,False,True
Cs2RbAuCl6,Rb,Au,Cl,1.4206800000000002,semiconductor,True,True
Cs2BaHgCl6,Ba,Hg,Cl,4.29589,insulator,False,True
Cs2BaYbCl6,Ba,Yb,Cl,2.13314,semiconductor,False,True
Cs2LiTlCl6,Li,Tl,Cl,2.96425,semiconductor,False,True
Cs2FeCdCl6,Fe,Cd,Cl,2.72557,semiconductor,True,False
Cs2BePbCl6,Be,Pb,Cl,4.1464,insulator,False,False
Cs2AuBCl6,Au,B,Cl,0.26331,semiconductor,False,False
Cs2LiTmCl6,Li,Tm,Cl,4.08734,insulator,False,True
Cs2NaGaCl6,Na,Ga,Cl,4.35435,insulator,False,False
Cs2NiCdCl6,Ni,Cd,Cl,2.87488,semiconductor,True,False
Cs2FrCoCl6,Fr,Co,Cl,3.70026,semiconductor,False,False
Cs2NaCrCl6,Na,Cr,Cl,3.77484,semiconductor,True,False
Cs2EuAmCl6,Eu,Am,Cl,2.09914,semiconductor,False,True
Cs2FrAsCl6,Fr,As,Cl,4.11726,insulator,False,False
Cs2FrNiCl6,Fr,Ni,Cl,0.38076,semiconductor,False,False
Cs2BaTmCl6,Ba,Tm,Cl,1.40671,semiconductor,False,True
Cs2KPuCl6,K,Pu,Cl,3.58829,semiconductor,False,True
Cs2AuNpCl6,Au,Np,Cl,1.95837,semiconductor,False,True
Cs2TlTmCl6,Tl,Tm,Cl,2.93673,semiconductor,False,True
Cs2AuCeCl6,Au,Ce,Cl,3.65044,semiconductor,False,True
Cs2RbLuCl6,Rb,Lu,Cl,6.50483,insulator,False,True
Cs2NaMnCl6,Na,Mn,Cl,0.6193,semiconductor,False,False
Cs2CuLuCl6,Cu,Lu,Cl,4.5589900000000005,insulator,False,True
Cs2HgPCl6,Hg,P,Cl,0.01132,metallic,False,False
Cs2PdPaCl6,Pd,Pa,Cl,2.11203,semiconductor,False,False
Cs2BeSrCl6,Be,Sr,Cl,6.58483,insulator,False,False
Cs2LiYbCl6,Li,Yb,Cl,3.24481,semiconductor,False,True
Cs2RbYbCl6,Rb,Yb,Cl,3.6207,semiconductor,False,True
Cs2TiCrCl6,Ti,Cr,Cl,0.60978,semiconductor,False,True
Cs2SmEuCl6,Sm,Eu,Cl,1.95195,semiconductor,False,True
Cs2SrAmCl6,Sr,Am,Cl,2.0008,semiconductor,False,True
Cs2TlErCl6,Tl,Er,Cl,3.76571,semiconductor,False,True
Cs2KNpCl6,K,Np,Cl,2.96383,semiconductor,False,True
Cs2NdNpCl6,Nd,Np,Cl,0.46109,semiconductor,False,True
Cs2KCeCl6,K,Ce,Cl,4.5126800000000005,insulator,False,True
Cs2PdLaCl6,Pd,La,Cl,1.62766,semiconductor,False,False
Cs2LiLuCl6,Li,Lu,Cl,6.79455,insulator,False,True
Cs2PdBiCl6,Pd,Bi,Cl,0.01358,half-metal,False,False
Cs2BeEuCl6,Be,Eu,Cl,3.62554,semiconductor,False,False
Cs2AuUCl6,Au,U,Cl,0.61511,semiconductor,False,True
Cs2NaFeCl6,Na,Fe,Cl,3.08993,semiconductor,False,False
Cs2FrFeCl6,Fr,Fe,Cl,3.35331,semiconductor,True,False
Cs2PdUCl6,Pd,U,Cl,1.07276,semiconductor,False,False
Cs2HgThCl6,Hg,Th,Cl,3.69728,semiconductor,False,True
Cs2TlYCl6,Tl,Y,Cl,5.06067,insulator,False,True
Cs2AuBiCl6,Au,Bi,Cl,1.4513200000000002,semiconductor,False,True
Cs2PbAmCl6,Pb,Am,Cl,1.64193,semiconductor,False,True
Cs2SrSmCl6,Sr,Sm,Cl,1.84284,semiconductor,False,True
Cs2RbTmCl6,Rb,Tm,Cl,4.44137,insulator,False,True
Cs2TlHoCl6,Tl,Ho,Cl,4.10641,insulator,True,True
Cs2AuLaCl6,Au,La,Cl,3.65119,semiconductor,False,True
Cs2LiAuCl6,Li,Au,Cl,0.2672899999999999,semiconductor,True,True
Cs2TiMnCl6,Ti,Mn,Cl,1.85539,semiconductor,False,True
Cs2RbTlCl6,Rb,Tl,Cl,3.86234,semiconductor,False,True
Cs2KUCl6,K,U,Cl,2.3079,semiconductor,False,True
Cs2RbErCl6,Rb,Er,Cl,5.24443,insulator,False,True
Cs2SmPbCl6,Sm,Pb,Cl,1.10757,semiconductor,False,True
Cs2AuPaCl6,Au,Pa,Cl,0.7323999999999999,semiconductor,False,True
Cs2KBiCl6,K,Bi,Cl,5.0387,insulator,False,True
Cs2KLaCl6,K,La,Cl,6.4710600000000005,insulator,False,True
Cs2TlDyCl6,Tl,Dy,Cl,4.08917,insulator,False,True
Cs2FrMnCl6,Fr,Mn,Cl,0.7270399999999999,semiconductor,False,False
Cs2NaAsCl6,Na,As,Cl,3.97322,semiconductor,False,False
Cs2ZnPdCl6,Zn,Pd,Cl,0.41788,semiconductor,False,False
Cs2PdCeCl6,Pd,Ce,Cl,1.65063,semiconductor,False,False
Cs2NaNiCl6,Na,Ni,Cl,0.37185,semiconductor,False,False
Cs2TiZnCl6,Ti,Zn,Cl,1.06354,semiconductor,False,False
Cs2FrCrCl6,Fr,Cr,Cl,4.383179999999999,insulator,True,False
Cs2NaCoCl6,Na,Co,Cl,3.06755,semiconductor,False,False
Cs2AgRaCl6,Ag,Ra,Cl,0.18312,semiconductor,False,True
Cs2BaDyCl6,Ba,Dy,Cl,0.20079,semiconductor,False,True
Cs2RbYCl6,Rb,Y,Cl,6.467020000000001,insulator,False,True
Cs2FrGaCl6,Fr,Ga,Cl,5.19179,insulator,False,False
Cs2RbHoCl6,Rb,Ho,Cl,5.64786,insulator,True,True
Cs2CuPdCl6,Cu,Pd,Cl,0.0131,half-metal,False,False
Cs2TiGeCl6,Ti,Ge,Cl,1.72629,semiconductor,False,False
Cs2AgPCl6,Ag,P,Cl,1.65244,semiconductor,False,False
Cs2GePdCl6,Ge,Pd,Cl,0.01476,metallic,False,False
Cs2PdPuCl6,Pd,Pu,Cl,1.65949,semiconductor,False,False
Cs2VPtCl6,V,Pt,Cl,0.27255,semiconductor,False,False
Cs2TlTbCl6,Tl,Tb,Cl,4.95352,insulator,True,True
Cs2CdRaCl6,Cd,Ra,Cl,5.538469999999999,insulator,False,True
Cs2SmAmCl6,Sm,Am,Cl,1.74555,semiconductor,False,True
Cs2PdPrCl6,Pd,Pr,Cl,1.5932,semiconductor,False,False
Cs2MgPdCl6,Mg,Pd,Cl,1.64297,semiconductor,True,False
Cs2MgTiCl6,Mg,Ti,Cl,2.48761,semiconductor,False,False
Cs2RbDyCl6,Rb,Dy,Cl,5.68309,insulator,False,True
Cs2TlGdCl6,Tl,Gd,Cl,4.843649999999999,insulator,False,True
Cs2FrVCl6,Fr,V,Cl,2.97966,semiconductor,False,False
Cs2CuInCl6,Cu,In,Cl,1.12351,semiconductor,False,False
Cs2RbTbCl6,Rb,Tb,Cl,6.12728,insulator,False,True
Cs2CrPtCl6,Cr,Pt,Cl,0.0223,half-metal,False,False
Cs2TlEuCl6,Tl,Eu,Cl,1.0585,semiconductor,False,True
Cs2NaCuCl6,Na,Cu,Cl,1.21593,semiconductor,False,False
Cs2PdPmCl6,Pd,Pm,Cl,1.35074,semiconductor,False,False
Cs2LiInCl6,Li,In,Cl,4.42148,insulator,False,False
Cs2PdCmCl6,Pd,Cm,Cl,1.37229,semiconductor,False,False
Cs2BaNpCl6,Ba,Np,Cl,0.02002,metallic,False,True
Cs2TiCoCl6,Ti,Co,Cl,1.18616,semiconductor,False,False
Cs2VCrCl6,V,Cr,Cl,1.7922600000000002,semiconductor,False,False
Cs2FePdCl6,Fe,Pd,Cl,0.96585,semiconductor,True,False
Cs2NaAlCl6,Na,Al,Cl,5.64385,insulator,False,False
Cs2RbGdCl6,Rb,Gd,Cl,6.42154,insulator,False,True
Cs2TlSmCl6,Tl,Sm,Cl,2.14798,semiconductor,True,True
Cs2MnPtCl6,Mn,Pt,Cl,1.54621,semiconductor,True,False
Cs2PbVacCl6,Pb,,Cl,2.5487,semiconductor,False,False
Cs2NiPdCl6,Ni,Pd,Cl,1.50917,semiconductor,True,False
Cs2TiNiCl6,Ti,Ni,Cl,1.0588,semiconductor,False,False
Cs2BeNpCl6,Be,Np,Cl,0.62792,semiconductor,False,False
Cs2NdEuCl6,Nd,Eu,Cl,1.04431,semiconductor,False,True
Cs2FrRhCl6,Fr,Rh,Cl,3.69255,semiconductor,False,False
Cs2RbEuCl6,Rb,Eu,Cl,2.68523,semiconductor,False,True
Cs2KNCl6,K,N,Cl,2.88613,semiconductor,False,False
Cs2ZnPtCl6,Zn,Pt,Cl,0.01992,metallic,False,False
Cs2VMnCl6,V,Mn,Cl,3.72491,semiconductor,False,False
Cs2TlPmCl6,Tl,Pm,Cl,2.85964,semiconductor,False,True
Cs2TlCmCl6,Tl,Cm,Cl,4.56989,insulator,False,True
Cs2FrTiCl6,Fr,Ti,Cl,2.54337,semiconductor,False,False
Cs2SrNdCl6,Sr,Nd,Cl,0.90673,semiconductor,False,True
Cs2TlAmCl6,Tl,Am,Cl,2.18516,semiconductor,False,True
Cs2CuSbCl6,Cu,Sb,Cl,1.62388,semiconductor,False,False
Cs2CuPtCl6,Cu,Pt,Cl,0.01286,metallic,False,False
Cs2VZnCl6,V,Zn,Cl,2.61771,semiconductor,False,False
Cs2GePtCl6,Ge,Pt,Cl,0.01486,metallic,False,False
Cs2AuNCl6,Au,N,Cl,0.01142,metallic,False,False
Cs2RbSmCl6,Rb,Sm,Cl,3.72993,semiconductor,False,True
Cs2PdGdCl6,Pd,Gd,Cl,1.64467,semiconductor,False,False
Cs2CaRaCl6,Ca,Ra,Cl,6.26233,insulator,False,True
Cs2FrRuCl6,Fr,Ru,Cl,2.0579,semiconductor,False,False
Cs2NdPbCl6,Nd,Pb,Cl,0.50578,semiconductor,False,True
Cs2FrIrCl6,Fr,Ir,Cl,3.74504,semiconductor,False,False
Cs2TlNdCl6,Tl,Nd,Cl,3.4984800000000003,semiconductor,True,True
Cs2TbVacCl6,Tb,,Cl,1.52794,semiconductor,False,False
Cs2MgPtCl6,Mg,Pt,Cl,1.3300200000000002,semiconductor,True,False
Cs2LiPdCl6,Li,Pd,Cl,0.1931699999999999,semiconductor,False,False
Cs2VGeCl6,V,Ge,Cl,3.04232,semiconductor,False,False
Cs2BeDyCl6,Be,Dy,Cl,0.02232,half-metal,False,False
Cs2LiSbCl6,Li,Sb,Cl,3.76882,semiconductor,False,False
Cs2RbPmCl6,Rb,Pm,Cl,4.49528,insulator,False,True
Cs2TlPrCl6,Tl,Pr,Cl,3.8151,semiconductor,True,True
Cs2AuAcCl6,Au,Ac,Cl,3.53096,semiconductor,False,True
Cs2RbCmCl6,Rb,Cm,Cl,5.79104,insulator,False,True
Cs2FrMoCl6,Fr,Mo,Cl,3.5306,semiconductor,True,False
Cs2CuScCl6,Cu,Sc,Cl,3.71379,semiconductor,False,False
Cs2CrMnCl6,Cr,Mn,Cl,1.1731900000000002,semiconductor,False,False
Cs2PdTbCl6,Pd,Tb,Cl,1.75669,semiconductor,False,False
Cs2RbAmCl6,Rb,Am,Cl,3.08363,semiconductor,False,True
Cs2MgVCl6,Mg,V,Cl,3.49222,semiconductor,False,False
Cs2LiAgCl6,Li,Ag,Cl,0.61001,semiconductor,True,False
Cs2TlPuCl6,Tl,Pu,Cl,3.06415,semiconductor,False,True
Cs2YbRaCl6,Yb,Ra,Cl,1.9631,semiconductor,False,True
Cs2NdAmCl6,Nd,Am,Cl,0.94191,semiconductor,True,True
Cs2HgRaCl6,Hg,Ra,Cl,4.099220000000001,insulator,False,True
Cs2KAcCl6,K,Ac,Cl,6.30806,insulator,False,True
Cs2LiScCl6,Li,Sc,Cl,5.47112,insulator,False,False
Cs2CrZnCl6,Cr,Zn,Cl,1.04862,semiconductor,False,False
Cs2CoPtCl6,Co,Pt,Cl,1.34774,semiconductor,True,False
Cs2RbNdCl6,Rb,Nd,Cl,5.143870000000001,insulator,False,True
Cs2CrGeCl6,Cr,Ge,Cl,0.57316,semiconductor,False,False
Cs2TmRaCl6,Tm,Ra,Cl,1.13471,semiconductor,False,True
Cs2RbPrCl6,Rb,Pr,Cl,4.86164,insulator,False,True
Cs2TlNpCl6,Tl,Np,Cl,2.89021,semiconductor,False,True
Cs2TlCeCl6,Tl,Ce,Cl,4.55632,insulator,False,True
Cs2NdSmCl6,Nd,Sm,Cl,1.01993,semiconductor,False,True
Cs2PdHoCl6,Pd,Ho,Cl,1.71956,semiconductor,False,False
Cs2CuNbCl6,Cu,Nb,Cl,1.4856,semiconductor,False,False
Cs2NiPtCl6,Ni,Pt,Cl,1.16435,semiconductor,True,False
Cs2PdYCl6,Pd,Y,Cl,1.73342,semiconductor,False,False
Cs2CuTaCl6,Cu,Ta,Cl,1.15661,semiconductor,False,False
Cs2MnZnCl6,Mn,Zn,Cl,3.12189,semiconductor,False,False
Cs2VCoCl6,V,Co,Cl,1.87239,semiconductor,False,False
Cs2MgCrCl6,Mg,Cr,Cl,1.85647,semiconductor,False,False
Cs2VFeCl6,V,Fe,Cl,2.74741,semiconductor,False,False
Cs2FrNbCl6,Fr,Nb,Cl,1.60597,semiconductor,False,False
Cs2BaEuCl6,Ba,Eu,Cl,2.19705,semiconductor,False,True
Cs2FrTaCl6,Fr,Ta,Cl,1.2576,semiconductor,False,False
Cs2RbPuCl6,Rb,Pu,Cl,3.60612,semiconductor,False,True
Cs2BeTmCl6,Be,Tm,Cl,0.7111700000000001,semiconductor,False,False
Cs2LiNbCl6,Li,Nb,Cl,1.4374,semiconductor,False,False
Cs2LiTaCl6,Li,Ta,Cl,1.09672,semiconductor,False,False
Cs2MnGeCl6,Mn,Ge,Cl,2.82319,semiconductor,False,False
Cs2VNiCl6,V,Ni,Cl,1.32664,semiconductor,True,False
Cs2TlUCl6,Tl,U,Cl,2.45388,semiconductor,False,True
Cs2GeSrF6,Ge,Sr,F,5.79134,insulator,False,True
Cs2NiSmF6,Ni,Sm,F,0.20839,semiconductor,False,True
Cs2ZnEuF6,Zn,Eu,F,0.04957,half-metal,False,True
Cs2AgSbF6,Ag,Sb,F,3.73494,semiconductor,False,True
Cs2CuSrF6,Cu,Sr,F,3.71035,semiconductor,False,True
Cs2TaHgF6,Ta,Hg,F,1.85011,semiconductor,False,True
Cs2NbHgF6,Nb,Hg,F,2.14551,semiconductor,False,True
Cs2MgPbF6,Mg,Pb,F,6.73405,insulator,False,True
Cs2NaErF6,Na,Er,F,7.41701,insulator,False,True
Cs2AlKF6,Al,K,F,9.38586,insulator,False,False
Cs2CoSmF6,Co,Sm,F,0.62594,semiconductor,False,True
Cs2AlAuF6,Al,Au,F,3.52355,semiconductor,False,False
Cs2NaTlF6,Na,Tl,F,5.67628,insulator,False,True
Cs2NaYF6,Na,Y,F,9.43003,insulator,False,True
Cs2CuPbF6,Cu,Pb,F,2.25776,semiconductor,False,True
Cs2GePbF6,Ge,Pb,F,3.20591,semiconductor,False,True
Cs2MnEuF6,Mn,Eu,F,1.11727,semiconductor,True,True
Cs2ZnSrF6,Zn,Sr,F,8.00731,insulator,False,True
Cs2KCuF6,K,Cu,F,3.88732,semiconductor,True,False
Cs2NaHoF6,Na,Ho,F,7.47049,insulator,False,True
Cs2NaTmF6,Na,Tm,F,6.96166,insulator,False,True
Cs2NiAmF6,Ni,Am,F,0.49854,semiconductor,False,True
Cs2GeEuF6,Ge,Eu,F,0.02913,half-metal,False,True
Cs2PtNpF6,Pt,Np,F,0.45875,semiconductor,False,True
Cs2AgAgF6,Ag,Ag,F,0.62989,semiconductor,False,True
Cs2MgSrF6,Mg,Sr,F,9.35926,insulator,False,True
Cs2ScAgF6,Sc,Ag,F,5.72207,insulator,False,True
Cs2MnSrF6,Mn,Sr,F,5.420170000000001,insulator,False,True
Cs2MgAmF6,Mg,Am,F,1.93146,semiconductor,False,True
Cs2BeRaF6,Be,Ra,F,8.75233,insulator,False,False
Cs2TiDyF6,Ti,Dy,F,0.09897,half-metal,False,True
Cs2ZnPbF6,Zn,Pb,F,5.78574,insulator,False,True
Cs2NaDyF6,Na,Dy,F,6.434220000000001,insulator,False,True
Cs2VNpF6,V,Np,F,0.04305,half-metal,False,True
Cs2CuAcF6,Cu,Ac,F,2.95062,semiconductor,False,True
Cs2TiTmF6,Ti,Tm,F,0.07658,half-metal,False,True
Cs2MgEuF6,Mg,Eu,F,2.93396,semiconductor,False,True
Cs2AgCdF6,Ag,Cd,F,0.7785099999999999,semiconductor,False,True
Cs2CrEuF6,Cr,Eu,F,0.09302,half-metal,False,True
Cs2ScHgF6,Sc,Hg,F,1.17215,semiconductor,True,True
Cs2NaYbF6,Na,Yb,F,6.42496,insulator,False,True
Cs2CoPbF6,Co,Pb,F,4.89904,insulator,False,True
Cs2FePbF6,Fe,Pb,F,3.5243,semiconductor,False,True
Cs2CaAgF6,Ca,Ag,F,1.54729,semiconductor,False,True
Cs2MnPbF6,Mn,Pb,F,4.38622,insulator,False,True
Cs2AgHgF6,Ag,Hg,F,0.35714,semiconductor,False,True
Cs2GeAmF6,Ge,Am,F,1.42635,semiconductor,False,True
Cs2TeVacF6,Te,,F,5.61629,insulator,False,True
Cs2PTlF6,P,Tl,F,2.97284,semiconductor,False,False
Cs2MgSmF6,Mg,Sm,F,2.24224,semiconductor,False,True
Cs2NaTbF6,Na,Tb,F,5.93259,insulator,True,True
Cs2NaLuF6,Na,Lu,F,9.16252,insulator,False,True
Cs2PoVacF6,Po,,F,6.41421,insulator,False,True
Cs2LiAcF6,Li,Ac,F,8.656469999999999,insulator,False,True
Cs2NiPbF6,Ni,Pb,F,4.94059,insulator,True,True
Cs2ThVacF6,Th,,F,8.47219,insulator,False,True
Cs2MoHgF6,Mo,Hg,F,2.28166,semiconductor,False,True
Cs2TiYbF6,Ti,Yb,F,0.7520600000000001,semiconductor,False,True
Cs2CrSrF6,Cr,Sr,F,2.98584,semiconductor,False,True
Cs2CoAuF6,Co,Au,F,2.42977,semiconductor,False,True
Cs2CoSrF6,Co,Sr,F,4.96485,insulator,False,True
Cs2FeSrF6,Fe,Sr,F,3.6204,semiconductor,True,True
Cs2SbHgF6,Sb,Hg,F,0.01296,metallic,False,True
Cs2AsAuF6,As,Au,F,2.2762900000000004,semiconductor,False,True
Cs2AgInF6,Ag,In,F,4.02121,insulator,False,True
Cs2CaCdF6,Ca,Cd,F,7.573370000000001,insulator,False,True
Cs2GeSmF6,Ge,Sm,F,0.14967,semiconductor,False,True
Cs2PdHgF6,Pd,Hg,F,1.3062900000000002,semiconductor,True,True
Cs2ZnAmF6,Zn,Am,F,1.10471,semiconductor,False,True
Cs2NiAuF6,Ni,Au,F,0.29389,semiconductor,False,True
Cs2RuHgF6,Ru,Hg,F,1.64229,semiconductor,True,True
Cs2NbAgF6,Nb,Ag,F,1.9724,semiconductor,False,True
Cs2AgTaF6,Ag,Ta,F,0.7178300000000001,semiconductor,False,True
Cs2NiSrF6,Ni,Sr,F,6.3692,insulator,False,True
Cs2IrHgF6,Ir,Hg,F,1.00776,semiconductor,True,True
Cs2NaAuF6,Na,Au,F,2.73426,semiconductor,True,False
Cs2CrPbF6,Cr,Pb,F,1.51184,semiconductor,False,True
Cs2NaGdF6,Na,Gd,F,8.93743,insulator,False,True
Cs2KCoF6,K,Co,F,5.18076,insulator,False,True
Cs2FeEuF6,Fe,Eu,F,0.1135999999999999,semiconductor,True,False
Cs2CrNpF6,Cr,Np,F,0.65596,semiconductor,False,False
Cs2TiNpF6,Ti,Np,F,0.02464,half-metal,False,True
Cs2PRbF6,P,Rb,F,5.314010000000001,insulator,False,False
Cs2KNiF6,K,Ni,F,2.12419,semiconductor,False,True
Cs2KAsF6,K,As,F,6.08811,insulator,False,True
Cs2ZnSmF6,Zn,Sm,F,0.82737,semiconductor,False,True
Cs2VEuF6,V,Eu,F,1.39138,semiconductor,False,True
Cs2NFrF6,N,Fr,F,4.109649999999999,insulator,False,False
Cs2MnAmF6,Mn,Am,F,1.43267,semiconductor,False,True
Cs2TiHgF6,Ti,Hg,F,3.23978,semiconductor,False,False
Cs2CaTiF6,Ca,Ti,F,2.71678,semiconductor,False,False
Cs2CaPdF6,Ca,Pd,F,4.06555,insulator,True,False
Cs2NiEuF6,Ni,Eu,F,0.09988,half-metal,False,False
Cs2NaEuF6,Na,Eu,F,5.0843,insulator,False,True
Cs2FeAuF6,Fe,Au,F,2.68094,semiconductor,True,True
Cs2RhHgF6,Rh,Hg,F,0.46346,semiconductor,True,False
Cs2LiThF6,Li,Th,F,0.02286,metallic,False,True
Cs2VSrF6,V,Sr,F,3.53083,semiconductor,False,True
Cs2EuPtF6,Eu,Pt,F,0.40387,semiconductor,False,True
Cs2CdHgF6,Cd,Hg,F,3.76718,semiconductor,False,True
Cs2CdYbF6,Cd,Yb,F,0.7742800000000001,semiconductor,True,True
Cs2MnNpF6,Mn,Np,F,0.02356,metallic,False,False
Cs2CrAmF6,Cr,Am,F,1.32749,semiconductor,False,True
Cs2KFeF6,K,Fe,F,5.23816,insulator,True,True
Cs2NaSmF6,Na,Sm,F,5.81274,insulator,False,True
Cs2CuThF6,Cu,Th,F,0.46402,semiconductor,True,True
Cs2VPbF6,V,Pb,F,2.69407,semiconductor,False,True
Cs2SrPtF6,Sr,Pt,F,3.80354,semiconductor,True,True
Cs2CdTmF6,Cd,Tm,F,0.79691,semiconductor,True,True
Cs2MnAuF6,Mn,Au,F,0.69386,semiconductor,False,True
Cs2NiNdF6,Ni,Nd,F,1.34019,semiconductor,False,True
Cs2ZnNpF6,Zn,Np,F,2.01819,semiconductor,True,False
Cs2MoAgF6,Mo,Ag,F,3.56367,semiconductor,False,False
Cs2CrAuF6,Cr,Au,F,3.32567,semiconductor,False,True
Cs2CrSmF6,Cr,Sm,F,0.13093,semiconductor,False,True
Cs2FeNdF6,Fe,Nd,F,0.09968,half-metal,False,True
Cs2CoNdF6,Co,Nd,F,0.8012,semiconductor,True,True
Cs2NaPmF6,Na,Pm,F,5.8711400000000005,insulator,False,True
Cs2NaCmF6,Na,Cm,F,6.17568,insulator,False,True
Cs2GaAuF6,Ga,Au,F,2.83828,semiconductor,False,True
Cs2PtPbF6,Pt,Pb,F,2.5043900000000003,semiconductor,True,True
Cs2InHgF6,In,Hg,F,0.02299,half-metal,True,True
Cs2KMnF6,K,Mn,F,2.38564,semiconductor,False,True
Cs2RuAgF6,Ru,Ag,F,2.73139,semiconductor,False,False
Cs2GeNpF6,Ge,Np,F,0.87649,semiconductor,False,False
Cs2VHgF6,V,Hg,F,1.90989,semiconductor,False,False
Cs2AgIrF6,Ag,Ir,F,3.62267,semiconductor,False,False
Cs2KCrF6,K,Cr,F,5.79557,insulator,False,True
Cs2NaAmF6,Na,Am,F,3.50448,semiconductor,False,True
Cs2VAmF6,V,Am,F,1.73681,semiconductor,False,True
Cs2KGaF6,K,Ga,F,8.75787,insulator,False,True
Cs2AgAuF6,Ag,Au,F,0.14057,semiconductor,False,True
Cs2PtHgF6,Pt,Hg,F,2.19267,semiconductor,False,False
Cs2NaNdF6,Na,Nd,F,6.00129,insulator,False,True
Cs2MnDyF6,Mn,Dy,F,0.02376,metallic,False,False
Cs2NaInF6,Na,In,F,7.838249999999999,insulator,False,False
Cs2MgNpF6,Mg,Np,F,0.23312,semiconductor,False,False
Cs2TiAgF6,Ti,Ag,F,3.0068200000000003,semiconductor,False,False
Cs2YbPtF6,Yb,Pt,F,1.57937,semiconductor,False,False
Cs2PKF6,P,K,F,5.49038,insulator,False,False
Cs2RhAgF6,Rh,Ag,F,3.7528,semiconductor,False,False
Cs2VAuF6,V,Au,F,2.87293,semiconductor,False,True
Cs2VSmF6,V,Sm,F,0.6977099999999999,semiconductor,False,True
Cs2MgNdF6,Mg,Nd,F,1.34014,semiconductor,False,True
Cs2PtAmF6,Pt,Am,F,1.37919,semiconductor,False,True
Cs2NaPrF6,Na,Pr,F,5.00592,insulator,False,True
Cs2AgLuF6,Ag,Lu,F,5.34682,insulator,False,True
Cs2TiCdF6,Ti,Cd,F,1.96288,semiconductor,False,False
Cs2ZnDyF6,Zn,Dy,F,1.02405,semiconductor,True,False
Cs2PAuF6,P,Au,F,3.78996,semiconductor,False,False
Cs2PdCdF6,Pd,Cd,F,3.04994,semiconductor,True,False
Cs2CuPaF6,Cu,Pa,F,0.8184899999999999,semiconductor,True,False
Cs2VYbF6,V,Yb,F,0.8815799999999999,semiconductor,False,False
Cs2GaHgF6,Ga,Hg,F,0.3145,semiconductor,True,False
Cs2AgYbF6,Ag,Yb,F,4.23561,insulator,False,True
Cs2CaYbF6,Ca,Yb,F,1.0623699999999998,semiconductor,False,True
Cs2KVF6,K,V,F,3.5584,semiconductor,False,True
Cs2NaPuF6,Na,Pu,F,3.82799,semiconductor,False,True
Cs2GeNdF6,Ge,Nd,F,0.79356,semiconductor,False,True
Cs2CaHgF6,Ca,Hg,F,5.467009999999999,insulator,False,True
Cs2SmPtF6,Sm,Pt,F,1.35262,semiconductor,False,True
Cs2CdDyF6,Cd,Dy,F,0.70478,semiconductor,True,True
Cs2MnHgF6,Mn,Hg,F,0.33079,semiconductor,False,False
Cs2CuLaF6,Cu,La,F,3.49796,semiconductor,False,False
Cs2PaVacF6,Pa,,F,3.09132,semiconductor,False,False
Cs2CuBiF6,Cu,Bi,F,2.6825,semiconductor,False,False
Cs2CaPtF6,Ca,Pt,F,3.83009,semiconductor,True,False
Cs2BeBaF6,Be,Ba,F,9.16619,insulator,False,False
Cs2LiPaF6,Li,Pa,F,0.83999,semiconductor,False,False
Cs2PdAgF6,Pd,Ag,F,0.0156,half-metal,False,False
Cs2PdThF6,Pd,Th,F,1.20873,semiconductor,False,False
Cs2CoNpF6,Co,Np,F,1.6757,semiconductor,True,False
Cs2CrTmF6,Cr,Tm,F,0.90641,semiconductor,False,False
Cs2CuUF6,Cu,U,F,0.39981,semiconductor,True,False
Cs2ZnNdF6,Zn,Nd,F,1.06587,semiconductor,True,True
Cs2TiEuF6,Ti,Eu,F,1.70606,semiconductor,False,True
Cs2AgTmF6,Ag,Tm,F,4.99448,insulator,False,True
Cs2NaNpF6,Na,Np,F,2.57585,semiconductor,False,True
Cs2NaCeF6,Na,Ce,F,4.372070000000001,insulator,False,True
Cs2CaTmF6,Ca,Tm,F,0.42152,semiconductor,False,True
Cs2LiLaF6,Li,La,F,9.36017,insulator,False,False
Cs2BRbF6,B,Rb,F,8.91427,insulator,False,False
Cs2CaVF6,Ca,V,F,4.220289999999999,insulator,False,False
Cs2VAgF6,V,Ag,F,3.5595700000000003,semiconductor,False,False
Cs2MgDyF6,Mg,Dy,F,0.02236,metallic,False,False
Cs2LiBiF6,Li,Bi,F,6.28705,insulator,False,False
Cs2RhAuF6,Rh,Au,F,2.55552,semiconductor,False,True
Cs2AgTlF6,Ag,Tl,F,2.06617,semiconductor,False,True
Cs2AlTlF6,Al,Tl,F,6.7733,insulator,False,False
Cs2FeHgF6,Fe,Hg,F,0.79494,semiconductor,True,False
Cs2LiUF6,Li,U,F,2.27798,semiconductor,False,False
Cs2CrYbF6,Cr,Yb,F,0.25583,semiconductor,False,False
Cs2SrPdF6,Sr,Pd,F,4.05572,insulator,True,True
Cs2TiSrF6,Ti,Sr,F,2.08309,semiconductor,False,True
Cs2MnNdF6,Mn,Nd,F,0.0242,half-metal,False,True
Cs2TiAuF6,Ti,Au,F,1.1646,semiconductor,True,True
Cs2AuHgF6,Au,Hg,F,0.34095,semiconductor,False,True
Cs2NiBaF6,Ni,Ba,F,6.34326,insulator,False,True
Cs2AgErF6,Ag,Er,F,5.27029,insulator,False,True
Cs2NaPdF6,Na,Pd,F,1.34902,semiconductor,False,False
Cs2NaSbF6,Na,Sb,F,5.511419999999999,insulator,False,False
Cs2CuNpF6,Cu,Np,F,2.36293,semiconductor,False,False
Cs2UVacF6,U,,F,3.78225,semiconductor,False,False
Cs2CuCeF6,Cu,Ce,F,3.44949,semiconductor,False,False
Cs2KRhF6,K,Rh,F,4.65499,insulator,False,True
Cs2FeBaF6,Fe,Ba,F,3.54551,semiconductor,True,True
Cs2NaUF6,Na,U,F,1.68868,semiconductor,False,True
Cs2CoBaF6,Co,Ba,F,4.925199999999999,insulator,False,True
Cs2IrAuF6,Ir,Au,F,2.6511400000000003,semiconductor,False,True
Cs2TiPbF6,Ti,Pb,F,0.02668,half-metal,False,True
Cs2KTiF6,K,Ti,F,3.08794,semiconductor,False,True
Cs2NaBiF6,Na,Bi,F,6.50176,insulator,False,True
Cs2YAgF6,Y,Ag,F,5.3222,insulator,False,True
Cs2CdNpF6,Cd,Np,F,1.87276,semiconductor,True,True
Cs2PdPbF6,Pd,Pb,F,2.53107,semiconductor,True,True
Cs2RuAuF6,Ru,Au,F,2.30625,semiconductor,True,True
Cs2TmYbF6,Tm,Yb,F,1.20797,semiconductor,True,True
Cs2AgHoF6,Ag,Ho,F,5.26442,insulator,False,True
Cs2LuHgF6,Lu,Hg,F,1.01903,semiconductor,True,True
Cs2NaLaF6,Na,La,F,8.91877,insulator,False,True
Cs2ZnTmF6,Zn,Tm,F,1.07679,semiconductor,True,False
Cs2BTlF6,B,Tl,F,6.55346,insulator,False,False
Cs2NiHgF6,Ni,Hg,F,3.50224,semiconductor,False,False
Cs2CuPuF6,Cu,Pu,F,3.04049,semiconductor,False,False
Cs2LiNpF6,Li,Np,F,3.24472,semiconductor,False,False
Cs2LiCeF6,Li,Ce,F,9.26143,insulator,False,False
Cs2NaAgF6,Na,Ag,F,2.6466,semiconductor,True,False
Cs2GaAgF6,Ga,Ag,F,4.79497,insulator,False,False
Cs2AsHgF6,As,Hg,F,0.01312,metallic,False,False
Cs2AlRbF6,Al,Rb,F,9.09673,insulator,False,False
Cs2CoDyF6,Co,Dy,F,1.81602,semiconductor,False,False
Cs2CoHgF6,Co,Hg,F,2.20973,semiconductor,True,False
Cs2NaScF6,Na,Sc,F,9.4897,insulator,False,False
Cs2CaCrF6,Ca,Cr,F,3.03481,semiconductor,False,False
Cs2CrAgF6,Cr,Ag,F,4.83474,insulator,False,False
Cs2YbHgF6,Yb,Hg,F,1.0381,semiconductor,True,True
Cs2CuRbF6,Cu,Rb,F,3.81255,semiconductor,True,False
Cs2MoAuF6,Mo,Au,F,2.11556,semiconductor,False,True
Cs2KRuF6,K,Ru,F,2.6936500000000003,semiconductor,False,True
Cs2NaPaF6,Na,Pa,F,0.0196,metallic,False,True
Cs2KIrF6,K,Ir,F,4.65633,insulator,False,True
Cs2MnAgF6,Mn,Ag,F,1.2412500000000002,semiconductor,False,False
Cs2AgDyF6,Ag,Dy,F,5.15387,insulator,True,True
Cs2LiPuF6,Li,Pu,F,3.85766,semiconductor,False,False
Cs2CuPrF6,Cu,Pr,F,2.99872,semiconductor,False,False
Cs2ZnHgF6,Zn,Hg,F,3.81663,semiconductor,False,False
Cs2GeTmF6,Ge,Tm,F,0.79274,semiconductor,False,False
Cs2CuNdF6,Cu,Nd,F,2.7823,semiconductor,False,False
Cs2ZnYbF6,Zn,Yb,F,0.96599,semiconductor,False,False
Cs2CaDyF6,Ca,Dy,F,0.02052,metallic,False,True
Cs2KMoF6,K,Mo,F,4.43382,insulator,False,True
Cs2TiAmF6,Ti,Am,F,1.7242300000000002,semiconductor,True,True
Cs2MgBaF6,Mg,Ba,F,8.87495,insulator,False,True
Cs2BFrF6,B,Fr,F,8.33539,insulator,False,False
Cs2GeYbF6,Ge,Yb,F,0.3680299999999999,semiconductor,False,False
Cs2CaMnF6,Ca,Mn,F,6.02888,insulator,False,False
Cs2CdPtF6,Cd,Pt,F,2.68603,semiconductor,True,False
Cs2GeHgF6,Ge,Hg,F,1.88372,semiconductor,False,False
Cs2LiPrF6,Li,Pr,F,5.09646,insulator,False,False
Cs2MgTmF6,Mg,Tm,F,0.02346,metallic,False,False
Cs2AgTbF6,Ag,Tb,F,4.64971,insulator,True,True
Cs2HgTlF6,Hg,Tl,F,0.01486,metallic,False,True
Cs2CoTlF6,Co,Tl,F,4.0373,insulator,False,True
Cs2CuAmF6,Cu,Am,F,1.42915,semiconductor,False,False
Cs2LiNdF6,Li,Nd,F,5.99421,insulator,False,False
Cs2GeBaF6,Ge,Ba,F,5.34218,insulator,False,True
Cs2AsTlF6,As,Tl,F,3.52256,semiconductor,False,True
Cs2NiTlF6,Ni,Tl,F,0.03091,half-metal,False,True
Cs2TiSmF6,Ti,Sm,F,1.1884100000000002,semiconductor,False,True
Cs2ErHgF6,Er,Hg,F,1.04708,semiconductor,True,True
Cs2VNdF6,V,Nd,F,0.88471,semiconductor,False,True
Cs2CuBaF6,Cu,Ba,F,3.61389,semiconductor,False,True
Cs2MgYbF6,Mg,Yb,F,0.31501,semiconductor,False,False
Cs2CaZnF6,Ca,Zn,F,8.40798,insulator,False,False
Cs2CeVacF6,Ce,,F,4.69659,insulator,False,False
Cs2VCdF6,V,Cd,F,2.3058400000000003,semiconductor,False,False
Cs2NaNbF6,Na,Nb,F,2.10724,semiconductor,False,False
Cs2MgHgF6,Mg,Hg,F,5.16581,insulator,False,False
Cs2CuPmF6,Cu,Pm,F,2.16378,semiconductor,False,False
Cs2AgPtF6,Ag,Pt,F,0.47978,semiconductor,False,False
Cs2CuCmF6,Cu,Cm,F,3.13041,semiconductor,False,False
Cs2NpVacF6,Np,,F,3.92891,semiconductor,False,False
Cs2NaTaF6,Na,Ta,F,1.80301,semiconductor,False,False
Cs2BeNdF6,Be,Nd,F,2.3494900000000003,semiconductor,False,False
Cs2LiAmF6,Li,Am,F,3.52062,semiconductor,False,False
Cs2AgGdF6,Ag,Gd,F,5.15283,insulator,False,True
Cs2DyYbF6,Dy,Yb,F,0.4140999999999999,semiconductor,True,True
Cs2YHgF6,Y,Hg,F,1.1158400000000002,semiconductor,True,True
Cs2NbAuF6,Nb,Au,F,0.86468,semiconductor,False,True
Cs2ZnBaF6,Zn,Ba,F,7.48616,insulator,False,True
Cs2NdPtF6,Nd,Pt,F,2.03229,semiconductor,True,True
Cs2TaAuF6,Ta,Au,F,1.68557,semiconductor,False,True
Cs2HoHgF6,Ho,Hg,F,1.09807,semiconductor,True,True
Cs2CaGeF6,Ca,Ge,F,6.09048,insulator,False,False
Cs2CuHgF6,Cu,Hg,F,2.20756,semiconductor,False,False
Cs2LiCmF6,Li,Cm,F,6.82954,insulator,False,False
Cs2CaCuF6,Ca,Cu,F,3.7132,semiconductor,False,False
Cs2AsAgF6,As,Ag,F,3.94343,semiconductor,False,False
Cs2LiPmF6,Li,Pm,F,5.83537,insulator,False,False
Cs2CuSmF6,Cu,Sm,F,1.5973000000000002,semiconductor,False,False
Cs2CoTmF6,Co,Tm,F,0.81721,semiconductor,False,False
Cs2AgEuF6,Ag,Eu,F,2.77874,semiconductor,False,True
Cs2AlHgF6,Al,Hg,F,0.87647,semiconductor,True,False
Cs2CoRbF6,Co,Rb,F,5.25867,insulator,False,True
Cs2FeTlF6,Fe,Tl,F,3.62826,semiconductor,True,True
Cs2KNbF6,K,Nb,F,2.10836,semiconductor,False,True
Cs2NiRbF6,Ni,Rb,F,2.07981,semiconductor,False,True
Cs2MnBaF6,Mn,Ba,F,4.82859,insulator,False,True
Cs2CaNpF6,Ca,Np,F,0.02042,metallic,False,True
Cs2KTaF6,K,Ta,F,1.69629,semiconductor,False,True
Cs2AsRbF6,As,Rb,F,5.88876,insulator,False,True
Cs2DyHgF6,Dy,Hg,F,1.06046,semiconductor,True,True
Cs2NiTmF6,Ni,Tm,F,0.831,semiconductor,False,False
Cs2MgCaF6,Mg,Ca,F,9.66965,insulator,False,False
Cs2PuVacF6,Pu,,F,4.20211,insulator,False,False
Cs2LiSmF6,Li,Sm,F,5.70866,insulator,False,False
Cs2CoYbF6,Co,Yb,F,0.24802,semiconductor,False,False
Cs2CuEuF6,Cu,Eu,F,0.71892,semiconductor,False,False
Cs2FeYbF6,Fe,Yb,F,0.02342,half-metal,False,False
Cs2CrCdF6,Cr,Cd,F,0.63294,semiconductor,True,False
Cs2AgSmF6,Ag,Sm,F,3.7521,semiconductor,False,True
Cs2NiYbF6,Ni,Yb,F,0.3725199999999999,semiconductor,False,False
Cs2PdAcF6,Pd,Ac,F,2.5741500000000004,semiconductor,False,False
Cs2NaMoF6,Na,Mo,F,4.50005,insulator,True,False
Cs2MnTlF6,Mn,Tl,F,1.05334,semiconductor,False,True
Cs2CuGdF6,Cu,Gd,F,3.69972,semiconductor,False,False
Cs2CrBaF6,Cr,Ba,F,2.57172,semiconductor,False,True
Cs2ScAuF6,Sc,Au,F,3.76565,semiconductor,False,True
Cs2CrTlF6,Cr,Tl,F,5.4237,insulator,False,True
Cs2LiEuF6,Li,Eu,F,4.93933,insulator,False,False
Cs2FeRbF6,Fe,Rb,F,5.16524,insulator,True,True
Cs2SrAgF6,Sr,Ag,F,1.54945,semiconductor,False,True
Cs2AgPmF6,Ag,Pm,F,4.358350000000001,insulator,False,True
Cs2CdEuF6,Cd,Eu,F,0.12801,semiconductor,False,True
Cs2AgCmF6,Ag,Cm,F,4.4417800000000005,insulator,False,True
Cs2GaTlF6,Ga,Tl,F,6.06726,insulator,False,True
Cs2AmVacF6,Am,,F,3.20231,semiconductor,False,False
Cs2NaIrF6,Na,Ir,F,4.43348,insulator,False,False
Cs2NaRuF6,Na,Ru,F,2.55769,semiconductor,False,False
Cs2MnCdF6,Mn,Cd,F,3.90399,semiconductor,False,False
Cs2PrVacF6,Pr,,F,4.144270000000001,insulator,False,False
Cs2CmVacF6,Cm,,F,2.34254,semiconductor,False,False
Cs2LiGdF6,Li,Gd,F,4.7064200000000005,insulator,True,False
Cs2CaCoF6,Ca,Co,F,4.9649,insulator,False,False
Cs2KScF6,K,Sc,F,9.30966,insulator,False,True
Cs2AgAmF6,Ag,Am,F,3.24345,semiconductor,False,True
Cs2CaFeF6,Ca,Fe,F,4.0004,insulator,False,False
Cs2GdHgF6,Gd,Hg,F,1.07112,semiconductor,True,True
Cs2CuTbF6,Cu,Tb,F,3.7613,semiconductor,False,False
Cs2SrCdF6,Sr,Cd,F,7.26288,insulator,False,True
Cs2KAgF6,K,Ag,F,2.81647,semiconductor,True,True
Cs2SbAuF6,Sb,Au,F,2.17168,semiconductor,False,True
Cs2AgPbF6,Ag,Pb,F,0.01522,metallic,False,True
Cs2CaNiF6,Ca,Ni,F,6.3159,insulator,False,False
Cs2ZnCdF6,Zn,Cd,F,5.805820000000001,insulator,False,False
Cs2NaTiF6,Na,Ti,F,3.09266,semiconductor,False,False
Cs2MnRbF6,Mn,Rb,F,2.34848,semiconductor,False,True
Cs2AgNdF6,Ag,Nd,F,5.05765,insulator,True,True
Cs2CrRbF6,Cr,Rb,F,5.82556,insulator,False,True
Cs2NaRhF6,Na,Rh,F,4.42972,insulator,False,False
Cs2AlAgF6,Al,Ag,F,5.69756,insulator,False,False
Cs2EuHgF6,Eu,Hg,F,1.03045,semiconductor,True,True
Cs2LiTbF6,Li,Tb,F,6.46643,insulator,False,False
Cs2CuDyF6,Cu,Dy,F,3.74255,semiconductor,False,False
Cs2AgPrF6,Ag,Pr,F,4.638260000000001,insulator,False,True
Cs2NaAcF6,Na,Ac,F,8.223970000000001,insulator,False,True
Cs2GaRbF6,Ga,Rb,F,8.60084,insulator,False,True
Cs2VBaF6,V,Ba,F,2.87738,semiconductor,False,True
Cs2KSbF6,K,Sb,F,5.426810000000001,insulator,False,True
Cs2VTlF6,V,Tl,F,3.56027,semiconductor,False,True
Cs2KPdF6,K,Pd,F,1.48093,semiconductor,False,True
Cs2CdPbF6,Cd,Pb,F,5.18653,insulator,False,True
Cs2ZnAgF6,Zn,Ag,F,0.6745199999999999,semiconductor,False,False
Cs2CuCdF6,Cu,Cd,F,2.94472,semiconductor,False,False
Cs2GeCdF6,Ge,Cd,F,4.35199,insulator,False,False
Cs2NRbF6,N,Rb,F,4.39292,insulator,False,False
Cs2SmHgF6,Sm,Hg,F,1.08327,semiconductor,True,True
Cs2LiDyF6,Li,Dy,F,6.38624,insulator,False,False
Cs2TiNdF6,Ti,Nd,F,0.44394,semiconductor,False,True
Cs2BaPtF6,Ba,Pt,F,3.67189,semiconductor,True,True
Cs2CuHoF6,Cu,Ho,F,3.84124,semiconductor,False,False
Cs2BeSmF6,Be,Sm,F,0.0199,half-metal,False,False
Cs2MgCdF6,Mg,Cd,F,7.327129999999999,insulator,False,False
Cs2GeAgF6,Ge,Ag,F,0.01654,metallic,False,False
Cs2CuAgF6,Cu,Ag,F,0.61675,semiconductor,True,False
Cs2CuYF6,Cu,Y,F,3.85869,semiconductor,False,False
Cs2PmHgF6,Pm,Hg,F,1.05963,semiconductor,True,True
Cs2AgNpF6,Ag,Np,F,1.38706,semiconductor,False,True
Cs2HgCmF6,Hg,Cm,F,0.97546,semiconductor,True,True
Cs2VRbF6,V,Rb,F,3.57345,semiconductor,False,True
Cs2CdAmF6,Cd,Am,F,0.04328,half-metal,True,True
Cs2AgCeF6,Ag,Ce,F,3.34615,semiconductor,False,True
Cs2LiHoF6,Li,Ho,F,7.45744,insulator,False,False
Cs2CuErF6,Cu,Er,F,3.4070400000000003,semiconductor,False,False
Cs2PdPtF6,Pd,Pt,F,0.67994,semiconductor,False,False
Cs2NTlF6,N,Tl,F,2.17667,semiconductor,False,False
Cs2LiYF6,Li,Y,F,9.82035,insulator,False,False
Cs2TiPtF6,Ti,Pt,F,1.04577,semiconductor,True,False
Cs2MgAgF6,Mg,Ag,F,1.29476,semiconductor,False,False
Cs2NaVF6,Na,V,F,3.54359,semiconductor,False,False
Cs2BeAmF6,Be,Am,F,2.71292,semiconductor,False,False
Cs2RhTlF6,Rh,Tl,F,4.35617,insulator,False,True
Cs2HgAmF6,Hg,Am,F,0.65763,semiconductor,False,True
Cs2CuTlF6,Cu,Tl,F,0.01548,metallic,False,False
Cs2TiTlF6,Ti,Tl,F,3.01748,semiconductor,False,True
Cs2NiRaF6,Ni,Ra,F,6.37485,insulator,False,True
Cs2CdSmF6,Cd,Sm,F,0.83499,semiconductor,True,True
Cs2InAuF6,In,Au,F,2.37221,semiconductor,False,True
Cs2CaEuF6,Ca,Eu,F,1.69331,semiconductor,False,True
Cs2LiErF6,Li,Er,F,7.36339,insulator,False,False
Cs2BKF6,B,K,F,9.07855,insulator,False,False
Cs2CuTmF6,Cu,Tm,F,2.68373,semiconductor,False,False
Cs2TiVF6,Ti,V,F,2.95703,semiconductor,False,False
Cs2CoCdF6,Co,Cd,F,4.27908,insulator,True,False
Cs2NdHgF6,Nd,Hg,F,1.05487,semiconductor,True,True
Cs2FeRaF6,Fe,Ra,F,2.59153,semiconductor,True,True
Cs2LiTlF6,Li,Tl,F,5.45931,insulator,False,False
Cs2FeCdF6,Fe,Cd,F,2.66827,semiconductor,True,False
Cs2CoRaF6,Co,Ra,F,4.940860000000001,insulator,False,True
Cs2PrHgF6,Pr,Hg,F,1.06041,semiconductor,True,True
Cs2KInF6,K,In,F,7.86568,insulator,False,True
Cs2IrTlF6,Ir,Tl,F,4.2138100000000005,insulator,False,True
Cs2AgBiF6,Ag,Bi,F,4.29582,insulator,False,True
Cs2RuTlF6,Ru,Tl,F,2.72099,semiconductor,False,True
Cs2CaSrF6,Ca,Sr,F,8.945139999999999,insulator,False,True
Cs2BePbF6,Be,Pb,F,6.44822,insulator,False,False
Cs2LiTmF6,Li,Tm,F,7.079829999999999,insulator,False,False
Cs2NiCdF6,Ni,Cd,F,5.53526,insulator,True,False
Cs2NaGaF6,Na,Ga,F,8.50948,insulator,False,False
Cs2BAuF6,B,Au,F,3.15109,semiconductor,False,False
Cs2AgLaF6,Ag,La,F,4.99293,insulator,False,True
Cs2CuYbF6,Cu,Yb,F,1.96116,semiconductor,False,False
Cs2CoAgF6,Co,Ag,F,3.71706,semiconductor,False,False
Cs2RbRhF6,Rb,Rh,F,4.70733,insulator,False,True
Cs2NaCrF6,Na,Cr,F,5.57264,insulator,False,False
Cs2FeAgF6,Fe,Ag,F,3.42958,semiconductor,True,False
Cs2NaMnF6,Na,Mn,F,2.3032,semiconductor,False,False
Cs2EuYbF6,Eu,Yb,F,0.69493,semiconductor,False,True
Cs2HgPuF6,Hg,Pu,F,2.4995100000000003,semiconductor,True,True
Cs2CaPbF6,Ca,Pb,F,6.46422,insulator,False,True
Cs2MoTlF6,Mo,Tl,F,3.90237,semiconductor,False,True
Cs2TiRbF6,Ti,Rb,F,3.0756900000000003,semiconductor,False,True
Cs2CuLuF6,Cu,Lu,F,3.89218,semiconductor,False,False
Cs2PHgF6,P,Hg,F,0.57378,semiconductor,True,False
Cs2NiAgF6,Ni,Ag,F,0.0161,half-metal,False,False
Cs2PdPaF6,Pd,Pa,F,1.35206,semiconductor,False,False
Cs2BeSrF6,Be,Sr,F,9.60929,insulator,False,False
Cs2LiYbF6,Li,Yb,F,6.26545,insulator,False,False
Cs2PdLaF6,Pd,La,F,2.55735,semiconductor,False,False
Cs2LiLuF6,Li,Lu,F,9.63758,insulator,False,False
Cs2RbIrF6,Rb,Ir,F,4.69229,insulator,False,True
Cs2HgNpF6,Hg,Np,F,3.22256,semiconductor,True,True
Cs2CeHgF6,Ce,Hg,F,1.08508,semiconductor,False,True
Cs2SrYbF6,Sr,Yb,F,0.36821,semiconductor,False,True
Cs2EuTmF6,Eu,Tm,F,0.05771,half-metal,False,True
Cs2MgRaF6,Mg,Ra,F,8.42615,insulator,False,True
Cs2SrHgF6,Sr,Hg,F,5.35613,insulator,False,True
Cs2RbRuF6,Rb,Ru,F,2.70584,semiconductor,False,True
Cs2CuAuF6,Cu,Au,F,0.80112,semiconductor,False,False
Cs2BeEuF6,Be,Eu,F,0.42969,semiconductor,False,False
Cs2NaFeF6,Na,Fe,F,5.23158,insulator,True,False
Cs2PdUF6,Pd,U,F,1.41844,semiconductor,False,False
Cs2HgPbF6,Hg,Pb,F,3.42753,semiconductor,False,True
Cs2PdBaF6,Pd,Ba,F,3.93481,semiconductor,True,True
Cs2RbMoF6,Rb,Mo,F,4.09103,insulator,False,True
Cs2SrTmF6,Sr,Tm,F,0.02254,metallic,False,True
Cs2YbPbF6,Yb,Pb,F,0.09301,half-metal,False,True
Cs2GeRaF6,Ge,Ra,F,5.11489,insulator,False,True
Cs2CuRaF6,Cu,Ra,F,3.58306,semiconductor,False,True
Cs2TiBaF6,Ti,Ba,F,1.2748,semiconductor,False,True
Cs2CaAmF6,Ca,Am,F,1.22885,semiconductor,False,True
Cs2LiAuF6,Li,Au,F,2.59521,semiconductor,True,False
Cs2TiMnF6,Ti,Mn,F,2.22054,semiconductor,False,False
Cs2HgUF6,Hg,U,F,3.4150500000000004,semiconductor,False,True
Cs2HgBiF6,Hg,Bi,F,0.1381,semiconductor,True,True
Cs2CaSmF6,Ca,Sm,F,0.24395,semiconductor,False,True
Cs2ZnRaF6,Zn,Ra,F,7.07164,insulator,False,True
Cs2TaTlF6,Ta,Tl,F,0.82423,semiconductor,False,True
Cs2TmPbF6,Tm,Pb,F,0.36008,semiconductor,False,True
Cs2AuAuF6,Au,Au,F,0.01288,metallic,False,True
Cs2NbTlF6,Nb,Tl,F,2.11333,semiconductor,False,True
Cs2NaNiF6,Na,Ni,F,1.98783,semiconductor,False,False
Cs2NaAsF6,Na,As,F,6.04437,insulator,False,False
Cs2TiZnF6,Ti,Zn,F,2.09046,semiconductor,False,False
Cs2ZnPdF6,Zn,Pd,F,3.05579,semiconductor,True,False
Cs2PdCeF6,Pd,Ce,F,2.57433,semiconductor,False,False
Cs2PdNpF6,Pd,Np,F,0.78551,semiconductor,False,False
Cs2LaHgF6,La,Hg,F,1.1380899999999998,semiconductor,True,True
Cs2NaCoF6,Na,Co,F,4.88529,insulator,False,False
Cs2MnRaF6,Mn,Ra,F,4.48561,insulator,False,True
Cs2HgPaF6,Hg,Pa,F,2.82342,semiconductor,False,True
Cs2KAuF6,K,Au,F,2.89785,semiconductor,True,True
Cs2YbAmF6,Yb,Am,F,0.05879,half-metal,True,True
Cs2GePdF6,Ge,Pd,F,0.97384,semiconductor,False,False
Cs2PdPuF6,Pd,Pu,F,1.43329,semiconductor,False,False
Cs2TiGeF6,Ti,Ge,F,0.85047,semiconductor,False,False
Cs2PAgF6,P,Ag,F,3.32177,semiconductor,False,False
Cs2CuPdF6,Cu,Pd,F,1.92665,semiconductor,False,False
Cs2LuAuF6,Lu,Au,F,3.54179,semiconductor,False,True
Cs2YbAuF6,Yb,Au,F,3.48031,semiconductor,False,True
Cs2SmYbF6,Sm,Yb,F,0.6210600000000001,semiconductor,False,True
Cs2CdNdF6,Cd,Nd,F,0.80634,semiconductor,True,True
Cs2PFrF6,P,Fr,F,4.70301,insulator,False,False
Cs2RbTaF6,Rb,Ta,F,1.34828,semiconductor,False,True
Cs2EuDyF6,Eu,Dy,F,0.0222,metallic,False,True
Cs2RbNbF6,Rb,Nb,F,2.11669,semiconductor,False,True
Cs2PdPrF6,Pd,Pr,F,2.53309,semiconductor,False,False
Cs2MgTiF6,Mg,Ti,F,3.1352,semiconductor,False,False
Cs2MgPdF6,Mg,Pd,F,3.84324,semiconductor,True,False
Cs2KLuF6,K,Lu,F,8.567409999999999,insulator,False,True
Cs2ScTlF6,Sc,Tl,F,6.25825,insulator,False,True
Cs2CrRaF6,Cr,Ra,F,2.2397,semiconductor,False,True
Cs2PdNdF6,Pd,Nd,F,2.57748,semiconductor,False,False
Cs2KYbF6,K,Yb,F,6.49902,insulator,False,True
Cs2CuInF6,Cu,In,F,1.87924,semiconductor,False,False
Cs2SrDyF6,Sr,Dy,F,0.02076,metallic,False,True
Cs2TmAuF6,Tm,Au,F,3.5469,semiconductor,False,True
Cs2CrPtF6,Cr,Pt,F,1.3399,semiconductor,False,False
Cs2PdAmF6,Pd,Am,F,2.10326,semiconductor,False,False
Cs2AuTlF6,Au,Tl,F,0.03838,metallic,False,True
Cs2PdCmF6,Pd,Cm,F,2.36204,semiconductor,False,False
Cs2NaCuF6,Na,Cu,F,3.59506,semiconductor,False,False
Cs2LiInF6,Li,In,F,7.71054,insulator,False,False
Cs2PdPmF6,Pd,Pm,F,2.35859,semiconductor,False,False
Cs2ErAuF6,Er,Au,F,3.5204,semiconductor,False,True
Cs2DyPbF6,Dy,Pb,F,0.47775,semiconductor,False,True
Cs2SbTlF6,Sb,Tl,F,3.24277,semiconductor,False,True
Cs2KTmF6,K,Tm,F,7.10587,insulator,False,True
Cs2TiCoF6,Ti,Co,F,1.0268199999999998,semiconductor,False,False
Cs2VCrF6,V,Cr,F,2.0445100000000003,semiconductor,False,False
Cs2NaAlF6,Na,Al,F,9.36309,insulator,False,False
Cs2KTlF6,K,Tl,F,5.845470000000001,insulator,False,True
Cs2ScRbF6,Sc,Rb,F,8.97311,insulator,False,True
Cs2MnPtF6,Mn,Pt,F,2.3285,semiconductor,False,False
Cs2NiPdF6,Ni,Pd,F,3.4664200000000003,semiconductor,True,False
Cs2PbVacF6,Pb,,F,5.7329,insulator,False,False
Cs2BeNpF6,Be,Np,F,1.13501,semiconductor,False,False
Cs2AgAcF6,Ag,Ac,F,4.61522,insulator,False,True
Cs2YAuF6,Y,Au,F,3.58938,semiconductor,False,True
Cs2RbAgF6,Rb,Ag,F,2.76214,semiconductor,True,True
Cs2VRaF6,V,Ra,F,2.54328,semiconductor,False,True
Cs2KErF6,K,Er,F,7.42391,insulator,False,True
Cs2EuNpF6,Eu,Np,F,0.02128,metallic,False,True
Cs2HoAuF6,Ho,Au,F,3.53314,semiconductor,False,True
Cs2PdSmF6,Pd,Sm,F,1.84201,semiconductor,False,False
Cs2NKF6,N,K,F,4.43001,insulator,False,False
Cs2VMnF6,V,Mn,F,4.068919999999999,insulator,True,False
Cs2ZnPtF6,Zn,Pt,F,2.86147,semiconductor,True,False
Cs2KYF6,K,Y,F,8.915199999999999,insulator,False,True
Cs2RbSbF6,Rb,Sb,F,5.22199,insulator,False,True
Cs2PtRaF6,Pt,Ra,F,3.676,semiconductor,True,True
Cs2SrNpF6,Sr,Np,F,0.02048,metallic,False,True
Cs2RbPdF6,Rb,Pd,F,1.456,semiconductor,False,True
Cs2DyAmF6,Dy,Am,F,0.02294,metallic,False,True
Cs2KHoF6,K,Ho,F,7.1365,insulator,False,True
Cs2DyAuF6,Dy,Au,F,3.48871,semiconductor,False,True
Cs2PdEuF6,Pd,Eu,F,0.85834,semiconductor,False,False
Cs2CuPtF6,Cu,Pt,F,0.67574,semiconductor,False,False
Cs2GePtF6,Ge,Pt,F,1.68763,semiconductor,True,False
Cs2VZnF6,V,Zn,F,3.57287,semiconductor,False,False
Cs2CuSbF6,Cu,Sb,F,2.79182,semiconductor,False,False
Cs2NAuF6,N,Au,F,0.98035,semiconductor,False,False
Cs2CaNdF6,Ca,Nd,F,0.10046,semiconductor,False,True
Cs2AgBaF6,Ag,Ba,F,1.3738,semiconductor,False,True
Cs2PbNpF6,Pb,Np,F,0.50398,semiconductor,False,True
Cs2PdGdF6,Pd,Gd,F,2.6075,semiconductor,False,False
Cs2KDyF6,K,Dy,F,6.080819999999999,insulator,False,True
Cs2TbAuF6,Tb,Au,F,3.50339,semiconductor,False,True
Cs2MgPtF6,Mg,Pt,F,3.62126,semiconductor,True,False
Cs2LiSbF6,Li,Sb,F,5.34809,insulator,False,False
Cs2VGeF6,V,Ge,F,3.2683600000000004,semiconductor,False,False
Cs2TbVacF6,Tb,,F,3.81778,semiconductor,False,False
Cs2BeDyF6,Be,Dy,F,1.0793,semiconductor,True,False
Cs2LiPdF6,Li,Pd,F,1.29105,semiconductor,False,False
Cs2InTlF6,In,Tl,F,5.17174,insulator,False,True
Cs2CdBaF6,Cd,Ba,F,6.83424,insulator,False,True
Cs2KTbF6,K,Tb,F,5.171930000000001,insulator,True,True
Cs2CrMnF6,Cr,Mn,F,2.40641,semiconductor,False,False
Cs2ScCuF6,Sc,Cu,F,4.33821,insulator,False,False
Cs2GdAuF6,Gd,Au,F,3.48448,semiconductor,False,True
Cs2LiAgF6,Li,Ag,F,2.49079,semiconductor,True,False
Cs2MgVF6,Mg,V,F,4.838,insulator,False,False
Cs2NdYbF6,Nd,Yb,F,0.46939,semiconductor,False,True
Cs2NpAmF6,Np,Am,F,0.0227,metallic,False,True
Cs2HgAcF6,Hg,Ac,F,0.99994,semiconductor,True,True
Cs2LiScF6,Li,Sc,F,9.1282,insulator,False,False
Cs2CrZnF6,Cr,Zn,F,2.30951,semiconductor,False,False
Cs2PdDyF6,Pd,Dy,F,2.63007,semiconductor,False,False
Cs2EuAuF6,Eu,Au,F,2.15977,semiconductor,False,True
Cs2KGdF6,K,Gd,F,8.33163,insulator,False,True
Cs2RbInF6,Rb,In,F,7.60419,insulator,False,True
Cs2SmNpF6,Sm,Np,F,0.02144,metallic,False,True
Cs2CrGeF6,Cr,Ge,F,1.74596,semiconductor,False,False
Cs2PdHoF6,Pd,Ho,F,2.629,semiconductor,False,False
Cs2KEuF6,K,Eu,F,5.10042,insulator,False,True
Cs2CuNbF6,Cu,Nb,F,2.15316,semiconductor,False,False
Cs2CuTaF6,Cu,Ta,F,1.6013,semiconductor,False,False
Cs2MnZnF6,Mn,Zn,F,4.985,insulator,False,False
Cs2YPdF6,Y,Pd,F,2.6026200000000004,semiconductor,False,False
Cs2NiPtF6,Ni,Pt,F,3.45331,semiconductor,True,False
Cs2SmAuF6,Sm,Au,F,3.10636,semiconductor,False,True
Cs2VCoF6,V,Co,F,1.03485,semiconductor,False,False
Cs2MgCrF6,Mg,Cr,F,2.96954,semiconductor,False,False
Cs2AlFrF6,Al,Fr,F,8.37993,insulator,False,False
Cs2BeTmF6,Be,Tm,F,0.73295,semiconductor,False,False
Cs2LiTaF6,Li,Ta,F,1.78984,semiconductor,False,False
Cs2MnGeF6,Mn,Ge,F,4.49876,insulator,False,False
Cs2LiNbF6,Li,Nb,F,2.08153,semiconductor,False,False
Cs2KSmF6,K,Sm,F,5.85174,insulator,False,True
Cs2PmAuF6,Pm,Au,F,3.4189,semiconductor,False,True
Cs2CuFrF6,Cu,Fr,F,3.36434,semiconductor,True,False
Cs2TiRaF6,Ti,Ra,F,0.94307,semiconductor,False,True
Cs2AuCmF6,Au,Cm,F,3.0104100000000003,semiconductor,False,True
Cs2PdRaF6,Pd,Ra,F,3.90525,semiconductor,True,True
Cs2PdTlF6,Pd,Tl,F,0.01534,half-metal,False,False
Cs2AuAmF6,Au,Am,F,2.29324,semiconductor,False,True
Cs2ZnGeF6,Zn,Ge,F,5.138870000000001,insulator,False,False
Cs2BeYbF6,Be,Yb,F,0.17688,semiconductor,False,False
Cs2BeHgF6,Be,Hg,F,4.50697,insulator,False,False
Cs2MgMnF6,Mg,Mn,F,6.483490000000001,insulator,False,False
Cs2CuZnF6,Cu,Zn,F,2.86893,semiconductor,False,False
Cs2PdTmF6,Pd,Tm,F,2.6089,semiconductor,False,False
Cs2KPmF6,K,Pm,F,5.87263,insulator,False,True
Cs2SrEuF6,Sr,Eu,F,0.75701,semiconductor,False,True
Cs2CaBaF6,Ca,Ba,F,8.29626,insulator,False,True
Cs2KCmF6,K,Cm,F,5.55756,insulator,False,True
Cs2NdAuF6,Nd,Au,F,3.50932,semiconductor,False,True
Cs2CrCoF6,Cr,Co,F,0.0229,metallic,False,False
Cs2KAmF6,K,Am,F,3.52184,semiconductor,False,True
Cs2BHgF6,B,Hg,F,0.4320199999999999,semiconductor,True,False
Cs2NaPF6,Na,P,F,5.37525,insulator,False,False
Cs2MgZnF6,Mg,Zn,F,7.83465,insulator,False,False
Cs2CuMoF6,Cu,Mo,F,3.73619,semiconductor,False,False
Cs2CuGeF6,Cu,Ge,F,0.16074,semiconductor,False,False
Cs2PdYbF6,Pd,Yb,F,2.1630100000000003,semiconductor,False,False
Cs2AgThF6,Ag,Th,F,0.26682,semiconductor,True,True
Cs2EuPbF6,Eu,Pb,F,0.47319,semiconductor,False,True
Cs2PrAuF6,Pr,Au,F,3.38158,semiconductor,False,True
Cs2LuTlF6,Lu,Tl,F,6.02048,insulator,False,True
Cs2KNdF6,K,Nd,F,6.033869999999999,insulator,False,True
Cs2PdLuF6,Pd,Lu,F,2.6188900000000004,semiconductor,False,False
Cs2BeCaF6,Be,Ca,F,9.81286,insulator,False,False
Cs2MgCuF6,Mg,Cu,F,3.5120500000000003,semiconductor,False,False
Cs2MgGeF6,Mg,Ge,F,6.25543,insulator,False,False
Cs2CuRuF6,Cu,Ru,F,1.75775,semiconductor,True,False
Cs2LiMoF6,Li,Mo,F,4.4573,insulator,True,False
Cs2CuIrF6,Cu,Ir,F,2.47886,semiconductor,False,False
Cs2YbTlF6,Yb,Tl,F,4.333,insulator,False,True
Cs2MnCoF6,Mn,Co,F,4.7742700000000005,insulator,False,False
Cs2RbAuF6,Rb,Au,F,2.85338,semiconductor,True,True
Cs2BaYbF6,Ba,Yb,F,0.05552,metallic,False,True
Cs2KPrF6,K,Pr,F,4.9852,insulator,False,True
Cs2AuPuF6,Au,Pu,F,0.64014,semiconductor,False,True
Cs2SrPbF6,Sr,Pb,F,6.15444,insulator,False,True
Cs2BaHgF6,Ba,Hg,F,5.17701,insulator,False,True
Cs2MnFeF6,Mn,Fe,F,4.2877600000000005,insulator,False,False
Cs2TiCuF6,Ti,Cu,F,3.12265,semiconductor,False,False
Cs2PdAuF6,Pd,Au,F,0.01584,half-metal,False,False
Cs2MnNiF6,Mn,Ni,F,4.200080000000001,insulator,False,False
Cs2LiIrF6,Li,Ir,F,4.38861,insulator,False,False
Cs2ZrVacF6,Zr,,F,9.45484,insulator,False,False
Cs2LiRuF6,Li,Ru,F,2.62589,semiconductor,False,False
Cs2CoFrF6,Co,Fr,F,5.320670000000001,insulator,False,True
Cs2CoZnF6,Co,Zn,F,5.00766,insulator,False,False
Cs2BaTmF6,Ba,Tm,F,0.02228,metallic,False,True
Cs2CeAuF6,Ce,Au,F,2.39533,semiconductor,False,True
Cs2AsFrF6,As,Fr,F,5.30109,insulator,False,True
Cs2KPuF6,K,Pu,F,3.1063,semiconductor,False,True
Cs2NiFrF6,Ni,Fr,F,1.82213,semiconductor,False,True
Cs2EuAmF6,Eu,Am,F,0.20568,semiconductor,True,True
Cs2TmTlF6,Tm,Tl,F,5.12305,insulator,True,True
Cs2RbLuF6,Rb,Lu,F,8.17771,insulator,False,True
Cs2CuRhF6,Cu,Rh,F,1.7106199999999998,semiconductor,False,False
Cs2FeZnF6,Fe,Zn,F,3.71944,semiconductor,True,False
Cs2LiTiF6,Li,Ti,F,3.08186,semiconductor,False,False
Cs2NiZnF6,Ni,Zn,F,5.63522,insulator,False,False
Cs2RbYbF6,Rb,Yb,F,6.49041,insulator,False,True
Cs2CoGeF6,Co,Ge,F,4.406,insulator,True,False
Cs2CoCuF6,Co,Cu,F,0.42241,semiconductor,True,False
Cs2KNpF6,K,Np,F,1.87906,semiconductor,False,True
Cs2SmEuF6,Sm,Eu,F,1.11027,semiconductor,False,True
Cs2ErTlF6,Er,Tl,F,5.77635,insulator,False,True
Cs2NdNpF6,Nd,Np,F,0.02136,metallic,False,True
Cs2SrAmF6,Sr,Am,F,0.6817799999999999,semiconductor,False,True
Cs2KCeF6,K,Ce,F,3.64691,semiconductor,False,True
Cs2LiRhF6,Li,Rh,F,4.339709999999999,insulator,False,False
Cs2FeGeF6,Fe,Ge,F,3.964,semiconductor,False,False
Cs2AuUF6,Au,U,F,0.6734,semiconductor,False,True
Cs2NiCuF6,Ni,Cu,F,2.31613,semiconductor,False,False
Cs2BAgF6,B,Ag,F,5.42178,insulator,False,False
Cs2HfVacF6,Hf,,F,9.74632,insulator,False,False
Cs2NiGeF6,Ni,Ge,F,4.15981,insulator,True,False
Cs2FeFrF6,Fe,Fr,F,4.89106,insulator,True,True
Cs2MgCoF6,Mg,Co,F,5.01786,insulator,False,False
Cs2HgThF6,Hg,Th,F,4.3552,insulator,False,True
Cs2PbAmF6,Pb,Am,F,0.75475,semiconductor,False,True
Cs2YTlF6,Y,Tl,F,5.97764,insulator,False,True
Cs2AuBiF6,Au,Bi,F,2.75543,semiconductor,False,True
Cs2SrSmF6,Sr,Sm,F,0.09336,half-metal,False,True
Cs2RbTmF6,Rb,Tm,F,7.10341,insulator,False,True
Cs2MgFeF6,Mg,Fe,F,4.31951,insulator,False,False
Cs2HoTlF6,Ho,Tl,F,5.92342,insulator,False,True
Cs2LaAuF6,La,Au,F,3.49255,semiconductor,False,True
Cs2RbTlF6,Rb,Tl,F,5.7285200000000005,insulator,False,True
Cs2MgNiF6,Mg,Ni,F,6.01465,insulator,False,False
Cs2RbErF6,Rb,Er,F,7.22259,insulator,False,True
Cs2VCuF6,V,Cu,F,2.49553,semiconductor,False,False
Cs2SmPbF6,Sm,Pb,F,0.01848,half-metal,False,True
Cs2AuPaF6,Au,Pa,F,0.78622,semiconductor,False,True
Cs2KBiF6,K,Bi,F,6.38423,insulator,False,True
Cs2KLaF6,K,La,F,8.20546,insulator,False,True
Cs2DyTlF6,Dy,Tl,F,5.71413,insulator,True,True
Cs2MnFrF6,Mn,Fr,F,2.20885,semiconductor,False,True
Cs2CrFrF6,Cr,Fr,F,5.828740000000001,insulator,False,True
Cs2BeCdF6,Be,Cd,F,6.48342,insulator,False,False
Cs2LiVF6,Li,V,F,3.53445,semiconductor,False,False
Cs2AgRaF6,Ag,Ra,F,1.35948,semiconductor,False,True
Cs2RbYF6,Rb,Y,F,8.54529,insulator,False,True
Cs2BaDyF6,Ba,Dy,F,0.02146,metallic,False,True
Cs2KPaF6,K,Pa,F,0.01934,metallic,False,True
Cs2GaFrF6,Ga,Fr,F,7.66413,insulator,False,True
Cs2RbHoF6,Rb,Ho,F,6.79596,insulator,True,True
Cs2FeCoF6,Fe,Co,F,2.56258,semiconductor,False,False
Cs2TbTlF6,Tb,Tl,F,5.18465,insulator,True,True
Cs2PdInF6,Pd,In,F,1.81652,semiconductor,False,False
Cs2CuGaF6,Cu,Ga,F,3.07277,semiconductor,False,False
Cs2BeAgF6,Be,Ag,F,0.69358,semiconductor,False,False
Cs2CoNiF6,Co,Ni,F,4.47181,insulator,True,False
Cs2CrCuF6,Cr,Cu,F,2.53399,semiconductor,False,False
Cs2CdRaF6,Cd,Ra,F,6.47419,insulator,False,True
Cs2RbDyF6,Rb,Dy,F,5.68543,insulator,True,True
Cs2MnCuF6,Mn,Cu,F,0.60132,semiconductor,False,False
Cs2LiGaF6,Li,Ga,F,8.409,insulator,False,False
Cs2SnVacF6,Sn,,F,8.07504,insulator,False,False
Cs2GdTlF6,Gd,Tl,F,5.78039,insulator,False,True
Cs2LiCrF6,Li,Cr,F,5.500909999999999,insulator,False,False
Cs2VFrF6,V,Fr,F,3.57119,semiconductor,False,True
Cs2LiMnF6,Li,Mn,F,2.16631,semiconductor,False,False
Cs2RbTbF6,Rb,Tb,F,4.8041,insulator,True,True
Cs2EuTlF6,Eu,Tl,F,2.89703,semiconductor,False,True
Cs2NbVacF6,Nb,,F,2.1098100000000004,semiconductor,False,False
Cs2TaVacF6,Ta,,F,1.84548,semiconductor,False,False
Cs2LiFeF6,Li,Fe,F,5.20278,insulator,True,False
Cs2SmTlF6,Sm,Tl,F,3.90209,semiconductor,False,True
Cs2RbGdF6,Rb,Gd,F,7.9231,insulator,False,True
Cs2NdEuF6,Nd,Eu,F,0.4850299999999999,semiconductor,False,True
Cs2CuAsF6,Cu,As,F,2.89019,semiconductor,False,False
Cs2PdSbF6,Pd,Sb,F,1.4556600000000002,semiconductor,False,False
Cs2NHgF6,N,Hg,F,0.81182,semiconductor,False,False
Cs2PdPdF6,Pd,Pd,F,3.5973900000000003,semiconductor,False,False
Cs2RhFrF6,Rh,Fr,F,4.71997,insulator,False,True
Cs2RbEuF6,Rb,Eu,F,5.10466,insulator,False,True
Cs2SrNdF6,Sr,Nd,F,0.01742,metallic,False,True
Cs2TiFrF6,Ti,Fr,F,2.9257,semiconductor,False,True
Cs2PmTlF6,Pm,Tl,F,4.46644,insulator,False,True
Cs2TlCmF6,Tl,Cm,F,5.03561,insulator,False,True
Cs2LiNiF6,Li,Ni,F,1.84446,semiconductor,False,False
Cs2LiAsF6,Li,As,F,5.87051,insulator,False,False
Cs2TlAmF6,Tl,Am,F,3.21514,semiconductor,False,True
Cs2ScPdF6,Sc,Pd,F,2.58779,semiconductor,False,False
Cs2LiCoF6,Li,Co,F,4.71303,insulator,False,False
Cs2RbSmF6,Rb,Sm,F,5.63496,insulator,False,True
Cs2IrFrF6,Ir,Fr,F,4.4721,insulator,False,True
Cs2NdPbF6,Nd,Pb,F,0.39083,semiconductor,False,True
Cs2CaRaF6,Ca,Ra,F,7.793839999999999,insulator,False,True
Cs2RuFrF6,Ru,Fr,F,2.7271300000000003,semiconductor,False,True
Cs2NdTlF6,Nd,Tl,F,5.24534,insulator,True,True
Cs2MoFrF6,Mo,Fr,F,3.43416,semiconductor,False,True
Cs2PrTlF6,Pr,Tl,F,5.01945,insulator,False,True
Cs2RbCmF6,Rb,Cm,F,5.2417,insulator,False,True
Cs2RbPmF6,Rb,Pm,F,5.87284,insulator,False,True
Cs2AuAcF6,Au,Ac,F,3.23733,semiconductor,False,True
Cs2WVacF6,W,,F,1.99494,semiconductor,False,False
Cs2YbRaF6,Yb,Ra,F,0.02236,metallic,False,True
Cs2RbAmF6,Rb,Am,F,3.57214,semiconductor,False,True
Cs2HgRaF6,Hg,Ra,F,4.9445,insulator,False,True
Cs2NdAmF6,Nd,Am,F,0.02306,metallic,False,True
Cs2KAcF6,K,Ac,F,7.62373,insulator,False,True
Cs2TlPuF6,Tl,Pu,F,3.25023,semiconductor,False,True
Cs2NAgF6,N,Ag,F,1.93648,semiconductor,False,False
Cs2CuCuF6,Cu,Cu,F,2.95993,semiconductor,False,False
Cs2BeTiF6,Be,Ti,F,3.14871,semiconductor,False,False
Cs2BePdF6,Be,Pd,F,3.39683,semiconductor,True,False
Cs2PdTaF6,Pd,Ta,F,0.8050200000000001,semiconductor,False,False
Cs2NbPdF6,Nb,Pd,F,1.15957,semiconductor,False,False
Cs2RbNdF6,Rb,Nd,F,5.9671400000000006,insulator,False,True
Cs2AlCuF6,Al,Cu,F,4.14131,insulator,False,False
Cs2CeTlF6,Ce,Tl,F,3.83881,semiconductor,False,True
Cs2TlNpF6,Tl,Np,F,2.05973,semiconductor,False,True
Cs2TmRaF6,Tm,Ra,F,0.0224,metallic,False,True
Cs2RbPrF6,Rb,Pr,F,4.71139,insulator,False,True
Cs2LiCuF6,Li,Cu,F,3.23757,semiconductor,False,False
Cs2MoVacF6,Mo,,F,2.2523600000000004,semiconductor,False,False
Cs2LiAlF6,Li,Al,F,9.50754,insulator,False,False
Cs2NbFrF6,Nb,Fr,F,1.7822600000000002,semiconductor,False,True
Cs2RbPuF6,Rb,Pu,F,2.79393,semiconductor,False,True
Cs2BaEuF6,Ba,Eu,F,0.09618,half-metal,False,True
Cs2TaFrF6,Ta,Fr,F,0.39002,semiconductor,False,True
Cs2TcVacF6,Tc,,F,4.47409,insulator,True,False
Cs2BNaF6,B,Na,F,8.51727,insulator,False,False
Cs2TlUF6,Tl,U,F,0.63709,semiconductor,False,True
Cs2RbCeF6,Rb,Ce,F,3.32224,semiconductor,False,True
Cs2SrBaF6,Sr,Ba,F,7.788779999999999,insulator,False,True
Cs2TlBiF6,Tl,Bi,F,3.89113,semiconductor,False,True
Cs2RbNpF6,Rb,Np,F,1.53158,semiconductor,False,True
Cs2MoPdF6,Mo,Pd,F,1.49476,semiconductor,True,False
Cs2LaTlF6,La,Tl,F,5.60566,insulator,False,True
Cs2BaPbF6,Ba,Pb,F,5.75187,insulator,False,True
Cs2TlPaF6,Tl,Pa,F,0.01908,metallic,False,True
Cs2RuPdF6,Ru,Pd,F,2.28769,semiconductor,False,False
Cs2PdIrF6,Pd,Ir,F,1.86454,semiconductor,False,False
Cs2ScFrF6,Sc,Fr,F,7.873469999999999,insulator,False,True
Cs2AgFrF6,Ag,Fr,F,2.40283,semiconductor,True,True
Cs2RbBiF6,Rb,Bi,F,6.17462,insulator,False,True
Cs2DyRaF6,Dy,Ra,F,0.02148,metallic,False,True
Cs2OsVacF6,Os,,F,2.1931800000000004,semiconductor,False,False
Cs2TiPdF6,Ti,Pd,F,1.047,semiconductor,False,False
Cs2ReVacF6,Re,,F,4.16708,insulator,True,False
Cs2RbLaF6,Rb,La,F,7.80379,insulator,False,True
Cs2RhPdF6,Rh,Pd,F,1.07012,semiconductor,False,False
Cs2IrVacF6,Ir,,F,2.14133,semiconductor,False,False
Cs2PtVacF6,Pt,,F,4.9009100000000005,insulator,False,False
Cs2BePtF6,Be,Pt,F,3.29773,semiconductor,True,False
Cs2PdFrF6,Pd,Fr,F,1.29159,semiconductor,False,True
Cs2SbFrF6,Sb,Fr,F,4.72276,insulator,False,True
Cs2BeVF6,Be,V,F,4.754309999999999,insulator,False,False
Cs2RuVacF6,Ru,,F,2.4392,semiconductor,False,False
Cs2BaSmF6,Ba,Sm,F,0.0186,metallic,False,True
Cs2PdVacF6,Pd,,F,4.48902,insulator,False,False
Cs2AuThF6,Au,Th,F,0.97932,semiconductor,True,True
Cs2RaNpF6,Ra,Np,F,0.02106,metallic,False,True
Cs2KThF6,K,Th,F,0.01926,metallic,False,True
Cs2BeCrF6,Be,Cr,F,2.7987,semiconductor,False,False
Cs2TiSrBr6,Ti,Sr,Br,2.24931,semiconductor,False,True
Cs2AuHgBr6,Au,Hg,Br,0.01252,metallic,False,True
Cs2AgErBr6,Ag,Er,Br,3.36694,semiconductor,True,True
Cs2NiBaBr6,Ni,Ba,Br,3.54206,semiconductor,True,False
Cs2SrPdBr6,Sr,Pd,Br,1.72418,semiconductor,True,True
Cs2TiAuBr6,Ti,Au,Br,1.82511,semiconductor,False,False
Cs2MnNdBr6,Mn,Nd,Br,0.8842,semiconductor,True,False
Cs2FeBaBr6,Fe,Ba,Br,3.62867,semiconductor,False,False
Cs2KRhBr6,K,Rh,Br,3.01412,semiconductor,False,False
Cs2NaUBr6,Na,U,Br,2.62958,semiconductor,False,True
Cs2AgTlBr6,Ag,Tl,Br,0.0381499999999999,metallic,False,True
Cs2RhAuBr6,Rh,Au,Br,0.49271,semiconductor,False,False
Cs2AlTlBr6,Al,Tl,Br,3.40868,semiconductor,False,False
Cs2CoBaBr6,Co,Ba,Br,3.64261,semiconductor,True,False
Cs2NaBiBr6,Na,Bi,Br,3.9178,semiconductor,False,True
Cs2YAgBr6,Y,Ag,Br,4.7176,insulator,False,True
Cs2KTiBr6,K,Ti,Br,2.41428,semiconductor,False,False
Cs2TiPbBr6,Ti,Pb,Br,1.75554,semiconductor,False,True
Cs2IrAuBr6,Ir,Au,Br,0.89744,semiconductor,False,False
Cs2PdPbBr6,Pd,Pb,Br,0.0124,metallic,False,True
Cs2RuAuBr6,Ru,Au,Br,0.75497,semiconductor,True,False
Cs2TmYbBr6,Tm,Yb,Br,2.29987,semiconductor,False,True
Cs2AgHoBr6,Ag,Ho,Br,3.81476,semiconductor,True,True
Cs2LuHgBr6,Lu,Hg,Br,0.02486,metallic,False,True
Cs2NaLaBr6,Na,La,Br,5.61135,insulator,False,True
Cs2CaTmBr6,Ca,Tm,Br,2.132,semiconductor,False,True
Cs2TiEuBr6,Ti,Eu,Br,2.02103,semiconductor,False,True
Cs2ZnNdBr6,Zn,Nd,Br,0.56444,semiconductor,True,False
Cs2NaNpBr6,Na,Np,Br,3.5104,semiconductor,False,True
Cs2AgTmBr6,Ag,Tm,Br,2.4072,semiconductor,False,True
Cs2NaCeBr6,Na,Ce,Br,4.6208,insulator,False,True
Cs2CrNdBr6,Cr,Nd,Br,0.69387,semiconductor,False,False
Cs2AlRbBr6,Al,Rb,Br,4.7151,insulator,False,False
Cs2YbHgBr6,Yb,Hg,Br,0.02366,half-metal,False,True
Cs2KRuBr6,K,Ru,Br,1.7941699999999998,semiconductor,False,False
Cs2NaPaBr6,Na,Pa,Br,1.19653,semiconductor,False,True
Cs2MoAuBr6,Mo,Au,Br,1.45714,semiconductor,False,False
Cs2KIrBr6,K,Ir,Br,3.05799,semiconductor,False,False
Cs2CuRbBr6,Cu,Rb,Br,1.05573,semiconductor,False,False
Cs2AgDyBr6,Ag,Dy,Br,3.76571,semiconductor,False,True
Cs2CaHgBr6,Ca,Hg,Br,3.0315,semiconductor,False,True
Cs2SmPtBr6,Sm,Pt,Br,0.07384,half-metal,False,False
Cs2CdDyBr6,Cd,Dy,Br,0.03231,half-metal,True,True
Cs2NaPuBr6,Na,Pu,Br,3.36317,semiconductor,False,True
Cs2CaYbBr6,Ca,Yb,Br,2.94065,semiconductor,False,True
Cs2GeNdBr6,Ge,Nd,Br,0.57978,semiconductor,False,False
Cs2KVBr6,K,V,Br,2.73145,semiconductor,False,False
Cs2CaDyBr6,Ca,Dy,Br,0.92337,semiconductor,True,True
Cs2AgYbBr6,Ag,Yb,Br,1.74243,semiconductor,False,True
Cs2TiAmBr6,Ti,Am,Br,1.8438,semiconductor,True,True
Cs2BFrBr6,B,Fr,Br,3.16547,semiconductor,False,False
Cs2MgBaBr6,Mg,Ba,Br,5.42338,insulator,False,False
Cs2KMoBr6,K,Mo,Br,3.39038,semiconductor,True,False
Cs2TmHgBr6,Tm,Hg,Br,0.02322,half-metal,False,True
Cs2AgLuBr6,Ag,Lu,Br,4.4687,insulator,False,True
Cs2VAuBr6,V,Au,Br,1.68024,semiconductor,False,False
Cs2PtAmBr6,Pt,Am,Br,0.2384099999999999,semiconductor,False,False
Cs2NaPrBr6,Na,Pr,Br,4.31339,insulator,False,True
Cs2VSmBr6,V,Sm,Br,2.00712,semiconductor,True,False
Cs2MgNdBr6,Mg,Nd,Br,1.41665,semiconductor,False,False
Cs2AgTbBr6,Ag,Tb,Br,4.5999,insulator,False,True
Cs2HgTlBr6,Hg,Tl,Br,0.01278,metallic,False,True
Cs2CoTlBr6,Co,Tl,Br,1.92472,semiconductor,False,False
Cs2NaNdBr6,Na,Nd,Br,3.96484,semiconductor,False,True
Cs2NiTlBr6,Ni,Tl,Br,0.01266,metallic,False,False
Cs2VNdBr6,V,Nd,Br,1.19056,semiconductor,False,False
Cs2ErHgBr6,Er,Hg,Br,0.023,half-metal,True,True
Cs2CuBaBr6,Cu,Ba,Br,1.15709,semiconductor,False,False
Cs2GeBaBr6,Ge,Ba,Br,4.01944,insulator,False,False
Cs2TiSmBr6,Ti,Sm,Br,1.36848,semiconductor,False,True
Cs2AsTlBr6,As,Tl,Br,1.36814,semiconductor,False,False
Cs2AgAuBr6,Ag,Au,Br,0.01284,metallic,False,True
Cs2VAmBr6,V,Am,Br,2.3187,semiconductor,False,False
Cs2KGaBr6,K,Ga,Br,3.44248,semiconductor,False,False
Cs2KCrBr6,K,Cr,Br,3.03261,semiconductor,True,False
Cs2NaAmBr6,Na,Am,Br,2.65937,semiconductor,False,True
Cs2AgGdBr6,Ag,Gd,Br,4.60025,insulator,False,True
Cs2KMnBr6,K,Mn,Br,0.37693,semiconductor,False,False
Cs2NbAuBr6,Nb,Au,Br,1.08535,semiconductor,False,False
Cs2ZnBaBr6,Zn,Ba,Br,4.76954,insulator,False,False
Cs2NdPtBr6,Nd,Pt,Br,1.00396,semiconductor,False,False
Cs2TaAuBr6,Ta,Au,Br,0.13995,semiconductor,False,False
Cs2YHgBr6,Y,Hg,Br,0.1357499999999999,semiconductor,True,True
Cs2PCuF6,P,Cu,F,2.96837,semiconductor,False,False
Cs2TiVacF6,Ti,,F,7.3023,insulator,False,False
Cs2GaPdF6,Ga,Pd,F,2.20587,semiconductor,False,False
Cs2HoHgBr6,Ho,Hg,Br,0.10077,semiconductor,True,True
Cs2GaAuBr6,Ga,Au,Br,0.0316,metallic,False,False
Cs2NaCmBr6,Na,Cm,Br,5.40671,insulator,False,True
Cs2PtPbBr6,Pt,Pb,Br,0.0125,half-metal,True,False
Cs2NaPmBr6,Na,Pm,Br,3.3600000000000003,semiconductor,False,True
Cs2InHgBr6,In,Hg,Br,0.01282,metallic,False,False
Cs2CrAuBr6,Cr,Au,Br,0.70621,semiconductor,False,False
Cs2CoNdBr6,Co,Nd,Br,1.23553,semiconductor,False,False
Cs2FeNdBr6,Fe,Nd,Br,0.04326,half-metal,False,False
Cs2AgEuBr6,Ag,Eu,Br,0.8308,semiconductor,False,True
Cs2CoRbBr6,Co,Rb,Br,2.66576,semiconductor,False,False
Cs2FeTlBr6,Fe,Tl,Br,0.85233,semiconductor,True,False
Cs2MnAuBr6,Mn,Au,Br,0.02438,half-metal,False,False
Cs2KNbBr6,K,Nb,Br,1.46612,semiconductor,False,False
Cs2NiRbBr6,Ni,Rb,Br,0.13119,semiconductor,False,False
Cs2KTaBr6,K,Ta,Br,1.14654,semiconductor,False,False
Cs2MnBaBr6,Mn,Ba,Br,4.71308,insulator,True,False
Cs2AsRbBr6,As,Rb,Br,3.7046,semiconductor,False,False
Cs2VPbBr6,V,Pb,Br,3.05793,semiconductor,False,False
Cs2NiNdBr6,Ni,Nd,Br,1.085,semiconductor,False,False
Cs2CdTmBr6,Cd,Tm,Br,0.02284,half-metal,False,True
Cs2SrPtBr6,Sr,Pt,Br,1.63395,semiconductor,True,False
Cs2DyHgBr6,Dy,Hg,Br,0.03286,half-metal,True,True
Cs2CuThBr6,Cu,Th,Br,0.25411,semiconductor,False,False
Cs2NaSmBr6,Na,Sm,Br,2.58042,semiconductor,False,True
Cs2KFeBr6,K,Fe,Br,2.60573,semiconductor,False,False
Cs2CrAmBr6,Cr,Am,Br,0.44233,semiconductor,True,False
Cs2AgSmBr6,Ag,Sm,Br,1.91372,semiconductor,False,True
Cs2CdHgBr6,Cd,Hg,Br,0.75377,semiconductor,False,True
Cs2EuPtBr6,Eu,Pt,Br,0.22751,semiconductor,False,False
Cs2VSrBr6,V,Sr,Br,3.85619,semiconductor,False,False
Cs2CdYbBr6,Cd,Yb,Br,0.5904100000000001,semiconductor,False,True
Cs2MnSmBr6,Mn,Sm,Br,1.83858,semiconductor,False,False
Cs2MnTlBr6,Mn,Tl,Br,0.02392,half-metal,False,False
Cs2LiThBr6,Li,Th,Br,0.22275,semiconductor,False,False
Cs2TbHgBr6,Tb,Hg,Br,0.10703,semiconductor,True,True
Cs2InFrF6,In,Fr,F,6.75446,insulator,False,True
Cs2NaEuBr6,Na,Eu,Br,1.53361,semiconductor,False,True
Cs2ScAuBr6,Sc,Au,Br,2.84802,semiconductor,False,False
Cs2CrTlBr6,Cr,Tl,Br,2.29942,semiconductor,False,False
Cs2CrBaBr6,Cr,Ba,Br,1.86272,semiconductor,False,False
Cs2FeRbBr6,Fe,Rb,Br,2.68797,semiconductor,False,False
Cs2YbNpBr6,Yb,Np,Br,0.6815599999999999,semiconductor,False,True
Cs2CdEuBr6,Cd,Eu,Br,0.8312299999999999,semiconductor,False,True
Cs2GaTlBr6,Ga,Tl,Br,2.06274,semiconductor,False,False
Cs2SrAgBr6,Sr,Ag,Br,0.01602,half-metal,False,True
Cs2AgPmBr6,Ag,Pm,Br,2.60817,semiconductor,False,True
Cs2AgCmBr6,Ag,Cm,Br,3.26617,semiconductor,True,True
Cs2VEuBr6,V,Eu,Br,2.65192,semiconductor,False,False
Cs2ZnSmBr6,Zn,Sm,Br,0.18655,semiconductor,True,False
Cs2KNiBr6,K,Ni,Br,0.1160799999999999,semiconductor,False,False
Cs2NFrBr6,N,Fr,Br,2.3874,semiconductor,False,False
Cs2KAsBr6,K,As,Br,3.71974,semiconductor,False,False
Cs2PRbBr6,P,Rb,Br,3.32196,semiconductor,False,False
Cs2MnAmBr6,Mn,Am,Br,1.95666,semiconductor,False,False
Cs2TiNpBr6,Ti,Np,Br,0.9725,semiconductor,False,True
Cs2NaGdBr6,Na,Gd,Br,5.372050000000001,insulator,False,True
Cs2KCoBr6,K,Co,Br,2.52746,semiconductor,False,False
Cs2KScBr6,K,Sc,Br,4.7719000000000005,insulator,False,False
Cs2AgAmBr6,Ag,Am,Br,1.9663,semiconductor,False,True
Cs2CrPbBr6,Cr,Pb,Br,0.73941,semiconductor,False,False
Cs2GdHgBr6,Gd,Hg,Br,0.14338,semiconductor,True,True
Cs2SbAuBr6,Sb,Au,Br,0.3077499999999999,semiconductor,False,False
Cs2SrCdBr6,Sr,Cd,Br,4.52387,insulator,False,True
Cs2KAgBr6,K,Ag,Br,0.79425,semiconductor,True,False
Cs2AgPbBr6,Ag,Pb,Br,0.01284,metallic,False,True
Cs2PdHgBr6,Pd,Hg,Br,0.01278,metallic,False,False
Cs2AgInBr6,Ag,In,Br,1.22419,semiconductor,False,False
Cs2SbHgBr6,Sb,Hg,Br,0.01118,metallic,False,False
Cs2CaCdBr6,Ca,Cd,Br,4.29273,insulator,False,True
Cs2ZnAmBr6,Zn,Am,Br,0.81398,semiconductor,False,False
Cs2AsAuBr6,As,Au,Br,0.18438,semiconductor,False,False
Cs2NiAuBr6,Ni,Au,Br,0.01268,half-metal,False,False
Cs2GeSmBr6,Ge,Sm,Br,1.19143,semiconductor,False,False
Cs2MnRbBr6,Mn,Rb,Br,0.36415,semiconductor,False,False
Cs2AgNdBr6,Ag,Nd,Br,3.23146,semiconductor,True,True
Cs2CoAuBr6,Co,Au,Br,0.01276,half-metal,False,False
Cs2CrRbBr6,Cr,Rb,Br,3.1601700000000004,semiconductor,True,False
Cs2CrSrBr6,Cr,Sr,Br,1.87414,semiconductor,False,False
Cs2EuHgBr6,Eu,Hg,Br,0.01918,half-metal,False,True
Cs2NaTbBr6,Na,Tb,Br,5.3419300000000005,insulator,True,True
Cs2KSbBr6,K,Sb,Br,3.62572,semiconductor,False,False
Cs2AgPrBr6,Ag,Pr,Br,3.32877,semiconductor,False,True
Cs2VBaBr6,V,Ba,Br,3.89758,semiconductor,False,False
Cs2GaRbBr6,Ga,Rb,Br,3.59957,semiconductor,False,False
Cs2NaAcBr6,Na,Ac,Br,5.52866,insulator,False,True
Cs2VTlBr6,V,Tl,Br,2.3570200000000003,semiconductor,False,False
Cs2KPdBr6,K,Pd,Br,0.35485,semiconductor,False,False
Cs2CdPbBr6,Cd,Pb,Br,2.64535,semiconductor,False,True
Cs2AgHgBr6,Ag,Hg,Br,0.0125,metallic,False,False
Cs2CaAgBr6,Ca,Ag,Br,0.0185,half-metal,False,True
Cs2MgSmBr6,Mg,Sm,Br,2.29752,semiconductor,False,False
Cs2PTlBr6,P,Tl,Br,1.05016,semiconductor,False,False
Cs2MnPbBr6,Mn,Pb,Br,2.75344,semiconductor,False,False
Cs2GeAmBr6,Ge,Am,Br,1.39301,semiconductor,False,False
Cs2TeVacBr6,Te,,Br,2.65621,semiconductor,False,True
Cs2CrPdF6,Cr,Pd,F,2.02311,semiconductor,False,False
Cs2ScHgBr6,Sc,Hg,Br,0.07116,half-metal,True,False
Cs2CrEuBr6,Cr,Eu,Br,0.71507,semiconductor,False,False
Cs2SmHgBr6,Sm,Hg,Br,0.32143,semiconductor,True,True
Cs2NaDyBr6,Na,Dy,Br,4.46354,insulator,False,True
Cs2AgPuBr6,Ag,Pu,Br,2.94835,semiconductor,False,True
Cs2TiNdBr6,Ti,Nd,Br,0.6021099999999999,semiconductor,True,True
Cs2BaPtBr6,Ba,Pt,Br,1.67637,semiconductor,True,False
Cs2BeRaBr6,Be,Ra,Br,5.035010000000001,insulator,False,False
Cs2MnSrBr6,Mn,Sr,Br,4.90709,insulator,True,False
Cs2TiDyBr6,Ti,Dy,Br,0.15348,semiconductor,True,True
Cs2MgAmBr6,Mg,Am,Br,2.0447,semiconductor,False,False
Cs2ZnPbBr6,Zn,Pb,Br,2.62618,semiconductor,False,False
Cs2MnPdF6,Mn,Pd,F,1.14494,semiconductor,False,False
Cs2NaHoBr6,Na,Ho,Br,4.368410000000001,insulator,False,True
Cs2HgCmBr6,Hg,Cm,Br,0.0227,metallic,False,True
Cs2PmHgBr6,Pm,Hg,Br,0.22033,semiconductor,True,True
Cs2VRbBr6,V,Rb,Br,2.77208,semiconductor,False,False
Cs2AgNpBr6,Ag,Np,Br,3.06026,semiconductor,False,True
Cs2AgCeBr6,Ag,Ce,Br,4.57581,insulator,False,True
Cs2CdAmBr6,Cd,Am,Br,0.7465999999999999,semiconductor,False,True
Cs2GePbBr6,Ge,Pb,Br,1.56298,semiconductor,False,False
Cs2NaYBr6,Na,Y,Br,5.5312,insulator,False,True
Cs2KCuBr6,K,Cu,Br,0.90778,semiconductor,False,False
Cs2ZnSrBr6,Zn,Sr,Br,4.42595,insulator,False,False
Cs2MnEuBr6,Mn,Eu,Br,2.53341,semiconductor,False,False
Cs2CuPbBr6,Cu,Pb,Br,0.0124,metallic,False,False
Cs2RhTlBr6,Rh,Tl,Br,2.1187,semiconductor,False,False
Cs2AlKBr6,Al,K,Br,4.59436,insulator,False,False
Cs2FeSmBr6,Fe,Sm,Br,0.9443,semiconductor,True,False
Cs2DyNpBr6,Dy,Np,Br,0.58189,semiconductor,False,True
Cs2InAuBr6,In,Au,Br,0.05662,metallic,False,False
Cs2NiRaBr6,Ni,Ra,Br,3.47337,semiconductor,True,False
Cs2TiTlBr6,Ti,Tl,Br,2.4619500000000003,semiconductor,False,False
Cs2CdSmBr6,Cd,Sm,Br,0.0828,half-metal,False,True
Cs2CaEuBr6,Ca,Eu,Br,2.93519,semiconductor,False,True
Cs2ZnEuBr6,Zn,Eu,Br,0.8774,semiconductor,False,False
Cs2GeSrBr6,Ge,Sr,Br,4.05819,insulator,False,False
Cs2NaErBr6,Na,Er,Br,3.98817,semiconductor,False,True
Cs2CuSrBr6,Cu,Sr,Br,1.1113000000000002,semiconductor,False,False
Cs2AgSbBr6,Ag,Sb,Br,1.47071,semiconductor,False,False
Cs2TaHgBr6,Ta,Hg,Br,1.1973399999999998,semiconductor,False,False
Cs2MgPbBr6,Mg,Pb,Br,3.85819,semiconductor,False,False
Cs2NbHgBr6,Nb,Hg,Br,1.09844,semiconductor,True,False
Cs2NdHgBr6,Nd,Hg,Br,0.33579,semiconductor,True,True
Cs2BeMnF6,Be,Mn,F,6.7654,insulator,False,False
Cs2RhVacF6,Rh,,F,2.2756000000000003,semiconductor,False,False
Cs2LiPF6,Li,P,F,5.3313,insulator,False,False
Cs2AgUBr6,Ag,U,Br,2.15092,semiconductor,False,True
Cs2FeRaBr6,Fe,Ra,Br,3.68399,semiconductor,False,False
Cs2AlAuBr6,Al,Au,Br,0.75739,semiconductor,False,False
Cs2NaTlBr6,Na,Tl,Br,2.01262,semiconductor,False,True
Cs2CoRaBr6,Co,Ra,Br,3.64172,semiconductor,True,False
Cs2IrTlBr6,Ir,Tl,Br,2.73601,semiconductor,False,False
Cs2PrHgBr6,Pr,Hg,Br,0.16862,semiconductor,True,True
Cs2KInBr6,K,In,Br,3.82131,semiconductor,False,False
Cs2CaSrBr6,Ca,Sr,Br,5.62864,insulator,False,True
Cs2RuTlBr6,Ru,Tl,Br,1.90844,semiconductor,False,False
Cs2AgBiBr6,Ag,Bi,Br,2.07415,semiconductor,False,True
Cs2NaTmBr6,Na,Tm,Br,3.21095,semiconductor,True,True
Cs2NiAmBr6,Ni,Am,Br,0.55074,semiconductor,False,False
Cs2GeEuBr6,Ge,Eu,Br,1.8972,semiconductor,False,False
Cs2MgSrBr6,Mg,Sr,Br,5.48106,insulator,False,False
Cs2PtNpBr6,Pt,Np,Br,0.6693,semiconductor,False,False
Cs2AgAgBr6,Ag,Ag,Br,0.01116,metallic,False,False
Cs2AgLaBr6,Ag,La,Br,4.6905,insulator,False,True
Cs2RbRhBr6,Rb,Rh,Br,3.12605,semiconductor,False,False
Cs2ScAgBr6,Sc,Ag,Br,4.16116,insulator,False,False
Cs2AgCdBr6,Ag,Cd,Br,0.01262,half-metal,False,True
Cs2MgEuBr6,Mg,Eu,Br,3.07475,semiconductor,False,False
Cs2CuAcBr6,Cu,Ac,Br,3.84039,semiconductor,False,False
Cs2TiTmBr6,Ti,Tm,Br,1.29308,semiconductor,False,True
Cs2VNpBr6,V,Np,Br,0.57999,semiconductor,True,False
Cs2AgPaBr6,Ag,Pa,Br,0.6003499999999999,semiconductor,False,True
Cs2EuYbBr6,Eu,Yb,Br,2.75356,semiconductor,False,True
Cs2CaPbBr6,Ca,Pb,Br,4.67104,insulator,False,True
Cs2TiRbBr6,Ti,Rb,Br,2.53257,semiconductor,False,False
Cs2MoTlBr6,Mo,Tl,Br,3.12453,semiconductor,False,False
Cs2NaYbBr6,Na,Yb,Br,2.32963,semiconductor,False,True
Cs2CoPbBr6,Co,Pb,Br,2.4313200000000004,semiconductor,True,False
Cs2FePbBr6,Fe,Pb,Br,2.7784,semiconductor,True,False
Cs2NaLuBr6,Na,Lu,Br,5.80938,insulator,False,True
Cs2MoHgBr6,Mo,Hg,Br,0.0279,half-metal,False,False
Cs2NiPbBr6,Ni,Pb,Br,1.98234,semiconductor,True,False
Cs2PoVacBr6,Po,,Br,3.24614,semiconductor,False,True
Cs2LiAcBr6,Li,Ac,Br,5.64649,insulator,False,False
Cs2TiYbBr6,Ti,Yb,Br,2.04644,semiconductor,False,True
Cs2ThVacBr6,Th,,Br,5.3530500000000005,insulator,False,True
Cs2RbIrBr6,Rb,Ir,Br,3.17066,semiconductor,False,False
Cs2SrYbBr6,Sr,Yb,Br,2.62551,semiconductor,False,True
Cs2HgNpBr6,Hg,Np,Br,1.10448,semiconductor,True,True
Cs2RbRuBr6,Rb,Ru,Br,1.82523,semiconductor,False,False
Cs2MgRaBr6,Mg,Ra,Br,5.25746,insulator,False,False
Cs2EuTmBr6,Eu,Tm,Br,2.00619,semiconductor,True,True
Cs2SrHgBr6,Sr,Hg,Br,3.23427,semiconductor,False,True
Cs2CeHgBr6,Ce,Hg,Br,0.2978599999999999,semiconductor,True,True
Cs2CoSrBr6,Co,Sr,Br,3.62602,semiconductor,True,False
Cs2FeSrBr6,Fe,Sr,Br,3.54276,semiconductor,False,False
Cs2RuHgBr6,Ru,Hg,Br,0.02102,metallic,False,False
Cs2NaAuBr6,Na,Au,Br,0.42551,semiconductor,True,True
Cs2AgTaBr6,Ag,Ta,Br,1.18035,semiconductor,False,False
Cs2DyPtBr6,Dy,Pt,Br,0.91436,semiconductor,False,False
Cs2NbAgBr6,Nb,Ag,Br,1.44434,semiconductor,False,False
Cs2NiSrBr6,Ni,Sr,Br,3.39105,semiconductor,False,False
Cs2IrHgBr6,Ir,Hg,Br,0.01284,metallic,False,False
Cs2HgPbBr6,Hg,Pb,Br,1.4575,semiconductor,False,True
Cs2PdBaBr6,Pd,Ba,Br,1.76453,semiconductor,True,True
Cs2GeRaBr6,Ge,Ra,Br,3.87411,semiconductor,False,False
Cs2CuRaBr6,Cu,Ra,Br,1.07101,semiconductor,False,False
Cs2RbMoBr6,Rb,Mo,Br,3.40806,semiconductor,True,False
Cs2TiBaBr6,Ti,Ba,Br,2.13931,semiconductor,False,True
Cs2CaAmBr6,Ca,Am,Br,2.20899,semiconductor,False,True
Cs2YbPbBr6,Yb,Pb,Br,1.81474,semiconductor,False,True
Cs2CoEuBr6,Co,Eu,Br,1.17299,semiconductor,False,False
Cs2CrNpBr6,Cr,Np,Br,1.67694,semiconductor,True,False
Cs2FeEuBr6,Fe,Eu,Br,1.74215,semiconductor,False,False
Cs2HgUBr6,Hg,U,Br,1.74547,semiconductor,False,True
Cs2CaPdBr6,Ca,Pd,Br,1.65664,semiconductor,True,True
Cs2TiHgBr6,Ti,Hg,Br,1.1177400000000002,semiconductor,False,False
Cs2NiEuBr6,Ni,Eu,Br,0.97735,semiconductor,False,False
Cs2CaTiBr6,Ca,Ti,Br,2.23317,semiconductor,False,True
Cs2CaSmBr6,Ca,Sm,Br,2.1389500000000004,semiconductor,False,True
Cs2NbTlBr6,Nb,Tl,Br,1.4806499999999998,semiconductor,False,False
Cs2TmPbBr6,Tm,Pb,Br,1.03269,semiconductor,True,True
Cs2TaTlBr6,Ta,Tl,Br,1.07428,semiconductor,False,False
Cs2AuAuBr6,Au,Au,Br,0.01116,metallic,False,True
Cs2HgBiBr6,Hg,Bi,Br,0.01298,metallic,False,True
Cs2ZnRaBr6,Zn,Ra,Br,4.61655,insulator,False,False
Cs2LaHgBr6,La,Hg,Br,0.24722,semiconductor,True,True
Cs2BeZnF6,Be,Zn,F,6.65039,insulator,False,False
Cs2RhHgBr6,Rh,Hg,Br,0.02192,metallic,False,False
Cs2NaThBr6,Na,Th,Br,0.32472,semiconductor,False,True
Cs2KAuBr6,K,Au,Br,0.94439,semiconductor,True,True
Cs2YbAmBr6,Yb,Am,Br,2.25286,semiconductor,False,True
Cs2MnRaBr6,Mn,Ra,Br,4.46164,insulator,False,False
Cs2HgPaBr6,Hg,Pa,Br,2.87136,semiconductor,True,True
Cs2LuAuBr6,Lu,Au,Br,2.80345,semiconductor,False,True
Cs2TlAcF6,Tl,Ac,F,5.32134,insulator,False,True
Cs2YbAuBr6,Yb,Au,Br,0.81045,semiconductor,False,True
Cs2MoAgBr6,Mo,Ag,Br,2.14859,semiconductor,False,False
Cs2ZnNpBr6,Zn,Np,Br,0.4212599999999999,semiconductor,True,False
Cs2EuDyBr6,Eu,Dy,Br,0.0331,half-metal,False,True
Cs2PFrBr6,P,Fr,Br,3.16182,semiconductor,False,False
Cs2RbTaBr6,Rb,Ta,Br,1.20383,semiconductor,False,False
Cs2RbNbBr6,Rb,Nb,Br,1.4888,semiconductor,False,False
Cs2CdNdBr6,Cd,Nd,Br,0.46589,semiconductor,True,True
Cs2SmYbBr6,Sm,Yb,Br,2.19694,semiconductor,False,True
Cs2KLuBr6,K,Lu,Br,5.65063,insulator,False,True
Cs2CrDyBr6,Cr,Dy,Br,1.04924,semiconductor,False,False
Cs2ScTlBr6,Sc,Tl,Br,3.97836,semiconductor,False,False
Cs2CrRaBr6,Cr,Ra,Br,1.80429,semiconductor,False,False
Cs2GeNpBr6,Ge,Np,Br,0.01998,half-metal,False,False
Cs2RuAgBr6,Ru,Ag,Br,1.40457,semiconductor,True,False
Cs2VHgBr6,V,Hg,Br,0.02948,metallic,False,False
Cs2AgIrBr6,Ag,Ir,Br,1.60034,semiconductor,False,False
Cs2KYbBr6,K,Yb,Br,2.51405,semiconductor,False,True
Cs2TmPtBr6,Tm,Pt,Br,0.27982,semiconductor,False,False
Cs2SrDyBr6,Sr,Dy,Br,0.51517,semiconductor,True,True
Cs2TmAuBr6,Tm,Au,Br,1.93227,semiconductor,False,True
Cs2AuTlBr6,Au,Tl,Br,0.01316,metallic,False,True
Cs2TiAgBr6,Ti,Ag,Br,2.30201,semiconductor,False,False
Cs2YbPtBr6,Yb,Pt,Br,0.0226,half-metal,False,False
Cs2VTmBr6,V,Tm,Br,1.54553,semiconductor,True,False
Cs2NaInBr6,Na,In,Br,3.18228,semiconductor,False,False
Cs2MnDyBr6,Mn,Dy,Br,0.56006,semiconductor,False,False
Cs2MgNpBr6,Mg,Np,Br,0.20027,semiconductor,False,False
Cs2PKBr6,P,K,Br,3.33099,semiconductor,False,False
Cs2PtHgBr6,Pt,Hg,Br,0.05085,metallic,False,False
Cs2KTmBr6,K,Tm,Br,3.34383,semiconductor,False,True
Cs2SbTlBr6,Sb,Tl,Br,1.3614499999999998,semiconductor,False,False
Cs2ErAuBr6,Er,Au,Br,2.74011,semiconductor,True,True
Cs2BeCuF6,Be,Cu,F,2.9854700000000003,semiconductor,False,False
Cs2BeGeF6,Be,Ge,F,5.94015,insulator,False,False
Cs2NNaF6,N,Na,F,4.22299,insulator,False,False
Cs2RhAgBr6,Rh,Ag,Br,1.5568300000000002,semiconductor,False,False
Cs2ScRbBr6,Sc,Rb,Br,4.82002,insulator,False,False
Cs2KTlBr6,K,Tl,Br,2.64593,semiconductor,False,True
Cs2CuPaBr6,Cu,Pa,Br,0.94842,semiconductor,False,False
Cs2GaHgBr6,Ga,Hg,Br,0.01264,metallic,False,False
Cs2ZnDyBr6,Zn,Dy,Br,0.1831,semiconductor,True,False
Cs2VYbBr6,V,Yb,Br,2.28975,semiconductor,False,False
Cs2PdCdBr6,Pd,Cd,Br,0.01252,metallic,False,True
Cs2PAuBr6,P,Au,Br,0.01118,metallic,False,False
Cs2TiCdBr6,Ti,Cd,Br,0.53524,semiconductor,False,True
Cs2EuNpBr6,Eu,Np,Br,0.48179,semiconductor,False,True
Cs2RbAgBr6,Rb,Ag,Br,0.84359,semiconductor,True,False
Cs2AgAcBr6,Ag,Ac,Br,4.37469,insulator,False,True
Cs2KErBr6,K,Er,Br,4.164680000000001,insulator,True,True
Cs2YAuBr6,Y,Au,Br,3.0997600000000003,semiconductor,False,True
Cs2VRaBr6,V,Ra,Br,3.71411,semiconductor,False,False
Cs2HoAuBr6,Ho,Au,Br,2.9396500000000003,semiconductor,False,True
Cs2CrHgBr6,Cr,Hg,Br,0.0217,metallic,False,False
Cs2MnHgBr6,Mn,Hg,Br,0.55332,semiconductor,False,False
Cs2CuLaBr6,Cu,La,Br,3.98501,semiconductor,False,False
Cs2GeDyBr6,Ge,Dy,Br,0.24799,semiconductor,False,False
Cs2PaVacBr6,Pa,,Br,5.11002,insulator,False,True
Cs2CuBiBr6,Cu,Bi,Br,1.59407,semiconductor,False,False
Cs2PdAgBr6,Pd,Ag,Br,0.01266,metallic,False,True
Cs2CaPtBr6,Ca,Pt,Br,1.5917,semiconductor,True,False
Cs2BeBaBr6,Be,Ba,Br,5.24204,insulator,False,False
Cs2PdThBr6,Pd,Th,Br,2.20044,semiconductor,False,False
Cs2RbPdBr6,Rb,Pd,Br,0.28837,semiconductor,False,False
Cs2PtRaBr6,Pt,Ra,Br,1.5615,semiconductor,True,False
Cs2RbSbBr6,Rb,Sb,Br,3.59968,semiconductor,False,False
Cs2SrNpBr6,Sr,Np,Br,0.3717,semiconductor,False,True
Cs2KYBr6,K,Y,Br,5.605,insulator,False,True
Cs2KHoBr6,K,Ho,Br,4.64494,insulator,True,True
Cs2CuUBr6,Cu,U,Br,2.53034,semiconductor,False,False
Cs2CrTmBr6,Cr,Tm,Br,0.5328,semiconductor,True,False
Cs2FeNpBr6,Fe,Np,Br,1.4503,semiconductor,False,False
Cs2DyAuBr6,Dy,Au,Br,2.90682,semiconductor,True,True
Cs2LiLaBr6,Li,La,Br,5.41548,insulator,False,False
Cs2MgDyBr6,Mg,Dy,Br,0.10195,semiconductor,True,False
Cs2BRbBr6,B,Rb,Br,2.98911,semiconductor,False,False
Cs2VAgBr6,V,Ag,Br,2.46275,semiconductor,False,False
Cs2CaVBr6,Ca,V,Br,3.7688,semiconductor,False,False
Cs2LiBiBr6,Li,Bi,Br,3.74233,semiconductor,False,False
Cs2FeHgBr6,Fe,Hg,Br,0.01264,metallic,False,False
Cs2CaNdBr6,Ca,Nd,Br,1.14615,semiconductor,False,True
Cs2AgBaBr6,Ag,Ba,Br,0.01308,half-metal,False,True
Cs2PbNpBr6,Pb,Np,Br,0.01978,half-metal,False,True
Cs2CrYbBr6,Cr,Yb,Br,0.4051099999999999,semiconductor,False,False
Cs2LiUBr6,Li,U,Br,2.72987,semiconductor,False,False
Cs2KDyBr6,K,Dy,Br,4.62411,insulator,True,True
Cs2TbAuBr6,Tb,Au,Br,2.98717,semiconductor,False,True
Cs2FeVacF6,Fe,,F,1.34213,semiconductor,False,False
Cs2BeMgF6,Be,Mg,F,8.67229,insulator,False,False
Cs2AsPdF6,As,Pd,F,1.70578,semiconductor,False,False
Cs2UVacBr6,U,,Br,2.9902,semiconductor,False,True
Cs2MnTmBr6,Mn,Tm,Br,1.6508500000000002,semiconductor,True,False
Cs2CuNpBr6,Cu,Np,Br,3.20074,semiconductor,False,False
Cs2NaSbBr6,Na,Sb,Br,3.19869,semiconductor,False,False
Cs2CuCeBr6,Cu,Ce,Br,3.90672,semiconductor,True,False
Cs2NaPdBr6,Na,Pd,Br,0.01262,half-metal,False,False
Cs2CdBaBr6,Cd,Ba,Br,4.795780000000001,insulator,False,True
Cs2InTlBr6,In,Tl,Br,2.25296,semiconductor,False,False
Cs2KTbBr6,K,Tb,Br,5.528029999999999,insulator,True,True
Cs2BTlBr6,B,Tl,Br,1.58153,semiconductor,False,False
Cs2ZnTmBr6,Zn,Tm,Br,0.02218,metallic,False,False
Cs2MnYbBr6,Mn,Yb,Br,2.43522,semiconductor,True,False
Cs2AsHgBr6,As,Hg,Br,0.01116,metallic,False,False
Cs2NiHgBr6,Ni,Hg,Br,0.54866,semiconductor,False,False
Cs2NaAgBr6,Na,Ag,Br,0.14385,semiconductor,True,False
Cs2GaAgBr6,Ga,Ag,Br,0.98379,semiconductor,False,False
Cs2LiNpBr6,Li,Np,Br,3.02784,semiconductor,False,False
Cs2CuPuBr6,Cu,Pu,Br,2.67583,semiconductor,False,False
Cs2LiCeBr6,Li,Ce,Br,5.2697,insulator,False,False
Cs2BaNdF6,Ba,Nd,F,0.01732,metallic,False,True
Cs2RbAcF6,Rb,Ac,F,7.278829999999999,insulator,False,True
Cs2CoHgBr6,Co,Hg,Br,0.68262,semiconductor,False,False
Cs2CoDyBr6,Co,Dy,Br,1.68586,semiconductor,False,False
Cs2GdAuBr6,Gd,Au,Br,2.99522,semiconductor,False,True
Cs2CaCrBr6,Ca,Cr,Br,1.91781,semiconductor,False,False
Cs2FeDyBr6,Fe,Dy,Br,0.7957,semiconductor,False,False
Cs2CrAgBr6,Cr,Ag,Br,1.7298,semiconductor,False,False
Cs2NaScBr6,Na,Sc,Br,4.6227,insulator,False,False
Cs2NdYbBr6,Nd,Yb,Br,1.221,semiconductor,False,True
Cs2NpAmBr6,Np,Am,Br,0.02164,half-metal,False,True
Cs2HgAcBr6,Hg,Ac,Br,0.1639399999999999,semiconductor,True,True
Cs2MnAgBr6,Mn,Ag,Br,0.02448,half-metal,False,False
Cs2ZnYbBr6,Zn,Yb,Br,0.62681,semiconductor,False,False
Cs2ZnHgBr6,Zn,Hg,Br,0.5871,semiconductor,False,False
Cs2CuPrBr6,Cu,Pr,Br,2.59168,semiconductor,False,False
Cs2NiDyBr6,Ni,Dy,Br,1.61178,semiconductor,False,False
Cs2LiPuBr6,Li,Pu,Br,3.2686800000000003,semiconductor,False,False
Cs2GeTmBr6,Ge,Tm,Br,0.9734,semiconductor,False,False
Cs2EuAuBr6,Eu,Au,Br,0.26676,semiconductor,False,True
Cs2KGdBr6,K,Gd,Br,5.51682,insulator,False,True
Cs2RbInBr6,Rb,In,Br,3.96354,semiconductor,False,False
Cs2SmNpBr6,Sm,Np,Br,0.02118,half-metal,False,True
Cs2CuNdBr6,Cu,Nd,Br,2.4951600000000003,semiconductor,True,False
Cs2CaMnBr6,Ca,Mn,Br,4.91208,insulator,True,False
Cs2GeYbBr6,Ge,Yb,Br,1.67941,semiconductor,False,False
Cs2CdPtBr6,Cd,Pt,Br,0.0126,metallic,False,False
Cs2GeHgBr6,Ge,Hg,Br,0.56772,semiconductor,False,False
Cs2MgTmBr6,Mg,Tm,Br,1.09118,semiconductor,True,False
Cs2LiPrBr6,Li,Pr,Br,4.19962,insulator,True,False
Cs2VVacF6,V,,F,3.1891,semiconductor,False,False
Cs2KEuBr6,K,Eu,Br,1.6965,semiconductor,False,True
Cs2SmAuBr6,Sm,Au,Br,1.36405,semiconductor,False,True
Cs2CuAmBr6,Cu,Am,Br,1.3503699999999998,semiconductor,False,False
Cs2LiNdBr6,Li,Nd,Br,3.76516,semiconductor,False,False
Cs2MgHgBr6,Mg,Hg,Br,1.87497,semiconductor,False,False
Cs2MgYbBr6,Mg,Yb,Br,0.02412,metallic,False,False
Cs2CaZnBr6,Ca,Zn,Br,4.14454,insulator,False,False
Cs2VCdBr6,V,Cd,Br,2.08812,semiconductor,False,False
Cs2AgPtBr6,Ag,Pt,Br,0.01234,metallic,False,False
Cs2CeVacBr6,Ce,,Br,2.06224,semiconductor,False,True
Cs2NaTaBr6,Na,Ta,Br,1.12479,semiconductor,False,False
Cs2NpVacBr6,Np,,Br,3.15718,semiconductor,False,True
Cs2BeNdBr6,Be,Nd,Br,0.84763,semiconductor,False,False
Cs2CuCmBr6,Cu,Cm,Br,3.58181,semiconductor,False,False
Cs2NaNbBr6,Na,Nb,Br,1.39053,semiconductor,False,False
Cs2CuPmBr6,Cu,Pm,Br,1.86714,semiconductor,False,False
Cs2AlFrBr6,Al,Fr,Br,4.71762,insulator,False,False
Cs2EuRaF6,Eu,Ra,F,0.01852,metallic,False,True
Cs2AuFrF6,Au,Fr,F,2.63289,semiconductor,True,True
Cs2LiAmBr6,Li,Am,Br,2.55269,semiconductor,False,False
Cs2KSmBr6,K,Sm,Br,2.75371,semiconductor,False,True
Cs2CuFrBr6,Cu,Fr,Br,1.0942,semiconductor,True,False
Cs2AuCmBr6,Au,Cm,Br,2.55685,semiconductor,False,True
Cs2PdRaBr6,Pd,Ra,Br,1.66262,semiconductor,True,True
Cs2TiRaBr6,Ti,Ra,Br,2.1969700000000003,semiconductor,False,True
Cs2PmAuBr6,Pm,Au,Br,1.99163,semiconductor,False,True
Cs2AsAgBr6,As,Ag,Br,1.3853399999999998,semiconductor,False,False
Cs2LiCmBr6,Li,Cm,Br,5.24185,insulator,False,False
Cs2CuHgBr6,Cu,Hg,Br,0.01226,half-metal,False,False
Cs2CaGeBr6,Ca,Ge,Br,4.08029,insulator,False,False
Cs2CaCuBr6,Ca,Cu,Br,0.96786,semiconductor,False,False
Cs2LiPmBr6,Li,Pm,Br,3.17517,semiconductor,False,False
Cs2CuSmBr6,Cu,Sm,Br,1.2352299999999998,semiconductor,False,False
Cs2AuAmBr6,Au,Am,Br,1.2958,semiconductor,False,True
Cs2CoTmBr6,Co,Tm,Br,0.49412,semiconductor,True,False
Cs2AlHgBr6,Al,Hg,Br,0.01124,metallic,False,False
Cs2CaBaBr6,Ca,Ba,Br,5.46304,insulator,False,True
Cs2KPmBr6,K,Pm,Br,3.51441,semiconductor,False,True
Cs2KCmBr6,K,Cm,Br,5.3274300000000006,insulator,False,True
Cs2SrEuBr6,Sr,Eu,Br,2.64132,semiconductor,False,True
Cs2NiTmBr6,Ni,Tm,Br,0.52674,semiconductor,False,False
Cs2MgCaBr6,Mg,Ca,Br,5.44381,insulator,False,False
Cs2PuVacBr6,Pu,,Br,2.48417,semiconductor,False,True
Cs2NdAuBr6,Nd,Au,Br,2.47497,semiconductor,False,True
Cs2LiSmBr6,Li,Sm,Br,2.40298,semiconductor,False,False
Cs2CoYbBr6,Co,Yb,Br,0.95202,semiconductor,False,False
Cs2CuEuBr6,Cu,Eu,Br,0.2252799999999999,semiconductor,False,False
Cs2KAmBr6,K,Am,Br,2.74728,semiconductor,False,True
Cs2FeYbBr6,Fe,Yb,Br,1.60349,semiconductor,False,False
Cs2CrCdBr6,Cr,Cd,Br,0.53126,semiconductor,False,False
Cs2BeCoF6,Be,Co,F,4.989059999999999,insulator,False,False
Cs2AgThBr6,Ag,Th,Br,0.01808,metallic,False,True
Cs2PrAuBr6,Pr,Au,Br,2.69808,semiconductor,False,True
Cs2EuPbBr6,Eu,Pb,Br,2.05845,semiconductor,False,True
Cs2LuTlBr6,Lu,Tl,Br,4.53796,insulator,False,True
Cs2PdAcBr6,Pd,Ac,Br,1.31301,semiconductor,False,False
Cs2NaMoBr6,Na,Mo,Br,3.0525800000000003,semiconductor,False,False
Cs2SrRaF6,Sr,Ra,F,7.3346,insulator,False,True
Cs2KNdBr6,K,Nd,Br,4.150580000000001,insulator,False,True
Cs2CuGdBr6,Cu,Gd,Br,3.90907,semiconductor,False,False
Cs2BeFeF6,Be,Fe,F,4.289969999999999,insulator,False,False
Cs2LiEuBr6,Li,Eu,Br,1.37007,semiconductor,False,False
Cs2LuFrF6,Lu,Fr,F,7.1929,insulator,False,True
Cs2YbTlBr6,Yb,Tl,Br,1.20075,semiconductor,True,True
Cs2RbAuBr6,Rb,Au,Br,0.96501,semiconductor,True,True
Cs2SrPbBr6,Sr,Pb,Br,4.640960000000001,insulator,False,True
Cs2BaYbBr6,Ba,Yb,Br,2.30295,semiconductor,False,True
Cs2BaHgBr6,Ba,Hg,Br,3.42028,semiconductor,False,True
Cs2KPrBr6,K,Pr,Br,4.444030000000001,insulator,False,True
Cs2AuPuBr6,Au,Pu,Br,2.32575,semiconductor,False,True
Cs2CmVacBr6,Cm,,Br,0.02452,half-metal,False,True
Cs2NaIrBr6,Na,Ir,Br,2.57927,semiconductor,False,False
Cs2MnCdBr6,Mn,Cd,Br,2.05199,semiconductor,False,False
Cs2AmVacBr6,Am,,Br,0.97803,semiconductor,False,True
Cs2NaRuBr6,Na,Ru,Br,1.72295,semiconductor,False,False
Cs2LiGdBr6,Li,Gd,Br,5.16464,insulator,False,False
Cs2CaCoBr6,Ca,Co,Br,3.5725900000000004,semiconductor,False,False
Cs2CaFeBr6,Ca,Fe,Br,3.60653,semiconductor,False,False
Cs2BeNiF6,Be,Ni,F,5.26415,insulator,False,False
Cs2CuTbBr6,Cu,Tb,Br,3.84109,semiconductor,True,False
Cs2CoFrBr6,Co,Fr,Br,2.80779,semiconductor,False,False
Cs2TmTlBr6,Tm,Tl,Br,2.17131,semiconductor,False,True
Cs2CeAuBr6,Ce,Au,Br,3.13503,semiconductor,False,True
Cs2NiFrBr6,Ni,Fr,Br,0.01166,half-metal,False,False
Cs2KPuBr6,K,Pu,Br,3.44839,semiconductor,False,True
Cs2BaTmBr6,Ba,Tm,Br,1.49679,semiconductor,False,True
Cs2AuNpBr6,Au,Np,Br,1.88558,semiconductor,False,True
Cs2AsFrBr6,As,Fr,Br,3.5352900000000003,semiconductor,False,False
Cs2EuAmBr6,Eu,Am,Br,2.0756900000000003,semiconductor,False,True
Cs2NaTiBr6,Na,Ti,Br,2.3646900000000004,semiconductor,False,False
Cs2ZnCdBr6,Zn,Cd,Br,1.85257,semiconductor,False,False
Cs2CaNiBr6,Ca,Ni,Br,3.18402,semiconductor,False,False
Cs2RbLuBr6,Rb,Lu,Br,5.50818,insulator,False,True
Cs2YbFrF6,Yb,Fr,F,6.27134,insulator,False,True
Cs2AlAgBr6,Al,Ag,Br,2.39171,semiconductor,False,False
Cs2NaRhBr6,Na,Rh,Br,2.5711500000000003,semiconductor,False,False
Cs2LiTbBr6,Li,Tb,Br,5.23303,insulator,False,False
Cs2CuDyBr6,Cu,Dy,Br,2.9766000000000004,semiconductor,False,False
Cs2PbRaF6,Pb,Ra,F,5.53057,insulator,False,True
Cs2CuCdBr6,Cu,Cd,Br,0.1634499999999999,semiconductor,False,False
Cs2RbYbBr6,Rb,Yb,Br,2.5651300000000004,semiconductor,False,True
Cs2NRbBr6,N,Rb,Br,2.20901,semiconductor,False,False
Cs2GeCdBr6,Ge,Cd,Br,1.90308,semiconductor,False,False
Cs2ZnAgBr6,Zn,Ag,Br,0.0128,half-metal,False,False
Cs2KNpBr6,K,Np,Br,2.98208,semiconductor,False,True
Cs2ErTlBr6,Er,Tl,Br,3.17731,semiconductor,True,True
Cs2NdNpBr6,Nd,Np,Br,0.02112,half-metal,False,True
Cs2KCeBr6,K,Ce,Br,4.482130000000001,insulator,False,True
Cs2SrAmBr6,Sr,Am,Br,1.97051,semiconductor,False,True
Cs2SmEuBr6,Sm,Eu,Br,1.95405,semiconductor,False,True
Cs2AuUBr6,Au,U,Br,0.96831,semiconductor,False,True
Cs2LiDyBr6,Li,Dy,Br,4.39069,insulator,False,False
Cs2FeFrBr6,Fe,Fr,Br,2.72352,semiconductor,True,False
Cs2BeSmBr6,Be,Sm,Br,1.56397,semiconductor,False,False
Cs2CuHoBr6,Cu,Ho,Br,3.04272,semiconductor,True,False
Cs2CuAgBr6,Cu,Ag,Br,0.01258,metallic,False,False
Cs2MgCdBr6,Mg,Cd,Br,2.94498,semiconductor,False,False
Cs2GeAgBr6,Ge,Ag,Br,0.0151,metallic,False,False
Cs2CuYBr6,Cu,Y,Br,4.14285,insulator,False,False
Cs2HgThBr6,Hg,Th,Br,3.19254,semiconductor,False,True
Cs2YTlBr6,Y,Tl,Br,4.44928,insulator,False,True
Cs2SrSmBr6,Sr,Sm,Br,1.84575,semiconductor,False,True
Cs2PbAmBr6,Pb,Am,Br,1.5445,semiconductor,False,True
Cs2AuBiBr6,Au,Bi,Br,0.8715299999999999,semiconductor,False,True
Cs2RbTmBr6,Rb,Tm,Br,3.45576,semiconductor,True,True
Cs2HoTlBr6,Ho,Tl,Br,3.5249,semiconductor,True,True
Cs2LaAuBr6,La,Au,Br,3.14381,semiconductor,False,True
Cs2KUBr6,K,U,Br,2.39421,semiconductor,False,True
Cs2RbTlBr6,Rb,Tl,Br,2.80261,semiconductor,False,True
Cs2LiHoBr6,Li,Ho,Br,4.37142,insulator,False,False
Cs2MgAgBr6,Mg,Ag,Br,0.01142,half-metal,False,False
Cs2PdPtBr6,Pd,Pt,Br,0.0126,half-metal,False,False
Cs2NTlBr6,N,Tl,Br,0.0112,metallic,False,False
Cs2CuErBr6,Cu,Er,Br,2.60276,semiconductor,False,False
Cs2NaVBr6,Na,V,Br,2.64575,semiconductor,False,False
Cs2BeAmBr6,Be,Am,Br,1.72103,semiconductor,False,False
Cs2TiPtBr6,Ti,Pt,Br,0.262,semiconductor,False,False
Cs2LiYBr6,Li,Y,Br,5.34839,insulator,False,False
Cs2SmPbBr6,Sm,Pb,Br,1.3519599999999998,semiconductor,False,True
Cs2RbErBr6,Rb,Er,Br,4.223730000000001,insulator,True,True
Cs2AuPaBr6,Au,Pa,Br,0.53845,semiconductor,True,True
Cs2KBiBr6,K,Bi,Br,4.33455,insulator,False,True
Cs2AlPdF6,Al,Pd,F,2.5914,semiconductor,False,False
Cs2TmFrF6,Tm,Fr,F,6.90366,insulator,False,True
Cs2DyTlBr6,Dy,Tl,Br,3.60641,semiconductor,True,True
Cs2KLaBr6,K,La,Br,5.524609999999999,insulator,False,True
Cs2MnFrBr6,Mn,Fr,Br,0.22586,semiconductor,False,False
Cs2CuTlBr6,Cu,Tl,Br,0.01254,metallic,False,False
Cs2CrFrBr6,Cr,Fr,Br,3.29058,semiconductor,True,False
Cs2TiVBr6,Ti,V,Br,2.16272,semiconductor,False,False
Cs2BKBr6,B,K,Br,2.81241,semiconductor,False,False
Cs2LiErBr6,Li,Er,Br,3.89091,semiconductor,True,False
Cs2CuTmBr6,Cu,Tm,Br,1.77788,semiconductor,False,False
Cs2CoCdBr6,Co,Cd,Br,2.25226,semiconductor,False,False
Cs2GaFrBr6,Ga,Fr,Br,3.74399,semiconductor,False,False
Cs2AgRaBr6,Ag,Ra,Br,0.01358,half-metal,False,True
Cs2RbYBr6,Rb,Y,Br,5.48044,insulator,False,True
Cs2BaDyBr6,Ba,Dy,Br,0.03159,half-metal,False,True
Cs2RbHoBr6,Rb,Ho,Br,4.60272,insulator,False,True
Cs2LiTlBr6,Li,Tl,Br,1.67479,semiconductor,False,False
Cs2FeCdBr6,Fe,Cd,Br,2.0787,semiconductor,False,False
Cs2TlFrF6,Tl,Fr,F,5.18708,insulator,False,True
Cs2TbTlBr6,Tb,Tl,Br,4.34372,insulator,False,True
Cs2NaGaBr6,Na,Ga,Br,2.77297,semiconductor,False,False
Cs2BAuBr6,B,Au,Br,0.01126,metallic,False,False
Cs2NiCdBr6,Ni,Cd,Br,1.99675,semiconductor,True,False
Cs2LiTmBr6,Li,Tm,Br,2.99569,semiconductor,True,False
Cs2BePbBr6,Be,Pb,Br,3.1447,semiconductor,False,False
Cs2CuYbBr6,Cu,Yb,Br,0.99588,semiconductor,False,False
Cs2CdRaBr6,Cd,Ra,Br,4.59815,insulator,False,True
Cs2CoAgBr6,Co,Ag,Br,1.21,semiconductor,False,False
Cs2SmAmBr6,Sm,Am,Br,0.66423,semiconductor,True,True
Cs2FeAgBr6,Fe,Ag,Br,0.92175,semiconductor,True,False
Cs2NaCrBr6,Na,Cr,Br,2.6209100000000003,semiconductor,True,False
Cs2RbDyBr6,Rb,Dy,Br,4.672969999999999,insulator,False,True
Cs2NaMnBr6,Na,Mn,Br,0.11509,semiconductor,False,False
Cs2ErFrF6,Er,Fr,F,6.54375,insulator,True,True
Cs2CuLuBr6,Cu,Lu,Br,3.85843,semiconductor,False,False
Cs2PdPaBr6,Pd,Pa,Br,1.94548,semiconductor,True,False
Cs2NiAgBr6,Ni,Ag,Br,0.01276,half-metal,False,False
Cs2PHgBr6,P,Hg,Br,0.01114,metallic,False,False
Cs2BeSrBr6,Be,Sr,Br,4.97553,insulator,False,False
Cs2LiYbBr6,Li,Yb,Br,2.2079,semiconductor,True,False
Cs2GdTlBr6,Gd,Tl,Br,4.23203,insulator,False,True
Cs2GeBaI6,Ge,Ba,I,3.46125,semiconductor,False,False
Cs2TiSmI6,Ti,Sm,I,1.50871,semiconductor,True,False
Cs2CuBaI6,Cu,Ba,I,0.31433,semiconductor,False,False
Cs2NiTlI6,Ni,Tl,I,0.01234,half-metal,False,False
Cs2ErHgI6,Er,Hg,I,0.0226,metallic,False,False
Cs2AsTlI6,As,Tl,I,1.0314,semiconductor,False,False
Cs2VNdI6,V,Nd,I,0.87331,semiconductor,False,False
Cs2CoTlI6,Co,Tl,I,1.6738300000000002,semiconductor,False,False
Cs2AgGdI6,Ag,Gd,I,3.62005,semiconductor,False,True
Cs2HgTlI6,Hg,Tl,I,0.0127,metallic,False,False
Cs2DyYbI6,Dy,Yb,I,0.1008,semiconductor,False,True
Cs2ZnBaI6,Zn,Ba,I,3.25291,semiconductor,False,False
Cs2YHgI6,Y,Hg,I,0.0204,metallic,False,False
Cs2NdPtI6,Nd,Pt,I,0.41091,semiconductor,False,False
Cs2TaAuI6,Ta,Au,I,0.01708,metallic,False,False
Cs2NbAuI6,Nb,Au,I,0.77535,semiconductor,False,False
Cs2AgTbI6,Ag,Tb,I,3.62411,semiconductor,False,True
Cs2HoHgI6,Ho,Hg,I,0.02234,metallic,False,False
Cs2CaDyI6,Ca,Dy,I,0.98136,semiconductor,True,True
Cs2BFrI6,B,Fr,I,1.58334,semiconductor,False,False
Cs2KMoI6,K,Mo,I,2.9662,semiconductor,False,False
Cs2TiAmI6,Ti,Am,I,1.71221,semiconductor,True,False
Cs2MgBaI6,Mg,Ba,I,4.4605,insulator,False,False
Cs2AgEuI6,Ag,Eu,I,0.28249,semiconductor,False,True
Cs2FeTlI6,Fe,Tl,I,0.0127,half-metal,False,False
Cs2CoRbI6,Co,Rb,I,1.79595,semiconductor,False,False
Cs2AsRbI6,As,Rb,I,3.10907,semiconductor,False,False
Cs2CaNpI6,Ca,Np,I,0.34984,semiconductor,False,True
Cs2KNbI6,K,Nb,I,1.2602799999999998,semiconductor,False,False
Cs2KTaI6,K,Ta,I,0.97269,semiconductor,False,False
Cs2MnBaI6,Mn,Ba,I,3.92567,semiconductor,True,False
Cs2NiRbI6,Ni,Rb,I,0.01292,half-metal,False,False
Cs2AgDyI6,Ag,Dy,I,2.95628,semiconductor,False,True
Cs2DyHgI6,Dy,Hg,I,0.02132,metallic,False,True
Cs2KRuI6,K,Ru,I,1.56609,semiconductor,False,False
Cs2KIrI6,K,Ir,I,2.53003,semiconductor,False,False
Cs2CuRbI6,Cu,Rb,I,0.36762,semiconductor,False,False
Cs2MoAuI6,Mo,Au,I,0.80409,semiconductor,False,False
Cs2YbHgI6,Yb,Hg,I,0.0225,metallic,False,False
Cs2AgSmI6,Ag,Sm,I,1.30129,semiconductor,False,True
Cs2CrNdI6,Cr,Nd,I,0.77698,semiconductor,False,False
Cs2AlRbI6,Al,Rb,I,2.99651,semiconductor,False,False
Cs2NaLaI6,Na,La,I,4.297899999999999,insulator,False,True
Cs2MnTlI6,Mn,Tl,I,0.02362,half-metal,False,False
Cs2AgHoI6,Ag,Ho,I,3.0226,semiconductor,True,False
Cs2LuHgI6,Lu,Hg,I,0.02494,metallic,False,False
Cs2TbHgI6,Tb,Hg,I,0.0209,metallic,False,True
Cs2IrAuI6,Ir,Au,I,0.1056199999999999,semiconductor,False,False
Cs2TiPbI6,Ti,Pb,I,1.67585,semiconductor,False,False
Cs2YAgI6,Y,Ag,I,3.72184,semiconductor,False,False
Cs2NaBiI6,Na,Bi,I,3.06704,semiconductor,False,True
Cs2KTiI6,K,Ti,I,2.23343,semiconductor,False,False
Cs2RuAuI6,Ru,Au,I,0.0626,half-metal,False,False
Cs2PdPbI6,Pd,Pb,I,0.01206,metallic,False,False
Cs2TmYbI6,Tm,Yb,I,2.16079,semiconductor,True,True
Cs2VFrBr6,V,Fr,Br,2.82304,semiconductor,False,False
Cs2ScAuI6,Sc,Au,I,2.08453,semiconductor,False,False
Cs2CrBaI6,Cr,Ba,I,1.38579,semiconductor,False,False
Cs2CrTlI6,Cr,Tl,I,1.69261,semiconductor,False,False
Cs2CoBaI6,Co,Ba,I,2.78141,semiconductor,False,False
Cs2FeRbI6,Fe,Rb,I,1.73481,semiconductor,False,False
Cs2TiCrBr6,Ti,Cr,Br,0.56381,semiconductor,False,False
Cs2KRhI6,K,Rh,I,2.0097400000000003,semiconductor,False,False
Cs2NaUI6,Na,U,I,2.53599,semiconductor,False,True
Cs2FeBaI6,Fe,Ba,I,3.21105,semiconductor,True,False
Cs2YbNpI6,Yb,Np,I,0.28042,semiconductor,False,True
Cs2AgPmI6,Ag,Pm,I,1.96988,semiconductor,False,True
Cs2SrAgI6,Sr,Ag,I,0.01594,half-metal,False,True
Cs2AgCmI6,Ag,Cm,I,3.17494,semiconductor,False,True
Cs2GaTlI6,Ga,Tl,I,0.85691,semiconductor,False,False
Cs2CdEuI6,Cd,Eu,I,0.99085,semiconductor,False,True
Cs2TiAuI6,Ti,Au,I,1.44343,semiconductor,False,False
Cs2TiSrI6,Ti,Sr,I,2.11765,semiconductor,False,False
Cs2AuHgI6,Au,Hg,I,0.01268,metallic,False,False
Cs2SrPdI6,Sr,Pd,I,0.93995,semiconductor,True,False
Cs2AgErI6,Ag,Er,I,2.57891,semiconductor,True,False
Cs2MnNdI6,Mn,Nd,I,0.79786,semiconductor,True,False
Cs2NiBaI6,Ni,Ba,I,2.47093,semiconductor,False,False
Cs2AgAmI6,Ag,Am,I,1.33208,semiconductor,False,True
Cs2KScI6,K,Sc,I,3.60851,semiconductor,False,False
Cs2GdHgI6,Gd,Hg,I,0.02086,metallic,False,True
Cs2AlTlI6,Al,Tl,I,2.04481,semiconductor,False,False
Cs2AgTlI6,Ag,Tl,I,0.01264,metallic,False,False
Cs2RhAuI6,Rh,Au,I,0.02174,metallic,False,False
Cs2SbAuI6,Sb,Au,I,0.0111,metallic,False,False
Cs2KAgI6,K,Ag,I,0.0142,half-metal,True,False
Cs2AgPbI6,Ag,Pb,I,0.01252,metallic,False,True
Cs2SrCdI6,Sr,Cd,I,3.1053,semiconductor,False,True
Cs2MnRbI6,Mn,Rb,I,0.02246,half-metal,False,False
Cs2AgNdI6,Ag,Nd,I,2.54938,semiconductor,False,True
Cs2ZnNdI6,Zn,Nd,I,0.02666,half-metal,True,False
Cs2TiEuI6,Ti,Eu,I,1.95258,semiconductor,False,False
Cs2NaNpI6,Na,Np,I,3.31856,semiconductor,False,True
Cs2AgTmI6,Ag,Tm,I,1.77788,semiconductor,False,False
Cs2CaTmI6,Ca,Tm,I,2.24539,semiconductor,True,True
Cs2CrRbI6,Cr,Rb,I,2.0189000000000004,semiconductor,True,False
Cs2NaCeI6,Na,Ce,I,4.19989,insulator,False,True
Cs2EuHgI6,Eu,Hg,I,0.11356,semiconductor,False,True
Cs2KSbI6,K,Sb,I,3.00001,semiconductor,False,False
Cs2NaAcI6,Na,Ac,I,4.71454,insulator,False,True
Cs2GaRbI6,Ga,Rb,I,2.03354,semiconductor,False,False
Cs2KPdI6,K,Pd,I,0.02856,half-metal,False,False
Cs2AgPrI6,Ag,Pr,I,2.69826,semiconductor,False,True
Cs2CdPbI6,Cd,Pb,I,1.76924,semiconductor,False,True
Cs2VBaI6,V,Ba,I,3.64251,semiconductor,False,False
Cs2VTlI6,V,Tl,I,1.86974,semiconductor,False,False
Cs2PdLaBr6,Pd,La,Br,1.3199,semiconductor,False,False
Cs2RbTbBr6,Rb,Tb,Br,5.46582,insulator,False,True
Cs2CdDyI6,Cd,Dy,I,0.02144,metallic,False,True
Cs2CaHgI6,Ca,Hg,I,1.78759,semiconductor,False,True
Cs2SmPtI6,Sm,Pt,I,0.01834,half-metal,False,False
Cs2GeNdI6,Ge,Nd,I,0.44596,semiconductor,False,False
Cs2CaYbI6,Ca,Yb,I,3.05173,semiconductor,False,True
Cs2KVI6,K,V,I,1.84762,semiconductor,True,False
Cs2NaPuI6,Na,Pu,I,2.92635,semiconductor,False,True
Cs2AgYbI6,Ag,Yb,I,0.98136,semiconductor,False,False
Cs2SmHgI6,Sm,Hg,I,0.01838,metallic,False,True
Cs2LiLuBr6,Li,Lu,Br,5.6709700000000005,insulator,False,False
Cs2BaPtI6,Ba,Pt,I,0.99665,semiconductor,True,False
Cs2AgPuI6,Ag,Pu,I,2.50654,semiconductor,False,True
Cs2TiNdI6,Ti,Nd,I,0.25431,semiconductor,True,False
Cs2AgLuI6,Ag,Lu,I,3.3149,semiconductor,False,False
Cs2VSmI6,V,Sm,I,1.90657,semiconductor,True,False
Cs2NaPrI6,Na,Pr,I,3.25611,semiconductor,False,True
Cs2VAuI6,V,Au,I,0.89418,semiconductor,False,False
Cs2MgNdI6,Mg,Nd,I,1.10549,semiconductor,False,False
Cs2PtAmI6,Pt,Am,I,0.02138,half-metal,False,False
Cs2CuAuBr6,Cu,Au,Br,0.01264,metallic,False,False
Cs2BeEuBr6,Be,Eu,Br,1.86961,semiconductor,False,False
Cs2PdBiBr6,Pd,Bi,Br,0.01334,half-metal,False,False
Cs2CdAmI6,Cd,Am,I,0.52807,semiconductor,False,True
Cs2VRbI6,V,Rb,I,1.93954,semiconductor,True,False
Cs2AgCeI6,Ag,Ce,I,3.80738,semiconductor,False,True
Cs2PmHgI6,Pm,Hg,I,0.01858,metallic,False,True
Cs2AgNpI6,Ag,Np,I,2.78942,semiconductor,False,True
Cs2HgCmI6,Hg,Cm,I,0.02304,metallic,False,True
Cs2NaNdI6,Na,Nd,I,2.90665,semiconductor,False,True
Cs2AgAuI6,Ag,Au,I,0.01242,metallic,False,False
Cs2KGaI6,K,Ga,I,1.85188,semiconductor,False,False
Cs2VAmI6,V,Am,I,2.07062,semiconductor,True,False
Cs2RhTlI6,Rh,Tl,I,1.68944,semiconductor,False,False
Cs2EuTlBr6,Eu,Tl,Br,0.58615,semiconductor,False,True
Cs2NaFeBr6,Na,Fe,Br,2.25991,semiconductor,False,False
Cs2NaAmI6,Na,Am,I,1.92988,semiconductor,False,True
Cs2KCrI6,K,Cr,I,1.8953,semiconductor,True,False
Cs2CaEuI6,Ca,Eu,I,2.95624,semiconductor,False,True
Cs2InAuI6,In,Au,I,0.01226,metallic,False,False
Cs2CdSmI6,Cd,Sm,I,0.35001,semiconductor,False,True
Cs2NiRaI6,Ni,Ra,I,2.47982,semiconductor,False,False
Cs2TiTlI6,Ti,Tl,I,2.35191,semiconductor,False,False
Cs2DyNpI6,Dy,Np,I,0.10189,semiconductor,False,True
Cs2KMnI6,K,Mn,I,0.02252,half-metal,False,False
Cs2TeVacI6,Te,,I,1.82782,semiconductor,False,True
Cs2CrVacF6,Cr,,F,3.08277,semiconductor,False,False
Cs2ThVacI6,Th,,I,3.87633,semiconductor,False,True
Cs2PoVacI6,Po,,I,2.1931100000000003,semiconductor,False,True
Cs2ZrVacCl6,Zr,,Cl,5.0609,insulator,False,False
Cs2PbVacBr6,Pb,,Br,1.1780199999999998,semiconductor,False,False
Cs2HfVacCl6,Hf,,Cl,5.59525,insulator,False,False
Cs2PaVacI6,Pa,,I,3.77799,semiconductor,False,False
Cs2UVacI6,U,,I,2.90082,semiconductor,True,False
Cs2TbVacBr6,Tb,,Br,0.02242,half-metal,False,False
Cs2MnVacF6,Mn,,F,5.32296,insulator,False,False
Cs2CoVacF6,Co,,F,3.57839,semiconductor,False,False
Cs2GeVacF6,Ge,,F,8.703190000000001,insulator,False,False
Cs2CeVacI6,Ce,,I,1.43364,semiconductor,False,False
Cs2NpVacI6,Np,,I,2.13992,semiconductor,False,False
Cs2SnVacCl6,Sn,,Cl,4.048050000000001,insulator,False,False
Cs2PuVacI6,Pu,,I,1.3688900000000002,semiconductor,False,False
Cs2PrVacI6,Pr,,I,0.52039,semiconductor,False,False
Cs2AmVacI6,Am,,I,0.10386,semiconductor,False,False
Cs2CmVacI6,Cm,,I,0.02424,half-metal,False,False
Cs2NbVacCl6,Nb,,Cl,1.4248,semiconductor,False,False
Cs2TaVacCl6,Ta,,Cl,1.24034,semiconductor,False,False
Cs2ZrVacBr6,Zr,,Br,3.94645,semiconductor,False,False
Cs2WVacCl6,W,,Cl,1.27581,semiconductor,False,False
Cs2HfVacBr6,Hf,,Br,4.41376,insulator,False,False
Cs2MoVacCl6,Mo,,Cl,1.4804000000000002,semiconductor,False,False
Cs2SeVacF6,Se,,F,5.7554,insulator,False,False
Cs2TcVacCl6,Tc,,Cl,3.23931,semiconductor,True,False
Cs2PbVacI6,Pb,,I,0.04435,metallic,False,False
Cs2SnVacBr6,Sn,,Br,2.44089,semiconductor,False,False
Cs2TaVacBr6,Ta,,Br,1.07132,semiconductor,False,False
Cs2NbVacBr6,Nb,,Br,1.20583,semiconductor,False,False
Cs2OsVacCl6,Os,,Cl,1.53381,semiconductor,False,False
Cs2ReVacCl6,Re,,Cl,2.9408,semiconductor,True,False
Cs2TbVacI6,Tb,,I,0.0216,half-metal,False,False
Cs2PtVacCl6,Pt,,Cl,3.44176,semiconductor,False,False
Cs2IrVacCl6,Ir,,Cl,1.27736,semiconductor,False,False
Cs2NiVacF6,Ni,,F,4.321249999999999,insulator,False,False
Cs2RuVacCl6,Ru,,Cl,1.80663,semiconductor,False,False
Cs2PdVacCl6,Pd,,Cl,2.61737,semiconductor,False,False
Cs2WVacBr6,W,,Br,1.0474899999999998,semiconductor,False,False
Cs2TiVacCl6,Ti,,Cl,3.66956,semiconductor,False,False
Cs2MoVacBr6,Mo,,Br,1.15636,semiconductor,False,False
Cs2RhVacCl6,Rh,,Cl,1.43638,semiconductor,False,False
Cs2TcVacBr6,Tc,,Br,2.71699,semiconductor,False,False
Cs2ZrVacI6,Zr,,I,2.6529000000000003,semiconductor,False,False
Cs2HfVacI6,Hf,,I,3.0294800000000004,semiconductor,False,False
Cs2ReVacBr6,Re,,Br,2.68385,semiconductor,True,False
Cs2OsVacBr6,Os,,Br,1.39101,semiconductor,False,False
Cs2FeVacCl6,Fe,,Cl,1.79333,semiconductor,True,False
Cs2IrVacBr6,Ir,,Br,1.0125499999999998,semiconductor,False,False
Cs2PtVacBr6,Pt,,Br,2.34999,semiconductor,False,False
Cs2VVacCl6,V,,Cl,2.43221,semiconductor,False,False
Cs2RuVacBr6,Ru,,Br,1.57107,semiconductor,False,False
Cs2SnVacI6,Sn,,I,0.76924,semiconductor,False,False
Cs2PdVacBr6,Pd,,Br,1.58589,semiconductor,False,False
Cs2NbVacI6,Nb,,I,1.12223,semiconductor,False,False
Cs2TaVacI6,Ta,,I,0.93742,semiconductor,False,False
Cs2TiVacBr6,Ti,,Br,2.77715,semiconductor,False,False
Cs2RhVacBr6,Rh,,Br,0.86354,semiconductor,False,False
Cs2WVacI6,W,,I,0.7142400000000001,semiconductor,False,False
Cs2CrVacCl6,Cr,,Cl,1.4633,semiconductor,True,False
Cs2FeVacBr6,Fe,,Br,0.01168,half-metal,False,False
Cs2MoVacI6,Mo,,I,0.6627700000000001,semiconductor,True,False
Cs2TcVacI6,Tc,,I,1.71832,semiconductor,False,False
Cs2VVacBr6,V,,Br,1.83068,semiconductor,False,False
Cs2CoVacCl6,Co,,Cl,1.70955,semiconductor,False,False
Cs2MnVacCl6,Mn,,Cl,2.22794,semiconductor,True,False
Cs2GeVacCl6,Ge,,Cl,3.59626,semiconductor,False,False
Cs2OsVacI6,Os,,I,1.05713,semiconductor,False,False
Cs2ReVacI6,Re,,I,1.94123,semiconductor,False,False
Cs2IrVacI6,Ir,,I,0.16019,semiconductor,False,False
Cs2PtVacI6,Pt,,I,1.1877000000000002,semiconductor,False,False
Cs2PdVacI6,Pd,,I,0.5143599999999999,semiconductor,False,False
Cs2SiVacF6,Si,,F,9.5073,insulator,False,False
Cs2TiVacI6,Ti,,I,1.82124,semiconductor,False,False
Cs2RhVacI6,Rh,,I,0.02074,half-metal,False,False
Cs2SeVacCl6,Se,,Cl,3.3972300000000004,semiconductor,False,False
Cs2BCsF6,B,Cs,F,8.83503,insulator,False,False
Cs2BCsCl6,B,Cs,Cl,4.85142,insulator,False,False
Cs2BCsBr6,B,Cs,Br,3.26362,semiconductor,False,False
Cs2NCsF6,N,Cs,F,4.26947,insulator,False,False
Cs2NCsCl6,N,Cs,Cl,3.24031,semiconductor,False,False
Cs2NCsBr6,N,Cs,Br,2.43916,semiconductor,False,False
Cs2AlCsF6,Al,Cs,F,8.8666,insulator,False,False
Cs2AlCsCl6,Al,Cs,Cl,6.22886,insulator,False,False
Cs2AlCsBr6,Al,Cs,Br,4.89054,insulator,False,False
Cs2PCsF6,P,Cs,F,5.03625,insulator,False,False
Cs2PCsCl6,P,Cs,Cl,3.84493,semiconductor,False,False
Cs2PCsBr6,P,Cs,Br,3.33572,semiconductor,False,False
Cs2PCsI6,P,Cs,I,2.86878,semiconductor,False,False
Cs2ScCsF6,Sc,Cs,F,8.447909999999998,insulator,False,True
Cs2ScCsCl6,Sc,Cs,Cl,5.83297,insulator,False,False
Cs2ScCsBr6,Sc,Cs,Br,4.85687,insulator,False,False
Cs2TiCsF6,Ti,Cs,F,3.03764,semiconductor,False,True
Cs2TiCsCl6,Ti,Cs,Cl,2.52615,semiconductor,False,False
Cs2TiCsBr6,Ti,Cs,Br,2.49959,semiconductor,False,False
Cs2VCsF6,V,Cs,F,3.56595,semiconductor,False,True
Cs2VCsCl6,V,Cs,Cl,2.95886,semiconductor,False,False
Cs2VCsBr6,V,Cs,Br,2.80143,semiconductor,False,False
Cs2CrCsF6,Cr,Cs,F,5.85309,insulator,False,True
Cs2CrCsCl6,Cr,Cs,Cl,4.42075,insulator,True,False
Cs2CrCsBr6,Cr,Cs,Br,3.32594,semiconductor,True,False
Cs2MnCsF6,Mn,Cs,F,2.28214,semiconductor,False,True
Cs2MnCsCl6,Mn,Cs,Cl,0.8420099999999999,semiconductor,False,False
Cs2MnCsBr6,Mn,Cs,Br,0.3507,semiconductor,False,False
Cs2FeCsF6,Fe,Cs,F,5.0129,insulator,True,True
Cs2FeCsCl6,Fe,Cs,Cl,3.4059,semiconductor,True,False
Cs2FeCsBr6,Fe,Cs,Br,2.77574,semiconductor,True,False
Cs2CoCsF6,Co,Cs,F,5.306719999999999,insulator,False,True
Cs2CoCsCl6,Co,Cs,Cl,3.70603,semiconductor,False,False
Cs2CoCsBr6,Co,Cs,Br,2.83164,semiconductor,False,False
Cs2NiCsF6,Ni,Cs,F,1.93742,semiconductor,False,True
Cs2NiCsCl6,Ni,Cs,Cl,0.53864,semiconductor,False,False
Cs2NiCsBr6,Ni,Cs,Br,0.0610099999999999,half-metal,False,False
Cs2CuCsF6,Cu,Cs,F,3.5755600000000003,semiconductor,True,False
Cs2CuCsCl6,Cu,Cs,Cl,1.81026,semiconductor,True,False
Cs2CuCsBr6,Cu,Cs,Br,1.22673,semiconductor,False,False
Cs2GaCsF6,Ga,Cs,F,8.21296,insulator,False,True
Cs2GaCsCl6,Ga,Cs,Cl,5.33384,insulator,False,False
Cs2GaCsBr6,Ga,Cs,Br,3.84358,semiconductor,False,False
Cs2AsCsF6,As,Cs,F,5.6186300000000005,insulator,False,True
Cs2AsCsCl6,As,Cs,Cl,4.29186,insulator,False,False
Cs2AsCsBr6,As,Cs,Br,3.7083,semiconductor,False,False
Cs2YCsF6,Y,Cs,F,7.9149,insulator,False,True
Cs2NbCsF6,Nb,Cs,F,2.08306,semiconductor,False,True
Cs2NbCsCl6,Nb,Cs,Cl,1.5845200000000002,semiconductor,False,False
Cs2NbCsBr6,Nb,Cs,Br,1.51035,semiconductor,False,False
Cs2MoCsF6,Mo,Cs,F,3.7396,semiconductor,False,True
Cs2MoCsCl6,Mo,Cs,Cl,3.52126,semiconductor,True,False
Cs2MoCsBr6,Mo,Cs,Br,3.41369,semiconductor,True,False
Cs2RuCsF6,Ru,Cs,F,2.60922,semiconductor,False,True
Cs2RuCsCl6,Ru,Cs,Cl,2.03882,semiconductor,False,False
Cs2RuCsBr6,Ru,Cs,Br,1.92772,semiconductor,False,False
Cs2RhCsF6,Rh,Cs,F,4.72456,insulator,False,True
Cs2RhCsCl6,Rh,Cs,Cl,3.76045,semiconductor,False,False
Cs2RhCsBr6,Rh,Cs,Br,3.28774,semiconductor,False,False
Cs2PdCsF6,Pd,Cs,F,1.34609,semiconductor,False,True
Cs2PdCsCl6,Pd,Cs,Cl,0.5034,semiconductor,False,True
Cs2PdCsBr6,Pd,Cs,Br,0.22225,semiconductor,False,False
Cs2AgCsF6,Ag,Cs,F,2.56361,semiconductor,True,True
Cs2AgCsCl6,Ag,Cs,Cl,1.23073,semiconductor,True,True
Cs2AgCsBr6,Ag,Cs,Br,0.82324,semiconductor,True,False
Cs2InCsF6,In,Cs,F,7.213249999999999,insulator,False,True
Cs2InCsCl6,In,Cs,Cl,5.475580000000001,insulator,False,True
Cs2SbCsF6,Sb,Cs,F,4.947299999999999,insulator,False,True
Cs2SbCsCl6,Sb,Cs,Cl,4.153490000000001,insulator,False,True
Cs2SbCsBr6,Sb,Cs,Br,3.59489,semiconductor,False,False
Cs2CsCeF6,Cs,Ce,F,3.01455,semiconductor,False,True
Cs2CsPrF6,Cs,Pr,F,4.02856,insulator,True,True
Cs2CsNdF6,Cs,Nd,F,5.68297,insulator,False,True
Cs2CsPmF6,Cs,Pm,F,5.85584,insulator,False,True
Cs2CsSmF6,Cs,Sm,F,5.708270000000001,insulator,False,True
Cs2CsEuF6,Cs,Eu,F,5.01411,insulator,False,True
Cs2CsGdF6,Cs,Gd,F,7.38779,insulator,False,True
Cs2CsTbF6,Cs,Tb,F,4.49217,insulator,True,True
Cs2CsDyF6,Cs,Dy,F,5.371239999999999,insulator,True,True
Cs2CsHoF6,Cs,Ho,F,6.4671,insulator,True,True
Cs2CsErF6,Cs,Er,F,6.87156,insulator,False,True
Cs2CsYbF6,Cs,Yb,F,6.38929,insulator,False,True
Cs2CsLuF6,Cs,Lu,F,7.65889,insulator,False,True
Cs2CsTaF6,Cs,Ta,F,0.7398,semiconductor,False,True
Cs2CsTaCl6,Cs,Ta,Cl,1.23022,semiconductor,False,False
Cs2CsTaBr6,Cs,Ta,Br,1.20861,semiconductor,False,False
Cs2CsIrF6,Cs,Ir,F,4.67521,insulator,False,True
Cs2CsIrCl6,Cs,Ir,Cl,3.82549,semiconductor,False,False
Cs2CsIrBr6,Cs,Ir,Br,3.35305,semiconductor,False,False
Cs2CsAuF6,Cs,Au,F,2.72277,semiconductor,True,True
Cs2CsAuCl6,Cs,Au,Cl,1.3805,semiconductor,True,True
Cs2CsTlF6,Cs,Tl,F,5.5115,insulator,False,True
Cs2CsNpF6,Cs,Np,F,1.2050599999999998,semiconductor,False,True
Cs2CsAmF6,Cs,Am,F,3.50718,semiconductor,False,True
