Formula,Predicted_Bandgap_eV,Predicted_Ef_eV_atom,Active_Material_Cost_m2,Panel_Lifetime_Years,PCE_Median,LCOE_Median,LCOE_Q10_Best,LCOE_Q90_Worst
Na2WSbS3Br3,1.40335,-1.04672,0.17802,30.00000,25.39983,0.03670,0.03285,0.05141
Na2FeMnO3S3,1.40325,-1.59867,0.02606,30.00000,25.37202,0.03671,0.03283,0.05092
Na2SbZnO3Br3,1.37211,-1.37409,0.12808,30.00000,25.36451,0.03672,0.03281,0.05410
Na2VCuO3F3,1.39063,-2.38833,0.12086,30.00000,25.38258,0.03672,0.03282,0.05189
Na2NbCuO3Cl3,1.35483,-1.85969,0.14049,30.00000,25.42195,0.03672,0.03281,0.05603
Na2VNbS6,1.37031,-1.38843,0.19800,30.00000,25.37129,0.03673,0.03284,0.05431
K2VCuO3Cl3,1.39743,-1.92962,0.11313,30.00000,25.35503,0.03674,0.03284,0.05104
Na2ZrMoS6,1.37281,-1.47890,0.22136,30.00000,25.40262,0.03674,0.03287,0.05332
Na2WMnS3Se3,1.39736,-1.07485,0.26574,30.00000,25.38535,0.03674,0.03286,0.05156
K2SnCuO3S3,1.41042,-1.66604,0.14210,30.00000,25.37845,0.03674,0.03284,0.05052
Na2SnMnO3Se3,1.39570,-1.42458,0.28241,30.00000,25.38405,0.03675,0.03285,0.05184
Na2FeMnO6,1.44129,-1.79380,0.00953,30.00000,25.29939,0.03675,0.03281,0.04944
K2NbCuO3Br3,1.34365,-1.81616,0.12489,30.00000,25.38380,0.03675,0.03281,0.05838
Li2VCuSe3F3,1.38372,-1.87144,0.32509,30.00000,25.40426,0.03675,0.03286,0.05277
Na2VCuO3Cl3,1.37650,-1.86000,0.10041,30.00000,25.32276,0.03675,0.03285,0.05389
Na2WSbSe3Cl3,1.38700,-1.08759,0.30789,30.00000,25.40405,0.03675,0.03285,0.05179
Na2SnNbSe3Cl3,1.37021,-1.40577,0.30457,30.00000,25.38039,0.03676,0.03287,0.05498
Na2SbZnSe3Br3,1.40190,-1.12324,0.24115,30.00000,25.34678,0.03676,0.03284,0.05118
K2CrWS3Se3,1.42621,-1.17858,0.27013,30.00000,25.32325,0.03677,0.03287,0.04966
K2MoSbSe3F3,1.35250,-1.86986,0.39572,30.00000,25.41208,0.03677,0.03287,0.05629
Na2NbCuO3F3,1.36022,-2.44936,0.16458,30.00000,25.36078,0.03677,0.03285,0.05617
K2FeMnO3S3,1.44035,-1.62011,0.04650,30.00000,25.28225,0.03677,0.03285,0.04904
Na2CrWSe3I3,1.40084,-1.07097,0.47266,30.00000,25.36728,0.03677,0.03287,0.05166
K2VSbS6,1.35304,-1.08260,0.22106,30.00000,25.33082,0.03677,0.03286,0.05640
Na2TiMoS6,1.43017,-1.35568,0.20613,30.00000,25.32305,0.03677,0.03288,0.04998
K2VCuSe3F3,1.36627,-1.96727,0.29631,30.00000,25.37615,0.03678,0.03285,0.05418
Na2WFeS3Br3,1.43847,-1.11708,0.10756,30.00000,25.30039,0.03678,0.03288,0.04954
K2MnBiO6,1.39173,-1.86184,0.18543,30.00000,25.35921,0.03678,0.03287,0.05227
K2WSbSe3Br3,1.38124,-1.12396,0.26621,30.00000,25.38472,0.03678,0.03283,0.05334
Na2MnZnCl3I3,1.37934,-1.26171,0.41007,30.00000,25.37745,0.03678,0.03290,0.05404
K2CrWSe3Br3,1.42038,-1.28817,0.22425,30.00000,25.30542,0.03678,0.03287,0.05026
Na2ZrSbSe3Br3,1.37588,-1.38969,0.25558,30.00000,25.34368,0.03678,0.03286,0.05424
Na2VSbS6,1.37917,-1.06589,0.21977,30.00000,25.36238,0.03678,0.03285,0.05394
K2WSbS3Br3,1.44229,-1.16566,0.18068,30.00000,25.27371,0.03678,0.03286,0.04901
Na2WFeSe3Cl3,1.42858,-1.21910,0.25187,30.00000,25.31966,0.03678,0.03286,0.04994
Na2VCuO3Br3,1.33198,-1.70489,0.08718,30.00000,25.33804,0.03678,0.03281,0.06139
Na2SnSbSe3I3,1.38453,-0.86406,0.50948,30.00000,25.37774,0.03679,0.03288,0.05320
K2ZrMoS6,1.33318,-1.50570,0.22249,30.00000,25.34301,0.03679,0.03287,0.06149
K2NbZnSe3Br3,1.37682,-1.41109,0.23017,30.00000,25.36817,0.03679,0.03283,0.05361
K2MnBiO3Se3,1.38653,-1.36237,0.29615,30.00000,25.34220,0.03679,0.03287,0.05220
Na2SnCuO3S3,1.40714,-1.64730,0.13386,30.00000,25.30881,0.03679,0.03286,0.05149
K2SnZnBr3I3,1.33843,-1.22836,0.36008,30.00000,25.39529,0.03679,0.03287,0.05917
K2TaFeS3Br3,1.37689,-1.41427,0.54720,30.00000,25.40995,0.03679,0.03288,0.05336
K2NbFeS3I3,1.35898,-1.19378,0.45314,30.00000,25.37720,0.03680,0.03290,0.05629
Na2NbZnSe3Cl3,1.39008,-1.31847,0.27218,30.00000,25.35438,0.03680,0.03289,0.05274
K2NbCuO3I3,1.40399,-1.66747,0.48346,30.00000,25.36385,0.03680,0.03290,0.05054
K2FeSbO3Br3,1.45398,-1.49598,0.13376,30.00000,25.22051,0.03680,0.03288,0.04883
Na2MnBiO3I3,1.34330,-1.27669,0.45625,30.00000,25.37324,0.03680,0.03287,0.05871
Na2NbFeS3I3,1.35755,-1.08023,0.46348,30.00000,25.40413,0.03680,0.03287,0.05631
Na2SnCuS3Se3,1.34838,-0.81460,0.27488,30.00000,25.35295,0.03680,0.03285,0.05769
K2ZrWSe6,1.35275,-1.32080,0.34887,30.00000,25.37962,0.03680,0.03284,0.05762
K2FeMnO6,1.42560,-1.75551,0.03529,30.00000,25.26091,0.03680,0.03287,0.04961
Na2SnZnF3I3,1.38220,-1.92590,0.45405,30.00000,25.36544,0.03680,0.03291,0.05319
K2MnSbO3Se3,1.32686,-1.40098,0.31500,30.00000,25.38353,0.03680,0.03287,0.06204
Na2ZrFeO3Br3,1.46339,-2.01599,0.05829,30.00000,25.23225,0.03680,0.03289,0.04875
Na2MnSbO3Br3,1.34447,-1.52597,0.12905,30.00000,25.35366,0.03680,0.03280,0.05854
K2VTaS3Se3,1.41486,-1.32090,0.73859,30.00000,25.37530,0.03680,0.03292,0.05032
K2VSbO3Se3,1.43514,-1.53401,0.35754,30.00000,25.33178,0.03680,0.03293,0.04924
K2WBiSe3I3,1.38106,-1.03675,0.45945,30.00000,25.34786,0.03680,0.03287,0.05344
K2NbZnSe3Cl3,1.43650,-1.44838,0.27025,30.00000,25.29239,0.03680,0.03288,0.04928
Na2SnNbSe3I3,1.37649,-1.00883,0.50952,30.00000,25.37811,0.03680,0.03288,0.05338
Na2CrMoO3I3,1.39304,-1.49936,0.53324,30.00000,25.35919,0.03681,0.03290,0.05250
Na2ZrSbS3I3,1.41591,-1.22823,0.46810,30.00000,25.32477,0.03681,0.03292,0.05059
Na2NbZnS3I3,1.35064,-1.12727,0.45941,30.00000,25.37730,0.03681,0.03293,0.05819
Na2WBiO3I3,1.39777,-1.37097,0.44734,30.00000,25.39420,0.03681,0.03288,0.05119
Na2MoWS3Se3,1.35445,-1.03571,0.34394,30.00000,25.35705,0.03681,0.03288,0.05720
Na2ZrWS6,1.43065,-1.48907,0.16139,30.00000,25.26713,0.03681,0.03287,0.04984
K2ZrSbSe3I3,1.40365,-1.32848,0.49640,30.00000,25.33770,0.03681,0.03288,0.05096
Na2MnSbO6,1.44927,-2.07355,0.18180,30.00000,25.21520,0.03681,0.03291,0.04927
Na2SbZnSe3I3,1.35880,-0.89472,0.50147,30.00000,25.37040,0.03681,0.03289,0.05599
Na2SnZnCl3I3,1.36029,-1.20798,0.42214,30.00000,25.37521,0.03681,0.03289,0.05580
K2MoWS3Se3,1.43828,-1.10336,0.33897,30.00000,25.31584,0.03681,0.03288,0.04927
K2SnNbSe3I3,1.35785,-1.14346,0.49986,30.00000,25.34628,0.03681,0.03291,0.05566
Na2NbCuO3Br3,1.31875,-1.76265,0.11749,30.00000,25.27099,0.03681,0.03283,0.06487
K2CrMnS3I3,1.39360,-1.17874,0.42698,30.00000,25.33529,0.03681,0.03289,0.05209
K2MnSbO3Cl3,1.45448,-1.80086,0.16141,30.00000,25.25470,0.03681,0.03288,0.04882
Na2SnSbSe3Br3,1.42078,-1.03436,0.26882,30.00000,25.28296,0.03681,0.03289,0.05013
K2SnSbSe3I3,1.34924,-0.97694,0.50011,30.00000,25.36384,0.03681,0.03289,0.05803
Na2SnTaSe3Br3,1.40497,-1.35629,0.58762,30.00000,25.35578,0.03682,0.03291,0.05120
Na2MnBiO3Br3,1.44676,-1.47111,0.13641,30.00000,25.24221,0.03682,0.03286,0.04919
Na2SnMoS3Se3,1.34271,-0.96463,0.35426,30.00000,25.38617,0.03682,0.03284,0.05797
Na2MnBiO6,1.30416,-1.91652,0.18130,30.00000,25.29394,0.03682,0.03283,0.06782
Na2ZrWS3Se3,1.33288,-1.32692,0.27804,30.00000,25.33326,0.03682,0.03287,0.06147
Na2CrMnS3I3,1.31627,-1.11437,0.43668,30.00000,25.33651,0.03682,0.03287,0.06306
Na2MnBiO3Se3,1.38689,-1.32574,0.29933,30.00000,25.31796,0.03682,0.03288,0.05300
Na2MoMnS6,1.32422,-1.13131,0.19656,30.00000,25.32396,0.03682,0.03281,0.06335
K2SnCrS3Se3,1.31892,-1.05457,0.27240,30.00000,25.34162,0.03682,0.03287,0.06507
K2VCuO3Br3,1.31551,-1.73822,0.09726,30.00000,25.30286,0.03682,0.03282,0.06519
K2SnMnO3Se3,1.34405,-1.49674,0.27971,30.00000,25.32102,0.03682,0.03284,0.05881
K2SnBiSe3I3,1.39124,-0.99726,0.47279,30.00000,25.35868,0.03682,0.03290,0.05259
K2CrMnSe3I3,1.35025,-1.17631,0.47549,30.00000,25.34026,0.03682,0.03290,0.05778
K2SnFeO3Br3,1.46187,-1.43156,0.09769,30.00000,25.25067,0.03682,0.03291,0.04865
K2MnBiO3Br3,1.30877,-1.51921,0.14158,30.00000,25.30747,0.03682,0.03284,0.06743
Na2SnNbS3Br3,1.35965,-1.23322,0.15408,30.00000,25.33240,0.03682,0.03286,0.05586
Na2TiWS6,1.44485,-1.36134,0.14348,30.00000,25.26155,0.03682,0.03289,0.04931
Na2SnFeF3I3,1.35503,-1.93153,0.45813,30.00000,25.35104,0.03682,0.03286,0.05681
K2ZrSbSe3Br3,1.46591,-1.50889,0.25482,30.00000,25.25809,0.03682,0.03288,0.04841
K2MnZnCl3I3,1.41619,-1.35971,0.40196,30.00000,25.32106,0.03682,0.03288,0.05064
K2SnNbSe3Cl3,1.38008,-1.60567,0.30115,30.00000,25.31842,0.03682,0.03287,0.05392
K2SnTaSe3Br3,1.40028,-1.44714,0.57441,30.00000,25.36052,0.03683,0.03289,0.05105
Na2SnCrS3Se3,1.32677,-1.02529,0.27445,30.00000,25.32747,0.03683,0.03286,0.06295
Na2VFeO3Br3,1.45944,-1.82482,0.07236,30.00000,25.21146,0.03683,0.03290,0.04874
Na2WSbO3I3,1.42951,-1.36491,0.47728,30.00000,25.31838,0.03683,0.03292,0.04966
K2NbMnS3I3,1.34179,-1.20950,0.45488,30.00000,25.35162,0.03683,0.03287,0.05909
K2TaCuS3Br3,1.38744,-1.32639,0.55174,30.00000,25.35944,0.03683,0.03292,0.05238
Na2WBiSe3I3,1.41861,-0.95031,0.46622,30.00000,25.29707,0.03683,0.03294,0.05073
K2FeSbO3I3,1.36235,-1.33126,0.47942,30.00000,25.38406,0.03683,0.03288,0.05563
K2SbZnO3I3,1.36540,-1.28184,0.47521,30.00000,25.33093,0.03683,0.03290,0.05503
K2NbSbS3Se3,1.45056,-1.04631,0.34430,30.00000,25.26321,0.03683,0.03291,0.04931
K2VTaSe6,1.36402,-1.30199,0.73234,30.00000,25.34197,0.03683,0.03291,0.05590
K2TaFeSe3Cl3,1.38521,-1.52526,0.68019,30.00000,25.35638,0.03683,0.03292,0.05276
K2NbFeSe3I3,1.39724,-1.20079,0.49488,30.00000,25.28991,0.03683,0.03292,0.05178
Na2ZrSbSe3I3,1.40163,-1.14534,0.50592,30.00000,25.35163,0.03683,0.03289,0.05187
Na2SnFeO3I3,1.39333,-1.31316,0.46303,30.00000,25.32320,0.03683,0.03291,0.05210
Na2TiSbS3I3,1.33278,-1.06462,0.47514,30.00000,25.34248,0.03683,0.03289,0.06142
Na2TaZnSe3Br3,1.38374,-1.30210,0.58418,30.00000,25.36936,0.03683,0.03289,0.05309
K2TaCuO3Br3,1.33853,-1.82898,0.58640,30.00000,25.32140,0.03684,0.03293,0.05973
Na2MnSbO3Se3,1.32792,-1.35606,0.31992,30.00000,25.32834,0.03684,0.03285,0.06199
Na2VMnO3Br3,1.46950,-1.94915,0.07437,30.00000,25.16411,0.03684,0.03288,0.04865
K2ZrWS3Se3,1.46061,-1.34468,0.27613,30.00000,25.18449,0.03684,0.03290,0.04908
Na2VSbO3Se3,1.41724,-1.52550,0.36522,30.00000,25.28577,0.03684,0.03293,0.05047
K2TaFeSe3Br3,1.37753,-1.43541,0.57503,30.00000,25.31511,0.03684,0.03288,0.05436
Na2CrWSe3Br3,1.32777,-1.21738,0.22369,30.00000,25.32441,0.03684,0.03286,0.06215
K2SnZnCl3I3,1.44596,-1.33910,0.41420,30.00000,25.26002,0.03684,0.03290,0.04926
K2NbMnSe3Br3,1.30541,-1.45398,0.23241,30.00000,25.28618,0.03684,0.03288,0.06792
Na2VCuO3I3,1.32612,-1.51842,0.49992,30.00000,25.33171,0.03684,0.03287,0.06233
K2MnBiO3I3,1.43121,-1.40814,0.44710,30.00000,25.27374,0.03685,0.03291,0.05004
Na2TaFeSe3Cl3,1.34929,-1.42775,0.70297,30.00000,25.37692,0.03685,0.03288,0.05829
Na2TaZnSe3I3,1.38151,-1.13313,0.77441,30.00000,25.35166,0.03685,0.03294,0.05305
K2SnFeF3I3,1.36186,-1.98118,0.44783,30.00000,25.36993,0.03685,0.03288,0.05569
K2MnZnF3I3,1.44228,-2.08598,0.43389,30.00000,25.27108,0.03685,0.03288,0.04939
Na2MoBiO3I3,1.43365,-1.31826,0.51231,30.00000,25.31072,0.03685,0.03291,0.04961
Na2NbMnS3I3,1.33407,-1.15267,0.46533,30.00000,25.33825,0.03685,0.03287,0.06110
K2TaMnSe3I3,1.34863,-1.24149,0.76364,30.00000,25.37038,0.03685,0.03293,0.05768
K2TaCuSe3Cl3,1.36551,-1.41121,0.68313,30.00000,25.35679,0.03685,0.03290,0.05504
K2SnFeO3I3,1.44201,-1.32003,0.45236,30.00000,25.23913,0.03685,0.03293,0.04910
K2WSbSe3I3,1.35191,-0.91036,0.48384,30.00000,25.34809,0.03685,0.03290,0.05741
K2TiMoS6,1.31012,-1.48533,0.20856,30.00000,25.34078,0.03685,0.03285,0.06653
K2TaZnSe3Br3,1.33341,-1.43102,0.57023,30.00000,25.33816,0.03685,0.03290,0.06073
K2CrMnO3S3,1.46331,-1.70145,0.05854,30.00000,25.19713,0.03685,0.03290,0.04854
Na2SbZnS3I3,1.44573,-0.88880,0.46140,30.00000,25.25085,0.03685,0.03292,0.04955
K2NbMnSe3I3,1.34466,-1.22141,0.49638,30.00000,25.32648,0.03685,0.03290,0.05882
Na2MnSbO3I3,1.33435,-1.32940,0.49331,30.00000,25.33735,0.03686,0.03290,0.06060
Na2SnNbS3I3,1.44116,-1.03193,0.47232,30.00000,25.27353,0.03686,0.03292,0.04925
Na2CrMnO3S3,1.48058,-1.65130,0.03914,30.00000,25.11787,0.03686,0.03291,0.04851
K2TiBiSe3I3,1.45303,-1.23002,0.47379,30.00000,25.27040,0.03686,0.03292,0.04879
K2WSbSe3Cl3,1.45092,-1.25480,0.30477,30.00000,25.22664,0.03686,0.03289,0.04902
K2TaCuSe3I3,1.34402,-1.15949,0.76344,30.00000,25.33837,0.03686,0.03295,0.05804
Na2WSbS3I3,1.44269,-0.94374,0.45608,30.00000,25.28999,0.03686,0.03291,0.04966
Na2VMnO3I3,1.45430,-1.86982,0.49634,30.00000,25.27053,0.03686,0.03292,0.04888
Na2MnCuF3I3,1.43814,-1.91976,0.45494,30.00000,25.23915,0.03686,0.03293,0.04983
Na2NbTaS6,1.42714,-1.41601,0.75532,30.00000,25.32668,0.03686,0.03298,0.04977
K2NbZnSe3I3,1.36485,-1.19301,0.49128,30.00000,25.33369,0.03686,0.03290,0.05544
K2WSbS3I3,1.45925,-1.02050,0.44789,30.00000,25.23535,0.03686,0.03294,0.04882
K2TaMnSe3Cl3,1.41213,-1.56983,0.68237,30.00000,25.28290,0.03686,0.03292,0.05115
K2SnSbSe3Br3,1.46092,-1.13466,0.26755,30.00000,25.22231,0.03686,0.03290,0.04874
Na2TaCuO3I3,1.35467,-1.67856,0.84228,30.00000,25.38284,0.03686,0.03295,0.05663
Na2MoSbSe3F3,1.44506,-1.76115,0.40487,30.00000,25.26479,0.03686,0.03291,0.04910
Na2CrWS3I3,1.43725,-1.08216,0.42982,30.00000,25.26854,0.03686,0.03296,0.04982
K2SbZnSe3Br3,1.47107,-1.17415,0.24099,30.00000,25.12481,0.03686,0.03290,0.04884
K2MoMnS6,1.43720,-1.23351,0.19969,30.00000,25.22966,0.03687,0.03292,0.04959
K2NbZnS3I3,1.44414,-1.20868,0.44939,30.00000,25.24549,0.03687,0.03293,0.04901
K2MnBiO3S3,1.45341,-1.70073,0.17823,30.00000,25.20867,0.03687,0.03289,0.04895
K2SnZnF3I3,1.45636,-2.03691,0.44408,30.00000,25.24534,0.03687,0.03294,0.04905
Na2NbTaS3Se3,1.38225,-1.24349,0.74421,30.00000,25.36016,0.03687,0.03292,0.05308
Li2MoWS3Se3,1.44212,-1.02639,0.36274,30.00000,25.24690,0.03687,0.03290,0.04932
Na2NbSbS3Se3,1.44786,-0.99883,0.35010,30.00000,25.22767,0.03687,0.03293,0.04922
K2SnMoS3Se3,1.31419,-1.01362,0.34825,30.00000,25.31297,0.03687,0.03288,0.06605
K2TaMnSe3Br3,1.34285,-1.52318,0.57672,30.00000,25.28606,0.03687,0.03294,0.05963
K2MnSbO3Br3,1.29181,-1.59825,0.13549,30.00000,25.25534,0.03687,0.03288,0.07389
Na2TaZnO3I3,1.42055,-1.71633,0.83242,30.00000,25.33058,0.03688,0.03296,0.05039
K2TiSbSe3Cl3,1.46643,-1.65373,0.29229,30.00000,25.16908,0.03688,0.03291,0.04839
K2WSbSe3F3,1.46994,-1.83119,0.32767,30.00000,25.14916,0.03688,0.03293,0.04813
Na2NbCuO3I3,1.31287,-1.58531,0.49601,30.00000,25.29574,0.03688,0.03289,0.06571
K2SnMnCl3I3,1.31293,-1.33185,0.41893,30.00000,25.29464,0.03688,0.03288,0.06549
Na2MnCuCl3I3,1.29535,-1.22066,0.41975,30.00000,25.28841,0.03688,0.03288,0.07127
K2MoSbO3I3,1.43874,-1.39830,0.54015,30.00000,25.26001,0.03688,0.03293,0.04992
K2MoFeSe3Cl3,1.29908,-1.31249,0.30945,30.00000,25.27577,0.03688,0.03285,0.07095
Na2TaCuO3Br3,1.44905,-1.82298,0.60584,30.00000,25.26660,0.03688,0.03294,0.04907
Na2MoSbO3I3,1.45296,-1.35755,0.55424,30.00000,25.24519,0.03688,0.03290,0.04889
K2MnBiO3Cl3,1.46200,-1.71376,0.16458,30.00000,25.18213,0.03688,0.03292,0.04881
Na2NbMnSe3I3,1.30625,-1.13824,0.50666,30.00000,25.33665,0.03688,0.03289,0.06722
Na2MnZnBr3I3,1.30060,-1.18169,0.35005,30.00000,25.29841,0.03688,0.03289,0.07076
Na2TiSbSe3Cl3,1.46558,-1.43468,0.29546,30.00000,25.15465,0.03688,0.03293,0.04887
K2TiWS3Se3,1.46468,-1.35486,0.27077,30.00000,25.15794,0.03688,0.03293,0.04880
Na2TaZnO3F3,1.41313,-2.53978,0.85007,30.00000,25.30658,0.03689,0.03296,0.05107
K2SbZnSe3I3,1.41200,-1.01062,0.49184,30.00000,25.29876,0.03689,0.03289,0.05115
K2FeMnF3I3,1.45255,-2.02858,0.43786,30.00000,25.23479,0.03689,0.03295,0.04923
Na2TaCuS3I3,1.36134,-1.04736,0.79647,30.00000,25.34458,0.03689,0.03291,0.05597
K2NbTaSe6,1.42891,-1.28026,0.71754,30.00000,25.27913,0.03689,0.03298,0.05016
Na2FeSbO3I3,1.45072,-1.30963,0.49137,30.00000,25.23318,0.03689,0.03292,0.04905
K2TaZnSe3I3,1.38487,-1.22488,0.75605,30.00000,25.34700,0.03689,0.03294,0.05294
K2MnSbO3I3,1.34501,-1.44963,0.48125,30.00000,25.32261,0.03689,0.03287,0.05825
Na2TaMnS3I3,1.40458,-1.18157,0.79709,30.00000,25.32047,0.03689,0.03294,0.05171
K2MnCuF3I3,1.47178,-2.00256,0.44389,30.00000,25.16785,0.03690,0.03292,0.04863
Na2TaCuO3F3,1.40039,-2.64734,0.86808,30.00000,25.33654,0.03690,0.03296,0.05153
K2TiCrS3I3,1.30221,-1.33841,0.43505,30.00000,25.28499,0.03690,0.03286,0.06906
K2CrWSe6,1.28747,-1.15215,0.34756,30.00000,25.26471,0.03690,0.03289,0.07439
Na2TaMnSe3Cl3,1.31008,-1.47230,0.70530,30.00000,25.30371,0.03690,0.03294,0.06632
Na2TiWS3Se3,1.30266,-1.19286,0.27253,30.00000,25.26850,0.03690,0.03284,0.06802
Na2SnMnCl3I3,1.31061,-1.26763,0.42721,30.00000,25.30280,0.03690,0.03289,0.06674
K2TiCrO3S3,1.28719,-2.04867,0.06686,30.00000,25.23067,0.03690,0.03289,0.07385
K2TiSbS3I3,1.46130,-1.25205,0.46457,30.00000,25.22002,0.03690,0.03294,0.04874
Na2CrWS3Se3,1.29741,-1.12865,0.27184,30.00000,25.26178,0.03690,0.03289,0.07171
Na2TaFeS3Br3,1.32586,-1.26688,0.56334,30.00000,25.31841,0.03690,0.03292,0.06370
Na2FeMnF3I3,1.44690,-1.97804,0.44872,30.00000,25.23169,0.03690,0.03292,0.04930
Na2SnBiSe3I3,1.44692,-0.88123,0.48044,30.00000,25.23199,0.03691,0.03292,0.04953
Na2TaCuS3Br3,1.31583,-1.17601,0.56790,30.00000,25.28260,0.03691,0.03294,0.06536
Na2TiCrO3S3,1.48592,-2.03913,0.04791,30.00000,25.07827,0.03691,0.03290,0.04855
Na2FeZnF3I3,1.30235,-1.93753,0.44235,30.00000,25.27056,0.03691,0.03287,0.06948
K2VCuO3I3,1.44306,-1.60736,0.48631,30.00000,25.23542,0.03691,0.03294,0.04959
Na2TaCuO3Cl3,1.46037,-2.02018,0.77069,30.00000,25.23782,0.03691,0.03297,0.04887
Na2VZnSe3Cl3,1.27703,-1.34387,0.25816,30.00000,25.20235,0.03691,0.03286,0.08033
K2SnWSe6,1.30330,-0.99256,0.35769,30.00000,25.23773,0.03691,0.03289,0.06909
K2TaCuO3I3,1.43976,-1.75300,0.81635,30.00000,25.24304,0.03691,0.03296,0.04937
K2VNbS6,1.28500,-1.45017,0.20107,30.00000,25.23134,0.03692,0.03287,0.07503
K2MnSbF3I3,1.47185,-2.09072,0.47636,30.00000,25.20523,0.03692,0.03293,0.04876
K2NbCuO3Cl3,1.49395,-1.99637,0.14852,30.00000,25.10601,0.03692,0.03296,0.04815
Na2MnSbF3I3,1.46135,-2.00622,0.48802,30.00000,25.18193,0.03692,0.03294,0.04878
Na2TaFeSe3I3,1.43727,-1.08128,0.78079,30.00000,25.28449,0.03692,0.03298,0.04955
K2WSbO3I3,1.49111,-1.39015,0.46777,30.00000,25.11118,0.03692,0.03295,0.04847
Na2CuZnF3I3,1.29146,-1.90049,0.44854,30.00000,25.30093,0.03692,0.03291,0.07307
K2SnVS3I3,1.29592,-1.15407,0.46368,30.00000,25.26988,0.03692,0.03288,0.07087
Na2WSbSe3I3,1.29711,-0.90424,0.49203,30.00000,25.29656,0.03692,0.03292,0.07064
Na2TaZnO3Br3,1.45822,-1.84257,0.59435,30.00000,25.21053,0.03693,0.03295,0.04917
Na2WFeSe3I3,1.46721,-0.96019,0.46646,30.00000,25.17183,0.03693,0.03294,0.04892
Na2SnMnS3Se3,1.29188,-0.98559,0.26762,30.00000,25.25681,0.03693,0.03288,0.07247
Na2SnSbS3I3,1.47138,-0.87256,0.47367,30.00000,25.14022,0.03693,0.03296,0.04861
Na2TaCuSe3Cl3,1.31728,-1.28614,0.70579,30.00000,25.30573,0.03693,0.03291,0.06345
Na2MoFeO3Cl3,1.49633,-1.59708,0.18543,30.00000,25.08233,0.03693,0.03298,0.04819
K2TaCuS3I3,1.43819,-1.17098,0.77394,30.00000,25.23006,0.03694,0.03298,0.04934
K2SbZnO3Br3,1.26804,-1.44814,0.13445,30.00000,25.16339,0.03694,0.03287,0.08201
K2WFeSe3I3,1.49094,-1.03444,0.45857,30.00000,25.12745,0.03694,0.03296,0.04834
K2MoMnS3Se3,1.27810,-1.10247,0.32583,30.00000,25.24113,0.03694,0.03286,0.07811
Na2SnSbO3I3,1.47851,-1.27618,0.49799,30.00000,25.16928,0.03694,0.03292,0.04832
Na2MoBiS3I3,1.30106,-0.92724,0.48905,30.00000,25.24652,0.03694,0.03290,0.06881
K2TiWSe6,1.30449,-1.27723,0.34850,30.00000,25.26055,0.03694,0.03288,0.06970
Na2TiSbSe3I3,1.28463,-1.03900,0.51374,30.00000,25.23698,0.03694,0.03291,0.07445
Na2SnWSe6,1.27832,-0.98066,0.36240,30.00000,25.24492,0.03694,0.03286,0.07754
Na2TaMnSe3I3,1.31917,-1.14547,0.78249,30.00000,25.31690,0.03694,0.03294,0.06479
Na2CrMoO3Br3,1.49264,-1.62139,0.15892,30.00000,25.08168,0.03694,0.03294,0.04827
K2TaFeSe3I3,1.47377,-1.22280,0.76202,30.00000,25.18166,0.03694,0.03294,0.04867
Na2WFeSe3Br3,1.28012,-1.09351,0.21759,30.00000,25.23986,0.03694,0.03288,0.07819
K2WFeSe3Br3,1.49817,-1.24039,0.21840,30.00000,25.04111,0.03695,0.03293,0.04837
Na2NbZnSe3I3,1.28233,-1.09935,0.50124,30.00000,25.26899,0.03695,0.03289,0.07765
Na2VFeSe3F3,1.48269,-2.14973,0.28955,30.00000,25.10431,0.03695,0.03293,0.04839
K2TiInSe3I3,1.39709,-1.35323,1.37254,30.00000,25.39177,0.03696,0.03301,0.05198
Na2MnBiO3Cl3,1.50312,-1.69781,0.15953,30.00000,25.00877,0.03696,0.03295,0.04819
Na2TiInSe3Br3,1.41995,-1.42738,1.33552,30.00000,25.28901,0.03696,0.03304,0.05052
Na2MoSbO3Br3,1.49898,-1.43216,0.23265,30.00000,25.03536,0.03696,0.03295,0.04818
K2SnTaSe3I3,1.46317,-1.26578,0.74969,30.00000,25.18548,0.03696,0.03297,0.04873
Na2SnMnF3I3,1.48944,-2.00086,0.46000,30.00000,25.08906,0.03696,0.03297,0.04851
K2TiCrO3Se3,1.50744,-2.08241,0.26040,30.00000,25.02075,0.03697,0.03301,0.04825
Na2FeMnO3Se3,1.49964,-1.38603,0.24194,30.00000,25.03865,0.03697,0.03297,0.04822
Na2NbFeO3Cl3,1.51191,-2.07475,0.12297,30.00000,24.99175,0.03697,0.03293,0.04839
K2VMnSe3Br3,1.27477,-1.44874,0.21914,30.00000,25.22679,0.03697,0.03287,0.07984
Na2SnMnBr3I3,1.27306,-1.17429,0.36827,30.00000,25.18228,0.03697,0.03292,0.08057
K2WSbO3Br3,1.49362,-1.43042,0.18555,30.00000,25.03381,0.03697,0.03294,0.04848
Na2VZnO3I3,1.48315,-1.55712,0.48897,30.00000,25.11718,0.03697,0.03295,0.04842
K2VFeO3Br3,1.50989,-1.87138,0.08361,30.00000,24.96788,0.03697,0.03292,0.04816
Na2MoInS3I3,1.35778,-0.97930,1.54269,30.00000,25.36681,0.03698,0.03301,0.05608
K2MnInO3Br3,1.41430,-1.67158,1.52356,30.00000,25.31783,0.03698,0.03305,0.05101
K2WMnSe6,1.27081,-1.09176,0.34252,30.00000,25.16686,0.03698,0.03288,0.08285
Na2TaMnO3I3,1.46513,-1.94983,0.84350,30.00000,25.14907,0.03698,0.03301,0.04865
Na2VTaS3Se3,1.29597,-1.25253,0.76502,30.00000,25.26727,0.03698,0.03292,0.07080
K2VMnS3Br3,1.26179,-1.48314,0.08803,30.00000,25.12560,0.03698,0.03284,0.08937
K2NbMnSe3Cl3,1.26904,-1.55268,0.27374,30.00000,25.17990,0.03698,0.03291,0.08464
Li2MoWSe6,1.26997,-0.97691,0.42525,30.00000,25.17356,0.03699,0.03289,0.08518
K2VZnS3I3,1.27259,-1.17974,0.44990,30.00000,25.18057,0.03699,0.03293,0.08113
Na2MoGaS3I3,1.39498,-0.98259,1.67414,30.00000,25.36716,0.03699,0.03306,0.05270
Na2TaCuSe3I3,1.30522,-1.01161,0.78210,30.00000,25.25919,0.03699,0.03294,0.06986
Na2TaSbS3Se3,1.48322,-1.04996,0.73422,30.00000,25.13403,0.03699,0.03301,0.04862
K2VSbS3Se3,1.26631,-1.05108,0.33734,30.00000,25.18282,0.03699,0.03289,0.08215
Na2TaFeSe3Br3,1.27989,-1.28755,0.58935,30.00000,25.22797,0.03699,0.03292,0.07737
K2CrWS3I3,1.50237,-1.16807,0.42198,30.00000,25.04073,0.03699,0.03299,0.04816
K2MoInS3I3,1.39265,-1.10686,1.48778,30.00000,25.32186,0.03699,0.03301,0.05224
K2MoGaSe3Br3,1.37138,-1.33573,1.39345,30.00000,25.32187,0.03699,0.03301,0.05492
Na2TaZnSe3Cl3,1.48904,-1.38842,0.69501,30.00000,25.09758,0.03699,0.03302,0.04837
K2MnZnBr3I3,1.27081,-1.29980,0.34562,30.00000,25.17508,0.03699,0.03290,0.08029
Na2MoSbS3Br3,1.26382,-1.02008,0.22302,30.00000,25.18647,0.03700,0.03289,0.08484
K2SnNbS3I3,1.49765,-1.22319,0.46245,30.00000,25.05802,0.03700,0.03298,0.04820
K2VMnS3I3,1.26331,-1.22640,0.45575,30.00000,25.21318,0.03701,0.03288,0.08560
Li2MoGaSe3Br3,1.41113,-1.17514,1.51951,30.00000,25.29225,0.03701,0.03305,0.05136
K2TiSbSe3I3,1.28313,-1.15165,0.50345,30.00000,25.18409,0.03701,0.03289,0.07763
K2MoSbO3Br3,1.50628,-1.53785,0.23291,30.00000,24.97565,0.03701,0.03297,0.04807
Na2NbMnO3Br3,1.50800,-1.98458,0.10634,30.00000,24.97225,0.03701,0.03295,0.04835
K2TaMnS3I3,1.47659,-1.24273,0.77430,30.00000,25.14403,0.03701,0.03302,0.04887
Na2WAgSe3I3,1.39216,-0.90796,1.94140,30.00000,25.35806,0.03701,0.03309,0.05266
Na2TiInS3I3,1.41461,-1.29728,1.56313,30.00000,25.28156,0.03701,0.03304,0.05092
K2SnFeO3Se3,1.52561,-1.35240,0.27772,30.00000,24.94675,0.03701,0.03299,0.04800
Na2MnInO3Br3,1.36354,-1.66148,1.60587,30.00000,25.35797,0.03702,0.03302,0.05604
K2MnInO3Se3,1.36159,-1.55652,1.71279,30.00000,25.37307,0.03702,0.03305,0.05623
Na2WSbSe3Br3,1.24555,-1.01250,0.26732,30.00000,25.11305,0.03702,0.03291,0.09509
K2MoInSe3Br3,1.31360,-1.32869,1.28401,30.00000,25.33658,0.03702,0.03299,0.06526
K2MoBiS3I3,1.27216,-1.02867,0.47963,30.00000,25.20837,0.03702,0.03290,0.07984
K2TaSbSe6,1.27901,-1.03366,0.71048,30.00000,25.22028,0.03702,0.03294,0.07826
K2CrMnO3Se3,1.51700,-1.61218,0.25167,30.00000,24.96689,0.03702,0.03299,0.04780
Na2MnZnI6,1.27117,-1.04871,0.57221,30.00000,25.17183,0.03702,0.03293,0.08133
K2TaZnO3Br3,1.48724,-1.87065,0.57556,30.00000,25.05912,0.03702,0.03297,0.04864
Na2SnInO3I3,1.43167,-1.39545,1.55142,30.00000,25.28955,0.03702,0.03307,0.05042
K2MoBiO3I3,1.50355,-1.36263,0.50140,30.00000,25.02936,0.03702,0.03299,0.04861
Na2NbMnO3I3,1.50453,-1.90939,0.49262,30.00000,25.07923,0.03703,0.03295,0.04849
K2MnGaO3Br3,1.34469,-1.67127,1.70630,30.00000,25.35349,0.03703,0.03303,0.05885
Na2ZrGaSe3Br3,1.43673,-1.46971,1.39211,30.00000,25.24912,0.03703,0.03308,0.04998
Na2CrMoO3Se3,1.51335,-1.62312,0.36143,30.00000,25.00278,0.03703,0.03299,0.04803
Na2TiInSe3I3,1.36016,-1.23300,1.41680,30.00000,25.35970,0.03703,0.03301,0.05620
Na2MoFeSe3F3,1.50089,-1.91105,0.34620,30.00000,24.98278,0.03703,0.03297,0.04845
K2TiInSe3Br3,1.32092,-1.57253,1.28621,30.00000,25.31318,0.03703,0.03301,0.06531
K2WFeS3Br3,1.52809,-1.25491,0.11396,30.00000,24.91958,0.03703,0.03294,0.04805
Na2TiGaSe3I3,1.39004,-1.22912,1.52540,30.00000,25.33625,0.03703,0.03306,0.05226
K2SnMnF3I3,1.50429,-2.10690,0.44960,30.00000,25.00978,0.03703,0.03300,0.04824
Na2TiFeO3Br3,1.52997,-1.99314,0.02882,30.00000,24.89635,0.03703,0.03296,0.04801
Na2MnInO3I3,1.34139,-1.51700,1.65093,30.00000,25.33327,0.03703,0.03305,0.05999
K2VFeSe3F3,1.51113,-2.17848,0.28605,30.00000,24.98759,0.03704,0.03297,0.04815
Na2SnInSe3I3,1.45966,-0.94011,1.34120,30.00000,25.20832,0.03704,0.03307,0.04904
K2WAgSe3I3,1.38284,-0.98846,1.88581,30.00000,25.37835,0.03704,0.03309,0.05371
Na2VCuSe3F3,1.25750,-1.93759,0.30049,30.00000,25.16639,0.03704,0.03290,0.09299
Na2NbFeSe3I3,1.25806,-1.06233,0.50509,30.00000,25.12154,0.03704,0.03295,0.08947
K2MoGaS3Br3,1.44002,-1.28587,1.56081,30.00000,25.27849,0.03704,0.03311,0.04958
K2WFeSe3Cl3,1.52454,-1.32164,0.25117,30.00000,24.91026,0.03705,0.03298,0.04832
Na2MoGaSe3Cl3,1.42811,-1.28949,1.78201,30.00000,25.31050,0.03705,0.03308,0.05049
Li2MoGaSe3I3,1.42833,-0.96487,1.57122,30.00000,25.31260,0.03705,0.03308,0.05046
Na2MoFeSe3Cl3,1.24954,-1.21115,0.31374,30.00000,25.07248,0.03705,0.03290,0.09664
Na2MnBiO3S3,1.51491,-1.62952,0.17403,30.00000,24.93409,0.03705,0.03293,0.04826
Na2TiSbSe3Br3,1.25056,-1.36030,0.24931,30.00000,25.11136,0.03705,0.03292,0.09491
Na2FeCuF3I3,1.26979,-1.87883,0.45290,30.00000,25.11277,0.03706,0.03290,0.08277
Na2ZrInSe3Br3,1.45622,-1.51238,1.27721,30.00000,25.16998,0.03706,0.03303,0.04963
K2SnInSe3I3,1.48348,-0.97825,1.30293,30.00000,25.13955,0.03706,0.03306,0.04846
K2SnNbS3Br3,1.26015,-1.35285,0.15838,30.00000,25.09098,0.03706,0.03290,0.09095
Na2SnCrS3I3,1.26818,-0.99930,0.44672,30.00000,25.12578,0.03706,0.03293,0.08702
K2MnInO3I3,1.44533,-1.54795,1.58363,30.00000,25.25703,0.03706,0.03309,0.04922
K2MnGaO3I3,1.44087,-1.55175,1.72986,30.00000,25.27965,0.03706,0.03309,0.04967
Na2NbZnO3I3,1.50977,-1.66897,0.48580,30.00000,24.97307,0.03706,0.03302,0.04814
K2ZrInSe3I3,1.46717,-1.39951,1.32366,30.00000,25.17463,0.03706,0.03306,0.04897
K2SbZnS3I3,1.51437,-1.04360,0.45167,30.00000,24.95371,0.03706,0.03301,0.04821
K2SnNbSe3Br3,1.24813,-1.44185,0.25849,30.00000,25.09114,0.03706,0.03289,0.09585
K2FeMnO3Se3,1.53563,-1.45251,0.24163,30.00000,24.89295,0.03707,0.03302,0.04810
K2MnGaO3Se3,1.39582,-1.51902,1.91409,30.00000,25.36117,0.03707,0.03311,0.05267
K2CrMoO3I3,1.50261,-1.51364,0.51868,30.00000,25.04613,0.03707,0.03298,0.04840
Na2SnInS3I3,1.44642,-0.92852,1.45976,30.00000,25.23781,0.03707,0.03308,0.04961
Na2ZrFeO3I3,1.51802,-1.92115,0.45595,30.00000,24.92342,0.03707,0.03302,0.04807
Na2MnInO3Se3,1.44553,-1.44679,1.80774,30.00000,25.28747,0.03707,0.03308,0.05019
Na2WInSe3Br3,1.47974,-1.12002,1.17384,30.00000,25.12679,0.03707,0.03308,0.04897
Na2WMnS6,1.53373,-1.17076,0.13660,30.00000,24.89349,0.03707,0.03301,0.04802
K2VFeSe3I3,1.24991,-1.17846,0.49769,30.00000,25.10970,0.03707,0.03290,0.09405
Na2SnNbSe3Br3,1.25358,-1.31688,0.25941,30.00000,25.08603,0.03708,0.03290,0.09123
Na2SnFeO3Br3,1.52523,-1.42239,0.08883,30.00000,24.90223,0.03708,0.03297,0.04812
Na2ZrInSe3I3,1.47365,-1.31476,1.36390,30.00000,25.18191,0.03708,0.03309,0.04873
K2MoGaS3I3,1.46431,-1.10313,1.60992,30.00000,25.22190,0.03708,0.03309,0.04888
Na2TiBiSe3I3,1.52456,-1.05954,0.48206,30.00000,24.90831,0.03708,0.03303,0.04820
K2TaCuSe3Br3,1.24930,-1.34197,0.57849,30.00000,25.08987,0.03708,0.03294,0.09517
Na2SnZnBr3I3,1.25165,-1.15326,0.36473,30.00000,25.08383,0.03708,0.03294,0.09315
K2FeZnF3I3,1.25750,-2.00778,0.43199,30.00000,25.08082,0.03709,0.03293,0.09362
K2SbAgCl3I3,1.38005,-1.16726,2.21651,30.00000,25.37148,0.03709,0.03317,0.05402
Na2CrMnSe3I3,1.25495,-1.12248,0.48544,30.00000,25.11915,0.03709,0.03295,0.09077
Na2SnVS3Br3,1.24090,-1.25460,0.13224,30.00000,25.01206,0.03709,0.03290,0.10173
K2MnCuCl3I3,1.25169,-1.30617,0.41116,30.00000,25.11167,0.03709,0.03292,0.09381
Na2SnVS3I3,1.25841,-1.01890,0.47420,30.00000,25.10517,0.03710,0.03292,0.09148
Na2MnGaO3I3,1.40780,-1.52643,1.81008,30.00000,25.29490,0.03710,0.03311,0.05168
K2TaZnSe3Cl3,1.50941,-1.48344,0.67293,30.00000,24.97622,0.03710,0.03304,0.04831
Na2MnGaS3Se3,1.45166,-1.00753,1.84897,30.00000,25.25503,0.03710,0.03310,0.04948
K2TaMnO3Br3,1.52130,-2.04968,0.58418,30.00000,24.91893,0.03710,0.03302,0.04829
K2VZnO3Br3,1.54888,-1.77416,0.08539,30.00000,24.75523,0.03711,0.03299,0.04818
K2SnTaS3Br3,1.51449,-1.38603,0.54892,30.00000,24.93554,0.03711,0.03301,0.04820
Na2SnVSe3F3,1.53110,-2.09046,0.32375,30.00000,24.86080,0.03711,0.03301,0.04808
K2NbSbO3Se3,1.52983,-1.68133,0.36361,30.00000,24.86895,0.03711,0.03303,0.04828
K2TiGaSe3I3,1.47287,-1.38213,1.47438,30.00000,25.17161,0.03711,0.03309,0.04888
Na2MoWO3Se3,1.52619,-1.48326,0.36218,30.00000,24.88659,0.03711,0.03304,0.04830
Na2SnTaSe3I3,1.51485,-1.04757,0.76682,30.00000,24.94143,0.03711,0.03307,0.04836
Na2MoWS6,1.54273,-1.16526,0.24625,30.00000,24.83604,0.03711,0.03301,0.04819
Na2VSbS3Se3,1.23902,-1.00753,0.34317,30.00000,25.03047,0.03711,0.03294,0.10213
Li2WSbSe3F3,1.53056,-1.65422,0.35077,30.00000,24.87887,0.03711,0.03304,0.04830
Na2TaFeS3I3,1.52060,-1.16105,0.79506,30.00000,24.93518,0.03712,0.03307,0.04841
K2FeMnO3Br3,1.54041,-1.70038,0.03774,30.00000,24.80334,0.03712,0.03301,0.04813
Na2TaSbO3Se3,1.52377,-1.66234,0.78149,30.00000,24.94407,0.03712,0.03304,0.04842
K2CrWSe3I3,1.52830,-1.12495,0.46453,30.00000,24.92292,0.03712,0.03301,0.04829
K2VMnSe3I3,1.25230,-1.21434,0.49927,30.00000,25.04296,0.03712,0.03295,0.09102
Na2TaZnO3Cl3,1.50568,-2.06649,0.75508,30.00000,24.99859,0.03712,0.03308,0.04836
Na2MoGaS3Br3,1.46452,-1.15146,1.63868,30.00000,25.18038,0.03712,0.03310,0.04909
K2MnInS3I3,1.28555,-1.11178,1.48583,30.00000,25.26969,0.03713,0.03303,0.07570
Na2MnGaS3Br3,1.31720,-1.17827,1.64811,30.00000,25.31235,0.03713,0.03306,0.06513
K2ZrMoS3Se3,1.23803,-1.34807,0.33563,30.00000,25.02628,0.03713,0.03296,0.10236
Na2TiFeO3I3,1.53997,-1.92243,0.46347,30.00000,24.85464,0.03714,0.03302,0.04814
Na2WAgO3I3,1.42291,-1.33843,2.28359,30.00000,25.32793,0.03714,0.03315,0.05099
Na2MoMnS3Se3,1.23312,-1.06562,0.33121,30.00000,25.01310,0.03714,0.03293,0.11088
Na2MnBiS3I3,1.23777,-0.88544,0.43521,30.00000,25.01091,0.03714,0.03293,0.10556
K2TiGaSe3Br3,1.50786,-1.59836,1.40362,30.00000,25.06566,0.03715,0.03310,0.04830
Na2WSbSe3F3,1.54680,-1.76152,0.33217,30.00000,24.75814,0.03715,0.03306,0.04829
Na2VZnS3Br3,1.22013,-1.25331,0.07822,30.00000,24.97073,0.03715,0.03291,0.12768
K2MnGaS3Se3,1.28833,-1.12166,1.75209,30.00000,25.30879,0.03715,0.03308,0.07439
K2NbFeSe3Br3,1.23608,-1.37820,0.23094,30.00000,24.97658,0.03715,0.03291,0.10612
K2SnVSe3F3,1.54057,-2.13903,0.31861,30.00000,24.81025,0.03715,0.03302,0.04813
Na2VFeO3I3,1.53056,-1.73019,0.49416,30.00000,24.86416,0.03715,0.03305,0.04814
Na2WBiS3I3,1.53548,-0.96432,0.42973,30.00000,24.84682,0.03715,0.03303,0.04847
Na2ZrSbO3Br3,1.54809,-1.97345,0.15284,30.00000,24.77414,0.03715,0.03301,0.04825
K2WMnS3Se3,1.54317,-1.12299,0.26434,30.00000,24.77011,0.03715,0.03301,0.04819
Na2SnBiO3I3,1.54301,-1.27072,0.46337,30.00000,24.79797,0.03715,0.03306,0.04831
K2WAgO3Br3,1.41844,-1.49225,2.28450,30.00000,25.29032,0.03715,0.03318,0.05123
K2MoWSe6,1.24619,-1.07038,0.40067,30.00000,25.05552,0.03715,0.03298,0.09987
Na2SnVSe3I3,1.24622,-0.98815,0.51296,30.00000,25.05941,0.03715,0.03294,0.10240
Na2FeSbO3Br3,1.54365,-1.43673,0.12723,30.00000,24.76018,0.03716,0.03300,0.04818
Na2ZrWSe6,1.24885,-1.26358,0.35339,30.00000,25.00906,0.03716,0.03293,0.10047
Na2NbSbO3Se3,1.53030,-1.60629,0.37107,30.00000,24.84241,0.03716,0.03303,0.04820
Na2SbAgCl3I3,1.32602,-1.01711,2.30011,30.00000,25.35177,0.03716,0.03317,0.06286
Na2MnGaO3Br3,1.46688,-1.65184,1.80955,30.00000,25.17512,0.03716,0.03316,0.04925
Na2MoSbSe3Cl3,1.22984,-1.12372,0.37116,30.00000,24.99276,0.03717,0.03295,0.11922
K2TiCrO3Cl3,1.55172,-2.20473,0.04987,30.00000,24.73215,0.03717,0.03303,0.04815
K2MnSbCl3I3,1.23896,-1.33977,0.44403,30.00000,24.99622,0.03717,0.03292,0.10399
Na2TiGaS3I3,1.48903,-1.25540,1.70588,30.00000,25.12171,0.03717,0.03312,0.04878
K2MoGaSe3I3,1.28019,-1.04454,1.46193,30.00000,25.18252,0.03717,0.03306,0.07842
K2WBiS3I3,1.53916,-1.08884,0.42320,30.00000,24.80970,0.03717,0.03302,0.04796
K2MoSbS3I3,1.24554,-0.98366,0.51350,30.00000,25.04253,0.03717,0.03295,0.10286
K2VCuSe3Br3,1.23356,-1.28615,0.22586,30.00000,24.95068,0.03717,0.03290,0.11277
Na2TaZnS3I3,1.53215,-1.15683,0.78734,30.00000,24.88484,0.03717,0.03306,0.04838
K2MoGaSe3Cl3,1.48686,-1.40279,1.69725,30.00000,25.11384,0.03718,0.03316,0.04878
Na2WAgO3Br3,1.43004,-1.39499,2.38996,30.00000,25.27827,0.03718,0.03318,0.05052
K2TaZnO3I3,1.52876,-1.79243,0.80698,30.00000,24.92208,0.03718,0.03309,0.04825
Na2MnGaSe3Cl3,1.28794,-1.30415,1.80274,30.00000,25.24990,0.03718,0.03309,0.07518
K2ZrGaSe3I3,1.51014,-1.40192,1.41777,30.00000,24.98796,0.03718,0.03313,0.04849
Li2MoGaS3Br3,1.47961,-1.18356,1.74216,30.00000,25.14483,0.03718,0.03314,0.04891
K2NbFeSe3Cl3,1.23005,-1.51412,0.27187,30.00000,24.98967,0.03719,0.03292,0.11380
K2SbAgO3Se3,1.41651,-1.22506,2.70366,30.00000,25.33019,0.03719,0.03319,0.05133
Na2NbFeSe3Cl3,1.22527,-1.36198,0.27394,30.00000,24.95993,0.03719,0.03292,0.12435
K2ZrGaSe3Br3,1.50459,-1.64643,1.34014,30.00000,25.01528,0.03719,0.03313,0.04877
Na2WGaSe3Br3,1.50989,-1.14439,1.26902,30.00000,24.94531,0.03719,0.03313,0.04847
Na2VZnO3Br3,1.55789,-1.73462,0.07451,30.00000,24.70704,0.03719,0.03304,0.04838
Na2SnTaSe3Cl3,1.53744,-1.46008,0.69054,30.00000,24.82651,0.03719,0.03306,0.04829
Na2ZrCrO3Cl3,1.55900,-2.12918,0.07088,30.00000,24.67584,0.03719,0.03305,0.04819
Na2VMnSe3Cl3,1.23217,-1.42923,0.26191,30.00000,24.94292,0.03719,0.03293,0.11282
K2CrAgO3I3,1.39197,-1.40529,2.56412,30.00000,25.31481,0.03720,0.03322,0.05271
K2ZrBiSe3I3,1.54931,-1.35764,0.46865,30.00000,24.76438,0.03720,0.03308,0.04817
K2MoAgO3I3,1.34104,-1.33602,2.48922,30.00000,25.31664,0.03720,0.03316,0.06096
K2VMnSe3Cl3,1.22477,-1.54861,0.26042,30.00000,24.94136,0.03720,0.03292,0.12293
Na2MnZnF3I3,1.54496,-2.02362,0.44436,30.00000,24.78238,0.03720,0.03304,0.04832
Na2NbFeSe3Br3,1.22568,-1.26413,0.23063,30.00000,24.91541,0.03720,0.03292,0.11958
Na2MoFeS3I3,1.23001,-0.97186,0.49455,30.00000,24.96282,0.03721,0.03296,0.11565
K2CrAgO3Br3,1.39461,-1.57428,2.76586,30.00000,25.33943,0.03721,0.03324,0.05284
K2FeCuF3I3,1.23333,-1.94588,0.44197,30.00000,24.98584,0.03721,0.03295,0.11362
Na2TiBiS3I3,1.55074,-1.05964,0.44206,30.00000,24.78470,0.03721,0.03308,0.04837
Na2CrMnO3Br3,1.56101,-1.72278,0.03206,30.00000,24.65815,0.03721,0.03303,0.04838
K2MnZnI6,1.23378,-1.10856,0.56098,30.00000,24.97832,0.03721,0.03297,0.11329
Na2MoAgO3I3,1.32635,-1.30851,2.59614,30.00000,25.34802,0.03721,0.03319,0.06371
Na2TiCrS3I3,1.22797,-1.31102,0.44528,30.00000,24.93071,0.03721,0.03295,0.11026
K2VNbS3Se3,1.21816,-1.29046,0.32846,30.00000,24.91777,0.03721,0.03292,0.13046
Na2TaMnSe3Br3,1.23728,-1.39283,0.59113,30.00000,24.99938,0.03721,0.03298,0.10890
K2VCuS3I3,1.22459,-1.13909,0.45943,30.00000,24.93030,0.03721,0.03296,0.11882
Na2SnTaS3Br3,1.54876,-1.27722,0.56365,30.00000,24.75877,0.03722,0.03307,0.04838
Na2WSbO3Br3,1.55517,-1.40960,0.18294,30.00000,24.72751,0.03722,0.03304,0.04838
Na2CrWO3I3,1.55226,-1.53287,0.45132,30.00000,24.72011,0.03722,0.03309,0.04847
K2ZrCrS3I3,1.22610,-1.35844,0.43012,30.00000,24.97920,0.03722,0.03294,0.11969
Na2WFeS3I3,1.54923,-1.01896,0.42268,30.00000,24.72138,0.03722,0.03308,0.04842
K2CuZnF3I3,1.22102,-1.96043,0.43799,30.00000,24.94258,0.03723,0.03297,0.12046
K2MoWO3Se3,1.55062,-1.49693,0.35593,30.00000,24.76362,0.03723,0.03306,0.04830
Na2ZrBiSe3I3,1.55837,-1.21266,0.47637,30.00000,24.69919,0.03723,0.03312,0.04852
Na2SnGaSe3I3,1.50323,-0.92315,1.43676,30.00000,25.02405,0.03723,0.03311,0.04867
Na2VTaS6,1.53805,-1.41261,0.78336,30.00000,24.80756,0.03723,0.03308,0.04818
K2SnSbS3Br3,1.56513,-1.05601,0.17380,30.00000,24.65037,0.03723,0.03306,0.04827
K2VCuSe3I3,1.22759,-1.07588,0.50185,30.00000,24.92487,0.03724,0.03298,0.12297
Na2ZrInS3I3,1.52170,-1.35252,1.49131,30.00000,24.91722,0.03724,0.03317,0.04860
K2MoFeSe3Br3,1.22416,-1.22738,0.26161,30.00000,24.93557,0.03724,0.03295,0.11811
K2MnGaS3Br3,1.26531,-1.29411,1.56375,30.00000,25.13134,0.03724,0.03308,0.08816
Na2MoGaSe3I3,1.26731,-0.95974,1.50950,30.00000,25.14593,0.03724,0.03308,0.08572
K2CrMoO3Br3,1.56032,-1.66726,0.16384,30.00000,24.65555,0.03724,0.03304,0.04841
Na2VMnS3I3,1.22893,-1.16765,0.46694,30.00000,24.93430,0.03724,0.03297,0.11526
K2VMnO3Br3,1.57053,-2.00401,0.08550,30.00000,24.64934,0.03724,0.03305,0.04832
K2MnGaSe6,1.25889,-1.07541,1.53412,30.00000,25.12431,0.03724,0.03306,0.09146
Na2MnSbCl3I3,1.22654,-1.23235,0.45341,30.00000,24.95015,0.03724,0.03296,0.11453
Na2CrMnO6,1.55846,-2.03263,0.02488,30.00000,24.63795,0.03725,0.03305,0.04852
Na2NbZnSe3Br3,1.21707,-1.23265,0.22983,30.00000,24.91843,0.03725,0.03292,0.12619
Na2MoSbS3I3,1.22316,-0.90632,0.52551,30.00000,24.95133,0.03725,0.03299,0.12357
K2TaCuO3Cl3,1.54463,-2.04291,0.73468,30.00000,24.79467,0.03725,0.03308,0.04833
Na2VCuSe3Cl3,1.21682,-1.26941,0.27011,30.00000,24.88203,0.03725,0.03290,0.12868
K2MoSbS3Br3,1.22315,-1.15931,0.22375,30.00000,24.85471,0.03725,0.03295,0.12270
K2NbFeS3Br3,1.21745,-1.38661,0.11277,30.00000,24.85688,0.03725,0.03292,0.13233
K2MoAgO3Br3,1.31411,-1.45872,2.65687,30.00000,25.31062,0.03726,0.03320,0.06687
K2SnCrS3I3,1.22260,-1.05602,0.43743,30.00000,24.92815,0.03726,0.03298,0.12101
Na2SnBiS3I3,1.55940,-0.90073,0.44351,30.00000,24.68092,0.03726,0.03306,0.04840
Na2TiGaSe3Br3,1.52199,-1.43445,1.46231,30.00000,24.92498,0.03726,0.03319,0.04831
Na2CrMnO3I3,1.56283,-1.59062,0.46352,30.00000,24.70555,0.03726,0.03309,0.04830
Na2SbAgO3Se3,1.43851,-1.20211,2.84542,30.00000,25.27012,0.03726,0.03328,0.04998
Na2MnGaSe3Br3,1.25496,-1.22286,1.44284,30.00000,25.07283,0.03726,0.03303,0.09243
Na2ZrCrO3S3,1.56920,-2.03271,0.08793,30.00000,24.62243,0.03726,0.03302,0.04829
K2ZrSbS3I3,1.55912,-1.32795,0.45842,30.00000,24.70162,0.03726,0.03309,0.04863
K2ZrCrO3Se3,1.55452,-2.05955,0.26856,30.00000,24.66188,0.03727,0.03307,0.04841
Na2CrAgO3Br3,1.36564,-1.52014,2.93091,30.00000,25.33604,0.03727,0.03328,0.05590
Na2MoAgO3Br3,1.30884,-1.39274,2.80189,30.00000,25.27687,0.03727,0.03322,0.06768
Na2NbTaSe6,1.23161,-1.15316,0.73703,30.00000,24.94491,0.03727,0.03299,0.11507
Na2SnCuO3Se3,1.21057,-1.33623,0.29011,30.00000,24.81952,0.03727,0.03296,0.13667
Na2NbFeS3Br3,1.20636,-1.24944,0.10520,30.00000,24.79844,0.03727,0.03291,0.15196
Na2WInSe3I3,1.52581,-1.00238,1.26733,30.00000,24.89179,0.03727,0.03313,0.04860
Li2MoWS6,1.56670,-1.09854,0.26404,30.00000,24.65784,0.03728,0.03304,0.04851
K2VCuO3F3,1.20883,-2.60697,0.13347,30.00000,24.81272,0.03728,0.03292,0.14817
K2MnGaS3I3,1.25454,-1.13246,1.61521,30.00000,25.11498,0.03728,0.03311,0.09641
K2NbMnO3I3,1.56525,-2.03292,0.48006,30.00000,24.68168,0.03728,0.03307,0.04842
Na2SnVSe3Cl3,1.21682,-1.38235,0.29431,30.00000,24.85861,0.03728,0.03291,0.12813
Na2VMnS3Br3,1.20628,-1.34162,0.07817,30.00000,24.81065,0.03728,0.03291,0.14642
Na2MoGaSe3Br3,1.24431,-1.13460,1.44757,30.00000,25.09161,0.03728,0.03310,0.10253
Na2MnInO6,1.47998,-2.09610,2.56803,30.00000,25.09233,0.03729,0.03325,0.04924
Na2FeMnO3Cl3,1.57913,-1.67729,0.00925,30.00000,24.53844,0.03729,0.03305,0.04825
Na2SnCrSe3I3,1.21965,-0.98505,0.49006,30.00000,24.89617,0.03729,0.03296,0.12618
K2NbSbS6,1.56842,-1.07260,0.24009,30.00000,24.58762,0.03729,0.03307,0.04865
K2VTaS6,1.55506,-1.43739,0.74835,30.00000,24.69066,0.03730,0.03314,0.04854
K2SnTaSe3Cl3,1.55704,-1.60332,0.67029,30.00000,24.71798,0.03730,0.03313,0.04863
Na2ZrCrO3I3,1.57329,-2.00858,0.46492,30.00000,24.59746,0.03730,0.03310,0.04843
Na2MoWSe6,1.21046,-0.99799,0.40725,30.00000,24.85374,0.03730,0.03295,0.13862
Na2ZrGaSe3I3,1.54023,-1.30215,1.46389,30.00000,24.86408,0.03730,0.03320,0.04829
Na2CrMnO3Se3,1.57593,-1.55948,0.25271,30.00000,24.56463,0.03730,0.03310,0.04865
K2VZnS3Br3,1.20303,-1.37460,0.08788,30.00000,24.80094,0.03731,0.03294,0.15865
Na2NbMnSe3Cl3,1.21002,-1.41400,0.27592,30.00000,24.82672,0.03731,0.03296,0.13729
K2TiFeSe3Br3,1.20016,-1.45307,0.18936,30.00000,24.78526,0.03731,0.03294,0.14831
Na2ZrCrO3Se3,1.57308,-2.12149,0.27068,30.00000,24.60694,0.03731,0.03306,0.04851
K2SnVSe3I3,1.21292,-1.07908,0.50270,30.00000,24.84451,0.03732,0.03298,0.13568
K2VFeO3Cl3,1.57926,-1.99708,0.09448,30.00000,24.52366,0.03732,0.03309,0.04857
K2TiInS3I3,1.53887,-1.35779,1.50363,30.00000,24.82928,0.03732,0.03320,0.04857
Na2MnInS3I3,1.24143,-1.04695,1.54390,30.00000,25.05279,0.03732,0.03309,0.09997
K2TaSbS6,1.56380,-1.12697,0.71378,30.00000,24.68484,0.03732,0.03313,0.04850
Na2SnFeO3Se3,1.57370,-1.36757,0.28028,30.00000,24.58773,0.03733,0.03311,0.04848
Na2MoFeO3Br3,1.58193,-1.55537,0.14986,30.00000,24.53744,0.03733,0.03310,0.04842
Na2NbSbS6,1.57499,-1.06236,0.24028,30.00000,24.53950,0.03733,0.03306,0.04840
Na2SbZnO3I3,1.20531,-1.18253,0.48678,30.00000,24.82491,0.03733,0.03299,0.14969
Na2SnGaO3I3,1.53490,-1.40661,1.68850,30.00000,24.85450,0.03733,0.03322,0.04843
K2ZrInSe3Br3,1.54175,-1.64960,1.23318,30.00000,24.77989,0.03733,0.03322,0.04881
K2ZrFeO3Br3,1.59033,-2.05173,0.06954,30.00000,24.47619,0.03733,0.03310,0.04851
Na2MoFeSe3Br3,1.20487,-1.08680,0.26276,30.00000,24.83582,0.03733,0.03294,0.14157
K2NbZnO3I3,1.57839,-1.78047,0.47377,30.00000,24.57416,0.03733,0.03312,0.04848
K2MnGaS6,1.51630,-1.17675,2.12525,30.00000,24.96975,0.03734,0.03327,0.04838
Na2SnWS3Se3,1.57543,-1.00745,0.29195,30.00000,24.54767,0.03734,0.03305,0.04865
K2NbTaS3Se3,1.56284,-1.27925,0.72038,30.00000,24.66692,0.03734,0.03311,0.04840
K2TiWS6,1.58636,-1.48914,0.14950,30.00000,24.53812,0.03734,0.03309,0.04857
K2ZrFeSe3I3,1.21073,-1.30684,0.46934,30.00000,24.81237,0.03734,0.03299,0.13902
Na2SnCrO3I3,1.56678,-1.45421,0.47165,30.00000,24.58151,0.03735,0.03311,0.04847
Na2WBiO3Br3,1.57870,-1.41624,0.18252,30.00000,24.51131,0.03735,0.03309,0.04851
Na2VCuS3Br3,1.19688,-1.19566,0.08967,30.00000,24.68755,0.03735,0.03297,0.15470
K2TiMoS3Se3,1.20652,-1.37623,0.33406,30.00000,24.79756,0.03735,0.03298,0.14364
K2NbTaO6,1.55802,-2.95062,0.85632,30.00000,24.66585,0.03735,0.03314,0.04854
Na2MnInO3Cl3,1.52425,-1.82849,2.16434,30.00000,24.94684,0.03735,0.03324,0.04848
Na2SnCrO3Br3,1.58991,-1.65080,0.09701,30.00000,24.45488,0.03736,0.03310,0.04854
K2ZrCrO3S3,1.58556,-2.07101,0.10110,30.00000,24.51692,0.03736,0.03309,0.04850
Na2NbZnO3Br3,1.58349,-1.81068,0.10579,30.00000,24.48275,0.03736,0.03310,0.04858
K2WAgO3I3,1.51352,-1.37022,2.20105,30.00000,24.96190,0.03736,0.03323,0.04856
K2CrMoS3Se3,1.20529,-1.18829,0.33286,30.00000,24.77363,0.03736,0.03296,0.13927
Na2CrWSe6,1.20857,-1.08663,0.35226,30.00000,24.80011,0.03736,0.03298,0.13892
Na2TiGaS3Br3,1.52631,-1.39952,1.67597,30.00000,24.86724,0.03737,0.03322,0.04852
Na2SnVSe3Br3,1.20077,-1.31963,0.24839,30.00000,24.74043,0.03737,0.03297,0.15803
Na2ZrInO3I3,1.54231,-2.04310,1.58891,30.00000,24.83224,0.03737,0.03321,0.04852
K2SnGaSe3Br3,1.54724,-1.24194,1.31362,30.00000,24.73757,0.03738,0.03319,0.04862
Na2VMnSe3I3,1.21062,-1.16220,0.51024,30.00000,24.81710,0.03738,0.03301,0.14079
Na2NbMnSe3Br3,1.20044,-1.33628,0.23216,30.00000,24.71170,0.03738,0.03295,0.16255
Na2MnSbS3I3,1.20646,-0.88275,0.46710,30.00000,24.77964,0.03738,0.03295,0.14982
K2VCuSe3Cl3,1.19706,-1.40287,0.26814,30.00000,24.73456,0.03738,0.03295,0.15939
Na2ZrFeO3Cl3,1.58627,-2.09069,0.05919,30.00000,24.43462,0.03738,0.03310,0.04860
K2VCuS3Br3,1.19837,-1.29741,0.09867,30.00000,24.71644,0.03739,0.03292,0.16497
K2MnGaSe3Br3,1.23595,-1.30970,1.38568,30.00000,25.00154,0.03739,0.03311,0.10808
K2SnGaO3Br3,1.55233,-1.60506,1.57280,30.00000,24.73859,0.03739,0.03324,0.04867
Na2TaCuSe3Br3,1.20593,-1.21281,0.59282,30.00000,24.82365,0.03739,0.03299,0.14764
K2MoFeS3Br3,1.19507,-1.26609,0.15169,30.00000,24.66610,0.03740,0.03294,0.16004
K2WInSe3I3,1.55461,-1.04081,1.23396,30.00000,24.70619,0.03741,0.03318,0.04866
K2WBiO3I3,1.58980,-1.42851,0.43982,30.00000,24.48685,0.03741,0.03314,0.04854
Na2TiCrSe3Br3,1.18650,-1.42415,0.19413,30.00000,24.63649,0.03741,0.03298,0.17589
Na2MnGaS6,1.51254,-1.10609,2.29278,30.00000,24.93800,0.03741,0.03329,0.04890
Na2MoFeSe3I3,1.20398,-0.94629,0.53064,30.00000,24.72277,0.03741,0.03301,0.15916
K2MoInSe3I3,1.22840,-1.04782,1.36611,30.00000,24.92654,0.03741,0.03309,0.11713
K2TiFeO3Br3,1.60126,-2.03046,0.04313,30.00000,24.38168,0.03741,0.03312,0.04880
Li2WGaS3Br3,1.55560,-1.15322,1.46957,30.00000,24.70220,0.03741,0.03320,0.04860
K2ZrCrO3Cl3,1.59398,-2.21236,0.08516,30.00000,24.40232,0.03741,0.03311,0.04866
K2VZnSe3Cl3,1.19221,-1.46586,0.25691,30.00000,24.68572,0.03742,0.03295,0.16720
K2ZrGaS3I3,1.55260,-1.37867,1.55806,30.00000,24.69718,0.03742,0.03322,0.04858
K2NbCuO3F3,1.59852,-2.61829,0.17149,30.00000,24.38290,0.03743,0.03313,0.04878
Li2MoGaSe3Cl3,1.53847,-1.31433,1.89284,30.00000,24.83718,0.03743,0.03325,0.04860
Na2AgInBr3I3,1.27122,-1.14610,2.81670,30.00000,25.15216,0.03743,0.03325,0.08328
K2TaZnS3I3,1.57869,-1.23327,0.76523,30.00000,24.53467,0.03743,0.03317,0.04846
K2CrMoO3Se3,1.59446,-1.62139,0.35361,30.00000,24.42903,0.03743,0.03314,0.04841
Na2VZnSe3I3,1.19671,-1.10820,0.50447,30.00000,24.72987,0.03744,0.03302,0.16877
K2SnZnO3Se3,1.59063,-1.32981,0.27590,30.00000,24.38251,0.03744,0.03312,0.04874
K2TaSbS3Se3,1.58344,-1.11986,0.71180,30.00000,24.49216,0.03744,0.03316,0.04871
K2ZrWS6,1.60155,-1.47928,0.16588,30.00000,24.36282,0.03744,0.03310,0.04867
K2TiSbSe3Br3,1.19513,-1.45586,0.24879,30.00000,24.64250,0.03745,0.03296,0.16662
K2GeBiSe3I3,1.41101,-0.97388,3.92549,30.00000,25.28290,0.03745,0.03344,0.05175
K2ZrFeS3I3,1.19554,-1.32929,0.42237,30.00000,24.66489,0.03745,0.03299,0.16376
Na2VCuSe3I3,1.19735,-0.95950,0.51279,30.00000,24.69760,0.03745,0.03301,0.16367
Na2MnGaS3I3,1.22775,-1.00694,1.68376,30.00000,24.94167,0.03746,0.03313,0.11202
K2FeMnO3I3,1.59188,-1.57756,0.44271,30.00000,24.42728,0.03746,0.03316,0.04855
Na2WAgO3Cl3,1.51150,-1.56342,3.02252,30.00000,25.00303,0.03746,0.03335,0.04891
Na2MoAgO3Cl3,1.47143,-1.57950,3.70795,30.00000,25.18576,0.03746,0.03340,0.04941
K2WGaSe3Br3,1.56835,-1.34251,1.22791,30.00000,24.64736,0.03746,0.03319,0.04875
Na2SnCrO3Se3,1.60075,-1.47922,0.28998,30.00000,24.34792,0.03746,0.03313,0.04882
Na2ZrSbO3I3,1.58527,-1.88380,0.49300,30.00000,24.49036,0.03746,0.03314,0.04851
Na2WAgO3F3,1.49020,-2.30799,3.36063,30.00000,25.08037,0.03746,0.03341,0.04919
Na2CuZnCl3I3,1.18183,-1.14018,0.41438,30.00000,24.68660,0.03747,0.03299,0.17326
K2NbFeO3Br3,1.60435,-2.01442,0.11277,30.00000,24.31918,0.03747,0.03313,0.04879
Na2ZrGaS3Br3,1.56718,-1.51300,1.57052,30.00000,24.61321,0.03748,0.03327,0.04852
K2GeSbSe3I3,1.41011,-0.93556,4.29252,30.00000,25.33395,0.03748,0.03343,0.05210
Na2WAgS3I3,1.53788,-0.93292,2.15516,30.00000,24.82293,0.03748,0.03331,0.04864
K2TaZnO3Cl3,1.58831,-2.08487,0.72025,30.00000,24.44427,0.03748,0.03317,0.04880
K2MnGaSe3I3,1.21800,-1.14414,1.45892,30.00000,24.88077,0.03748,0.03311,0.14096
K2SnVSe3Cl3,1.18894,-1.57808,0.29121,30.00000,24.65042,0.03748,0.03295,0.17182
Na2ZrCrS3I3,1.19201,-1.33119,0.43944,30.00000,24.66018,0.03748,0.03299,0.16970
K2NbMnO3Br3,1.61012,-2.08279,0.11456,30.00000,24.25960,0.03748,0.03317,0.04875
Na2GeSbSe3I3,1.38688,-0.82018,4.44479,30.00000,25.37427,0.03749,0.03348,0.05412
Li2MoWO3Se3,1.59164,-1.52430,0.38356,30.00000,24.39054,0.03749,0.03314,0.04859
K2SnGaSe3F3,1.55034,-2.05744,1.72937,30.00000,24.74687,0.03749,0.03328,0.04862
Na2TiMoO3Se3,1.59606,-2.00240,0.36309,30.00000,24.40580,0.03749,0.03316,0.04888
K2MoFeSe3F3,1.59690,-2.05725,0.33951,30.00000,24.38056,0.03749,0.03315,0.04877
Na2CrAgO3I3,1.24887,-1.30695,2.68224,30.00000,25.07834,0.03749,0.03326,0.09381
Na2TaMnO3Cl3,1.59264,-2.12723,0.77127,30.00000,24.46034,0.03749,0.03320,0.04881
K2FeMnSe3I3,1.18857,-1.12990,0.46853,30.00000,24.65851,0.03750,0.03302,0.17272
Na2VTaSe6,1.20443,-1.18659,0.75355,30.00000,24.74175,0.03750,0.03305,0.15047
Na2SnInSe3Br3,1.58083,-1.15717,1.25343,30.00000,24.55364,0.03751,0.03322,0.04885
Na2SnSbS3Br3,1.60421,-1.00107,0.17050,30.00000,24.29263,0.03751,0.03311,0.04889
Na2MoFeS3Br3,1.18299,-1.13150,0.14651,30.00000,24.54744,0.03751,0.03299,0.19545
Na2ZrGaS3I3,1.56879,-1.33469,1.62027,30.00000,24.57358,0.03751,0.03332,0.04879
Na2SnGaSe3F3,1.56353,-1.83249,1.82035,30.00000,24.63036,0.03751,0.03330,0.04887
K2ZrSbSe3Cl3,1.59597,-1.66140,0.29662,30.00000,24.30436,0.03752,0.03315,0.04876
K2SnMnBr3I3,1.18155,-1.26040,0.36344,30.00000,24.64676,0.03752,0.03300,0.19171
K2SnVS3Br3,1.17934,-1.35648,0.13805,30.00000,24.53041,0.03753,0.03300,0.19956
K2CrMoSe3Br3,1.17564,-1.29089,0.26843,30.00000,24.59420,0.03753,0.03299,0.19307
Na2VCuS3I3,1.18151,-1.03368,0.47065,30.00000,24.56557,0.03753,0.03300,0.19008
K2TiFeO3Cl3,1.60681,-2.13238,0.03805,30.00000,24.21399,0.03754,0.03316,0.04897
Na2VFeS3I3,1.18278,-1.06074,0.46497,30.00000,24.62337,0.03754,0.03304,0.18124
K2CuZnCl3I3,1.17808,-1.25724,0.40617,30.00000,24.57046,0.03754,0.03303,0.20444
Na2FeMnO3I3,1.61029,-1.53928,0.45401,30.00000,24.30825,0.03755,0.03318,0.04899
K2SnGeCl3I3,1.42761,-1.29892,4.88659,30.00000,25.31713,0.03755,0.03353,0.05114
Na2GeTaSe3Br3,1.44784,-1.27674,4.94238,30.00000,25.32650,0.03755,0.03353,0.04992
Na2VZnS3I3,1.18111,-1.13532,0.46061,30.00000,24.57171,0.03755,0.03302,0.19361
K2SnInO3Br3,1.58677,-1.57103,1.41955,30.00000,24.51915,0.03755,0.03326,0.04895
K2GeTaSe3I3,1.45993,-1.17829,4.31777,30.00000,25.21714,0.03755,0.03347,0.05013
Na2SnGeBr6,1.39313,-1.22266,4.80169,30.00000,25.33085,0.03755,0.03352,0.05348
Li2GeWSe6,1.37600,-0.94748,4.90734,30.00000,25.34677,0.03755,0.03354,0.05547
K2ZrFeSe3Br3,1.17009,-1.56738,0.19964,30.00000,24.54272,0.03755,0.03299,0.21289
K2SnSbS3I3,1.61022,-0.97601,0.46411,30.00000,24.26836,0.03755,0.03317,0.04891
K2GeZnBr6,1.40334,-1.41837,4.90938,30.00000,25.32493,0.03756,0.03352,0.05265
Na2CrWO3F3,1.61982,-2.58078,0.15050,30.00000,24.18103,0.03756,0.03320,0.04901
Na2FeMnO3Br3,1.61239,-1.68713,0.02326,30.00000,24.15788,0.03756,0.03313,0.04908
K2SnSbO3I3,1.60419,-1.29551,0.48676,30.00000,24.30047,0.03756,0.03318,0.04903
K2GeSbSe3Br3,1.38613,-1.09715,4.75940,30.00000,25.33592,0.03756,0.03350,0.05409
Li2GeVSe3I3,1.35216,-0.98646,5.00767,30.00000,25.37970,0.03756,0.03351,0.05832
K2MnInO3Cl3,1.55768,-1.87154,2.01003,30.00000,24.65998,0.03756,0.03331,0.04891
K2SnCuS3Se3,1.18090,-0.90781,0.27285,30.00000,24.51591,0.03757,0.03298,0.19001
Na2TiCrO3Se3,1.61095,-2.08298,0.26212,30.00000,24.22985,0.03757,0.03320,0.04900
Na2GeSbSe3Br3,1.37084,-0.99042,4.96259,30.00000,25.35701,0.03757,0.03352,0.05599
K2WAgS3I3,1.55998,-1.04378,2.08220,30.00000,24.64795,0.03758,0.03334,0.04907
Na2AgGaCl3I3,1.25960,-1.19542,3.54297,30.00000,25.18303,0.03758,0.03333,0.09351
Na2MnSbO3Cl3,1.62004,-1.76167,0.15491,30.00000,24.20361,0.03758,0.03315,0.04895
Na2ZrGaSe3Cl3,1.57561,-1.59679,1.71598,30.00000,24.58989,0.03758,0.03328,0.04870
Na2GeNbSe3I3,1.30709,-1.00982,4.58178,30.00000,25.33740,0.03758,0.03347,0.06897
K2MoBiO3Br3,1.61446,-1.47217,0.22597,30.00000,24.21370,0.03758,0.03319,0.04898
K2WFeS3I3,1.60604,-1.07439,0.41517,30.00000,24.28803,0.03758,0.03319,0.04903
K2GeTaSe3Br3,1.32387,-1.35522,4.75487,30.00000,25.32771,0.03758,0.03350,0.06488
K2GeZnBr3I3,1.29091,-1.22272,4.38736,30.00000,25.29885,0.03759,0.03346,0.07332
Na2SnGeCl3I3,1.40662,-1.17685,5.09335,30.00000,25.33283,0.03759,0.03357,0.05284
Na2ZrSbSe3Cl3,1.62208,-1.52735,0.29979,30.00000,24.19012,0.03759,0.03319,0.04902
Na2WGaSe3Cl3,1.58553,-1.31334,1.52069,30.00000,24.50507,0.03759,0.03328,0.04895
K2MoFeS3I3,1.18161,-1.07407,0.48283,30.00000,24.54421,0.03760,0.03303,0.19708
K2ZrCrO3Br3,1.61948,-2.08860,0.07750,30.00000,24.16948,0.03760,0.03316,0.04924
Na2CrWO3Se3,1.61653,-1.59736,0.28537,30.00000,24.22899,0.03760,0.03317,0.04894
K2FeMnO3Cl3,1.61833,-1.72974,0.03066,30.00000,24.17625,0.03760,0.03319,0.04924
Na2WGaS3I3,1.58792,-1.05475,1.47002,30.00000,24.42604,0.03761,0.03330,0.04899
K2SnGeF3I3,1.35387,-1.99029,5.22832,30.00000,25.38003,0.03761,0.03353,0.05922
K2FeMnSe3Br3,1.16624,-1.29614,0.18395,30.00000,24.44222,0.03761,0.03299,0.22217
K2NbTaS6,1.60882,-1.43495,0.72468,30.00000,24.27511,0.03762,0.03324,0.04909
K2VFeO3I3,1.61589,-1.76941,0.48068,30.00000,24.18062,0.03762,0.03323,0.04903
Na2TaSbS6,1.61053,-1.10481,0.74215,30.00000,24.28518,0.03762,0.03324,0.04896
K2CrMnO3Br3,1.62652,-1.74900,0.04605,30.00000,24.10553,0.03762,0.03318,0.04903
K2GeWSe6,1.32458,-1.00326,4.52549,30.00000,25.29386,0.03763,0.03346,0.06530
Na2MoInSe3Br3,1.19242,-1.15116,1.32999,30.00000,24.66388,0.03763,0.03315,0.17180
K2MnSbO3S3,1.62388,-1.62756,0.17796,30.00000,24.12262,0.03763,0.03317,0.04933
Na2TiFeO3Cl3,1.62616,-2.08802,0.01692,30.00000,24.09631,0.03763,0.03317,0.04917
Na2GeWSe6,1.29093,-0.95469,4.70346,30.00000,25.26318,0.03763,0.03351,0.07315
K2SnGaSe3I3,1.59842,-0.99177,1.39306,30.00000,24.40307,0.03763,0.03330,0.04891
K2VFeS3I3,1.17874,-1.18032,0.45389,30.00000,24.49602,0.03763,0.03305,0.20390
K2GeNbS3I3,1.40752,-1.19473,5.14463,30.00000,25.30747,0.03764,0.03358,0.05248
Na2WGaS3Br3,1.59563,-1.15365,1.39417,30.00000,24.40808,0.03764,0.03331,0.04893
Na2FeSbO3Cl3,1.63112,-1.76268,0.15238,30.00000,24.05739,0.03764,0.03317,0.04926
Na2MnGaSe6,1.19196,-0.95574,1.59895,30.00000,24.71643,0.03764,0.03315,0.17176
K2TiCrSe3Br3,1.16917,-1.58321,0.19626,30.00000,24.36768,0.03764,0.03303,0.22940
Na2GeZnCl3I3,1.36305,-1.20605,5.44727,30.00000,25.39266,0.03765,0.03359,0.05754
K2VMnO3I3,1.61908,-1.96994,0.48273,30.00000,24.20640,0.03765,0.03319,0.04912
K2SnCrO3Br3,1.63341,-1.64800,0.10544,30.00000,24.05785,0.03765,0.03319,0.04934
Na2WInS3I3,1.60520,-1.04923,1.36384,30.00000,24.37786,0.03765,0.03332,0.04908
K2GeNbSe3I3,1.29638,-1.12006,4.41929,30.00000,25.23643,0.03765,0.03350,0.07194
Na2SnVO3Br3,1.62048,-1.83518,0.13410,30.00000,24.11064,0.03765,0.03317,0.04922
Na2GeNbS3I3,1.40741,-1.05285,5.37428,30.00000,25.31146,0.03765,0.03360,0.05291
K2MnGaSe3Cl3,1.20115,-1.46021,1.71039,30.00000,24.74411,0.03765,0.03317,0.15165
Na2SnGeF3I3,1.32247,-1.82152,5.46651,30.00000,25.36250,0.03766,0.03359,0.06524
Na2ZrCrO3Br3,1.63272,-2.05373,0.06670,30.00000,24.07847,0.03766,0.03318,0.04909
K2MoFeO3Cl3,1.62777,-1.73425,0.18979,30.00000,24.05295,0.03766,0.03324,0.04926
Na2GeTaSe3I3,1.48875,-1.01125,4.46110,30.00000,25.09752,0.03767,0.03353,0.04984
K2SnTaO3Br3,1.61341,-2.01414,0.58050,30.00000,24.17200,0.03767,0.03322,0.04907
K2TaMnO3Cl3,1.60773,-2.19091,0.73455,30.00000,24.30983,0.03767,0.03324,0.04891
Na2MnGaO6,1.54808,-2.09274,3.08088,30.00000,24.75801,0.03767,0.03345,0.04907
Na2WMnSe6,1.16607,-1.05334,0.34698,30.00000,24.45484,0.03767,0.03302,0.22902
K2NbSbSe6,1.16942,-1.02823,0.41026,30.00000,24.41683,0.03767,0.03304,0.21853
Na2VCuSe3Br3,1.15880,-1.21297,0.22528,30.00000,24.34803,0.03768,0.03303,0.23356
Li2WGaSe3Br3,1.60076,-1.10580,1.32476,30.00000,24.34785,0.03768,0.03328,0.04905
K2MnInSe3I3,1.17991,-1.15390,1.35871,30.00000,24.63669,0.03768,0.03313,0.19992
K2AgGaCl3I3,1.24748,-1.31716,3.39961,30.00000,24.98728,0.03768,0.03338,0.10249
Na2MoInSe3I3,1.18310,-0.95882,1.40770,30.00000,24.65774,0.03768,0.03317,0.18756
Na2AgGaBr3I3,1.22202,-1.15931,2.99201,30.00000,24.90120,0.03768,0.03336,0.12457
Na2MnGaO3Se3,1.57417,-1.44195,2.03267,30.00000,24.51033,0.03768,0.03334,0.04911
Na2TiInO3I3,1.59519,-2.03616,1.67280,30.00000,24.39610,0.03768,0.03335,0.04903
Na2ZrFeS3I3,1.15742,-1.29748,0.43127,30.00000,24.42790,0.03768,0.03303,0.24137
Na2TaMnO3Br3,1.62412,-2.00560,0.60379,30.00000,24.14175,0.03768,0.03326,0.04939
K2SnCrO3Se3,1.62689,-1.50837,0.28681,30.00000,24.10578,0.03768,0.03324,0.04921
Na2MnGaO3Cl3,1.56244,-1.78090,2.52909,30.00000,24.65466,0.03769,0.03341,0.04906
K2TiGaS3I3,1.59331,-1.34544,1.63555,30.00000,24.39595,0.03769,0.03335,0.04910
Na2VMnSe3Br3,1.16536,-1.33737,0.21821,30.00000,24.38407,0.03769,0.03301,0.23234
Li2MoGaS3I3,1.59865,-0.98229,1.75713,30.00000,24.39724,0.03769,0.03335,0.04907
K2MoSbSe3Cl3,1.16508,-1.21988,0.36442,30.00000,24.39153,0.03769,0.03304,0.23800
Na2MoSbO3F3,1.62905,-2.31737,0.32900,30.00000,24.09837,0.03769,0.03323,0.04941
K2TaSbO3Se3,1.60770,-1.69299,0.75517,30.00000,24.22543,0.03770,0.03330,0.04900
K2GeNbSe3Br3,1.28494,-1.35362,4.92968,30.00000,25.26881,0.03770,0.03353,0.07771
K2MoGaSe3F3,1.59194,-2.02671,1.85393,30.00000,24.46132,0.03770,0.03337,0.04892
K2NbCuS3I3,1.16905,-1.12948,0.45835,30.00000,24.43023,0.03771,0.03307,0.23286
K2SnMoS6,1.62697,-1.06476,0.24518,30.00000,24.04549,0.03771,0.03324,0.04932
K2WGaSe3I3,1.60388,-1.05082,1.31463,30.00000,24.35053,0.03771,0.03332,0.04926
Na2SnMnI6,1.17501,-1.04217,0.57574,30.00000,24.41647,0.03771,0.03307,0.21347
K2WInS3I3,1.61019,-1.11671,1.32133,30.00000,24.27980,0.03771,0.03332,0.04908
K2MnBiS3I3,1.16381,-1.04376,0.42743,30.00000,24.42357,0.03772,0.03304,0.23688
K2SnMnO3S3,1.62945,-1.79687,0.12908,30.00000,24.04817,0.03772,0.03325,0.04954
Na2WMnO3Se3,1.62838,-1.56977,0.27868,30.00000,24.06769,0.03772,0.03324,0.04928
Na2GeSbS3I3,1.46399,-0.83878,5.17854,30.00000,25.20339,0.03772,0.03361,0.05059
Na2ZrFeSe3I3,1.16534,-1.25211,0.47856,30.00000,24.40645,0.03772,0.03306,0.23787
Na2GeZnBr6,1.28677,-1.28213,5.13625,30.00000,25.24634,0.03772,0.03357,0.07627
Na2SnFeO3Cl3,1.63669,-1.70977,0.10053,30.00000,23.99876,0.03773,0.03322,0.04958
Na2WGaSe3I3,1.61173,-1.01154,1.35247,30.00000,24.28392,0.03773,0.03331,0.04917
K2TaMnO3I3,1.61645,-2.02057,0.81722,30.00000,24.18043,0.03773,0.03329,0.04923
K2ZrInS3I3,1.61003,-1.39925,1.43824,30.00000,24.29936,0.03774,0.03336,0.04915
Na2TiCrO3I3,1.62379,-2.01582,0.47317,30.00000,24.05469,0.03774,0.03325,0.04926
Na2MnSbO3S3,1.63973,-1.56518,0.17274,30.00000,23.97668,0.03774,0.03324,0.04936
K2MoSbSe3Br3,1.15830,-1.11942,0.31117,30.00000,24.38674,0.03774,0.03302,0.25455
Na2CrMoSe6,1.15854,-1.06896,0.41561,30.00000,24.30641,0.03775,0.03308,0.24674
Na2SnTaO3Br3,1.62845,-2.00374,0.59796,30.00000,24.04675,0.03775,0.03327,0.04940
K2GeZnCl3I3,1.47516,-1.35155,5.20862,30.00000,25.14114,0.03776,0.03366,0.04976
K2ZrFeO3Cl3,1.64183,-2.14196,0.07432,30.00000,23.94036,0.03776,0.03319,0.04963
K2GeFeF3I3,1.32681,-1.98366,5.68309,30.00000,25.33834,0.03776,0.03364,0.06518
K2TaFeS3I3,1.62794,-1.22401,0.77238,30.00000,24.07279,0.03776,0.03331,0.04953
Na2GeZnF3I3,1.44938,-1.98997,5.88052,30.00000,25.29084,0.03776,0.03370,0.05079
Na2MnSbBr3I3,1.15737,-1.15424,0.39054,30.00000,24.33420,0.03776,0.03306,0.25096
Li2GeVS3I3,1.37379,-1.04342,5.99322,30.00000,25.37699,0.03776,0.03368,0.05594
Na2SnSbSe3Cl3,1.63986,-1.10452,0.31390,30.00000,23.92271,0.03777,0.03322,0.04963
K2GeFeO3I3,1.34084,-1.40164,5.76208,30.00000,25.35453,0.03777,0.03366,0.06228
Na2MoFeO3I3,1.63019,-1.47272,0.52392,30.00000,24.03801,0.03777,0.03328,0.04942
Na2MoMnO3Se3,1.63743,-1.55919,0.35306,30.00000,23.98461,0.03777,0.03327,0.04940
Na2GeFeF3I3,1.36149,-1.91692,5.96968,30.00000,25.32270,0.03778,0.03368,0.05843
Li2WGaSe3Cl3,1.60426,-1.25306,1.60183,30.00000,24.29170,0.03778,0.03334,0.04915
K2SnInSe3Br3,1.61397,-1.23424,1.21191,30.00000,24.21195,0.03778,0.03335,0.04934
K2AgInBr3I3,1.20397,-1.18440,2.72651,30.00000,24.79434,0.03778,0.03330,0.14648
Na2SnGeBr3I3,1.25429,-1.14817,4.31020,30.00000,25.10748,0.03778,0.03348,0.09584
Na2AgGaI6,1.20319,-0.93227,2.82307,30.00000,24.79375,0.03778,0.03330,0.15576
K2SnBiO3I3,1.64077,-1.31166,0.45465,30.00000,23.95916,0.03779,0.03329,0.04956
K2VZnO3I3,1.63508,-1.65658,0.47597,30.00000,23.99428,0.03779,0.03327,0.04974
K2WInSe3Br3,1.62282,-1.34743,1.13849,30.00000,24.12045,0.03779,0.03334,0.04957
Na2GeFeO3I3,1.41693,-1.40182,6.05717,30.00000,25.31732,0.03779,0.03372,0.05279
K2TaFeO3Cl3,1.63448,-2.14320,0.73139,30.00000,24.02357,0.03779,0.03331,0.04961
K2SnGaO3I3,1.59867,-1.44334,1.62127,30.00000,24.31888,0.03779,0.03336,0.04936
K2ZrInO3I3,1.61164,-2.02121,1.52784,30.00000,24.24806,0.03779,0.03337,0.04932
Na2GeBiSe3I3,1.53625,-0.84430,4.05119,30.00000,24.83755,0.03780,0.03356,0.04911
K2GeMoS3Se3,1.35843,-1.02125,6.15829,30.00000,25.38458,0.03780,0.03373,0.05821
K2WMnO3Se3,1.64301,-1.59846,0.27647,30.00000,23.87476,0.03780,0.03323,0.04965
K2VZnSe3I3,1.15857,-1.17145,0.49387,30.00000,24.28694,0.03781,0.03307,0.25080
Na2SnGaSe3Br3,1.61886,-1.17040,1.36238,30.00000,24.12943,0.03781,0.03335,0.04952
Na2VFeO3Cl3,1.64514,-1.96310,0.07949,30.00000,23.88637,0.03782,0.03321,0.04979
K2GeMnF3I3,1.47800,-2.06116,5.69237,30.00000,25.15701,0.03782,0.03370,0.05003
K2TiFeO3I3,1.64349,-1.95425,0.45155,30.00000,23.89527,0.03782,0.03328,0.04964
K2GeCrS3Se3,1.40856,-1.05997,6.55234,30.00000,25.36552,0.03782,0.03375,0.05325
Na2MoBiO3Br3,1.64328,-1.38269,0.22539,30.00000,23.90874,0.03782,0.03322,0.04971
K2CrWO3I3,1.64286,-1.56534,0.44204,30.00000,23.93140,0.03783,0.03328,0.04966
K2GeNbSe3Cl3,1.31456,-1.47825,6.03692,30.00000,25.32131,0.03783,0.03368,0.06882
K2GeVSe3I3,1.25074,-1.06915,4.62303,30.00000,25.03896,0.03783,0.03349,0.10106
K2SnCrO3I3,1.63551,-1.49935,0.46052,30.00000,23.95663,0.03783,0.03329,0.04950
Na2VFeSe3Br3,1.15132,-1.28107,0.21659,30.00000,24.23097,0.03783,0.03305,0.26542
K2ZrGaSe3F3,1.60296,-2.30025,1.78642,30.00000,24.24725,0.03783,0.03341,0.04928
K2GeTaS3Br3,1.48496,-1.37581,5.60846,30.00000,25.17141,0.03783,0.03372,0.04990
Na2SnMoS6,1.65025,-1.04887,0.24573,30.00000,23.87901,0.03784,0.03326,0.04998
Na2GeTaS3Br3,1.47779,-1.27180,5.88076,30.00000,25.17888,0.03784,0.03370,0.05007
K2CrWO3Se3,1.64107,-1.65020,0.28279,30.00000,23.89799,0.03784,0.03329,0.04955
K2SnCuO3Se3,1.14983,-1.30990,0.28700,30.00000,24.14865,0.03784,0.03303,0.27894
Na2NbFeO3Br3,1.64991,-1.94359,0.10444,30.00000,23.84206,0.03784,0.03329,0.04955
K2SnSbSe3Cl3,1.64860,-1.14942,0.31018,30.00000,23.83991,0.03785,0.03327,0.04984
K2SnGeBr6,1.24410,-1.39749,4.60535,30.00000,25.05237,0.03785,0.03352,0.10267
K2NbZnO3Br3,1.65441,-1.87249,0.11388,30.00000,23.81331,0.03785,0.03327,0.04974
Na2GeMoS3Se3,1.33766,-0.94214,6.50661,30.00000,25.35837,0.03786,0.03375,0.06154
Na2GeNbSe3Cl3,1.31765,-1.29628,6.37372,30.00000,25.32042,0.03786,0.03371,0.06529
K2AgGaBr3I3,1.19276,-1.19473,2.89073,30.00000,24.68583,0.03786,0.03336,0.17891
Na2SbZnO3Cl3,1.65309,-1.75367,0.15290,30.00000,23.80230,0.03786,0.03325,0.04978
Na2GeZnBr3I3,1.24080,-1.14122,4.55356,30.00000,25.03348,0.03787,0.03353,0.10639
K2GeZnF3I3,1.49910,-2.08150,5.60252,30.00000,25.02636,0.03787,0.03369,0.04989
Na2TiSbO3I3,1.64735,-1.76815,0.50224,30.00000,23.88151,0.03787,0.03332,0.04962
K2CrMoSe6,1.14850,-1.17392,0.40741,30.00000,24.21383,0.03787,0.03307,0.27747
Na2GeCrO3I3,1.46758,-1.41221,6.10238,30.00000,25.20091,0.03787,0.03374,0.05024
K2ZrMoO3Se3,1.65194,-2.07146,0.35515,30.00000,23.83114,0.03787,0.03332,0.05002
Na2SnVO3I3,1.64344,-1.72376,0.50124,30.00000,23.88234,0.03788,0.03333,0.04988
Na2GeInSe3I3,1.50799,-0.93124,5.35363,30.00000,25.02101,0.03788,0.03368,0.04954
K2SnMnI6,1.14709,-1.12164,0.56499,30.00000,24.22214,0.03789,0.03308,0.28077
K2AgGaF3I3,1.20945,-1.98613,3.64228,30.00000,24.81128,0.03789,0.03344,0.14694
K2WMnS6,1.65778,-1.22683,0.14298,30.00000,23.79204,0.03789,0.03327,0.04987
K2GeSbS3I3,1.53924,-0.94894,4.96615,30.00000,24.88833,0.03789,0.03369,0.04934
Na2MnCuBr3I3,1.14743,-1.12411,0.35794,30.00000,24.13419,0.03789,0.03308,0.29349
K2TiFeSe3I3,1.14514,-1.27032,0.47550,30.00000,24.18078,0.03789,0.03311,0.29593
Na2GeGaSe3I3,1.50148,-0.93715,5.67917,30.00000,25.05425,0.03789,0.03375,0.04974
Na2TiCrO3Br3,1.65891,-2.03326,0.03780,30.00000,23.75065,0.03790,0.03327,0.04989
Na2VFeSe3Cl3,1.14813,-1.37095,0.25979,30.00000,24.13612,0.03790,0.03306,0.29393
Na2GeNbS3Br3,1.29838,-1.23367,6.29186,30.00000,25.30282,0.03790,0.03370,0.07312
K2GeCuS3Se3,1.32508,-0.85612,6.42034,30.00000,25.32163,0.03790,0.03373,0.06474
Na2GeMnF3I3,1.48197,-1.94325,5.97988,30.00000,25.16847,0.03791,0.03373,0.04999
K2VFeSe3Cl3,1.14337,-1.52880,0.25842,30.00000,24.15558,0.03791,0.03305,0.28692
Na2SnGeI6,1.21426,-0.94217,3.95749,30.00000,24.88689,0.03791,0.03351,0.13505
Na2ZrBiO3I3,1.65253,-1.89526,0.45771,30.00000,23.83079,0.03791,0.03331,0.04970
K2MnCuBr3I3,1.14230,-1.20653,0.35318,30.00000,24.14990,0.03791,0.03310,0.30827
Na2GeMnBr6,1.25476,-1.32247,5.21732,30.00000,25.11904,0.03791,0.03359,0.09395
K2TiCrSe3I3,1.15197,-1.29060,0.48256,30.00000,24.17167,0.03791,0.03310,0.28835
K2FeMnS3I3,1.14561,-1.13971,0.41883,30.00000,24.15496,0.03792,0.03308,0.30473
K2MoFeSe3I3,1.15080,-1.02363,0.51950,30.00000,24.18288,0.03792,0.03308,0.27851
Na2WGaS3Cl3,1.62325,-1.26400,1.74959,30.00000,24.11971,0.03792,0.03344,0.04966
K2TiCrO3Br3,1.65808,-2.11458,0.05161,30.00000,23.72996,0.03792,0.03331,0.04999
Na2ZrMoO3Se3,1.65881,-1.99496,0.36247,30.00000,23.75056,0.03793,0.03333,0.04989
Na2GeCrS3Se3,1.43135,-1.02416,6.95626,30.00000,25.31094,0.03793,0.03383,0.05145
K2GeFeO3Br3,1.33020,-1.55010,6.88870,30.00000,25.38296,0.03793,0.03381,0.06351
Na2GeTaS3I3,1.53056,-1.11044,5.14187,30.00000,24.85986,0.03793,0.03368,0.04928
K2FeMnO3F3,1.65663,-2.40619,0.03742,30.00000,23.69624,0.03794,0.03328,0.04962
Na2CrMoO3Cl3,1.66180,-1.68163,0.19835,30.00000,23.73178,0.03794,0.03330,0.05019
K2TiGaSe3F3,1.61981,-2.31767,1.91311,30.00000,24.14540,0.03794,0.03339,0.04992
Na2GeMnS3Se3,1.39880,-0.98461,6.91000,30.00000,25.35502,0.03794,0.03386,0.05417
Na2ZrGaO3I3,1.62776,-2.03945,1.73458,30.00000,24.07947,0.03794,0.03342,0.04975
Li2GeMoS3Se3,1.42485,-0.96071,6.91316,30.00000,25.31896,0.03794,0.03383,0.05125
K2GeVSe3F3,1.40664,-2.12950,7.11288,30.00000,25.33223,0.03794,0.03385,0.05300
K2WGaSe3F3,1.62808,-2.02759,1.57535,30.00000,24.04168,0.03794,0.03344,0.04978
K2VFeSe3Br3,1.13742,-1.35390,0.21761,30.00000,24.10116,0.03795,0.03311,0.31896
Na2GeVO3I3,1.49193,-1.63904,6.14417,30.00000,25.09717,0.03796,0.03379,0.04994
K2GeMnO3Se3,1.34884,-1.42640,7.13956,30.00000,25.32212,0.03796,0.03385,0.05941
Na2ZrBiO3Br3,1.66436,-1.97466,0.15650,30.00000,23.68288,0.03796,0.03332,0.05016
Li2GeNbSe3Cl3,1.43224,-1.27311,6.76655,30.00000,25.27827,0.03797,0.03383,0.05101
K2SbCuO3F3,1.13511,-2.22923,0.19786,30.00000,24.03855,0.03797,0.03307,0.31841
K2VZnSe3Br3,1.13849,-1.38335,0.21698,30.00000,24.07182,0.03797,0.03305,0.31116
Na2AgInI6,1.17749,-0.99405,2.67915,30.00000,24.54532,0.03797,0.03336,0.20013
Na2TaSbSe6,1.14866,-1.01655,0.72901,30.00000,24.16341,0.03797,0.03314,0.28548
Na2GeMnCl3I3,1.24737,-1.25959,5.53233,30.00000,25.10048,0.03798,0.03361,0.09981
Na2MoBiSe3I3,1.13920,-0.93155,0.52024,30.00000,24.08922,0.03798,0.03310,0.32788
K2CrMnO3I3,1.65650,-1.64892,0.45165,30.00000,23.80062,0.03798,0.03331,0.04991
K2SnFeO3Cl3,1.66423,-1.80015,0.11136,30.00000,23.66751,0.03798,0.03330,0.05003
K2GeMnBr6,1.24031,-1.43460,4.98318,30.00000,24.97059,0.03798,0.03360,0.10882
Na2GeFeO3Br3,1.41705,-1.50628,7.35234,30.00000,25.36219,0.03798,0.03385,0.05232
Na2TiGaSe3Cl3,1.62688,-1.59624,1.83236,30.00000,24.07446,0.03798,0.03342,0.04972
Na2TiSbO3Br3,1.66306,-1.92211,0.13537,30.00000,23.67903,0.03798,0.03331,0.04990
K2VMnO3Cl3,1.66378,-2.07013,0.09715,30.00000,23.66401,0.03798,0.03331,0.05002
K2MnInSe6,1.15592,-1.07229,1.40925,30.00000,24.24844,0.03799,0.03323,0.27382
K2MnSbO6,1.65962,-2.00392,0.18691,30.00000,23.69736,0.03799,0.03330,0.04988
K2GeCrO3I3,1.51357,-1.46634,5.80319,30.00000,24.97756,0.03799,0.03376,0.04950
K2SnInS3I3,1.63275,-1.05500,1.40982,30.00000,23.96306,0.03799,0.03341,0.04984
Na2GeCuS3Se3,1.45366,-0.81082,6.80695,30.00000,25.19492,0.03800,0.03386,0.05086
Na2MoWO3S3,1.66386,-1.60985,0.25993,30.00000,23.65566,0.03800,0.03333,0.05012
Na2GeVSe3F3,1.37461,-2.07785,7.59084,30.00000,25.38298,0.03800,0.03390,0.05584
K2ZrMoSe6,1.13742,-1.34427,0.40570,30.00000,24.06814,0.03800,0.03306,0.31829
Na2VFeSe3I3,1.13340,-1.03876,0.50857,30.00000,24.00321,0.03801,0.03310,0.34530
K2NbCuSe3Cl3,1.13814,-1.38624,0.28071,30.00000,24.01081,0.03801,0.03307,0.32672
K2CrMoS3I3,1.13250,-1.13186,0.49086,30.00000,24.03084,0.03801,0.03306,0.32065
Li2GeTaS3Br3,1.50618,-1.23049,6.19482,30.00000,25.01675,0.03802,0.03384,0.04969
Na2SnMoO3Se3,1.66737,-1.46655,0.37559,30.00000,23.67314,0.03802,0.03334,0.05014
K2TiBiS3I3,1.66097,-1.34134,0.43394,30.00000,23.71523,0.03803,0.03334,0.04981
K2MoWS6,1.67055,-1.18264,0.24573,30.00000,23.59872,0.03803,0.03334,0.05025
Li2GeNbS3Br3,1.29387,-1.25015,6.68518,30.00000,25.25036,0.03803,0.03376,0.07537
Na2GeSbO3I3,1.53359,-1.28331,5.54344,30.00000,24.84109,0.03803,0.03377,0.04956
Na2ZrCrSe3Br3,1.13196,-1.51026,0.20465,30.00000,23.97966,0.03804,0.03308,0.32389
Na2MnInSe3I3,1.14440,-1.01978,1.40206,30.00000,24.23953,0.03805,0.03320,0.29097
Na2SnCrSe3Br3,1.13147,-1.18855,0.22123,30.00000,23.96963,0.03805,0.03310,0.34196
Na2SnTaS3I3,1.65882,-1.09880,0.77761,30.00000,23.68144,0.03805,0.03337,0.05020
K2TiGaS3Br3,1.64013,-1.60487,1.58881,30.00000,23.92995,0.03805,0.03343,0.05010
K2GeTaO3Br3,1.52143,-1.95019,6.03602,30.00000,24.93840,0.03806,0.03382,0.04969
K2SnVSe3Br3,1.13179,-1.40249,0.24790,30.00000,23.93404,0.03806,0.03308,0.34293
Na2CrMoS3Se3,1.12861,-1.08738,0.33869,30.00000,23.94179,0.03807,0.03310,0.35323
Na2ZrBiS3I3,1.67196,-1.24922,0.43751,30.00000,23.62307,0.03807,0.03335,0.05011
Na2VZnSe3Br3,1.13107,-1.25842,0.21595,30.00000,23.97022,0.03807,0.03309,0.34582
Na2GeFeSe3F3,1.32037,-1.78280,7.46364,30.00000,25.31974,0.03808,0.03391,0.06768
Na2GeTaSe3F3,1.50884,-2.19286,6.45233,30.00000,24.96919,0.03808,0.03386,0.04970
K2WBiO3Br3,1.67372,-1.45866,0.18485,30.00000,23.50546,0.03809,0.03334,0.05032
K2SnTaS3I3,1.66384,-1.23262,0.75725,30.00000,23.70802,0.03809,0.03337,0.05018
K2SnVO3Br3,1.67649,-1.89063,0.14032,30.00000,23.50825,0.03809,0.03339,0.05044
K2ZrFeO3I3,1.67150,-1.98064,0.44519,30.00000,23.55730,0.03810,0.03340,0.05032
K2SnCrSe3I3,1.13374,-1.04808,0.48067,30.00000,23.96818,0.03810,0.03313,0.33769
K2GeInSe3I3,1.56163,-0.97207,5.16702,30.00000,24.65629,0.03810,0.03377,0.04976
Na2CrMoS3I3,1.13037,-1.04547,0.50303,30.00000,23.91255,0.03811,0.03313,0.33516
Na2TiWO3Se3,1.67914,-1.92936,0.28621,30.00000,23.54881,0.03811,0.03334,0.05011
Na2SnZnS3Se3,1.67235,-0.95123,0.26414,30.00000,23.54103,0.03811,0.03336,0.05033
K2WFeSe3F3,1.67550,-1.97796,0.27220,30.00000,23.53303,0.03811,0.03337,0.05029
Na2TiCrO3Cl3,1.68072,-2.14397,0.02975,30.00000,23.47970,0.03811,0.03335,0.05039
Na2VNbO3Se3,1.67505,-2.11064,0.35653,30.00000,23.53556,0.03811,0.03338,0.05059
Na2GeInSe3Br3,1.53457,-1.16901,6.05699,30.00000,24.84652,0.03812,0.03384,0.04993
K2GeNbS3Br3,1.23268,-1.34880,5.95535,30.00000,25.05851,0.03812,0.03370,0.11166
Li2GeMoSe6,1.22887,-0.91110,5.58194,30.00000,24.95784,0.03812,0.03370,0.12099
Na2ZrMoS3Se3,1.12448,-1.24595,0.34122,30.00000,23.88732,0.03812,0.03310,0.35898
K2SnMoO3Se3,1.67423,-1.50919,0.36789,30.00000,23.53945,0.03812,0.03338,0.05038
K2GeTaSe3F3,1.53191,-2.19750,6.13230,30.00000,24.90251,0.03813,0.03384,0.04987
Na2TaSbO6,1.66853,-2.40128,0.87857,30.00000,23.63133,0.03813,0.03342,0.05046
K2WGaS3I3,1.65643,-1.11384,1.42091,30.00000,23.74193,0.03814,0.03348,0.05004
K2VNbSe6,1.12742,-1.28088,0.40434,30.00000,23.90332,0.03814,0.03313,0.35902
Li2GeVSe3Cl3,1.27393,-1.32068,7.31875,30.00000,25.23574,0.03814,0.03387,0.08586
Na2MoGaS3Cl3,1.64371,-1.26253,2.14825,30.00000,23.94921,0.03814,0.03357,0.05007
K2GeVO3Br3,1.51049,-1.84725,7.00337,30.00000,24.98177,0.03815,0.03394,0.04964
Na2WFeO3F3,1.67814,-2.50750,0.13933,30.00000,23.49641,0.03815,0.03335,0.05058
K2GeTaSe3Cl3,1.55682,-1.50943,5.68316,30.00000,24.73873,0.03816,0.03384,0.04976
K2GeSbO3I3,1.57355,-1.31688,5.29969,30.00000,24.61107,0.03816,0.03379,0.04974
Na2SnSbO3Br3,1.68021,-1.37589,0.17535,30.00000,23.46742,0.03817,0.03338,0.05044
K2ZrCrSe3Br3,1.12194,-1.58935,0.20616,30.00000,23.85572,0.03818,0.03309,0.37028
Na2VNbS3Se3,1.12923,-1.18986,0.33407,30.00000,23.86800,0.03818,0.03314,0.36176
K2ZrGaS3Br3,1.65843,-1.62503,1.49583,30.00000,23.75533,0.03818,0.03350,0.05031
Na2GeBiO3I3,1.57937,-1.24580,4.92485,30.00000,24.51379,0.03818,0.03376,0.04992
K2VFeS3Br3,1.11678,-1.37807,0.08631,30.00000,23.78041,0.03819,0.03310,0.40243
Li2GeVO3Br3,1.46937,-1.71824,8.04650,30.00000,25.18895,0.03819,0.03400,0.05074
Na2MnSbSe3Br3,1.12253,-1.15259,0.24355,30.00000,23.80715,0.03819,0.03312,0.36747
Na2SnGaO3Br3,1.65883,-1.55246,1.65520,30.00000,23.72098,0.03820,0.03355,0.05038
Na2TiCrS3Se3,1.12059,-1.28229,0.24709,30.00000,23.78425,0.03820,0.03306,0.41263
K2CrWO3Br3,1.68819,-1.68455,0.12107,30.00000,23.40017,0.03821,0.03336,0.05070
K2MnSbS3I3,1.12100,-1.00580,0.45698,30.00000,23.84669,0.03821,0.03316,0.37643
K2GeNbSe3F3,1.53099,-2.18115,6.59210,30.00000,24.92427,0.03821,0.03391,0.04989
Na2SnGaS3I3,1.66293,-0.94476,1.58174,30.00000,23.65741,0.03821,0.03352,0.05054
K2GeSbS3Br3,1.57404,-1.02098,5.69706,30.00000,24.64028,0.03821,0.03383,0.05001
K2MoFeO3Br3,1.68483,-1.64204,0.15531,30.00000,23.42617,0.03822,0.03339,0.05070
K2ZrCrSe3I3,1.12683,-1.31214,0.47600,30.00000,23.80409,0.03822,0.03313,0.37937
K2GeInSe3Br3,1.56025,-1.21874,5.80439,30.00000,24.68258,0.03822,0.03385,0.04992
K2SnSbO3Br3,1.68969,-1.48735,0.17864,30.00000,23.36692,0.03823,0.03339,0.05074
K2GeGaSe3I3,1.57338,-0.98037,5.47000,30.00000,24.56926,0.03823,0.03381,0.04999
Na2ZrCrSe3I3,1.12251,-1.24733,0.48553,30.00000,23.83228,0.03823,0.03313,0.40598
Na2TiMoS3Se3,1.12131,-1.17821,0.34002,30.00000,23.75049,0.03824,0.03315,0.39013
K2SnGaSe3Cl3,1.65894,-1.35234,1.58862,30.00000,23.69323,0.03824,0.03348,0.05042
Na2SnInO3Br3,1.66138,-1.53651,1.48669,30.00000,23.67901,0.03824,0.03349,0.05033
K2SnMnS3Se3,1.11567,-1.06688,0.26595,30.00000,23.78538,0.03824,0.03314,0.40576
K2MnGaO3Cl3,1.65071,-1.81408,2.32240,30.00000,23.83460,0.03824,0.03360,0.05006
K2GeBiO3I3,1.59375,-1.29559,4.73333,30.00000,24.35358,0.03825,0.03378,0.05013
Na2GeNbSe3Br3,1.19860,-1.23631,5.14937,30.00000,24.71374,0.03825,0.03368,0.16721
Na2GeVSe3I3,1.18955,-0.98293,4.80253,30.00000,24.65513,0.03826,0.03363,0.18369
K2NbCuS3Br3,1.11489,-1.31651,0.12387,30.00000,23.68368,0.03827,0.03310,0.40732
Na2TiWSe6,1.11652,-1.15581,0.35326,30.00000,23.71867,0.03827,0.03312,0.40759
Na2GeMnO3Se3,1.50137,-1.44886,7.62461,30.00000,25.01744,0.03827,0.03404,0.05010
K2GeCrO3Br3,1.53743,-1.61827,6.95047,30.00000,24.87991,0.03828,0.03399,0.04991
Na2GeSbS3Br3,1.57483,-0.94896,6.00228,30.00000,24.63926,0.03828,0.03392,0.04970
K2FeSbO3Cl3,1.69393,-1.79037,0.15906,30.00000,23.27449,0.03830,0.03342,0.05089
Li2GeVSe3F3,1.47922,-1.91972,8.15743,30.00000,25.09433,0.03830,0.03405,0.05095
K2GeSbSe3F3,1.55232,-1.90801,6.28222,30.00000,24.68860,0.03831,0.03393,0.04993
K2WGaS3Br3,1.67681,-1.29915,1.33835,30.00000,23.53782,0.03831,0.03354,0.05081
K2GeFeO3Se3,1.54361,-1.38949,7.12472,30.00000,24.82032,0.03831,0.03400,0.05016
K2MoAgS3I3,1.13897,-1.03057,2.33830,30.00000,24.10933,0.03831,0.03337,0.31737
K2MnSbBr3I3,1.11562,-1.25413,0.38491,30.00000,23.68482,0.03832,0.03316,0.41421
K2GeVS3I3,1.19313,-1.15924,5.43546,30.00000,24.70543,0.03832,0.03375,0.17477
Li2WGaO3Br3,1.67353,-1.60412,1.58736,30.00000,23.56008,0.03832,0.03351,0.05077
Na2NbCuS3I3,1.11254,-1.03927,0.46883,30.00000,23.67529,0.03833,0.03318,0.41986
K2ZrCrO3I3,1.69549,-2.02929,0.45365,30.00000,23.27750,0.03833,0.03345,0.05085
Na2GeTaSe3Cl3,1.57617,-1.39029,5.95609,30.00000,24.57000,0.03833,0.03391,0.04992
Na2MoAgS3I3,1.14409,-0.92961,2.43143,30.00000,24.10026,0.03834,0.03339,0.31328
K2MnSbI6,1.11269,-1.10126,0.58287,30.00000,23.69997,0.03834,0.03317,0.41745
K2TiCrO3I3,1.69455,-2.05863,0.46065,30.00000,23.25007,0.03834,0.03347,0.05099
Na2WMnO6,1.69890,-2.15468,0.14263,30.00000,23.18830,0.03835,0.03346,0.05103
Na2SnFeS3Se3,1.10941,-0.87816,0.26570,30.00000,23.62424,0.03835,0.03315,0.42024
Na2MoGaSe3F3,1.66564,-1.86775,1.95695,30.00000,23.66928,0.03835,0.03359,0.05068
K2TiWO3Se3,1.69865,-1.99774,0.28357,30.00000,23.25284,0.03836,0.03342,0.05123
K2GeCrO3Se3,1.53517,-1.53213,7.18871,30.00000,24.81729,0.03836,0.03401,0.05020
K2SnWS3Se3,1.69285,-1.03153,0.28949,30.00000,23.28088,0.03836,0.03344,0.05099
K2VNbO3Se3,1.69860,-2.15005,0.34896,30.00000,23.24035,0.03836,0.03344,0.05102
Na2GeVO3Br3,1.52508,-1.76198,7.48007,30.00000,24.89460,0.03836,0.03404,0.05012
K2TiMoO3Se3,1.69486,-2.02887,0.35510,30.00000,23.22459,0.03837,0.03343,0.05101
K2MoSbSe3I3,1.11347,-0.92110,0.54280,30.00000,23.68822,0.03837,0.03313,0.41150
Na2TaFeO3F3,1.68762,-2.81296,0.86676,30.00000,23.35506,0.03837,0.03349,0.05104
Na2GeCrS3I3,1.19826,-1.01217,5.65656,30.00000,24.70407,0.03837,0.03374,0.15972
K2GeVO3I3,1.58260,-1.77827,5.84234,30.00000,24.50196,0.03838,0.03390,0.05026
K2CrMoSe3I3,1.11292,-1.06022,0.52636,30.00000,23.59776,0.03838,0.03316,0.42375
K2GeWS3Se3,1.60409,-1.02587,5.33067,30.00000,24.31390,0.03839,0.03392,0.05027
K2CuZnBr3I3,1.11266,-1.18741,0.34973,30.00000,23.54277,0.03839,0.03316,0.41700
Na2WFeO3I3,1.70165,-1.48573,0.44359,30.00000,23.24200,0.03839,0.03346,0.05127
Na2GeInO3I3,1.55464,-1.36967,6.72306,30.00000,24.63906,0.03839,0.03400,0.04999
Na2TaMnO3F3,1.69533,-2.87093,0.87090,30.00000,23.28481,0.03840,0.03353,0.05118
Na2TaFeO3Cl3,1.69905,-2.10296,0.76780,30.00000,23.25995,0.03841,0.03350,0.05119
Na2SnGeS3Se3,1.58834,-0.85382,6.19848,30.00000,24.46975,0.03841,0.03399,0.05013
Na2FeMnSe3Br3,1.10512,-1.19328,0.18123,30.00000,23.56450,0.03842,0.03318,0.42611
K2SbCuO3Cl3,1.10510,-1.78245,0.17336,30.00000,23.47749,0.03842,0.03315,0.43145
K2ZrInO3Br3,1.68523,-2.08664,1.45783,30.00000,23.40074,0.03842,0.03356,0.05098
Na2GeWS3Se3,1.60398,-1.00046,5.58886,30.00000,24.32927,0.03842,0.03393,0.05011
Li2GeVO3I3,1.58183,-1.62662,6.49381,30.00000,24.56791,0.03843,0.03402,0.05012
Na2VFeS3Br3,1.10214,-1.26847,0.07635,30.00000,23.47033,0.03844,0.03314,0.43480
Na2GeFeS3Se3,1.21455,-0.85638,6.89604,30.00000,24.81187,0.03844,0.03389,0.13905
K2SbZnO3Cl3,1.70975,-1.83816,0.15939,30.00000,23.10023,0.03844,0.03348,0.05129
K2NbCuSe3I3,1.10528,-1.12950,0.49886,30.00000,23.57246,0.03845,0.03319,0.42668
K2SnGeBr3I3,1.15512,-1.21903,4.16276,30.00000,24.36343,0.03845,0.03358,0.27429
Na2CrWO3Br3,1.70694,-1.60874,0.11449,30.00000,23.08358,0.03846,0.03348,0.05141
K2MoFeO3I3,1.70133,-1.49816,0.50991,30.00000,23.18793,0.03846,0.03349,0.05137
K2WAgO3Cl3,1.66177,-1.72198,2.85137,30.00000,23.67275,0.03846,0.03370,0.05065
K2GeMnCl3I3,1.18253,-1.36299,5.28612,30.00000,24.52282,0.03846,0.03374,0.20788
K2WGaSe3Cl3,1.68959,-1.41771,1.45944,30.00000,23.35332,0.03846,0.03360,0.05110
Na2SnMnO3S3,1.71010,-1.74902,0.11948,30.00000,23.07391,0.03846,0.03345,0.05133
Na2ZrInO3Br3,1.68836,-2.08397,1.53067,30.00000,23.39703,0.03847,0.03362,0.05096
K2GeCuO3S3,1.47639,-1.62982,9.51102,30.00000,25.12980,0.03847,0.03425,0.05097
K2SnInO3I3,1.69067,-1.43216,1.49425,30.00000,23.33141,0.03847,0.03360,0.05075
Na2GeVSe3Br3,1.17652,-1.24610,5.45515,30.00000,24.53657,0.03848,0.03374,0.21444
K2ZrGaSe3Cl3,1.68815,-1.78973,1.63419,30.00000,23.38526,0.03848,0.03360,0.05129
Na2WFeO3Cl3,1.71047,-1.59660,0.12263,30.00000,23.05180,0.03848,0.03348,0.05150
Na2TiFeSe3Br3,1.10082,-1.36536,0.18689,30.00000,23.43524,0.03848,0.03313,0.42914
Na2NbFeO3I3,1.70667,-1.85414,0.49059,30.00000,23.14549,0.03848,0.03351,0.05121
Na2MnSbS3Se3,1.10008,-0.91464,0.30196,30.00000,23.48757,0.03848,0.03319,0.43500
Na2GeVSe3Cl3,1.19923,-1.30407,6.85921,30.00000,24.76489,0.03848,0.03390,0.16743
Li2SnGaSe3F3,1.68193,-1.76469,1.93960,30.00000,23.45524,0.03849,0.03365,0.05110
Li2GeVS3Cl3,1.45481,-1.27751,10.05577,30.00000,25.28002,0.03850,0.03432,0.05174
Li2WGaSe3I3,1.69033,-0.95670,1.40236,30.00000,23.36113,0.03850,0.03354,0.05111
K2ZrGaO3Br3,1.68644,-2.08148,1.62235,30.00000,23.36967,0.03851,0.03359,0.05084
Na2MoAgO3F3,1.64412,-2.30314,4.22519,30.00000,23.91340,0.03851,0.03381,0.05085
Li2GeTaSe3Cl3,1.59909,-1.30459,6.27035,30.00000,24.37582,0.03852,0.03403,0.05051
K2SnBiS3I3,1.70692,-1.01492,0.43599,30.00000,23.08218,0.03852,0.03350,0.05119
Na2GeVS3Cl3,1.50424,-1.32728,9.18639,30.00000,25.07216,0.03852,0.03425,0.05059
Na2ZrGaSe3F3,1.68705,-2.32458,1.88607,30.00000,23.42933,0.03853,0.03361,0.05113
Na2MnGaSe3I3,1.11564,-1.02450,1.50884,30.00000,23.69031,0.03854,0.03332,0.41344
K2MoAgO3Cl3,1.66118,-1.69991,3.45171,30.00000,23.70685,0.03854,0.03376,0.05102
Li2GeTaSe3F3,1.58727,-2.14499,6.82259,30.00000,24.48494,0.03854,0.03406,0.05034
Na2GeTaO3Br3,1.59712,-1.90629,6.35412,30.00000,24.36535,0.03854,0.03406,0.05027
K2ZrSbO3I3,1.71334,-1.85896,0.48156,30.00000,23.03679,0.03854,0.03355,0.05148
Na2ZrWO3Se3,1.71167,-1.93273,0.29118,30.00000,23.01672,0.03854,0.03349,0.05161
Na2WSbO3F3,1.71805,-2.31395,0.24084,30.00000,22.96450,0.03854,0.03354,0.05169
Na2VMnO3Cl3,1.72285,-2.00775,0.08239,30.00000,22.94414,0.03856,0.03349,0.05169
K2TaFeO3Br3,1.71080,-1.98128,0.58194,30.00000,23.05417,0.03856,0.03354,0.05148
K2GeMoSe6,1.16091,-0.99728,5.09329,30.00000,24.37814,0.03856,0.03371,0.25851
Na2GeGaO3I3,1.58246,-1.38562,7.24832,30.00000,24.51082,0.03856,0.03413,0.05049
Na2GeCuO3Se3,1.21689,-1.35727,7.49775,30.00000,24.83529,0.03857,0.03399,0.14454
Na2SnNbO3Br3,1.71943,-1.96213,0.15773,30.00000,22.95587,0.03857,0.03354,0.05162
K2GeCrS3I3,1.17165,-1.09565,5.39972,30.00000,24.41809,0.03858,0.03377,0.23336
Li2GeVSe3Br3,1.16493,-1.25431,5.74151,30.00000,24.43961,0.03858,0.03376,0.23429
Na2GeVS3I3,1.16667,-1.03683,5.69451,30.00000,24.44029,0.03859,0.03381,0.24574
K2ZrSbO3Br3,1.71808,-1.95882,0.15755,30.00000,22.93866,0.03859,0.03352,0.05168
K2SnGeS3Se3,1.61433,-0.91750,5.87979,30.00000,24.19372,0.03860,0.03402,0.05071
K2ZrGaO3I3,1.69822,-2.03374,1.66235,30.00000,23.23317,0.03860,0.03368,0.05132
Na2NbCuSe3I3,1.10032,-0.96690,0.50913,30.00000,23.39038,0.03860,0.03320,0.43530
K2MnSbO3F3,1.72065,-2.35227,0.18486,30.00000,22.92812,0.03860,0.03353,0.05179
Na2GeCuO3S3,1.45467,-1.59964,10.42648,30.00000,25.20554,0.03860,0.03435,0.05174
K2GeNbO3Br3,1.60603,-1.95201,6.48520,30.00000,24.33705,0.03861,0.03409,0.05052
Na2MnBiSe3I3,1.09579,-0.87434,0.47594,30.00000,23.41101,0.03862,0.03320,0.43686
K2TiFeS3I3,1.09781,-1.28852,0.42676,30.00000,23.37994,0.03863,0.03322,0.43914
Na2SbCuO3Cl3,1.09313,-1.72655,0.16800,30.00000,23.26178,0.03863,0.03317,0.44011
Na2NbTaO3Se3,1.71389,-2.16359,0.79453,30.00000,22.99309,0.03863,0.03360,0.05158
K2ZrBiO3Br3,1.72438,-1.95168,0.16042,30.00000,22.91262,0.03863,0.03348,0.05179
K2TiCrS3Se3,1.09718,-1.34496,0.24648,30.00000,23.32655,0.03863,0.03318,0.43940
K2ZrWO3Se3,1.72064,-2.00770,0.28847,30.00000,22.91527,0.03863,0.03354,0.05186
Na2GeBiS3I3,1.64983,-0.84316,4.63657,30.00000,23.85082,0.03864,0.03392,0.05091
Na2SnZnI6,1.09548,-0.97084,0.57051,30.00000,23.33080,0.03864,0.03326,0.44043
Na2CrMoSe3I3,1.09483,-1.03142,0.53783,30.00000,23.32225,0.03864,0.03322,0.44500
K2GeTaS3I3,1.64238,-1.23452,4.94649,30.00000,23.87805,0.03866,0.03393,0.05106
K2GeVS3Cl3,1.55905,-1.46652,8.47334,30.00000,24.72666,0.03866,0.03422,0.05074
K2SnGeI6,1.13837,-0.99001,3.84124,30.00000,24.00689,0.03866,0.03362,0.33223
Na2MnSbO3F3,1.72874,-2.38700,0.17969,30.00000,22.89332,0.03866,0.03353,0.05174
K2MoMnO3Se3,1.72445,-1.56799,0.34581,30.00000,22.83685,0.03866,0.03357,0.05183
K2GeFeSe3F3,1.18972,-1.95944,6.99855,30.00000,24.61593,0.03866,0.03395,0.18339
Na2TaFeO3I3,1.71652,-1.84823,0.84128,30.00000,22.99074,0.03867,0.03361,0.05170
K2WFeO3Cl3,1.73145,-1.70720,0.13046,30.00000,22.80838,0.03867,0.03356,0.05190
Li2GeWS3Se3,1.62839,-0.99157,5.88737,30.00000,24.09279,0.03868,0.03403,0.05082
K2TiInO3I3,1.70411,-2.03619,1.60374,30.00000,23.13863,0.03868,0.03364,0.05151
K2MoInO3I3,1.70583,-1.55473,1.58012,30.00000,23.10819,0.03868,0.03366,0.05162
K2NbFeO3Cl3,1.72927,-2.15555,0.13264,30.00000,22.85298,0.03869,0.03353,0.05185
Na2MnCuI6,1.09271,-1.00806,0.57935,30.00000,23.31516,0.03869,0.03321,0.44431
K2GeZnI6,1.13623,-1.09578,4.01591,30.00000,24.01356,0.03872,0.03362,0.32725
Na2SnTaO3I3,1.72158,-1.92268,0.81899,30.00000,22.94507,0.03872,0.03360,0.05189
Na2TaSbO3S3,1.72008,-1.80942,0.80369,30.00000,22.90609,0.03872,0.03362,0.05186
Na2MoMnO3S3,1.73241,-1.65528,0.20840,30.00000,22.79316,0.03873,0.03360,0.05222
K2WInO3Br3,1.71825,-1.68704,1.30491,30.00000,22.98381,0.03874,0.03365,0.05182
Na2GeCrO3Br3,1.59562,-1.59931,7.42235,30.00000,24.37041,0.03874,0.03418,0.05081
Na2NbTaO6,1.72298,-2.89002,0.90427,30.00000,22.92470,0.03874,0.03364,0.05171
K2MnGaO6,1.69503,-2.04201,2.77435,30.00000,23.33230,0.03875,0.03382,0.05156
Li2WGaS3I3,1.71308,-0.98981,1.53440,30.00000,23.03943,0.03875,0.03370,0.05185
K2GeMnS3Se3,1.16921,-1.01870,6.51106,30.00000,24.44047,0.03876,0.03391,0.23628
K2SnVO3I3,1.73208,-1.82421,0.48868,30.00000,22.78683,0.03877,0.03361,0.05222
Na2WGaO3I3,1.71354,-1.54673,1.55984,30.00000,23.04093,0.03877,0.03368,0.05194
Na2MoInO3I3,1.70605,-1.55363,1.64323,30.00000,23.06175,0.03877,0.03372,0.05186
Na2GeNbO3Br3,1.62349,-1.85187,6.88839,30.00000,24.16654,0.03877,0.03417,0.05104
Na2CuZnBr3I3,1.08007,-1.10185,0.35428,30.00000,23.06770,0.03878,0.03323,0.44918
K2GeCrSe3I3,1.13741,-1.03890,4.59446,30.00000,23.99307,0.03879,0.03372,0.34797
K2SnMoSe6,1.08251,-0.98855,0.41349,30.00000,23.09279,0.03880,0.03324,0.44983
K2SnZnI6,1.09056,-1.10583,0.56003,30.00000,23.16121,0.03880,0.03326,0.44830
K2MnInO3S3,1.70624,-1.86643,2.07479,30.00000,23.09785,0.03880,0.03372,0.05200
K2FeMnSe6,1.08464,-1.03518,0.33036,30.00000,23.06786,0.03880,0.03321,0.44927
Na2CrMoO3S3,1.73727,-1.70893,0.21899,30.00000,22.68857,0.03881,0.03362,0.05208
K2ZrBiS3I3,1.73256,-1.37960,0.42998,30.00000,22.75025,0.03881,0.03362,0.05231
Na2ZrFeSe3Br3,1.08109,-1.44188,0.19782,30.00000,23.01397,0.03882,0.03318,0.44775
K2MnInO6,1.70405,-2.04152,2.34972,30.00000,23.10439,0.03882,0.03378,0.05164
Na2ZrMoO3S3,1.73899,-2.01680,0.23523,30.00000,22.66016,0.03882,0.03361,0.05220
K2TiSbO3I3,1.73359,-1.86406,0.48963,30.00000,22.73032,0.03882,0.03360,0.05246
Na2WMnO3S3,1.74178,-1.65891,0.13928,30.00000,22.59648,0.03883,0.03361,0.05225
K2GeSbSe3Cl3,1.65183,-1.10158,5.77788,30.00000,23.84223,0.03884,0.03408,0.05119
K2MoMnSe6,1.08414,-1.06734,0.40148,30.00000,23.04617,0.03884,0.03322,0.44623
Na2GeMnBr3I3,1.12530,-1.15533,4.61255,30.00000,23.95561,0.03885,0.03372,0.35662
Na2GeFeO3Se3,1.60704,-1.43579,7.60778,30.00000,24.28960,0.03885,0.03425,0.05100
Na2GeZnI6,1.12285,-0.95433,4.14467,30.00000,23.87382,0.03885,0.03365,0.40304
Na2GeCrSe3I3,1.13192,-0.98608,4.77255,30.00000,23.94298,0.03886,0.03372,0.35945
Na2SnGaS3Br3,1.72503,-1.19503,1.52485,30.00000,22.90008,0.03887,0.03372,0.05215
Na2WGaSe3F3,1.71845,-1.83055,1.64798,30.00000,22.93766,0.03887,0.03373,0.05203
Na2GeMoO3Se3,1.62106,-1.47453,7.12363,30.00000,24.13454,0.03887,0.03422,0.05105
Na2MnInO3S3,1.71157,-1.78767,2.23926,30.00000,23.02222,0.03887,0.03381,0.05185
K2ZrWO3S3,1.74233,-2.02156,0.17102,30.00000,22.57092,0.03887,0.03361,0.05246
Na2TiBiO3I3,1.73780,-1.77914,0.46376,30.00000,22.65312,0.03888,0.03363,0.05264
K2GeCrSe6,1.13511,-1.04691,5.33623,30.00000,24.03825,0.03888,0.03382,0.33974
K2GeInO3Br3,1.61796,-1.58000,7.59688,30.00000,24.22177,0.03888,0.03422,0.05099
Na2CrMoSe3Br3,1.08238,-1.21950,0.26992,30.00000,22.97057,0.03889,0.03322,0.44854
Li2GeVS3Br3,1.16907,-1.23300,7.23872,30.00000,24.42945,0.03889,0.03402,0.23409
K2TiInO3Br3,1.72018,-2.07360,1.54823,30.00000,22.90736,0.03890,0.03370,0.05229
K2NbFeO3I3,1.74241,-1.89872,0.47815,30.00000,22.65534,0.03890,0.03368,0.05247
K2CrAgS3I3,1.10216,-1.04175,2.39887,30.00000,23.43042,0.03890,0.03348,0.44512
Na2TiInO3Br3,1.72077,-2.05612,1.63331,30.00000,22.91221,0.03891,0.03378,0.05219
K2SnGaS3Br3,1.72747,-1.26444,1.45602,30.00000,22.83189,0.03891,0.03373,0.05233
K2TiMoSe6,1.07863,-1.23583,0.40881,30.00000,22.98841,0.03891,0.03324,0.45003
K2TiGaO3Br3,1.72334,-2.08976,1.73594,30.00000,22.89428,0.03892,0.03373,0.05223
K2GeGaSe3F3,1.60207,-2.02832,8.40192,30.00000,24.39276,0.03893,0.03435,0.05115
Na2SnFeSe3Cl3,1.08080,-1.17283,0.25211,30.00000,22.98317,0.03894,0.03322,0.44740
Na2GeCrO3Se3,1.62193,-1.54202,7.68038,30.00000,24.14906,0.03895,0.03430,0.05119
Na2GeVS3Br3,1.15562,-1.25727,6.77759,30.00000,24.31695,0.03895,0.03398,0.26999
Na2GeSbSe3F3,1.64666,-1.72543,6.64673,30.00000,23.91570,0.03896,0.03418,0.05145
K2SnBiO3Br3,1.75006,-1.47433,0.17875,30.00000,22.48679,0.03897,0.03361,0.05276
Na2SnWS6,1.75289,-1.08104,0.18485,30.00000,22.48037,0.03899,0.03367,0.05293
Na2WFeSe3F3,1.75288,-1.86857,0.27414,30.00000,22.47800,0.03899,0.03365,0.05286
K2MoInO3Br3,1.73367,-1.67855,1.52347,30.00000,22.71696,0.03899,0.03377,0.05263
Na2VZnO3Cl3,1.75469,-1.90072,0.08233,30.00000,22.40840,0.03900,0.03367,0.05293
Na2TiGaSe3F3,1.72805,-2.26702,2.03112,30.00000,22.87630,0.03900,0.03383,0.05266
K2SnZnS3Se3,1.74805,-1.00272,0.26269,30.00000,22.51460,0.03900,0.03365,0.05273
K2CrMnO6,1.75537,-1.99105,0.04924,30.00000,22.41450,0.03901,0.03364,0.05304
Na2VNbSe6,1.07954,-1.17977,0.41244,30.00000,22.91967,0.03901,0.03323,0.45381
Na2VSbO6,1.75402,-2.18804,0.25254,30.00000,22.46875,0.03901,0.03368,0.05282
K2GeVSe3Cl3,1.14838,-1.48662,6.46778,30.00000,24.10792,0.03901,0.03398,0.29610
Rb2WBiSe3I3,1.35434,-1.05213,13.45121,30.00000,25.37518,0.03902,0.03475,0.06076
Na2SnGeO3Se3,1.64742,-1.31567,6.76015,30.00000,23.82848,0.03903,0.03426,0.05173
Na2ZrWO3S3,1.75600,-1.99541,0.16643,30.00000,22.37703,0.03903,0.03366,0.05290
Na2WInO3Br3,1.73776,-1.56815,1.35930,30.00000,22.64788,0.03904,0.03374,0.05283
Na2NbCuSe3Cl3,1.07325,-1.24267,0.28326,30.00000,22.84780,0.03904,0.03326,0.45553
K2SnCrSe6,1.07543,-1.02711,0.35637,30.00000,22.87559,0.03905,0.03324,0.45603
K2SbZnO3F3,1.75198,-2.31477,0.18191,30.00000,22.40214,0.03905,0.03367,0.05269
Na2SnZnO3Se3,1.75239,-1.30514,0.27830,30.00000,22.40935,0.03906,0.03364,0.05294
Na2NbSbSe6,1.07445,-0.95959,0.41785,30.00000,22.82692,0.03906,0.03326,0.45048
K2SnTaO3I3,1.74653,-1.95582,0.79576,30.00000,22.48468,0.03908,0.03374,0.05277
Na2GeNbSe3F3,1.64755,-2.13145,6.99719,30.00000,23.84858,0.03909,0.03426,0.05154
K2SnNbO3Br3,1.75943,-2.01828,0.16218,30.00000,22.32864,0.03909,0.03367,0.05312
K2SbAgO3S3,1.71449,-1.52510,3.32610,30.00000,23.01968,0.03910,0.03398,0.05244
Na2ZrMoSe6,1.07508,-1.18490,0.41336,30.00000,22.76418,0.03911,0.03328,0.45350
K2SnGeO3Se3,1.66154,-1.37806,6.38112,30.00000,23.65728,0.03913,0.03423,0.05180
K2TiSbO3Br3,1.76650,-1.95605,0.14151,30.00000,22.27104,0.03914,0.03371,0.05336
Li2GeMoO3Se3,1.64012,-1.51126,7.61448,30.00000,23.93802,0.03915,0.03435,0.05164
Na2MoSbSe3Br3,1.06841,-0.99933,0.31438,30.00000,22.67062,0.03915,0.03326,0.45627
Na2SnFeCl3I3,1.07288,-1.19309,0.42550,30.00000,22.77547,0.03916,0.03328,0.45549
Na2SbAgO3S3,1.71700,-1.47647,3.56314,30.00000,23.02196,0.03916,0.03398,0.05232
Na2NbTaO3S3,1.75882,-2.12609,0.82206,30.00000,22.37466,0.03916,0.03376,0.05289
Na2CrMnO3Cl3,1.76780,-1.71363,0.02169,30.00000,22.18943,0.03916,0.03371,0.05335
Na2MnSbI6,1.06855,-0.98302,0.59418,30.00000,22.78086,0.03916,0.03332,0.45974
Na2GeGaSe3Br3,1.66363,-1.17692,6.49925,30.00000,23.65977,0.03917,0.03422,0.05205
K2MoBiSe3I3,1.07682,-0.97059,0.51113,30.00000,22.74397,0.03917,0.03330,0.45590
Na2GeWO3Se3,1.67483,-1.43183,6.03822,30.00000,23.57678,0.03917,0.03423,0.05184
K2GeTaO3I3,1.68677,-1.87398,5.25282,30.00000,23.39469,0.03918,0.03416,0.05239
K2MoGaS3Cl3,1.74140,-1.35556,2.01035,30.00000,22.65025,0.03919,0.03383,0.05279
Li2SnGaS3Br3,1.74918,-1.15731,1.61717,30.00000,22.54521,0.03920,0.03383,0.05319
Na2WFeO3Br3,1.76901,-1.50822,0.10712,30.00000,22.21001,0.03921,0.03371,0.05326
Na2TiGaO3I3,1.74489,-2.03423,1.83552,30.00000,22.55071,0.03921,0.03390,0.05312
Na2NbMnO3Cl3,1.76704,-2.07144,0.12564,30.00000,22.20991,0.03922,0.03370,0.05311
Na2GeTaO3I3,1.69427,-1.80485,5.47469,30.00000,23.32983,0.03923,0.03420,0.05250
Na2TiFeS3I3,1.06648,-1.21070,0.43650,30.00000,22.63070,0.03924,0.03332,0.45752
K2GeCrSe3Br3,1.11432,-1.22935,5.17194,30.00000,23.67490,0.03924,0.03387,0.44005
K2TiGaSe3Cl3,1.75039,-1.76584,1.73703,30.00000,22.48948,0.03925,0.03388,0.05323
Na2WInO3I3,1.75531,-1.50925,1.44181,30.00000,22.43162,0.03926,0.03386,0.05307
K2GeGaO3I3,1.67443,-1.41998,6.90044,30.00000,23.58556,0.03926,0.03438,0.05225
K2SnGaS3I3,1.75211,-1.07269,1.52349,30.00000,22.43501,0.03927,0.03386,0.05324
K2MnCuI6,1.07049,-1.04929,0.56785,30.00000,22.68584,0.03928,0.03333,0.45517
K2SbCuS3I3,1.06747,-0.88302,0.46029,30.00000,22.61554,0.03929,0.03332,0.45740
Na2GeCrSe3Br3,1.10996,-1.14451,5.41757,30.00000,23.64229,0.03929,0.03384,0.44269
Rb2SnTaSe3I3,1.40522,-1.29886,14.82897,30.00000,25.33619,0.03930,0.03494,0.05605
Li2GeNbSe3F3,1.66338,-2.11833,7.47328,30.00000,23.71417,0.03930,0.03439,0.05205
K2GeWO3Se3,1.69761,-1.46964,5.73658,30.00000,23.29078,0.03930,0.03425,0.05253
Na2CrAgS3I3,1.08421,-0.95168,2.50086,30.00000,23.05701,0.03931,0.03356,0.45931
K2GeMoO3Se3,1.67684,-1.52174,6.70634,30.00000,23.55286,0.03931,0.03433,0.05223
K2CrMnO3Cl3,1.77535,-1.73829,0.04216,30.00000,22.09223,0.03931,0.03370,0.05377
Rb2SnBiSe3I3,1.29638,-1.01021,14.22150,30.00000,25.27199,0.03931,0.03486,0.07890
K2CrMoO3Cl3,1.77878,-1.72928,0.20166,30.00000,22.10221,0.03932,0.03372,0.05355
K2MoGaO3I3,1.75595,-1.60094,1.71720,30.00000,22.40795,0.03933,0.03389,0.05349
K2SnWS6,1.77651,-1.10471,0.18780,30.00000,22.07848,0.03933,0.03375,0.05370
Na2GeFeO3Cl3,1.60172,-1.67683,10.31139,30.00000,24.31826,0.03933,0.03464,0.05177
Li2WGaS3Cl3,1.75213,-1.24179,1.87066,30.00000,22.42902,0.03933,0.03391,0.05351
Na2GeGaS3I3,1.68028,-0.94185,6.73136,30.00000,23.49715,0.03934,0.03433,0.05236
K2WGaO3I3,1.76070,-1.59140,1.50381,30.00000,22.32637,0.03935,0.03388,0.05335
K2CrMnSe6,1.06296,-1.15216,0.33803,30.00000,22.46936,0.03935,0.03330,0.45882
Na2NbCuS3Br3,1.06073,-1.17918,0.11707,30.00000,22.39360,0.03936,0.03327,0.45904
K2GeVSe3Br3,1.10534,-1.34947,5.20735,30.00000,23.51628,0.03936,0.03385,0.44703
Li2GeGaO3Br3,1.62638,-1.47957,9.50069,30.00000,24.08434,0.03936,0.03454,0.05182
Na2NbZnO3Cl3,1.78074,-1.94444,0.12432,30.00000,22.03428,0.03937,0.03379,0.05362
K2FeMnS3Se3,1.06354,-1.07062,0.22974,30.00000,22.43106,0.03937,0.03326,0.45817
Rb2SnSbSe3I3,1.37763,-0.99483,15.41173,30.00000,25.36016,0.03937,0.03502,0.05788
K2TaCuO3F3,1.76664,-2.65990,0.82058,30.00000,22.17489,0.03938,0.03382,0.05359
Rb2WSbSe3I3,1.27776,-0.96258,14.50919,30.00000,25.21727,0.03938,0.03490,0.08707
K2GeNbO3I3,1.69888,-1.88884,5.50528,30.00000,23.18595,0.03938,0.03422,0.05280
K2TaFeO3I3,1.77111,-1.87057,0.81512,30.00000,22.17696,0.03938,0.03383,0.05364
K2VTaO3Se3,1.77555,-2.13107,0.78929,30.00000,22.13848,0.03940,0.03387,0.05378
Rb2TiBiSe3I3,1.44924,-1.26130,15.15413,30.00000,25.25587,0.03940,0.03503,0.05319
Na2SnNbO3I3,1.78160,-1.83198,0.49757,30.00000,22.01553,0.03942,0.03385,0.05391
K2GeInS3I3,1.69907,-0.99935,6.01262,30.00000,23.25464,0.03942,0.03430,0.05291
K2GeFeO3Cl3,1.64063,-1.69461,9.41244,30.00000,23.95289,0.03942,0.03458,0.05208
Na2TaFeO3Br3,1.77483,-1.95197,0.60140,30.00000,22.09087,0.03943,0.03379,0.05395
Na2GeTaO3F3,1.64489,-2.53526,9.20664,30.00000,23.93511,0.03943,0.03458,0.05222
Rb2CrWSe3I3,1.45999,-1.15895,15.44682,30.00000,25.24169,0.03943,0.03511,0.05284
Rb2ZrSbSe3I3,1.40407,-1.34998,15.81760,30.00000,25.35546,0.03943,0.03510,0.05587
K2SnNbO3I3,1.77399,-1.97328,0.48590,30.00000,22.06330,0.03943,0.03380,0.05385
Rb2WAgSe3I3,1.34058,-1.03248,15.97117,30.00000,25.35967,0.03944,0.03510,0.06533
K2WInO3I3,1.76289,-1.53820,1.39364,30.00000,22.23208,0.03944,0.03390,0.05384
Rb2TaFeSe3I3,1.41645,-1.23158,15.70343,30.00000,25.32647,0.03945,0.03511,0.05477
Na2GeNbO3I3,1.70657,-1.73776,5.77036,30.00000,23.11879,0.03945,0.03432,0.05293
Rb2ZrBiSe3I3,1.50058,-1.37162,14.56480,30.00000,25.06493,0.03946,0.03500,0.05176
Na2FeSbO3F3,1.78542,-2.27731,0.17670,30.00000,21.96417,0.03946,0.03381,0.05396
K2TaZnO3F3,1.77915,-2.75799,0.80412,30.00000,22.10732,0.03946,0.03382,0.05394
K2GeMnO3S3,1.63451,-1.66499,9.72672,30.00000,23.98310,0.03947,0.03464,0.05201
K2SnSbO3Cl3,1.78462,-1.74825,0.21323,30.00000,21.89838,0.03948,0.03380,0.05403
Rb2TaZnSe3I3,1.31322,-1.25173,15.55991,30.00000,25.29467,0.03948,0.03504,0.07346
Na2VTaO3Se3,1.77723,-2.14451,0.82088,30.00000,22.07484,0.03948,0.03388,0.05380
Na2SnWO3Se3,1.78579,-1.41377,0.30558,30.00000,21.92628,0.03950,0.03388,0.05405
K2GeGaSe3Br3,1.69845,-1.23068,6.20988,30.00000,23.17559,0.03950,0.03431,0.05285
Rb2SnNbSe3I3,1.33292,-1.20035,15.84169,30.00000,25.30878,0.03951,0.03506,0.06758
Na2GeFeS3Br3,1.11089,-1.12106,6.66868,30.00000,23.64095,0.03951,0.03410,0.44011
Rb2SbZnSe3I3,1.37617,-1.05621,16.21884,30.00000,25.37274,0.03951,0.03513,0.05866
Na2TiMoO3S3,1.78463,-2.00886,0.21960,30.00000,21.91411,0.03951,0.03380,0.05413
Na2GeInS3I3,1.70130,-0.95092,6.27455,30.00000,23.17926,0.03951,0.03434,0.05295
Na2GeFeSe3Cl3,1.11380,-1.18960,6.75106,30.00000,23.63914,0.03951,0.03410,0.44872
Na2MnInSe6,1.06279,-0.95522,1.46400,30.00000,22.52760,0.03952,0.03344,0.46579
Na2GeSbSe3Cl3,1.70761,-1.04753,6.08373,30.00000,23.13794,0.03952,0.03433,0.05311
Rb2WFeSe3I3,1.47050,-1.04671,15.38532,30.00000,25.16365,0.03953,0.03511,0.05265
K2CrMoO3S3,1.78579,-1.73868,0.22060,30.00000,21.87427,0.03953,0.03386,0.05411
Rb2TaCuSe3I3,1.30387,-1.18281,15.59333,30.00000,25.31559,0.03953,0.03504,0.07574
Rb2TaMnSe3I3,1.28628,-1.26148,15.71813,30.00000,25.26198,0.03956,0.03504,0.08340
K2WFeO3Br3,1.79122,-1.59935,0.11405,30.00000,21.82684,0.03957,0.03382,0.05438
Na2GeMoS6,1.66943,-1.04302,8.51270,30.00000,23.59854,0.03958,0.03456,0.05261
K2NbTaO3Se3,1.78774,-2.11587,0.76635,30.00000,21.92513,0.03959,0.03390,0.05430
Li2SnGaSe3Cl3,1.76966,-1.23248,1.76324,30.00000,22.10347,0.03960,0.03398,0.05412
Na2FeMnCl3I3,1.05523,-1.28529,0.41359,30.00000,22.20385,0.03961,0.03331,0.46221
Na2WGaO3Br3,1.77490,-1.57742,1.49934,30.00000,22.06995,0.03961,0.03394,0.05417
Rb2WSbSe3Br3,1.30510,-1.14692,16.38759,30.00000,25.29929,0.03961,0.03515,0.07543
Rb2SnWSe6,1.34253,-1.00611,16.57022,30.00000,25.32277,0.03962,0.03518,0.06514
Rb2MnZnI6,1.25296,-1.14977,15.13137,30.00000,25.12130,0.03963,0.03501,0.10186
Rb2NbZnSe3I3,1.32247,-1.23101,16.69760,30.00000,25.35111,0.03964,0.03517,0.06865
Na2TiCrSe3I3,1.05260,-1.25251,0.49291,30.00000,22.21626,0.03965,0.03335,0.46405
Rb2AgInI6,1.27259,-1.14566,15.72042,30.00000,25.17592,0.03965,0.03508,0.08820
K2GeBiO3Br3,1.72590,-1.48651,5.36950,30.00000,22.79984,0.03965,0.03433,0.05365
Rb2NbMnSe3I3,1.36116,-1.25946,16.88342,30.00000,25.38040,0.03965,0.03524,0.06151
Na2SnBiO3Br3,1.80049,-1.41772,0.17589,30.00000,21.72167,0.03965,0.03385,0.05476
Na2SnGaSe3Cl3,1.77683,-1.26224,1.66398,30.00000,22.08220,0.03966,0.03398,0.05420
K2NbTaO3S3,1.78764,-2.12286,0.78410,30.00000,21.84915,0.03966,0.03392,0.05434
Rb2WSbS3I3,1.46023,-1.03614,16.54625,30.00000,25.21082,0.03966,0.03523,0.05307
K2MoBiO3Cl3,1.79920,-1.76503,0.26815,30.00000,21.68654,0.03968,0.03386,0.05472
Rb2NbFeSe3I3,1.31930,-1.22017,16.86621,30.00000,25.30231,0.03968,0.03526,0.07163
K2MnSbSe3Br3,1.04759,-1.21219,0.24328,30.00000,22.06042,0.03970,0.03334,0.46280
Rb2ZrWSe6,1.32307,-1.32994,17.04679,30.00000,25.35852,0.03970,0.03523,0.06984
Na2ZrGaO3Br3,1.78060,-2.10227,1.71256,30.00000,21.99930,0.03970,0.03402,0.05446
Na2MoSbO3Cl3,1.79615,-1.72956,0.28902,30.00000,21.70677,0.03970,0.03389,0.05449
Rb2NbTaSe6,1.37124,-1.27614,17.40023,30.00000,25.35605,0.03971,0.03533,0.06000
Rb2SnSbSe3Br3,1.38725,-1.14382,17.57121,30.00000,25.38367,0.03971,0.03533,0.05729
Rb2TiInSe3I3,1.37132,-1.39588,17.41849,30.00000,25.36387,0.03972,0.03530,0.05982
K2GeGaO3Br3,1.68547,-1.57514,8.31209,30.00000,23.38608,0.03972,0.03457,0.05286
Rb2WInSe3I3,1.51990,-1.08815,15.28489,30.00000,24.90842,0.03973,0.03519,0.05230
K2WGaS3Cl3,1.78117,-1.35801,1.65842,30.00000,22.01253,0.03973,0.03400,0.05420
Rb2SnTaSe3Br3,1.30305,-1.45211,16.76675,30.00000,25.25467,0.03974,0.03527,0.07575
K2SnWO3Se3,1.80076,-1.50371,0.30228,30.00000,21.71119,0.03974,0.03389,0.05480
Na2CrWO3Cl3,1.80166,-1.66920,0.13239,30.00000,21.64704,0.03975,0.03388,0.05469
Na2AgGaF3I3,1.07587,-1.87637,3.80816,30.00000,22.82517,0.03975,0.03380,0.46829
Na2NbZnO3F3,1.80231,-2.46518,0.14568,30.00000,21.64768,0.03975,0.03389,0.05466
Rb2CrMnSe3I3,1.34700,-1.20610,17.61335,30.00000,25.37218,0.03976,0.03532,0.06446
Rb2ZrInSe3I3,1.48276,-1.41602,16.67466,30.00000,25.11785,0.03976,0.03534,0.05275
Na2VSbO3S3,1.80624,-1.66090,0.23398,30.00000,21.66096,0.03977,0.03390,0.05493
K2SnCrSe3Br3,1.04879,-1.25943,0.22195,30.00000,22.05975,0.03977,0.03333,0.46454
K2GeInO3I3,1.72439,-1.39601,6.42214,30.00000,22.89685,0.03978,0.03445,0.05361
Li2GeGaO3I3,1.70684,-1.40552,7.64732,30.00000,23.09830,0.03978,0.03457,0.05329
K2GeMnBr3I3,1.07866,-1.25217,4.44195,30.00000,22.84552,0.03978,0.03384,0.46572
Na2SbCuS3I3,1.04962,-0.76510,0.47043,30.00000,22.07071,0.03978,0.03335,0.46559
Rb2ZrGaSe3I3,1.44480,-1.42360,17.48867,30.00000,25.23910,0.03978,0.03537,0.05399
K2ZrBiO3I3,1.79700,-1.86921,0.44892,30.00000,21.66806,0.03979,0.03394,0.05483
Na2SbAgBr3I3,1.06230,-1.03920,1.96612,30.00000,22.34846,0.03979,0.03357,0.46599
K2MoWO3S3,1.80226,-1.63110,0.25849,30.00000,21.58901,0.03980,0.03392,0.05490
Rb2CrWSe3Br3,1.44332,-1.30513,17.62323,30.00000,25.24493,0.03981,0.03536,0.05451
Na2WSbO3Cl3,1.80660,-1.68801,0.21641,30.00000,21.59810,0.03981,0.03394,0.05494
Rb2MoBiS3I3,1.26449,-1.05000,16.58638,30.00000,25.14973,0.03982,0.03522,0.09536
K2GeBiS3I3,1.75197,-0.98522,4.46718,30.00000,22.43671,0.03982,0.03430,0.05422
Rb2WFeSe3Br3,1.46351,-1.25612,17.54251,30.00000,25.21200,0.03982,0.03538,0.05369
Rb2TaZnSe3Br3,1.30234,-1.44499,17.72853,30.00000,25.32081,0.03982,0.03537,0.07789
K2WGaO3Br3,1.78933,-1.70921,1.43371,30.00000,21.80342,0.03984,0.03402,0.05469
Na2SbZnO3F3,1.80745,-2.23479,0.17662,30.00000,21.56114,0.03985,0.03392,0.05495
Rb2GeBiSe3I3,1.35292,-0.99022,17.96687,30.00000,25.33026,0.03985,0.03540,0.06346
Li2GeWO3Se3,1.72572,-1.49720,6.38862,30.00000,22.82730,0.03986,0.03443,0.05377
Rb2SnSbS3I3,1.45528,-0.99167,17.74108,30.00000,25.20115,0.03988,0.03541,0.05392
K2GeCuO3Se3,1.09540,-1.32013,7.02925,30.00000,23.26618,0.03989,0.03416,0.46814
Rb2WMnSe6,1.30829,-1.08822,17.72691,30.00000,25.28026,0.03989,0.03537,0.07445
Rb2GeTaSe3I3,1.38099,-1.20106,18.70195,30.00000,25.39958,0.03989,0.03550,0.05818
Rb2TaMnSe3Br3,1.29918,-1.52206,17.93771,30.00000,25.29829,0.03990,0.03541,0.07814
Rb2TaFeSe3Br3,1.29183,-1.43544,17.91839,30.00000,25.30485,0.03990,0.03542,0.08155
Rb2CrWSe6,1.29466,-1.14178,17.78951,30.00000,25.26401,0.03990,0.03541,0.07979
Na2MoInO3Br3,1.79408,-1.67542,1.59957,30.00000,21.79439,0.03990,0.03404,0.05491
Rb2SnInSe3I3,1.52683,-1.00609,16.24299,30.00000,24.86617,0.03991,0.03534,0.05269
Rb2TiGaSe3I3,1.41364,-1.40946,18.30847,30.00000,25.29436,0.03992,0.03548,0.05596
Rb2TaMnS3I3,1.46474,-1.26625,18.10834,30.00000,25.20619,0.03993,0.03546,0.05363
Rb2NbSbSe6,1.32211,-1.03523,18.27511,30.00000,25.33721,0.03994,0.03543,0.07029
Na2MnSbSe3I3,1.04363,-0.89032,0.50672,30.00000,21.92499,0.03995,0.03335,0.46902
K2TaSbO3S3,1.81032,-1.79818,0.76894,30.00000,21.53338,0.03996,0.03404,0.05529
Rb2WGaSe3I3,1.55538,-1.07692,15.96641,30.00000,24.73658,0.03996,0.03530,0.05260
Rb2WSbO3I3,1.49827,-1.40027,17.42119,30.00000,25.06667,0.03996,0.03545,0.05297
Na2MoGaO3Br3,1.79030,-1.70629,1.78596,30.00000,21.79927,0.03997,0.03411,0.05483
Rb2MoWSe6,1.24996,-1.06465,17.00821,30.00000,25.10891,0.03997,0.03530,0.10813
Rb2TiSbSe3I3,1.23458,-1.19854,16.51726,30.00000,24.99110,0.03997,0.03525,0.12435
Li2WGaSe3F3,1.79629,-1.85707,1.74354,30.00000,21.76322,0.03998,0.03411,0.05491
Rb2NbZnSe3Br3,1.35076,-1.40574,19.30222,30.00000,25.42336,0.03999,0.03554,0.06336
Rb2TaSbSe6,1.24689,-1.04386,16.88577,30.00000,25.04901,0.03999,0.03527,0.10975
Rb2SnZnCl3I3,1.44212,-1.40842,18.64424,30.00000,25.24239,0.03999,0.03554,0.05482
Li2MoGaS3Cl3,1.78779,-1.25632,2.33066,30.00000,21.85499,0.03999,0.03414,0.05493
Rb2TaCuS3I3,1.48601,-1.18449,17.94081,30.00000,25.09847,0.03999,0.03547,0.05349
Rb2WBiS3I3,1.57886,-1.09959,15.17452,30.00000,24.54676,0.04000,0.03525,0.05301
Rb2VTaSe6,1.29399,-1.30106,18.21211,30.00000,25.23595,0.04000,0.03545,0.08180
K2VZnO3Cl3,1.81989,-1.95047,0.09665,30.00000,21.38044,0.04000,0.03396,0.05575
Rb2MoInS3I3,1.41475,-1.14030,19.25206,30.00000,25.35723,0.04002,0.03556,0.05587
Rb2MnBiO3I3,1.47009,-1.40630,18.22104,30.00000,25.15810,0.04002,0.03550,0.05341
Rb2SnNbS3I3,1.48588,-1.23380,18.31962,30.00000,25.11855,0.04002,0.03550,0.05359
Rb2TiWSe6,1.28809,-1.28783,17.87252,30.00000,25.19128,0.04002,0.03542,0.08424
Rb2MnBiS3I3,1.24054,-1.05814,17.26381,30.00000,25.10809,0.04003,0.03532,0.11477
Na2SbCuS3Br3,1.04058,-1.01263,0.13697,30.00000,21.70936,0.04004,0.03333,0.46878
K2VZnO3F3,1.81915,-2.68025,0.11415,30.00000,21.33497,0.04004,0.03394,0.05542
Rb2VMnSe3I3,1.25610,-1.24236,17.65488,30.00000,25.10440,0.04005,0.03541,0.10332
K2MnGaO3S3,1.79310,-1.83838,2.40473,30.00000,21.78423,0.04005,0.03415,0.05509
Rb2NbMnSe3Br3,1.36256,-1.46578,19.55527,30.00000,25.35687,0.04006,0.03561,0.06198
K2WMnO3S3,1.82124,-1.68942,0.14613,30.00000,21.35249,0.04006,0.03394,0.05563
Rb2SbAgCl3I3,1.38227,-1.25390,19.32359,30.00000,25.33625,0.04008,0.03557,0.06033
Rb2TiSbS3I3,1.45410,-1.28354,19.23874,30.00000,25.22897,0.04009,0.03561,0.05422
Rb2GeSbSe3I3,1.37298,-0.95080,19.54523,30.00000,25.36348,0.04010,0.03564,0.06032
Rb2NbFeS3I3,1.39923,-1.21937,19.72063,30.00000,25.34516,0.04010,0.03565,0.05720
Li2GeGaSe3I3,1.75442,-0.90229,5.91569,30.00000,22.41563,0.04011,0.03454,0.05474
Rb2TaCuO3I3,1.47401,-1.80534,18.95871,30.00000,25.18099,0.04011,0.03560,0.05364
Na2GeGaO3Br3,1.71119,-1.48871,8.85855,30.00000,23.03476,0.04011,0.03473,0.05413
Rb2TiSbSe3Br3,1.29679,-1.46484,19.05471,30.00000,25.28515,0.04012,0.03553,0.07971
K2GeSbO3Br3,1.74715,-1.46882,6.17741,30.00000,22.49005,0.04012,0.03453,0.05447
Rb2SnZnBr3I3,1.19623,-1.30730,16.10313,30.00000,24.81151,0.04012,0.03524,0.18342
K2NbCuSe3Br3,1.03259,-1.31274,0.23857,30.00000,21.68857,0.04012,0.03337,0.47057
Na2CrMoO3F3,1.82427,-2.56716,0.23268,30.00000,21.26004,0.04013,0.03400,0.05587
K2TiBiO3Br3,1.82589,-1.94628,0.14682,30.00000,21.26137,0.04013,0.03399,0.05569
Rb2NbZnS3I3,1.45155,-1.23228,19.48873,30.00000,25.25081,0.04013,0.03566,0.05443
Na2GeInO3Br3,1.72553,-1.52874,8.05184,30.00000,22.79940,0.04013,0.03472,0.05426
Na2MoSbSe3I3,1.04243,-0.89888,0.55396,30.00000,21.67598,0.04014,0.03343,0.46859
Rb2NbMnS3I3,1.41221,-1.24735,19.74414,30.00000,25.33750,0.04014,0.03567,0.05642
Na2MoBiO3Cl3,1.82355,-1.71126,0.27011,30.00000,21.29416,0.04015,0.03403,0.05569
Na2MoGaO3I3,1.80499,-1.58386,1.79165,30.00000,21.63477,0.04015,0.03412,0.05513
K2NbMnO3Cl3,1.82741,-2.15401,0.13510,30.00000,21.20068,0.04015,0.03406,0.05586
Rb2SnFeF3I3,1.38254,-1.94200,20.04551,30.00000,25.38311,0.04015,0.03567,0.05989
Rb2MnSbO3I3,1.37870,-1.43681,20.24796,30.00000,25.39158,0.04016,0.03570,0.05925
Na2SnCuCl3I3,1.03744,-1.10381,0.43099,30.00000,21.63729,0.04016,0.03335,0.47089
K2AgGaI6,1.04968,-1.07633,2.74118,30.00000,22.10953,0.04017,0.03370,0.47461
Rb2MoInSe3Br3,1.27342,-1.32752,19.07686,30.00000,25.21542,0.04017,0.03557,0.09080
Rb2MoFeSe3Br3,1.30317,-1.22947,19.48582,30.00000,25.30622,0.04017,0.03563,0.07749
K2MnSbSe3I3,1.03658,-0.98779,0.49677,30.00000,21.67864,0.04017,0.03338,0.47061
Rb2NbFeSe3Br3,1.31190,-1.37581,19.53197,30.00000,25.28851,0.04018,0.03565,0.07467
Na2GeSbO3Br3,1.75659,-1.38397,6.53979,30.00000,22.47029,0.04018,0.03459,0.05494
Rb2FeSbO3I3,1.38173,-1.31755,20.22328,30.00000,25.36502,0.04018,0.03569,0.05969
Rb2SnMnI6,1.17024,-1.15072,14.43287,30.00000,24.45546,0.04019,0.03505,0.24756
Rb2MoWS3Se3,1.45110,-1.12675,19.93475,30.00000,25.25301,0.04019,0.03572,0.05448
Rb2ZrFeSe3I3,1.21115,-1.32470,16.87264,30.00000,24.84119,0.04020,0.03532,0.16403
Na2TiFeSe3I3,1.03430,-1.15297,0.48550,30.00000,21.64786,0.04020,0.03338,0.47234
Na2TiGaO3Br3,1.80776,-2.08050,1.84292,30.00000,21.53660,0.04020,0.03417,0.05568
Na2GeWO6,1.72605,-2.07616,8.63843,30.00000,22.89947,0.04021,0.03479,0.05434
Rb2MnZnCl3I3,1.32234,-1.42329,20.12707,30.00000,25.38081,0.04022,0.03568,0.06987
K2MnSbS3Se3,1.03465,-0.95574,0.29842,30.00000,21.52582,0.04022,0.03334,0.47250
Rb2AgInBr3I3,1.22748,-1.24619,17.65438,30.00000,24.91531,0.04024,0.03539,0.13331
K2GeZnO3Se3,1.75135,-1.31549,6.99206,30.00000,22.51294,0.04024,0.03467,0.05463
Rb2SnMnCl3I3,1.26318,-1.39554,18.87797,30.00000,25.10107,0.04025,0.03555,0.10005
K2SbAgI6,1.04303,-0.91778,1.89368,30.00000,21.87593,0.04026,0.03354,0.47520
Rb2ZrWS3Se3,1.46809,-1.39092,19.99801,30.00000,25.24358,0.04026,0.03576,0.05363
Rb2CrWS3I3,1.55408,-1.19582,17.79397,30.00000,24.73374,0.04027,0.03556,0.05323
Na2TiWO3S3,1.83640,-1.96104,0.14698,30.00000,21.11367,0.04027,0.03405,0.05626
Na2NbCuSe3Br3,1.02881,-1.20777,0.23862,30.00000,21.43469,0.04028,0.03334,0.46980
Rb2SbZnSe3Br3,1.52873,-1.19666,18.65255,30.00000,24.88714,0.04028,0.03570,0.05318
K2MnBiSe3I3,1.03105,-1.05244,0.46794,30.00000,21.54651,0.04028,0.03342,0.47266
Rb2SnGaSe3I3,1.57815,-1.01617,17.01417,30.00000,24.52516,0.04028,0.03554,0.05316
Rb2MoSbO3I3,1.50292,-1.38801,19.30859,30.00000,25.02010,0.04029,0.03570,0.05377
Rb2MoGaSe3I3,1.21181,-1.09209,17.44911,30.00000,24.87046,0.04030,0.03544,0.15414
Rb2TaCuSe3Cl3,1.36944,-1.44075,20.88572,30.00000,25.39528,0.04030,0.03579,0.06090
Rb2SnNbSe3Br3,1.23662,-1.42376,18.14425,30.00000,24.97190,0.04030,0.03552,0.12580
Rb2WSbS3Br3,1.51520,-1.21222,19.10345,30.00000,24.94559,0.04030,0.03570,0.05320
Rb2WSbSe3F3,1.46007,-1.83229,20.26512,30.00000,25.19638,0.04030,0.03581,0.05439
Rb2MoInSe3I3,1.19719,-1.09380,16.64073,30.00000,24.68349,0.04030,0.03534,0.18639
Rb2TaCuS3Br3,1.42487,-1.38360,20.96769,30.00000,25.33116,0.04031,0.03584,0.05581
Rb2SnZnF3I3,1.48222,-2.01832,19.80577,30.00000,25.11763,0.04031,0.03580,0.05417
Rb2SnInSe3Br3,1.53571,-1.24733,18.55251,30.00000,24.85713,0.04031,0.03565,0.05302
Rb2MoGaSe3Br3,1.29715,-1.33700,20.16051,30.00000,25.29954,0.04031,0.03571,0.08017
Rb2TiCrS3I3,1.36632,-1.40353,20.96458,30.00000,25.37958,0.04031,0.03582,0.06187
Rb2SnVSe3Br3,1.25704,-1.42002,19.05336,30.00000,25.10979,0.04032,0.03558,0.10423
Rb2TaFeSe3Cl3,1.39178,-1.53997,21.09031,30.00000,25.33998,0.04032,0.03587,0.05925
Rb2TaFeS3Br3,1.39522,-1.46265,21.17515,30.00000,25.38249,0.04032,0.03588,0.05765
Rb2ZrCrS3I3,1.27887,-1.39685,19.83504,30.00000,25.25748,0.04033,0.03569,0.09011
Rb2CrMnS3I3,1.43678,-1.22781,20.76518,30.00000,25.28198,0.04033,0.03582,0.05519
Rb2VFeSe3I3,1.20724,-1.20999,17.63608,30.00000,24.82199,0.04033,0.03543,0.15549
Rb2WSbSe3Cl3,1.52141,-1.26978,19.04426,30.00000,24.92350,0.04033,0.03573,0.05315
Rb2VMnSe3Br3,1.31260,-1.45840,20.61993,30.00000,25.35624,0.04033,0.03575,0.07233
Rb2SbZnS3I3,1.53039,-1.07107,18.83286,30.00000,24.89697,0.04034,0.03569,0.05337
Rb2WInSe3Br3,1.57548,-1.36137,17.29265,30.00000,24.55398,0.04035,0.03556,0.05316
Li2MoGaSe3F3,1.81413,-1.85458,2.09120,30.00000,21.42414,0.04035,0.03424,0.05584
Rb2ZrInSe3Br3,1.53406,-1.65487,19.12986,30.00000,24.90513,0.04035,0.03569,0.05303
Li2WGaO3I3,1.82062,-1.56638,1.63282,30.00000,21.31656,0.04035,0.03422,0.05582
Li2GeMoS6,1.73001,-1.01808,9.24360,30.00000,22.84629,0.04035,0.03487,0.05488
Rb2SnGaSe3Br3,1.50799,-1.24941,19.57835,30.00000,24.99989,0.04036,0.03574,0.05353
Rb2WAgO3I3,1.52130,-1.39725,19.23836,30.00000,24.94014,0.04036,0.03572,0.05308
Rb2MoGaS3I3,1.47570,-1.12694,20.34500,30.00000,25.15192,0.04037,0.03582,0.05385
Rb2SnFeO3I3,1.48741,-1.29895,20.27724,30.00000,25.11276,0.04038,0.03583,0.05413
Rb2TaZnS3I3,1.56923,-1.24510,17.89724,30.00000,24.64685,0.04038,0.03563,0.05302
K2CrWO3Cl3,1.83959,-1.80212,0.13962,30.00000,21.00560,0.04038,0.03408,0.05634
Rb2SnVS3I3,1.24292,-1.17626,19.23738,30.00000,25.07673,0.04039,0.03558,0.11793
Rb2MnSbF3I3,1.48512,-2.07432,20.01719,30.00000,25.02891,0.04039,0.03578,0.05405
Rb2VMnS3I3,1.30841,-1.26614,20.81886,30.00000,25.28864,0.04039,0.03583,0.07655
Rb2CrWS3Se3,1.44362,-1.19539,21.03844,30.00000,25.28624,0.04039,0.03587,0.05484
Rb2GeWSe6,1.33967,-1.00255,21.13793,30.00000,25.34653,0.04039,0.03583,0.06688
Rb2TaMnSe3Cl3,1.41654,-1.60551,21.11691,30.00000,25.32490,0.04039,0.03588,0.05645
Rb2WGaSe3Br3,1.56173,-1.34910,18.18130,30.00000,24.66680,0.04041,0.03566,0.05325
Rb2SbZnO3I3,1.49539,-1.27544,19.97957,30.00000,25.05170,0.04041,0.03577,0.05385
K2WSbO3Cl3,1.83923,-1.78522,0.21767,30.00000,20.98932,0.04042,0.03412,0.05643
Rb2TiWS3Se3,1.45683,-1.38063,21.15556,30.00000,25.23525,0.04043,0.03590,0.05494
Rb2TaZnSe3Cl3,1.48085,-1.51304,20.82728,30.00000,25.10571,0.04043,0.03587,0.05377
K2TiMoO3S3,1.84114,-2.07741,0.22116,30.00000,20.94288,0.04044,0.03409,0.05676
Rb2MnCuF3I3,1.42702,-1.99301,21.55331,30.00000,25.29185,0.04045,0.03593,0.05578
Rb2NbCuO3I3,1.47337,-1.68074,20.77918,30.00000,25.18074,0.04045,0.03585,0.05440
Rb2WAgS3I3,1.57463,-1.07999,18.25726,30.00000,24.54307,0.04046,0.03568,0.05350
Rb2MnZnF3I3,1.42572,-2.07588,21.49063,30.00000,25.30445,0.04046,0.03593,0.05637
K2GeTaO3Cl3,1.75522,-2.01273,7.67641,30.00000,22.38520,0.04046,0.03476,0.05514
Rb2VTaS3Se3,1.34637,-1.32833,21.55926,30.00000,25.37961,0.04046,0.03589,0.06616
Rb2TiInSe3Br3,1.50614,-1.62205,20.13452,30.00000,25.02204,0.04046,0.03583,0.05358
Rb2FeMnF3I3,1.41115,-2.02016,21.77402,30.00000,25.33995,0.04046,0.03599,0.05727
Rb2MoAgO3I3,1.44180,-1.34634,21.35719,30.00000,25.24068,0.04047,0.03593,0.05521
Rb2AgGaCl3I3,1.30601,-1.38232,21.44073,30.00000,25.29574,0.04047,0.03589,0.07547
Rb2MnBiO3Se3,1.41394,-1.38420,21.64152,30.00000,25.30000,0.04047,0.03593,0.05703
Na2GeTaO3Cl3,1.74791,-1.99751,8.20439,30.00000,22.55526,0.04048,0.03484,0.05503
Rb2SnNbS3Br3,1.32688,-1.38286,21.55936,30.00000,25.32080,0.04048,0.03591,0.07118
Na2MnGaO3S3,1.81911,-1.76718,2.62651,30.00000,21.41022,0.04048,0.03436,0.05648
Rb2VCuSe3Br3,1.26630,-1.29947,20.39538,30.00000,25.12949,0.04049,0.03578,0.09718
Rb2SnNbSe3Cl3,1.43571,-1.63906,21.46770,30.00000,25.24485,0.04049,0.03595,0.05575
Na2SnTaO3Cl3,1.84095,-2.10114,0.74252,30.00000,20.95734,0.04049,0.03420,0.05659
Rb2SnMoS3Se3,1.39001,-1.02432,21.71873,30.00000,25.31125,0.04049,0.03593,0.05913
Na2NbSbO6,1.84448,-2.31737,0.27474,30.00000,20.92378,0.04049,0.03415,0.05687
K2CrWO3S3,1.84381,-1.74327,0.15355,30.00000,20.92337,0.04050,0.03410,0.05663
Li2GeGaSe3Br3,1.76967,-1.14198,6.83007,30.00000,22.19488,0.04050,0.03474,0.05546
Rb2MnBiO3Br3,1.30120,-1.53709,21.42313,30.00000,25.29189,0.04050,0.03587,0.07924
Rb2GeInSe3I3,1.51516,-0.99937,20.44513,30.00000,24.95648,0.04051,0.03588,0.05352
Rb2MoBiO3I3,1.59832,-1.37279,17.46412,30.00000,24.37889,0.04052,0.03565,0.05348
Rb2ZrGaSe3Br3,1.52223,-1.66758,20.22278,30.00000,24.96329,0.04052,0.03584,0.05356
Rb2SnGeCl3I3,1.40000,-1.35000,22.47310,30.00000,25.35417,0.04053,0.03604,0.05787
Rb2WFeSe3Cl3,1.50882,-1.34324,20.63577,30.00000,24.98485,0.04053,0.03592,0.05361
Na2ZrMoO6,1.84314,-2.73930,0.25316,30.00000,20.90648,0.04053,0.03414,0.05677
Rb2SnCrS3I3,1.21806,-1.10459,19.18992,30.00000,24.93235,0.04054,0.03564,0.14663
Rb2VZnS3I3,1.25481,-1.20867,20.53471,30.00000,25.10106,0.04054,0.03578,0.10625
Rb2TaCuO3Br3,1.38830,-1.84426,22.39720,30.00000,25.36386,0.04055,0.03603,0.05927
Rb2VCuO3I3,1.44492,-1.61479,21.97430,30.00000,25.29803,0.04055,0.03599,0.05560
Na2CrWO6,1.85129,-2.17266,0.15159,30.00000,20.79847,0.04056,0.03418,0.05693
K2GeFeS3Se3,1.06383,-0.94431,6.49860,30.00000,22.47679,0.04056,0.03419,0.48649
Rb2WBiO3I3,1.63850,-1.40972,15.90595,30.00000,23.98692,0.04056,0.03552,0.05389
Rb2ZrFeSe3Br3,1.21654,-1.56176,19.54518,30.00000,24.90008,0.04057,0.03568,0.15281
Rb2MnGaSe6,1.27683,-1.08187,21.35347,30.00000,25.20633,0.04059,0.03590,0.09036
Rb2CrMoSe6,1.22798,-1.16536,19.77660,30.00000,24.95379,0.04060,0.03574,0.13750
Rb2GeGaSe3I3,1.48051,-0.99932,21.45804,30.00000,25.13037,0.04060,0.03601,0.05424
Rb2GeTaSe3Br3,1.26689,-1.36877,21.34482,30.00000,25.18048,0.04061,0.03592,0.09819
Rb2MoSbS3I3,1.19882,-1.00616,18.23969,30.00000,24.67668,0.04061,0.03559,0.19646
Rb2CrAgO3I3,1.44778,-1.43076,22.51461,30.00000,25.28910,0.04061,0.03607,0.05502
Rb2MnInS3I3,1.23156,-1.15308,20.14120,30.00000,25.01919,0.04062,0.03580,0.12830
K2CuZnI6,1.02765,-1.07724,0.56258,30.00000,21.23953,0.04062,0.03345,0.47355
Rb2VCuS3I3,1.25072,-1.16387,20.59215,30.00000,25.05145,0.04062,0.03586,0.10958
Rb2TaCuSe3Br3,1.18021,-1.35212,17.77177,30.00000,24.54241,0.04063,0.03551,0.24125
Rb2MoSbSe3F3,1.36423,-1.87422,22.89166,30.00000,25.38894,0.04063,0.03602,0.06240
Rb2MoFeS3I3,1.22184,-1.08949,19.67378,30.00000,24.91264,0.04063,0.03572,0.14453
Rb2MnZnBr3I3,1.16830,-1.37531,17.19133,30.00000,24.43299,0.04063,0.03547,0.25098
Rb2ZrFeS3I3,1.21966,-1.35341,19.73424,30.00000,24.87838,0.04063,0.03573,0.15148
K2GeMoS6,1.76424,-1.07232,7.90563,30.00000,22.30012,0.04063,0.03491,0.05545
Rb2TaZnO3I3,1.57596,-1.83434,18.91041,30.00000,24.53519,0.04064,0.03580,0.05343
Rb2GeSbSe3Br3,1.43730,-1.10909,22.51513,30.00000,25.28030,0.04065,0.03611,0.05587
Li2MoWO3S3,1.85070,-1.74359,0.28068,30.00000,20.77565,0.04065,0.03416,0.05706
Rb2MnGaO3I3,1.43042,-1.53855,22.75681,30.00000,25.34059,0.04065,0.03609,0.05593
Rb2MnSbCl3I3,1.19691,-1.41779,18.83283,30.00000,24.74956,0.04065,0.03564,0.18303
Rb2GeNbSe3I3,1.21893,-1.15402,20.12096,30.00000,24.96072,0.04066,0.03575,0.14443
Rb2SnTaS3I3,1.62487,-1.24595,16.92629,30.00000,24.08634,0.04066,0.03563,0.05387
Rb2ZrSbSe3Br3,1.60196,-1.50502,18.11256,30.00000,24.34276,0.04066,0.03577,0.05370
Na2GeGaSe3F3,1.74900,-1.81510,8.94739,30.00000,22.48255,0.04067,0.03496,0.05552
Rb2ZrSbS3I3,1.59608,-1.34548,18.28766,30.00000,24.38717,0.04067,0.03574,0.05376
Rb2SnMnF3I3,1.55585,-2.08066,20.06980,30.00000,24.75479,0.04067,0.03591,0.05372
Rb2NbCuS3I3,1.20925,-1.15693,19.54076,30.00000,24.83538,0.04067,0.03573,0.16441
Na2SnZnO3S3,1.85566,-1.68100,0.11839,30.00000,20.77970,0.04067,0.03418,0.05708
Rb2VFeSe3Br3,1.23616,-1.36023,20.59405,30.00000,24.98205,0.04067,0.03585,0.12364
Rb2ZrCrSe3Br3,1.20893,-1.60769,19.64511,30.00000,24.84035,0.04069,0.03577,0.15987
Na2TiBiO3Br3,1.85542,-1.92187,0.14188,30.00000,20.75113,0.04069,0.03422,0.05737
Rb2SnCrS3Se3,1.32458,-1.05954,23.04515,30.00000,25.35478,0.04069,0.03613,0.07053
Rb2MnInO3I3,1.50532,-1.53244,21.39581,30.00000,24.95599,0.04069,0.03601,0.05421
Rb2CuZnF3I3,1.25343,-1.95714,21.24848,30.00000,25.10591,0.04069,0.03593,0.10821
Rb2VZnSe3Br3,1.22491,-1.38498,20.33838,30.00000,24.95450,0.04069,0.03579,0.14016
Rb2FeZnF3I3,1.25500,-1.97753,21.46281,30.00000,25.14155,0.04070,0.03592,0.10433
K2GeVS3Br3,1.05962,-1.35665,6.38572,30.00000,22.36144,0.04070,0.03422,0.48566
Na2GeCrSe6,1.05229,-0.96193,5.59116,30.00000,22.07946,0.04070,0.03407,0.48558
Rb2SnVSe3I3,1.15696,-1.12047,16.51618,30.00000,24.25797,0.04070,0.03541,0.29905
K2TiGaO3I3,1.83759,-2.06073,1.75307,30.00000,21.04812,0.04071,0.03434,0.05693
Rb2MnCuCl3I3,1.22545,-1.36573,20.18250,30.00000,24.92833,0.04071,0.03576,0.14296
Rb2WSbO3Br3,1.55878,-1.46208,20.30108,30.00000,24.73458,0.04072,0.03596,0.05374
Rb2ZrMoS3Se3,1.30137,-1.38260,22.55765,30.00000,25.26233,0.04073,0.03605,0.08064
K2MoMnO3S3,1.85372,-1.69123,0.21091,30.00000,20.69403,0.04073,0.03414,0.05710
Li2GeGaSe3F3,1.74162,-1.75464,9.58707,30.00000,22.55976,0.04074,0.03504,0.05552
Rb2TaFeS3I3,1.60372,-1.23234,18.08885,30.00000,24.25059,0.04074,0.03578,0.05402
Rb2MoSbSe3Cl3,1.24298,-1.24613,21.34701,30.00000,25.06091,0.04074,0.03589,0.11840
Rb2VSbS3Se3,1.30380,-1.05905,23.03405,30.00000,25.29099,0.04074,0.03608,0.07975
Rb2MoFeSe3Cl3,1.35690,-1.33236,23.37650,30.00000,25.36516,0.04075,0.03617,0.06533
Na2CrMnSe6,1.02356,-1.09611,0.34321,30.00000,21.01015,0.04075,0.03345,0.47515
Rb2MnInSe3I3,1.15598,-1.19313,17.28760,30.00000,24.39643,0.04075,0.03548,0.27837
Rb2NbZnSe3Cl3,1.44019,-1.46717,23.11871,30.00000,25.27891,0.04076,0.03616,0.05607
Na2SbCuO3F3,1.01876,-2.19033,0.19407,30.00000,20.97811,0.04076,0.03341,0.47458
Rb2WFeS3I3,1.62081,-1.08615,17.71254,30.00000,24.16352,0.04076,0.03571,0.05406
Rb2TiSbSe3Cl3,1.47684,-1.68105,22.75980,30.00000,25.15993,0.04076,0.03617,0.05467
Rb2SnTaS3Br3,1.57749,-1.43932,19.56877,30.00000,24.52925,0.04076,0.03589,0.05393
K2AgInI6,1.03167,-1.09435,2.60510,30.00000,21.45337,0.04077,0.03375,0.48076
Rb2SnMoSe6,1.17422,-0.99086,18.27833,30.00000,24.51438,0.04077,0.03557,0.23635
Rb2MnSbSe3Br3,1.18831,-1.23455,18.88849,30.00000,24.62477,0.04078,0.03566,0.20965
K2SnCuCl3I3,1.01948,-1.24978,0.42265,30.00000,20.99862,0.04078,0.03345,0.47438
Rb2MnGaS3I3,1.23643,-1.16019,21.34405,30.00000,25.04982,0.04079,0.03597,0.12184
K2GeGaS3I3,1.79001,-0.99867,6.43139,30.00000,21.84071,0.04079,0.03478,0.05628
Rb2GeNbS3I3,1.45620,-1.20218,23.47939,30.00000,25.26166,0.04079,0.03622,0.05536
Rb2NbMnSe3Cl3,1.32277,-1.57418,23.48310,30.00000,25.33459,0.04080,0.03616,0.07203
Na2GeMnO3S3,1.73564,-1.60556,10.68885,30.00000,22.66233,0.04081,0.03513,0.05549
Li2MoGaO3Br3,1.84357,-1.64307,1.91023,30.00000,20.95361,0.04081,0.03439,0.05729
Rb2TaMnO3I3,1.59291,-2.02278,19.14639,30.00000,24.38130,0.04081,0.03589,0.05398
Rb2TaSbS3Se3,1.58279,-1.13306,19.70778,30.00000,24.51702,0.04082,0.03596,0.05391
Rb2VCuSe3I3,1.15666,-1.12803,17.49365,30.00000,24.32576,0.04082,0.03555,0.29506
Rb2VFeS3I3,1.22373,-1.20062,20.79276,30.00000,24.89425,0.04082,0.03590,0.14028
Rb2GeZnBr6,1.39263,-1.46263,23.85277,30.00000,25.35546,0.04083,0.03627,0.05950
Rb2ZrGaS3I3,1.56619,-1.40830,20.40832,30.00000,24.60695,0.04083,0.03598,0.05387
Na2CrWO3S3,1.86319,-1.69724,0.14721,30.00000,20.59657,0.04084,0.03420,0.05760
Rb2ZrInS3I3,1.59302,-1.41458,19.30601,30.00000,24.36881,0.04084,0.03593,0.05401
K2MoSbO3Cl3,1.86069,-1.83955,0.28533,30.00000,20.60708,0.04084,0.03425,0.05736
Rb2SbZnO3Br3,1.33870,-1.46994,23.94615,30.00000,25.34745,0.04085,0.03622,0.06996
Rb2NbTaS3Se3,1.56824,-1.29247,20.41996,30.00000,24.60270,0.04086,0.03599,0.05390
Rb2MoWO3Se3,1.55273,-1.50263,21.23350,30.00000,24.73688,0.04087,0.03608,0.05399
Na2MoMnSe6,1.02341,-1.03636,0.40936,30.00000,20.95159,0.04088,0.03347,0.47648
Rb2SnMnBr3I3,1.13666,-1.29995,16.27698,30.00000,24.05879,0.04088,0.03542,0.35446
Rb2MnSbI6,1.11390,-1.13741,14.41112,30.00000,23.68415,0.04088,0.03518,0.46702
Rb2NbSbS3Se3,1.53426,-1.06933,21.71481,30.00000,24.84160,0.04088,0.03615,0.05401
Rb2SnTaSe3Cl3,1.59391,-1.64466,19.50495,30.00000,24.41443,0.04089,0.03594,0.05410
K2TaFeO3F3,1.85675,-2.83130,0.81848,30.00000,20.67192,0.04089,0.03429,0.05766
Rb2MnGaSe3I3,1.16501,-1.19367,18.16423,30.00000,24.36424,0.04089,0.03562,0.26450
Rb2FeSbO3Br3,1.40842,-1.50376,24.30350,30.00000,25.35412,0.04090,0.03633,0.05844
Rb2FeMnS3I3,1.20722,-1.16797,20.65483,30.00000,24.77526,0.04090,0.03589,0.16312
Rb2WMnS3Se3,1.57046,-1.13292,20.95112,30.00000,24.62034,0.04091,0.03608,0.05417
Na2FeMnS3Se3,1.01545,-0.97222,0.22923,30.00000,20.92563,0.04091,0.03345,0.47773
Rb2MnInSe6,1.19231,-1.08172,20.14544,30.00000,24.67160,0.04091,0.03584,0.20033
Li2MoGaO3I3,1.84920,-1.57800,1.88742,30.00000,20.86139,0.04091,0.03438,0.05745
Rb2GeSbS3I3,1.51608,-0.96648,22.69244,30.00000,24.99144,0.04092,0.03621,0.05434
K2ZrMoO3S3,1.86788,-2.06918,0.23540,30.00000,20.51806,0.04092,0.03431,0.05753
Rb2WFeS3Br3,1.57006,-1.27838,20.71581,30.00000,24.57995,0.04092,0.03603,0.05404
Rb2AgGaF3I3,1.25904,-1.98316,22.78748,30.00000,25.15066,0.04092,0.03611,0.10207
Na2VNbO3S3,1.86447,-2.06472,0.21030,30.00000,20.53839,0.04092,0.03427,0.05763
Rb2MoSbS3Br3,1.21885,-1.19397,21.43668,30.00000,24.90527,0.04093,0.03596,0.15356
Rb2SnCrSe3Br3,1.17122,-1.29833,19.00612,30.00000,24.44660,0.04094,0.03572,0.25957
Rb2NbFeSe3Cl3,1.28553,-1.52594,23.44974,30.00000,25.23099,0.04094,0.03622,0.08713
K2SbAgBr3I3,1.02644,-1.13482,1.90612,30.00000,21.21567,0.04094,0.03362,0.47911
Rb2SnGeF3I3,1.47042,-1.99196,23.86039,30.00000,25.19231,0.04094,0.03631,0.05528
Rb2MoGaSe3Cl3,1.44920,-1.39334,24.10410,30.00000,25.23525,0.04094,0.03630,0.05623
Rb2SnSbS3Br3,1.58195,-1.08239,20.74658,30.00000,24.52437,0.04094,0.03606,0.05435
Rb2MnSbO3Se3,1.33142,-1.39385,24.60104,30.00000,25.33010,0.04094,0.03634,0.07040
Rb2TiCrSe3Br3,1.20500,-1.60772,20.76411,30.00000,24.75006,0.04095,0.03593,0.16984
Na2GeWS6,1.79265,-1.06083,6.97769,30.00000,21.78405,0.04095,0.03490,0.05670
Rb2MoMnS3Se3,1.29765,-1.10817,23.78051,30.00000,25.25340,0.04095,0.03622,0.08224
Rb2SnFeO3Br3,1.45492,-1.43894,24.38913,30.00000,25.22667,0.04096,0.03633,0.05557
Rb2SnMnO3Se3,1.38724,-1.49154,24.68862,30.00000,25.38167,0.04096,0.03634,0.06055
Rb2MoAgS3I3,1.18654,-1.06744,20.15492,30.00000,24.64544,0.04097,0.03586,0.21508
K2SbCuO3Br3,1.01910,-1.41617,0.14495,30.00000,20.79853,0.04097,0.03342,0.47327
Rb2TiMoS3Se3,1.29017,-1.39655,24.04358,30.00000,25.24730,0.04098,0.03629,0.08540
Rb2MnSbO3Br3,1.32575,-1.60002,24.33948,30.00000,25.35445,0.04099,0.03630,0.07357
Na2FeMnO3F3,1.86882,-2.42105,0.01280,30.00000,20.47110,0.04099,0.03425,0.05782
Na2ZrCrSe6,1.01619,-1.30803,0.35110,30.00000,20.79238,0.04099,0.03345,0.47611
Rb2MoSbSe3Br3,1.15262,-1.15092,18.06553,30.00000,24.24450,0.04100,0.03561,0.30509
Rb2SnSbO3I3,1.62353,-1.30336,18.75240,30.00000,24.06769,0.04101,0.03592,0.05438
Rb2GeZnCl3I3,1.49744,-1.39192,23.93514,30.00000,25.08399,0.04101,0.03631,0.05472
Rb2TiInS3I3,1.59840,-1.39205,20.31970,30.00000,24.40169,0.04101,0.03607,0.05424
Rb2CrMoO3I3,1.57508,-1.52412,21.04124,30.00000,24.57577,0.04101,0.03612,0.05420
Rb2TiCrSe3I3,1.14341,-1.33902,17.75609,30.00000,24.15652,0.04102,0.03559,0.34319
Rb2AgGaBr3I3,1.15657,-1.27423,18.49763,30.00000,24.32830,0.04102,0.03565,0.31036
Na2SbCuSe3Cl3,1.01949,-1.07753,0.29456,30.00000,20.81250,0.04102,0.03345,0.47591
Na2SnSbO3Cl3,1.87311,-1.68138,0.21147,30.00000,20.44474,0.04103,0.03428,0.05811
Na2NbSbO3S3,1.87175,-1.66365,0.25546,30.00000,20.41890,0.04103,0.03432,0.05843
Rb2MoGaS3Br3,1.48291,-1.30956,24.23077,30.00000,25.13790,0.04103,0.03639,0.05480
K2WAgO3F3,1.84251,-2.33189,3.14875,30.00000,20.96811,0.04104,0.03456,0.05767
Rb2VNbS3Se3,1.27201,-1.31070,24.03728,30.00000,25.22085,0.04105,0.03629,0.09414
K2SbCuO3I3,1.01398,-1.25153,0.48449,30.00000,20.77326,0.04105,0.03349,0.47554
Rb2NbFeS3Br3,1.25235,-1.41131,23.57235,30.00000,25.11060,0.04105,0.03622,0.10801
K2ZrCrSe6,1.01309,-1.35482,0.34583,30.00000,20.71752,0.04106,0.03346,0.47666
Rb2CuZnCl3I3,1.17300,-1.32372,19.91503,30.00000,24.49539,0.04108,0.03580,0.24462
Rb2ZrMoSe6,1.15358,-1.35222,18.86169,30.00000,24.33220,0.04109,0.03569,0.29382
Na2FeSbSe3Cl3,1.01324,-1.16418,0.28586,30.00000,20.66276,0.04110,0.03349,0.47739
Rb2CrMoS3I3,1.16997,-1.17521,19.77370,30.00000,24.45859,0.04112,0.03582,0.25669
Rb2FeMnO3I3,1.56369,-1.58773,22.04844,30.00000,24.65717,0.04112,0.03625,0.05426
Na2SnCrO3Cl3,1.87804,-1.79770,0.11178,30.00000,20.29441,0.04112,0.03436,0.05792
Rb2CrMoS3Se3,1.25018,-1.19812,23.89238,30.00000,25.12535,0.04113,0.03629,0.10995
Na2GeBiO3Br3,1.82164,-1.39296,5.63821,30.00000,21.31620,0.04113,0.03481,0.05770
Rb2CrMnSe6,1.18649,-1.15867,20.77239,30.00000,24.64198,0.04113,0.03596,0.22660
Rb2MnInO3Br3,1.40450,-1.68260,25.79009,30.00000,25.34688,0.04113,0.03650,0.05870
Rb2WAgO3Br3,1.54749,-1.51704,22.51303,30.00000,24.68559,0.04114,0.03626,0.05437
Rb2VFeO3I3,1.56696,-1.77580,22.20366,30.00000,24.62172,0.04114,0.03623,0.05440
Rb2SnVSe3Cl3,1.23276,-1.58942,22.75805,30.00000,24.94433,0.04114,0.03613,0.13620
Rb2TaMnO3Br3,1.55872,-2.08098,22.66559,30.00000,24.70126,0.04114,0.03627,0.05427
Rb2SnCrSe6,1.15667,-1.03540,19.19049,30.00000,24.26819,0.04114,0.03573,0.29531
Rb2MoFeS3Br3,1.24342,-1.28652,23.49774,30.00000,25.06049,0.04115,0.03624,0.11718
Rb2GeZnBr3I3,1.17470,-1.30797,20.50892,30.00000,24.49334,0.04115,0.03595,0.23984
Rb2TiFeSe3Br3,1.17775,-1.46039,20.65269,30.00000,24.55819,0.04115,0.03595,0.23978
Rb2MnGaSe3Br3,1.18152,-1.33303,21.15017,30.00000,24.59307,0.04115,0.03600,0.22800
Rb2VNbSe6,1.16426,-1.28787,19.87431,30.00000,24.45734,0.04116,0.03587,0.26402
K2FeSbO3F3,1.88036,-2.26073,0.18213,30.00000,20.26516,0.04117,0.03438,0.05878
Rb2NbZnO3I3,1.61178,-1.78562,20.72079,30.00000,24.24172,0.04117,0.03617,0.05446
Rb2WInS3I3,1.66909,-1.13944,17.45218,30.00000,23.61582,0.04119,0.03588,0.05502
Na2ZrCrO6,1.87967,-2.61195,0.08373,30.00000,20.30256,0.04120,0.03428,0.05866
Rb2TiGaS3I3,1.58829,-1.39447,21.54418,30.00000,24.45646,0.04120,0.03618,0.05468
Rb2TaSbO3Se3,1.60880,-1.73088,20.95286,30.00000,24.27075,0.04121,0.03621,0.05468
Rb2VCuSe3Cl3,1.27459,-1.43027,24.70982,30.00000,25.16552,0.04122,0.03640,0.09187
Rb2TaZnO3Br3,1.57696,-1.89423,22.33015,30.00000,24.56720,0.04122,0.03629,0.05448
Rb2MoMnSe6,1.16173,-1.07272,19.69974,30.00000,24.34297,0.04122,0.03586,0.28575
Rb2NbCuO3Br3,1.47893,-1.83592,25.12714,30.00000,25.17679,0.04123,0.03649,0.05582
Rb2FeMnSe3I3,1.13079,-1.15930,17.53376,30.00000,23.92436,0.04123,0.03562,0.40838
Rb2MoAgO3Br3,1.46952,-1.47727,25.51736,30.00000,25.17470,0.04124,0.03653,0.05554
K2SnInO3Cl3,1.86929,-1.80237,1.80969,30.00000,20.51542,0.04124,0.03452,0.05850
Rb2MnInO3Se3,1.42355,-1.55867,26.06112,30.00000,25.33339,0.04124,0.03655,0.05698
Rb2MnGaS3Se3,1.31610,-1.12117,25.97449,30.00000,25.32544,0.04125,0.03652,0.07454
Rb2TiMoSe6,1.15549,-1.24803,19.87927,30.00000,24.28918,0.04125,0.03584,0.30513
Rb2GeFeO3I3,1.33304,-1.38589,26.16504,30.00000,25.37287,0.04125,0.03656,0.07148
Rb2WFeSe3F3,1.59047,-1.95523,22.08238,30.00000,24.45770,0.04125,0.03629,0.05471
Rb2GeVSe3I3,1.17425,-1.12271,21.02640,30.00000,24.52218,0.04126,0.03602,0.24258
Rb2SnBiS3I3,1.69017,-1.02586,16.17094,30.00000,23.30918,0.04126,0.03578,0.05534
Rb2ZrSbSe3Cl3,1.60635,-1.71055,21.42394,30.00000,24.31867,0.04126,0.03623,0.05483
Rb2WGaSe3F3,1.56899,-2.01001,22.79595,30.00000,24.60708,0.04126,0.03636,0.05456
K2FeSbSe3Cl3,1.01016,-1.25400,0.28326,30.00000,20.54322,0.04127,0.03345,0.47803
Rb2SbAgI6,1.09835,-0.96763,14.98742,30.00000,23.38173,0.04128,0.03534,0.49581
Rb2SbAgO3Se3,1.50514,-1.23421,24.79114,30.00000,25.03021,0.04128,0.03648,0.05501
K2NbFeO3F3,1.88869,-2.78508,0.15378,30.00000,20.20552,0.04128,0.03434,0.05887
Rb2GeMnF3I3,1.45411,-2.03580,25.87991,30.00000,25.22048,0.04128,0.03660,0.05639
Rb2VSbO3Se3,1.51995,-1.55309,24.79173,30.00000,24.95269,0.04129,0.03654,0.05509
Rb2ZrCrSe3I3,1.12187,-1.33626,16.94640,30.00000,23.71944,0.04129,0.03553,0.45917
Na2GeMoO6,1.76149,-2.09818,11.11995,30.00000,22.29465,0.04129,0.03534,0.05667
Rb2VZnS3Br3,1.25816,-1.41754,24.77088,30.00000,25.12400,0.04130,0.03640,0.10458
Rb2MnSbS3I3,1.14077,-1.04260,19.07100,30.00000,24.12767,0.04131,0.03577,0.36875
Rb2VCuS3Br3,1.25609,-1.33358,24.85406,30.00000,25.12130,0.04131,0.03640,0.10447
Rb2MoSbO3Br3,1.56755,-1.55706,22.95623,30.00000,24.58332,0.04131,0.03638,0.05462
Rb2SnFeO3Se3,1.52919,-1.33429,24.65180,30.00000,24.89476,0.04131,0.03654,0.05471
Rb2VZnO3I3,1.60106,-1.64797,21.90939,30.00000,24.36174,0.04133,0.03630,0.05463
Rb2SnGaSe3F3,1.51818,-2.01323,25.04385,30.00000,24.95965,0.04133,0.03655,0.05498
Rb2VMnS3Br3,1.25584,-1.50368,25.19282,30.00000,25.13437,0.04134,0.03641,0.10903
Rb2WGaS3I3,1.66897,-1.12735,18.34850,30.00000,23.61183,0.04134,0.03601,0.05559
K2WFeO3I3,1.88458,-1.50007,0.43469,30.00000,20.23659,0.04134,0.03444,0.05849
Na2GeZnS3Se3,1.81724,-0.93701,6.77171,30.00000,21.38116,0.04135,0.03500,0.05763
Rb2NbMnO3I3,1.61346,-2.03941,21.00993,30.00000,24.14889,0.04136,0.03622,0.05495
Rb2GeInSe3Br3,1.55774,-1.24196,23.59167,30.00000,24.65397,0.04136,0.03645,0.05481
Na2MnInO3F3,1.86272,-2.41803,2.49893,30.00000,20.58557,0.04138,0.03457,0.05855
Rb2VMnSe3Cl3,1.25204,-1.55964,25.04256,30.00000,25.06138,0.04138,0.03646,0.11063
Rb2ZrInO3I3,1.63257,-2.03440,20.45416,30.00000,24.03028,0.04138,0.03621,0.05500
K2VTaO3S3,1.88347,-2.12523,0.81578,30.00000,20.22741,0.04138,0.03448,0.05906
Rb2SnCuS3Se3,1.18913,-0.92904,22.66228,30.00000,24.64723,0.04139,0.03617,0.21046
Rb2SbAgBr3I3,1.10644,-1.20803,16.80701,30.00000,23.57247,0.04139,0.03553,0.48705
Na2GeZnO3Se3,1.81293,-1.32816,7.45615,30.00000,21.45502,0.04139,0.03505,0.05748
Rb2SnVS3Br3,1.19155,-1.38263,22.86939,30.00000,24.71042,0.04140,0.03623,0.19573
Rb2GeFeF3I3,1.27644,-1.95514,25.84696,30.00000,25.20997,0.04140,0.03656,0.09539
Rb2CrMoSe3I3,1.10811,-1.09860,16.90882,30.00000,23.60169,0.04141,0.03553,0.48359
Rb2MoFeSe3F3,1.52402,-2.03554,25.24875,30.00000,24.91135,0.04142,0.03658,0.05511
Rb2CuZnI6,1.09237,-1.11314,15.01466,30.00000,23.22312,0.04142,0.03535,0.49791
Rb2MoBiO3Br3,1.64235,-1.51005,20.35450,30.00000,23.91658,0.04143,0.03619,0.05521
Rb2VCuSe3F3,1.45500,-1.98220,26.81623,30.00000,25.19018,0.04143,0.03674,0.05654
K2SbCuSe3Cl3,1.00734,-1.17248,0.29153,30.00000,20.38027,0.04146,0.03350,0.47981
Na2GeMoSe6,1.03144,-0.90157,5.32057,30.00000,21.35619,0.04147,0.03416,0.49164
K2TiCrSe6,1.01042,-1.33025,0.34518,30.00000,20.31738,0.04147,0.03347,0.48021
Rb2GeZnF3I3,1.52092,-2.03065,25.51812,30.00000,24.89453,0.04148,0.03666,0.05495
Rb2WBiO3Br3,1.68651,-1.49758,18.23992,30.00000,23.42551,0.04149,0.03604,0.05587
Na2WBiO3F3,1.89558,-2.29164,0.23099,30.00000,20.02617,0.04149,0.03446,0.05904
Rb2TaFeO3I3,1.67031,-1.88017,19.12465,30.00000,23.61095,0.04149,0.03610,0.05557
K2NbZnO3Cl3,1.89580,-2.07134,0.13364,30.00000,20.04018,0.04150,0.03448,0.05953
Na2MoFeO3F3,1.89556,-2.42486,0.21722,30.00000,20.00186,0.04150,0.03450,0.05968
Rb2MnGaS3Br3,1.24861,-1.31229,25.70518,30.00000,25.02952,0.04151,0.03654,0.11212
Rb2GeNbSe3Cl3,1.37133,-1.49153,27.85552,30.00000,25.34925,0.04151,0.03676,0.06393
K2TiWO3S3,1.89342,-2.02487,0.15340,30.00000,20.03789,0.04152,0.03443,0.05916
Rb2GeTaSe3F3,1.49513,-2.23550,26.76391,30.00000,25.06385,0.04152,0.03675,0.05544
K2SnFeS3Se3,1.01121,-0.94452,0.26415,30.00000,20.29574,0.04153,0.03348,0.47930
Rb2SnInO3Br3,1.59613,-1.59186,23.46426,30.00000,24.42801,0.04154,0.03649,0.05499
K2GeFeO3F3,1.78322,-2.28202,10.90472,30.00000,21.93374,0.04154,0.03537,0.05749
Na2SnFeO3S3,1.90039,-1.59748,0.11694,30.00000,19.99531,0.04155,0.03445,0.05947
Rb2SnInO3I3,1.66934,-1.44142,19.79994,30.00000,23.68351,0.04155,0.03617,0.05563
Rb2GeCrS3I3,1.21262,-1.11900,24.67485,30.00000,24.85798,0.04155,0.03646,0.15649
Rb2FeCuF3I3,1.15577,-1.90729,21.52534,30.00000,24.30990,0.04156,0.03612,0.29633
Rb2TiFeS3I3,1.14926,-1.33911,20.85218,30.00000,24.20127,0.04156,0.03601,0.33485
Rb2MnBiO3Cl3,1.51328,-1.73808,26.25906,30.00000,24.94406,0.04157,0.03673,0.05544
Rb2SnVSe3F3,1.56839,-2.16964,24.52947,30.00000,24.58692,0.04158,0.03661,0.05530
Na2SnBiO3Cl3,1.89544,-1.63995,0.20618,30.00000,19.98590,0.04158,0.03450,0.05942
K2SnZnO3S3,1.89837,-1.71300,0.12783,30.00000,19.93758,0.04159,0.03447,0.05981
Rb2GeNbS3Br3,1.29914,-1.38705,28.02312,30.00000,25.32682,0.04160,0.03682,0.08090
K2TaSbO6,1.88880,-2.58020,0.83525,30.00000,20.11477,0.04160,0.03454,0.05942
Rb2ZrMoS6,1.38965,-1.52978,28.14271,30.00000,25.34979,0.04160,0.03687,0.06067
Rb2GeTaS3Br3,1.55776,-1.42821,25.16356,30.00000,24.69674,0.04160,0.03667,0.05516
Rb2GeMoS3Se3,1.39624,-1.02930,28.19147,30.00000,25.33263,0.04160,0.03686,0.06038
Rb2MnGaO3Br3,1.45454,-1.68584,27.81980,30.00000,25.26474,0.04160,0.03682,0.05673
K2NbZnO3F3,1.89609,-2.70620,0.15434,30.00000,19.93935,0.04161,0.03445,0.05931
Li2MoWO6,1.89997,-2.23041,0.30145,30.00000,19.92367,0.04163,0.03453,0.05965
Rb2VZnSe3I3,1.10418,-1.21442,17.45151,30.00000,23.48207,0.04163,0.03565,0.50022
Rb2SnSbSe3Cl3,1.65526,-1.18394,20.66632,30.00000,23.78797,0.04163,0.03630,0.05572
Rb2SnCrSe3I3,1.09798,-1.09004,16.47867,30.00000,23.33876,0.04163,0.03556,0.49941
Rb2CrMoSe3Br3,1.12636,-1.29173,19.58487,30.00000,23.86453,0.04164,0.03589,0.42906
Rb2SnGaO3Br3,1.55932,-1.62491,25.13185,30.00000,24.64617,0.04164,0.03669,0.05528
Na2FeMnSe6,1.00750,-0.95544,0.33511,30.00000,20.24550,0.04165,0.03347,0.48109
Rb2ZrWS6,1.59008,-1.50678,24.24998,30.00000,24.43943,0.04165,0.03659,0.05530
Rb2GeTaS3I3,1.63871,-1.24852,21.51090,30.00000,23.90477,0.04166,0.03638,0.05558
K2MoGaO3Br3,1.88965,-1.70837,1.69210,30.00000,20.15930,0.04166,0.03464,0.05956
Rb2TiFeSe3I3,1.10355,-1.30483,17.67525,30.00000,23.48899,0.04166,0.03571,0.50308
Na2VZnO3F3,1.90750,-2.44923,0.09930,30.00000,19.83198,0.04168,0.03446,0.05981
Rb2TaSbS6,1.60745,-1.14031,23.72197,30.00000,24.34445,0.04169,0.03657,0.05523
Rb2GeVS3I3,1.20035,-1.17793,24.73265,30.00000,24.75295,0.04169,0.03647,0.19053
Rb2ZrFeO3I3,1.65807,-1.99267,21.00070,30.00000,23.71160,0.04169,0.03639,0.05601
Na2CuZnI6,0.99996,-0.94578,0.57377,30.00000,20.17713,0.04169,0.03355,0.48153
Rb2CrWO3I3,1.68839,-1.57545,18.81395,30.00000,23.36046,0.04170,0.03613,0.05638
Rb2MoGaSe3F3,1.54370,-1.99384,25.99211,30.00000,24.77723,0.04170,0.03677,0.05557
Li2GeMoO6,1.77245,-2.19521,12.40440,30.00000,22.13001,0.04172,0.03558,0.05757
Rb2NbSbO3Se3,1.61898,-1.68886,23.26765,30.00000,24.17338,0.04172,0.03657,0.05573
Rb2GeMnCl3I3,1.18122,-1.41209,24.25310,30.00000,24.61464,0.04172,0.03643,0.22060
Rb2MnBiO6,1.36242,-1.89090,29.14504,30.00000,25.38356,0.04173,0.03697,0.06576
Rb2VZnSe3Cl3,1.19444,-1.49495,24.62802,30.00000,24.65050,0.04174,0.03649,0.19682
Rb2GeCrSe3I3,1.13209,-1.08970,20.98179,30.00000,24.00922,0.04174,0.03613,0.37290
K2GeMnI6,1.02140,-1.10824,4.05852,30.00000,20.81828,0.04175,0.03397,0.49156
K2SnFeSe3Cl3,1.00004,-1.26065,0.25131,30.00000,20.14593,0.04175,0.03345,0.48032
Rb2SnGaO3I3,1.66558,-1.43278,20.95949,30.00000,23.75850,0.04175,0.03636,0.05609
Rb2CrAgS3I3,1.13672,-1.09294,21.17787,30.00000,24.06430,0.04177,0.03612,0.37051
Rb2VSbS6,1.32555,-1.09395,28.89483,30.00000,25.28389,0.04178,0.03696,0.07529
Rb2MnGaSe3Cl3,1.21041,-1.46380,25.55346,30.00000,24.78446,0.04178,0.03662,0.17553
Rb2NbCuSe3Cl3,1.15871,-1.40854,23.19119,30.00000,24.35508,0.04179,0.03636,0.27965
Rb2MnBiO3S3,1.55297,-1.70526,26.72855,30.00000,24.79909,0.04180,0.03686,0.05527
Rb2CrAgO3Br3,1.53417,-1.58675,27.23421,30.00000,24.87493,0.04180,0.03691,0.05533
K2TiBiO3I3,1.90607,-1.84508,0.45421,30.00000,19.83314,0.04181,0.03453,0.05972
Rb2SnCuO3Se3,1.18405,-1.31304,24.36556,30.00000,24.58443,0.04181,0.03648,0.23746
K2SbCuS3Br3,0.99876,-1.13258,0.14237,30.00000,20.03040,0.04182,0.03348,0.47981
Rb2ZrGaSe3Cl3,1.60931,-1.80059,24.20622,30.00000,24.22242,0.04185,0.03663,0.05571
Na2MoBiO3F3,1.91171,-2.25846,0.30039,30.00000,19.74265,0.04185,0.03458,0.06009
Rb2VCuO3Br3,1.54882,-1.74860,26.93465,30.00000,24.77646,0.04185,0.03688,0.05542
Rb2NbTaS6,1.60338,-1.43895,24.77317,30.00000,24.35113,0.04186,0.03670,0.05587
Rb2GeCrS3Se3,1.40567,-1.07137,30.06756,30.00000,25.34296,0.04187,0.03714,0.05976
Na2SbAgI6,1.00479,-0.86636,1.94514,30.00000,20.30291,0.04187,0.03374,0.48658
Rb2ZrWO3Se3,1.66693,-2.08889,21.30931,30.00000,23.64908,0.04187,0.03643,0.05629
Rb2GeTaO3Br3,1.54782,-1.97756,26.85875,30.00000,24.76869,0.04188,0.03690,0.05555
Rb2SnInS3I3,1.70408,-1.08176,18.72337,30.00000,23.11899,0.04189,0.03617,0.05678
K2GeZnS3Se3,1.85389,-0.97723,6.38848,30.00000,20.82850,0.04191,0.03513,0.05893
Rb2GeNbSe3Br3,1.15161,-1.35071,23.29609,30.00000,24.28602,0.04191,0.03638,0.32571
Rb2TaFeO3Br3,1.64564,-1.98768,22.63486,30.00000,23.86238,0.04191,0.03654,0.05614
Rb2ZrGaS3Br3,1.61600,-1.66007,24.33491,30.00000,24.16874,0.04192,0.03673,0.05565
Rb2TiGaS3Br3,1.58679,-1.64325,25.99989,30.00000,24.45799,0.04192,0.03685,0.05568
Rb2NbCuS3Br3,1.15512,-1.34651,23.30953,30.00000,24.28973,0.04192,0.03641,0.30377
Rb2GeCrO3I3,1.57552,-1.46371,26.30931,30.00000,24.52054,0.04192,0.03684,0.05565
Rb2SnWS3Se3,1.70306,-1.03875,19.33774,30.00000,23.20532,0.04194,0.03629,0.05691
Rb2SnZnO3Se3,1.61837,-1.33040,24.28597,30.00000,24.16889,0.04194,0.03670,0.05576
Rb2SbCuO3I3,1.11164,-1.24388,20.03405,30.00000,23.68366,0.04194,0.03604,0.48555
Rb2MoMnS6,1.43728,-1.24955,30.09427,30.00000,25.30285,0.04194,0.03714,0.05811
Rb2TiBiS3I3,1.72914,-1.34686,17.40125,30.00000,22.82566,0.04195,0.03610,0.05733
Rb2SnCrO3I3,1.68376,-1.47997,20.38347,30.00000,23.38547,0.04195,0.03640,0.05660
Rb2GeTaSe3Cl3,1.61143,-1.53154,25.04249,30.00000,24.23628,0.04197,0.03677,0.05599
K2SnFeCl3I3,1.00140,-1.30132,0.41731,30.00000,19.95773,0.04197,0.03355,0.48124
Rb2VFeSe3Cl3,1.16946,-1.53873,25.00467,30.00000,24.50363,0.04198,0.03656,0.24756
Rb2TiFeO3I3,1.66424,-1.95593,22.27332,30.00000,23.72257,0.04199,0.03659,0.05636
Na2MoAgSe3I3,1.00766,-0.90435,2.15121,30.00000,20.20838,0.04199,0.03376,0.48671
Rb2GeSbSe3F3,1.53565,-1.89087,28.74516,30.00000,24.87524,0.04200,0.03710,0.05567
Rb2TiWS6,1.59999,-1.51474,25.99104,30.00000,24.38092,0.04200,0.03690,0.05595
Na2CrAgSe3I3,1.00506,-0.93713,2.19382,30.00000,20.22359,0.04201,0.03374,0.48739
Rb2MoFeSe3I3,1.08350,-1.05153,16.83558,30.00000,23.03036,0.04201,0.03564,0.51483
Rb2SnCuO3S3,1.39330,-1.65631,31.05829,30.00000,25.37802,0.04201,0.03727,0.06167
Rb2GeCrSe3Br3,1.16318,-1.24608,24.48233,30.00000,24.40676,0.04201,0.03652,0.28558
Na2MoWO6,1.91825,-2.08784,0.27675,30.00000,19.56844,0.04202,0.03469,0.06075
Rb2GeVO3I3,1.58269,-1.77587,26.37334,30.00000,24.48075,0.04202,0.03686,0.05593
Rb2MoFeO3I3,1.68437,-1.50602,20.92842,30.00000,23.40800,0.04203,0.03647,0.05673
Na2GeFeO3F3,1.79130,-2.28148,12.13449,30.00000,21.71462,0.04204,0.03566,0.05845
Rb2SnMnS3Se3,1.14214,-1.07572,22.94073,30.00000,24.06409,0.04205,0.03634,0.36782
Rb2ZrCrSe6,1.10394,-1.35840,19.83820,30.00000,23.50120,0.04205,0.03600,0.51215
Rb2GeCuS3Se3,1.26127,-0.87733,29.53044,30.00000,25.16633,0.04206,0.03706,0.10579
Na2SnSbO3F3,1.92063,-2.29421,0.23934,30.00000,19.54164,0.04206,0.03467,0.06094
Rb2GeCrSe6,1.16310,-1.04641,24.69790,30.00000,24.41331,0.04206,0.03656,0.29796
Rb2MnGaO3Se3,1.54430,-1.57244,28.12178,30.00000,24.78771,0.04206,0.03705,0.05590
Rb2VFeO3Br3,1.56978,-1.91023,27.28875,30.00000,24.57829,0.04206,0.03703,0.05574
K2WSbO3F3,1.91677,-2.31639,0.24061,30.00000,19.56525,0.04207,0.03466,0.06089
Na2VTaO3S3,1.91268,-2.07426,0.85993,30.00000,19.69270,0.04208,0.03468,0.06108
Rb2SnGeS3Se3,1.57869,-0.91649,27.22862,30.00000,24.56744,0.04208,0.03701,0.05577
Rb2TiMoS6,1.31319,-1.51797,30.51834,30.00000,25.29573,0.04208,0.03721,0.07853
Rb2VTaS6,1.59456,-1.45519,26.48866,30.00000,24.41905,0.04208,0.03698,0.05613
Rb2VNbS6,1.30272,-1.46498,30.50978,30.00000,25.25966,0.04209,0.03720,0.08297
Rb2GeSbS3Br3,1.58503,-1.05510,26.89098,30.00000,24.47828,0.04209,0.03701,0.05586
Rb2GeBiO3I3,1.67737,-1.30021,21.69919,30.00000,23.52063,0.04209,0.03649,0.05677
Rb2TiCrS3Se3,1.17342,-1.36808,25.69479,30.00000,24.47899,0.04210,0.03665,0.24510
Na2SnMoO6,1.91923,-2.10307,0.28166,30.00000,19.53638,0.04211,0.03468,0.06086
Rb2ZrGaO3I3,1.68058,-2.05477,21.69440,30.00000,23.45363,0.04211,0.03657,0.05684
Rb2MnCuI6,1.06433,-1.08717,15.16347,30.00000,22.57648,0.04212,0.03543,0.52007
Na2SbCuO3Br3,0.99945,-1.34692,0.13921,30.00000,19.78328,0.04212,0.03351,0.48211
Rb2VMnO3I3,1.67385,-1.97864,22.23336,30.00000,23.54461,0.04213,0.03657,0.05682
Rb2SnTaO3Br3,1.69475,-2.06326,20.80536,30.00000,23.28762,0.04213,0.03646,0.05692
K2VNbO3S3,1.92331,-2.09948,0.21268,30.00000,19.54845,0.04214,0.03461,0.06141
Na2MoMnO6,1.92277,-2.01783,0.22414,30.00000,19.49459,0.04214,0.03464,0.06070
Rb2CrMnO3I3,1.67734,-1.65941,22.17390,30.00000,23.51166,0.04215,0.03660,0.05673
Rb2SnCuF3I3,1.10296,-1.91078,19.85943,30.00000,23.39558,0.04215,0.03600,0.50949
Na2WInO3Cl3,1.90891,-1.73595,1.70761,30.00000,19.76259,0.04215,0.03480,0.06067
Rb2SnZnI6,1.05856,-1.13217,14.29827,30.00000,22.41060,0.04215,0.03532,0.51772
Rb2MnSbSe3I3,1.07016,-1.01881,16.39391,30.00000,22.78052,0.04216,0.03559,0.52089
Rb2GeMnBr6,1.15156,-1.46261,24.17274,30.00000,24.19139,0.04216,0.03652,0.31969
Rb2MnSbO3Cl3,1.46448,-1.81564,30.79036,30.00000,25.17957,0.04216,0.03732,0.05748
Rb2TiInO3I3,1.68830,-2.03495,21.59724,30.00000,23.37446,0.04217,0.03660,0.05709
K2WFeO3F3,1.92992,-2.53913,0.14680,30.00000,19.45430,0.04218,0.03471,0.06123
Rb2TiGaSe3Br3,1.69277,-1.61187,21.34859,30.00000,23.32019,0.04220,0.03654,0.05717
Rb2GeVSe3Br3,1.15055,-1.35523,24.53989,30.00000,24.20042,0.04220,0.03655,0.35394
Rb2CrMoO3Se3,1.61592,-1.62817,25.79068,30.00000,24.18360,0.04221,0.03690,0.05614
K2GeWS6,1.86132,-1.08134,6.56569,30.00000,20.55953,0.04224,0.03521,0.05987
Rb2CrWO3Se3,1.67941,-1.65408,22.49662,30.00000,23.47455,0.04224,0.03663,0.05726
Rb2WFeO3Br3,1.68522,-1.60744,22.13777,30.00000,23.40685,0.04224,0.03662,0.05679
Rb2VFeSe3F3,1.59210,-2.17927,27.16492,30.00000,24.38515,0.04225,0.03703,0.05616
Rb2GeTaO3I3,1.67475,-1.89119,22.71962,30.00000,23.52259,0.04225,0.03664,0.05700
Na2GeCrO3Cl3,1.82400,-1.68064,10.44516,30.00000,21.23838,0.04226,0.03556,0.05920
Rb2GeFeO3Br3,1.34121,-1.56000,32.01354,30.00000,25.33511,0.04227,0.03741,0.07187
Rb2GeNbSe3F3,1.52591,-2.19054,30.03766,30.00000,24.85716,0.04228,0.03731,0.05638
Rb2GeMnO3Se3,1.43394,-1.46797,32.38555,30.00000,25.29171,0.04228,0.03748,0.05843
Na2GeFeCl3I3,1.01497,-1.19786,5.52351,30.00000,20.55167,0.04229,0.03424,0.49790
Rb2MoWS6,1.65541,-1.19681,24.14170,30.00000,23.77941,0.04230,0.03676,0.05678
K2VSbO3S3,1.93145,-1.69232,0.23426,30.00000,19.37481,0.04230,0.03478,0.06149
Rb2GeBiS3I3,1.71194,-0.99757,20.57984,30.00000,23.03234,0.04231,0.03647,0.05753
Rb2MoSbSe3I3,1.06132,-0.96768,15.78792,30.00000,22.49957,0.04233,0.03552,0.52325
Rb2GeWS3Se3,1.64499,-1.03889,24.91810,30.00000,23.84646,0.04234,0.03689,0.05689
Rb2CrMnO3Se3,1.59904,-1.65043,27.55888,30.00000,24.31400,0.04236,0.03711,0.05651
Rb2ZrCrO3Se3,1.63448,-2.08541,25.91905,30.00000,24.00576,0.04236,0.03701,0.05655
K2MoSbO3F3,1.93214,-2.31604,0.32164,30.00000,19.37391,0.04236,0.03476,0.06169
Rb2GeSbO3I3,1.66613,-1.28435,24.06297,30.00000,23.64587,0.04238,0.03683,0.05692
Li2GeVO3F3,1.79340,-2.34476,14.08156,30.00000,21.80272,0.04238,0.03593,0.05896
Rb2NbSbS6,1.61824,-1.08961,26.82896,30.00000,24.16779,0.04239,0.03705,0.05658
Rb2ZrGaSe3F3,1.63374,-2.29503,26.11652,30.00000,24.03527,0.04239,0.03702,0.05691
Rb2MoFeO3Br3,1.64937,-1.65433,25.34411,30.00000,23.85246,0.04243,0.03697,0.05703
Rb2SnTaO3I3,1.75381,-1.94237,17.82738,30.00000,22.36294,0.04244,0.03627,0.05843
Rb2NbCuSe3I3,1.06448,-1.17236,16.73638,30.00000,22.56795,0.04244,0.03567,0.52449
Rb2MnCuBr3I3,1.06361,-1.28223,17.23262,30.00000,22.61869,0.04245,0.03574,0.52674
Rb2TiFeO3Br3,1.61787,-2.06579,27.40368,30.00000,24.23805,0.04245,0.03716,0.05649
Rb2SnGaSe3Cl3,1.68261,-1.32707,23.28365,30.00000,23.40140,0.04246,0.03683,0.05750
Rb2MnGaS6,1.43413,-1.17703,33.25997,30.00000,25.30662,0.04246,0.03761,0.05948
Rb2SnBiO3I3,1.76372,-1.32629,17.00553,30.00000,22.27773,0.04246,0.03623,0.05859
Na2GeCrO6,1.80970,-2.15830,12.72981,30.00000,21.50309,0.04246,0.03588,0.05944
Rb2FeMnO3Se3,1.62028,-1.50126,27.36499,30.00000,24.12759,0.04251,0.03714,0.05682
Rb2WMnS6,1.65595,-1.23567,25.68204,30.00000,23.79437,0.04251,0.03705,0.05710
Li2WGaO3F3,1.91783,-2.39652,2.34735,30.00000,19.58197,0.04252,0.03494,0.06146
Rb2VFeS3Br3,1.13698,-1.40133,25.15425,30.00000,24.03222,0.04253,0.03668,0.41416
Rb2WGaS3Br3,1.71334,-1.32590,21.41488,30.00000,23.00030,0.04253,0.03664,0.05794
Rb2GeFeSe3F3,1.26168,-1.91485,31.84514,30.00000,25.11624,0.04254,0.03742,0.10629
Rb2GeMnS3Se3,1.21155,-1.02623,29.92280,30.00000,24.79439,0.04255,0.03723,0.16988
Rb2TiGaSe3F3,1.62304,-2.31005,28.03429,30.00000,24.17822,0.04256,0.03726,0.05684
Rb2VZnO3Br3,1.64283,-1.74014,26.83774,30.00000,23.88357,0.04260,0.03716,0.05714
Rb2SnCrO3Br3,1.67843,-1.66467,24.54430,30.00000,23.47759,0.04260,0.03695,0.05758
Li2GeWO6,1.85708,-2.17144,9.39729,30.00000,20.75147,0.04260,0.03562,0.06061
Na2GeNbO3Cl3,1.85161,-1.92321,9.37860,30.00000,20.73431,0.04261,0.03564,0.06023
K2GeFeSe3Cl3,1.00995,-1.28109,6.36946,30.00000,20.43979,0.04263,0.03436,0.50341
Li2WGaO3Cl3,1.92680,-1.82444,2.07152,30.00000,19.43844,0.04264,0.03499,0.06190
K2TaMnO3F3,1.93704,-2.96093,0.82220,30.00000,19.21573,0.04264,0.03489,0.06239
Rb2CrMoO3Br3,1.66592,-1.66788,25.51116,30.00000,23.61864,0.04265,0.03704,0.05756
Rb2ZrBiS3I3,1.78468,-1.35557,16.62171,30.00000,21.98455,0.04266,0.03625,0.05968
Na2CrMoO6,1.94439,-2.08325,0.23665,30.00000,19.08759,0.04267,0.03485,0.06267
Rb2NbFeO3Br3,1.67572,-2.01602,25.43386,30.00000,23.59766,0.04268,0.03699,0.05762
Rb2GeVSe3F3,1.54401,-2.12734,32.14852,30.00000,24.81707,0.04271,0.03764,0.05685
K2MnGaO3F3,1.92501,-2.42718,2.69633,30.00000,19.48738,0.04271,0.03508,0.06196
Rb2WGaSe3Cl3,1.73002,-1.41869,21.32961,30.00000,22.79966,0.04272,0.03668,0.05853
Na2ZrWO6,1.94496,-2.77892,0.17262,30.00000,19.05525,0.04273,0.03484,0.06256
K2FeSbS3I3,0.99108,-0.92182,0.45530,30.00000,19.25878,0.04273,0.03360,0.48517
Rb2WInO3I3,1.76748,-1.54439,18.38249,30.00000,22.20181,0.04274,0.03648,0.05921
K2CrWO6,1.94974,-2.20930,0.15834,30.00000,19.06481,0.04274,0.03483,0.06269
Rb2SnMoO3Se3,1.70828,-1.51878,23.27189,30.00000,23.13159,0.04274,0.03687,0.05828
Rb2ZrInO3Br3,1.69417,-2.13938,24.40879,30.00000,23.26299,0.04275,0.03700,0.05802
K2CrAgSe3I3,0.99055,-0.99684,2.12016,30.00000,19.58248,0.04276,0.03381,0.49236
Rb2GeVO3Br3,1.53935,-1.88621,32.32155,30.00000,24.79975,0.04277,0.03767,0.05714
Rb2MnInO3Cl3,1.53984,-1.89657,32.72218,30.00000,24.84203,0.04279,0.03771,0.05684
Rb2SnMoS6,1.65675,-1.07948,26.83399,30.00000,23.72238,0.04282,0.03724,0.05745
Rb2GeVSe3Cl3,1.16955,-1.50275,29.65941,30.00000,24.45758,0.04283,0.03726,0.26999
Rb2TiGaSe3Cl3,1.67817,-1.77508,25.84305,30.00000,23.49109,0.04286,0.03714,0.05821
Rb2GeSbSe3Cl3,1.66876,-1.12003,26.74192,30.00000,23.64256,0.04286,0.03721,0.05781
Rb2SnSbO3Br3,1.72647,-1.53164,22.16907,30.00000,22.82210,0.04288,0.03681,0.05856
Rb2MnSbO6,1.48920,-1.99953,34.83985,30.00000,25.08368,0.04289,0.03788,0.05813
Na2GeGaS3Br3,1.88047,-1.15554,8.05451,30.00000,20.30385,0.04289,0.03555,0.06146
Rb2CrWO3Br3,1.72777,-1.70018,22.26592,30.00000,22.81265,0.04289,0.03685,0.05890
Rb2ZrFeO3Br3,1.68943,-2.09054,25.46759,30.00000,23.36744,0.04290,0.03711,0.05815
Rb2GeFeO3Se3,1.56059,-1.39910,32.33388,30.00000,24.65294,0.04290,0.03770,0.05695
Rb2GeInO3Br3,1.61280,-1.60649,30.32681,30.00000,24.26417,0.04291,0.03754,0.05721
Rb2GeGaSe3Br3,1.69015,-1.24919,24.96504,30.00000,23.29880,0.04291,0.03708,0.05824
Rb2GeMoSe6,1.09474,-0.99809,23.43648,30.00000,23.33255,0.04291,0.03658,0.53396
Rb2SnMnO3S3,1.59010,-1.79022,31.59221,30.00000,24.44560,0.04293,0.03766,0.05725
Rb2SnCrO3Se3,1.69974,-1.50957,24.80929,30.00000,23.22863,0.04293,0.03706,0.05828
Rb2MnBiSe3I3,1.04334,-1.07988,15.05016,30.00000,21.79584,0.04294,0.03553,0.52548
Rb2MnSbO3S3,1.59400,-1.61345,31.43676,30.00000,24.42726,0.04296,0.03766,0.05741
Rb2SnVO3I3,1.75519,-1.82270,20.43554,30.00000,22.40584,0.04297,0.03671,0.05938
Rb2ZrMoO3Se3,1.71266,-2.11569,24.24008,30.00000,23.08321,0.04297,0.03706,0.05849
Na2SnCrSe6,0.98575,-0.99463,0.36192,30.00000,19.13213,0.04297,0.03361,0.48464
Rb2WMnO3Se3,1.73668,-1.59138,22.39706,30.00000,22.72060,0.04298,0.03683,0.05913
Rb2NbTaO3Se3,1.74139,-2.16971,21.76131,30.00000,22.60905,0.04299,0.03685,0.05911
Na2NbFeO3F3,1.96117,-2.67270,0.14479,30.00000,18.83964,0.04300,0.03500,0.06313
Na2SnWO3S3,1.96016,-1.64030,0.19190,30.00000,18.83922,0.04300,0.03499,0.06329
Rb2MnSbBr3I3,1.04669,-1.29471,16.24626,30.00000,21.90666,0.04300,0.03567,0.52771
Rb2NbTaO6,1.64179,-2.88472,29.16881,30.00000,23.97702,0.04301,0.03753,0.05783
Rb2SnFeO3Cl3,1.61560,-1.83536,30.88091,30.00000,24.26472,0.04302,0.03763,0.05777
Rb2GeCuO3Se3,1.18817,-1.36036,31.92543,30.00000,24.64608,0.04303,0.03753,0.22703
Rb2NbFeO3I3,1.75213,-1.90450,20.98337,30.00000,22.41969,0.04304,0.03675,0.05917
K2WBiO3Cl3,1.96135,-1.76572,0.21234,30.00000,18.75595,0.04305,0.03495,0.06383
K2FeMnCl3I3,0.98341,-1.36589,0.40519,30.00000,19.06528,0.04305,0.03364,0.48389
Rb2GeGaO3I3,1.68322,-1.40946,26.77952,30.00000,23.45815,0.04305,0.03727,0.05851
Rb2TiCrSe6,1.07223,-1.34005,20.97271,30.00000,22.70875,0.04308,0.03624,0.53928
Na2SnInO3Cl3,1.94647,-1.74863,1.92645,30.00000,19.02360,0.04310,0.03513,0.06342
Rb2FeMnO3S3,1.47908,-1.65364,36.17160,30.00000,25.17181,0.04310,0.03809,0.05857
Rb2GeCrO3Br3,1.59455,-1.64803,32.23128,30.00000,24.40545,0.04312,0.03781,0.05761
Rb2WFeO3I3,1.78584,-1.50559,18.72317,30.00000,21.93369,0.04313,0.03658,0.06040
Na2GeMnI6,0.99356,-1.01053,4.19018,30.00000,19.65127,0.04317,0.03412,0.49928
Rb2MoInO3Br3,1.72413,-1.69975,24.30364,30.00000,22.86617,0.04317,0.03711,0.05915
Rb2GeGaSe3F3,1.59709,-2.00204,32.46625,30.00000,24.37004,0.04318,0.03782,0.05770
K2ZrWO6,1.96797,-2.78937,0.17727,30.00000,18.66090,0.04318,0.03498,0.06394
Rb2ZrBiO3I3,1.80142,-1.88158,17.50594,30.00000,21.67951,0.04319,0.03655,0.06040
Rb2GeCrO3Se3,1.59901,-1.54548,32.55481,30.00000,24.38509,0.04319,0.03783,0.05776
Na2ZrBiO3Cl3,1.96909,-2.05595,0.18330,30.00000,18.67892,0.04321,0.03498,0.06392
Rb2FeSbO3Cl3,1.62861,-1.80655,30.73320,30.00000,24.04361,0.04322,0.03768,0.05797
Rb2FeMnO3Br3,1.69281,-1.73078,27.05941,30.00000,23.33335,0.04323,0.03738,0.05870
Rb2TiMoO3Se3,1.70501,-2.05042,25.96710,30.00000,23.12432,0.04323,0.03726,0.05893
Rb2GeNbO3I3,1.72424,-1.90276,24.95117,30.00000,22.92395,0.04324,0.03725,0.05918
K2CrMoO3F3,1.97367,-2.60322,0.23314,30.00000,18.63389,0.04324,0.03510,0.06401
Rb2GeVS3Cl3,1.42162,-1.48766,37.85467,30.00000,25.31672,0.04324,0.03826,0.06126
Rb2SnZnS3Se3,1.74722,-1.00477,22.59287,30.00000,22.52350,0.04324,0.03698,0.05954
Rb2TiWO3Se3,1.74639,-2.05018,22.63071,30.00000,22.54281,0.04324,0.03696,0.05971
Rb2SnGeO3Se3,1.65759,-1.37837,29.24804,30.00000,23.71364,0.04325,0.03755,0.05827
K2VFeO3F3,1.97218,-2.65257,0.11219,30.00000,18.63236,0.04326,0.03502,0.06431
Na2SnFeO3F3,1.97379,-2.28392,0.11722,30.00000,18.62249,0.04326,0.03502,0.06432
Rb2TiCrO3Se3,1.68366,-2.10723,27.91365,30.00000,23.43569,0.04328,0.03748,0.05895
Na2SnMoSe6,0.97872,-0.91214,0.42121,30.00000,18.81981,0.04329,0.03358,0.48625
Na2WBiO3Cl3,1.97319,-1.67271,0.21098,30.00000,18.55922,0.04330,0.03506,0.06452
Rb2TaMnO3Cl3,1.68804,-2.20321,28.03833,30.00000,23.39219,0.04330,0.03746,0.05891
K2MoFeO3F3,1.97062,-2.39272,0.21916,30.00000,18.65852,0.04331,0.03504,0.06363
Rb2FeMnSe3Br3,1.05554,-1.30137,20.45712,30.00000,22.38033,0.04332,0.03626,0.54456
Rb2MoInO3I3,1.77580,-1.55106,20.39032,30.00000,22.02448,0.04332,0.03682,0.06035
Rb2NbCuO3Cl3,1.61364,-2.11187,32.06715,30.00000,24.17879,0.04333,0.03783,0.05796
Rb2ZrCrO3S3,1.58511,-2.08299,33.65861,30.00000,24.45367,0.04333,0.03795,0.05769
Rb2SnGaS3Br3,1.74260,-1.24935,23.39752,30.00000,22.59588,0.04336,0.03708,0.05980
Rb2VMnO3Br3,1.69897,-2.03851,27.33404,30.00000,23.24006,0.04336,0.03744,0.05882
Na2GeGaSe3Cl3,1.89795,-1.23946,8.11563,30.00000,19.86045,0.04338,0.03576,0.06249
Rb2ZrBiO3Br3,1.78433,-2.07324,20.42205,30.00000,22.01088,0.04339,0.03681,0.06046
Rb2SnBiO3Br3,1.78801,-1.48236,19.72998,30.00000,21.85456,0.04340,0.03675,0.06032
Rb2VCuO3Cl3,1.57185,-2.07173,35.08498,30.00000,24.61302,0.04342,0.03813,0.05804
Rb2TiCrO3S3,1.50670,-2.10060,37.13799,30.00000,24.98542,0.04343,0.03830,0.05836
Rb2GeVS3Br3,1.13007,-1.39266,29.85915,30.00000,23.95914,0.04344,0.03737,0.45190
K2SnFeO3S3,1.97433,-1.62604,0.12672,30.00000,18.55417,0.04344,0.03511,0.06424
Rb2TiCrO3I3,1.76343,-2.06950,22.40128,30.00000,22.28661,0.04344,0.03700,0.06030
K2WGaO3Cl3,1.96113,-1.82426,1.81166,30.00000,18.79915,0.04346,0.03523,0.06405
Rb2GeSbO3Br3,1.68536,-1.49441,28.86729,30.00000,23.42308,0.04348,0.03763,0.05895
Rb2VCuO3F3,1.37556,-2.63385,39.52229,30.00000,25.38595,0.04348,0.03846,0.06686
Rb2MnGaO3Cl3,1.55982,-1.90240,36.04818,30.00000,24.70107,0.04348,0.03826,0.05780
Rb2FeMnS3Se3,1.08437,-1.08662,25.22856,30.00000,23.11064,0.04349,0.03685,0.54473
Li2GeGaSe3Cl3,1.90136,-1.21016,8.63864,30.00000,19.89487,0.04349,0.03580,0.06275
K2SnTaO3Cl3,1.97714,-2.07211,0.71194,30.00000,18.53735,0.04349,0.03518,0.06475
Rb2VSbSe6,1.04808,-1.02850,19.19070,30.00000,22.00968,0.04349,0.03608,0.54448
Rb2TiInO3Br3,1.72694,-2.12499,26.08724,30.00000,22.88834,0.04353,0.03738,0.05989
Rb2ZrCrO3I3,1.78390,-2.05197,21.11460,30.00000,21.93329,0.04355,0.03690,0.06086
Rb2MoGaO3I3,1.77314,-1.57492,21.61916,30.00000,22.07474,0.04355,0.03699,0.06070
Na2TiCrSe6,0.97914,-1.28155,0.35078,30.00000,18.68485,0.04356,0.03363,0.48756
Na2TiMoSe6,0.97554,-1.17652,0.41714,30.00000,18.62325,0.04356,0.03364,0.48645
Rb2AgGaI6,1.03039,-1.11445,16.37797,30.00000,21.43352,0.04356,0.03571,0.53980
Na2GeCuCl3I3,0.99356,-1.11156,5.47071,30.00000,19.52731,0.04357,0.03431,0.50630
Rb2GeInS3I3,1.75849,-1.01163,23.77005,30.00000,22.42067,0.04357,0.03718,0.06059
Na2SnVO3Cl3,1.98562,-1.89736,0.16227,30.00000,18.42752,0.04357,0.03524,0.06493
Rb2WGaO3I3,1.80118,-1.60623,19.37861,30.00000,21.61837,0.04358,0.03680,0.06116
Rb2SbAgO3S3,1.66609,-1.52369,31.01177,30.00000,23.66108,0.04360,0.03784,0.05883
K2SnBiO3Cl3,1.98196,-1.69859,0.20798,30.00000,18.39333,0.04360,0.03515,0.06497
K2GeCrO3Cl3,1.89879,-1.72399,9.52446,30.00000,19.95765,0.04360,0.03593,0.06329
Rb2GeInO3I3,1.73690,-1.39086,25.21866,30.00000,22.65039,0.04360,0.03728,0.05988
Rb2NbMnO3Br3,1.74112,-2.10042,25.47324,30.00000,22.66782,0.04362,0.03735,0.06038
Rb2FeMnO3Cl3,1.58882,-1.78594,35.31713,30.00000,24.47128,0.04362,0.03819,0.05839
Rb2GeGaO3Br3,1.63562,-1.61256,32.63714,30.00000,23.99454,0.04362,0.03795,0.05870
Rb2ZrCrO3Cl3,1.63553,-2.20878,32.91781,30.00000,23.97159,0.04365,0.03800,0.05881
Rb2SnGaS3I3,1.80263,-1.08644,19.75804,30.00000,21.63531,0.04365,0.03688,0.06130
Li2GeWS6,1.92233,-1.06405,7.46329,30.00000,19.55113,0.04368,0.03580,0.06341
Rb2SbCuO3F3,1.15508,-2.26366,33.52592,30.00000,24.35874,0.04369,0.03780,0.32592
Rb2FeMnO6,1.36872,-1.85299,40.77274,30.00000,25.36717,0.04369,0.03860,0.06747
Na2GeVO3Cl3,1.89021,-1.85277,10.53648,30.00000,20.02193,0.04371,0.03604,0.06310
Rb2GeZnI6,1.03752,-1.14393,18.04602,30.00000,21.66002,0.04371,0.03602,0.54124
Na2ZrCrO3F3,1.98822,-2.80222,0.08437,30.00000,18.29869,0.04372,0.03516,0.06476
Rb2MnInO6,1.56513,-2.03931,37.09423,30.00000,24.64508,0.04372,0.03839,0.05818
Rb2GeZnO3Se3,1.66079,-1.35584,31.81595,30.00000,23.66725,0.04374,0.03791,0.05938
K2GeGaS3Br3,1.92482,-1.23490,7.60193,30.00000,19.48311,0.04376,0.03583,0.06375
K2SnFeS3I3,0.97264,-0.95558,0.42993,30.00000,18.40879,0.04377,0.03366,0.48819
Rb2SbCuO3Cl3,1.11502,-1.81970,30.28378,30.00000,23.65264,0.04383,0.03751,0.52645
Li2GeGaS3Br3,1.91708,-1.14456,8.58132,30.00000,19.59834,0.04384,0.03590,0.06364
Na2GeCrO3F3,1.88313,-2.35660,12.31768,30.00000,20.21051,0.04387,0.03626,0.06335
Rb2MnInO3S3,1.65051,-1.86313,33.41833,30.00000,23.80891,0.04387,0.03816,0.05945
Rb2VTaO3Se3,1.78440,-2.16580,23.06230,30.00000,21.97986,0.04390,0.03729,0.06144
Rb2GeNbO3Br3,1.69272,-2.00281,30.17821,30.00000,23.31388,0.04391,0.03785,0.06009
Rb2CuZnBr3I3,1.02521,-1.25245,17.03747,30.00000,21.34337,0.04392,0.03590,0.54039
Rb2FeMnCl3I3,1.04347,-1.41789,20.37530,30.00000,21.85251,0.04392,0.03627,0.55007
K2SnWO3S3,1.99699,-1.74102,0.19469,30.00000,18.14266,0.04392,0.03527,0.06596
Rb2GeMoO3Se3,1.69358,-1.52225,30.35885,30.00000,23.29689,0.04392,0.03785,0.05990
K2SnCrO3Cl3,1.99471,-1.83801,0.12181,30.00000,18.18188,0.04393,0.03527,0.06551
Rb2GeBiO3Br3,1.75346,-1.51100,25.48721,30.00000,22.38023,0.04394,0.03743,0.06079
K2WInO3Cl3,1.98522,-1.82590,1.61845,30.00000,18.42087,0.04394,0.03535,0.06560
Rb2ZrSbO3I3,1.82267,-1.87317,19.36560,30.00000,21.29488,0.04396,0.03695,0.06222
Rb2SnVO3Br3,1.76539,-1.92584,24.61505,30.00000,22.21923,0.04396,0.03739,0.06111
Rb2GeCuO3S3,1.45754,-1.63124,41.65793,30.00000,25.20527,0.04398,0.03886,0.06043
Rb2SnWO3Se3,1.81319,-1.49457,20.55956,30.00000,21.46116,0.04399,0.03703,0.06217
Rb2TiGaO3I3,1.78719,-2.07638,22.98432,30.00000,21.91464,0.04400,0.03726,0.06157
Rb2NbZnO3Br3,1.76338,-1.89911,25.04228,30.00000,22.28415,0.04402,0.03744,0.06098
K2VTaO6,1.99179,-2.91617,0.89922,30.00000,18.21773,0.04402,0.03533,0.06579
Na2SnInO3F3,1.97866,-2.29906,2.17499,30.00000,18.42476,0.04403,0.03540,0.06582
Rb2ZrFeO3Cl3,1.67894,-2.16575,32.64158,30.00000,23.57592,0.04404,0.03810,0.05983
Rb2SnNbO3Br3,1.78639,-2.04153,23.10153,30.00000,21.89418,0.04407,0.03726,0.06138
Rb2CrMnO3Br3,1.74656,-1.77405,27.25025,30.00000,22.55808,0.04407,0.03763,0.06122
Rb2MoBiSe3I3,1.01454,-0.98723,14.54289,30.00000,20.68608,0.04412,0.03558,0.53636
Rb2SnGeBr6,1.04393,-1.43184,22.38265,30.00000,22.01203,0.04412,0.03650,0.55751
Rb2TiBiO3Br3,1.80719,-2.03081,21.63802,30.00000,21.59292,0.04413,0.03716,0.06207
Li2GeGaS3I3,1.94138,-0.90170,7.07378,30.00000,19.13316,0.04415,0.03587,0.06510
Rb2SbCuO3Br3,1.05435,-1.42509,24.02403,30.00000,22.24090,0.04416,0.03677,0.56002
Rb2MoGaS3Cl3,1.71411,-1.38037,30.21013,30.00000,22.98068,0.04416,0.03792,0.06068
K2ZrCrO6,2.00682,-2.66545,0.09933,30.00000,17.99032,0.04417,0.03532,0.06671
Rb2WGaO3Br3,1.79994,-1.75716,22.85644,30.00000,21.71391,0.04421,0.03733,0.06222
Rb2ZrGaO3Br3,1.76199,-2.14892,26.21910,30.00000,22.27526,0.04422,0.03765,0.06141
Rb2ZrWO3S3,1.76650,-2.06076,26.22109,30.00000,22.24495,0.04423,0.03765,0.06179
Na2NbMnO3F3,2.01061,-2.81778,0.14797,30.00000,17.92794,0.04424,0.03535,0.06678
K2TiCrO6,2.01251,-2.65510,0.05878,30.00000,17.91670,0.04425,0.03533,0.06687
Rb2SbZnO3Cl3,1.72039,-1.86430,30.16287,30.00000,22.89206,0.04427,0.03800,0.06094
Li2GeCuBr6,0.98031,-1.19809,5.42333,30.00000,18.98149,0.04431,0.03434,0.50745
Rb2TaCuO3Cl3,1.75521,-2.15654,27.62595,30.00000,22.44388,0.04431,0.03772,0.06151
Rb2CrMnO3S3,1.64015,-1.73792,36.51043,30.00000,23.94728,0.04436,0.03853,0.05978
K2GeVO3Cl3,1.93299,-1.90016,9.60480,30.00000,19.39392,0.04436,0.03622,0.06497
Rb2ZrSbO3Br3,1.80514,-2.05169,23.05083,30.00000,21.62158,0.04436,0.03740,0.06248
Rb2ZrCrO3Br3,1.78158,-2.13907,25.63674,30.00000,22.04402,0.04437,0.03756,0.06238
Na2SnGaO3Cl3,1.99308,-1.74666,2.20376,30.00000,18.18584,0.04438,0.03558,0.06675
Na2GeVO3F3,1.90500,-2.41294,12.43261,30.00000,19.86804,0.04438,0.03646,0.06464
Rb2VNbO3Se3,1.77743,-2.19609,25.96017,30.00000,22.10121,0.04440,0.03764,0.06208
K2NbSbO3S3,2.01360,-1.76047,0.25413,30.00000,17.84266,0.04441,0.03549,0.06765
K2GeBiO3Cl3,1.96021,-1.68881,6.74759,30.00000,18.88644,0.04444,0.03603,0.06609
Rb2GeGaS3I3,1.78855,-1.00971,25.15304,30.00000,21.87027,0.04446,0.03761,0.06255
Rb2TiCrO3Cl3,1.65192,-2.25150,36.23847,30.00000,23.79199,0.04447,0.03854,0.06046
Rb2MoFeO3Cl3,1.70694,-1.75768,32.41266,30.00000,23.12264,0.04447,0.03828,0.06088
Rb2GeFeO3Cl3,1.56111,-1.77405,41.40502,30.00000,24.64864,0.04448,0.03906,0.05965
Na2GeNbO3F3,1.92474,-2.49862,10.84276,30.00000,19.47970,0.04448,0.03638,0.06536
K2GeCuCl3I3,0.98315,-1.23704,5.23035,30.00000,18.72179,0.04449,0.03433,0.50689
Rb2NbFeO3Cl3,1.70669,-2.17966,32.57291,30.00000,23.10399,0.04449,0.03824,0.06106
K2GeGaSe3Cl3,1.95425,-1.31435,7.66545,30.00000,18.97494,0.04451,0.03610,0.06590
Rb2GeWO3Se3,1.77509,-1.47948,26.59653,30.00000,22.09129,0.04452,0.03772,0.06214
Rb2MnGaO3S3,1.65375,-1.85489,36.89258,30.00000,23.82244,0.04456,0.03863,0.06021
K2CrMoO6,2.01606,-2.11521,0.23673,30.00000,17.74783,0.04456,0.03544,0.06726
Rb2WInO3Br3,1.83237,-1.69386,21.46776,30.00000,21.15551,0.04457,0.03726,0.06334
Rb2SnWS6,1.81366,-1.11323,23.27470,30.00000,21.43716,0.04461,0.03747,0.06314
Rb2MoMnO3Se3,1.78949,-1.56089,25.66072,30.00000,21.82975,0.04462,0.03769,0.06268
Rb2WGaS3Cl3,1.78753,-1.38774,25.95721,30.00000,21.91266,0.04462,0.03774,0.06273
K2GeWO3S3,1.96216,-1.61052,7.21516,30.00000,18.76646,0.04462,0.03614,0.06661
K2MoWO6,2.02019,-2.13708,0.27396,30.00000,17.70980,0.04464,0.03556,0.06777
Rb2SnFeSe3Cl3,1.03698,-1.25084,22.56357,30.00000,21.59732,0.04465,0.03667,0.56230
K2MnInO3F3,2.00934,-2.43341,2.29250,30.00000,17.97031,0.04471,0.03573,0.06804
Rb2NbCuO3F3,1.68473,-2.61973,35.72926,30.00000,23.41770,0.04471,0.03858,0.06111
Na2VFeO3F3,2.02692,-2.62106,0.09654,30.00000,17.56873,0.04471,0.03557,0.06869
Rb2TiSbO3I3,1.84683,-1.86320,20.43702,30.00000,20.88882,0.04472,0.03722,0.06400
Rb2GeMnO3S3,1.56480,-1.67677,42.45351,30.00000,24.63461,0.04472,0.03919,0.05983
K2SnCuF3I3,0.96911,-1.94093,0.45320,30.00000,17.79113,0.04474,0.03367,0.48939
Rb2GeFeS3Se3,1.07455,-0.96150,29.87860,30.00000,22.78114,0.04475,0.03759,0.57251
Li2GeVO3Cl3,1.93157,-1.90785,11.69794,30.00000,19.47465,0.04476,0.03656,0.06576
K2MoAgO3F3,1.99454,-2.32119,3.89322,30.00000,18.16077,0.04478,0.03587,0.06740
Rb2MnSbS3Se3,1.03039,-0.96996,22.86718,30.00000,21.53008,0.04484,0.03669,0.56398
Rb2TiCrO3Br3,1.78900,-2.14049,27.59931,30.00000,21.89085,0.04489,0.03798,0.06307
K2ZrMoO6,2.03071,-2.76580,0.25175,30.00000,17.49829,0.04489,0.03565,0.06873
K2ZrBiO3Cl3,2.02720,-2.21794,0.18657,30.00000,17.53686,0.04491,0.03562,0.06845
Rb2MnGaO6,1.61912,-2.03786,41.41939,30.00000,24.19074,0.04496,0.03918,0.06061
Rb2FeSbSe3Cl3,1.03082,-1.27808,22.49286,30.00000,21.32656,0.04499,0.03668,0.56082
Rb2VFeO3Cl3,1.70508,-2.06736,35.69364,30.00000,23.17658,0.04501,0.03871,0.06173
Na2GeFeO3S3,1.94662,-1.56791,10.65586,30.00000,19.06687,0.04502,0.03649,0.06691
Rb2GeZnS3Se3,1.77649,-0.98869,29.43612,30.00000,22.10431,0.04502,0.03815,0.06296
Rb2SbCuSe3Cl3,1.02612,-1.17919,22.25552,30.00000,21.18448,0.04505,0.03662,0.56421
K2VSbO6,2.03718,-2.34824,0.25114,30.00000,17.41261,0.04506,0.03574,0.06896
Rb2SnNbO3I3,1.87200,-1.97218,19.40128,30.00000,20.39361,0.04507,0.03726,0.06503
Rb2GeMnI6,1.00795,-1.14315,18.22350,30.00000,20.49321,0.04508,0.03617,0.55143
Rb2TiFeO3Cl3,1.70785,-2.18273,35.90453,30.00000,23.09084,0.04511,0.03876,0.06207
Na2SnCrO3S3,2.04300,-1.72891,0.12868,30.00000,17.35270,0.04512,0.03564,0.06982
Rb2TiBiO3I3,1.88359,-1.85372,18.37411,30.00000,20.24911,0.04514,0.03717,0.06530
Rb2TaFeO3Cl3,1.79674,-2.16670,27.99164,30.00000,21.76000,0.04515,0.03803,0.06350
Rb2TiSbO3Br3,1.82798,-1.99682,24.61702,30.00000,21.22566,0.04518,0.03776,0.06490
Na2TiCrO3F3,2.03920,-2.82694,0.03748,30.00000,17.32449,0.04518,0.03578,0.06918
K2SnSbO3F3,2.03969,-2.35184,0.23919,30.00000,17.33259,0.04521,0.03566,0.06936
Na2SnMoO3S3,2.03898,-1.73396,0.26156,30.00000,17.31283,0.04522,0.03569,0.06931
K2VSbSe6,0.95940,-1.01849,0.40847,30.00000,17.48889,0.04523,0.03371,0.49044
Li2GeMoO3S3,1.95471,-1.61044,10.59082,30.00000,18.88369,0.04526,0.03656,0.06726
Rb2GeFeSe3Cl3,1.05801,-1.29719,29.39833,30.00000,22.22005,0.04526,0.03756,0.58008
Rb2SnCuCl3I3,1.00933,-1.31237,18.69217,30.00000,20.49509,0.04526,0.03614,0.55508
Na2SnNbO3Cl3,2.04250,-2.02465,0.19068,30.00000,17.28694,0.04528,0.03575,0.06949
K2MoBiO3F3,2.04026,-2.27251,0.29623,30.00000,17.25684,0.04529,0.03578,0.06916
Na2MnGaO3F3,2.02101,-2.41694,2.98373,30.00000,17.71478,0.04530,0.03601,0.06946
Rb2SnSbO3Cl3,1.80904,-1.78753,27.38124,30.00000,21.54097,0.04530,0.03803,0.06401
Na2GeMoO3S3,1.96256,-1.58862,9.64119,30.00000,18.71100,0.04532,0.03650,0.06757
Rb2GeMnBr3I3,1.01856,-1.31016,20.74170,30.00000,20.73336,0.04534,0.03644,0.56188
Na2VTaO6,2.04400,-2.85585,0.95625,30.00000,17.28694,0.04539,0.03593,0.06979
Rb2TiGaO3Br3,1.81048,-2.13628,28.16511,30.00000,21.53426,0.04544,0.03819,0.06451
Rb2GeCuF3I3,1.02965,-1.93510,25.58939,30.00000,21.40123,0.04546,0.03713,0.57510
K2NbSbO6,2.05336,-2.57505,0.27165,30.00000,17.15426,0.04547,0.03581,0.07015
Rb2VMnO3Cl3,1.73135,-2.12603,35.77061,30.00000,22.80533,0.04548,0.03883,0.06292
Li2GeWO3S3,1.98624,-1.64385,8.31786,30.00000,18.36346,0.04554,0.03653,0.06871
Na2SnCrO3F3,2.05690,-2.38016,0.13039,30.00000,17.07349,0.04556,0.03585,0.07075
Rb2GeMoS6,1.73549,-1.08928,35.46176,30.00000,22.65586,0.04557,0.03886,0.06328
Rb2TaZnO3Cl3,1.81868,-2.19631,27.52622,30.00000,21.34208,0.04559,0.03814,0.06472
Rb2MnSbO3F3,1.75698,-2.37039,34.14941,30.00000,22.41919,0.04560,0.03870,0.06385
Na2SnVO3F3,2.05605,-2.46192,0.18872,30.00000,17.07258,0.04561,0.03589,0.07075
Rb2WBiO3Cl3,1.87515,-1.82574,21.61666,30.00000,20.33873,0.04561,0.03766,0.06620
K2SnGaO3F3,2.03687,-2.39264,2.32730,30.00000,17.40100,0.04562,0.03607,0.06987
Na2SnCrO6,2.05772,-2.11319,0.13113,30.00000,17.06183,0.04562,0.03592,0.07101
K2SnFeO3F3,2.06050,-2.26732,0.12805,30.00000,17.02908,0.04566,0.03589,0.07082
Na2SnWO6,2.05482,-2.08941,0.20047,30.00000,17.06704,0.04567,0.03594,0.07108
Rb2SbCuS3I3,1.00464,-0.92562,18.88162,30.00000,20.19333,0.04569,0.03622,0.55710
Rb2ZrMoO3S3,1.79583,-2.06188,30.83228,30.00000,21.76988,0.04569,0.03851,0.06458
Na2ZrInO3Cl3,2.04632,-2.19770,2.01461,30.00000,17.24908,0.04572,0.03604,0.07057
Na2WGaO3Cl3,2.04671,-1.72352,1.92340,30.00000,17.23803,0.04573,0.03610,0.07025
Rb2GeWS6,1.80232,-1.09038,30.41434,30.00000,21.65335,0.04574,0.03845,0.06492
Rb2SnZnO3S3,1.79231,-1.70634,30.93130,30.00000,21.77628,0.04575,0.03856,0.06434
Na2GeWO3S3,1.99735,-1.54382,7.71846,30.00000,18.10010,0.04575,0.03652,0.06983
Na2FeMnSe3I3,0.95806,-0.99622,0.47814,30.00000,17.15244,0.04576,0.03373,0.49172
K2TiFeO3F3,2.06146,-2.68825,0.04623,30.00000,16.94269,0.04578,0.03594,0.07078
Rb2WAgO3Cl3,1.83463,-1.73799,27.36670,30.00000,21.11907,0.04579,0.03822,0.06536
Na2VMnO3F3,2.06237,-2.67891,0.10006,30.00000,16.92527,0.04580,0.03600,0.07125
Rb2NbTaO3S3,1.83671,-2.13440,26.79114,30.00000,21.05115,0.04580,0.03814,0.06576
Na2CrMnO3F3,2.06345,-2.52681,0.02767,30.00000,16.89829,0.04582,0.03594,0.07121
K2SnWO6,2.06369,-2.05383,0.20297,30.00000,16.96922,0.04582,0.03599,0.07104
Rb2SnGeI6,0.99430,-1.02911,17.22027,30.00000,19.75130,0.04583,0.03604,0.55501
K2GeTaO3F3,1.99581,-2.68212,8.54506,30.00000,18.20591,0.04583,0.03666,0.06947
Na2GeBiO3Cl3,2.00726,-1.62458,7.18278,30.00000,17.99439,0.04587,0.03655,0.06940
Rb2NbCuSe3Br3,1.00695,-1.30512,19.35384,30.00000,20.13187,0.04587,0.03630,0.55864
Na2ZrInO3F3,2.04649,-2.78081,2.29448,30.00000,17.21205,0.04589,0.03612,0.07139
Rb2SbZnO3F3,1.77745,-2.35621,33.37909,30.00000,22.00135,0.04589,0.03881,0.06443
K2WMnO6,2.06732,-2.17915,0.15002,30.00000,16.86836,0.04591,0.03604,0.07163
Na2GeInO3Cl3,1.97724,-1.78395,10.80143,30.00000,18.47079,0.04592,0.03683,0.06918
K2SnCrO3S3,2.06944,-1.78186,0.13759,30.00000,16.85884,0.04592,0.03597,0.07166
K2VMnO3F3,2.06647,-2.75476,0.11537,30.00000,16.87961,0.04594,0.03599,0.07140
Na2WGaO3F3,2.04942,-2.34240,2.15926,30.00000,17.16715,0.04595,0.03612,0.07064
Rb2CrMnO3Cl3,1.75893,-1.79263,35.64038,30.00000,22.32779,0.04597,0.03898,0.06419
Rb2TaCuO3F3,1.81114,-2.67330,30.24726,30.00000,21.47851,0.04598,0.03856,0.06528
Rb2TiWO3S3,1.83701,-2.01747,28.27188,30.00000,21.04580,0.04614,0.03837,0.06605
Rb2SnFeCl3I3,0.99587,-1.35202,18.85642,30.00000,19.82093,0.04615,0.03628,0.56119
Rb2MoGaO3Br3,1.85458,-1.71212,26.09268,30.00000,20.73323,0.04615,0.03823,0.06623
Rb2SbCuSe3Br3,0.99695,-1.15192,18.70093,30.00000,19.75513,0.04620,0.03626,0.55880
Na2SnGeO3S3,2.00585,-1.61902,8.99343,30.00000,18.00104,0.04624,0.03679,0.07031
Rb2SbCuS3Br3,1.00526,-1.15479,22.35901,30.00000,20.30015,0.04625,0.03671,0.57118
K2MoAgSe3I3,0.95667,-0.96916,2.08267,30.00000,17.03701,0.04627,0.03398,0.50006
Rb2WSbO3Cl3,1.87846,-1.79885,24.58034,30.00000,20.37834,0.04627,0.03812,0.06744
Na2GeCrO3S3,1.98981,-1.58508,10.79817,30.00000,18.22041,0.04632,0.03694,0.06974
K2GeNbO3Cl3,2.00936,-2.03635,8.63883,30.00000,17.91662,0.04633,0.03677,0.07067
Na2SnTaO3F3,2.07428,-2.75140,0.82490,30.00000,16.71793,0.04635,0.03626,0.07251
Rb2VTaO3S3,1.84207,-2.10456,28.81260,30.00000,20.94990,0.04637,0.03853,0.06633
K2ZrInO3Cl3,2.06816,-2.26553,1.88406,30.00000,16.84971,0.04637,0.03628,0.07271
K2GeFeS3I3,0.96630,-0.96299,5.36378,30.00000,17.52357,0.04639,0.03446,0.51165
Rb2FeMnO3F3,1.73853,-2.42260,39.82658,30.00000,22.62251,0.04640,0.03952,0.06458
K2MoMnO6,2.08215,-2.04475,0.22545,30.00000,16.55771,0.04640,0.03623,0.07300
Rb2MoAgO3Cl3,1.82199,-1.69861,31.93458,30.00000,21.36948,0.04641,0.03883,0.06641
K2GeFeO3S3,2.00720,-1.61546,9.69925,30.00000,18.00479,0.04641,0.03695,0.07066
Na2GeSbO3Cl3,2.01033,-1.70901,8.73021,30.00000,17.87254,0.04642,0.03680,0.07104
K2SnGaO3Cl3,2.06829,-1.82997,2.05328,30.00000,16.85739,0.04643,0.03632,0.07242
K2CrWO3F3,2.08359,-2.62366,0.15719,30.00000,16.58288,0.04646,0.03618,0.07299
Na2TiWO6,2.08315,-2.77811,0.15139,30.00000,16.56413,0.04649,0.03614,0.07308
K2GeVO3F3,1.99338,-2.61830,11.15188,30.00000,18.19716,0.04651,0.03701,0.07084
Rb2WMnO3S3,1.86092,-1.69338,27.90688,30.00000,20.60525,0.04659,0.03846,0.06737
Na2SnCuF3I3,0.94990,-1.83512,0.46364,30.00000,16.67402,0.04660,0.03377,0.49171
Na2TiFeO3F3,2.09277,-2.69098,0.02205,30.00000,16.44526,0.04660,0.03621,0.07417
Rb2TaSbO3S3,1.88215,-1.91009,25.56370,30.00000,20.28193,0.04667,0.03832,0.06776
K2GeWO6,2.02862,-2.06094,8.00998,30.00000,17.57343,0.04668,0.03688,0.07156
Rb2MoBiO3Cl3,1.89776,-1.81484,24.64967,30.00000,20.01103,0.04672,0.03829,0.06849
Rb2WSbO3F3,1.87591,-2.31833,26.66768,30.00000,20.30637,0.04678,0.03836,0.06800
Rb2SnBiO3Cl3,1.90436,-1.73721,23.74784,30.00000,19.87935,0.04678,0.03820,0.06902
K2WBiO3F3,2.09466,-2.31197,0.23135,30.00000,16.36768,0.04685,0.03638,0.07444
Rb2FeMnSe6,0.99171,-1.03147,20.66155,30.00000,19.55404,0.04687,0.03656,0.56785
Na2ZrGaO3Cl3,2.08572,-2.19079,2.32403,30.00000,16.59840,0.04691,0.03659,0.07414
K2SnNbO3Cl3,2.09899,-2.08673,0.19407,30.00000,16.32914,0.04694,0.03636,0.07490
Na2TiSbO3Cl3,2.09847,-2.00866,0.16400,30.00000,16.30127,0.04697,0.03640,0.07433
K2CrMnO3F3,2.10019,-2.55246,0.05096,30.00000,16.28256,0.04700,0.03639,0.07436
Rb2SnFeS3Se3,0.99621,-0.94884,22.90886,30.00000,19.89343,0.04701,0.03685,0.57860
Rb2TiMoO3S3,1.83133,-2.06325,33.71149,30.00000,21.17408,0.04704,0.03916,0.06745
Rb2SnInO3Cl3,1.87046,-1.83478,29.05025,30.00000,20.47019,0.04707,0.03875,0.06842
K2GeSbO3Cl3,2.04251,-1.77313,8.08936,30.00000,17.40850,0.04708,0.03709,0.07315
Na2MoInO3Cl3,2.09070,-1.80201,2.10030,30.00000,16.51621,0.04709,0.03661,0.07444
Rb2VNbO3S3,1.82832,-2.11544,33.70174,30.00000,21.17549,0.04710,0.03918,0.06772
K2SnVO3Cl3,2.10287,-1.93042,0.16829,30.00000,16.16525,0.04721,0.03645,0.07474
Na2MoInO3F3,2.09019,-2.37699,2.38822,30.00000,16.44956,0.04722,0.03664,0.07493
K2GeCrO3S3,2.03244,-1.64793,9.81773,30.00000,17.52936,0.04723,0.03716,0.07346
K2TiGaO3Cl3,2.09155,-2.19320,2.37577,30.00000,16.43180,0.04728,0.03665,0.07486
K2ZrCrO3F3,2.10703,-2.80170,0.09948,30.00000,16.13381,0.04731,0.03653,0.07545
Na2ZrSbO3Cl3,2.10677,-2.05549,0.18410,30.00000,16.08689,0.04737,0.03652,0.07495
K2SnInO3F3,2.09788,-2.40128,2.02520,30.00000,16.29547,0.04747,0.03667,0.07534
Rb2WFeO3Cl3,1.90128,-1.71596,27.34980,30.00000,19.94575,0.04747,0.03870,0.06996
Rb2MoSbO3Cl3,1.89135,-1.85154,28.58029,30.00000,20.07556,0.04750,0.03886,0.06935
Na2GeCuBr6,0.95449,-1.19082,5.15909,30.00000,16.73602,0.04754,0.03449,0.51199
Rb2CrAgSe3I3,0.98201,-1.03205,18.14073,30.00000,18.75442,0.04755,0.03622,0.55995
K2SnMoO3S3,2.11843,-1.76569,0.25978,30.00000,15.97368,0.04757,0.03663,0.07637
K2TiBiO3Cl3,2.11782,-2.08967,0.17159,30.00000,15.92539,0.04759,0.03667,0.07655
Li2MoGaO3Cl3,2.09952,-1.82116,2.65079,30.00000,16.23994,0.04767,0.03684,0.07597
Na2TiInO3Cl3,2.10481,-2.15071,2.21274,30.00000,16.16312,0.04776,0.03677,0.07593
Na2WInO3F3,2.10678,-2.34548,1.89613,30.00000,16.12029,0.04778,0.03673,0.07629
K2SnGeO3S3,2.05950,-1.62947,8.31162,30.00000,17.00765,0.04778,0.03730,0.07481
Na2ZrFeO3F3,2.12641,-2.74728,0.07058,30.00000,15.83221,0.04778,0.03671,0.07744
Na2FeMnS3I3,0.94627,-1.01398,0.42805,30.00000,15.90252,0.04782,0.03385,0.49500
Rb2CrMnO6,1.79616,-2.00829,41.20262,30.00000,21.73360,0.04785,0.04007,0.06779
K2SbCuSe3Br3,0.93732,-1.13042,0.24908,30.00000,15.75470,0.04789,0.03382,0.49458
K2ZrFeO3F3,2.12830,-2.77343,0.08685,30.00000,15.76235,0.04791,0.03676,0.07743
Rb2SnSbO3F3,1.88889,-2.37411,29.99959,30.00000,20.09836,0.04792,0.03902,0.07023
Rb2MoWO3S3,1.92779,-1.62719,26.08841,30.00000,19.42985,0.04795,0.03882,0.07126
Na2TiCrO6,2.13369,-2.65147,0.03498,30.00000,15.70484,0.04798,0.03685,0.07728
K2GeInO3Cl3,2.05409,-1.83374,9.99111,30.00000,17.12835,0.04801,0.03757,0.07511
Rb2SnGeBr3I3,0.98012,-1.28927,19.43111,30.00000,18.65369,0.04803,0.03648,0.56829
Rb2CrMoO3S3,1.87171,-1.74902,33.41241,30.00000,20.37452,0.04809,0.03942,0.07034
K2TiInO3Cl3,2.12073,-2.22540,2.05173,30.00000,15.91391,0.04813,0.03703,0.07804
K2TiMoO6,2.13731,-2.76802,0.23759,30.00000,15.61183,0.04819,0.03687,0.07825
Na2SbCuSe3I3,0.94168,-0.77865,0.50910,30.00000,15.68104,0.04823,0.03385,0.49410
Rb2GeGaSe3Cl3,1.90512,-1.30333,30.02446,30.00000,19.84419,0.04824,0.03925,0.07114
K2SnBiO3F3,2.13632,-2.34732,0.22900,30.00000,15.63048,0.04824,0.03687,0.07868
K2SnVO3F3,2.13651,-2.67238,0.19317,30.00000,15.64379,0.04825,0.03697,0.07848
K2GeMoO3S3,2.06676,-1.65250,8.86629,30.00000,16.84110,0.04825,0.03750,0.07601
Na2MoGaO3Cl3,2.12265,-1.78762,2.41629,30.00000,15.90291,0.04835,0.03705,0.07739
Rb2GeGaS3Br3,1.91020,-1.26495,30.22254,30.00000,19.76638,0.04836,0.03931,0.07162
Rb2TaFeO3F3,1.90281,-2.81408,30.68753,30.00000,19.81824,0.04836,0.03921,0.07141
Li2MoGaO3F3,2.11908,-2.34626,3.11232,30.00000,15.94303,0.04837,0.03722,0.07813
Cs2WBiSe3I3,1.36680,-1.05184,68.37245,30.00000,25.40452,0.04844,0.04254,0.07756
Rb2TaZnO3F3,1.91502,-2.76836,30.12876,30.00000,19.66073,0.04844,0.03931,0.07186
Na2SnBiO3F3,2.14005,-2.25027,0.22843,30.00000,15.50564,0.04853,0.03694,0.07889
K2SnTaO3F3,2.14284,-2.72406,0.78570,30.00000,15.52314,0.04862,0.03708,0.07984
Rb2NbMnO3Cl3,1.89818,-2.20538,32.63707,30.00000,19.93340,0.04863,0.03955,0.07207
K2GeCrO3F3,2.06208,-2.41154,11.05336,30.00000,16.87007,0.04869,0.03782,0.07682
Rb2SnFeO3S3,1.91624,-1.60380,31.53203,30.00000,19.66879,0.04871,0.03951,0.07235
Na2TiMoO6,2.15166,-2.67059,0.23761,30.00000,15.36482,0.04873,0.03709,0.08024
K2GeCuBr6,0.94293,-1.35647,4.93055,30.00000,16.07694,0.04876,0.03453,0.51306
Na2SbCuO3I3,0.93547,-1.20613,0.49655,30.00000,15.38622,0.04878,0.03385,0.49624
Rb2CrWO6,1.91809,-2.19554,30.74050,30.00000,19.57094,0.04880,0.03945,0.07255
Rb2CrWO3Cl3,1.94578,-1.79935,27.54414,30.00000,19.10028,0.04884,0.03917,0.07337
Na2TiBiO3Cl3,2.15750,-1.98966,0.16695,30.00000,15.29085,0.04889,0.03718,0.08009
Rb2GeTaO3Cl3,1.90681,-2.17048,33.03313,30.00000,19.76697,0.04892,0.03966,0.07199
K2ZrGaO3Cl3,2.13813,-2.21161,2.15319,30.00000,15.56912,0.04892,0.03727,0.07980
Na2GeFeBr6,0.94433,-1.25013,5.20884,30.00000,15.99248,0.04893,0.03450,0.51606
Rb2GeFeO3F3,1.79761,-2.30573,46.46018,30.00000,21.73854,0.04893,0.04083,0.06981
Rb2CrMoO3Cl3,1.90759,-1.74837,32.68428,30.00000,19.71080,0.04896,0.03959,0.07253
Rb2CrWO3S3,1.94629,-1.75049,28.06128,30.00000,19.07613,0.04897,0.03928,0.07362
Na2GeInO3F3,2.06562,-2.28619,12.37832,30.00000,16.90541,0.04898,0.03808,0.07666
K2TiWO6,2.15408,-2.80450,0.15822,30.00000,15.25273,0.04899,0.03714,0.07993
Rb2ZrWO6,1.94649,-2.78362,28.54276,30.00000,19.09679,0.04904,0.03924,0.07365
Na2GeZnO3S3,2.08361,-1.61689,10.35042,30.00000,16.57163,0.04907,0.03793,0.07829
Rb2MnInO3F3,1.88694,-2.45896,36.34752,30.00000,20.11607,0.04909,0.03999,0.07243
Rb2SnInO3F3,1.92009,-2.41998,31.86600,30.00000,19.53171,0.04911,0.03965,0.07318
Cs2AgInI6,1.28893,-1.16812,71.62506,30.00000,25.27098,0.04921,0.04311,0.10834
Rb2WMnO6,1.93667,-2.15316,30.55580,30.00000,19.23832,0.04926,0.03957,0.07376
Na2ZrSbO3F3,2.16892,-2.75678,0.21036,30.00000,15.08399,0.04932,0.03726,0.08201
Rb2GeBiO3Cl3,1.93619,-1.72457,31.07505,30.00000,19.28433,0.04937,0.03967,0.07380
Rb2MoAgSe3I3,0.96603,-1.00649,17.39730,30.00000,17.46054,0.04940,0.03622,0.56253
Rb2NbFeO3F3,1.89854,-2.77289,36.36021,30.00000,19.94792,0.04941,0.04009,0.07299
Rb2GeCuCl3I3,0.97430,-1.30249,23.99826,30.00000,18.35608,0.04941,0.03714,0.58641
Cs2WSbSe3I3,1.31272,-1.01121,73.37481,30.00000,25.30590,0.04943,0.04330,0.09803
Cs2SnBiSe3I3,1.26644,-1.00493,72.03594,30.00000,25.17454,0.04943,0.04312,0.12660
Rb2NbSbO3S3,1.95199,-1.87390,29.25940,30.00000,19.02517,0.04944,0.03940,0.07450
Cs2SnTaSe3I3,1.42302,-1.28453,73.96460,30.00000,25.31369,0.04948,0.04347,0.07167
Na2SnGaO3F3,2.15333,-2.31666,2.52567,30.00000,15.30706,0.04950,0.03754,0.08105
K2VNbO6,2.17084,-2.76790,0.22782,30.00000,14.97563,0.04956,0.03738,0.08174
Na2MoGaO3F3,2.15335,-2.38634,2.79448,30.00000,15.32278,0.04959,0.03760,0.08146
Na2SnNbO3F3,2.17707,-2.70542,0.21794,30.00000,14.90834,0.04962,0.03741,0.08286
Cs2WAgSe3I3,1.40618,-1.03069,75.41464,30.00000,25.35008,0.04967,0.04361,0.07446
Rb2MoSbO3F3,1.94518,-2.32836,31.43932,30.00000,19.14109,0.04971,0.03976,0.07458
Cs2SbAgI6,1.19729,-1.05472,70.63862,30.00000,24.72894,0.04980,0.04307,0.25827
K2TiCrO3F3,2.18325,-2.81603,0.06024,30.00000,14.82467,0.04984,0.03752,0.08331
Rb2FeSbO3F3,1.92776,-2.29436,34.07932,30.00000,19.35816,0.04989,0.04007,0.07464
Cs2ZrBiSe3I3,1.52697,-1.36558,73.69430,30.00000,24.88808,0.04991,0.04357,0.06836
Rb2WAgO3F3,1.96640,-2.35958,29.74744,30.00000,18.75550,0.04994,0.03970,0.07582
Rb2VZnO3F3,1.89948,-2.69979,39.32047,30.00000,19.98267,0.04997,0.04056,0.07405
Rb2ZrCrO6,1.91121,-2.64382,37.60056,30.00000,19.70035,0.04998,0.04049,0.07457
Rb2SnTaO3Cl3,2.00247,-2.20216,25.23291,30.00000,18.09504,0.04999,0.03946,0.07710
Cs2GeBiSe3I3,1.37296,-0.99308,77.76252,30.00000,25.37682,0.05002,0.04393,0.08004
Cs2TaZnSe3I3,1.32187,-1.25552,77.42411,30.00000,25.34047,0.05004,0.04388,0.09569
Cs2TiBiSe3I3,1.45455,-1.35583,76.48294,30.00000,25.16103,0.05006,0.04388,0.07072
Cs2SnSbSe3I3,1.34661,-0.99333,77.61249,30.00000,25.34747,0.05008,0.04389,0.08575
Rb2VSbO3S3,1.95770,-1.76114,31.73845,30.00000,18.89800,0.05008,0.03999,0.07613
Na2VSbSe6,0.92402,-0.96785,0.41643,30.00000,14.73184,0.05012,0.03388,0.49815
Rb2TaMnO3F3,1.96654,-2.95652,30.74351,30.00000,18.76667,0.05013,0.03992,0.07644
Cs2TaFeSe3I3,1.42026,-1.22824,78.08366,30.00000,25.30375,0.05014,0.04402,0.07266
K2GeCuF3I3,0.93645,-1.97106,5.62702,30.00000,15.36867,0.05015,0.03461,0.51852
K2GeBiO3F3,2.13288,-2.29321,7.46521,30.00000,15.68294,0.05015,0.03819,0.08147
Na2GeFeSe3Br3,0.94062,-1.12583,5.37973,30.00000,15.42610,0.05016,0.03457,0.51641
Cs2TaMnSe3I3,1.32544,-1.26096,78.14766,30.00000,25.36195,0.05018,0.04397,0.09322
Cs2WInSe3I3,1.55836,-1.13686,74.43394,30.00000,24.65889,0.05027,0.04378,0.06826
Rb2MoWO6,1.98686,-2.12366,28.37836,30.00000,18.40037,0.05027,0.03980,0.07690
Cs2SnMnI6,1.18186,-1.16067,72.72210,30.00000,24.56403,0.05031,0.04346,0.31273
Cs2ZrSbSe3I3,1.37971,-1.35170,79.54259,30.00000,25.37291,0.05033,0.04421,0.07789
Na2TiGaO3Cl3,2.17626,-2.13621,2.59246,30.00000,14.88768,0.05038,0.03791,0.08438
Rb2GeInO3Cl3,1.91758,-1.85769,38.19946,30.00000,19.59533,0.05043,0.04058,0.07536
Cs2GeTaSe3I3,1.35289,-1.24617,79.91053,30.00000,25.32970,0.05045,0.04428,0.08430
Rb2GeFeO3S3,1.88984,-1.62417,42.36487,30.00000,20.08308,0.05048,0.04094,0.07471
Cs2WGaSe3I3,1.51830,-1.08350,77.40460,30.00000,24.92476,0.05048,0.04410,0.06910
Cs2CrWSe3I3,1.50028,-1.19490,77.90213,30.00000,25.02934,0.05049,0.04413,0.06945
Rb2VZnO3Cl3,1.94504,-2.03736,34.92443,30.00000,19.10839,0.05050,0.04031,0.07588
K2MoInO3Cl3,2.18564,-1.85137,1.96492,30.00000,14.78309,0.05051,0.03793,0.08479
Rb2MoMnO3S3,1.95785,-1.69823,33.19510,30.00000,18.86497,0.05052,0.04013,0.07648
Cs2SnNbSe3I3,1.33006,-1.29291,79.64418,30.00000,25.29451,0.05053,0.04420,0.09449
Cs2TaCuSe3I3,1.24535,-1.18473,77.55691,30.00000,25.06417,0.05055,0.04396,0.15705
Cs2MoInSe3I3,1.32574,-1.10696,80.42398,30.00000,25.35342,0.05057,0.04427,0.09465
Cs2WFeSe3I3,1.51795,-1.06432,77.63179,30.00000,24.93473,0.05057,0.04407,0.06926
K2ZrSbO3Cl3,2.20188,-2.08259,0.18796,30.00000,14.48402,0.05058,0.03778,0.08586
Rb2SnGeO3S3,1.93355,-1.60562,37.17681,30.00000,19.30536,0.05059,0.04056,0.07623
Cs2ZrInSe3I3,1.39844,-1.40754,80.73107,30.00000,25.32662,0.05063,0.04442,0.07707
Cs2MoBiSe3I3,1.17222,-0.98339,73.43948,30.00000,24.51555,0.05064,0.04348,0.31782
Rb2SnCrO3Cl3,1.97710,-1.88444,31.12818,30.00000,18.48535,0.05069,0.04013,0.07777
Rb2NbSbO6,1.97238,-2.53495,32.17630,30.00000,18.60841,0.05074,0.04026,0.07777
Rb2SnWO3S3,2.02279,-1.72788,25.08200,30.00000,17.69513,0.05075,0.03969,0.07889
Rb2NbZnO3Cl3,1.97527,-2.18025,31.93217,30.00000,18.54167,0.05075,0.04021,0.07805
Na2GeGaO3Cl3,2.11786,-1.73655,12.28386,30.00000,15.98071,0.05084,0.03868,0.08273
K2GeZnO3S3,2.14274,-1.66531,9.44649,30.00000,15.51407,0.05088,0.03862,0.08339
Cs2SnInSe3I3,1.54122,-1.07771,78.75973,30.00000,24.74751,0.05091,0.04437,0.06981
Cs2SnGaSe3I3,1.45696,-1.07745,82.09290,30.00000,25.24598,0.05095,0.04460,0.07146
K2SnMoO6,2.20971,-2.08966,0.27800,30.00000,14.32827,0.05097,0.03796,0.08694
Cs2SbZnSe3I3,1.26927,-1.05462,81.44489,30.00000,25.16677,0.05099,0.04449,0.13503
Rb2GeFeCl3I3,0.96332,-1.34787,24.22409,30.00000,17.52388,0.05106,0.03727,0.59122
Cs2SnTaSe3Br3,1.35369,-1.47749,83.72761,30.00000,25.37135,0.05107,0.04476,0.08524
K2NbMnO3F3,2.21537,-2.89253,0.15667,30.00000,14.26781,0.05108,0.03809,0.08728
K2GeCrO6,2.12930,-2.11689,11.38300,30.00000,15.70431,0.05111,0.03889,0.08399
Cs2MnZnI6,1.16904,-1.17145,76.07017,30.00000,24.44243,0.05112,0.04399,0.35364
Cs2TiInSe3I3,1.35041,-1.38887,84.06237,30.00000,25.36302,0.05113,0.04480,0.08711
Cs2NbZnSe3I3,1.33101,-1.22976,83.68668,30.00000,25.36783,0.05116,0.04479,0.09286
Rb2GeCuBr6,0.96078,-1.40392,23.91631,30.00000,17.41027,0.05116,0.03718,0.59182
Cs2AgInBr3I3,1.22082,-1.28789,80.50193,30.00000,24.96930,0.05118,0.04447,0.19581
Cs2GeSbSe3I3,1.31994,-0.96789,84.04087,30.00000,25.37083,0.05119,0.04484,0.09870
Cs2NbMnSe3I3,1.33175,-1.26689,84.53559,30.00000,25.36642,0.05120,0.04484,0.09320
Cs2ZrGaSe3I3,1.40198,-1.41043,84.23708,30.00000,25.30053,0.05123,0.04484,0.07679
Rb2GeSbO3Cl3,1.95811,-1.77559,36.26028,30.00000,18.85444,0.05123,0.04077,0.07821
Cs2MoBiS3I3,1.48591,-1.08159,83.20698,30.00000,25.13225,0.05126,0.04487,0.07129
Cs2SnWSe6,1.29560,-0.99595,83.54510,30.00000,25.25253,0.05126,0.04481,0.10971
Cs2NbFeSe3I3,1.32408,-1.22207,84.46051,30.00000,25.32206,0.05131,0.04489,0.09637
Cs2WSbSe3Br3,1.26361,-1.17609,83.00310,30.00000,25.16194,0.05132,0.04473,0.13583
K2SnCrO3F3,2.21650,-2.38916,0.14014,30.00000,14.17261,0.05132,0.03814,0.08744
Rb2VSbO6,1.97075,-2.36831,35.20555,30.00000,18.66930,0.05132,0.04061,0.07871
Rb2SnGaO3Cl3,1.99663,-1.85267,31.64105,30.00000,18.17543,0.05138,0.04051,0.07972
Na2VNbO6,2.22391,-2.74710,0.22674,30.00000,14.11877,0.05145,0.03822,0.08858
Cs2ZrWSe6,1.36511,-1.34065,85.79143,30.00000,25.38082,0.05146,0.04510,0.08525
Cs2MoGaSe3I3,1.26664,-1.08465,83.90103,30.00000,25.13285,0.05148,0.04487,0.13574
K2GeNbO3F3,2.15063,-2.65046,9.86302,30.00000,15.34687,0.05150,0.03878,0.08540
Cs2GeInSe3I3,1.44285,-0.99992,85.27913,30.00000,25.23901,0.05151,0.04506,0.07340
Rb2GeWO6,1.96751,-2.06166,35.99479,30.00000,18.66117,0.05151,0.04081,0.07893
Cs2NbTaSe6,1.37286,-1.25082,86.19384,30.00000,25.35201,0.05151,0.04513,0.08221
Cs2TiSbSe3I3,1.22499,-1.25755,82.80299,30.00000,24.99365,0.05155,0.04472,0.19406
Na2TiSbO3F3,2.22419,-2.74092,0.19072,30.00000,14.07280,0.05156,0.03829,0.08855
Rb2TiCrO6,1.92585,-2.63086,42.00309,30.00000,19.39874,0.05159,0.04131,0.07788
Cs2TaSbSe6,1.25136,-1.08157,83.82179,30.00000,25.07642,0.05161,0.04489,0.15166
Rb2SnGaO3F3,1.98128,-2.40923,35.00566,30.00000,18.43842,0.05167,0.04078,0.07944
Li2GeGaS3Cl3,2.14468,-1.24203,11.74991,30.00000,15.49799,0.05169,0.03899,0.08537
Cs2CrMnSe3I3,1.39840,-1.23854,87.99026,30.00000,25.38846,0.05177,0.04538,0.07722
Cs2TiGaSe3I3,1.34612,-1.40147,87.87031,30.00000,25.39548,0.05180,0.04534,0.08963
Rb2ZrBiO3Cl3,2.05832,-2.25526,24.76401,30.00000,17.05159,0.05181,0.04003,0.08290
Rb2MoFeO3F3,1.97581,-2.40102,36.15461,30.00000,18.53058,0.05182,0.04092,0.07971
Cs2MnBiS3I3,1.27033,-1.09352,86.53413,30.00000,25.20722,0.05186,0.04522,0.13365
Cs2TaZnSe3Br3,1.32945,-1.49153,88.20675,30.00000,25.33668,0.05190,0.04541,0.09796
Rb2VTaO6,2.01402,-2.83467,31.58561,30.00000,17.86025,0.05192,0.04059,0.08065
Rb2VFeO3F3,1.95402,-2.67441,40.29874,30.00000,18.96068,0.05192,0.04124,0.07926
Cs2ZrFeSe3I3,1.22793,-1.32561,84.57670,30.00000,24.95209,0.05193,0.04500,0.18962
Cs2SnSbSe3Br3,1.41408,-1.15758,88.48674,30.00000,25.30567,0.05194,0.04547,0.07666
Cs2VMnSe3I3,1.30476,-1.27279,88.10282,30.00000,25.32975,0.05195,0.04540,0.10737
Rb2GeCrO3Cl3,1.94388,-1.82126,41.76763,30.00000,19.16557,0.05195,0.04147,0.07890
Cs2WSbS3I3,1.58089,-1.05217,83.12730,30.00000,24.57555,0.05197,0.04508,0.07132
Cs2WInSe3Br3,1.55402,-1.35273,84.26989,30.00000,24.70988,0.05197,0.04519,0.07134
Cs2TaFeSe3Br3,1.37600,-1.45729,89.06659,30.00000,25.35080,0.05200,0.04554,0.08256
Cs2TaMnSe3Br3,1.34572,-1.53845,89.15000,30.00000,25.38236,0.05206,0.04554,0.09143
Cs2GeGaSe3I3,1.42813,-1.01014,89.04860,30.00000,25.31799,0.05206,0.04557,0.07510
Cs2CrMoSe3I3,1.21090,-1.13782,84.55264,30.00000,24.84527,0.05209,0.04503,0.22305
Cs2MoFeSe3I3,1.20049,-1.04949,84.23461,30.00000,24.77642,0.05211,0.04501,0.24408
Cs2GeNbSe3I3,1.23690,-1.19540,86.33861,30.00000,24.99297,0.05211,0.04527,0.17413
Cs2CrWSe3Br3,1.44789,-1.34514,88.86964,30.00000,25.22319,0.05213,0.04558,0.07433
Cs2TaCuSe3Br3,1.28713,-1.38239,88.37888,30.00000,25.21983,0.05214,0.04546,0.11702
K2GeSbO3F3,2.17405,-2.30880,9.14817,30.00000,14.96720,0.05215,0.03916,0.08783
Cs2MnSbI6,1.09210,-1.14997,72.55440,30.00000,23.20843,0.05218,0.04371,0.72542
Cs2VTaSe6,1.33216,-1.27827,89.89816,30.00000,25.32039,0.05218,0.04568,0.09297
Cs2WFeSe3Br3,1.50233,-1.27803,88.51750,30.00000,25.06747,0.05220,0.04562,0.07234
Cs2MoSbS3I3,1.41549,-1.01507,90.74712,30.00000,25.34438,0.05225,0.04583,0.07678
Na2SnCuBr6,0.91627,-1.19475,0.08518,30.00000,13.83997,0.05228,0.03386,0.49929
Rb2WInO3Cl3,2.06174,-1.86498,26.04397,30.00000,17.00514,0.05229,0.04028,0.08392
Cs2SbAgCl3I3,1.44873,-1.25613,90.09599,30.00000,25.24214,0.05229,0.04579,0.07450
Cs2SnSbS3I3,1.49801,-0.98353,88.61740,30.00000,25.06137,0.05230,0.04565,0.07271
Cs2MnBiO3I3,1.42675,-1.44055,90.87998,30.00000,25.34150,0.05234,0.04585,0.07607
K2GeInO3F3,2.16361,-2.38689,11.32302,30.00000,15.12336,0.05234,0.03929,0.08749
Cs2SnGeI6,1.09900,-1.09931,74.44574,30.00000,23.38863,0.05236,0.04391,0.72702
Cs2MnInSe3I3,1.17199,-1.18622,83.49581,30.00000,24.47807,0.05237,0.04498,0.36552
Rb2WBiO3F3,2.08381,-2.28966,23.21300,30.00000,16.61177,0.05237,0.04009,0.08421
Cs2MoSbSe3I3,1.12859,-0.98281,79.24253,30.00000,23.98982,0.05238,0.04446,0.57006
K2WGaO3F3,2.22776,-2.37860,2.01750,30.00000,13.97913,0.05241,0.03874,0.09046
Cs2GeWSe6,1.29838,-0.99160,90.77550,30.00000,25.26141,0.05243,0.04581,0.11264
Cs2TiWSe6,1.27350,-1.30241,89.60520,30.00000,25.17427,0.05244,0.04568,0.13117
Cs2ZrSbSe3Br3,1.46178,-1.59565,91.01453,30.00000,25.19633,0.05247,0.04587,0.07341
Cs2WSbO3I3,1.55820,-1.44085,87.12784,30.00000,24.69114,0.05250,0.04555,0.07176
Cs2TiFeSe3I3,1.23341,-1.30597,88.27594,30.00000,25.00336,0.05252,0.04554,0.18241
Cs2GeTaSe3Br3,1.28360,-1.40769,90.96688,30.00000,25.23889,0.05254,0.04585,0.12328
Cs2ZrInSe3Br3,1.39181,-1.70196,92.46367,30.00000,25.34369,0.05258,0.04607,0.08036
Cs2SnInSe3Br3,1.51443,-1.24964,89.87708,30.00000,25.02614,0.05259,0.04588,0.07254
K2ZrGaO3F3,2.23070,-2.79961,2.46342,30.00000,13.94474,0.05261,0.03875,0.09056
Cs2WBiO3I3,1.66653,-1.48057,80.15334,30.00000,23.65897,0.05264,0.04505,0.07339
Cs2WMnSe6,1.22595,-1.07972,88.95526,30.00000,24.94218,0.05264,0.04557,0.18155
K2GeGaO3Cl3,2.16896,-1.84014,11.24870,30.00000,15.02303,0.05266,0.03935,0.08873
Cs2VCuSe3I3,1.19802,-1.16485,87.34923,30.00000,24.77593,0.05268,0.04546,0.27027
Rb2MoMnO6,2.00064,-2.03016,37.01134,30.00000,18.11027,0.05270,0.04131,0.08202
Cs2SnMnBr3I3,1.13932,-1.33389,82.15563,30.00000,24.09280,0.05273,0.04494,0.52657
Li2GeGaO3Cl3,2.15639,-1.74140,13.55566,30.00000,15.22706,0.05276,0.03960,0.08840
Rb2SnFeO3F3,2.01802,-2.30027,34.26587,30.00000,17.80424,0.05282,0.04106,0.08250
Cs2ZrCrSe3I3,1.17153,-1.34658,84.89748,30.00000,24.40350,0.05283,0.04525,0.36789
Rb2TiFeO3F3,1.97608,-2.71939,40.57434,30.00000,18.54236,0.05283,0.04157,0.08136
Cs2WBiS3I3,1.71131,-1.11984,76.75611,30.00000,23.07205,0.05284,0.04477,0.07443
Cs2SbZnSe3Br3,1.33254,-1.23168,93.52397,30.00000,25.33672,0.05286,0.04620,0.09633
Cs2MoAgS3I3,1.35971,-1.07366,93.53454,30.00000,25.29367,0.05286,0.04625,0.08852
Cs2SnVSe3I3,1.14304,-1.17224,82.80046,30.00000,24.07687,0.05287,0.04498,0.51180
Cs2MoInSe3Br3,1.27159,-1.35078,92.05311,30.00000,25.18424,0.05288,0.04598,0.13306
Cs2AgGaBr3I3,1.14486,-1.29145,83.93404,30.00000,24.16449,0.05289,0.04514,0.49040
Rb2TiWO6,2.04148,-2.79143,30.99365,30.00000,17.31772,0.05290,0.04086,0.08362
Cs2VFeSe3I3,1.18836,-1.20979,88.02130,30.00000,24.69249,0.05292,0.04562,0.30909
Cs2SnZnCl3I3,1.47049,-1.40249,92.92277,30.00000,25.12056,0.05292,0.04618,0.07393
Cs2SnBiS3I3,1.67022,-1.01659,81.41120,30.00000,23.54406,0.05292,0.04522,0.07419
K2GeGaS3Cl3,2.18829,-1.37578,9.98021,30.00000,14.75753,0.05293,0.03948,0.09015
Cs2WGaSe3Br3,1.58039,-1.36334,88.10646,30.00000,24.45788,0.05295,0.04582,0.07301
Rb2CrMoO6,2.00295,-2.11515,37.28095,30.00000,18.03615,0.05296,0.04142,0.08222
Cs2WAgO3I3,1.56663,-1.42023,89.75207,30.00000,24.65119,0.05300,0.04600,0.07298
K2SnCrO6,2.25633,-2.07151,0.14106,30.00000,13.50047,0.05300,0.03881,0.09297
Cs2ZrMoSe6,1.28343,-1.35617,93.94090,30.00000,25.25189,0.05302,0.04622,0.12636
Cs2MoWSe6,1.15217,-1.05257,85.43839,30.00000,24.31347,0.05303,0.04532,0.43866
K2MoGaO3Cl3,2.24665,-1.84778,2.24001,30.00000,13.72962,0.05303,0.03903,0.09303
Cs2TaCuO3I3,1.50167,-1.92344,93.04615,30.00000,25.07421,0.05303,0.04626,0.07305
Cs2SbAgBr3I3,1.10236,-1.22607,79.33562,30.00000,23.56068,0.05304,0.04459,0.74515
Cs2MoBiO3I3,1.60339,-1.42037,87.21409,30.00000,24.30125,0.05304,0.04578,0.07353
Na2GeSbO3F3,2.18726,-2.24810,9.97938,30.00000,14.69113,0.05305,0.03949,0.09015
Cs2MnGaSe3I3,1.17472,-1.19306,87.25170,30.00000,24.46808,0.05307,0.04555,0.36098
Cs2SnCrS3I3,1.36015,-1.15377,95.32901,30.00000,25.35458,0.05310,0.04644,0.08750
Cs2SnGeCl3I3,1.38562,-1.34107,95.79808,30.00000,25.34819,0.05312,0.04655,0.08272
Cs2SbZnS3I3,1.48538,-1.06061,93.66041,30.00000,25.10598,0.05313,0.04628,0.07461
K2GeFeCl3I3,0.92028,-1.28989,5.27803,30.00000,14.08235,0.05314,0.03468,0.52141
Cs2GeZnBr3I3,1.17891,-1.32657,88.28519,30.00000,24.59426,0.05315,0.04563,0.34777
Cs2SnVS3I3,1.34945,-1.23078,95.45955,30.00000,25.31949,0.05316,0.04644,0.09155
Cs2SnMnCl3I3,1.27553,-1.40310,93.97200,30.00000,25.18840,0.05317,0.04631,0.13731
Cs2AgGaCl3I3,1.35686,-1.38176,95.95522,30.00000,25.38441,0.05318,0.04654,0.08878
Cs2TiCrSe3I3,1.17724,-1.37062,88.62533,30.00000,24.56229,0.05319,0.04568,0.35021
K2GeMoO6,2.19250,-2.07927,10.09711,30.00000,14.65315,0.05324,0.03958,0.09097
Rb2WGaO3Cl3,2.07411,-1.87787,28.10907,30.00000,16.77872,0.05326,0.04081,0.08550
Cs2MnInS3I3,1.32138,-1.15885,96.26065,30.00000,25.33715,0.05331,0.04657,0.10366
Cs2NbCuS3I3,1.38151,-1.15973,96.84979,30.00000,25.33579,0.05331,0.04667,0.08347
Rb2SnNbO3Cl3,2.06529,-2.22413,28.82540,30.00000,16.87031,0.05332,0.04081,0.08545
Rb2MnGaO3F3,1.98867,-2.47058,40.49149,30.00000,18.28450,0.05332,0.04177,0.08303
Cs2SnCrSe3I3,1.11783,-1.12397,82.70001,30.00000,23.73637,0.05334,0.04502,0.70130
Cs2NbSbSe6,1.20099,-1.04446,91.24876,30.00000,24.78025,0.05335,0.04599,0.27062
Cs2SnNbS3I3,1.57634,-1.23387,91.28132,30.00000,24.56616,0.05339,0.04628,0.07373
Cs2MnSbCl3I3,1.23470,-1.41969,93.68508,30.00000,25.00537,0.05340,0.04626,0.19169
Cs2ZrGaSe3Br3,1.34811,-1.69449,97.10261,30.00000,25.35270,0.05341,0.04669,0.09349
Cs2GeSbSe3Br3,1.46265,-1.11300,96.41744,30.00000,25.21013,0.05343,0.04668,0.07581
Cs2TaZnO3I3,1.55412,-1.97099,92.85602,30.00000,24.75548,0.05344,0.04645,0.07349
Cs2BiAgI6,1.03387,-1.07502,66.06639,30.00000,21.54259,0.05345,0.04305,0.74032
Rb2GeWO3S3,2.04792,-1.61984,32.96930,30.00000,17.27677,0.05347,0.04131,0.08497
Rb2NbZnO3F3,2.02820,-2.71816,35.56322,30.00000,17.59098,0.05348,0.04143,0.08451
Cs2MoFeS3I3,1.42623,-1.10531,97.37209,30.00000,25.26818,0.05353,0.04684,0.07884
K2ZrSbO3F3,2.26739,-2.75422,0.21256,30.00000,13.30417,0.05353,0.03897,0.09545
Cs2ZrFeS3I3,1.36728,-1.38140,97.83791,30.00000,25.35656,0.05355,0.04678,0.08845
Cs2CrWSe6,1.16281,-1.16580,89.22661,30.00000,24.36820,0.05357,0.04580,0.41966
Cs2MoGaSe3Br3,1.27479,-1.35368,96.64757,30.00000,25.24154,0.05357,0.04668,0.13335
Cs2TiInSe3Br3,1.28802,-1.67603,96.87598,30.00000,25.19532,0.05359,0.04669,0.12371
Cs2GeVSe3I3,1.17125,-1.16582,89.91828,30.00000,24.49179,0.05359,0.04593,0.38880
Cs2CrMoS3I3,1.40693,-1.18550,97.79713,30.00000,25.30594,0.05360,0.04678,0.08118
Cs2SnGaSe3Br3,1.54637,-1.24102,94.25373,30.00000,24.79658,0.05362,0.04659,0.07372
Cs2NbZnSe3Br3,1.25567,-1.45788,96.50364,30.00000,25.14218,0.05363,0.04667,0.15567
Cs2MnBiSe3I3,1.06933,-1.09824,76.00959,30.00000,22.66885,0.05363,0.04425,0.76111
Cs2ZrCrS3I3,1.41475,-1.44328,98.26723,30.00000,25.29374,0.05363,0.04687,0.07945
K2TiSbO3Cl3,2.26794,-2.07730,0.16988,30.00000,13.28352,0.05364,0.03901,0.09533
Rb2MoBiO3F3,2.09026,-2.28653,26.74534,30.00000,16.46862,0.05365,0.04080,0.08701
Cs2SnNbSe3Br3,1.18098,-1.44896,91.14759,30.00000,24.53873,0.05369,0.04605,0.35760
Cs2GeInSe3Br3,1.47274,-1.24902,97.93587,30.00000,25.17935,0.05372,0.04695,0.07586
Cs2TiSbSe3Br3,1.24302,-1.48128,95.32437,30.00000,24.98336,0.05374,0.04653,0.17880
Cs2SnFeF3I3,1.39188,-1.95068,99.15748,30.00000,25.39046,0.05374,0.04703,0.08182
Cs2NbMnS3I3,1.45850,-1.26343,97.77875,30.00000,25.19124,0.05375,0.04690,0.07593
Rb2GeTaO3F3,2.03311,-2.68420,36.11351,30.00000,17.47582,0.05375,0.04154,0.08555
Cs2CrAgS3I3,1.29994,-1.12334,98.02257,30.00000,25.30941,0.05376,0.04685,0.11566
Cs2TaMnS3I3,1.63167,-1.27094,89.28106,30.00000,24.02539,0.05376,0.04616,0.07479
Cs2SbZnO3I3,1.45078,-1.34476,98.77409,30.00000,25.27316,0.05377,0.04698,0.07708
Rb2SnMoO6,2.06017,-2.08165,32.18251,30.00000,17.03616,0.05378,0.04132,0.08658
Cs2MnZnCl3I3,1.36683,-1.52183,99.66905,30.00000,25.39693,0.05378,0.04700,0.08697
Rb2WFeO3F3,2.07280,-2.53444,29.96912,30.00000,16.79843,0.05379,0.04107,0.08650
Cs2FeSbO3I3,1.39836,-1.34287,99.85537,30.00000,25.35403,0.05381,0.04708,0.08293
Cs2SnZnBr3I3,1.09285,-1.32609,81.35271,30.00000,23.23873,0.05381,0.04497,0.76617
Cs2TiSbS3I3,1.54382,-1.33967,95.46281,30.00000,24.77554,0.05382,0.04676,0.07435
Cs2NbFeSe3Br3,1.26909,-1.41997,97.53746,30.00000,25.17569,0.05382,0.04681,0.14320
Cs2MnSbF3I3,1.46070,-2.04798,98.93961,30.00000,25.23394,0.05383,0.04703,0.07610
Cs2NbMnSe3Br3,1.27319,-1.52804,97.63775,30.00000,25.19671,0.05383,0.04680,0.13433
Cs2MoSbO3I3,1.55338,-1.41860,95.53574,30.00000,24.73736,0.05384,0.04680,0.07407
Cs2MoInS3I3,1.60139,-1.13588,92.18666,30.00000,24.35758,0.05385,0.04647,0.07486
Cs2MoAgO3I3,1.47100,-1.36304,98.54676,30.00000,25.13100,0.05389,0.04704,0.07579
Cs2AgGaI6,1.05805,-1.15847,74.32326,30.00000,22.36017,0.05389,0.04411,0.76129
Cs2MoFeSe3Br3,1.25111,-1.25482,97.23157,30.00000,25.07844,0.05390,0.04678,0.16068
Cs2MnSbO3I3,1.40924,-1.46228,99.96026,30.00000,25.31682,0.05392,0.04713,0.08085
Rb2SnMoO3S3,2.07938,-1.75791,29.26496,30.00000,16.61746,0.05394,0.04109,0.08727
Cs2GeSbS3I3,1.53316,-0.98471,96.55185,30.00000,24.79571,0.05399,0.04694,0.07430
Rb2ZrGaO3Cl3,2.05685,-2.33778,33.39443,30.00000,17.06293,0.05400,0.04149,0.08602
Rb2ZrFeO3F3,2.03337,-2.76286,36.45196,30.00000,17.45217,0.05400,0.04163,0.08567
Cs2SnSbO3I3,1.59550,-1.34195,93.17962,30.00000,24.39323,0.05403,0.04667,0.07449
Cs2ZrFeSe3Br3,1.24628,-1.60627,97.69681,30.00000,25.01911,0.05404,0.04689,0.17242
Rb2TaSbO6,2.09005,-2.58574,27.71708,30.00000,16.36178,0.05405,0.04102,0.08774
Cs2VZnS3I3,1.38564,-1.21144,101.34280,30.00000,25.36518,0.05406,0.04737,0.08408
Cs2NbFeS3I3,1.52596,-1.23332,97.67836,30.00000,24.89186,0.05406,0.04705,0.07442
Cs2SnInS3I3,1.64177,-1.06985,90.00822,30.00000,23.91500,0.05406,0.04639,0.07519
Cs2MnCuCl3I3,1.28653,-1.36506,99.88850,30.00000,25.23869,0.05411,0.04710,0.12568
Cs2GeCrSe3I3,1.13707,-1.09785,89.80579,30.00000,24.04883,0.05412,0.04595,0.56463
Cs2CrMoSe3Br3,1.22298,-1.32388,97.65615,30.00000,24.98078,0.05412,0.04690,0.20582
Cs2TaMnO3I3,1.59699,-2.03313,93.90013,30.00000,24.37925,0.05413,0.04676,0.07469
Cs2MoWS3Se3,1.51070,-1.11823,99.00543,30.00000,25.00508,0.05415,0.04714,0.07484
Cs2VCuS3I3,1.41665,-1.16824,101.56951,30.00000,25.34737,0.05415,0.04735,0.07925
Cs2FeMnSe3I3,1.12160,-1.16412,87.64580,30.00000,23.80581,0.05419,0.04575,0.64779
K2GeFeS3Br3,0.91687,-1.20664,6.28681,30.00000,13.79424,0.05420,0.03490,0.52673
Cs2SnFeO3I3,1.49592,-1.29892,100.18291,30.00000,25.09299,0.05420,0.04727,0.07541
Cs2MnGaS3I3,1.30989,-1.16047,101.28937,30.00000,25.29600,0.05422,0.04726,0.11413
Rb2GeZnO3S3,2.00674,-1.66450,41.47446,30.00000,17.91599,0.05424,0.04217,0.08491
Cs2AgGaF3I3,1.45424,-1.97329,101.33160,30.00000,25.21161,0.05425,0.04740,0.07774
Cs2WAgS3I3,1.69827,-1.08267,85.57553,30.00000,23.21291,0.05426,0.04605,0.07684
Cs2TaCuSe3Cl3,1.41667,-1.43007,102.17797,30.00000,25.31512,0.05427,0.04748,0.08009
Cs2TiGaSe3Br3,1.36901,-1.63590,101.98016,30.00000,25.33549,0.05430,0.04740,0.08891
Rb2SnBiO3F3,2.11208,-2.36704,25.69071,30.00000,16.02521,0.05431,0.04102,0.08994
Rb2FeSbS3I3,0.93669,-0.95080,19.04906,30.00000,15.24654,0.05433,0.03661,0.57575
Cs2SnMnF3I3,1.52797,-2.06549,99.26094,30.00000,24.89534,0.05433,0.04723,0.07515
Cs2NbCuO3I3,1.44753,-1.84200,102.32870,30.00000,25.29642,0.05435,0.04752,0.07783
Cs2ZrWS3Se3,1.52307,-1.39283,99.48851,30.00000,24.90511,0.05435,0.04731,0.07524
K2MnBiSe6,0.90286,-0.95489,0.35560,30.00000,12.95590,0.05435,0.03404,0.50206
Cs2VMnS3I3,1.41675,-1.27337,102.59229,30.00000,25.35311,0.05436,0.04749,0.07972
K2SnNbO3F3,2.28610,-2.70953,0.21953,30.00000,13.01294,0.05436,0.03932,0.09848
Cs2SnZnF3I3,1.54735,-2.03443,98.09097,30.00000,24.74816,0.05438,0.04710,0.07477
Cs2SnInO3I3,1.61505,-1.45558,94.67679,30.00000,24.26291,0.05439,0.04689,0.07538
Cs2VZnSe3I3,1.10701,-1.21604,87.18092,30.00000,23.53844,0.05444,0.04576,0.77402
Cs2TiFeS3I3,1.31229,-1.34850,102.83127,30.00000,25.32021,0.05448,0.04749,0.10987
Rb2ZrMoO6,2.05794,-2.73992,34.09278,30.00000,16.96312,0.05449,0.04164,0.08778
Cs2VFeS3I3,1.30965,-1.21738,102.48179,30.00000,25.27351,0.05452,0.04749,0.11337
Cs2TiMoSe6,1.21052,-1.32062,98.53415,30.00000,24.80525,0.05453,0.04704,0.25310
Rb2SnCrO3S3,2.07832,-1.76953,31.78962,30.00000,16.61652,0.05453,0.04157,0.08870
Cs2TaFeSe3Cl3,1.45766,-1.54257,103.09974,30.00000,25.21933,0.05454,0.04766,0.07781
Cs2CrWS3Se3,1.41346,-1.25064,104.14635,30.00000,25.33226,0.05454,0.04769,0.08119
Cs2MnSbS3I3,1.16416,-1.10054,94.72616,30.00000,24.36826,0.05459,0.04661,0.41710
Cs2GeVS3I3,1.38384,-1.19871,104.40649,30.00000,25.40853,0.05459,0.04771,0.08491
Cs2TiCrS3I3,1.45412,-1.42373,103.30550,30.00000,25.22366,0.05460,0.04760,0.07788
Cs2TaCuS3I3,1.69121,-1.19183,88.50904,30.00000,23.36555,0.05462,0.04638,0.07681
Cs2TaMnSe3Cl3,1.47590,-1.59604,103.21137,30.00000,25.19201,0.05465,0.04766,0.07649
Cs2GeCrS3I3,1.39338,-1.12772,104.25814,30.00000,25.33395,0.05465,0.04775,0.08472
Cs2MnInO3I3,1.51487,-1.57488,101.62237,30.00000,25.01511,0.05466,0.04754,0.07549
Cs2CrWO3I3,1.63939,-1.59193,93.60560,30.00000,23.96795,0.05467,0.04687,0.07605
Cs2TaZnSe3Cl3,1.50768,-1.50353,101.94896,30.00000,24.97218,0.05471,0.04766,0.07623
Cs2SnBiO3I3,1.72399,-1.38035,85.24437,30.00000,22.84944,0.05471,0.04615,0.07814
Cs2TaCuS3Br3,1.49575,-1.36871,102.95511,30.00000,25.09295,0.05473,0.04768,0.07649
Cs2TaFeS3Br3,1.46885,-1.46573,103.89207,30.00000,25.19040,0.05474,0.04778,0.07708
Cs2VNbSe6,1.19050,-1.27252,98.52608,30.00000,24.67276,0.05474,0.04714,0.30604
Cs2CrMoSe6,1.18690,-1.16888,98.07651,30.00000,24.61133,0.05476,0.04704,0.31270
Cs2VTaS3Se3,1.33940,-1.32249,105.00250,30.00000,25.37269,0.05476,0.04777,0.09892
Cs2TiInS3I3,1.60435,-1.39767,97.01493,30.00000,24.33049,0.05477,0.04717,0.07579
Cs2GeMnCl3I3,1.24349,-1.41739,102.69721,30.00000,25.10978,0.05477,0.04758,0.17865
Cs2GeBiS3I3,1.69908,-1.00659,88.34594,30.00000,23.22581,0.05478,0.04645,0.07743
Cs2CrAgO3I3,1.48528,-1.43704,103.54576,30.00000,25.12756,0.05479,0.04771,0.07759
Cs2TiWS3Se3,1.45913,-1.38939,104.66325,30.00000,25.23978,0.05480,0.04788,0.07753
Cs2MoMnSe6,1.18193,-1.09937,97.74914,30.00000,24.58534,0.05481,0.04700,0.36618
Cs2ZrInS3I3,1.66034,-1.42440,92.59775,30.00000,23.75788,0.05482,0.04684,0.07676
Rb2MoAgO3F3,2.06656,-2.34398,35.22155,30.00000,16.91125,0.05482,0.04183,0.08808
Cs2MoWO3Se3,1.45468,-1.49066,104.74473,30.00000,25.18898,0.05483,0.04788,0.07765
Cs2MoSbSe3Cl3,1.44276,-1.22969,105.22089,30.00000,25.26341,0.05484,0.04789,0.07983
Cs2MnBiO3Br3,1.37930,-1.55926,106.24348,30.00000,25.39611,0.05486,0.04793,0.08829
Cs2MnZnF3I3,1.37200,-2.06525,105.64151,30.00000,25.35321,0.05487,0.04791,0.08858
Cs2GeTaO3I3,1.62925,-1.94254,95.72008,30.00000,24.08768,0.05488,0.04714,0.07601
Cs2MoSbSe3Br3,1.11473,-1.18292,90.61406,30.00000,23.68285,0.05489,0.04621,0.73839
Cs2MoGaS3I3,1.61111,-1.12287,96.78615,30.00000,24.22141,0.05489,0.04718,0.07642
Cs2SnMoSe6,1.11764,-0.99067,91.25291,30.00000,23.76304,0.05490,0.04626,0.72807
Cs2WSbSe3F3,1.57178,-1.83761,100.52224,30.00000,24.60615,0.05490,0.04759,0.07580
Cs2MoSbS3Br3,1.42410,-1.20906,106.05067,30.00000,25.30039,0.05491,0.04803,0.08035
Cs2GeBiO3I3,1.66306,-1.36071,92.70243,30.00000,23.65467,0.05491,0.04693,0.07690
Cs2GeZnBr6,1.23932,-1.47215,102.08921,30.00000,24.97110,0.05491,0.04752,0.18643
Cs2MnCuF3I3,1.36723,-1.97177,105.88768,30.00000,25.35387,0.05492,0.04797,0.08985
Cs2CrMnS3I3,1.53338,-1.23046,102.44310,30.00000,24.87833,0.05493,0.04774,0.07558
Cs2NbZnS3I3,1.62044,-1.24363,96.64340,30.00000,24.13126,0.05494,0.04727,0.07625
Cs2WInS3I3,1.73960,-1.17730,84.39454,30.00000,22.62811,0.05495,0.04609,0.07842
Cs2TaFeO3I3,1.66157,-1.93216,93.80781,30.00000,23.75504,0.05500,0.04697,0.07670
Cs2WSbO3Br3,1.56647,-1.47676,101.13015,30.00000,24.63179,0.05501,0.04761,0.07625
Cs2WMnS3Se3,1.51349,-1.14826,103.77704,30.00000,24.93509,0.05505,0.04788,0.07649
Cs2GeZnCl3I3,1.55911,-1.40570,101.49118,30.00000,24.65363,0.05508,0.04773,0.07632
Cs2GeNbS3I3,1.59451,-1.24505,99.60295,30.00000,24.37887,0.05508,0.04758,0.07616
Cs2FeMnF3I3,1.41041,-1.99721,106.88024,30.00000,25.34504,0.05512,0.04810,0.08317
Cs2MnGaO3I3,1.41412,-1.57981,107.24211,30.00000,25.33737,0.05512,0.04815,0.08239
Cs2VMnSe3Br3,1.21575,-1.49877,102.44610,30.00000,24.87845,0.05514,0.04761,0.23041
Cs2SnGeF3I3,1.57990,-1.99236,101.08312,30.00000,24.57416,0.05515,0.04769,0.07653
Cs2MnZnBr3I3,1.08347,-1.39410,86.47222,30.00000,22.95562,0.05518,0.04568,0.79652
Cs2MnBiO3Se3,1.45308,-1.43303,106.73131,30.00000,25.26552,0.05519,0.04816,0.07936
Rb2CrMnO3F3,2.04493,-2.55262,40.23684,30.00000,17.28824,0.05520,0.04243,0.08904
Cs2ZrSbS3I3,1.69876,-1.34849,91.14812,30.00000,23.27745,0.05521,0.04688,0.07837
Cs2MnSbSe3I3,1.06239,-1.06761,82.24855,30.00000,22.44974,0.05523,0.04527,0.79086
Cs2CuZnCl3I3,1.15769,-1.31563,98.70338,30.00000,24.40091,0.05528,0.04720,0.42968
Na2ZrGaO3F3,2.28923,-2.68847,2.69333,30.00000,12.96175,0.05529,0.03983,0.10025
Cs2NbZnO3I3,1.57463,-1.94813,102.09867,30.00000,24.55422,0.05530,0.04779,0.07639
Cs2GeGaSe3Br3,1.56797,-1.23312,102.95116,30.00000,24.64824,0.05531,0.04792,0.07661
Cs2WFeSe3Cl3,1.57277,-1.34543,102.41655,30.00000,24.56841,0.05533,0.04786,0.07637
Cs2MnSbBr3I3,1.05689,-1.31827,81.93861,30.00000,22.32548,0.05534,0.04514,0.78985
Cs2MoAgSe3I3,1.05366,-1.02564,81.52226,30.00000,22.30890,0.05534,0.04517,0.78604
Cs2SnTaS3I3,1.76019,-1.24948,83.85229,30.00000,22.30486,0.05534,0.04625,0.07956
Cs2SnCuF3I3,1.15572,-1.94164,98.30353,30.00000,24.29293,0.05537,0.04715,0.46073
Cs2NbCuSe3I3,1.06186,-1.16964,83.84194,30.00000,22.48887,0.05540,0.04544,0.79698
Cs2TiFeSe3Br3,1.18859,-1.51958,102.68481,30.00000,24.72696,0.05545,0.04768,0.31008
Rb2GeNbO3Cl3,2.06584,-2.17252,38.36194,30.00000,16.94039,0.05546,0.04241,0.08968
Cs2NbMnO3I3,1.56782,-2.05730,103.36680,30.00000,24.63131,0.05548,0.04797,0.07652
Cs2GeSbO3I3,1.59679,-1.32444,101.78071,30.00000,24.39594,0.05548,0.04783,0.07693
Na2GeBiO3F3,2.25328,-2.18328,8.00350,30.00000,13.50719,0.05551,0.04032,0.09792
Rb2ZrInO3Cl3,2.10804,-2.28362,30.52080,30.00000,16.05171,0.05553,0.04183,0.09123
Cs2WSbS3Br3,1.66894,-1.20826,95.76410,30.00000,23.62499,0.05556,0.04735,0.07791
Cs2CrMoO3I3,1.58268,-1.55668,103.38562,30.00000,24.53895,0.05556,0.04801,0.07694
Cs2GeFeF3I3,1.29973,-1.95288,108.67799,30.00000,25.27708,0.05557,0.04839,0.12236
Cs2ZrInO3I3,1.65465,-2.09511,97.54740,30.00000,23.85013,0.05558,0.04753,0.07765
Cs2GeFeO3I3,1.32120,-1.39133,109.86490,30.00000,25.35455,0.05559,0.04850,0.10660
Cs2TiCrSe3Br3,1.18627,-1.63108,103.15854,30.00000,24.64729,0.05563,0.04769,0.34831
Cs2GeNbSe3Br3,1.15145,-1.36939,99.46533,30.00000,24.23319,0.05564,0.04736,0.50582
Cs2ZrCrSe3Br3,1.14177,-1.64074,98.12567,30.00000,24.05389,0.05565,0.04720,0.56467
Cs2WSbSe3Cl3,1.67889,-1.25803,95.09653,30.00000,23.48541,0.05567,0.04728,0.07815
Cs2SnNbS3Br3,1.53210,-1.38678,106.79194,30.00000,24.88890,0.05567,0.04836,0.07738
Cs2GeMoSe6,1.15279,-0.99856,99.57415,30.00000,24.22857,0.05567,0.04737,0.47930
Cs2VCuO3I3,1.51854,-1.71363,107.61380,30.00000,24.93826,0.05572,0.04838,0.07729
Cs2SnCuS3Se3,1.36891,-0.90135,111.27350,30.00000,25.39887,0.05573,0.04866,0.09079
Cs2TaSbS3Se3,1.67211,-1.12192,96.79155,30.00000,23.55033,0.05579,0.04750,0.07845
Rb2MoInO3Cl3,2.11862,-1.90215,30.33573,30.00000,15.94418,0.05581,0.04185,0.09275
Cs2WInO3I3,1.74689,-1.57236,88.48454,30.00000,22.49737,0.05582,0.04681,0.08034
Cs2WGaS3I3,1.74880,-1.16792,88.23553,30.00000,22.50936,0.05582,0.04676,0.08034
Cs2SnVSe3Cl3,1.39178,-1.57684,111.63532,30.00000,25.35017,0.05585,0.04875,0.08653
Cs2FeMnS3I3,1.16748,-1.17325,101.97669,30.00000,24.38996,0.05587,0.04768,0.43877
Cs2GeMnF3I3,1.51900,-2.02526,108.79757,30.00000,24.96741,0.05587,0.04854,0.07734
Na2GeCuF3I3,0.90884,-1.85992,5.90713,30.00000,13.10738,0.05589,0.03483,0.52532
Rb2VNbO6,2.07379,-2.72891,37.64273,30.00000,16.72263,0.05589,0.04247,0.09045
Cs2WAgO3Br3,1.59486,-1.55086,104.42228,30.00000,24.38937,0.05590,0.04823,0.07758
Rb2GeBiO3F3,2.10184,-2.31969,33.82719,30.00000,16.27962,0.05590,0.04226,0.09195
Cs2TaFeS3I3,1.74283,-1.23987,89.19756,30.00000,22.59041,0.05591,0.04689,0.08003
Na2SbCuSe3Br3,0.89925,-1.01403,0.24961,30.00000,12.42288,0.05592,0.03406,0.50208
Cs2WFeS3I3,1.74613,-1.10211,88.64825,30.00000,22.51966,0.05594,0.04673,0.08073
Cs2ZrCrSe6,1.12922,-1.32564,98.54978,30.00000,23.91857,0.05594,0.04733,0.62849
Cs2VSbS3Se3,1.38435,-1.04653,112.69682,30.00000,25.38112,0.05599,0.04886,0.08790
Cs2ZrMoS3Se3,1.47749,-1.38596,110.62822,30.00000,25.15592,0.05599,0.04880,0.07892
Cs2MoSbSe3F3,1.33555,-1.92012,111.90299,30.00000,25.34813,0.05599,0.04884,0.10595
Cs2TaCuO3Br3,1.51877,-2.00484,109.16635,30.00000,24.92059,0.05604,0.04869,0.07801
Rb2TiInO3Cl3,2.10761,-2.33052,33.20098,30.00000,16.14494,0.05604,0.04224,0.09251
Cs2ZrGaS3I3,1.67935,-1.42177,97.24176,30.00000,23.48168,0.05606,0.04769,0.07953
Cs2SnVS3Br3,1.33320,-1.37044,112.57775,30.00000,25.36010,0.05608,0.04887,0.10260
Cs2SnTaS3Br3,1.68799,-1.45772,96.68581,30.00000,23.37308,0.05610,0.04762,0.07940
K2SbCuSe3I3,0.89686,-0.87776,0.49916,30.00000,12.46095,0.05611,0.03410,0.50237
Cs2SnCrS3Se3,1.42171,-1.04795,112.93904,30.00000,25.31787,0.05612,0.04897,0.08184
Cs2ZrBiS3I3,1.79276,-1.36809,83.54035,30.00000,21.82760,0.05612,0.04639,0.08157
K2TiGaO3F3,2.30640,-2.80848,2.76725,30.00000,12.67729,0.05612,0.04029,0.10293
Cs2CrWS3I3,1.75411,-1.22136,89.00080,30.00000,22.38513,0.05614,0.04688,0.08126
Cs2TiBiS3I3,1.76753,-1.35192,87.14855,30.00000,22.22504,0.05614,0.04666,0.08106
Cs2CuZnF3I3,1.16815,-1.95688,104.55683,30.00000,24.46153,0.05619,0.04802,0.39425
Cs2TaMnO3Br3,1.51646,-2.08485,110.34866,30.00000,24.92532,0.05619,0.04887,0.07839
Cs2WBiO3Br3,1.73375,-1.55610,91.82594,30.00000,22.70071,0.05620,0.04719,0.08024
Cs2SnTaO3I3,1.76518,-2.01404,87.91190,30.00000,22.19881,0.05620,0.04682,0.08119
Rb2SnVO3Cl3,2.12244,-2.08639,31.23202,30.00000,15.87049,0.05623,0.04210,0.09296
Cs2MnInSe6,1.10607,-1.10544,96.52801,30.00000,23.51446,0.05624,0.04710,0.80368
Cs2SnCrO3I3,1.66165,-1.52087,100.63294,30.00000,23.72658,0.05628,0.04805,0.07930
Rb2CrWO3F3,2.12850,-2.61255,30.20191,30.00000,15.73698,0.05628,0.04206,0.09338
Rb2CrMoO3F3,2.09356,-2.60279,36.49184,30.00000,16.43589,0.05629,0.04251,0.09264
K2GeGaO3F3,2.24282,-2.41274,12.95579,30.00000,13.76047,0.05631,0.04101,0.09937
Cs2NbTaS3Se3,1.66661,-1.28996,99.97477,30.00000,23.62120,0.05632,0.04792,0.07948
Cs2WFeS3Br3,1.63393,-1.28317,103.20021,30.00000,23.99212,0.05633,0.04830,0.07880
Cs2FeMnO3I3,1.57482,-1.59178,108.07315,30.00000,24.61467,0.05633,0.04866,0.07826
Cs2TiGaS3I3,1.64757,-1.40289,102.12452,30.00000,23.85621,0.05634,0.04818,0.07895
Cs2GeCuF3I3,1.18862,-1.93603,107.68987,30.00000,24.67963,0.05634,0.04839,0.33600
Cs2GeZnF3I3,1.58028,-2.01984,107.44489,30.00000,24.49901,0.05636,0.04864,0.07827
Na2GeGaS3Cl3,2.25605,-1.25409,10.78319,30.00000,13.52886,0.05636,0.04086,0.10144
Cs2GeInS3I3,1.68789,-1.06530,98.07077,30.00000,23.38278,0.05638,0.04784,0.07993
Cs2ZrFeO3I3,1.64146,-2.00070,103.43450,30.00000,23.98187,0.05639,0.04831,0.07900
Cs2FeZnF3I3,1.16698,-1.96792,105.52435,30.00000,24.40049,0.05642,0.04816,0.43255
Rb2GeSbO3F3,2.07359,-2.33431,40.06701,30.00000,16.72031,0.05643,0.04290,0.09190
Cs2NbMnSe3Cl3,1.32658,-1.58279,114.83015,30.00000,25.33649,0.05645,0.04918,0.10970
Cs2SbCuO3I3,1.11517,-1.30910,98.98954,30.00000,23.69285,0.05645,0.04738,0.76715
Cs2SnMoS3Se3,1.60199,-1.01655,106.91160,30.00000,24.36714,0.05645,0.04855,0.07871
Cs2SnTaO3Br3,1.65904,-2.09289,102.14130,30.00000,23.76432,0.05645,0.04822,0.07936
Cs2MoFeSe3Cl3,1.43154,-1.30362,114.26373,30.00000,25.25340,0.05646,0.04918,0.08279
Cs2SnTaSe3Cl3,1.70811,-1.60023,96.00644,30.00000,23.05326,0.05646,0.04763,0.08002
Cs2NbFeSe3Cl3,1.31856,-1.51755,114.69164,30.00000,25.32554,0.05648,0.04917,0.11090
Cs2MoFeS3Br3,1.40967,-1.27708,115.25409,30.00000,25.35385,0.05648,0.04926,0.08431
K2ZrInO3F3,2.31631,-2.79748,2.12422,30.00000,12.49070,0.05649,0.04029,0.10521
Cs2VCuSe3Br3,1.12910,-1.31003,101.42442,30.00000,23.92067,0.05650,0.04772,0.66177
Cs2MoMnS3Se3,1.41766,-1.13531,115.95865,30.00000,25.37226,0.05652,0.04934,0.08396
Cs2NbFeS3Br3,1.37324,-1.41307,115.69018,30.00000,25.38496,0.05654,0.04933,0.09148
Cs2FeCuF3I3,1.15674,-1.91315,105.76998,30.00000,24.36761,0.05656,0.04828,0.45236
Cs2SbAgO3Se3,1.49599,-1.27374,113.23716,30.00000,25.07913,0.05656,0.04915,0.07874
Rb2GeGaO3Cl3,2.06598,-1.85966,41.92773,30.00000,16.92536,0.05656,0.04303,0.09189
Cs2MoFeO3I3,1.65458,-1.51915,102.91096,30.00000,23.81269,0.05657,0.04835,0.07963
Cs2SnNbSe3Cl3,1.61863,-1.61038,105.94939,30.00000,24.14973,0.05660,0.04861,0.07868
K2GeFeSe3Br3,0.90065,-1.20402,5.13727,30.00000,12.81306,0.05661,0.03481,0.52273
Cs2MoBiO3Br3,1.66946,-1.55210,101.24165,30.00000,23.59851,0.05661,0.04817,0.08000
Cs2SnZnI6,1.00318,-1.16187,72.09419,30.00000,20.38203,0.05664,0.04404,0.78302
Cs2NbCuS3Br3,1.27631,-1.33511,114.52457,30.00000,25.20811,0.05666,0.04923,0.14636
Cs2NbCuSe3Cl3,1.24346,-1.40271,113.54724,30.00000,25.10315,0.05667,0.04910,0.18667
Cs2SnSbS3Br3,1.65330,-1.07058,103.15063,30.00000,23.76369,0.05667,0.04833,0.07955
Cs2GeTaS3I3,1.76000,-1.24887,91.09504,30.00000,22.34361,0.05668,0.04716,0.08212
Cs2MoSbO3Br3,1.53810,-1.54198,112.67117,30.00000,24.87039,0.05671,0.04917,0.07862
Cs2GeTaO3Br3,1.54506,-2.01294,112.12579,30.00000,24.78076,0.05671,0.04913,0.07851
Cs2SnGaO3I3,1.69269,-1.49676,99.53592,30.00000,23.30552,0.05671,0.04802,0.08052
Cs2VFeSe3Br3,1.12668,-1.37704,102.33573,30.00000,23.87251,0.05672,0.04783,0.69675
Cs2MoInO3I3,1.71856,-1.59472,97.08864,30.00000,22.99896,0.05673,0.04790,0.08115
Cs2TaSbO3Se3,1.66406,-1.88130,102.25162,30.00000,23.60480,0.05674,0.04825,0.07965
Rb2GeVO3Cl3,2.06983,-1.99472,41.90712,30.00000,16.81606,0.05675,0.04305,0.09250
Cs2SnMnS3Se3,1.22640,-1.06627,112.50510,30.00000,24.98536,0.05676,0.04901,0.21934
Cs2WGaO3I3,1.75501,-1.61295,92.71533,30.00000,22.38461,0.05683,0.04747,0.08214
Cs2NbTaO3Se3,1.63463,-2.13170,105.81198,30.00000,24.01365,0.05685,0.04859,0.07958
Cs2CrMoS3Se3,1.30869,-1.19087,116.41942,30.00000,25.28625,0.05685,0.04946,0.11678
Cs2NbZnSe3Cl3,1.53682,-1.46909,113.26435,30.00000,24.84850,0.05687,0.04930,0.07904
Rb2GeMoO3S3,2.09023,-1.62801,38.98394,30.00000,16.39950,0.05688,0.04300,0.09317
Cs2NbSbS3Se3,1.62619,-1.06132,106.90642,30.00000,24.10966,0.05688,0.04872,0.07883
Rb2GeInO3F3,2.07029,-2.40294,42.26980,30.00000,16.78657,0.05689,0.04323,0.09253
Cs2TiMoS3Se3,1.41884,-1.38984,117.06572,30.00000,25.28953,0.05689,0.04961,0.08439
Cs2GeTaSe3F3,1.56860,-2.23600,111.39565,30.00000,24.61797,0.05690,0.04921,0.07887
Cs2GeCrO3I3,1.59314,-1.48632,110.38573,30.00000,24.45503,0.05691,0.04903,0.07920
Cs2SbZnO3Br3,1.42002,-1.53284,117.23231,30.00000,25.31767,0.05691,0.04957,0.08411
Cs2MnCuBr3I3,1.05025,-1.31227,86.63808,30.00000,21.89400,0.05695,0.04598,0.81751
Cs2ZrWO3Se3,1.64786,-2.08147,105.28878,30.00000,23.81053,0.05699,0.04864,0.07993
Cs2VNbS3Se3,1.31669,-1.28277,117.05511,30.00000,25.26766,0.05700,0.04956,0.11279
Cs2CrWO3Br3,1.59767,-1.68947,110.00255,30.00000,24.33673,0.05704,0.04909,0.07957
Cs2SnWS3Se3,1.73624,-1.06040,96.47396,30.00000,22.73197,0.05705,0.04788,0.08188
Cs2MnGaSe6,1.11072,-1.07901,101.58900,30.00000,23.53342,0.05706,0.04780,0.81536
Cs2GeTaS3Br3,1.64919,-1.41560,105.81382,30.00000,23.79814,0.05708,0.04870,0.08027
Cs2SnInO3Br3,1.58744,-1.58962,111.31374,30.00000,24.46767,0.05708,0.04917,0.07912
Cs2MoAgO3Br3,1.47919,-1.50702,116.55710,30.00000,25.09445,0.05708,0.04962,0.08092
Cs2SnGaS3I3,1.74958,-1.07364,94.38974,30.00000,22.48617,0.05713,0.04771,0.08228
Cs2GeTaSe3Cl3,1.66130,-1.51780,105.02057,30.00000,23.70573,0.05714,0.04871,0.08035
Rb2GeCrO3S3,2.07056,-1.66443,42.74427,30.00000,16.75492,0.05715,0.04324,0.09319
Cs2FeSbO3Br3,1.41431,-1.50479,118.76357,30.00000,25.30524,0.05716,0.04982,0.08590
Cs2GeZnI6,1.01586,-1.14411,77.82179,30.00000,20.76806,0.05718,0.04485,0.79753
Cs2GeNbS3Br3,1.48736,-1.38054,117.57418,30.00000,25.12291,0.05721,0.04974,0.08087
Cs2VFeO3I3,1.63201,-1.82143,108.63904,30.00000,24.04611,0.05724,0.04899,0.07993
Cs2TaZnS3I3,1.79898,-1.24622,88.33673,30.00000,21.70531,0.05724,0.04719,0.08394
Cs2SnFeO3Br3,1.40153,-1.44256,119.23375,30.00000,25.30907,0.05726,0.04984,0.08625
Cs2MnSbO3Se3,1.38182,-1.41999,119.50785,30.00000,25.37509,0.05728,0.04995,0.09069
Cs2TiCrSe6,1.11183,-1.33210,103.62154,30.00000,23.67357,0.05729,0.04803,0.82075
Cs2SnVSe3Br3,1.06729,-1.43521,95.32111,30.00000,22.71979,0.05730,0.04712,0.83778
Cs2MnSbO3Br3,1.44096,-1.58652,118.91220,30.00000,25.23712,0.05730,0.04986,0.08303
Cs2VCuSe3Cl3,1.36983,-1.41391,120.10734,30.00000,25.37967,0.05731,0.04998,0.09252
Cs2VZnSe3Cl3,1.34614,-1.47662,119.79124,30.00000,25.34407,0.05732,0.04996,0.10079
Cs2WFeSe3F3,1.63979,-1.97888,108.74170,30.00000,23.96068,0.05738,0.04905,0.08053
Rb2GeFeS3Br3,0.93244,-1.22118,29.59351,30.00000,15.18025,0.05738,0.03824,0.62189
Cs2NbFeO3I3,1.69761,-1.94308,103.25466,30.00000,23.28331,0.05745,0.04864,0.08186
Cs2SnMnO3Se3,1.44307,-1.47176,119.98360,30.00000,25.26584,0.05746,0.05000,0.08308
Cs2SbCuS3I3,1.06100,-0.91470,93.85440,30.00000,22.45998,0.05746,0.04691,0.83667
Cs2VZnO3I3,1.65865,-1.79992,107.35972,30.00000,23.70928,0.05748,0.04899,0.08080
Cs2TiSbSe3Cl3,1.61405,-1.69451,111.63965,30.00000,24.26330,0.05748,0.04938,0.08028
Cs2GeInO3I3,1.69353,-1.46578,103.42379,30.00000,23.27768,0.05748,0.04867,0.08183
Cs2CrMnSe6,1.10493,-1.15365,102.75329,30.00000,23.46966,0.05748,0.04798,0.83185
Cs2TaZnO3Br3,1.63870,-2.05320,108.90517,30.00000,23.94405,0.05750,0.04918,0.08080
Cs2CrWO3Se3,1.62533,-1.63477,110.52134,30.00000,24.06701,0.05750,0.04931,0.08032
Cs2VCuS3Br3,1.35847,-1.32800,121.20909,30.00000,25.37645,0.05750,0.05010,0.09845
Li2GeGaO3F3,2.24965,-2.21915,16.11895,30.00000,13.69425,0.05750,0.04174,0.10296
Cs2GeVO3I3,1.62267,-1.86044,110.55072,30.00000,24.11879,0.05753,0.04920,0.08023
Cs2ZrGaO3I3,1.69961,-2.12516,102.71396,30.00000,23.17768,0.05753,0.04857,0.08148
Cs2VFeSe3Cl3,1.33265,-1.52298,121.38940,30.00000,25.37892,0.05754,0.05014,0.10830
Cs2GeGaO3I3,1.64454,-1.43817,109.02173,30.00000,23.91402,0.05755,0.04913,0.08046
Cs2NbSbO3Se3,1.58545,-1.88496,113.63154,30.00000,24.41847,0.05756,0.04951,0.07991
Cs2MnGaSe3Cl3,1.27982,-1.46782,119.51912,30.00000,25.17899,0.05759,0.04997,0.14059
Cs2MnGaS3Se3,1.40849,-1.11803,121.20493,30.00000,25.29490,0.05760,0.05013,0.08798
Rb2TiBiO3Cl3,2.18099,-2.27148,26.58191,30.00000,14.79425,0.05762,0.04235,0.09895
Cs2VZnS3Br3,1.31938,-1.40909,120.88691,30.00000,25.29512,0.05762,0.05007,0.11350
Cs2VMnSe3Cl3,1.35568,-1.58005,121.54454,30.00000,25.31988,0.05764,0.05017,0.09999
Cs2GeNbSe3Cl3,1.56060,-1.49141,116.57946,30.00000,24.67575,0.05768,0.04984,0.08019
Cs2TiFeO3I3,1.65119,-1.99704,109.03334,30.00000,23.81335,0.05769,0.04921,0.08097
Cs2MnInO3Br3,1.46860,-1.68678,121.08024,30.00000,25.22562,0.05770,0.05025,0.08106
Cs2NbCuO3Br3,1.38644,-1.95828,122.29145,30.00000,25.37109,0.05773,0.05026,0.09072
Cs2GeMoS3Se3,1.54541,-1.01556,117.69819,30.00000,24.77437,0.05773,0.05003,0.08081
Cs2ZrBiO3I3,1.81785,-2.02143,87.58261,30.00000,21.35079,0.05774,0.04730,0.08443
Cs2GeCrSe6,1.09991,-1.03849,104.56859,30.00000,23.46280,0.05774,0.04826,0.84810
Cs2GeWS3Se3,1.69103,-1.02530,105.58991,30.00000,23.33739,0.05777,0.04890,0.08227
Cs2GeCuS3Se3,1.36751,-0.90504,122.80882,30.00000,25.38162,0.05779,0.05034,0.09590
Cs2MnGaS3Br3,1.26543,-1.34027,120.59951,30.00000,25.14171,0.05783,0.05007,0.15745
Rb2TiMoO6,2.12251,-2.76654,37.65402,30.00000,15.91954,0.05785,0.04323,0.09698
Cs2GeVSe3Cl3,1.36113,-1.48606,123.23182,30.00000,25.40842,0.05788,0.05036,0.09676
Cs2SnCrSe6,1.05993,-1.03372,95.59286,30.00000,22.39240,0.05788,0.04713,0.84728
Rb2SbCuSe3I3,0.91016,-0.92126,16.25556,30.00000,13.53587,0.05791,0.03635,0.56941
Cs2MoFeSe3F3,1.47421,-2.02683,122.19232,30.00000,25.17096,0.05792,0.05037,0.08175
Cs2GeSbS3Br3,1.62791,-1.05213,113.33137,30.00000,24.08270,0.05799,0.04967,0.08146
Cs2MnGaSe3Br3,1.08239,-1.36346,101.14588,30.00000,23.00144,0.05799,0.04792,0.84761
K2TiSbO3F3,2.35804,-2.77481,0.19498,30.00000,11.83458,0.05801,0.04077,0.11380
Rb2ZrCrO3F3,2.12939,-2.83720,36.79571,30.00000,15.73563,0.05802,0.04318,0.09708
Cs2VMnS3Br3,1.28425,-1.50781,122.67459,30.00000,25.23047,0.05803,0.05031,0.13737
Cs2TaFeO3Br3,1.66333,-2.03740,110.22099,30.00000,23.71890,0.05803,0.04946,0.08172
Cs2CrAgSe3I3,1.02597,-1.07027,84.89911,30.00000,21.10636,0.05806,0.04586,0.82295
K2TiInO3F3,2.34668,-2.80705,2.34591,30.00000,12.01201,0.05807,0.04108,0.11245
Cs2WFeO3I3,1.79751,-1.51622,93.21589,30.00000,21.74361,0.05813,0.04793,0.08557
Cs2GeMnBr3I3,1.03670,-1.32010,89.19620,30.00000,21.64072,0.05816,0.04638,0.83146
Cs2SnCuO3Se3,1.19915,-1.29517,118.58318,30.00000,24.77154,0.05820,0.04995,0.32658
Na2SnFeSe3Br3,0.88769,-1.12503,0.21458,30.00000,11.75100,0.05823,0.03406,0.50355
Cs2TaSbS6,1.62352,-1.12817,114.55730,30.00000,24.09946,0.05827,0.04980,0.08119
Cs2ZrWS6,1.58451,-1.51042,118.44146,30.00000,24.50637,0.05829,0.05016,0.08085
Cs2ZrSbO3I3,1.78827,-1.99943,95.98292,30.00000,21.90675,0.05842,0.04825,0.08544
Rb2GeGaO3F3,2.08133,-2.40141,46.87686,30.00000,16.66168,0.05844,0.04417,0.09541
Cs2GeMnS3Se3,1.26613,-1.06808,124.25521,30.00000,25.15809,0.05844,0.05060,0.16173
Cs2GeVS3Br3,1.26130,-1.36651,124.35134,30.00000,25.17042,0.05845,0.05057,0.16534
Cs2VMnO3I3,1.69154,-1.99225,108.76316,30.00000,23.29855,0.05845,0.04943,0.08286
Cs2NbCuSe3Br3,1.05381,-1.35910,96.70982,30.00000,22.19604,0.05845,0.04742,0.85503
Cs2SnFeO3Se3,1.57608,-1.32043,119.83242,30.00000,24.55376,0.05847,0.05040,0.08100
Cs2VFeS3Br3,1.22641,-1.41366,122.51640,30.00000,24.95715,0.05852,0.05041,0.22687
Cs2SnVSe3F3,1.58656,-2.20925,119.19178,30.00000,24.44234,0.05852,0.05033,0.08189
Cs2VZnSe3Br3,1.06400,-1.41333,101.19794,30.00000,22.62724,0.05857,0.04797,0.86558
Cs2CrMnO3I3,1.69631,-1.70477,108.59688,30.00000,23.20264,0.05858,0.04945,0.08375
Cs2SnMoO3Se3,1.65936,-1.48507,113.63720,30.00000,23.75320,0.05862,0.04991,0.08272
Cs2TiCrS3Se3,1.24273,-1.38296,124.34284,30.00000,25.04912,0.05862,0.05065,0.19562
Cs2GeCrS3Se3,1.51574,-1.04912,124.76455,30.00000,25.03473,0.05862,0.05086,0.08150
Cs2MnInO3Se3,1.56823,-1.55621,121.69015,30.00000,24.64245,0.05867,0.05055,0.08153
Cs2SbCuO3Br3,1.15575,-1.44589,117.53541,30.00000,24.31097,0.05871,0.04991,0.50147
Cs2TiInO3I3,1.75311,-2.07683,102.46329,30.00000,22.43510,0.05871,0.04893,0.08522
Cs2MnBiO3Cl3,1.47997,-1.77861,126.94324,30.00000,25.11956,0.05880,0.05112,0.08362
Cs2VSbSe6,1.03720,-1.02768,95.42594,30.00000,21.88222,0.05881,0.04729,0.85591
Cs2MnGaO3Br3,1.40954,-1.70960,129.16221,30.00000,25.33596,0.05886,0.05123,0.08903
Cs2VSbO3Se3,1.60614,-1.74273,120.19787,30.00000,24.31888,0.05888,0.05057,0.08219
Cs2SnWO3Se3,1.76787,-1.50772,101.91710,30.00000,22.24883,0.05891,0.04900,0.08593
Cs2GeNbO3I3,1.74094,-1.96727,105.17820,30.00000,22.62925,0.05893,0.04919,0.08462
Cs2SnCuCl3I3,1.03430,-1.30840,93.11381,30.00000,21.60625,0.05893,0.04698,0.85121
Cs2MoFeO3Br3,1.56842,-1.64387,123.12222,30.00000,24.60599,0.05894,0.05084,0.08218
Cs2CrAgO3Br3,1.56508,-1.59237,123.65358,30.00000,24.65719,0.05896,0.05088,0.08203
Cs2ZrSbSe3Cl3,1.74235,-1.68498,105.77013,30.00000,22.64330,0.05901,0.04931,0.08488
Cs2ZrInO3Br3,1.66683,-2.15636,115.31926,30.00000,23.66907,0.05904,0.05020,0.08389
Cs2SnVO3I3,1.77516,-1.85082,100.77724,30.00000,22.10968,0.05904,0.04889,0.08633
Cs2NbFeO3Br3,1.56932,-2.03801,123.62222,30.00000,24.62505,0.05904,0.05086,0.08206
Cs2SnSbO3Br3,1.71756,-1.51743,109.40523,30.00000,23.03917,0.05906,0.04963,0.08454
Na2TiInO3F3,2.36267,-2.77495,2.56249,30.00000,11.78301,0.05909,0.04131,0.11645
Cs2SbCuSe3Cl3,1.09250,-1.16320,109.44129,30.00000,23.23680,0.05915,0.04899,0.87154
Cs2ZrFeO3Br3,1.58161,-2.06231,123.88717,30.00000,24.50699,0.05916,0.05096,0.08262
Cs2CrMoO3Br3,1.58171,-1.68129,123.80319,30.00000,24.53398,0.05917,0.05101,0.08262
Cs2SnFeSe3Cl3,1.09895,-1.27800,110.90823,30.00000,23.41901,0.05918,0.04918,0.86639
Cs2NbMnO3Br3,1.57917,-2.10489,123.78325,30.00000,24.53854,0.05918,0.05099,0.08259
Rb2SnCrO3F3,2.17078,-2.41230,34.56964,30.00000,15.05732,0.05920,0.04365,0.10149
Cs2GeNbSe3F3,1.58658,-2.23238,124.51522,30.00000,24.50749,0.05935,0.05107,0.08278
Cs2VCuSe3F3,1.50923,-2.19513,128.90244,30.00000,24.99013,0.05939,0.05141,0.08336
Na2TiGaO3F3,2.36515,-2.65983,3.07073,30.00000,11.73519,0.05944,0.04160,0.11649
Cs2VCuO3Br3,1.49487,-1.89518,129.94619,30.00000,25.03086,0.05945,0.05161,0.08416
Cs2VTaS6,1.56957,-1.45218,126.26533,30.00000,24.59948,0.05953,0.05129,0.08284
Cs2GeWO3Se3,1.71190,-1.48246,111.88805,30.00000,23.00560,0.05954,0.04998,0.08532
Cs2GeFeO3Br3,1.30270,-1.57467,132.20434,30.00000,25.30412,0.05958,0.05164,0.13046
K2BiAgI6,0.88204,-0.95910,1.76440,30.00000,11.50984,0.05958,0.03439,0.51205
Cs2SnZnO3Se3,1.66503,-1.32272,118.27499,30.00000,23.64665,0.05964,0.05061,0.08428
Cs2SnGaO3Br3,1.66920,-1.63390,118.10746,30.00000,23.63298,0.05964,0.05063,0.08463
Cs2ZrGaSe3F3,1.63787,-2.29323,121.71332,30.00000,24.02281,0.05965,0.05091,0.08383
Cs2SnNbO3I3,1.82869,-1.99988,96.13050,30.00000,21.22809,0.05965,0.04862,0.08934
Cs2WMnO3Se3,1.73311,-1.59191,110.10572,30.00000,22.77435,0.05965,0.04985,0.08621
Cs2GeBiO3Br3,1.75185,-1.55867,108.04798,30.00000,22.45671,0.05970,0.04970,0.08672
Cs2CrMoO3Se3,1.61069,-1.60268,124.44319,30.00000,24.26319,0.05971,0.05119,0.08365
Cs2TiWS6,1.59241,-1.51853,125.86251,30.00000,24.42162,0.05972,0.05136,0.08354
Cs2SnSbSe3Cl3,1.78810,-1.20806,102.36812,30.00000,21.84651,0.05976,0.04918,0.08779
Cs2SnBiO3Br3,1.81377,-1.52016,98.59430,30.00000,21.46002,0.05976,0.04891,0.08872
Cs2FeMnS3Se3,1.14685,-1.12577,122.42101,30.00000,24.17078,0.05984,0.05062,0.60339
Cs2GeFeS3Se3,1.15999,-0.95009,124.09915,30.00000,24.37555,0.05987,0.05084,0.47845
Cs2GeGaS3I3,1.79080,-1.07204,103.09114,30.00000,21.84646,0.05988,0.04930,0.08793
Cs2VFeO3Br3,1.51568,-1.93430,131.45081,30.00000,24.96438,0.05993,0.05178,0.08410
Cs2SnGaSe3F3,1.68741,-2.00309,117.26444,30.00000,23.36071,0.05993,0.05060,0.08525
Cs2GeCuO3Se3,1.24484,-1.36544,131.41818,30.00000,25.03326,0.05994,0.05171,0.18872
Cs2SnGeBr3I3,0.99639,-1.31150,83.94984,30.00000,20.08300,0.05995,0.04580,0.83015
Cs2MnSbS3Se3,1.08314,-1.01347,112.08834,30.00000,23.03089,0.05996,0.04947,0.89079
K2MoGaO3F3,2.37422,-2.38790,2.55833,30.00000,11.50877,0.05996,0.04177,0.12066
Cs2GeSbSe3F3,1.67294,-1.89807,119.77034,30.00000,23.60691,0.05997,0.05085,0.08534
Cs2ZrCrO3Se3,1.62289,-2.10364,125.22448,30.00000,24.17479,0.06007,0.05142,0.08380
Cs2GeMnO3Se3,1.50473,-1.48854,133.07661,30.00000,25.00487,0.06007,0.05198,0.08500
Cs2NbTaS6,1.68246,-1.43509,119.05250,30.00000,23.46969,0.06014,0.05089,0.08552
Cs2SnCrSe3Br3,1.02443,-1.31281,95.19069,30.00000,21.09998,0.06016,0.04731,0.86065
Cs2ZrCrO3I3,1.79339,-2.05439,103.91423,30.00000,21.77234,0.06017,0.04946,0.08853
Cs2MoGaO3I3,1.80008,-1.60147,102.20283,30.00000,21.63662,0.06018,0.04930,0.08910
Cs2TiGaS3Br3,1.66892,-1.66265,121.78819,30.00000,23.65385,0.06021,0.05108,0.08547
Cs2MnGaO3Se3,1.57923,-1.56800,129.84674,30.00000,24.53258,0.06023,0.05182,0.08412
Cs2FeMnO3Br3,1.56776,-1.73927,130.62757,30.00000,24.60963,0.06028,0.05189,0.08399
Cs2ZrGaS3Br3,1.72619,-1.65927,114.88483,30.00000,22.86394,0.06031,0.05050,0.08683
Cs2WMnS6,1.64445,-1.25662,124.58235,30.00000,23.87972,0.06034,0.05145,0.08537
Cs2FeMnSe6,1.03788,-1.05032,102.28375,30.00000,21.72517,0.06034,0.04825,0.88715
Rb2WGaO3F3,2.21530,-2.39576,30.73053,30.00000,14.27930,0.06035,0.04376,0.10730
Cs2SnFeS3Se3,1.07386,-0.93823,112.37212,30.00000,22.82635,0.06035,0.04948,0.90186
Cs2TiBiO3I3,1.87244,-1.97392,91.55782,30.00000,20.39876,0.06037,0.04843,0.09122
Cs2GeFeSe3F3,1.19554,-1.92239,131.16159,30.00000,24.72132,0.06038,0.05176,0.33400
Cs2SnCrO3Br3,1.69089,-1.67170,119.87265,30.00000,23.35523,0.06040,0.05104,0.08635
Cs2FeMnO3Se3,1.57330,-1.49440,131.33274,30.00000,24.59773,0.06043,0.05207,0.08429
Cs2ZrMoS6,1.52171,-1.51913,134.59098,30.00000,24.94795,0.06043,0.05233,0.08465
Cs2VTaO3Se3,1.75177,-2.11695,111.46237,30.00000,22.43040,0.06047,0.05025,0.08771
Cs2TiSbO3I3,1.81943,-1.95884,100.78083,30.00000,21.28819,0.06048,0.04928,0.08994
Cs2VFeSe3F3,1.59546,-2.24778,130.38109,30.00000,24.42750,0.06054,0.05197,0.08505
Rb2GeVO3F3,2.12280,-2.63453,47.08637,30.00000,15.83225,0.06056,0.04498,0.10229
Rb2GeGaS3Cl3,2.17772,-1.38186,38.02090,30.00000,14.90913,0.06058,0.04427,0.10525
Cs2SnGeS3Se3,1.73757,-0.89449,114.27188,30.00000,22.66764,0.06058,0.05053,0.08730
Cs2TiWO3Se3,1.76069,-2.05970,111.10371,30.00000,22.27040,0.06061,0.05030,0.08835
Cs2GeMnBr6,1.04232,-1.47858,103.31299,30.00000,21.72787,0.06062,0.04841,0.89039
Cs2MoInO3Br3,1.73672,-1.71541,114.66620,30.00000,22.65186,0.06068,0.05055,0.08809
Cs2GeInO3Br3,1.68187,-1.60336,122.75960,30.00000,23.45387,0.06071,0.05138,0.08690
Cs2GeFeO3Se3,1.57252,-1.38916,132.89770,30.00000,24.56920,0.06072,0.05224,0.08497
Cs2CrMnO3Se3,1.58852,-1.63529,132.10715,30.00000,24.50480,0.06075,0.05214,0.08512
Rb2TiGaO3Cl3,2.18914,-2.39373,36.62884,30.00000,14.69477,0.06076,0.04431,0.10590
Cs2VZnO3Br3,1.62498,-1.92251,129.57652,30.00000,24.18198,0.06077,0.05208,0.08481
K2WInO3F3,2.39203,-2.39256,1.78523,30.00000,11.26308,0.06081,0.04202,0.12463
K2SnCuBr6,0.87759,-1.36213,0.09181,30.00000,10.98334,0.06086,0.03416,0.50387
Cs2NbTaO6,1.52316,-2.77954,137.08886,30.00000,24.93974,0.06090,0.05262,0.08555
Rb2SnVO3F3,2.20319,-2.67484,34.69312,30.00000,14.46877,0.06093,0.04425,0.10779
Na2FeZnCl3I3,0.87941,-1.22150,0.40825,30.00000,11.09300,0.06097,0.03423,0.50661
Cs2MnBiO6,1.49657,-1.88236,138.78235,30.00000,25.05073,0.06100,0.05282,0.08616
Cs2VSbS6,1.51528,-1.07914,137.67017,30.00000,24.94991,0.06100,0.05277,0.08564
Rb2GeCrO6,2.12611,-2.11321,47.99163,30.00000,15.79059,0.06104,0.04508,0.10192
Cs2TiFeO3Br3,1.60920,-2.05581,132.03642,30.00000,24.26546,0.06104,0.05221,0.08561
Cs2TiGaO3I3,1.79555,-2.13008,108.17866,30.00000,21.71168,0.06118,0.05021,0.09027
Cs2GeFeCl3I3,1.02920,-1.36158,102.59060,30.00000,21.38152,0.06119,0.04840,0.89396
Na2SnCuBr3I3,0.87875,-1.09708,0.37206,30.00000,11.02377,0.06121,0.03417,0.50659
Cs2WFeO3Br3,1.79112,-1.61919,109.46401,30.00000,21.79484,0.06124,0.05035,0.09062
Cs2FeSbSe3Cl3,1.05207,-1.27899,110.50351,30.00000,22.14108,0.06130,0.04941,0.90794
Cs2MnSbSe3Br3,1.00665,-1.24289,94.58853,30.00000,20.48607,0.06131,0.04732,0.87016
Cs2GeCrO3Br3,1.61225,-1.63914,132.96025,30.00000,24.23881,0.06141,0.05243,0.08670
Cs2VNbS6,1.36615,-1.43392,144.24376,30.00000,25.37907,0.06143,0.05336,0.10241
Cs2GeVSe3Br3,1.03387,-1.35058,104.26396,30.00000,21.41086,0.06145,0.04863,0.89518
Cs2ZrMoO3Se3,1.74592,-2.10584,117.84712,30.00000,22.53496,0.06146,0.05114,0.08937
Cs2TiCrO3I3,1.79791,-2.11176,109.56638,30.00000,21.70840,0.06149,0.05035,0.09142
Rb2VMnO3F3,2.18415,-2.76517,40.39661,30.00000,14.84617,0.06149,0.04486,0.10685
Cs2GeCuCl3I3,1.02439,-1.31818,101.71008,30.00000,21.06809,0.06158,0.04827,0.89008
Cs2VNbO3Se3,1.69763,-2.14724,125.17022,30.00000,23.23685,0.06161,0.05186,0.08848
Rb2SnCrO6,2.21007,-2.07079,35.27817,30.00000,14.28474,0.06162,0.04444,0.10866
Cs2GeCrO3Se3,1.62174,-1.50759,133.66074,30.00000,24.09678,0.06163,0.05257,0.08695
Cs2SnCrO3Se3,1.73527,-1.49079,120.47702,30.00000,22.72004,0.06164,0.05144,0.08934
Cs2SnGeBr6,1.00710,-1.46438,96.31559,30.00000,20.47407,0.06165,0.04762,0.87612
Cs2NbZnO3Br3,1.72369,-2.04535,121.96361,30.00000,22.86172,0.06168,0.05154,0.08900
Cs2GeGaO3Br3,1.65258,-1.62935,130.74481,30.00000,23.75437,0.06170,0.05239,0.08752
Cs2SbCuS3Br3,1.04186,-1.13340,110.34453,30.00000,21.90679,0.06171,0.04941,0.91523
Cs2SnNbO3Br3,1.78663,-2.09794,113.51177,30.00000,21.96825,0.06174,0.05083,0.09114
Cs2SnGeO3Se3,1.72707,-1.35695,121.68672,30.00000,22.77567,0.06181,0.05151,0.08970
Cs2TiMoS6,1.48528,-1.50282,144.25870,30.00000,25.12311,0.06185,0.05355,0.08783
Rb2BiAgI6,0.89257,-1.00893,13.95353,30.00000,12.09493,0.06185,0.03615,0.56279
Cs2MnBiO3S3,1.68477,-1.72869,128.86514,30.00000,23.39567,0.06191,0.05234,0.08829
Rb2FeZnCl3I3,0.90207,-1.36876,20.10260,30.00000,12.68103,0.06193,0.03703,0.59011
Cs2ZrBiO3Br3,1.86044,-2.10649,101.74852,30.00000,20.63300,0.06196,0.04981,0.09396
K2FeZnCl3I3,0.87503,-1.30194,0.40024,30.00000,10.83348,0.06201,0.03418,0.50708
Cs2TiCrO3Se3,1.65114,-2.11664,133.54655,30.00000,23.85016,0.06205,0.05275,0.08817
Cs2GeVO3Br3,1.65281,-1.94503,133.19476,30.00000,23.81018,0.06207,0.05270,0.08823
Cs2CrMnO3Br3,1.66662,-1.76222,131.39456,30.00000,23.62819,0.06208,0.05254,0.08835
Cs2MoMnS6,1.54873,-1.23502,142.58022,30.00000,24.77968,0.06212,0.05360,0.08720
Cs2WInO3Br3,1.85878,-1.72229,102.82539,30.00000,20.64083,0.06220,0.05001,0.09453
Cs2GeMoO3Se3,1.72057,-1.49607,125.57735,30.00000,22.92581,0.06228,0.05214,0.09029
Cs2GeZnO3Se3,1.67389,-1.34465,131.05466,30.00000,23.47827,0.06229,0.05254,0.08843
Cs2VMnO3Br3,1.67081,-2.04141,131.63285,30.00000,23.52236,0.06229,0.05267,0.08902
Rb2SnTaO3F3,2.26693,-2.73094,27.39776,30.00000,13.33813,0.06231,0.04428,0.11481
Cs2SnZnS3Se3,1.81904,-1.02978,111.00167,30.00000,21.37687,0.06234,0.05061,0.09317
Cs2SnCuO3S3,1.50623,-1.64557,146.58416,30.00000,25.01160,0.06234,0.05394,0.08827
Cs2GeNbO3Br3,1.72706,-2.02955,125.44724,30.00000,22.84681,0.06238,0.05206,0.09039
Cs2SbCuO3Cl3,1.21393,-1.82638,143.40975,30.00000,24.84014,0.06240,0.05349,0.29224
Cs2SnGaS3Br3,1.82236,-1.24674,110.91015,30.00000,21.35798,0.06247,0.05076,0.09323
Cs2ZrGaO3Br3,1.75257,-2.20376,122.62716,30.00000,22.51738,0.06248,0.05193,0.09051
Cs2MoMnO3Se3,1.74329,-1.56658,123.91712,30.00000,22.60981,0.06249,0.05204,0.09120
Cs2WGaO3Br3,1.83268,-1.75613,108.59660,30.00000,21.11882,0.06250,0.05057,0.09410
Cs2GeSbO3Br3,1.76174,-1.47317,120.62729,30.00000,22.27123,0.06254,0.05164,0.09181
Rb2ZrSbO3F3,2.24886,-2.76686,31.65110,30.00000,13.62842,0.06258,0.04470,0.11330
Cs2TiGaSe3F3,1.71210,-2.29987,129.48224,30.00000,23.09320,0.06264,0.05257,0.09044
Rb2GeCrO3F3,2.16584,-2.41423,46.91605,30.00000,15.06368,0.06267,0.04573,0.10875
Rb2ZrSbO3Cl3,2.26867,-2.23067,28.74759,30.00000,13.31644,0.06278,0.04467,0.11467
Cs2MnGaS6,1.47085,-1.14857,150.29022,30.00000,25.18936,0.06280,0.05439,0.08999
Cs2CuZnBr3I3,0.98037,-1.27571,85.74530,30.00000,18.89655,0.06281,0.04637,0.84677
Cs2ZrSbO3Br3,1.81743,-2.09975,113.30603,30.00000,21.33510,0.06281,0.05108,0.09379
Cs2MnSbO3Cl3,1.55777,-1.83435,145.46730,30.00000,24.66684,0.06284,0.05404,0.08781
Cs2SnVO3Br3,1.77659,-1.99673,120.07313,30.00000,22.04682,0.06290,0.05173,0.09253
Cs2WAgO3Cl3,1.75578,-1.73346,123.97282,30.00000,22.35992,0.06298,0.05211,0.09210
Cs2TiMoO3Se3,1.75261,-2.09970,125.18205,30.00000,22.46004,0.06300,0.05224,0.09217
Rb2SnWO6,2.28275,-2.05937,27.19521,30.00000,13.11261,0.06300,0.04459,0.11721
Cs2GeSbSe3Cl3,1.83164,-1.11895,112.41109,30.00000,21.12898,0.06316,0.05110,0.09503
Cs2GeZnS3Se3,1.77736,-0.97450,122.49084,30.00000,22.01706,0.06330,0.05211,0.09321
Rb2SnFeSe3Br3,0.89401,-1.19782,18.91253,30.00000,12.15667,0.06340,0.03684,0.58348
Cs2WSbO3F3,1.74281,-2.30913,128.43806,30.00000,22.59070,0.06341,0.05270,0.09238
Cs2SbCuO3F3,1.36973,-2.27503,156.14053,30.00000,25.39387,0.06343,0.05500,0.10551
K2GeFeBr6,0.87591,-1.39485,4.97540,30.00000,10.84566,0.06347,0.03490,0.52647
Rb2SnNbO3F3,2.26575,-2.70663,31.74493,30.00000,13.32169,0.06370,0.04518,0.11681
Cs2MoGaO3Br3,1.79165,-1.75386,121.88523,30.00000,21.79869,0.06376,0.05211,0.09471
Rb2GeFeS3I3,0.90327,-0.97901,24.54764,30.00000,12.62574,0.06376,0.03772,0.60825
Rb2NbMnO3F3,2.24348,-2.87558,36.43995,30.00000,13.73396,0.06377,0.04551,0.11585
Cs2TiInO3Br3,1.79253,-2.17225,122.27881,30.00000,21.76234,0.06380,0.05224,0.09447
Cs2SnFeCl3I3,0.98704,-1.36501,93.87922,30.00000,19.15097,0.06405,0.04747,0.87756
Cs2GeCrSe3Br3,1.00326,-1.27225,104.11573,30.00000,20.13599,0.06414,0.04882,0.91485
Cs2SnWS6,1.84947,-1.10422,114.18467,30.00000,20.81276,0.06424,0.05165,0.09766
Cs2MnInO3Cl3,1.62334,-1.90467,148.43791,30.00000,24.11955,0.06424,0.05475,0.09101
Rb2SnFeS3I3,0.89360,-0.98648,19.09550,30.00000,12.00841,0.06443,0.03702,0.58526
Na2GeGaO3F3,2.37542,-2.32691,14.35265,30.00000,11.55681,0.06445,0.04430,0.13177
Cs2ZrCrO3S3,1.54151,-2.06131,156.89013,30.00000,24.84040,0.06453,0.05554,0.09091
Cs2GeFeSe3Cl3,1.04029,-1.29857,122.38221,30.00000,21.69138,0.06455,0.05121,0.96915
Cs2TiGaSe3Cl3,1.82691,-1.78350,120.68530,30.00000,21.23867,0.06464,0.05230,0.09769
Cs2SnGaSe3Cl3,1.88310,-1.34198,110.00524,30.00000,20.22027,0.06469,0.05138,0.09889
Rb2TiCrO3F3,2.23174,-2.80940,40.99998,30.00000,13.85800,0.06470,0.04617,0.11602
Cs2NbSbS6,1.77537,-1.11870,129.11158,30.00000,22.00887,0.06475,0.05317,0.09563
Rb2TiSbO3Cl3,2.28892,-2.25397,31.23484,30.00000,12.96304,0.06479,0.04579,0.12099
Rb2MnSbSe6,0.89121,-0.96094,19.07111,30.00000,11.83449,0.06479,0.03693,0.58690
Cs2ZrWO3S3,1.80095,-2.03822,126.76627,30.00000,21.71232,0.06492,0.05298,0.09688
Cs2TaMnO3Cl3,1.77469,-2.19947,132.76733,30.00000,22.21797,0.06497,0.05361,0.09640
Cs2ZrGaSe3Cl3,1.86757,-1.81324,113.90978,30.00000,20.43302,0.06501,0.05173,0.09917
Cs2WBiO3Cl3,1.90852,-1.86373,106.87881,30.00000,19.79618,0.06505,0.05116,0.10145
Cs2ZrCrO3Br3,1.81233,-2.09947,124.57697,30.00000,21.44154,0.06506,0.05285,0.09652
Cs2TiBiO3Br3,1.91013,-2.09362,107.17332,30.00000,19.79416,0.06508,0.05127,0.10050
Cs2GeCuO3S3,1.39078,-1.61105,165.08697,30.00000,25.32970,0.06509,0.05641,0.10333
Cs2FeSbO3Cl3,1.68969,-1.82521,145.24523,30.00000,23.32714,0.06518,0.05478,0.09369
Cs2TaCuO3Cl3,1.78545,-2.15651,131.05748,30.00000,21.92987,0.06521,0.05345,0.09679
Cs2GeFeS3I3,0.99252,-0.99251,103.79319,30.00000,19.63435,0.06527,0.04878,0.91675
Cs2MoAgO3Cl3,1.72462,-1.72401,141.45513,30.00000,22.86967,0.06529,0.05439,0.09561
Cs2WSbO3Cl3,1.84440,-1.81957,119.70158,30.00000,20.85863,0.06529,0.05235,0.09911
Cs2NbCuO3Cl3,1.65550,-2.10198,150.56043,30.00000,23.75297,0.06530,0.05528,0.09307
Cs2TiSbO3Br3,1.85068,-2.11492,120.07808,30.00000,20.87219,0.06536,0.05251,0.09948
Cs2FeMnO3S3,1.42441,-1.61138,166.62075,30.00000,25.27233,0.06548,0.05670,0.09989
Cs2FeMnSe3Br3,0.98929,-1.34074,101.83112,30.00000,19.30354,0.06549,0.04858,0.91078
K2SnFeSe3Br3,0.86008,-1.20055,0.21559,30.00000,10.01542,0.06551,0.03430,0.50730
Cs2SnSbO3Cl3,1.79372,-1.83098,131.47791,30.00000,21.81341,0.06552,0.05357,0.09778
Cs2TiCrO3Br3,1.78305,-2.11839,132.82000,30.00000,21.98818,0.06553,0.05370,0.09731
Na2CrAgBr3I3,0.86401,-1.06795,2.06950,30.00000,10.15631,0.06560,0.03456,0.51599
Rb2MnBiSe6,0.88267,-0.97240,17.25765,30.00000,11.49862,0.06567,0.03673,0.57925
Rb2GeNbO3F3,2.24264,-2.65870,42.65246,30.00000,13.72944,0.06573,0.04672,0.11956
Cs2WBiO3F3,1.89028,-2.26670,113.78850,30.00000,20.07308,0.06583,0.05200,0.10150
Cs2SnMnO3S3,1.69592,-1.80683,148.73512,30.00000,23.30126,0.06590,0.05530,0.09519
Cs2NbTaO3S3,1.81877,-2.11323,127.43510,30.00000,21.28687,0.06590,0.05333,0.09848
Cs2SnFeO3Cl3,1.71328,-1.83810,145.95664,30.00000,22.96649,0.06592,0.05506,0.09575
Cs2MnSbO6,1.58205,-2.00171,161.23152,30.00000,24.46092,0.06593,0.05644,0.09298
Cs2MnGaO3Cl3,1.61050,-1.90514,160.76241,30.00000,24.26097,0.06618,0.05655,0.09344
Cs2TiCrO3S3,1.46780,-2.04951,170.20117,30.00000,25.18248,0.06623,0.05726,0.09519
Cs2MoWO3S3,1.84035,-1.65694,125.96442,30.00000,20.99119,0.06629,0.05326,0.10043
Cs2FeMnO3Cl3,1.58629,-1.77009,163.42177,30.00000,24.45926,0.06634,0.05673,0.09376
Cs2TiGaO3Br3,1.81962,-2.20049,130.52648,30.00000,21.30932,0.06649,0.05360,0.09998
Cs2GeMnI6,0.95558,-1.16043,78.52669,30.00000,16.75798,0.06650,0.04538,0.83040
Cs2TiWO3S3,1.80372,-2.03258,135.30716,30.00000,21.62148,0.06682,0.05425,0.09993
Cs2SbAgO3S3,1.79106,-1.53945,137.98851,30.00000,21.83480,0.06684,0.05454,0.09939
Rb2MoGaO3Cl3,2.30956,-1.90648,33.16476,30.00000,12.58307,0.06685,0.04650,0.12920
Cs2ZrCrO3Cl3,1.70057,-2.21903,154.05088,30.00000,23.23445,0.06698,0.05609,0.09688
Cs2CrMnO3S3,1.58815,-1.73310,167.86866,30.00000,24.48774,0.06705,0.05739,0.09500
Na2SnCuI6,0.85860,-0.88497,0.57719,30.00000,9.68286,0.06707,0.03433,0.51041
Cs2MnInO6,1.62625,-2.03051,164.73415,30.00000,24.12314,0.06725,0.05717,0.09576
Cs2TaZnO3Cl3,1.84253,-2.19500,130.68285,30.00000,20.94682,0.06732,0.05402,0.10180
Na2GeCuBr3I3,0.86174,-1.09748,4.57103,30.00000,9.95585,0.06749,0.03494,0.52695
Cs2GeFeO3Cl3,1.63090,-1.76709,164.32370,30.00000,23.95057,0.06749,0.05718,0.09593
Rb2ZrInO3F3,2.32044,-2.78304,33.64774,30.00000,12.47398,0.06751,0.04673,0.13034
Cs2SbZnO3Cl3,1.78679,-1.85552,142.96072,30.00000,21.86049,0.06774,0.05537,0.10098
Cs2MnSbO3S3,1.76471,-1.62335,147.99583,30.00000,22.25672,0.06776,0.05571,0.09999
Rb2GeMoO6,2.26879,-2.08574,43.28569,30.00000,13.25849,0.06778,0.04749,0.12544
Cs2WMnO3S3,1.83947,-1.68331,133.82896,30.00000,21.01321,0.06780,0.05451,0.10262
Cs2GeMnO3S3,1.63406,-1.65970,167.71853,30.00000,24.04645,0.06793,0.05766,0.09697
Cs2MnGaO3S3,1.66276,-1.86244,163.82780,30.00000,23.64301,0.06796,0.05726,0.09748
Cs2CuZnI6,0.94278,-1.12042,75.50934,30.00000,15.93119,0.06802,0.04502,0.81723
K2CrAgBr3I3,0.85490,-1.13641,2.00075,30.00000,9.60641,0.06823,0.03460,0.51686
Cs2MnCuI6,0.93766,-1.12734,76.19870,30.00000,15.87081,0.06830,0.04511,0.82088
Rb2ZrGaO3F3,2.31222,-2.80362,37.16884,30.00000,12.55755,0.06832,0.04737,0.13220
Cs2FeMnO6,1.31857,-1.84962,183.60194,30.00000,25.30414,0.06833,0.05896,0.14136
Cs2VTaO3S3,1.84317,-2.09221,135.73754,30.00000,20.95981,0.06835,0.05484,0.10410
Cs2MoBiO3Cl3,1.91624,-1.85232,119.85099,30.00000,19.60091,0.06837,0.05343,0.10706
K2FeMnBr3I3,0.85102,-1.26989,0.34765,30.00000,9.39838,0.06850,0.03443,0.50937
Cs2TaFeO3Cl3,1.86392,-2.16328,132.58280,30.00000,20.59063,0.06859,0.05461,0.10538
Rb2TiGaO3F3,2.30152,-2.84977,41.22483,30.00000,12.76350,0.06886,0.04791,0.13178
Cs2VCuO3Cl3,1.71711,-2.05322,162.34322,30.00000,22.96354,0.06911,0.05745,0.10067
Cs2WFeO3Cl3,1.88135,-1.76453,131.57483,30.00000,20.30577,0.06916,0.05469,0.10689
Cs2ZrMoO6,1.74355,-2.66283,158.20394,30.00000,22.53021,0.06922,0.05713,0.10204
Cs2MnInO3S3,1.79565,-1.87088,151.04880,30.00000,21.82150,0.06940,0.05657,0.10384
Cs2ZrMoO3S3,1.81776,-2.09041,145.44457,30.00000,21.32494,0.06953,0.05607,0.10556
Cs2TiCrO3Cl3,1.71215,-2.23719,166.86504,30.00000,23.08225,0.06962,0.05805,0.10143
Cs2VFeO3Cl3,1.72287,-2.04985,164.70207,30.00000,22.84880,0.06968,0.05793,0.10211
Na2FeMnBr3I3,0.84559,-1.16146,0.35222,30.00000,9.18559,0.06981,0.03438,0.51020
Cs2VNbO3S3,1.76955,-2.08166,156.78619,30.00000,22.12618,0.06983,0.05709,0.10383
Cs2MnGaO6,1.61632,-2.03741,180.04784,30.00000,24.17231,0.06989,0.05939,0.09964
Cs2TiMoO3S3,1.77672,-2.05572,156.80336,30.00000,22.05685,0.06998,0.05724,0.10458
Cs2TaCuO3F3,1.85193,-2.69349,141.57265,30.00000,20.75733,0.07004,0.05589,0.10672
Cs2MnSbO3F3,1.77183,-2.37265,158.58375,30.00000,22.17673,0.07011,0.05741,0.10417
Cs2CrMnO6,1.59063,-1.98338,185.11760,30.00000,24.48320,0.07018,0.05989,0.09969
Cs2SnZnO3S3,1.83581,-1.72154,146.11519,30.00000,21.07549,0.07023,0.05629,0.10692
Cs2MoWO6,1.88477,-2.09131,135.41854,30.00000,20.16557,0.07030,0.05542,0.10867
Cs2NbFeO3Cl3,1.80669,-2.16850,152.58579,30.00000,21.52764,0.07046,0.05706,0.10602
Cs2VNbO6,1.70942,-2.65589,171.71960,30.00000,23.11300,0.07060,0.05874,0.10303
Na2MnBiSe6,0.84677,-0.88295,0.36046,30.00000,9.06283,0.07072,0.03442,0.51032
Cs2SnMoS6,1.92777,-1.06199,129.11838,30.00000,19.45706,0.07078,0.05495,0.11176
Cs2SnInO3Cl3,1.91178,-1.84857,134.01015,30.00000,19.69587,0.07113,0.05550,0.11185
Cs2SnFeS3I3,0.95082,-1.03832,94.92488,30.00000,16.57166,0.07118,0.04784,0.89939
Cs2CrWO3S3,1.91150,-1.73343,134.44318,30.00000,19.75127,0.07122,0.05557,0.11172
Cs2TiFeO3Cl3,1.76129,-2.16471,165.63187,30.00000,22.29809,0.07124,0.05837,0.10548
Cs2FeMnCl3I3,0.95788,-1.42458,100.77083,30.00000,17.09917,0.07128,0.04863,0.91693
Cs2NbMnO3Cl3,1.83130,-2.17908,152.83086,30.00000,21.13184,0.07145,0.05733,0.10912
Cs2CrWO6,1.86699,-2.17836,145.27622,30.00000,20.50478,0.07154,0.05665,0.11044
Cs2GeFeO3F3,1.69000,-2.32165,180.57101,30.00000,23.36038,0.07173,0.05988,0.10426
Cs2FeMnO3F3,1.70283,-2.41830,180.17385,30.00000,23.19173,0.07190,0.05992,0.10507
Cs2ZrCrO6,1.74886,-2.60350,171.85202,30.00000,22.48086,0.07200,0.05925,0.10731
Cs2GeBiO3Cl3,1.95036,-1.75902,128.56849,30.00000,18.98069,0.07203,0.05527,0.11497
Cs2GeTaO3Cl3,1.92711,-2.15991,134.30719,30.00000,19.38870,0.07206,0.05576,0.11406
Cs2CrMnO3Cl3,1.79182,-1.77426,164.62226,30.00000,21.84529,0.07209,0.05861,0.10844
Cs2MoFeO3Cl3,1.85707,-1.76090,151.81558,30.00000,20.70732,0.07232,0.05747,0.11059
K2FeSbSe3Br3,0.83838,-1.17678,0.24187,30.00000,8.70761,0.07243,0.03446,0.51122
Cs2TaSbO3S3,1.98990,-1.89298,122.29656,30.00000,18.26983,0.07258,0.05496,0.11709
Cs2VMnO3Cl3,1.80113,-2.09497,164.98758,30.00000,21.64609,0.07264,0.05871,0.11012
Cs2CrWO3Cl3,1.95449,-1.80807,132.35257,30.00000,18.99991,0.07270,0.05581,0.11627
Cs2SnBiO3Cl3,2.02087,-1.74887,116.16498,30.00000,17.71391,0.07282,0.05443,0.11897
Na2FeCuCl3I3,0.83832,-1.12454,0.41791,30.00000,8.63715,0.07309,0.03450,0.51154
Cs2VCuO3F3,1.75262,-2.62281,178.85771,30.00000,22.42637,0.07342,0.06019,0.10919
Cs2CrMoO3S3,1.86125,-1.74035,155.64418,30.00000,20.59041,0.07344,0.05814,0.11370
Cs2WAgO3F3,1.95680,-2.35400,133.21074,30.00000,18.88320,0.07344,0.05616,0.11765
Cs2TaMnO3F3,1.91714,-2.95692,143.57082,30.00000,19.61250,0.07352,0.05713,0.11536
Cs2CrMoO3Cl3,1.88099,-1.75275,152.85079,30.00000,20.29818,0.07358,0.05802,0.11470
K2GeFeSe3I3,0.84271,-0.92114,4.56841,30.00000,8.89066,0.07371,0.03515,0.53004
Cs2MoSbO3Cl3,1.95041,-1.87248,136.21456,30.00000,18.99592,0.07373,0.05647,0.11818
Na2FeMnI6,0.84048,-1.05805,0.57636,30.00000,8.53101,0.07423,0.03453,0.51264
Cs2WInO3Cl3,2.01959,-1.89117,121.89066,30.00000,17.70249,0.07423,0.05553,0.12241
Cs2SnTaO3Cl3,2.02845,-2.20275,121.05336,30.00000,17.60063,0.07434,0.05556,0.12374
Cs2ZrFeO3Cl3,1.88954,-2.16209,152.99892,30.00000,20.06315,0.07438,0.05810,0.11603
Cs2TaSbO6,1.98511,-2.52722,131.15845,30.00000,18.30894,0.07459,0.05633,0.12071
Rb2TiInO3F3,2.40240,-2.80601,36.93866,30.00000,11.14427,0.07470,0.05002,0.16305
Cs2ZrWO6,1.97053,-2.70674,136.35108,30.00000,18.59656,0.07493,0.05684,0.12057
Cs2VTaO6,1.94371,-2.76758,146.74767,30.00000,19.11978,0.07579,0.05811,0.12184
Cs2GeZnO3S3,1.87778,-1.63646,164.51569,30.00000,20.36870,0.07585,0.05971,0.11826
Na2FeSbSe3Br3,0.83571,-1.11602,0.24207,30.00000,8.13812,0.07637,0.03451,0.51171
Rb2MoGaO3F3,2.42780,-2.39678,36.87318,30.00000,10.77832,0.07655,0.05090,0.17336
Cs2MnInO3F3,1.89793,-2.44011,161.99408,30.00000,19.95569,0.07663,0.05965,0.12091
Cs2CrMoO6,1.86582,-2.10172,170.34984,30.00000,20.51473,0.07677,0.06043,0.11869
Cs2MoMnO3S3,1.93397,-1.68051,154.82250,30.00000,19.28701,0.07703,0.05914,0.12244
Cs2NbZnO3Cl3,1.96028,-2.17014,150.06597,30.00000,18.88151,0.07720,0.05879,0.12398
Cs2GeWO3S3,2.01846,-1.60424,135.35742,30.00000,17.74194,0.07738,0.05770,0.12879
Cs2TaZnO3F3,1.99976,-2.75387,141.13632,30.00000,18.18897,0.07741,0.05820,0.12648
Rb2TiSbO3F3,2.44475,-2.78788,34.69645,30.00000,10.43927,0.07765,0.05077,0.18557
K2GeCuI6,0.83293,-0.97163,4.02926,30.00000,8.19772,0.07775,0.03511,0.52785
Rb2FeAgCl3I3,0.85226,-1.32297,20.80607,30.00000,9.39521,0.07792,0.03755,0.59930
Cs2GeInO3Cl3,1.97184,-1.84685,149.68882,30.00000,18.60015,0.07798,0.05898,0.12658
Cs2FeSbS3I3,0.92851,-0.96614,94.63192,30.00000,14.59771,0.07799,0.04794,0.90528
Rb2WInO3F3,2.48465,-2.41434,28.28228,30.00000,9.86426,0.07827,0.05075,0.20982
Cs2SnFeO3S3,1.98378,-1.60476,148.50295,30.00000,18.41183,0.07827,0.05912,0.12722
Cs2SbZnO3F3,1.96047,-2.35321,155.60927,30.00000,18.83468,0.07859,0.05981,0.12735
Cs2GeSbO3Cl3,2.00404,-1.77960,146.78965,30.00000,18.12149,0.07891,0.05920,0.13050
Cs2TiCrO6,1.84101,-2.60430,187.95781,30.00000,20.98835,0.07902,0.06281,0.12208
Cs2SnWO3S3,2.09932,-1.73607,121.90043,30.00000,16.32020,0.07915,0.05741,0.13614
Cs2MoMnO6,1.91492,-2.01511,169.36653,30.00000,19.59938,0.07922,0.06116,0.12565
Na2SnFeS3I3,0.82528,-0.88287,0.43882,30.00000,7.73322,0.07941,0.03459,0.51313
Cs2MoFeO3F3,1.93004,-2.40178,166.15698,30.00000,19.27023,0.07942,0.06094,0.12743
Cs2WMnO6,2.01924,-2.14993,144.55965,30.00000,17.74520,0.07956,0.05903,0.13215
Cs2NbFeO3F3,1.93507,-2.76649,167.08410,30.00000,19.30317,0.07959,0.06098,0.12758
Cs2TiWO6,2.01415,-2.73550,146.28573,30.00000,17.84650,0.07972,0.05933,0.13196
Cs2SnCrO3Cl3,2.01222,-1.90200,146.91380,30.00000,17.87899,0.07984,0.05938,0.13238
Na2FeSbS3I3,0.82443,-0.85625,0.46532,30.00000,7.65080,0.07992,0.03466,0.51388
Cs2SnSbO3F3,2.03249,-2.36149,142.09625,30.00000,17.49537,0.07993,0.05918,0.13254
Cs2GeFeO3S3,1.94367,-1.60700,167.43453,30.00000,19.15592,0.08025,0.06132,0.12884
Cs2VZnO3Cl3,1.96698,-2.06828,161.76918,30.00000,18.70434,0.08038,0.06097,0.13010
Cs2MoSbO3F3,2.01994,-2.33443,147.64104,30.00000,17.72184,0.08051,0.05970,0.13392
Cs2SnInO3F3,2.03361,-2.40020,144.95731,30.00000,17.48358,0.08057,0.05960,0.13509
Cs2MnBiSe6,0.91407,-0.96803,86.74589,30.00000,13.49789,0.08061,0.04693,0.87641
Cs2TiMoO6,1.93275,-2.71751,171.73961,30.00000,19.34989,0.08069,0.06168,0.13024
Cs2TiFeO3F3,1.89280,-2.69757,182.86350,30.00000,19.99295,0.08076,0.06286,0.12770
K2FeAgCl3I3,0.82631,-1.24310,2.34075,30.00000,7.70681,0.08107,0.03488,0.52190
Cs2WGaO3Cl3,2.09708,-1.92311,130.08028,30.00000,16.33280,0.08116,0.05865,0.14053
Rb2MoInO3F3,2.49309,-2.39851,33.41359,30.00000,9.77459,0.08130,0.05230,0.22091
K2GeCuBr3I3,0.82679,-1.15651,4.40379,30.00000,7.74385,0.08141,0.03521,0.53127
Cs2CrMnO3F3,1.90874,-2.54715,181.63335,30.00000,19.76796,0.08144,0.06286,0.12959
Rb2FeSbSe3Br3,0.84596,-1.18521,18.86674,30.00000,8.74204,0.08154,0.03722,0.59264
Cs2TaFeO3F3,2.05528,-2.80763,143.35517,30.00000,17.04784,0.08183,0.05982,0.13801
Cs2MnGaO3F3,1.93449,-2.43909,176.78031,30.00000,19.28193,0.08187,0.06261,0.13174
Cs2NbSbO3S3,2.07417,-1.92564,139.06455,30.00000,16.74146,0.08199,0.05966,0.14053
Cs2CrWO3F3,2.06207,-2.60892,143.12320,30.00000,16.96048,0.08209,0.05989,0.14010
Cs2SnFeO3F3,2.00472,-2.28691,159.16893,30.00000,18.00726,0.08223,0.06120,0.13591
Na2CrAgI6,0.82100,-0.93590,2.03194,30.00000,7.50031,0.08247,0.03489,0.52122
Cs2FeSbO3F3,2.01148,-2.29581,158.32000,30.00000,17.88500,0.08250,0.06131,0.13759
K2SnFeSe3I3,0.82187,-0.92514,0.47419,30.00000,7.42497,0.08260,0.03460,0.51365
Cs2SnGeO3S3,2.04509,-1.63592,149.99033,30.00000,17.26447,0.08271,0.06070,0.13984
K2FeCuCl3I3,0.81795,-1.24876,0.40942,30.00000,7.39483,0.08284,0.03460,0.51394
Cs2SbCuSe3Br3,0.91105,-1.13608,93.71775,30.00000,13.44204,0.08295,0.04799,0.90450
Cs2ZrBiO3Cl3,2.16122,-2.25829,120.57352,30.00000,15.22381,0.08319,0.05871,0.14953
Cs2GeCrO3Cl3,1.99953,-1.81194,165.49155,30.00000,18.11871,0.08330,0.06219,0.13750
K2SnCuBr3I3,0.81560,-1.15985,0.36713,30.00000,7.23554,0.08356,0.03464,0.51467
K2MnSbSe6,0.81512,-0.93469,0.37668,30.00000,7.23241,0.08385,0.03465,0.51446
Rb2SnCuBr6,0.83332,-1.39970,18.56601,30.00000,8.43483,0.08406,0.03740,0.59220
Cs2ZrFeO3F3,2.00271,-2.73174,167.58372,30.00000,18.06863,0.08410,0.06254,0.13961
Na2SnFeBr3I3,0.81850,-1.11212,0.36690,30.00000,7.17260,0.08439,0.03470,0.51574
Cs2SnMoO3S3,2.11070,-1.74514,139.07214,30.00000,16.04912,0.08459,0.06055,0.14824
Na2GeFeBr3I3,0.81759,-1.10845,4.60626,30.00000,7.43713,0.08468,0.03535,0.53310
Cs2VSbO3S3,2.07894,-1.80490,149.04783,30.00000,16.63227,0.08496,0.06142,0.14490
Cs2VFeO3F3,1.96528,-2.66268,181.72666,30.00000,18.69965,0.08502,0.06390,0.13882
Cs2MoBiO3F3,2.15858,-2.26713,128.60717,30.00000,15.21597,0.08537,0.06033,0.15265
Cs2CrMoO3F3,2.02702,-2.58010,167.39712,30.00000,17.52760,0.08591,0.06310,0.14435
K2FeMnI6,0.81649,-1.09046,0.56487,30.00000,7.02372,0.08596,0.03473,0.51551
Cs2GeTaO3F3,2.10926,-2.70372,144.92613,30.00000,16.13105,0.08602,0.06144,0.15083
Cs2SnGaO3Cl3,2.11305,-1.87091,143.97420,30.00000,16.00559,0.08616,0.06161,0.15214
Cs2MoInO3Cl3,2.13173,-1.92455,138.89031,30.00000,15.70684,0.08621,0.06124,0.15326
Cs2VMnO3F3,1.98412,-2.76610,182.07413,30.00000,18.40297,0.08638,0.06458,0.14241
Cs2SnCrO3S3,2.09959,-1.77877,149.49374,30.00000,16.30487,0.08649,0.06196,0.15122
Cs2NbCuO3F3,2.04872,-2.63268,164.65736,30.00000,17.22543,0.08659,0.06322,0.14686
Rb2FeCuCl3I3,0.83296,-1.31498,20.15790,30.00000,8.15606,0.08681,0.03761,0.59970
Cs2GeGaO3Cl3,2.06476,-1.85508,161.72577,30.00000,16.92658,0.08699,0.06317,0.14911
Cs2SnNbO3Cl3,2.14978,-2.23598,137.45930,30.00000,15.38884,0.08726,0.06139,0.15608
Cs2GeCrO3S3,2.04386,-1.64189,168.64698,30.00000,17.23589,0.08749,0.06386,0.14807
Na2GeFeS3I3,0.81855,-0.89898,5.61733,30.00000,7.18357,0.08779,0.03547,0.53748
Rb2GeFeSe3Br3,0.83399,-1.20271,24.35602,30.00000,8.21284,0.08822,0.03825,0.61888
Rb2GeCuBr3I3,0.83221,-1.24101,20.55609,30.00000,8.00814,0.08833,0.03770,0.60277
Cs2GeCrO6,2.00507,-2.09430,185.34535,30.00000,17.96134,0.08872,0.06553,0.14857
Cs2FeAgCl3I3,0.89623,-1.31014,96.51446,30.00000,12.54424,0.08874,0.04858,0.92130
Cs2GeNbO3Cl3,2.11182,-2.17955,153.99580,30.00000,16.00929,0.08891,0.06327,0.15571
Cs2GeWO6,2.14216,-2.03759,145.90003,30.00000,15.52552,0.08892,0.06281,0.15879
Cs2SnBiO3F3,2.22256,-2.35774,124.37523,30.00000,14.12433,0.08937,0.06149,0.16766
Cs2GeMoO3S3,2.11973,-1.60683,155.94086,30.00000,15.90027,0.08996,0.06387,0.15955
Cs2NbMnO3F3,2.08466,-2.85017,167.37786,30.00000,16.54234,0.09005,0.06472,0.15651
Cs2ZrInO3Cl3,2.17745,-2.29220,139.86487,30.00000,14.90323,0.09023,0.06272,0.16422
Na2FeAgCl3I3,0.81089,-1.11926,2.43801,30.00000,6.69585,0.09055,0.03509,0.52487
Cs2WFeO3F3,2.17798,-2.54323,142.21466,30.00000,14.82988,0.09108,0.06326,0.16699
Cs2ZrCrO3F3,2.08930,-2.81741,168.84591,30.00000,16.39578,0.09113,0.06515,0.15841
Cs2SbCuSe3I3,0.88101,-0.90902,81.59205,30.00000,11.27559,0.09125,0.04650,0.86107
Cs2VZnO3F3,2.06881,-2.67490,178.16234,30.00000,16.84644,0.09158,0.06608,0.15963
Cs2SnCrO6,2.13836,-2.06685,163.01393,30.00000,15.60124,0.09326,0.06556,0.16836
Cs2ZrGaO3Cl3,2.17975,-2.37184,150.75453,30.00000,14.88348,0.09340,0.06470,0.17150
Cs2SnVO3Cl3,2.19855,-2.10998,147.20796,30.00000,14.50725,0.09428,0.06503,0.17666
Cs2MoAgO3F3,2.18627,-2.35847,153.60807,30.00000,14.75491,0.09494,0.06559,0.17387
Cs2TiInO3Cl3,2.19924,-2.34374,150.24261,30.00000,14.51130,0.09512,0.06555,0.17669
Cs2GeFeS3Br3,0.90563,-1.23578,123.48568,30.00000,13.01952,0.09539,0.05246,1.03897
Cs2GeCrO3F3,2.10943,-2.40403,181.98145,30.00000,16.08393,0.09610,0.06805,0.16937
Cs2TiBiO3Cl3,2.28032,-2.28612,128.27243,30.00000,13.10967,0.09623,0.06458,0.18860
Cs2SnTaO3F3,2.27572,-2.68543,129.96680,30.00000,13.19298,0.09634,0.06491,0.18913
Cs2GeInO3F3,2.17422,-2.39212,162.92575,30.00000,14.94785,0.09661,0.06704,0.17867
Cs2SnCrO3F3,2.18819,-2.39743,160.30725,30.00000,14.73403,0.09686,0.06683,0.17935
Cs2VSbO6,2.18217,-2.32766,162.47734,30.00000,14.78320,0.09724,0.06715,0.18028
K2SnCuI6,0.79244,-0.99548,0.56647,30.00000,5.93533,0.09846,0.03496,0.51771
Cs2TiCrO3F3,2.12650,-2.79434,184.36692,30.00000,15.75507,0.09850,0.06912,0.17691
Cs2GeVO3Cl3,2.18809,-2.07616,165.84666,30.00000,14.72477,0.09857,0.06812,0.18345
Rb2SnCuBr3I3,0.81233,-1.23424,16.13963,30.00000,6.72950,0.09892,0.03721,0.58412
Cs2SnWO6,2.30012,-2.03335,130.73570,30.00000,12.78328,0.09910,0.06594,0.19869
Cs2NbZnO3F3,2.19703,-2.70658,164.06714,30.00000,14.51353,0.09929,0.06803,0.18449
Rb2GeFeBr6,0.81632,-1.41377,24.14354,30.00000,7.11674,0.09936,0.03843,0.62044
Na2GeCuI6,0.79502,-0.86940,4.15872,30.00000,6.03431,0.09967,0.03547,0.53295
Cs2SnMoO6,2.24339,-2.06062,150.69034,30.00000,13.72834,0.09974,0.06755,0.19230
Cs2FeCuCl3I3,0.87696,-1.31232,99.78370,30.00000,10.95006,0.10071,0.04925,0.94289
Cs2SnGaO3F3,2.24069,-2.39406,156.68362,30.00000,13.79282,0.10126,0.06834,0.19470
Cs2NbSbO6,2.25888,-2.51347,150.68178,30.00000,13.42656,0.10148,0.06826,0.19654
Cs2GeSbO3F3,2.24021,-2.31976,159.61079,30.00000,13.82039,0.10201,0.06877,0.19570
Cs2TiGaO3Cl3,2.24001,-2.40487,162.88051,30.00000,13.81658,0.10291,0.06934,0.19708
Cs2GeGaO3F3,2.20223,-2.39203,177.28379,30.00000,14.44641,0.10355,0.07073,0.19378
Cs2GeVO3F3,2.19211,-2.63979,182.40719,30.00000,14.64414,0.10387,0.07122,0.19498
Cs2GeBiO3F3,2.31922,-2.30891,138.29697,30.00000,12.43039,0.10389,0.06839,0.21187
Cs2GeMoO6,2.23318,-2.07256,170.10111,30.00000,13.91209,0.10475,0.07069,0.19978
Cs2ZrSbO3Cl3,2.33472,-2.25775,137.15850,30.00000,12.27340,0.10478,0.06880,0.21985
Cs2FeZnCl3I3,0.86692,-1.36834,99.56470,30.00000,10.38232,0.10486,0.04936,0.94351
Cs2SnVO3F3,2.29243,-2.65513,160.65441,30.00000,12.98365,0.10786,0.07144,0.21588
Cs2TiSbO3Cl3,2.33700,-2.29745,147.21515,30.00000,12.25431,0.10828,0.07071,0.22557
Cs2SnCuBr6,0.85288,-1.40536,93.61426,30.00000,9.34546,0.11200,0.04876,0.92103
Cs2MoGaO3Cl3,2.36476,-1.93706,149.61729,30.00000,11.70974,0.11342,0.07300,0.24434
Rb2SnFeSe3I3,0.78627,-0.95035,16.40888,30.00000,5.57346,0.11600,0.03748,0.58904
Rb2CrAgBr3I3,0.79000,-1.21565,17.98526,30.00000,5.46970,0.11907,0.03779,0.59621
Cs2ZrSbO3F3,2.41350,-2.73851,148.75711,30.00000,10.90822,0.11992,0.07553,0.27854
Cs2WInO3F3,2.48829,-2.40929,130.87915,30.00000,9.84712,0.12326,0.07547,0.35325
Cs2ZrInO3F3,2.43184,-2.73613,151.83466,30.00000,10.68549,0.12340,0.07736,0.30518
Rb2GeCuI6,0.78598,-1.01755,18.08267,30.00000,5.22108,0.12398,0.03779,0.59754
Cs2WGaO3F3,2.46827,-2.39911,140.36545,30.00000,10.11934,0.12462,0.07658,0.33404
Cs2GeNbO3F3,2.39991,-2.67020,168.16990,30.00000,11.12110,0.12571,0.07907,0.29270
Rb2FeMnBr3I3,0.78067,-1.33301,17.37174,30.00000,5.05591,0.12686,0.03771,0.59356
Cs2TiSbO3F3,2.43193,-2.76652,160.66286,30.00000,10.67549,0.12721,0.07926,0.31351
Cs2ZrGaO3F3,2.42071,-2.77021,164.75033,30.00000,10.79546,0.12726,0.07920,0.30316
Na2SnFeSe3I3,0.76327,-0.88447,0.48329,30.00000,4.31303,0.12846,0.03524,0.52116
Cs2TiInO3F3,2.43623,-2.76737,164.14545,30.00000,10.61181,0.12930,0.08035,0.31991
Cs2MnSbSe6,0.83142,-0.96676,94.98622,30.00000,7.92167,0.13001,0.04920,0.93398
K2FeCuBr6,0.76223,-1.32170,0.04771,30.00000,4.18715,0.13165,0.03517,0.51910
Cs2TiGaO3F3,2.41384,-2.78226,179.34440,30.00000,10.90303,0.13203,0.08274,0.31242
Cs2MoGaO3F3,2.46229,-2.39533,163.38541,30.00000,10.22076,0.13311,0.08171,0.35435
Cs2SnNbO3F3,2.49619,-2.68082,149.11064,30.00000,9.70065,0.13317,0.08034,0.39250
K2CrAgI6,0.75437,-1.00442,1.97409,30.00000,4.05129,0.13686,0.03561,0.52795
Na2MnSbSe6,0.74719,-0.89697,0.38312,30.00000,3.69555,0.14691,0.03541,0.52052
Na2FeZnBr3I3,0.74915,-1.08585,0.34861,30.00000,3.69135,0.14708,0.03547,0.52070
Na2FeCuBr6,0.74595,-1.20077,0.03823,30.00000,3.50457,0.15295,0.03542,0.52030
Rb2GeFeSe3I3,0.76040,-0.95730,20.88959,30.00000,4.15811,0.15350,0.03854,0.61275
K2FeSbSe3I3,0.74094,-0.90563,0.49532,30.00000,3.41661,0.15721,0.03558,0.52301
Cs2CrAgBr3I3,0.79865,-1.24175,84.57701,30.00000,5.98801,0.15784,0.04815,0.89166
Rb2SnCuI6,0.74862,-1.02935,14.32713,30.00000,3.72841,0.16182,0.03764,0.58371
K2SnFeBr3I3,0.73091,-1.16761,0.36212,30.00000,3.30384,0.16199,0.03562,0.52173
Rb2FeMnI6,0.74741,-1.11842,15.26851,30.00000,3.70010,0.16452,0.03784,0.58879
Cs2GeCuBr3I3,0.78998,-1.22902,88.45148,30.00000,5.62720,0.17107,0.04887,0.91209
Na2GeFeSe3I3,0.72765,-0.86877,4.74458,30.00000,3.15433,0.17459,0.03638,0.54236
Rb2CrAgI6,0.74282,-1.03554,15.89734,30.00000,3.45981,0.17504,0.03795,0.59205
Cs2GeFeBr6,0.79412,-1.42356,103.20481,30.00000,5.73087,0.17735,0.05115,0.97703
Cs2SnFeSe3I3,0.77565,-0.95790,82.39557,30.00000,4.91048,0.18653,0.04816,0.88538
K2GeFeBr3I3,0.71999,-1.17809,4.43609,30.00000,2.94065,0.18657,0.03653,0.54234
Cs2SnCuBr3I3,0.77302,-1.23183,81.49974,30.00000,4.69436,0.19320,0.04812,0.88383
K2FeZnBr3I3,0.70918,-1.20847,0.34424,30.00000,2.69909,0.19497,0.03596,0.52446
Cs2GeCuBr6,0.77902,-1.40004,102.31128,30.00000,5.08628,0.19693,0.05120,0.97631
Na2FeZnI6,0.70446,-0.99783,0.57077,30.00000,2.64286,0.19817,0.03611,0.52639
Cs2FeSbSe3Br3,0.77528,-1.20112,94.49440,30.00000,4.72274,0.20331,0.05007,0.94115
Rb2SnFeBr3I3,0.71892,-1.22667,16.26085,30.00000,2.94013,0.20420,0.03833,0.59559
Rb2FeSbSe3I3,0.71368,-0.94335,16.37768,30.00000,2.87917,0.20766,0.03856,0.59672
K2SnFeI6,0.69692,-1.01669,0.56368,30.00000,2.44810,0.21261,0.03619,0.52736
Na2SnFeI6,0.69429,-0.91043,0.57438,30.00000,2.42617,0.21573,0.03628,0.52769
Cs2GeFeSe3I3,0.76518,-0.95420,89.46046,30.00000,4.28085,0.21827,0.04945,0.91934
Rb2FeCuBr6,0.71309,-1.34693,20.03600,30.00000,2.79789,0.21909,0.03917,0.61254
K2GeFeI6,0.68482,-0.98763,4.05387,30.00000,2.35650,0.22649,0.03708,0.54333
Cs2SnFeSe3Br3,0.75635,-1.20817,94.78700,30.00000,4.13755,0.23086,0.05036,0.94573
Rb2FeZnI6,0.69902,-1.08062,15.11757,30.00000,2.51873,0.23242,0.03866,0.59276
Cs2GeFeSe3Br3,0.75790,-1.22779,103.65124,30.00000,4.18936,0.23628,0.05168,0.98491
Na2FeSbSe3I3,0.66482,-0.81750,0.50520,30.00000,2.10190,0.24602,0.03676,0.52881
Cs2FeMnBr3I3,0.74436,-1.37914,87.30005,30.00000,3.61886,0.25348,0.04951,0.91427
K2FeZnI6,0.65729,-1.05192,0.55960,30.00000,2.02418,0.25438,0.03697,0.52946
Na2FeAgBr3I3,0.65234,-1.04334,2.05534,30.00000,1.95711,0.26664,0.03729,0.53542
Rb2GeFeBr3I3,0.67840,-1.23951,20.72036,30.00000,2.27899,0.26688,0.03994,0.61913
Cs2SnCuI6,0.72771,-1.04795,72.20982,30.00000,3.15728,0.26697,0.04757,0.84699
Na2GeFeI6,0.65315,-0.90385,4.18525,30.00000,1.93049,0.27476,0.03763,0.54602
Rb2FeZnBr3I3,0.66431,-1.27377,17.17335,30.00000,2.06733,0.28482,0.03967,0.60391
Na2FeCuBr3I3,0.63683,-1.04060,0.35648,30.00000,1.76036,0.28916,0.03756,0.52928
Cs2FeSbSe3I3,0.72559,-0.94627,82.17747,30.00000,3.03738,0.29105,0.04916,0.89219
Cs2GeFeBr3I3,0.71118,-1.25453,89.11567,30.00000,2.76173,0.32825,0.05071,0.92570
Cs2CrAgI6,0.70139,-1.08307,74.74634,30.00000,2.53540,0.33090,0.04849,0.86286
Rb2SnFeI6,0.62561,-1.04671,14.42031,30.00000,1.66600,0.34140,0.04050,0.59352
Cs2SnFeI6,0.68910,-1.07829,72.66654,30.00000,2.41336,0.34350,0.04832,0.85345
Cs2SnFeBr3I3,0.68950,-1.23544,82.08462,30.00000,2.41724,0.36185,0.05020,0.89596
Cs2FeMnI6,0.68405,-1.14839,76.70801,30.00000,2.33595,0.36293,0.04937,0.87247
Cs2GeCuI6,0.66895,-1.02262,77.95117,30.00000,2.16792,0.39237,0.04999,0.88074
K2FeCuI6,0.55967,-0.96073,0.56646,30.00000,1.17949,0.41309,0.04085,0.53480
K2FeAgBr3I3,0.56267,-1.09800,1.98743,30.00000,1.18490,0.41684,0.04087,0.54020
Na2FeAgI6,0.55183,-0.83169,2.01999,30.00000,1.13848,0.42390,0.04162,0.54194
Rb2GeFeI6,0.58464,-1.02478,18.20715,30.00000,1.35865,0.42640,0.04266,0.61397
K2FeCuBr3I3,0.52392,-1.10000,0.35179,30.00000,1.00783,0.42952,0.04310,0.53454
Na2FeCuI6,0.53159,-0.83258,0.57790,30.00000,1.00758,0.43080,0.04306,0.53609
K2FeAgI6,0.52839,-0.94967,1.96275,30.00000,1.04210,0.43320,0.04303,0.54195
Cs2FeZnBr3I3,0.64666,-1.29888,86.39357,30.00000,1.89837,0.46523,0.05228,0.91987
Rb2FeCuI6,0.54233,-0.99408,15.14962,30.00000,1.05770,0.48392,0.04543,0.60312
Rb2FeCuBr3I3,0.53352,-1.17869,17.21456,30.00000,1.04851,0.49240,0.04614,0.61125
Rb2FeAgBr3I3,0.51717,-1.16284,17.90882,30.00000,1.00000,0.50185,0.04862,0.61562
Cs2FeZnI6,0.62051,-1.10195,76.00939,30.00000,1.62676,0.51405,0.05179,0.87554
Cs2GeFeI6,0.61755,-1.04879,78.46436,30.00000,1.58860,0.53069,0.05239,0.88663
Cs2FeCuBr3I3,0.58213,-1.20042,86.55913,30.00000,1.32590,0.65837,0.05620,0.92736
Cs2FeCuI6,0.53966,-1.04574,76.13772,30.00000,1.09026,0.71553,0.05952,0.88120
Cs2FeAgBr3I3,0.53089,-1.17948,84.26336,30.00000,1.05621,0.75218,0.06213,0.91878
Cs2FeCuBr6,0.51593,-1.35642,100.37954,30.00000,1.00000,0.82253,0.06832,0.99506
