formula,status,front,front_stable,front1_frequency,p_stable_final,p_stable50,plausible,umlip_ehull_meV,umlip_veto,p_absorber,p_semi,p_gap_pv,gap_pred_eV,gap_lo90_eV,gap_hi90_eV,lcoe_median__f0.61_low_L35_d0.007,p_lcoe_le_csi__f0.61_low_L35_d0.007,ox_states,tau,ehull_pred_meV,mp_ehull_meV,absorber_cost_m2
Cs2BiAgBr6,known_mp,1,1,1.00000,1.00000,1.00000,True,-5.59053,False,0.65204,0.90334,0.72181,1.28506,0.65565,1.91447,65.06537,0.00000,Cs+1;Bi+3;Ag+1;Br-1,3.96234,59.35298,0.94906,3.25378
K2SbAgCl6,known_mp,1,1,0.75000,1.00000,1.00000,True,32.19697,False,0.64063,0.94794,0.67581,1.47922,0.77294,2.18549,65.06385,0.15800,K+1;Sb+3;Ag+1;Cl-1,4.07108,56.41301,26.07350,0.47338
Cs2BiAgBr3I3,stable_likely,1,1,1.00000,0.71222,0.71222,True,27.00503,False,0.67425,0.89217,0.75574,1.32032,0.73072,1.90992,64.94295,0.00000,Cs+1;Bi+3;Ag+1;Br-1;I-1,4.07243,29.05123,,2.92699
Cs2SnBiS3I3,unstable_likely,1,0,1.00000,0.11868,0.11868,True,,False,0.68836,0.94024,0.73211,1.41744,0.77959,2.05530,65.70496,0.00000,Cs+1;Sn+4;Bi+3;S-2;I-1,4.14395,138.92003,,3.07538
Rb2SbAgCl3I3,unstable_likely,1,0,1.00000,0.07825,0.07825,True,,False,0.71382,0.96249,0.74164,1.46263,0.85086,2.07440,64.20951,0.00000,Rb+1;Sb+3;Ag+1;Cl-1;I-1,4.16056,165.78588,,5.18003
Rb2SbAgCl6,known_mp,2,2,0.00000,1.00000,1.00000,True,-2.76768,False,0.63542,0.94924,0.66940,1.49084,0.78428,2.19741,68.30499,0.00000,Rb+1;Sb+3;Ag+1;Cl-1,3.95638,38.88723,0.00000,7.38626
Cs2SbAgCl6,known_mp,2,2,0.00000,1.00000,1.00000,True,-12.46963,False,0.61124,0.94865,0.64433,1.53882,0.82830,2.24934,66.62281,0.00000,Cs+1;Sb+3;Ag+1;Cl-1,3.80174,62.13346,0.00000,4.87134
Rb2SbAgBr6,known_mp,2,2,0.00000,1.00000,1.00000,True,13.33538,False,0.59174,0.94474,0.62635,1.10072,0.52827,1.67316,65.95257,0.00000,Rb+1;Sb+3;Ag+1;Br-1,4.11344,54.99681,20.61370,5.15329
Cs2SbAgBr6,known_mp,2,2,0.00000,1.00000,1.00000,True,-2.34517,False,0.58782,0.94025,0.62517,1.11561,0.49399,1.73723,65.20325,0.00000,Cs+1;Sb+3;Ag+1;Br-1,3.95881,46.23822,7.38033,3.54373
Cs2SbAgBr3I3,unstable_likely,2,0,0.50000,0.36853,0.36853,True,,False,0.61823,0.93704,0.65977,1.13443,0.55809,1.71078,64.94916,0.00000,Cs+1;Sb+3;Ag+1;Br-1;I-1,4.08446,75.00794,,3.15476
Cs2SnBiSe3Br3,unstable_likely,2,0,0.00000,0.14606,0.14606,True,,False,0.64551,0.92022,0.70147,1.48528,0.82627,2.14429,65.53373,0.00000,Cs+1;Sn+4;Bi+3;Se-2;Br-1,4.08582,126.01425,,3.02821
Cs2SbAgCl3I3,unstable_likely,2,0,0.00000,0.10345,0.10345,True,,False,0.65970,0.95951,0.68754,1.50279,0.83123,2.17435,66.11400,0.00000,Cs+1;Sb+3;Ag+1;Cl-1;I-1,4.00593,147.42042,,3.58042
K2SbAgCl3Br3,unstable_likely,2,0,0.25000,0.03824,0.03824,True,,False,0.64480,0.96314,0.66948,1.47031,0.74794,2.19267,64.40288,0.17700,K+1;Sb+3;Ag+1;Cl-1;Br-1,4.14961,217.68593,,0.38065
K2AgInCl6,known_mp,3,3,0.00000,1.00000,1.00000,True,6.07189,False,0.42705,0.69568,0.61386,1.25058,0.43660,2.06457,80.96804,0.11500,K+1;Ag+1;In+3;Cl-1,4.09104,84.18076,6.18920,0.62898
Rb2BiAgCl6,known_mp,3,3,0.00000,1.00000,1.00000,True,-49.55028,False,0.40752,0.92426,0.44092,1.78848,1.07599,2.50098,73.66499,0.00000,Rb+1;Bi+3;Ag+1;Cl-1,4.11992,37.15286,0.00000,6.46821
Cs2GeMnCl6,stable_likely,3,3,0.00000,0.88057,0.88057,True,25.21111,False,0.42127,0.84711,0.49730,1.39475,0.29438,2.49512,78.09916,0.00000,Cs+1;Ge+2;Mn+2;Cl-1,4.06027,-17.00354,,5.78444
K2GeMnCl6,stable_likely,3,3,0.00000,0.86625,0.86625,True,29.39787,False,0.45395,0.83998,0.54043,1.31747,0.30992,2.32502,75.55321,0.11600,K+1;Ge+2;Mn+2;Cl-1,4.14974,-10.43355,,0.72339
Rb2GeMnCl6,stable_likely,3,3,0.00000,0.86599,0.86599,True,27.94773,False,0.45632,0.85899,0.53123,1.31831,0.28329,2.35333,76.41047,0.00000,Rb+1;Ge+2;Mn+2;Cl-1,4.10904,-10.30173,,8.97083
Cs2GeMnCl3Br3,stable_likely,3,3,0.00000,0.71735,0.71735,True,46.09046,False,0.46055,0.86379,0.53317,1.46452,0.47712,2.45193,73.18913,0.00000,Cs+1;Ge+2;Mn+2;Cl-1;Br-1,4.15643,28.14269,,4.74465
Rb2WAgSe3Br3,unstable_likely,3,0,0.00000,0.31286,0.31286,True,,False,0.60926,0.80754,0.75447,1.27891,0.70491,1.85290,68.05235,0.00000,Rb+1;W+6;Ag+1;Se-2;Br-1,4.15991,83.83995,,4.85619
Cs2WAgSe3Br3,unstable_likely,3,0,0.00000,0.28347,0.28347,True,,False,0.59877,0.80800,0.74105,1.25155,0.67581,1.82730,67.80407,0.00000,Cs+1;W+6;Ag+1;Se-2;Br-1,4.06074,89.09045,,3.36610
Cs2MoAgS3Br3,unstable_likely,3,0,0.00000,0.27803,0.27803,True,,False,0.61479,0.84777,0.72519,1.33835,0.69455,1.98216,68.33054,0.00000,Cs+1;Mo+6;Ag+1;S-2;Br-1,3.98835,90.10609,,4.30838
Rb2WAgS3Br3,unstable_likely,3,0,0.00000,0.17319,0.17319,True,,False,0.62220,0.79635,0.78131,1.48548,0.94235,2.02860,71.05089,0.00000,Rb+1;W+6;Ag+1;S-2;Br-1,4.07991,116.31945,,5.69397
Rb2MoAgS3Br3,unstable_likely,3,0,0.00000,0.11571,0.11571,True,,False,0.62941,0.85411,0.73692,1.44421,0.81972,2.06870,70.29550,0.00000,Rb+1;Mo+6;Ag+1;S-2;Br-1,4.08451,140.33497,,6.40356
Cs2MoAgS3I3,unstable_likely,3,0,0.00000,0.07776,0.07776,True,,False,0.63117,0.82132,0.76848,1.40155,0.81942,1.98368,68.44148,0.00000,Cs+1;Mo+6;Ag+1;S-2;I-1,4.12628,166.17368,,3.73592
K2SbAgF3I3,unstable_likely,3,0,0.00000,0.01783,0.01783,True,,False,0.57608,0.93052,0.61909,1.31685,0.48673,2.14697,66.07733,0.15500,K+1;Sb+3;Ag+1;F-1;I-1,4.02396,277.85472,,0.42211
Cs2AgInCl6,known_mp,4,4,0.00000,1.00000,1.00000,True,-6.55636,False,0.41050,0.67994,0.60373,1.38331,0.51534,2.25127,82.99791,0.00000,Cs+1;Ag+1;In+3;Cl-1,3.79311,101.76127,0.00000,5.02884
Cs2BiAgCl6,known_mp,4,4,0.00000,1.00000,1.00000,True,,False,0.38210,0.92447,0.41332,1.81672,1.07470,2.55873,74.41244,0.00000,Cs+1;Bi+3;Ag+1;Cl-1,3.82472,64.62597,0.00000,4.33858
Cs2MnCuCl3Br3,stable_likely,4,4,0.00000,0.83203,0.83203,True,22.51377,False,0.41503,0.67250,0.61715,1.36687,0.52247,2.21127,86.88414,0.00000,Cs+1;Mn+2;Cu+2;Cl-1;Br-1,4.15643,2.12252,,4.39754
K2VFeO3F3,stable_likely,4,4,0.00000,0.54086,0.54086,True,,False,0.39669,0.87851,0.45155,1.34670,0.08491,2.60849,77.29712,0.10400,K+1;V+5;Fe+2;O-2;F-1,3.79815,52.55364,,0.03740
Cs2WAgSe3Cl3,unstable_likely,4,0,0.00000,0.24591,0.24591,True,,False,0.51279,0.79088,0.64838,1.47582,0.72363,2.22801,72.41819,0.00000,Cs+1;W+6;Ag+1;Se-2;Cl-1,3.97503,96.61122,,3.86168
Cs2TiBiSe3Br3,unstable_likely,4,0,0.00000,0.19606,0.19606,True,,False,0.52701,0.86137,0.61183,1.49864,0.69817,2.29910,71.36276,0.00000,Cs+1;Ti+4;Bi+3;Se-2;Br-1,4.17127,109.10881,,3.23395
K2WAgS3Br3,unstable_likely,4,0,0.00000,0.18311,0.18311,True,,False,0.60689,0.76210,0.79634,1.47221,0.94564,1.99878,68.64693,0.16500,K+1;W+6;Ag+1;S-2;Br-1,4.15488,113.12963,,0.37330
K2MoAgS3Br3,unstable_likely,4,0,0.00000,0.08644,0.08644,True,,False,0.60766,0.82621,0.73548,1.43568,0.80658,2.06477,68.18854,0.15300,K+1;Mo+6;Ag+1;S-2;Br-1,4.15738,159.24515,,0.43251
Rb2SbAgCl3Br3,unstable_likely,4,0,0.00000,0.04580,0.04580,True,,False,0.61960,0.96403,0.64272,1.40970,0.62009,2.19931,68.65290,0.00000,Rb+1;Sb+3;Ag+1;Cl-1;Br-1,4.03491,203.95272,,6.07037
Cs2SbAgCl3Br3,unstable_likely,4,0,0.00000,0.03907,0.03907,True,,False,0.58415,0.96299,0.60660,1.49947,0.68802,2.31092,68.08724,0.00000,Cs+1;Sb+3;Ag+1;Cl-1;Br-1,3.88028,216.16071,,4.10234
Cs2WBiS3I3,unstable_likely,4,0,0.00000,0.01848,0.01848,True,,False,0.60900,0.80691,0.75473,1.29700,0.71513,1.87887,68.22271,0.00000,Cs+1;W+4;Bi+3;S-2;I-1,4.17267,274.69690,,2.90544
K2SbAgF3Br3,unstable_likely,4,0,0.00000,0.01263,0.01263,True,,False,0.53475,0.92722,0.57672,1.29947,0.38017,2.21877,67.87321,0.16100,K+1;Sb+3;Ag+1;F-1;Br-1,3.89830,311.65163,,0.41199
Rb2AgInCl6,known_mp,5,5,0.00000,1.00000,1.00000,True,-51.59814,False,0.39601,0.66913,0.59183,1.21829,0.37081,2.06578,86.05274,0.00000,Rb+1;Ag+1;In+3;Cl-1,3.96418,94.42382,0.00000,7.59720
K2AgInF6,known_mp,5,5,0.00000,1.00000,1.00000,True,,False,0.33210,0.74903,0.44337,1.51711,0.32630,2.70793,83.54661,0.07000,K+1;Ag+1;In+3;F-1,3.59873,158.16916,36.78435,0.77941
Rb2MnBiS3Cl3,unstable_likely,5,0,0.00000,0.46935,0.46935,True,,False,0.37890,0.72302,0.52405,1.23441,0.19726,2.27156,84.16104,0.00000,Rb+1;Mn+4;Bi+3;S-2;Cl-1,4.12827,61.28180,,6.73710
Rb2CrAgCl6,unstable_likely,5,0,0.00000,0.39659,0.39659,True,,False,0.38996,0.64429,0.60525,1.24156,0.41067,2.07244,83.62777,0.00000,Rb+1;Cr+3;Ag+1;Cl-1,3.97164,70.90295,,8.32860
Cs2ZrBiSe3Br3,unstable_likely,5,0,0.00000,0.32429,0.32429,True,,False,0.30042,0.87067,0.34504,1.89610,1.08734,2.70485,81.15094,0.00000,Cs+1;Zr+4;Bi+3;Se-2;Br-1,4.06074,81.89369,,3.10440
K2FeAgCl3Br3,unstable_likely,5,0,0.00000,0.25267,0.25267,True,,False,0.34718,0.72127,0.48135,0.99684,0.19733,1.79634,81.18660,0.11900,K+1;Fe+3;Ag+1;Cl-1;Br-1,4.13144,95.25188,,0.41587
Rb2FeAgCl3Br3,unstable_likely,5,0,0.00000,0.24221,0.24221,True,,False,0.36434,0.73364,0.49662,1.02881,0.19181,1.86582,80.28198,0.00000,Rb+1;Fe+3;Ag+1;Cl-1;Br-1,4.04653,97.41445,,6.65173
Cs2MnBiSe3Cl3,unstable_likely,5,0,0.00000,0.21022,0.21022,True,,False,0.38943,0.70583,0.55174,1.32180,0.33859,2.30501,82.44728,0.00000,Cs+1;Mn+4;Bi+3;Se-2;Cl-1,4.16925,105.08950,,3.69806
Cs2AgInCl3Br3,unstable_likely,5,0,0.00000,0.20801,0.20801,True,,False,0.39702,0.65974,0.60179,1.33053,0.46287,2.19820,88.20683,0.00000,Cs+1;Ag+1;In+3;Cl-1;Br-1,3.87003,105.68568,,4.22828
Cs2MnBiS3Br3,unstable_likely,5,0,0.00000,0.17058,0.17058,True,,False,0.45268,0.74419,0.60829,1.28554,0.44260,2.12849,75.52972,0.00000,Cs+1;Mn+4;Bi+3;S-2;Br-1,4.17566,117.16875,,3.71586
Rb2MoAgSe3Br3,unstable_likely,5,0,0.00000,0.16344,0.16344,True,,False,0.51998,0.81383,0.63893,1.11555,0.53291,1.69820,70.65782,0.00000,Rb+1;Mo+6;Ag+1;Se-2;Br-1,4.16497,119.45870,,5.36203
Cs2MoAgSe3Br3,unstable_likely,5,0,0.00000,0.14852,0.14852,True,,False,0.50822,0.81305,0.62508,1.10462,0.51351,1.69574,70.26732,0.00000,Cs+1;Mo+6;Ag+1;Se-2;Br-1,4.06881,125.07654,,3.68280
Rb2SnBiSe3Br3,unstable_likely,5,0,0.00000,0.13832,0.13832,True,,False,0.54906,0.89505,0.61344,1.64395,1.02619,2.26171,69.41632,0.00000,Rb+1;Sn+4;Bi+3;Se-2;Br-1,4.17609,129.29208,,4.43045
Cs2BiAgCl3I3,unstable_likely,5,0,0.00000,0.06960,0.06960,True,,False,0.57071,0.93848,0.60812,1.63495,0.99015,2.27974,68.54548,0.00000,Cs+1;Bi+3;Ag+1;Cl-1;I-1,4.00362,173.86104,,3.28955
Cs2MoBiS3Br3,unstable_likely,5,0,0.00000,0.01883,0.01883,True,,False,0.57580,0.83686,0.68805,1.22329,0.58429,1.86229,69.11447,0.00000,Cs+1;Mo+4;Bi+3;S-2;Br-1,4.03999,272.89925,,3.57076
Rb2MoBiS3Br3,unstable_likely,5,0,0.00000,0.01746,0.01746,True,,False,0.58936,0.82568,0.71379,1.27855,0.63912,1.91799,69.39290,0.00000,Rb+1;Mo+4;Bi+3;S-2;Br-1,4.11900,279.95707,,5.31876
Cs2WAgS3Br3,unstable_likely,5,0,0.00000,0.00000,0.45675,True,241.86097,True,0.61301,0.80041,0.76587,1.43908,0.85681,2.02135,69.59583,0.00000,Cs+1;W+6;Ag+1;S-2;Br-1,3.98074,62.90057,,3.88027
K2NbTaO6,known_mp,6,6,0.00000,1.00000,1.00000,True,,False,0.29865,0.82925,0.36015,1.78961,0.64825,2.93098,85.24296,0.06300,K+1;Nb+5;Ta+5;O-2,3.91072,139.43692,6.95950,0.29750
K2MnZnCl6,stable_likely,6,6,0.00000,0.89485,0.89485,True,48.67338,False,0.35847,0.68359,0.52439,1.45327,0.43902,2.46752,89.46711,0.10700,K+1;Mn+2;Zn+2;Cl-1,4.14132,-24.61363,,0.01026
Cs2BiAgF3Cl3,stable_likely,6,6,0.00000,0.86910,0.86910,True,,False,0.27546,0.91469,0.30115,1.95683,1.06720,2.84646,84.23681,0.00000,Cs+1;Bi+3;Ag+1;F-1;Cl-1,3.60454,-11.67661,,4.62587
K2BiAgF3Cl3,stable_likely,6,6,0.00000,0.79266,0.79266,True,,False,0.29387,0.90461,0.32486,1.89482,0.82394,2.96571,83.88578,0.05200,K+1;Bi+3;Ag+1;F-1;Cl-1,4.12340,12.91063,,0.44360
Rb2MnInO3Cl3,unstable_likely,6,0,0.00000,0.34557,0.34557,True,,False,0.32511,0.88245,0.36842,1.66025,0.33054,2.98997,87.33773,0.00000,Rb+1;Mn+4;In+3;O-2;Cl-1,4.13529,78.48891,,8.82329
Rb2VFeS3F3,unstable_likely,6,0,0.00000,0.33384,0.33384,True,,False,0.33914,0.82405,0.41155,1.27457,-0.14029,2.68944,88.10954,0.00000,Rb+1;V+5;Fe+2;S-2;F-1,4.12228,80.31912,,9.96978
Cs2MnBiS3Cl3,unstable_likely,6,0,0.00000,0.31155,0.31155,True,,False,0.35244,0.72293,0.48751,1.48777,0.40103,2.57451,88.08179,0.00000,Cs+1;Mn+4;Bi+3;S-2;Cl-1,4.07950,84.06484,,4.38914
K2MnBiS3Cl3,unstable_likely,6,0,0.00000,0.29640,0.29640,True,,False,0.37212,0.71110,0.52330,1.27823,0.22439,2.33208,83.63896,0.12300,K+1;Mn+4;Bi+3;S-2;Cl-1,4.16897,86.74649,,0.01990
Cs2GeBiS3Br3,unstable_likely,6,0,0.00000,0.23877,0.23877,True,,False,0.22946,0.93454,0.24553,2.03674,1.30478,2.76870,82.81122,0.00000,Cs+1;Ge+4;Bi+3;S-2;Br-1,4.17566,98.27988,,3.97965
Rb2TiBiSe3Cl3,unstable_likely,6,0,0.00000,0.18284,0.18284,True,,False,0.32360,0.87473,0.36994,1.78573,0.69213,2.87934,83.50363,0.00000,Rb+1;Ti+4;Bi+3;Se-2;Cl-1,4.14662,113.18602,,5.58898
Rb2WAgSe3Cl3,unstable_likely,6,0,0.00000,0.14769,0.14769,True,,False,0.51339,0.79574,0.64517,1.51043,0.77946,2.24140,73.07695,0.00000,Rb+1;W+6;Ag+1;Se-2;Cl-1,4.07420,125.42684,,5.65668
Rb2MoAgS3Cl3,unstable_likely,6,0,0.00000,0.13385,0.13385,True,,False,0.49073,0.85202,0.57596,1.55126,0.72840,2.37412,71.56654,0.00000,Rb+1;Mo+6;Ag+1;S-2;Cl-1,3.99830,131.34852,,7.87845
Cs2MoAgSe3Cl3,unstable_likely,6,0,0.00000,0.12728,0.12728,True,,False,0.51157,0.88612,0.57731,1.54179,0.71311,2.37047,71.80125,0.00000,Cs+1;Mo+6;Ag+1;Se-2;Cl-1,3.98261,134.50020,,4.28392
K2WAgSe3Cl3,unstable_likely,6,0,0.00000,0.11458,0.11458,True,,False,0.51908,0.77525,0.66956,1.51786,0.83046,2.20526,71.35395,0.10800,K+1;W+6;Ag+1;Se-2;Cl-1,4.14916,141.00658,,0.38587
Cs2WAgS3I3,unstable_likely,6,0,0.00000,0.09851,0.09851,True,,False,0.53254,0.75150,0.70864,1.58882,1.04072,2.13692,72.37935,0.00000,Cs+1;W+6;Ag+1;S-2;I-1,4.11788,150.64817,,3.41481
K2MoAgSe3Cl3,unstable_likely,6,0,0.00000,0.05340,0.05340,True,,False,0.48819,0.87664,0.55689,1.59113,0.77807,2.40419,71.15726,0.09300,K+1;Mo+6;Ag+1;Se-2;Cl-1,4.15163,192.34801,,0.44616
Cs2WBiSe3Br3,unstable_likely,6,0,0.00000,0.03282,0.03282,True,,False,0.54293,0.80760,0.67227,1.18085,0.55277,1.80893,69.61012,0.00000,Cs+1;W+4;Bi+3;Se-2;Br-1,4.11350,229.56876,,2.86093
Rb2SbAgF3I3,unstable_likely,6,0,0.00000,0.03090,0.03090,True,,False,0.55622,0.93983,0.59183,1.35530,0.46360,2.24700,69.79025,0.00000,Rb+1;Sb+3;Ag+1;F-1;I-1,3.90926,234.26131,,5.48526
Rb2WBiS3Br3,unstable_likely,6,0,0.00000,0.01004,0.01004,True,,False,0.56080,0.80979,0.69252,1.31696,0.62535,2.00857,70.24772,0.00000,Rb+1;W+4;Bi+3;S-2;Br-1,4.11243,338.16155,,4.79490
K2WBiS3Br3,unstable_likely,6,0,0.00000,0.00900,0.00900,True,,False,0.56038,0.80283,0.69801,1.46389,0.78925,2.13853,69.04757,0.16800,K+1;W+4;Bi+3;S-2;Br-1,4.17536,351.35480,,0.03761
Rb2AgInF6,known_mp,7,7,0.00000,1.00000,1.00000,True,,False,0.28197,0.73181,0.38530,1.70522,0.52584,2.88460,93.96248,0.00000,Rb+1;Ag+1;In+3;F-1,3.47188,109.63140,0.00000,9.07543
Rb2MnZnCl6,stable_likely,7,7,0.00000,0.89297,0.89297,True,40.39713,False,0.29980,0.66794,0.44885,1.66340,0.66417,2.66263,97.77116,0.00000,Rb+1;Mn+2;Zn+2;Cl-1,4.09907,-23.46791,,8.50726
K2CrMnO3F3,stable_likely,7,7,0.00000,0.88467,0.88467,True,,False,0.26938,0.83746,0.32166,1.82409,0.50850,3.13967,88.39854,0.06800,K+1;Cr+5;Mn+2;O-2;F-1,3.79815,-19.02699,,0.01699
Cs2MnInO3Cl3,stable_likely,7,7,0.00000,0.85753,0.85753,True,,False,0.27516,0.89662,0.30689,1.86605,0.52864,3.20346,91.29628,0.00000,Cs+1;Mn+4;In+3;O-2;Cl-1,4.13386,-6.72333,,5.57322
K2FeSbS3F3,stable_likely,7,7,0.00000,0.83810,0.83810,True,,False,0.27976,0.79908,0.35010,1.81276,0.65970,2.96583,85.75199,0.07700,K+1;Fe+2;Sb+5;S-2;F-1,4.04245,0.14113,,0.02344
K2SnFeS3F3,stable_likely,7,7,0.00000,0.82677,0.82677,True,,False,0.28004,0.81045,0.34554,1.80814,0.61661,2.99967,89.89836,0.08800,K+1;Sn+4;Fe+3;S-2;F-1,4.10776,3.69145,,0.03737
Rb2VMnSe3F3,stable_likely,7,7,0.00000,0.80940,0.80940,True,,False,0.28711,0.82186,0.34934,1.68368,0.28640,3.08097,93.93596,0.00000,Rb+1;V+5;Mn+2;Se-2;F-1,4.14339,8.75732,,7.55324
Na2FeSbS3F3,stable_likely,7,7,0.00000,0.78534,0.78534,True,,False,0.26325,0.80034,0.32892,1.88770,0.81907,2.95633,84.82445,0.06700,Na+1;Fe+2;Sb+5;S-2;F-1,4.17344,14.63661,,0.01868
K2VMnS3F3,stable_likely,7,7,0.00000,0.59555,0.59555,True,,False,0.29763,0.79475,0.37449,1.70112,0.46431,2.93792,85.39049,0.09700,K+1;V+5;Mn+2;S-2;F-1,4.05622,45.77266,,0.03833
Cs2FeZnCl6,unstable_likely,7,0,0.00000,0.43232,0.43232,True,,False,0.35607,0.69000,0.51604,1.28989,0.21186,2.36793,91.38867,0.00000,Cs+1;Fe+2;Zn+2;Cl-1,4.11279,66.09217,,5.34728
K2CrAgCl6,unstable_likely,7,0,0.00000,0.43090,0.43090,True,,False,0.35030,0.62383,0.56153,1.11062,0.32090,1.90034,90.97768,0.12400,K+1;Cr+3;Ag+1;Cl-1,4.04983,66.26606,,0.53973
Na2VFeO3F3,unstable_likely,7,0,0.00000,0.28605,0.28605,True,,False,0.28863,0.89873,0.32115,1.85465,0.61089,3.09842,84.93638,0.07400,Na+1;V+5;Fe+2;O-2;F-1,3.89580,88.61366,,0.03218
K2VFeS3F3,unstable_likely,7,0,0.00000,0.20841,0.20841,True,,False,0.32629,0.80490,0.40538,1.23470,-0.19957,2.66897,85.11846,0.10200,K+1;V+5;Fe+2;S-2;F-1,4.13148,105.57735,,0.03743
Na2NbTaO6,unstable_likely,7,0,0.00000,0.14935,0.14935,True,,False,0.29900,0.88210,0.33896,1.81414,0.59299,3.03529,83.84925,0.05800,Na+1;Nb+5;Ta+5;O-2,3.98778,124.65065,,0.31442
Cs2TiBiS3Br3,unstable_likely,7,0,0.00000,0.14479,0.14479,True,,False,0.36988,0.87471,0.42286,1.77631,0.92809,2.62453,77.39597,0.00000,Cs+1;Ti+4;Bi+3;S-2;Br-1,4.08564,126.52634,,3.74734
Rb2TiBiS3Br3,unstable_likely,7,0,0.00000,0.12224,0.12224,True,,False,0.40316,0.87197,0.46236,1.73861,0.93924,2.53797,76.66074,0.00000,Rb+1;Ti+4;Bi+3;S-2;Br-1,4.15273,137.07416,,5.62731
Cs2MoAgS3Cl3,unstable_likely,7,0,0.00000,0.11936,0.11936,True,,False,0.45016,0.85022,0.52946,1.60902,0.75346,2.46458,74.73564,0.00000,Cs+1;Mo+6;Ag+1;S-2;Cl-1,3.90215,138.54884,,5.15942
Rb2WAgS3Cl3,unstable_likely,7,0,0.00000,0.09372,0.09372,True,,False,0.49880,0.80625,0.61867,1.58459,0.88142,2.28777,75.11676,0.00000,Rb+1;W+6;Ag+1;S-2;Cl-1,3.99420,153.97264,,6.83170
K2MoAgS3Cl3,unstable_likely,7,0,0.00000,0.06840,0.06840,True,,False,0.43705,0.81545,0.53596,1.59805,0.74499,2.45111,73.02912,0.09700,K+1;Mo+6;Ag+1;S-2;Cl-1,4.07117,175.01635,,0.54641
K2WAgS3Cl3,unstable_likely,7,0,0.00000,0.05307,0.05307,True,,False,0.49392,0.76767,0.64340,1.47780,0.71930,2.23629,72.72078,0.11800,K+1;W+6;Ag+1;S-2;Cl-1,4.06916,192.89645,,0.45591
Rb2MoAgSe3Cl3,unstable_likely,7,0,0.00000,0.03514,0.03514,True,,False,0.47910,0.88914,0.53883,1.58136,0.71392,2.44879,72.42362,0.00000,Rb+1;Mo+6;Ag+1;Se-2;Cl-1,4.07876,224.25029,,6.35447
Cs2BiAgCl3Br3,unstable_likely,7,0,0.00000,0.02972,0.02972,True,,False,0.48192,0.94329,0.51089,1.69025,0.92682,2.45369,71.18947,0.00000,Cs+1;Bi+3;Ag+1;Cl-1;Br-1,3.89353,237.25403,,3.71830
Cs2SbAgF3I3,unstable_likely,7,0,0.00000,0.02324,0.02324,True,,False,0.51589,0.93488,0.55182,1.51357,0.60758,2.41956,70.19254,0.00000,Cs+1;Sb+3;Ag+1;F-1;I-1,3.75462,255.83230,,3.76999
Cs2MoBiSe3Br3,unstable_likely,7,0,0.00000,0.02266,0.02266,True,,False,0.50777,0.83348,0.60922,1.08785,0.50236,1.67334,69.71520,0.00000,Cs+1;Mo+4;Bi+3;Se-2;Br-1,4.12332,257.54134,,3.10465
Cs2WBiS3Br3,unstable_likely,7,0,0.00000,0.01596,0.01596,True,,False,0.55527,0.81000,0.68552,1.32410,0.61619,2.03201,70.35743,0.00000,Cs+1;W+4;Bi+3;S-2;Br-1,4.03066,288.38373,,3.25137
K2AgGaF6,known_mp,8,8,0.00000,1.00000,1.00000,True,,False,0.21528,0.73124,0.29440,1.90957,0.60599,3.21316,106.50630,0.03500,K+1;Ag+1;Ga+3;F-1,3.50690,149.71950,0.00000,0.90484
Rb2BiAgF6,known_mp,8,8,0.00000,1.00000,1.00000,True,,False,0.09223,0.91443,0.10086,2.28462,1.64017,2.92908,103.11967,0.00000,Rb+1;Bi+3;Ag+1;F-1,3.67956,55.74367,16.62725,7.52991
Cs2FeMnCl6,stable_likely,8,8,0.00000,0.92600,0.92600,True,,False,0.22487,0.50023,0.44953,1.12538,-0.07998,2.33075,inf,0.00000,Cs+1;Fe+2;Mn+2;Cl-1,4.00186,-47.28114,,5.44181
Cs2CrMnS3F3,stable_likely,8,8,0.00000,0.91212,0.91212,True,,False,0.22699,0.82295,0.27583,1.88488,0.32623,3.44354,105.10074,0.00000,Cs+1;Cr+5;Mn+2;S-2;F-1,4.12268,-36.04970,,6.10341
K2MnSbS3F3,stable_likely,8,8,0.00000,0.90955,0.90955,True,,False,0.19534,0.77225,0.25295,2.03861,0.77889,3.29833,103.73021,0.05200,K+1;Mn+2;Sb+5;S-2;F-1,3.97972,-34.27000,,0.02416
Rb2MnSbS3F3,stable_likely,8,8,0.00000,0.90580,0.90580,True,,False,0.24724,0.77146,0.32048,1.83871,0.54384,3.13358,97.44508,0.00000,Rb+1;Mn+2;Sb+5;S-2;F-1,3.95727,-31.67468,,8.57248
Na2VMnO3F3,stable_likely,8,8,0.00000,0.86155,0.86155,True,,False,0.23408,0.88662,0.26401,2.00938,0.77525,3.24350,90.03210,0.04900,Na+1;V+5;Mn+2;O-2;F-1,3.86026,-8.42185,,0.03335
Cs2SnFeS3F3,stable_likely,8,8,0.00000,0.85971,0.85971,True,,False,0.25906,0.87948,0.29456,1.92108,0.66738,3.17478,92.59205,0.00000,Cs+1;Sn+4;Fe+3;S-2;F-1,4.09449,-7.62916,,5.42228
Na2CrMnO3F3,stable_likely,8,8,0.00000,0.82622,0.82622,True,,False,0.26671,0.87171,0.30596,1.88345,0.59846,3.16844,88.77034,0.06600,Na+1;Cr+5;Mn+2;O-2;F-1,3.89580,3.86651,,0.00922
Rb2NbFeS3F3,unstable_likely,8,0,0.00000,0.48119,0.48119,True,,False,0.29308,0.81303,0.36048,1.63532,0.23937,3.03128,91.19755,0.00000,Rb+1;Nb+5;Fe+2;S-2;F-1,3.97030,59.80588,,9.08363
Cs2FeAgCl3Br3,unstable_likely,8,0,0.00000,0.39031,0.39031,True,,False,0.31377,0.71837,0.43678,0.95041,0.06372,1.83711,91.37560,0.00000,Cs+1;Fe+3;Ag+1;Cl-1;Br-1,3.93321,71.79060,,4.44534
Cs2MnZnCl3Br3,unstable_likely,8,0,0.00000,0.36213,0.36213,True,,False,0.34596,0.63441,0.54532,1.51953,0.60417,2.43489,95.47447,0.00000,Cs+1;Mn+2;Zn+2;Cl-1;Br-1,4.14350,75.98043,,4.38383
Rb2ZrBiSe3Br3,unstable_likely,8,0,0.00000,0.28167,0.28167,True,,False,0.22483,0.87711,0.25633,2.02685,1.24325,2.81045,86.73026,0.00000,Rb+1;Zr+4;Bi+3;Se-2;Br-1,4.15991,89.40151,,4.55493
K2FeAgCl6,unstable_likely,8,0,0.00000,0.23921,0.23921,True,,False,0.35268,0.64633,0.54566,1.07902,0.30012,1.85793,93.15503,0.09400,K+1;Fe+3;Ag+1;Cl-1,4.04787,98.13965,,0.53238
K2MnInO3Cl3,unstable_likely,8,0,0.00000,0.19547,0.19547,True,,False,0.29433,0.82520,0.35668,1.69102,0.34433,3.03771,86.74659,0.08800,K+1;Mn+4;In+3;O-2;Cl-1,4.14563,109.27609,,0.21008
Rb2NbFeSe3F3,unstable_likely,8,0,0.00000,0.19230,0.19230,True,,False,0.29812,0.81894,0.36403,1.62814,0.23819,3.01809,87.96166,0.00000,Rb+1;Nb+5;Fe+2;Se-2;F-1,4.06889,110.25276,,7.02395
K2TaFeSe3F3,unstable_likely,8,0,0.00000,0.17607,0.17607,True,,False,0.30553,0.77481,0.39433,1.54092,0.19010,2.89174,85.34191,0.09300,K+1;Ta+5;Fe+2;Se-2;F-1,4.09006,115.37618,,0.23457
K2TiBiS3Cl3,unstable_likely,8,0,0.00000,0.12610,0.12610,True,,False,0.27686,0.84894,0.32613,1.89973,0.87732,2.92214,84.07022,0.05300,K+1;Ti+4;Bi+3;S-2;Cl-1,4.11394,135.13071,,0.02156
Rb2AgInCl3Br3,unstable_likely,8,0,0.00000,0.11435,0.11435,True,,False,0.36595,0.63575,0.57562,1.20494,0.32670,2.08319,88.08277,0.00000,Rb+1;Ag+1;In+3;Cl-1;Br-1,4.04111,141.12303,,6.23093
K2AgInCl3Br3,unstable_likely,8,0,0.00000,0.10949,0.10949,True,,False,0.37467,0.64918,0.57714,1.17485,0.33602,2.01367,84.78061,0.10100,K+1;Ag+1;In+3;Cl-1;Br-1,4.16796,143.84783,,0.50317
Rb2CrAgCl3Br3,unstable_likely,8,0,0.00000,0.10942,0.10942,True,,False,0.39711,0.70097,0.56651,1.10666,0.33910,1.87422,82.14131,0.00000,Rb+1;Cr+3;Ag+1;Cl-1;Br-1,4.05662,143.88420,,6.69142
K2CrAgCl3Br3,unstable_likely,8,0,0.00000,0.10633,0.10633,True,,False,0.39723,0.67650,0.58719,1.12853,0.37658,1.88049,80.11153,0.14100,K+1;Cr+3;Ag+1;Cl-1;Br-1,4.13481,145.62823,,0.42077
Cs2WAgS3Cl3,unstable_likely,8,0,0.00000,0.10481,0.10481,True,,False,0.40789,0.78785,0.51772,1.66821,0.87197,2.46445,76.25025,0.00000,Cs+1;W+6;Ag+1;S-2;Cl-1,3.89503,146.50259,,4.55778
K2GeFeF3I3,unstable_likely,8,0,0.00000,0.03637,0.03637,True,,False,0.39958,0.86914,0.45974,1.51271,0.36766,2.65776,75.53799,0.09200,K+1;Ge+2;Fe+2;F-1;I-1,4.13792,221.60043,,0.57534
K2WBiS3Cl3,unstable_likely,8,0,0.00000,0.02916,0.02916,True,,False,0.40781,0.78373,0.52034,1.59170,0.68879,2.49461,74.54137,0.10600,K+1;W+4;Bi+3;S-2;Cl-1,4.08660,238.66147,,0.04137
Cs2MoBiSe3Cl3,unstable_likely,8,0,0.00000,0.02251,0.02251,True,,False,0.45430,0.87535,0.51899,1.54849,0.60035,2.49664,73.09477,0.00000,Cs+1;Mo+4;Bi+3;Se-2;Cl-1,4.03404,258.14742,,3.55492
Rb2WBiSe3Cl3,unstable_likely,8,0,0.00000,0.01735,0.01735,True,,False,0.46381,0.75859,0.61141,1.43022,0.58780,2.27263,75.13315,0.00000,Rb+1;W+4;Bi+3;Se-2;Cl-1,4.10651,280.42873,,4.76904
K2MoBiSe3Cl3,unstable_likely,8,0,0.00000,0.01665,0.01665,True,,False,0.41902,0.87344,0.47974,1.66877,0.77251,2.56503,72.59966,0.10700,K+1;Mo+4;Bi+3;Se-2;Cl-1,4.17409,284.58818,,0.06310
Rb2SbAgF3Br3,unstable_likely,8,0,0.00000,0.01531,0.01531,True,,False,0.52468,0.94417,0.55571,1.47194,0.53893,2.40495,70.65168,0.00000,Rb+1;Sb+3;Ag+1;F-1;Br-1,3.78360,292.52727,,6.50035
Cs2AgInF6,known_mp,9,9,0.00000,1.00000,1.00000,True,,False,0.17702,0.72175,0.24527,2.06249,0.79108,3.33390,134.77235,0.00000,Cs+1;Ag+1;In+3;F-1,3.30080,84.22832,0.00000,5.85342
Rb2AgGaF6,known_mp,9,9,0.00000,1.00000,1.00000,True,,False,0.17612,0.73425,0.23987,2.07833,0.88012,3.27654,127.97514,0.00000,Rb+1;Ag+1;Ga+3;F-1,3.42762,133.56279,0.00000,9.98456
Na2ZrWO6,known_mp,9,9,0.00000,1.00000,1.00000,True,,False,0.14879,0.90128,0.16509,2.30947,1.19769,3.42124,111.49511,0.03600,Na+1;Zr+4;W+6;O-2,3.94883,1.52761,12.68186,0.05754
K2MoAgO3F3,stable_likely,9,9,0.00000,0.92713,0.92713,True,,False,0.16322,0.81668,0.19986,2.20080,0.69612,3.70549,121.75414,0.02900,K+1;Mo+6;Ag+1;O-2;F-1,3.54244,-48.47414,,0.67988
K2WFeO3F3,stable_likely,9,9,0.00000,0.91502,0.91502,True,,False,0.19102,0.83266,0.22941,2.06806,0.49830,3.63782,115.19983,0.05900,K+1;W+4;Fe+3;O-2;F-1,3.81906,-37.95873,,0.04893
Rb2CrMnO3F3,stable_likely,9,9,0.00000,0.89891,0.89891,True,,False,0.18764,0.84467,0.22215,2.11605,0.63215,3.59994,115.18693,0.00000,Rb+1;Cr+5;Mn+2;O-2;F-1,3.78895,-27.18802,,11.20079
K2MoFeO3F3,stable_likely,9,9,0.00000,0.88199,0.88199,True,,False,0.23163,0.81849,0.28300,1.84138,0.24540,3.43736,103.35990,0.07500,K+1;Mo+4;Fe+3;O-2;F-1,3.83352,-17.66714,,0.07305
Cs2MnZnCl6,stable_likely,9,9,0.00000,0.88057,0.88057,True,,False,0.23849,0.63756,0.37407,1.72879,0.54039,2.91718,113.02999,0.00000,Cs+1;Mn+2;Zn+2;Cl-1,4.04796,-17.00931,,5.35583
Cs2FeSbS3F3,stable_likely,9,9,0.00000,0.84683,0.84683,True,,False,0.25203,0.81809,0.30807,1.90490,0.70410,3.10570,95.86687,0.00000,Cs+1;Fe+2;Sb+5;S-2;F-1,4.01539,-2.87445,,5.38520
Cs2AgGaF3Cl3,stable_likely,9,9,0.00000,0.80833,0.80833,True,,False,0.26627,0.67903,0.39213,1.65913,0.43800,2.88025,97.86875,0.00000,Cs+1;Ag+1;Ga+3;F-1;Cl-1,3.59347,8.98128,,5.83050
Rb2VMnS3F3,stable_likely,9,9,0.00000,0.63754,0.63754,True,,False,0.25640,0.81007,0.31651,1.84885,0.54860,3.14910,97.18058,0.00000,Rb+1;V+5;Mn+2;S-2;F-1,4.04120,40.29204,,9.99144
Rb2VFeO3F3,stable_likely,9,9,0.00000,0.62984,0.62984,True,,False,0.26608,0.85437,0.31144,1.81047,0.39704,3.22391,94.36884,0.00000,Rb+1;V+5;Fe+2;O-2;F-1,3.78895,41.28556,,11.22057
Rb2VCuO3F3,unstable_likely,9,0,0.00000,0.44149,0.44149,True,,False,0.27398,0.73340,0.37357,1.13284,-0.41555,2.68124,108.79528,0.00000,Rb+1;V+5;Cu+2;O-2;F-1,3.86791,64.91144,,11.00539
Cs2VFeS3F3,unstable_likely,9,0,0.00000,0.41552,0.41552,True,,False,0.27045,0.82457,0.32799,1.60226,0.01047,3.19406,96.88142,0.00000,Cs+1;V+5;Fe+2;S-2;F-1,4.12268,68.28119,,6.11638
Cs2FeAgCl6,unstable_likely,9,0,0.00000,0.27510,0.27510,True,,False,0.28204,0.63785,0.44218,0.96644,0.03599,1.89688,111.40313,0.00000,Cs+1;Fe+3;Ag+1;Cl-1,3.84964,90.66750,,5.36448
Rb2FeAgCl6,unstable_likely,9,0,0.00000,0.25307,0.25307,True,,False,0.32349,0.64654,0.50034,1.03568,0.20256,1.86879,102.84871,0.00000,Rb+1;Fe+3;Ag+1;Cl-1,3.96296,95.16107,,8.26773
Rb2ZrBiS3Br3,unstable_likely,9,0,0.00000,0.24624,0.24624,True,,False,0.20051,0.88344,0.22696,2.09103,1.26788,2.91419,93.88734,0.00000,Rb+1;Zr+4;Bi+3;S-2;Br-1,4.07991,96.53259,,5.33136
Na2CrWO6,unstable_likely,9,0,0.00000,0.22510,0.22510,True,,False,0.27512,0.69191,0.39762,1.16929,-0.27966,2.61824,102.18952,0.08900,Na+1;Cr+4;W+6;O-2,4.17345,101.35974,,0.05053
Rb2FeAgBr6,unstable_likely,9,0,0.00000,0.20255,0.20255,True,,False,0.25455,0.68002,0.37432,0.88838,0.26325,1.51352,94.17973,0.00000,Rb+1;Fe+3;Ag+1;Br-1,4.13009,107.12548,,5.56517
Rb2TaFeSe3F3,unstable_likely,9,0,0.00000,0.18904,0.18904,True,,False,0.28017,0.80511,0.34799,1.72213,0.38612,3.05813,92.30182,0.00000,Rb+1;Ta+5;Fe+2;Se-2;F-1,4.06889,111.27099,,6.30878
Cs2CrAgCl6,unstable_likely,9,0,0.00000,0.18666,0.18666,True,,False,0.34459,0.63791,0.54018,1.16859,0.23261,2.10456,96.09503,0.00000,Cs+1;Cr+3;Ag+1;Cl-1,3.86786,111.97882,,5.39880
Cs2ZrBiS3Br3,unstable_likely,9,0,0.00000,0.17988,0.17988,True,,False,0.19654,0.88912,0.22105,2.11226,1.25308,2.97144,91.17240,0.00000,Cs+1;Zr+4;Bi+3;S-2;Br-1,3.98074,114.10477,,3.57290
Cs2TiBiSe3Cl3,unstable_likely,9,0,0.00000,0.17089,0.17089,True,,False,0.26575,0.87925,0.30225,1.93737,0.83499,3.03975,85.87111,0.00000,Cs+1;Ti+4;Bi+3;Se-2;Cl-1,4.07952,117.07242,,3.72913
Cs2ZrBiS3I3,unstable_likely,9,0,0.00000,0.14690,0.14690,True,,False,0.22370,0.89664,0.24949,2.02633,1.31519,2.73747,85.63647,0.00000,Cs+1;Zr+4;Bi+3;S-2;I-1,4.11788,125.71794,,3.15279
Rb2AgInCl3I3,unstable_likely,9,0,0.00000,0.09652,0.09652,True,,False,0.37553,0.63039,0.59571,1.15675,0.38566,1.92785,88.81476,0.00000,Rb+1;Ag+1;In+3;Cl-1;I-1,4.16418,152.03348,,5.30787
Cs2CrAgCl3Br3,unstable_likely,9,0,0.00000,0.09616,0.09616,True,,False,0.36300,0.69145,0.52498,1.07188,0.23974,1.90401,84.72898,0.00000,Cs+1;Cr+3;Ag+1;Cl-1;Br-1,3.95285,152.28137,,4.46914
Rb2GeCuF6,unstable_likely,9,0,0.00000,0.09420,0.09420,True,,False,0.40557,0.71442,0.56769,1.35588,0.41450,2.29726,84.34473,0.00000,Rb+1;Ge+2;Cu+2;F-1,3.57112,153.62557,,10.89643
K2GeCuF6,unstable_likely,9,0,0.00000,0.08604,0.08604,True,,False,0.38375,0.70777,0.54220,1.18524,0.23704,2.13343,80.70783,0.09300,K+1;Ge+2;Cu+2;F-1,3.59750,159.55022,,0.92935
K2SnBiS3Br3,unstable_likely,9,0,0.00000,0.07769,0.07769,True,,False,0.30037,0.89981,0.33381,1.91004,1.23686,2.58322,77.73398,0.04800,K+1;Sn+4;Bi+3;S-2;Br-1,4.16348,166.25793,,0.03103
Cs2GeCuF3I3,unstable_likely,9,0,0.00000,0.07678,0.07678,True,,False,0.39575,0.74367,0.53216,1.21494,0.21236,2.21753,81.69079,0.00000,Cs+1;Ge+2;Cu+2;F-1;I-1,4.14021,166.93450,,4.25911
Cs2SnBiS3Br3,unstable_likely,9,0,0.00000,0.05680,0.05680,True,,False,0.31343,0.93421,0.33550,1.91160,1.18355,2.63965,77.58187,0.00000,Cs+1;Sn+4;Bi+3;S-2;Br-1,4.00442,188.27686,,3.47132
Cs2MoBiS3Cl3,unstable_likely,9,0,0.00000,0.05295,0.05295,True,,False,0.34859,0.87151,0.39998,1.79932,0.90388,2.69475,79.24651,0.00000,Cs+1;Mo+4;Bi+3;S-2;Cl-1,3.95070,193.08533,,4.18332
Rb2SnBiS3Br3,unstable_likely,9,0,0.00000,0.05240,0.05240,True,,False,0.36137,0.91058,0.39686,1.84328,1.13906,2.54749,77.28278,0.00000,Rb+1;Sn+4;Bi+3;S-2;Br-1,4.09469,193.92468,,5.16032
Rb2MoBiS3Cl3,unstable_likely,9,0,0.00000,0.04522,0.04522,True,,False,0.40652,0.86441,0.47029,1.73937,0.96937,2.50938,77.67021,0.00000,Rb+1;Mo+4;Bi+3;S-2;Cl-1,4.02972,204.87230,,6.36058
K2MoBiS3Cl3,unstable_likely,9,0,0.00000,0.03131,0.03131,True,,False,0.39760,0.85884,0.46295,1.70325,0.82338,2.58312,75.85924,0.08600,K+1;Mo+4;Bi+3;S-2;Cl-1,4.09076,233.17699,,0.05403
Cs2SbAgF3Br3,unstable_likely,9,0,0.00000,0.02039,0.02039,True,,False,0.45121,0.93837,0.48084,1.64136,0.70022,2.58250,73.20907,0.00000,Cs+1;Sb+3;Ag+1;F-1;Br-1,3.62897,266.07224,,4.35818
Rb2BiAgF3I3,unstable_likely,9,0,0.00000,0.01372,0.01372,True,,False,0.50987,0.91725,0.55587,1.54955,0.68101,2.41809,71.10246,0.00000,Rb+1;Bi+3;Ag+1;F-1;I-1,4.07864,303.16411,,4.96954
K2FeAgF6,known_mp,10,10,0.00000,1.00000,1.00000,True,,False,0.17174,0.59375,0.28925,1.96913,0.89670,3.04156,168.92960,0.03300,K+1;Fe+3;Ag+1;F-1,3.51305,78.89848,13.04003,0.68095
K2TiWO6,stable_likely,10,10,0.00000,0.91881,0.91881,True,,False,0.13632,0.84341,0.16163,2.29120,1.27562,3.30677,113.24108,0.03100,K+1;Ti+4;W+6;O-2,4.04194,-40.95772,,0.05274
Na2GeMnF6,stable_likely,10,10,0.00000,0.90856,0.90856,True,,False,0.14288,0.87757,0.16281,2.36781,1.00477,3.73084,130.36859,0.02100,Na+1;Ge+2;Mn+2;F-1,3.78952,-33.61041,,1.04503
Na2MnGaO3F3,stable_likely,10,10,0.00000,0.90144,0.90144,True,,False,0.16497,0.88047,0.18737,2.26772,0.85018,3.68525,121.81325,0.03200,Na+1;Mn+4;Ga+3;O-2;F-1,4.11258,-28.64717,,0.33870
Rb2MnBiO3F3,stable_likely,10,10,0.00000,0.88413,0.88413,True,,False,0.18412,0.62541,0.29440,1.81473,0.26619,3.36326,271.96547,0.00000,Rb+1;Mn+4;Bi+3;O-2;F-1,3.53853,-18.74515,,7.95155
Rb2FeMnCl3Br3,stable_likely,10,10,0.00000,0.86904,0.86904,True,,False,0.21563,0.58143,0.37086,0.86255,-0.11379,1.83890,inf,0.00000,Rb+1;Fe+2;Mn+2;Cl-1;Br-1,4.15582,-11.64875,,6.83286
Rb2MoFeO3F3,stable_likely,10,10,0.00000,0.85327,0.85327,True,,False,0.19780,0.83788,0.23607,2.00777,0.31752,3.69801,118.53987,0.00000,Rb+1;Mo+4;Fe+3;O-2;F-1,3.82712,-5.17424,,10.07195
K2VMnO3F3,stable_likely,10,10,0.00000,0.83811,0.83811,True,,False,0.22862,0.86074,0.26561,1.97632,0.57823,3.37440,99.94633,0.05800,K+1;V+5;Mn+2;O-2;F-1,3.73505,0.13739,,0.03846
Rb2AgGaF3Cl3,stable_likely,10,10,0.00000,0.78411,0.78411,True,,False,0.26407,0.70307,0.37559,1.68175,0.42143,2.94207,103.49556,0.00000,Rb+1;Ag+1;Ga+3;F-1;Cl-1,3.69881,14.93326,,9.02138
Rb2GeBiS3Cl3,unstable_likely,10,0,0.00000,0.33447,0.33447,True,,False,0.18056,0.89101,0.20265,2.14026,1.29277,2.98775,95.85351,0.00000,Rb+1;Ge+4;Bi+3;S-2;Cl-1,4.12827,80.22395,,7.01115
Na2NbFeS3F3,unstable_likely,10,0,0.00000,0.26689,0.26689,True,,False,0.21724,0.75589,0.28739,1.95594,0.73720,3.17467,99.79049,0.05400,Na+1;Nb+5;Fe+2;S-2;F-1,4.14660,92.28323,,0.02715
K2FeAgF3Cl3,unstable_likely,10,0,0.00000,0.23636,0.23636,True,,False,0.27904,0.61144,0.45636,1.64468,0.63595,2.65341,103.01165,0.05400,K+1;Fe+3;Ag+1;F-1;Cl-1,3.78046,98.82222,,0.59762
K2NbFeS3F3,unstable_likely,10,0,0.00000,0.23088,0.23088,True,,False,0.24857,0.75808,0.32790,1.75051,0.34984,3.15119,101.89660,0.07400,K+1;Nb+5;Fe+2;S-2;F-1,3.99147,100.11288,,0.03156
K2NbMnSe3F3,unstable_likely,10,0,0.00000,0.21992,0.21992,True,,False,0.26392,0.76024,0.34715,1.64768,0.19747,3.09789,96.59109,0.07900,K+1;Nb+5;Mn+2;Se-2;F-1,4.03185,102.67520,,0.05089
Rb2FeAgF3Cl3,unstable_likely,10,0,0.00000,0.19525,0.19525,True,,False,0.29768,0.60012,0.49603,1.35691,0.23710,2.47672,109.51662,0.00000,Rb+1;Fe+3;Ag+1;F-1;Cl-1,3.69555,109.35730,,9.08757
Cs2FeAgF3Cl3,unstable_likely,10,0,0.00000,0.18457,0.18457,True,,False,0.30576,0.62137,0.49207,1.41554,0.30766,2.52342,107.30298,0.00000,Cs+1;Fe+3;Ag+1;F-1;Cl-1,3.58223,112.66730,,5.81140
Rb2CrAgBr6,unstable_likely,10,0,0.00000,0.16350,0.16350,True,,False,0.25229,0.64365,0.39196,0.90632,0.31687,1.49578,96.22624,0.00000,Rb+1;Cr+3;Ag+1;Br-1,4.14161,119.43996,,5.59316
Cs2MoAgS3F3,unstable_likely,10,0,0.00000,0.16151,0.16151,True,,False,0.26575,0.87705,0.30300,1.90946,0.68864,3.13028,92.11230,0.00000,Cs+1;Mo+6;Ag+1;S-2;F-1,3.62628,120.19142,,5.56861
Cs2MnCuF3I3,unstable_likely,10,0,0.00000,0.15814,0.15814,True,,False,0.30348,0.61781,0.49122,1.48844,0.41238,2.56450,98.12884,0.00000,Cs+1;Mn+2;Cu+2;F-1;I-1,4.00258,121.42880,,3.98734
K2NbFeSe3F3,unstable_likely,10,0,0.00000,0.12762,0.12762,True,,False,0.29864,0.78040,0.38268,1.50195,0.07360,2.93030,96.37871,0.08500,K+1;Nb+5;Fe+2;Se-2;F-1,4.09006,134.31914,,0.05028
K2MnCuF3I3,unstable_likely,10,0,0.00000,0.11522,0.11522,True,,False,0.30394,0.58269,0.52161,1.31589,0.25163,2.38015,100.37399,0.10000,K+1;Mn+2;Cu+2;F-1;I-1,4.09205,140.62206,,0.11720
Na2MnSbO3Cl3,unstable_likely,10,0,0.00000,0.09391,0.09391,True,,False,0.28222,0.74670,0.37795,1.69624,0.47238,2.92010,90.15191,0.07000,Na+1;Mn+2;Sb+5;O-2;Cl-1,4.16913,153.83990,,0.01416
Cs2AgInCl3I3,unstable_likely,10,0,0.00000,0.09027,0.09027,True,,False,0.37059,0.65426,0.56642,1.17439,0.30828,2.04050,85.35976,0.00000,Cs+1;Ag+1;In+3;Cl-1;I-1,3.99311,156.26518,,3.68444
Cs2CrAgCl3I3,unstable_likely,10,0,0.00000,0.07656,0.07656,True,,False,0.34385,0.70753,0.48599,1.00265,0.21258,1.79272,84.93879,0.00000,Cs+1;Cr+3;Ag+1;Cl-1;I-1,4.08883,167.07245,,3.85066
Rb2GeCuF3I3,unstable_likely,10,0,0.00000,0.07272,0.07272,True,,False,0.35410,0.75853,0.46683,0.99413,0.12031,1.86795,82.55750,0.00000,Rb+1;Ge+2;Cu+2;F-1;I-1,4.16701,170.76104,,6.25187
Cs2GeCuF3Br3,unstable_likely,10,0,0.00000,0.06057,0.06057,True,,False,0.38321,0.73526,0.52119,1.26225,0.20161,2.32288,85.22538,0.00000,Cs+1;Ge+2;Cu+2;F-1;Br-1,3.97582,183.81623,,5.02467
K2GeMnF3I3,unstable_likely,10,0,0.00000,0.05384,0.05384,True,,False,0.33573,0.83795,0.40066,1.65955,0.47598,2.84311,82.51172,0.07500,K+1;Ge+2;Mn+2;F-1;I-1,4.09205,191.84259,,0.57657
Rb2FeAgF3I3,unstable_likely,10,0,0.00000,0.05102,0.05102,True,,False,0.38874,0.69136,0.56229,1.41538,0.47179,2.35898,82.67191,0.00000,Rb+1;Fe+3;Ag+1;F-1;I-1,3.91282,195.87408,,5.94772
K2CrMnO3Cl3,unstable_likely,10,0,0.00000,0.04853,0.04853,True,,False,0.34972,0.80895,0.43231,1.59208,0.42705,2.75711,79.76692,0.10100,K+1;Cr+5;Mn+2;O-2;Cl-1,4.16179,199.63885,,0.01405
K2FeAgF3I3,unstable_likely,10,0,0.00000,0.04467,0.04467,True,,False,0.39662,0.68571,0.57841,1.32291,0.40589,2.23993,82.33024,0.09400,K+1;Fe+3;Ag+1;F-1;I-1,3.99773,205.79649,,0.45661
K2FeCuF3Br3,unstable_likely,10,0,0.00000,0.03971,0.03971,True,,False,0.37643,0.70191,0.53629,1.38263,0.37541,2.38986,81.53297,0.10900,K+1;Fe+3;Cu+1;F-1;Br-1,4.08229,214.84988,,0.01707
Rb2WBiS3Cl3,unstable_likely,10,0,0.00000,0.03651,0.03651,True,,False,0.39579,0.77408,0.51131,1.65364,0.81608,2.49119,80.88390,0.00000,Rb+1;W+4;Bi+3;S-2;Cl-1,4.02367,221.37678,,5.62606
Rb2GeFeF3I3,unstable_likely,10,0,0.00000,0.03130,0.03130,True,,False,0.36763,0.89402,0.41121,1.63519,0.45852,2.81187,79.53364,0.00000,Rb+1;Ge+2;Fe+2;F-1;I-1,4.10463,233.18991,,6.31393
K2FeAgF3Br3,unstable_likely,10,0,0.00000,0.02856,0.02856,True,,False,0.37363,0.69255,0.53950,1.36487,0.36009,2.36966,79.59980,0.12300,K+1;Fe+3;Ag+1;F-1;Br-1,3.86403,240.30445,,0.45427
K2GeFeF3Br3,unstable_likely,10,0,0.00000,0.02071,0.02071,True,,False,0.33755,0.87645,0.38513,1.67278,0.44124,2.90432,78.86273,0.09600,K+1;Ge+2;Fe+2;F-1;Br-1,3.97898,264.94838,,0.60610
Rb2MoBiSe3Cl3,unstable_likely,10,0,0.00000,0.01992,0.01992,True,,False,0.42144,0.86224,0.48877,1.64277,0.72720,2.55835,75.31034,0.00000,Rb+1;Mo+4;Bi+3;Se-2;Cl-1,4.11305,268.12131,,5.28544
Cs2WBiSe3Cl3,unstable_likely,10,0,0.00000,0.01833,0.01833,True,,False,0.44542,0.76020,0.58592,1.43610,0.54653,2.32567,76.08540,0.00000,Cs+1;W+4;Bi+3;Se-2;Cl-1,4.02475,275.83485,,3.23925
Cs2BiAgF3Br3,unstable_likely,10,0,0.00000,0.01560,0.01560,True,,False,0.39359,0.92507,0.42547,1.76755,0.91041,2.62469,74.73068,0.00000,Cs+1;Bi+3;Ag+1;F-1;Br-1,3.67334,290.05588,,3.92720
K2WBiSe3Cl3,unstable_likely,10,0,0.00000,0.01428,0.01428,True,,False,0.42996,0.77172,0.55714,1.56683,0.71988,2.41378,75.76363,0.09500,K+1;W+4;Bi+3;Se-2;Cl-1,4.16944,299.63560,,0.05165
Cs2BiAgF3I3,unstable_likely,10,0,0.00000,0.01225,0.01225,True,,False,0.48596,0.91754,0.52963,1.64045,0.82930,2.45160,72.37367,0.00000,Cs+1;Bi+3;Ag+1;F-1;I-1,3.78344,315.52697,,3.44885
Cs2AgGaF6,known_mp,11,11,0.00000,1.00000,1.00000,True,,False,0.09556,0.70459,0.13563,2.46990,1.15682,3.78298,221.80990,0.00000,Cs+1;Ag+1;Ga+3;F-1,3.32229,102.21599,0.00000,6.34714
Cs2BiAgF6,known_mp,11,11,0.00000,1.00000,1.00000,True,,False,0.02345,0.92278,0.02541,2.71960,2.04418,3.39503,183.86250,0.00000,Cs+1;Bi+3;Ag+1;F-1,3.38435,53.08485,0.00000,4.95388
Rb2VMnO3F3,stable_likely,11,11,0.00000,0.90463,0.90463,True,,False,0.12040,0.84410,0.14264,2.48840,0.97001,4.00678,193.46932,0.00000,Rb+1;V+5;Mn+2;O-2;F-1,3.72003,-30.78725,,11.24794
Rb2GeFeF6,stable_likely,11,11,0.00000,0.90367,0.90367,True,,False,0.11642,0.86971,0.13386,2.45778,1.25901,3.65656,165.65672,0.00000,Rb+1;Ge+2;Fe+2;F-1,3.52847,-30.13341,,11.09360
Cs2TiWO6,stable_likely,11,11,0.00000,0.90139,0.90139,True,,False,0.13346,0.87603,0.15235,2.41223,1.03411,3.79036,149.38228,0.00000,Cs+1;Ti+4;W+6;O-2,4.06574,-28.59369,,5.43317
Rb2TiWO6,stable_likely,11,11,0.00000,0.88477,0.88477,True,,False,0.12674,0.86301,0.14686,2.35636,1.29661,3.41610,118.11261,0.00000,Rb+1;Ti+4;W+6;O-2,4.04509,-19.09667,,8.63320
Cs2MnBiO3F3,stable_likely,11,11,0.00000,0.88396,0.88396,True,,False,0.14369,0.65205,0.22037,2.12284,0.64409,3.60159,197.71914,0.00000,Cs+1;Mn+4;Bi+3;O-2;F-1,3.48976,-18.65916,,5.06117
Cs2SnVS3F3,stable_likely,11,11,0.00000,0.86325,0.86325,True,,False,0.15461,0.92053,0.16796,2.37656,0.71948,4.03364,156.01381,0.00000,Cs+1;Sn+4;V+3;S-2;F-1,4.10378,-9.18914,,5.48011
Rb2WAgO3F3,stable_likely,11,11,0.00000,0.85760,0.85760,True,,False,0.15466,0.88735,0.17429,2.33489,0.73789,3.93189,142.31832,0.00000,Rb+1;W+6;Ag+1;O-2;F-1,3.46848,-6.75507,,8.00296
Na2MoAgO3F3,stable_likely,11,11,0.00000,0.85273,0.85273,True,,False,0.17816,0.82843,0.21506,2.14902,0.78534,3.51270,118.57604,0.04100,Na+1;Mo+6;Ag+1;O-2;F-1,3.97873,-4.97698,,0.73443
Cs2FeMnCl3Br3,stable_likely,11,11,0.00000,0.84026,0.84026,True,,False,0.19787,0.54814,0.36099,0.85055,-0.17305,1.87416,inf,0.00000,Cs+1;Fe+2;Mn+2;Cl-1;Br-1,4.09503,-0.58308,,4.44108
Cs2SnCrS3F3,stable_likely,11,11,0.00000,0.83636,0.83636,True,,False,0.18181,0.89790,0.20248,2.20187,0.82060,3.58315,114.55286,0.00000,Cs+1;Sn+4;Cr+3;S-2;F-1,4.15184,0.68307,,5.45981
K2MnBiO3F3,stable_likely,11,11,0.00000,0.80243,0.80243,True,,False,0.18218,0.63240,0.28807,1.83180,0.25558,3.40802,154.87187,0.05800,K+1;Mn+4;Bi+3;O-2;F-1,3.57923,10.53316,,0.02053
Cs2VMnSe3F3,stable_likely,11,11,0.00000,0.79837,0.79837,True,,False,0.18762,0.80567,0.23287,2.04121,0.41077,3.67166,129.73552,0.00000,Cs+1;V+5;Mn+2;Se-2;F-1,4.13446,11.62937,,4.85358
Na2MnBiS3F3,stable_likely,11,11,0.00000,0.73556,0.73556,True,,False,0.19093,0.67048,0.28477,1.91433,0.51573,3.31293,136.63399,0.05000,Na+1;Mn+4;Bi+3;S-2;F-1,4.11644,24.79436,,0.01823
Cs2VMnS3F3,stable_likely,11,11,0.00000,0.71841,0.71841,True,,False,0.20961,0.80764,0.25954,1.93880,0.35124,3.52635,105.50853,0.00000,Cs+1;V+5;Mn+2;S-2;F-1,4.03228,27.94332,,6.12746
Cs2NbFeS3F3,stable_likely,11,11,0.00000,0.63867,0.63867,True,,False,0.21141,0.83185,0.25414,1.95625,0.36063,3.55186,116.57352,0.00000,Cs+1;Nb+5;Fe+2;S-2;F-1,3.95163,40.13609,,5.66313
K2AgGaF3Cl3,stable_likely,11,11,0.00000,0.63287,0.63287,True,,False,0.23830,0.68445,0.34816,1.74123,0.45429,3.02817,114.16545,0.05100,K+1;Ag+1;Ga+3;F-1;Cl-1,3.77809,40.89540,,0.79790
Rb2MnBiS3F3,stable_likely,11,11,0.00000,0.61663,0.61663,True,,False,0.24576,0.65742,0.37382,1.53339,0.09553,2.97125,116.76756,0.00000,Rb+1;Mn+4;Bi+3;S-2;F-1,3.82058,43.06908,,7.30291
Rb2SnFeO3F3,stable_likely,11,11,0.00000,0.57652,0.57652,True,,False,0.22108,0.86249,0.25633,2.03237,0.82070,3.24404,103.79177,0.00000,Rb+1;Sn+4;Fe+3;O-2;F-1,3.76726,48.15782,,9.53819
Rb2SnCrS3F3,stable_likely,11,11,0.00000,0.53741,0.53741,True,,False,0.21560,0.90457,0.23835,2.08131,0.81943,3.34318,101.19305,0.00000,Rb+1;Sn+4;Cr+3;S-2;F-1,4.14871,52.92591,,8.68957
Rb2NbMnSe3F3,stable_likely,11,11,0.00000,0.51975,0.51975,True,,False,0.23104,0.81228,0.28444,1.87992,0.39306,3.36678,105.25815,0.00000,Rb+1;Nb+5;Mn+2;Se-2;F-1,4.00412,55.04760,,7.03479
K2FeSbO3F3,stable_likely,11,11,0.00000,0.50644,0.50644,True,,False,0.22472,0.78401,0.28663,1.95048,0.69992,3.20105,101.31434,0.05200,K+1;Fe+2;Sb+5;O-2;F-1,3.72361,56.71276,,0.02155
K2ZrBiS3Br3,unstable_likely,11,0,0.00000,0.23693,0.23693,True,,False,0.14681,0.87986,0.16686,2.20590,1.39283,3.01897,100.38906,0.02400,K+1;Zr+4;Bi+3;S-2;Br-1,4.15488,98.67584,,0.02690
Na2VCuO3F3,unstable_likely,11,0,0.00000,0.23117,0.23117,True,,False,0.25547,0.69708,0.36648,0.88112,-0.29043,2.05267,125.64204,0.08400,Na+1;V+5;Cu+2;O-2;F-1,3.94369,100.07572,,0.04029
Rb2ZrCrS3F3,unstable_likely,11,0,0.00000,0.19379,0.19379,True,,False,0.24867,0.84733,0.29347,1.91616,0.62544,3.20687,99.85216,0.00000,Rb+1;Zr+4;Cr+3;S-2;F-1,4.09685,109.78243,,9.19250
K2TiFeO3F3,unstable_likely,11,0,0.00000,0.19311,0.19311,True,,False,0.20991,0.86234,0.24342,2.06789,0.79334,3.34244,97.13067,0.04900,K+1;Ti+4;Fe+3;O-2;F-1,3.90402,110.00706,,0.01541
Cs2TaFeS3F3,unstable_likely,11,0,0.00000,0.16793,0.16793,True,,False,0.23209,0.85852,0.27034,1.94141,0.47441,3.40841,98.66029,0.00000,Cs+1;Ta+5;Fe+2;S-2;F-1,3.95163,117.92325,,5.08069
Cs2FeCuF3Cl3,unstable_likely,11,0,0.00000,0.13724,0.13724,True,,False,0.26988,0.59400,0.45434,1.53957,0.39757,2.68157,120.56872,0.00000,Cs+1;Fe+3;Cu+1;F-1;Cl-1,3.93807,129.79782,,5.85028
Rb2TiBiS3Cl3,unstable_likely,11,0,0.00000,0.12667,0.12667,True,,False,0.22650,0.87212,0.25971,2.03367,1.01957,3.04778,93.52040,0.00000,Rb+1;Ti+4;Bi+3;S-2;Cl-1,4.06099,134.81713,,6.81387
Na2FeCuF6,unstable_likely,11,0,0.00000,0.10694,0.10694,True,,False,0.26506,0.57110,0.46413,1.03759,0.03899,2.03618,115.25934,0.11100,Na+1;Fe+3;Cu+1;F-1,3.78909,145.24623,,0.01274
Cs2TiInSe3F3,unstable_likely,11,0,0.00000,0.09458,0.09458,True,,False,0.24635,0.96486,0.25532,1.96842,0.41442,3.52241,95.23287,0.00000,Cs+1;Ti+4;In+3;Se-2;F-1,4.07449,153.37992,,4.57478
Cs2WAgSe3F3,unstable_likely,11,0,0.00000,0.09243,0.09243,True,,False,0.25696,0.80627,0.31870,1.87632,0.67754,3.07510,93.97336,0.00000,Cs+1;W+6;Ag+1;Se-2;F-1,3.70074,154.87848,,4.08576
Rb2MnCuF3I3,unstable_likely,11,0,0.00000,0.08658,0.08658,True,,False,0.31315,0.59477,0.52650,1.46705,0.46605,2.46805,104.31730,0.00000,Rb+1;Mn+2;Cu+2;F-1;I-1,4.05135,159.11620,,5.99316
K2ZrFeSe3F3,unstable_likely,11,0,0.00000,0.08228,0.08228,True,,False,0.33444,0.83193,0.40201,1.54775,0.23235,2.86316,85.69004,0.09200,K+1;Zr+4;Fe+3;Se-2;F-1,4.16582,162.34000,,0.04924
Rb2MoAgS3F3,unstable_likely,11,0,0.00000,0.06808,0.06808,True,,False,0.31238,0.87044,0.35888,1.77710,0.60284,2.95135,83.03091,0.00000,Rb+1;Mo+6;Ag+1;S-2;F-1,3.72244,175.35286,,8.61541
Rb2GeMnF3I3,unstable_likely,11,0,0.00000,0.05365,0.05365,True,,False,0.31867,0.86577,0.36808,1.76980,0.63546,2.90413,83.40478,0.00000,Rb+1;Ge+2;Mn+2;F-1;I-1,4.05135,192.04208,,6.32208
Cs2FeAgF3I3,unstable_likely,11,0,0.00000,0.04927,0.04927,True,,False,0.33582,0.68767,0.48835,1.52456,0.46951,2.57960,90.22227,0.00000,Cs+1;Fe+3;Ag+1;F-1;I-1,3.79950,198.44674,,4.05148
K2AgGaCl3Br3,unstable_likely,11,0,0.00000,0.04590,0.04590,True,,False,0.35903,0.62805,0.57166,1.25214,0.33609,2.16819,89.46226,0.10600,K+1;Ag+1;Ga+3;Cl-1;Br-1,4.13402,203.80545,,0.55954
Rb2GeCuF3Br3,unstable_likely,11,0,0.00000,0.04303,0.04303,True,,False,0.35780,0.76163,0.46978,1.07817,0.02970,2.12664,86.97218,0.00000,Rb+1;Ge+2;Cu+2;F-1;Br-1,4.00263,208.73174,,7.60306
Rb2FeCuF3Br3,unstable_likely,11,0,0.00000,0.04166,0.04166,True,,False,0.35761,0.70312,0.50861,1.38556,0.31508,2.45603,85.23500,0.00000,Rb+1;Fe+3;Cu+1;F-1;Br-1,4.06175,211.34710,,7.31113
Rb2FeAgF3Br3,unstable_likely,11,0,0.00000,0.03175,0.03175,True,,False,0.37964,0.71024,0.53452,1.35256,0.33250,2.37262,86.26941,0.00000,Rb+1;Fe+3;Ag+1;F-1;Br-1,3.77912,231.90438,,7.17206
K2TiSbSe3F3,unstable_likely,11,0,0.00000,0.02913,0.02913,True,,False,0.33335,0.86802,0.38403,1.47537,0.03403,2.91670,81.60663,0.10600,K+1;Ti+4;Sb+3;Se-2;F-1,4.16582,238.85252,,0.04579
K2GeMnF3Br3,unstable_likely,11,0,0.00000,0.02485,0.02485,True,,False,0.31890,0.84582,0.37703,1.69785,0.47135,2.92435,80.32293,0.06400,K+1;Ge+2;Mn+2;F-1;Br-1,3.93820,251.09054,,0.60773
Rb2GeFeF3Br3,unstable_likely,11,0,0.00000,0.01883,0.01883,True,,False,0.35205,0.89645,0.39272,1.60732,0.31519,2.89946,80.18570,0.00000,Rb+1;Ge+2;Fe+2;F-1;Br-1,3.94569,272.90469,,7.69725
Rb2CrAgF3I3,unstable_likely,11,0,0.00000,0.01668,0.01668,True,,False,0.39141,0.68651,0.57014,1.39200,0.45456,2.32944,80.26168,0.00000,Rb+1;Cr+3;Ag+1;F-1;I-1,3.92065,284.35651,,5.97915
Rb2BiAgF3Br3,unstable_likely,11,0,0.00000,0.01173,0.01173,True,,False,0.41861,0.92375,0.45316,1.69545,0.76485,2.62605,75.49780,0.00000,Rb+1;Bi+3;Ag+1;F-1;Br-1,3.96855,320.82256,,5.77908
Cs2CrAgSe3Cl3,unstable_likely,11,0,0.00000,0.00000,0.21900,False,,False,0.47196,0.81763,0.57723,1.19805,0.33318,2.06292,73.66717,0.00000,Cs+1;Cr+6;Ag+1;Se-2;Cl-1,4.13120,102.88757,,4.50298
Cs2AgInBr6,known_mp,12,12,0.00000,1.00000,1.00000,True,,False,0.08025,0.50285,0.15960,0.60855,-0.14851,1.36561,inf,0.00000,Cs+1;Ag+1;In+3;Br-1,3.94695,79.89662,0.00000,3.64831
K2CrAgF6,known_mp,12,12,0.00000,1.00000,1.00000,True,,False,0.06852,0.57779,0.11859,2.59379,1.18653,4.00104,986.44923,0.01200,K+1;Cr+3;Ag+1;F-1,3.50592,102.42327,9.82098,0.69198
Rb2ZrGaS3F3,stable_likely,12,12,0.00000,0.92058,0.92058,True,,False,0.05013,0.97063,0.05165,3.15772,1.69051,4.62494,488.15407,0.00000,Rb+1;Zr+4;Ga+3;S-2;F-1,4.08858,-42.42924,,9.04412
Na2TiInS3F3,stable_likely,12,12,0.00000,0.91554,0.91554,True,,False,0.06652,0.91531,0.07267,2.81566,1.56631,4.06502,245.09944,0.01200,Na+1;Ti+4;In+3;S-2;F-1,4.15571,-38.34763,,0.23405
Cs2ZrGaS3F3,stable_likely,12,12,0.00000,0.90234,0.90234,True,,False,0.06696,0.96398,0.06946,3.08911,1.43611,4.74211,489.01709,0.00000,Cs+1;Zr+4;Ga+3;S-2;F-1,4.08530,-29.28175,,5.70201
K2FeMnF6,stable_likely,12,12,0.00000,0.88727,0.88727,True,,False,0.11993,0.55614,0.21565,2.15197,0.85415,3.44979,348.35378,0.03300,K+1;Fe+2;Mn+2;F-1,3.51508,-20.41105,,0.01314
K2SbZnS3F3,stable_likely,12,12,0.00000,0.88708,0.88708,True,,False,0.07746,0.87576,0.08845,2.75795,1.42079,4.09511,260.09848,0.01600,K+1;Sb+5;Zn+2;S-2;F-1,4.10007,-20.31673,,0.02423
Cs2WAgO3F3,stable_likely,12,12,0.00000,0.88620,0.88620,True,,False,0.10482,0.88205,0.11884,2.66051,0.99134,4.32968,253.24391,0.00000,Cs+1;W+6;Ag+1;O-2;F-1,3.36931,-19.86816,,5.22646
Cs2WFeO3F3,stable_likely,12,12,0.00000,0.86470,0.86470,True,,False,0.11207,0.83351,0.13445,2.58322,0.72513,4.44132,276.88190,0.00000,Cs+1;W+4;Fe+3;O-2;F-1,3.81467,-9.76617,,5.28093
Cs2MoAgO3F3,stable_likely,12,12,0.00000,0.85528,0.85528,True,,False,0.11135,0.84085,0.13243,2.57278,0.90305,4.24251,255.54742,0.00000,Cs+1;Mo+6;Ag+1;O-2;F-1,3.37341,-5.88598,,6.03254
K2SnVS3F3,stable_likely,12,12,0.00000,0.85093,0.85093,True,,False,0.13933,0.90307,0.15429,2.41848,0.96618,3.87078,130.75724,0.04100,K+1;Sn+4;V+3;S-2;F-1,4.11555,-4.24052,,0.05641
Rb2SnVS3F3,stable_likely,12,12,0.00000,0.85089,0.85089,True,,False,0.17148,0.92687,0.18501,2.28219,0.72410,3.84027,128.56267,0.00000,Rb+1;Sn+4;V+3;S-2;F-1,4.10522,-4.22826,,8.72066
Rb2WFeO3F3,stable_likely,12,12,0.00000,0.83151,0.83151,True,,False,0.17624,0.83257,0.21168,2.12704,0.46195,3.79212,129.60927,0.00000,Rb+1;W+4;Fe+3;O-2;F-1,3.81155,2.27116,,8.34759
Rb2MoAgO3F3,stable_likely,12,12,0.00000,0.81671,0.81671,True,,False,0.17515,0.84326,0.20771,2.16152,0.61197,3.71107,124.59236,0.00000,Rb+1;Mo+6;Ag+1;O-2;F-1,3.46957,6.69923,,9.47718
Na2TiMoO6,stable_likely,12,12,0.00000,0.75306,0.75306,True,,False,0.15934,0.88052,0.18096,2.30231,0.91223,3.69239,119.01575,0.04900,Na+1;Ti+4;Mo+6;O-2,4.09845,21.50483,,0.07920
Rb2SnNbS3F3,stable_likely,12,12,0.00000,0.74087,0.74087,True,,False,0.17606,0.93000,0.18931,2.25493,0.70365,3.80622,122.24477,0.00000,Rb+1;Sn+4;Nb+3;S-2;F-1,3.98370,23.81600,,8.03634
Na2GeFeF3Cl3,stable_likely,12,12,0.00000,0.71509,0.71509,True,,False,0.16918,0.88262,0.19168,2.24751,0.90718,3.58784,117.89868,0.02800,Na+1;Ge+2;Fe+2;F-1;Cl-1,4.09591,28.57887,,0.88825
Cs2MnBiS3F3,stable_likely,12,12,0.00000,0.70124,0.70124,True,,False,0.18809,0.67694,0.27785,1.94174,0.58271,3.30076,131.26006,0.00000,Cs+1;Mn+4;Bi+3;S-2;F-1,3.77181,30.83125,,4.70663
Rb2NbMnS3F3,stable_likely,12,12,0.00000,0.69739,0.69739,True,,False,0.19210,0.82734,0.23219,2.09640,0.77831,3.41449,116.87619,0.00000,Rb+1;Nb+5;Mn+2;S-2;F-1,3.90889,31.46136,,9.10166
K2GeFeF3Cl3,stable_likely,12,12,0.00000,0.68550,0.68550,True,,False,0.17799,0.87905,0.20248,2.20731,0.95803,3.45659,112.17657,0.03700,K+1;Ge+2;Fe+2;F-1;Cl-1,3.87964,33.36587,,0.81780
K2MnBiS3F3,stable_likely,12,12,0.00000,0.54207,0.54207,True,,False,0.22076,0.64218,0.34377,1.60236,0.09097,3.11376,157.90655,0.06500,K+1;Mn+4;Bi+3;S-2;F-1,3.86128,52.40870,,0.02219
K2SnFeO3F3,stable_likely,12,12,0.00000,0.53106,0.53106,True,,False,0.18994,0.79887,0.23776,2.08173,0.85843,3.30503,104.82052,0.04100,K+1;Sn+4;Fe+3;O-2;F-1,3.77817,53.65090,,0.03734
Cs2TaFeSe3F3,unstable_likely,12,0,0.00000,0.35775,0.35775,True,,False,0.22709,0.79509,0.28562,1.87769,0.39517,3.36021,108.63753,0.00000,Cs+1;Ta+5;Fe+2;Se-2;F-1,4.05022,76.66010,,4.20109
Na2FeSbO3F3,unstable_likely,12,0,0.00000,0.31597,0.31597,True,,False,0.20135,0.81586,0.24679,2.04718,0.71269,3.38167,104.22848,0.04900,Na+1;Fe+2;Sb+5;O-2;F-1,3.85460,83.30636,,0.01590
Rb2NbCuS3F3,unstable_likely,12,0,0.00000,0.30745,0.30745,True,,False,0.24002,0.63547,0.37770,1.06604,-0.40362,2.53570,169.30690,0.00000,Rb+1;Nb+5;Cu+2;S-2;F-1,4.04120,84.77945,,8.94306
Cs2FeAgBr6,unstable_likely,12,0,0.00000,0.22467,0.22467,True,,False,0.20731,0.67776,0.30587,0.78600,-0.03697,1.60898,101.44260,0.00000,Cs+1;Fe+3;Ag+1;Br-1,4.01677,101.47607,,3.79589
Cs2NbFeSe3F3,unstable_likely,12,0,0.00000,0.22263,0.22263,True,,False,0.21890,0.82493,0.26536,1.91742,0.33977,3.49508,108.08719,0.00000,Cs+1;Nb+5;Fe+2;Se-2;F-1,4.05022,101.99744,,4.55855
K2ZrCrS3F3,unstable_likely,12,0,0.00000,0.12915,0.12915,True,,False,0.23263,0.81041,0.28705,1.90356,0.49414,3.31298,101.76203,0.06700,K+1;Zr+4;Cr+3;S-2;F-1,4.10776,133.61814,,0.03373
Rb2WAgS3F3,unstable_likely,12,0,0.00000,0.10636,0.10636,True,,False,0.20718,0.89031,0.23270,2.10111,0.97436,3.22786,99.17680,0.00000,Rb+1;W+6;Ag+1;S-2;F-1,3.71991,145.59803,,7.37957
K2SbCuO3Cl3,unstable_likely,12,0,0.00000,0.09187,0.09187,True,,False,0.24946,0.53621,0.46523,1.12036,-0.01109,2.25182,inf,0.08400,K+1;Sb+5;Cu+2;O-2;Cl-1,4.14563,155.26147,,0.02397
Na2TaFeS3F3,unstable_likely,12,0,0.00000,0.08920,0.08920,True,,False,0.21232,0.81621,0.26013,2.02752,0.87340,3.18164,97.56346,0.04300,Na+1;Ta+5;Fe+2;S-2;F-1,4.14660,157.01909,,0.28920
K2CrWO6,unstable_likely,12,0,0.00000,0.08582,0.08582,True,,False,0.24227,0.57766,0.41940,1.35545,-0.01514,2.72604,142.25737,0.08500,K+1;Cr+4;W+6;O-2,4.15611,159.71666,,0.05278
Rb2WAgSe3F3,unstable_likely,12,0,0.00000,0.08121,0.08121,True,,False,0.28869,0.80784,0.35736,1.82473,0.74768,2.90179,91.63257,0.00000,Rb+1;W+6;Ag+1;Se-2;F-1,3.79991,163.28480,,6.02600
Rb2ZrFeSe3F3,unstable_likely,12,0,0.00000,0.07914,0.07914,True,,False,0.29699,0.86434,0.34360,1.73772,0.41139,3.06406,89.70464,0.00000,Rb+1;Zr+4;Fe+3;Se-2;F-1,4.15140,165.11754,,7.04225
Rb2TiInSe3F3,unstable_likely,12,0,0.00000,0.07700,0.07700,True,,False,0.29468,0.96446,0.30554,1.83000,0.41369,3.24631,87.71034,0.00000,Rb+1;Ti+4;In+3;Se-2;F-1,4.09019,166.75931,,6.98789
Cs2GeCuF6,unstable_likely,12,0,0.00000,0.07441,0.07441,True,,False,0.30001,0.69220,0.43341,1.54019,0.33049,2.74990,92.81892,0.00000,Cs+1;Ge+2;Cu+2;F-1,3.54432,169.07241,,6.79945
Rb2ZrFeS3F3,unstable_likely,12,0,0.00000,0.06677,0.06677,True,,False,0.30070,0.84364,0.35643,1.75227,0.51694,2.98759,86.36965,0.00000,Rb+1;Zr+4;Fe+3;S-2;F-1,4.04884,176.87282,,9.11474
Rb2CrMnO3Cl3,unstable_likely,12,0,0.00000,0.04905,0.04905,True,,False,0.32310,0.83473,0.38707,1.67670,0.46265,2.89076,85.94695,0.00000,Rb+1;Cr+5;Mn+2;O-2;Cl-1,4.15259,198.81771,,9.92121
Cs2GeFeF3I3,unstable_likely,12,0,0.00000,0.04760,0.04760,True,,False,0.30852,0.88080,0.35027,1.68665,0.29770,3.07560,85.01790,0.00000,Cs+1;Ge+2;Fe+2;F-1;I-1,4.06716,201.09911,,4.29565
Rb2TiSbSe3F3,unstable_likely,12,0,0.00000,0.04438,0.04438,True,,False,0.32846,0.88627,0.37061,1.56304,0.12932,2.99675,85.82472,0.00000,Rb+1;Ti+4;Sb+3;Se-2;F-1,4.15140,206.38047,,6.79065
Cs2FeAgF3Br3,unstable_likely,12,0,0.00000,0.03614,0.03614,True,,False,0.35670,0.66742,0.53444,1.38396,0.37349,2.39443,85.55911,0.00000,Cs+1;Fe+3;Ag+1;F-1;Br-1,3.66580,222.11589,,4.74771
K2SnNbSe3F3,unstable_likely,12,0,0.00000,0.02343,0.02343,True,,False,0.28971,0.87161,0.33238,1.63241,0.08656,3.17825,83.81991,0.08100,K+1;Sn+4;Nb+3;Se-2;F-1,4.10290,255.17695,,0.06194
Rb2GeMnF3Br3,unstable_likely,12,0,0.00000,0.02010,0.02010,True,,False,0.30849,0.86776,0.35550,1.73147,0.46240,3.00054,83.69413,0.00000,Rb+1;Ge+2;Mn+2;F-1;Br-1,3.89750,267.45685,,7.70944
Cs2FeSbSe3F3,unstable_likely,12,0,0.00000,0.01536,0.01536,True,,False,0.36414,0.80552,0.45206,1.43912,0.22724,2.65101,83.14711,0.00000,Cs+1;Fe+2;Sb+5;Se-2;F-1,4.11684,291.93067,,4.37688
K2ZrSbSe3F3,unstable_likely,12,0,0.00000,0.01447,0.01447,True,,False,0.29187,0.89866,0.32478,1.73236,0.27773,3.18699,83.12537,0.09800,K+1;Zr+4;Sb+3;Se-2;F-1,4.02137,298.28969,,0.05118
Rb2FeSbSe3F3,unstable_likely,12,0,0.00000,0.01372,0.01372,True,,False,0.36987,0.81469,0.45400,1.15115,-0.05332,2.35561,86.95977,0.00000,Rb+1;Fe+2;Sb+5;Se-2;F-1,4.12768,303.11605,,6.70472
K2MnSbSe3F3,unstable_likely,12,0,0.00000,0.01142,0.01142,True,,False,0.33714,0.77367,0.43577,1.16712,-0.11535,2.44959,82.97615,0.11800,K+1;Mn+2;Sb+5;Se-2;F-1,4.07762,324.39799,,0.04382
Cs2SnSbSe3F3,unstable_likely,12,0,0.00000,0.00599,0.00599,True,,False,0.37765,0.95037,0.39737,1.64427,0.42335,2.86518,78.28001,0.00000,Cs+1;Sn+4;Sb+3;Se-2;F-1,4.00416,400.36847,,4.04546
K2MoBiSe3F3,unstable_likely,12,0,0.00000,0.00475,0.00475,True,,False,0.38226,0.82691,0.46227,1.53827,0.42025,2.65628,76.94717,0.10000,K+1;Mo+4;Bi+3;Se-2;F-1,3.88838,427.75149,,0.06793
K2SnSbSe3F3,unstable_likely,12,0,0.00000,0.00366,0.00366,True,,False,0.36295,0.91649,0.39602,1.65940,0.45543,2.86337,76.70799,0.10700,K+1;Sn+4;Sb+3;Se-2;F-1,4.05395,469.67447,,0.05509
Cs2CrAgS3Br3,stable_likely,12,0,0.00000,0.00000,0.84802,False,,False,0.45903,0.79095,0.58035,1.09894,0.38910,1.80879,74.07311,0.00000,Cs+1;Cr+6;Ag+1;S-2;Br-1,4.13749,-3.27811,,4.53096
Rb2AgInBr6,known_mp,13,13,0.00000,1.00000,1.00000,True,,False,0.06358,0.52128,0.12196,0.55011,-0.17342,1.27365,inf,0.00000,Rb+1;Ag+1;In+3;Br-1,4.11803,99.29225,30.51795,5.28204
Rb2CrAgF6,known_mp,13,13,0.00000,1.00000,1.00000,True,,False,0.05584,0.58912,0.09478,2.74758,1.35117,4.14398,1211.29014,0.00000,Rb+1;Cr+3;Ag+1;F-1,3.42773,102.53252,0.00000,10.17795
K2GeZnF3Cl3,stable_likely,13,13,0.00000,0.90520,0.90520,True,,False,0.00832,0.84987,0.00979,3.38048,2.48351,4.27746,1015.38683,0.00100,K+1;Ge+2;Zn+2;F-1;Cl-1,3.91620,-31.20900,,0.79865
Cs2GeFeF6,stable_likely,13,13,0.00000,0.89977,0.89977,True,,False,0.04414,0.86743,0.05089,3.18191,1.69754,4.66628,885.05291,0.00000,Cs+1;Ge+2;Fe+2;F-1,3.49100,-27.68409,,6.89775
Cs2SnInO3F3,stable_likely,13,13,0.00000,0.89423,0.89423,True,,False,0.05972,0.94345,0.06330,3.11169,1.51802,4.70535,458.30369,0.00000,Cs+1;Sn+4;In+3;O-2;F-1,3.55842,-24.20898,,5.45664
Na2SbZnO3F3,stable_likely,13,13,0.00000,0.88743,0.88743,True,,False,0.05677,0.87458,0.06491,2.92292,1.58656,4.25928,334.22029,0.01500,Na+1;Sb+5;Zn+2;O-2;F-1,3.88012,-20.50382,,0.01709
Cs2CrMoO3F3,stable_likely,13,13,0.00000,0.88451,0.88451,True,,False,0.06026,0.87810,0.06862,3.24960,1.27436,5.22485,1368.59686,0.00000,Cs+1;Cr+3;Mo+4;O-2;F-1,3.88665,-18.93829,,6.22468
Rb2SnInO3F3,stable_likely,13,13,0.00000,0.88032,0.88032,True,,False,0.08139,0.94910,0.08575,2.91983,1.29349,4.54617,355.17945,0.00000,Rb+1;Sn+4;In+3;O-2;F-1,3.59155,-16.79824,,8.59309
Rb2GeMnF6,stable_likely,13,13,0.00000,0.87054,0.87054,True,,False,0.08465,0.84217,0.10052,2.70039,1.31265,4.08813,280.96432,0.00000,Rb+1;Ge+2;Mn+2;F-1,3.49366,-12.28324,,11.11865
Na2FeMnF6,stable_likely,13,13,0.00000,0.83824,0.83824,True,,False,0.09568,0.56119,0.17049,2.35776,0.76454,3.95098,inf,0.02300,Na+1;Fe+2;Mn+2;F-1,3.81339,0.10014,,0.00528
Cs2SnNbS3F3,stable_likely,13,13,0.00000,0.83262,0.83262,True,,False,0.15487,0.92489,0.16745,2.37939,0.76095,3.99783,147.21282,0.00000,Cs+1;Sn+4;Nb+3;S-2;F-1,3.96701,1.89805,,5.11438
Rb2TaMnSe3F3,stable_likely,13,13,0.00000,0.81149,0.81149,True,,False,0.14757,0.78793,0.18729,2.27101,0.91994,3.62207,130.35733,0.00000,Rb+1;Ta+5;Mn+2;Se-2;F-1,4.00412,8.21623,,6.31734
Cs2NbMnS3F3,stable_likely,13,13,0.00000,0.78861,0.78861,True,,False,0.15719,0.84041,0.18704,2.26143,0.67350,3.84937,136.84483,0.00000,Cs+1;Nb+5;Mn+2;S-2;F-1,3.87999,13.83933,,5.67267
Na2MoFeO3F3,stable_likely,13,13,0.00000,0.78098,0.78098,True,,False,0.16216,0.83791,0.19353,2.24312,0.84260,3.64364,124.90569,0.04000,Na+1;Mo+4;Fe+3;O-2;F-1,3.91817,15.62751,,0.07241
K2TaMnSe3F3,stable_likely,13,13,0.00000,0.75500,0.75500,True,,False,0.17383,0.74591,0.23304,2.08684,0.68336,3.49032,133.14140,0.04600,K+1;Ta+5;Mn+2;Se-2;F-1,4.03185,21.17377,,0.23537
Na2NbMnS3F3,stable_likely,13,13,0.00000,0.64270,0.64270,True,,False,0.17709,0.78789,0.22476,2.12571,0.89547,3.35595,113.54701,0.06200,Na+1;Nb+5;Mn+2;S-2;F-1,4.12443,39.57644,,0.02801
Rb2GeFeF3Cl3,stable_likely,13,13,0.00000,0.50784,0.50784,True,,False,0.18758,0.86480,0.21691,2.14069,0.80253,3.47884,113.43873,0.00000,Rb+1;Ge+2;Fe+2;F-1;Cl-1,3.84635,56.52082,,9.90992
K2GeFeO3F3,unstable_likely,13,0,0.00000,0.48974,0.48974,True,,False,0.18546,0.79556,0.23312,2.09791,0.88748,3.30835,108.69327,0.03200,K+1;Ge+4;Fe+3;O-2;F-1,4.04263,58.75148,,0.97043
Cs2FeAgCl3I3,unstable_likely,13,0,0.00000,0.33357,0.33357,True,,False,0.19948,0.73836,0.27017,0.71734,-0.21078,1.64546,110.12804,0.00000,Cs+1;Fe+3;Ag+1;Cl-1;I-1,4.06691,80.34165,,3.83312
Cs2FeAgBr3I3,unstable_likely,13,0,0.00000,0.32644,0.32644,True,,False,0.20806,0.71826,0.28967,0.77573,-0.01317,1.56462,109.28145,0.00000,Cs+1;Fe+3;Ag+1;Br-1;I-1,4.15048,81.53712,,3.34864
Cs2NbCuS3F3,unstable_likely,13,0,0.00000,0.32196,0.32196,True,,False,0.21878,0.68429,0.31972,1.62693,0.00558,3.24828,126.93632,0.00000,Cs+1;Nb+5;Cu+2;S-2;F-1,4.03228,82.31865,,5.59151
K2FeCuF3Cl3,unstable_likely,13,0,0.00000,0.22182,0.22182,True,,False,0.23009,0.56336,0.40842,0.97452,-0.18323,2.13227,inf,0.08800,K+1;Fe+3;Cu+1;F-1;Cl-1,3.97629,102.20691,,0.01649
Cs2GeBiS3Cl3,unstable_likely,13,0,0.00000,0.20603,0.20603,True,,False,0.15550,0.90404,0.17201,2.23632,1.30034,3.17230,105.49703,0.00000,Cs+1;Ge+4;Bi+3;S-2;Cl-1,4.07950,106.18572,,4.68394
Cs2ZrCrS3F3,unstable_likely,13,0,0.00000,0.17303,0.17303,True,,False,0.21144,0.84976,0.24882,2.00698,0.48025,3.53370,110.97164,0.00000,Cs+1;Zr+4;Cr+3;S-2;F-1,4.09449,116.36936,,5.71998
K2NbCuS3F3,unstable_likely,13,0,0.00000,0.12312,0.12312,True,,False,0.23503,0.59794,0.39306,1.11739,-0.32354,2.55832,inf,0.06400,K+1;Nb+5;Cu+2;S-2;F-1,4.05622,136.65250,,0.03712
Rb2ZrBiSe3Cl3,unstable_likely,13,0,0.00000,0.12283,0.12283,True,,False,0.18130,0.89242,0.20316,2.19342,1.06952,3.31732,105.34808,0.00000,Rb+1;Zr+4;Bi+3;Se-2;Cl-1,4.07420,136.78877,,5.29774
K2GeBiS3Cl3,unstable_likely,13,0,0.00000,0.11465,0.11465,True,,False,0.13889,0.84044,0.16526,2.22176,1.37125,3.07226,104.03067,0.01800,K+1;Ge+4;Bi+3;S-2;Cl-1,4.16897,140.95864,,0.55058
Rb2SnSbS3F3,unstable_likely,13,0,0.00000,0.10342,0.10342,True,,False,0.19825,0.94787,0.20915,2.17582,0.85976,3.49189,107.35299,0.00000,Rb+1;Sn+4;Sb+3;S-2;F-1,3.93235,147.45592,,7.62137
Cs2WAgS3F3,unstable_likely,13,0,0.00000,0.09399,0.09399,True,,False,0.19142,0.87735,0.21818,2.14794,0.90654,3.38935,104.10467,0.00000,Cs+1;W+6;Ag+1;S-2;F-1,3.62074,153.77115,,4.87457
K2SnSbS3F3,unstable_likely,13,0,0.00000,0.09118,0.09118,True,,False,0.19300,0.91503,0.21092,2.17203,0.88427,3.45979,101.47290,0.04400,K+1;Sn+4;Sb+3;S-2;F-1,3.95740,155.64716,,0.04144
Rb2MnCuF3Cl3,unstable_likely,13,0,0.00000,0.08196,0.08196,True,,False,0.24187,0.50496,0.47898,1.19739,0.04393,2.35085,inf,0.00000,Rb+1;Mn+2;Cu+2;F-1;Cl-1,3.80135,162.63166,,9.47419
Cs2ZrFeS3F3,unstable_likely,13,0,0.00000,0.08068,0.08068,True,,False,0.23015,0.84603,0.27203,1.91511,0.39244,3.43778,102.32483,0.00000,Cs+1;Zr+4;Fe+3;S-2;F-1,4.04086,163.78431,,5.67886
K2ZrFeS3F3,unstable_likely,13,0,0.00000,0.07842,0.07842,True,,False,0.26240,0.82140,0.31946,1.84266,0.55036,3.13497,90.90657,0.08400,K+1;Zr+4;Fe+3;S-2;F-1,4.06326,165.64884,,0.03005
Na2GeCuF6,unstable_likely,13,0,0.00000,0.07570,0.07570,True,,False,0.27330,0.71464,0.38243,0.87535,-0.02836,1.77906,92.17635,0.07200,Na+1;Ge+2;Cu+2;F-1,3.77854,167.81966,,1.02184
Cs2GeMnF3I3,unstable_likely,13,0,0.00000,0.06382,0.06382,True,,False,0.27512,0.86097,0.31955,1.79564,0.41704,3.17425,92.28896,0.00000,Cs+1;Ge+2;Mn+2;F-1;I-1,4.00258,180.14127,,4.30067
K2TiCrO3F3,unstable_likely,13,0,0.00000,0.04661,0.04661,True,,False,0.28914,0.85090,0.33980,1.73393,0.37619,3.09166,86.75951,0.09000,K+1;Ti+4;Cr+3;O-2;F-1,3.95615,202.58117,,0.02008
K2GeCuF3Br3,unstable_likely,13,0,0.00000,0.04440,0.04440,True,,False,0.31045,0.70612,0.43965,0.98550,-0.01428,1.98527,88.01146,0.09900,K+1;Ge+2;Cu+2;F-1;Br-1,4.02901,206.30731,,0.60166
Cs2MoAgO3Cl3,unstable_likely,13,0,0.00000,0.04284,0.04284,True,,False,0.30490,0.83467,0.36529,1.76703,0.61359,2.92046,86.08473,0.00000,Cs+1;Mo+6;Ag+1;O-2;Cl-1,3.64927,209.12856,,5.55504
Rb2AgGaCl3Br3,unstable_likely,13,0,0.00000,0.03326,0.03326,True,,False,0.34848,0.63569,0.54819,1.20697,0.25778,2.15616,92.84721,0.00000,Rb+1;Ag+1;Ga+3;Cl-1;Br-1,4.05474,228.50942,,6.65163
Cs2GeBiSe3Cl3,unstable_likely,13,0,0.00000,0.03258,0.03258,True,,False,0.24165,0.91853,0.26308,2.02274,1.13356,2.91191,86.07714,0.00000,Cs+1;Ge+4;Bi+3;Se-2;Cl-1,4.16925,230.10813,,3.96003
Cs2FeCuF3Br3,unstable_likely,13,0,0.00000,0.03131,0.03131,True,,False,0.33233,0.67296,0.49384,1.39762,0.28685,2.50839,90.88386,0.00000,Cs+1;Fe+3;Cu+1;F-1;Br-1,4.04408,233.17464,,4.70986
K2VMnO3Cl3,unstable_likely,13,0,0.00000,0.03113,0.03113,True,,False,0.30781,0.80523,0.38226,1.71787,0.54575,2.88999,86.24092,0.07200,K+1;V+5;Mn+2;O-2;Cl-1,4.08542,233.61583,,0.03238
Rb2MoAgO3Cl3,unstable_likely,13,0,0.00000,0.02455,0.02455,True,,False,0.31822,0.81255,0.39163,1.69302,0.52746,2.85858,88.24832,0.00000,Rb+1;Mo+6;Ag+1;O-2;Cl-1,3.74543,251.88585,,8.59269
Cs2AgGaCl3I3,unstable_likely,13,0,0.00000,0.02334,0.02334,True,,False,0.35492,0.63597,0.55807,1.19711,0.28209,2.11213,90.20392,0.00000,Cs+1;Ag+1;Ga+3;Cl-1;I-1,4.08500,255.42466,,3.87508
Rb2MoFeS3F3,unstable_likely,13,0,0.00000,0.02036,0.02036,True,,False,0.33960,0.85663,0.39644,1.54134,0.19864,2.88405,86.05973,0.00000,Rb+1;Mo+4;Fe+3;S-2;F-1,4.16689,266.27690,,9.05574
Cs2MoAgSe3F3,unstable_likely,13,0,0.00000,0.01668,0.01668,True,,False,0.30509,0.87016,0.35061,1.79725,0.61605,2.97845,85.82797,0.00000,Cs+1;Mo+6;Ag+1;Se-2;F-1,3.70674,284.23651,,4.56110
K2WBiSe3F3,unstable_likely,13,0,0.00000,0.01403,0.01403,True,,False,0.31569,0.74955,0.42117,1.60599,0.41946,2.79253,85.19297,0.08800,K+1;W+4;Bi+3;Se-2;F-1,3.88542,301.07892,,0.05519
Rb2MnSbSe3F3,unstable_likely,13,0,0.00000,0.01257,0.01257,True,,False,0.34774,0.76982,0.45172,1.28653,0.01684,2.55622,87.89989,0.00000,Rb+1;Mn+2;Sb+5;Se-2;F-1,4.05518,312.26451,,6.71463
K2CrAgF3I3,unstable_likely,13,0,0.00000,0.01217,0.01217,True,,False,0.35164,0.65404,0.53764,1.44702,0.45928,2.43476,86.53170,0.08800,K+1;Cr+3;Ag+1;F-1;I-1,3.99884,316.00712,,0.46108
K2FeSbSe3F3,unstable_likely,13,0,0.00000,0.01029,0.01029,True,,False,0.35565,0.79505,0.44733,1.14417,-0.08135,2.36968,86.26621,0.12000,K+1;Fe+2;Sb+5;Se-2;F-1,4.14390,335.45272,,0.04326
Rb2MoAgSe3F3,unstable_likely,13,0,0.00000,0.01003,0.01003,True,,False,0.29303,0.88184,0.33229,1.85625,0.70255,3.00994,84.62286,0.00000,Rb+1;Mo+6;Ag+1;Se-2;F-1,3.80290,338.43954,,6.82386
Cs2MoBiSe3F3,unstable_likely,13,0,0.00000,0.00958,0.00958,True,,False,0.31799,0.82621,0.38488,1.67389,0.44229,2.90550,84.57958,0.00000,Cs+1;Mo+4;Bi+3;Se-2;F-1,3.74832,343.40993,,3.75806
Rb2MoBiSe3F3,unstable_likely,13,0,0.00000,0.00752,0.00752,True,,False,0.33807,0.83397,0.40538,1.58793,0.32063,2.85524,85.17896,0.00000,Rb+1;Mo+4;Bi+3;Se-2;F-1,3.82734,370.10667,,5.62460
Rb2MoAgO3I3,unstable_likely,13,0,0.00000,0.00592,0.00592,True,,False,0.31474,0.83613,0.37643,1.80966,0.80929,2.81002,84.00466,0.00000,Rb+1;Mo+6;Ag+1;O-2;I-1,3.96957,402.11549,,5.74335
Rb2MoSbSe3F3,unstable_likely,13,0,0.00000,0.00515,0.00515,True,,False,0.35658,0.88736,0.40184,1.52324,0.18639,2.86010,80.66114,0.00000,Rb+1;Mo+4;Sb+3;Se-2;F-1,4.08299,416.62677,,6.34173
Rb2FeSbO3Br3,unstable_likely,13,0,0.00000,0.00475,0.00475,True,,False,0.36554,0.78389,0.46632,1.44436,0.27981,2.60890,83.15150,0.00000,Rb+1;Fe+2;Sb+5;O-2;Br-1,4.16391,427.94862,,6.74820
Rb2SnBiSe3F3,unstable_likely,13,0,0.00000,0.00458,0.00458,True,,False,0.36113,0.90727,0.39804,1.66726,0.48490,2.84962,80.47757,0.00000,Rb+1;Sn+4;Bi+3;Se-2;F-1,3.80981,434.89984,,5.44898
Rb2SnSbSe3F3,unstable_likely,13,0,0.00000,0.00446,0.00446,True,,False,0.35718,0.95206,0.37517,1.69532,0.45531,2.93533,80.34910,0.00000,Rb+1;Sn+4;Sb+3;Se-2;F-1,4.02890,439.31078,,6.12123
K2MoSbSe3F3,unstable_likely,13,0,0.00000,0.00400,0.00400,True,,False,0.34769,0.86634,0.40133,1.47390,0.10805,2.83975,78.97204,0.11000,K+1;Mo+4;Sb+3;Se-2;F-1,4.10290,456.34366,,0.07605
K2SnBiSe3F3,unstable_likely,13,0,0.00000,0.00388,0.00388,True,,False,0.35282,0.84739,0.41636,1.66329,0.55013,2.77645,79.62251,0.09800,K+1;Sn+4;Bi+3;Se-2;F-1,3.87859,460.33907,,0.04984
Rb2CrAgS3Cl3,stable_likely,13,0,0.00000,0.00000,0.54656,False,,False,0.44600,0.75156,0.59343,1.23357,0.38223,2.08491,78.29850,0.00000,Rb+1;Cr+6;Ag+1;S-2;Cl-1,4.09904,51.88023,,8.49042
Cs2SbAgF3Cl3,stable_likely,13,0,0.00000,0.00000,0.83219,True,58.58298,True,0.42514,0.91549,0.46438,1.69614,0.80407,2.58822,75.23685,0.00000,Cs+1;Sb+3;Ag+1;F-1;Cl-1,3.55043,2.03259,,5.23659
K2SbAgF3Cl3,stable_likely,13,0,0.00000,0.00000,0.77333,True,93.84389,True,0.40171,0.91740,0.43788,1.68381,0.68006,2.68757,74.15104,0.08900,K+1;Sb+3;Ag+1;F-1;Cl-1,3.81977,17.42024,,0.52331
Cs2GeZnF3Cl3,stable_likely,14,14,0.00000,0.92082,0.92082,True,,False,0.01574,0.84753,0.01857,3.42702,2.26724,4.58679,1503.59169,0.00000,Cs+1;Ge+2;Zn+2;F-1;Cl-1,3.85959,-42.59575,,6.18184
Cs2FeMnF6,stable_likely,14,14,0.00000,0.89598,0.89598,True,,False,0.04489,0.54053,0.08305,2.95779,1.30646,4.60911,inf,0.00000,Cs+1;Fe+2;Mn+2;F-1,3.40559,-25.28010,,6.53759
Na2ZrInS3F3,stable_likely,14,14,0.00000,0.89029,0.89029,True,,False,0.02111,0.92634,0.02279,3.42452,2.14870,4.70035,1223.56912,0.00500,Na+1;Zr+4;In+3;S-2;F-1,4.11489,-21.99042,,0.22169
Na2GeZnF3Cl3,stable_likely,14,14,0.00000,0.88888,0.88888,True,,False,0.02296,0.85000,0.02701,3.21347,2.05594,4.37100,684.09343,0.00400,Na+1;Ge+2;Zn+2;F-1;Cl-1,4.10402,-21.27771,,0.86538
Rb2SnSbO3F3,stable_likely,14,14,0.00000,0.88857,0.88857,True,,False,0.04561,0.94651,0.04819,3.14584,1.74862,4.54307,562.11166,0.00000,Rb+1;Sn+4;Sb+3;O-2;F-1,3.62890,-21.06482,,8.32919
Rb2CrMoO3F3,stable_likely,14,14,0.00000,0.86727,0.86727,True,,False,0.07863,0.88982,0.08837,2.95636,1.12467,4.78806,491.25875,0.00000,Rb+1;Cr+3;Mo+4;O-2;F-1,3.87638,-10.85743,,10.16639
Cs2GeInS3F3,stable_likely,14,14,0.00000,0.85831,0.85831,True,,False,0.04563,0.94696,0.04819,3.10261,1.77267,4.43255,449.91751,0.00000,Cs+1;Ge+4;In+3;S-2;F-1,4.10378,-7.05172,,5.91719
K2GeInS3F3,stable_likely,14,14,0.00000,0.84499,0.84499,True,,False,0.05850,0.91812,0.06372,2.92136,1.61808,4.22464,303.61192,0.00700,K+1;Ge+4;In+3;S-2;F-1,4.11555,-2.20422,,0.91986
Na2WFeO3F3,stable_likely,14,14,0.00000,0.81940,0.81940,True,,False,0.12155,0.85568,0.14205,2.48315,1.01011,3.95619,180.00353,0.02700,Na+1;W+4;Fe+3;O-2;F-1,3.90885,5.86602,,0.04644
Cs2MoFeO3F3,stable_likely,14,14,0.00000,0.81585,0.81585,True,,False,0.13617,0.83893,0.16231,2.38881,0.48996,4.28766,216.49954,0.00000,Cs+1;Mo+4;Fe+3;O-2;F-1,3.83205,6.94736,,6.17642
Na2SnInS3F3,stable_likely,14,14,0.00000,0.80092,0.80092,True,,False,0.11838,0.91910,0.12880,2.54226,1.08671,3.99782,168.59149,0.02200,Na+1;Sn+4;In+3;S-2;F-1,4.11909,10.93481,,0.21638
Rb2TiSbS3F3,stable_likely,14,14,0.00000,0.72198,0.72198,True,,False,0.14201,0.88602,0.16028,2.39784,0.92397,3.87171,145.24979,0.00000,Rb+1;Ti+4;Sb+3;S-2;F-1,4.04884,27.30506,,8.69678
K2ZrWO6,stable_likely,14,14,0.00000,0.68742,0.68742,True,,False,0.12529,0.84538,0.14821,2.34474,1.30257,3.38692,125.90181,0.02400,K+1;Zr+4;W+6;O-2,3.85118,33.07916,,0.05909
Na2MnBiO3F3,stable_likely,14,14,0.00000,0.67115,0.67115,True,,False,0.15939,0.67179,0.23726,2.04975,0.54886,3.55063,171.19108,0.04100,Na+1;Mn+4;Bi+3;O-2;F-1,3.83439,35.57726,,0.01598
Cs2NbMnSe3F3,stable_likely,14,14,0.00000,0.60598,0.60598,True,,False,0.16339,0.81754,0.19986,2.18282,0.56519,3.80046,141.33974,0.00000,Cs+1;Nb+5;Mn+2;Se-2;F-1,3.97523,44.42429,,4.56478
K2NbMnS3F3,stable_likely,14,14,0.00000,0.56767,0.56767,True,,False,0.17413,0.76722,0.22696,2.10679,0.72444,3.48914,117.45600,0.03900,K+1;Nb+5;Mn+2;S-2;F-1,3.93661,49.27998,,0.03235
K2SnCrS3F3,unstable_likely,14,0,0.00000,0.48215,0.48215,True,,False,0.17736,0.87266,0.20324,2.20634,0.90616,3.50652,108.85630,0.04700,K+1;Sn+4;Cr+3;S-2;F-1,4.15622,59.67397,,0.04087
Na2TaMnS3F3,unstable_likely,14,0,0.00000,0.38900,0.38900,True,,False,0.17838,0.84537,0.21101,2.16990,1.02568,3.31411,110.83934,0.02900,Na+1;Ta+5;Mn+2;S-2;F-1,4.12443,71.97134,,0.29043
Na2FeCuF3Cl3,unstable_likely,14,0,0.00000,0.23855,0.23855,True,,False,0.21828,0.52856,0.41298,1.05934,-0.22337,2.34205,inf,0.07900,Na+1;Fe+3;Cu+1;F-1;Cl-1,4.12831,98.31693,,0.01035
Rb2FeCuF3Cl3,unstable_likely,14,0,0.00000,0.22006,0.22006,True,,False,0.22248,0.57642,0.38597,0.91912,-0.23792,2.07615,inf,0.00000,Rb+1;Fe+3;Cu+1;F-1;Cl-1,3.95575,102.63079,,9.45465
K2VCuO3F3,unstable_likely,14,0,0.00000,0.21293,0.21293,True,,False,0.21394,0.64926,0.32951,0.82937,-0.51749,2.17622,345.89022,0.08900,K+1;V+5;Cu+2;O-2;F-1,3.87158,104.38832,,0.04449
Cs2TaCuSe3F3,unstable_likely,14,0,0.00000,0.16640,0.16640,True,,False,0.20122,0.75376,0.26696,1.91470,0.34505,3.48436,119.00146,0.00000,Cs+1;Ta+5;Cu+2;Se-2;F-1,4.13446,118.43271,,4.16384
Rb2TaMnS3F3,unstable_likely,14,0,0.00000,0.15281,0.15281,True,,False,0.20378,0.84181,0.24207,2.05825,0.67185,3.44465,110.90812,0.00000,Rb+1;Ta+5;Mn+2;S-2;F-1,3.90889,123.38663,,7.87902
K2TaMnS3F3,unstable_likely,14,0,0.00000,0.13819,0.13819,True,,False,0.20081,0.82641,0.24299,2.03635,0.57487,3.49784,109.90426,0.04500,K+1;Ta+5;Mn+2;S-2;F-1,3.93661,129.37690,,0.27586
Rb2NbZnSe3F3,unstable_likely,14,0,0.00000,0.10173,0.10173,True,,False,0.19655,0.80466,0.24426,2.02352,0.51444,3.53260,109.00635,0.00000,Rb+1;Nb+5;Zn+2;Se-2;F-1,4.12768,148.63980,,6.91703
Cs2TiBiS3Cl3,unstable_likely,14,0,0.00000,0.10057,0.10057,True,,False,0.17633,0.87930,0.20054,2.19162,1.14457,3.23867,106.19104,0.00000,Cs+1;Ti+4;Bi+3;S-2;Cl-1,3.99390,149.42242,,4.43298
Rb2CrWO6,unstable_likely,14,0,0.00000,0.08699,0.08699,True,,False,0.21571,0.62122,0.34723,1.78938,0.56500,3.01377,141.00117,0.00000,Rb+1;Cr+4;W+6;O-2,4.16480,158.69895,,8.56276
Cs2CrMnO3Cl3,unstable_likely,14,0,0.00000,0.07563,0.07563,True,,False,0.24629,0.85900,0.28672,1.91906,0.56421,3.27391,95.69536,0.00000,Cs+1;Cr+5;Mn+2;O-2;Cl-1,4.15299,167.88817,,6.08616
Cs2CrAgF3Cl3,unstable_likely,14,0,0.00000,0.06351,0.06351,True,,False,0.24792,0.59520,0.41653,1.56595,0.32001,2.81190,124.39244,0.00000,Cs+1;Cr+3;Ag+1;F-1;Cl-1,3.59591,180.44829,,5.85151
Cs2SbCuO3Cl3,unstable_likely,14,0,0.00000,0.05806,0.05806,True,,False,0.26810,0.55417,0.48379,1.13299,0.05781,2.20817,inf,0.00000,Cs+1;Sb+5;Cu+2;O-2;Cl-1,4.13386,186.61128,,5.30704
Cs2MoFeS3F3,unstable_likely,14,0,0.00000,0.05233,0.05233,True,,False,0.26166,0.85075,0.30756,1.72991,0.16263,3.29718,95.10186,0.00000,Cs+1;Mo+4;Fe+3;S-2;F-1,4.17182,194.02587,,5.65806
Rb2TaFeS3F3,unstable_likely,14,0,0.00000,0.04866,0.04866,True,,False,0.26616,0.85833,0.31009,1.81453,0.39785,3.23121,94.49328,0.00000,Rb+1;Ta+5;Fe+2;S-2;F-1,3.97030,199.40887,,7.86580
K2TaFeS3F3,unstable_likely,14,0,0.00000,0.04410,0.04410,True,,False,0.27071,0.83680,0.32351,1.73460,0.27864,3.19056,92.35809,0.06500,K+1;Ta+5;Fe+2;S-2;F-1,3.99147,206.90087,,0.27475
Rb2MnCuF3Br3,unstable_likely,14,0,0.00000,0.04158,0.04158,True,,False,0.28535,0.58381,0.48877,1.42040,0.30511,2.53568,123.87461,0.00000,Rb+1;Mn+2;Cu+2;F-1;Br-1,3.89750,211.52383,,7.32291
Cs2TiSbSe3F3,unstable_likely,14,0,0.00000,0.03978,0.03978,True,,False,0.25871,0.88282,0.29305,1.80043,0.20834,3.39252,91.27629,0.00000,Cs+1;Ti+4;Sb+3;Se-2;F-1,4.14343,214.70972,,4.42617
K2WAgSe3F3,unstable_likely,14,0,0.00000,0.03966,0.03966,True,,False,0.28083,0.77093,0.36428,1.79062,0.67400,2.90724,89.95470,0.06400,K+1;W+6;Ag+1;Se-2;F-1,3.87488,214.92345,,0.41480
Rb2SnNbSe3F3,unstable_likely,14,0,0.00000,0.03829,0.03829,True,,False,0.28461,0.91237,0.31195,1.71461,0.15620,3.27301,91.25494,0.00000,Rb+1;Sn+4;Nb+3;Se-2;F-1,4.08299,217.58455,,6.38590
Rb2TiBiSe3F3,unstable_likely,14,0,0.00000,0.03282,0.03282,True,,False,0.26911,0.83553,0.32208,1.74215,0.28710,3.19719,89.59909,0.00000,Rb+1;Ti+4;Bi+3;Se-2;F-1,3.85304,229.53650,,5.97150
Cs2AgInF3I3,unstable_likely,14,0,0.00000,0.03201,0.03201,True,,False,0.31959,0.63362,0.50439,1.32327,0.21607,2.43047,101.21684,0.00000,Cs+1;Ag+1;In+3;F-1;I-1,3.74695,231.23298,,3.88098
Rb2FeSbO3Cl3,unstable_likely,14,0,0.00000,0.02990,0.02990,True,,False,0.28853,0.76051,0.37939,1.67729,0.42909,2.92548,94.83433,0.00000,Rb+1;Fe+2;Sb+5;O-2;Cl-1,4.05522,236.85229,,8.53267
K2MoAgO3Cl3,unstable_likely,14,0,0.00000,0.02979,0.02979,True,,False,0.27570,0.76749,0.35922,1.77540,0.59708,2.95372,89.37516,0.05100,K+1;Mo+6;Ag+1;O-2;Cl-1,3.81830,237.09896,,0.60261
Rb2SnFeO3Cl3,unstable_likely,14,0,0.00000,0.02890,0.02890,True,,False,0.28733,0.82129,0.34985,1.73795,0.44835,3.02755,88.42988,0.00000,Rb+1;Sn+4;Fe+3;O-2;Cl-1,4.12681,239.60377,,8.59591
Cs2AgGaCl3Br3,unstable_likely,14,0,0.00000,0.02852,0.02852,True,,False,0.34220,0.62118,0.55089,1.28740,0.30707,2.26773,95.21198,0.00000,Cs+1;Ag+1;Ga+3;Cl-1;Br-1,3.94941,240.43447,,4.48403
K2TiInSe3F3,unstable_likely,14,0,0.00000,0.02821,0.02821,True,,False,0.28895,0.92753,0.31153,1.79281,0.35023,3.23539,86.26210,0.09300,K+1;Ti+4;In+3;Se-2;F-1,4.10947,241.02159,,0.18968
Cs2WBiS3Cl3,unstable_likely,14,0,0.00000,0.02795,0.02795,True,,False,0.29938,0.77923,0.38420,1.79406,0.80075,2.78737,87.35894,0.00000,Cs+1;W+4;Bi+3;S-2;Cl-1,3.94190,241.87981,,3.75195
K2WFeS3F3,unstable_likely,14,0,0.00000,0.02647,0.02647,True,,False,0.29703,0.82647,0.35939,1.59307,0.14402,3.04212,86.21206,0.08800,K+1;W+4;Fe+3;S-2;F-1,4.15622,246.61076,,0.04778
Rb2WFeS3F3,unstable_likely,14,0,0.00000,0.02511,0.02511,True,,False,0.30543,0.83554,0.36555,1.65975,0.31284,3.00666,93.87300,0.00000,Rb+1;W+4;Fe+3;S-2;F-1,4.14871,250.43138,,7.63722
Rb2VFeO3Cl3,unstable_likely,14,0,0.00000,0.02294,0.02294,True,,False,0.31037,0.83917,0.36985,1.74436,0.56859,2.92014,88.17770,0.00000,Rb+1;V+5;Fe+2;O-2;Cl-1,4.15259,256.62854,,9.93829
K2MoFeS3F3,unstable_likely,14,0,0.00000,0.01963,0.01963,True,,False,0.30192,0.82710,0.36504,1.69660,0.40346,2.98973,86.39990,0.07800,K+1;Mo+4;Fe+3;S-2;F-1,4.17329,269.64628,,0.06859
Cs2MnSbSe3F3,unstable_likely,14,0,0.00000,0.01855,0.01855,True,,False,0.33398,0.75704,0.44117,1.47963,0.25677,2.70249,86.66827,0.00000,Cs+1;Mn+2;Sb+5;Se-2;F-1,4.03450,274.22490,,4.38264
Cs2CrAgF3I3,unstable_likely,14,0,0.00000,0.01675,0.01675,True,,False,0.33639,0.65145,0.51637,1.40495,0.35365,2.45625,86.99129,0.00000,Cs+1;Cr+3;Ag+1;F-1;I-1,3.81687,284.05018,,4.07100
Cs2GeFeF3Br3,unstable_likely,14,0,0.00000,0.01533,0.01533,True,,False,0.31250,0.87467,0.35728,1.66972,0.29792,3.04153,86.64370,0.00000,Cs+1;Ge+2;Fe+2;F-1;Br-1,3.90822,292.15467,,5.07720
Rb2GeBiSe3F3,unstable_likely,14,0,0.00000,0.00713,0.00713,True,,False,0.30509,0.87292,0.34951,1.83873,0.75409,2.92338,84.84266,0.00000,Rb+1;Ge+4;Bi+3;Se-2;F-1,3.91032,376.59581,,6.17260
Cs2MoSbSe3F3,unstable_likely,14,0,0.00000,0.00463,0.00463,True,,False,0.33575,0.87486,0.38378,1.65601,0.39183,2.92019,82.07551,0.00000,Cs+1;Mo+4;Sb+3;Se-2;F-1,4.06631,433.32472,,4.17825
Cs2SnBiSe3F3,unstable_likely,14,0,0.00000,0.00382,0.00382,True,,False,0.33408,0.92031,0.36301,1.79799,0.69293,2.90305,79.95220,0.00000,Cs+1;Sn+4;Bi+3;Se-2;F-1,3.71954,461.80087,,3.64911
Rb2SnBiO3I3,unstable_likely,14,0,0.00000,0.00162,0.00162,True,,False,0.34197,0.84834,0.40311,1.64037,0.43931,2.84143,84.21258,0.00000,Rb+1;Sn+4;Bi+3;O-2;I-1,3.97841,625.10510,,4.71272
K2CrAgS3Cl3,unstable_likely,14,0,0.00000,0.00000,0.40514,False,,False,0.44086,0.70642,0.62407,1.31762,0.49626,2.13899,81.58693,0.11000,K+1;Cr+6;Ag+1;S-2;Cl-1,4.14447,69.74780,,0.55593
Rb2SbAgF3Cl3,stable_likely,14,0,0.00000,0.00000,0.83720,True,69.74306,True,0.41423,0.92217,0.44919,1.70396,0.77385,2.63407,76.13085,0.00000,Rb+1;Sb+3;Ag+1;F-1;Cl-1,3.70507,0.43406,,8.03311
Cs2SnSbO3F3,stable_likely,15,15,0.00000,0.88185,0.88185,True,,False,0.02383,0.94397,0.02524,3.52369,2.09906,4.94832,1500.19598,0.00000,Cs+1;Sn+4;Sb+3;O-2;F-1,3.60416,-17.62893,,5.26932
Rb2FeMnF6,stable_likely,15,15,0.00000,0.86683,0.86683,True,,False,0.05816,0.51125,0.11377,2.62587,1.23551,4.01624,inf,0.00000,Rb+1;Fe+2;Mn+2;F-1,3.46637,-10.65626,,10.83479
Cs2SnBiO3F3,stable_likely,15,15,0.00000,0.86249,0.86249,True,,False,0.04070,0.89973,0.04524,3.22929,1.79213,4.66645,733.60609,0.00000,Cs+1;Sn+4;Bi+3;O-2;F-1,3.38233,-8.83709,,4.61297
Cs2GeMnF6,stable_likely,15,15,0.00000,0.86114,0.86114,True,,False,0.05109,0.81919,0.06237,3.13835,1.51274,4.76395,690.93155,0.00000,Cs+1;Ge+2;Mn+2;F-1,3.44489,-8.24504,,6.91061
Rb2SnBiO3F3,stable_likely,15,15,0.00000,0.82522,0.82522,True,,False,0.04783,0.89798,0.05326,3.14980,1.65735,4.64225,619.42362,0.00000,Rb+1;Sn+4;Bi+3;O-2;F-1,3.47260,4.18218,,7.12753
K2WAgO3F3,stable_likely,15,15,0.00000,0.81402,0.81402,True,,False,0.12148,0.86653,0.14019,2.51672,0.93496,4.09848,187.22502,0.03100,K+1;W+6;Ag+1;O-2;F-1,3.54345,7.48124,,0.54609
Cs2SnTaS3F3,stable_likely,15,15,0.00000,0.78957,0.78957,True,,False,0.11713,0.93513,0.12525,2.60343,1.01249,4.19436,186.30099,0.00000,Cs+1;Sn+4;Ta+3;S-2;F-1,3.96701,13.60377,,4.65012
Cs2TiSbS3F3,stable_likely,15,15,0.00000,0.71544,0.71544,True,,False,0.12968,0.88612,0.14635,2.48729,0.82075,4.15383,185.99688,0.00000,Cs+1;Ti+4;Sb+3;S-2;F-1,4.04086,28.50307,,5.45994
Na2SnTaS3F3,stable_likely,15,15,0.00000,0.69543,0.69543,True,,False,0.10825,0.90635,0.11943,2.60040,1.16210,4.03871,180.09831,0.01300,Na+1;Sn+4;Ta+3;S-2;F-1,4.15255,31.79234,,0.27273
K2TiSbS3F3,stable_likely,15,15,0.00000,0.69481,0.69481,True,,False,0.11519,0.87597,0.13150,2.50383,1.15368,3.85398,161.88892,0.02400,K+1;Ti+4;Sb+3;S-2;F-1,4.06326,31.90172,,0.02647
Cs2TaMnSe3F3,stable_likely,15,15,0.00000,0.61458,0.61458,True,,False,0.11784,0.79326,0.14855,2.46115,0.92244,3.99987,183.30531,0.00000,Cs+1;Ta+5;Mn+2;Se-2;F-1,3.97523,43.33903,,4.20622
Rb2NbZnS3F3,stable_likely,15,15,0.00000,0.58272,0.58272,True,,False,0.15466,0.83177,0.18594,2.28187,0.75205,3.81169,145.51631,0.00000,Rb+1;Nb+5;Zn+2;S-2;F-1,4.02623,47.39611,,8.90470
Cs2SnInS3Cl3,unstable_likely,15,0,0.00000,0.49245,0.49245,True,,False,0.14085,0.97021,0.14517,2.36658,1.29249,3.44068,119.09332,0.00000,Cs+1;Sn+4;In+3;S-2;Cl-1,4.17587,58.42517,,4.70055
Na2MnBiO3Cl3,unstable_likely,15,0,0.00000,0.47354,0.47354,True,,False,0.17406,0.62530,0.27836,1.89195,0.37554,3.40837,183.67383,0.06000,Na+1;Mn+4;Bi+3;O-2;Cl-1,4.14208,60.76016,,0.01395
K2SnNbS3F3,unstable_likely,15,0,0.00000,0.46949,0.46949,True,,False,0.15624,0.89645,0.17429,2.33627,0.89036,3.78218,125.63072,0.02800,K+1;Sn+4;Nb+3;S-2;F-1,4.00361,61.26397,,0.04958
Na2GeFeO3F3,unstable_likely,15,0,0.00000,0.42734,0.42734,True,,False,0.15293,0.82695,0.18493,2.27221,1.02842,3.51600,116.68340,0.02800,Na+1;Ge+4;Fe+3;O-2;F-1,4.07074,66.72763,,1.07318
Rb2FeSbO3F3,unstable_likely,15,0,0.00000,0.41288,0.41288,True,,False,0.16992,0.79573,0.21354,2.16578,0.97083,3.36074,132.07537,0.00000,Rb+1;Fe+2;Sb+5;O-2;F-1,3.70739,68.68326,,9.46173
Cs2TaMnS3F3,unstable_likely,15,0,0.00000,0.23333,0.23333,True,,False,0.16912,0.84087,0.20113,2.19221,0.66897,3.71546,121.07495,0.00000,Cs+1;Ta+5;Mn+2;S-2;F-1,3.87999,99.52407,,5.08815
Cs2CrAgBr3I3,unstable_likely,15,0,0.00000,0.19013,0.19013,True,,False,0.17380,0.64151,0.27093,0.78894,0.13915,1.43874,118.45732,0.00000,Cs+1;Cr+3;Ag+1;Br-1;I-1,4.17381,110.93811,,3.36217
Na2MnCuF3Cl3,unstable_likely,15,0,0.00000,0.15079,0.15079,True,,False,0.19365,0.51088,0.37905,0.89003,-0.18518,1.96524,inf,0.08000,Na+1;Mn+2;Cu+2;F-1;Cl-1,4.09721,124.09102,,0.01121
Rb2ZrInS3Cl3,unstable_likely,15,0,0.00000,0.13920,0.13920,True,,False,0.12953,0.97126,0.13336,2.32846,1.44693,3.20999,109.02030,0.00000,Rb+1;Zr+4;In+3;S-2;Cl-1,4.17221,128.88646,,7.55035
Cs2CrAgBr6,unstable_likely,15,0,0.00000,0.13258,0.13258,True,,False,0.17379,0.62853,0.27650,0.79398,0.14388,1.44409,112.26494,0.00000,Cs+1;Cr+3;Ag+1;Br-1,4.03784,131.94703,,3.81343
K2ZrBiSe3Cl3,unstable_likely,15,0,0.00000,0.11406,0.11406,True,,False,0.14985,0.89492,0.16745,2.27692,1.25388,3.29997,109.02904,0.03000,K+1;Zr+4;Bi+3;Se-2;Cl-1,4.14916,141.27470,,0.04285
Na2MoWO6,unstable_likely,15,0,0.00000,0.11376,0.11376,True,,False,0.21835,0.58162,0.37542,1.19940,-0.34809,2.74689,inf,0.06500,Na+1;Mo+6;W+4;O-2,4.02241,141.45884,,0.09225
K2MnCuF3Cl3,unstable_likely,15,0,0.00000,0.09277,0.09277,True,,False,0.21954,0.50953,0.43087,1.00780,-0.08653,2.10213,inf,0.09200,K+1;Mn+2;Cu+2;F-1;Cl-1,3.84205,154.65830,,0.01729
K2CrAgF3Cl3,unstable_likely,15,0,0.00000,0.08889,0.08889,True,,False,0.20045,0.57741,0.34715,1.82385,0.68118,2.96652,131.25505,0.04400,K+1;Cr+3;Ag+1;F-1;Cl-1,3.77787,157.27945,,0.60649
Rb2WSbS3F3,unstable_likely,15,0,0.00000,0.08123,0.08123,True,,False,0.19671,0.86446,0.22755,2.10313,0.67201,3.53425,112.02290,0.00000,Rb+1;W+4;Sb+3;S-2;F-1,3.97030,163.26310,,6.84477
Cs2SnBiS3Cl3,unstable_likely,15,0,0.00000,0.07461,0.07461,True,,False,0.16710,0.91279,0.18307,2.24452,1.15542,3.33361,105.87729,0.00000,Cs+1;Sn+4;Bi+3;S-2;Cl-1,3.91721,168.90294,,4.04970
K2FeMnF3I3,unstable_likely,15,0,0.00000,0.07221,0.07221,True,,False,0.22855,0.52315,0.43687,1.45197,0.19820,2.70574,inf,0.08100,K+1;Fe+2;Mn+2;F-1;I-1,4.05545,171.31408,,0.11481
Cs2ZrBiSe3Cl3,unstable_likely,15,0,0.00000,0.07185,0.07185,True,,False,0.17708,0.89695,0.19742,2.21576,1.07279,3.35874,104.13293,0.00000,Cs+1;Zr+4;Bi+3;Se-2;Cl-1,3.97503,171.66432,,3.55696
Rb2SnBiS3Cl3,unstable_likely,15,0,0.00000,0.06845,0.06845,True,,False,0.19162,0.90304,0.21219,2.15309,1.18468,3.12151,95.97831,0.00000,Rb+1;Sn+4;Bi+3;S-2;Cl-1,4.00748,174.95703,,6.13819
Rb2CrAgF3Cl3,unstable_likely,15,0,0.00000,0.06711,0.06711,True,,False,0.20826,0.60521,0.34411,1.77452,0.50380,3.04525,120.84055,0.00000,Rb+1;Cr+3;Ag+1;F-1;Cl-1,3.69968,176.50751,,9.16090
Cs2MoBiS3F3,unstable_likely,15,0,0.00000,0.06579,0.06579,True,,False,0.20605,0.86753,0.23751,2.08303,0.78352,3.38254,105.44595,0.00000,Cs+1;Mo+4;Bi+3;S-2;F-1,3.66499,178.05424,,4.46879
Rb2FeMnF3I3,unstable_likely,15,0,0.00000,0.06470,0.06470,True,,False,0.22463,0.54493,0.41222,1.52576,0.23085,2.82067,241.70630,0.00000,Rb+1;Fe+2;Mn+2;F-1;I-1,4.00675,179.13525,,6.05397
Rb2MoBiS3F3,unstable_likely,15,0,0.00000,0.06033,0.06033,True,,False,0.20354,0.87791,0.23185,2.09668,0.78989,3.40347,102.77663,0.00000,Rb+1;Mo+4;Bi+3;S-2;F-1,3.74400,184.10340,,6.85997
Cs2ZrFeSe3F3,unstable_likely,15,0,0.00000,0.05193,0.05193,True,,False,0.21757,0.85132,0.25557,1.96700,0.40990,3.52410,106.05450,0.00000,Cs+1;Zr+4;Fe+3;Se-2;F-1,4.14343,194.53998,,4.56852
Cs2MnCuF3Br3,unstable_likely,15,0,0.00000,0.05139,0.05139,True,,False,0.24579,0.57045,0.43087,1.56581,0.37044,2.76118,173.62427,0.00000,Cs+1;Mn+2;Cu+2;F-1;Br-1,3.84873,195.38210,,4.71653
K2MoAgS3F3,unstable_likely,15,0,0.00000,0.04734,0.04734,True,,False,0.23286,0.82800,0.28123,1.96942,0.76637,3.17248,97.35108,0.03600,K+1;Mo+6;Ag+1;S-2;F-1,3.79531,201.48923,,0.60875
Rb2MnBiO3Cl3,unstable_likely,15,0,0.00000,0.04685,0.04685,True,,False,0.23641,0.61805,0.38251,1.55635,0.16768,2.94501,125.66655,0.00000,Rb+1;Mn+4;Bi+3;O-2;Cl-1,3.84622,202.35686,,7.28511
Cs2SnFeO3Cl3,unstable_likely,15,0,0.00000,0.03989,0.03989,True,,False,0.24700,0.84385,0.29271,1.90978,0.58973,3.22983,94.36656,0.00000,Cs+1;Sn+4;Fe+3;O-2;Cl-1,4.12445,214.53003,,5.40833
K2SnFeO3Cl3,unstable_likely,15,0,0.00000,0.03921,0.03921,True,,False,0.25859,0.73471,0.35196,1.74840,0.49378,3.00301,94.47666,0.06200,K+1;Sn+4;Fe+3;O-2;Cl-1,4.13772,215.87967,,0.03243
Cs2SnNbSe3F3,unstable_likely,15,0,0.00000,0.03745,0.03745,True,,False,0.26968,0.90772,0.29710,1.78015,0.19453,3.36578,93.20915,0.00000,Cs+1;Sn+4;Nb+3;Se-2;F-1,4.06631,219.37145,,4.19992
K2FeSbO3Cl3,unstable_likely,15,0,0.00000,0.03197,0.03197,True,,False,0.26684,0.74092,0.36015,1.75352,0.54641,2.96062,91.54651,0.07700,K+1;Fe+2;Sb+5;O-2;Cl-1,4.07143,231.27943,,0.01857
K2MnCuF3Br3,unstable_likely,15,0,0.00000,0.03182,0.03182,True,,False,0.29194,0.59219,0.49299,1.40011,0.28910,2.51111,109.10864,0.07900,K+1;Mn+2;Cu+2;F-1;Br-1,3.93820,231.79279,,0.01765
Na2TiCrO3F3,unstable_likely,15,0,0.00000,0.02956,0.02956,True,,False,0.24522,0.84727,0.28942,1.92705,0.64048,3.21363,89.54464,0.06500,Na+1;Ti+4;Cr+3;O-2;F-1,4.00445,237.67033,,0.01249
Rb2SnCrO3Cl3,unstable_likely,15,0,0.00000,0.02921,0.02921,True,,False,0.26954,0.87829,0.30689,1.90676,0.70610,3.10743,92.08371,0.00000,Rb+1;Sn+4;Cr+3;O-2;Cl-1,4.17936,238.53788,,8.66516
Cs2WFeS3F3,unstable_likely,15,0,0.00000,0.02776,0.02776,True,,False,0.26914,0.83346,0.32292,1.72298,0.23946,3.20651,91.48733,0.00000,Cs+1;W+4;Fe+3;S-2;F-1,4.15184,242.55452,,4.89727
K2TiBiSe3F3,unstable_likely,15,0,0.00000,0.02557,0.02557,True,,False,0.28863,0.81830,0.35272,1.55407,0.03990,3.06824,90.28726,0.09200,K+1;Ti+4;Bi+3;Se-2;F-1,3.90599,249.06709,,0.04124
Rb2AgInF3I3,unstable_likely,15,0,0.00000,0.02418,0.02418,True,,False,0.32398,0.62092,0.52178,1.19287,0.17794,2.20781,98.40761,0.00000,Rb+1;Ag+1;In+3;F-1;I-1,3.91803,252.80027,,5.62324
Rb2FeZnF3I3,unstable_likely,15,0,0.00000,0.02141,0.02141,True,,False,0.30196,0.63990,0.47189,1.64448,0.68182,2.60714,98.23859,0.00000,Rb+1;Fe+2;Zn+2;F-1;I-1,4.09326,262.12140,,5.96751
Cs2AgInF3Br3,unstable_likely,15,0,0.00000,0.02091,0.02091,True,,False,0.31275,0.64725,0.48320,1.37639,0.22554,2.52723,98.02607,0.00000,Cs+1;Ag+1;In+3;F-1;Br-1,3.62388,264.03190,,4.49430
K2FeZnF3I3,unstable_likely,15,0,0.00000,0.01632,0.01632,True,,False,0.33310,0.64496,0.51646,1.50421,0.50236,2.50605,90.69370,0.09800,K+1;Fe+2;Zn+2;F-1;I-1,4.12799,286.63544,,0.11336
Rb2WSbSe3F3,unstable_likely,15,0,0.00000,0.01134,0.01134,True,,False,0.30034,0.81802,0.36715,1.64651,0.29109,3.00193,89.21276,0.00000,Rb+1;W+4;Sb+3;Se-2;F-1,4.06889,325.42419,,5.61326
K2WSbSe3F3,unstable_likely,15,0,0.00000,0.00801,0.00801,True,,False,0.31067,0.81723,0.38015,1.66265,0.39377,2.93153,86.83509,0.06500,K+1;W+4;Sb+3;Se-2;F-1,4.09006,363.78108,,0.06061
Cs2MoAgO3Br3,unstable_likely,15,0,0.00000,0.00587,0.00587,True,,False,0.27572,0.86515,0.31870,1.92692,0.95530,2.89854,85.65389,0.00000,Cs+1;Mo+6;Ag+1;O-2;Br-1,3.73548,403.10500,,4.58018
K2GeBiSe3F3,unstable_likely,15,0,0.00000,0.00561,0.00561,True,,False,0.30119,0.80192,0.37559,1.78662,0.72730,2.84593,86.29984,0.06600,K+1;Ge+4;Bi+3;Se-2;F-1,3.95103,408.29603,,0.49561
K2MnSbO3Br3,unstable_likely,15,0,0.00000,0.00451,0.00451,True,,False,0.31418,0.74927,0.41931,1.52340,0.25361,2.79319,87.10540,0.08400,K+1;Mn+2;Sb+5;O-2;Br-1,4.11259,437.70092,,0.01912
Rb2SnInSe3F3,unstable_likely,15,0,0.00000,0.00446,0.00446,True,,False,0.29916,0.95691,0.31263,1.71619,0.16230,3.27008,86.27019,0.00000,Rb+1;Sn+4;In+3;Se-2;F-1,3.98081,440.21983,,6.29181
Cs2MoBiO3I3,unstable_likely,15,0,0.00000,0.00322,0.00322,True,,False,0.30720,0.83615,0.36740,1.77508,0.64766,2.90250,83.68092,0.00000,Cs+1;Mo+4;Bi+3;O-2;I-1,3.92094,490.53596,,3.30305
K2SnBiO3I3,unstable_likely,15,0,0.00000,0.00170,0.00170,True,,False,0.33299,0.79049,0.42125,1.60875,0.42521,2.79230,83.01206,0.08700,K+1;Sn+4;Bi+3;O-2;I-1,4.04720,612.53474,,0.10405
Cs2SnBiO3I3,unstable_likely,15,0,0.00000,0.00147,0.00147,True,,False,0.32414,0.87480,0.37053,1.74925,0.58636,2.91214,81.36452,0.00000,Cs+1;Sn+4;Bi+3;O-2;I-1,3.88814,645.14815,,3.21861
Rb2GeFeCl6,stable_likely,15,0,0.00000,0.00000,0.80828,True,63.83565,True,0.41098,0.85380,0.48135,1.09831,0.05897,2.13765,76.25879,0.00000,Rb+1;Ge+2;Fe+2;Cl-1,4.16423,8.99904,,8.95442
Cs2GeInO3F3,stable_likely,16,16,0.00000,0.86438,0.86438,True,,False,0.02083,0.93823,0.02220,3.53747,2.16939,4.90556,1641.19893,0.00000,Cs+1;Ge+4;In+3;O-2;F-1,3.77295,-9.64696,,6.42480
K2CrMoO3F3,stable_likely,16,16,0.00000,0.80718,0.80718,True,,False,0.09055,0.87360,0.10365,2.81468,1.04444,4.58491,346.84424,0.02700,K+1;Cr+3;Mo+4;O-2;F-1,3.87952,9.28008,,0.07771
K2SnInO3F3,stable_likely,16,16,0.00000,0.80574,0.80574,True,,False,0.08792,0.92192,0.09537,2.84241,1.17779,4.50703,267.18872,0.02800,K+1;Sn+4;In+3;O-2;F-1,3.62202,9.67185,,0.22645
Rb2GeInS3F3,stable_likely,16,16,0.00000,0.76392,0.76392,True,,False,0.07240,0.94265,0.07681,2.80522,1.51083,4.09962,250.58079,0.00000,Rb+1;Ge+4;In+3;S-2;F-1,4.10522,19.46182,,9.12601
Rb2WInO3F3,stable_likely,16,16,0.00000,0.76282,0.76282,True,,False,0.08837,0.95882,0.09217,2.89312,1.15601,4.63023,306.79766,0.00000,Rb+1;W+4;In+3;O-2;F-1,3.61907,19.67084,,7.63182
Cs2CrAgF6,stable_likely,16,16,0.00000,0.68015,0.68015,True,,False,0.10290,0.57755,0.17817,2.31916,0.85446,3.78385,648.70104,0.00000,Cs+1;Cr+3;Ag+1;F-1,3.32396,34.21731,,6.38705
Na2CrMoO3F3,stable_likely,16,16,0.00000,0.65057,0.65057,True,,False,0.08820,0.89160,0.09892,2.74200,1.28077,4.20322,254.28323,0.02200,Na+1;Cr+3;Mo+4;O-2;F-1,3.94917,38.51547,,0.07756
Rb2ZrWO6,stable_likely,16,16,0.00000,0.63601,0.63601,True,,False,0.10208,0.87519,0.11664,2.54309,1.32100,3.76519,169.62207,0.00000,Rb+1;Zr+4;W+6;O-2,3.84198,40.50880,,7.95207
K2SnInS3F3,stable_likely,16,16,0.00000,0.62115,0.62115,True,,False,0.11002,0.92774,0.11859,2.65291,1.03404,4.27178,209.97372,0.02900,K+1;Sn+4;In+3;S-2;F-1,3.91732,42.46658,,0.20687
Na2SnNbS3F3,stable_likely,16,16,0.00000,0.56104,0.56104,True,,False,0.10488,0.90435,0.11597,2.57974,1.28295,3.87654,166.39658,0.02600,Na+1;Sn+4;Nb+3;S-2;F-1,4.15255,50.11115,,0.04726
Cs2NbZnS3F3,stable_likely,16,16,0.00000,0.52510,0.52510,True,,False,0.12581,0.85467,0.14720,2.48580,0.80918,4.16241,186.58981,0.00000,Cs+1;Nb+5;Zn+2;S-2;F-1,4.01539,54.39490,,5.57027
Cs2AgInBr3I3,stable_likely,16,16,0.00000,0.51581,0.51581,True,,False,0.14294,0.52160,0.27405,0.76869,0.03471,1.50267,inf,0.00000,Cs+1;Ag+1;In+3;Br-1;I-1,4.07003,55.51104,,3.24361
Na2FeZnF3Cl3,stable_likely,16,16,0.00000,0.51361,0.51361,True,,False,0.13534,0.64453,0.20999,2.17731,0.98503,3.36958,189.30685,0.02000,Na+1;Fe+2;Zn+2;F-1;Cl-1,4.09515,55.79285,,0.00470
Cs2ZrWO6,unstable_likely,16,0,0.00000,0.47043,0.47043,True,,False,0.13188,0.87487,0.15074,2.41731,1.04825,3.78636,143.60530,0.00000,Cs+1;Zr+4;W+6;O-2,3.84238,61.14619,,5.07136
Rb2FeAgF6,unstable_likely,16,0,0.00000,0.45549,0.45549,True,,False,0.15533,0.58554,0.26528,2.02387,0.96830,3.07945,168.10339,0.00000,Rb+1;Fe+3;Ag+1;F-1,3.42814,63.07334,,10.08782
Rb2FeZnF3Cl3,unstable_likely,16,0,0.00000,0.43224,0.43224,True,,False,0.14155,0.64406,0.21978,2.14196,0.99023,3.29369,151.75877,0.00000,Rb+1;Fe+2;Zn+2;F-1;Cl-1,3.83668,66.10149,,9.41193
Rb2GeFeO3F3,unstable_likely,16,0,0.00000,0.43064,0.43064,True,,False,0.15262,0.84534,0.18054,2.29713,0.98065,3.61362,147.23205,0.00000,Rb+1;Ge+4;Fe+3;O-2;F-1,4.04883,66.30219,,11.33962
Cs2TaCuS3F3,unstable_likely,16,0,0.00000,0.42240,0.42240,True,,False,0.14562,0.82868,0.17573,2.32718,0.77527,3.87909,144.45141,0.00000,Cs+1;Ta+5;Cu+2;S-2;F-1,4.03228,67.39777,,5.02534
Rb2MnSbO3F3,unstable_likely,16,0,0.00000,0.34809,0.34809,True,,False,0.13565,0.72231,0.18780,2.27045,0.93142,3.60948,144.43716,0.00000,Rb+1;Mn+2;Sb+5;O-2;F-1,3.64958,78.12430,,9.48129
Cs2GeFeF3Cl3,unstable_likely,16,0,0.00000,0.33830,0.33830,True,,False,0.15788,0.86205,0.18315,2.29338,0.87655,3.71020,137.63072,0.00000,Cs+1;Ge+2;Fe+2;F-1;Cl-1,3.80888,79.60604,,6.28687
Na2SnFeO3F3,unstable_likely,16,0,0.00000,0.30486,0.30486,True,,False,0.15200,0.82650,0.18391,2.28105,1.00023,3.56187,128.43133,0.02400,Na+1;Sn+4;Fe+3;O-2;F-1,3.88385,85.25555,,0.03321
K2FeCuF6,unstable_likely,16,0,0.00000,0.30442,0.30442,True,,False,0.16546,0.56725,0.29169,0.72580,-0.46543,1.91704,inf,0.05700,K+1;Fe+3;Cu+1;F-1,3.63706,85.32364,,0.01960
Cs2ZrInS3Cl3,unstable_likely,16,0,0.00000,0.26669,0.26669,True,,False,0.10328,0.97347,0.10609,2.46674,1.49965,3.43383,126.68378,0.00000,Cs+1;Zr+4;In+3;S-2;Cl-1,4.13253,92.32754,,4.88649
Cs2SnTaSe3F3,unstable_likely,16,0,0.00000,0.15146,0.15146,True,,False,0.17041,0.91734,0.18577,2.26605,0.64033,3.89177,129.74585,0.00000,Cs+1;Sn+4;Ta+3;Se-2;F-1,4.06631,123.83853,,3.90536
Rb2TaZnSe3F3,unstable_likely,16,0,0.00000,0.13699,0.13699,True,,False,0.16478,0.78032,0.21117,2.15279,0.64123,3.66435,128.13914,0.00000,Rb+1;Ta+5;Zn+2;Se-2;F-1,4.12768,129.90747,,6.22472
Rb2WInS3F3,unstable_likely,16,0,0.00000,0.12586,0.12586,True,,False,0.17042,0.94841,0.17969,2.30934,0.93885,3.67983,118.55812,0.00000,Rb+1;W+4;In+3;S-2;F-1,3.92044,135.25181,,7.04411
Na2TiFeO3F3,unstable_likely,16,0,0.00000,0.11655,0.11655,True,,False,0.14433,0.86362,0.16712,2.34270,1.02491,3.66050,117.94225,0.04300,Na+1;Ti+4;Fe+3;O-2;F-1,3.96641,139.88237,,0.00735
Rb2MoBiO3Cl3,unstable_likely,16,0,0.00000,0.08095,0.08095,True,,False,0.17730,0.79934,0.22181,2.12365,0.75430,3.49300,132.71434,0.00000,Rb+1;Mo+4;Bi+3;O-2;Cl-1,3.76781,163.56276,,6.84415
Cs2MnCuF3Cl3,unstable_likely,16,0,0.00000,0.07473,0.07473,True,,False,0.18491,0.53709,0.34428,1.78106,0.53085,3.03127,545.16339,0.00000,Cs+1;Mn+2;Cu+2;F-1;Cl-1,3.75258,168.79471,,5.86047
Rb2TaCuS3F3,unstable_likely,16,0,0.00000,0.07356,0.07356,True,,False,0.19007,0.81772,0.23244,2.08358,0.65193,3.51522,120.23605,0.00000,Rb+1;Ta+5;Cu+2;S-2;F-1,4.04120,169.80232,,7.76349
K2MoBiO3Cl3,unstable_likely,16,0,0.00000,0.07329,0.07329,True,,False,0.17948,0.80426,0.22316,2.12254,0.77366,3.47142,118.05089,0.04300,K+1;Mo+4;Bi+3;O-2;Cl-1,3.82885,170.10963,,0.05550
K2NbFeO3F3,unstable_likely,16,0,0.00000,0.07037,0.07037,True,,False,0.19265,0.81458,0.23650,2.05894,0.58587,3.53200,118.69260,0.05300,K+1;Nb+5;Fe+2;O-2;F-1,3.68161,173.14377,,0.03068
Rb2SbCuO3Cl3,unstable_likely,16,0,0.00000,0.06286,0.06286,True,,False,0.22659,0.50980,0.44446,1.04243,-0.05429,2.13916,inf,0.00000,Rb+1;Sb+5;Cu+2;O-2;Cl-1,4.13529,181.21528,,8.40868
K2TaZnSe3F3,unstable_likely,16,0,0.00000,0.06138,0.06138,True,,False,0.19555,0.74713,0.26173,1.95120,0.42478,3.47761,119.92080,0.04200,K+1;Ta+5;Zn+2;Se-2;F-1,4.14390,182.77913,,0.23184
Na2WInO3Cl3,unstable_likely,16,0,0.00000,0.06095,0.06095,True,,False,0.15784,0.85780,0.18400,2.29245,0.94771,3.63718,117.35578,0.03600,Na+1;W+4;In+3;O-2;Cl-1,4.15526,183.25181,,0.19839
Cs2ZrInSe3F3,unstable_likely,16,0,0.00000,0.06072,0.06072,True,,False,0.16930,0.97327,0.17395,2.33684,0.72578,3.94789,117.03017,0.00000,Cs+1;Zr+4;In+3;Se-2;F-1,3.90885,183.53363,,4.32246
Rb2MoSbO3Cl3,unstable_likely,16,0,0.00000,0.05610,0.05610,True,,False,0.19157,0.86498,0.22147,2.12972,0.80699,3.45245,106.76154,0.00000,Rb+1;Mo+4;Sb+3;O-2;Cl-1,4.01207,189.36824,,7.94143
K2WAgS3F3,unstable_likely,16,0,0.00000,0.05540,0.05540,True,,False,0.17980,0.85417,0.21050,2.17605,1.00112,3.35098,104.49703,0.03500,K+1;W+6;Ag+1;S-2;F-1,3.79488,190.06451,,0.49924
K2MoSbO3Cl3,unstable_likely,16,0,0.00000,0.04454,0.04454,True,,False,0.18192,0.86910,0.20932,2.17772,0.87229,3.48315,106.14683,0.05000,K+1;Mo+4;Sb+3;O-2;Cl-1,4.03198,206.06745,,0.06373
Cs2VMnO3Cl3,unstable_likely,16,0,0.00000,0.04261,0.04261,True,,False,0.20058,0.85331,0.23506,2.08911,0.86715,3.31107,102.86969,0.00000,Cs+1;V+5;Mn+2;O-2;Cl-1,4.06147,209.45406,,6.11013
K2NbZnSe3F3,unstable_likely,16,0,0.00000,0.03974,0.03974,True,,False,0.21506,0.76565,0.28089,1.87830,0.35184,3.40476,115.12494,0.05200,K+1;Nb+5;Zn+2;Se-2;F-1,4.14390,214.75555,,0.05042
Rb2VMnO3Cl3,unstable_likely,16,0,0.00000,0.03932,0.03932,True,,False,0.23979,0.84280,0.28452,1.96627,0.77374,3.15880,98.78142,0.00000,Rb+1;V+5;Mn+2;O-2;Cl-1,4.07040,215.49244,,9.95983
Cs2MnBiO3Cl3,unstable_likely,16,0,0.00000,0.03929,0.03929,True,,False,0.24247,0.66965,0.36209,1.70278,0.40911,2.99645,104.17494,0.00000,Cs+1;Mn+4;Bi+3;O-2;Cl-1,3.79745,215.67484,,4.69572
Na2WSbO3Cl3,unstable_likely,16,0,0.00000,0.03686,0.03686,True,,False,0.24171,0.80900,0.29878,1.89989,0.59883,3.20095,95.49876,0.05600,Na+1;W+4;Sb+3;O-2;Cl-1,4.17477,220.68927,,0.04421
K2ZrInSe3F3,unstable_likely,16,0,0.00000,0.03564,0.03564,True,,False,0.22493,0.94369,0.23835,2.05183,0.59165,3.51201,93.24698,0.07500,K+1;Zr+4;In+3;Se-2;F-1,3.98325,223.14876,,0.18434
Rb2VMnO3Br3,unstable_likely,16,0,0.00000,0.03434,0.03434,True,,False,0.25340,0.85901,0.29499,1.94340,0.77718,3.10962,94.67741,0.00000,Rb+1;V+5;Mn+2;O-2;Br-1,4.17989,225.74444,,7.61151
Rb2NbCuSe3F3,unstable_likely,16,0,0.00000,0.03259,0.03259,True,,False,0.26268,0.69687,0.37694,1.51401,0.07719,2.95083,107.60852,0.00000,Rb+1;Nb+5;Cu+2;Se-2;F-1,4.14339,229.98271,,6.94075
Rb2MnSbO3Cl3,unstable_likely,16,0,0.00000,0.03114,0.03114,True,,False,0.25888,0.74034,0.34968,1.73416,0.43613,3.03218,98.38606,0.00000,Rb+1;Mn+2;Sb+5;O-2;Cl-1,3.98525,233.57758,,8.54863
Rb2WBiSe3F3,unstable_likely,16,0,0.00000,0.02523,0.02523,True,,False,0.25811,0.75545,0.34166,1.76528,0.47703,3.05352,95.32441,0.00000,Rb+1;W+4;Bi+3;Se-2;F-1,3.82249,250.00409,,5.04372
Cs2MnBiSe3F3,unstable_likely,16,0,0.00000,0.02317,0.02317,True,,False,0.27528,0.64495,0.42682,1.48542,0.22314,2.74770,101.12660,0.00000,Cs+1;Mn+4;Bi+3;Se-2;F-1,3.86155,255.99836,,3.91989
K2VFeO3Cl3,unstable_likely,16,0,0.00000,0.01776,0.01776,True,,False,0.27349,0.81374,0.33609,1.73880,0.37026,3.10735,91.07825,0.06600,K+1;V+5;Fe+2;O-2;Cl-1,4.16179,278.35146,,0.03149
K2AgInF3I3,unstable_likely,16,0,0.00000,0.01757,0.01757,True,,False,0.28956,0.59664,0.48531,1.13949,0.06649,2.21249,104.37063,0.08600,K+1;Ag+1;In+3;F-1;I-1,4.04488,279.20117,,0.52983
Cs2SnBiSe3Cl3,unstable_likely,16,0,0.00000,0.01685,0.01685,True,,False,0.22432,0.93352,0.24029,2.07619,1.10560,3.04678,90.51373,0.00000,Cs+1;Sn+4;Bi+3;Se-2;Cl-1,3.99861,283.56034,,3.45664
Rb2ZrSbSe3F3,unstable_likely,16,0,0.00000,0.01660,0.01660,True,,False,0.27715,0.91469,0.30300,1.82735,0.37740,3.27730,90.99265,0.00000,Rb+1;Zr+4;Sb+3;Se-2;F-1,3.99229,285.09084,,6.36386
K2ZrBiSe3F3,unstable_likely,16,0,0.00000,0.01654,0.01654,True,,False,0.25020,0.85600,0.29229,1.88223,0.45836,3.30610,90.41836,0.08500,K+1;Zr+4;Bi+3;Se-2;F-1,3.87488,285.45425,,0.04623
Rb2AgInF3Br3,unstable_likely,16,0,0.00000,0.01477,0.01477,True,,False,0.31810,0.64469,0.49342,1.31438,0.17706,2.45171,95.47856,0.00000,Rb+1;Ag+1;In+3;F-1;Br-1,3.79495,296.08698,,6.67671
Rb2AgGaF3I3,unstable_likely,16,0,0.00000,0.01193,0.01193,True,,False,0.32667,0.64420,0.50709,1.19260,0.13254,2.25265,92.52494,0.00000,Rb+1;Ag+1;Ga+3;F-1;I-1,3.91915,318.31441,,5.96005
K2MoAgSe3F3,unstable_likely,16,0,0.00000,0.00916,0.00916,True,,False,0.28897,0.84787,0.34082,1.81234,0.59897,3.02571,89.48215,0.05900,K+1;Mo+6;Ag+1;Se-2;F-1,3.87577,349.09235,,0.48468
K2MoAgO3Br3,unstable_likely,16,0,0.00000,0.00717,0.00717,True,,False,0.26377,0.82046,0.32149,1.90882,0.88779,2.92984,87.41459,0.04300,K+1;Mo+6;Ag+1;O-2;Br-1,3.90451,375.61113,,0.46592
Rb2MoAgO3Br3,unstable_likely,16,0,0.00000,0.00616,0.00616,True,,False,0.27624,0.85166,0.32436,1.89800,0.83401,2.96198,89.10106,0.00000,Rb+1;Mo+6;Ag+1;O-2;Br-1,3.83164,396.12620,,6.86672
K2MoAgO3I3,unstable_likely,16,0,0.00000,0.00487,0.00487,True,,False,0.28547,0.80857,0.35306,1.84607,0.80900,2.88314,86.78648,0.05000,K+1;Mo+6;Ag+1;O-2;I-1,4.04244,424.10620,,0.46584
Rb2MnSbO3Br3,unstable_likely,16,0,0.00000,0.00484,0.00484,True,,False,0.32317,0.75729,0.42674,1.53041,0.28985,2.77098,92.06686,0.00000,Rb+1;Mn+2;Sb+5;O-2;Br-1,4.09014,425.33741,,6.75826
Cs2MoAgO3I3,unstable_likely,16,0,0.00000,0.00482,0.00482,True,,False,0.29325,0.85641,0.34242,1.86990,0.85106,2.88875,87.18493,0.00000,Cs+1;Mo+6;Ag+1;O-2;I-1,3.87341,426.12585,,3.93434
K2SnInSe3F3,unstable_likely,16,0,0.00000,0.00420,0.00420,True,,False,0.29949,0.93327,0.32090,1.65252,0.06580,3.23924,87.08938,0.09200,K+1;Sn+4;In+3;Se-2;F-1,4.01128,447.66790,,0.18225
Cs2WAgO3I3,unstable_likely,16,0,0.00000,0.00302,0.00302,True,,False,0.29120,0.82518,0.35289,1.84992,0.82082,2.87902,85.31727,0.00000,Cs+1;W+6;Ag+1;O-2;I-1,3.86646,500.81397,,3.57985
Rb2SnInO3I3,unstable_likely,16,0,0.00000,0.00265,0.00265,True,,False,0.29598,0.93363,0.31702,1.84295,0.53451,3.15140,84.67553,0.00000,Rb+1;Sn+4;In+3;O-2;I-1,4.17544,524.88477,,5.33595
Rb2SnInO3Br3,unstable_likely,16,0,0.00000,0.00173,0.00173,True,,False,0.30541,0.93550,0.32647,1.75148,0.34044,3.16252,84.81823,0.00000,Rb+1;Sn+4;In+3;O-2;Br-1,4.01437,607.81310,,6.32809
K2SnInO3Br3,unstable_likely,16,0,0.00000,0.00164,0.00164,True,,False,0.29360,0.90120,0.32579,1.76436,0.37303,3.15568,83.16007,0.08600,K+1;Sn+4;In+3;O-2;Br-1,4.04484,623.23291,,0.16131
Rb2SnBiO3Br3,unstable_likely,16,0,0.00000,0.00110,0.00110,True,,False,0.30621,0.84274,0.36335,1.68512,0.36993,3.00032,87.60175,0.00000,Rb+1;Sn+4;Bi+3;O-2;Br-1,3.83888,707.58281,,5.47431
K2AgGaCl6,known_mp,16,0,0.00000,0.00000,0.00000,True,,False,0.40151,0.68685,0.58457,1.36283,0.45529,2.27037,85.43060,0.09200,K+1;Ag+1;Ga+3;Cl-1,4.04928,113.93348,73.40301,0.71349
Cs2CrAgS3Cl3,stable_likely,16,0,0.00000,0.00000,0.52093,False,,False,0.40125,0.75329,0.53266,1.12655,0.22462,2.02847,80.99585,0.00000,Cs+1;Cr+6;Ag+1;S-2;Cl-1,4.04315,54.90612,,5.48878
Rb2CrAgO3I3,unstable_likely,16,0,0.00000,0.00000,0.01868,False,,False,0.40078,0.80810,0.49595,1.56137,0.56707,2.55567,80.95956,0.00000,Rb+1;Cr+6;Ag+1;O-2;I-1,4.06759,273.69359,,6.04956
Na2MnInO6,stable_likely,16,0,0.00000,0.00000,0.98918,False,,False,0.39762,0.81803,0.48607,1.43029,0.31224,2.54833,77.75092,0.09300,Na+1;Mn+7;In+3;O-2,4.01034,-273.98478,,0.26244
K2SbAgF6,known_mp,16,0,0.00000,0.00000,0.00000,True,,False,0.32843,0.92714,0.35424,1.88641,1.12040,2.65243,77.06044,0.05000,K+1;Sb+3;Ag+1;F-1,3.56846,212.30124,136.47177,0.58492
Cs2GeZnF6,stable_likely,17,17,0.00000,0.85273,0.85273,True,,False,0.01683,0.84175,0.02000,3.84921,2.25397,5.44445,inf,0.00000,Cs+1;Ge+2;Zn+2;F-1,3.53306,-4.97316,,6.77142
Cs2GeBiO3F3,stable_likely,17,17,0.00000,0.85173,0.85173,True,,False,0.01321,0.88924,0.01485,3.54463,2.37865,4.71060,1886.70258,0.00000,Cs+1;Ge+4;Bi+3;O-2;F-1,3.48976,-4.56627,,5.38182
Cs2GeGaO3F3,stable_likely,17,17,0.00000,0.80053,0.80053,True,,False,0.01992,0.94429,0.02110,3.71507,2.22441,5.20573,8473.21928,0.00000,Cs+1;Ge+4;Ga+3;O-2;F-1,4.13384,11.03436,,7.01127
Rb2GeBiO3F3,stable_likely,17,17,0.00000,0.78017,0.78017,True,,False,0.03517,0.89032,0.03950,3.12030,1.90558,4.33501,503.10382,0.00000,Rb+1;Ge+4;Bi+3;O-2;F-1,3.53853,15.81655,,8.23500
K2SnSbO3F3,stable_likely,17,17,0.00000,0.77801,0.77801,True,,False,0.03931,0.90622,0.04338,3.15293,1.82921,4.47665,582.09793,0.00900,K+1;Sn+4;Sb+3;O-2;F-1,3.65395,16.31692,,0.04187
Rb2MoInO3F3,stable_likely,17,17,0.00000,0.76194,0.76194,True,,False,0.05376,0.96228,0.05587,3.27462,1.56842,4.98082,691.68803,0.00000,Rb+1;Mo+4;In+3;O-2;F-1,3.62890,19.84528,,9.01795
Cs2GeFeO3F3,stable_likely,17,17,0.00000,0.75684,0.75684,True,,False,0.07468,0.83551,0.08938,2.76915,1.40471,4.13358,288.64051,0.00000,Cs+1;Ge+4;Fe+3;O-2;F-1,4.07455,20.85671,,7.02141
Na2SnMoO6,stable_likely,17,17,0.00000,0.64715,0.64715,True,,False,0.08427,0.87890,0.09588,2.75911,1.32138,4.19684,268.55118,0.01300,Na+1;Sn+4;Mo+6;O-2,3.98778,38.94802,,0.08853
Cs2SnFeO3F3,stable_likely,17,17,0.00000,0.62841,0.62841,True,,False,0.08971,0.85514,0.10491,2.64893,1.32272,3.97515,212.63214,0.00000,Cs+1;Sn+4;Fe+3;O-2;F-1,3.76490,41.48945,,5.89816
Rb2ZrSbS3F3,stable_likely,17,17,0.00000,0.57628,0.57628,True,,False,0.08980,0.91172,0.09850,2.75900,1.26075,4.25724,264.07696,0.00000,Rb+1;Zr+4;Sb+3;S-2;F-1,3.89769,48.18289,,8.00432
Rb2SnInS3F3,stable_likely,17,17,0.00000,0.56837,0.56837,True,,False,0.09427,0.95221,0.09900,2.77256,1.18988,4.35525,243.46073,0.00000,Rb+1;Sn+4;In+3;S-2;F-1,3.88685,49.16842,,7.85366
Na2ZrMoO6,stable_likely,17,17,0.00000,0.55789,0.55789,True,,False,0.09867,0.90697,0.10879,2.68257,1.19585,4.16929,214.99101,0.02700,Na+1;Zr+4;Mo+6;O-2,3.95781,50.48874,,0.08439
Cs2VFeO3F3,stable_likely,17,17,0.00000,0.52045,0.52045,True,,False,0.11713,0.85502,0.13699,2.54203,0.88705,4.19701,224.20051,0.00000,Cs+1;V+5;Fe+2;O-2;F-1,3.78935,54.96449,,6.72982
K2FeZnF6,unstable_likely,17,0,0.00000,0.47696,0.47696,True,,False,0.09152,0.67346,0.13589,2.36072,1.38484,3.33661,166.56703,0.01300,K+1;Fe+2;Zn+2;F-1,3.55562,60.34920,,0.01360
K2ZrSbS3F3,unstable_likely,17,0,0.00000,0.46964,0.46964,True,,False,0.09867,0.91052,0.10837,2.65444,1.25103,4.05785,187.26175,0.02800,K+1;Zr+4;Sb+3;S-2;F-1,3.92678,61.24566,,0.03545
K2TiMoO6,unstable_likely,17,0,0.00000,0.44205,0.44205,True,,False,0.09871,0.88738,0.11124,2.59673,1.31833,3.87514,178.93597,0.03000,K+1;Ti+4;Mo+6;O-2,4.06151,64.85004,,0.07920
K2FeZnF3Cl3,unstable_likely,17,0,0.00000,0.43325,0.43325,True,,False,0.13029,0.66169,0.19691,2.22213,1.04251,3.40175,169.48676,0.03900,K+1;Fe+2;Zn+2;F-1;Cl-1,3.87141,65.98442,,0.01131
Na2CrWO3F3,unstable_likely,17,0,0.00000,0.33891,0.33891,True,,False,0.13111,0.90472,0.14492,2.48738,0.88727,4.08748,156.17624,0.02700,Na+1;Cr+3;W+4;O-2;F-1,3.93833,79.51154,,0.05017
K2WBiO3F3,unstable_likely,17,0,0.00000,0.32616,0.32616,True,,False,0.14475,0.78886,0.18349,2.27874,0.67001,3.88746,156.95484,0.04400,K+1;W+4;Bi+3;O-2;F-1,3.54222,81.57267,,0.04550
Rb2MoInS3F3,unstable_likely,17,0,0.00000,0.31791,0.31791,True,,False,0.11999,0.95933,0.12508,2.54610,1.17774,3.91447,144.71004,0.00000,Rb+1;Mo+4;In+3;S-2;F-1,3.93235,82.96733,,8.20876
K2CrWO3F3,unstable_likely,17,0,0.00000,0.30801,0.30801,True,,False,0.15334,0.88454,0.17336,2.32853,0.57881,4.07825,144.16223,0.04500,K+1;Cr+3;W+4;O-2;F-1,3.86375,84.67615,,0.05240
K2MnSbO3F3,unstable_likely,17,0,0.00000,0.26426,0.26426,True,,False,0.14486,0.73064,0.19826,2.22458,0.88882,3.56033,141.17532,0.04100,K+1;Mn+2;Sb+5;O-2;F-1,3.67203,92.82536,,0.02236
Cs2VCuO3F3,unstable_likely,17,0,0.00000,0.25744,0.25744,True,,False,0.15346,0.74001,0.20738,2.13717,0.42005,3.85429,222.35749,0.00000,Cs+1;V+5;Cu+2;O-2;F-1,3.87729,94.25324,,6.62798
Na2GeMnF3Cl3,unstable_likely,17,0,0.00000,0.20255,0.20255,True,,False,0.12290,0.86983,0.14129,2.42861,1.18130,3.67593,131.04922,0.01100,Na+1;Ge+2;Mn+2;F-1;Cl-1,4.09721,107.12104,,0.89145
Na2MnSbO3F3,unstable_likely,17,0,0.00000,0.20080,0.20080,True,,False,0.15425,0.77833,0.19818,2.21843,0.82230,3.61457,151.64543,0.03800,Na+1;Mn+2;Sb+5;O-2;F-1,3.83347,107.66057,,0.01678
Cs2AgGaBr3I3,unstable_likely,17,0,0.00000,0.16161,0.16161,True,,False,0.15971,0.55983,0.28528,0.77680,0.01795,1.53566,inf,0.00000,Cs+1;Ag+1;Ga+3;Br-1;I-1,4.16974,120.16860,,3.39166
Cs2NbZnSe3F3,unstable_likely,17,0,0.00000,0.11297,0.11297,True,,False,0.16244,0.79264,0.20493,2.14881,0.42376,3.87387,150.66633,0.00000,Cs+1;Nb+5;Zn+2;Se-2;F-1,4.11684,141.91791,,4.49860
Na2SnSbS3F3,unstable_likely,17,0,0.00000,0.10694,0.10694,True,,False,0.13792,0.90629,0.15218,2.39245,1.11114,3.67375,131.25675,0.02900,Na+1;Sn+4;Sb+3;S-2;F-1,4.13179,145.24822,,0.03867
Cs2WInS3F3,unstable_likely,17,0,0.00000,0.10589,0.10589,True,,False,0.16564,0.95225,0.17395,2.34060,0.82857,3.85263,124.93351,0.00000,Cs+1;W+4;In+3;S-2;F-1,3.89363,145.87207,,4.60772
Cs2SnSbS3F3,unstable_likely,17,0,0.00000,0.10212,0.10212,True,,False,0.15924,0.95143,0.16737,2.34122,1.02571,3.65672,118.69915,0.00000,Cs+1;Sn+4;Sb+3;S-2;F-1,3.90761,148.37292,,4.88696
Rb2SnVO3Cl3,unstable_likely,17,0,0.00000,0.08328,0.08328,True,,False,0.16865,0.91910,0.18349,2.29203,0.87616,3.70789,122.22643,0.00000,Rb+1;Sn+4;V+3;O-2;Cl-1,4.13529,161.50786,,8.69612
Rb2WBiS3F3,unstable_likely,17,0,0.00000,0.06662,0.06662,True,,False,0.16936,0.75043,0.22569,2.11594,0.83481,3.39708,125.17369,0.00000,Rb+1;W+4;Bi+3;S-2;F-1,3.73965,177.06788,,6.01365
K2WSbO3Cl3,unstable_likely,17,0,0.00000,0.05769,0.05769,True,,False,0.17269,0.80050,0.21573,2.14914,0.84505,3.45322,119.59848,0.03900,K+1;W+4;Sb+3;O-2;Cl-1,4.01964,187.06085,,0.04630
K2MnBiO3Cl3,unstable_likely,17,0,0.00000,0.05681,0.05681,True,,False,0.19047,0.59292,0.32124,1.68526,0.13477,3.23575,447.40421,0.05200,K+1;Mn+4;Bi+3;O-2;Cl-1,3.88692,188.25420,,0.01818
Rb2MoWO6,unstable_likely,17,0,0.00000,0.05303,0.05303,True,,False,0.19016,0.58246,0.32647,1.68000,0.15118,3.20883,262.27693,0.00000,Rb+1;Mo+6;W+4;O-2,3.95849,192.99003,,7.91075
Cs2MoBiO3Cl3,unstable_likely,17,0,0.00000,0.05077,0.05077,True,,False,0.17567,0.82789,0.21219,2.16661,0.87980,3.45341,111.18195,0.00000,Cs+1;Mo+4;Bi+3;O-2;Cl-1,3.68880,196.31887,,4.45889
K2MoWO6,unstable_likely,17,0,0.00000,0.04295,0.04295,True,,False,0.19907,0.52008,0.38277,1.18703,-0.33227,2.70632,inf,0.05500,K+1;Mo+6;W+4;O-2,3.96002,208.88039,,0.09132
K2WSbS3F3,unstable_likely,17,0,0.00000,0.04180,0.04180,True,,False,0.19011,0.85908,0.22130,2.12639,0.75840,3.49438,110.14713,0.04400,K+1;W+4;Sb+3;S-2;F-1,3.99147,210.99960,,0.05007
Rb2ZrInSe3F3,unstable_likely,17,0,0.00000,0.03851,0.03851,True,,False,0.20333,0.97333,0.20890,2.16469,0.69552,3.63385,100.44420,0.00000,Rb+1;Zr+4;In+3;Se-2;F-1,3.94852,217.24988,,6.54393
Rb2MoSbS3F3,unstable_likely,17,0,0.00000,0.03684,0.03684,True,,False,0.23554,0.90961,0.25895,1.99823,0.62768,3.36878,99.58936,0.00000,Rb+1;Mo+4;Sb+3;S-2;F-1,3.98370,220.78862,,7.96217
K2MoBiS3F3,unstable_likely,17,0,0.00000,0.03571,0.03571,True,,False,0.19904,0.87019,0.22873,2.10615,0.82309,3.38920,98.50316,0.05800,K+1;Mo+4;Bi+3;S-2;F-1,3.80505,223.02522,,0.05929
K2MnSbO3Cl3,unstable_likely,17,0,0.00000,0.03412,0.03412,True,,False,0.23811,0.74398,0.32005,1.83903,0.54150,3.13655,102.50367,0.04900,K+1;Mn+2;Sb+5;O-2;Cl-1,4.00769,226.17461,,0.01928
Cs2MnSbO3Cl3,unstable_likely,17,0,0.00000,0.03136,0.03136,True,,False,0.24226,0.75454,0.32107,1.84998,0.59151,3.10846,98.14155,0.00000,Cs+1;Mn+2;Sb+5;O-2;Cl-1,3.96457,232.99822,,5.38001
Cs2FeZnF3I3,unstable_likely,17,0,0.00000,0.03109,0.03109,True,,False,0.24366,0.62217,0.39163,1.74495,0.67910,2.81080,115.43464,0.00000,Cs+1;Fe+2;Zn+2;F-1;I-1,4.05358,233.80019,,3.97138
Cs2TiBiSe3F3,unstable_likely,17,0,0.00000,0.02699,0.02699,True,,False,0.24623,0.84268,0.29220,1.83496,0.31565,3.35427,96.07371,0.00000,Cs+1;Ti+4;Bi+3;Se-2;F-1,3.78594,245.09668,,3.95476
K2NbCuSe3F3,unstable_likely,17,0,0.00000,0.01985,0.01985,True,,False,0.25198,0.64621,0.38994,1.40056,-0.06979,2.87090,119.71042,0.08700,K+1;Nb+5;Cu+2;Se-2;F-1,4.15841,268.71872,,0.05409
Cs2GeMnF3Br3,unstable_likely,17,0,0.00000,0.01813,0.01813,True,,False,0.24865,0.85023,0.29245,1.84877,0.36549,3.33205,97.44846,0.00000,Cs+1;Ge+2;Mn+2;F-1;Br-1,3.84873,276.57683,,5.08427
Cs2NbCuO3Cl3,unstable_likely,17,0,0.00000,0.01761,0.01761,True,,False,0.26951,0.70772,0.38082,1.67466,0.42768,2.92165,101.07479,0.00000,Cs+1;Nb+5;Cu+2;O-2;Cl-1,4.06147,279.08323,,5.57678
Rb2MnBiSe3F3,unstable_likely,17,0,0.00000,0.01596,0.01596,True,,False,0.27313,0.64107,0.42606,1.38733,0.05910,2.71556,104.45141,0.00000,Rb+1;Mn+4;Bi+3;Se-2;F-1,3.91032,288.36350,,5.91252
Rb2WInSe3F3,unstable_likely,17,0,0.00000,0.01545,0.01545,True,,False,0.22561,0.92849,0.24299,2.06697,0.76856,3.36538,95.32948,0.00000,Rb+1;W+4;In+3;Se-2;F-1,4.01633,291.11366,,5.76467
K2SnBiSe3Cl3,unstable_likely,17,0,0.00000,0.01533,0.01533,True,,False,0.18622,0.89763,0.20746,2.13819,1.27050,3.00588,91.06806,0.04100,K+1;Sn+4;Bi+3;Se-2;Cl-1,4.15766,292.22551,,0.04635
Rb2NbCuO3Cl3,unstable_likely,17,0,0.00000,0.01438,0.01438,True,,False,0.29465,0.63141,0.46666,1.28041,0.05863,2.50218,111.78209,0.00000,Rb+1;Nb+5;Cu+2;O-2;Cl-1,4.07040,298.72819,,8.91731
Rb2SnBiSe3Cl3,unstable_likely,17,0,0.00000,0.01324,0.01324,True,,False,0.18953,0.92639,0.20459,2.15903,1.23941,3.07865,95.08673,0.00000,Rb+1;Sn+4;Bi+3;Se-2;Cl-1,4.08888,306.89961,,5.12928
Cs2MnBiO3I3,unstable_likely,17,0,0.00000,0.01193,0.01193,True,,False,0.30136,0.64532,0.46700,1.48839,0.34402,2.63277,94.45027,0.00000,Cs+1;Mn+4;Bi+3;O-2;I-1,4.04745,318.21549,,3.42265
Cs2CrAgF3Br3,unstable_likely,17,0,0.00000,0.01121,0.01121,True,,False,0.30954,0.65026,0.47603,1.53050,0.44567,2.61534,101.05157,0.00000,Cs+1;Cr+3;Ag+1;F-1;Br-1,3.68090,326.54909,,4.77476
Rb2CrAgF3Br3,unstable_likely,17,0,0.00000,0.01003,0.01003,True,,False,0.28959,0.69287,0.41796,1.64864,0.52195,2.77533,94.10612,0.00000,Rb+1;Cr+3;Ag+1;F-1;Br-1,3.78467,338.44876,,7.21806
Na2NbMnO3Cl3,unstable_likely,17,0,0.00000,0.00998,0.00998,True,,False,0.27011,0.78228,0.34529,1.83809,0.72372,2.95245,91.28755,0.06800,Na+1;Nb+5;Mn+2;O-2;Cl-1,4.15164,338.91173,,0.02226
Cs2AgGaF3Br3,unstable_likely,17,0,0.00000,0.00932,0.00932,True,,False,0.29504,0.66142,0.44607,1.55728,0.40102,2.71354,94.36551,0.00000,Cs+1;Ag+1;Ga+3;F-1;Br-1,3.67822,346.88660,,4.78332
Rb2AgGaF3Br3,unstable_likely,17,0,0.00000,0.00787,0.00787,True,,False,0.31464,0.69303,0.45400,1.45293,0.25515,2.65070,92.97346,0.00000,Rb+1;Ag+1;Ga+3;F-1;Br-1,3.78355,366.30666,,7.16075
Cs2GeBiSe3F3,unstable_likely,17,0,0.00000,0.00700,0.00700,True,,False,0.24866,0.88685,0.28038,1.99378,1.04242,2.94515,90.15452,0.00000,Cs+1;Ge+4;Bi+3;Se-2;F-1,3.86155,378.99147,,4.19257
K2MoInSe3F3,unstable_likely,17,0,0.00000,0.00595,0.00595,True,,False,0.25449,0.89470,0.28444,1.93886,0.64211,3.23560,88.27422,0.07300,K+1;Mo+4;In+3;Se-2;F-1,4.05395,401.19542,,0.20843
Cs2WBiO3I3,unstable_likely,17,0,0.00000,0.00527,0.00527,True,,False,0.26993,0.75586,0.35711,1.79372,0.64756,2.93988,91.26919,0.00000,Cs+1;W+4;Bi+3;O-2;I-1,3.91232,413.09255,,3.03256
Cs2NbCuO3Br3,unstable_likely,17,0,0.00000,0.00381,0.00381,True,,False,0.27534,0.74159,0.37129,1.77733,0.67363,2.88104,89.62790,0.00000,Cs+1;Nb+5;Cu+2;O-2;Br-1,4.17096,462.99063,,4.53281
K2MoSbO3Br3,unstable_likely,17,0,0.00000,0.00288,0.00288,True,,False,0.27126,0.85817,0.31609,1.87622,0.65037,3.10206,85.74631,0.07700,K+1;Mo+4;Sb+3;O-2;Br-1,4.13836,508.32576,,0.05343
Cs2SnInO3I3,unstable_likely,17,0,0.00000,0.00286,0.00286,True,,False,0.27503,0.94043,0.29245,1.93685,0.70486,3.16884,87.33132,0.00000,Cs+1;Sn+4;In+3;O-2;I-1,4.14231,509.54438,,3.62652
Rb2MoSbO3Br3,unstable_likely,17,0,0.00000,0.00281,0.00281,True,,False,0.28129,0.86812,0.32402,1.84151,0.58730,3.09572,92.76658,0.00000,Rb+1;Mo+4;Sb+3;O-2;Br-1,4.11845,513.63664,,6.37932
K2MoBiO3Br3,unstable_likely,17,0,0.00000,0.00252,0.00252,True,,False,0.28697,0.80762,0.35533,1.80570,0.67024,2.94117,86.72307,0.06400,K+1;Mo+4;Bi+3;O-2;Br-1,3.91814,535.43392,,0.04817
K2SnSbO3Br3,unstable_likely,17,0,0.00000,0.00112,0.00112,True,,False,0.28196,0.87338,0.32284,1.81765,0.49425,3.14106,85.56017,0.07700,K+1;Sn+4;Sb+3;O-2;Br-1,4.08843,703.36381,,0.03310
Cs2MnBiO3Se3,unstable_likely,17,0,0.00000,0.00000,0.07946,False,,False,0.39702,0.83610,0.47485,1.57246,0.52735,2.61756,78.55884,0.00000,Cs+1;Mn+7;Bi+3;O-2;Se-2,3.99466,164.81236,,3.96280
Rb2GeZnF6,stable_likely,18,18,0.00000,0.85136,0.85136,True,,False,0.00815,0.84757,0.00962,3.82265,2.64104,5.00426,60732.89673,0.00000,Rb+1;Ge+2;Zn+2;F-1,3.56195,-4.39598,,10.84407
Cs2SnGaO3F3,stable_likely,18,18,0.00000,0.77264,0.77264,True,,False,0.03883,0.94482,0.04110,3.35949,1.83757,4.88142,932.70228,0.00000,Cs+1;Sn+4;Ga+3;O-2;F-1,3.80613,17.57834,,5.91673
Rb2GeSbO3F3,stable_likely,18,18,0.00000,0.74717,0.74717,True,,False,0.03272,0.93206,0.03511,3.20098,1.96052,4.44144,597.65132,0.00000,Rb+1;Ge+4;Sb+3;O-2;F-1,3.83507,22.67567,,9.75973
Rb2GeInO3F3,stable_likely,18,18,0.00000,0.69884,0.69884,True,,False,0.04553,0.94153,0.04836,3.10955,1.76256,4.45655,459.15846,0.00000,Rb+1;Ge+4;In+3;O-2;F-1,3.77439,31.23160,,10.07130
Rb2SnGaO3F3,stable_likely,18,18,0.00000,0.67673,0.67673,True,,False,0.06432,0.94778,0.06786,3.08170,1.47186,4.69154,492.68343,0.00000,Rb+1;Sn+4;Ga+3;O-2;F-1,3.80391,34.75600,,9.45177
Cs2FeSbO3F3,stable_likely,18,18,0.00000,0.66826,0.66826,True,,False,0.06373,0.78986,0.08069,2.76203,1.49090,4.03315,347.30179,0.00000,Cs+1;Fe+2;Sb+5;O-2;F-1,3.69655,36.03224,,5.85517
Cs2CrWO3F3,stable_likely,18,18,0.00000,0.63287,0.63287,True,,False,0.08243,0.88066,0.09360,2.92709,1.06013,4.79405,474.98202,0.00000,Cs+1;Cr+3;W+4;O-2;F-1,3.86803,40.89778,,5.31652
Cs2TiMoO6,stable_likely,18,18,0.00000,0.61316,0.61316,True,,False,0.08152,0.90782,0.08980,2.79838,1.37693,4.21983,272.58688,0.00000,Cs+1;Ti+4;Mo+6;O-2,4.08803,43.50055,,6.38519
Rb2TiMoO6,stable_likely,18,18,0.00000,0.56325,0.56325,True,,False,0.08070,0.90023,0.08964,2.75402,1.41162,4.09643,252.95735,0.00000,Rb+1;Ti+4;Mo+6;O-2,4.06568,49.82067,,10.48994
Na2SnWO6,stable_likely,18,18,0.00000,0.55139,0.55139,True,,False,0.09307,0.83473,0.11150,2.63627,1.24792,4.02461,233.24094,0.02600,Na+1;Sn+4;W+6;O-2,3.97728,51.32689,,0.06253
Cs2MoInS3F3,unstable_likely,18,0,0.00000,0.47202,0.47202,True,,False,0.08834,0.96459,0.09158,2.78821,1.36879,4.20763,207.93086,0.00000,Cs+1;Mo+4;In+3;S-2;F-1,3.90761,60.95759,,5.25685
Na2WAgO3F3,unstable_likely,18,0,0.00000,0.40217,0.40217,True,,False,0.11158,0.87206,0.12795,2.53100,1.14886,3.91313,174.89519,0.02300,Na+1;W+6;Ag+1;O-2;F-1,3.99226,70.13791,,0.58007
Rb2WSbO3F3,unstable_likely,18,0,0.00000,0.36388,0.36388,True,,False,0.12200,0.85734,0.14230,2.51127,0.86034,4.16219,204.36451,0.00000,Rb+1;W+4;Sb+3;O-2;F-1,3.66044,75.72932,,7.40895
Cs2TaZnSe3F3,unstable_likely,18,0,0.00000,0.34257,0.34257,True,,False,0.12773,0.77097,0.16568,2.39720,0.73373,4.06067,206.92565,0.00000,Cs+1;Ta+5;Zn+2;Se-2;F-1,4.11684,78.93073,,4.15193
Rb2CrWO3F3,unstable_likely,18,0,0.00000,0.28265,0.28265,True,,False,0.14947,0.89486,0.16703,2.37105,0.63224,4.10986,170.93892,0.00000,Rb+1;Cr+3;W+4;O-2;F-1,3.85953,89.24385,,8.41284
Na2NbZnS3F3,unstable_likely,18,0,0.00000,0.26390,0.26390,True,,False,0.11940,0.81112,0.14720,2.45166,1.01938,3.88393,162.20620,0.02400,Na+1;Nb+5;Zn+2;S-2;F-1,4.17344,92.89873,,0.02797
Cs2FeAgF6,unstable_likely,18,0,0.00000,0.22399,0.22399,True,,False,0.15075,0.60668,0.24848,2.05521,0.84960,3.26082,189.04719,0.00000,Cs+1;Fe+3;Ag+1;F-1,3.31482,101.62305,,6.33950
Rb2SnTaS3F3,unstable_likely,18,0,0.00000,0.21996,0.21996,True,,False,0.12577,0.93018,0.13521,2.52541,0.99635,4.05446,150.48300,0.00000,Rb+1;Sn+4;Ta+3;S-2;F-1,3.98370,102.66710,,7.08906
Rb2GeMnF3Cl3,unstable_likely,18,0,0.00000,0.20680,0.20680,True,,False,0.13226,0.85490,0.15471,2.38289,1.09883,3.66696,156.08674,0.00000,Rb+1;Ge+2;Mn+2;F-1;Cl-1,3.80135,105.97299,,9.92996
Rb2MoBiO3F3,unstable_likely,18,0,0.00000,0.16923,0.16923,True,,False,0.14102,0.87613,0.16096,2.40794,0.82833,3.98755,149.67552,0.00000,Rb+1;Mo+4;Bi+3;O-2;F-1,3.48210,117.57453,,7.42607
K2MoBiO3F3,unstable_likely,18,0,0.00000,0.15168,0.15168,True,,False,0.14774,0.86997,0.16982,2.36722,0.78364,3.95079,145.39453,0.03300,K+1;Mo+4;Bi+3;O-2;F-1,3.54314,123.76269,,0.06143
K2GeMnF3Cl3,unstable_likely,18,0,0.00000,0.11683,0.11683,True,,False,0.12277,0.86479,0.14196,2.41915,1.19917,3.63912,137.79648,0.02200,K+1;Ge+2;Mn+2;F-1;Cl-1,3.84205,139.76804,,0.82055
Rb2GeSbS3F3,unstable_likely,18,0,0.00000,0.10291,0.10291,True,,False,0.12551,0.94003,0.13352,2.44875,1.28183,3.61568,131.46020,0.00000,Rb+1;Ge+4;Sb+3;S-2;F-1,4.17615,147.82510,,8.85606
Cs2WInO3Cl3,unstable_likely,18,0,0.00000,0.10164,0.10164,True,,False,0.14467,0.94020,0.15387,2.38886,1.09109,3.68663,131.42662,0.00000,Cs+1;W+4;In+3;O-2;Cl-1,3.92103,148.66959,,4.59750
K2WInS3F3,unstable_likely,18,0,0.00000,0.08543,0.08543,True,,False,0.14419,0.89443,0.16121,2.37281,1.00873,3.73688,129.30549,0.03000,K+1;W+4;In+3;S-2;F-1,3.94681,160.00345,,0.19529
K2TiBiS3F3,unstable_likely,18,0,0.00000,0.07382,0.07382,True,,False,0.16079,0.83265,0.19311,2.22968,0.64036,3.81901,139.49407,0.04300,K+1;Ti+4;Bi+3;S-2;F-1,3.82036,169.59456,,0.02406
K2ZrBiS3Cl3,unstable_likely,18,0,0.00000,0.06175,0.06175,True,,False,0.11688,0.89573,0.13049,2.41583,1.36169,3.46997,127.07863,0.02200,K+1;Zr+4;Bi+3;S-2;Cl-1,4.06916,182.39097,,0.02880
Cs2WSbO3Cl3,unstable_likely,18,0,0.00000,0.05959,0.05959,True,,False,0.15452,0.81763,0.18898,2.26534,0.95737,3.57331,134.38084,0.00000,Cs+1;W+4;Sb+3;O-2;Cl-1,3.97980,184.99918,,4.44794
K2TaCuS3F3,unstable_likely,18,0,0.00000,0.05745,0.05745,True,,False,0.17207,0.79509,0.21641,2.13559,0.68762,3.58355,122.01046,0.04300,K+1;Ta+5;Cu+2;S-2;F-1,4.05622,187.37518,,0.27534
Cs2MoWO6,unstable_likely,18,0,0.00000,0.05178,0.05178,True,,False,0.17590,0.61152,0.28764,1.72449,0.01456,3.43441,353.92156,0.00000,Cs+1;Mo+6;W+4;O-2,3.97138,194.75742,,5.05732
Cs2FeMnF3I3,unstable_likely,18,0,0.00000,0.05094,0.05094,True,,False,0.18267,0.53879,0.33904,1.66551,0.19493,3.13608,inf,0.00000,Cs+1;Fe+2;Mn+2;F-1;I-1,3.94596,196.02388,,4.02210
Rb2SnTaSe3F3,unstable_likely,18,0,0.00000,0.04021,0.04021,True,,False,0.18557,0.91493,0.20282,2.18691,0.63724,3.73658,114.13644,0.00000,Rb+1;Sn+4;Ta+3;Se-2;F-1,4.08299,214.05244,,5.80302
K2SnTaSe3F3,unstable_likely,18,0,0.00000,0.03318,0.03318,True,,False,0.19878,0.87392,0.22746,2.08127,0.53410,3.62845,104.71359,0.06100,K+1;Sn+4;Ta+3;Se-2;F-1,4.10290,228.72624,,0.22745
Cs2VFeO3Cl3,unstable_likely,18,0,0.00000,0.02625,0.02625,True,,False,0.24495,0.84809,0.28883,1.90804,0.52884,3.28724,98.70051,0.00000,Cs+1;V+5;Fe+2;O-2;Cl-1,4.15299,247.23702,,6.09909
K2MnBiSe3F3,unstable_likely,18,0,0.00000,0.01488,0.01488,True,,False,0.26584,0.64135,0.41450,1.14988,-0.21767,2.51743,109.16253,0.10200,K+1;Mn+4;Bi+3;Se-2;F-1,3.95103,295.53936,,0.03960
Rb2ZrBiSe3F3,unstable_likely,18,0,0.00000,0.01487,0.01487,True,,False,0.22484,0.86799,0.25903,1.98282,0.52151,3.44414,97.45095,0.00000,Rb+1;Zr+4;Bi+3;Se-2;F-1,3.79991,295.70809,,5.63979
Rb2NbFeO3Cl3,unstable_likely,18,0,0.00000,0.01132,0.01132,True,,False,0.23108,0.84190,0.27448,1.99349,0.84920,3.13778,95.19529,0.00000,Rb+1;Nb+5;Fe+2;O-2;Cl-1,3.99846,325.48179,,9.05711
K2NbCuO3Cl3,unstable_likely,18,0,0.00000,0.01081,0.01081,True,,False,0.26867,0.59542,0.45122,1.15821,-0.05854,2.37497,275.30452,0.09600,K+1;Nb+5;Cu+2;O-2;Cl-1,4.08542,330.60560,,0.03195
Rb2FeZnF3Br3,unstable_likely,18,0,0.00000,0.01076,0.01076,True,,False,0.25558,0.64141,0.39846,1.71701,0.61413,2.81989,102.15732,0.00000,Rb+1;Fe+2;Zn+2;F-1;Br-1,3.93537,330.87137,,7.28487
K2FeZnF3Br3,unstable_likely,18,0,0.00000,0.01061,0.01061,True,,False,0.26806,0.63735,0.42058,1.66174,0.56002,2.76346,102.52553,0.07900,K+1;Fe+2;Zn+2;F-1;Br-1,3.97009,332.38190,,0.01328
K2AgGaF3I3,unstable_likely,18,0,0.00000,0.00949,0.00949,True,,False,0.29219,0.60873,0.48000,1.16643,0.03809,2.29477,106.17733,0.08000,K+1;Ag+1;Ga+3;F-1;I-1,3.99843,344.07381,,0.58048
Cs2WSbSe3F3,unstable_likely,18,0,0.00000,0.00933,0.00933,True,,False,0.25451,0.81322,0.31296,1.84090,0.50271,3.17908,92.99950,0.00000,Cs+1;W+4;Sb+3;Se-2;F-1,4.05022,346.65214,,3.74944
K2CrAgF3Br3,unstable_likely,18,0,0.00000,0.00929,0.00929,True,,False,0.26079,0.64331,0.40538,1.67374,0.53164,2.81584,100.52336,0.07000,K+1;Cr+3;Ag+1;F-1;Br-1,3.86286,347.53279,,0.45990
Cs2AgGaF3I3,unstable_likely,18,0,0.00000,0.00878,0.00878,True,,False,0.28793,0.63150,0.45594,1.49937,0.33430,2.66444,103.52496,0.00000,Cs+1;Ag+1;Ga+3;F-1;I-1,3.81381,353.93982,,4.09235
Rb2MoInSe3F3,unstable_likely,18,0,0.00000,0.00796,0.00796,True,,False,0.26177,0.94325,0.27752,1.97262,0.70697,3.23827,91.68062,0.00000,Rb+1;Mo+4;In+3;Se-2;F-1,4.02890,365.01624,,6.52032
Rb2MnBiO3I3,unstable_likely,18,0,0.00000,0.00713,0.00713,True,,False,0.29329,0.64065,0.45780,1.41735,0.21267,2.62203,98.24176,0.00000,Rb+1;Mn+4;Bi+3;O-2;I-1,4.09622,376.54144,,5.04952
K2MnBiO3I3,unstable_likely,18,0,0.00000,0.00634,0.00634,True,,False,0.28551,0.64298,0.44404,1.41394,0.16080,2.66708,94.16582,0.08600,K+1;Mn+4;Bi+3;O-2;I-1,4.13692,391.84013,,0.10009
K2AgGaF3Br3,unstable_likely,18,0,0.00000,0.00502,0.00502,True,,False,0.30018,0.63909,0.46970,1.30079,0.08776,2.51381,101.98706,0.08300,K+1;Ag+1;Ga+3;F-1;Br-1,3.86284,420.66736,,0.60981
Rb2MoBiO3I3,unstable_likely,18,0,0.00000,0.00344,0.00344,True,,False,0.26957,0.80066,0.33668,1.86549,0.77052,2.96046,93.76217,0.00000,Rb+1;Mo+4;Bi+3;O-2;I-1,3.99996,478.99291,,4.84364
K2MoBiO3I3,unstable_likely,18,0,0.00000,0.00276,0.00276,True,,False,0.26997,0.80004,0.33744,1.83888,0.67955,2.99822,87.53983,0.07900,K+1;Mo+4;Bi+3;O-2;I-1,4.06100,515.56255,,0.12066
Rb2SnSbO3Br3,unstable_likely,18,0,0.00000,0.00123,0.00123,True,,False,0.27871,0.91776,0.30368,1.87863,0.54898,3.20828,90.60978,0.00000,Rb+1;Sn+4;Sb+3;O-2;Br-1,4.06338,685.80468,,6.15565
Rb2FeZnCl6,stable_likely,18,0,0.00000,0.00000,0.62966,True,73.30196,True,0.39701,0.69460,0.57157,1.36642,0.42939,2.30346,82.72324,0.00000,Rb+1;Fe+2;Zn+2;Cl-1,4.15247,41.32788,,8.49144
K2CrAgO3I3,unstable_likely,18,0,0.00000,0.00000,0.01526,False,,False,0.38179,0.78709,0.48506,1.54495,0.50347,2.58644,82.45865,0.09500,K+1;Cr+6;Ag+1;O-2;I-1,4.11302,292.96247,,0.46683
Rb2CrAgO3Br3,unstable_likely,18,0,0.00000,0.00000,0.13609,False,,False,0.37935,0.82681,0.45881,1.59167,0.52300,2.66033,80.22067,0.00000,Rb+1;Cr+6;Ag+1;O-2;Br-1,3.91665,130.28465,,7.32255
K2GeCuF3Cl3,stable_likely,18,0,0.00000,0.00000,0.90912,True,102.24936,True,0.37343,0.67838,0.55047,1.18619,0.26236,2.11002,80.03089,0.10800,K+1;Ge+2;Cu+2;F-1;Cl-1,3.92627,-34.03158,,0.80748
Cs2CrAgO3I3,unstable_likely,18,0,0.00000,0.00000,0.01665,False,,False,0.36026,0.83562,0.43113,1.69356,0.68541,2.70171,79.98977,0.00000,Cs+1;Cr+6;Ag+1;O-2;I-1,4.01171,284.56930,,4.11351
Rb2MnInO6,stable_likely,18,0,0.00000,0.00000,0.98591,False,,False,0.34476,0.86303,0.39948,1.64662,0.43825,2.85498,79.77640,0.00000,Rb+1;Mn+7;In+3;O-2,3.94053,-228.65202,,10.00211
Cs2GeSbO3F3,stable_likely,19,19,0.00000,0.76756,0.76756,True,,False,0.01899,0.93364,0.02034,3.53396,2.23082,4.83709,1511.93386,0.00000,Cs+1;Ge+4;Sb+3;O-2;F-1,3.84089,18.66886,,6.21032
Na2GeZnF6,stable_likely,19,19,0.00000,0.73756,0.73756,True,,False,0.01977,0.87079,0.02270,3.26880,2.14402,4.39357,768.12965,0.00300,Na+1;Ge+2;Zn+2;F-1,3.77749,24.43139,,1.00925
Na2ZrSbS3F3,stable_likely,19,19,0.00000,0.64561,0.64561,True,,False,0.04982,0.91103,0.05469,3.01266,1.71199,4.31333,415.99458,0.00800,Na+1;Zr+4;Sb+3;S-2;F-1,4.12151,39.15359,,0.03204
K2WInO3F3,stable_likely,19,19,0.00000,0.61104,0.61104,True,,False,0.06489,0.92072,0.07048,3.05182,1.44302,4.66062,463.33291,0.02100,K+1;W+4;In+3;O-2;F-1,3.64544,43.77847,,0.21106
Cs2ZrSbS3F3,stable_likely,19,19,0.00000,0.54761,0.54761,True,,False,0.08332,0.91744,0.09082,2.86370,1.21690,4.51049,326.98098,0.00000,Cs+1;Zr+4;Sb+3;S-2;F-1,3.86669,51.76111,,5.09349
Rb2SnVO3F3,unstable_likely,19,0,0.00000,0.43026,0.43026,True,,False,0.08662,0.91394,0.09478,2.84639,1.18128,4.51150,293.13002,0.00000,Rb+1;Sn+4;V+3;O-2;F-1,3.77439,66.35773,,9.65988
Rb2TiFeO3F3,unstable_likely,19,0,0.00000,0.34770,0.34770,True,,False,0.09467,0.85423,0.11082,2.62143,1.27747,3.96538,212.01288,0.00000,Rb+1;Ti+4;Fe+3;O-2;F-1,3.90249,78.18994,,11.29452
Cs2WBiO3F3,unstable_likely,19,0,0.00000,0.34593,0.34593,True,,False,0.09774,0.76996,0.12694,2.60186,0.94581,4.25790,299.43945,0.00000,Cs+1;W+4;Bi+3;O-2;F-1,3.39753,78.43731,,4.22913
Rb2WBiO3F3,unstable_likely,19,0,0.00000,0.32937,0.32937,True,,False,0.11297,0.78229,0.14441,2.47601,0.97064,3.98138,213.79683,0.00000,Rb+1;W+4;Bi+3;O-2;F-1,3.47929,81.02775,,6.44434
Na2FeZnF6,unstable_likely,19,0,0.00000,0.32512,0.32512,True,,False,0.07990,0.68010,0.11749,2.46469,1.40449,3.52489,204.04512,0.01100,Na+1;Fe+2;Zn+2;F-1,3.77936,81.76194,,0.00609
Cs2FeCuF6,unstable_likely,19,0,0.00000,0.26295,0.26295,True,,False,0.11663,0.60877,0.19159,2.24480,1.03535,3.45426,247.23694,0.00000,Cs+1;Fe+3;Cu+1;F-1,3.59885,93.10736,,6.42912
K2NbZnS3F3,unstable_likely,19,0,0.00000,0.23485,0.23485,True,,False,0.11606,0.81226,0.14289,2.50473,0.87891,4.13056,230.41736,0.02600,K+1;Nb+5;Zn+2;S-2;F-1,4.04245,99.15907,,0.03220
K2WSbO3F3,unstable_likely,19,0,0.00000,0.22768,0.22768,True,,False,0.10511,0.86060,0.12213,2.61276,1.04533,4.18018,189.31109,0.02600,K+1;W+4;Sb+3;O-2;F-1,3.68161,100.79081,,0.05130
K2MoSbO3F3,unstable_likely,19,0,0.00000,0.20819,0.20819,True,,False,0.11395,0.88647,0.12854,2.59971,0.92550,4.27392,225.03517,0.02100,K+1;Mo+4;Sb+3;O-2;F-1,3.69155,105.64887,,0.07197
Rb2NbTaO6,unstable_likely,19,0,0.00000,0.20148,0.20148,True,,False,0.11084,0.85607,0.12947,2.50471,1.18426,3.82515,164.89912,0.00000,Rb+1;Nb+5;Ta+5;O-2,3.90596,107.46649,,8.16725
K2SnTaS3F3,unstable_likely,19,0,0.00000,0.19644,0.19644,True,,False,0.11813,0.89898,0.13141,2.53996,1.03715,4.04277,168.13065,0.02800,K+1;Sn+4;Ta+3;S-2;F-1,4.00361,108.97910,,0.26099
Cs2TiBiS3F3,unstable_likely,19,0,0.00000,0.19066,0.19066,True,,False,0.11927,0.86688,0.13758,2.53477,0.88622,4.18333,203.86749,0.00000,Cs+1;Ti+4;Bi+3;S-2;F-1,3.70032,110.75499,,4.75699
Cs2NbTaO6,unstable_likely,19,0,0.00000,0.15049,0.15049,True,,False,0.12020,0.85328,0.14087,2.47855,1.04031,3.91678,178.86731,0.00000,Cs+1;Nb+5;Ta+5;O-2,3.91357,124.20107,,5.24894
Rb2MoInO3Cl3,unstable_likely,19,0,0.00000,0.14848,0.14848,True,,False,0.11406,0.93582,0.12188,2.55609,1.24322,3.86897,153.22821,0.00000,Rb+1;Mo+4;In+3;O-2;Cl-1,3.95994,125.09527,,8.18722
Rb2TiBiS3F3,unstable_likely,19,0,0.00000,0.13841,0.13841,True,,False,0.13708,0.85035,0.16121,2.39724,0.87746,3.91702,158.43591,0.00000,Rb+1;Ti+4;Bi+3;S-2;F-1,3.76741,129.25437,,7.39310
Rb2WInO3Cl3,unstable_likely,19,0,0.00000,0.13016,0.13016,True,,False,0.12099,0.92542,0.13074,2.49261,1.20883,3.77638,154.57381,0.00000,Rb+1;W+4;In+3;O-2;Cl-1,3.94783,133.07867,,7.02778
K2MoInO3Cl3,unstable_likely,19,0,0.00000,0.08958,0.08958,True,,False,0.11480,0.88610,0.12956,2.50200,1.20279,3.80121,152.40413,0.02800,K+1;Mo+4;In+3;O-2;Cl-1,3.98499,156.79312,,0.23758
Cs2WBiS3F3,unstable_likely,19,0,0.00000,0.08179,0.08179,True,,False,0.14575,0.75076,0.19413,2.24106,0.88968,3.59245,145.68211,0.00000,Cs+1;W+4;Bi+3;S-2;F-1,3.65788,162.76873,,3.98028
Rb2GeZnF3I3,unstable_likely,19,0,0.00000,0.07444,0.07444,True,,False,0.08677,0.88548,0.09799,2.50039,1.53962,3.46117,141.10048,0.00000,Rb+1;Ge+2;Zn+2;F-1;I-1,4.15378,169.04132,,6.23380
Rb2TiCrO3F3,unstable_likely,19,0,0.00000,0.06711,0.06711,True,,False,0.14950,0.85818,0.17421,2.34158,0.84889,3.83427,149.06669,0.00000,Rb+1;Ti+4;Cr+3;O-2;F-1,3.95777,176.51231,,11.41356
Na2GeCrO3F3,unstable_likely,19,0,0.00000,0.05630,0.05630,True,,False,0.13787,0.87629,0.15733,2.38595,1.03592,3.73599,130.37404,0.02700,Na+1;Ge+4;Cr+3;O-2;F-1,4.12139,189.07862,,1.09275
Rb2NbFeO3F3,unstable_likely,19,0,0.00000,0.05392,0.05392,True,,False,0.16024,0.83857,0.19109,2.23445,0.60615,3.86274,146.88264,0.00000,Rb+1;Nb+5;Fe+2;O-2;F-1,3.66044,191.77243,,10.11026
K2WInO3Cl3,unstable_likely,19,0,0.00000,0.05293,0.05293,True,,False,0.13824,0.85173,0.16231,2.36397,1.03026,3.69768,138.43730,0.03000,K+1;W+4;In+3;O-2;Cl-1,3.97421,193.10652,,0.19115
K2WBiS3F3,unstable_likely,19,0,0.00000,0.04816,0.04816,True,,False,0.16416,0.76185,0.21548,2.15224,0.84832,3.45615,124.38348,0.04300,K+1;W+4;Bi+3;S-2;F-1,3.80258,200.23970,,0.04489
Cs2WSbS3F3,unstable_likely,19,0,0.00000,0.03730,0.03730,True,,False,0.18552,0.85528,0.21691,2.14040,0.73372,3.54708,117.32220,0.00000,Cs+1;W+4;Sb+3;S-2;F-1,3.95163,219.72878,,4.45782
K2ZrCrO3F3,unstable_likely,19,0,0.00000,0.03025,0.03025,True,,False,0.17422,0.86044,0.20248,2.20170,0.84057,3.56284,109.54508,0.04100,K+1;Zr+4;Cr+3;O-2;F-1,3.77817,235.83885,,0.03316
Na2SnSbO3Cl3,unstable_likely,19,0,0.00000,0.02992,0.02992,True,,False,0.19808,0.84662,0.23396,2.07201,0.62537,3.51864,107.60395,0.05700,Na+1;Sn+4;Sb+3;O-2;Cl-1,4.15937,236.74391,,0.03410
Cs2FeSbO3Cl3,unstable_likely,19,0,0.00000,0.02429,0.02429,True,,False,0.23123,0.78634,0.29406,1.92163,0.66536,3.17790,102.29970,0.00000,Cs+1;Fe+2;Sb+5;O-2;Cl-1,4.04438,252.48776,,5.37139
Cs2WBiSe3F3,unstable_likely,19,0,0.00000,0.01977,0.01977,True,,False,0.22619,0.74111,0.30520,1.87493,0.54952,3.20033,101.96567,0.00000,Cs+1;W+4;Bi+3;Se-2;F-1,3.74072,268.96735,,3.40729
Rb2TaCuSe3F3,unstable_likely,19,0,0.00000,0.01963,0.01963,True,,False,0.23571,0.75012,0.31423,1.79391,0.37318,3.21463,105.86306,0.00000,Rb+1;Ta+5;Cu+2;Se-2;F-1,4.14339,269.64946,,6.24367
Cs2ZrSbSe3F3,unstable_likely,19,0,0.00000,0.01904,0.01904,True,,False,0.22390,0.90970,0.24612,1.99497,0.39136,3.59859,100.19654,0.00000,Cs+1;Zr+4;Sb+3;Se-2;F-1,3.96129,271.82287,,4.18445
K2TaCuSe3F3,unstable_likely,19,0,0.00000,0.01723,0.01723,True,,False,0.23994,0.71570,0.33525,1.67754,0.20222,3.15287,101.99192,0.06900,K+1;Ta+5;Cu+2;Se-2;F-1,4.15841,281.18421,,0.23553
Rb2WFeO3Cl3,unstable_likely,19,0,0.00000,0.01581,0.01581,True,,False,0.22495,0.80765,0.27853,1.93652,0.56628,3.30676,101.43989,0.00000,Rb+1;W+4;Fe+3;O-2;Cl-1,4.17936,289.07961,,7.61796
K2WInSe3F3,unstable_likely,19,0,0.00000,0.01389,0.01389,True,,False,0.21355,0.86029,0.24823,2.05054,0.77038,3.33071,97.62967,0.04500,K+1;W+4;In+3;Se-2;F-1,4.04271,302.07284,,0.17549
Na2NbCuO3F3,unstable_likely,19,0,0.00000,0.01164,0.01164,True,,False,0.25874,0.63456,0.40775,1.30619,-0.12088,2.73326,116.49618,0.08700,Na+1;Nb+5;Cu+2;O-2;F-1,3.86026,322.23256,,0.03264
K2SnSbO3Cl3,unstable_likely,19,0,0.00000,0.01110,0.01110,True,,False,0.23042,0.85958,0.26806,1.94709,0.48038,3.41381,96.69281,0.07600,K+1;Sn+4;Sb+3;O-2;Cl-1,3.98499,328.13549,,0.03717
Rb2SnSbO3Cl3,unstable_likely,19,0,0.00000,0.00969,0.00969,True,,False,0.23193,0.90570,0.25608,1.98935,0.50284,3.47585,101.76517,0.00000,Rb+1;Sn+4;Sb+3;O-2;Cl-1,3.95994,342.00531,,7.60217
Cs2SnSbO3Cl3,unstable_likely,19,0,0.00000,0.00943,0.00943,True,,False,0.23714,0.92575,0.25616,1.99943,0.56814,3.43073,101.12432,0.00000,Cs+1;Sn+4;Sb+3;O-2;Cl-1,3.93520,345.14383,,4.87535
K2AgInF3Br3,unstable_likely,19,0,0.00000,0.00930,0.00930,True,,False,0.28276,0.61709,0.45822,1.15888,-0.03657,2.35432,118.25666,0.07900,K+1;Ag+1;In+3;F-1;Br-1,3.92181,347.31910,,0.54500
K2SnInO3Cl3,unstable_likely,19,0,0.00000,0.00693,0.00693,True,,False,0.21678,0.88597,0.24468,2.01616,0.46156,3.57077,96.33560,0.05300,K+1;Sn+4;In+3;O-2;Cl-1,3.94417,380.26116,,0.20213
Rb2MnBiO3Br3,unstable_likely,19,0,0.00000,0.00672,0.00672,True,,False,0.26878,0.61417,0.43763,1.42010,0.14416,2.69603,113.09966,0.00000,Rb+1;Mn+4;Bi+3;O-2;Br-1,3.94237,383.48522,,5.94404
Cs2MnBiO3Br3,unstable_likely,19,0,0.00000,0.00610,0.00610,True,,False,0.27087,0.63688,0.42530,1.49893,0.23564,2.76222,118.17583,0.00000,Cs+1;Mn+4;Bi+3;O-2;Br-1,3.89360,397.84064,,3.93273
K2NbMnO3Br3,unstable_likely,19,0,0.00000,0.00607,0.00607,True,,False,0.23098,0.81497,0.28342,1.97808,0.88221,3.07396,95.36279,0.05100,K+1;Nb+5;Mn+2;O-2;Br-1,4.06586,398.80275,,0.02489
Rb2WBiO3I3,unstable_likely,19,0,0.00000,0.00595,0.00595,True,,False,0.23953,0.72899,0.32858,1.87876,0.77386,2.98366,95.00040,0.00000,Rb+1;W+4;Bi+3;O-2;I-1,3.99409,401.13949,,4.41084
K2MnBiO3Br3,unstable_likely,19,0,0.00000,0.00587,0.00587,True,,False,0.29195,0.63868,0.45712,1.30948,0.05648,2.56248,104.62555,0.09800,K+1;Mn+4;Bi+3;O-2;Br-1,3.98308,403.13391,,0.01828
Rb2NbFeO3Br3,unstable_likely,19,0,0.00000,0.00474,0.00474,True,,False,0.24970,0.85283,0.29279,1.95700,0.86082,3.05317,92.35640,0.00000,Rb+1;Nb+5;Fe+2;O-2;Br-1,4.10410,428.28354,,7.07273
Cs2MnSbO3Br3,unstable_likely,19,0,0.00000,0.00468,0.00468,True,,False,0.26184,0.73690,0.35533,1.76022,0.53967,2.98077,95.67544,0.00000,Cs+1;Mn+2;Sb+5;O-2;Br-1,4.06947,430.48958,,4.40092
Rb2NbCuO3Br3,unstable_likely,19,0,0.00000,0.00458,0.00458,True,,False,0.25534,0.72654,0.35145,1.80188,0.63169,2.97207,95.24074,0.00000,Rb+1;Nb+5;Cu+2;O-2;Br-1,4.17989,434.73218,,6.98808
Cs2FeSbO3Br3,unstable_likely,19,0,0.00000,0.00453,0.00453,True,,False,0.26975,0.78449,0.34386,1.80575,0.59907,3.01243,95.28152,0.00000,Cs+1;Fe+2;Sb+5;O-2;Br-1,4.15307,436.92824,,4.39509
Cs2MoBiO3Br3,unstable_likely,19,0,0.00000,0.00267,0.00267,True,,False,0.26482,0.82655,0.32039,1.88593,0.73296,3.03890,89.87835,0.00000,Cs+1;Mo+4;Bi+3;O-2;Br-1,3.77809,523.00279,,3.76913
K2SnBiO3Br3,unstable_likely,19,0,0.00000,0.00097,0.00097,True,,False,0.25365,0.77613,0.32681,1.84398,0.61866,3.06930,89.32968,0.07300,K+1;Sn+4;Bi+3;O-2;Br-1,3.90766,733.57611,,0.03057
Cs2AgGaCl6,known_mp,19,0,0.00000,0.00000,0.00000,True,,False,0.38137,0.65847,0.57917,1.41033,0.49924,2.32141,83.99695,0.00000,Cs+1;Ag+1;Ga+3;Cl-1,3.86466,134.28188,68.19705,5.39159
K2CrAgO3Br3,unstable_likely,19,0,0.00000,0.00000,0.15277,False,,False,0.35283,0.79398,0.44438,1.61629,0.52702,2.70557,81.41462,0.07200,K+1;Cr+6;Ag+1;O-2;Br-1,3.96208,123.40006,,0.46718
K2MnInO6,stable_likely,19,0,0.00000,0.00000,0.98799,False,,False,0.34041,0.81494,0.41771,1.62565,0.45645,2.79484,80.68353,0.08500,K+1;Mn+7;In+3;O-2,3.94313,-254.80649,,0.24527
Rb2BiAgF3Cl3,stable_likely,19,0,0.00000,0.00000,0.85304,True,92.39643,True,0.33499,0.91009,0.36808,1.84443,0.90517,2.78369,80.22404,0.00000,Rb+1;Bi+3;Ag+1;F-1;Cl-1,3.89974,-5.08927,,6.95881
Rb2SbAgF6,known_mp,19,0,0.00000,0.00000,0.00000,True,,False,0.29844,0.92979,0.32098,1.93009,1.18649,2.67369,80.17583,0.00000,Rb+1;Sb+3;Ag+1;F-1,3.45376,164.98371,78.02773,8.80407
K2GeZnF6,stable_likely,20,20,0.00000,0.74796,0.74796,True,,False,0.01129,0.86854,0.01300,3.54527,2.41635,4.67418,2078.71988,0.00000,K+1;Ge+2;Zn+2;F-1,3.58967,22.49059,,0.91851
Rb2MoGaO3F3,stable_likely,20,20,0.00000,0.61971,0.61971,True,,False,0.04602,0.97025,0.04743,3.39056,1.66705,5.11407,1185.42435,0.00000,Rb+1;Mo+4;Ga+3;O-2;F-1,3.86791,42.67796,,9.96430
Cs2SnGaS3F3,stable_likely,20,20,0.00000,0.60479,0.60479,True,,False,0.03506,0.95722,0.03663,3.38552,1.91871,4.85233,914.38869,0.00000,Cs+1;Sn+4;Ga+3;S-2;F-1,4.14201,44.59537,,5.45025
K2MoInO3F3,stable_likely,20,20,0.00000,0.60089,0.60089,True,,False,0.05532,0.93092,0.05942,3.16922,1.54563,4.79282,515.08950,0.01200,K+1;Mo+4;In+3;O-2;F-1,3.65395,45.11380,,0.26775
Cs2SnInS3F3,stable_likely,20,20,0.00000,0.51959,0.51959,True,,False,0.07600,0.95590,0.07951,2.95501,1.38814,4.52188,355.36415,0.00000,Cs+1;Sn+4;In+3;S-2;F-1,3.85372,55.06741,,5.05638
Na2SnInO3F3,unstable_likely,20,0,0.00000,0.40572,0.40572,True,,False,0.07987,0.91601,0.08719,2.93532,1.18888,4.68175,392.58732,0.02500,Na+1;Sn+4;In+3;O-2;F-1,3.82379,69.65387,,0.23879
Rb2FeZnF6,unstable_likely,20,0,0.00000,0.40514,0.40514,True,,False,0.05890,0.62650,0.09402,2.51720,1.55469,3.47971,303.77172,0.00000,Rb+1;Fe+2;Zn+2;F-1,3.52089,69.74100,,10.55617
K2SnGaO3F3,unstable_likely,20,0,0.00000,0.37732,0.37732,True,,False,0.07765,0.92933,0.08356,2.91148,1.35424,4.46872,337.05235,0.01600,K+1;Sn+4;Ga+3;O-2;F-1,3.81198,73.68644,,0.28416
Na2WInO3F3,unstable_likely,20,0,0.00000,0.36083,0.36083,True,,False,0.06716,0.94056,0.07140,2.90768,1.51611,4.29925,322.08555,0.01500,Na+1;W+4;In+3;O-2;F-1,3.82649,76.18922,,0.22052
K2SnGaS3F3,unstable_likely,20,0,0.00000,0.34689,0.34689,True,,False,0.06737,0.93147,0.07233,2.93980,1.48716,4.39243,331.16992,0.01100,K+1;Sn+4;Ga+3;S-2;F-1,4.14786,78.30856,,0.25585
Na2WBiO3F3,unstable_likely,20,0,0.00000,0.33699,0.33699,True,,False,0.09144,0.81579,0.11209,2.66304,1.18225,4.14383,255.10486,0.02600,Na+1;W+4;Bi+3;O-2;F-1,3.92038,79.82252,,0.04351
K2SnVO3F3,unstable_likely,20,0,0.00000,0.29578,0.29578,True,,False,0.09992,0.90226,0.11074,2.70313,1.10048,4.30578,240.22874,0.02600,K+1;Sn+4;V+3;O-2;F-1,3.78473,86.88231,,0.05898
K2MnZnF6,unstable_likely,20,0,0.00000,0.25892,0.25892,True,,False,0.10329,0.63180,0.16349,2.34589,1.06255,3.62924,257.27517,0.02100,K+1;Mn+2;Zn+2;F-1,3.52986,93.93517,,0.01451
Cs2FeZnF3Cl3,unstable_likely,20,0,0.00000,0.25515,0.25515,True,,False,0.09834,0.63777,0.15420,2.36040,1.17051,3.55029,238.51342,0.00000,Cs+1;Fe+2;Zn+2;F-1;Cl-1,3.79700,94.71782,,5.82713
Na2MnZnF6,unstable_likely,20,0,0.00000,0.17570,0.17570,True,,False,0.11023,0.64721,0.17032,2.32707,1.02974,3.62439,240.79565,0.03200,Na+1;Mn+2;Zn+2;F-1,3.79328,115.48132,,0.00708
Cs2MoInO3Cl3,unstable_likely,20,0,0.00000,0.16866,0.16866,True,,False,0.07089,0.95013,0.07461,2.82994,1.53008,4.12979,234.34195,0.00000,Cs+1;Mo+4;In+3;O-2;Cl-1,3.93520,117.72618,,5.24400
K2MoInS3F3,unstable_likely,20,0,0.00000,0.16273,0.16273,True,,False,0.10387,0.92044,0.11285,2.59387,1.28948,3.89826,175.64089,0.02100,K+1;Mo+4;In+3;S-2;F-1,3.95740,119.73896,,0.24266
Rb2VZnO3F3,unstable_likely,20,0,0.00000,0.14221,0.14221,True,,False,0.10643,0.85840,0.12399,2.62275,0.96870,4.27681,233.77720,0.00000,Rb+1;V+5;Zn+2;O-2;F-1,3.85127,127.64532,,10.94842
Cs2GeMnF3Cl3,unstable_likely,20,0,0.00000,0.13838,0.13838,True,,False,0.12997,0.84520,0.15378,2.44261,0.82457,4.06065,176.75376,0.00000,Cs+1;Ge+2;Mn+2;F-1;Cl-1,3.75258,129.26821,,6.29760
K2VZnO3F3,unstable_likely,20,0,0.00000,0.13782,0.13782,True,,False,0.11264,0.84679,0.13302,2.50490,1.10380,3.90601,170.69870,0.02400,K+1;V+5;Zn+2;O-2;F-1,3.85603,129.58225,,0.03805
K2ZrMoO6,unstable_likely,20,0,0.00000,0.12900,0.12900,True,,False,0.11670,0.90253,0.12930,2.50685,1.20449,3.80921,164.15516,0.02200,K+1;Zr+4;Mo+6;O-2,3.86542,133.68395,,0.08392
Na2MoInO3Cl3,unstable_likely,20,0,0.00000,0.11665,0.11665,True,,False,0.09968,0.88326,0.11285,2.56773,1.33832,3.79715,163.09266,0.01800,Na+1;Mo+4;In+3;O-2;Cl-1,4.15937,139.83841,,0.24999
K2GeCrO3F3,unstable_likely,20,0,0.00000,0.09379,0.09379,True,,False,0.11213,0.84028,0.13344,2.49710,1.12949,3.86472,160.02331,0.02500,K+1;Ge+4;Cr+3;O-2;F-1,4.10618,153.94121,,0.98666
K2GeBiS3F3,unstable_likely,20,0,0.00000,0.07537,0.07537,True,,False,0.11194,0.80917,0.13834,2.46458,1.13088,3.79828,155.27710,0.03100,K+1;Ge+4;Bi+3;S-2;F-1,3.86128,168.16598,,0.60386
Na2GeVO3F3,unstable_likely,20,0,0.00000,0.07454,0.07454,True,,False,0.11620,0.90629,0.12821,2.54198,1.12204,3.96193,163.39939,0.01500,Na+1;Ge+4;V+3;O-2;F-1,4.07881,168.95924,,1.11948
Na2MoSbS3F3,unstable_likely,20,0,0.00000,0.07231,0.07231,True,,False,0.11724,0.90846,0.12905,2.49429,1.25540,3.73318,146.53445,0.02500,Na+1;Mo+4;Sb+3;S-2;F-1,4.15255,171.23060,,0.06744
Rb2WBiO3Cl3,unstable_likely,20,0,0.00000,0.06986,0.06986,True,,False,0.12971,0.72019,0.18011,2.28538,1.03662,3.53415,157.58850,0.00000,Rb+1;W+4;Bi+3;O-2;Cl-1,3.76332,173.66935,,6.00114
Rb2WSbO3Cl3,unstable_likely,20,0,0.00000,0.06894,0.06894,True,,False,0.13919,0.80840,0.17218,2.32950,0.97793,3.68107,154.48347,0.00000,Rb+1;W+4;Sb+3;O-2;Cl-1,3.99846,174.51164,,6.82899
Na2WInS3F3,unstable_likely,20,0,0.00000,0.06287,0.06287,True,,False,0.12213,0.89648,0.13623,2.48122,1.11802,3.84442,154.42989,0.02100,Na+1;W+4;In+3;S-2;F-1,4.12786,181.20168,,0.20281
K2WBiO3Cl3,unstable_likely,20,0,0.00000,0.06192,0.06192,True,,False,0.14055,0.73912,0.19016,2.26108,0.94234,3.57982,148.63042,0.02400,K+1;W+4;Bi+3;O-2;Cl-1,3.82624,182.20621,,0.04166
Rb2ZrBiS3Cl3,unstable_likely,20,0,0.00000,0.05178,0.05178,True,,False,0.10397,0.90779,0.11453,2.47356,1.41846,3.52867,138.11721,0.00000,Rb+1;Zr+4;Bi+3;S-2;Cl-1,3.99420,194.75504,,6.38298
Na2MoBiS3F3,unstable_likely,20,0,0.00000,0.04688,0.04688,True,,False,0.14925,0.88062,0.16948,2.33389,1.02151,3.64627,129.08654,0.03300,Na+1;Mo+4;Bi+3;S-2;F-1,4.17240,202.28906,,0.05802
Na2FeMnF3Cl3,unstable_likely,20,0,0.00000,0.04418,0.04418,True,,False,0.16336,0.53869,0.30326,1.87837,0.54084,3.21589,inf,0.03500,Na+1;Fe+2;Mn+2;F-1;Cl-1,4.11152,206.74650,,0.00398
Rb2FeMnF3Cl3,unstable_likely,20,0,0.00000,0.02979,0.02979,True,,False,0.16983,0.57181,0.29701,1.88757,0.52046,3.25467,324.11055,0.00000,Rb+1;Fe+2;Mn+2;F-1;Cl-1,3.76451,237.09391,,9.63273
Cs2MoSbS3F3,unstable_likely,20,0,0.00000,0.02971,0.02971,True,,False,0.19490,0.91853,0.21219,2.16894,0.90386,3.43403,110.16346,0.00000,Cs+1;Mo+4;Sb+3;S-2;F-1,3.96701,237.26954,,5.07918
K2SnBiS3Cl3,unstable_likely,20,0,0.00000,0.02966,0.02966,True,,False,0.13791,0.86732,0.15901,2.27373,1.32475,3.22272,108.29477,0.03900,K+1;Sn+4;Bi+3;S-2;Cl-1,4.07627,237.40460,,0.03374
K2FeMnF3Cl3,unstable_likely,20,0,0.00000,0.02399,0.02399,True,,False,0.20083,0.59411,0.33803,1.77065,0.46497,3.07634,147.42449,0.06800,K+1;Fe+2;Mn+2;F-1;Cl-1,3.81321,253.38683,,0.01085
K2FeMnF3Br3,unstable_likely,20,0,0.00000,0.02324,0.02324,True,,False,0.22563,0.56033,0.40268,1.56377,0.26213,2.86541,inf,0.05100,K+1;Fe+2;Mn+2;F-1;Br-1,3.90638,255.65960,,0.01299
Rb2FeMnF3Br3,unstable_likely,20,0,0.00000,0.02324,0.02324,True,,False,0.21767,0.59532,0.36563,1.57943,0.14502,3.01384,129.32636,0.00000,Rb+1;Fe+2;Mn+2;F-1;Br-1,3.85768,255.75565,,7.41625
K2MoSbS3F3,unstable_likely,20,0,0.00000,0.02238,0.02238,True,,False,0.19598,0.90736,0.21599,2.14431,0.80229,3.48633,103.99437,0.04800,K+1;Mo+4;Sb+3;S-2;F-1,4.00361,258.64512,,0.06828
K2MnZnF3I3,unstable_likely,20,0,0.00000,0.01411,0.01411,True,,False,0.23232,0.56554,0.41079,1.67386,0.55300,2.79472,150.42276,0.06600,K+1;Mn+2;Zn+2;F-1;I-1,4.08400,300.53584,,0.11395
Cs2ZrBiSe3F3,unstable_likely,20,0,0.00000,0.01271,0.01271,True,,False,0.19727,0.87935,0.22434,2.08685,0.49822,3.67548,108.90142,0.00000,Cs+1;Zr+4;Bi+3;Se-2;F-1,3.70074,311.16067,,3.76134
Cs2MoInSe3F3,unstable_likely,20,0,0.00000,0.01196,0.01196,True,,False,0.22054,0.94809,0.23261,2.08815,0.68082,3.49548,101.28819,0.00000,Cs+1;Mo+4;In+3;Se-2;F-1,4.00416,317.81208,,4.31535
Na2NbFeO3Cl3,unstable_likely,20,0,0.00000,0.01130,0.01130,True,,False,0.19541,0.78939,0.24755,2.06110,0.99275,3.12946,99.01234,0.05000,Na+1;Nb+5;Fe+2;O-2;Cl-1,4.17477,325.86674,,0.02142
Cs2SnInSe3F3,unstable_likely,20,0,0.00000,0.00492,0.00492,True,,False,0.22944,0.95486,0.24029,2.03017,0.48737,3.57297,103.58360,0.00000,Cs+1;Sn+4;In+3;Se-2;F-1,3.94768,423.33998,,4.17747
K2NbFeO3Br3,unstable_likely,20,0,0.00000,0.00480,0.00480,True,,False,0.23368,0.81095,0.28815,1.97100,0.90210,3.03991,95.85595,0.05800,K+1;Nb+5;Fe+2;O-2;Br-1,4.12527,426.35748,,0.02432
K2MoInO3Br3,unstable_likely,20,0,0.00000,0.00450,0.00450,True,,False,0.22358,0.86767,0.25768,2.03454,0.87429,3.19480,93.09715,0.07000,K+1;Mo+4;In+3;O-2;Br-1,4.08843,437.99486,,0.18695
Cs2SnBiO3Cl3,unstable_likely,20,0,0.00000,0.00440,0.00440,True,,False,0.22843,0.86743,0.26334,2.00124,0.69070,3.31178,93.77552,0.00000,Cs+1;Sn+4;Bi+3;O-2;Cl-1,3.66140,442.06107,,4.30827
Cs2ZrWO3S3,unstable_likely,20,0,0.00000,0.00353,0.00353,True,,False,0.23491,0.90835,0.25861,2.03567,0.89966,3.17169,92.99272,0.00000,Cs+1;Zr+4;W+6;O-2;S-2,4.17571,474.84336,,4.71722
Rb2WAgO3I3,unstable_likely,20,0,0.00000,0.00319,0.00319,True,,False,0.23892,0.80696,0.29608,1.96295,0.97044,2.95545,94.62573,0.00000,Rb+1;W+6;Ag+1;O-2;I-1,3.96563,493.00606,,5.17274
K2WAgO3Br3,unstable_likely,20,0,0.00000,0.00297,0.00297,True,,False,0.24930,0.76561,0.32562,1.90726,0.91960,2.89492,93.52725,0.03800,K+1;W+6;Ag+1;O-2;Br-1,3.90345,504.60659,,0.39790
K2WAgO3I3,unstable_likely,20,0,0.00000,0.00284,0.00284,True,,False,0.23893,0.77450,0.30849,1.93459,0.88480,2.98437,93.48574,0.04300,K+1;W+6;Ag+1;O-2;I-1,4.04059,512.76295,,0.40984
Cs2MoSbO3Br3,unstable_likely,20,0,0.00000,0.00267,0.00267,True,,False,0.24740,0.87735,0.28199,1.97691,0.81762,3.13620,91.86979,0.00000,Cs+1;Mo+4;Sb+3;O-2;Br-1,4.10177,521.44626,,4.19392
Rb2MoBiO3Br3,unstable_likely,20,0,0.00000,0.00249,0.00249,True,,False,0.25963,0.80171,0.32385,1.84847,0.60904,3.08790,95.70767,0.00000,Rb+1;Mo+4;Bi+3;O-2;Br-1,3.85710,537.53061,,5.65211
Cs2GeBiO3I3,unstable_likely,20,0,0.00000,0.00189,0.00189,True,,False,0.24207,0.85080,0.28452,1.97443,0.87295,3.07592,90.12868,0.00000,Cs+1;Ge+4;Bi+3;O-2;I-1,4.04745,590.23424,,3.66668
Rb2AgGaCl6,known_mp,20,0,0.00000,0.00000,0.00000,True,,False,0.37617,0.66411,0.56642,1.36584,0.41749,2.31419,90.49376,0.00000,Rb+1;Ag+1;Ga+3;Cl-1,3.96999,118.44306,61.87965,8.22764
Rb2CrAgSe3F3,unstable_likely,20,0,0.00000,0.00000,0.01964,False,,False,0.36135,0.83570,0.43239,1.48225,0.23600,2.72849,84.89124,0.00000,Rb+1;Cr+6;Ag+1;Se-2;F-1,3.88520,269.42179,,7.27217
Cs2CrAgO3Br3,unstable_likely,20,0,0.00000,0.00000,0.11604,False,,False,0.35209,0.82966,0.42438,1.63912,0.51862,2.75962,82.73242,0.00000,Cs+1;Cr+6;Ag+1;O-2;Br-1,3.86076,140.17250,,4.83453
Cs2WInO3F3,stable_likely,21,21,0.00000,0.59819,0.59819,True,,False,0.05255,0.95932,0.05478,3.25015,1.58624,4.91405,735.23497,0.00000,Cs+1;W+4;In+3;O-2;F-1,3.59226,45.44893,,4.93674
K2SnBiO3F3,stable_likely,21,21,0.00000,0.56867,0.56867,True,,False,0.03485,0.83263,0.04186,3.17280,1.86096,4.48464,712.21275,0.00500,K+1;Sn+4;Bi+3;O-2;F-1,3.54138,49.12513,,0.03694
K2GeBiO3F3,stable_likely,21,21,0.00000,0.51845,0.51845,True,,False,0.03329,0.82341,0.04043,3.14379,1.88990,4.39768,673.12325,0.00300,K+1;Ge+4;Bi+3;O-2;F-1,3.57923,55.20112,,0.66258
Cs2SnVO3F3,unstable_likely,21,0,0.00000,0.47140,0.47140,True,,False,0.06288,0.91750,0.06853,3.13230,1.41406,4.85054,571.53708,0.00000,Cs+1;Sn+4;V+3;O-2;F-1,3.77295,61.01586,,5.96546
Na2MoInO3F3,unstable_likely,21,0,0.00000,0.45611,0.45611,True,,False,0.04872,0.93403,0.05216,3.08387,1.72128,4.44646,429.63606,0.00800,Na+1;Mo+4;In+3;O-2;F-1,3.82834,62.98582,,0.28454
Rb2SnGaS3F3,unstable_likely,21,0,0.00000,0.36428,0.36428,True,,False,0.07275,0.95241,0.07638,2.93090,1.42938,4.43243,352.78427,0.00000,Rb+1;Sn+4;Ga+3;S-2;F-1,4.13979,75.66452,,8.56654
Cs2MnSbO3F3,unstable_likely,21,0,0.00000,0.34075,0.34075,True,,False,0.07446,0.71667,0.10390,2.69008,1.28310,4.09706,394.72213,0.00000,Cs+1;Mn+2;Sb+5;O-2;F-1,3.62891,79.22596,,5.86537
Na2GeSbO3F3,unstable_likely,21,0,0.00000,0.28132,0.28132,True,,False,0.04998,0.86949,0.05748,2.92578,1.70294,4.14861,336.60592,0.00700,Na+1;Ge+4;Sb+3;O-2;F-1,3.92302,89.46782,,0.88105
Rb2WGaO3F3,unstable_likely,21,0,0.00000,0.27644,0.27644,True,,False,0.07937,0.96750,0.08204,3.04824,1.17017,4.92631,483.97789,0.00000,Rb+1;W+4;Ga+3;O-2;F-1,3.85127,90.40555,,8.30301
Rb2MoSbO3F3,unstable_likely,21,0,0.00000,0.26308,0.26308,True,,False,0.09915,0.89813,0.11040,2.71064,1.09025,4.33103,243.17486,0.00000,Rb+1;Mo+4;Sb+3;O-2;F-1,3.67164,93.07381,,8.73590
K2GeVO3F3,unstable_likely,21,0,0.00000,0.18578,0.18578,True,,False,0.08653,0.88770,0.09748,2.76845,1.26504,4.27186,242.19533,0.01300,K+1;Ge+4;V+3;O-2;F-1,4.05288,112.26943,,1.01023
Rb2SnCrO3F3,unstable_likely,21,0,0.00000,0.14559,0.14559,True,,False,0.09994,0.89838,0.11124,2.67171,1.17984,4.16358,219.24104,0.00000,Rb+1;Sn+4;Cr+3;O-2;F-1,3.81155,126.18062,,9.62321
Cs2TaZnS3F3,unstable_likely,21,0,0.00000,0.14267,0.14267,True,,False,0.10967,0.83778,0.13091,2.57937,0.93343,4.22530,251.63138,0.00000,Cs+1;Ta+5;Zn+2;S-2;F-1,4.01539,127.40664,,5.00849
Na2VZnO3F3,unstable_likely,21,0,0.00000,0.11618,0.11618,True,,False,0.10719,0.87524,0.12247,2.55368,1.22624,3.88111,174.96240,0.03300,Na+1;V+5;Zn+2;O-2;F-1,3.93310,140.08411,,0.03310
Na2MoBiO3F3,unstable_likely,21,0,0.00000,0.11406,0.11406,True,,False,0.11632,0.88917,0.13082,2.54700,1.03134,4.06267,175.38498,0.02100,Na+1;Mo+4;Bi+3;O-2;F-1,3.91049,141.27912,,0.06018
Na2MnZnF3Cl3,unstable_likely,21,0,0.00000,0.08961,0.08961,True,,False,0.12775,0.65070,0.19632,2.22993,0.93467,3.52518,206.95809,0.02900,Na+1;Mn+2;Zn+2;F-1;Cl-1,4.09901,156.77222,,0.00554
Cs2SnVO3Cl3,unstable_likely,21,0,0.00000,0.05576,0.05576,True,,False,0.11667,0.91543,0.12745,2.56049,1.06765,4.05333,183.97316,0.00000,Cs+1;Sn+4;V+3;O-2;Cl-1,4.13386,189.68411,,5.46593
Na2NbSbO6,unstable_likely,21,0,0.00000,0.04806,0.04806,True,,False,0.11406,0.79967,0.14264,2.44612,1.10209,3.79015,167.51435,0.02600,Na+1;Nb+5;Sb+5;O-2,4.03501,200.34578,,0.03281
Cs2MoSbO3Cl3,unstable_likely,21,0,0.00000,0.04618,0.04618,True,,False,0.14426,0.88698,0.16264,2.34973,1.06141,3.63805,137.15170,0.00000,Cs+1;Mo+4;Sb+3;O-2;Cl-1,3.99538,203.40578,,5.06680
Rb2SnBiS3F3,unstable_likely,21,0,0.00000,0.02941,0.02941,True,,False,0.14955,0.90266,0.16568,2.37073,0.93529,3.80616,128.97975,0.00000,Rb+1;Sn+4;Bi+3;S-2;F-1,3.72841,238.08175,,6.60329
Cs2VMnO3Br3,unstable_likely,21,0,0.00000,0.02892,0.02892,True,,False,0.17718,0.85680,0.20679,2.17986,1.07632,3.28340,110.31921,0.00000,Cs+1;V+5;Mn+2;O-2;Br-1,4.17096,239.53125,,4.87822
Cs2MnZnF3I3,unstable_likely,21,0,0.00000,0.02433,0.02433,True,,False,0.18957,0.54305,0.34909,1.82559,0.70618,2.94501,478.61718,0.00000,Cs+1;Mn+2;Zn+2;F-1;I-1,3.99063,252.28905,,3.97608
Rb2NbCuO3F3,unstable_likely,21,0,0.00000,0.02324,0.02324,True,,False,0.20292,0.62300,0.32571,1.37710,-0.41582,3.17002,1002.93609,0.00000,Rb+1;Nb+5;Cu+2;O-2;F-1,3.72003,255.70257,,9.93574
Cs2NbCuSe3F3,unstable_likely,21,0,0.00000,0.02251,0.02251,True,,False,0.21278,0.66379,0.32056,1.63412,0.02282,3.24542,135.09315,0.00000,Cs+1;Nb+5;Cu+2;Se-2;F-1,4.13446,258.15325,,4.51288
Cs2WInSe3F3,unstable_likely,21,0,0.00000,0.02074,0.02074,True,,False,0.19421,0.93349,0.20805,2.16836,0.68877,3.64794,104.29513,0.00000,Cs+1;W+4;In+3;Se-2;F-1,3.98952,264.69950,,3.86903
K2NbCuO3F3,unstable_likely,21,0,0.00000,0.01834,0.01834,True,,False,0.21364,0.59375,0.35981,1.18212,-0.44962,2.81385,inf,0.08000,K+1;Nb+5;Cu+2;O-2;F-1,3.73505,275.77868,,0.03705
Rb2MnZnF3I3,unstable_likely,21,0,0.00000,0.01697,0.01697,True,,False,0.20881,0.58267,0.35837,1.82379,0.74743,2.90014,134.21691,0.00000,Rb+1;Mn+2;Zn+2;F-1;I-1,4.04175,282.68251,,5.97531
Cs2NbFeO3Cl3,unstable_likely,21,0,0.00000,0.01142,0.01142,True,,False,0.19548,0.87233,0.22409,2.12698,0.88030,3.37367,108.19489,0.00000,Cs+1;Nb+5;Fe+2;O-2;Cl-1,3.97980,324.31268,,5.64805
Rb2NbMnO3Cl3,unstable_likely,21,0,0.00000,0.01096,0.01096,True,,False,0.19751,0.83635,0.23616,2.09039,0.93253,3.24825,106.31823,0.00000,Rb+1;Nb+5;Mn+2;O-2;Cl-1,3.93610,329.50942,,9.07505
K2NbFeO3Cl3,unstable_likely,21,0,0.00000,0.00934,0.00934,True,,False,0.19042,0.78581,0.24232,2.07345,0.88089,3.26601,102.55395,0.06500,K+1;Nb+5;Fe+2;O-2;Cl-1,4.01964,346.21471,,0.02630
K2MnZnF3Br3,unstable_likely,21,0,0.00000,0.00877,0.00877,True,,False,0.19814,0.58425,0.33913,1.83198,0.66063,3.00332,119.52565,0.05600,K+1;Mn+2;Zn+2;F-1;Br-1,3.93113,354.07295,,0.01386
Rb2SnInO3Cl3,unstable_likely,21,0,0.00000,0.00745,0.00745,True,,False,0.22010,0.92309,0.23844,2.04967,0.58102,3.51833,104.55604,0.00000,Rb+1;Sn+4;In+3;O-2;Cl-1,3.91370,370.72332,,7.83373
Rb2NbMnO3Br3,unstable_likely,21,0,0.00000,0.00610,0.00610,True,,False,0.20589,0.85084,0.24198,2.07372,0.99896,3.14847,103.83139,0.00000,Rb+1;Nb+5;Mn+2;O-2;Br-1,4.03814,397.73286,,7.08376
K2WInO3Br3,unstable_likely,21,0,0.00000,0.00607,0.00607,True,,False,0.18964,0.82847,0.22890,2.11407,0.98647,3.24168,101.59770,0.04200,K+1;W+4;In+3;O-2;Br-1,4.07695,398.82826,,0.15654
K2WBiO3I3,unstable_likely,21,0,0.00000,0.00583,0.00583,True,,False,0.20153,0.75014,0.26865,2.00824,0.85266,3.16383,101.76858,0.06100,K+1;W+4;Bi+3;O-2;I-1,4.05701,403.71914,,0.10467
Rb2MoInO3Br3,unstable_likely,21,0,0.00000,0.00423,0.00423,True,,False,0.22310,0.91622,0.24350,2.06867,0.86379,3.27355,95.20132,0.00000,Rb+1;Mo+4;In+3;O-2;Br-1,4.06338,446.51506,,6.55994
K2WSbO3Br3,unstable_likely,21,0,0.00000,0.00299,0.00299,True,,False,0.23701,0.79752,0.29718,1.91237,0.64823,3.17652,101.28907,0.05900,K+1;W+4;Sb+3;O-2;Br-1,4.12527,502.41917,,0.04081
Rb2WAgO3Br3,unstable_likely,21,0,0.00000,0.00273,0.00273,True,,False,0.23239,0.79053,0.29397,1.96321,0.94398,2.98244,95.24766,0.00000,Rb+1;W+6;Ag+1;O-2;Br-1,3.82848,516.51256,,6.05729
K2TiInO3Br3,unstable_likely,21,0,0.00000,0.00265,0.00265,True,,False,0.24341,0.90040,0.27034,1.98474,0.69799,3.27150,91.99385,0.05900,K+1;Ti+4;In+3;O-2;Br-1,4.14506,526.77972,,0.16602
Cs2GeFeCl6,stable_likely,21,0,0.00000,0.00000,0.75968,True,56.52969,True,0.35193,0.84218,0.41788,0.98466,-0.13019,2.09951,83.07028,0.00000,Cs+1;Ge+2;Fe+2;Cl-1,4.12676,20.29160,,5.77535
Cs2MoInO3F3,stable_likely,22,22,0.00000,0.56284,0.56284,True,,False,0.02969,0.96109,0.03089,3.68600,2.01766,5.35434,6151.80369,0.00000,Cs+1;Mo+4;In+3;O-2;F-1,3.60416,49.86262,,5.68939
K2MoGaO3F3,unstable_likely,22,0,0.00000,0.49214,0.49214,True,,False,0.04390,0.94382,0.04651,3.41269,1.68416,5.14122,1003.68327,0.00700,K+1;Mo+4;Ga+3;O-2;F-1,3.87158,58.45839,,0.33455
Cs2TiFeO3F3,unstable_likely,22,0,0.00000,0.45734,0.45734,True,,False,0.05045,0.85263,0.05917,3.16372,1.55438,4.77306,793.88270,0.00000,Cs+1;Ti+4;Fe+3;O-2;F-1,3.91538,62.81043,,6.75989
K2GeSbO3F3,unstable_likely,22,0,0.00000,0.43368,0.43368,True,,False,0.03457,0.88855,0.03891,3.14973,1.90845,4.39102,460.05615,0.00700,K+1;Ge+4;Sb+3;O-2;F-1,3.84092,65.91171,,0.81262
K2GeInO3F3,unstable_likely,22,0,0.00000,0.39575,0.39575,True,,False,0.04105,0.91435,0.04490,3.12556,1.80809,4.44303,497.57317,0.00600,K+1;Ge+4;In+3;O-2;F-1,3.78473,71.02151,,1.03458
Cs2GeVO3F3,unstable_likely,22,0,0.00000,0.35521,0.35521,True,,False,0.05579,0.89927,0.06204,3.26672,1.46052,5.07291,1139.68234,0.00000,Cs+1;Ge+4;V+3;O-2;F-1,4.08615,77.03939,,7.10612
Na2SnSbO3F3,unstable_likely,22,0,0.00000,0.33447,0.33447,True,,False,0.06388,0.89139,0.07166,2.92264,1.50029,4.34500,354.47119,0.01700,Na+1;Sn+4;Sb+3;O-2;F-1,3.82834,80.22398,,0.03881
Rb2GeVO3F3,unstable_likely,22,0,0.00000,0.30490,0.30490,True,,False,0.07201,0.90567,0.07951,3.01658,1.29929,4.73386,561.67342,0.00000,Rb+1;Ge+4;V+3;O-2;F-1,4.05958,85.24037,,11.49745
Na2WSbO3F3,unstable_likely,22,0,0.00000,0.23238,0.23238,True,,False,0.07650,0.89385,0.08558,2.86023,1.36896,4.35149,295.00948,0.02500,Na+1;W+4;Sb+3;O-2;F-1,3.83674,99.78933,,0.04933
K2WGaO3F3,unstable_likely,22,0,0.00000,0.22089,0.22089,True,,False,0.08096,0.94129,0.08601,2.94220,1.20486,4.67954,364.47781,0.02600,K+1;W+4;Ga+3;O-2;F-1,3.85603,102.41179,,0.25857
Cs2WSbO3F3,unstable_likely,22,0,0.00000,0.19917,0.19917,True,,False,0.08991,0.85905,0.10466,2.75638,1.13579,4.37697,328.06358,0.00000,Cs+1;W+4;Sb+3;O-2;F-1,3.64177,108.10823,,4.77278
Na2MoSbO3F3,unstable_likely,22,0,0.00000,0.16342,0.16342,True,,False,0.08252,0.90279,0.09141,2.82250,1.31099,4.33400,285.25928,0.02200,Na+1;Mo+4;Sb+3;O-2;F-1,3.84049,119.46593,,0.07134
Na2MoInS3F3,unstable_likely,22,0,0.00000,0.15075,0.15075,True,,False,0.04960,0.91235,0.05436,2.89568,1.74154,4.04983,267.83262,0.00800,Na+1;Mo+4;In+3;S-2;F-1,4.13179,124.12720,,0.25551
Rb2ZrFeO3F3,unstable_likely,22,0,0.00000,0.11487,0.11487,True,,False,0.09804,0.86751,0.11301,2.66565,1.15090,4.18040,222.61082,0.00000,Rb+1;Zr+4;Fe+3;O-2;F-1,3.72650,140.82855,,10.14900
K2SnCrO3F3,unstable_likely,22,0,0.00000,0.10792,0.10792,True,,False,0.10242,0.85578,0.11968,2.60180,1.15715,4.04646,199.09417,0.02400,K+1;Sn+4;Cr+3;O-2;F-1,3.81906,144.74813,,0.04132
K2ZrFeO3F3,unstable_likely,22,0,0.00000,0.09021,0.09021,True,,False,0.11585,0.85571,0.13538,2.49369,1.08386,3.90352,176.01494,0.02700,K+1;Zr+4;Fe+3;O-2;F-1,3.74092,156.29474,,0.02895
Na2SnCrO3F3,unstable_likely,22,0,0.00000,0.04399,0.04399,True,,False,0.11600,0.88556,0.13099,2.51065,1.15006,3.87123,162.68234,0.04000,Na+1;Sn+4;Cr+3;O-2;F-1,3.90885,207.07352,,0.03753
Rb2TaZnS3F3,unstable_likely,22,0,0.00000,0.04281,0.04281,True,,False,0.13755,0.82518,0.16669,2.37668,0.82582,3.92754,179.10817,0.00000,Rb+1;Ta+5;Zn+2;S-2;F-1,4.02623,209.14935,,7.73490
K2TaZnS3F3,unstable_likely,22,0,0.00000,0.03466,0.03466,True,,False,0.13084,0.81847,0.15986,2.40364,0.88336,3.92391,173.55498,0.03700,K+1;Ta+5;Zn+2;S-2;F-1,4.04245,225.24871,,0.27040
Rb2ZrCrO3F3,unstable_likely,22,0,0.00000,0.03405,0.03405,True,,False,0.13341,0.87281,0.15285,2.42832,0.95852,3.89811,158.68207,0.00000,Rb+1;Zr+4;Cr+3;O-2;F-1,3.76726,226.41134,,10.24520
K2SnVO3Cl3,unstable_likely,22,0,0.00000,0.03383,0.03383,True,,False,0.13984,0.88981,0.15716,2.38764,1.03446,3.74083,144.91534,0.04600,K+1;Sn+4;V+3;O-2;Cl-1,4.14563,227.24375,,0.05135
Cs2SnBiS3F3,unstable_likely,22,0,0.00000,0.03308,0.03308,True,,False,0.13339,0.91722,0.14543,2.45376,1.03765,3.86987,138.05121,0.00000,Cs+1;Sn+4;Bi+3;S-2;F-1,3.63814,228.96890,,4.31764
K2TaFeO3F3,unstable_likely,22,0,0.00000,0.02805,0.02805,True,,False,0.17002,0.84745,0.20062,2.17452,0.48336,3.86567,129.56655,0.04600,K+1;Ta+5;Fe+2;O-2;F-1,3.68161,241.49325,,0.30196
Na2WSbS3F3,unstable_likely,22,0,0.00000,0.02320,0.02320,True,,False,0.14959,0.87526,0.17091,2.32122,1.03877,3.60368,125.21826,0.03600,Na+1;W+4;Sb+3;S-2;F-1,4.14660,255.92509,,0.04821
Rb2TaFeO3F3,unstable_likely,22,0,0.00000,0.02148,0.02148,True,,False,0.16785,0.85136,0.19716,2.19414,0.56746,3.82082,128.86682,0.00000,Rb+1;Ta+5;Fe+2;O-2;F-1,3.66044,261.74338,,8.60166
Cs2FeMnF3Br3,unstable_likely,22,0,0.00000,0.01319,0.01319,True,,False,0.17865,0.56461,0.31642,1.66982,0.06617,3.27347,inf,0.00000,Cs+1;Fe+2;Mn+2;F-1;Br-1,3.79689,307.20095,,4.76691
Cs2NbMnO3Cl3,unstable_likely,22,0,0.00000,0.00933,0.00933,True,,False,0.18394,0.86792,0.21193,2.17157,1.01325,3.32988,108.88061,0.00000,Cs+1;Nb+5;Mn+2;O-2;Cl-1,3.90721,346.80005,,5.65755
Cs2FeZnF3Br3,unstable_likely,22,0,0.00000,0.00921,0.00921,True,,False,0.19985,0.61390,0.32554,1.87815,0.74227,3.01403,143.90325,0.00000,Cs+1;Fe+2;Zn+2;F-1;Br-1,3.89569,348.10673,,4.69433
Cs2WInO3Br3,unstable_likely,22,0,0.00000,0.00767,0.00767,True,,False,0.18086,0.92127,0.19632,2.22549,1.04319,3.40779,105.68268,0.00000,Cs+1;W+4;In+3;O-2;Br-1,4.02377,368.57876,,3.88098
Rb2WAgO3Cl3,unstable_likely,22,0,0.00000,0.00700,0.00700,True,,False,0.18448,0.82387,0.22392,2.12613,1.06002,3.19225,103.40662,0.00000,Rb+1;W+6;Ag+1;O-2;Cl-1,3.74277,378.86131,,7.36242
Cs2NbMnO3I3,unstable_likely,22,0,0.00000,0.00588,0.00588,True,,False,0.15977,0.87154,0.18332,2.20708,1.27732,3.13684,102.45686,0.00000,Cs+1;Nb+5;Mn+2;O-2;I-1,4.17251,403.02186,,3.89579
Rb2SnBiO3Cl3,unstable_likely,22,0,0.00000,0.00537,0.00537,True,,False,0.18547,0.82765,0.22409,2.11547,0.73380,3.49714,113.85541,0.00000,Rb+1;Sn+4;Bi+3;O-2;Cl-1,3.75167,412.34495,,6.58847
K2ZrBiO3I3,unstable_likely,22,0,0.00000,0.00416,0.00416,True,,False,0.19670,0.84902,0.23168,2.09415,0.74228,3.44601,101.21604,0.04800,K+1;Zr+4;Bi+3;O-2;I-1,4.04059,449.71132,,0.10289
Cs2NbFeO3Br3,unstable_likely,22,0,0.00000,0.00354,0.00354,True,,False,0.19794,0.86955,0.22763,2.11613,0.99376,3.23850,101.25894,0.00000,Cs+1;Nb+5;Fe+2;O-2;Br-1,4.08543,474.36128,,4.57909
Cs2ZrBiO3I3,unstable_likely,22,0,0.00000,0.00330,0.00330,True,,False,0.19973,0.88366,0.22603,2.10724,0.67063,3.54384,107.47322,0.00000,Cs+1;Zr+4;Bi+3;O-2;I-1,3.86646,485.33473,,3.30372
Cs2TaCuO3Br3,unstable_likely,22,0,0.00000,0.00328,0.00328,True,,False,0.20076,0.80196,0.25034,2.04778,0.81593,3.27964,102.53194,0.00000,Cs+1;Ta+5;Cu+2;O-2;Br-1,4.17096,486.12897,,4.17888
K2TaFeO3Cl3,unstable_likely,22,0,0.00000,0.00315,0.00315,True,,False,0.20359,0.80646,0.25245,2.02404,0.65363,3.39446,110.21883,0.05200,K+1;Ta+5;Fe+2;O-2;Cl-1,4.01964,495.77290,,0.26987
Cs2TiInO3Br3,unstable_likely,22,0,0.00000,0.00297,0.00297,True,,False,0.21469,0.95773,0.22417,2.11819,0.77127,3.46511,98.02640,0.00000,Cs+1;Ti+4;In+3;O-2;Br-1,4.11008,504.68239,,4.59507
K2TiBiO3Br3,unstable_likely,22,0,0.00000,0.00271,0.00271,True,,False,0.21874,0.80385,0.27211,1.95172,0.54812,3.35532,103.71496,0.06500,K+1;Ti+4;Bi+3;O-2;Br-1,3.93657,517.81537,,0.01970
Rb2ZrFeO3Cl3,unstable_likely,22,0,0.00000,0.00265,0.00265,True,,False,0.22471,0.87690,0.25625,2.03465,0.83559,3.23370,101.03803,0.00000,Rb+1;Zr+4;Fe+3;O-2;Cl-1,4.07814,526.11116,,9.08805
K2WBiO3Br3,unstable_likely,22,0,0.00000,0.00263,0.00263,True,,False,0.24280,0.72865,0.33322,1.86916,0.75631,2.98200,97.41957,0.06400,K+1;W+4;Bi+3;O-2;Br-1,3.91500,528.88050,,0.03761
Cs2ZrFeO3Cl3,unstable_likely,22,0,0.00000,0.00255,0.00255,True,,False,0.22332,0.87816,0.25430,2.03802,0.79686,3.27918,97.27926,0.00000,Cs+1;Zr+4;Fe+3;O-2;Cl-1,4.07017,535.05964,,5.66370
Rb2TiInO3Br3,unstable_likely,22,0,0.00000,0.00252,0.00252,True,,False,0.22111,0.94539,0.23388,2.09291,0.77990,3.40592,96.29052,0.00000,Rb+1;Ti+4;In+3;O-2;Br-1,4.12577,535.33992,,7.03522
K2TaFeO3Br3,unstable_likely,22,0,0.00000,0.00238,0.00238,True,,False,0.23771,0.78627,0.30233,1.91813,0.72463,3.11163,95.99736,0.04800,K+1;Ta+5;Fe+2;O-2;Br-1,4.12527,546.50568,,0.21428
Cs2SnSbO3Br3,unstable_likely,22,0,0.00000,0.00113,0.00113,True,,False,0.24145,0.92879,0.25996,2.01426,0.72897,3.29954,92.22867,0.00000,Cs+1;Sn+4;Sb+3;O-2;Br-1,4.03864,699.43430,,4.05965
Na2MnSbO6,stable_likely,22,0,0.00000,0.00000,0.81683,False,,False,0.35002,0.69015,0.50717,1.18410,0.13072,2.23749,84.19213,0.13600,Na+1;Mn+7;Sb+3;O-2,4.06182,6.64275,,0.01626
Rb2MnBiO3Se3,unstable_likely,22,0,0.00000,0.00000,0.09902,False,,False,0.34739,0.80200,0.43315,1.52126,0.29746,2.74506,83.12707,0.00000,Rb+1;Mn+7;Bi+3;O-2;Se-2,4.02779,150.38706,,5.98599
Cs2MoGaO3F3,unstable_likely,23,0,0.00000,0.44925,0.44925,True,,False,0.02890,0.97022,0.02979,3.77638,2.04425,5.50851,14601.15181,0.00000,Cs+1;Mo+4;Ga+3;O-2;F-1,3.87729,63.91194,,6.18858
Rb2GeGaO3F3,unstable_likely,23,0,0.00000,0.43397,0.43397,True,,False,0.02466,0.95183,0.02591,3.52485,2.09249,4.95720,1718.92230,0.00000,Rb+1;Ge+4;Ga+3;O-2;F-1,4.10393,65.88478,,11.18391
Cs2TiInO3F3,unstable_likely,23,0,0.00000,0.23811,0.23811,True,,False,0.03261,0.96106,0.03393,3.56131,1.95000,5.17262,1991.49012,0.00000,Cs+1;Ti+4;In+3;O-2;F-1,3.66168,98.40129,,6.16448
Rb2MnZnF6,unstable_likely,23,0,0.00000,0.23772,0.23772,True,,False,0.05478,0.56103,0.09765,2.65858,1.40644,3.91072,992.32748,0.00000,Rb+1;Mn+2;Zn+2;F-1,3.48761,98.50521,,10.58046
Na2GeBiO3F3,unstable_likely,23,0,0.00000,0.22519,0.22519,True,,False,0.03366,0.80570,0.04178,3.12048,1.87242,4.36854,726.40518,0.00200,Na+1;Ge+4;Bi+3;O-2;F-1,3.83439,101.33159,,0.70603
Cs2SnCrO3F3,unstable_likely,23,0,0.00000,0.22116,0.22116,True,,False,0.06525,0.88554,0.07368,2.94819,1.45805,4.43833,437.26594,0.00000,Cs+1;Sn+4;Cr+3;O-2;F-1,3.81467,102.33588,,5.94241
Na2SnGaO3F3,unstable_likely,23,0,0.00000,0.17653,0.17653,True,,False,0.07375,0.91678,0.08044,3.02042,1.26649,4.77436,479.44096,0.01800,Na+1;Sn+4;Ga+3;O-2;F-1,3.90437,115.22118,,0.30362
Na2GeInO3F3,unstable_likely,23,0,0.00000,0.17081,0.17081,True,,False,0.05495,0.91692,0.05993,2.90483,1.67894,4.13072,314.67075,0.00700,Na+1;Ge+4;In+3;O-2;F-1,3.88771,117.09360,,1.12554
Rb2ZrMoO6,unstable_likely,23,0,0.00000,0.16009,0.16009,True,,False,0.06844,0.90598,0.07554,2.81683,1.52412,4.10955,289.99157,0.00000,Rb+1;Zr+4;Mo+6;O-2,3.85735,120.73458,,9.49968
Cs2MoBiO3F3,unstable_likely,23,0,0.00000,0.13177,0.13177,True,,False,0.08050,0.85005,0.09470,2.79318,1.27917,4.30719,357.27625,0.00000,Cs+1;Mo+4;Bi+3;O-2;F-1,3.40309,132.26432,,4.78485
Na2TiBiS3F3,unstable_likely,23,0,0.00000,0.10630,0.10630,True,,False,0.09710,0.84219,0.11529,2.64498,1.14651,4.14345,219.95253,0.02300,Na+1;Ti+4;Bi+3;S-2;F-1,4.14208,145.63799,,0.02017
Cs2GeBiS3F3,unstable_likely,23,0,0.00000,0.09756,0.09756,True,,False,0.06677,0.89903,0.07427,2.70088,1.60950,3.79227,199.16177,0.00000,Cs+1;Ge+4;Bi+3;S-2;F-1,3.77181,151.29643,,5.01418
Rb2MnZnF3Cl3,unstable_likely,23,0,0.00000,0.08683,0.08683,True,,False,0.10551,0.56286,0.18746,2.26240,1.01940,3.50539,496.85266,0.00000,Rb+1;Mn+2;Zn+2;F-1;Cl-1,3.79334,158.82666,,9.43131
Na2TaZnS3F3,unstable_likely,23,0,0.00000,0.08081,0.08081,True,,False,0.09835,0.82407,0.11935,2.58456,1.18790,3.98122,225.97521,0.01400,Na+1;Ta+5;Zn+2;S-2;F-1,4.17344,163.67134,,0.28423
Cs2GeZnF3I3,unstable_likely,23,0,0.00000,0.07727,0.07727,True,,False,0.07098,0.87967,0.08069,2.65422,1.58286,3.72558,199.93431,0.00000,Cs+1;Ge+2;Zn+2;F-1;I-1,4.12489,166.56454,,4.24749
Cs2WBiO3Cl3,unstable_likely,23,0,0.00000,0.07044,0.07044,True,,False,0.09223,0.74489,0.12382,2.50540,1.30989,3.70091,211.12793,0.00000,Cs+1;W+4;Bi+3;O-2;Cl-1,3.68155,173.05546,,3.97215
Rb2GeBiS3F3,unstable_likely,23,0,0.00000,0.06669,0.06669,True,,False,0.10800,0.87644,0.12323,2.53195,1.28017,3.78372,178.66851,0.00000,Rb+1;Ge+4;Bi+3;S-2;F-1,3.82058,177.01208,,7.58276
K2TaMnO3F3,unstable_likely,23,0,0.00000,0.05444,0.05444,True,,False,0.11022,0.84962,0.12973,2.58858,0.92997,4.24720,222.45525,0.02900,K+1;Ta+5;Mn+2;O-2;F-1,3.63729,191.13069,,0.30326
Cs2ZrBiS3Cl3,unstable_likely,23,0,0.00000,0.04008,0.04008,True,,False,0.09352,0.91122,0.10263,2.55652,1.44127,3.67177,171.41464,0.00000,Cs+1;Zr+4;Bi+3;S-2;Cl-1,3.89503,214.23059,,4.18959
Rb2SnNbO3Cl3,unstable_likely,23,0,0.00000,0.03614,0.03614,True,,False,0.11555,0.91083,0.12686,2.53916,1.14934,3.92898,185.57886,0.00000,Rb+1;Sn+4;Nb+3;O-2;Cl-1,4.01207,222.06666,,8.01520
K2SnBiS3F3,unstable_likely,23,0,0.00000,0.02512,0.02512,True,,False,0.14417,0.84224,0.17117,2.34528,0.93902,3.75154,145.30247,0.03700,K+1;Sn+4;Bi+3;S-2;F-1,3.79720,250.39069,,0.03700
Na2ZrCrO3F3,unstable_likely,23,0,0.00000,0.01761,0.01761,True,,False,0.15017,0.88080,0.17049,2.33170,1.00230,3.66111,130.62894,0.03100,Na+1;Zr+4;Cr+3;O-2;F-1,3.88385,279.03369,,0.02812
Cs2TaCuO3Cl3,unstable_likely,23,0,0.00000,0.00912,0.00912,True,,False,0.15916,0.82453,0.19303,2.24101,0.91818,3.56384,123.96180,0.00000,Cs+1;Ta+5;Cu+2;O-2;Cl-1,4.06147,349.60157,,5.01355
Rb2MnZnF3Br3,unstable_likely,23,0,0.00000,0.00856,0.00856,True,,False,0.18813,0.57124,0.32934,1.85993,0.69704,3.02282,160.41409,0.00000,Rb+1;Mn+2;Zn+2;F-1;Br-1,3.88888,356.08654,,7.29657
Rb2GeInO3Cl3,unstable_likely,23,0,0.00000,0.00835,0.00835,True,,False,0.17119,0.91155,0.18780,2.27049,0.89847,3.64252,118.31589,0.00000,Rb+1;Ge+4;In+3;O-2;Cl-1,4.13529,358.37533,,9.10140
K2NbMnO3Cl3,unstable_likely,23,0,0.00000,0.00810,0.00810,True,,False,0.17570,0.77617,0.22637,2.11955,0.91786,3.32125,113.98481,0.04700,K+1;Nb+5;Mn+2;O-2;Cl-1,3.96382,362.23300,,0.02708
K2WAgO3Cl3,unstable_likely,23,0,0.00000,0.00698,0.00698,True,,False,0.17646,0.78626,0.22443,2.12665,1.01801,3.23529,104.87861,0.03400,K+1;W+6;Ag+1;O-2;Cl-1,3.81774,379.28442,,0.49437
Cs2NbMnO3Br3,unstable_likely,23,0,0.00000,0.00583,0.00583,True,,False,0.17719,0.87690,0.20206,2.19445,1.12058,3.26832,107.30574,0.00000,Cs+1;Nb+5;Mn+2;O-2;Br-1,4.00925,403.79690,,4.58540
Rb2WInO3Br3,unstable_likely,23,0,0.00000,0.00576,0.00576,True,,False,0.17947,0.89417,0.20071,2.21019,0.97704,3.44333,108.36643,0.00000,Rb+1;W+4;In+3;O-2;Br-1,4.05057,405.43846,,5.79354
Cs2TiBiO3I3,unstable_likely,23,0,0.00000,0.00472,0.00472,True,,False,0.18072,0.86166,0.20974,2.16284,0.73535,3.59034,113.60596,0.00000,Cs+1;Ti+4;Bi+3;O-2;I-1,3.96331,428.86741,,3.44888
K2TiBiO3I3,unstable_likely,23,0,0.00000,0.00400,0.00400,True,,False,0.19121,0.81313,0.23515,2.08453,0.73208,3.43699,111.88956,0.05200,K+1;Ti+4;Bi+3;O-2;I-1,4.08336,456.43400,,0.10200
Rb2ZrWO3S3,unstable_likely,23,0,0.00000,0.00390,0.00390,True,,False,0.19077,0.89586,0.21295,2.16781,1.00697,3.32865,106.14924,0.00000,Rb+1;Zr+4;W+6;O-2;S-2,4.17531,459.90722,,7.30575
Cs2WSbO3Br3,unstable_likely,23,0,0.00000,0.00296,0.00296,True,,False,0.20154,0.80835,0.24932,2.05383,0.84992,3.25774,104.68631,0.00000,Cs+1;W+4;Sb+3;O-2;Br-1,4.08543,504.73966,,3.76043
Cs2WAgO3Br3,unstable_likely,23,0,0.00000,0.00285,0.00285,True,,False,0.20807,0.82174,0.25321,2.04430,1.07268,3.01592,98.44387,0.00000,Cs+1;W+6;Ag+1;O-2;Br-1,3.72931,510.52289,,4.09939
K2ZrCrO3Cl3,unstable_likely,23,0,0.00000,0.00236,0.00236,True,,False,0.21402,0.80834,0.26477,1.99637,0.68198,3.31077,100.39291,0.04800,K+1;Zr+4;Cr+3;O-2;Cl-1,4.13772,549.68895,,0.02839
Rb2ZrCrO3Cl3,unstable_likely,23,0,0.00000,0.00234,0.00234,True,,False,0.22885,0.84758,0.27000,1.99235,0.75285,3.23184,100.12108,0.00000,Rb+1;Zr+4;Cr+3;O-2;Cl-1,4.12681,550.47300,,9.16540
K2SnNbO3Br3,unstable_likely,23,0,0.00000,0.00220,0.00220,True,,False,0.19045,0.88213,0.21590,2.15372,0.98227,3.32518,98.41485,0.06100,K+1;Sn+4;Nb+3;O-2;Br-1,4.13836,558.23198,,0.03892
Rb2GeBiO3I3,unstable_likely,23,0,0.00000,0.00212,0.00212,True,,False,0.21485,0.81560,0.26342,2.02497,0.93038,3.11956,99.47173,0.00000,Rb+1;Ge+4;Bi+3;O-2;I-1,4.09622,568.18119,,5.28714
Cs2SnInO3Br3,unstable_likely,23,0,0.00000,0.00187,0.00187,True,,False,0.23372,0.93616,0.24966,2.02361,0.62707,3.42016,97.92729,0.00000,Cs+1;Sn+4;In+3;O-2;Br-1,3.98124,593.22558,,4.19282
Cs2SbCuS3F3,stable_likely,23,0,0.00000,0.00000,0.88727,True,223.78832,True,0.34864,0.67973,0.51291,1.30112,0.21286,2.38938,91.28564,0.00000,Cs+1;Sb+5;Cu+2;S-2;F-1,4.10378,-20.41248,,5.32055
Na2AgGaF6,known_mp,23,0,0.00000,0.00000,0.00000,True,,False,0.34805,0.71929,0.48388,1.46159,0.35178,2.57140,84.35314,0.06200,Na+1;Ag+1;Ga+3;F-1,3.98172,186.40011,125.29295,0.98364
K2CrAgSe3F3,unstable_likely,23,0,0.00000,0.00000,0.01875,False,,False,0.34711,0.79762,0.43518,1.44019,0.17148,2.70891,83.47921,0.08100,K+1;Cr+6;Ag+1;Se-2;F-1,3.93063,273.23946,,0.48747
K2GeGaO3F3,unstable_likely,24,0,0.00000,0.36793,0.36793,True,,False,0.01900,0.92987,0.02043,3.53078,2.22440,4.83717,2000.06246,0.00100,K+1;Ge+4;Ga+3;O-2;F-1,4.09524,75.09080,,1.21239
Cs2MnZnF6,unstable_likely,24,0,0.00000,0.29488,0.29488,True,,False,0.01916,0.53662,0.03570,3.27570,1.94776,4.60363,inf,0.00000,Cs+1;Mn+2;Zn+2;F-1,3.43649,87.04635,,6.41368
Na2GeGaO3F3,unstable_likely,24,0,0.00000,0.23052,0.23052,True,,False,0.02142,0.91287,0.02346,3.42590,2.13338,4.71842,1225.97087,0.00300,Na+1;Ge+4;Ga+3;O-2;F-1,4.11258,100.18984,,1.33686
Cs2MoSbO3F3,unstable_likely,24,0,0.00000,0.17868,0.17868,True,,False,0.04437,0.90017,0.04929,3.29606,1.67770,4.91442,914.60789,0.00000,Cs+1;Mo+4;Sb+3;O-2;F-1,3.65496,114.48849,,5.49207
Rb2TiInO3F3,unstable_likely,24,0,0.00000,0.16195,0.16195,True,,False,0.05667,0.96744,0.05858,3.15456,1.56790,4.74122,544.35708,0.00000,Rb+1;Ti+4;In+3;O-2;F-1,3.67737,120.05184,,9.96063
K2SnMoO6,unstable_likely,24,0,0.00000,0.15803,0.15803,True,,False,0.04746,0.86775,0.05469,2.99274,1.71635,4.26912,403.06925,0.00700,K+1;Sn+4;Mo+6;O-2,3.91072,121.45323,,0.08775
Cs2ZrFeO3F3,unstable_likely,24,0,0.00000,0.13237,0.13237,True,,False,0.06615,0.86988,0.07605,3.04173,1.36702,4.71643,508.63782,0.00000,Cs+1;Zr+4;Fe+3;O-2;F-1,3.71852,132.03429,,6.20387
K2TiInO3F3,unstable_likely,24,0,0.00000,0.11528,0.11528,True,,False,0.06087,0.94159,0.06465,3.09692,1.51077,4.68307,479.92334,0.01600,K+1;Ti+4;In+3;O-2;F-1,3.69666,140.58007,,0.24699
Rb2TiGaO3F3,unstable_likely,24,0,0.00000,0.11257,0.11257,True,,False,0.06926,0.97225,0.07124,3.03960,1.44326,4.63593,446.94567,0.00000,Rb+1;Ti+4;Ga+3;O-2;F-1,3.94826,142.17541,,11.13060
Na2GeBiS3F3,unstable_likely,24,0,0.00000,0.11213,0.11213,True,,False,0.06046,0.80582,0.07503,2.82087,1.52887,4.11287,357.46470,0.01000,Na+1;Ge+4;Bi+3;S-2;F-1,4.11644,142.40181,,0.63902
Cs2VZnO3F3,unstable_likely,24,0,0.00000,0.11109,0.11109,True,,False,0.06968,0.85726,0.08128,3.00056,1.24685,4.75426,535.01164,0.00000,Cs+1;V+5;Zn+2;O-2;F-1,3.85888,142.98771,,6.59884
Cs2ZrMoO6,unstable_likely,24,0,0.00000,0.10820,0.10820,True,,False,0.06058,0.91424,0.06626,2.94765,1.56088,4.33442,380.00918,0.00000,Cs+1;Zr+4;Mo+6;O-2,3.85957,144.59446,,5.89026
Cs2ZrBiS3F3,unstable_likely,24,0,0.00000,0.10319,0.10319,True,,False,0.09045,0.89982,0.10052,2.79810,1.14949,4.44671,294.35158,0.00000,Cs+1;Zr+4;Bi+3;S-2;F-1,3.62074,147.63198,,4.47737
Na2SnVO3F3,unstable_likely,24,0,0.00000,0.09578,0.09578,True,,False,0.08192,0.91654,0.08938,2.77593,1.39592,4.15594,241.47185,0.02200,Na+1;Sn+4;V+3;O-2;F-1,3.88771,152.51075,,0.05695
K2MnZnF3Cl3,unstable_likely,24,0,0.00000,0.09181,0.09181,True,,False,0.09663,0.63570,0.15201,2.41022,1.03940,3.78105,283.15202,0.02800,K+1;Mn+2;Zn+2;F-1;Cl-1,3.83559,155.31736,,0.01209
Rb2GeCrO3F3,unstable_likely,24,0,0.00000,0.09179,0.09179,True,,False,0.08763,0.88514,0.09900,2.74373,1.27426,4.21319,270.12286,0.00000,Rb+1;Ge+4;Cr+3;O-2;F-1,4.11536,155.32434,,11.45173
K2NbMnO3F3,unstable_likely,24,0,0.00000,0.07587,0.07587,True,,False,0.09335,0.81149,0.11504,2.67487,1.06542,4.28432,252.65965,0.03100,K+1;Nb+5;Mn+2;O-2;F-1,3.63729,167.66250,,0.03159
Rb2TaMnO3F3,unstable_likely,24,0,0.00000,0.06777,0.06777,True,,False,0.09710,0.84283,0.11521,2.66207,1.09609,4.22804,272.13533,0.00000,Rb+1;Ta+5;Mn+2;O-2;F-1,3.60957,175.61546,,8.61744
Rb2ZrBiS3F3,unstable_likely,24,0,0.00000,0.06014,0.06014,True,,False,0.10232,0.88490,0.11563,2.63705,1.15137,4.12273,247.41276,0.00000,Rb+1;Zr+4;Bi+3;S-2;F-1,3.71991,184.40293,,6.88791
Na2ZrFeO3F3,unstable_likely,24,0,0.00000,0.05535,0.05535,True,,False,0.08484,0.86067,0.09858,2.66668,1.38593,3.94744,214.00293,0.02100,Na+1;Zr+4;Fe+3;O-2;F-1,3.86326,190.13959,,0.02353
Na2TaMnO3F3,unstable_likely,24,0,0.00000,0.04468,0.04468,True,,False,0.08695,0.88510,0.09824,2.74583,1.28631,4.20534,246.86654,0.02300,Na+1;Ta+5;Mn+2;O-2;F-1,3.82511,205.75545,,0.32193
K2ZrBiS3F3,unstable_likely,24,0,0.00000,0.04387,0.04387,True,,False,0.10144,0.86715,0.11698,2.63930,1.10664,4.17196,214.55244,0.02500,K+1;Zr+4;Bi+3;S-2;F-1,3.79488,207.22850,,0.03177
K2GeZnF3Br3,unstable_likely,24,0,0.00000,0.03375,0.03375,True,,False,0.06665,0.86771,0.07681,2.68078,1.60089,3.76067,208.98739,0.01300,K+1;Ge+2;Zn+2;F-1;Br-1,4.01824,227.45837,,0.59588
K2TiBiO3F3,unstable_likely,24,0,0.00000,0.03332,0.03332,True,,False,0.10602,0.84933,0.12483,2.65359,0.79416,4.51303,282.66766,0.03500,K+1;Ti+4;Bi+3;O-2;F-1,3.55125,228.40015,,0.02258
Na2NbFeO3F3,unstable_likely,24,0,0.00000,0.02942,0.02942,True,,False,0.11063,0.82589,0.13395,2.49764,1.11850,3.87677,192.11943,0.02600,Na+1;Nb+5;Fe+2;O-2;F-1,3.83674,238.06820,,0.02547
K2SnNbO3Cl3,unstable_likely,24,0,0.00000,0.02111,0.02111,True,,False,0.10642,0.88920,0.11968,2.55080,1.28417,3.81742,149.89272,0.02800,K+1;Sn+4;Nb+3;O-2;Cl-1,4.03198,263.26042,,0.04501
Na2TaFeO3F3,unstable_likely,24,0,0.00000,0.01635,0.01635,True,,False,0.11302,0.85950,0.13150,2.55724,0.98552,4.12896,208.65397,0.03000,Na+1;Ta+5;Fe+2;O-2;F-1,3.83674,286.52640,,0.32047
K2SbZnO3Cl3,unstable_likely,24,0,0.00000,0.01412,0.01412,True,,False,0.10803,0.79054,0.13665,2.48047,1.10538,3.85556,183.96395,0.02200,K+1;Sb+5;Zn+2;O-2;Cl-1,4.12992,300.48634,,0.01947
Rb2TiInO3Cl3,unstable_likely,24,0,0.00000,0.01216,0.01216,True,,False,0.12267,0.94929,0.12922,2.52104,1.15082,3.89126,150.88477,0.00000,Rb+1;Ti+4;In+3;O-2;Cl-1,4.01901,316.24013,,8.95269
K2TiInO3Cl3,unstable_likely,24,0,0.00000,0.01179,0.01179,True,,False,0.11877,0.90379,0.13141,2.49033,1.18151,3.79915,146.27325,0.02700,K+1;Ti+4;In+3;O-2;Cl-1,4.03830,320.20797,,0.21575
Cs2GeInO3Cl3,unstable_likely,24,0,0.00000,0.01077,0.01077,True,,False,0.12295,0.92901,0.13234,2.48184,1.20797,3.75571,137.38248,0.00000,Cs+1;Ge+4;In+3;O-2;Cl-1,4.13386,330.78624,,5.90259
Rb2TaCuO3F3,unstable_likely,24,0,0.00000,0.01039,0.01039,True,,False,0.13753,0.82462,0.16678,2.38351,0.69746,4.06956,178.15538,0.00000,Rb+1;Ta+5;Cu+2;O-2;F-1,3.72003,334.51456,,8.47899
Cs2MnZnF3Br3,unstable_likely,24,0,0.00000,0.00817,0.00817,True,,False,0.16706,0.53625,0.31153,1.88555,0.66552,3.10557,352.35751,0.00000,Cs+1;Mn+2;Zn+2;F-1;Br-1,3.83777,361.10480,,4.70096
Rb2TaCuO3Cl3,unstable_likely,24,0,0.00000,0.00784,0.00784,True,,False,0.14876,0.78649,0.18915,2.26707,0.93501,3.59914,139.27249,0.00000,Rb+1;Ta+5;Cu+2;O-2;Cl-1,4.07040,366.73653,,7.74413
Cs2WAgO3Cl3,unstable_likely,24,0,0.00000,0.00646,0.00646,True,,False,0.16841,0.84010,0.20046,2.19192,1.13917,3.24466,107.40072,0.00000,Cs+1;W+6;Ag+1;O-2;Cl-1,3.64360,389.09039,,4.86382
Cs2MoInO3Br3,unstable_likely,24,0,0.00000,0.00510,0.00510,True,,False,0.17622,0.93671,0.18813,2.25195,1.05860,3.44531,107.37572,0.00000,Cs+1;Mo+4;In+3;O-2;Br-1,4.03864,418.98753,,4.33227
Cs2SnInO3Cl3,unstable_likely,24,0,0.00000,0.00486,0.00486,True,,False,0.17920,0.93532,0.19159,2.25196,0.82713,3.67679,114.78050,0.00000,Cs+1;Sn+4;In+3;O-2;Cl-1,3.88057,424.31423,,5.04434
Rb2TaFeO3Cl3,unstable_likely,24,0,0.00000,0.00349,0.00349,True,,False,0.18309,0.84504,0.21666,2.14623,0.81572,3.47675,116.63235,0.00000,Rb+1;Ta+5;Fe+2;O-2;Cl-1,3.99846,476.20999,,7.84596
Rb2WBiO3Br3,unstable_likely,24,0,0.00000,0.00273,0.00273,True,,False,0.19056,0.71245,0.26747,2.01152,0.84610,3.17694,116.69995,0.00000,Rb+1;W+4;Bi+3;O-2;Br-1,3.85207,516.35720,,5.06418
Rb2WSbO3Br3,unstable_likely,24,0,0.00000,0.00269,0.00269,True,,False,0.20588,0.79043,0.26047,1.99872,0.64791,3.34952,110.89771,0.00000,Rb+1;W+4;Sb+3;O-2;Br-1,4.10410,520.92004,,5.64065
Rb2ZrInO3I3,unstable_likely,24,0,0.00000,0.00269,0.00269,True,,False,0.16430,0.95705,0.17167,2.28371,1.17467,3.39276,104.41315,0.00000,Rb+1;Zr+4;In+3;O-2;I-1,4.13931,520.66549,,5.51327
Cs2ZrInO3I3,unstable_likely,24,0,0.00000,0.00268,0.00268,True,,False,0.16743,0.96347,0.17378,2.29081,1.11176,3.46986,106.12084,0.00000,Cs+1;Zr+4;In+3;O-2;I-1,4.09964,521.28510,,3.73299
K2ZrFeO3Cl3,unstable_likely,24,0,0.00000,0.00263,0.00263,True,,False,0.18709,0.82708,0.22620,2.11632,0.87672,3.35592,107.21033,0.04500,K+1;Zr+4;Fe+3;O-2;Cl-1,4.09256,528.13407,,0.02477
Cs2WBiO3Br3,unstable_likely,24,0,0.00000,0.00259,0.00259,True,,False,0.20752,0.73526,0.28224,1.97750,0.85787,3.09713,105.08835,0.00000,Cs+1;W+4;Bi+3;O-2;Br-1,3.77031,532.13938,,3.41504
K2ZrInO3I3,unstable_likely,24,0,0.00000,0.00256,0.00256,True,,False,0.17298,0.93374,0.18526,2.24101,1.13272,3.34930,100.27886,0.04000,K+1;Zr+4;In+3;O-2;I-1,4.17404,534.71387,,0.22237
Rb2SnNbO3Br3,unstable_likely,24,0,0.00000,0.00217,0.00217,True,,False,0.19607,0.90638,0.21632,2.15271,0.93298,3.37244,101.57634,0.00000,Rb+1;Sn+4;Nb+3;O-2;Br-1,4.11845,560.59943,,6.42424
K2GeBiO3I3,unstable_likely,24,0,0.00000,0.00213,0.00213,True,,False,0.21756,0.76739,0.28351,1.97746,0.88053,3.07439,101.55309,0.04900,K+1;Ge+4;Bi+3;O-2;I-1,4.13692,566.08764,,0.47676
Cs2ZrCrO3Cl3,unstable_likely,24,0,0.00000,0.00202,0.00202,True,,False,0.22366,0.86628,0.25819,2.02948,0.80384,3.25513,102.03872,0.00000,Cs+1;Zr+4;Cr+3;O-2;Cl-1,4.12445,575.58013,,5.70464
Cs2SnBiO3Br3,unstable_likely,24,0,0.00000,0.00097,0.00097,True,,False,0.22799,0.87306,0.26114,2.00463,0.67615,3.33311,101.22710,0.00000,Cs+1;Sn+4;Bi+3;O-2;Br-1,3.74861,731.31498,,3.65912
Cs2MnBiO6,stable_likely,24,0,0.00000,0.00000,0.91769,False,,False,0.34542,0.72319,0.47763,1.36544,0.19562,2.53525,89.44587,0.00000,Cs+1;Mn+7;Bi+3;O-2,3.60540,-40.15664,,5.13344
Rb2MnSbO6,stable_likely,24,0,0.00000,0.00000,0.77439,False,,False,0.34540,0.70826,0.48768,1.52327,0.46528,2.58126,88.95941,0.00000,Rb+1;Mn+7;Sb+3;O-2,4.01514,17.16447,,9.67287
Cs2CrAgSe3F3,unstable_likely,24,0,0.00000,0.00000,0.04098,False,,False,0.34430,0.80127,0.42969,1.47477,0.21714,2.73241,85.45086,0.00000,Cs+1;Cr+6;Ag+1;Se-2;F-1,3.82932,212.49666,,4.81211
Cs2CrAgO3Cl3,stable_likely,24,0,0.00000,0.00000,0.76303,False,,False,0.34232,0.78283,0.43729,1.56324,0.38317,2.74331,85.22729,0.00000,Cs+1;Cr+6;Ag+1;O-2;Cl-1,3.76642,19.63783,,5.94174
K2FeMnO3F3,stable_likely,24,0,0.00000,0.00000,0.96944,False,,False,0.28360,0.81083,0.34976,1.78435,0.56548,3.00323,85.22080,0.08000,K+1;Fe+3;Mn+4;O-2;F-1,4.04263,-122.21849,,0.01247
Cs2FeZnF6,unstable_likely,25,0,0.00000,0.35583,0.35583,True,,False,0.00967,0.63650,0.01519,3.37631,2.34183,4.41080,3461.17874,0.00000,Cs+1;Fe+2;Zn+2;F-1,3.48121,76.95056,,6.40153
Cs2ZrInO3F3,unstable_likely,25,0,0.00000,0.17607,0.17607,True,,False,0.02166,0.97215,0.02228,3.80529,2.18445,5.42614,13138.18443,0.00000,Cs+1;Zr+4;In+3;O-2;F-1,3.52727,115.37730,,5.71006
Cs2GeCrO3F3,unstable_likely,25,0,0.00000,0.15872,0.15872,True,,False,0.05011,0.86418,0.05798,3.14957,1.57989,4.71925,688.17272,0.00000,Cs+1;Ge+4;Cr+3;O-2;F-1,4.14610,121.20941,,7.07851
Cs2WGaO3F3,unstable_likely,25,0,0.00000,0.15827,0.15827,True,,False,0.05614,0.96683,0.05807,3.27769,1.51217,5.04321,788.58257,0.00000,Cs+1;W+4;Ga+3;O-2;F-1,3.85888,121.38825,,5.31128
Na2MoGaO3F3,unstable_likely,25,0,0.00000,0.15745,0.15745,True,,False,0.04716,0.92365,0.05106,3.21550,1.67119,4.75981,645.37947,0.01200,Na+1;Mo+4;Ga+3;O-2;F-1,3.94369,121.69040,,0.36054
K2SnWO6,unstable_likely,25,0,0.00000,0.13571,0.13571,True,,False,0.04197,0.78675,0.05334,3.04446,1.72133,4.36759,550.52134,0.01100,K+1;Sn+4;W+6;O-2,3.89518,130.47844,,0.06365
Cs2TiCrO3F3,unstable_likely,25,0,0.00000,0.10308,0.10308,True,,False,0.08201,0.84861,0.09664,2.82054,1.17922,4.46186,385.76808,0.00000,Cs+1;Ti+4;Cr+3;O-2;F-1,3.97585,147.71708,,6.81785
K2VSbO6,unstable_likely,25,0,0.00000,0.08750,0.08750,True,,False,0.06899,0.78151,0.08828,2.74137,1.43815,4.04459,268.57448,0.01700,K+1;V+5;Sb+5;O-2,4.17865,158.32337,,0.04298
Cs2MnZnF3Cl3,unstable_likely,25,0,0.00000,0.06165,0.06165,True,,False,0.08233,0.53861,0.15285,2.37801,1.13761,3.61841,3729.30011,0.00000,Cs+1;Mn+2;Zn+2;F-1;Cl-1,3.74223,182.55590,,5.83724
Cs2NbFeO3F3,unstable_likely,25,0,0.00000,0.04118,0.04118,True,,False,0.09670,0.85886,0.11259,2.75591,0.92946,4.58237,362.89226,0.00000,Cs+1;Nb+5;Fe+2;O-2;F-1,3.64177,212.19434,,6.18498
K2TiSbO3F3,unstable_likely,25,0,0.00000,0.03848,0.03848,True,,False,0.09152,0.87021,0.10517,2.75149,1.14185,4.36113,267.93830,0.01900,K+1;Ti+4;Sb+3;O-2;F-1,3.74092,217.27646,,0.02495
Rb2GeZnF3Br3,unstable_likely,25,0,0.00000,0.02848,0.02848,True,,False,0.06332,0.88680,0.07140,2.71217,1.63431,3.79004,206.41165,0.00000,Rb+1;Ge+2;Zn+2;F-1;Br-1,3.99052,240.53372,,7.57662
Cs2NbCuO3F3,unstable_likely,25,0,0.00000,0.02663,0.02663,True,,False,0.10743,0.65711,0.16349,2.37074,0.44895,4.29253,613.58539,0.00000,Cs+1;Nb+5;Cu+2;O-2;F-1,3.71111,246.29992,,6.09920
Cs2SnNbO3Cl3,unstable_likely,25,0,0.00000,0.02634,0.02634,True,,False,0.08751,0.92408,0.09470,2.73894,1.37018,4.10770,217.49048,0.00000,Cs+1;Sn+4;Nb+3;O-2;Cl-1,3.99538,247.02827,,5.10182
Na2TiBiO3Cl3,unstable_likely,25,0,0.00000,0.02404,0.02404,True,,False,0.10164,0.80978,0.12551,2.60121,1.01706,4.18535,232.23534,0.02200,Na+1;Ti+4;Bi+3;O-2;Cl-1,4.16654,253.20401,,0.01581
Na2NbMnO3F3,unstable_likely,25,0,0.00000,0.02334,0.02334,True,,False,0.09673,0.83586,0.11572,2.62038,1.22009,4.02067,219.31175,0.03600,Na+1;Nb+5;Mn+2;O-2;F-1,3.82511,255.42988,,0.02646
Cs2TiInO3Cl3,unstable_likely,25,0,0.00000,0.01454,0.01454,True,,False,0.10690,0.94451,0.11318,2.64677,1.19947,4.09407,192.99032,0.00000,Cs+1;Ti+4;In+3;O-2;Cl-1,4.00331,297.64104,,5.64212
K2TiBiO3Cl3,unstable_likely,25,0,0.00000,0.01193,0.01193,True,,False,0.11361,0.81038,0.14019,2.51871,0.88727,4.15016,222.46695,0.02400,K+1;Ti+4;Bi+3;O-2;Cl-1,3.84482,318.38108,,0.01998
Rb2SbZnO3Cl3,unstable_likely,25,0,0.00000,0.01039,0.01039,True,,False,0.13220,0.74978,0.17632,2.32764,0.88775,3.76753,181.11069,0.00000,Rb+1;Sb+5;Zn+2;O-2;Cl-1,4.11843,334.50686,,8.37450
Cs2SbZnO3Cl3,unstable_likely,25,0,0.00000,0.01004,0.01004,True,,False,0.11598,0.77374,0.14990,2.41646,1.07479,3.75813,179.43559,0.00000,Cs+1;Sb+5;Zn+2;O-2;Cl-1,4.11515,338.31183,,5.28772
K2GeInO3Cl3,unstable_likely,25,0,0.00000,0.00973,0.00973,True,,False,0.11326,0.88115,0.12854,2.51325,1.19830,3.82820,172.89795,0.02100,K+1;Ge+4;In+3;O-2;Cl-1,4.14563,341.41605,,0.91261
K2TaCuO3F3,unstable_likely,25,0,0.00000,0.00732,0.00732,True,,False,0.14449,0.81442,0.17741,2.31219,0.63689,3.98748,180.08482,0.03200,K+1;Ta+5;Cu+2;O-2;F-1,3.73505,373.18836,,0.30213
Na2TaCuO3F3,unstable_likely,25,0,0.00000,0.00727,0.00727,True,,False,0.11997,0.83615,0.14348,2.47757,0.99101,3.96413,178.61674,0.02800,Na+1;Ta+5;Cu+2;O-2;F-1,3.86026,373.84860,,0.32030
K2TaCuO3Cl3,unstable_likely,25,0,0.00000,0.00668,0.00668,True,,False,0.14807,0.76377,0.19387,2.23634,0.91737,3.55531,147.13893,0.03300,K+1;Ta+5;Cu+2;O-2;Cl-1,4.08542,383.96980,,0.27054
K2SnBiO3Cl3,unstable_likely,25,0,0.00000,0.00491,0.00491,True,,False,0.15355,0.75487,0.20341,2.19950,0.76407,3.63494,150.60475,0.04800,K+1;Sn+4;Bi+3;O-2;Cl-1,3.82045,423.77182,,0.03341
Na2TaMnO3Cl3,unstable_likely,25,0,0.00000,0.00457,0.00457,True,,False,0.13149,0.82036,0.16028,2.33555,1.16970,3.50141,131.88485,0.03300,Na+1;Ta+5;Mn+2;O-2;Cl-1,4.15164,435.94324,,0.28514
Rb2TiBiO3I3,unstable_likely,25,0,0.00000,0.00455,0.00455,True,,False,0.17507,0.84114,0.20814,2.18267,0.87902,3.48631,109.82393,0.00000,Rb+1;Ti+4;Bi+3;O-2;I-1,4.03041,436.19436,,5.09209
Rb2ZrBiO3I3,unstable_likely,25,0,0.00000,0.00408,0.00408,True,,False,0.17663,0.86760,0.20358,2.20453,0.91184,3.49722,121.05781,0.00000,Rb+1;Zr+4;Bi+3;O-2;I-1,3.96563,454.44168,,4.85245
Cs2TaFeO3Cl3,unstable_likely,25,0,0.00000,0.00389,0.00389,True,,False,0.17553,0.86008,0.20409,2.20252,0.93779,3.46725,113.06997,0.00000,Cs+1;Ta+5;Fe+2;O-2;Cl-1,3.97980,459.98087,,5.06867
Rb2TiBiO3Br3,unstable_likely,25,0,0.00000,0.00258,0.00258,True,,False,0.18820,0.83324,0.22586,2.09423,0.61519,3.57327,111.67701,0.00000,Rb+1;Ti+4;Bi+3;O-2;Br-1,3.88362,532.85206,,6.00384
Cs2TaFeO3Br3,unstable_likely,25,0,0.00000,0.00255,0.00255,True,,False,0.19387,0.84633,0.22907,2.10540,0.82812,3.38268,109.96312,0.00000,Cs+1;Ta+5;Fe+2;O-2;Br-1,4.08543,534.91947,,4.21656
K2ZrInO3Br3,unstable_likely,25,0,0.00000,0.00204,0.00204,True,,False,0.17799,0.92208,0.19303,2.24606,0.96361,3.52850,106.85551,0.03800,K+1;Zr+4;In+3;O-2;Br-1,4.01615,574.52363,,0.16242
K2ZrBiO3Br3,unstable_likely,25,0,0.00000,0.00200,0.00200,True,,False,0.20670,0.84565,0.24443,2.05449,0.72279,3.38619,101.67310,0.05400,K+1;Zr+4;Bi+3;O-2;Br-1,3.90345,582.86269,,0.02613
Rb2CrAgO3Cl3,stable_likely,25,0,0.00000,0.00000,0.72409,False,,False,0.34029,0.75206,0.45248,1.54987,0.41067,2.68907,86.58981,0.00000,Rb+1;Cr+6;Ag+1;O-2;Cl-1,3.82231,26.94040,,9.33014
Rb2CrAgS3F3,stable_likely,25,0,0.00000,0.00000,0.89286,False,,False,0.33073,0.80182,0.41247,1.57091,0.31473,2.82710,85.74952,0.00000,Rb+1;Cr+6;Ag+1;S-2;F-1,3.79715,-23.38890,,9.35671
K2VMnSe3F3,stable_likely,25,0,0.00000,0.00000,0.76019,True,177.75217,True,0.32916,0.79025,0.41653,1.44458,0.11152,2.77764,85.56503,0.12800,K+1;V+5;Mn+2;Se-2;F-1,4.15841,20.18655,,0.05674
Rb2SnWO6,unstable_likely,26,0,0.00000,0.15305,0.15305,True,,False,0.02618,0.86879,0.03013,3.37443,2.02481,4.72405,1476.69913,0.00000,Rb+1;Sn+4;W+6;O-2,3.88933,123.30807,,7.57493
Rb2SnMoO6,unstable_likely,26,0,0.00000,0.12779,0.12779,True,,False,0.03262,0.90943,0.03587,3.23916,1.94893,4.52939,666.07638,0.00000,Rb+1;Sn+4;Mo+6;O-2,3.90596,134.23386,,8.96538
Rb2ZrGaO3F3,unstable_likely,26,0,0.00000,0.11326,0.11326,True,,False,0.03298,0.97429,0.03385,3.65630,1.94716,5.36543,3677.47644,0.00000,Rb+1;Zr+4;Ga+3;O-2;F-1,3.76022,141.72568,,10.03773
Rb2ZrInO3F3,unstable_likely,26,0,0.00000,0.10794,0.10794,True,,False,0.03698,0.97139,0.03807,3.55988,1.83693,5.28283,2528.23123,0.00000,Rb+1;Zr+4;In+3;O-2;F-1,3.56695,144.70236,,9.07526
K2ZrInO3F3,unstable_likely,26,0,0.00000,0.10321,0.10321,True,,False,0.04706,0.95963,0.04904,3.38350,1.63066,5.13634,974.26252,0.01000,K+1;Zr+4;In+3;O-2;F-1,3.60167,147.62257,,0.23268
Na2WGaO3F3,unstable_likely,26,0,0.00000,0.10215,0.10215,True,,False,0.06297,0.94084,0.06693,3.04798,1.50214,4.59382,456.98008,0.01800,Na+1;W+4;Ga+3;O-2;F-1,3.93310,148.35380,,0.27286
Rb2NbMnO3F3,unstable_likely,26,0,0.00000,0.09812,0.09812,True,,False,0.08110,0.83629,0.09698,2.83289,1.13512,4.53067,444.79068,0.00000,Rb+1;Nb+5;Mn+2;O-2;F-1,3.60957,150.90948,,10.13254
K2TiGaO3F3,unstable_likely,26,0,0.00000,0.06825,0.06825,True,,False,0.06407,0.94770,0.06761,2.96861,1.53273,4.40448,309.03700,0.01500,K+1;Ti+4;Ga+3;O-2;F-1,3.94717,175.14339,,0.32137
Na2TaSbO6,unstable_likely,26,0,0.00000,0.03581,0.03581,True,,False,0.07548,0.83581,0.09031,2.80671,1.36428,4.24914,332.23077,0.01500,Na+1;Ta+5;Sb+5;O-2,4.03501,222.80650,,0.28860
Cs2ZrCrO3F3,unstable_likely,26,0,0.00000,0.03477,0.03477,True,,False,0.08399,0.87823,0.09563,2.81349,1.20736,4.41963,357.63441,0.00000,Cs+1;Zr+4;Cr+3;O-2;F-1,3.76490,225.00839,,6.25278
Rb2TiBiO3F3,unstable_likely,26,0,0.00000,0.03213,0.03213,True,,False,0.09051,0.85519,0.10584,2.77213,1.07693,4.46733,345.99899,0.00000,Rb+1;Ti+4;Bi+3;O-2;F-1,3.49830,230.91882,,8.05850
Na2GeNbO3F3,unstable_likely,26,0,0.00000,0.02709,0.02709,True,,False,0.07591,0.89314,0.08499,2.93042,1.29965,4.56119,343.69783,0.01000,Na+1;Ge+4;Nb+3;O-2;F-1,3.96641,244.46389,,0.96898
Cs2FeMnF3Cl3,unstable_likely,26,0,0.00000,0.02292,0.02292,True,,False,0.10522,0.54249,0.19396,2.22663,0.65446,3.79881,inf,0.00000,Cs+1;Fe+2;Mn+2;F-1;Cl-1,3.70372,256.66410,,5.93961
Na2TiSbO3F3,unstable_likely,26,0,0.00000,0.01868,0.01868,True,,False,0.08930,0.88171,0.10128,2.72509,1.27238,4.17779,228.59371,0.02400,Na+1;Ti+4;Sb+3;O-2;F-1,3.86326,273.57874,,0.01950
Cs2TaFeO3F3,unstable_likely,26,0,0.00000,0.01664,0.01664,True,,False,0.09279,0.84117,0.11031,2.74262,1.03725,4.44799,352.39394,0.00000,Cs+1;Ta+5;Fe+2;O-2;F-1,3.64177,284.79278,,5.48073
K2GeTaO3F3,unstable_likely,26,0,0.00000,0.01517,0.01517,True,,False,0.09254,0.90094,0.10272,2.84331,1.02118,4.66544,345.77136,0.01100,K+1;Ge+4;Ta+3;O-2;F-1,3.90402,293.64236,,0.97506
Rb2GeBiO3Cl3,unstable_likely,26,0,0.00000,0.01071,0.01071,True,,False,0.08630,0.79816,0.10812,2.61549,1.32880,3.90218,219.92892,0.00000,Rb+1;Ge+4;Bi+3;O-2;Cl-1,3.84622,331.09104,,7.56494
Rb2ZrBiO3Cl3,unstable_likely,26,0,0.00000,0.01014,0.01014,True,,False,0.08957,0.87995,0.10179,2.73455,1.24413,4.22498,285.51523,0.00000,Rb+1;Zr+4;Bi+3;O-2;Cl-1,3.74277,336.94153,,6.87191
K2GeBiO3Cl3,unstable_likely,26,0,0.00000,0.01013,0.01013,True,,False,0.09142,0.73587,0.12424,2.55806,1.16627,3.94985,237.13650,0.01400,K+1;Ge+4;Bi+3;O-2;Cl-1,3.88692,337.15790,,0.59866
K2ZrBiO3Cl3,unstable_likely,26,0,0.00000,0.01012,0.01012,True,,False,0.09506,0.85776,0.11082,2.66552,1.19618,4.13486,251.02095,0.01700,K+1;Zr+4;Bi+3;O-2;Cl-1,3.81774,337.47840,,0.02800
Na2SnInO3Cl3,unstable_likely,26,0,0.00000,0.00993,0.00993,True,,False,0.12235,0.87011,0.14061,2.49850,0.98346,4.01354,182.40210,0.02700,Na+1;Sn+4;In+3;O-2;Cl-1,4.14594,339.38646,,0.21126
K2TiSbO3Cl3,unstable_likely,26,0,0.00000,0.00510,0.00510,True,,False,0.11252,0.86232,0.13049,2.51772,1.13490,3.90054,167.67692,0.02600,K+1;Ti+4;Sb+3;O-2;Cl-1,4.09256,418.45231,,0.02149
Na2TaFeO3Cl3,unstable_likely,26,0,0.00000,0.00426,0.00426,True,,False,0.14096,0.78705,0.17910,2.27816,1.07778,3.47854,134.76657,0.02000,Na+1;Ta+5;Fe+2;O-2;Cl-1,4.17477,446.25494,,0.28392
Rb2TaMnO3Cl3,unstable_likely,26,0,0.00000,0.00371,0.00371,True,,False,0.14129,0.83994,0.16821,2.33405,1.03248,3.63561,151.06407,0.00000,Rb+1;Ta+5;Mn+2;O-2;Cl-1,3.93610,466.30092,,7.85913
K2TaMnO3Cl3,unstable_likely,26,0,0.00000,0.00352,0.00352,True,,False,0.15926,0.81336,0.19581,2.23327,0.90672,3.55981,125.31393,0.02300,K+1;Ta+5;Mn+2;O-2;Cl-1,3.96382,475.29451,,0.27097
K2TaMnO3Br3,unstable_likely,26,0,0.00000,0.00324,0.00324,True,,False,0.15914,0.77625,0.20501,2.18751,1.03540,3.33962,116.11955,0.03700,K+1;Ta+5;Mn+2;O-2;Br-1,4.06586,489.78426,,0.21506
Rb2TaCuO3Br3,unstable_likely,26,0,0.00000,0.00269,0.00269,True,,False,0.17577,0.76533,0.22966,2.10246,0.81487,3.39005,127.00728,0.00000,Rb+1;Ta+5;Cu+2;O-2;Br-1,4.17989,520.23052,,6.27897
Rb2TaFeO3Br3,unstable_likely,26,0,0.00000,0.00212,0.00212,True,,False,0.17943,0.82817,0.21666,2.15526,0.95858,3.35194,110.44249,0.00000,Rb+1;Ta+5;Fe+2;O-2;Br-1,4.10410,568.68173,,6.34505
Rb2GeBiO3Br3,unstable_likely,26,0,0.00000,0.00153,0.00153,True,,False,0.19807,0.82314,0.24063,2.07581,0.90433,3.24728,104.73241,0.00000,Rb+1;Ge+4;Bi+3;O-2;Br-1,3.94237,637.90889,,6.20553
Cs2GeCuF3Cl3,stable_likely,26,0,0.00000,0.00000,0.90585,True,85.74248,True,0.33865,0.68634,0.49342,1.38241,0.26314,2.50167,92.97042,0.00000,Cs+1;Ge+2;Cu+2;F-1;Cl-1,3.87308,-31.74519,,6.20548
Rb2GeCuF3Cl3,stable_likely,26,0,0.00000,0.00000,0.92939,False,,False,0.33846,0.70020,0.48337,1.16887,0.04855,2.28919,91.39117,0.00000,Rb+1;Ge+2;Cu+2;F-1;Cl-1,3.89989,-50.49125,,9.75281
K2MnBiO3Se3,unstable_likely,26,0,0.00000,0.00000,0.05686,False,,False,0.33817,0.73354,0.46101,1.32327,0.08719,2.55934,87.85799,0.11100,K+1;Mn+7;Bi+3;O-2;Se-2,4.05826,188.15370,,0.03967
Cs2CrAgS3F3,stable_likely,26,0,0.00000,0.00000,0.94505,False,,False,0.31034,0.80106,0.38741,1.58815,0.25374,2.92255,87.19366,0.00000,Cs+1;Cr+6;Ag+1;S-2;F-1,3.74127,-69.17436,,5.95712
Cs2SnMoO6,unstable_likely,27,0,0.00000,0.09508,0.09508,True,,False,0.03663,0.92925,0.03942,3.29703,1.87802,4.71603,734.36004,0.00000,Cs+1;Sn+4;Mo+6;O-2,3.91357,152.96374,,5.61599
Cs2TiGaO3F3,unstable_likely,27,0,0.00000,0.09118,0.09118,True,,False,0.04904,0.96514,0.05081,3.29814,1.63462,4.96167,833.98857,0.00000,Cs+1;Ti+4;Ga+3;O-2;F-1,3.96548,155.64061,,6.75667
Na2SnBiO3F3,unstable_likely,27,0,0.00000,0.08825,0.08825,True,,False,0.04674,0.82905,0.05638,3.12121,1.63368,4.60875,613.99487,0.01000,Na+1;Sn+4;Bi+3;O-2;F-1,3.95357,157.80717,,0.03410
Cs2NbMnO3F3,unstable_likely,27,0,0.00000,0.08313,0.08313,True,,False,0.05370,0.84836,0.06330,3.29554,1.39692,5.19416,1329.06340,0.00000,Cs+1;Nb+5;Mn+2;O-2;F-1,3.58068,161.66599,,6.19632
Cs2TaMnO3F3,unstable_likely,27,0,0.00000,0.05724,0.05724,True,,False,0.05685,0.84198,0.06752,3.08766,1.47025,4.70506,552.16440,0.00000,Cs+1;Ta+5;Mn+2;O-2;F-1,3.58068,187.69032,,5.48937
Na2TiInO3F3,unstable_likely,27,0,0.00000,0.05243,0.05243,True,,False,0.04625,0.93668,0.04938,3.07310,1.75738,4.38882,412.04716,0.00900,Na+1;Ti+4;In+3;O-2;F-1,3.84254,193.88068,,0.26423
K2GeNbO3F3,unstable_likely,27,0,0.00000,0.05178,0.05178,True,,False,0.06076,0.87264,0.06963,3.09764,1.41700,4.77827,686.83418,0.00900,K+1;Ge+4;Nb+3;O-2;F-1,3.90402,194.76780,,0.88677
Rb2TiSbO3F3,unstable_likely,27,0,0.00000,0.04483,0.04483,True,,False,0.06530,0.88929,0.07343,3.02458,1.41587,4.63329,528.57913,0.00000,Rb+1;Ti+4;Sb+3;O-2;F-1,3.72650,205.46363,,9.63346
Na2TiGaO3F3,unstable_likely,27,0,0.00000,0.04096,0.04096,True,,False,0.04763,0.93422,0.05098,3.08765,1.73010,4.44519,405.77447,0.01300,Na+1;Ti+4;Ga+3;O-2;F-1,3.99777,212.54354,,0.35042
Rb2SnNbO3F3,unstable_likely,27,0,0.00000,0.03645,0.03645,True,,False,0.07123,0.91245,0.07807,3.04733,1.28861,4.80605,454.10914,0.00000,Rb+1;Sn+4;Nb+3;O-2;F-1,3.67164,221.48007,,8.82706
Na2SnNbO3F3,unstable_likely,27,0,0.00000,0.02723,0.02723,True,,False,0.06770,0.90224,0.07503,2.93186,1.45295,4.41077,356.88049,0.02700,Na+1;Sn+4;Nb+3;O-2;F-1,3.84049,244.09405,,0.04854
Cs2GeZnF3Br3,unstable_likely,27,0,0.00000,0.02135,0.02135,True,,False,0.05617,0.87219,0.06440,2.85702,1.65083,4.06322,322.37709,0.00000,Cs+1;Ge+2;Zn+2;F-1;Br-1,3.96163,262.30745,,5.00868
Rb2GeTaO3F3,unstable_likely,27,0,0.00000,0.01886,0.01886,True,,False,0.08326,0.92545,0.08997,2.91933,1.15685,4.68181,365.69199,0.00000,Rb+1;Ge+4;Ta+3;O-2;F-1,3.90249,272.64436,,8.89363
K2SnTaO3Cl3,unstable_likely,27,0,0.00000,0.01710,0.01710,True,,False,0.08252,0.89293,0.09242,2.78528,1.34681,4.22375,258.08883,0.01500,K+1;Sn+4;Ta+3;O-2;Cl-1,4.03198,281.81762,,0.25671
Rb2TiBiO3Cl3,unstable_likely,27,0,0.00000,0.01306,0.01306,True,,False,0.08568,0.84602,0.10128,2.73774,1.24609,4.22939,296.88289,0.00000,Rb+1;Ti+4;Bi+3;O-2;Cl-1,3.79188,308.23421,,7.37489
Na2TiBiO3F3,unstable_likely,27,0,0.00000,0.00919,0.00919,True,,False,0.09913,0.86112,0.11512,2.69259,1.02595,4.35923,332.20281,0.03400,Na+1;Ti+4;Bi+3;O-2;F-1,3.87296,348.22398,,0.01811
Cs2GeBiO3Cl3,unstable_likely,27,0,0.00000,0.00867,0.00867,True,,False,0.08929,0.85253,0.10474,2.58926,1.39201,3.78652,192.42659,0.00000,Cs+1;Ge+4;Bi+3;O-2;Cl-1,3.79745,354.96715,,5.00304
K2TaZnO3F3,unstable_likely,27,0,0.00000,0.00652,0.00652,True,,False,0.09494,0.84570,0.11226,2.74786,0.94446,4.55126,305.33227,0.03100,K+1;Ta+5;Zn+2;O-2;F-1,3.72361,387.44920,,0.29652
Rb2TiSbO3Cl3,unstable_likely,27,0,0.00000,0.00603,0.00603,True,,False,0.11657,0.88813,0.13125,2.53707,1.05210,4.02204,184.26333,0.00000,Rb+1;Ti+4;Sb+3;O-2;Cl-1,4.07814,399.60310,,8.67229
Cs2TaMnO3Cl3,unstable_likely,27,0,0.00000,0.00340,0.00340,True,,False,0.13364,0.84944,0.15733,2.36712,1.09290,3.64135,131.26229,0.00000,Cs+1;Ta+5;Mn+2;O-2;Cl-1,3.90721,481.12156,,5.07609
Cs2TiBiO3Br3,unstable_likely,27,0,0.00000,0.00213,0.00213,True,,False,0.15583,0.85474,0.18231,2.29650,0.73834,3.85465,137.33928,0.00000,Cs+1;Ti+4;Bi+3;O-2;Br-1,3.81653,565.46424,,3.96798
K2SnTaO3Br3,unstable_likely,27,0,0.00000,0.00206,0.00206,True,,False,0.13643,0.88136,0.15479,2.37826,1.11893,3.63759,122.56569,0.02700,K+1;Sn+4;Ta+3;O-2;Br-1,4.13836,571.49918,,0.20902
Cs2SnNbO3Br3,unstable_likely,27,0,0.00000,0.00205,0.00205,True,,False,0.15904,0.91471,0.17387,2.30281,1.04933,3.55628,120.20090,0.00000,Cs+1;Sn+4;Nb+3;O-2;Br-1,4.10177,572.04535,,4.21589
Rb2ZrInO3Br3,unstable_likely,27,0,0.00000,0.00194,0.00194,True,,False,0.15842,0.95764,0.16543,2.33936,1.05708,3.62165,116.47396,0.00000,Rb+1;Zr+4;In+3;O-2;Br-1,3.98142,585.19383,,6.58406
Cs2GeBiO3Br3,unstable_likely,27,0,0.00000,0.00136,0.00136,True,,False,0.16335,0.85482,0.19109,2.23889,1.06721,3.41057,114.44482,0.00000,Cs+1;Ge+4;Bi+3;O-2;Br-1,3.89360,661.46107,,4.20714
K2ZrSbO3Br3,unstable_likely,27,0,0.00000,0.00130,0.00130,True,,False,0.16837,0.88940,0.18931,2.25964,0.90434,3.61494,116.68793,0.04700,K+1;Zr+4;Sb+3;O-2;Br-1,4.05516,671.72453,,0.02811
K2SbCuS3F3,stable_likely,27,0,0.00000,0.00000,0.90529,True,218.33515,True,0.33458,0.67867,0.49299,1.42283,0.32010,2.52556,89.32273,0.10100,K+1;Sb+5;Cu+2;S-2;F-1,4.11555,-31.25559,,0.02877
Rb2SnFeS3F3,stable_likely,27,0,0.00000,0.00000,0.78797,True,277.19325,True,0.30447,0.86445,0.35221,1.73589,0.45828,3.01350,89.09270,0.00000,Rb+1;Sn+4;Fe+3;S-2;F-1,4.09685,14.01146,,8.61997
Na2CrAgO3Cl3,stable_likely,27,0,0.00000,0.00000,0.93366,False,,False,0.30178,0.72525,0.41610,1.62613,0.45301,2.79924,87.99228,0.06900,Na+1;Cr+6;Ag+1;O-2;Cl-1,4.14823,-54.95831,,0.66794
K2ZrGaO3F3,unstable_likely,28,0,0.00000,0.08675,0.08675,True,,False,0.04070,0.96069,0.04237,3.45936,1.75791,5.16080,1358.76490,0.01300,K+1;Zr+4;Ga+3;O-2;F-1,3.77171,158.91107,,0.29581
Rb2NbSbO6,unstable_likely,28,0,0.00000,0.08480,0.08480,True,,False,0.01954,0.86090,0.02270,3.32820,2.15050,4.50590,1118.72542,0.00000,Rb+1;Nb+5;Sb+5;O-2,3.97690,160.43059,,8.92381
Cs2SnWO6,unstable_likely,28,0,0.00000,0.05830,0.05830,True,,False,0.03850,0.89256,0.04313,3.22307,1.81624,4.62990,759.41812,0.00000,Cs+1;Sn+4;W+6;O-2,3.89516,186.31546,,4.86726
Rb2GeNbO3F3,unstable_likely,28,0,0.00000,0.05138,0.05138,True,,False,0.05441,0.89904,0.06052,3.30258,1.46408,5.14109,1762.27589,0.00000,Rb+1;Ge+4;Nb+3;O-2;F-1,3.90249,195.39829,,10.40305
Cs2TiBiO3F3,unstable_likely,28,0,0.00000,0.04449,0.04449,True,,False,0.06441,0.85842,0.07503,3.06795,1.36200,4.77390,635.81832,0.00000,Cs+1;Ti+4;Bi+3;O-2;F-1,3.43120,206.13231,,5.11939
K2SnNbO3F3,unstable_likely,28,0,0.00000,0.03645,0.03645,True,,False,0.06987,0.88257,0.07917,3.02523,1.29198,4.75848,513.34917,0.01800,K+1;Sn+4;Nb+3;O-2;F-1,3.69155,221.48870,,0.05104
Rb2SnTaO3Cl3,unstable_likely,28,0,0.00000,0.01830,0.01830,True,,False,0.06064,0.92118,0.06583,2.99107,1.53875,4.44340,390.70276,0.00000,Rb+1;Sn+4;Ta+3;O-2;Cl-1,4.01207,276.04386,,7.07267
Rb2ZrBiO3F3,unstable_likely,28,0,0.00000,0.01735,0.01735,True,,False,0.08172,0.88745,0.09208,2.88043,1.17189,4.58898,394.99368,0.00000,Rb+1;Zr+4;Bi+3;O-2;F-1,3.46848,280.52786,,7.46098
K2ZrBiO3F3,unstable_likely,28,0,0.00000,0.01557,0.01557,True,,False,0.08281,0.88317,0.09377,2.89254,1.09608,4.68901,369.74139,0.03100,K+1;Zr+4;Bi+3;O-2;F-1,3.54345,290.22171,,0.03119
Cs2TaCuO3F3,unstable_likely,28,0,0.00000,0.01408,0.01408,True,,False,0.08293,0.83835,0.09892,2.82837,1.11652,4.54023,430.95933,0.00000,Cs+1;Ta+5;Cu+2;O-2;F-1,3.71111,300.67527,,5.41603
Rb2NbZnO3Cl3,unstable_likely,28,0,0.00000,0.01291,0.01291,True,,False,0.05400,0.82132,0.06575,2.84686,1.62622,4.06749,312.54838,0.00000,Rb+1;Nb+5;Zn+2;O-2;Cl-1,4.05522,309.04721,,8.87914
Cs2TiBiO3Cl3,unstable_likely,28,0,0.00000,0.00947,0.00947,True,,False,0.08360,0.86134,0.09706,2.78625,1.23916,4.33333,311.05346,0.00000,Cs+1;Ti+4;Bi+3;O-2;Cl-1,3.72478,344.72032,,4.74588
Cs2ZrBiO3Cl3,unstable_likely,28,0,0.00000,0.00734,0.00734,True,,False,0.08595,0.89248,0.09630,2.77952,1.26122,4.29782,282.96934,0.00000,Cs+1;Zr+4;Bi+3;O-2;Cl-1,3.64360,372.84764,,4.46738
Na2NbZnO3F3,unstable_likely,28,0,0.00000,0.00685,0.00685,True,,False,0.08042,0.83950,0.09580,2.77532,1.30897,4.24168,274.48816,0.01400,Na+1;Nb+5;Zn+2;O-2;F-1,3.85460,381.68340,,0.02647
K2ZrInO3Cl3,unstable_likely,28,0,0.00000,0.00657,0.00657,True,,False,0.06819,0.93291,0.07309,2.83492,1.54537,4.12446,242.40561,0.01700,K+1;Zr+4;In+3;O-2;Cl-1,3.91746,386.72189,,0.20614
Cs2TiSbO3Cl3,unstable_likely,28,0,0.00000,0.00512,0.00512,True,,False,0.08938,0.88992,0.10044,2.75580,1.19033,4.32128,255.39706,0.00000,Cs+1;Ti+4;Sb+3;O-2;Cl-1,4.07017,416.98064,,5.44579
Rb2TaZnO3Cl3,unstable_likely,28,0,0.00000,0.00510,0.00510,True,,False,0.09698,0.82253,0.11791,2.59859,1.22038,3.97681,234.38317,0.00000,Rb+1;Ta+5;Zn+2;O-2;Cl-1,4.05522,418.78507,,7.71567
Rb2SnGaO3Cl3,unstable_likely,28,0,0.00000,0.00471,0.00471,True,,False,0.10934,0.92002,0.11884,2.65865,0.98992,4.32737,238.22341,0.00000,Rb+1;Sn+4;Ga+3;O-2;Cl-1,4.17033,429.18865,,8.54324
Cs2TaZnO3Cl3,unstable_likely,28,0,0.00000,0.00450,0.00450,True,,False,0.10464,0.84454,0.12390,2.55075,1.18137,3.92014,189.62336,0.00000,Cs+1;Ta+5;Zn+2;O-2;Cl-1,4.04438,438.34123,,4.99677
Rb2NbZnO3Br3,unstable_likely,28,0,0.00000,0.00315,0.00315,True,,False,0.11420,0.81262,0.14053,2.41551,1.24921,3.58180,151.92176,0.00000,Rb+1;Nb+5;Zn+2;O-2;Br-1,4.16391,495.06323,,6.96399
Rb2SnTaO3Br3,unstable_likely,28,0,0.00000,0.00194,0.00194,True,,False,0.11680,0.91586,0.12753,2.52892,1.15917,3.89866,165.50074,0.00000,Rb+1;Sn+4;Ta+3;O-2;Br-1,4.11845,585.05663,,5.83217
Rb2ZrBiO3Br3,unstable_likely,28,0,0.00000,0.00180,0.00180,True,,False,0.15670,0.86556,0.18104,2.30350,0.88733,3.71968,136.35508,0.00000,Rb+1;Zr+4;Bi+3;O-2;Br-1,3.82848,598.39938,,5.66759
Cs2ZrInO3Br3,unstable_likely,28,0,0.00000,0.00176,0.00176,True,,False,0.13999,0.96544,0.14500,2.41893,1.13757,3.70029,126.08583,0.00000,Cs+1;Zr+4;In+3;O-2;Br-1,3.94174,601.57630,,4.33954
Cs2TaZnO3Br3,unstable_likely,28,0,0.00000,0.00169,0.00169,True,,False,0.14329,0.80882,0.17716,2.30049,1.02140,3.57958,132.12971,0.00000,Cs+1;Ta+5;Zn+2;O-2;Br-1,4.15307,614.75013,,4.16683
K2GeBiO3Br3,unstable_likely,28,0,0.00000,0.00136,0.00136,True,,False,0.16063,0.75221,0.21354,2.16626,0.95276,3.37976,135.22692,0.03400,K+1;Ge+4;Bi+3;O-2;Br-1,3.98308,659.30638,,0.47921
Rb2ZrSbO3Br3,unstable_likely,28,0,0.00000,0.00120,0.00120,True,,False,0.14566,0.91454,0.15927,2.37911,1.02418,3.73404,128.44837,0.00000,Rb+1;Zr+4;Sb+3;O-2;Br-1,4.02607,688.35541,,6.40191
Rb2SbCuS3F3,stable_likely,28,0,0.00000,0.00000,0.93427,False,,False,0.33049,0.67095,0.49257,1.21537,0.09773,2.33302,99.11920,0.00000,Rb+1;Sb+5;Cu+2;S-2;F-1,4.10522,-55.54928,,8.43180
Rb2SbCuO3F3,stable_likely,28,0,0.00000,0.00000,0.93495,False,,False,0.32030,0.63865,0.50152,1.52312,0.49969,2.54655,91.08786,0.00000,Rb+1;Sb+5;Cu+2;O-2;F-1,3.77439,-56.20465,,9.30896
Rb2CrMnS3F3,stable_likely,28,0,0.00000,0.00000,0.88112,True,243.28092,True,0.30386,0.81822,0.37137,1.63269,0.28024,2.98514,90.53295,0.00000,Rb+1;Cr+5;Mn+2;S-2;F-1,4.12228,-17.29801,,9.95264
Cs2MnBiO3S3,unstable_likely,28,0,0.00000,0.00000,0.05522,False,,False,0.28146,0.82686,0.34040,1.84978,0.72875,2.97081,89.04498,0.00000,Cs+1;Mn+7;Bi+3;O-2;S-2,3.90070,190.37520,,4.76900
Na2TiWO6,stable_likely,28,0,0.00000,0.00000,0.94793,False,,False,0.26764,0.87380,0.30630,1.91327,0.73652,3.09003,88.60828,0.06500,Na+1;Ti+4;W+6;O-2,4.08338,-73.50481,,0.05046
Cs2ZrGaO3F3,unstable_likely,29,0,0.00000,0.07592,0.07592,True,,False,0.03716,0.97392,0.03815,3.66580,1.79660,5.53501,3917.22067,0.00000,Cs+1;Zr+4;Ga+3;O-2;F-1,3.75694,167.63062,,6.21542
Cs2NbSbO6,unstable_likely,29,0,0.00000,0.05576,0.05576,True,,False,0.02172,0.90318,0.02405,3.45472,2.12988,4.77955,1563.29414,0.00000,Cs+1;Nb+5;Sb+5;O-2,3.99153,189.68990,,5.58136
Cs2TiSbO3F3,unstable_likely,29,0,0.00000,0.05214,0.05214,True,,False,0.03548,0.88877,0.03992,3.48466,1.81014,5.15917,2257.88140,0.00000,Cs+1;Ti+4;Sb+3;O-2;F-1,3.71852,194.24710,,5.94351
Cs2GeNbO3F3,unstable_likely,29,0,0.00000,0.03754,0.03754,True,,False,0.04102,0.89665,0.04575,3.53460,1.64948,5.41973,3427.81657,0.00000,Cs+1;Ge+4;Nb+3;O-2;F-1,3.91538,219.26313,,6.54890
Cs2SnNbO3F3,unstable_likely,29,0,0.00000,0.03741,0.03741,True,,False,0.04211,0.91541,0.04600,3.49355,1.65379,5.33331,2365.52562,0.00000,Cs+1;Sn+4;Nb+3;O-2;F-1,3.65496,219.52934,,5.53450
Na2ZrInO3F3,unstable_likely,29,0,0.00000,0.03257,0.03257,True,,False,0.02313,0.95486,0.02422,3.58802,2.13111,5.04492,1654.61030,0.01100,Na+1;Zr+4;In+3;O-2;F-1,3.82541,230.13260,,0.24654
Rb2TaSbO6,unstable_likely,29,0,0.00000,0.02501,0.02501,True,,False,0.02088,0.85286,0.02448,3.45895,2.12451,4.79338,1513.53156,0.00000,Rb+1;Ta+5;Sb+5;O-2,3.97690,250.72863,,7.74933
Na2GeBiO3Cl3,unstable_likely,29,0,0.00000,0.02334,0.02334,True,,False,0.04604,0.71031,0.06482,2.92998,1.58505,4.27491,680.02022,0.00500,Na+1;Ge+4;Bi+3;O-2;Cl-1,4.14208,255.43084,,0.63339
K2NbSbO6,unstable_likely,29,0,0.00000,0.02260,0.02260,True,,False,0.03917,0.79321,0.04938,2.99741,1.78179,4.21303,518.87874,0.00800,K+1;Nb+5;Sb+5;O-2,3.97738,257.78158,,0.03665
Cs2ZrBiO3F3,unstable_likely,29,0,0.00000,0.02206,0.02206,True,,False,0.05403,0.89521,0.06035,3.24971,1.49453,5.00489,959.42347,0.00000,Cs+1;Zr+4;Bi+3;O-2;F-1,3.36931,259.71325,,4.79626
K2ZrSbO3F3,unstable_likely,29,0,0.00000,0.02145,0.02145,True,,False,0.05062,0.90050,0.05621,3.23304,1.57474,4.89133,873.14038,0.01500,K+1;Zr+4;Sb+3;O-2;F-1,3.62948,261.97882,,0.03519
Cs2GeTaO3F3,unstable_likely,29,0,0.00000,0.01912,0.01912,True,,False,0.05879,0.93247,0.06305,3.18063,1.48786,4.87340,638.96661,0.00000,Cs+1;Ge+4;Ta+3;O-2;F-1,3.91538,271.50927,,5.81228
K2SnTaO3F3,unstable_likely,29,0,0.00000,0.01688,0.01688,True,,False,0.06690,0.88474,0.07562,3.15751,1.18885,5.12616,943.53357,0.01200,K+1;Sn+4;Ta+3;O-2;F-1,3.69155,283.31985,,0.28328
Rb2SnTaO3F3,unstable_likely,29,0,0.00000,0.01688,0.01688,True,,False,0.06624,0.92774,0.07140,3.18825,1.25971,5.11680,715.33947,0.00000,Rb+1;Sn+4;Ta+3;O-2;F-1,3.67164,283.38697,,7.67951
Na2SnTaO3F3,unstable_likely,29,0,0.00000,0.01628,0.01628,True,,False,0.06340,0.92061,0.06887,3.14672,1.38822,4.90523,666.36594,0.01400,Na+1;Sn+4;Ta+3;O-2;F-1,3.84049,286.80402,,0.29788
Na2GeTaO3F3,unstable_likely,29,0,0.00000,0.01522,0.01522,True,,False,0.06989,0.92312,0.07571,2.95296,1.42934,4.47658,400.76708,0.01000,Na+1;Ge+4;Ta+3;O-2;F-1,3.96641,293.24124,,1.04640
K2NbZnO3Cl3,unstable_likely,29,0,0.00000,0.01160,0.01160,True,,False,0.04986,0.80165,0.06220,2.89022,1.66558,4.11486,393.45620,0.01100,K+1;Nb+5;Zn+2;O-2;Cl-1,4.07143,322.47596,,0.02707
K2NbZnO3F3,unstable_likely,29,0,0.00000,0.00908,0.00908,True,,False,0.07211,0.82384,0.08753,2.91722,1.20271,4.63174,584.26378,0.01300,K+1;Nb+5;Zn+2;O-2;F-1,3.72361,350.43091,,0.03144
Rb2TaZnO3F3,unstable_likely,29,0,0.00000,0.00817,0.00817,True,,False,0.07270,0.84448,0.08609,2.96888,1.15266,4.78509,583.15944,0.00000,Rb+1;Ta+5;Zn+2;O-2;F-1,3.70739,360.78214,,8.44521
Cs2ZrInO3Cl3,unstable_likely,29,0,0.00000,0.00724,0.00724,True,,False,0.05412,0.95989,0.05638,3.03980,1.66618,4.41343,384.61981,0.00000,Cs+1;Zr+4;In+3;O-2;Cl-1,3.84306,374.65495,,5.25969
Rb2ZrInO3Cl3,unstable_likely,29,0,0.00000,0.00716,0.00716,True,,False,0.05822,0.95938,0.06069,2.97956,1.64059,4.31854,314.87170,0.00000,Rb+1;Zr+4;In+3;O-2;Cl-1,3.88274,376.24404,,8.23182
K2SnGaO3Cl3,unstable_likely,29,0,0.00000,0.00544,0.00544,True,,False,0.08386,0.89350,0.09386,2.84732,1.18858,4.50606,338.82685,0.02000,K+1;Sn+4;Ga+3;O-2;Cl-1,4.17840,411.09218,,0.25046
K2TaZnO3Cl3,unstable_likely,29,0,0.00000,0.00431,0.00431,True,,False,0.09071,0.80269,0.11301,2.61644,1.26219,3.97070,242.40165,0.01400,K+1;Ta+5;Zn+2;O-2;Cl-1,4.07143,444.50896,,0.26563
Cs2TaMnO3I3,unstable_likely,29,0,0.00000,0.00302,0.00302,True,,False,0.09542,0.83188,0.11470,2.49095,1.39370,3.58820,155.59528,0.00000,Cs+1;Ta+5;Mn+2;O-2;I-1,4.17251,500.54337,,3.65250
Rb2TaMnO3Br3,unstable_likely,29,0,0.00000,0.00299,0.00299,True,,False,0.10909,0.80628,0.13530,2.44275,1.26659,3.61891,175.02628,0.00000,Rb+1;Ta+5;Mn+2;O-2;Br-1,4.03814,502.50437,,6.35372
Cs2TaMnO3Br3,unstable_likely,29,0,0.00000,0.00265,0.00265,True,,False,0.10378,0.82248,0.12618,2.49636,1.30724,3.68548,167.45873,0.00000,Cs+1;Ta+5;Mn+2;O-2;Br-1,4.00925,526.00841,,4.22175
Cs2NbZnO3Br3,unstable_likely,29,0,0.00000,0.00264,0.00264,True,,False,0.10096,0.82670,0.12213,2.48044,1.34907,3.61180,157.51310,0.00000,Cs+1;Nb+5;Zn+2;O-2;Br-1,4.15307,527.02987,,4.51835
Cs2ZrSbO3I3,unstable_likely,29,0,0.00000,0.00180,0.00180,True,,False,0.12042,0.91280,0.13192,2.48571,1.19985,3.77157,140.46539,0.00000,Cs+1;Zr+4;Sb+3;O-2;I-1,4.15723,598.30966,,3.61999
Cs2ZrBiO3Br3,unstable_likely,29,0,0.00000,0.00175,0.00175,True,,False,0.13894,0.88264,0.15741,2.40934,0.94594,3.87274,154.82473,0.00000,Cs+1;Zr+4;Bi+3;O-2;Br-1,3.72931,602.64156,,3.77248
Rb2TaZnO3Br3,unstable_likely,29,0,0.00000,0.00172,0.00172,True,,False,0.12752,0.80325,0.15876,2.36740,1.06971,3.66508,154.33585,0.00000,Rb+1;Ta+5;Zn+2;O-2;Br-1,4.16391,610.06109,,6.25976
Rb2MnCuCl6,stable_likely,29,0,0.00000,0.00000,0.94630,False,,False,0.32568,0.60010,0.54271,1.16115,0.24299,2.07931,101.49163,0.00000,Rb+1;Mn+2;Cu+2;Cl-1,4.10904,-71.24799,,8.54250
Cs2MnCuCl6,stable_likely,29,0,0.00000,0.00000,0.93153,False,,False,0.32040,0.60651,0.52827,1.30491,0.26178,2.34804,100.74860,0.00000,Cs+1;Mn+2;Cu+2;Cl-1,4.06027,-52.73908,,5.37564
Rb2AgInF3Cl3,stable_likely,29,0,0.00000,0.00000,0.92139,True,52.81597,True,0.31943,0.66925,0.47730,1.45065,0.31828,2.58302,94.60324,0.00000,Rb+1;Ag+1;In+3;F-1;Cl-1,3.71803,-43.03746,,8.27081
Rb2FeSbS3F3,stable_likely,29,0,0.00000,0.00000,0.87953,True,287.99993,True,0.29475,0.80317,0.36698,1.71941,0.48934,2.94948,92.99403,0.00000,Rb+1;Fe+2;Sb+5;S-2;F-1,4.02623,-16.44537,,8.55644
Rb2MnBiO3S3,unstable_likely,29,0,0.00000,0.00000,0.04032,False,,False,0.29213,0.77482,0.37703,1.69253,0.45768,2.92739,92.24493,0.00000,Rb+1;Mn+7;Bi+3;O-2;S-2,3.93383,213.91274,,7.41584
K2CrMnS3F3,stable_likely,29,0,0.00000,0.00000,0.86225,True,251.45144,True,0.28587,0.78714,0.36318,1.65481,0.29150,3.01812,91.70470,0.08400,K+1;Cr+5;Mn+2;S-2;F-1,4.13148,-8.69390,,0.01992
Rb2MnInS3F3,stable_likely,29,0,0.00000,0.00000,0.95508,False,,False,0.27837,0.91488,0.30427,1.87973,0.56167,3.19778,90.70299,0.00000,Rb+1;Mn+4;In+3;S-2;F-1,4.10522,-85.66795,,8.84813
Na2CrAgS3F3,stable_likely,29,0,0.00000,0.00000,0.79623,False,,False,0.25745,0.76774,0.33533,1.85048,0.70330,2.99767,89.47392,0.05300,Na+1;Cr+6;Ag+1;S-2;F-1,4.12307,12.11476,,0.67559
Na2ZrGaO3F3,unstable_likely,30,0,0.00000,0.03310,0.03310,True,,False,0.01343,0.95879,0.01401,3.75676,2.45314,5.06037,4057.62738,0.00200,Na+1;Zr+4;Ga+3;O-2;F-1,3.88012,228.92592,,0.31819
Cs2ZrSbO3F3,unstable_likely,30,0,0.00000,0.02114,0.02114,True,,False,0.02245,0.91708,0.02448,3.89859,2.13259,5.66458,inf,0.00000,Cs+1;Zr+4;Sb+3;O-2;F-1,3.56939,263.14582,,5.51090
Cs2TaSbO6,unstable_likely,30,0,0.00000,0.02036,0.02036,True,,False,0.02488,0.89056,0.02794,3.50035,2.05873,4.94196,1476.36164,0.00000,Cs+1;Ta+5;Sb+5;O-2,3.99153,266.27056,,5.01741
Rb2ZrSbO3F3,unstable_likely,30,0,0.00000,0.01740,0.01740,True,,False,0.03331,0.91550,0.03638,3.52699,1.91179,5.14219,2096.58759,0.00000,Rb+1;Zr+4;Sb+3;O-2;F-1,3.60040,280.08831,,8.78967
Na2ZrSbO3F3,unstable_likely,30,0,0.00000,0.01546,0.01546,True,,False,0.03724,0.91555,0.04068,3.39138,1.82286,4.95989,1394.41105,0.01100,Na+1;Zr+4;Sb+3;O-2;F-1,3.82421,290.97112,,0.03130
Cs2SnTaO3F3,unstable_likely,30,0,0.00000,0.01539,0.01539,True,,False,0.04353,0.92931,0.04684,3.45632,1.64457,5.26807,1768.62566,0.00000,Cs+1;Sn+4;Ta+3;O-2;F-1,3.65496,291.73815,,4.98170
Cs2SnTaO3Cl3,unstable_likely,30,0,0.00000,0.01512,0.01512,True,,False,0.06519,0.92831,0.07022,2.99417,1.48285,4.50549,419.19933,0.00000,Cs+1;Sn+4;Ta+3;O-2;Cl-1,3.99538,293.87547,,4.63985
Na2ZrBiO3F3,unstable_likely,30,0,0.00000,0.01081,0.01081,True,,False,0.06577,0.89567,0.07343,3.13857,1.31864,4.95850,605.40610,0.01300,Na+1;Zr+4;Bi+3;O-2;F-1,3.99226,330.63789,,0.02776
Na2ZrInO3Cl3,unstable_likely,30,0,0.00000,0.00685,0.00685,True,,False,0.04934,0.91770,0.05376,2.98907,1.72889,4.24925,376.14413,0.01400,Na+1;Zr+4;In+3;O-2;Cl-1,4.14120,381.89718,,0.21621
Na2TaZnO3F3,unstable_likely,30,0,0.00000,0.00411,0.00411,True,,False,0.07756,0.85885,0.09031,2.84204,1.31332,4.37076,363.60200,0.01600,Na+1;Ta+5;Zn+2;O-2;F-1,3.85460,452.09580,,0.31415
Rb2ZrSbO3Cl3,unstable_likely,30,0,0.00000,0.00377,0.00377,True,,False,0.07488,0.91657,0.08170,2.86556,1.42954,4.30158,362.73186,0.00000,Rb+1;Zr+4;Sb+3;O-2;Cl-1,3.92472,464.63701,,7.98331
K2ZrSbO3Cl3,unstable_likely,30,0,0.00000,0.00319,0.00319,True,,False,0.08320,0.90101,0.09234,2.78724,1.34476,4.22973,253.19560,0.02300,K+1;Zr+4;Sb+3;O-2;Cl-1,3.95381,493.45622,,0.03094
Cs2SnTaO3Br3,unstable_likely,30,0,0.00000,0.00198,0.00198,True,,False,0.10785,0.92665,0.11639,2.61402,1.18925,4.03879,182.81520,0.00000,Cs+1;Sn+4;Ta+3;O-2;Br-1,4.10177,583.79255,,3.91755
Cs2ZrSbO3Br3,unstable_likely,30,0,0.00000,0.00130,0.00130,True,,False,0.11026,0.90910,0.12129,2.57080,1.18536,3.95623,179.46016,0.00000,Cs+1;Zr+4;Sb+3;O-2;Br-1,3.99507,672.02503,,4.20027
K2AgInF3Cl3,stable_likely,30,0,0.00000,0.00000,0.86283,True,89.40419,True,0.31665,0.67018,0.47248,1.45290,0.30579,2.60001,97.21468,0.07200,K+1;Ag+1;In+3;F-1;Cl-1,3.84488,-9.01130,,0.69620
K2MnSbO6,stable_likely,30,0,0.00000,0.00000,0.81580,False,,False,0.28718,0.62998,0.45586,1.56401,0.44854,2.67948,96.83784,0.09400,K+1;Mn+7;Sb+3;O-2,4.01353,6.96420,,0.02204
K2CrAgO3Cl3,stable_likely,30,0,0.00000,0.00000,0.82846,False,,False,0.27268,0.71365,0.38209,1.69673,0.49593,2.89753,93.20897,0.05700,K+1;Cr+6;Ag+1;O-2;Cl-1,3.86774,3.16884,,0.61960
K2BiAgF6,known_mp,30,0,0.00000,0.00000,0.00000,True,,False,0.16328,0.92297,0.17691,2.13964,1.44357,2.83570,89.87028,0.02100,K+1;Bi+3;Ag+1;F-1,3.90322,137.48689,85.75854,0.48693
K2TaSbO6,unstable_likely,31,0,0.00000,0.01301,0.01301,True,,False,0.03771,0.76500,0.04929,3.02840,1.76991,4.28690,633.62152,0.00700,K+1;Ta+5;Sb+5;O-2,3.97738,308.63666,,0.27445
Rb2NbZnO3F3,unstable_likely,31,0,0.00000,0.01185,0.01185,True,,False,0.05904,0.84585,0.06980,3.17130,1.33888,5.00371,1015.74531,0.00000,Rb+1;Nb+5;Zn+2;O-2;F-1,3.70739,319.25527,,9.88886
Cs2NbZnO3Cl3,unstable_likely,31,0,0.00000,0.00951,0.00951,True,,False,0.04974,0.85795,0.05798,2.96212,1.67878,4.24547,447.89707,0.00000,Cs+1;Nb+5;Zn+2;O-2;Cl-1,4.04438,343.78096,,5.55563
Cs2SnGaO3Cl3,unstable_likely,31,0,0.00000,0.00517,0.00517,True,,False,0.05863,0.93498,0.06271,3.09660,1.52885,4.66435,517.64086,0.00000,Cs+1;Sn+4;Ga+3;O-2;Cl-1,4.17255,416.17635,,5.43657
Cs2ZrGaO3Cl3,unstable_likely,31,0,0.00000,0.00453,0.00453,True,,False,0.05212,0.96034,0.05427,3.08842,1.67460,4.50225,423.85262,0.00000,Cs+1;Zr+4;Ga+3;O-2;Cl-1,4.11515,437.16865,,5.68717
Cs2ZrSbO3Cl3,unstable_likely,31,0,0.00000,0.00416,0.00416,True,,False,0.05563,0.91655,0.06069,3.05515,1.58702,4.52329,452.13554,0.00000,Cs+1;Zr+4;Sb+3;O-2;Cl-1,3.89372,449.51455,,5.08100
K2SbCuO3F3,stable_likely,31,0,0.00000,0.00000,0.92454,True,219.24240,True,0.29991,0.58772,0.51030,1.33503,0.24915,2.42091,101.91284,0.09600,K+1;Sb+5;Cu+2;O-2;F-1,3.78473,-45.91392,,0.02761
Na2GeCuF3Cl3,stable_likely,31,0,0.00000,0.00000,0.89223,True,190.37158,True,0.29785,0.67539,0.44100,1.10003,-0.10961,2.30968,99.96879,0.08400,Na+1;Ge+2;Cu+2;F-1;Cl-1,4.10731,-23.03039,,0.87539
Na2FeAgF6,known_mp,31,0,0.00000,0.00000,0.00000,True,,False,0.25690,0.62385,0.41180,1.74287,0.75361,2.73213,99.09892,0.05100,Na+1;Fe+3;Ag+1;F-1,4.02232,156.20841,139.21960,0.74085
K2CrAgS3F3,stable_likely,31,0,0.00000,0.00000,0.88308,False,,False,0.25142,0.75932,0.33111,1.81814,0.55135,3.08493,94.68836,0.04600,K+1;Cr+6;Ag+1;S-2;F-1,3.84258,-18.22752,,0.62648
Cs2NbZnO3F3,unstable_likely,32,0,0.00000,0.00801,0.00801,True,,False,0.04806,0.85887,0.05596,3.46822,1.44502,5.49142,3142.83900,0.00000,Cs+1;Nb+5;Zn+2;O-2;F-1,3.69655,363.81283,,6.07423
Cs2TaZnO3F3,unstable_likely,32,0,0.00000,0.00683,0.00683,True,,False,0.05297,0.85381,0.06204,3.26319,1.45676,5.06961,1040.86052,0.00000,Cs+1;Ta+5;Zn+2;O-2;F-1,3.69655,382.34008,,5.39669
Na2ZrSbO3Cl3,unstable_likely,32,0,0.00000,0.00540,0.00540,True,,False,0.04569,0.90068,0.05073,3.06699,1.73659,4.39739,464.22047,0.00300,Na+1;Zr+4;Sb+3;O-2;Cl-1,4.14854,411.84464,,0.02718
K2ZrGaO3Cl3,unstable_likely,32,0,0.00000,0.00446,0.00446,True,,False,0.04824,0.93537,0.05157,3.11877,1.71365,4.52390,482.08746,0.00900,K+1;Zr+4;Ga+3;O-2;Cl-1,4.12992,440.04290,,0.25831
Na2SbCuO3F3,stable_likely,32,0,0.00000,0.00000,0.86332,True,228.16025,True,0.29966,0.63400,0.47265,1.32317,0.12299,2.52335,106.53550,0.09300,Na+1;Sb+5;Cu+2;O-2;F-1,3.88771,-9.20680,,0.02267
K2MnBiO3S3,unstable_likely,32,0,0.00000,0.00000,0.03489,False,,False,0.27851,0.68177,0.40851,1.51001,0.19433,2.82570,102.69049,0.07700,K+1;Mn+7;Bi+3;O-2;S-2,3.96430,224.69273,,0.02196
Cs2MnSbS3F3,stable_likely,32,0,0.00000,0.00000,0.93445,False,,False,0.24159,0.77633,0.31119,1.87021,0.58888,3.15154,100.97131,0.00000,Cs+1;Mn+2;Sb+5;S-2;F-1,3.93660,-55.71640,,5.39386
Cs2MnInS3F3,stable_likely,32,0,0.00000,0.00000,0.97135,False,,False,0.24027,0.91416,0.26283,1.98340,0.56815,3.39865,99.44367,0.00000,Cs+1;Mn+4;In+3;S-2;F-1,4.10378,-129.60721,,5.58761
K2MnInS3F3,stable_likely,32,0,0.00000,0.00000,0.95898,False,,False,0.23287,0.85393,0.27270,1.96409,0.60720,3.32098,96.42703,0.05400,K+1;Mn+4;In+3;S-2;F-1,4.11555,-93.63604,,0.21560
Rb2ZrGaO3Cl3,unstable_likely,33,0,0.00000,0.00441,0.00441,True,,False,0.04451,0.96400,0.04617,3.15440,1.79254,4.51625,558.91621,0.00000,Rb+1;Zr+4;Ga+3;O-2;Cl-1,4.11843,441.88937,,9.01836
Cs2AgInF3Cl3,stable_likely,33,0,0.00000,0.00000,0.94624,False,,False,0.28657,0.66942,0.42809,1.53957,0.30961,2.76953,110.94769,0.00000,Cs+1;Ag+1;In+3;F-1;Cl-1,3.54695,-71.19060,,5.40991
Na2MnBiO3S3,unstable_likely,33,0,0.00000,0.00000,0.07541,False,,False,0.25171,0.66986,0.37576,1.68618,0.43519,2.93716,104.54908,0.07100,Na+1;Mn+7;Bi+3;O-2;S-2,4.16607,168.08362,,0.01790
Cs2MnSbO6,stable_likely,33,0,0.00000,0.00000,0.86122,False,,False,0.22853,0.75338,0.30334,1.93894,0.84377,3.03410,101.47656,0.00000,Cs+1;Mn+7;Sb+3;O-2,4.03323,-8.27353,,5.96278
K2MnGaO3F3,stable_likely,33,0,0.00000,0.00000,0.95638,False,,False,0.21312,0.89005,0.23945,2.05410,0.62544,3.48277,99.04495,0.07200,K+1;Mn+4;Ga+3;O-2;F-1,4.09524,-88.30642,,0.31153
Rb2MnBiO6,stable_likely,34,0,0.00000,0.00000,0.86760,False,,False,0.28424,0.61242,0.46413,1.23269,0.00961,2.45576,148.82970,0.00000,Rb+1;Mn+7;Bi+3;O-2,3.63853,-10.98863,,8.08572
Rb2FeCuF6,known_mp,34,0,0.00000,0.00000,0.00000,True,,False,0.25026,0.58333,0.42902,1.00000,-0.08715,2.08715,141.05926,0.00000,Rb+1;Fe+3;Cu+1;F-1,3.61652,73.29296,52.83027,10.60938
Na2CrAgO3F3,stable_likely,34,0,0.00000,0.00000,0.96905,False,,False,0.23519,0.76302,0.30824,1.86629,0.54157,3.19101,106.20538,0.05300,Na+1;Cr+6;Ag+1;O-2;F-1,3.84634,-120.98858,,0.77451
K2CrAgO3F3,stable_likely,34,0,0.00000,0.00000,0.96867,False,,False,0.22698,0.74226,0.30579,1.85474,0.49131,3.21818,103.67817,0.03900,K+1;Cr+6;Ag+1;O-2;F-1,3.56585,-119.43981,,0.70921
Na2MnInO3F3,stable_likely,34,0,0.00000,0.00000,0.92998,False,,False,0.21061,0.85426,0.24654,2.04410,0.67207,3.41612,103.53794,0.05700,Na+1;Mn+4;In+3;O-2;F-1,3.88771,-51.12622,,0.25605
Na2MnSbS3F3,stable_likely,34,0,0.00000,0.00000,0.94227,False,,False,0.18289,0.78684,0.23244,2.10034,0.93847,3.26221,103.20302,0.04700,Na+1;Mn+2;Sb+5;S-2;F-1,4.14116,-65.20989,,0.01945
Cs2SbAgF6,known_mp,34,0,0.00000,0.00000,0.00000,True,,False,0.14976,0.92322,0.16222,2.22420,1.38873,3.05968,102.26322,0.00000,Cs+1;Sb+3;Ag+1;F-1,3.29912,186.95120,87.99542,5.66101
K2MnCuCl6,stable_likely,35,0,0.00000,0.00000,0.94541,False,,False,0.26509,0.52477,0.50515,1.08573,0.15825,2.01321,inf,0.09900,K+1;Mn+2;Cu+2;Cl-1,4.14974,-69.56728,,0.01482
Rb2CrAgO3F3,stable_likely,35,0,0.00000,0.00000,0.97089,False,,False,0.20897,0.76488,0.27321,1.94077,0.50775,3.37378,120.14161,0.00000,Rb+1;Cr+6;Ag+1;O-2;F-1,3.52042,-127.62002,,10.38736
Rb2MnGaO3F3,stable_likely,35,0,0.00000,0.00000,0.94155,False,,False,0.19604,0.92099,0.21286,2.13800,0.58813,3.68788,110.15468,0.00000,Rb+1;Mn+4;Ga+3;O-2;F-1,4.10393,-64.04001,,10.93225
Cs2MnInO6,stable_likely,35,0,0.00000,0.00000,0.98833,False,,False,0.18765,0.88648,0.21168,2.17026,0.89065,3.44986,106.97027,0.00000,Cs+1;Mn+7;In+3;O-2,3.95167,-259.96003,,6.18481
Na2FeMnO3F3,stable_likely,35,0,0.00000,0.00000,0.95590,False,,False,0.18219,0.85424,0.21328,2.16166,0.85592,3.46741,106.46487,0.04800,Na+1;Fe+3;Mn+4;O-2;F-1,4.07074,-87.36997,,0.00427
Na2MnBiO6,stable_likely,36,0,0.00000,0.00000,0.92023,False,,False,0.24313,0.58137,0.41821,1.04989,-0.19206,2.29185,inf,0.09100,Na+1;Mn+7;Bi+3;O-2,3.87077,-42.15130,,0.01556
Rb2MnInO3F3,stable_likely,36,0,0.00000,0.00000,0.97219,False,,False,0.19030,0.90402,0.21050,2.14653,0.59118,3.70188,116.81238,0.00000,Rb+1;Mn+4;In+3;O-2;F-1,3.77439,-132.75131,,9.80090
K2MnInO3F3,stable_likely,36,0,0.00000,0.00000,0.96539,False,,False,0.18889,0.84009,0.22485,2.10967,0.65883,3.56052,110.36817,0.04200,K+1;Mn+4;In+3;O-2;F-1,3.78473,-109.62789,,0.23990
Na2GeFeF6,stable_likely,36,0,0.00000,0.00000,0.95420,False,,False,0.18054,0.88941,0.20299,2.20560,0.91044,3.50075,107.52146,0.03800,Na+1;Ge+2;Fe+2;F-1,3.77803,-83.97979,,1.04080
K2GeFeF6,stable_likely,36,0,0.00000,0.00000,0.95272,False,,False,0.17031,0.88193,0.19311,2.24149,0.99274,3.49023,107.29756,0.02600,K+1;Ge+2;Fe+2;F-1,3.56176,-81.50962,,0.94418
K2MnBiO6,stable_likely,37,0,0.00000,0.00000,0.87262,False,,False,0.23466,0.50976,0.46033,1.34863,0.11548,2.58178,inf,0.07300,K+1;Mn+7;Bi+3;O-2,3.66900,-13.24685,,0.02024
Cs2SbCuO3F3,stable_likely,37,0,0.00000,0.00000,0.93557,False,,False,0.18445,0.61961,0.29769,1.94626,0.80389,3.08864,133.93770,0.00000,Cs+1;Sb+5;Cu+2;O-2;F-1,3.77295,-56.95130,,5.77841
Rb2FeMnO3F3,stable_likely,37,0,0.00000,0.00000,0.97024,False,,False,0.18379,0.81282,0.22611,2.11298,0.78554,3.44043,118.14958,0.00000,Rb+1;Fe+3;Mn+4;O-2;F-1,4.04883,-124.79738,,11.08605
K2VTaO6,stable_likely,37,0,0.00000,0.00000,0.95103,False,,False,0.14400,0.83590,0.17227,2.28203,1.15556,3.40850,114.36744,0.02700,K+1;V+5;Ta+5;O-2,4.09183,-78.50130,,0.32987
K2FeMnCl6,stable_likely,38,0,0.00000,0.00000,0.92913,False,,False,0.23019,0.51850,0.44396,0.99061,0.00481,1.97641,inf,0.09400,K+1;Fe+2;Mn+2;Cl-1,4.11135,-50.16439,,0.00913
Cs2CrAgO3F3,stable_likely,38,0,0.00000,0.00000,0.97291,False,,False,0.14265,0.74848,0.19058,2.25073,0.73789,3.76357,176.74820,0.00000,Cs+1;Cr+6;Ag+1;O-2;F-1,3.46454,-135.54651,,6.49474
Na2VTaO6,stable_likely,38,0,0.00000,0.00000,0.95780,False,,False,0.13500,0.86786,0.15555,2.38095,1.08374,3.67816,130.39858,0.02800,Na+1;V+5;Ta+5;O-2,4.12213,-91.08592,,0.35148
Rb2FeMnCl6,stable_likely,39,0,0.00000,0.00000,0.93889,False,,False,0.22757,0.51143,0.44497,1.01688,-0.02709,2.06085,inf,0.00000,Rb+1;Fe+2;Mn+2;Cl-1,4.06265,-60.78176,,8.67070
Cs2MnGaO3F3,stable_likely,39,0,0.00000,0.00000,0.95762,False,,False,0.13497,0.91379,0.14770,2.47382,0.88314,4.06451,169.32290,0.00000,Cs+1;Mn+4;Ga+3;O-2;F-1,4.13384,-90.70728,,6.65872
Na2VNbO6,stable_likely,39,0,0.00000,0.00000,0.93816,False,,False,0.12140,0.82100,0.14787,2.42027,1.08631,3.75424,160.46160,0.03000,Na+1;V+5;Nb+5;O-2,4.12213,-59.97665,,0.05168
K2ZrCrO6,unstable_likely,39,0,0.00000,0.00000,0.05466,False,,False,0.11903,0.85780,0.13876,2.41304,1.28123,3.54485,134.31523,0.02300,K+1;Zr+4;Cr+6;O-2,4.13413,190.95980,,0.03311
Na2CrAgF6,known_mp,40,0,0.00000,0.00000,0.00000,True,,False,0.13399,0.60895,0.22004,2.14415,0.94376,3.34454,278.01691,0.01900,Na+1;Cr+3;Ag+1;F-1,3.97411,144.98339,139.83153,0.75371
K2GeMnF6,stable_likely,40,0,0.00000,0.00000,0.92920,False,,False,0.11411,0.85896,0.13285,2.47896,1.21484,3.74307,146.20980,0.01400,K+1;Ge+2;Mn+2;F-1,3.53436,-50.27520,,0.94771
Cs2AgGaBr6,known_mp,41,0,0.00000,0.00000,0.00000,True,,False,0.10989,0.53646,0.20484,0.66835,-0.11378,1.45048,inf,0.00000,Cs+1;Ag+1;Ga+3;Br-1,4.03415,163.10841,84.27608,3.83876
K2VNbO6,stable_likely,41,0,0.00000,0.00000,0.94154,False,,False,0.10906,0.83744,0.13023,2.46110,1.30411,3.61810,149.40336,0.03100,K+1;V+5;Nb+5;O-2,4.09183,-64.02585,,0.05446
Na2ZrCrO6,unstable_likely,42,0,0.00000,0.00000,0.24022,False,,False,0.10854,0.85677,0.12669,2.49774,1.28528,3.71021,152.34343,0.02100,Na+1;Zr+4;Cr+6;O-2,4.15575,97.89842,,0.02791
Cs2CrMnO3F3,stable_likely,43,0,0.00000,0.00000,0.95993,False,,False,0.10699,0.84676,0.12635,2.62966,0.86094,4.39838,207.26455,0.00000,Cs+1;Cr+5;Mn+2;O-2;F-1,3.78935,-95.88632,,6.71536
Rb2TiInS3F3,stable_likely,43,0,0.00000,0.00000,0.96444,False,,False,0.10045,0.96138,0.10449,2.67561,1.29543,4.05578,185.41156,0.00000,Rb+1;Ti+4;In+3;S-2;F-1,3.99054,-106.74903,,8.97820
Rb2ZrCrO6,unstable_likely,43,0,0.00000,0.00000,0.06345,False,,False,0.09271,0.86624,0.10702,2.57242,1.38259,3.76226,179.89560,0.00000,Rb+1;Zr+4;Cr+6;O-2,4.14183,180.51549,,10.46917
Cs2FeMnO3F3,stable_likely,44,0,0.00000,0.00000,0.96734,False,,False,0.10110,0.79855,0.12660,2.58337,1.02497,4.14177,248.83132,0.00000,Cs+1;Fe+3;Mn+4;O-2;F-1,4.07455,-115.21617,,6.65907
Cs2TiInS3F3,stable_likely,44,0,0.00000,0.00000,0.97648,False,,False,0.10077,0.94751,0.10635,2.73396,1.15010,4.31782,222.99709,0.00000,Cs+1;Ti+4;In+3;S-2;F-1,3.97484,-152.55359,,5.65683
Cs2MnInO3F3,stable_likely,44,0,0.00000,0.00000,0.97668,False,,False,0.09695,0.89806,0.10795,2.69593,1.18405,4.20781,217.28006,0.00000,Cs+1;Mn+4;In+3;O-2;F-1,3.77295,-153.72654,,6.08245
Rb2VTaO6,stable_likely,44,0,0.00000,0.00000,0.95485,False,,False,0.09166,0.83023,0.11040,2.59951,1.32829,3.87072,182.69823,0.00000,Rb+1;V+5;Ta+5;O-2,4.09753,-85.20754,,8.85567
Rb2AgGaBr6,known_mp,45,0,0.00000,0.00000,0.00000,True,,False,0.09066,0.54833,0.16534,0.62864,-0.10653,1.36381,inf,0.00000,Rb+1;Ag+1;Ga+3;Br-1,4.13948,147.85940,85.56759,5.58329
Rb2SbZnS3F3,stable_likely,45,0,0.00000,0.00000,0.92970,False,,False,0.08702,0.85210,0.10213,2.66836,1.33033,4.00638,230.39974,0.00000,Rb+1;Sb+5;Zn+2;S-2;F-1,4.08858,-50.82042,,8.39747
K2TiInS3F3,stable_likely,46,0,0.00000,0.00000,0.96467,False,,False,0.07774,0.92570,0.08398,2.81004,1.43834,4.18174,253.10464,0.01800,K+1;Ti+4;In+3;S-2;F-1,4.00983,-107.60244,,0.22138
Cs2ZrCrO6,unstable_likely,46,0,0.00000,0.00000,0.05998,False,,False,0.06642,0.88214,0.07529,2.77981,1.55509,4.00452,248.72095,0.00000,Cs+1;Zr+4;Cr+6;O-2,4.17007,184.64987,,6.36355
Cs2VMnO3F3,stable_likely,47,0,0.00000,0.00000,0.92995,False,,False,0.06714,0.83304,0.08060,3.01310,1.25599,4.77021,604.34732,0.00000,Cs+1;V+5;Mn+2;O-2;F-1,3.71111,-51.08994,,6.74320
Cs2VTaO6,stable_likely,47,0,0.00000,0.00000,0.95380,False,,False,0.06531,0.83655,0.07807,2.90752,1.42761,4.38744,467.06630,0.00000,Cs+1;V+5;Ta+5;O-2,4.12241,-83.27454,,5.62107
Cs2ZrInS3F3,stable_likely,47,0,0.00000,0.00000,0.93981,False,,False,0.06193,0.96292,0.06431,3.10292,1.50747,4.69838,451.27913,0.00000,Cs+1;Zr+4;In+3;S-2;F-1,3.81674,-62.03970,,5.27266
Cs2SbZnS3F3,stable_likely,47,0,0.00000,0.00000,0.94039,False,,False,0.05990,0.85298,0.07022,2.87904,1.55654,4.20153,309.29462,0.00000,Cs+1;Sb+5;Zn+2;S-2;F-1,4.08530,-62.79959,,5.30115
Rb2VNbO6,stable_likely,47,0,0.00000,0.00000,0.95359,False,,False,0.05801,0.83613,0.06938,2.81160,1.59822,4.02499,275.28474,0.00000,Rb+1;V+5;Nb+5;O-2,4.09753,-82.95571,,10.46975
Rb2ZrInS3F3,stable_likely,48,0,0.00000,0.00000,0.93685,False,,False,0.04614,0.96741,0.04769,3.16021,1.74503,4.57539,556.30399,0.00000,Rb+1;Zr+4;In+3;S-2;F-1,3.85642,-58.51229,,8.25366
K2ZrInS3F3,stable_likely,48,0,0.00000,0.00000,0.93192,False,,False,0.04596,0.94213,0.04878,3.13726,1.73772,4.53681,461.18167,0.01700,K+1;Zr+4;In+3;S-2;F-1,3.89115,-53.14850,,0.21119
Cs2VNbO6,stable_likely,49,0,0.00000,0.00000,0.95980,False,,False,0.04295,0.84107,0.05106,3.03557,1.73851,4.33262,545.32134,0.00000,Cs+1;V+5;Nb+5;O-2,4.12241,-95.30177,,6.36912
K2SbZnO3F3,stable_likely,50,0,0.00000,0.00000,0.93566,False,,False,0.03904,0.84097,0.04642,3.14581,1.79223,4.49940,736.91131,0.00500,K+1;Sb+5;Zn+2;O-2;F-1,3.77171,-57.14405,,0.02249
K2ZrGaS3F3,stable_likely,50,0,0.00000,0.00000,0.93023,False,,False,0.03728,0.94565,0.03942,3.30930,1.87786,4.74074,699.40234,0.00500,K+1;Zr+4;Ga+3;S-2;F-1,4.10007,-51.36167,,0.26409
Rb2SbZnO3F3,stable_likely,51,0,0.00000,0.00000,0.95019,False,,False,0.02484,0.83382,0.02979,3.30173,2.02237,4.58108,1187.70542,0.00000,Rb+1;Sb+5;Zn+2;O-2;F-1,3.76022,-77.22248,,9.26752
Cs2SbZnO3F3,stable_likely,52,0,0.00000,0.00000,0.96053,False,,False,0.02382,0.82064,0.02903,3.44996,2.04127,4.85864,4103.98371,0.00000,Cs+1;Sb+5;Zn+2;O-2;F-1,3.75694,-97.25346,,5.75581
Rb2GeZnF3Cl3,stable_likely,52,0,0.00000,0.00000,0.93792,False,,False,0.01174,0.85341,0.01376,3.41975,2.38899,4.45052,1218.35233,0.00000,Rb+1;Ge+2;Zn+2;F-1;Cl-1,3.88848,-59.68347,,9.71043
