comp_name_full,in_training,in_v2_candidates,gap_pred_eV,gap_lo90_eV,gap_hi90_eV,p_semi,bandgap,cond_type,spin_forbidden
Cs2AgLuCl6,True,False,3.62536,2.71118,4.53954,0.95947,5.33328,insulator,False
Cs2AuVCl6,False,False,0.87076,-0.2185,1.96002,0.48641,2.3,semiconductor,False
Cs2NaPrCl6,True,False,4.9108,4.43692,5.38469,0.98216,4.82282,insulator,False
Cs2AgDyCl6,True,False,3.67362,3.10206,4.24519,0.92549,4.36513,insulator,False
Cs2MgNdCl6,False,False,4.69096,3.73978,5.64215,0.54846,1.64193,semiconductor,False
Cs2VSmCl6,False,False,1.32998,0.31286,2.3471,0.69715,0.98352,semiconductor,True
Cs2PtAmCl6,False,False,0.67854,-0.03807,1.39514,0.58336,0.38107,semiconductor,False
Cs2AgYbCl6,False,False,3.23237,2.38483,4.0799,0.55639,2.30451,semiconductor,False
Cs2SmPtCl6,False,False,1.95717,1.27455,2.63978,0.82817,0.32006,semiconductor,False
Cs2KVCl6,False,False,1.80478,0.77567,2.8339,0.39004,2.85288,semiconductor,False
Cs2CaHgCl6,False,False,2.93104,1.99645,3.86563,0.82377,4.10495,insulator,False
Cs2CaYbCl6,False,False,5.4642,4.61056,6.31784,0.35971,3.0282,semiconductor,False
Cs2NaPuCl6,False,False,4.61736,3.3834,5.85132,0.91763,3.54042,semiconductor,False
Cs2GeNdCl6,False,False,3.37705,2.53115,4.22295,0.9538,0.31524,semiconductor,False
Cs2CdDyCl6,False,False,3.40709,2.78408,4.03011,0.7447,0.46746,semiconductor,True
Cs2CuNdCl6,False,False,2.56768,1.94685,3.18852,0.94514,2.55431,semiconductor,False
Cs2NaNdCl6,True,False,4.9392,4.51171,5.3667,0.97992,4.89981,insulator,False
Cs2KGaCl6,True,False,3.40041,3.04639,3.75442,0.97836,4.99854,insulator,False
Cs2VAmCl6,False,False,0.12586,-1.03327,1.28499,0.40135,2.31174,semiconductor,False
Cs2PdEuCl6,False,False,0.70045,-0.10277,1.50367,0.49161,0.15488,semiconductor,False
Cs2TiEuCl6,False,False,0.90796,-0.18346,1.99937,0.65383,1.95981,semiconductor,False
Cs2NaNpCl6,False,False,2.89757,0.74759,5.04755,0.95636,3.09061,semiconductor,False
Cs2AgTmCl6,True,False,3.60226,2.99034,4.21417,0.91006,3.08591,semiconductor,False
Cs2ZnNdCl6,False,False,3.21193,2.56677,3.85709,0.64328,0.86676,semiconductor,True
Cs2NaCeCl6,True,False,0.84862,-1.57444,3.27167,0.94549,4.70959,insulator,False
Cs2CaTmCl6,False,False,5.38048,4.57574,6.18521,0.52269,2.24542,semiconductor,True
Cs2NaAmCl6,False,False,1.70346,0.8314,2.57551,0.79735,3.01055,semiconductor,False
Cs2KCrCl6,True,False,1.57792,0.95757,2.19826,0.89216,4.16614,insulator,True
Cs2KMnCl6,False,False,1.37243,0.79758,1.94727,0.80003,0.90037,semiconductor,False
Cs2AgTlCl6,True,False,1.19547,0.4327,1.95823,0.28898,0.54576,semiconductor,False
Cs2AuRhCl6,False,False,0.9171,0.05539,1.7788,0.75374,1.10259,semiconductor,False
Cs2TlAlCl6,True,False,3.94134,2.54651,5.33617,0.94823,4.60158,insulator,False
Cs2PtPbCl6,False,False,1.5892,0.62947,2.54893,0.71669,0.44817,semiconductor,True
Cs2NaCmCl6,False,False,2.98139,1.92011,4.04268,0.97068,4.06026,insulator,True
Cs2AuGaCl6,True,False,0.71431,-0.26976,1.69837,0.3002,0.54537,semiconductor,False
Cs2NaPmCl6,False,False,4.79909,4.26002,5.33817,0.97589,4.29053,insulator,False
Cs2CoNdCl6,False,False,1.65827,0.94194,2.37459,0.86978,1.1709,semiconductor,False
Cs2YbHgCl6,False,False,2.90965,1.76656,4.05274,0.40029,0.32074,semiconductor,True
Cs2NiBaCl6,False,False,1.69791,0.73321,2.6626,0.61759,4.35019,insulator,True
Cs2SrPdCl6,False,False,1.70949,1.01662,2.40237,0.79899,2.32817,semiconductor,True
Cs2AuTiCl6,False,False,1.58771,0.50605,2.66938,0.4198,2.11734,semiconductor,False
Cs2TiSrCl6,False,False,2.07954,0.98566,3.17341,0.39857,2.24248,semiconductor,False
Cs2AgErCl6,True,False,3.65917,3.09231,4.22603,0.91274,3.92621,semiconductor,True
Cs2MnNdCl6,False,False,1.5119,0.6126,2.4112,0.82024,0.89761,semiconductor,False
Cs2AgNpCl6,False,False,2.3546,0.92209,3.78711,0.94893,3.30636,semiconductor,False
Cs2AuCrCl6,False,False,0.83118,-0.08236,1.74472,0.61242,1.39418,semiconductor,False
Cs2NaUCl6,False,False,2.8956,1.65608,4.13511,0.96247,2.72886,semiconductor,False
Cs2FeBaCl6,False,False,1.39239,0.49416,2.29061,0.77371,3.65436,semiconductor,False
Cs2KRhCl6,False,False,1.61274,1.07854,2.14693,0.91567,3.51588,semiconductor,False
Cs2NiNdCl6,False,False,2.02386,1.06435,2.98338,0.9081,1.40112,semiconductor,True
Cs2VPbCl6,False,False,1.57336,0.34094,2.80579,0.72316,3.19821,semiconductor,False
Cs2SrPtCl6,False,False,2.10021,1.37127,2.82915,0.68718,2.18176,semiconductor,True
Cs2CdTmCl6,False,False,3.48212,2.83101,4.13323,0.649,0.1839,semiconductor,False
Cs2CoBaCl6,False,False,1.40777,0.55717,2.25837,0.8197,4.22468,insulator,True
Cs2NaSmCl6,True,False,5.1507,4.53923,5.76218,0.96596,3.50518,semiconductor,False
Cs2KFeCl6,False,False,1.42895,0.63663,2.22128,0.86672,3.25816,semiconductor,False
Cs2TiPbCl6,False,False,2.18965,0.99681,3.3825,0.81667,1.82311,semiconductor,False
Cs2PdPbCl6,False,False,1.40362,0.57815,2.22909,0.73635,0.58795,semiconductor,True
Cs2AuRuCl6,False,False,0.89827,-0.00323,1.79977,0.56658,1.27942,semiconductor,True
Cs2AuIrCl6,False,False,1.15432,0.33873,1.96992,0.75309,1.4585,semiconductor,False
Cs2TmYbCl6,False,False,5.22701,4.32673,6.12729,0.40661,2.3244,semiconductor,True
Cs2TmHgCl6,False,False,2.84104,2.0271,3.65499,0.53243,0.41968,semiconductor,True
Cs2KTiCl6,False,False,1.88824,0.93203,2.84444,0.6,2.5363,semiconductor,False
Cs2NaBiCl6,True,False,3.87258,3.38388,4.36127,0.98548,4.73528,insulator,False
Cs2AgYCl6,True,False,3.70242,2.73582,4.66903,0.96583,5.46435,insulator,False
Cs2HgLuCl6,False,False,2.86004,1.89504,3.82504,0.29622,0.36452,semiconductor,True
Cs2AgHoCl6,True,False,3.77778,3.24449,4.31106,0.96737,4.36367,insulator,True
Cs2NaLaCl6,True,False,4.73156,4.30005,5.16307,0.99017,6.6398,insulator,False
Cs2CrAmCl6,False,False,-0.11927,-1.04728,0.80874,0.54396,0.63257,semiconductor,True
Cs2CrNdCl6,False,False,1.10419,0.26953,1.93885,0.86869,0.92963,semiconductor,False
Cs2RbAlCl6,True,False,4.5699,4.16925,4.97055,0.9699,6.2697,insulator,False
Cs2CdYbCl6,False,False,3.57889,2.68077,4.477,0.34137,0.57916,semiconductor,False
Cs2CdHgCl6,False,False,2.50856,1.39576,3.62137,0.69006,1.81923,semiconductor,False
Cs2VSrCl6,False,False,2.05217,0.84036,3.26397,0.71868,4.17553,insulator,False
Cs2LiThCl6,False,False,3.38959,2.28877,4.4904,0.87254,0.49933,semiconductor,False
Cs2NaEuCl6,True,False,1.02624,0.17718,1.8753,0.24853,2.43453,semiconductor,False
Cs2NaPaCl6,False,False,3.16955,1.74219,4.59692,0.96545,1.35639,semiconductor,False
Cs2KIrCl6,False,False,2.08641,1.58365,2.58918,0.89946,3.58063,semiconductor,False
Cs2RbCuCl6,False,False,0.83595,0.28803,1.38388,0.69069,1.74087,semiconductor,False
Cs2AuMoCl6,False,False,0.97003,0.00133,1.93873,0.65095,1.91982,semiconductor,False
Cs2KRuCl6,False,False,1.32013,0.74489,1.89538,0.80768,1.99669,semiconductor,False
Cs2KAsCl6,True,False,3.44286,3.09101,3.79471,0.99279,4.34972,insulator,False
Cs2RbPCl6,False,False,3.82126,3.5247,4.11782,0.99002,3.85065,semiconductor,False
Cs2VEuCl6,False,False,0.16105,-0.92042,1.24251,0.36156,2.95401,semiconductor,False
Cs2KNiCl6,False,False,1.34141,0.66083,2.02198,0.74695,0.59615,semiconductor,False
Cs2PdNpCl6,False,False,1.40061,0.16966,2.63156,0.81536,1.03455,semiconductor,False
Cs2FrNCl6,False,False,3.69199,3.04468,4.33931,0.97989,3.04769,semiconductor,False
Cs2TiNpCl6,False,False,1.48988,0.04438,2.93538,0.82177,0.97693,semiconductor,False
Cs2NaGdCl6,True,False,3.0578,2.10872,4.00688,0.97476,6.44541,insulator,True
Cs2KCoCl6,False,False,1.28451,0.63958,1.92944,0.95284,3.43736,semiconductor,False
Cs2TiAmCl6,False,False,1.54052,0.36924,2.71181,0.65238,1.55081,semiconductor,False
Cs2KMoCl6,True,False,1.6723,1.04954,2.29507,0.91097,3.53787,semiconductor,True
Cs2FrBCl6,False,False,3.89168,3.65458,4.12877,0.9444,4.71669,insulator,False
Cs2MgBaCl6,False,False,5.24457,4.54332,5.94582,0.96884,6.52742,insulator,False
Cs2PdAmCl6,False,False,0.84902,0.01206,1.68599,0.6017,1.0034,semiconductor,False
Cs2CaDyCl6,False,False,5.30921,4.53528,6.08313,0.5542,1.02059,semiconductor,True
Cs2CrPbCl6,False,False,1.29747,0.29447,2.30047,0.83184,1.03441,semiconductor,False
Cs2AgTbCl6,True,False,3.64789,3.04268,4.2531,0.91954,3.39397,semiconductor,False
Cs2ZnAmCl6,False,False,1.50387,0.59831,2.40943,0.28723,1.38444,semiconductor,False
Cs2GeSmCl6,False,False,3.16342,2.23864,4.08819,0.93955,1.14431,semiconductor,False
Cs2AuAsCl6,True,False,0.58273,-0.57934,1.74481,0.89187,0.74699,semiconductor,False
Cs2CaCdCl6,False,False,3.94541,3.04396,4.84687,0.90394,5.69539,insulator,False
Cs2CuSmCl6,True,False,2.54515,1.7911,3.29921,0.90226,1.28875,semiconductor,False
Cs2AgInCl6,True,True,1.38331,0.51534,2.25127,0.67994,2.31854,semiconductor,False
Cs2TlCoCl6,False,False,1.2449,0.40726,2.08254,0.55144,2.39058,semiconductor,False
Cs2VNdCl6,False,False,1.22138,0.29083,2.15193,0.77519,1.42575,semiconductor,True
Cs2GeBaCl6,False,False,3.32424,2.59989,4.04858,0.96237,4.57818,insulator,False
Cs2TlAsCl6,True,False,1.85878,0.83987,2.8777,0.90862,1.9139,semiconductor,False
Cs2CuBaCl6,False,False,2.10905,1.49756,2.72053,0.68709,1.83114,semiconductor,False
Cs2HgErCl6,False,False,2.82138,2.06244,3.58031,0.5368,0.42479,semiconductor,True
Cs2TiSmCl6,False,False,2.29184,1.21178,3.3719,0.76861,1.4832,semiconductor,True
Cs2CrSrCl6,False,False,1.33674,0.52963,2.14386,0.76535,2.21088,semiconductor,False
Cs2NaTbCl6,True,False,5.15109,4.7465,5.55567,0.96114,6.28222,insulator,False
Cs2GeAmCl6,False,False,1.06402,0.08595,2.0421,0.69234,1.58331,semiconductor,False
Cs2CuAmCl6,False,False,0.84438,-0.02231,1.71107,0.66876,1.4898,semiconductor,False
Cs2TlPCl6,False,False,2.16748,0.98966,3.34529,0.95069,1.54231,semiconductor,False
Cs2MgSmCl6,False,False,4.94387,3.76821,6.11954,0.57383,2.69368,semiconductor,False
Cs2MnPbCl6,False,False,1.40403,0.29035,2.51771,0.74608,3.4407,semiconductor,False
Cs2AgGdCl6,True,False,2.55038,1.24966,3.85111,0.93306,5.30043,insulator,False
Cs2CaAgCl6,False,False,3.15649,2.43395,3.87902,0.75163,0.30673,semiconductor,False
Cs2AuNbCl6,False,False,0.78565,-0.15309,1.72439,0.39997,1.38538,semiconductor,False
Cs2ZnBaCl6,False,False,3.85664,2.94793,4.76536,0.92341,6.13866,insulator,False
Cs2DyHgCl6,False,False,2.84393,2.13015,3.55772,0.49648,0.49728,semiconductor,True
Cs2NdPtCl6,False,False,2.02128,1.45553,2.58702,0.89567,1.12407,semiconductor,False
Cs2HgYCl6,True,False,2.98317,1.96858,3.99776,0.2689,0.54783,semiconductor,True
Cs2DyYbCl6,False,False,5.00102,4.08759,5.91445,0.44752,0.12552,semiconductor,False
Cs2HgHoCl6,False,False,2.84807,2.12549,3.57066,0.4543,0.52033,semiconductor,True
Cs2CrEuCl6,False,False,-0.00579,-1.09317,1.08158,0.49269,0.66448,semiconductor,False
Cs2HgScCl6,True,False,2.42348,1.25867,3.58829,0.23643,0.48855,semiconductor,True
Cs2TiDyCl6,False,False,2.33202,1.41655,3.24749,0.80268,0.35382,semiconductor,False
Cs2NaDyCl6,True,False,5.2691,4.76935,5.76884,0.96901,5.5627,insulator,True
Cs2BeRaCl6,False,False,5.0596,4.37469,5.7445,0.94933,6.29425,insulator,False
Cs2MnSrCl6,False,False,1.86336,0.92899,2.79772,0.72259,5.35301,insulator,True
Cs2ZnPbCl6,False,False,2.58418,1.48115,3.6872,0.64547,3.56044,semiconductor,False
Cs2PdDyCl6,False,False,2.09984,1.60934,2.59035,0.90883,1.71946,semiconductor,False
Cs2MgAmCl6,False,False,1.61525,0.26668,2.96382,0.22542,2.48554,semiconductor,False
Cs2AgEuCl6,True,False,2.03263,1.21719,2.84807,0.44014,1.26021,semiconductor,False
Cs2RbCoCl6,False,False,1.26407,0.58292,1.94522,0.95288,3.55467,semiconductor,False
Cs2TlFeCl6,False,False,1.30584,0.52791,2.08377,0.59328,1.63069,semiconductor,True
Cs2KTaCl6,True,False,1.96063,0.80531,3.11595,0.21301,1.2104,semiconductor,False
Cs2CaNpCl6,False,False,2.83048,1.34938,4.31159,0.55643,0.73736,semiconductor,False
Cs2RbAsCl6,True,False,3.48861,3.11179,3.86543,0.993,4.31288,insulator,False
Cs2MnBaCl6,False,False,1.84057,0.91757,2.76358,0.7007,5.09597,insulator,True
Cs2RbNiCl6,False,False,1.28786,0.57931,1.99641,0.74713,0.62297,semiconductor,False
Cs2KNbCl6,False,False,1.87086,1.01309,2.72862,0.3357,1.56222,semiconductor,False
Cs2NaHoCl6,True,False,5.32696,4.86556,5.78836,0.98631,5.49474,insulator,False
Cs2KCuCl6,False,False,0.83731,0.29738,1.37723,0.69406,1.63228,semiconductor,False
Cs2ZnSrCl6,False,False,4.03101,3.10113,4.9609,0.93084,5.9563,insulator,False
Cs2NaYCl6,True,False,4.93525,4.40383,5.46667,0.98907,6.60692,insulator,False
Cs2MnEuCl6,False,False,0.1188,-0.88954,1.12714,0.42492,2.50472,semiconductor,False
Cs2GePbCl6,False,False,2.34379,1.15168,3.53589,0.90951,2.00931,semiconductor,False
Cs2AgSmCl6,True,False,3.7464,2.99909,4.49371,0.91917,2.31806,semiconductor,False
Cs2CoSmCl6,False,False,1.60111,0.80136,2.40087,0.8119,0.25688,semiconductor,False
Cs2KAlCl6,True,False,4.47759,4.056,4.89917,0.96928,6.26979,insulator,False
Cs2FeSmCl6,False,False,1.3838,0.4569,2.3107,0.86735,0.86279,semiconductor,False
Cs2HgTbCl6,False,False,2.832,2.13174,3.53227,0.41817,0.52522,semiconductor,True
Cs2AuScCl6,True,False,2.06693,1.0568,3.07707,0.95058,3.39173,semiconductor,False
Cs2TlCrCl6,False,False,1.81669,0.97285,2.66053,0.65361,3.00642,semiconductor,False
Cs2CrBaCl6,False,False,1.34803,0.56327,2.13279,0.77074,2.16085,semiconductor,False
Cs2AgSbCl6,True,True,1.53882,0.8283,2.24934,0.94865,2.13031,semiconductor,False
Cs2HgTaCl6,False,False,1.15876,-0.18715,2.50468,0.26457,1.29274,semiconductor,False
Cs2HgNbCl6,False,False,1.34131,0.32908,2.35354,0.2801,1.53484,semiconductor,False
Cs2ZnEuCl6,False,False,1.67644,0.76154,2.59135,0.17072,0.79326,semiconductor,False
Cs2MgPbCl6,False,False,2.82727,1.73307,3.92146,0.85099,4.80466,insulator,False
Cs2GeSrCl6,False,False,3.41504,2.67405,4.15603,0.96171,4.6783,insulator,False
Cs2CuSrCl6,False,False,2.20517,1.57141,2.83893,0.68654,1.83188,semiconductor,False
Cs2NaErCl6,True,False,5.32531,4.79415,5.85647,0.96326,5.0258,insulator,True
Cs2RbFeCl6,False,False,1.40769,0.58806,2.22732,0.86683,3.28074,semiconductor,True
Cs2CoAmCl6,False,False,0.29819,-0.53059,1.12697,0.49076,0.7789,semiconductor,False
Cs2AgPmCl6,False,False,3.69679,3.02505,4.36852,0.94661,3.03541,semiconductor,False
Cs2CdEuCl6,False,False,1.7831,0.86824,2.69796,0.17875,0.66968,semiconductor,False
Cs2HgNpCl6,False,False,1.85372,0.04925,3.6582,0.50471,1.59916,semiconductor,True
Cs2SrAgCl6,False,False,3.06657,2.4362,3.69695,0.77323,0.29647,semiconductor,False
Cs2TlGaCl6,True,False,2.44577,1.37052,3.52102,0.93808,3.22694,semiconductor,False
Cs2AgCmCl6,False,False,2.46051,1.157,3.76402,0.92939,4.77817,insulator,False
Cs2NaTlCl6,True,False,2.10971,1.52399,2.69544,0.93119,3.26807,semiconductor,False
Cs2AuAlCl6,True,False,1.07739,-0.00915,2.16393,0.57242,1.90517,semiconductor,False
Cs2KScCl6,True,False,4.15503,3.70185,4.6082,0.99205,5.77848,insulator,False
Cs2AgAmCl6,False,False,1.88176,0.9482,2.81533,0.67593,2.33291,semiconductor,False
Cs2PtNpCl6,False,False,1.898,0.6081,3.18789,0.88931,0.90334,semiconductor,False
Cs2MgSrCl6,False,False,5.36659,4.64772,6.08546,0.96911,6.77315,insulator,False
Cs2NaTmCl6,True,False,5.35592,4.77022,5.94163,0.9573,4.18922,insulator,False
Cs2CuEuCl6,True,False,0.85756,0.04796,1.66716,0.50815,0.26962,semiconductor,False
Cs2NiAmCl6,False,False,0.56969,-0.62861,1.76799,0.50583,0.69361,semiconductor,False
Cs2GeEuCl6,False,False,1.83461,0.91105,2.75817,0.66113,1.73974,semiconductor,False
Cs2HgGdCl6,False,False,2.05712,0.74104,3.37319,0.42043,0.50794,semiconductor,True
Cs2AuSbCl6,True,False,0.60962,-0.23652,1.45576,0.87914,0.90282,semiconductor,False
Cs2SrCdCl6,False,False,3.91476,3.00911,4.8204,0.93476,5.83365,insulator,False
Cs2KAgCl6,False,False,1.63774,1.13262,2.14286,0.74174,1.30511,semiconductor,True
Cs2AgScCl6,True,False,3.19475,2.10352,4.28598,0.96042,4.88079,insulator,False
Cs2RbMnCl6,False,False,1.38601,0.71536,2.05666,0.79641,0.88393,semiconductor,False
Cs2AgNdCl6,True,False,3.84595,3.22945,4.46246,0.95527,3.66474,semiconductor,True
Cs2RbCrCl6,False,False,1.57077,0.86254,2.279,0.89225,4.27357,insulator,True
Cs2VNpCl6,False,False,1.19644,-0.32811,2.72099,0.73751,0.69524,semiconductor,False
Cs2MgEuCl6,False,False,1.22592,0.06264,2.38919,0.14561,3.46952,semiconductor,False
Cs2CuAcCl6,False,False,2.30656,1.47874,3.13438,0.90353,4.11875,insulator,False
Cs2NaYbCl6,True,False,5.35166,4.82748,5.87583,0.32753,3.3801,semiconductor,False
Cs2CoPbCl6,False,False,1.31443,0.33501,2.29384,0.65925,2.93373,semiconductor,True
Cs2NaAcCl6,False,False,4.82668,4.1822,5.47116,0.97457,6.54808,insulator,False
Cs2AgPrCl6,True,False,3.80715,3.11751,4.49679,0.95404,3.88317,semiconductor,False
Cs2RbGaCl6,True,False,3.45051,3.10119,3.79983,0.97952,5.13375,insulator,False
Cs2VBaCl6,False,False,2.02125,0.82026,3.22223,0.71562,3.94038,semiconductor,True
Cs2KSbCl6,True,False,3.41319,3.0491,3.77727,0.99308,4.23144,insulator,False
Cs2KPdCl6,False,False,1.42314,0.94201,1.90428,0.79884,0.63059,semiconductor,False
Cs2CdPbCl6,False,False,2.56985,1.47917,3.66054,0.67414,3.49455,semiconductor,False
Cs2TlVCl6,False,False,1.96465,1.00224,2.92705,0.62173,2.84114,semiconductor,True
Cs2NaLuCl6,True,False,5.38169,4.69589,6.0675,0.98044,6.98042,insulator,False
Cs2FePbCl6,False,False,1.21253,0.21333,2.21174,0.72767,3.33253,semiconductor,True
Cs2LiAcCl6,False,False,4.75537,3.97611,5.53463,0.97702,6.73348,insulator,False
Cs2NiPbCl6,False,False,1.39987,0.25764,2.54209,0.56603,2.64613,semiconductor,True
Cs2TiYbCl6,False,False,2.76179,1.6566,3.86698,0.63069,1.98717,semiconductor,False
Cs2TiHgCl6,False,False,1.74171,0.45644,3.02697,0.4554,1.43563,semiconductor,False
Cs2HgMoCl6,False,False,1.33488,0.38518,2.28459,0.48858,0.26841,semiconductor,False
Cs2HgSmCl6,False,False,2.66251,1.83007,3.49494,0.33386,0.64992,semiconductor,True
Cs2CoSrCl6,False,False,1.44366,0.61794,2.26938,0.81949,4.33214,insulator,True
Cs2PdNdCl6,False,False,2.04227,1.48902,2.59553,0.864,1.69076,semiconductor,False
Cs2BaPtCl6,False,False,2.08249,1.37465,2.79033,0.68628,2.18397,semiconductor,True
Cs2AgPuCl6,False,False,3.4775,2.42762,4.52737,0.9152,3.23675,semiconductor,False
Cs2FeSrCl6,False,False,1.38041,0.47251,2.2883,0.77347,3.70324,semiconductor,False
Cs2NaAuCl6,True,False,0.36125,-0.39904,1.12155,0.56156,1.02935,semiconductor,True
Cs2DyPtCl6,False,False,1.56683,1.02329,2.11037,0.84739,1.27714,semiconductor,False
Cs2NiSrCl6,False,False,1.65701,0.70745,2.60657,0.61501,4.33271,insulator,True
Cs2AgTaCl6,True,False,1.65129,0.55996,2.74262,0.42062,1.27342,semiconductor,False
Cs2AgNbCl6,False,False,1.3875,0.35201,2.42298,0.39747,1.58336,semiconductor,False
Cs2HgCmCl6,False,False,1.79759,0.51316,3.08201,0.50436,0.34195,semiconductor,True
Cs2AgCeCl6,True,False,2.63558,0.42724,4.84393,0.918,4.62066,insulator,False
Cs2RbVCl6,False,False,1.79968,0.71419,2.88517,0.39027,2.9476,semiconductor,False
Cs2HgPmCl6,False,False,2.56698,1.84957,3.28439,0.26085,0.58391,semiconductor,True
Cs2CdAmCl6,False,False,1.60483,0.6349,2.57477,0.28415,1.07442,semiconductor,False
Cs2CrNpCl6,False,False,1.4339,-0.05812,2.92593,0.83346,1.64002,semiconductor,True
Cs2FeEuCl6,False,False,0.08837,-0.89596,1.07269,0.53265,1.65341,semiconductor,False
Cs2TlRhCl6,False,False,1.31757,0.5074,2.12775,0.60943,2.70536,semiconductor,False
Cs2CaTiCl6,False,False,1.99593,0.84554,3.14631,0.41512,2.23181,semiconductor,False
Cs2NiEuCl6,False,False,0.6357,-0.43528,1.70668,0.41864,1.01103,semiconductor,False
Cs2CaPdCl6,False,False,1.63826,0.86206,2.41446,0.79122,2.30222,semiconductor,True
Cs2CaEuCl6,False,False,1.53029,0.34905,2.71153,0.14054,3.04865,semiconductor,False
Cs2TlTiCl6,False,False,2.65246,1.46069,3.84424,0.68735,2.59804,semiconductor,False
Cs2NiRaCl6,False,False,1.68672,0.81653,2.5569,0.59646,4.25964,insulator,True
Cs2DyNpCl6,False,False,2.67068,0.92184,4.41951,0.56764,0.53289,semiconductor,False
Cs2AuInCl6,True,False,0.7385,-0.20111,1.6781,0.30026,0.65595,semiconductor,False
Cs2HgNdCl6,False,False,2.64865,2.00696,3.29035,0.28103,0.55603,semiconductor,True
Cs2AgUCl6,False,False,2.11752,0.56973,3.66532,0.92887,2.36576,semiconductor,False
Cs2FeRaCl6,False,False,1.29158,0.45568,2.12748,0.74677,3.68984,semiconductor,False
Cs2CoRaCl6,False,False,1.53287,0.79932,2.26641,0.81203,4.19394,insulator,True
Cs2TlIrCl6,False,False,1.42968,0.52298,2.33639,0.44047,3.17877,semiconductor,False
Cs2TlRuCl6,False,False,1.25058,0.45732,2.04385,0.6263,2.02534,semiconductor,False
Cs2HgPrCl6,False,False,2.65828,1.75156,3.565,0.22988,0.49752,semiconductor,True
Cs2CaSrCl6,False,False,5.4908,4.80463,6.17698,0.95094,6.68482,insulator,False
Cs2KInCl6,True,False,3.52961,3.08215,3.97707,0.97896,5.23712,insulator,False
Cs2AgBiCl6,True,True,1.81672,1.0747,2.55873,0.92447,2.75251,semiconductor,False
Cs2AgLaCl6,True,False,3.56256,2.76944,4.35569,0.96798,5.22924,insulator,False
Cs2ZnNpCl6,False,False,2.20193,0.61998,3.78388,0.69673,0.81797,semiconductor,True
Cs2AgMoCl6,True,False,1.10417,0.24855,1.95979,0.74606,2.68501,semiconductor,False
Cs2RbRhCl6,False,False,1.59919,1.03604,2.16234,0.91528,3.61116,semiconductor,False
Cs2CrDyCl6,False,False,1.30513,0.56481,2.04546,0.80547,1.1184,semiconductor,False
Cs2RbTiCl6,False,False,1.93578,0.9354,2.93617,0.59942,2.53664,semiconductor,False
Cs2CaPbCl6,False,False,3.01597,1.94634,4.0856,0.83122,5.3664,insulator,False
Cs2AgPaCl6,False,False,2.13302,0.64308,3.62297,0.92318,0.55296,semiconductor,False
Cs2HgPuCl6,False,False,2.32423,0.992,3.65647,0.48458,0.69599,semiconductor,True
Cs2EuYbCl6,False,False,1.61253,0.3922,2.83287,0.08849,2.72593,semiconductor,False
Cs2TlMoCl6,False,False,1.82781,0.97394,2.68168,0.70389,3.50998,semiconductor,False
Cs2CuNpCl6,False,False,1.7164,0.26376,3.16905,0.92932,3.45773,semiconductor,False
Cs2AgIrCl6,False,False,1.38688,0.68355,2.09021,0.72754,2.19105,semiconductor,False
Cs2TmPtCl6,False,False,1.62607,1.03511,2.21703,0.82031,0.41081,semiconductor,False
Cs2MgRaCl6,False,False,5.36546,4.63268,6.09823,0.95879,6.32184,insulator,False
Cs2AgRuCl6,False,False,0.94183,0.15268,1.73099,0.58887,1.94577,semiconductor,True
Cs2RbIrCl6,False,False,2.08801,1.54727,2.62876,0.89593,3.67673,semiconductor,False
Cs2SrHgCl6,False,False,2.89533,1.95359,3.83707,0.86373,4.21838,insulator,False
Cs2EuTmCl6,False,False,1.80906,0.66843,2.94969,0.2569,1.98232,semiconductor,True
Cs2RbRuCl6,False,False,1.30784,0.68169,1.93398,0.80435,2.02388,semiconductor,False
Cs2HgCeCl6,False,False,1.48204,-1.08161,4.0457,0.35486,0.52732,semiconductor,True
Cs2SrYbCl6,False,False,5.38697,4.58886,6.18508,0.26814,2.65198,semiconductor,False
Cs2MnDyCl6,False,False,1.6597,0.79621,2.52319,0.76537,0.61676,semiconductor,False
Cs2VTmCl6,False,False,1.56936,0.52882,2.60989,0.59034,1.72759,semiconductor,False
Cs2MgNpCl6,False,False,2.63486,1.07761,4.19211,0.55917,0.77228,semiconductor,False
Cs2YbPtCl6,False,False,1.89792,1.06193,2.73391,0.70286,0.10884,semiconductor,True
Cs2KPCl6,False,False,3.85883,3.55135,4.16631,0.99009,3.87928,semiconductor,False
Cs2AgTiCl6,False,False,2.16293,0.95286,3.37301,0.54257,2.55101,semiconductor,False
Cs2NaInCl6,True,False,3.23168,2.68885,3.77452,0.97214,4.66101,insulator,False
Cs2AgRhCl6,False,False,1.36873,0.59557,2.14189,0.7906,2.31815,semiconductor,False
Cs2RbMoCl6,False,False,1.60673,0.90341,2.31005,0.9104,3.54732,semiconductor,True
Cs2CaAmCl6,False,False,1.7408,0.41791,3.06369,0.16402,2.3169,semiconductor,False
Cs2SrTmCl6,False,False,5.29625,4.55296,6.03954,0.51475,1.86859,semiconductor,False
Cs2GeRaCl6,False,False,3.45222,2.8277,4.07674,0.94807,4.44473,insulator,False
Cs2PdBaCl6,False,False,1.67718,1.11282,2.24155,0.7969,2.34306,semiconductor,True
Cs2CuRaCl6,False,False,2.17329,1.60926,2.73732,0.68507,1.75305,semiconductor,False
Cs2HgPbCl6,False,False,2.30462,1.20621,3.40303,0.69553,2.15673,semiconductor,False
Cs2TiBaCl6,False,False,2.1908,1.10072,3.28089,0.41231,2.08869,semiconductor,False
Cs2PdCdCl6,False,False,1.7072,0.92907,2.48532,0.63958,0.42736,semiconductor,False
Cs2ZnDyCl6,False,False,3.27925,2.66802,3.89049,0.72221,0.5813,semiconductor,True
Cs2VYbCl6,False,False,1.89495,0.63671,3.15318,0.39241,2.44221,semiconductor,False
Cs2AuPCl6,False,False,1.3644,0.24578,2.48303,0.91627,0.38594,semiconductor,False
Cs2TiCdCl6,False,False,2.30726,0.92887,3.68565,0.6485,0.70773,semiconductor,False
Cs2CuPaCl6,False,False,1.63517,0.14102,3.12933,0.91452,1.17358,semiconductor,False
Cs2VHgCl6,False,False,1.13758,-0.05775,2.33291,0.30957,0.49454,semiconductor,True
Cs2HgUCl6,False,False,1.74883,0.42456,3.07309,0.37668,2.2776,semiconductor,False
Cs2TlNbCl6,False,False,2.25015,1.22396,3.27634,0.58294,1.58179,semiconductor,False
Cs2CaSmCl6,False,False,5.13731,3.99264,6.28198,0.47103,2.22781,semiconductor,False
Cs2ZnRaCl6,False,False,3.55401,2.66332,4.4447,0.90605,5.85279,insulator,False
Cs2TlTaCl6,False,False,2.26166,1.04779,3.47554,0.54779,1.20773,semiconductor,False
Cs2TmPbCl6,False,False,2.59833,1.86827,3.32839,0.81776,0.93924,semiconductor,False
Cs2HgMnCl6,False,False,1.01554,-0.03605,2.06713,0.42066,1.35274,semiconductor,False
Cs2CuLaCl6,True,False,2.37695,1.58925,3.16465,0.95339,4.15271,insulator,False
Cs2HgLaCl6,False,False,2.81072,1.81575,3.80569,0.22874,0.5419,semiconductor,True
Cs2BeBaCl6,False,False,5.20722,4.51935,5.8951,0.95217,6.54021,insulator,False
Cs2CaPtCl6,False,False,2.04575,1.16112,2.93038,0.66945,2.16998,semiconductor,True
Cs2CuBiCl6,True,False,1.0118,0.20362,1.81997,0.88564,2.05789,semiconductor,False
Cs2CuDyCl6,True,False,2.58667,2.03643,3.13692,0.92276,3.10858,semiconductor,False
Cs2GeDyCl6,False,False,3.1639,2.38148,3.94632,0.92591,0.44435,semiconductor,False
Cs2LiPaCl6,False,False,3.14784,1.61297,4.68271,0.96255,1.33339,semiconductor,False
Cs2PdThCl6,False,False,1.17007,0.09055,2.24958,0.64777,2.39427,semiconductor,False
Cs2CoNpCl6,False,False,1.4153,0.17706,2.65354,0.84478,2.66561,semiconductor,False
Cs2FeNpCl6,False,False,1.41164,0.12694,2.69635,0.86706,2.35197,semiconductor,True
Cs2CuUCl6,False,False,1.71159,0.18125,3.24193,0.91795,2.79711,semiconductor,False
Cs2NaThCl6,False,False,3.42231,2.53393,4.31069,0.88244,0.41565,semiconductor,False
Cs2YbAmCl6,False,False,1.73933,0.39138,3.08729,0.17949,2.29334,semiconductor,False
Cs2MnRaCl6,False,False,1.53473,0.63971,2.42976,0.65954,4.9342,insulator,False
Cs2HgPaCl6,False,False,1.89526,0.50637,3.28414,0.39272,3.3264,semiconductor,False
Cs2KAuCl6,True,False,0.2741,-0.40868,0.95687,0.65486,1.43064,semiconductor,True
Cs2LiLaCl6,True,False,4.6078,4.09538,5.12021,0.99032,6.43024,insulator,False
Cs2AuLuCl6,False,False,2.19637,1.32584,3.06691,0.95842,3.49426,semiconductor,False
Cs2MgDyCl6,False,False,5.16509,4.29271,6.03748,0.59272,1.33972,semiconductor,True
Cs2NiNpCl6,False,False,1.6329,0.07414,3.19166,0.887,2.38477,semiconductor,False
Cs2RbBCl6,False,False,4.17696,4.00344,4.35048,0.95782,4.58573,insulator,False
Cs2LiBiCl6,True,False,3.76888,3.2953,4.24246,0.98295,4.58033,insulator,False
Cs2AgVCl6,False,False,1.3888,0.21586,2.56174,0.41861,2.85741,semiconductor,False
Cs2HgFeCl6,False,False,1.03214,0.13299,1.93129,0.47779,0.95852,semiconductor,True
Cs2CaVCl6,False,False,1.96044,0.68628,3.23459,0.7197,4.11383,insulator,False
Cs2CrYbCl6,False,False,1.71992,0.81832,2.62151,0.5774,0.37797,semiconductor,False
Cs2LiUCl6,False,False,2.96225,1.69263,4.23187,0.96063,2.75825,semiconductor,False
Cs2AuYbCl6,False,False,1.76727,0.92415,2.6104,0.72467,1.59177,semiconductor,False
Cs2FrPCl6,False,False,3.81567,3.169,4.46234,0.98286,3.66543,semiconductor,False
Cs2RbNbCl6,False,False,1.80623,0.94048,2.67198,0.33487,1.58678,semiconductor,False
Cs2EuDyCl6,False,False,1.62809,0.47957,2.7766,0.24595,0.8115,semiconductor,False
Cs2RbTaCl6,False,False,2.00009,0.82737,3.17281,0.20872,1.25209,semiconductor,False
Cs2SmYbCl6,False,False,4.66351,3.44365,5.88336,0.29265,2.21186,semiconductor,False
Cs2CdNdCl6,False,False,3.28695,2.63705,3.93685,0.66639,0.75726,semiconductor,True
Cs2KLuCl6,True,False,5.18626,4.54789,5.82463,0.98338,6.71763,insulator,False
Cs2CuCeCl6,True,False,1.53164,-0.59002,3.6533,0.89027,3.99105,semiconductor,True
Cs2MnTmCl6,False,False,1.70061,0.92002,2.48119,0.75826,1.70083,semiconductor,False
Cs2NaPdCl6,False,False,1.48134,0.88801,2.07468,0.76325,0.36888,semiconductor,False
Cs2NaSbCl6,True,False,3.22159,2.72279,3.72039,0.99104,3.91151,semiconductor,False
Cs2CrRaCl6,False,False,1.20343,0.45885,1.948,0.73369,2.09434,semiconductor,False
Cs2TlScCl6,True,False,3.5978,2.56806,4.62753,0.92571,4.55618,insulator,False
Cs2KYbCl6,True,False,5.24005,4.74051,5.73959,0.34288,3.56041,semiconductor,False
Cs2SrDyCl6,False,False,5.27048,4.558,5.98296,0.54633,0.65662,semiconductor,True
Cs2AuTmCl6,False,False,2.0921,1.50682,2.67738,0.91205,2.34041,semiconductor,False
Cs2AgGaCl6,True,True,1.41033,0.49924,2.32141,0.65847,2.24979,semiconductor,False
Cs2NaAgCl6,False,False,1.72772,1.13206,2.32339,0.69503,0.90519,semiconductor,True
Cs2LiNpCl6,False,False,2.89349,0.71961,5.06737,0.95793,3.08397,semiconductor,False
Cs2MnYbCl6,False,False,1.97701,0.96791,2.98612,0.58079,2.45458,semiconductor,True
Cs2TlBCl6,False,False,1.94714,0.97077,2.9235,0.92551,2.91798,semiconductor,False
Cs2LiCeCl6,True,False,1.14718,-0.31521,2.60957,0.97268,6.27451,insulator,False
Cs2HgNiCl6,False,False,1.23802,0.15853,2.31751,0.43824,1.5547,semiconductor,False
Cs2CuPuCl6,False,False,2.18002,1.17083,3.1892,0.89729,2.61042,semiconductor,False
Cs2ZnTmCl6,False,False,3.3585,2.70259,4.01442,0.64181,0.16115,semiconductor,False
Cs2CoDyCl6,False,False,1.4998,0.89663,2.10297,0.78318,1.75441,semiconductor,False
Cs2HgCoCl6,False,False,1.13303,0.12064,2.14543,0.4163,1.66325,semiconductor,False
Cs2NaScCl6,True,False,4.18715,3.64483,4.72946,0.98915,5.64001,insulator,False
Cs2AgCrCl6,False,True,1.16859,0.23261,2.10456,0.63791,2.59814,semiconductor,False
Cs2CaCrCl6,False,False,1.32203,0.41435,2.2297,0.7364,2.19323,semiconductor,False
Cs2DyPbCl6,False,False,2.62896,1.94185,3.31607,0.86587,0.17408,semiconductor,False
Cs2TlSbCl6,True,False,1.85675,0.82411,2.88938,0.92023,1.90855,semiconductor,False
Cs2AuErCl6,True,False,2.14942,1.60919,2.68965,0.9115,3.17716,semiconductor,False
Cs2KTmCl6,True,False,5.15432,4.60651,5.70213,0.96213,4.41727,insulator,False
Cs2ZnHgCl6,False,False,2.56081,1.41186,3.70977,0.66267,1.70283,semiconductor,False
Cs2NiDyCl6,False,False,1.96727,1.11683,2.81771,0.81581,1.63921,semiconductor,False
Cs2LiPuCl6,False,False,4.69983,3.0688,6.33086,0.92306,3.49656,semiconductor,False
Cs2GeTmCl6,False,False,3.25175,2.4764,4.0271,0.91455,0.83224,semiconductor,False
Cs2CuTmCl6,True,False,2.52828,1.9105,3.14606,0.90973,1.79983,semiconductor,False
Cs2CuPrCl6,True,False,2.54134,1.85606,3.22662,0.94611,2.85944,semiconductor,False
Cs2RbScCl6,True,False,4.12232,3.65994,4.58469,0.99172,5.81228,insulator,False
Cs2KTlCl6,True,False,2.38082,1.84813,2.91351,0.94773,3.80109,semiconductor,False
Cs2KErCl6,True,False,5.20281,4.67309,5.73254,0.96744,5.19948,insulator,False
Cs2EuNpCl6,False,False,2.73308,0.84645,4.6197,0.52327,0.57365,semiconductor,False
Cs2VRaCl6,False,False,1.87374,0.68924,3.05824,0.66847,3.76101,semiconductor,False
Cs2AgAcCl6,False,False,3.34665,2.51375,4.17954,0.93317,4.87812,insulator,False
Cs2AuYCl6,True,False,2.26308,1.36826,3.15791,0.95646,3.71059,semiconductor,False
Cs2RbAgCl6,False,False,1.67485,1.16336,2.18633,0.73552,1.30469,semiconductor,True
Cs2AuHoCl6,False,False,2.23703,1.74857,2.72549,0.96864,3.56441,semiconductor,False
Cs2GeYbCl6,False,False,2.96949,1.93396,4.00503,0.78883,1.62925,semiconductor,False
Cs2MgTmCl6,False,False,5.21105,4.263,6.15909,0.55398,1.03034,semiconductor,False
Cs2GeHgCl6,False,False,2.05955,1.12211,2.99698,0.66143,1.22989,semiconductor,False
Cs2LiPrCl6,True,False,4.80439,4.36038,5.2484,0.98188,4.76734,insulator,False
Cs2CuHgCl6,False,False,1.12611,0.21556,2.03665,0.35286,0.31646,semiconductor,False
Cs2CaMnCl6,False,False,1.83394,0.87425,2.79363,0.70199,5.41693,insulator,True
Cs2CuYbCl6,False,False,2.30327,1.45719,3.14935,0.57915,1.17002,semiconductor,False
Cs2AgFeCl6,False,True,0.96644,0.03599,1.89688,0.63785,1.59062,semiconductor,True
Cs2LiNdCl6,True,False,4.84218,4.41425,5.27011,0.97821,4.70824,insulator,False
Cs2SrNpCl6,False,False,2.99114,1.69929,4.28299,0.64354,0.42344,semiconductor,False
Cs2KYCl6,True,False,4.90142,4.41979,5.38305,0.99181,6.65004,insulator,False
Cs2PtRaCl6,False,False,2.23973,1.59805,2.88141,0.67646,2.08548,semiconductor,True
Cs2RbPdCl6,False,False,1.43844,0.90955,1.96734,0.79634,0.56906,semiconductor,False
Cs2RbSbCl6,True,False,3.44836,3.05944,3.83728,0.99317,4.18395,insulator,False
Cs2CuCmCl6,False,False,1.604,0.30033,2.90766,0.92867,4.13156,insulator,False
Cs2CuPmCl6,False,False,2.60727,1.91524,3.29929,0.93798,1.94687,semiconductor,False
Cs2CaZnCl6,False,False,4.04043,3.12063,4.96022,0.89924,5.72408,insulator,False
Cs2BeNdCl6,False,False,4.42754,3.49521,5.35987,0.49716,1.88741,semiconductor,False
Cs2VCdCl6,False,False,1.78164,0.44037,3.12292,0.5121,2.55209,semiconductor,False
Cs2MgYbCl6,False,False,5.23857,4.28569,6.19146,0.32415,1.81019,semiconductor,False
Cs2NaTaCl6,True,False,1.97297,0.74065,3.20528,0.21695,1.20541,semiconductor,False
Cs2NaNbCl6,False,False,1.88515,1.00121,2.76908,0.2915,1.50353,semiconductor,False
Cs2MgHgCl6,False,False,2.5372,1.14382,3.93057,0.85568,3.10337,semiconductor,False
Cs2KHoCl6,True,False,5.22181,4.76035,5.68326,0.9879,5.5878,insulator,True
Cs2AuDyCl6,True,False,2.14064,1.61106,2.67022,0.91891,3.61588,semiconductor,False
Cs2LiAmCl6,False,False,1.78341,0.66839,2.89843,0.78122,2.98144,semiconductor,False
Cs2CaNdCl6,False,False,4.94149,4.01867,5.86431,0.50389,1.21219,semiconductor,False
Cs2AgBaCl6,False,False,3.03015,2.42669,3.63362,0.77825,0.28796,semiconductor,False
Cs2CaCuCl6,False,False,2.24014,1.52007,2.96021,0.67259,1.77477,semiconductor,False
Cs2CaGeCl6,False,False,3.38298,2.57342,4.19253,0.95859,4.73399,insulator,False
Cs2LiCmCl6,False,False,3.01499,1.74146,4.28851,0.96922,5.99943,insulator,False
Cs2LiPmCl6,False,False,4.7208,4.16138,5.28021,0.97316,4.10298,insulator,False
Cs2AgAsCl6,True,False,1.57927,0.83667,2.32187,0.94897,2.04005,semiconductor,False
Cs2KDyCl6,True,False,5.16633,4.65734,5.67532,0.97308,5.63767,insulator,True
Cs2CoTmCl6,False,False,1.11719,0.52189,1.71249,0.84099,0.43854,semiconductor,False
Cs2AgCoCl6,False,False,0.9936,0.08351,1.90369,0.7949,2.0883,semiconductor,False
Cs2AuTbCl6,True,False,2.12916,1.56257,2.69575,0.91381,3.59276,semiconductor,False
Cs2MgCaCl6,False,False,5.32414,4.46978,6.1785,0.96221,6.94238,insulator,False
Cs2NiTmCl6,False,False,1.60772,0.79725,2.4182,0.78379,0.57671,semiconductor,False
Cs2TlInCl6,True,False,2.40053,1.31624,3.48482,0.93987,3.23425,semiconductor,False
Cs2CdBaCl6,False,False,3.77784,2.89339,4.6623,0.92667,5.79965,insulator,False
Cs2LiSmCl6,True,False,5.10041,4.31483,5.88599,0.96287,3.33561,semiconductor,False
Cs2CoYbCl6,False,False,1.61502,0.64315,2.5869,0.61892,0.82405,semiconductor,False
Cs2KTbCl6,True,False,5.08117,4.64167,5.52068,0.96404,6.29851,insulator,False
Cs2FeYbCl6,False,False,1.60072,0.69899,2.50246,0.68086,1.51475,semiconductor,False
Cs2CrCdCl6,False,False,1.54155,0.50261,2.5805,0.67002,0.92299,semiconductor,False
Cs2AuGdCl6,True,False,1.62364,0.31789,2.92939,0.93687,3.56244,semiconductor,False
Cs2NiYbCl6,False,False,1.90721,0.83049,2.98394,0.53614,0.74973,semiconductor,False
Cs2NaMoCl6,True,False,1.70303,0.93812,2.46794,0.89492,3.52378,semiconductor,True
Cs2PdAcCl6,False,False,1.91804,1.0514,2.78467,0.69753,1.69972,semiconductor,False
Cs2HgAcCl6,False,False,2.65465,1.87722,3.43208,0.23996,0.54291,semiconductor,True
Cs2NpAmCl6,False,False,2.39863,0.14094,4.65631,0.58861,0.30806,semiconductor,False
Cs2NdYbCl6,False,False,4.54778,3.5604,5.53516,0.26523,1.25912,semiconductor,False
Cs2CuGdCl6,False,False,1.71538,0.41463,3.01613,0.93081,4.11621,insulator,False
Cs2LiEuCl6,True,False,1.0466,0.2867,1.80651,0.24876,2.30505,semiconductor,False
Cs2AuEuCl6,True,False,0.73098,-0.14407,1.60604,0.4872,0.60914,semiconductor,False
Cs2KGdCl6,True,False,3.25381,2.46756,4.04006,0.98063,6.57521,insulator,False
Cs2NaIrCl6,True,False,2.16775,1.6057,2.7298,0.87271,3.13562,semiconductor,False
Cs2MnCdCl6,False,False,1.79655,0.68919,2.90392,0.65327,3.02157,semiconductor,False
Cs2NaRuCl6,False,False,1.27043,0.63283,1.90802,0.75293,1.94713,semiconductor,False
Cs2RbInCl6,True,False,3.55371,3.08468,4.02274,0.97923,5.33278,insulator,False
Cs2LiGdCl6,True,False,2.92275,1.78113,4.06437,0.97329,6.2392,insulator,True
Cs2CaCoCl6,False,False,1.33729,0.49122,2.18336,0.8138,4.29027,insulator,False
Cs2CaFeCl6,False,False,1.31791,0.39122,2.24459,0.77061,3.68695,semiconductor,False
Cs2CuTbCl6,True,False,2.51134,1.93034,3.09233,0.91204,3.97891,semiconductor,True
Cs2KEuCl6,True,False,1.11973,0.24071,1.99875,0.25515,2.63255,semiconductor,False
Cs2AuSmCl6,True,False,2.22037,1.44655,2.99419,0.88137,1.66327,semiconductor,False
Cs2ZnCdCl6,False,False,3.28216,2.06559,4.49872,0.76411,3.20387,semiconductor,False
Cs2CaNiCl6,False,False,1.60669,0.66965,2.54374,0.58624,4.23973,insulator,True
Cs2NaTiCl6,False,False,1.81353,0.77303,2.85403,0.58945,2.54118,semiconductor,False
Cs2NaRhCl6,False,False,1.57841,0.7706,2.38622,0.90122,3.12173,semiconductor,False
Cs2AgAlCl6,True,False,2.13295,1.04149,3.2244,0.75298,3.71833,semiconductor,False
Cs2LiTbCl6,True,False,5.03868,4.33183,5.74553,0.9581,6.25614,insulator,True
Cs2FrAlCl6,False,False,4.50709,3.97826,5.03592,0.95022,5.99649,insulator,False
Cs2CuCdCl6,False,False,1.86426,1.04808,2.68044,0.48631,0.8971,semiconductor,False
Cs2RbNCl6,False,False,3.03726,2.24998,3.82454,0.98263,3.0271,semiconductor,False
Cs2GeCdCl6,False,False,2.4002,1.49148,3.30892,0.87832,2.6586,semiconductor,False
Cs2KSmCl6,True,False,5.08619,4.39256,5.77981,0.9709,3.67632,semiconductor,False
Cs2TiRaCl6,False,False,2.51735,1.45526,3.57944,0.37461,2.18985,semiconductor,False
Cs2AuCmCl6,False,False,1.76462,0.53676,2.99249,0.93057,3.1687,semiconductor,False
Cs2AuPmCl6,False,False,2.24147,1.513,2.96994,0.92629,2.32741,semiconductor,False
Cs2FrCuCl6,False,False,1.20766,0.59083,1.82449,0.72669,1.65229,semiconductor,True
Cs2PdRaCl6,False,False,1.65376,1.12467,2.18285,0.77787,2.24002,semiconductor,True
Cs2AuAmCl6,False,False,0.89534,0.07708,1.71361,0.64336,1.67236,semiconductor,False
Cs2LiDyCl6,True,False,5.1715,4.48059,5.86242,0.9659,5.3983,insulator,True
Cs2CuHoCl6,False,False,2.63572,2.1359,3.13553,0.96611,3.1653,semiconductor,False
Cs2MgCdCl6,False,False,3.73681,2.70094,4.77268,0.92089,4.46218,insulator,False
Cs2CuYCl6,True,False,2.49596,1.62115,3.37078,0.95691,4.36032,insulator,False
Cs2BeSmCl6,False,False,4.68923,3.4875,5.89096,0.5137,1.02515,semiconductor,True
Cs2KPmCl6,False,False,4.77913,4.13304,5.42521,0.98092,4.45597,insulator,False
Cs2KCmCl6,False,False,3.15696,2.33211,3.98181,0.97727,5.97488,insulator,False
Cs2CaBaCl6,False,False,5.42546,4.77844,6.07247,0.95004,6.41262,insulator,False
Cs2AuNdCl6,True,False,2.24587,1.62436,2.86738,0.92516,2.92853,semiconductor,False
Cs2KAmCl6,False,False,1.6745,0.76544,2.58355,0.81551,3.08288,semiconductor,False
Cs2LiHoCl6,False,False,5.2134,4.54887,5.87794,0.98505,5.40746,insulator,True
Cs2CuErCl6,True,False,2.51037,1.93765,3.0831,0.91073,2.76089,semiconductor,False
Cs2TiPtCl6,False,False,1.36821,0.37624,2.36018,0.78916,0.93364,semiconductor,False
Cs2LiYCl6,True,False,4.81465,4.20115,5.42816,0.9889,6.42261,insulator,False
Cs2BeAmCl6,False,False,1.65226,0.28939,3.01513,0.2519,2.44863,semiconductor,False
Cs2NaVCl6,False,False,1.81057,0.68072,2.94043,0.39144,2.85974,semiconductor,False
Cs2EuPbCl6,False,False,1.66211,0.73731,2.58692,0.50557,1.89953,semiconductor,False
Cs2AuPrCl6,True,False,2.18944,1.43054,2.94833,0.93852,2.98187,semiconductor,False
Cs2TlLuCl6,False,False,3.91865,2.9617,4.8756,0.93317,5.16423,insulator,False
Cs2KNdCl6,True,False,4.90259,4.34211,5.46307,0.98351,5.09108,insulator,False
Cs2LiErCl6,True,False,5.23053,4.62462,5.83645,0.95894,4.91214,insulator,False
Cs2KBCl6,False,False,3.98447,3.78186,4.18708,0.95932,4.41734,insulator,False
Cs2TiVCl6,False,False,0.44295,-0.85982,1.74573,0.53843,2.11453,semiconductor,False
Cs2TlYbCl6,False,False,2.81962,1.90379,3.73545,0.64728,2.16628,semiconductor,False
Cs2CoCdCl6,False,False,1.44096,0.50231,2.37961,0.66508,3.42356,semiconductor,False
Cs2AuPuCl6,False,False,2.15813,1.28262,3.03364,0.89618,2.68596,semiconductor,False
Cs2SrPbCl6,False,False,3.17665,2.26257,4.09073,0.85667,5.2908,insulator,False
Cs2KPrCl6,True,False,4.91023,4.3635,5.45697,0.98514,4.85906,insulator,False
Cs2RbAuCl6,True,False,0.27136,-0.46754,1.01026,0.65229,1.42068,semiconductor,True
Cs2BaHgCl6,False,False,2.82582,1.89306,3.75859,0.87269,4.29589,insulator,False
Cs2BaYbCl6,False,False,5.28826,4.48617,6.09035,0.26503,2.13314,semiconductor,False
Cs2LiTlCl6,True,False,1.6704,1.0273,2.3135,0.93123,2.96425,semiconductor,False
Cs2FeCdCl6,False,False,1.40934,0.41233,2.40635,0.72416,2.72557,semiconductor,True
Cs2BePbCl6,False,False,2.72591,1.56995,3.88188,0.87699,4.1464,insulator,False
Cs2AuBCl6,False,False,1.26191,0.15325,2.37058,0.59034,0.26331,semiconductor,False
Cs2LiTmCl6,True,False,5.3715,4.58818,6.15482,0.95559,4.08734,insulator,False
Cs2NaGaCl6,True,False,3.01266,2.54845,3.47687,0.97087,4.35435,insulator,False
Cs2NiCdCl6,False,False,1.7973,0.76151,2.83309,0.52379,2.87488,semiconductor,True
Cs2FrCoCl6,False,False,1.41881,0.73395,2.10366,0.94573,3.70026,semiconductor,False
Cs2NaCrCl6,True,False,1.56748,0.91709,2.21788,0.87849,3.77484,semiconductor,True
Cs2EuAmCl6,False,False,1.24233,-0.23425,2.7189,0.17353,2.09914,semiconductor,False
Cs2FrAsCl6,False,False,2.98429,2.52608,3.44251,0.98918,4.11726,insulator,False
Cs2FrNiCl6,False,False,1.43533,0.636,2.23465,0.77601,0.38076,semiconductor,False
Cs2BaTmCl6,False,False,5.22894,4.45765,6.00022,0.51078,1.40671,semiconductor,False
Cs2KPuCl6,False,False,4.6166,3.65532,5.57789,0.92691,3.58829,semiconductor,False
Cs2AuNpCl6,False,False,1.84141,0.50611,3.17672,0.92679,1.95837,semiconductor,False
Cs2TlTmCl6,False,False,2.93262,2.23832,3.62692,0.86173,2.93673,semiconductor,False
Cs2AuCeCl6,False,False,1.31801,-0.62259,3.25862,0.8578,3.65044,semiconductor,False
Cs2RbLuCl6,True,False,5.07424,4.44884,5.69965,0.98306,6.50483,insulator,False
Cs2NaMnCl6,False,False,1.34381,0.76711,1.92051,0.76132,0.6193,semiconductor,False
Cs2CuLuCl6,False,False,2.55195,1.63606,3.46783,0.95303,4.55899,insulator,False
Cs2PdPaCl6,False,False,0.87911,-0.57148,2.3297,0.798,2.11203,semiconductor,False
Cs2BeSrCl6,False,False,5.25865,4.59435,5.92296,0.9515,6.58483,insulator,False
Cs2LiYbCl6,False,False,5.34161,4.78155,5.90167,0.36342,3.24481,semiconductor,False
Cs2RbYbCl6,False,False,5.16777,4.64715,5.68838,0.37368,3.6207,semiconductor,False
Cs2TiCrCl6,False,False,0.67782,-0.42639,1.78202,0.73392,0.60978,semiconductor,False
Cs2SmEuCl6,False,False,3.31828,2.03652,4.60004,0.4143,1.95195,semiconductor,False
Cs2SrAmCl6,False,False,1.9165,0.65478,3.17823,0.16104,2.0008,semiconductor,False
Cs2TlErCl6,False,False,2.97195,2.31583,3.62806,0.86705,3.76571,semiconductor,False
Cs2KNpCl6,False,False,3.27877,1.58388,4.97365,0.96435,2.96383,semiconductor,False
Cs2NdNpCl6,False,False,2.33231,0.65429,4.01032,0.57957,0.46109,semiconductor,False
Cs2KCeCl6,True,False,3.94373,1.77826,6.10919,0.97114,4.51268,insulator,False
Cs2PdLaCl6,False,False,1.98293,1.14225,2.82361,0.82857,1.62766,semiconductor,False
Cs2LiLuCl6,True,False,5.38014,4.53671,6.22358,0.98118,6.79455,insulator,False
Cs2BeEuCl6,False,False,1.29343,0.14902,2.43784,0.23085,3.62554,semiconductor,False
Cs2AuUCl6,False,False,1.74003,0.31293,3.16714,0.91401,0.61511,semiconductor,False
Cs2NaFeCl6,False,False,1.34909,0.63493,2.06325,0.83609,3.08993,semiconductor,False
Cs2FrFeCl6,False,False,1.28535,0.53625,2.03445,0.86588,3.35331,semiconductor,True
Cs2PdUCl6,False,False,1.25131,-0.05859,2.56121,0.78755,1.07276,semiconductor,False
Cs2HgThCl6,False,False,2.39662,1.24182,3.55141,0.32612,3.69728,semiconductor,False
Cs2TlYCl6,True,False,4.09966,3.17618,5.02315,0.93403,5.06067,insulator,False
Cs2AuBiCl6,True,False,1.04176,0.30694,1.77658,0.92223,1.45132,semiconductor,False
Cs2PbAmCl6,False,False,0.9775,0.17612,1.77889,0.66345,1.64193,semiconductor,False
Cs2SrSmCl6,False,False,5.07362,3.98771,6.15953,0.49753,1.84284,semiconductor,False
Cs2RbTmCl6,True,False,5.04361,4.47216,5.61506,0.96185,4.44137,insulator,False
Cs2TlHoCl6,False,False,3.05587,2.36525,3.74649,0.87703,4.10641,insulator,True
Cs2AuLaCl6,True,False,2.10402,1.15562,3.05241,0.94306,3.65119,semiconductor,False
Cs2LiAuCl6,True,False,0.8813,0.09599,1.66662,0.53016,0.26729,semiconductor,True
Cs2TiMnCl6,False,False,1.09564,0.03384,2.15743,0.67871,1.85539,semiconductor,False
Cs2RbTlCl6,True,False,2.41335,1.86508,2.96163,0.9494,3.86234,semiconductor,False
Cs2KUCl6,False,False,3.16079,2.06677,4.25482,0.96916,2.3079,semiconductor,False
Cs2RbErCl6,True,False,5.06861,4.51524,5.62198,0.9672,5.24443,insulator,False
Cs2SmPbCl6,False,False,2.7926,2.03591,3.54929,0.8726,1.10757,semiconductor,False
Cs2AuPaCl6,False,False,1.75897,0.26772,3.25022,0.91419,0.7324,semiconductor,False
Cs2KBiCl6,True,False,4.01667,3.62103,4.41232,0.98779,5.0387,insulator,False
Cs2KLaCl6,True,False,4.69685,4.26971,5.12399,0.99266,6.47106,insulator,False
Cs2TlDyCl6,False,False,3.06681,2.37987,3.75376,0.88677,4.08917,insulator,False
Cs2FrMnCl6,False,False,1.34999,0.56452,2.13545,0.79438,0.72704,semiconductor,False
Cs2NaAsCl6,True,False,3.21383,2.77168,3.65598,0.99051,3.97322,semiconductor,False
Cs2ZnPdCl6,False,False,1.9432,1.14409,2.74231,0.60469,0.41788,semiconductor,False
Cs2PdCeCl6,False,False,1.38807,-0.33436,3.1105,0.82174,1.65063,semiconductor,False
Cs2NaNiCl6,False,False,1.28893,0.61493,1.96293,0.70926,0.37185,semiconductor,False
Cs2TiZnCl6,False,False,2.34786,0.97072,3.725,0.60832,1.06354,semiconductor,False
Cs2FrCrCl6,False,False,1.24025,0.47221,2.0083,0.88298,4.38318,insulator,True
Cs2NaCoCl6,False,False,1.25142,0.67301,1.82984,0.94231,3.06755,semiconductor,False
Cs2AgRaCl6,False,False,3.07636,2.52726,3.62547,0.78658,0.18312,semiconductor,False
Cs2BaDyCl6,False,False,5.12219,4.39619,5.84819,0.54381,0.20079,semiconductor,False
Cs2RbYCl6,True,False,4.72738,4.27341,5.18136,0.99172,6.46702,insulator,False
Cs2FrGaCl6,False,False,2.71706,2.2504,3.18372,0.94859,5.19179,insulator,False
Cs2RbHoCl6,False,False,5.06312,4.57802,5.54822,0.98781,5.64786,insulator,True
Cs2TiGeCl6,False,False,1.74789,0.58576,2.91002,0.90669,1.72629,semiconductor,False
Cs2AgPCl6,False,False,1.70912,0.97682,2.44141,0.95161,1.65244,semiconductor,False
Cs2PdPuCl6,False,False,1.89839,1.06905,2.72772,0.85718,1.65949,semiconductor,False
Cs2VPtCl6,False,False,0.82187,-0.22913,1.87286,0.33295,0.27255,semiconductor,False
Cs2TlTbCl6,False,False,3.1212,2.40347,3.83893,0.87311,4.95352,insulator,True
Cs2CdRaCl6,False,False,3.50163,2.62023,4.38303,0.91668,5.53847,insulator,False
Cs2SmAmCl6,False,False,3.34974,1.91039,4.78908,0.37582,1.74555,semiconductor,False
Cs2PdPrCl6,False,False,2.00384,1.2997,2.70798,0.8419,1.5932,semiconductor,False
Cs2MgPdCl6,False,False,1.52619,0.66267,2.38971,0.76047,1.64297,semiconductor,True
Cs2MgTiCl6,False,False,2.08124,0.7453,3.41718,0.39049,2.48761,semiconductor,False
Cs2RbDyCl6,True,False,5.02315,4.49476,5.55153,0.97288,5.68309,insulator,False
Cs2TlGdCl6,False,False,2.59859,1.20778,3.98941,0.88728,4.84365,insulator,False
Cs2FrVCl6,False,False,1.60491,0.50873,2.7011,0.3677,2.97966,semiconductor,False
Cs2CuInCl6,True,False,0.89798,0.0267,1.76926,0.51056,1.12351,semiconductor,False
Cs2RbTbCl6,True,False,4.93911,4.47596,5.40226,0.96378,6.12728,insulator,False
Cs2TlEuCl6,False,False,2.0254,1.16299,2.88781,0.57438,1.0585,semiconductor,False
Cs2NaCuCl6,False,False,0.8745,0.25888,1.49013,0.63575,1.21593,semiconductor,False
Cs2PdPmCl6,False,False,2.01766,1.38634,2.64898,0.83736,1.35074,semiconductor,False
Cs2LiInCl6,True,False,3.20915,2.54349,3.87481,0.96361,4.42148,insulator,False
Cs2PdCmCl6,False,False,1.3184,0.12893,2.50787,0.83116,1.37229,semiconductor,False
Cs2TiCoCl6,False,False,0.62723,-0.54401,1.79846,0.7574,1.18616,semiconductor,False
Cs2VCrCl6,False,False,0.60738,-0.61054,1.82529,0.68673,1.79226,semiconductor,False
Cs2FePdCl6,False,False,0.73668,-0.1104,1.58377,0.66543,0.96585,semiconductor,True
Cs2NaAlCl6,True,False,4.37913,3.87779,4.88048,0.96453,5.64385,insulator,False
Cs2RbGdCl6,True,False,3.19811,2.48524,3.91099,0.98059,6.42154,insulator,False
Cs2TlSmCl6,False,False,3.25371,2.53244,3.97499,0.84742,2.14798,semiconductor,True
Cs2MnPtCl6,False,False,0.95073,0.01844,1.88302,0.60597,1.54621,semiconductor,True
Cs2NiPdCl6,False,False,0.97015,0.05622,1.88407,0.51432,1.50917,semiconductor,True
Cs2TiNiCl6,False,False,1.24023,-0.17025,2.65071,0.82668,1.0588,semiconductor,False
Cs2BeNpCl6,False,False,2.74946,1.19429,4.30463,0.45224,0.62792,semiconductor,False
Cs2NdEuCl6,False,False,3.07807,1.8979,4.25824,0.50559,1.04431,semiconductor,False
Cs2FrRhCl6,False,False,1.51171,0.9143,2.10913,0.91695,3.69255,semiconductor,False
Cs2RbEuCl6,True,False,1.02481,0.14889,1.90073,0.28144,2.68523,semiconductor,False
Cs2KNCl6,False,False,3.11839,2.28567,3.95111,0.98347,2.88613,semiconductor,False
Cs2VMnCl6,False,False,0.66408,-0.49834,1.82651,0.61384,3.72491,semiconductor,False
Cs2TlPmCl6,False,False,3.37518,2.66804,4.08233,0.87571,2.85964,semiconductor,False
Cs2TlCmCl6,False,False,2.29631,0.96929,3.62333,0.88535,4.56989,insulator,False
Cs2FrTiCl6,False,False,2.39094,1.38946,3.39242,0.41938,2.54337,semiconductor,False
Cs2SrNdCl6,False,False,4.84053,3.97531,5.70576,0.5183,0.90673,semiconductor,False
Cs2TlAmCl6,False,False,1.5497,0.75572,2.34369,0.61038,2.18516,semiconductor,False
Cs2CuSbCl6,True,False,0.84561,0.03563,1.65559,0.88543,1.62388,semiconductor,False
Cs2VZnCl6,False,False,1.7569,0.3965,3.1173,0.50736,2.61771,semiconductor,False
Cs2RbSmCl6,True,False,4.99428,4.30375,5.6848,0.97305,3.72993,semiconductor,False
Cs2PdGdCl6,False,False,1.20601,0.01143,2.40059,0.83986,1.64467,semiconductor,False
Cs2CaRaCl6,False,False,5.54612,4.84948,6.24276,0.93414,6.26233,insulator,False
Cs2FrRuCl6,False,False,0.88859,0.16326,1.61391,0.75464,2.0579,semiconductor,False
Cs2NdPbCl6,False,False,2.99914,2.3273,3.67098,0.88096,0.50578,semiconductor,False
Cs2FrIrCl6,False,False,1.84171,1.24826,2.43516,0.8787,3.74504,semiconductor,False
Cs2TlNdCl6,False,False,3.50209,2.86966,4.13453,0.88432,3.49848,semiconductor,True
Cs2MgPtCl6,False,False,1.86106,1.03322,2.6889,0.64259,1.33002,semiconductor,True
Cs2LiPdCl6,False,False,1.66797,0.94405,2.39188,0.73712,0.19317,semiconductor,False
Cs2VGeCl6,False,False,1.42744,0.23362,2.62127,0.83245,3.04232,semiconductor,False
Cs2LiSbCl6,True,False,3.19874,2.71873,3.67875,0.98901,3.76882,semiconductor,False
Cs2RbPmCl6,False,False,4.69104,4.06736,5.31472,0.98078,4.49528,insulator,False
Cs2TlPrCl6,False,False,3.39838,2.6977,4.09905,0.88286,3.8151,semiconductor,True
Cs2AuAcCl6,False,False,2.27718,1.39874,3.15563,0.89378,3.53096,semiconductor,False
Cs2RbCmCl6,False,False,3.21024,2.38039,4.04009,0.9771,5.79104,insulator,False
Cs2FrMoCl6,False,False,1.4136,0.5347,2.29251,0.90024,3.5306,semiconductor,True
Cs2CuScCl6,True,False,2.28372,1.13436,3.43308,0.94908,3.71379,semiconductor,False
Cs2CrMnCl6,False,False,0.83892,-0.29528,1.97311,0.65379,1.17319,semiconductor,False
Cs2PdTbCl6,False,False,1.98555,1.41325,2.55785,0.82469,1.75669,semiconductor,False
Cs2RbAmCl6,False,False,1.65408,0.78035,2.52781,0.81626,3.08363,semiconductor,False
Cs2MgVCl6,False,False,1.8619,0.42523,3.29858,0.71221,3.49222,semiconductor,False
Cs2LiAgCl6,False,False,1.82259,1.17412,2.47106,0.68261,0.61001,semiconductor,True
Cs2TlPuCl6,False,False,2.89085,1.85514,3.92656,0.86747,3.06415,semiconductor,False
Cs2YbRaCl6,False,False,5.23122,4.41315,6.04928,0.36577,1.9631,semiconductor,False
Cs2NdAmCl6,False,False,3.26384,1.9859,4.54178,0.45365,0.94191,semiconductor,True
Cs2HgRaCl6,False,False,3.11645,2.18516,4.04774,0.86523,4.09922,insulator,False
Cs2KAcCl6,False,False,4.73011,4.24682,5.21339,0.97934,6.30806,insulator,False
Cs2LiScCl6,True,False,4.08649,3.35418,4.8188,0.9888,5.47112,insulator,False
Cs2CrZnCl6,False,False,1.53731,0.46914,2.60549,0.66581,1.04862,semiconductor,False
Cs2CoPtCl6,False,False,0.7843,-0.11752,1.68612,0.61123,1.34774,semiconductor,True
Cs2RbNdCl6,True,False,4.82649,4.28841,5.36456,0.98362,5.14387,insulator,False
Cs2CrGeCl6,False,False,1.37461,0.38071,2.3685,0.89652,0.57316,semiconductor,False
Cs2TmRaCl6,False,False,5.14375,4.35785,5.92965,0.46187,1.13471,semiconductor,False
Cs2RbPrCl6,True,False,4.8548,4.32646,5.38314,0.98516,4.86164,insulator,False
Cs2TlNpCl6,False,False,2.45333,0.99344,3.91323,0.90037,2.89021,semiconductor,False
Cs2TlCeCl6,False,False,2.13393,0.18123,4.08663,0.8823,4.55632,insulator,False
Cs2NdSmCl6,False,False,3.6427,2.35766,4.92774,0.48586,1.01993,semiconductor,False
Cs2PdHoCl6,False,False,1.94098,1.47489,2.40707,0.8618,1.71956,semiconductor,False
Cs2CuNbCl6,False,False,0.71213,-0.32208,1.74635,0.35758,1.4856,semiconductor,False
Cs2NiPtCl6,False,False,1.00122,0.02481,1.97764,0.80124,1.16435,semiconductor,True
Cs2PdYCl6,False,False,1.46081,0.5278,2.39382,0.82203,1.73342,semiconductor,False
Cs2CuTaCl6,True,False,0.92276,-0.18233,2.02784,0.45647,1.15661,semiconductor,False
Cs2MnZnCl6,False,True,1.72879,0.54039,2.91718,0.63756,3.12189,semiconductor,False
Cs2VCoCl6,False,False,0.62005,-0.51313,1.75322,0.79632,1.87239,semiconductor,False
Cs2MgCrCl6,False,False,1.1264,0.0866,2.1662,0.72442,1.85647,semiconductor,False
Cs2VFeCl6,False,False,0.40381,-0.78715,1.59478,0.64188,2.74741,semiconductor,False
Cs2FrNbCl6,False,False,1.5215,0.71063,2.33237,0.32609,1.60597,semiconductor,False
Cs2BaEuCl6,False,False,1.26423,0.15682,2.37164,0.10002,2.19705,semiconductor,False
Cs2FrTaCl6,False,False,1.91527,0.92482,2.90573,0.28899,1.2576,semiconductor,False
Cs2RbPuCl6,False,False,4.6608,3.75567,5.56592,0.93208,3.60612,semiconductor,False
Cs2BeTmCl6,False,False,4.80221,3.81981,5.7846,0.54508,0.71117,semiconductor,False
Cs2LiNbCl6,False,False,1.85417,0.79014,2.9182,0.27201,1.4374,semiconductor,False
Cs2LiTaCl6,True,False,1.94912,0.50884,3.3894,0.2166,1.09672,semiconductor,False
Cs2MnGeCl6,False,True,1.39475,0.29438,2.49512,0.84711,2.82319,semiconductor,False
Cs2VNiCl6,False,False,0.98799,-0.3934,2.36937,0.41454,1.32664,semiconductor,True
Cs2TlUCl6,False,False,2.33008,1.0345,3.62566,0.85893,2.45388,semiconductor,False
Cs2GeSrF6,False,False,4.95489,3.82222,6.08757,0.95307,5.79134,insulator,False
Cs2NiSmF6,False,False,3.70474,2.08832,5.32116,0.8321,0.20839,semiconductor,False
Cs2AgSbF6,True,True,2.2242,1.38873,3.05968,0.92322,3.73494,semiconductor,False
Cs2CuSrF6,False,False,1.85786,0.69927,3.01645,0.66147,3.71035,semiconductor,False
Cs2TaHgF6,True,False,1.44666,-0.46727,3.36059,0.17736,1.85011,semiconductor,False
Cs2NbHgF6,False,False,1.44818,-0.60163,3.49799,0.16638,2.14551,semiconductor,False
Cs2MgPbF6,False,False,4.54832,3.11779,5.97884,0.8484,6.73405,insulator,False
Cs2NaErF6,True,False,7.06776,6.44533,7.69019,0.93596,7.41701,insulator,False
Cs2AlKF6,True,False,6.57718,5.89713,7.25723,0.96363,9.38586,insulator,False
Cs2CoSmF6,False,False,3.0683,1.89645,4.24014,0.80741,0.62594,semiconductor,False
Cs2AlAuF6,True,False,1.64139,0.04211,3.24067,0.74164,3.52355,semiconductor,False
Cs2NaTlF6,True,False,3.66295,2.90581,4.42009,0.94588,5.67628,insulator,False
Cs2NaYF6,True,False,6.69811,5.9379,7.45831,0.96934,9.43003,insulator,False
Cs2CuPbF6,False,False,1.35984,0.30579,2.4139,0.5694,2.25776,semiconductor,False
Cs2GePbF6,False,False,3.33224,1.87418,4.7903,0.93104,3.20591,semiconductor,False
Cs2MnEuF6,False,False,1.90797,0.46748,3.34847,0.41208,1.11727,semiconductor,True
Cs2ZnSrF6,False,False,5.36288,4.12768,6.59807,0.89077,8.00731,insulator,False
Cs2KCuF6,True,False,0.92779,-0.10315,1.95873,0.71741,3.88732,semiconductor,True
Cs2NaHoF6,False,False,7.10717,6.4376,7.77673,0.97432,7.47049,insulator,False
Cs2NaTmF6,False,False,7.28943,6.63802,7.94085,0.92932,6.96166,insulator,False
Cs2NiAmF6,False,False,2.07929,0.48864,3.66993,0.5422,0.49854,semiconductor,False
Cs2PtNpF6,False,False,2.30128,0.27295,4.32961,0.84565,0.45875,semiconductor,False
Cs2AgAgF6,True,False,1.36059,0.23339,2.48779,0.22822,0.62989,semiconductor,False
Cs2MgSrF6,False,False,6.64766,5.59583,7.69949,0.93299,9.35926,insulator,False
Cs2ScAgF6,True,False,2.93581,1.21599,4.65563,0.90316,5.72207,insulator,False
Cs2MnSrF6,False,False,3.58988,1.95204,5.22772,0.66855,5.42017,insulator,False
Cs2MgAmF6,False,False,2.52311,1.12361,3.92262,0.17991,1.93146,semiconductor,False
Cs2BeRaF6,False,False,6.55306,5.37628,7.72985,0.94599,8.75233,insulator,False
Cs2ZnPbF6,False,False,3.99303,2.66876,5.3173,0.69763,5.78574,insulator,False
Cs2NaDyF6,False,False,7.34725,6.65856,8.03593,0.94626,6.43422,insulator,False
Cs2CuAcF6,False,False,2.63597,1.26753,4.00442,0.87599,2.95062,semiconductor,False
Cs2MgEuF6,False,False,2.27252,0.91026,3.63479,0.13068,2.93396,semiconductor,False
Cs2AgCdF6,False,False,2.37164,1.22528,3.518,0.41445,0.77851,semiconductor,False
Cs2ScHgF6,True,False,2.2762,0.56505,3.98736,0.20128,1.17215,semiconductor,True
Cs2NaYbF6,False,False,7.09569,6.24989,7.9415,0.61841,6.42496,insulator,False
Cs2CoPbF6,False,False,2.56826,1.44809,3.68843,0.73507,4.89904,insulator,False
Cs2FePbF6,False,False,2.72127,1.59194,3.85059,0.78322,3.5243,semiconductor,False
Cs2CaAgF6,False,False,2.23139,1.03957,3.42321,0.69149,1.54729,semiconductor,False
Cs2MnPbF6,False,False,2.85658,1.32932,4.38385,0.6973,4.38622,insulator,False
Cs2AgHgF6,False,False,1.38334,0.41705,2.34963,0.33899,0.35714,semiconductor,False
Cs2GeAmF6,False,False,2.09008,1.06074,3.11942,0.67748,1.42635,semiconductor,False
Cs2PTlF6,False,False,4.04959,2.73372,5.36546,0.95691,2.97284,semiconductor,False
Cs2MgSmF6,False,False,7.29558,5.96,8.63117,0.54087,2.24224,semiconductor,False
Cs2NaTbF6,True,False,7.29893,6.58257,8.01529,0.94103,5.93259,insulator,True
Cs2NaLuF6,True,False,7.84729,6.86924,8.82533,0.95614,9.16252,insulator,False
Cs2LiAcF6,False,False,6.45617,5.01933,7.89301,0.97762,8.65647,insulator,False
Cs2NiPbF6,False,False,2.69535,1.15239,4.2383,0.68787,4.94059,insulator,True
Cs2MoHgF6,True,False,1.52971,0.07221,2.9872,0.381,2.28166,semiconductor,False
Cs2TiYbF6,False,False,4.8763,3.079,6.6736,0.5131,0.75206,semiconductor,False
Cs2CrSrF6,False,False,2.98883,1.43325,4.5444,0.72265,2.98584,semiconductor,False
Cs2CoAuF6,False,False,1.24824,0.52791,1.96857,0.79344,2.42977,semiconductor,False
Cs2CoSrF6,False,False,3.12564,2.02835,4.22293,0.77329,4.96485,insulator,False
Cs2FeSrF6,False,False,3.63096,2.38622,4.87571,0.77612,3.6204,semiconductor,True
Cs2AsAuF6,True,False,0.87068,0.21436,1.52701,0.93177,2.27629,semiconductor,False
Cs2AgInF6,True,True,2.06249,0.79108,3.3339,0.72175,4.02121,insulator,False
Cs2CaCdF6,True,False,5.73936,4.51021,6.96851,0.85926,7.57337,insulator,False
Cs2GeSmF6,False,False,4.05568,2.94419,5.16717,0.91751,0.14967,semiconductor,False
Cs2PdHgF6,True,False,1.002,0.13343,1.87056,0.25729,1.30629,semiconductor,True
Cs2ZnAmF6,False,False,1.91958,0.88639,2.95277,0.23192,1.10471,semiconductor,False
Cs2NiAuF6,False,False,1.6127,0.20864,3.01676,0.34483,0.29389,semiconductor,False
Cs2RuHgF6,False,False,1.07936,0.26954,1.88918,0.36231,1.64229,semiconductor,True
Cs2NbAgF6,True,False,1.25305,-0.80991,3.31601,0.29961,1.9724,semiconductor,False
Cs2AgTaF6,True,False,0.37064,-1.3963,2.13758,0.65612,0.71783,semiconductor,False
Cs2NiSrF6,False,False,3.3599,1.83065,4.88915,0.64928,6.3692,insulator,False
Cs2IrHgF6,True,False,1.40195,0.49901,2.30488,0.17532,1.00776,semiconductor,True
Cs2NaAuF6,True,False,0.60511,-0.16123,1.37146,0.86962,2.73426,semiconductor,True
Cs2CrPbF6,False,False,3.1687,1.7966,4.5408,0.78867,1.51184,semiconductor,False
Cs2NaGdF6,False,False,5.49121,4.36894,6.61347,0.95826,8.93743,insulator,False
Cs2KCoF6,True,False,3.01185,2.22389,3.79981,0.91696,5.18076,insulator,False
Cs2FeEuF6,False,False,2.15764,0.76951,3.54578,0.55889,0.1136,semiconductor,True
Cs2CrNpF6,False,False,2.93611,0.38599,5.48623,0.7639,0.65596,semiconductor,False
Cs2PRbF6,False,False,3.63255,2.52171,4.74338,0.9788,5.31401,insulator,False
Cs2KNiF6,True,False,2.43668,1.25642,3.61693,0.57633,2.12419,semiconductor,False
Cs2KAsF6,True,False,4.30013,3.58742,5.01285,0.98331,6.08811,insulator,False
Cs2ZnSmF6,False,False,3.77135,2.50532,5.03739,0.65768,0.82737,semiconductor,False
Cs2VEuF6,False,False,1.08991,-0.89408,3.07389,0.34153,1.39138,semiconductor,False
Cs2NFrF6,False,False,4.15128,3.15637,5.14619,0.97963,4.10965,insulator,False
Cs2MnAmF6,False,False,1.71828,0.36628,3.07028,0.4709,1.43267,semiconductor,False
Cs2TiHgF6,False,False,2.31366,0.20648,4.42084,0.36239,3.23978,semiconductor,False
Cs2CaTiF6,False,False,2.19504,0.31648,4.0736,0.24071,2.71678,semiconductor,False
Cs2CaPdF6,False,False,1.62896,0.36482,2.8931,0.69374,4.06555,insulator,True
Cs2NaEuF6,False,False,2.9056,2.0696,3.74161,0.55756,5.0843,insulator,False
Cs2FeAuF6,False,False,1.32468,0.45324,2.19613,0.65532,2.68094,semiconductor,True
Cs2RhHgF6,False,False,1.27803,0.47423,2.08184,0.31615,0.46346,semiconductor,True
Cs2VSrF6,False,False,2.95201,0.96328,4.94074,0.66242,3.53083,semiconductor,False
Cs2EuPtF6,False,False,0.8442,-0.2192,1.90761,0.58224,0.40387,semiconductor,False
Cs2CdHgF6,False,False,1.87467,0.56034,3.189,0.61909,3.76718,semiconductor,False
Cs2CdYbF6,False,False,3.96505,2.75984,5.17025,0.33868,0.77428,semiconductor,True
Cs2CrAmF6,False,False,1.65814,-0.21647,3.53275,0.50941,1.32749,semiconductor,False
Cs2KFeF6,True,False,4.02496,2.99487,5.05505,0.83918,5.23816,insulator,True
Cs2NaSmF6,True,False,6.85829,6.01293,7.70365,0.96167,5.81274,insulator,False
Cs2CuThF6,False,False,2.60076,0.83461,4.3669,0.76142,0.46402,semiconductor,True
Cs2VPbF6,False,False,3.4459,1.92013,4.97168,0.72329,2.69407,semiconductor,False
Cs2SrPtF6,False,False,2.28619,1.13593,3.43644,0.69449,3.80354,semiconductor,True
Cs2CdTmF6,False,False,3.27162,2.3074,4.23584,0.55323,0.79691,semiconductor,True
Cs2MnAuF6,False,False,1.09533,-0.12124,2.3119,0.47527,0.69386,semiconductor,False
Cs2NiNdF6,False,False,3.60717,2.02159,5.19276,0.89266,1.34019,semiconductor,False
Cs2ZnNpF6,False,False,3.61702,1.37194,5.8621,0.65242,2.01819,semiconductor,True
Cs2MoAgF6,True,False,2.53907,1.0852,3.99294,0.70459,3.56367,semiconductor,False
Cs2CrAuF6,False,False,1.43217,0.07817,2.78617,0.58505,3.32567,semiconductor,False
Cs2CrSmF6,False,False,3.24063,1.37425,5.10701,0.76521,0.13093,semiconductor,False
Cs2CoNdF6,False,False,3.16234,2.0937,4.23097,0.84584,0.8012,semiconductor,True
Cs2NaPmF6,False,False,6.53342,5.64547,7.42138,0.95355,5.87114,insulator,False
Cs2NaCmF6,False,False,4.59279,3.02676,6.15882,0.95969,6.17568,insulator,False
Cs2GaAuF6,True,False,0.86082,-0.29728,2.01891,0.58201,2.83828,semiconductor,False
Cs2PtPbF6,False,False,1.84358,0.68513,3.00203,0.78629,2.50439,semiconductor,True
Cs2KMnF6,True,False,1.94047,0.0478,3.83314,0.72545,2.38564,semiconductor,False
Cs2RuAgF6,False,False,1.60928,0.61226,2.60631,0.23877,2.73139,semiconductor,False
Cs2GeNpF6,False,False,3.88049,1.73178,6.0292,0.89412,0.87649,semiconductor,False
Cs2VHgF6,False,False,1.5423,-0.25166,3.33626,0.17011,1.90989,semiconductor,False
Cs2AgIrF6,True,False,1.35141,0.55893,2.14388,0.70626,3.62267,semiconductor,False
Cs2KCrF6,True,False,4.05333,2.13111,5.97555,0.87147,5.79557,insulator,False
Cs2NaAmF6,False,False,3.10422,1.63675,4.5717,0.80022,3.50448,semiconductor,False
Cs2VAmF6,False,False,0.99873,-0.82526,2.82273,0.36342,1.73681,semiconductor,False
Cs2KGaF6,True,False,5.8396,5.20797,6.47124,0.97051,8.75787,insulator,False
Cs2AgAuF6,True,False,0.59289,-0.33275,1.51854,0.32763,0.14057,semiconductor,False
Cs2PtHgF6,False,False,1.56158,0.69216,2.431,0.30241,2.19267,semiconductor,False
Cs2NaNdF6,True,False,6.71959,5.78195,7.65724,0.97181,6.00129,insulator,False
Cs2NaInF6,True,False,5.46451,4.7287,6.20033,0.97015,7.83825,insulator,False
Cs2MgNpF6,False,False,5.8059,3.63852,7.97328,0.53367,0.23312,semiconductor,False
Cs2TiAgF6,False,False,1.76796,-0.27571,3.81163,0.36032,3.00682,semiconductor,False
Cs2YbPtF6,False,False,1.8555,0.69327,3.01772,0.69744,1.57937,semiconductor,False
Cs2PKF6,False,False,3.48608,2.48261,4.48954,0.97863,5.49038,insulator,False
Cs2RhAgF6,False,False,1.59338,0.77244,2.41432,0.71431,3.7528,semiconductor,False
Cs2VAuF6,False,False,1.03872,-0.6621,2.73954,0.54626,2.87293,semiconductor,False
Cs2VSmF6,False,False,2.72386,0.82509,4.62263,0.6467,0.69771,semiconductor,False
Cs2MgNdF6,False,False,6.85795,5.72279,7.9931,0.49454,1.34014,semiconductor,False
Cs2PtAmF6,False,False,1.31002,0.27659,2.34344,0.57057,1.37919,semiconductor,False
Cs2NaPrF6,True,False,6.53429,5.78732,7.28126,0.96537,5.00592,insulator,False
Cs2AgLuF6,False,False,3.32291,1.71534,4.93049,0.92058,5.34682,insulator,False
Cs2TiCdF6,False,False,3.48851,1.50573,5.47129,0.52146,1.96288,semiconductor,False
Cs2ZnDyF6,False,False,3.93821,3.02342,4.85301,0.65264,1.02405,semiconductor,True
Cs2PAuF6,False,False,2.18469,1.40801,2.96137,0.95239,3.78996,semiconductor,False
Cs2PdCdF6,False,False,2.13631,1.09094,3.18168,0.39417,3.04994,semiconductor,True
Cs2CuPaF6,False,False,2.3808,0.23987,4.52173,0.84994,0.81849,semiconductor,True
Cs2VYbF6,True,False,3.18341,1.14412,5.22271,0.36162,0.88158,semiconductor,False
Cs2GaHgF6,True,False,2.22425,0.86729,3.58121,0.195,0.3145,semiconductor,True
Cs2AgYbF6,False,False,2.81154,1.61588,4.0072,0.63781,4.23561,insulator,False
Cs2CaYbF6,False,False,7.21176,6.08588,8.33765,0.3654,1.06237,semiconductor,False
Cs2KVF6,True,False,3.04383,1.08716,5.0005,0.25129,3.5584,semiconductor,False
Cs2NaPuF6,False,False,4.91334,3.48915,6.33752,0.8993,3.82799,semiconductor,False
Cs2GeNdF6,False,False,4.4301,3.2442,5.61599,0.92184,0.79356,semiconductor,False
Cs2CaHgF6,False,False,2.97733,1.678,4.27666,0.7889,5.46701,insulator,False
Cs2SmPtF6,False,False,2.15508,1.10942,3.20073,0.79566,1.35262,semiconductor,False
Cs2CdDyF6,False,False,3.82591,2.95921,4.6926,0.6737,0.70478,semiconductor,True
Cs2MnHgF6,True,False,0.57332,-0.77499,1.92163,0.34072,0.33079,semiconductor,False
Cs2CuLaF6,False,False,2.61166,1.25268,3.97065,0.89315,3.49796,semiconductor,False
Cs2CuBiF6,True,False,1.31077,0.60264,2.0189,0.88175,2.6825,semiconductor,False
Cs2CaPtF6,False,False,2.08309,0.93794,3.22824,0.66566,3.83009,semiconductor,True
Cs2BeBaF6,False,False,6.90689,6.03594,7.77784,0.94644,9.16619,insulator,False
Cs2LiPaF6,False,False,6.06726,4.34275,7.79177,0.92811,0.83999,semiconductor,False
Cs2PdThF6,False,False,1.72053,-0.17983,3.62088,0.66771,1.20873,semiconductor,False
Cs2CoNpF6,False,False,2.65656,0.92832,4.3848,0.83714,1.6757,semiconductor,True
Cs2CrTmF6,False,False,2.96832,1.48247,4.45417,0.76829,0.90641,semiconductor,False
Cs2CuUF6,False,False,2.40926,0.30232,4.51621,0.86127,0.39981,semiconductor,True
Cs2ZnNdF6,False,False,3.81371,2.75711,4.87031,0.61482,1.06587,semiconductor,True
Cs2TiEuF6,False,False,1.65537,0.00603,3.30472,0.51081,1.70606,semiconductor,False
Cs2AgTmF6,True,False,3.57586,2.56345,4.58828,0.85779,4.99448,insulator,False
Cs2NaNpF6,False,False,5.35196,3.67635,7.02758,0.93621,2.57585,semiconductor,False
Cs2NaCeF6,True,False,0.52447,-0.33331,1.38225,0.7682,4.37207,insulator,False
Cs2CaTmF6,False,False,6.95731,5.88066,8.03396,0.44105,0.42152,semiconductor,False
Cs2LiLaF6,False,False,6.65522,5.77127,7.53917,0.97796,9.36017,insulator,False
Cs2BRbF6,False,False,6.70059,6.04995,7.35123,0.96155,8.91427,insulator,False
Cs2CaVF6,False,False,3.19081,1.12067,5.26096,0.65986,4.22029,insulator,False
Cs2VAgF6,True,False,1.83225,-0.21932,3.88382,0.39719,3.55957,semiconductor,False
Cs2LiBiF6,True,False,4.97671,4.37459,5.57882,0.98154,6.28705,insulator,False
Cs2RhAuF6,True,False,0.65316,-0.09598,1.4023,0.77032,2.55552,semiconductor,False
Cs2AgTlF6,True,False,0.96794,-0.30272,2.2386,0.47096,2.06617,semiconductor,False
Cs2AlTlF6,True,False,5.41504,3.54653,7.28356,0.9464,6.7733,insulator,False
Cs2FeHgF6,False,False,1.80614,0.82868,2.7836,0.36463,0.79494,semiconductor,True
Cs2LiUF6,False,False,5.91694,3.8901,7.94378,0.94534,2.27798,semiconductor,False
Cs2CrYbF6,False,False,3.2544,1.66347,4.84533,0.54162,0.25583,semiconductor,False
Cs2SrPdF6,False,False,1.57486,0.42672,2.723,0.70389,4.05572,insulator,True
Cs2TiSrF6,False,False,1.91817,0.12919,3.70716,0.26698,2.08309,semiconductor,False
Cs2TiAuF6,False,False,1.71986,-0.03231,3.47203,0.37361,1.1646,semiconductor,True
Cs2AuHgF6,True,False,0.96359,0.03689,1.89029,0.31893,0.34095,semiconductor,False
Cs2NiBaF6,False,False,3.28969,1.79709,4.78229,0.65091,6.34326,insulator,False
Cs2AgErF6,True,False,3.58657,2.60327,4.56987,0.83752,5.27029,insulator,False
Cs2NaPdF6,False,False,0.89411,-0.03748,1.8257,0.48279,1.34902,semiconductor,False
Cs2NaSbF6,True,False,4.17443,3.47861,4.87024,0.983,5.51142,insulator,False
Cs2CuNpF6,False,False,2.26248,0.24479,4.28017,0.88071,2.36293,semiconductor,False
Cs2CuCeF6,False,False,1.56308,-0.54392,3.67007,0.51767,3.44949,semiconductor,False
Cs2KRhF6,True,False,2.11726,1.07725,3.15726,0.88563,4.65499,insulator,False
Cs2FeBaF6,False,False,3.78971,2.60582,4.9736,0.78766,3.54551,semiconductor,True
Cs2NaUF6,False,False,5.95727,4.3266,7.58793,0.95021,1.68868,semiconductor,False
Cs2CoBaF6,False,False,3.11894,2.05358,4.18431,0.77804,4.9252,insulator,False
Cs2IrAuF6,False,False,0.71934,-0.16007,1.59874,0.70742,2.65114,semiconductor,False
Cs2KTiF6,True,False,2.18245,0.60379,3.76111,0.21965,3.08794,semiconductor,False
Cs2NaBiF6,True,False,4.88443,4.24663,5.52223,0.97959,6.50176,insulator,False
Cs2YAgF6,True,False,2.98966,1.38924,4.59007,0.91319,5.3222,insulator,False
Cs2CdNpF6,False,False,3.58889,1.36284,5.81493,0.68663,1.87276,semiconductor,True
Cs2PdPbF6,False,False,1.83357,0.7559,2.91124,0.7268,2.53107,semiconductor,True
Cs2RuAuF6,True,False,0.47726,-0.47511,1.42964,0.27469,2.30625,semiconductor,True
Cs2TmYbF6,False,False,6.6904,5.58115,7.79964,0.35863,1.20797,semiconductor,True
Cs2AgHoF6,False,False,3.82775,2.92045,4.73506,0.94745,5.26442,insulator,False
Cs2LuHgF6,False,False,2.43742,1.02798,3.84686,0.23352,1.01903,semiconductor,True
Cs2NaLaF6,False,False,6.40452,5.66082,7.14821,0.97576,8.91877,insulator,False
Cs2ZnTmF6,False,False,3.36405,2.40463,4.32348,0.53427,1.07679,semiconductor,True
Cs2BTlF6,False,False,3.87831,2.52956,5.22707,0.95261,6.55346,insulator,False
Cs2NiHgF6,False,False,2.43242,1.07124,3.79359,0.35704,3.50224,semiconductor,False
Cs2CuPuF6,False,False,2.43235,1.11162,3.75307,0.85613,3.04049,semiconductor,False
Cs2LiNpF6,False,False,5.4323,3.33786,7.52674,0.93657,3.24472,semiconductor,False
Cs2LiCeF6,True,False,0.74097,-0.29442,1.77636,0.87181,9.26143,insulator,False
Cs2NaAgF6,False,False,1.29314,0.44766,2.13863,0.7169,2.6466,semiconductor,True
Cs2GaAgF6,True,True,2.4699,1.15682,3.78298,0.70459,4.79497,insulator,False
Cs2AlRbF6,True,False,7.43597,6.66517,8.20677,0.96416,9.09673,insulator,False
Cs2CoDyF6,False,False,3.13467,2.2078,4.06154,0.79513,1.81602,semiconductor,False
Cs2CoHgF6,True,False,1.7753,0.7349,2.8157,0.33346,2.20973,semiconductor,True
Cs2NaScF6,True,False,6.7142,6.06188,7.36652,0.96862,9.4897,insulator,False
Cs2CaCrF6,False,False,3.22905,1.59133,4.86677,0.69522,3.03481,semiconductor,False
Cs2CrAgF6,False,True,2.31916,0.85446,3.78385,0.57755,4.83474,insulator,False
Cs2YbHgF6,False,False,2.12231,0.87946,3.36515,0.40547,1.0381,semiconductor,True
Cs2CuRbF6,True,False,0.84183,-0.19903,1.88269,0.70741,3.81255,semiconductor,True
Cs2MoAuF6,False,False,1.18062,-0.20388,2.56512,0.70124,2.11556,semiconductor,False
Cs2KRuF6,True,False,1.9665,0.79314,3.13985,0.45601,2.69365,semiconductor,False
Cs2KIrF6,False,False,2.40952,1.64917,3.16987,0.89302,4.65633,insulator,False
Cs2MnAgF6,False,False,1.92028,0.49626,3.34431,0.47156,1.24125,semiconductor,False
Cs2AgDyF6,False,False,3.83048,2.94959,4.71137,0.8882,5.15387,insulator,True
Cs2LiPuF6,False,False,5.09579,2.95656,7.23502,0.90056,3.85766,semiconductor,False
Cs2CuPrF6,False,False,2.29984,1.12388,3.4758,0.89988,2.99872,semiconductor,False
Cs2ZnHgF6,False,False,2.08776,0.50852,3.66699,0.64644,3.81663,semiconductor,False
Cs2GeTmF6,False,False,4.03437,3.00886,5.05989,0.88577,0.79274,semiconductor,False
Cs2CuNdF6,False,False,2.29375,1.26155,3.32595,0.89817,2.7823,semiconductor,False
Cs2ZnYbF6,False,False,4.12263,2.97448,5.27078,0.34218,0.96599,semiconductor,False
Cs2KMoF6,True,False,3.70742,2.23098,5.18387,0.91019,4.43382,insulator,False
Cs2TiAmF6,False,False,2.16446,0.54616,3.78277,0.57489,1.72423,semiconductor,True
Cs2MgBaF6,False,False,6.58461,5.58151,7.58771,0.93432,8.87495,insulator,False
Cs2BFrF6,False,False,6.35759,5.39938,7.31581,0.96244,8.33539,insulator,False
Cs2GeYbF6,False,False,4.31001,3.13018,5.48985,0.77267,0.36803,semiconductor,False
Cs2CaMnF6,True,False,4.01276,2.48158,5.54394,0.6471,6.02888,insulator,False
Cs2CdPtF6,False,False,1.86821,0.85726,2.87916,0.35166,2.68603,semiconductor,True
Cs2GeHgF6,False,False,3.25772,2.32152,4.19391,0.63439,1.88372,semiconductor,False
Cs2LiPrF6,True,False,6.9086,5.99784,7.81937,0.9716,5.09646,insulator,False
Cs2AgTbF6,False,False,2.81231,1.77683,3.84779,0.86233,4.64971,insulator,True
Cs2CoTlF6,True,False,2.8061,1.72465,3.88755,0.59749,4.0373,insulator,False
Cs2CuAmF6,False,False,1.21452,0.25029,2.17876,0.59454,1.42915,semiconductor,False
Cs2LiNdF6,True,False,7.00476,6.16347,7.84604,0.97411,5.99421,insulator,False
Cs2GeBaF6,False,False,4.95899,3.88667,6.03131,0.95055,5.34218,insulator,False
Cs2AsTlF6,True,False,2.9205,1.74402,4.09698,0.93486,3.52256,semiconductor,False
Cs2TiSmF6,False,False,3.25533,1.70104,4.80963,0.68341,1.18841,semiconductor,False
Cs2ErHgF6,False,False,2.17881,1.07338,3.28424,0.40775,1.04708,semiconductor,True
Cs2VNdF6,False,False,2.5832,0.79477,4.37163,0.71702,0.88471,semiconductor,False
Cs2CuBaF6,False,False,1.84624,0.80776,2.88473,0.67421,3.61389,semiconductor,False
Cs2MgYbF6,False,False,7.38015,6.29041,8.46989,0.31235,0.31501,semiconductor,False
Cs2CaZnF6,False,False,5.55826,4.33646,6.78006,0.85926,8.40798,insulator,False
Cs2VCdF6,False,False,3.03902,1.1753,4.90274,0.42093,2.30584,semiconductor,False
Cs2NaNbF6,False,False,2.76115,0.56293,4.95938,0.15854,2.10724,semiconductor,False
Cs2MgHgF6,False,False,2.63692,0.93932,4.33452,0.834,5.16581,insulator,False
Cs2CuPmF6,False,False,2.46321,1.30774,3.61869,0.88674,2.16378,semiconductor,False
Cs2AgPtF6,False,False,1.45683,0.53445,2.37921,0.3224,0.47978,semiconductor,False
Cs2CuCmF6,False,False,2.60674,0.75974,4.45373,0.87251,3.13041,semiconductor,False
Cs2NaTaF6,True,False,2.62791,0.11542,5.1404,0.20536,1.80301,semiconductor,False
Cs2BeNdF6,False,False,7.08137,5.99635,8.16639,0.55356,2.34949,semiconductor,False
Cs2LiAmF6,False,False,3.23662,1.25642,5.21681,0.76827,3.52062,semiconductor,False
Cs2AgGdF6,False,False,2.55575,0.75851,4.35299,0.88014,5.15283,insulator,False
Cs2DyYbF6,False,False,6.86573,5.78017,7.95129,0.39574,0.4141,semiconductor,True
Cs2YHgF6,True,False,2.49438,1.04764,3.94112,0.22395,1.11584,semiconductor,True
Cs2NbAuF6,True,False,0.31695,-1.50543,2.13933,0.41845,0.86468,semiconductor,False
Cs2ZnBaF6,False,False,5.26636,3.89448,6.63824,0.89321,7.48616,insulator,False
Cs2NdPtF6,False,False,2.18567,1.20617,3.16517,0.85496,2.03229,semiconductor,True
Cs2TaAuF6,True,False,1.02325,-0.62722,2.67372,0.62372,1.68557,semiconductor,False
Cs2HoHgF6,False,False,2.38771,1.27429,3.50113,0.38913,1.09807,semiconductor,True
Cs2CaGeF6,False,False,5.08087,3.80028,6.36146,0.9487,6.09048,insulator,False
Cs2CuHgF6,True,False,1.273,0.31322,2.23279,0.28507,2.20756,semiconductor,False
Cs2LiCmF6,False,False,4.70845,2.54975,6.86714,0.95262,6.82954,insulator,False
Cs2CaCuF6,False,False,1.93144,0.76091,3.10196,0.61475,3.7132,semiconductor,False
Cs2AsAgF6,True,False,2.31124,1.53888,3.0836,0.92498,3.94343,semiconductor,False
Cs2LiPmF6,False,False,6.68583,5.6386,7.73306,0.95154,5.83537,insulator,False
Cs2CuSmF6,False,False,2.44913,1.34549,3.55276,0.85113,1.5973,semiconductor,False
Cs2CoTmF6,False,False,3.17811,2.33359,4.02263,0.82615,0.81721,semiconductor,False
Cs2AgEuF6,False,False,1.29317,0.14085,2.44549,0.58476,2.77874,semiconductor,False
Cs2AlHgF6,True,False,3.51873,1.65896,5.37851,0.24976,0.87647,semiconductor,True
Cs2CoRbF6,False,False,2.78848,1.90559,3.67138,0.91874,5.25867,insulator,False
Cs2FeTlF6,True,False,2.98993,1.99921,3.98065,0.6146,3.62826,semiconductor,True
Cs2KNbF6,False,False,2.83515,0.67343,4.99688,0.16158,2.10836,semiconductor,False
Cs2NiRbF6,False,False,2.00087,0.76645,3.23529,0.62826,2.07981,semiconductor,False
Cs2MnBaF6,False,False,3.49073,1.85237,5.12908,0.66881,4.82859,insulator,False
Cs2KTaF6,True,False,2.56161,0.1762,4.94701,0.2159,1.69629,semiconductor,False
Cs2AsRbF6,True,False,4.35182,3.60323,5.10042,0.98182,5.88876,insulator,False
Cs2DyHgF6,False,False,2.42888,1.41106,3.44669,0.45238,1.06046,semiconductor,True
Cs2NiTmF6,False,False,3.17536,1.86144,4.48928,0.76162,0.831,semiconductor,False
Cs2MgCaF6,False,False,6.81665,5.8457,7.7876,0.92853,9.66965,insulator,False
Cs2LiSmF6,False,False,6.88044,5.77476,7.98611,0.96362,5.70866,insulator,False
Cs2CoYbF6,False,False,3.12575,2.06172,4.18978,0.63223,0.24802,semiconductor,False
Cs2CuEuF6,False,False,0.94464,-0.22798,2.11726,0.54393,0.71892,semiconductor,False
Cs2CrCdF6,False,False,2.62717,1.15687,4.09748,0.55991,0.63294,semiconductor,True
Cs2AgSmF6,False,False,2.77538,1.67756,3.8732,0.89328,3.7521,semiconductor,False
Cs2NiYbF6,False,False,3.3439,1.88943,4.79837,0.61337,0.37252,semiconductor,False
Cs2PdAcF6,False,False,1.77738,0.12396,3.43079,0.68266,2.57415,semiconductor,False
Cs2NaMoF6,True,False,3.46036,1.95894,4.96178,0.90466,4.50005,insulator,True
Cs2MnTlF6,False,False,3.34432,1.84602,4.84263,0.43145,1.05334,semiconductor,False
Cs2CuGdF6,False,False,2.52121,0.58422,4.45821,0.86223,3.69972,semiconductor,False
Cs2CrBaF6,False,False,2.96242,1.44765,4.47718,0.73532,2.57172,semiconductor,False
Cs2ScAuF6,True,False,1.93809,0.41265,3.46353,0.92183,3.76565,semiconductor,False
Cs2CrTlF6,True,False,4.00758,2.64928,5.36588,0.66219,5.4237,insulator,False
Cs2LiEuF6,False,False,2.73762,1.7711,3.70415,0.56985,4.93933,insulator,False
Cs2FeRbF6,True,False,3.2047,2.04737,4.36203,0.84135,5.16524,insulator,True
Cs2SrAgF6,False,False,2.13683,1.04663,3.22702,0.73875,1.54945,semiconductor,False
Cs2AgPmF6,False,False,2.53363,1.3822,3.68506,0.89844,4.35835,insulator,False
Cs2CdEuF6,False,False,2.86541,1.6449,4.08593,0.20635,0.12801,semiconductor,False
Cs2AgCmF6,False,False,2.56011,0.82587,4.29436,0.87045,4.44178,insulator,False
Cs2GaTlF6,True,False,4.39906,3.2224,5.57571,0.9497,6.06726,insulator,False
Cs2NaIrF6,True,False,2.42599,1.62888,3.2231,0.89794,4.43348,insulator,False
Cs2NaRuF6,True,False,2.14455,1.1759,3.11319,0.44618,2.55769,semiconductor,False
Cs2MnCdF6,False,False,3.07023,1.73125,4.40921,0.53959,3.90399,semiconductor,False
Cs2LiGdF6,False,False,5.53831,4.24504,6.83159,0.95209,4.70642,insulator,True
Cs2CaCoF6,False,False,3.23847,2.13415,4.3428,0.7673,4.9649,insulator,False
Cs2KScF6,True,False,6.55573,5.61912,7.49234,0.97228,9.30966,insulator,False
Cs2AgAmF6,False,False,1.20141,0.25432,2.1485,0.59011,3.24345,semiconductor,False
Cs2CaFeF6,False,False,3.94827,2.73842,5.15813,0.7687,4.0004,insulator,False
Cs2GdHgF6,False,False,1.99742,0.0333,3.96154,0.35703,1.07112,semiconductor,True
Cs2CuTbF6,False,False,2.79782,1.68599,3.90965,0.84406,3.7613,semiconductor,False
Cs2SrCdF6,False,False,5.36817,4.1922,6.54413,0.89225,7.26288,insulator,False
Cs2KAgF6,True,False,0.97936,-0.0296,1.98833,0.7642,2.81647,semiconductor,True
Cs2SbAuF6,True,False,0.91864,0.16467,1.67261,0.9392,2.17168,semiconductor,False
Cs2CaNiF6,False,False,3.63411,2.17435,5.09386,0.59939,6.3159,insulator,False
Cs2ZnCdF6,False,False,4.3581,3.00612,5.71008,0.7489,5.80582,insulator,False
Cs2NaTiF6,True,False,2.16551,0.77097,3.56006,0.22619,3.09266,semiconductor,False
Cs2MnRbF6,False,False,1.90169,-0.00138,3.80476,0.74281,2.34848,semiconductor,False
Cs2AgNdF6,True,False,3.13673,1.99995,4.27351,0.93054,5.05765,insulator,True
Cs2CrRbF6,False,False,3.68871,1.7761,5.60132,0.86649,5.82556,insulator,False
Cs2NaRhF6,True,False,2.20143,1.39165,3.01121,0.88802,4.42972,insulator,False
Cs2AlAgF6,True,False,3.28346,1.23194,5.33497,0.70789,5.69756,insulator,False
Cs2EuHgF6,False,False,1.27045,0.0271,2.51381,0.10921,1.03045,semiconductor,True
Cs2LiTbF6,False,False,7.02778,6.02315,8.03242,0.9357,6.46643,insulator,False
Cs2CuDyF6,False,False,3.9015,2.93986,4.86313,0.86778,3.74255,semiconductor,False
Cs2AgPrF6,True,False,3.14014,1.9414,4.33887,0.91797,4.63826,insulator,False
Cs2NaAcF6,False,False,6.13004,4.88389,7.3762,0.97507,8.22397,insulator,False
Cs2GaRbF6,True,False,5.84864,5.35225,6.34503,0.97067,8.60084,insulator,False
Cs2VBaF6,False,False,3.05688,0.88245,5.2313,0.67464,2.87738,semiconductor,False
Cs2KSbF6,True,False,4.07951,3.35572,4.80329,0.98473,5.42681,insulator,False
Cs2VTlF6,True,False,3.71765,2.30033,5.13496,0.48907,3.56027,semiconductor,False
Cs2KPdF6,True,False,0.67456,-0.3694,1.71853,0.54791,1.48093,semiconductor,False
Cs2CdPbF6,True,False,4.05922,2.89744,5.22099,0.67223,5.18653,insulator,False
Cs2ZnAgF6,False,False,2.51684,1.35833,3.67535,0.38822,0.67452,semiconductor,False
Cs2CuCdF6,False,False,2.08161,0.96038,3.20285,0.27411,2.94472,semiconductor,False
Cs2GeCdF6,False,False,4.03116,2.73581,5.32652,0.83304,4.35199,insulator,False
Cs2NRbF6,True,False,2.87866,1.87832,3.879,0.97845,4.39292,insulator,False
Cs2SmHgF6,False,False,2.08073,0.78953,3.37192,0.4608,1.08327,semiconductor,True
Cs2LiDyF6,False,False,7.34382,6.49361,8.19404,0.94221,6.38624,insulator,False
Cs2TiNdF6,False,False,3.07343,1.61542,4.53144,0.77574,0.44394,semiconductor,False
Cs2BaPtF6,False,False,2.35112,1.25511,3.44713,0.69694,3.67189,semiconductor,True
Cs2CuHoF6,False,False,3.79589,2.84744,4.74434,0.93864,3.84124,semiconductor,False
Cs2MgCdF6,False,False,5.3943,3.9985,6.7901,0.89437,7.32713,insulator,False
Cs2CuAgF6,False,False,1.17362,0.02773,2.31951,0.1542,0.61675,semiconductor,True
Cs2CuYF6,True,False,2.17637,0.51269,3.84004,0.90892,3.85869,semiconductor,False
Cs2PmHgF6,False,False,1.81708,0.66878,2.96537,0.28098,1.05963,semiconductor,True
Cs2AgNpF6,False,False,2.7568,0.67588,4.83771,0.90026,1.38706,semiconductor,False
Cs2HgCmF6,False,False,2.08948,0.08429,4.09467,0.41226,0.97546,semiconductor,True
Cs2VRbF6,False,False,2.80929,0.84863,4.76994,0.25701,3.57345,semiconductor,False
Cs2AgCeF6,True,False,2.17905,0.06523,4.29286,0.59031,3.34615,semiconductor,False
Cs2LiHoF6,False,False,7.23789,6.47164,8.00415,0.97186,7.45744,insulator,False
Cs2CuErF6,False,False,3.56069,2.5682,4.55317,0.80487,3.40704,semiconductor,False
Cs2PdPtF6,False,False,1.08727,0.1364,2.03814,0.31135,0.67994,semiconductor,False
Cs2NTlF6,False,False,3.09879,1.72915,4.46843,0.91691,2.17667,semiconductor,False
Cs2LiYF6,True,False,7.02545,6.20575,7.84514,0.96732,9.82035,insulator,False
Cs2TiPtF6,False,False,2.0419,0.26315,3.82066,0.75714,1.04577,semiconductor,True
Cs2MgAgF6,False,False,2.14508,0.87885,3.4113,0.6616,1.29476,semiconductor,False
Cs2NaVF6,True,False,3.01664,1.53654,4.49673,0.26366,3.54359,semiconductor,False
Cs2BeAmF6,False,False,2.62669,1.13606,4.11733,0.26321,2.71292,semiconductor,False
Cs2RhTlF6,True,False,1.84639,0.60471,3.08807,0.64504,4.35617,insulator,False
Cs2HgAmF6,False,False,0.79485,-0.41257,2.00226,0.19463,0.65763,semiconductor,False
Cs2TiTlF6,False,False,4.24961,2.61533,5.8839,0.51692,3.01748,semiconductor,False
Cs2NiRaF6,False,False,3.09845,1.46685,4.73006,0.67049,6.37485,insulator,False
Cs2CdSmF6,False,False,3.66728,2.40636,4.92819,0.67411,0.83499,semiconductor,True
Cs2InAuF6,True,False,0.63632,-0.45096,1.72359,0.6218,2.37221,semiconductor,False
Cs2CaEuF6,False,False,2.92092,1.48705,4.35478,0.15235,1.69331,semiconductor,False
Cs2LiErF6,False,False,7.09944,6.40013,7.79874,0.93372,7.36339,insulator,False
Cs2BKF6,False,False,6.35969,5.68938,7.02999,0.95982,9.07855,insulator,False
Cs2CuTmF6,False,False,3.37977,2.36561,4.39393,0.84361,2.68373,semiconductor,False
Cs2TiVF6,False,False,2.55822,0.69183,4.42462,0.51745,2.95703,semiconductor,False
Cs2CoCdF6,False,False,3.36363,2.44554,4.28172,0.55188,4.27908,insulator,True
Cs2NdHgF6,False,False,2.20189,1.02826,3.37552,0.39518,1.05487,semiconductor,True
Cs2FeRaF6,False,False,3.41515,2.28993,4.54037,0.79313,2.59153,semiconductor,True
Cs2LiTlF6,True,False,3.60589,2.8268,4.38497,0.95338,5.45931,insulator,False
Cs2FeCdF6,False,False,3.26503,2.30048,4.22958,0.62514,2.66827,semiconductor,True
Cs2CoRaF6,False,False,3.03526,2.0821,3.98843,0.79874,4.94086,insulator,False
Cs2PrHgF6,False,False,2.59276,1.31354,3.87198,0.25028,1.06041,semiconductor,True
Cs2KInF6,True,False,5.355,4.63223,6.07778,0.96754,7.86568,insulator,False
Cs2IrTlF6,False,False,2.01735,0.70002,3.33467,0.42552,4.21381,insulator,False
Cs2AgBiF6,True,True,2.7196,2.04418,3.39503,0.92278,4.29582,insulator,False
Cs2RuTlF6,True,False,1.02487,-0.41912,2.46887,0.47203,2.72099,semiconductor,False
Cs2CaSrF6,False,False,6.62508,5.66738,7.58279,0.91858,8.94514,insulator,False
Cs2BePbF6,False,False,4.79543,3.79506,5.79579,0.88663,6.44822,insulator,False
Cs2LiTmF6,False,False,7.1148,6.28982,7.93979,0.91261,7.07983,insulator,False
Cs2NiCdF6,False,False,3.6627,2.27865,5.04675,0.38791,5.53526,insulator,True
Cs2NaGaF6,True,False,5.78665,5.24544,6.32787,0.97122,8.50948,insulator,False
Cs2BAuF6,False,False,2.55966,1.20424,3.91507,0.68304,3.15109,semiconductor,False
Cs2AgLaF6,False,False,3.03285,1.67162,4.39407,0.92168,4.99293,insulator,False
Cs2CuYbF6,False,False,2.50251,1.33201,3.67302,0.61367,1.96116,semiconductor,False
Cs2CoAgF6,True,False,1.99018,0.99947,2.9809,0.73281,3.71706,semiconductor,False
Cs2RbRhF6,False,False,2.12787,1.10414,3.1516,0.88295,4.70733,insulator,False
Cs2NaCrF6,True,False,4.05963,2.84507,5.27419,0.86574,5.57264,insulator,False
Cs2FeAgF6,False,True,2.05521,0.8496,3.26082,0.60668,3.42958,semiconductor,True
Cs2NaMnF6,True,False,2.28735,0.53565,4.03904,0.70687,2.3032,semiconductor,False
Cs2EuYbF6,False,False,3.17914,1.76154,4.59673,0.08906,0.69493,semiconductor,False
Cs2HgPuF6,False,False,2.37494,0.40382,4.34605,0.58482,2.49951,semiconductor,True
Cs2CaPbF6,False,False,4.286,3.14773,5.42428,0.8251,6.46422,insulator,False
Cs2MoTlF6,True,False,3.88144,2.17874,5.58414,0.69834,3.90237,semiconductor,False
Cs2TiRbF6,False,False,1.96149,0.34641,3.57658,0.24918,3.07569,semiconductor,False
Cs2CuLuF6,False,False,3.33855,1.68411,4.99298,0.90903,3.89218,semiconductor,False
Cs2PHgF6,False,False,2.64141,1.25541,4.02741,0.37089,0.57378,semiconductor,True
Cs2PdPaF6,False,False,1.80164,-0.30699,3.91027,0.67114,1.35206,semiconductor,False
Cs2BeSrF6,False,False,6.9997,6.10758,7.89181,0.94644,9.60929,insulator,False
Cs2LiYbF6,False,False,6.84982,5.98496,7.71468,0.62478,6.26545,insulator,False
Cs2PdLaF6,False,False,1.92243,0.32001,3.52485,0.72555,2.55735,semiconductor,False
Cs2LiLuF6,False,False,7.86931,6.66977,9.06885,0.9514,9.63758,insulator,False
Cs2RbIrF6,True,False,2.46157,1.64011,3.28303,0.89244,4.69229,insulator,False
Cs2HgNpF6,False,False,2.29005,0.00758,4.57252,0.48798,3.22256,semiconductor,True
Cs2CeHgF6,False,False,2.17287,-0.14418,4.48993,0.24579,1.08508,semiconductor,False
Cs2SrYbF6,False,False,6.72092,5.54278,7.89906,0.25599,0.36821,semiconductor,False
Cs2MgRaF6,False,False,6.32153,5.20386,7.4392,0.93172,8.42615,insulator,False
Cs2SrHgF6,False,False,2.85904,1.54398,4.1741,0.82313,5.35613,insulator,False
Cs2RbRuF6,True,False,1.98479,0.81656,3.15301,0.45413,2.70584,semiconductor,False
Cs2CuAuF6,True,False,0.52781,-0.42753,1.48315,0.1607,0.80112,semiconductor,False
Cs2BeEuF6,False,False,2.4655,1.20627,3.72474,0.22894,0.42969,semiconductor,False
Cs2NaFeF6,True,False,3.9268,3.08733,4.76627,0.82853,5.23158,insulator,True
Cs2PdUF6,False,False,1.73791,-0.33114,3.80696,0.72845,1.41844,semiconductor,False
Cs2HgPbF6,True,False,2.59955,1.53466,3.66444,0.65158,3.42753,semiconductor,False
Cs2PdBaF6,False,False,1.56111,0.40635,2.71586,0.73549,3.93481,semiconductor,True
Cs2RbMoF6,False,False,3.54352,2.17336,4.91368,0.91019,4.09103,insulator,False
Cs2GeRaF6,False,False,4.85086,3.80252,5.8992,0.94248,5.11489,insulator,False
Cs2CuRaF6,False,False,1.88929,0.62855,3.15003,0.71699,3.58306,semiconductor,False
Cs2TiBaF6,False,False,2.04215,0.29932,3.78498,0.2691,1.2748,semiconductor,False
Cs2CaAmF6,False,False,2.43316,1.02435,3.84198,0.15496,1.22885,semiconductor,False
Cs2LiAuF6,True,False,0.6656,-0.05552,1.38673,0.87685,2.59521,semiconductor,True
Cs2TiMnF6,False,False,2.88881,1.10192,4.6757,0.53861,2.22054,semiconductor,False
Cs2HgUF6,False,False,1.78267,-0.60515,4.17049,0.39352,3.41505,semiconductor,False
Cs2HgBiF6,True,False,2.16934,1.01601,3.32266,0.30675,0.1381,semiconductor,True
Cs2CaSmF6,False,False,7.0371,5.60882,8.46539,0.47633,0.24395,semiconductor,False
Cs2ZnRaF6,False,False,4.72425,3.41217,6.03633,0.88192,7.07164,insulator,False
Cs2TaTlF6,True,False,3.40597,1.59697,5.21497,0.39492,0.82423,semiconductor,False
Cs2TmPbF6,False,False,3.48626,2.54316,4.42937,0.76639,0.36008,semiconductor,False
Cs2NbTlF6,True,False,3.91771,1.98429,5.85112,0.42795,2.11333,semiconductor,False
Cs2NaNiF6,True,False,2.49306,1.58416,3.40197,0.53551,1.98783,semiconductor,False
Cs2NaAsF6,True,False,4.32638,3.718,4.93476,0.98255,6.04437,insulator,False
Cs2TiZnF6,False,False,3.49095,1.4562,5.5257,0.52146,2.09046,semiconductor,False
Cs2ZnPdF6,False,False,2.23982,1.08236,3.39728,0.4077,3.05579,semiconductor,True
Cs2PdCeF6,False,False,1.21108,-0.55725,2.97941,0.55933,2.57433,semiconductor,False
Cs2PdNpF6,False,False,1.81728,-0.10679,3.74134,0.73789,0.78551,semiconductor,False
Cs2LaHgF6,False,False,2.85626,1.55339,4.15914,0.20225,1.13809,semiconductor,True
Cs2NaCoF6,True,False,2.95636,2.34092,3.57181,0.9069,4.88529,insulator,False
Cs2MnRaF6,False,False,2.92981,1.33107,4.52855,0.62997,4.48561,insulator,False
Cs2HgPaF6,False,False,2.11635,-0.25272,4.48542,0.33388,2.82342,semiconductor,False
Cs2KAuF6,True,False,0.68234,-0.15117,1.51584,0.87469,2.89785,semiconductor,True
Cs2GePdF6,False,False,2.41394,1.41716,3.41072,0.83984,0.97384,semiconductor,False
Cs2PdPuF6,False,False,1.92391,0.56579,3.28203,0.81044,1.43329,semiconductor,False
Cs2TiGeF6,False,False,3.32933,1.42771,5.23094,0.84261,0.85047,semiconductor,False
Cs2PAgF6,False,False,2.055,0.9981,3.11189,0.92105,3.32177,semiconductor,False
Cs2CuPdF6,False,False,1.50399,0.49094,2.51705,0.21443,1.92665,semiconductor,False
Cs2LuAuF6,False,False,2.14934,0.56711,3.73157,0.92427,3.54179,semiconductor,False
Cs2YbAuF6,False,False,1.30902,0.14973,2.46831,0.81494,3.48031,semiconductor,False
Cs2SmYbF6,False,False,6.39637,4.98331,7.80942,0.35113,0.62106,semiconductor,False
Cs2CdNdF6,False,False,3.73128,2.6092,4.85337,0.65433,0.80634,semiconductor,True
Cs2PFrF6,False,False,4.7943,3.50024,6.08836,0.98047,4.70301,insulator,False
Cs2RbTaF6,True,False,2.58367,0.27539,4.89195,0.21616,1.34828,semiconductor,False
Cs2RbNbF6,True,False,2.80256,0.681,4.92412,0.17448,2.11669,semiconductor,False
Cs2PdPrF6,False,False,1.78265,0.46039,3.10492,0.74802,2.53309,semiconductor,False
Cs2MgTiF6,False,False,2.17889,0.10911,4.24867,0.27596,3.1352,semiconductor,False
Cs2MgPdF6,False,False,1.36135,0.10632,2.61638,0.64307,3.84324,semiconductor,True
Cs2KLuF6,False,False,7.38553,6.29549,8.47556,0.9554,8.56741,insulator,False
Cs2ScTlF6,True,False,5.13208,3.60313,6.66104,0.87883,6.25825,insulator,False
Cs2CrRaF6,False,False,2.67519,1.17363,4.17675,0.7413,2.2397,semiconductor,False
Cs2PdNdF6,False,False,1.71248,0.46189,2.96307,0.76958,2.57748,semiconductor,False
Cs2KYbF6,False,False,6.77825,5.88129,7.6752,0.60535,6.49902,insulator,False
Cs2CuInF6,True,False,1.37957,0.15657,2.60257,0.55334,1.87924,semiconductor,False
Cs2TmAuF6,False,False,2.01876,1.02875,3.00878,0.83131,3.5469,semiconductor,False
Cs2CrPtF6,False,False,1.1635,-0.16821,2.49522,0.63237,1.3399,semiconductor,False
Cs2PdAmF6,False,False,0.75378,-0.35889,1.86646,0.54578,2.10326,semiconductor,False
Cs2PdCmF6,False,False,1.45114,-0.39422,3.29649,0.7656,2.36204,semiconductor,False
Cs2NaCuF6,False,False,1.27429,0.47627,2.07231,0.66808,3.59506,semiconductor,False
Cs2LiInF6,True,False,5.45456,4.63044,6.27869,0.97287,7.71054,insulator,False
Cs2PdPmF6,False,False,1.67377,0.43,2.91754,0.74756,2.35859,semiconductor,False
Cs2ErAuF6,False,False,1.96642,1.01913,2.91371,0.82036,3.5204,semiconductor,False
Cs2DyPbF6,False,False,3.53213,2.56561,4.49865,0.84173,0.47775,semiconductor,False
Cs2SbTlF6,True,False,2.58185,1.35256,3.81114,0.94092,3.24277,semiconductor,False
Cs2KTmF6,False,False,6.86739,6.08555,7.64924,0.92597,7.10587,insulator,False
Cs2TiCoF6,False,False,2.56694,0.9401,4.19378,0.70813,1.02682,semiconductor,False
Cs2VCrF6,False,False,1.83532,0.04453,3.62611,0.64175,2.04451,semiconductor,False
Cs2NaAlF6,True,False,6.57592,5.78343,7.3684,0.96314,9.36309,insulator,False
Cs2KTlF6,True,False,3.72656,3.13758,4.31555,0.94708,5.84547,insulator,False
Cs2ScRbF6,True,False,6.55931,5.5873,7.53131,0.97232,8.97311,insulator,False
Cs2MnPtF6,False,False,1.58855,0.18614,2.99095,0.51119,2.3285,semiconductor,False
Cs2NiPdF6,False,False,2.58456,1.22903,3.94008,0.27408,3.46642,semiconductor,True
Cs2BeNpF6,False,False,6.19493,4.23378,8.15608,0.44912,1.13501,semiconductor,False
Cs2AgAcF6,False,False,2.96315,1.59279,4.33351,0.92074,4.61522,insulator,False
Cs2YAuF6,True,False,2.00769,0.51913,3.49626,0.93387,3.58938,semiconductor,False
Cs2RbAgF6,False,False,1.05862,0.1299,1.98733,0.76558,2.76214,semiconductor,True
Cs2VRaF6,False,False,2.73534,0.57414,4.89654,0.66407,2.54328,semiconductor,False
Cs2KErF6,False,False,6.7068,5.91868,7.49492,0.9361,7.42391,insulator,False
Cs2HoAuF6,False,False,1.99388,1.13259,2.85516,0.94056,3.53314,semiconductor,False
Cs2PdSmF6,False,False,1.66611,0.34317,2.98905,0.79267,1.84201,semiconductor,False
Cs2NKF6,True,False,2.95174,1.83889,4.06458,0.97824,4.43001,insulator,False
Cs2VMnF6,False,False,2.56186,0.80026,4.32347,0.60025,4.06892,insulator,True
Cs2ZnPtF6,False,False,1.91673,0.89734,2.93611,0.3398,2.86147,semiconductor,True
Cs2KYF6,True,False,6.32518,5.38188,7.26849,0.97252,8.9152,insulator,False
Cs2RbSbF6,True,False,4.05517,3.40272,4.70762,0.98367,5.22199,insulator,False
Cs2PtRaF6,False,False,2.34313,1.21216,3.47411,0.7008,3.676,semiconductor,True
Cs2RbPdF6,True,False,0.73763,-0.26633,1.74159,0.57791,1.456,semiconductor,False
Cs2KHoF6,False,False,6.70652,5.87777,7.53527,0.97554,7.1365,insulator,False
Cs2DyAuF6,False,False,2.03739,1.18906,2.88573,0.86567,3.48871,semiconductor,False
Cs2PdEuF6,False,False,0.57466,-0.6514,1.80073,0.52753,0.85834,semiconductor,False
Cs2CuPtF6,False,False,1.43003,0.41957,2.44049,0.30534,0.67574,semiconductor,False
Cs2GePtF6,False,False,1.91216,0.8265,2.99782,0.83797,1.68763,semiconductor,True
Cs2VZnF6,False,False,3.04031,1.12377,4.95685,0.42093,3.57287,semiconductor,False
Cs2CuSbF6,False,False,1.35378,0.50303,2.20454,0.87955,2.79182,semiconductor,False
Cs2NAuF6,False,False,1.94761,0.65449,3.24073,0.94846,0.98035,semiconductor,False
Cs2CaNdF6,False,False,6.62856,5.42693,7.83018,0.42414,0.10046,semiconductor,False
Cs2AgBaF6,False,False,1.91409,0.76985,3.05834,0.76369,1.3738,semiconductor,False
Cs2PbNpF6,False,False,3.4843,1.0344,5.9342,0.8773,0.50398,semiconductor,False
Cs2PdGdF6,False,False,1.37654,-0.47608,3.22916,0.74517,2.6075,semiconductor,False
Cs2KDyF6,False,False,6.83098,6.00322,7.65873,0.94987,6.08082,insulator,False
Cs2TbAuF6,False,False,2.00949,0.95645,3.06253,0.86704,3.50339,semiconductor,False
Cs2MgPtF6,False,False,1.84476,0.54722,3.1423,0.643,3.62126,semiconductor,True
Cs2LiSbF6,True,False,4.23436,3.5488,4.91991,0.98412,5.34809,insulator,False
Cs2VGeF6,False,False,2.92631,1.0079,4.84472,0.86187,3.26836,semiconductor,False
Cs2BeDyF6,False,False,7.68869,6.70361,8.67377,0.59306,1.0793,semiconductor,True
Cs2LiPdF6,True,False,1.12675,0.27748,1.97603,0.46942,1.29105,semiconductor,False
Cs2InTlF6,True,False,3.93787,2.64692,5.22882,0.95026,5.17174,insulator,False
Cs2CdBaF6,False,False,5.12577,3.83639,6.41515,0.89665,6.83424,insulator,False
Cs2KTbF6,False,False,6.42146,5.57294,7.26997,0.93984,5.17193,insulator,True
Cs2CrMnF6,False,False,2.46129,0.78141,4.14118,0.75105,2.40641,semiconductor,False
Cs2ScCuF6,True,False,2.28603,0.59306,3.97899,0.90316,4.33821,insulator,False
Cs2GdAuF6,False,False,1.81989,0.03184,3.60794,0.88754,3.48448,semiconductor,False
Cs2LiAgF6,False,False,1.5445,0.74066,2.34833,0.74613,2.49079,semiconductor,True
Cs2MgVF6,False,False,2.9661,0.6555,5.27671,0.64036,4.838,insulator,False
Cs2NdYbF6,False,False,6.26115,4.8642,7.65811,0.32129,0.46939,semiconductor,False
Cs2HgAcF6,False,False,2.63328,1.24361,4.02294,0.26645,0.99994,semiconductor,True
Cs2LiScF6,True,False,6.89738,5.97849,7.81627,0.96673,9.1282,insulator,False
Cs2CrZnF6,False,False,2.69061,1.16982,4.21141,0.58493,2.30951,semiconductor,False
Cs2PdDyF6,False,False,2.65471,1.76352,3.5459,0.86238,2.63007,semiconductor,False
Cs2EuAuF6,False,False,0.44892,-0.53984,1.43768,0.70211,2.15977,semiconductor,False
Cs2KGdF6,False,False,5.17864,4.00125,6.35603,0.95987,8.33163,insulator,False
Cs2RbInF6,True,False,5.39227,4.77775,6.00679,0.96778,7.60419,insulator,False
Cs2CrGeF6,False,False,3.21095,1.40118,5.02072,0.89191,1.74596,semiconductor,False
Cs2PdHoF6,False,False,2.66974,1.73803,3.60146,0.78447,2.629,semiconductor,False
Cs2KEuF6,False,False,2.5939,1.62053,3.56728,0.53747,5.10042,insulator,False
Cs2CuNbF6,True,False,1.08588,-0.93877,3.11052,0.29441,2.15316,semiconductor,False
Cs2CuTaF6,True,False,0.47322,-1.35392,2.30037,0.67339,1.6013,semiconductor,False
Cs2MnZnF6,False,True,3.2757,1.94776,4.60363,0.53662,4.985,insulator,False
Cs2YPdF6,False,False,1.62009,-0.10377,3.34394,0.6856,2.60262,semiconductor,False
Cs2NiPtF6,False,False,1.99122,0.71223,3.27021,0.80087,3.45331,semiconductor,True
Cs2SmAuF6,False,False,1.97417,1.06633,2.88201,0.88338,3.10636,semiconductor,False
Cs2VCoF6,False,False,2.06247,0.30353,3.82141,0.77195,1.03485,semiconductor,False
Cs2MgCrF6,False,False,2.8728,0.92526,4.82035,0.65325,2.96954,semiconductor,False
Cs2AlFrF6,False,False,6.08673,5.06698,7.10647,0.94889,8.37993,insulator,False
Cs2BeTmF6,False,False,7.45913,6.4168,8.50146,0.51799,0.73295,semiconductor,False
Cs2LiTaF6,True,False,2.20163,-0.4436,4.84687,0.20557,1.78984,semiconductor,False
Cs2MnGeF6,False,True,3.13835,1.51274,4.76395,0.81919,4.49876,insulator,False
Cs2LiNbF6,True,False,2.88499,0.79223,4.97774,0.16369,2.08153,semiconductor,False
Cs2KSmF6,False,False,6.43082,5.40432,7.45732,0.95988,5.85174,insulator,False
Cs2PmAuF6,False,False,1.8371,0.87991,2.79429,0.89664,3.4189,semiconductor,False
Cs2CuFrF6,False,False,1.59123,0.40663,2.77583,0.67676,3.36434,semiconductor,True
Cs2TiRaF6,False,False,3.36447,1.67867,5.05027,0.26734,0.94307,semiconductor,False
Cs2AuCmF6,False,False,2.20521,0.32363,4.0868,0.87379,3.01041,semiconductor,False
Cs2PdRaF6,False,False,1.64534,0.39879,2.8919,0.7232,3.90525,semiconductor,True
Cs2AuAmF6,False,False,0.91636,0.00028,1.83245,0.5874,2.29324,semiconductor,False
Cs2ZnGeF6,False,True,3.84921,2.25397,5.44445,0.84175,5.13887,insulator,False
Cs2BeYbF6,False,False,7.18424,6.12634,8.24214,0.50394,0.17688,semiconductor,False
Cs2BeHgF6,False,False,2.94726,1.7398,4.15472,0.82839,4.50697,insulator,False
Cs2MgMnF6,False,False,3.60958,1.93533,5.28384,0.6389,6.48349,insulator,False
Cs2CuZnF6,False,False,1.95919,0.81664,3.10174,0.25776,2.86893,semiconductor,False
Cs2PdTmF6,False,False,2.23952,1.22487,3.25417,0.76931,2.6089,semiconductor,False
Cs2KPmF6,False,False,6.17701,5.14911,7.20491,0.9552,5.87263,insulator,False
Cs2SrEuF6,False,False,2.52523,1.03742,4.01305,0.09571,0.75701,semiconductor,False
Cs2CaBaF6,False,False,6.51939,5.67177,7.36701,0.92089,8.29626,insulator,False
Cs2KCmF6,False,False,4.32691,3.06976,5.58407,0.96165,5.55756,insulator,False
Cs2NdAuF6,False,False,2.12081,1.23418,3.00744,0.92151,3.50932,semiconductor,False
Cs2KAmF6,False,False,2.6097,1.51261,3.70678,0.78431,3.52184,semiconductor,False
Cs2BHgF6,False,False,3.09367,1.82936,4.35799,0.41175,0.43202,semiconductor,True
Cs2NaPF6,False,False,3.65675,2.73686,4.57665,0.97972,5.37525,insulator,False
Cs2MgZnF6,False,False,5.42792,4.04604,6.8098,0.88463,7.83465,insulator,False
Cs2CuMoF6,False,False,2.18536,0.68663,3.68408,0.70293,3.73619,semiconductor,False
Cs2CuGeF6,False,True,1.54019,0.33049,2.7499,0.6922,0.16074,semiconductor,False
Cs2PdYbF6,False,False,2.07932,0.94194,3.2167,0.70708,2.16301,semiconductor,False
Cs2AgThF6,False,False,2.50198,0.71003,4.29392,0.7583,0.26682,semiconductor,True
Cs2EuPbF6,False,False,2.69581,1.49644,3.89518,0.50449,0.47319,semiconductor,False
Cs2PrAuF6,False,False,2.05526,0.98089,3.12963,0.93594,3.38158,semiconductor,False
Cs2LuTlF6,False,False,4.43454,2.98667,5.88242,0.9046,6.02048,insulator,False
Cs2KNdF6,False,False,6.31021,5.41235,7.20807,0.97147,6.03387,insulator,False
Cs2PdLuF6,False,False,2.09181,0.42001,3.76361,0.67894,2.61889,semiconductor,False
Cs2BeCaF6,False,False,6.99088,6.10944,7.87232,0.94596,9.81286,insulator,False
Cs2MgCuF6,False,False,1.71065,0.48674,2.93457,0.60083,3.51205,semiconductor,False
Cs2MgGeF6,False,False,5.16021,3.96478,6.35564,0.9402,6.25543,insulator,False
Cs2CuRuF6,False,False,1.46557,0.45644,2.47469,0.21789,1.75775,semiconductor,True
Cs2LiMoF6,True,False,4.36395,2.69959,6.02832,0.90132,4.4573,insulator,True
Cs2CuIrF6,False,False,1.13682,0.29004,1.9836,0.68161,2.47886,semiconductor,False
Cs2YbTlF6,False,False,3.55633,2.3217,4.79096,0.66369,4.333,insulator,False
Cs2MnCoF6,False,False,2.81304,1.18681,4.43926,0.63089,4.77427,insulator,False
Cs2RbAuF6,True,False,0.71051,-0.1455,1.56651,0.88131,2.85338,semiconductor,True
Cs2KPrF6,True,False,6.24461,5.32863,7.16058,0.96661,4.9852,insulator,False
Cs2AuPuF6,False,False,2.25382,0.87565,3.63199,0.9155,0.64014,semiconductor,False
Cs2SrPbF6,False,False,4.44994,3.26681,5.63308,0.83669,6.15444,insulator,False
Cs2BaHgF6,False,False,2.80455,1.4653,4.1438,0.82523,5.17701,insulator,False
Cs2MnFeF6,False,True,2.95779,1.30646,4.60911,0.54053,4.28776,insulator,False
Cs2TiCuF6,False,False,1.94656,-0.1324,4.02553,0.35793,3.12265,semiconductor,False
Cs2MnNiF6,True,False,3.78893,1.83304,5.74483,0.53405,4.20008,insulator,False
Cs2LiIrF6,False,False,2.57073,1.8063,3.33517,0.90036,4.38861,insulator,False
Cs2LiRuF6,False,False,2.07574,1.07143,3.08005,0.435,2.62589,semiconductor,False
Cs2CoFrF6,False,False,2.73701,1.79932,3.67469,0.9379,5.32067,insulator,False
Cs2CoZnF6,False,False,3.36582,2.40441,4.32723,0.55786,5.00766,insulator,False
Cs2CeAuF6,False,False,1.32605,-0.83604,3.48815,0.72428,2.39533,semiconductor,False
Cs2AsFrF6,False,False,3.37186,2.51077,4.23295,0.98228,5.30109,insulator,False
Cs2KPuF6,False,False,4.61623,3.63148,5.60098,0.90086,3.1063,semiconductor,False
Cs2NiFrF6,False,False,2.78274,1.14776,4.41773,0.70584,1.82213,semiconductor,False
Cs2EuAmF6,False,False,2.56872,1.02131,4.11613,0.178,0.20568,semiconductor,True
Cs2TmTlF6,False,False,3.78354,2.83138,4.73571,0.86053,5.12305,insulator,True
Cs2RbLuF6,False,False,6.7787,5.71198,7.84543,0.96445,8.17771,insulator,False
Cs2CuRhF6,False,False,1.38996,0.5423,2.23762,0.70994,1.71062,semiconductor,False
Cs2FeZnF6,False,True,3.37631,2.34183,4.4108,0.6365,3.71944,semiconductor,True
Cs2LiTiF6,False,False,2.4709,0.65261,4.2892,0.23913,3.08186,semiconductor,False
Cs2NiZnF6,False,False,3.65888,2.28475,5.03301,0.35634,5.63522,insulator,False
Cs2RbYbF6,False,False,6.19873,5.22039,7.17707,0.5898,6.49041,insulator,False
Cs2CoGeF6,False,False,3.00231,1.7402,4.26442,0.84815,4.406,insulator,True
Cs2CoCuF6,False,False,2.135,1.14375,3.12625,0.72768,0.42241,semiconductor,True
Cs2KNpF6,False,False,5.01481,3.75828,6.27134,0.93708,1.87906,semiconductor,False
Cs2SmEuF6,False,False,4.22334,2.70959,5.73709,0.3273,1.11027,semiconductor,False
Cs2ErTlF6,False,False,3.8042,2.85208,4.75631,0.85305,5.77635,insulator,False
Cs2SrAmF6,False,False,2.54621,1.07702,4.01541,0.14215,0.68178,semiconductor,False
Cs2KCeF6,True,False,0.46556,-0.60737,1.53849,0.78092,3.64691,semiconductor,False
Cs2LiRhF6,False,False,2.36146,1.61348,3.10943,0.88336,4.33971,insulator,False
Cs2FeGeF6,False,True,3.18191,1.69754,4.66628,0.86743,3.964,semiconductor,False
Cs2AuUF6,False,False,2.04329,-0.06005,4.14662,0.85631,0.6734,semiconductor,False
Cs2NiCuF6,False,False,2.52879,0.96653,4.09104,0.28927,2.31613,semiconductor,False
Cs2BAgF6,False,False,2.13659,1.04099,3.2322,0.73695,5.42178,insulator,False
Cs2NiGeF6,False,False,3.47052,1.67951,5.26154,0.8101,4.15981,insulator,True
Cs2FeFrF6,False,False,3.09846,1.77957,4.41736,0.8621,4.89106,insulator,True
Cs2MgCoF6,False,False,2.90913,1.81668,4.00157,0.7485,5.01786,insulator,False
Cs2HgThF6,False,False,2.69858,0.96219,4.43497,0.28123,4.3552,insulator,False
Cs2PbAmF6,False,False,1.8892,0.78733,2.99107,0.60338,0.75475,semiconductor,False
Cs2YTlF6,True,False,4.78637,3.39928,6.17346,0.89491,5.97764,insulator,False
Cs2AuBiF6,True,False,1.2832,0.53217,2.03423,0.93423,2.75543,semiconductor,False
Cs2RbTmF6,False,False,6.49353,5.62199,7.36507,0.92782,7.10341,insulator,False
Cs2MgFeF6,False,False,3.6234,2.30811,4.9387,0.7589,4.31951,insulator,False
Cs2HoTlF6,False,False,3.80063,2.72794,4.87332,0.87766,5.92342,insulator,False
Cs2LaAuF6,False,False,2.00017,0.78516,3.21519,0.94367,3.49255,semiconductor,False
Cs2RbTlF6,True,False,3.80456,3.18508,4.42404,0.94538,5.72852,insulator,False
Cs2MgNiF6,False,False,3.41041,2.02937,4.79144,0.55468,6.01465,insulator,False
Cs2RbErF6,False,False,6.39471,5.49081,7.29862,0.93833,7.22259,insulator,False
Cs2VCuF6,False,False,1.85493,-0.18872,3.89859,0.39471,2.49553,semiconductor,False
Cs2AuPaF6,False,False,2.35816,0.12152,4.59481,0.84106,0.78622,semiconductor,False
Cs2KBiF6,True,False,4.81982,4.35334,5.28629,0.98127,6.38423,insulator,False
Cs2KLaF6,True,False,6.15297,5.40514,6.9008,0.9783,8.20546,insulator,False
Cs2DyTlF6,False,False,3.84747,2.93638,4.75855,0.87431,5.71413,insulator,True
Cs2MnFrF6,False,False,2.51042,0.93339,4.08745,0.74316,2.20885,semiconductor,False
Cs2CrFrF6,False,False,3.19823,1.42638,4.97008,0.87109,5.82874,insulator,False
Cs2BeCdF6,False,False,4.74741,3.74817,5.74665,0.84957,6.48342,insulator,False
Cs2LiVF6,False,False,3.2634,1.39283,5.13396,0.27243,3.53445,semiconductor,False
Cs2AgRaF6,False,False,2.05071,0.76893,3.3325,0.78448,1.35948,semiconductor,False
Cs2RbYF6,True,False,6.22178,5.45655,6.98701,0.97419,8.54529,insulator,False
Cs2GaFrF6,False,False,3.58027,2.51149,4.64905,0.95868,7.66413,insulator,False
Cs2RbHoF6,False,False,6.5802,5.6942,7.4662,0.97474,6.79596,insulator,True
Cs2FeCoF6,False,False,3.07309,1.66006,4.48611,0.44916,2.56258,semiconductor,False
Cs2TbTlF6,False,False,3.99267,2.78043,5.20492,0.8568,5.18465,insulator,True
Cs2PdInF6,False,False,2.06537,0.8794,3.25133,0.44532,1.81652,semiconductor,False
Cs2CuGaF6,False,False,1.41981,0.04514,2.79449,0.51865,3.07277,semiconductor,False
Cs2BeAgF6,False,False,3.40378,2.26872,4.53883,0.71342,0.69358,semiconductor,False
Cs2CoNiF6,False,False,2.84161,1.72963,3.95358,0.54867,4.47181,insulator,True
Cs2CrCuF6,False,False,2.33513,0.84355,3.82671,0.57272,2.53399,semiconductor,False
Cs2CdRaF6,False,False,4.71866,3.43643,6.0009,0.87859,6.47419,insulator,False
Cs2RbDyF6,False,False,6.64944,5.74311,7.55576,0.94829,5.68543,insulator,True
Cs2MnCuF6,False,False,1.98728,0.53348,3.44108,0.47156,0.60132,semiconductor,False
Cs2LiGaF6,True,False,6.01092,5.07591,6.94592,0.9726,8.409,insulator,False
Cs2GdTlF6,False,False,3.73534,2.09825,5.37242,0.86785,5.78039,insulator,False
Cs2LiCrF6,True,False,4.38837,2.85548,5.92125,0.85902,5.50091,insulator,False
Cs2VFrF6,False,False,2.51806,0.35547,4.68066,0.35576,3.57119,semiconductor,False
Cs2LiMnF6,False,False,2.62828,0.5969,4.65966,0.69043,2.16631,semiconductor,False
Cs2RbTbF6,False,False,6.2432,5.35751,7.12889,0.93796,4.8041,insulator,True
Cs2EuTlF6,False,False,2.84413,1.57384,4.11442,0.59145,2.89703,semiconductor,False
Cs2LiFeF6,False,False,4.03781,3.01899,5.05663,0.82816,5.20278,insulator,True
Cs2SmTlF6,False,False,3.85426,2.71637,4.99216,0.88278,3.90209,semiconductor,False
Cs2RbGdF6,False,False,5.16219,3.99471,6.32968,0.95858,7.9231,insulator,False
Cs2NdEuF6,False,False,4.15767,2.39319,5.92215,0.43477,0.48503,semiconductor,False
Cs2CuAsF6,False,False,1.17163,0.27553,2.06772,0.87747,2.89019,semiconductor,False
Cs2PdSbF6,False,False,2.03518,1.01489,3.05546,0.59048,1.45566,semiconductor,False
Cs2NHgF6,False,False,2.61268,1.21397,4.01139,0.40387,0.81182,semiconductor,False
Cs2PdPdF6,True,False,1.66864,0.72498,2.6123,0.35054,3.59739,semiconductor,False
Cs2RhFrF6,False,False,2.34258,1.33359,3.35157,0.89014,4.71997,insulator,False
Cs2RbEuF6,False,False,1.8825,0.80998,2.95502,0.52008,5.10466,insulator,False
Cs2TiFrF6,False,False,3.07702,1.3607,4.79334,0.27534,2.9257,semiconductor,False
Cs2PmTlF6,False,False,3.62701,2.44078,4.81324,0.85519,4.46644,insulator,False
Cs2TlCmF6,False,False,3.81827,2.13543,5.50111,0.86295,5.03561,insulator,False
Cs2LiNiF6,False,False,2.82904,1.86017,3.7979,0.5375,1.84446,semiconductor,False
Cs2LiAsF6,False,False,4.50426,3.87634,5.13218,0.9848,5.87051,insulator,False
Cs2TlAmF6,False,False,2.19899,1.17447,3.22352,0.60442,3.21514,semiconductor,False
Cs2ScPdF6,False,False,1.49796,-0.32969,3.3256,0.66921,2.58779,semiconductor,False
Cs2LiCoF6,False,False,3.23101,2.60299,3.85903,0.91128,4.71303,insulator,False
Cs2RbSmF6,False,False,6.2595,5.1957,7.3233,0.9598,5.63496,insulator,False
Cs2IrFrF6,False,False,2.08918,1.05968,3.11868,0.86222,4.4721,insulator,False
Cs2NdPbF6,False,False,3.78976,2.56369,5.01583,0.87053,0.39083,semiconductor,False
Cs2CaRaF6,False,False,5.92983,4.80968,7.04997,0.92099,7.79384,insulator,False
Cs2RuFrF6,False,False,1.66099,0.30561,3.01636,0.55072,2.72713,semiconductor,False
Cs2NdTlF6,False,False,3.94687,2.76466,5.12908,0.90447,5.24534,insulator,True
Cs2MoFrF6,False,False,3.0825,1.54023,4.62478,0.89613,3.43416,semiconductor,False
Cs2PrTlF6,False,False,4.34977,3.10181,5.59773,0.87448,5.01945,insulator,False
Cs2RbCmF6,False,False,4.31021,3.09042,5.53,0.96068,5.2417,insulator,False
Cs2RbPmF6,False,False,5.95948,4.63161,7.28735,0.95512,5.87284,insulator,False
Cs2AuAcF6,False,False,2.49967,1.28491,3.71444,0.93134,3.23733,semiconductor,False
Cs2RbAmF6,False,False,2.45284,1.1505,3.75517,0.77759,3.57214,semiconductor,False
Cs2HgRaF6,False,False,3.00476,1.70764,4.30188,0.81435,4.9445,insulator,False
Cs2KAcF6,False,False,5.69349,4.76111,6.62586,0.97631,7.62373,insulator,False
Cs2TlPuF6,False,False,3.90558,2.30155,5.5096,0.87369,3.25023,semiconductor,False
Cs2NAgF6,False,False,1.59903,0.26486,2.93319,0.9249,1.93648,semiconductor,False
Cs2CuCuF6,False,False,1.25881,0.10005,2.41758,0.16244,2.95993,semiconductor,False
Cs2BeTiF6,False,False,2.76162,0.72308,4.80017,0.29114,3.14871,semiconductor,False
Cs2BePdF6,False,False,2.55681,1.30794,3.80568,0.67038,3.39683,semiconductor,True
Cs2PdTaF6,False,False,0.49055,-1.45869,2.4398,0.39943,0.80502,semiconductor,False
Cs2NbPdF6,False,False,1.10729,-0.76437,2.97895,0.29193,1.15957,semiconductor,False
Cs2RbNdF6,False,False,6.06981,5.06487,7.07475,0.97141,5.96714,insulator,False
Cs2AlCuF6,False,False,2.47112,0.66189,4.28035,0.59476,4.14131,insulator,False
Cs2CeTlF6,False,False,3.26085,1.12969,5.39201,0.79722,3.83881,semiconductor,False
Cs2TlNpF6,False,False,3.82367,1.36348,6.28386,0.89242,2.05973,semiconductor,False
Cs2RbPrF6,False,False,6.05402,5.04472,7.06333,0.96588,4.71139,insulator,False
Cs2LiCuF6,True,False,1.70944,0.85809,2.56079,0.69282,3.23757,semiconductor,False
Cs2LiAlF6,True,False,6.91688,5.83442,7.99934,0.96699,9.50754,insulator,False
Cs2NbFrF6,False,False,2.48785,0.15674,4.81895,0.23154,1.78226,semiconductor,False
Cs2RbPuF6,False,False,4.41879,3.10495,5.73263,0.89729,2.79393,semiconductor,False
Cs2TaFrF6,False,False,2.25522,-0.15529,4.66573,0.31071,0.39002,semiconductor,False
Cs2BNaF6,False,False,6.49612,5.88188,7.11035,0.95988,8.51727,insulator,False
Cs2TlUF6,False,False,2.92026,0.61114,5.22939,0.84,0.63709,semiconductor,False
Cs2RbCeF6,False,False,0.41118,-0.6921,1.51446,0.74921,3.32224,semiconductor,False
Cs2SrBaF6,False,False,6.36153,5.45347,7.26958,0.91396,7.78878,insulator,False
Cs2TlBiF6,True,False,3.11745,1.88902,4.34588,0.93523,3.89113,semiconductor,False
Cs2RbNpF6,False,False,4.89955,3.47063,6.32848,0.94018,1.53158,semiconductor,False
Cs2MoPdF6,False,False,1.55985,0.25955,2.86016,0.70694,1.49476,semiconductor,True
Cs2LaTlF6,False,False,4.61948,3.34842,5.89054,0.89795,5.60566,insulator,False
Cs2BaPbF6,False,False,4.46745,3.30733,5.62756,0.84237,5.75187,insulator,False
Cs2RuPdF6,False,False,1.32688,0.41033,2.24342,0.47586,2.28769,semiconductor,False
Cs2PdIrF6,False,False,0.61574,-0.28873,1.5202,0.34348,1.86454,semiconductor,False
Cs2ScFrF6,False,False,6.4054,5.29177,7.51903,0.96503,7.87347,insulator,False
Cs2AgFrF6,False,False,1.61928,0.38796,2.85061,0.72745,2.40283,semiconductor,True
Cs2RbBiF6,True,False,4.74623,4.27648,5.21599,0.98065,6.17462,insulator,False
Cs2TiPdF6,False,False,1.7126,-0.43511,3.86032,0.66122,1.047,semiconductor,False
Cs2RbLaF6,False,False,5.91829,5.07366,6.76292,0.97857,7.80379,insulator,False
Cs2RhPdF6,False,False,1.27838,0.26887,2.28789,0.43556,1.07012,semiconductor,False
Cs2BePtF6,False,False,2.31486,1.11235,3.51738,0.65248,3.29773,semiconductor,True
Cs2PdFrF6,False,False,1.69089,0.4382,2.94358,0.65938,1.29159,semiconductor,False
Cs2SbFrF6,False,False,3.34965,2.61368,4.08562,0.98172,4.72276,insulator,False
Cs2BeVF6,False,False,2.95885,0.90454,5.01316,0.6952,4.75431,insulator,False
Cs2AuThF6,False,False,2.36594,0.69228,4.0396,0.76189,0.97932,semiconductor,True
Cs2BeCrF6,False,False,2.66875,0.90561,4.43188,0.70824,2.7987,semiconductor,False
Cs2TiSrBr6,False,False,1.25327,0.31877,2.18776,0.48143,2.24931,semiconductor,False
Cs2AgErBr6,False,False,2.39121,1.82755,2.95487,0.90395,3.36694,semiconductor,True
Cs2NiBaBr6,False,False,1.87442,1.07873,2.67011,0.72647,3.54206,semiconductor,True
Cs2SrPdBr6,False,False,1.601,0.97305,2.22894,0.77922,1.72418,semiconductor,True
Cs2TiAuBr6,False,False,1.12743,0.31076,1.94409,0.37156,1.82511,semiconductor,False
Cs2MnNdBr6,False,False,2.021,1.19664,2.84536,0.88379,0.8842,semiconductor,True
Cs2FeBaBr6,False,False,1.68855,0.84763,2.52947,0.79799,3.62867,semiconductor,False
Cs2KRhBr6,False,False,1.97085,1.422,2.5197,0.92695,3.01412,semiconductor,False
Cs2NaUBr6,False,False,2.54324,1.3532,3.73327,0.96708,2.62958,semiconductor,False
Cs2RhAuBr6,False,False,0.85733,0.23407,1.48058,0.63377,0.49271,semiconductor,False
Cs2AlTlBr6,True,False,2.84287,1.97511,3.71063,0.92988,3.40868,semiconductor,False
Cs2CoBaBr6,False,False,1.95201,1.20109,2.70293,0.84779,3.64261,semiconductor,True
Cs2NaBiBr6,True,False,3.27313,2.85979,3.68646,0.9856,3.9178,semiconductor,False
Cs2YAgBr6,True,False,2.9283,2.21777,3.63883,0.96137,4.7176,insulator,False
Cs2KTiBr6,False,False,1.58939,0.57165,2.60713,0.75091,2.41428,semiconductor,False
Cs2TiPbBr6,False,False,1.87285,1.0209,2.7248,0.81423,1.75554,semiconductor,False
Cs2IrAuBr6,False,False,0.87137,0.2794,1.46335,0.6932,0.89744,semiconductor,False
Cs2RuAuBr6,False,False,0.92275,0.23681,1.60868,0.54471,0.75497,semiconductor,True
Cs2TmYbBr6,False,False,3.83149,3.11374,4.54924,0.25595,2.29987,semiconductor,False
Cs2AgHoBr6,False,False,2.55713,2.04734,3.06692,0.95741,3.81476,semiconductor,True
Cs2NaLaBr6,True,False,4.07569,3.36873,4.78264,0.98729,5.61135,insulator,False
Cs2CaTmBr6,False,False,3.8753,3.21949,4.53112,0.39924,2.132,semiconductor,False
Cs2TiEuBr6,False,False,0.68785,-0.11177,1.48747,0.72688,2.02103,semiconductor,False
Cs2ZnNdBr6,False,False,2.60434,1.88644,3.32224,0.64522,0.56444,semiconductor,True
Cs2NaNpBr6,False,False,2.47354,0.94193,4.00515,0.96911,3.5104,semiconductor,False
Cs2AgTmBr6,False,False,2.38121,1.78945,2.97298,0.91496,2.4072,semiconductor,False
Cs2NaCeBr6,True,False,2.69688,0.50802,4.88574,0.9745,4.6208,insulator,False
Cs2CrNdBr6,False,False,1.18234,0.50976,1.85492,0.86753,0.69387,semiconductor,False
Cs2AlRbBr6,True,False,3.21326,2.6605,3.76602,0.97052,4.7151,insulator,False
Cs2KRuBr6,False,False,1.47283,0.89655,2.04912,0.85685,1.79417,semiconductor,False
Cs2NaPaBr6,False,False,2.7512,1.45029,4.0521,0.96565,1.19653,semiconductor,False
Cs2MoAuBr6,False,False,0.64255,0.0077,1.2774,0.55737,1.45714,semiconductor,False
Cs2KIrBr6,False,False,1.71942,1.17216,2.26669,0.90167,3.05799,semiconductor,False
Cs2CuRbBr6,False,False,1.02824,0.44833,1.60814,0.74675,1.05573,semiconductor,False
Cs2AgDyBr6,False,False,2.56341,2.01187,3.11494,0.92716,3.76571,semiconductor,False
Cs2CaHgBr6,False,False,2.47259,1.70152,3.24366,0.77509,3.0315,semiconductor,False
Cs2NaPuBr6,False,False,3.18693,2.41482,3.95904,0.94637,3.36317,semiconductor,False
Cs2CaYbBr6,False,False,4.01247,3.2462,4.77873,0.48456,2.94065,semiconductor,False
Cs2GeNdBr6,False,False,2.60407,1.88842,3.31972,0.94895,0.57978,semiconductor,False
Cs2KVBr6,False,False,1.84472,0.92273,2.76671,0.48107,2.73145,semiconductor,False
Cs2CaDyBr6,False,False,3.75457,3.13998,4.36915,0.4271,0.92337,semiconductor,True
Cs2AgYbBr6,False,False,2.51418,1.80534,3.22302,0.53799,1.74243,semiconductor,False
Cs2TiAmBr6,False,False,0.65102,-0.09179,1.39383,0.6502,1.8438,semiconductor,True
Cs2BFrBr6,False,False,1.25432,0.71667,1.79198,0.88451,3.16547,semiconductor,False
Cs2MgBaBr6,False,False,4.72837,3.90852,5.54822,0.96913,5.42338,insulator,False
Cs2KMoBr6,True,False,1.5257,0.95596,2.09544,0.91662,3.39038,semiconductor,True
Cs2AgLuBr6,False,False,2.64714,1.97512,3.31916,0.95199,4.4687,insulator,False
Cs2VAuBr6,False,False,0.76324,0.00502,1.52146,0.41843,1.68024,semiconductor,False
Cs2PtAmBr6,False,False,0.79514,0.19008,1.40021,0.65453,0.23841,semiconductor,False
Cs2NaPrBr6,True,False,4.11218,3.50902,4.71534,0.98285,4.31339,insulator,False
Cs2VSmBr6,False,False,0.97186,0.21639,1.72734,0.70345,2.00712,semiconductor,True
Cs2MgNdBr6,False,False,3.0476,2.2967,3.79849,0.63333,1.41665,semiconductor,False
Cs2AgTbBr6,False,False,2.65647,2.00301,3.30993,0.90625,4.5999,insulator,False
Cs2CoTlBr6,False,False,1.13503,0.40556,1.8645,0.5213,1.92472,semiconductor,False
Cs2NaNdBr6,True,False,4.33867,3.82625,4.8511,0.98132,3.96484,semiconductor,False
Cs2VNdBr6,False,False,1.07469,0.37618,1.77321,0.79557,1.19056,semiconductor,False
Cs2CuBaBr6,False,False,2.10796,1.46379,2.75213,0.74383,1.15709,semiconductor,False
Cs2GeBaBr6,False,False,2.69687,1.9954,3.39834,0.95722,4.01944,insulator,False
Cs2TiSmBr6,False,False,1.1462,0.33444,1.95796,0.82214,1.36848,semiconductor,False
Cs2AsTlBr6,True,False,1.21766,0.43361,2.00171,0.91109,1.36814,semiconductor,False
Cs2VAmBr6,False,False,0.766,0.01425,1.51775,0.40963,2.3187,semiconductor,False
Cs2KGaBr6,True,False,2.22132,1.64758,2.79506,0.97679,3.44248,semiconductor,False
Cs2KCrBr6,False,False,1.91327,1.29995,2.52658,0.90104,3.03261,semiconductor,True
Cs2NaAmBr6,False,False,2.87418,2.21515,3.53322,0.82053,2.65937,semiconductor,False
Cs2AgGdBr6,False,False,2.32937,1.11838,3.54037,0.9355,4.60025,insulator,False
Cs2KMnBr6,False,False,2.16979,1.63065,2.70893,0.8762,0.37693,semiconductor,False
Cs2NbAuBr6,False,False,0.60528,-0.08857,1.29913,0.41025,1.08535,semiconductor,False
Cs2ZnBaBr6,False,False,3.65094,2.8686,4.43327,0.93415,4.76954,insulator,False
Cs2NdPtBr6,False,False,1.52567,1.04275,2.00859,0.89293,1.00396,semiconductor,False
Cs2TaAuBr6,False,False,0.78959,-0.02427,1.60346,0.43951,0.13995,semiconductor,False
Cs2YHgBr6,True,False,2.62808,1.93184,3.32432,0.223,0.13575,semiconductor,True
Cs2PCuF6,False,False,1.34992,0.42733,2.27251,0.91462,2.96837,semiconductor,False
Cs2GaPdF6,False,False,2.44962,1.2009,3.69834,0.52845,2.20587,semiconductor,False
Cs2HoHgBr6,False,False,2.25339,1.65897,2.8478,0.42774,0.10077,semiconductor,True
Cs2NaCmBr6,False,False,2.45509,1.21884,3.69134,0.96521,5.40671,insulator,False
Cs2NaPmBr6,False,False,4.48285,3.94535,5.02036,0.97864,3.36,semiconductor,False
Cs2CrAuBr6,False,False,0.69542,0.05044,1.3404,0.52624,0.70621,semiconductor,False
Cs2CoNdBr6,False,False,1.38771,0.65743,2.11798,0.89057,1.23553,semiconductor,False
Cs2AgEuBr6,False,False,1.5504,0.67647,2.42433,0.57534,0.8308,semiconductor,False
Cs2CoRbBr6,False,False,1.77348,0.99658,2.55038,0.96282,2.66576,semiconductor,False
Cs2FeTlBr6,False,False,1.23619,0.56023,1.91216,0.53708,0.85233,semiconductor,True
Cs2KNbBr6,False,False,1.29715,0.52699,2.06731,0.57695,1.46612,semiconductor,False
Cs2NiRbBr6,False,False,1.91214,1.23254,2.59174,0.87673,0.13119,semiconductor,False
Cs2KTaBr6,True,False,1.19443,0.37769,2.01118,0.3617,1.14654,semiconductor,False
Cs2MnBaBr6,False,False,2.42473,1.63598,3.21348,0.77369,4.71308,insulator,True
Cs2AsRbBr6,True,False,3.00722,2.6142,3.40023,0.99275,3.7046,semiconductor,False
Cs2VPbBr6,False,False,1.3673,0.53891,2.19569,0.75995,3.05793,semiconductor,False
Cs2NiNdBr6,False,False,1.76019,0.99365,2.52672,0.92942,1.085,semiconductor,False
Cs2SrPtBr6,False,False,1.53793,0.92451,2.15135,0.66777,1.63395,semiconductor,True
Cs2CuThBr6,False,False,1.4257,0.59654,2.25487,0.71457,0.25411,semiconductor,False
Cs2NaSmBr6,False,False,4.60062,3.96863,5.23262,0.97052,2.58042,semiconductor,False
Cs2KFeBr6,False,False,1.56093,0.76708,2.35479,0.89445,2.60573,semiconductor,False
Cs2CrAmBr6,False,False,0.72576,0.02729,1.42423,0.57247,0.44233,semiconductor,True
Cs2AgSmBr6,False,False,2.78112,2.0128,3.54943,0.92131,1.91372,semiconductor,False
Cs2CdHgBr6,False,False,1.89638,0.91679,2.87596,0.67533,0.75377,semiconductor,False
Cs2EuPtBr6,False,False,0.75549,0.13397,1.377,0.55327,0.22751,semiconductor,False
Cs2VSrBr6,False,False,1.54392,0.69834,2.38951,0.74437,3.85619,semiconductor,False
Cs2CdYbBr6,False,False,2.94058,2.13423,3.74692,0.36585,0.59041,semiconductor,False
Cs2MnSmBr6,False,False,2.04134,1.14738,2.93531,0.83646,1.83858,semiconductor,False
Cs2LiThBr6,False,False,2.74565,1.50979,3.9815,0.90295,0.22275,semiconductor,False
Cs2TbHgBr6,False,False,2.18453,1.60812,2.76095,0.40484,0.10703,semiconductor,True
Cs2InFrF6,False,False,3.52428,2.55798,4.49059,0.95591,6.75446,insulator,False
Cs2NaEuBr6,False,False,2.21806,1.33945,3.09667,0.42402,1.53361,semiconductor,False
Cs2ScAuBr6,True,False,1.79535,1.08447,2.50622,0.92879,2.84802,semiconductor,False
Cs2CrTlBr6,False,False,1.48943,0.79683,2.18204,0.58735,2.29942,semiconductor,False
Cs2CrBaBr6,False,False,1.50281,0.85883,2.1468,0.7778,1.86272,semiconductor,False
Cs2FeRbBr6,False,False,1.4945,0.61471,2.37429,0.89533,2.68797,semiconductor,False
Cs2YbNpBr6,False,False,1.60932,0.2889,2.92974,0.44679,0.68156,semiconductor,False
Cs2CdEuBr6,False,False,1.20678,0.22915,2.18441,0.2905,0.83123,semiconductor,False
Cs2GaTlBr6,True,False,1.74782,1.03049,2.46516,0.94273,2.06274,semiconductor,False
Cs2AgPmBr6,False,False,2.91955,2.21366,3.62543,0.9447,2.60817,semiconductor,False
Cs2AgCmBr6,False,False,2.33627,1.28236,3.39018,0.91878,3.26617,semiconductor,True
Cs2VEuBr6,False,False,0.49687,-0.32459,1.31833,0.46462,2.65192,semiconductor,False
Cs2ZnSmBr6,False,False,2.51414,1.61579,3.41248,0.68451,0.18655,semiconductor,True
Cs2KNiBr6,False,False,1.93658,1.27815,2.595,0.87487,0.11608,semiconductor,False
Cs2NFrBr6,False,False,2.30961,1.8126,2.80661,0.98133,2.3874,semiconductor,False
Cs2KAsBr6,True,False,2.92811,2.5172,3.33902,0.99299,3.71974,semiconductor,False
Cs2PRbBr6,False,False,2.98498,2.55645,3.41352,0.99295,3.32196,semiconductor,False
Cs2MnAmBr6,False,False,0.84016,-0.03045,1.71078,0.58614,1.95666,semiconductor,False
Cs2TiNpBr6,False,False,1.5531,0.55368,2.55253,0.79931,0.9725,semiconductor,False
Cs2NaGdBr6,False,False,3.22995,2.0142,4.44571,0.9762,5.37205,insulator,False
Cs2KCoBr6,False,False,1.74324,1.00786,2.47862,0.96248,2.52746,semiconductor,False
Cs2KScBr6,True,False,3.37974,2.81776,3.94172,0.99027,4.7719,insulator,False
Cs2AgAmBr6,False,False,1.49959,0.69631,2.30287,0.6998,1.9663,semiconductor,False
Cs2CrPbBr6,False,False,1.21536,0.47949,1.95122,0.78595,0.73941,semiconductor,False
Cs2GdHgBr6,False,False,2.17471,0.92944,3.41999,0.38314,0.14338,semiconductor,True
Cs2SbAuBr6,True,False,0.37386,-0.23029,0.97801,0.80605,0.30775,semiconductor,False
Cs2SrCdBr6,False,False,3.43347,2.62258,4.24436,0.95183,4.52387,insulator,False
Cs2KAgBr6,False,False,1.76659,1.17192,2.36127,0.80156,0.79425,semiconductor,True
Cs2AgInBr6,True,True,0.60855,-0.14851,1.36561,0.50285,1.22419,semiconductor,False
Cs2CaCdBr6,False,False,3.33962,2.52827,4.15097,0.93226,4.29273,insulator,False
Cs2ZnAmBr6,False,False,1.44917,0.60966,2.28869,0.29076,0.81398,semiconductor,False
Cs2AsAuBr6,True,False,0.55169,-0.13592,1.2393,0.74105,0.18438,semiconductor,False
Cs2GeSmBr6,False,False,2.24631,1.46375,3.02888,0.9403,1.19143,semiconductor,False
Cs2MnRbBr6,False,False,2.19608,1.61281,2.77935,0.86469,0.36415,semiconductor,False
Cs2AgNdBr6,True,False,3.14388,2.47211,3.81566,0.95203,3.23146,semiconductor,True
Cs2CrRbBr6,False,False,1.84737,1.18194,2.51281,0.89794,3.16017,semiconductor,True
Cs2CrSrBr6,False,False,1.46046,0.7903,2.13061,0.77361,1.87414,semiconductor,False
Cs2NaTbBr6,False,False,4.86127,4.37009,5.35245,0.95327,5.34193,insulator,True
Cs2KSbBr6,True,False,3.08862,2.68136,3.49588,0.99361,3.62572,semiconductor,False
Cs2AgPrBr6,False,False,3.21417,2.43296,3.99538,0.94563,3.32877,semiconductor,False
Cs2VBaBr6,False,False,1.64084,0.81438,2.46729,0.74489,3.89758,semiconductor,False
Cs2GaRbBr6,True,False,2.26417,1.75937,2.76897,0.97773,3.59957,semiconductor,False
Cs2NaAcBr6,False,False,4.11318,3.47675,4.74961,0.97237,5.52866,insulator,False
Cs2VTlBr6,False,False,1.60487,0.86366,2.34607,0.6081,2.35702,semiconductor,False
Cs2KPdBr6,False,False,1.98757,1.48363,2.4915,0.85174,0.35485,semiconductor,False
Cs2CdPbBr6,False,False,1.67573,0.83437,2.51709,0.71604,2.64535,semiconductor,False
Cs2MgSmBr6,False,False,2.85658,1.94206,3.7711,0.67449,2.29752,semiconductor,False
Cs2PTlBr6,False,False,1.57154,0.75998,2.3831,0.95344,1.05016,semiconductor,False
Cs2MnPbBr6,False,False,1.29608,0.40121,2.19095,0.72856,2.75344,semiconductor,False
Cs2GeAmBr6,False,False,1.19995,0.38912,2.01078,0.77426,1.39301,semiconductor,False
Cs2CrPdF6,False,False,1.59889,0.19047,3.00731,0.50109,2.02311,semiconductor,False
Cs2CrEuBr6,False,False,0.50997,-0.26062,1.28057,0.6131,0.71507,semiconductor,False
Cs2SmHgBr6,False,False,2.11657,1.38049,2.85265,0.31688,0.32143,semiconductor,True
Cs2NaDyBr6,False,False,4.8885,4.48283,5.29418,0.96026,4.46354,insulator,False
Cs2AgPuBr6,False,False,2.66074,1.72604,3.59544,0.90474,2.94835,semiconductor,False
Cs2TiNdBr6,False,False,1.16238,0.47942,1.84535,0.89576,0.60211,semiconductor,True
Cs2BaPtBr6,False,False,1.44793,0.84051,2.05534,0.67309,1.67637,semiconductor,True
Cs2BeRaBr6,False,False,4.34813,3.70416,4.9921,0.88307,5.03501,insulator,False
Cs2MnSrBr6,False,False,2.35706,1.54212,3.17201,0.8099,4.90709,insulator,True
Cs2TiDyBr6,False,False,1.39248,0.77547,2.00949,0.80204,0.15348,semiconductor,True
Cs2MgAmBr6,False,False,1.50521,0.73166,2.27875,0.28487,2.0447,semiconductor,False
Cs2ZnPbBr6,False,False,1.66222,0.79795,2.52649,0.62713,2.62618,semiconductor,False
Cs2MnPdF6,False,False,2.10596,0.69605,3.51587,0.4439,1.14494,semiconductor,False
Cs2NaHoBr6,False,False,4.98447,4.58798,5.38096,0.97671,4.36841,insulator,False
Cs2PmHgBr6,False,False,2.18344,1.54562,2.82126,0.25279,0.22033,semiconductor,True
Cs2VRbBr6,False,False,1.78725,0.94918,2.62531,0.50446,2.77208,semiconductor,False
Cs2AgNpBr6,False,False,2.24271,0.97909,3.50633,0.93052,3.06026,semiconductor,False
Cs2AgCeBr6,True,False,2.3609,0.39349,4.32831,0.9459,4.57581,insulator,False
Cs2CdAmBr6,False,False,1.35936,0.56622,2.15251,0.29902,0.7466,semiconductor,False
Cs2GePbBr6,False,False,1.9133,1.0208,2.8058,0.92875,1.56298,semiconductor,False
Cs2NaYBr6,True,False,4.24457,3.58141,4.90772,0.98627,5.5312,insulator,False
Cs2KCuBr6,False,False,1.04477,0.49241,1.59714,0.74587,0.90778,semiconductor,False
Cs2ZnSrBr6,False,False,3.64443,2.8363,4.45255,0.94451,4.42595,insulator,False
Cs2MnEuBr6,False,False,1.03626,0.07948,1.99305,0.61753,2.53341,semiconductor,False
Cs2RhTlBr6,False,False,1.09767,0.39993,1.79542,0.58892,2.1187,semiconductor,False
Cs2AlKBr6,True,False,3.22008,2.60939,3.83076,0.97102,4.59436,insulator,False
Cs2FeSmBr6,False,False,1.28778,0.49781,2.07775,0.88727,0.9443,semiconductor,True
Cs2DyNpBr6,False,False,1.74623,0.56333,2.92913,0.55159,0.58189,semiconductor,False
Cs2NiRaBr6,False,False,1.65678,0.8685,2.44506,0.59373,3.47337,semiconductor,True
Cs2TiTlBr6,False,False,1.77481,0.9611,2.58852,0.63126,2.46195,semiconductor,False
Cs2CaEuBr6,False,False,1.77737,0.85393,2.7008,0.351,2.93519,semiconductor,False
Cs2ZnEuBr6,False,False,1.25733,0.22766,2.28699,0.29258,0.8774,semiconductor,False
Cs2GeSrBr6,False,False,2.75945,2.05692,3.46197,0.95907,4.05819,insulator,False
Cs2NaErBr6,False,False,5.01632,4.52817,5.50447,0.9486,3.98817,semiconductor,False
Cs2CuSrBr6,False,False,2.10882,1.41865,2.799,0.75132,1.1113,semiconductor,False
Cs2AgSbBr6,True,True,1.11561,0.49399,1.73723,0.94025,1.47071,semiconductor,False
Cs2TaHgBr6,False,False,0.76911,-0.09995,1.63817,0.29911,1.19734,semiconductor,False
Cs2MgPbBr6,False,False,2.03833,1.25696,2.81971,0.83742,3.85819,semiconductor,False
Cs2NbHgBr6,False,False,0.93028,0.22936,1.63121,0.37062,1.09844,semiconductor,True
Cs2NdHgBr6,False,False,2.16759,1.53399,2.80118,0.25972,0.33579,semiconductor,True
Cs2BeMnF6,False,False,4.02094,2.33966,5.70222,0.67684,6.7654,insulator,False
Cs2LiPF6,False,False,3.93623,2.54486,5.32759,0.98181,5.3313,insulator,False
Cs2AgUBr6,False,False,2.1898,0.92202,3.45758,0.9065,2.15092,semiconductor,False
Cs2FeRaBr6,False,False,1.4586,0.6846,2.23261,0.66571,3.68399,semiconductor,False
Cs2AlAuBr6,True,False,0.92669,0.13172,1.72166,0.32808,0.75739,semiconductor,False
Cs2NaTlBr6,True,False,1.09476,0.47134,1.71819,0.93029,2.01262,semiconductor,False
Cs2CoRaBr6,False,False,1.75575,1.1004,2.41109,0.76881,3.64172,semiconductor,True
Cs2IrTlBr6,False,False,1.07778,0.20724,1.94832,0.56637,2.73601,semiconductor,False
Cs2PrHgBr6,False,False,2.26028,1.45488,3.06567,0.19969,0.16862,semiconductor,True
Cs2KInBr6,True,False,2.393,1.76217,3.02382,0.97776,3.82131,semiconductor,False
Cs2CaSrBr6,False,False,4.83345,4.03177,5.63513,0.96414,5.62864,insulator,False
Cs2RuTlBr6,False,False,0.934,0.25886,1.60914,0.61779,1.90844,semiconductor,False
Cs2AgBiBr6,True,True,1.28506,0.65565,1.91447,0.90334,2.07415,semiconductor,False
Cs2NaTmBr6,False,False,5.01803,4.47345,5.5626,0.93976,3.21095,semiconductor,True
Cs2NiAmBr6,False,False,0.59826,-0.22508,1.4216,0.61582,0.55074,semiconductor,False
Cs2GeEuBr6,False,False,1.39108,0.50871,2.27345,0.76831,1.8972,semiconductor,False
Cs2MgSrBr6,False,False,4.74175,3.86148,5.62202,0.97242,5.48106,insulator,False
Cs2PtNpBr6,False,False,1.40806,0.3318,2.48432,0.88594,0.6693,semiconductor,False
Cs2AgLaBr6,False,False,3.0608,2.26507,3.85653,0.97287,4.6905,insulator,False
Cs2RbRhBr6,False,False,1.91389,1.32932,2.49845,0.93205,3.12605,semiconductor,False
Cs2ScAgBr6,True,False,2.73463,2.00714,3.46212,0.95254,4.16116,insulator,False
Cs2MgEuBr6,False,False,1.41843,0.42568,2.41119,0.27122,3.07475,semiconductor,False
Cs2CuAcBr6,False,False,2.41397,1.61829,3.20964,0.9029,3.84039,semiconductor,False
Cs2TiTmBr6,False,False,1.41915,0.55828,2.28002,0.72867,1.29308,semiconductor,False
Cs2VNpBr6,False,False,1.22368,0.16358,2.28378,0.69474,0.57999,semiconductor,True
Cs2AgPaBr6,False,False,1.66628,0.35878,2.97378,0.90585,0.60035,semiconductor,False
Cs2EuYbBr6,False,False,1.77616,0.70683,2.84549,0.14239,2.75356,semiconductor,False
Cs2CaPbBr6,False,False,2.84609,2.16191,3.53027,0.85603,4.67104,insulator,False
Cs2TiRbBr6,False,False,1.62069,0.75233,2.48905,0.74603,2.53257,semiconductor,False
Cs2MoTlBr6,False,False,1.35645,0.68128,2.03161,0.64952,3.12453,semiconductor,False
Cs2NaYbBr6,False,False,4.49595,3.87747,5.11443,0.48287,2.32963,semiconductor,False
Cs2CoPbBr6,False,False,1.11828,0.32679,1.90977,0.71741,2.43132,semiconductor,True
Cs2FePbBr6,False,False,1.11919,0.30548,1.93291,0.7381,2.7784,semiconductor,True
Cs2NaLuBr6,True,False,4.85479,4.11142,5.59816,0.97586,5.80938,insulator,False
Cs2NiPbBr6,False,False,1.23693,0.39833,2.07552,0.62718,1.98234,semiconductor,True
Cs2LiAcBr6,False,False,3.57561,2.56746,4.58377,0.97151,5.64649,insulator,False
Cs2TiYbBr6,False,False,1.60936,0.70245,2.51626,0.57269,2.04644,semiconductor,False
Cs2RbIrBr6,False,False,1.67695,1.115,2.23889,0.91187,3.17066,semiconductor,False
Cs2SrYbBr6,False,False,4.1383,3.37264,4.90396,0.36198,2.62551,semiconductor,False
Cs2HgNpBr6,False,False,1.78497,0.43566,3.13427,0.46818,1.10448,semiconductor,True
Cs2RbRuBr6,False,False,1.41613,0.80112,2.03114,0.87846,1.82523,semiconductor,False
Cs2MgRaBr6,False,False,4.32653,3.6003,5.05277,0.9385,5.25746,insulator,False
Cs2EuTmBr6,False,False,2.31751,1.52608,3.10894,0.28179,2.00619,semiconductor,True
Cs2SrHgBr6,False,False,2.48726,1.72649,3.24803,0.87055,3.23427,semiconductor,False
Cs2CeHgBr6,False,False,1.42578,-0.6054,3.45696,0.4388,0.29786,semiconductor,True
Cs2CoSrBr6,False,False,1.96679,1.16312,2.77047,0.84466,3.62602,semiconductor,True
Cs2FeSrBr6,False,False,1.6398,0.80476,2.47485,0.79408,3.54276,semiconductor,False
Cs2NaAuBr6,True,False,0.71597,0.22216,1.20977,0.50868,0.42551,semiconductor,True
Cs2AgTaBr6,True,False,1.04393,0.33128,1.75657,0.41978,1.18035,semiconductor,False
Cs2DyPtBr6,False,False,1.30135,0.83518,1.76752,0.82355,0.91436,semiconductor,False
Cs2NbAgBr6,False,False,0.90167,0.17261,1.63073,0.49657,1.44434,semiconductor,False
Cs2NiSrBr6,False,False,1.90973,1.1757,2.64377,0.72606,3.39105,semiconductor,False
Cs2HgPbBr6,False,False,1.58688,0.72655,2.44722,0.69515,1.4575,semiconductor,False
Cs2PdBaBr6,False,False,1.63824,1.04164,2.23484,0.7842,1.76453,semiconductor,True
Cs2GeRaBr6,False,False,2.72746,2.07552,3.37941,0.9245,3.87411,semiconductor,False
Cs2CuRaBr6,False,False,2.04078,1.40618,2.67538,0.63822,1.07101,semiconductor,False
Cs2RbMoBr6,False,False,1.488,0.92783,2.04817,0.9089,3.40806,semiconductor,True
Cs2TiBaBr6,False,False,1.6276,0.69991,2.55528,0.48384,2.13931,semiconductor,False
Cs2CaAmBr6,False,False,1.77642,0.92831,2.62453,0.23643,2.20899,semiconductor,False
Cs2YbPbBr6,False,False,2.17605,1.31988,3.03221,0.73353,1.81474,semiconductor,False
Cs2CoEuBr6,False,False,0.72678,-0.12656,1.58012,0.61853,1.17299,semiconductor,False
Cs2CrNpBr6,False,False,1.27293,0.11033,2.43552,0.81859,1.67694,semiconductor,True
Cs2FeEuBr6,False,False,0.67582,-0.15532,1.50696,0.65179,1.74215,semiconductor,False
Cs2HgUBr6,False,False,1.85731,0.69286,3.02176,0.33498,1.74547,semiconductor,False
Cs2CaPdBr6,False,False,1.42882,0.77753,2.08012,0.74629,1.65664,semiconductor,True
Cs2TiHgBr6,False,False,1.48705,0.59099,2.38311,0.39257,1.11774,semiconductor,False
Cs2NiEuBr6,False,False,0.93345,0.07789,1.78901,0.57844,0.97735,semiconductor,False
Cs2CaTiBr6,False,False,1.19457,0.24313,2.14601,0.48508,2.23317,semiconductor,False
Cs2CaSmBr6,False,False,3.47516,2.53945,4.41088,0.56886,2.13895,semiconductor,False
Cs2NbTlBr6,False,False,1.45059,0.75724,2.14393,0.69839,1.48065,semiconductor,False
Cs2TmPbBr6,False,False,2.82158,2.0703,3.57286,0.84446,1.03269,semiconductor,True
Cs2TaTlBr6,False,False,1.46595,0.57792,2.35398,0.62668,1.07428,semiconductor,False
Cs2ZnRaBr6,False,False,3.35674,2.60578,4.10771,0.87914,4.61655,insulator,False
Cs2LaHgBr6,False,False,2.44208,1.68494,3.19922,0.20281,0.24722,semiconductor,True
Cs2BeZnF6,False,False,4.77178,3.68579,5.85777,0.855,6.65039,insulator,False
Cs2NaThBr6,False,False,3.51997,2.71913,4.32081,0.89074,0.32472,semiconductor,False
Cs2KAuBr6,True,False,0.58825,0.03046,1.14603,0.51708,0.94439,semiconductor,True
Cs2YbAmBr6,False,False,1.53994,0.63126,2.44862,0.24838,2.25286,semiconductor,False
Cs2MnRaBr6,False,False,2.00434,1.28899,2.71969,0.62883,4.46164,insulator,False
Cs2HgPaBr6,False,False,2.00946,0.73773,3.2812,0.39549,2.87136,semiconductor,True
Cs2LuAuBr6,False,False,1.83879,1.12594,2.55164,0.9477,2.80345,semiconductor,False
Cs2TlAcF6,False,False,4.01399,2.68688,5.34109,0.91819,5.32134,insulator,False
Cs2YbAuBr6,False,False,1.51021,0.82509,2.19534,0.70598,0.81045,semiconductor,False
Cs2MoAgBr6,True,False,0.73052,0.11051,1.35052,0.70825,2.14859,semiconductor,False
Cs2ZnNpBr6,False,False,1.99468,0.69804,3.29131,0.63267,0.42126,semiconductor,True
Cs2PFrBr6,False,False,2.70783,2.23299,3.18267,0.98185,3.16182,semiconductor,False
Cs2RbTaBr6,False,False,1.21825,0.38782,2.04869,0.37896,1.20383,semiconductor,False
Cs2RbNbBr6,False,False,1.26162,0.53746,1.98578,0.58188,1.4888,semiconductor,False
Cs2CdNdBr6,False,False,2.61532,1.95727,3.27337,0.66154,0.46589,semiconductor,True
Cs2SmYbBr6,False,False,3.53603,2.57102,4.50103,0.28468,2.19694,semiconductor,False
Cs2KLuBr6,False,False,4.73124,4.00046,5.46202,0.98269,5.65063,insulator,False
Cs2CrDyBr6,False,False,1.30326,0.6558,1.95072,0.8137,1.04924,semiconductor,False
Cs2ScTlBr6,True,False,3.0699,2.31976,3.82003,0.90219,3.97836,semiconductor,False
Cs2CrRaBr6,False,False,1.45087,0.80327,2.09847,0.67008,1.80429,semiconductor,False
Cs2RuAgBr6,False,False,0.80514,0.18003,1.43025,0.64581,1.40457,semiconductor,True
Cs2AgIrBr6,False,False,1.13668,0.59487,1.67849,0.76693,1.60034,semiconductor,False
Cs2KYbBr6,False,False,4.55253,3.9638,5.14127,0.48916,2.51405,semiconductor,False
Cs2TmPtBr6,False,False,1.27003,0.70888,1.83117,0.81122,0.27982,semiconductor,False
Cs2SrDyBr6,False,False,3.78535,3.16676,4.40394,0.44235,0.51517,semiconductor,True
Cs2TmAuBr6,False,False,1.72261,1.13128,2.31394,0.90266,1.93227,semiconductor,False
Cs2TiAgBr6,False,False,1.54352,0.67901,2.40803,0.57598,2.30201,semiconductor,False
Cs2VTmBr6,False,False,1.20393,0.42782,1.98005,0.6367,1.54553,semiconductor,True
Cs2NaInBr6,True,False,2.0726,1.46513,2.68007,0.97219,3.18228,semiconductor,False
Cs2MnDyBr6,False,False,1.43703,0.69696,2.1771,0.80895,0.56006,semiconductor,False
Cs2MgNpBr6,False,False,1.40225,0.15856,2.64595,0.59673,0.20027,semiconductor,False
Cs2PKBr6,False,False,2.87938,2.4668,3.29196,0.99325,3.33099,semiconductor,False
Cs2KTmBr6,False,False,5.01081,4.48299,5.53863,0.95125,3.34383,semiconductor,False
Cs2SbTlBr6,True,False,1.22158,0.44048,2.00267,0.93336,1.36145,semiconductor,False
Cs2ErAuBr6,False,False,1.696,1.13002,2.26199,0.88817,2.74011,semiconductor,True
Cs2BeCuF6,False,False,3.33738,2.12242,4.55235,0.71871,2.98547,semiconductor,False
Cs2BeGeF6,False,False,4.68723,3.42267,5.9518,0.93601,5.94015,insulator,False
Cs2NNaF6,True,False,2.79518,1.31792,4.27244,0.97767,4.22299,insulator,False
Cs2RhAgBr6,False,False,1.01966,0.40476,1.63455,0.80029,1.55683,semiconductor,False
Cs2ScRbBr6,True,False,3.36667,2.78095,3.95239,0.99017,4.82002,insulator,False
Cs2KTlBr6,True,False,1.52703,0.90724,2.14682,0.93716,2.64593,semiconductor,False
Cs2CuPaBr6,False,False,1.27181,-0.02484,2.56846,0.90349,0.94842,semiconductor,False
Cs2ZnDyBr6,False,False,2.47866,1.81036,3.14696,0.72,0.1831,semiconductor,True
Cs2VYbBr6,False,False,1.40139,0.54335,2.25943,0.39211,2.28975,semiconductor,False
Cs2TiCdBr6,False,False,1.66499,0.67132,2.65865,0.59394,0.53524,semiconductor,False
Cs2EuNpBr6,False,False,1.80484,0.51979,3.0899,0.5941,0.48179,semiconductor,False
Cs2RbAgBr6,False,False,1.69445,1.06187,2.32703,0.79878,0.84359,semiconductor,True
Cs2AgAcBr6,False,False,2.94872,2.18796,3.70949,0.93295,4.37469,insulator,False
Cs2KErBr6,False,False,5.01587,4.54448,5.48725,0.95863,4.16468,insulator,True
Cs2YAuBr6,True,False,2.02963,1.34499,2.71426,0.93909,3.09976,semiconductor,False
Cs2VRaBr6,False,False,1.58931,0.76228,2.41633,0.61791,3.71411,semiconductor,False
Cs2HoAuBr6,False,False,1.76904,1.2591,2.27897,0.94549,2.93965,semiconductor,False
Cs2MnHgBr6,False,False,1.00117,0.19035,1.812,0.40529,0.55332,semiconductor,False
Cs2CuLaBr6,False,False,2.31609,1.54512,3.08706,0.95685,3.98501,semiconductor,False
Cs2GeDyBr6,False,False,2.32212,1.67474,2.96951,0.92857,0.24799,semiconductor,False
Cs2CuBiBr6,True,False,0.70321,0.12117,1.28526,0.86316,1.59407,semiconductor,False
Cs2CaPtBr6,False,False,1.51739,0.89184,2.14294,0.60814,1.5917,semiconductor,True
Cs2BeBaBr6,False,False,4.7288,3.96628,5.49131,0.92364,5.24204,insulator,False
Cs2PdThBr6,False,False,1.07608,0.22791,1.92425,0.58575,2.20044,semiconductor,False
Cs2RbPdBr6,False,False,1.93949,1.41149,2.46749,0.85679,0.28837,semiconductor,False
Cs2PtRaBr6,False,False,1.60439,1.01478,2.19399,0.65296,1.5615,semiconductor,True
Cs2RbSbBr6,True,False,3.15992,2.75971,3.56013,0.99345,3.59968,semiconductor,False
Cs2SrNpBr6,False,False,1.84881,0.60978,3.08784,0.718,0.3717,semiconductor,False
Cs2KYBr6,True,False,4.1369,3.52197,4.75183,0.99052,5.605,insulator,False
Cs2KHoBr6,True,False,4.96407,4.55661,5.37153,0.98136,4.64494,insulator,True
Cs2CuUBr6,False,False,1.80748,0.5924,3.02255,0.897,2.53034,semiconductor,False
Cs2CrTmBr6,False,False,1.35,0.73413,1.96587,0.81371,0.5328,semiconductor,True
Cs2FeNpBr6,False,False,1.74831,0.66424,2.83238,0.84923,1.4503,semiconductor,False
Cs2DyAuBr6,False,False,1.75325,1.19551,2.311,0.90796,2.90682,semiconductor,True
Cs2LiLaBr6,True,False,3.88398,2.83262,4.93534,0.98531,5.41548,insulator,False
Cs2MgDyBr6,False,False,2.8577,2.22582,3.48959,0.4622,0.10195,semiconductor,True
Cs2BRbBr6,False,False,1.73954,1.3012,2.17788,0.9502,2.98911,semiconductor,False
Cs2VAgBr6,False,False,0.91963,0.09154,1.74772,0.49099,2.46275,semiconductor,False
Cs2CaVBr6,False,False,1.50378,0.65084,2.35671,0.73941,3.7688,semiconductor,False
Cs2LiBiBr6,True,False,2.90768,2.39011,3.42525,0.97929,3.74233,semiconductor,False
Cs2CaNdBr6,False,False,3.54829,2.82106,4.27552,0.63434,1.14615,semiconductor,False
Cs2CrYbBr6,False,False,1.42047,0.69707,2.14386,0.55541,0.40511,semiconductor,False
Cs2LiUBr6,False,False,2.29861,0.87171,3.72551,0.96357,2.72987,semiconductor,False
Cs2KDyBr6,False,False,4.85263,4.47868,5.22657,0.96835,4.62411,insulator,True
Cs2TbAuBr6,False,False,1.79122,1.1421,2.44035,0.87802,2.98717,semiconductor,False
Cs2BeMgF6,False,False,7.05976,5.93292,8.18661,0.94337,8.67229,insulator,False
Cs2AsPdF6,False,False,2.15716,1.3211,2.99322,0.65621,1.70578,semiconductor,False
Cs2MnTmBr6,False,False,1.55804,0.89332,2.22275,0.80955,1.65085,semiconductor,True
Cs2CuNpBr6,False,False,1.80374,0.60781,2.99968,0.92044,3.20074,semiconductor,False
Cs2NaSbBr6,True,False,2.78376,2.37298,3.19454,0.99187,3.19869,semiconductor,False
Cs2CuCeBr6,False,False,1.52904,-0.53382,3.5919,0.93564,3.90672,semiconductor,True
Cs2CdBaBr6,False,False,3.43482,2.67487,4.19477,0.94157,4.79578,insulator,False
Cs2InTlBr6,True,False,1.73403,1.02751,2.44055,0.94431,2.25296,semiconductor,False
Cs2KTbBr6,True,False,4.80301,4.33772,5.2683,0.9595,5.52803,insulator,True
Cs2BTlBr6,False,False,1.42101,0.70312,2.13891,0.9214,1.58153,semiconductor,False
Cs2MnYbBr6,False,False,2.16948,1.36095,2.97801,0.59578,2.43522,semiconductor,True
Cs2NiHgBr6,False,False,1.11326,0.29724,1.92928,0.39848,0.54866,semiconductor,False
Cs2NaAgBr6,False,False,1.52011,0.89688,2.14334,0.78228,0.14385,semiconductor,True
Cs2GaAgBr6,True,True,0.66835,-0.11378,1.45048,0.53646,0.98379,semiconductor,False
Cs2LiNpBr6,False,False,2.10764,0.32043,3.89486,0.96639,3.02784,semiconductor,False
Cs2CuPuBr6,False,False,2.00777,1.13493,2.88061,0.88205,2.67583,semiconductor,False
Cs2LiCeBr6,True,False,0.63951,-1.69468,2.97369,0.98,5.2697,insulator,False
Cs2RbAcF6,False,False,5.40259,4.41844,6.38675,0.97539,7.27883,insulator,False
Cs2CoHgBr6,False,False,0.87302,0.06223,1.68381,0.38075,0.68262,semiconductor,False
Cs2CoDyBr6,False,False,1.00347,0.46932,1.53762,0.79568,1.68586,semiconductor,False
Cs2GdAuBr6,False,False,1.63864,0.43072,2.84656,0.91612,2.99522,semiconductor,False
Cs2CaCrBr6,False,False,1.47138,0.78417,2.15859,0.77126,1.91781,semiconductor,False
Cs2FeDyBr6,False,False,1.16085,0.5219,1.79979,0.81811,0.7957,semiconductor,False
Cs2CrAgBr6,False,True,0.79398,0.14388,1.44409,0.62853,1.7298,semiconductor,False
Cs2NaScBr6,True,False,3.26155,2.61433,3.90876,0.98588,4.6227,insulator,False
Cs2NdYbBr6,False,False,3.49379,2.70563,4.28195,0.23951,1.221,semiconductor,False
Cs2HgAcBr6,False,False,2.62706,1.94535,3.30877,0.22947,0.16394,semiconductor,True
Cs2ZnYbBr6,False,False,3.07452,2.26665,3.88239,0.36113,0.62681,semiconductor,False
Cs2ZnHgBr6,False,False,1.78272,0.81148,2.75395,0.63153,0.5871,semiconductor,False
Cs2CuPrBr6,True,False,2.37209,1.58989,3.15429,0.93858,2.59168,semiconductor,False
Cs2NiDyBr6,False,False,1.49309,0.82012,2.16605,0.84952,1.61178,semiconductor,False
Cs2LiPuBr6,False,False,3.12425,1.95483,4.29368,0.9503,3.26868,semiconductor,False
Cs2GeTmBr6,False,False,2.14676,1.47142,2.8221,0.92892,0.9734,semiconductor,False
Cs2EuAuBr6,False,False,1.00476,0.19217,1.81735,0.56526,0.26676,semiconductor,False
Cs2KGdBr6,False,False,2.99227,2.00373,3.9808,0.98136,5.51682,insulator,False
Cs2RbInBr6,True,False,2.557,1.93314,3.18085,0.97779,3.96354,semiconductor,False
Cs2CuNdBr6,True,False,2.38767,1.65887,3.11647,0.94461,2.49516,semiconductor,True
Cs2CaMnBr6,False,False,2.19855,1.36655,3.03055,0.79129,4.91208,insulator,True
Cs2GeYbBr6,False,False,2.24586,1.48643,3.00529,0.76382,1.67941,semiconductor,False
Cs2GeHgBr6,False,False,1.53436,0.75363,2.31509,0.66661,0.56772,semiconductor,False
Cs2MgTmBr6,False,False,3.2958,2.61022,3.98137,0.41738,1.09118,semiconductor,True
Cs2LiPrBr6,True,False,4.00352,3.16557,4.84148,0.98129,4.19962,insulator,True
Cs2KEuBr6,False,False,2.21251,1.37411,3.05091,0.50495,1.6965,semiconductor,False
Cs2SmAuBr6,False,False,2.13847,1.37945,2.89749,0.86234,1.36405,semiconductor,False
Cs2CuAmBr6,False,False,1.02603,0.27612,1.77593,0.68871,1.35037,semiconductor,False
Cs2LiNdBr6,True,False,3.99334,3.25779,4.72889,0.97797,3.76516,semiconductor,False
Cs2MgHgBr6,False,False,2.38591,1.49129,3.28053,0.83999,1.87497,semiconductor,False
Cs2CaZnBr6,False,False,3.68405,2.86974,4.49835,0.92287,4.14454,insulator,False
Cs2VCdBr6,False,False,1.41485,0.54346,2.28623,0.51819,2.08812,semiconductor,False
Cs2NaTaBr6,True,False,1.08264,0.23889,1.92639,0.34784,1.12479,semiconductor,False
Cs2BeNdBr6,False,False,2.86119,2.02217,3.7002,0.45619,0.84763,semiconductor,False
Cs2CuCmBr6,False,False,1.36331,0.30573,2.4209,0.91806,3.58181,semiconductor,False
Cs2NaNbBr6,False,False,1.02979,0.16098,1.89859,0.53371,1.39053,semiconductor,False
Cs2CuPmBr6,False,False,2.39029,1.62595,3.15463,0.9406,1.86714,semiconductor,False
Cs2AlFrBr6,False,False,2.36917,1.7488,2.98954,0.91347,4.71762,insulator,False
Cs2AuFrF6,False,False,1.60161,0.60771,2.59551,0.75408,2.63289,semiconductor,True
Cs2LiAmBr6,False,False,2.79843,1.81318,3.78367,0.8232,2.55269,semiconductor,False
Cs2KSmBr6,False,False,4.58149,3.93186,5.23111,0.97799,2.75371,semiconductor,False
Cs2CuFrBr6,False,False,1.33451,0.63423,2.0348,0.61792,1.0942,semiconductor,True
Cs2AuCmBr6,False,False,1.55637,0.30795,2.80479,0.92066,2.55685,semiconductor,False
Cs2PdRaBr6,False,False,1.61242,1.02847,2.19637,0.64342,1.66262,semiconductor,True
Cs2TiRaBr6,False,False,1.59763,0.68832,2.50693,0.34933,2.19697,semiconductor,False
Cs2PmAuBr6,False,False,2.14445,1.44279,2.84611,0.90994,1.99163,semiconductor,False
Cs2AsAgBr6,True,False,1.0974,0.457,1.73779,0.9387,1.38534,semiconductor,False
Cs2LiCmBr6,False,False,2.28161,0.74073,3.8225,0.96776,5.24185,insulator,False
Cs2CaGeBr6,False,False,2.71425,1.99723,3.43127,0.95703,4.08029,insulator,False
Cs2CaCuBr6,False,False,2.07774,1.37259,2.78288,0.71733,0.96786,semiconductor,False
Cs2LiPmBr6,False,False,4.00077,3.14766,4.85388,0.97494,3.17517,semiconductor,False
Cs2CuSmBr6,False,False,2.1502,1.32147,2.97893,0.91245,1.23523,semiconductor,False
Cs2AuAmBr6,False,False,1.142,0.32153,1.96247,0.70153,1.2958,semiconductor,False
Cs2CoTmBr6,False,False,1.10099,0.5,1.70198,0.83369,0.49412,semiconductor,True
Cs2CaBaBr6,False,False,4.86581,4.1296,5.60203,0.96259,5.46304,insulator,False
Cs2KPmBr6,False,False,4.44724,3.96295,4.93154,0.98439,3.51441,semiconductor,False
Cs2KCmBr6,False,False,2.30638,1.45,3.16275,0.97508,5.32743,insulator,False
Cs2SrEuBr6,False,False,1.63044,0.56454,2.69634,0.22815,2.64132,semiconductor,False
Cs2NiTmBr6,False,False,1.49881,0.87013,2.12749,0.83074,0.52674,semiconductor,False
Cs2MgCaBr6,False,False,4.69423,3.8004,5.58806,0.96232,5.44381,insulator,False
Cs2NdAuBr6,False,False,2.18124,1.51512,2.84736,0.9055,2.47497,semiconductor,False
Cs2LiSmBr6,False,False,4.14883,3.0857,5.21196,0.96904,2.40298,semiconductor,False
Cs2CoYbBr6,False,False,1.63972,0.84662,2.43282,0.60798,0.95202,semiconductor,False
Cs2CuEuBr6,False,False,0.93894,0.13407,1.74382,0.60556,0.22528,semiconductor,False
Cs2KAmBr6,False,False,2.89209,2.22029,3.5639,0.83067,2.74728,semiconductor,False
Cs2FeYbBr6,False,False,1.72992,0.92532,2.53451,0.6353,1.60349,semiconductor,False
Cs2CrCdBr6,False,False,1.31788,0.63574,2.00003,0.55379,0.53126,semiconductor,False
Cs2BeCoF6,False,False,2.72688,1.66452,3.78925,0.76776,4.98906,insulator,False
Cs2PrAuBr6,False,False,2.15617,1.44038,2.87196,0.90713,2.69808,semiconductor,False
Cs2EuPbBr6,False,False,1.81624,0.86637,2.76612,0.63063,2.05845,semiconductor,False
Cs2LuTlBr6,False,False,3.52596,2.71209,4.33984,0.92635,4.53796,insulator,False
Cs2PdAcBr6,False,False,1.70608,1.0179,2.39426,0.64316,1.31301,semiconductor,False
Cs2NaMoBr6,True,False,1.41282,0.82789,1.99774,0.90397,3.05258,semiconductor,False
Cs2SrRaF6,False,False,5.84929,4.78618,6.9124,0.92305,7.3346,insulator,False
Cs2KNdBr6,True,False,4.31714,3.89564,4.73865,0.98605,4.15058,insulator,False
Cs2CuGdBr6,False,False,1.39089,0.19059,2.59118,0.93681,3.90907,semiconductor,False
Cs2BeFeF6,False,False,3.44539,2.24785,4.64294,0.77015,4.28997,insulator,False
Cs2LiEuBr6,False,False,2.26811,1.12632,3.4099,0.4364,1.37007,semiconductor,False
Cs2LuFrF6,False,False,6.70617,5.42374,7.9886,0.94852,7.1929,insulator,False
Cs2YbTlBr6,False,False,1.82149,0.93558,2.70741,0.69413,1.20075,semiconductor,True
Cs2RbAuBr6,True,False,0.53574,-0.05741,1.1289,0.57058,0.96501,semiconductor,True
Cs2SrPbBr6,False,False,2.78059,2.08812,3.47305,0.87608,4.64096,insulator,False
Cs2BaYbBr6,False,False,4.07173,3.36867,4.7748,0.35187,2.30295,semiconductor,False
Cs2BaHgBr6,False,False,2.48261,1.75522,3.21,0.86614,3.42028,semiconductor,False
Cs2KPrBr6,True,False,4.09617,3.57013,4.62221,0.98701,4.44403,insulator,False
Cs2AuPuBr6,False,False,2.05243,1.11784,2.98702,0.87089,2.32575,semiconductor,False
Cs2NaIrBr6,False,False,1.72862,1.22872,2.22853,0.89559,2.57927,semiconductor,False
Cs2MnCdBr6,False,False,1.56605,0.72273,2.40936,0.67663,2.05199,semiconductor,False
Cs2NaRuBr6,False,False,1.46275,0.86891,2.0566,0.81772,1.72295,semiconductor,False
Cs2LiGdBr6,False,False,2.56399,1.05674,4.07125,0.97375,5.16464,insulator,False
Cs2CaCoBr6,False,False,1.79226,1.00443,2.58009,0.83722,3.57259,semiconductor,False
Cs2CaFeBr6,False,False,1.3216,0.45044,2.19277,0.78484,3.60653,semiconductor,False
Cs2BeNiF6,False,False,3.62321,1.95489,5.29154,0.62001,5.26415,insulator,False
Cs2CuTbBr6,False,False,1.81706,1.17655,2.45757,0.90339,3.84109,semiconductor,True
Cs2CoFrBr6,False,False,1.49029,0.74933,2.23124,0.92032,2.80779,semiconductor,False
Cs2TmTlBr6,False,False,2.37762,1.69344,3.06181,0.86752,2.17131,semiconductor,False
Cs2CeAuBr6,False,False,1.40373,-0.58497,3.39243,0.88418,3.13503,semiconductor,False
Cs2KPuBr6,False,False,3.12592,2.31497,3.93687,0.95373,3.44839,semiconductor,False
Cs2BaTmBr6,False,False,4.08269,3.49607,4.66931,0.42376,1.49679,semiconductor,False
Cs2AuNpBr6,False,False,1.82315,0.42781,3.21848,0.90593,1.88558,semiconductor,False
Cs2AsFrBr6,False,False,2.56634,2.0326,3.10008,0.98336,3.53529,semiconductor,False
Cs2EuAmBr6,False,False,1.41728,0.49639,2.33818,0.27621,2.07569,semiconductor,False
Cs2NaTiBr6,False,False,1.44239,0.3191,2.56567,0.71596,2.36469,semiconductor,False
Cs2ZnCdBr6,False,False,2.70585,1.79524,3.61646,0.76496,1.85257,semiconductor,False
Cs2CaNiBr6,False,False,1.82709,1.08573,2.56844,0.69502,3.18402,semiconductor,False
Cs2RbLuBr6,False,False,4.65076,4.00313,5.29838,0.98529,5.50818,insulator,False
Cs2YbFrF6,False,False,6.32337,5.13965,7.50708,0.90084,6.27134,insulator,False
Cs2AlAgBr6,True,False,1.57802,0.76989,2.38615,0.64628,2.39171,semiconductor,False
Cs2NaRhBr6,False,False,1.92315,1.36829,2.47801,0.91297,2.57115,semiconductor,False
Cs2LiTbBr6,False,False,4.17043,3.34851,4.99234,0.94436,5.23303,insulator,False
Cs2CuDyBr6,False,False,1.86787,1.32457,2.41117,0.92453,2.9766,semiconductor,False
Cs2PbRaF6,False,False,4.33529,3.26804,5.40255,0.86084,5.53057,insulator,False
Cs2CuCdBr6,False,False,1.65683,1.01446,2.29921,0.51281,0.16345,semiconductor,False
Cs2RbYbBr6,False,False,4.58241,4.00475,5.16007,0.57701,2.56513,semiconductor,False
Cs2NRbBr6,False,False,2.82473,2.05245,3.59702,0.98704,2.20901,semiconductor,False
Cs2GeCdBr6,False,False,1.92826,1.13375,2.72277,0.89678,1.90308,semiconductor,False
Cs2KNpBr6,False,False,2.24741,1.03208,3.46275,0.97736,2.98208,semiconductor,False
Cs2ErTlBr6,False,False,2.35792,1.72314,2.9927,0.85958,3.17731,semiconductor,True
Cs2KCeBr6,True,False,1.27236,-0.21302,2.75773,0.98712,4.48213,insulator,False
Cs2SrAmBr6,False,False,1.89709,1.05525,2.73893,0.26003,1.97051,semiconductor,False
Cs2SmEuBr6,False,False,2.68022,1.68025,3.68019,0.47139,1.95405,semiconductor,False
Cs2AuUBr6,False,False,1.82103,0.40656,3.2355,0.88953,0.96831,semiconductor,False
Cs2LiDyBr6,False,False,4.20295,3.51112,4.89477,0.95041,4.39069,insulator,False
Cs2FeFrBr6,False,False,1.10591,0.33135,1.88046,0.85568,2.72352,semiconductor,True
Cs2BeSmBr6,False,False,2.69102,1.64789,3.73415,0.49563,1.56397,semiconductor,False
Cs2CuHoBr6,False,False,1.91297,1.40917,2.41678,0.95582,3.04272,semiconductor,True
Cs2MgCdBr6,False,False,3.12855,2.2919,3.96519,0.93586,2.94498,semiconductor,False
Cs2CuYBr6,True,False,2.16521,1.45177,2.87865,0.95485,4.14285,insulator,False
Cs2HgThBr6,False,False,2.49276,1.6258,3.35972,0.3073,3.19254,semiconductor,False
Cs2YTlBr6,True,False,3.73625,3.01058,4.46192,0.9306,4.44928,insulator,False
Cs2SrSmBr6,False,False,3.5486,2.5774,4.51979,0.62085,1.84575,semiconductor,False
Cs2PbAmBr6,False,False,0.95575,0.14114,1.77036,0.71686,1.5445,semiconductor,False
Cs2AuBiBr6,True,False,0.59644,-0.01584,1.20871,0.90124,0.87153,semiconductor,False
Cs2RbTmBr6,False,False,4.92943,4.43699,5.42187,0.95636,3.45576,semiconductor,True
Cs2HoTlBr6,False,False,2.45621,1.82801,3.0844,0.8639,3.5249,semiconductor,True
Cs2LaAuBr6,False,False,2.15102,1.4047,2.89735,0.9292,3.14381,semiconductor,False
Cs2KUBr6,False,False,2.3817,1.51955,3.24384,0.9743,2.39421,semiconductor,False
Cs2RbTlBr6,True,False,1.64642,1.06793,2.22491,0.94418,2.80261,semiconductor,False
Cs2LiHoBr6,False,False,4.30803,3.63032,4.98575,0.97585,4.37142,insulator,False
Cs2CuErBr6,False,False,1.78203,1.21356,2.3505,0.90181,2.60276,semiconductor,False
Cs2NaVBr6,False,False,1.7182,0.75471,2.6817,0.46126,2.64575,semiconductor,False
Cs2BeAmBr6,False,False,1.07856,0.26403,1.89309,0.25838,1.72103,semiconductor,False
Cs2TiPtBr6,False,False,1.28587,0.53641,2.03532,0.77556,0.262,semiconductor,False
Cs2LiYBr6,True,False,3.84926,2.83354,4.86498,0.98338,5.34839,insulator,False
Cs2SmPbBr6,False,False,2.97194,2.25029,3.69359,0.87212,1.35196,semiconductor,False
Cs2RbErBr6,False,False,4.95339,4.50158,5.4052,0.96286,4.22373,insulator,True
Cs2AuPaBr6,False,False,1.4859,0.04787,2.92393,0.90463,0.53845,semiconductor,True
Cs2KBiBr6,True,False,3.5426,3.13587,3.94934,0.98651,4.33455,insulator,False
Cs2AlPdF6,False,False,2.6708,1.17101,4.17059,0.51536,2.5914,semiconductor,False
Cs2TmFrF6,False,False,6.51929,5.22907,7.8095,0.89808,6.90366,insulator,False
Cs2DyTlBr6,False,False,2.53007,1.90169,3.15844,0.87408,3.60641,semiconductor,True
Cs2KLaBr6,False,False,4.11016,3.51619,4.70412,0.99213,5.52461,insulator,False
Cs2MnFrBr6,False,False,2.10458,1.47091,2.73824,0.78016,0.22586,semiconductor,False
Cs2CrFrBr6,False,False,1.53394,1.00313,2.06474,0.84934,3.29058,semiconductor,True
Cs2TiVBr6,False,False,0.60868,-0.1902,1.40755,0.57977,2.16272,semiconductor,False
Cs2BKBr6,False,False,1.77179,1.2718,2.27178,0.95121,2.81241,semiconductor,False
Cs2LiErBr6,False,False,4.35825,3.59821,5.11829,0.94971,3.89091,semiconductor,True
Cs2CuTmBr6,False,False,1.77862,1.18675,2.37048,0.9147,1.77788,semiconductor,False
Cs2CoCdBr6,False,False,1.29433,0.48071,2.10795,0.65874,2.25226,semiconductor,False
Cs2GaFrBr6,False,False,1.7793,1.16032,2.39828,0.92386,3.74399,semiconductor,False
Cs2RbYBr6,True,False,4.12641,3.61258,4.64023,0.99085,5.48044,insulator,False
Cs2RbHoBr6,False,False,4.87997,4.49209,5.26785,0.98351,4.60272,insulator,False
Cs2LiTlBr6,True,False,0.8271,0.03752,1.61668,0.91723,1.67479,semiconductor,False
Cs2FeCdBr6,False,False,1.35625,0.53952,2.17297,0.71809,2.0787,semiconductor,False
Cs2TlFrF6,False,False,2.82166,1.92929,3.71402,0.91879,5.18708,insulator,False
Cs2TbTlBr6,False,False,2.61065,1.90626,3.31503,0.862,4.34372,insulator,False
Cs2NaGaBr6,True,False,1.78591,1.1809,2.39091,0.97091,2.77297,semiconductor,False
Cs2NiCdBr6,False,False,1.6255,0.86307,2.38792,0.58327,1.99675,semiconductor,True
Cs2LiTmBr6,False,False,4.39117,3.59348,5.18887,0.9423,2.99569,semiconductor,True
Cs2BePbBr6,False,False,2.35633,1.33795,3.37471,0.85222,3.1447,semiconductor,False
Cs2CuYbBr6,False,False,1.9426,1.25694,2.62826,0.5382,0.99588,semiconductor,False
Cs2CdRaBr6,False,False,3.15014,2.39618,3.9041,0.89859,4.59815,insulator,False
Cs2CoAgBr6,False,False,0.68084,-0.10048,1.46217,0.80292,1.21,semiconductor,False
Cs2SmAmBr6,False,False,1.98345,1.08799,2.87892,0.40176,0.66423,semiconductor,True
Cs2FeAgBr6,False,True,0.786,-0.03697,1.60898,0.67776,0.92175,semiconductor,True
Cs2NaCrBr6,False,False,1.85024,1.24008,2.46039,0.88667,2.62091,semiconductor,True
Cs2RbDyBr6,False,False,4.80684,4.43818,5.1755,0.97213,4.67297,insulator,False
Cs2NaMnBr6,False,False,1.78389,1.18442,2.38336,0.85529,0.11509,semiconductor,False
Cs2ErFrF6,False,False,6.36609,5.17877,7.55341,0.90693,6.54375,insulator,True
Cs2CuLuBr6,False,False,1.90572,1.22564,2.58579,0.94867,3.85843,semiconductor,False
Cs2PdPaBr6,False,False,0.97471,-0.37156,2.32097,0.72883,1.94548,semiconductor,True
Cs2BeSrBr6,False,False,4.76226,3.89253,5.63198,0.90455,4.97553,insulator,False
Cs2LiYbBr6,False,False,4.29984,3.44279,5.1569,0.50468,2.2079,semiconductor,True
Cs2GdTlBr6,False,False,2.74696,1.53185,3.96208,0.87778,4.23203,insulator,False
Cs2GeBaI6,False,False,2.03141,1.47011,2.59272,0.94946,3.46125,semiconductor,False
Cs2TiSmI6,False,False,1.14041,0.59219,1.68863,0.7676,1.50871,semiconductor,True
Cs2CuBaI6,False,False,2.46199,1.9925,2.93149,0.68017,0.31433,semiconductor,False
Cs2AsTlI6,True,False,0.81133,0.22625,1.39642,0.91068,1.0314,semiconductor,False
Cs2VNdI6,False,False,1.189,0.79866,1.57933,0.73451,0.87331,semiconductor,False
Cs2CoTlI6,False,False,0.89753,0.22849,1.56656,0.4873,1.67383,semiconductor,False
Cs2AgGdI6,False,False,1.42732,0.676,2.17864,0.87924,3.62005,semiconductor,False
Cs2DyYbI6,False,False,2.7738,2.31529,3.23231,0.24615,0.1008,semiconductor,False
Cs2ZnBaI6,False,False,2.97976,2.41039,3.54912,0.90801,3.25291,semiconductor,False
Cs2NdPtI6,False,False,1.56614,1.28783,1.84446,0.84361,0.41091,semiconductor,False
Cs2NbAuI6,False,False,0.56241,0.03071,1.0941,0.41292,0.77535,semiconductor,False
Cs2AgTbI6,False,False,2.1027,1.65414,2.55126,0.88601,3.62411,semiconductor,False
Cs2CaDyI6,False,False,2.73891,2.37518,3.10263,0.40362,0.98136,semiconductor,True
Cs2BFrI6,False,False,1.06889,0.63927,1.49851,0.86773,1.58334,semiconductor,False
Cs2KMoI6,True,False,1.41824,1.02938,1.80709,0.90548,2.9662,semiconductor,False
Cs2TiAmI6,False,False,0.98646,0.45683,1.5161,0.68968,1.71221,semiconductor,True
Cs2MgBaI6,False,False,3.69938,3.08218,4.31658,0.96322,4.4605,insulator,False
Cs2AgEuI6,False,False,1.60688,0.9806,2.23316,0.55932,0.28249,semiconductor,False
Cs2CoRbI6,False,False,1.70885,1.10801,2.30969,0.95467,1.79595,semiconductor,False
Cs2AsRbI6,True,False,2.29441,1.96446,2.62435,0.99291,3.10907,semiconductor,False
Cs2CaNpI6,False,False,1.25355,0.49523,2.01187,0.63793,0.34984,semiconductor,False
Cs2KNbI6,False,False,0.95179,0.36088,1.5427,0.52987,1.26028,semiconductor,False
Cs2KTaI6,True,False,0.78283,0.16507,1.40059,0.39127,0.97269,semiconductor,False
Cs2MnBaI6,False,False,2.22593,1.56542,2.88645,0.78845,3.92567,semiconductor,True
Cs2AgDyI6,False,False,2.08938,1.67095,2.5078,0.92267,2.95628,semiconductor,False
Cs2KRuI6,False,False,1.37157,0.9402,1.80294,0.82156,1.56609,semiconductor,False
Cs2KIrI6,False,False,1.75593,1.36024,2.15162,0.87695,2.53003,semiconductor,False
Cs2CuRbI6,False,False,1.2776,0.87668,1.67853,0.74099,0.36762,semiconductor,False
Cs2MoAuI6,False,False,0.53985,0.08933,0.99038,0.55131,0.80409,semiconductor,False
Cs2AgSmI6,False,False,2.29822,1.73642,2.86003,0.91973,1.30129,semiconductor,False
Cs2CrNdI6,False,False,1.36184,0.97957,1.74411,0.82022,0.77698,semiconductor,False
Cs2AlRbI6,True,False,1.9488,1.43712,2.46048,0.96847,2.99651,semiconductor,False
Cs2NaLaI6,False,False,3.20965,2.58708,3.83222,0.98527,4.2979,insulator,False
Cs2AgHoI6,False,False,2.05712,1.72218,2.39206,0.94887,3.0226,semiconductor,True
Cs2IrAuI6,False,False,0.75895,0.28948,1.22841,0.69559,0.10562,semiconductor,False
Cs2TiPbI6,False,False,1.21079,0.60188,1.8197,0.8548,1.67585,semiconductor,False
Cs2YAgI6,True,False,2.41752,1.89443,2.94061,0.95024,3.72184,semiconductor,False
Cs2NaBiI6,True,False,2.33855,1.95263,2.72446,0.98394,3.06704,semiconductor,False
Cs2KTiI6,False,False,1.31449,0.60031,2.02868,0.72662,2.23343,semiconductor,False
Cs2TmYbI6,False,False,2.49134,2.01325,2.96943,0.21889,2.16079,semiconductor,True
Cs2VFrBr6,False,False,1.13594,0.36552,1.90637,0.39326,2.82304,semiconductor,False
Cs2ScAuI6,True,False,1.27384,0.78361,1.76407,0.92254,2.08453,semiconductor,False
Cs2CrBaI6,False,False,1.54841,1.0738,2.02302,0.68366,1.38579,semiconductor,False
Cs2CrTlI6,False,False,1.2676,0.68037,1.85483,0.5603,1.69261,semiconductor,False
Cs2CoBaI6,False,False,1.72221,1.11627,2.32816,0.78242,2.78141,semiconductor,False
Cs2FeRbI6,False,False,1.55479,0.88309,2.2265,0.88579,1.73481,semiconductor,False
Cs2TiCrBr6,False,False,0.91923,0.12817,1.71029,0.75098,0.56381,semiconductor,False
Cs2KRhI6,False,False,1.67373,1.25288,2.09457,0.90796,2.00974,semiconductor,False
Cs2NaUI6,False,False,1.93515,1.09606,2.77424,0.96766,2.53599,semiconductor,False
Cs2FeBaI6,False,False,1.52304,0.82795,2.21814,0.73979,3.21105,semiconductor,True
Cs2YbNpI6,False,False,1.42893,0.4443,2.41356,0.44411,0.28042,semiconductor,False
Cs2AgPmI6,False,False,2.4632,2.0063,2.9201,0.933,1.96988,semiconductor,False
Cs2AgCmI6,False,False,1.69028,0.95825,2.4223,0.89429,3.17494,semiconductor,False
Cs2GaTlI6,True,False,1.13235,0.59506,1.66963,0.94115,0.85691,semiconductor,False
Cs2CdEuI6,False,False,1.28034,0.53616,2.02453,0.27892,0.99085,semiconductor,False
Cs2TiAuI6,False,False,0.94158,0.35577,1.5274,0.48974,1.44343,semiconductor,False
Cs2TiSrI6,False,False,1.37606,0.61097,2.14114,0.40675,2.11765,semiconductor,False
Cs2SrPdI6,False,False,1.88782,1.46229,2.31336,0.6867,0.93995,semiconductor,True
Cs2AgErI6,False,False,2.05255,1.69198,2.41311,0.89184,2.57891,semiconductor,True
Cs2MnNdI6,False,False,1.76376,1.24977,2.27775,0.83772,0.79786,semiconductor,True
Cs2NiBaI6,False,False,1.62913,1.01556,2.24269,0.64729,2.47093,semiconductor,False
Cs2AgAmI6,False,False,1.73464,1.16806,2.30122,0.70083,1.33208,semiconductor,False
Cs2KScI6,True,False,2.48361,2.04621,2.92101,0.98833,3.60851,semiconductor,False
Cs2AlTlI6,True,False,1.83032,1.24231,2.41833,0.95515,2.04481,semiconductor,False
Cs2SrCdI6,False,False,2.7611,2.17648,3.34571,0.93709,3.1053,semiconductor,False
Cs2AgNdI6,True,False,2.67111,2.25115,3.09107,0.94171,2.54938,semiconductor,False
Cs2TiEuI6,False,False,0.91439,0.39594,1.43283,0.67516,1.95258,semiconductor,False
Cs2NaNpI6,False,False,1.84407,0.75162,2.93652,0.97346,3.31856,semiconductor,False
Cs2AgTmI6,False,False,2.02523,1.64686,2.4036,0.89335,1.77788,semiconductor,False
Cs2CaTmI6,False,False,2.80853,2.44732,3.16973,0.33046,2.24539,semiconductor,True
Cs2CrRbI6,False,False,1.64893,1.25798,2.03989,0.89663,2.0189,semiconductor,True
Cs2NaCeI6,True,False,1.98633,0.67184,3.30082,0.97109,4.19989,insulator,False
Cs2EuHgI6,False,False,1.14575,0.4619,1.82961,0.1594,0.11356,semiconductor,False
Cs2KSbI6,True,False,2.43617,2.08389,2.78845,0.99278,3.00001,semiconductor,False
Cs2NaAcI6,False,False,3.25206,2.67914,3.82498,0.97524,4.71454,insulator,False
Cs2GaRbI6,True,False,1.18,0.71001,1.65,0.97631,2.03354,semiconductor,False
Cs2AgPrI6,True,False,2.68806,2.14837,3.22774,0.94134,2.69826,semiconductor,False
Cs2CdPbI6,False,False,1.32937,0.75526,1.90349,0.72767,1.76924,semiconductor,False
Cs2VBaI6,False,False,1.59879,0.97156,2.22602,0.68084,3.64251,semiconductor,False
Cs2VTlI6,False,False,1.31578,0.69517,1.93639,0.59309,1.86974,semiconductor,False
Cs2PdLaBr6,False,False,1.65671,0.96592,2.3475,0.79921,1.3199,semiconductor,False
Cs2RbTbBr6,False,False,4.76436,4.31864,5.21007,0.96503,5.46582,insulator,False
Cs2CaHgI6,False,False,1.94145,1.35557,2.52734,0.75952,1.78759,semiconductor,False
Cs2GeNdI6,False,False,1.90245,1.39208,2.41282,0.9206,0.44596,semiconductor,False
Cs2CaYbI6,False,False,3.73337,3.15075,4.316,0.44069,3.05173,semiconductor,False
Cs2KVI6,False,False,1.53329,0.89111,2.17547,0.49496,1.84762,semiconductor,True
Cs2NaPuI6,False,False,2.47204,1.71422,3.22987,0.96005,2.92635,semiconductor,False
Cs2AgYbI6,False,False,2.40192,1.86689,2.93695,0.55566,0.98136,semiconductor,False
Cs2LiLuBr6,False,False,3.97622,2.82356,5.12889,0.97227,5.67097,insulator,False
Cs2BaPtI6,False,False,1.58094,1.12289,2.03899,0.56777,0.99665,semiconductor,True
Cs2AgPuI6,False,False,2.335,1.5632,3.1068,0.9131,2.50654,semiconductor,False
Cs2TiNdI6,False,False,0.90991,0.49363,1.32619,0.83213,0.25431,semiconductor,True
Cs2AgLuI6,False,False,2.33067,1.84328,2.81806,0.94499,3.3149,semiconductor,False
Cs2VSmI6,False,False,1.04407,0.60313,1.48501,0.67006,1.90657,semiconductor,True
Cs2NaPrI6,True,False,3.30169,2.86525,3.73812,0.98006,3.25611,semiconductor,False
Cs2VAuI6,False,False,0.77353,0.18317,1.3639,0.44808,0.89418,semiconductor,False
Cs2MgNdI6,False,False,2.30728,1.87968,2.73487,0.57448,1.10549,semiconductor,False
Cs2BeEuBr6,False,False,1.77395,0.78161,2.76629,0.265,1.86961,semiconductor,False
Cs2CdAmI6,False,False,1.32262,0.75079,1.89445,0.36463,0.52807,semiconductor,False
Cs2VRbI6,False,False,1.53774,0.95194,2.12355,0.52356,1.93954,semiconductor,True
Cs2AgCeI6,True,False,0.54244,-0.78666,1.87154,0.91781,3.80738,semiconductor,False
Cs2AgNpI6,False,False,1.9086,1.10822,2.70899,0.93572,2.78942,semiconductor,False
Cs2NaNdI6,False,False,3.26074,2.85986,3.66163,0.97905,2.90665,semiconductor,False
Cs2KGaI6,True,False,1.00991,0.51899,1.50083,0.97055,1.85188,semiconductor,False
Cs2VAmI6,False,False,1.0222,0.57164,1.47276,0.41442,2.07062,semiconductor,True
Cs2RhTlI6,False,False,0.97278,0.39158,1.55399,0.56471,1.68944,semiconductor,False
Cs2EuTlBr6,False,False,1.64684,0.71337,2.5803,0.6611,0.58615,semiconductor,False
Cs2NaFeBr6,False,False,1.4198,0.65891,2.18069,0.86525,2.25991,semiconductor,False
Cs2NaAmI6,False,False,2.03841,1.59543,2.48139,0.83687,1.92988,semiconductor,False
Cs2KCrI6,False,False,1.59567,1.18527,2.00607,0.89529,1.8953,semiconductor,True
Cs2CaEuI6,False,False,1.58945,1.04841,2.13049,0.30524,2.95624,semiconductor,False
Cs2CdSmI6,False,False,2.22553,1.59554,2.85551,0.6671,0.35001,semiconductor,False
Cs2NiRaI6,False,False,1.53105,0.94669,2.1154,0.56199,2.47982,semiconductor,False
Cs2TiTlI6,False,False,1.27833,0.65921,1.89745,0.69638,2.35191,semiconductor,False
Cs2DyNpI6,False,False,1.3665,0.53684,2.19616,0.67791,0.10189,semiconductor,False
Cs2BCsF6,False,False,6.69562,5.78204,7.6092,0.9455,8.83503,insulator,False
Cs2BCsCl6,False,False,4.31292,3.67602,4.94981,0.9421,4.85142,insulator,False
Cs2BCsBr6,False,False,2.2289,1.64884,2.80896,0.92546,3.26362,semiconductor,False
Cs2NCsF6,False,False,2.6438,1.0197,4.26791,0.97568,4.26947,insulator,False
Cs2NCsCl6,False,False,2.87562,1.69871,4.05254,0.98032,3.24031,semiconductor,False
Cs2NCsBr6,False,False,2.78972,2.00462,3.57482,0.98751,2.43916,semiconductor,False
Cs2AlCsF6,True,False,7.2455,6.2364,8.2546,0.95967,8.8666,insulator,False
Cs2AlCsCl6,True,False,4.74823,4.08051,5.41595,0.96401,6.22886,insulator,False
Cs2AlCsBr6,True,False,3.3474,2.61895,4.07586,0.96222,4.89054,insulator,False
Cs2PCsF6,False,False,3.56761,2.34238,4.79285,0.97768,5.03625,insulator,False
Cs2PCsCl6,False,False,3.67731,2.90941,4.4452,0.98523,3.84493,semiconductor,False
Cs2PCsBr6,False,False,2.95298,2.27761,3.62836,0.98883,3.33572,semiconductor,False
Cs2PCsI6,False,False,2.11311,1.62179,2.60442,0.98659,2.86878,semiconductor,False
Cs2ScCsF6,True,False,6.96248,5.89828,8.02669,0.96959,8.44791,insulator,False
Cs2ScCsCl6,True,False,4.38877,3.70551,5.07204,0.9898,5.83297,insulator,False
Cs2ScCsBr6,True,False,3.45405,2.74305,4.16505,0.98668,4.85687,insulator,False
Cs2TiCsF6,True,False,2.10322,0.26792,3.93852,0.24343,3.03764,semiconductor,False
Cs2TiCsCl6,False,False,1.98701,0.79147,3.18255,0.54906,2.52615,semiconductor,False
Cs2TiCsBr6,False,False,1.80219,0.6789,2.92547,0.68429,2.49959,semiconductor,False
Cs2VCsF6,True,False,3.01552,0.91342,5.11762,0.27422,3.56595,semiconductor,False
Cs2VCsCl6,False,False,1.79422,0.43986,3.14858,0.36389,2.95886,semiconductor,False
Cs2VCsBr6,False,False,1.7608,0.73916,2.78245,0.47599,2.80143,semiconductor,False
Cs2CrCsF6,False,False,3.97613,1.86701,6.08525,0.84192,5.85309,insulator,False
Cs2CrCsCl6,False,False,1.4758,0.66103,2.29056,0.8714,4.42075,insulator,True
Cs2CrCsBr6,False,False,1.75008,1.09282,2.40734,0.88399,3.32594,semiconductor,True
Cs2MnCsF6,False,False,2.22465,0.27517,4.17413,0.71482,2.28214,semiconductor,False
Cs2MnCsCl6,False,False,1.35211,0.54603,2.15818,0.76281,0.84201,semiconductor,False
Cs2MnCsBr6,False,False,2.1106,1.33771,2.88349,0.8532,0.3507,semiconductor,False
Cs2FeCsF6,True,False,3.8541,2.53838,5.16981,0.83048,5.0129,insulator,True
Cs2FeCsCl6,False,False,1.26859,0.31876,2.21843,0.83443,3.4059,semiconductor,True
Cs2FeCsBr6,False,False,1.31445,0.35034,2.27856,0.86829,2.77574,semiconductor,True
Cs2CoCsF6,True,False,2.89158,2.08141,3.70176,0.91169,5.30672,insulator,False
Cs2CoCsCl6,False,False,1.07917,0.17017,1.98818,0.94066,3.70603,semiconductor,False
Cs2CoCsBr6,False,False,1.38408,0.56448,2.20368,0.95067,2.83164,semiconductor,False
Cs2NiCsF6,False,False,2.24976,1.01995,3.47958,0.60799,1.93742,semiconductor,False
Cs2NiCsCl6,False,False,1.22651,0.34099,2.11204,0.72035,0.53864,semiconductor,False
Cs2CuCsF6,False,False,1.17311,0.1413,2.20492,0.67583,3.57556,semiconductor,True
Cs2CuCsCl6,False,False,0.81311,0.01053,1.6157,0.66094,1.81026,semiconductor,True
Cs2CuCsBr6,False,False,0.97817,0.33067,1.62567,0.73929,1.22673,semiconductor,False
Cs2GaCsF6,True,False,5.8868,4.95793,6.81566,0.96844,8.21296,insulator,False
Cs2GaCsCl6,True,False,3.49138,2.81066,4.1721,0.96812,5.33384,insulator,False
Cs2GaCsBr6,True,False,2.35754,1.72505,2.99003,0.97076,3.84358,semiconductor,False
Cs2AsCsF6,True,False,4.54526,3.71684,5.37368,0.98258,5.61863,insulator,False
Cs2AsCsCl6,True,False,3.49212,2.63796,4.34629,0.99086,4.29186,insulator,False
Cs2AsCsBr6,True,False,3.13314,2.49525,3.77103,0.98786,3.7083,semiconductor,False
Cs2YCsF6,True,False,6.2156,5.22125,7.20995,0.97177,7.9149,insulator,False
Cs2NbCsF6,False,False,2.63489,0.0359,5.23389,0.16307,2.08306,semiconductor,False
Cs2NbCsCl6,False,False,1.77852,0.63674,2.92029,0.2787,1.58452,semiconductor,False
Cs2NbCsBr6,False,False,1.26592,0.40252,2.12932,0.52931,1.51035,semiconductor,False
Cs2MoCsF6,False,False,3.34752,1.47761,5.21744,0.8824,3.7396,semiconductor,False
Cs2MoCsCl6,False,False,1.52279,0.52985,2.51572,0.88285,3.52126,semiconductor,True
Cs2MoCsBr6,False,False,1.4337,0.80223,2.06517,0.87989,3.41369,semiconductor,True
Cs2RuCsF6,False,False,1.96566,0.57889,3.35242,0.40204,2.60922,semiconductor,False
Cs2RuCsCl6,False,False,1.37371,0.50893,2.23848,0.74447,2.03882,semiconductor,False
Cs2RuCsBr6,False,False,1.55086,0.81483,2.2869,0.83898,1.92772,semiconductor,False
Cs2RhCsF6,False,False,2.24211,1.1432,3.34102,0.87935,4.72456,insulator,False
Cs2RhCsCl6,False,False,1.59434,0.77432,2.41436,0.88473,3.76045,semiconductor,False
Cs2RhCsBr6,False,False,1.8441,1.17723,2.51096,0.90919,3.28774,semiconductor,False
Cs2PdCsF6,True,False,1.37122,0.25361,2.48883,0.54732,1.34609,semiconductor,False
Cs2PdCsCl6,False,False,1.62571,0.9913,2.26012,0.76104,0.5034,semiconductor,False
Cs2PdCsBr6,False,False,1.91672,1.28072,2.55271,0.83343,0.22225,semiconductor,False
Cs2AgCsF6,False,False,1.19519,0.16597,2.22442,0.74111,2.56361,semiconductor,True
Cs2AgCsCl6,False,False,1.80106,1.15424,2.44788,0.72405,1.23073,semiconductor,True
Cs2AgCsBr6,False,False,1.71091,0.99848,2.42335,0.79141,0.82324,semiconductor,True
Cs2InCsF6,True,False,5.32474,4.30875,6.34073,0.96744,7.21325,insulator,False
Cs2InCsCl6,True,False,3.49949,2.76217,4.23681,0.97355,5.47558,insulator,False
Cs2SbCsF6,True,False,3.99558,3.03346,4.95769,0.98286,4.9473,insulator,False
Cs2SbCsCl6,True,False,3.37162,2.75768,3.98556,0.98945,4.15349,insulator,False
Cs2SbCsBr6,True,False,3.08916,2.5541,3.62422,0.99142,3.59489,semiconductor,False
Cs2CsCeF6,True,False,0.57121,-1.03667,2.17909,0.69244,3.01455,semiconductor,False
Cs2CsPrF6,True,False,5.61622,4.57731,6.65512,0.96268,4.02856,insulator,True
Cs2CsNdF6,False,False,5.48839,4.46379,6.51299,0.96921,5.68297,insulator,False
Cs2CsPmF6,False,False,5.66874,4.30382,7.03366,0.94932,5.85584,insulator,False
Cs2CsSmF6,False,False,5.46321,4.35424,6.57219,0.95674,5.70827,insulator,False
Cs2CsEuF6,True,False,0.67271,-0.52915,1.87458,0.53228,5.01411,insulator,False
Cs2CsGdF6,False,False,4.75499,3.20221,6.30778,0.95681,7.38779,insulator,False
Cs2CsTbF6,True,False,5.84422,4.72291,6.96553,0.93109,4.49217,insulator,True
Cs2CsDyF6,False,False,6.36078,5.48972,7.23185,0.94958,5.37124,insulator,True
Cs2CsHoF6,False,False,6.34565,5.3736,7.31769,0.97492,6.4671,insulator,True
Cs2CsErF6,False,False,6.30723,5.42073,7.19374,0.92944,6.87156,insulator,False
Cs2CsYbF6,False,False,6.31784,5.31427,7.32141,0.58541,6.38929,insulator,False
Cs2CsLuF6,False,False,7.03303,5.73956,8.32649,0.96015,7.65889,insulator,False
Cs2CsTaF6,False,False,2.37459,-0.45711,5.20628,0.2084,0.7398,semiconductor,False
Cs2CsTaCl6,False,False,1.97505,0.45739,3.4927,0.21009,1.23022,semiconductor,False
Cs2CsTaBr6,False,False,1.12195,0.18244,2.06147,0.36477,1.20861,semiconductor,False
Cs2CsIrF6,False,False,2.43998,1.367,3.51297,0.8864,4.67521,insulator,False
Cs2CsIrCl6,False,False,2.05328,1.26183,2.84472,0.88092,3.82549,semiconductor,False
Cs2CsIrBr6,False,False,1.53207,0.93259,2.13155,0.89013,3.35305,semiconductor,False
Cs2CsAuF6,True,False,0.90092,-0.03461,1.83646,0.86974,2.72277,semiconductor,True
Cs2CsAuCl6,False,False,0.36933,-0.52215,1.26081,0.63771,1.3805,semiconductor,True
Cs2CsTlF6,True,False,4.11413,3.41047,4.81778,0.94121,5.5115,insulator,False
Cs2CsNpF6,False,False,4.71604,2.54047,6.89162,0.93467,1.20506,semiconductor,False
Cs2CsAmF6,False,False,2.69004,1.1743,4.20578,0.79669,3.50718,semiconductor,False
