Formula,Predicted_Bandgap_eV,Predicted_Ef_eV_atom,Active_Material_Cost_m2,Panel_Lifetime_Years,PCE_Median,PCE_Std_Error,PCE_Q10_Worst,PCE_Q90_Best,LCOE_Median,LCOE_Std_Error,LCOE_Q10_Best,LCOE_Q90_Worst
Na2VCuO3Cl3,1.3765,-1.8600,0.1004,30.0000,25.3869,7.0544,13.1545,29.5411,0.0367,0.0767,0.0328,0.0544
K2VSbS6,1.3530,-1.0826,0.2211,30.0000,25.4085,7.2515,12.3604,29.5956,0.0367,0.0806,0.0328,0.0566
Na2ZrSbSe3Br3,1.3759,-1.3897,0.2556,30.0000,25.4080,7.0112,13.3258,29.5791,0.0367,0.0758,0.0329,0.0538
K2NbZnSe3Br3,1.3768,-1.4111,0.2302,30.0000,25.4045,6.9986,13.4867,29.5531,0.0367,0.0762,0.0328,0.0534
K2MnBiO6,1.3917,-1.8618,0.1854,30.0000,25.3922,6.8111,14.0846,29.5641,0.0367,0.0715,0.0328,0.0519
Na2FeMnO3S3,1.4033,-1.5987,0.0261,30.0000,25.3291,6.7445,14.3125,29.5219,0.0367,0.0699,0.0328,0.0514
Na2VCuO3F3,1.3906,-2.3883,0.1209,30.0000,25.3625,6.8061,14.0989,29.5296,0.0367,0.0707,0.0328,0.0518
Na2SnMnO3Se3,1.3957,-1.4246,0.2824,30.0000,25.4032,6.7543,14.4079,29.5693,0.0367,0.0704,0.0329,0.0511
Na2NbCuO3F3,1.3602,-2.4494,0.1646,30.0000,25.3791,7.1647,12.7346,29.5846,0.0367,0.0786,0.0328,0.0553
Na2VSbS6,1.3792,-1.0659,0.2198,30.0000,25.3705,6.9714,13.5472,29.5699,0.0367,0.0740,0.0329,0.0532
K2CrWS3Se3,1.4262,-1.1786,0.2701,30.0000,25.3471,6.4718,15.1016,29.5424,0.0368,0.0641,0.0329,0.0498
K2SnCuO3S3,1.4104,-1.6660,0.1421,30.0000,25.3318,6.6353,14.6401,29.5187,0.0368,0.0678,0.0328,0.0508
Na2SnCuO3S3,1.4071,-1.6473,0.1339,30.0000,25.3244,6.6987,14.4752,29.5330,0.0368,0.0683,0.0329,0.0511
Na2VNbS6,1.3703,-1.3884,0.1980,30.0000,25.3625,7.1327,12.8782,29.5708,0.0368,0.0779,0.0328,0.0549
Na2NbCuO3Cl3,1.3548,-1.8597,0.1405,30.0000,25.3415,7.2637,12.3383,29.5672,0.0368,0.0812,0.0328,0.0566
Na2MnBiO3Se3,1.3869,-1.3257,0.2993,30.0000,25.3946,6.9045,13.7812,29.5495,0.0368,0.0740,0.0329,0.0528
Na2MoWS3Se3,1.3545,-1.0357,0.3439,30.0000,25.3988,7.2639,12.3824,29.5757,0.0368,0.0818,0.0329,0.0564
Na2SnNbS3Br3,1.3597,-1.2332,0.1541,30.0000,25.3750,7.2183,12.4672,29.5934,0.0368,0.0791,0.0328,0.0562
Na2SbZnO3Br3,1.3721,-1.3741,0.1281,30.0000,25.3541,7.0650,13.1183,29.5395,0.0368,0.0772,0.0328,0.0543
Na2MnSbO3Br3,1.3445,-1.5260,0.1291,30.0000,25.3420,7.2620,12.1158,29.5689,0.0368,0.0801,0.0329,0.0570
K2CrWSe3Br3,1.4204,-1.2882,0.2242,30.0000,25.3245,6.5572,14.8961,29.5460,0.0368,0.0646,0.0329,0.0500
Na2ZrWS6,1.4307,-1.4891,0.1614,30.0000,25.3212,6.4962,15.0068,29.5596,0.0368,0.0633,0.0329,0.0499
K2FeMnO3S3,1.4403,-1.6201,0.0465,30.0000,25.2770,6.3806,15.3300,29.5086,0.0368,0.0616,0.0329,0.0492
Na2WSbSe3Cl3,1.3870,-1.0876,0.3079,30.0000,25.3531,6.8367,14.0707,29.5484,0.0368,0.0726,0.0329,0.0520
K2SnNbSe3Cl3,1.3801,-1.6057,0.3012,30.0000,25.3860,6.9368,13.6771,29.5594,0.0368,0.0740,0.0328,0.0529
K2WSbSe3Br3,1.3812,-1.1240,0.2662,30.0000,25.3529,6.9196,13.7411,29.5441,0.0368,0.0750,0.0329,0.0528
K2MoSbSe3F3,1.3525,-1.8699,0.3957,30.0000,25.3992,7.2261,12.3387,29.5762,0.0368,0.0791,0.0329,0.0567
K2VCuSe3F3,1.3663,-1.9673,0.2963,30.0000,25.3796,7.1041,12.9705,29.5626,0.0368,0.0765,0.0329,0.0548
Na2CrWSe3I3,1.4008,-1.0710,0.4727,30.0000,25.3961,6.7562,14.2788,29.5930,0.0368,0.0698,0.0329,0.0515
K2FeMnO6,1.4256,-1.7555,0.0353,30.0000,25.2803,6.5815,14.6630,29.5508,0.0368,0.0655,0.0328,0.0505
Na2WMnS3Se3,1.3974,-1.0748,0.2657,30.0000,25.3577,6.7923,14.1290,29.5387,0.0368,0.0708,0.0329,0.0517
K2MnBiO3Se3,1.3865,-1.3624,0.2961,30.0000,25.3805,6.9766,13.6000,29.5646,0.0368,0.0751,0.0328,0.0532
Na2MnZnCl3I3,1.3793,-1.2617,0.4101,30.0000,25.3791,6.9544,13.5581,29.5941,0.0368,0.0738,0.0329,0.0531
K2ZrWSe6,1.3527,-1.3208,0.3489,30.0000,25.3748,7.2460,12.3225,29.5852,0.0368,0.0802,0.0329,0.0563
K2VCuO3Cl3,1.3974,-1.9296,0.1131,30.0000,25.3422,6.7716,14.2921,29.5514,0.0368,0.0702,0.0329,0.0513
K2SnBiSe3I3,1.3912,-0.9973,0.4728,30.0000,25.3900,6.7937,14.3790,29.5652,0.0368,0.0715,0.0329,0.0513
Na2TiWS6,1.4449,-1.3613,0.1435,30.0000,25.2658,6.3437,15.4201,29.5063,0.0368,0.0615,0.0329,0.0492
Na2SbZnSe3Br3,1.4019,-1.1232,0.2411,30.0000,25.3318,6.7451,14.3323,29.5592,0.0368,0.0701,0.0329,0.0515
Na2VFeO3Br3,1.4594,-1.8248,0.0724,30.0000,25.2696,6.2500,15.5899,29.5086,0.0368,0.0578,0.0329,0.0488
Na2FeMnO6,1.4413,-1.7938,0.0095,30.0000,25.2849,6.3755,15.1716,29.5358,0.0368,0.0610,0.0328,0.0494
Na2NbZnSe3Cl3,1.3901,-1.3185,0.2722,30.0000,25.3500,6.8934,13.8693,29.5837,0.0368,0.0734,0.0329,0.0525
Na2CrMoO3I3,1.3930,-1.4994,0.5332,30.0000,25.3857,6.8117,14.1981,29.5533,0.0368,0.0712,0.0329,0.0518
Li2VCuSe3F3,1.3837,-1.8714,0.3251,30.0000,25.3270,6.9243,13.7252,29.5458,0.0368,0.0735,0.0329,0.0529
K2VCuO3Br3,1.3155,-1.7382,0.0973,30.0000,25.3183,7.7390,10.0350,29.5887,0.0368,0.0909,0.0328,0.0656
Na2ZrMoS6,1.3728,-1.4789,0.2214,30.0000,25.3353,7.0998,13.0667,29.5734,0.0368,0.0775,0.0328,0.0546
Na2SnSbSe3Br3,1.4208,-1.0344,0.2688,30.0000,25.3186,6.5475,14.8349,29.5219,0.0368,0.0657,0.0329,0.0502
K2MnSbO3Se3,1.3269,-1.4010,0.3150,30.0000,25.3293,7.5368,10.9761,29.5758,0.0368,0.0870,0.0328,0.0615
K2SbZnSe3I3,1.4120,-1.0106,0.4918,30.0000,25.3580,6.6473,14.5952,29.5600,0.0368,0.0672,0.0329,0.0508
K2MoMnS6,1.4372,-1.2335,0.1997,30.0000,25.2634,6.3897,15.3694,29.5224,0.0368,0.0629,0.0329,0.0491
Na2ZrWS3Se3,1.3329,-1.3269,0.2780,30.0000,25.3683,7.5359,11.1137,29.5723,0.0368,0.0862,0.0328,0.0614
K2NbCuO3I3,1.4040,-1.6675,0.4835,30.0000,25.3545,6.6782,14.6263,29.5357,0.0368,0.0692,0.0329,0.0507
K2MnSbO3Cl3,1.4545,-1.8009,0.1614,30.0000,25.2773,6.2415,15.6648,29.5086,0.0368,0.0589,0.0329,0.0486
Na2MnSbO3Se3,1.3279,-1.3561,0.3199,30.0000,25.3520,7.5017,11.1209,29.5800,0.0368,0.0854,0.0328,0.0610
K2CrMnS3I3,1.3936,-1.1787,0.4270,30.0000,25.3718,6.8232,14.1300,29.5379,0.0368,0.0715,0.0329,0.0518
Na2WFeSe3Cl3,1.4286,-1.2191,0.2519,30.0000,25.2816,6.5090,14.9718,29.5168,0.0368,0.0653,0.0329,0.0500
K2ZrMoS6,1.3332,-1.5057,0.2225,30.0000,25.3406,7.4564,11.3318,29.5857,0.0368,0.0845,0.0328,0.0599
K2WBiSe3I3,1.3811,-1.0368,0.4595,30.0000,25.3842,6.9981,13.3923,29.5436,0.0368,0.0753,0.0329,0.0535
Na2CrWSe3Br3,1.3278,-1.2174,0.2237,30.0000,25.3184,7.5871,10.8048,29.6108,0.0368,0.0861,0.0328,0.0622
Na2WSbS3Br3,1.4034,-1.0467,0.1780,30.0000,25.3667,6.7562,14.1906,29.5572,0.0368,0.0692,0.0328,0.0514
K2WSbS3Br3,1.4423,-1.1657,0.1807,30.0000,25.2765,6.3967,15.2417,29.4906,0.0368,0.0629,0.0329,0.0494
K2SnMnO3Se3,1.3441,-1.4967,0.2797,30.0000,25.3392,7.3619,11.6477,29.5580,0.0368,0.0814,0.0329,0.0586
K2WSbSe3I3,1.3519,-0.9104,0.4838,30.0000,25.3946,7.2326,12.4880,29.5713,0.0368,0.0812,0.0329,0.0561
K2NbCuO3Br3,1.3437,-1.8162,0.1249,30.0000,25.3151,7.4160,11.5953,29.5741,0.0368,0.0833,0.0328,0.0590
Na2MoMnS6,1.3242,-1.1313,0.1966,30.0000,25.3440,7.6275,10.4940,29.5615,0.0368,0.0880,0.0329,0.0636
Na2TiMoS6,1.4302,-1.3557,0.2061,30.0000,25.2853,6.4724,14.9992,29.5076,0.0368,0.0627,0.0329,0.0500
K2TaCuS3Br3,1.3874,-1.3264,0.5517,30.0000,25.3784,6.9462,13.6904,29.5674,0.0368,0.0744,0.0329,0.0531
Na2ZrSbSe3I3,1.4016,-1.1453,0.5059,30.0000,25.3693,6.7773,14.2261,29.5143,0.0368,0.0714,0.0329,0.0517
K2ZrSbSe3I3,1.4036,-1.3285,0.4964,30.0000,25.3573,6.6533,14.5501,29.5410,0.0368,0.0680,0.0329,0.0510
K2SbZnO3I3,1.3654,-1.2818,0.4752,30.0000,25.3597,7.1440,12.7379,29.5347,0.0368,0.0788,0.0329,0.0554
Na2SnFeF3I3,1.3550,-1.9315,0.4581,30.0000,25.4019,7.2292,12.4497,29.5582,0.0368,0.0789,0.0329,0.0563
Na2VCuO3Br3,1.3320,-1.7049,0.0872,30.0000,25.3331,7.5136,11.1449,29.5727,0.0368,0.0852,0.0328,0.0606
K2SnNbSe3I3,1.3579,-1.1435,0.4999,30.0000,25.3480,7.2096,12.5141,29.5760,0.0368,0.0803,0.0329,0.0563
Na2WBiO3I3,1.3978,-1.3710,0.4473,30.0000,25.3258,6.7987,13.9850,29.5252,0.0368,0.0712,0.0329,0.0523
K2MnBiO3S3,1.4534,-1.7007,0.1782,30.0000,25.2408,6.2861,15.4047,29.5060,0.0368,0.0585,0.0329,0.0491
Na2TaZnSe3Br3,1.3837,-1.3021,0.5842,30.0000,25.3743,6.8787,13.8280,29.5576,0.0368,0.0724,0.0329,0.0527
Na2SbZnSe3I3,1.3588,-0.8947,0.5015,30.0000,25.4131,7.1508,12.8207,29.5880,0.0368,0.0787,0.0329,0.0551
Na2NbCuO3Br3,1.3187,-1.7627,0.1175,30.0000,25.3202,7.7340,10.0380,29.5842,0.0368,0.0903,0.0328,0.0651
K2TaFeS3Br3,1.3769,-1.4143,0.5472,30.0000,25.3796,6.9976,13.3805,29.5810,0.0368,0.0758,0.0329,0.0537
Na2CrWS3I3,1.4373,-1.0822,0.4298,30.0000,25.3103,6.4458,15.0953,29.5152,0.0368,0.0641,0.0329,0.0496
K2MnBiO3Cl3,1.4620,-1.7138,0.1646,30.0000,25.2104,6.2187,15.6275,29.4875,0.0368,0.0573,0.0329,0.0487
Na2SnNbSe3I3,1.3765,-1.0088,0.5095,30.0000,25.3548,7.0202,13.2770,29.5627,0.0368,0.0760,0.0329,0.0539
K2MnSbO3I3,1.3450,-1.4496,0.4813,30.0000,25.3929,7.3921,11.8555,29.6131,0.0368,0.0839,0.0328,0.0582
Na2SnNbSe3Cl3,1.3702,-1.4058,0.3046,30.0000,25.3305,7.0993,13.0212,29.5799,0.0368,0.0771,0.0329,0.0544
Na2SnCrS3Se3,1.3268,-1.0253,0.2744,30.0000,25.3486,7.6040,10.7749,29.5568,0.0368,0.0883,0.0328,0.0622
Na2SnTaSe3Br3,1.4050,-1.3563,0.5876,30.0000,25.3779,6.6527,14.6104,29.5702,0.0368,0.0677,0.0329,0.0510
K2FeSbO3I3,1.3623,-1.3313,0.4794,30.0000,25.3526,7.1629,12.8039,29.5636,0.0368,0.0788,0.0329,0.0553
Na2NbZnS3I3,1.3506,-1.1273,0.4594,30.0000,25.3809,7.2956,12.2418,29.5902,0.0368,0.0821,0.0329,0.0568
K2MnBiO3I3,1.4312,-1.4081,0.4471,30.0000,25.3011,6.4341,15.1937,29.5486,0.0368,0.0628,0.0329,0.0495
Na2ZrSbS3I3,1.4159,-1.2282,0.4681,30.0000,25.3274,6.6169,14.6640,29.5286,0.0368,0.0665,0.0329,0.0506
K2CrMnSe3I3,1.3502,-1.1763,0.4755,30.0000,25.3509,7.2687,12.3135,29.5811,0.0368,0.0820,0.0329,0.0567
K2SnZnBr3I3,1.3384,-1.2284,0.3601,30.0000,25.3602,7.4105,11.6456,29.5865,0.0368,0.0828,0.0329,0.0591
K2FeSbO3Br3,1.4540,-1.4960,0.1338,30.0000,25.2134,6.2496,15.4675,29.4684,0.0368,0.0584,0.0329,0.0488
Na2SnZnF3I3,1.3822,-1.9259,0.4541,30.0000,25.3346,6.9469,13.6291,29.5454,0.0368,0.0755,0.0329,0.0530
Na2NbMnS3I3,1.3341,-1.1527,0.4653,30.0000,25.3394,7.4484,11.3643,29.6150,0.0368,0.0844,0.0329,0.0598
Na2WFeS3Br3,1.4385,-1.1171,0.1076,30.0000,25.2555,6.4058,15.2345,29.4831,0.0368,0.0628,0.0329,0.0495
K2NbMnSe3I3,1.3447,-1.2214,0.4964,30.0000,25.3596,7.3490,11.9096,29.5865,0.0368,0.0825,0.0329,0.0582
Na2SnSbSe3I3,1.3845,-0.8641,0.5095,30.0000,25.3604,6.9226,13.7720,29.5403,0.0368,0.0747,0.0329,0.0528
K2NbFeSe3I3,1.3972,-1.2008,0.4949,30.0000,25.3533,6.8122,14.1407,29.5627,0.0368,0.0716,0.0329,0.0520
Na2WSbS3I3,1.4427,-0.9437,0.4561,30.0000,25.2778,6.3598,15.3542,29.4947,0.0368,0.0623,0.0329,0.0493
K2SnTaSe3Br3,1.4003,-1.4471,0.5744,30.0000,25.3315,6.8125,14.2038,29.5549,0.0368,0.0711,0.0329,0.0517
K2MnZnCl3I3,1.4162,-1.3597,0.4020,30.0000,25.2979,6.6754,14.5473,29.5277,0.0368,0.0692,0.0329,0.0509
Na2SnFeO3I3,1.3933,-1.3132,0.4630,30.0000,25.3380,6.8790,13.8768,29.5444,0.0368,0.0732,0.0329,0.0527
Na2MnBiO3Br3,1.4468,-1.4711,0.1364,30.0000,25.2299,6.3537,15.2803,29.4859,0.0368,0.0608,0.0329,0.0494
K2CrMnO3S3,1.4633,-1.7014,0.0585,30.0000,25.1851,6.1952,15.6207,29.4836,0.0368,0.0571,0.0329,0.0486
Na2TiWS3Se3,1.3027,-1.1929,0.2725,30.0000,25.3328,7.8782,9.3602,29.5831,0.0368,0.0934,0.0329,0.0689
Na2VSbO3Se3,1.4172,-1.5255,0.3652,30.0000,25.3240,6.5580,15.0185,29.5084,0.0368,0.0667,0.0329,0.0501
K2NbZnSe3I3,1.3649,-1.1930,0.4913,30.0000,25.3808,7.1506,12.6899,29.5196,0.0368,0.0791,0.0329,0.0556
Na2SnMoS3Se3,1.3427,-0.9646,0.3543,30.0000,25.3377,7.4178,11.4700,29.5624,0.0368,0.0837,0.0329,0.0596
Na2TiSbS3I3,1.3328,-1.0646,0.4751,30.0000,25.3615,7.4993,11.1417,29.5569,0.0368,0.0857,0.0329,0.0609
Na2VMnO3Br3,1.4695,-1.9492,0.0744,30.0000,25.1786,6.1350,15.7036,29.4488,0.0368,0.0553,0.0329,0.0484
Na2WSbO3I3,1.4295,-1.3649,0.4773,30.0000,25.3230,6.4693,15.0810,29.5626,0.0368,0.0637,0.0329,0.0499
K2SnSbSe3Br3,1.4609,-1.1347,0.2675,30.0000,25.2149,6.2251,15.5655,29.4623,0.0368,0.0581,0.0329,0.0488
K2SnFeF3I3,1.3619,-1.9812,0.4478,30.0000,25.3398,7.2165,12.3646,29.5529,0.0368,0.0803,0.0329,0.0567
K2TaMnSe3Cl3,1.4121,-1.5698,0.6824,30.0000,25.3572,6.6460,14.6771,29.5660,0.0368,0.0673,0.0329,0.0507
K2MnZnF3I3,1.4423,-2.0860,0.4339,30.0000,25.2785,6.3041,15.5534,29.5292,0.0368,0.0603,0.0329,0.0490
Na2TaCuO3F3,1.4004,-2.6473,0.8681,30.0000,25.3625,6.8118,14.0576,29.5697,0.0368,0.0713,0.0329,0.0521
Na2TaCuO3Br3,1.4490,-1.8230,0.6058,30.0000,25.2527,6.3368,15.4828,29.4946,0.0368,0.0619,0.0330,0.0492
Na2ZrFeO3Br3,1.4634,-2.0160,0.0583,30.0000,25.2301,6.1883,15.5855,29.4804,0.0368,0.0570,0.0329,0.0487
Na2MoBiO3I3,1.4336,-1.3183,0.5123,30.0000,25.2957,6.4378,15.1066,29.5145,0.0368,0.0628,0.0329,0.0499
K2SnFeO3I3,1.4420,-1.3200,0.4524,30.0000,25.2814,6.3681,15.4316,29.5026,0.0368,0.0617,0.0329,0.0491
K2NbFeS3I3,1.3590,-1.1938,0.4531,30.0000,25.3814,7.2044,12.4857,29.5584,0.0368,0.0794,0.0329,0.0564
K2TaZnSe3I3,1.3849,-1.2249,0.7560,30.0000,25.3860,6.9247,13.6558,29.5852,0.0368,0.0736,0.0329,0.0531
Na2SnZnCl3I3,1.3603,-1.2080,0.4221,30.0000,25.3220,7.2106,12.4634,29.5678,0.0368,0.0797,0.0328,0.0564
K2SnMoS3Se3,1.3142,-1.0136,0.3482,30.0000,25.2975,7.7287,9.9855,29.5695,0.0368,0.0893,0.0329,0.0660
Na2MnCuF3I3,1.4381,-1.9198,0.4549,30.0000,25.2803,6.4034,15.1885,29.5366,0.0368,0.0621,0.0329,0.0497
K2TaFeSe3Br3,1.3775,-1.4354,0.5750,30.0000,25.3677,6.9614,13.5770,29.5642,0.0368,0.0753,0.0329,0.0532
Na2TaZnSe3I3,1.3815,-1.1331,0.7744,30.0000,25.3676,6.9657,13.5074,29.5609,0.0368,0.0750,0.0329,0.0534
K2NbZnSe3Cl3,1.4365,-1.4484,0.2703,30.0000,25.2125,6.3981,15.2802,29.5062,0.0368,0.0631,0.0329,0.0494
Na2CrMnS3I3,1.3163,-1.1144,0.4367,30.0000,25.3115,7.6795,10.2764,29.5595,0.0368,0.0889,0.0329,0.0646
Na2WBiSe3I3,1.4186,-0.9503,0.4662,30.0000,25.2854,6.6053,14.6534,29.5017,0.0368,0.0675,0.0329,0.0506
Na2TaCuS3I3,1.3613,-1.0474,0.7965,30.0000,25.3862,7.1562,12.8100,29.5970,0.0368,0.0783,0.0329,0.0554
Na2VCuO3I3,1.3261,-1.5184,0.4999,30.0000,25.3409,7.6130,10.7280,29.5892,0.0368,0.0880,0.0329,0.0626
Na2SnBiSe3I3,1.4469,-0.8812,0.4804,30.0000,25.2839,6.3174,15.4291,29.5250,0.0368,0.0606,0.0329,0.0492
K2NbSbS3Se3,1.4506,-1.0463,0.3443,30.0000,25.2504,6.3037,15.3737,29.4985,0.0368,0.0593,0.0329,0.0492
K2NbZnS3I3,1.4441,-1.2087,0.4494,30.0000,25.2767,6.3303,15.4732,29.5309,0.0369,0.0619,0.0329,0.0489
Na2NbTaS3Se3,1.3823,-1.2435,0.7442,30.0000,25.3554,6.9505,13.5622,29.5943,0.0369,0.0753,0.0329,0.0534
Na2NbSbS3Se3,1.4479,-0.9988,0.3501,30.0000,25.2523,6.3682,15.2790,29.5046,0.0369,0.0615,0.0329,0.0495
K2SnZnCl3I3,1.4460,-1.3391,0.4142,30.0000,25.2457,6.3835,15.2956,29.5154,0.0369,0.0613,0.0329,0.0494
Na2MnBiO3I3,1.3433,-1.2767,0.4563,30.0000,25.3201,7.3795,11.5952,29.5363,0.0369,0.0825,0.0329,0.0590
Na2SnCuS3Se3,1.3484,-0.8146,0.2749,30.0000,25.2922,7.3382,11.8449,29.5661,0.0369,0.0817,0.0329,0.0583
Na2FeMnF3I3,1.4469,-1.9780,0.4487,30.0000,25.2497,6.2709,15.5072,29.4821,0.0369,0.0585,0.0329,0.0489
K2MnBiO3Br3,1.3088,-1.5192,0.1416,30.0000,25.2980,7.7837,9.8501,29.5471,0.0369,0.0910,0.0329,0.0664
K2ZrSbSe3Br3,1.4659,-1.5089,0.2548,30.0000,25.2077,6.2130,15.5543,29.4783,0.0369,0.0579,0.0329,0.0488
Li2MoWS3Se3,1.4421,-1.0264,0.3627,30.0000,25.2322,6.3612,15.2793,29.4994,0.0369,0.0605,0.0329,0.0493
K2VSbO3Se3,1.4351,-1.5340,0.3575,30.0000,25.2684,6.4734,15.1354,29.4929,0.0369,0.0642,0.0329,0.0496
K2WSbSe3Cl3,1.4509,-1.2548,0.3048,30.0000,25.2386,6.2706,15.5278,29.4639,0.0369,0.0597,0.0329,0.0489
Na2TiCrO3S3,1.4859,-2.0391,0.0479,30.0000,25.1418,6.0660,15.7191,29.4520,0.0369,0.0540,0.0329,0.0484
Na2MoSbO3I3,1.4530,-1.3576,0.5542,30.0000,25.2248,6.2697,15.5200,29.5347,0.0369,0.0596,0.0330,0.0490
K2VCuO3I3,1.4431,-1.6074,0.4863,30.0000,25.2912,6.3166,15.4358,29.5378,0.0369,0.0602,0.0329,0.0492
K2SnFeO3Br3,1.4619,-1.4316,0.0977,30.0000,25.1937,6.2456,15.4856,29.4879,0.0369,0.0588,0.0329,0.0490
Na2MnBiO6,1.3042,-1.9165,0.1813,30.0000,25.2875,7.9079,9.1942,29.5478,0.0369,0.0937,0.0328,0.0697
K2MoSbO3I3,1.4387,-1.3983,0.5402,30.0000,25.2495,6.4133,15.2773,29.5374,0.0369,0.0620,0.0329,0.0495
K2TaMnSe3Br3,1.3429,-1.5232,0.5767,30.0000,25.3384,7.3504,11.6778,29.5574,0.0369,0.0826,0.0329,0.0588
Na2SnNbS3I3,1.4412,-1.0319,0.4723,30.0000,25.2649,6.4641,15.0089,29.5276,0.0369,0.0639,0.0329,0.0500
K2TiMoS6,1.3101,-1.4853,0.2086,30.0000,25.2847,7.8159,9.6402,29.5692,0.0369,0.0926,0.0328,0.0674
K2NbMnS3I3,1.3418,-1.2095,0.4549,30.0000,25.3179,7.4336,11.4204,29.5464,0.0369,0.0844,0.0329,0.0594
K2SbZnSe3Br3,1.4711,-1.1742,0.2410,30.0000,25.2023,6.0656,15.8218,29.4980,0.0369,0.0540,0.0329,0.0482
K2TiWS3Se3,1.4647,-1.3549,0.2708,30.0000,25.1784,6.1912,15.6719,29.4733,0.0369,0.0576,0.0329,0.0486
K2TaCuO3Br3,1.3385,-1.8290,0.5864,30.0000,25.3210,7.4570,11.2995,29.5705,0.0369,0.0839,0.0329,0.0600
Na2CrWS3Se3,1.2974,-1.1286,0.2718,30.0000,25.2700,7.8950,9.2103,29.5642,0.0369,0.0937,0.0329,0.0695
Na2TaZnO3F3,1.4131,-2.5398,0.8501,30.0000,25.3647,6.5420,14.9468,29.5286,0.0369,0.0663,0.0330,0.0502
K2TaCuSe3Cl3,1.3655,-1.4112,0.6831,30.0000,25.3107,7.1312,12.8152,29.5441,0.0369,0.0790,0.0329,0.0553
Na2TaFeSe3Cl3,1.3493,-1.4278,0.7030,30.0000,25.3493,7.2495,12.3810,29.5798,0.0369,0.0809,0.0329,0.0567
Na2MnSbO3I3,1.3343,-1.3294,0.4933,30.0000,25.3438,7.4593,11.2933,29.5749,0.0369,0.0846,0.0329,0.0601
Na2MnSbO6,1.4493,-2.0736,0.1818,30.0000,25.2215,6.3182,15.3991,29.4523,0.0369,0.0601,0.0329,0.0490
Na2TaMnS3I3,1.4046,-1.1816,0.7971,30.0000,25.3716,6.7689,14.1456,29.5377,0.0369,0.0704,0.0329,0.0520
Na2NbFeS3I3,1.3575,-1.0802,0.4635,30.0000,25.3231,7.2958,12.1211,29.5615,0.0369,0.0814,0.0329,0.0573
K2MoWS3Se3,1.4383,-1.1034,0.3390,30.0000,25.2637,6.4700,15.0053,29.5224,0.0369,0.0632,0.0329,0.0500
Na2TaFeS3Br3,1.3259,-1.2669,0.5633,30.0000,25.3588,7.5912,10.7928,29.6073,0.0369,0.0870,0.0329,0.0622
K2TaFeSe3Cl3,1.3852,-1.5253,0.6802,30.0000,25.3315,6.9644,13.5599,29.5431,0.0369,0.0753,0.0329,0.0534
K2SnCrS3Se3,1.3189,-1.0546,0.2724,30.0000,25.3199,7.6323,10.5285,29.5664,0.0369,0.0873,0.0329,0.0633
K2TaCuSe3I3,1.3440,-1.1595,0.7634,30.0000,25.3676,7.3821,11.8672,29.5990,0.0369,0.0842,0.0329,0.0585
Na2TiSbSe3Cl3,1.4656,-1.4347,0.2955,30.0000,25.1974,6.1672,15.7144,29.5040,0.0369,0.0561,0.0330,0.0486
K2ZrWS3Se3,1.4606,-1.3447,0.2761,30.0000,25.1779,6.1701,15.5173,29.4812,0.0369,0.0571,0.0329,0.0487
K2SnWSe6,1.3033,-0.9926,0.3577,30.0000,25.2892,7.9098,9.1821,29.5643,0.0369,0.0936,0.0329,0.0698
Na2TaZnO3I3,1.4205,-1.7163,0.8324,30.0000,25.3551,6.5577,14.8256,29.5699,0.0369,0.0644,0.0329,0.0505
K2NbTaSe6,1.4289,-1.2803,0.7175,30.0000,25.3217,6.4627,15.1514,29.5374,0.0369,0.0636,0.0329,0.0498
K2FeMnF3I3,1.4525,-2.0286,0.4379,30.0000,25.2376,6.2817,15.4556,29.4638,0.0369,0.0591,0.0330,0.0491
K2SnSbSe3I3,1.3492,-0.9769,0.5001,30.0000,25.3101,7.3496,11.7798,29.5453,0.0369,0.0826,0.0329,0.0585
K2SnMnCl3I3,1.3129,-1.3319,0.4189,30.0000,25.2896,7.6626,10.2130,29.5318,0.0369,0.0885,0.0329,0.0645
Na2TaCuS3Br3,1.3158,-1.1760,0.5679,30.0000,25.3128,7.7401,10.0100,29.5528,0.0369,0.0912,0.0329,0.0656
Na2NbCuO3I3,1.3129,-1.5853,0.4960,30.0000,25.3101,7.8269,9.5870,29.5836,0.0369,0.0928,0.0329,0.0678
K2WSbSe3F3,1.4699,-1.8312,0.3277,30.0000,25.1830,6.1907,15.6852,29.4889,0.0369,0.0580,0.0329,0.0485
K2TaMnSe3I3,1.3486,-1.2415,0.7636,30.0000,25.3509,7.3090,12.0680,29.5824,0.0369,0.0821,0.0329,0.0574
K2MoFeSe3Cl3,1.2991,-1.3125,0.3095,30.0000,25.2878,7.8796,9.2328,29.5414,0.0369,0.0924,0.0329,0.0696
K2VTaS3Se3,1.4149,-1.3209,0.7386,30.0000,25.3479,6.5522,14.7992,29.5284,0.0369,0.0653,0.0329,0.0504
K2TiWSe6,1.3045,-1.2772,0.3485,30.0000,25.3038,7.8650,9.4158,29.5878,0.0369,0.0930,0.0329,0.0686
K2TaCuO3I3,1.4398,-1.7530,0.8163,30.0000,25.2910,6.3431,15.4689,29.5163,0.0369,0.0616,0.0330,0.0491
Na2TaCuO3I3,1.3547,-1.6786,0.8423,30.0000,25.3703,7.2512,12.2901,29.5882,0.0369,0.0813,0.0329,0.0571
Na2SbZnS3I3,1.4457,-0.8888,0.4614,30.0000,25.2390,6.4013,15.2832,29.5214,0.0369,0.0626,0.0329,0.0494
Na2FeSbO3I3,1.4507,-1.3096,0.4914,30.0000,25.2684,6.3295,15.3849,29.4917,0.0369,0.0618,0.0329,0.0493
Na2NbTaS6,1.4271,-1.4160,0.7553,30.0000,25.2898,6.5330,14.9552,29.5135,0.0369,0.0665,0.0330,0.0501
Na2MnZnBr3I3,1.3006,-1.1817,0.3500,30.0000,25.3100,7.8998,9.1965,29.5510,0.0369,0.0945,0.0329,0.0700
K2TiBiSe3I3,1.4530,-1.2300,0.4738,30.0000,25.2524,6.2894,15.4445,29.5028,0.0369,0.0588,0.0329,0.0492
Na2TaFeSe3I3,1.4373,-1.0813,0.7808,30.0000,25.2728,6.3768,15.2929,29.5226,0.0369,0.0623,0.0329,0.0494
K2VTaSe6,1.3640,-1.3020,0.7323,30.0000,25.3304,7.1923,12.6452,29.5921,0.0369,0.0801,0.0329,0.0558
K2TaZnSe3Br3,1.3334,-1.4310,0.5702,30.0000,25.3322,7.4630,11.3372,29.5570,0.0369,0.0850,0.0329,0.0603
K2NbMnSe3Br3,1.3054,-1.4540,0.2324,30.0000,25.2734,7.8253,9.5959,29.5707,0.0369,0.0925,0.0329,0.0677
Na2CrMnO3S3,1.4806,-1.6513,0.0391,30.0000,25.1032,6.0789,15.7841,29.5028,0.0369,0.0537,0.0329,0.0484
Na2MoSbSe3F3,1.4451,-1.7612,0.4049,30.0000,25.2194,6.3989,15.1354,29.4891,0.0369,0.0607,0.0329,0.0497
K2TiSbS3I3,1.4613,-1.2521,0.4646,30.0000,25.1807,6.2472,15.4807,29.4833,0.0369,0.0588,0.0329,0.0490
K2VNbS6,1.2850,-1.4502,0.2011,30.0000,25.2587,8.0946,8.3167,29.5582,0.0369,0.0974,0.0329,0.0749
Na2VMnO3I3,1.4543,-1.8698,0.4963,30.0000,25.2168,6.2717,15.4748,29.4649,0.0369,0.0595,0.0330,0.0491
Na2MnSbF3I3,1.4613,-2.0062,0.4880,30.0000,25.2277,6.1730,15.5550,29.4663,0.0369,0.0555,0.0329,0.0489
Na2SnMnCl3I3,1.3106,-1.2676,0.4272,30.0000,25.2705,7.8191,9.7248,29.6009,0.0369,0.0923,0.0329,0.0673
K2CrWSe6,1.2875,-1.1521,0.3476,30.0000,25.2620,8.0188,8.6697,29.5607,0.0369,0.0958,0.0329,0.0731
K2SnZnF3I3,1.4564,-2.0369,0.4441,30.0000,25.2255,6.2378,15.5631,29.5106,0.0369,0.0591,0.0329,0.0488
K2TiCrO3S3,1.2872,-2.0487,0.0669,30.0000,25.2276,8.0598,8.3080,29.5484,0.0369,0.0958,0.0329,0.0749
K2TaCuS3I3,1.4382,-1.1710,0.7739,30.0000,25.2584,6.4070,15.1897,29.5223,0.0369,0.0629,0.0329,0.0497
K2SnTaSe3I3,1.4632,-1.2658,0.7497,30.0000,25.2343,6.2065,15.5500,29.4901,0.0369,0.0588,0.0330,0.0489
Na2FeZnF3I3,1.3023,-1.9375,0.4423,30.0000,25.2868,7.8903,9.2030,29.5708,0.0369,0.0932,0.0329,0.0698
Na2TaZnO3Br3,1.4582,-1.8426,0.5943,30.0000,25.2077,6.2226,15.5495,29.4642,0.0369,0.0587,0.0330,0.0490
K2MnSbO3Br3,1.2918,-1.5982,0.1355,30.0000,25.2059,8.0160,8.6111,29.5265,0.0369,0.0954,0.0328,0.0735
Na2CrMoO3Br3,1.4926,-1.6214,0.1589,30.0000,25.0963,6.0089,15.8566,29.4965,0.0369,0.0514,0.0329,0.0484
Na2MoBiS3I3,1.3011,-0.9272,0.4891,30.0000,25.2827,7.9219,9.1226,29.5817,0.0369,0.0948,0.0329,0.0701
K2MnCuF3I3,1.4718,-2.0026,0.4439,30.0000,25.1867,6.1425,15.5827,29.4676,0.0369,0.0555,0.0329,0.0489
K2TiSbSe3Cl3,1.4664,-1.6537,0.2923,30.0000,25.1339,6.2195,15.4859,29.4355,0.0369,0.0583,0.0329,0.0489
Na2VFeSe3F3,1.4827,-2.1497,0.2896,30.0000,25.1317,6.0169,15.8764,29.4400,0.0369,0.0526,0.0329,0.0483
Na2SnMnS3Se3,1.2919,-0.9856,0.2676,30.0000,25.2337,8.0213,8.6331,29.5553,0.0369,0.0956,0.0329,0.0734
K2TiCrS3I3,1.3022,-1.3384,0.4351,30.0000,25.2353,7.8931,9.2627,29.5569,0.0369,0.0936,0.0329,0.0698
Na2TaCuSe3Cl3,1.3173,-1.2861,0.7058,30.0000,25.3057,7.6893,10.1069,29.5797,0.0369,0.0900,0.0330,0.0654
Na2WSbSe3I3,1.2971,-0.9042,0.4920,30.0000,25.2724,7.9696,8.8650,29.5360,0.0369,0.0944,0.0329,0.0718
K2WSbS3I3,1.4593,-1.0205,0.4479,30.0000,25.1571,6.2598,15.5115,29.4653,0.0369,0.0593,0.0330,0.0490
K2WSbO3Br3,1.4936,-1.4304,0.1855,30.0000,25.1000,5.9869,15.8627,29.4323,0.0369,0.0506,0.0329,0.0484
Na2CuZnF3I3,1.2915,-1.9005,0.4485,30.0000,25.2487,8.0147,8.6332,29.5679,0.0369,0.0961,0.0329,0.0730
Na2FeMnO3Se3,1.4996,-1.3860,0.2419,30.0000,25.0500,5.9539,15.9114,29.4554,0.0369,0.0502,0.0330,0.0480
K2WFeSe3Br3,1.4982,-1.2404,0.2184,30.0000,25.0406,5.9561,15.9052,29.4205,0.0369,0.0505,0.0330,0.0482
Na2MoFeO3Cl3,1.4963,-1.5971,0.1854,30.0000,25.0556,6.0165,15.7485,29.4395,0.0369,0.0516,0.0329,0.0485
Na2MoSbO3Br3,1.4990,-1.4322,0.2327,30.0000,25.0480,5.9478,15.9053,29.4501,0.0369,0.0501,0.0329,0.0482
Na2TiSbSe3I3,1.2846,-1.0390,0.5137,30.0000,25.3035,8.0481,8.5933,29.5745,0.0369,0.0968,0.0329,0.0738
Na2TaMnSe3I3,1.3192,-1.1455,0.7825,30.0000,25.3392,7.7325,10.0131,29.5581,0.0369,0.0908,0.0329,0.0658
K2TaMnS3I3,1.4766,-1.2427,0.7743,30.0000,25.1651,6.0942,15.8151,29.4632,0.0369,0.0548,0.0330,0.0484
K2VMnSe3Br3,1.2748,-1.4487,0.2191,30.0000,25.2114,8.1848,7.8107,29.5381,0.0369,0.1002,0.0329,0.0793
K2MnSbF3I3,1.4718,-2.0907,0.4764,30.0000,25.1478,6.1639,15.6086,29.4350,0.0369,0.0572,0.0330,0.0488
Na2SnSbS3I3,1.4714,-0.8726,0.4737,30.0000,25.1852,6.1468,15.6617,29.4707,0.0369,0.0562,0.0329,0.0486
K2VSbS3Se3,1.2663,-1.0511,0.3373,30.0000,25.2178,8.3066,7.3307,29.5652,0.0369,0.1016,0.0329,0.0832
Na2NbMnSe3I3,1.3062,-1.1382,0.5067,30.0000,25.2954,7.8849,9.2881,29.5632,0.0369,0.0935,0.0329,0.0694
K2SnVS3I3,1.2959,-1.1541,0.4637,30.0000,25.2335,8.0216,8.6323,29.5495,0.0369,0.0972,0.0329,0.0731
K2NbCuO3Cl3,1.4940,-1.9964,0.1485,30.0000,25.0308,6.0210,15.7681,29.4256,0.0370,0.0528,0.0330,0.0484
Na2TiInSe3Br3,1.4200,-1.4274,1.3355,30.0000,25.3055,6.5098,15.0550,29.5275,0.0370,0.0643,0.0330,0.0501
K2MoMnS3Se3,1.2781,-1.1025,0.3258,30.0000,25.2163,8.1470,8.0801,29.5765,0.0370,0.0983,0.0329,0.0771
Na2TiInSe3I3,1.3602,-1.2330,1.4168,30.0000,25.4148,7.1129,12.9308,29.5511,0.0370,0.0784,0.0330,0.0553
Na2TaCuO3Cl3,1.4604,-2.0202,0.7707,30.0000,25.1987,6.2202,15.6437,29.4631,0.0370,0.0591,0.0330,0.0489
Na2WFeSe3I3,1.4672,-0.9602,0.4665,30.0000,25.1318,6.1963,15.5563,29.4461,0.0370,0.0575,0.0329,0.0489
Na2SnWSe6,1.2783,-0.9807,0.3624,30.0000,25.2036,8.1863,7.8124,29.5510,0.0370,0.0991,0.0329,0.0792
Na2TiGaSe3I3,1.3900,-1.2291,1.5254,30.0000,25.3788,6.8261,14.1238,29.5818,0.0370,0.0718,0.0330,0.0523
K2MoGaSe3Br3,1.3714,-1.3357,1.3935,30.0000,25.3620,7.0793,13.1043,29.5630,0.0370,0.0781,0.0330,0.0546
K2MoSbO3Br3,1.5063,-1.5378,0.2329,30.0000,25.0506,5.9256,15.8956,29.4244,0.0370,0.0491,0.0330,0.0481
Na2MnBiO3Cl3,1.5031,-1.6978,0.1595,30.0000,25.0159,5.9208,15.8878,29.4435,0.0370,0.0494,0.0329,0.0481
Na2TaCuSe3I3,1.3052,-1.0116,0.7821,30.0000,25.2732,7.8636,9.3777,29.5648,0.0370,0.0930,0.0329,0.0694
Na2TaMnSe3Cl3,1.3101,-1.4723,0.7053,30.0000,25.3247,7.7630,9.7751,29.5532,0.0370,0.0917,0.0329,0.0668
Na2NbMnO3Br3,1.5080,-1.9846,0.1063,30.0000,25.0198,5.9297,15.8443,29.4154,0.0370,0.0491,0.0329,0.0483
K2WFeSe3I3,1.4909,-1.0344,0.4586,30.0000,25.1070,6.0667,15.7825,29.4425,0.0370,0.0540,0.0330,0.0485
Li2MoGaSe3Br3,1.4111,-1.1751,1.5195,30.0000,25.3650,6.6885,14.4676,29.5501,0.0370,0.0690,0.0330,0.0514
Na2VZnSe3Cl3,1.2770,-1.3439,0.2582,30.0000,25.2031,8.1974,7.7752,29.5549,0.0370,0.0995,0.0328,0.0794
Na2TaMnO3I3,1.4651,-1.9498,0.8435,30.0000,25.2152,6.1349,15.7716,29.4961,0.0370,0.0570,0.0330,0.0486
Na2SnMnF3I3,1.4894,-2.0009,0.4600,30.0000,25.1023,6.0220,15.7833,29.4722,0.0370,0.0518,0.0330,0.0484
Na2MnCuCl3I3,1.2954,-1.2207,0.4197,30.0000,25.2256,7.9352,8.9670,29.5164,0.0370,0.0948,0.0329,0.0711
K2MnInO3Br3,1.4143,-1.6716,1.5236,30.0000,25.3584,6.6513,14.6982,29.5289,0.0370,0.0693,0.0330,0.0510
Li2MoWSe6,1.2700,-0.9769,0.4253,30.0000,25.1996,8.2506,7.3987,29.5539,0.0370,0.1011,0.0329,0.0830
Na2NbZnSe3I3,1.2823,-1.0993,0.5012,30.0000,25.2466,8.1590,8.0660,29.5462,0.0370,0.0999,0.0329,0.0776
Na2WFeSe3Br3,1.2801,-1.0935,0.2176,30.0000,25.1406,8.1571,7.9124,29.5380,0.0370,0.0987,0.0329,0.0782
Na2TaZnSe3Cl3,1.4890,-1.3884,0.6950,30.0000,25.0980,5.9939,15.7993,29.4529,0.0370,0.0520,0.0330,0.0484
K2VFeO3Br3,1.5099,-1.8714,0.0836,30.0000,25.0311,5.8357,15.9692,29.4283,0.0370,0.0471,0.0329,0.0479
K2SbZnO3Br3,1.2680,-1.4481,0.1344,30.0000,25.1469,8.3057,7.3997,29.5130,0.0370,0.1014,0.0329,0.0826
K2MnZnBr3I3,1.2708,-1.2998,0.3456,30.0000,25.1859,8.2691,7.4830,29.5453,0.0370,0.1014,0.0329,0.0812
Li2MoGaSe3I3,1.4283,-0.9649,1.5712,30.0000,25.3494,6.4741,15.0204,29.5360,0.0370,0.0636,0.0331,0.0503
Na2SnSbO3I3,1.4785,-1.2762,0.4980,30.0000,25.0987,6.1174,15.6513,29.4462,0.0370,0.0551,0.0330,0.0487
Na2VZnO3I3,1.4831,-1.5571,0.4890,30.0000,25.0949,6.0773,15.7067,29.4214,0.0370,0.0541,0.0329,0.0486
K2VMnS3Br3,1.2618,-1.4831,0.0880,30.0000,25.1423,8.3747,6.9140,29.5383,0.0370,0.1046,0.0329,0.0871
K2SnNbS3Br3,1.2601,-1.3528,0.1584,30.0000,25.1241,8.3746,6.8043,29.5178,0.0370,0.1044,0.0329,0.0878
K2SnNbS3I3,1.4976,-1.2232,0.4624,30.0000,25.0638,5.9782,15.9144,29.4570,0.0370,0.0518,0.0330,0.0482
K2VZnS3I3,1.2726,-1.1797,0.4499,30.0000,25.2201,8.2196,7.7404,29.5578,0.0370,0.1004,0.0329,0.0797
Na2MnInO3Br3,1.3635,-1.6615,1.6059,30.0000,25.3852,7.0982,12.9496,29.5701,0.0370,0.0778,0.0330,0.0552
K2TaFeSe3I3,1.4738,-1.2228,0.7620,30.0000,25.1426,6.0987,15.6971,29.4396,0.0370,0.0545,0.0330,0.0486
Na2TaSbS3Se3,1.4832,-1.0500,0.7342,30.0000,25.1491,6.0477,15.7691,29.4752,0.0370,0.0534,0.0330,0.0484
Na2VTaS3Se3,1.2960,-1.2525,0.7650,30.0000,25.2651,7.9747,8.9534,29.5351,0.0370,0.0962,0.0330,0.0716
K2TiInSe3I3,1.3971,-1.3532,1.3725,30.0000,25.3315,6.8424,14.0723,29.5497,0.0370,0.0735,0.0330,0.0524
K2WSbO3I3,1.4911,-1.3902,0.4678,30.0000,25.0880,6.0090,15.7592,29.4225,0.0370,0.0517,0.0330,0.0485
K2CrMnO3Se3,1.5170,-1.6122,0.2517,30.0000,25.0060,5.8800,15.9256,29.4667,0.0370,0.0486,0.0329,0.0481
K2TaZnO3Br3,1.4872,-1.8706,0.5756,30.0000,25.0876,6.0382,15.7717,29.4699,0.0370,0.0523,0.0330,0.0486
Na2MoInS3I3,1.3578,-0.9793,1.5427,30.0000,25.4048,7.1892,12.7535,29.5870,0.0370,0.0803,0.0330,0.0559
Na2MnZnI6,1.2712,-1.0487,0.5722,30.0000,25.2304,8.2234,7.6886,29.5833,0.0370,0.1014,0.0329,0.0802
K2TiSbSe3I3,1.2831,-1.1516,0.5034,30.0000,25.1967,8.0569,8.3591,29.5179,0.0370,0.0964,0.0329,0.0752
K2WMnSe6,1.2708,-1.0918,0.3425,30.0000,25.1753,8.3005,7.3563,29.5215,0.0370,0.1021,0.0329,0.0828
Na2MoFeSe3F3,1.5009,-1.9111,0.3462,30.0000,25.0574,5.9404,15.9319,29.4051,0.0370,0.0504,0.0330,0.0481
Na2MoGaS3I3,1.3950,-0.9826,1.6741,30.0000,25.4107,6.7890,14.2498,29.5874,0.0370,0.0711,0.0330,0.0521
K2MoInS3I3,1.3926,-1.1069,1.4878,30.0000,25.3289,6.8191,14.0894,29.5491,0.0370,0.0722,0.0331,0.0522
Na2NbFeO3Cl3,1.5119,-2.0747,0.1230,30.0000,24.9458,5.8899,15.8734,29.3931,0.0370,0.0495,0.0330,0.0482
K2MnGaO3Br3,1.3447,-1.6713,1.7063,30.0000,25.3983,7.3198,12.0448,29.5766,0.0370,0.0828,0.0331,0.0583
Na2MoSbS3Br3,1.2638,-1.0201,0.2230,30.0000,25.1462,8.3720,6.8621,29.5514,0.0370,0.1039,0.0329,0.0876
K2MoGaS3Br3,1.4400,-1.2859,1.5608,30.0000,25.2955,6.3427,15.4430,29.5349,0.0370,0.0608,0.0331,0.0495
K2MnInO3Se3,1.3616,-1.5565,1.7128,30.0000,25.3835,7.1748,12.6602,29.5835,0.0370,0.0785,0.0330,0.0563
K2VFeSe3F3,1.5111,-2.1785,0.2860,30.0000,24.9713,5.9061,15.7824,29.4389,0.0370,0.0481,0.0330,0.0484
K2CrWS3I3,1.5024,-1.1681,0.4220,30.0000,25.0055,5.9428,15.8595,29.4372,0.0370,0.0498,0.0330,0.0483
Na2SnMnBr3I3,1.2731,-1.1743,0.3683,30.0000,25.2025,8.2450,7.5247,29.5518,0.0370,0.1007,0.0329,0.0814
Na2TaFeSe3Br3,1.2799,-1.2875,0.5893,30.0000,25.1927,8.1424,7.9686,29.5439,0.0370,0.0984,0.0329,0.0778
Na2FeCuF3I3,1.2698,-1.8788,0.4529,30.0000,25.1936,8.2938,7.3342,29.5476,0.0370,0.1014,0.0329,0.0834
K2MoBiO3I3,1.5035,-1.3626,0.5014,30.0000,25.0306,5.9508,15.8947,29.4394,0.0370,0.0505,0.0330,0.0482
K2NbMnSe3Cl3,1.2690,-1.5527,0.2737,30.0000,25.1633,8.3105,7.2585,29.5256,0.0370,0.1012,0.0329,0.0838
Na2SnInSe3I3,1.4597,-0.9401,1.3412,30.0000,25.2481,6.1880,15.7312,29.5157,0.0370,0.0574,0.0330,0.0488
K2TiInSe3Br3,1.3209,-1.5725,1.2862,30.0000,25.3209,7.7017,10.1814,29.5795,0.0370,0.0912,0.0330,0.0651
Na2SnInO3I3,1.4317,-1.3954,1.5514,30.0000,25.2960,6.4500,15.1754,29.5383,0.0370,0.0641,0.0331,0.0501
K2WFeS3Br3,1.5281,-1.2549,0.1140,30.0000,24.9193,5.8091,15.8688,29.3600,0.0370,0.0451,0.0330,0.0481
Na2ZrInSe3Br3,1.4562,-1.5124,1.2772,30.0000,25.2301,6.2819,15.3253,29.4808,0.0370,0.0597,0.0330,0.0496
K2SbZnS3I3,1.5144,-1.0436,0.4517,30.0000,24.9874,5.8607,15.8770,29.4151,0.0370,0.0471,0.0330,0.0482
K2CrMoO3I3,1.5026,-1.5136,0.5187,30.0000,25.0177,5.9885,15.7280,29.4400,0.0370,0.0510,0.0330,0.0484
K2SnMnF3I3,1.5043,-2.1069,0.4496,30.0000,25.0265,6.0150,15.7395,29.4329,0.0370,0.0527,0.0329,0.0486
Na2SnFeO3Br3,1.5252,-1.4224,0.0888,30.0000,24.9055,5.8399,15.9216,29.4199,0.0370,0.0458,0.0330,0.0481
Na2MnInO3I3,1.3414,-1.5170,1.6509,30.0000,25.3737,7.4149,11.4040,29.5679,0.0370,0.0834,0.0330,0.0602
Na2ZrGaSe3Br3,1.4367,-1.4697,1.3921,30.0000,25.2426,6.4200,15.1392,29.4798,0.0370,0.0627,0.0331,0.0500
Na2SnInS3I3,1.4464,-0.9285,1.4598,30.0000,25.2824,6.3564,15.3860,29.5761,0.0370,0.0617,0.0330,0.0495
Na2SnCrS3I3,1.2682,-0.9993,0.4467,30.0000,25.1454,8.3360,7.0104,29.5083,0.0370,0.1026,0.0329,0.0859
K2TiCrO3Se3,1.5074,-2.0824,0.2604,30.0000,24.9633,5.9294,15.8082,29.4007,0.0370,0.0499,0.0330,0.0484
Na2ZrInSe3I3,1.4736,-1.3148,1.3639,30.0000,25.2173,6.1117,15.7808,29.5138,0.0370,0.0555,0.0330,0.0486
Na2WAgSe3I3,1.3922,-0.9080,1.9414,30.0000,25.3665,6.9014,13.6793,29.5588,0.0370,0.0742,0.0331,0.0533
Na2MnBiO3S3,1.5149,-1.6295,0.1740,30.0000,24.9406,5.8655,15.9484,29.3891,0.0370,0.0482,0.0330,0.0482
K2MnInO3I3,1.4453,-1.5479,1.5836,30.0000,25.2470,6.3501,15.3082,29.4828,0.0370,0.0628,0.0331,0.0497
Na2NbZnO3I3,1.5098,-1.6690,0.4858,30.0000,24.9600,5.9393,15.9308,29.4023,0.0370,0.0507,0.0330,0.0482
Na2TiInS3I3,1.4146,-1.2973,1.5631,30.0000,25.3090,6.5914,14.7770,29.5353,0.0370,0.0682,0.0330,0.0507
K2WFeSe3Cl3,1.5245,-1.3216,0.2512,30.0000,24.8839,5.8892,15.7958,29.3490,0.0370,0.0477,0.0330,0.0485
Na2MnGaO3I3,1.4078,-1.5264,1.8101,30.0000,25.3168,6.6705,14.5524,29.5668,0.0370,0.0697,0.0331,0.0515
Na2WInSe3Br3,1.4797,-1.1200,1.1738,30.0000,25.1267,6.0884,15.7148,29.4639,0.0371,0.0550,0.0331,0.0487
K2MnGaO3Se3,1.3958,-1.5190,1.9141,30.0000,25.3531,6.7683,14.3211,29.5537,0.0371,0.0722,0.0331,0.0520
Na2WMnS6,1.5337,-1.1708,0.1366,30.0000,24.8553,5.7977,15.8671,29.3525,0.0371,0.0448,0.0330,0.0482
Na2SnNbSe3Br3,1.2536,-1.3169,0.2594,30.0000,25.1117,8.5076,6.2777,29.5055,0.0371,0.1058,0.0329,0.0947
Na2NbMnO3I3,1.5045,-1.9094,0.4926,30.0000,24.9709,5.9841,15.7844,29.3960,0.0371,0.0520,0.0330,0.0484
Na2TiFeO3Br3,1.5300,-1.9931,0.0288,30.0000,24.8799,5.8185,15.8189,29.3673,0.0371,0.0452,0.0330,0.0482
K2FeZnF3I3,1.2575,-2.0078,0.4320,30.0000,25.1107,8.4278,6.6244,29.4820,0.0371,0.1051,0.0329,0.0908
K2SnTaS3Br3,1.5145,-1.3860,0.5489,30.0000,24.9578,5.9485,15.8002,29.4079,0.0371,0.0494,0.0330,0.0484
K2TiGaSe3I3,1.4729,-1.3821,1.4744,30.0000,25.2035,6.0968,15.8377,29.4825,0.0371,0.0567,0.0331,0.0487
K2TaSbSe6,1.2790,-1.0337,0.7105,30.0000,25.1593,8.1824,7.8535,29.5522,0.0371,0.0998,0.0330,0.0789
K2SnFeO3Se3,1.5256,-1.3524,0.2777,30.0000,24.9221,5.8151,16.0203,29.3853,0.0371,0.0474,0.0330,0.0479
Na2MnGaS3Br3,1.3172,-1.1783,1.6481,30.0000,25.3071,7.6840,10.3551,29.5655,0.0371,0.0913,0.0331,0.0648
Na2TaZnO3Cl3,1.5057,-2.0665,0.7551,30.0000,25.0091,5.9273,15.8421,29.4777,0.0371,0.0490,0.0330,0.0484
Na2WSbSe3Br3,1.2455,-1.0125,0.2673,30.0000,25.0768,8.5848,6.0582,29.5254,0.0371,0.1084,0.0329,0.0970
K2MoBiS3I3,1.2722,-1.0287,0.4796,30.0000,25.1677,8.2632,7.4269,29.5282,0.0371,0.1006,0.0329,0.0818
K2MnGaO3I3,1.4409,-1.5517,1.7299,30.0000,25.2862,6.3839,15.3019,29.5368,0.0371,0.0628,0.0331,0.0496
K2VFeSe3I3,1.2499,-1.1785,0.4977,30.0000,25.1229,8.5266,6.1451,29.5056,0.0371,0.1071,0.0329,0.0958
K2MoInSe3Br3,1.3136,-1.3287,1.2840,30.0000,25.2828,7.7429,10.0244,29.5794,0.0371,0.0911,0.0330,0.0660
Na2VCuSe3F3,1.2575,-1.9376,0.3005,30.0000,25.0577,8.5171,6.1994,29.5491,0.0371,0.1063,0.0329,0.0946
Na2MoGaSe3Cl3,1.4281,-1.2895,1.7820,30.0000,25.2793,6.4645,15.0256,29.5251,0.0371,0.0646,0.0331,0.0503
K2ZrInSe3I3,1.4672,-1.3995,1.3237,30.0000,25.1719,6.1775,15.5523,29.4986,0.0371,0.0565,0.0331,0.0490
K2WAgSe3I3,1.3828,-0.9885,1.8858,30.0000,25.3539,6.9848,13.3716,29.5351,0.0371,0.0769,0.0331,0.0542
Na2SnZnBr3I3,1.2517,-1.1533,0.3647,30.0000,25.0917,8.5222,6.1926,29.5343,0.0371,0.1055,0.0329,0.0951
K2TaZnSe3Cl3,1.5094,-1.4834,0.6729,30.0000,25.0306,5.9483,15.8033,29.4403,0.0371,0.0503,0.0330,0.0484
Na2NbFeSe3I3,1.2581,-1.0623,0.5051,30.0000,25.1180,8.4469,6.4974,29.5032,0.0371,0.1056,0.0329,0.0919
Na2ZrFeO3I3,1.5180,-1.9212,0.4560,30.0000,24.9853,5.8323,15.9574,29.3716,0.0371,0.0471,0.0330,0.0480
Na2TiBiSe3I3,1.5246,-1.0595,0.4821,30.0000,24.9022,5.8247,15.9117,29.4031,0.0371,0.0460,0.0330,0.0482
K2FeMnO3Se3,1.5356,-1.4525,0.2416,30.0000,24.8304,5.8331,15.8451,29.3805,0.0371,0.0464,0.0330,0.0483
K2MoGaS3I3,1.4643,-1.1031,1.6099,30.0000,25.2215,6.2027,15.5513,29.5191,0.0371,0.0587,0.0331,0.0492
K2VMnS3I3,1.2633,-1.2264,0.4558,30.0000,25.1168,8.2970,7.3387,29.5191,0.0371,0.1019,0.0329,0.0834
Na2SnVS3Br3,1.2409,-1.2546,0.1322,30.0000,25.0544,8.6226,5.8160,29.5409,0.0371,0.1081,0.0329,0.0996
K2SnInSe3I3,1.4835,-0.9783,1.3029,30.0000,25.0867,6.0408,15.8867,29.4846,0.0371,0.0541,0.0331,0.0486
K2SbAgCl3I3,1.3801,-1.1673,2.2165,30.0000,25.3588,6.9538,13.5764,29.5724,0.0371,0.0754,0.0331,0.0539
Na2CrMoO3Se3,1.5133,-1.6231,0.3614,30.0000,24.9143,5.9071,15.9121,29.3636,0.0371,0.0501,0.0330,0.0482
K2MnCuCl3I3,1.2517,-1.3062,0.4112,30.0000,25.0888,8.4929,6.4322,29.5443,0.0371,0.1059,0.0329,0.0920
K2FeMnO3Br3,1.5404,-1.7004,0.0377,30.0000,24.8476,5.7288,15.9309,29.3783,0.0371,0.0422,0.0330,0.0480
Na2FeSbO3Br3,1.5436,-1.4367,0.1272,30.0000,24.8374,5.7308,15.9295,29.3377,0.0371,0.0419,0.0330,0.0479
K2SnNbSe3Br3,1.2481,-1.4419,0.2585,30.0000,25.0598,8.5449,6.0442,29.5225,0.0371,0.1067,0.0329,0.0974
K2CrWSe3I3,1.5283,-1.1250,0.4645,30.0000,24.9027,5.7855,15.8767,29.3726,0.0371,0.0444,0.0330,0.0482
Na2TiSbSe3Br3,1.2506,-1.3603,0.2493,30.0000,25.0368,8.5265,6.1984,29.5309,0.0371,0.1070,0.0329,0.0949
Na2ZrWSe6,1.2488,-1.2636,0.3534,30.0000,25.0730,8.5568,6.1124,29.5377,0.0371,0.1070,0.0329,0.0973
Na2NbSbO3Se3,1.5303,-1.6063,0.3711,30.0000,24.9079,5.8108,15.8604,29.3303,0.0371,0.0459,0.0330,0.0482
Na2MoWO3Se3,1.5262,-1.4833,0.3622,30.0000,24.9151,5.8274,15.9225,29.3954,0.0371,0.0462,0.0330,0.0481
Na2SnVS3I3,1.2584,-1.0189,0.4742,30.0000,25.0549,8.4630,6.4615,29.5057,0.0371,0.1048,0.0329,0.0912
K2MoWSe6,1.2462,-1.0704,0.4007,30.0000,25.0705,8.6393,5.6803,29.5561,0.0371,0.1087,0.0329,0.1017
Li2WSbSe3F3,1.5306,-1.6542,0.3508,30.0000,24.8686,5.7996,15.8853,29.4014,0.0371,0.0440,0.0330,0.0482
Na2WAgO3I3,1.4229,-1.3384,2.2836,30.0000,25.3342,6.5371,14.9805,29.5279,0.0371,0.0676,0.0332,0.0505
K2VMnSe3I3,1.2523,-1.2143,0.4993,30.0000,25.1060,8.4890,6.3774,29.5423,0.0371,0.1052,0.0329,0.0940
Na2SnVSe3F3,1.5311,-2.0905,0.3237,30.0000,24.8708,5.8372,15.8597,29.3694,0.0371,0.0466,0.0330,0.0482
Na2MoMnS3Se3,1.2331,-1.0656,0.3312,30.0000,25.0579,8.7143,5.3023,29.5300,0.0371,0.1108,0.0329,0.1078
Na2MoFeSe3Cl3,1.2495,-1.2111,0.3137,30.0000,25.0158,8.5529,6.1190,29.5219,0.0371,0.1080,0.0329,0.0961
K2VZnO3Br3,1.5489,-1.7742,0.0854,30.0000,24.7918,5.7508,15.7203,29.3202,0.0371,0.0435,0.0330,0.0483
K2TiCrO3Cl3,1.5517,-2.2047,0.0499,30.0000,24.7251,5.7408,15.8224,29.3214,0.0371,0.0431,0.0330,0.0483
K2MoGaSe3I3,1.2802,-1.0445,1.4619,30.0000,25.2320,8.1104,8.2122,29.5397,0.0371,0.0989,0.0330,0.0766
K2NbFeSe3Br3,1.2361,-1.3782,0.2309,30.0000,25.0377,8.6828,5.5440,29.5418,0.0371,0.1093,0.0329,0.1047
Na2MnInO3Se3,1.4455,-1.4468,1.8077,30.0000,25.2064,6.3296,15.3348,29.4963,0.0371,0.0601,0.0331,0.0496
Na2CrMnSe3I3,1.2549,-1.1225,0.4854,30.0000,25.0839,8.5103,6.1861,29.4996,0.0371,0.1059,0.0329,0.0954
K2NbSbO3Se3,1.5298,-1.6813,0.3636,30.0000,24.8823,5.8459,15.8661,29.4031,0.0371,0.0470,0.0330,0.0483
K2TaCuSe3Br3,1.2493,-1.3420,0.5785,30.0000,25.0910,8.5550,6.0070,29.5236,0.0371,0.1079,0.0330,0.0972
Na2SnTaSe3I3,1.5148,-1.0476,0.7668,30.0000,24.9843,5.9304,15.8277,29.4151,0.0371,0.0494,0.0330,0.0485
K2TaMnO3Br3,1.5213,-2.0497,0.5842,30.0000,24.9125,5.8278,15.9900,29.3935,0.0371,0.0470,0.0330,0.0480
Na2MoGaS3Br3,1.4645,-1.1515,1.6387,30.0000,25.1657,6.2040,15.5092,29.4798,0.0371,0.0580,0.0331,0.0493
K2WMnS3Se3,1.5432,-1.1230,0.2643,30.0000,24.7871,5.7590,15.7880,29.3130,0.0371,0.0428,0.0330,0.0484
Na2ZrSbO3Br3,1.5481,-1.9734,0.1528,30.0000,24.7889,5.7172,15.9400,29.3295,0.0371,0.0433,0.0330,0.0480
K2MoGaSe3Cl3,1.4869,-1.4028,1.6973,30.0000,25.1346,6.0149,15.8684,29.4520,0.0371,0.0531,0.0331,0.0486
Na2SnVSe3I3,1.2462,-0.9881,0.5130,30.0000,25.0634,8.6237,5.6347,29.5017,0.0371,0.1092,0.0330,0.1022
Na2VSbS3Se3,1.2390,-1.0075,0.3432,30.0000,25.0056,8.6503,5.5627,29.4859,0.0371,0.1092,0.0329,0.1038
Na2NbFeSe3Br3,1.2257,-1.2641,0.2306,30.0000,24.9421,8.8472,4.6373,29.5035,0.0371,0.1134,0.0329,0.1212
K2MnInS3I3,1.2856,-1.1118,1.4858,30.0000,25.2475,8.0794,8.4947,29.5592,0.0371,0.0986,0.0330,0.0746
Na2TiFeO3I3,1.5400,-1.9224,0.4635,30.0000,24.8647,5.7859,15.8277,29.3746,0.0371,0.0432,0.0330,0.0483
K2SnVSe3F3,1.5406,-2.1390,0.3186,30.0000,24.8433,5.7956,15.8176,29.3554,0.0371,0.0434,0.0330,0.0483
K2MoSbS3I3,1.2455,-0.9837,0.5135,30.0000,25.0796,8.6185,5.7769,29.5473,0.0372,0.1084,0.0329,0.1011
Na2TiGaS3I3,1.4890,-1.2554,1.7059,30.0000,25.1144,6.0044,15.8406,29.4449,0.0372,0.0534,0.0331,0.0486
Na2TaSbO3Se3,1.5238,-1.6623,0.7815,30.0000,24.9390,5.8310,15.9393,29.3745,0.0372,0.0474,0.0331,0.0484
Na2MnGaO3Br3,1.4669,-1.6518,1.8095,30.0000,25.1993,6.1849,15.6565,29.4648,0.0372,0.0582,0.0331,0.0491
K2ZrMoS3Se3,1.2380,-1.3481,0.3356,30.0000,24.9944,8.6466,5.5344,29.4943,0.0372,0.1094,0.0329,0.1043
Na2WAgO3Br3,1.4300,-1.3950,2.3900,30.0000,25.3390,6.4525,15.1452,29.5605,0.0372,0.0645,0.0332,0.0503
Na2WSbSe3F3,1.5468,-1.7615,0.3322,30.0000,24.7812,5.7039,15.8986,29.3300,0.0372,0.0421,0.0330,0.0481
K2CrAgO3I3,1.3920,-1.4053,2.5641,30.0000,25.3662,6.8670,13.9637,29.5869,0.0372,0.0739,0.0332,0.0528
K2VCuSe3Br3,1.2336,-1.2862,0.2259,30.0000,25.0441,8.7329,5.1688,29.4848,0.0372,0.1113,0.0329,0.1106
K2WAgO3Br3,1.4184,-1.4922,2.2845,30.0000,25.3453,6.5992,14.7497,29.5077,0.0372,0.0670,0.0332,0.0511
Na2MnGaS3Se3,1.4517,-1.0075,1.8490,30.0000,25.2205,6.3122,15.3282,29.4999,0.0372,0.0602,0.0331,0.0498
Na2SbAgCl3I3,1.3260,-1.0171,2.3001,30.0000,25.3576,7.5257,10.9819,29.5417,0.0372,0.0876,0.0331,0.0622
Na2VMnSe3Cl3,1.2322,-1.4292,0.2619,30.0000,24.9625,8.7438,5.0623,29.4813,0.0372,0.1118,0.0329,0.1124
Na2VZnO3Br3,1.5579,-1.7346,0.0745,30.0000,24.7200,5.6674,15.9047,29.3092,0.0372,0.0397,0.0330,0.0482
Na2VFeO3I3,1.5306,-1.7302,0.4942,30.0000,24.8409,5.8224,15.8593,29.3445,0.0372,0.0460,0.0331,0.0483
Na2MnBiS3I3,1.2378,-0.8854,0.4352,30.0000,25.0176,8.6451,5.5788,29.5166,0.0372,0.1098,0.0330,0.1038
Na2TaFeS3I3,1.5206,-1.1610,0.7951,30.0000,24.9275,5.8715,15.8991,29.3725,0.0372,0.0471,0.0331,0.0483
K2NbFeSe3Cl3,1.2300,-1.5141,0.2719,30.0000,24.9335,8.8105,4.8553,29.4556,0.0372,0.1119,0.0329,0.1173
Na2WSbO3Br3,1.5552,-1.4096,0.1829,30.0000,24.7299,5.7215,15.7977,29.3157,0.0372,0.0408,0.0330,0.0482
Na2MoWS6,1.5427,-1.1653,0.2462,30.0000,24.7680,5.7502,15.8832,29.3412,0.0372,0.0432,0.0330,0.0481
K2MoWO3Se3,1.5506,-1.4969,0.3559,30.0000,24.7357,5.7178,15.8904,29.3558,0.0372,0.0426,0.0330,0.0481
Na2MoGaSe3I3,1.2673,-0.9597,1.5095,30.0000,25.1947,8.2844,7.3033,29.5699,0.0372,0.1015,0.0330,0.0838
K2CrAgO3Br3,1.3946,-1.5743,2.7659,30.0000,25.3653,6.8131,14.1407,29.5802,0.0372,0.0733,0.0332,0.0525
Na2WBiS3I3,1.5355,-0.9643,0.4297,30.0000,24.8215,5.7767,15.8760,29.3169,0.0372,0.0449,0.0330,0.0483
Na2SnGaSe3I3,1.5032,-0.9232,1.4368,30.0000,25.0338,5.9496,15.9164,29.4181,0.0372,0.0508,0.0331,0.0485
Na2CrMnO6,1.5585,-2.0326,0.0249,30.0000,24.7005,5.7272,15.8082,29.3034,0.0372,0.0419,0.0330,0.0481
Na2MoFeS3I3,1.2300,-0.9719,0.4946,30.0000,24.9548,8.7813,4.9026,29.4785,0.0372,0.1128,0.0329,0.1155
K2SbAgO3Se3,1.4165,-1.2251,2.7037,30.0000,25.3614,6.5462,14.9029,29.5371,0.0372,0.0663,0.0332,0.0508
Li2MoGaS3Br3,1.4796,-1.1836,1.7422,30.0000,25.1268,6.0614,15.7172,29.4738,0.0372,0.0531,0.0332,0.0490
K2MoFeSe3Br3,1.2242,-1.2274,0.2616,30.0000,24.9323,8.8144,4.7501,29.5036,0.0372,0.1123,0.0329,0.1185
Na2SnBiO3I3,1.5430,-1.2707,0.4634,30.0000,24.8302,5.7828,15.8216,29.3282,0.0372,0.0451,0.0331,0.0483
K2VCuSe3I3,1.2276,-1.0759,0.5018,30.0000,24.9991,8.7981,5.0310,29.5220,0.0372,0.1122,0.0329,0.1129
Na2VMnS3I3,1.2289,-1.1676,0.4669,30.0000,24.9863,8.7356,5.2269,29.4801,0.0372,0.1117,0.0330,0.1100
K2TiGaSe3Br3,1.5079,-1.5984,1.4036,30.0000,25.0224,5.8854,15.9549,29.4106,0.0372,0.0482,0.0331,0.0484
K2CrMoO3Br3,1.5603,-1.6673,0.1638,30.0000,24.7137,5.7331,15.7205,29.2884,0.0372,0.0411,0.0331,0.0484
Na2NbTaSe6,1.2316,-1.1532,0.7370,30.0000,25.0130,8.7603,5.0663,29.5304,0.0372,0.1115,0.0330,0.1129
Na2MoSbSe3Cl3,1.2298,-1.1237,0.3712,30.0000,24.9758,8.8025,4.8577,29.4937,0.0372,0.1123,0.0329,0.1161
K2MnGaS3Se3,1.2883,-1.1217,1.7521,30.0000,25.2146,8.0312,8.6140,29.5356,0.0372,0.0975,0.0331,0.0742
K2WBiS3I3,1.5392,-1.0888,0.4232,30.0000,24.7941,5.7982,15.8411,29.3487,0.0372,0.0442,0.0331,0.0482
Na2MnGaSe3Cl3,1.2879,-1.3042,1.8027,30.0000,25.2243,8.0700,8.3077,29.5285,0.0372,0.0983,0.0331,0.0762
K2MnSbCl3I3,1.2390,-1.3398,0.4440,30.0000,24.9823,8.6919,5.4671,29.4973,0.0372,0.1098,0.0330,0.1058
K2MnZnI6,1.2338,-1.1086,0.5610,30.0000,25.0319,8.7074,5.3210,29.5007,0.0372,0.1098,0.0330,0.1075
Na2SnTaSe3Cl3,1.5374,-1.4601,0.6905,30.0000,24.8128,5.7739,15.8791,29.3370,0.0372,0.0450,0.0331,0.0483
K2ZrBiSe3I3,1.5493,-1.3576,0.4686,30.0000,24.7837,5.7558,15.8382,29.3349,0.0372,0.0437,0.0330,0.0483
Na2TaMnSe3Br3,1.2373,-1.3928,0.5911,30.0000,25.0094,8.6957,5.3328,29.5333,0.0372,0.1102,0.0330,0.1077
Na2WGaSe3Br3,1.5099,-1.1444,1.2690,30.0000,24.9547,5.9339,15.8309,29.4048,0.0372,0.0505,0.0331,0.0486
Na2MoAgO3I3,1.3264,-1.3085,2.5961,30.0000,25.3770,7.5650,10.8663,29.5794,0.0372,0.0883,0.0332,0.0630
Na2SbAgO3Se3,1.4385,-1.2021,2.8454,30.0000,25.3315,6.3589,15.4163,29.5335,0.0372,0.0622,0.0332,0.0498
K2MoAgO3I3,1.3410,-1.3360,2.4892,30.0000,25.3304,7.4108,11.5964,29.5264,0.0372,0.0859,0.0332,0.0603
Na2NbFeSe3Cl3,1.2253,-1.3620,0.2739,30.0000,24.9303,8.8188,4.9014,29.4939,0.0372,0.1131,0.0329,0.1161
Na2MnZnF3I3,1.5450,-2.0236,0.4444,30.0000,24.7849,5.7985,15.7676,29.3253,0.0372,0.0455,0.0330,0.0484
K2ZrCrO3Se3,1.5545,-2.0596,0.2686,30.0000,24.7107,5.7560,15.7484,29.3046,0.0372,0.0433,0.0330,0.0483
Na2VZnS3Br3,1.2201,-1.2533,0.0782,30.0000,24.9005,8.8668,4.4503,29.4858,0.0372,0.1144,0.0329,0.1237
Na2VTaS6,1.5380,-1.4126,0.7834,30.0000,24.8249,5.7016,16.0313,29.3402,0.0372,0.0422,0.0331,0.0480
K2TaCuO3Cl3,1.5446,-2.0429,0.7347,30.0000,24.8210,5.6970,15.9225,29.3494,0.0372,0.0416,0.0331,0.0482
Na2TaZnS3I3,1.5321,-1.1568,0.7873,30.0000,24.8553,5.8080,15.7999,29.3778,0.0372,0.0447,0.0331,0.0484
K2ZrCrS3I3,1.2261,-1.3584,0.4301,30.0000,24.9575,8.8551,4.6886,29.5339,0.0372,0.1136,0.0329,0.1199
Na2TiBiS3I3,1.5507,-1.0596,0.4421,30.0000,24.7511,5.7214,15.8483,29.2707,0.0372,0.0431,0.0331,0.0483
K2FeCuF3I3,1.2333,-1.9459,0.4420,30.0000,24.9414,8.7864,4.9460,29.4958,0.0372,0.1111,0.0329,0.1150
K2TaZnO3I3,1.5288,-1.7924,0.8070,30.0000,24.8761,5.8343,15.8552,29.3484,0.0372,0.0463,0.0331,0.0484
Na2WFeS3I3,1.5492,-1.0190,0.4227,30.0000,24.7650,5.7576,15.8041,29.3591,0.0372,0.0427,0.0330,0.0484
Na2CrMnO3Br3,1.5610,-1.7228,0.0321,30.0000,24.6514,5.6851,15.8542,29.2754,0.0372,0.0402,0.0330,0.0482
K2SnCrS3I3,1.2226,-1.0560,0.4374,30.0000,24.9784,8.8085,4.8251,29.4786,0.0372,0.1132,0.0330,0.1177
Na2WInSe3I3,1.5258,-1.0024,1.2673,30.0000,24.9088,5.8105,15.9633,29.4300,0.0372,0.0471,0.0331,0.0482
K2MnGaSe6,1.2589,-1.0754,1.5341,30.0000,25.1772,8.3774,6.8637,29.5095,0.0372,0.1042,0.0331,0.0883
Na2ZrCrO3Cl3,1.5590,-2.1292,0.0709,30.0000,24.6566,5.7227,15.7225,29.2658,0.0372,0.0417,0.0330,0.0483
K2ZrSbS3I3,1.5591,-1.3279,0.4584,30.0000,24.7424,5.7019,15.9010,29.3088,0.0372,0.0418,0.0331,0.0482
K2ZrGaSe3Br3,1.5046,-1.6464,1.3401,30.0000,24.9743,5.9797,15.8201,29.4174,0.0372,0.0521,0.0331,0.0487
K2ZrGaSe3I3,1.5101,-1.4019,1.4178,30.0000,24.9721,5.9049,15.8684,29.3834,0.0372,0.0491,0.0332,0.0483
K2CuZnF3I3,1.2210,-1.9604,0.4380,30.0000,24.9192,8.8329,4.7200,29.4587,0.0372,0.1134,0.0330,0.1197
Na2CrMnO3I3,1.5628,-1.5906,0.4635,30.0000,24.6889,5.6992,15.7894,29.2956,0.0372,0.0414,0.0331,0.0485
Na2ZrCrO3S3,1.5692,-2.0327,0.0879,30.0000,24.6290,5.6821,15.7368,29.2673,0.0372,0.0398,0.0331,0.0484
Na2MnSbCl3I3,1.2265,-1.2323,0.4534,30.0000,24.9401,8.8177,4.7402,29.4916,0.0372,0.1136,0.0330,0.1191
K2VMnSe3Cl3,1.2248,-1.5486,0.2604,30.0000,24.9202,8.8836,4.5205,29.4651,0.0372,0.1141,0.0329,0.1244
Na2CrWO3I3,1.5523,-1.5329,0.4513,30.0000,24.6997,5.7222,15.8713,29.3022,0.0372,0.0417,0.0330,0.0483
Na2NbZnSe3Br3,1.2171,-1.2327,0.2298,30.0000,24.8935,8.9651,4.1678,29.4827,0.0372,0.1157,0.0329,0.1318
Na2CrAgO3Br3,1.3656,-1.5201,2.9309,30.0000,25.3666,7.1354,12.8197,29.5858,0.0372,0.0798,0.0332,0.0561
Na2TiCrS3I3,1.2280,-1.3110,0.4453,30.0000,24.9376,8.8126,4.7403,29.4795,0.0372,0.1126,0.0330,0.1183
Na2TiGaSe3Br3,1.5220,-1.4345,1.4623,30.0000,24.9573,5.8907,15.7649,29.3773,0.0372,0.0476,0.0331,0.0487
K2SnTaSe3Cl3,1.5570,-1.6033,0.6703,30.0000,24.7482,5.6879,15.8554,29.3191,0.0372,0.0417,0.0331,0.0483
K2MnGaS3Br3,1.2653,-1.2941,1.5638,30.0000,25.1500,8.3502,7.1569,29.5136,0.0372,0.1046,0.0331,0.0856
Na2SnTaS3Br3,1.5488,-1.2772,0.5636,30.0000,24.7114,5.7163,15.8730,29.3057,0.0372,0.0429,0.0331,0.0483
Na2SnVSe3Cl3,1.2168,-1.3824,0.2943,30.0000,24.8641,8.9949,3.9545,29.4953,0.0372,0.1161,0.0329,0.1394
K2NbFeS3Br3,1.2174,-1.3866,0.1128,30.0000,24.8947,8.9104,4.3967,29.4941,0.0372,0.1148,0.0329,0.1263
K2VCuS3I3,1.2246,-1.1391,0.4594,30.0000,24.9421,8.8746,4.5201,29.4539,0.0372,0.1131,0.0330,0.1232
K2VMnO3Br3,1.5705,-2.0040,0.0855,30.0000,24.6053,5.6312,15.8072,29.2488,0.0373,0.0393,0.0330,0.0482
K2VNbS3Se3,1.2182,-1.2905,0.3285,30.0000,24.8795,8.8949,4.4535,29.5015,0.0373,0.1147,0.0330,0.1260
K2SnSbS3Br3,1.5651,-1.0560,0.1738,30.0000,24.6061,5.6707,15.7769,29.2739,0.0373,0.0394,0.0331,0.0484
Na2ZrInS3I3,1.5217,-1.3525,1.4913,30.0000,24.9254,5.8895,15.7339,29.3792,0.0373,0.0482,0.0331,0.0488
Na2MnGaSe3Br3,1.2550,-1.2229,1.4428,30.0000,25.0791,8.4936,6.3794,29.5016,0.0373,0.1076,0.0331,0.0938
Na2VCuSe3Cl3,1.2168,-1.2694,0.2701,30.0000,24.9179,8.9982,4.0093,29.4719,0.0373,0.1164,0.0330,0.1377
Li2MoWS6,1.5667,-1.0985,0.2640,30.0000,24.6024,5.7092,15.6236,29.3198,0.0373,0.0394,0.0331,0.0487
Na2NbMnSe3Cl3,1.2100,-1.4140,0.2759,30.0000,24.8535,9.0318,3.8703,29.4652,0.0373,0.1169,0.0329,0.1417
Na2SnCrSe3I3,1.2197,-0.9850,0.4901,30.0000,24.9070,8.9190,4.3574,29.5191,0.0373,0.1152,0.0329,0.1276
K2NbSbS6,1.5684,-1.0726,0.2401,30.0000,24.6080,5.6921,15.7477,29.2759,0.0373,0.0408,0.0331,0.0484
Na2SnBiS3I3,1.5594,-0.9007,0.4435,30.0000,24.6906,5.6966,15.8216,29.3095,0.0373,0.0403,0.0331,0.0483
K2MoSbS3Br3,1.2232,-1.1593,0.2238,30.0000,24.8635,8.8899,4.4111,29.4783,0.0373,0.1137,0.0330,0.1264
Na2SnFeO3Se3,1.5737,-1.3676,0.2803,30.0000,24.6080,5.6421,15.7981,29.3003,0.0373,0.0378,0.0331,0.0484
Na2MoAgO3Br3,1.3088,-1.3927,2.8019,30.0000,25.3205,7.7824,9.8919,29.5655,0.0373,0.0936,0.0332,0.0673
K2ZrInSe3Br3,1.5418,-1.6496,1.2332,30.0000,24.8274,5.7540,15.8622,29.3695,0.0373,0.0440,0.0332,0.0484
Na2NbMnSe3Br3,1.2004,-1.3363,0.2322,30.0000,24.8127,9.1017,3.6636,29.4965,0.0373,0.1176,0.0329,0.1489
Na2MnInO6,1.4800,-2.0961,2.5680,30.0000,25.1353,6.1215,15.6925,29.4449,0.0373,0.0568,0.0333,0.0493
K2NbMnO3I3,1.5652,-2.0329,0.4801,30.0000,24.6349,5.7033,15.8290,29.2805,0.0373,0.0410,0.0331,0.0484
Na2ZrBiSe3I3,1.5584,-1.2127,0.4764,30.0000,24.6198,5.6880,15.8132,29.2639,0.0373,0.0403,0.0331,0.0486
Na2VMnS3Br3,1.2063,-1.3416,0.0782,30.0000,24.8044,9.0953,3.5963,29.4469,0.0373,0.1182,0.0329,0.1499
K2VTaS6,1.5551,-1.4374,0.7484,30.0000,24.6955,5.7061,15.7727,29.3118,0.0373,0.0401,0.0331,0.0486
Na2NbSbS6,1.5750,-1.0624,0.2403,30.0000,24.5667,5.6472,15.8554,29.2638,0.0373,0.0395,0.0331,0.0482
Na2FeMnO3Cl3,1.5791,-1.6773,0.0093,30.0000,24.5622,5.6384,15.7917,29.2491,0.0373,0.0376,0.0331,0.0484
Na2SnCrO3I3,1.5668,-1.4542,0.4717,30.0000,24.6588,5.7027,15.8067,29.2831,0.0373,0.0419,0.0331,0.0484
K2VCuO3F3,1.2088,-2.6070,0.1335,30.0000,24.8168,9.0642,3.8045,29.4600,0.0373,0.1162,0.0329,0.1420
Na2SnCuO3Se3,1.2106,-1.3362,0.2901,30.0000,24.8289,9.0250,3.9472,29.4705,0.0373,0.1177,0.0330,0.1393
K2TiInS3I3,1.5389,-1.3578,1.5036,30.0000,24.8765,5.7672,15.9159,29.3593,0.0373,0.0444,0.0331,0.0484
Na2WBiO3Br3,1.5787,-1.4162,0.1825,30.0000,24.5130,5.6104,15.7819,29.2310,0.0373,0.0381,0.0331,0.0484
K2SnVSe3I3,1.2129,-1.0791,0.5027,30.0000,24.8868,8.9735,4.1408,29.4794,0.0373,0.1158,0.0330,0.1328
Na2MoWSe6,1.2105,-0.9980,0.4073,30.0000,24.8515,9.0316,3.8353,29.4742,0.0373,0.1164,0.0330,0.1444
K2VZnS3Br3,1.2030,-1.3746,0.0879,30.0000,24.8001,9.0799,3.8597,29.5109,0.0373,0.1171,0.0329,0.1414
Na2ZrCrO3Se3,1.5731,-2.1215,0.2707,30.0000,24.5475,5.6443,15.7679,29.2556,0.0373,0.0391,0.0331,0.0484
K2TiMoS3Se3,1.2065,-1.3762,0.3341,30.0000,24.8457,9.1104,3.5220,29.5209,0.0373,0.1187,0.0329,0.1528
K2MoAgO3Br3,1.3141,-1.4587,2.6569,30.0000,25.2781,7.7271,9.9704,29.5624,0.0373,0.0912,0.0332,0.0667
K2ZrFeSe3I3,1.2107,-1.3068,0.4693,30.0000,24.8284,9.0066,3.8794,29.4626,0.0373,0.1172,0.0330,0.1411
Na2MoSbS3I3,1.2232,-0.9063,0.5255,30.0000,24.8933,8.8685,4.5339,29.4649,0.0373,0.1142,0.0330,0.1242
K2ZrCrO3S3,1.5856,-2.0710,0.1011,30.0000,24.5026,5.6339,15.6718,29.2486,0.0373,0.0370,0.0331,0.0485
Na2ZrFeO3Cl3,1.5863,-2.0907,0.0592,30.0000,24.4660,5.6201,15.7144,29.2480,0.0373,0.0365,0.0331,0.0484
K2MoInSe3I3,1.2284,-1.0478,1.3661,30.0000,25.0062,8.8197,4.7412,29.4966,0.0373,0.1132,0.0331,0.1201
K2MnGaS3I3,1.2545,-1.1325,1.6152,30.0000,25.0505,8.4342,6.5586,29.5162,0.0373,0.1059,0.0331,0.0911
Na2CrMnO3Se3,1.5759,-1.5595,0.2527,30.0000,24.5496,5.6427,15.7044,29.2427,0.0373,0.0378,0.0331,0.0485
Na2VMnSe3I3,1.2106,-1.1622,0.5102,30.0000,24.8656,9.0144,4.0121,29.4886,0.0373,0.1169,0.0330,0.1365
K2VCuS3Br3,1.1984,-1.2974,0.0987,30.0000,24.7624,9.1637,3.4029,29.4571,0.0373,0.1205,0.0330,0.1598
Na2MoFeSe3Br3,1.2049,-1.0868,0.2628,30.0000,24.8088,9.1228,3.5160,29.4466,0.0373,0.1191,0.0330,0.1547
Na2CrWSe6,1.2086,-1.0866,0.3523,30.0000,24.8178,9.0826,3.6846,29.4469,0.0373,0.1184,0.0330,0.1490
K2MnGaSe3Br3,1.2359,-1.3097,1.3857,30.0000,24.9850,8.7376,5.1925,29.5322,0.0373,0.1120,0.0331,0.1105
K2SnGaSe3Br3,1.5472,-1.2419,1.3136,30.0000,24.7986,5.6928,15.9027,29.3249,0.0373,0.0422,0.0332,0.0484
Na2TiGaS3Br3,1.5263,-1.3995,1.6760,30.0000,24.9021,5.8339,15.8885,29.3961,0.0373,0.0465,0.0332,0.0485
Na2MnInS3I3,1.2414,-1.0469,1.5439,30.0000,25.0416,8.6575,5.5604,29.5183,0.0373,0.1108,0.0331,0.1054
K2VFeO3Cl3,1.5793,-1.9971,0.0945,30.0000,24.5291,5.6822,15.6184,29.2520,0.0373,0.0387,0.0331,0.0486
Na2SnWS3Se3,1.5754,-1.0075,0.2919,30.0000,24.5379,5.6350,15.7046,29.2488,0.0373,0.0374,0.0331,0.0484
Na2NbFeS3Br3,1.2064,-1.2494,0.1052,30.0000,24.7564,9.0545,3.6810,29.4561,0.0373,0.1187,0.0330,0.1487
K2TaSbS6,1.5638,-1.1270,0.7138,30.0000,24.6772,5.7146,15.7794,29.3257,0.0373,0.0405,0.0331,0.0485
K2NbTaO6,1.5580,-2.9506,0.8563,30.0000,24.6957,5.6695,15.8471,29.3121,0.0373,0.0413,0.0331,0.0484
Na2MoGaSe3Br3,1.2443,-1.1346,1.4476,30.0000,25.0420,8.6320,5.6947,29.4890,0.0373,0.1105,0.0331,0.1022
Na2VCuS3Br3,1.1969,-1.1957,0.0897,30.0000,24.7830,9.2008,3.2783,29.4386,0.0373,0.1209,0.0329,0.1635
K2CrMoS3Se3,1.2053,-1.1883,0.3329,30.0000,24.7593,9.0772,3.7044,29.4669,0.0374,0.1179,0.0329,0.1462
Na2ZrCrO3I3,1.5733,-2.0086,0.4649,30.0000,24.5634,5.6773,15.6925,29.2872,0.0374,0.0399,0.0331,0.0485
Na2SnVSe3Br3,1.2008,-1.3196,0.2484,30.0000,24.7700,9.1494,3.4241,29.4235,0.0374,0.1195,0.0330,0.1597
Na2NbZnO3Br3,1.5835,-1.8107,0.1058,30.0000,24.4701,5.6138,15.7000,29.2099,0.0374,0.0363,0.0331,0.0485
Na2MoFeO3Br3,1.5819,-1.5554,0.1499,30.0000,24.4799,5.6471,15.6172,29.2251,0.0374,0.0372,0.0331,0.0487
K2WInSe3I3,1.5546,-1.0408,1.2340,30.0000,24.6942,5.7258,15.8462,29.3200,0.0374,0.0435,0.0332,0.0485
K2MnGaS6,1.5163,-1.1768,2.1252,30.0000,24.9379,5.8704,15.9045,29.3900,0.0374,0.0490,0.0332,0.0487
K2TiWS6,1.5864,-1.4891,0.1495,30.0000,24.4644,5.6562,15.5546,29.1929,0.0374,0.0380,0.0331,0.0488
K2NbTaS3Se3,1.5628,-1.2792,0.7204,30.0000,24.5989,5.7396,15.7195,29.3149,0.0374,0.0425,0.0331,0.0485
Na2SnGaO3I3,1.5349,-1.4066,1.6885,30.0000,24.8808,5.8366,15.8282,29.4012,0.0374,0.0466,0.0332,0.0487
K2WAgO3I3,1.5135,-1.3702,2.2010,30.0000,24.9469,5.9469,15.7107,29.3739,0.0374,0.0502,0.0333,0.0491
Na2ZrGaSe3I3,1.5402,-1.3021,1.4639,30.0000,24.8096,5.7873,15.7600,29.3357,0.0374,0.0446,0.0332,0.0487
Na2MnInO3Cl3,1.5243,-1.8285,2.1643,30.0000,24.9251,5.8268,15.8566,29.3661,0.0374,0.0467,0.0333,0.0486
Na2ZrInO3I3,1.5423,-2.0431,1.5889,30.0000,24.7816,5.7688,15.8857,29.3476,0.0374,0.0441,0.0332,0.0484
K2ZrFeO3Br3,1.5903,-2.0517,0.0695,30.0000,24.4083,5.6193,15.6614,29.2066,0.0374,0.0371,0.0331,0.0486
Na2MoFeSe3I3,1.2040,-0.9463,0.5306,30.0000,24.7616,9.0999,3.6117,29.4874,0.0374,0.1189,0.0330,0.1512
Na2SnCrO3Br3,1.5899,-1.6508,0.0970,30.0000,24.4048,5.6048,15.5763,29.2130,0.0374,0.0348,0.0331,0.0487
K2VCuSe3Cl3,1.1971,-1.4029,0.2681,30.0000,24.7423,9.1754,3.3565,29.4501,0.0374,0.1207,0.0330,0.1605
Na2ZrSbO3I3,1.5853,-1.8838,0.4930,30.0000,24.5120,5.6396,15.6818,29.2434,0.0374,0.0364,0.0332,0.0487
Na2AgInBr3I3,1.2712,-1.1461,2.8167,30.0000,25.2197,8.2237,7.6599,29.5418,0.0374,0.1029,0.0332,0.0820
Na2MnGaS6,1.5125,-1.1061,2.2928,30.0000,24.9989,5.8813,15.9299,29.4199,0.0374,0.0496,0.0333,0.0487
Na2SbZnO3I3,1.2053,-1.1825,0.4868,30.0000,24.8088,9.1190,3.5682,29.4577,0.0374,0.1196,0.0330,0.1527
K2SnGaO3Br3,1.5523,-1.6051,1.5728,30.0000,24.7597,5.7333,15.9130,29.3252,0.0374,0.0440,0.0332,0.0486
K2MoFeS3Br3,1.1951,-1.2661,0.1517,30.0000,24.7026,9.2004,3.2457,29.4438,0.0374,0.1207,0.0330,0.1657
K2ZrFeS3I3,1.1955,-1.3293,0.4224,30.0000,24.7359,9.2079,3.2041,29.4680,0.0374,0.1211,0.0330,0.1676
K2ZrCrO3Cl3,1.5940,-2.2124,0.0852,30.0000,24.3824,5.6263,15.5714,29.1968,0.0374,0.0351,0.0331,0.0488
K2NbZnO3I3,1.5784,-1.7805,0.4738,30.0000,24.5211,5.6835,15.6372,29.2551,0.0374,0.0399,0.0331,0.0487
Na2TaCuSe3Br3,1.2059,-1.2128,0.5928,30.0000,24.7953,9.0783,3.7690,29.4732,0.0374,0.1182,0.0330,0.1447
K2TiFeSe3Br3,1.2002,-1.4531,0.1894,30.0000,24.7209,9.1744,3.3641,29.4163,0.0374,0.1191,0.0330,0.1615
K2TaSbS3Se3,1.5834,-1.1199,0.7118,30.0000,24.5092,5.6575,15.6746,29.2707,0.0374,0.0383,0.0332,0.0487
K2MnGaSe3I3,1.2180,-1.1441,1.4589,30.0000,24.9438,8.8950,4.4579,29.4881,0.0374,0.1152,0.0331,0.1256
K2TaZnS3I3,1.5787,-1.2333,0.7652,30.0000,24.5570,5.6264,15.6764,29.2504,0.0374,0.0364,0.0331,0.0487
K2WBiO3I3,1.5898,-1.4285,0.4398,30.0000,24.4491,5.5766,15.8335,29.2302,0.0374,0.0358,0.0331,0.0484
K2TiFeO3Br3,1.6013,-2.0305,0.0431,30.0000,24.3539,5.6094,15.6472,29.2266,0.0374,0.0350,0.0331,0.0487
K2SnGaSe3F3,1.5503,-2.0574,1.7294,30.0000,24.7515,5.7733,15.7414,29.3225,0.0374,0.0439,0.0332,0.0489
K2GeBiSe3I3,1.4110,-0.9739,3.9255,30.0000,25.2886,6.6349,14.7073,29.5019,0.0374,0.0705,0.0334,0.0517
K2TiSbSe3Br3,1.1951,-1.4559,0.2488,30.0000,24.7074,9.1906,3.3217,29.4461,0.0374,0.1211,0.0330,0.1625
Li2MoWO3Se3,1.5916,-1.5243,0.3836,30.0000,24.4246,5.6504,15.5284,29.1797,0.0374,0.0365,0.0331,0.0489
Na2MnSbS3I3,1.2065,-0.8828,0.4671,30.0000,24.7508,9.0878,3.6699,29.4417,0.0374,0.1178,0.0330,0.1490
K2FeMnO3I3,1.5919,-1.5776,0.4427,30.0000,24.4626,5.6720,15.5681,29.2075,0.0374,0.0385,0.0331,0.0487
Li2WGaS3Br3,1.5556,-1.1532,1.4696,30.0000,24.7192,5.7311,15.8027,29.3273,0.0374,0.0425,0.0332,0.0488
Na2TiCrSe3Br3,1.1865,-1.4242,0.1941,30.0000,24.6300,9.2841,2.9740,29.4468,0.0374,0.1228,0.0329,0.1781
K2ZrGaS3I3,1.5526,-1.3787,1.5581,30.0000,24.7271,5.7584,15.8438,29.3626,0.0374,0.0423,0.0332,0.0487
K2VZnSe3Cl3,1.1922,-1.4659,0.2569,30.0000,24.6902,9.2302,3.1951,29.4163,0.0374,0.1217,0.0330,0.1687
Li2MoGaSe3Cl3,1.5385,-1.3143,1.8928,30.0000,24.7959,5.7569,15.8653,29.3066,0.0374,0.0454,0.0333,0.0487
Na2ZrCrS3I3,1.1920,-1.3312,0.4394,30.0000,24.7282,9.1990,3.3259,29.4376,0.0374,0.1210,0.0330,0.1623
K2SnZnO3Se3,1.5906,-1.3298,0.2759,30.0000,24.3981,5.6258,15.5586,29.1867,0.0374,0.0347,0.0332,0.0488
Na2TiMoO3Se3,1.5961,-2.0024,0.3631,30.0000,24.3984,5.6270,15.5320,29.1929,0.0374,0.0364,0.0332,0.0488
Na2VTaSe6,1.2044,-1.1866,0.7536,30.0000,24.8183,9.0992,3.6223,29.4810,0.0375,0.1191,0.0330,0.1500
K2CrMoO3Se3,1.5945,-1.6214,0.3536,30.0000,24.3883,5.6189,15.6336,29.1900,0.0375,0.0361,0.0332,0.0487
Na2WAgO3F3,1.4902,-2.3080,3.3606,30.0000,25.1002,6.0375,15.7450,29.4561,0.0375,0.0540,0.0334,0.0492
Na2MoAgO3Cl3,1.4714,-1.5795,3.7079,30.0000,25.1757,6.1681,15.6082,29.4880,0.0375,0.0590,0.0334,0.0497
K2WGaSe3Br3,1.5684,-1.3425,1.2279,30.0000,24.6132,5.6449,15.7958,29.2612,0.0375,0.0378,0.0332,0.0486
K2ZrSbSe3Cl3,1.5960,-1.6614,0.2966,30.0000,24.4171,5.6129,15.5512,29.1907,0.0375,0.0351,0.0331,0.0489
K2NbMnO3Br3,1.6101,-2.0828,0.1146,30.0000,24.3123,5.6107,15.5598,29.1458,0.0375,0.0365,0.0332,0.0488
Na2VZnSe3I3,1.1967,-1.1082,0.5045,30.0000,24.7001,9.1748,3.4079,29.4520,0.0375,0.1203,0.0330,0.1590
Na2SnSbS3Br3,1.6042,-1.0011,0.1705,30.0000,24.3678,5.6322,15.5173,29.1819,0.0375,0.0357,0.0331,0.0489
Na2MnGaS3I3,1.2278,-1.0069,1.6838,30.0000,24.9327,8.8298,4.8509,29.4681,0.0375,0.1134,0.0332,0.1176
Na2VCuSe3I3,1.1974,-0.9595,0.5128,30.0000,24.7110,9.1573,3.4477,29.4542,0.0375,0.1195,0.0330,0.1574
Na2MoFeS3Br3,1.1830,-1.1315,0.1465,30.0000,24.6051,9.3655,2.7788,29.4460,0.0375,0.1245,0.0330,0.1904
Na2WAgS3I3,1.5379,-0.9329,2.1552,30.0000,24.8293,5.7927,15.8879,29.3829,0.0375,0.0459,0.0333,0.0486
Na2SnGaSe3F3,1.5635,-1.8325,1.8204,30.0000,24.7324,5.6695,15.8797,29.3355,0.0375,0.0404,0.0333,0.0486
Na2WAgO3Cl3,1.5115,-1.5634,3.0225,30.0000,24.9847,5.8442,15.9989,29.4068,0.0375,0.0490,0.0334,0.0487
K2GeSbSe3I3,1.4101,-0.9356,4.2925,30.0000,25.3174,6.6640,14.5362,29.5507,0.0375,0.0712,0.0334,0.0522
K2MoFeSe3F3,1.5969,-2.0573,0.3395,30.0000,24.3801,5.6430,15.5267,29.2090,0.0375,0.0367,0.0332,0.0489
K2NbFeO3Br3,1.6043,-2.0144,0.1128,30.0000,24.3204,5.6244,15.4945,29.1551,0.0375,0.0354,0.0332,0.0489
K2TiFeO3Cl3,1.6068,-2.1324,0.0380,30.0000,24.2674,5.6391,15.3755,29.1690,0.0375,0.0339,0.0331,0.0490
K2ZrWS6,1.6015,-1.4793,0.1659,30.0000,24.3447,5.6358,15.4961,29.1931,0.0375,0.0365,0.0331,0.0488
K2FeMnSe3I3,1.1886,-1.1299,0.4685,30.0000,24.6636,9.2844,2.9957,29.4394,0.0375,0.1236,0.0330,0.1767
Na2SnCrO3Se3,1.6008,-1.4792,0.2900,30.0000,24.3428,5.6387,15.5223,29.1654,0.0375,0.0354,0.0332,0.0489
K2NbCuO3F3,1.5985,-2.6183,0.1715,30.0000,24.2876,5.6219,15.5056,29.1660,0.0375,0.0364,0.0331,0.0487
K2SnVS3Br3,1.1793,-1.3565,0.1380,30.0000,24.5560,9.4286,2.5419,29.4240,0.0375,0.1257,0.0330,0.2058
K2SnVSe3Cl3,1.1889,-1.5781,0.2912,30.0000,24.5788,9.2928,2.9070,29.4207,0.0375,0.1229,0.0330,0.1815
K2GeSbSe3Br3,1.3861,-1.0972,4.7594,30.0000,25.3831,6.8978,13.7261,29.5568,0.0375,0.0754,0.0335,0.0543
Na2TiCrO3Se3,1.6109,-2.0830,0.2621,30.0000,24.2803,5.6153,15.3918,29.1912,0.0375,0.0339,0.0332,0.0490
Na2TaMnO3Cl3,1.5926,-2.1272,0.7713,30.0000,24.4119,5.6466,15.4726,29.1753,0.0375,0.0371,0.0332,0.0490
K2SnCuS3Se3,1.1809,-0.9078,0.2728,30.0000,24.5509,9.3774,2.6321,29.4147,0.0375,0.1253,0.0330,0.1987
Na2CuZnCl3I3,1.1818,-1.1402,0.4144,30.0000,24.5634,9.3543,2.7538,29.4472,0.0375,0.1255,0.0330,0.1921
Na2ZrGaS3Br3,1.5672,-1.5130,1.5705,30.0000,24.6445,5.6531,15.8130,29.2932,0.0375,0.0398,0.0332,0.0487
K2SnMnBr3I3,1.1815,-1.2604,0.3634,30.0000,24.6365,9.3855,2.7939,29.4318,0.0375,0.1244,0.0330,0.1907
Na2GeSbSe3I3,1.3869,-0.8202,4.4448,30.0000,25.3225,6.9293,13.5997,29.5563,0.0375,0.0764,0.0334,0.0544
K2FeMnO3Cl3,1.6183,-1.7297,0.0307,30.0000,24.2343,5.5906,15.4287,29.1522,0.0375,0.0322,0.0332,0.0490
K2MnInO3Cl3,1.5577,-1.8715,2.0100,30.0000,24.7218,5.7123,15.7812,29.3095,0.0375,0.0424,0.0333,0.0488
Na2FeMnO3Br3,1.6124,-1.6871,0.0233,30.0000,24.2810,5.5470,15.6145,29.1395,0.0375,0.0325,0.0331,0.0486
Na2CrAgO3I3,1.2489,-1.3069,2.6822,30.0000,25.0279,8.5740,5.8668,29.4768,0.0375,0.1102,0.0333,0.1014
K2TaZnO3Cl3,1.5883,-2.0849,0.7203,30.0000,24.3978,5.6273,15.6569,29.1614,0.0375,0.0385,0.0332,0.0488
Na2ZrGaS3I3,1.5688,-1.3347,1.6203,30.0000,24.6292,5.6882,15.7797,29.3169,0.0375,0.0402,0.0333,0.0488
Na2SnInSe3Br3,1.5808,-1.1572,1.2534,30.0000,24.5149,5.6407,15.7822,29.2561,0.0375,0.0398,0.0332,0.0487
K2WAgS3I3,1.5600,-1.0438,2.0822,30.0000,24.7214,5.7426,15.7310,29.3313,0.0375,0.0414,0.0333,0.0488
Na2VZnS3I3,1.1811,-1.1353,0.4606,30.0000,24.6024,9.4119,2.6202,29.4432,0.0375,0.1259,0.0330,0.2017
Li2GeWSe6,1.3760,-0.9475,4.9073,30.0000,25.3672,7.0581,13.2431,29.5682,0.0375,0.0801,0.0335,0.0556
Na2MoInSe3Br3,1.1924,-1.1512,1.3300,30.0000,24.7264,9.1496,3.5285,29.4213,0.0376,0.1203,0.0331,0.1562
K2SnSbO3I3,1.6042,-1.2955,0.4868,30.0000,24.3144,5.5904,15.6001,29.1670,0.0376,0.0349,0.0332,0.0489
K2MoBiO3Br3,1.6145,-1.4722,0.2260,30.0000,24.2245,5.6139,15.3635,29.1381,0.0376,0.0357,0.0332,0.0490
Na2SnGeBr6,1.3931,-1.2227,4.8017,30.0000,25.3644,6.8182,14.0404,29.5268,0.0376,0.0746,0.0335,0.0532
K2CuZnCl3I3,1.1781,-1.2572,0.4062,30.0000,24.5340,9.4130,2.6329,29.4128,0.0376,0.1257,0.0330,0.2004
Na2CrWO3Se3,1.6165,-1.5974,0.2854,30.0000,24.2419,5.5774,15.5448,29.1311,0.0376,0.0352,0.0332,0.0489
Na2VFeS3I3,1.1828,-1.0607,0.4650,30.0000,24.5931,9.3904,2.6991,29.4530,0.0376,0.1249,0.0330,0.1946
K2WFeS3I3,1.6060,-1.0744,0.4152,30.0000,24.2833,5.6507,15.4413,29.1553,0.0376,0.0354,0.0332,0.0491
K2GeZnBr6,1.4033,-1.4184,4.9094,30.0000,25.3322,6.6993,14.6257,29.5896,0.0376,0.0715,0.0335,0.0522
Li2GeVSe3I3,1.3522,-0.9865,5.0077,30.0000,25.3713,7.2653,12.2718,29.5918,0.0376,0.0839,0.0335,0.0586
K2TiCrSe3Br3,1.1692,-1.5832,0.1963,30.0000,24.4920,9.5051,2.3535,29.4138,0.0376,0.1281,0.0330,0.2198
Na2ZrGaSe3Cl3,1.5756,-1.5968,1.7160,30.0000,24.5874,5.6541,15.8299,29.2472,0.0376,0.0398,0.0333,0.0488
K2SnSbS3I3,1.6102,-0.9760,0.4641,30.0000,24.2677,5.6028,15.4599,29.1582,0.0376,0.0327,0.0332,0.0490
K2GeWSe6,1.3246,-1.0033,4.5255,30.0000,25.3031,7.6664,10.3475,29.5703,0.0376,0.0924,0.0335,0.0654
K2ZrFeSe3Br3,1.1701,-1.5674,0.1996,30.0000,24.4936,9.4690,2.4976,29.3895,0.0376,0.1262,0.0330,0.2095
Na2CrWO3F3,1.6198,-2.5808,0.1505,30.0000,24.1897,5.6067,15.3591,29.1429,0.0376,0.0332,0.0332,0.0491
K2TaMnO3Cl3,1.6077,-2.1909,0.7346,30.0000,24.2952,5.5963,15.5270,29.1776,0.0376,0.0348,0.0332,0.0490
Na2WGaSe3Cl3,1.5855,-1.3133,1.5207,30.0000,24.4895,5.6740,15.6420,29.2292,0.0376,0.0390,0.0333,0.0491
K2MoFeS3I3,1.1816,-1.0741,0.4828,30.0000,24.5571,9.3525,2.8243,29.4687,0.0376,0.1246,0.0330,0.1883
Na2GeNbSe3I3,1.3071,-1.0098,4.5818,30.0000,25.3310,7.8411,9.4102,29.5479,0.0376,0.0962,0.0335,0.0705
K2NbSbSe6,1.1694,-1.0282,0.4103,30.0000,24.4883,9.4418,2.5931,29.3704,0.0376,0.1259,0.0330,0.2028
Na2GeSbSe3Br3,1.3708,-0.9904,4.9626,30.0000,25.3729,7.0906,13.0273,29.5643,0.0376,0.0793,0.0335,0.0561
K2GeTaSe3I3,1.4599,-1.1783,4.3178,30.0000,25.1631,6.2588,15.5241,29.4959,0.0376,0.0610,0.0335,0.0500
K2ZrCrO3Br3,1.6195,-2.0886,0.0775,30.0000,24.1892,5.6194,15.3236,29.1178,0.0376,0.0332,0.0332,0.0492
Na2VCuS3I3,1.1815,-1.0337,0.4706,30.0000,24.5354,9.3951,2.5618,29.4076,0.0376,0.1258,0.0330,0.2057
Na2MnSbO3Cl3,1.6200,-1.7617,0.1549,30.0000,24.1691,5.5843,15.4101,29.1263,0.0376,0.0325,0.0332,0.0491
Na2SnVO3Br3,1.6205,-1.8352,0.1341,30.0000,24.1169,5.6231,15.3193,29.1161,0.0376,0.0333,0.0332,0.0493
Na2MnGaO3Se3,1.5742,-1.4420,2.0327,30.0000,24.5662,5.6938,15.6352,29.2770,0.0376,0.0405,0.0333,0.0491
K2CrMoSe3Br3,1.1756,-1.2909,0.2684,30.0000,24.5183,9.4726,2.4728,29.3841,0.0376,0.1275,0.0330,0.2141
K2CrMnO3Br3,1.6265,-1.7490,0.0460,30.0000,24.1343,5.6005,15.2920,29.0729,0.0376,0.0327,0.0332,0.0491
Na2AgGaCl3I3,1.2596,-1.1954,3.5430,30.0000,25.1227,8.4232,6.6098,29.5743,0.0376,0.1075,0.0334,0.0923
K2GeNbS3I3,1.4075,-1.1947,5.1446,30.0000,25.3312,6.6876,14.3985,29.5341,0.0376,0.0711,0.0336,0.0526
K2GeNbSe3I3,1.2964,-1.1201,4.4193,30.0000,25.2520,7.9007,9.1808,29.5694,0.0376,0.0978,0.0334,0.0716
K2SnGeCl3I3,1.4276,-1.2989,4.8866,30.0000,25.2809,6.4831,15.0582,29.5281,0.0376,0.0665,0.0335,0.0511
K2SnGeF3I3,1.3539,-1.9903,5.2283,30.0000,25.3955,7.2425,12.4421,29.5969,0.0376,0.0833,0.0335,0.0582
K2MoFeO3Cl3,1.6278,-1.7343,0.1898,30.0000,24.1322,5.5940,15.3493,29.1069,0.0376,0.0323,0.0332,0.0492
K2GeTaSe3Br3,1.3239,-1.3552,4.7549,30.0000,25.3166,7.6220,10.5170,29.5589,0.0376,0.0909,0.0335,0.0653
Na2GeNbS3I3,1.4074,-1.0529,5.3743,30.0000,25.3821,6.6580,14.8024,29.5886,0.0376,0.0713,0.0336,0.0518
K2GeZnBr3I3,1.2909,-1.2227,4.3874,30.0000,25.2280,8.0475,8.5705,29.5529,0.0376,0.1006,0.0335,0.0755
Na2FeMnO3I3,1.6103,-1.5393,0.4540,30.0000,24.2366,5.6160,15.4077,29.1449,0.0376,0.0350,0.0332,0.0491
Na2GeTaSe3Br3,1.4478,-1.2767,4.9424,30.0000,25.2811,6.2651,15.5659,29.5058,0.0376,0.0621,0.0336,0.0501
Na2WGaS3I3,1.5879,-1.0547,1.4700,30.0000,24.4130,5.6168,15.5970,29.1989,0.0376,0.0372,0.0333,0.0490
K2AgGaCl3I3,1.2475,-1.3172,3.3996,30.0000,25.0816,8.5790,5.9896,29.5402,0.0376,0.1094,0.0333,0.1004
K2SnTaO3Br3,1.6134,-2.0141,0.5805,30.0000,24.2615,5.6279,15.4188,29.1310,0.0376,0.0357,0.0332,0.0491
K2NbCuS3I3,1.1691,-1.1295,0.4583,30.0000,24.4845,9.5251,2.3431,29.3964,0.0376,0.1283,0.0330,0.2220
Na2SnGeCl3I3,1.4066,-1.1769,5.0934,30.0000,25.3011,6.6940,14.4473,29.5319,0.0376,0.0721,0.0335,0.0525
K2NbTaS6,1.6088,-1.4350,0.7247,30.0000,24.2719,5.6178,15.4595,29.1478,0.0376,0.0358,0.0333,0.0491
Na2SnMnI6,1.1750,-1.0422,0.5757,30.0000,24.5449,9.4225,2.5897,29.4178,0.0376,0.1262,0.0331,0.2039
K2TaSbO3Se3,1.6077,-1.6930,0.7552,30.0000,24.2496,5.6313,15.4552,29.1296,0.0376,0.0354,0.0332,0.0492
K2MnGaSe3Cl3,1.2011,-1.4602,1.7104,30.0000,24.7404,9.1309,3.3902,29.4656,0.0376,0.1216,0.0332,0.1611
K2SnInO3Br3,1.5868,-1.5710,1.4195,30.0000,24.4629,5.6440,15.6075,29.2173,0.0376,0.0375,0.0333,0.0490
K2SnGaSe3I3,1.5984,-0.9918,1.3931,30.0000,24.4020,5.6003,15.5907,29.2353,0.0376,0.0349,0.0333,0.0491
Na2WMnO3Se3,1.6284,-1.5698,0.2787,30.0000,24.1453,5.5764,15.3662,29.1094,0.0376,0.0318,0.0332,0.0492
Na2MnGaO3Cl3,1.5624,-1.7809,2.5291,30.0000,24.6518,5.6896,15.7292,29.2656,0.0376,0.0428,0.0334,0.0490
K2VMnO3I3,1.6191,-1.9699,0.4827,30.0000,24.1619,5.5917,15.4323,29.1338,0.0376,0.0329,0.0332,0.0492
K2MoGaSe3F3,1.5919,-2.0267,1.8539,30.0000,24.5357,5.6692,15.6130,29.2584,0.0376,0.0377,0.0333,0.0492
Na2TiFeO3Cl3,1.6262,-2.0880,0.0169,30.0000,24.0877,5.5921,15.3334,29.1093,0.0376,0.0309,0.0332,0.0492
K2SnCrO3Se3,1.6269,-1.5084,0.2868,30.0000,24.0856,5.5499,15.4403,29.1140,0.0376,0.0314,0.0332,0.0490
Na2GeTaSe3I3,1.4887,-1.0113,4.4611,30.0000,25.1146,6.0163,15.7706,29.4723,0.0377,0.0535,0.0335,0.0495
Na2TiCrO3I3,1.6238,-2.0158,0.4732,30.0000,24.1666,5.5840,15.4091,29.1515,0.0377,0.0317,0.0332,0.0491
Na2WGaS3Br3,1.5956,-1.1536,1.3942,30.0000,24.3825,5.6198,15.5813,29.1901,0.0377,0.0361,0.0333,0.0489
K2SnMnO3S3,1.6294,-1.7969,0.1291,30.0000,24.0378,5.5698,15.3133,29.0739,0.0377,0.0310,0.0332,0.0493
Na2ZrSbSe3Cl3,1.6221,-1.5274,0.2998,30.0000,24.1237,5.5913,15.2924,29.1334,0.0377,0.0313,0.0332,0.0493
K2TaMnO3I3,1.6165,-2.0206,0.8172,30.0000,24.2321,5.5942,15.4643,29.1646,0.0377,0.0325,0.0332,0.0491
Na2WMnSe6,1.1661,-1.0533,0.3470,30.0000,24.4586,9.5071,2.2832,29.3705,0.0377,0.1289,0.0330,0.2277
K2FeMnSe3Br3,1.1662,-1.2961,0.1839,30.0000,24.3966,9.5048,2.3742,29.4054,0.0377,0.1284,0.0330,0.2200
K2TiGaS3I3,1.5933,-1.3454,1.6356,30.0000,24.3875,5.5704,15.7239,29.1794,0.0377,0.0351,0.0334,0.0489
Na2TaSbS6,1.6105,-1.1048,0.7421,30.0000,24.2522,5.6062,15.3962,29.1522,0.0377,0.0333,0.0332,0.0493
Na2VMnSe3Br3,1.1654,-1.3374,0.2182,30.0000,24.4141,9.5604,2.2074,29.4011,0.0377,0.1294,0.0330,0.2350
K2SnMoS6,1.6270,-1.0648,0.2452,30.0000,24.1188,5.5691,15.3555,29.0671,0.0377,0.0319,0.0332,0.0493
Na2GeSbS3I3,1.4640,-0.8388,5.1785,30.0000,25.2445,6.2184,15.6336,29.4915,0.0377,0.0612,0.0336,0.0499
Li2WGaSe3Br3,1.6008,-1.1058,1.3248,30.0000,24.3304,5.6332,15.4656,29.1909,0.0377,0.0365,0.0333,0.0494
K2VFeS3I3,1.1787,-1.1803,0.4539,30.0000,24.4955,9.4488,2.5564,29.4252,0.0377,0.1266,0.0330,0.2047
K2VFeO3I3,1.6159,-1.7694,0.4807,30.0000,24.1422,5.6098,15.4314,29.1455,0.0377,0.0341,0.0332,0.0492
K2SnCrO3Br3,1.6334,-1.6480,0.1054,30.0000,24.0785,5.5863,15.2643,29.0901,0.0377,0.0315,0.0332,0.0493
K2WGaSe3I3,1.6039,-1.0508,1.3146,30.0000,24.3147,5.6470,15.4345,29.2132,0.0377,0.0347,0.0333,0.0492
Na2GeWSe6,1.2909,-0.9547,4.7035,30.0000,25.2545,8.0493,8.4888,29.5607,0.0377,0.1003,0.0335,0.0766
Na2GeZnCl3I3,1.3631,-1.2060,5.4473,30.0000,25.3512,7.1435,12.7531,29.5583,0.0377,0.0816,0.0336,0.0572
Na2MnGaSe6,1.1920,-0.9557,1.5989,30.0000,24.6833,9.2469,3.0779,29.4464,0.0377,0.1227,0.0332,0.1749
Na2WInS3I3,1.6052,-1.0492,1.3638,30.0000,24.3560,5.5792,15.5256,29.1362,0.0377,0.0341,0.0334,0.0490
Na2ZrCrO3Br3,1.6327,-2.0537,0.0667,30.0000,24.0492,5.5949,15.2802,29.0806,0.0377,0.0318,0.0332,0.0493
K2MnSbO3S3,1.6239,-1.6276,0.1780,30.0000,24.0678,5.6145,15.2652,29.0794,0.0377,0.0336,0.0332,0.0493
Na2FeSbO3Cl3,1.6311,-1.7627,0.1524,30.0000,24.0279,5.5805,15.3341,29.0691,0.0377,0.0318,0.0332,0.0493
Na2MnGaO6,1.5481,-2.0927,3.0809,30.0000,24.7788,5.7030,15.8915,29.3479,0.0377,0.0434,0.0334,0.0489
Na2AgGaBr3I3,1.2220,-1.1593,2.9920,30.0000,24.9078,8.9063,4.3979,29.4934,0.0377,0.1182,0.0333,0.1294
K2VZnSe3I3,1.1586,-1.1715,0.4939,30.0000,24.3813,9.6298,2.0685,29.4194,0.0377,0.1312,0.0330,0.2504
K2WInS3I3,1.6102,-1.1167,1.3213,30.0000,24.2902,5.6012,15.3809,29.1531,0.0377,0.0337,0.0333,0.0494
Na2MoFeO3I3,1.6302,-1.4727,0.5239,30.0000,24.0861,5.5745,15.3965,29.0977,0.0377,0.0333,0.0332,0.0492
Na2TiInO3I3,1.5952,-2.0362,1.6728,30.0000,24.4004,5.6124,15.6066,29.1909,0.0377,0.0358,0.0333,0.0491
Na2MoSbO3F3,1.6291,-2.3174,0.3290,30.0000,24.0558,5.6342,15.2761,29.0736,0.0377,0.0347,0.0332,0.0494
K2SnGaO3I3,1.5987,-1.4433,1.6213,30.0000,24.3605,5.6221,15.5695,29.2151,0.0377,0.0357,0.0333,0.0492
Na2GeFeF3I3,1.3615,-1.9169,5.9697,30.0000,25.3652,7.1413,12.8744,29.5923,0.0377,0.0810,0.0336,0.0569
K2ZrInS3I3,1.6100,-1.3993,1.4382,30.0000,24.2964,5.5590,15.6494,29.1445,0.0377,0.0346,0.0333,0.0489
K2MnBiS3I3,1.1638,-1.0438,0.4274,30.0000,24.3357,9.5748,2.1414,29.3839,0.0377,0.1308,0.0331,0.2436
K2ZrFeO3Cl3,1.6418,-2.1420,0.0743,30.0000,23.9433,5.5798,15.2155,29.0059,0.0377,0.0295,0.0332,0.0495
K2GeFeO3I3,1.3408,-1.4016,5.7621,30.0000,25.3832,7.4314,11.4704,29.5761,0.0377,0.0884,0.0336,0.0615
K2GeZnCl3I3,1.4752,-1.3515,5.2086,30.0000,25.1772,6.0977,15.7556,29.5043,0.0377,0.0576,0.0336,0.0497
K2MoSbSe3Br3,1.1583,-1.1194,0.3112,30.0000,24.3493,9.6350,2.0683,29.3980,0.0377,0.1311,0.0330,0.2494
K2GeFeF3I3,1.3268,-1.9837,5.6831,30.0000,25.3631,7.5687,10.6707,29.5581,0.0377,0.0906,0.0336,0.0649
Na2SnTaO3Br3,1.6285,-2.0037,0.5980,30.0000,24.0820,5.6083,15.2930,29.1237,0.0377,0.0324,0.0333,0.0494
Na2MoInSe3I3,1.1831,-0.9588,1.4077,30.0000,24.5676,9.3338,2.8840,29.4351,0.0377,0.1242,0.0332,0.1849
Na2SnGeF3I3,1.3225,-1.8215,5.4665,30.0000,25.3080,7.6686,10.3574,29.5670,0.0377,0.0933,0.0336,0.0657
Na2GeZnF3I3,1.4494,-1.9900,5.8805,30.0000,25.2694,6.3011,15.4520,29.5159,0.0377,0.0623,0.0337,0.0508
Na2WGaSe3I3,1.6117,-1.0115,1.3525,30.0000,24.2292,5.5655,15.5057,29.1352,0.0377,0.0328,0.0333,0.0493
Na2ZrFeSe3I3,1.1653,-1.2521,0.4786,30.0000,24.3965,9.5655,2.2562,29.4138,0.0378,0.1290,0.0331,0.2298
Na2MnSbBr3I3,1.1574,-1.1542,0.3905,30.0000,24.3262,9.6548,2.0521,29.4150,0.0378,0.1311,0.0330,0.2514
K2TaFeS3I3,1.6279,-1.2240,0.7724,30.0000,24.0454,5.5863,15.3610,29.1001,0.0378,0.0329,0.0333,0.0494
Na2CrMoSe6,1.1585,-1.0690,0.4156,30.0000,24.3396,9.6492,2.0211,29.3566,0.0378,0.1318,0.0331,0.2554
Na2AgGaI6,1.2032,-0.9323,2.8231,30.0000,24.8071,9.1193,3.5278,29.4416,0.0378,0.1219,0.0333,0.1578
K2GeNbSe3Br3,1.2849,-1.3536,4.9297,30.0000,25.2581,8.1379,8.0247,29.5438,0.0378,0.1018,0.0335,0.0803
Na2SnGeBr3I3,1.2543,-1.1482,4.3102,30.0000,25.0677,8.5253,6.2088,29.5346,0.0378,0.1097,0.0335,0.0976
Na2GeZnBr6,1.2868,-1.2821,5.1363,30.0000,25.2193,8.0321,8.4875,29.5782,0.0378,0.1005,0.0336,0.0767
Li2MoGaS3I3,1.5987,-0.9823,1.7571,30.0000,24.3487,5.5970,15.5773,29.2167,0.0378,0.0349,0.0333,0.0492
Na2MoMnO3Se3,1.6374,-1.5592,0.3531,30.0000,23.9482,5.5827,15.1688,29.0818,0.0378,0.0302,0.0333,0.0495
K2MoSbSe3Cl3,1.1651,-1.2199,0.3644,30.0000,24.3075,9.6311,1.9978,29.3851,0.0378,0.1316,0.0330,0.2563
K2MnInSe3I3,1.1799,-1.1539,1.3587,30.0000,24.4999,9.4156,2.6534,29.4351,0.0378,0.1272,0.0331,0.2000
Na2VFeSe3Br3,1.1513,-1.2811,0.2166,30.0000,24.2930,9.7326,1.8186,29.3738,0.0378,0.1336,0.0330,0.2842
Li2WGaSe3Cl3,1.6043,-1.2531,1.6018,30.0000,24.2808,5.6497,15.3894,29.1987,0.0378,0.0366,0.0333,0.0494
K2WInSe3Br3,1.6228,-1.3474,1.1385,30.0000,24.1368,5.5897,15.3448,29.0896,0.0378,0.0329,0.0334,0.0494
K2ZrInO3I3,1.6116,-2.0212,1.5278,30.0000,24.2558,5.6079,15.4168,29.1188,0.0378,0.0347,0.0334,0.0494
Na2SnFeO3Cl3,1.6367,-1.7098,0.1005,30.0000,23.9312,5.6347,15.1554,29.0411,0.0378,0.0334,0.0333,0.0496
Na2TaMnO3Br3,1.6241,-2.0056,0.6038,30.0000,24.0635,5.5858,15.3698,29.0871,0.0378,0.0326,0.0333,0.0493
Na2MnSbO3S3,1.6397,-1.5652,0.1727,30.0000,23.8876,5.6044,15.1275,29.0481,0.0378,0.0291,0.0333,0.0496
K2ZrGaSe3F3,1.6030,-2.3003,1.7864,30.0000,24.3245,5.6092,15.5328,29.1746,0.0378,0.0360,0.0334,0.0493
Na2VCuSe3Br3,1.1588,-1.2130,0.2253,30.0000,24.2937,9.6185,2.0497,29.3617,0.0378,0.1310,0.0330,0.2490
Na2SnSbSe3Cl3,1.6399,-1.1045,0.3139,30.0000,23.9515,5.5739,15.2145,29.0489,0.0378,0.0305,0.0333,0.0495
K2SnInSe3Br3,1.6140,-1.2342,1.2119,30.0000,24.2230,5.5607,15.5576,29.1216,0.0378,0.0343,0.0333,0.0491
K2GeMoS3Se3,1.3584,-1.0213,6.1583,30.0000,25.3518,7.2284,12.3721,29.5451,0.0378,0.0842,0.0337,0.0587
K2SnCrO3I3,1.6355,-1.4993,0.4605,30.0000,23.9883,5.5893,15.2110,29.0813,0.0378,0.0308,0.0333,0.0496
K2SnBiO3I3,1.6408,-1.3117,0.4546,30.0000,23.9391,5.6059,15.1442,29.0228,0.0378,0.0316,0.0333,0.0497
K2VZnO3I3,1.6351,-1.6566,0.4760,30.0000,23.9751,5.6278,15.2147,29.0772,0.0378,0.0311,0.0333,0.0496
K2WMnO3Se3,1.6430,-1.5985,0.2765,30.0000,23.9516,5.6180,15.1892,29.0553,0.0378,0.0306,0.0333,0.0496
Na2GeBiSe3I3,1.5362,-0.8443,4.0512,30.0000,24.7814,5.7931,15.7915,29.3367,0.0378,0.0453,0.0336,0.0493
K2GeCrS3Se3,1.4086,-1.0600,6.5523,30.0000,25.3638,6.6470,14.6805,29.5720,0.0378,0.0712,0.0338,0.0526
Na2VFeO3Cl3,1.6451,-1.9631,0.0795,30.0000,23.8810,5.6095,15.1018,29.0416,0.0378,0.0307,0.0333,0.0496
Li2GeVS3I3,1.3738,-1.0434,5.9932,30.0000,25.3650,7.0543,13.2493,29.5422,0.0378,0.0811,0.0337,0.0558
Na2GeFeO3I3,1.4169,-1.4018,6.0572,30.0000,25.2925,6.6035,14.6931,29.5193,0.0378,0.0699,0.0337,0.0523
K2CrWO3Se3,1.6411,-1.6502,0.2828,30.0000,23.9058,5.6273,15.0621,29.0507,0.0378,0.0314,0.0333,0.0497
Na2MoBiO3Br3,1.6433,-1.3827,0.2254,30.0000,23.8678,5.5798,15.2004,29.0308,0.0378,0.0310,0.0333,0.0496
Na2SnGaSe3Br3,1.6189,-1.1704,1.3624,30.0000,24.1488,5.5996,15.3482,29.1101,0.0378,0.0336,0.0334,0.0494
K2GeVSe3I3,1.2507,-1.0691,4.6230,30.0000,25.0690,8.5655,5.9208,29.5213,0.0378,0.1121,0.0335,0.1014
K2SnCuO3Se3,1.1498,-1.3099,0.2870,30.0000,24.2124,9.7405,1.8403,29.3223,0.0378,0.1336,0.0331,0.2784
Na2ZrFeS3I3,1.1574,-1.2975,0.4313,30.0000,24.2635,9.6483,2.0280,29.3531,0.0378,0.1314,0.0331,0.2541
K2AgInBr3I3,1.2040,-1.1844,2.7265,30.0000,24.7227,9.1384,3.5117,29.4590,0.0378,0.1225,0.0334,0.1570
K2TaFeO3Cl3,1.6345,-2.1432,0.7314,30.0000,24.0086,5.5980,15.3451,29.0494,0.0378,0.0315,0.0333,0.0495
K2GeTaS3Br3,1.4850,-1.3758,5.6085,30.0000,25.1406,6.0283,15.7916,29.4639,0.0378,0.0548,0.0337,0.0497
Na2NbFeO3Br3,1.6499,-1.9436,0.1044,30.0000,23.8864,5.6134,15.0227,29.0118,0.0378,0.0298,0.0332,0.0499
Na2GeMoS3Se3,1.3377,-0.9421,6.5066,30.0000,25.4140,7.4370,11.4764,29.6118,0.0378,0.0892,0.0337,0.0615
K2CrWO3I3,1.6429,-1.5653,0.4420,30.0000,23.9300,5.6148,15.0843,29.0267,0.0378,0.0322,0.0333,0.0498
K2GeNbSe3Cl3,1.3146,-1.4782,6.0369,30.0000,25.3351,7.6776,10.3311,29.5439,0.0378,0.0945,0.0337,0.0664
Na2GeInSe3I3,1.5080,-0.9312,5.3536,30.0000,25.0376,5.9504,15.7799,29.4285,0.0378,0.0515,0.0337,0.0497
Na2SbZnO3Cl3,1.6531,-1.7537,0.1529,30.0000,23.8216,5.5691,15.0685,28.9910,0.0378,0.0277,0.0333,0.0498
K2SnSbSe3Cl3,1.6486,-1.1494,0.3102,30.0000,23.8467,5.5802,15.1695,29.0272,0.0378,0.0292,0.0333,0.0497
Na2SnVO3I3,1.6434,-1.7238,0.5012,30.0000,23.9075,5.5933,15.1858,29.0330,0.0378,0.0308,0.0333,0.0497
K2SnGeBr6,1.2441,-1.3975,4.6054,30.0000,25.0385,8.6408,5.5618,29.5032,0.0379,0.1136,0.0336,0.1075
Na2GeCrO3I3,1.4676,-1.4122,6.1024,30.0000,25.1959,6.1743,15.6925,29.4664,0.0379,0.0600,0.0337,0.0503
Na2VFeSe3Cl3,1.1481,-1.3710,0.2598,30.0000,24.2252,9.6874,1.9582,29.3353,0.0379,0.1324,0.0331,0.2619
K2TiFeO3I3,1.6435,-1.9542,0.4515,30.0000,23.8375,5.5674,15.1407,29.0051,0.0379,0.0314,0.0333,0.0496
K2GeCuS3Se3,1.3251,-0.8561,6.4203,30.0000,25.3297,7.6090,10.7553,29.5881,0.0379,0.0928,0.0338,0.0650
K2AgGaBr3I3,1.1928,-1.1947,2.8907,30.0000,24.7033,9.2466,3.1438,29.4554,0.0379,0.1248,0.0334,0.1737
Na2GeZnBr3I3,1.2408,-1.1412,4.5536,30.0000,25.0135,8.6184,5.7965,29.4991,0.0379,0.1122,0.0336,0.1050
K2GeMnF3I3,1.4780,-2.0612,5.6924,30.0000,25.0999,6.1727,15.4809,29.4636,0.0379,0.0590,0.0337,0.0505
K2TiCrSe3I3,1.1520,-1.2906,0.4826,30.0000,24.1923,9.7060,1.9506,29.3681,0.0379,0.1328,0.0331,0.2627
K2ZrMoO3Se3,1.6519,-2.0715,0.3551,30.0000,23.8421,5.5674,15.1469,29.0003,0.0379,0.0290,0.0333,0.0496
K2MoFeSe3I3,1.1508,-1.0236,0.5195,30.0000,24.2549,9.7240,1.8449,29.4026,0.0379,0.1337,0.0331,0.2788
Na2GeTaS3Br3,1.4778,-1.2718,5.8808,30.0000,25.1017,6.0596,15.8444,29.4397,0.0379,0.0562,0.0338,0.0498
K2NbZnO3Br3,1.6544,-1.8725,0.1139,30.0000,23.7662,5.5775,15.0562,29.0194,0.0379,0.0291,0.0333,0.0496
K2GeFeO3Br3,1.3302,-1.5501,6.8887,30.0000,25.4017,7.5072,11.1727,29.5746,0.0379,0.0907,0.0338,0.0631
K2VFeSe3Cl3,1.1434,-1.5288,0.2584,30.0000,24.1221,9.8130,1.7352,29.3420,0.0379,0.1343,0.0331,0.2919
Na2TaSbSe6,1.1487,-1.0166,0.7290,30.0000,24.2576,9.7415,1.7881,29.3677,0.0379,0.1344,0.0331,0.2865
K2CrMoSe6,1.1485,-1.1739,0.4074,30.0000,24.2156,9.7092,1.8436,29.3339,0.0379,0.1333,0.0331,0.2765
Na2GeMnS3Se3,1.3988,-0.9846,6.9100,30.0000,25.3729,6.7443,14.3502,29.5644,0.0379,0.0747,0.0338,0.0532
Na2MnCuBr3I3,1.1474,-1.1241,0.3579,30.0000,24.1635,9.7718,1.7077,29.3503,0.0379,0.1351,0.0331,0.2988
K2WMnS6,1.6578,-1.2268,0.1430,30.0000,23.7551,5.5840,15.0783,28.9832,0.0379,0.0283,0.0333,0.0499
K2SnMnI6,1.1471,-1.1216,0.5650,30.0000,24.2236,9.8016,1.7126,29.3480,0.0379,0.1352,0.0331,0.2972
Na2TiCrO3Br3,1.6589,-2.0333,0.0378,30.0000,23.7195,5.5752,15.0587,28.9805,0.0379,0.0285,0.0333,0.0498
K2TiGaSe3F3,1.6198,-2.3177,1.9131,30.0000,24.1744,5.5831,15.3943,29.1237,0.0379,0.0325,0.0334,0.0495
K2AgGaF3I3,1.2094,-1.9861,3.6423,30.0000,24.8469,9.0436,3.8358,29.4513,0.0379,0.1201,0.0334,0.1455
Na2GeNbSe3Cl3,1.3177,-1.2963,6.3737,30.0000,25.3199,7.6288,10.5037,29.5543,0.0379,0.0924,0.0337,0.0661
Na2SnMoS6,1.6502,-1.0489,0.2457,30.0000,23.8107,5.6136,15.0438,29.0094,0.0379,0.0298,0.0333,0.0500
Li2GeNbSe3Cl3,1.4322,-1.2731,6.7666,30.0000,25.2809,6.4470,15.2125,29.5425,0.0379,0.0670,0.0338,0.0513
Na2SnGeI6,1.2143,-0.9422,3.9575,30.0000,24.8863,8.9195,4.3830,29.4755,0.0379,0.1188,0.0335,0.1309
K2GeMnBr6,1.2403,-1.4346,4.9832,30.0000,25.0473,8.6324,5.7602,29.5487,0.0379,0.1138,0.0336,0.1044
K2GeSbS3I3,1.5392,-0.9489,4.9661,30.0000,24.8417,5.7577,15.9836,29.3611,0.0379,0.0469,0.0337,0.0492
Na2TiSbO3Br3,1.6631,-1.9221,0.1354,30.0000,23.7280,5.5790,14.9553,28.9875,0.0379,0.0264,0.0333,0.0500
K2GeZnF3I3,1.4991,-2.0815,5.6025,30.0000,25.0017,5.9952,15.7844,29.4144,0.0379,0.0554,0.0338,0.0497
Na2TiSbO3I3,1.6473,-1.7681,0.5022,30.0000,23.8574,5.5829,15.1160,29.0189,0.0379,0.0288,0.0333,0.0497
K2FeMnS3I3,1.1456,-1.1397,0.4188,30.0000,24.1494,9.7983,1.7115,29.3831,0.0379,0.1349,0.0331,0.2965
Li2GeMoS3Se3,1.4248,-0.9607,6.9132,30.0000,25.3454,6.5053,14.9179,29.5137,0.0379,0.0671,0.0338,0.0520
K2FeMnO3F3,1.6566,-2.4062,0.0374,30.0000,23.7094,5.6048,14.9433,28.9666,0.0379,0.0292,0.0333,0.0500
Na2GeMnBr6,1.2548,-1.3225,5.2173,30.0000,25.1085,8.4551,6.4516,29.4988,0.0379,0.1105,0.0336,0.0951
K2SnInS3I3,1.6327,-1.0550,1.4098,30.0000,24.0310,5.5876,15.2669,29.1081,0.0379,0.0313,0.0334,0.0497
Na2ZrGaO3I3,1.6278,-2.0395,1.7346,30.0000,24.1339,5.5760,15.3349,29.0921,0.0379,0.0317,0.0334,0.0495
K2WGaSe3F3,1.6281,-2.0276,1.5753,30.0000,24.0882,5.5994,15.3057,29.0991,0.0379,0.0328,0.0334,0.0496
Na2CrMoO3Cl3,1.6618,-1.6816,0.1983,30.0000,23.7150,5.5988,14.9289,28.9891,0.0379,0.0279,0.0333,0.0500
Na2GeNbS3Br3,1.2984,-1.2337,6.2919,30.0000,25.2433,7.9545,8.8943,29.5384,0.0379,0.0999,0.0338,0.0749
K2GeMnO3Se3,1.3488,-1.4264,7.1396,30.0000,25.4066,7.3052,12.0947,29.5649,0.0379,0.0874,0.0338,0.0597
Na2GeMnF3I3,1.4820,-1.9433,5.9799,30.0000,25.0963,6.0973,15.6748,29.4747,0.0379,0.0580,0.0338,0.0502
Na2GeGaSe3I3,1.5015,-0.9372,5.6792,30.0000,24.9962,5.9823,15.7691,29.4335,0.0379,0.0530,0.0337,0.0499
K2MnCuBr3I3,1.1423,-1.2065,0.3532,30.0000,24.1417,9.8303,1.6230,29.3900,0.0379,0.1359,0.0331,0.3131
Na2ZrBiO3I3,1.6525,-1.8953,0.4577,30.0000,23.8140,5.5944,15.0511,29.0334,0.0379,0.0294,0.0333,0.0497
K2TiCrO3Br3,1.6581,-2.1146,0.0516,30.0000,23.6805,5.6093,15.0015,28.9530,0.0379,0.0296,0.0333,0.0499
Na2GeFeO3Br3,1.4170,-1.5063,7.3523,30.0000,25.3552,6.5488,14.9381,29.5673,0.0379,0.0689,0.0339,0.0520
K2VFeSe3Br3,1.1374,-1.3539,0.2176,30.0000,24.0916,9.8481,1.6377,29.3208,0.0379,0.1362,0.0331,0.3108
Na2GeCuS3Se3,1.4537,-0.8108,6.8069,30.0000,25.2830,6.2975,15.4658,29.4857,0.0379,0.0633,0.0338,0.0508
Na2WGaS3Cl3,1.6233,-1.2640,1.7496,30.0000,24.0895,5.6095,15.2987,29.1322,0.0380,0.0324,0.0334,0.0497
Na2ZrBiO3Br3,1.6644,-1.9747,0.1565,30.0000,23.7445,5.5955,14.9955,28.9602,0.0380,0.0284,0.0333,0.0500
K2GeVSe3F3,1.4066,-2.1295,7.1129,30.0000,25.3476,6.6648,14.5716,29.5531,0.0380,0.0725,0.0339,0.0528
K2SnFeO3Cl3,1.6642,-1.8002,0.1114,30.0000,23.6740,5.5680,14.9694,28.9709,0.0380,0.0286,0.0333,0.0499
K2TiFeSe3I3,1.1451,-1.2703,0.4755,30.0000,24.0954,9.7997,1.6931,29.3114,0.0380,0.1356,0.0331,0.3002
K2NbCuSe3Cl3,1.1381,-1.3862,0.2807,30.0000,24.0724,9.8613,1.5176,29.3251,0.0380,0.1374,0.0331,0.3330
Na2GeTaS3I3,1.5306,-1.1104,5.1419,30.0000,24.8707,5.8362,15.8233,29.3614,0.0380,0.0487,0.0337,0.0495
K2ZrMoSe6,1.1374,-1.3443,0.4057,30.0000,24.0950,9.7974,1.7288,29.3327,0.0380,0.1348,0.0331,0.2954
Na2GeCrS3Se3,1.4314,-1.0242,6.9563,30.0000,25.2711,6.4417,15.2243,29.5072,0.0380,0.0674,0.0339,0.0512
Li2GeNbS3Br3,1.2939,-1.2502,6.6852,30.0000,25.2859,7.9910,8.8511,29.5802,0.0380,0.1008,0.0338,0.0754
K2CrMnO3I3,1.6565,-1.6489,0.4517,30.0000,23.7664,5.6106,14.9832,29.0238,0.0380,0.0299,0.0333,0.0499
Na2ZrMoO3Se3,1.6588,-1.9950,0.3625,30.0000,23.7552,5.6074,14.9320,28.9724,0.0380,0.0299,0.0333,0.0500
Na2MoWO3S3,1.6639,-1.6098,0.2599,30.0000,23.6894,5.6153,14.9189,28.9415,0.0380,0.0285,0.0333,0.0501
K2GeCrO3I3,1.5136,-1.4663,5.8032,30.0000,24.9427,5.8832,15.9722,29.3887,0.0380,0.0506,0.0338,0.0497
Na2VZnSe3Br3,1.1311,-1.2584,0.2160,30.0000,24.0228,9.9177,1.5213,29.3407,0.0380,0.1376,0.0331,0.3328
Na2AgInI6,1.1775,-0.9940,2.6792,30.0000,24.5667,9.4159,2.6750,29.4477,0.0380,0.1282,0.0333,0.1995
K2VMnO3Cl3,1.6638,-2.0701,0.0972,30.0000,23.6351,5.5658,15.0272,28.9477,0.0380,0.0273,0.0333,0.0499
K2MnSbO6,1.6596,-2.0039,0.1869,30.0000,23.6765,5.5982,14.9160,28.9597,0.0380,0.0278,0.0333,0.0500
Na2GeVO3I3,1.4919,-1.6390,6.1442,30.0000,25.0564,5.9834,15.7740,29.4151,0.0380,0.0538,0.0338,0.0499
Li2GeTaS3Br3,1.5062,-1.2305,6.1948,30.0000,25.0371,5.9297,15.8397,29.4065,0.0380,0.0520,0.0338,0.0498
Na2TiGaSe3Cl3,1.6269,-1.5962,1.8324,30.0000,24.0516,5.6012,15.3046,29.1155,0.0380,0.0336,0.0334,0.0497
K2VZnSe3Br3,1.1385,-1.3833,0.2170,30.0000,24.0404,9.8874,1.5470,29.2986,0.0380,0.1371,0.0331,0.3278
Na2SnMoO3Se3,1.6674,-1.4665,0.3756,30.0000,23.6846,5.5955,14.9845,28.9547,0.0380,0.0284,0.0333,0.0500
K2MnInSe6,1.1559,-1.0723,1.4092,30.0000,24.2376,9.6372,2.0634,29.3700,0.0380,0.1325,0.0332,0.2508
Na2GeMnCl3I3,1.2474,-1.2596,5.5323,30.0000,25.0251,8.5312,6.2269,29.4987,0.0380,0.1119,0.0337,0.0985
Na2ZrCrSe3Br3,1.1320,-1.5103,0.2046,30.0000,23.9848,9.9332,1.4772,29.3843,0.0380,0.1380,0.0331,0.3418
K2SbCuO3F3,1.1351,-2.2292,0.1979,30.0000,23.9210,9.9155,1.5108,29.3019,0.0380,0.1378,0.0331,0.3351
K2TiGaS3Br3,1.6401,-1.6049,1.5888,30.0000,23.9567,5.6065,15.1437,29.0778,0.0380,0.0304,0.0334,0.0499
Na2GeFeSe3F3,1.3204,-1.7828,7.4636,30.0000,25.3142,7.6213,10.5443,29.5542,0.0380,0.0927,0.0339,0.0665
K2SnVO3Br3,1.6765,-1.8906,0.1403,30.0000,23.5665,5.5922,14.8511,28.9405,0.0380,0.0260,0.0333,0.0502
Na2GeSbO3I3,1.5336,-1.2833,5.5434,30.0000,24.8711,5.7670,15.9157,29.3534,0.0380,0.0464,0.0338,0.0496
Na2VNbS3Se3,1.1292,-1.1899,0.3341,30.0000,23.9584,9.9369,1.4226,29.2985,0.0380,0.1389,0.0331,0.3540
Na2MoBiSe3I3,1.1392,-0.9316,0.5202,30.0000,24.0686,9.8488,1.5900,29.3161,0.0380,0.1369,0.0331,0.3167
Na2SnTaS3I3,1.6588,-1.0988,0.7776,30.0000,23.7100,5.6577,14.9514,29.0212,0.0380,0.0316,0.0334,0.0502
K2GeTaO3Br3,1.5214,-1.9502,6.0360,30.0000,24.9567,5.8401,15.8727,29.4255,0.0381,0.0493,0.0338,0.0498
Na2SnCrSe3Br3,1.1315,-1.1886,0.2212,30.0000,23.9212,9.9717,1.3602,29.3554,0.0381,0.1398,0.0331,0.3721
K2MoWS6,1.6706,-1.1826,0.2457,30.0000,23.6373,5.6188,14.8260,28.9333,0.0381,0.0280,0.0333,0.0503
K2SnVSe3Br3,1.1318,-1.4025,0.2479,30.0000,23.9399,9.9075,1.4711,29.3232,0.0381,0.1378,0.0331,0.3432
K2TiBiS3I3,1.6610,-1.3413,0.4339,30.0000,23.6759,5.6110,14.8906,28.9435,0.0381,0.0287,0.0334,0.0503
Na2GeVSe3F3,1.3746,-2.0778,7.5908,30.0000,25.3330,7.0631,13.1267,29.5491,0.0381,0.0815,0.0339,0.0567
K2SnTaS3I3,1.6638,-1.2326,0.7573,30.0000,23.6485,5.6253,14.9864,28.9858,0.0381,0.0290,0.0334,0.0501
Na2CrMoS3Se3,1.1286,-1.0874,0.3387,30.0000,23.9424,9.9917,1.3687,29.3232,0.0381,0.1396,0.0331,0.3701
K2WBiO3Br3,1.6737,-1.4587,0.1849,30.0000,23.5599,5.5676,14.9037,28.9100,0.0381,0.0260,0.0334,0.0502
Na2VNbO3Se3,1.6750,-2.1106,0.3565,30.0000,23.5884,5.6025,14.8416,28.9305,0.0381,0.0260,0.0334,0.0504
Na2SnZnS3Se3,1.6723,-0.9512,0.2641,30.0000,23.6033,5.6007,14.8747,28.9608,0.0381,0.0266,0.0333,0.0501
Na2VFeSe3I3,1.1334,-1.0388,0.5086,30.0000,23.9974,9.8899,1.5333,29.3241,0.0381,0.1374,0.0332,0.3313
Na2GeTaSe3F3,1.5088,-2.1929,6.4523,30.0000,24.9846,5.9151,15.8915,29.4137,0.0381,0.0525,0.0339,0.0498
Li2GeMoSe6,1.2289,-0.9111,5.5819,30.0000,24.9450,8.8294,4.7498,29.4858,0.0381,0.1191,0.0337,0.1236
Na2MnInSe3I3,1.1444,-1.0198,1.4021,30.0000,24.1722,9.8044,1.6578,29.3548,0.0381,0.1368,0.0332,0.3078
K2SnCrSe3I3,1.1337,-1.0481,0.4807,30.0000,23.9934,9.8734,1.5741,29.3461,0.0381,0.1368,0.0331,0.3234
K2SnMoO3Se3,1.6742,-1.5092,0.3679,30.0000,23.5738,5.5962,14.8515,28.9449,0.0381,0.0252,0.0333,0.0503
K2GeInSe3I3,1.5616,-0.9721,5.1670,30.0000,24.6093,5.7040,15.7399,29.2823,0.0381,0.0415,0.0338,0.0498
K2CrMoS3I3,1.1325,-1.1319,0.4909,30.0000,24.0213,9.8912,1.5118,29.2883,0.0381,0.1378,0.0332,0.3347
Na2ZrBiS3I3,1.6720,-1.2492,0.4375,30.0000,23.5692,5.6000,14.8993,28.9517,0.0381,0.0275,0.0333,0.0503
Na2SnSbO3Br3,1.6802,-1.3759,0.1753,30.0000,23.5002,5.6184,14.7250,28.9111,0.0381,0.0268,0.0334,0.0505
K2WGaS3I3,1.6564,-1.1138,1.4209,30.0000,23.7795,5.5994,14.9839,28.9877,0.0381,0.0293,0.0335,0.0504
Na2TiCrO3Cl3,1.6807,-2.1440,0.0297,30.0000,23.4297,5.6264,14.6884,28.8859,0.0381,0.0253,0.0334,0.0506
K2GeNbS3Br3,1.2327,-1.3488,5.9553,30.0000,24.9929,8.7362,5.2915,29.5163,0.0381,0.1160,0.0338,0.1135
Na2GeInSe3Br3,1.5346,-1.1690,6.0570,30.0000,24.8572,5.7361,16.0431,29.3821,0.0381,0.0462,0.0338,0.0495
K2GeTaSe3F3,1.5319,-2.1975,6.1323,30.0000,24.8672,5.7999,15.9176,29.3518,0.0381,0.0479,0.0338,0.0498
K2ZrCrSe3I3,1.1268,-1.3121,0.4760,30.0000,23.9407,9.9720,1.3535,29.3612,0.0381,0.1398,0.0331,0.3718
K2ZrFeO3I3,1.6715,-1.9806,0.4452,30.0000,23.6008,5.6019,14.8176,28.9278,0.0381,0.0273,0.0334,0.0504
K2VNbSe6,1.1274,-1.2809,0.4043,30.0000,23.8637,9.9652,1.3789,29.3256,0.0381,0.1396,0.0331,0.3657
Na2WFeO3F3,1.6781,-2.5075,0.1393,30.0000,23.4854,5.6417,14.7370,28.8944,0.0381,0.0279,0.0333,0.0505
Na2CrMoS3I3,1.1304,-1.0455,0.5030,30.0000,23.9289,9.9458,1.3867,29.3236,0.0381,0.1394,0.0331,0.3643
Na2MnSbSe3Br3,1.1225,-1.1526,0.2436,30.0000,23.9066,10.0000,1.2537,29.3002,0.0381,0.1410,0.0331,0.3989
Na2TiWO3Se3,1.6791,-1.9294,0.2862,30.0000,23.5257,5.5994,14.7816,28.9035,0.0381,0.0254,0.0334,0.0504
K2ZrGaS3Br3,1.6584,-1.6250,1.4958,30.0000,23.8043,5.6036,14.9556,29.0232,0.0381,0.0284,0.0335,0.0503
K2GeNbSe3F3,1.5310,-2.1812,6.5921,30.0000,24.9247,5.8030,15.8933,29.4008,0.0381,0.0481,0.0339,0.0498
Na2MoGaS3Cl3,1.6437,-1.2625,2.1483,30.0000,23.9513,5.6011,15.1659,29.0309,0.0382,0.0316,0.0335,0.0502
Na2TaSbO6,1.6685,-2.4013,0.8786,30.0000,23.6365,5.5981,14.8793,28.9474,0.0382,0.0277,0.0335,0.0504
K2GeTaSe3Cl3,1.5568,-1.5094,5.6832,30.0000,24.7395,5.6941,15.8403,29.2892,0.0382,0.0435,0.0338,0.0496
K2MoFeO3Br3,1.6848,-1.6420,0.1553,30.0000,23.4636,5.6009,14.6984,28.8907,0.0382,0.0254,0.0334,0.0505
K2WFeSe3F3,1.6755,-1.9780,0.2722,30.0000,23.4814,5.5866,14.8393,28.8871,0.0382,0.0267,0.0334,0.0502
K2ZrCrSe3Br3,1.1219,-1.5893,0.2062,30.0000,23.8532,10.0137,1.2766,29.2702,0.0382,0.1406,0.0331,0.3924
K2SnGaSe3Cl3,1.6589,-1.3523,1.5886,30.0000,23.7636,5.6070,14.9411,28.9953,0.0382,0.0305,0.0335,0.0504
Na2ZrMoS3Se3,1.1245,-1.2459,0.3412,30.0000,23.7921,9.9911,1.3329,29.2730,0.0382,0.1403,0.0331,0.3771
Na2SnInO3Br3,1.6614,-1.5365,1.4867,30.0000,23.6901,5.6193,14.8844,28.9672,0.0382,0.0293,0.0335,0.0505
K2GeVO3Br3,1.5105,-1.8473,7.0034,30.0000,24.9564,5.9389,15.7546,29.4272,0.0382,0.0522,0.0339,0.0502
Li2GeVO3Br3,1.4694,-1.7182,8.0465,30.0000,25.2093,6.1683,15.7293,29.4707,0.0382,0.0611,0.0340,0.0507
Na2TiCrS3Se3,1.1206,-1.2823,0.2471,30.0000,23.7786,10.0213,1.2646,29.2984,0.0382,0.1410,0.0331,0.3926
K2GeSbO3I3,1.5736,-1.3169,5.2997,30.0000,24.6019,5.6412,15.8236,29.2681,0.0382,0.0416,0.0338,0.0497
Na2GeNbSe3Br3,1.1986,-1.2363,5.1494,30.0000,24.7537,9.1527,3.4418,29.4923,0.0382,0.1253,0.0337,0.1628
K2GeInSe3Br3,1.5603,-1.2187,5.8044,30.0000,24.6771,5.7035,15.8578,29.2913,0.0382,0.0429,0.0339,0.0498
Li2GeVSe3Cl3,1.2739,-1.3207,7.3188,30.0000,25.1344,8.3064,7.1714,29.5122,0.0382,0.1090,0.0339,0.0891
Na2SnGaS3I3,1.6629,-0.9448,1.5817,30.0000,23.6780,5.5976,14.8398,28.9932,0.0382,0.0278,0.0335,0.0505
K2CrWO3Br3,1.6882,-1.6846,0.1211,30.0000,23.3272,5.6498,14.5639,28.8662,0.0382,0.0261,0.0334,0.0509
K2VFeS3Br3,1.1168,-1.3781,0.0863,30.0000,23.7396,10.0131,1.2671,29.2485,0.0382,0.1409,0.0331,0.3948
K2SnMnS3Se3,1.1157,-1.0669,0.2660,30.0000,23.7489,10.0381,1.2347,29.2559,0.0382,0.1415,0.0331,0.4028
Na2GeVSe3I3,1.1896,-0.9829,4.8025,30.0000,24.6403,9.3014,2.8885,29.4497,0.0382,0.1287,0.0336,0.1902
K2GeBiO3I3,1.5938,-1.2956,4.7333,30.0000,24.3965,5.6440,15.5733,29.2355,0.0382,0.0376,0.0338,0.0501
K2MnGaO3Cl3,1.6507,-1.8141,2.3224,30.0000,23.8403,5.6020,15.0156,29.0110,0.0382,0.0296,0.0335,0.0504
Na2ZrCrSe3I3,1.1225,-1.2473,0.4855,30.0000,23.7685,10.0069,1.2872,29.2959,0.0382,0.1409,0.0332,0.3906
Na2GeBiO3I3,1.5794,-1.2458,4.9248,30.0000,24.4833,5.6510,15.6123,29.2342,0.0382,0.0376,0.0338,0.0501
K2SnSbO3Br3,1.6897,-1.4873,0.1786,30.0000,23.3342,5.5928,14.6359,28.8458,0.0382,0.0244,0.0334,0.0506
K2GeSbSe3F3,1.5523,-1.9080,6.2822,30.0000,24.7219,5.7394,15.8551,29.3408,0.0382,0.0455,0.0339,0.0500
K2FeSbO3Cl3,1.6939,-1.7904,0.1591,30.0000,23.3808,5.6072,14.6164,28.8141,0.0382,0.0247,0.0334,0.0508
Na2TiMoS3Se3,1.1213,-1.1782,0.3400,30.0000,23.7690,10.0431,1.2312,29.2998,0.0382,0.1417,0.0331,0.4039
K2GeGaSe3I3,1.5734,-0.9804,5.4700,30.0000,24.5428,5.6799,15.7113,29.2344,0.0382,0.0417,0.0339,0.0499
Li2GeVSe3F3,1.4792,-1.9197,8.1574,30.0000,25.1405,6.0977,15.6815,29.4558,0.0383,0.0581,0.0341,0.0507
K2WGaS3Br3,1.6768,-1.2992,1.3384,30.0000,23.5269,5.6247,14.7332,28.9337,0.0383,0.0276,0.0335,0.0509
Na2SnGaO3Br3,1.6588,-1.5525,1.6552,30.0000,23.6831,5.6342,14.9023,28.9686,0.0383,0.0304,0.0335,0.0505
Na2GeMnO3Se3,1.5014,-1.4489,7.6246,30.0000,25.0250,5.9431,15.8504,29.4309,0.0383,0.0536,0.0340,0.0501
K2NbCuS3Br3,1.1149,-1.3165,0.1239,30.0000,23.6570,10.0791,1.1716,29.2741,0.0383,0.1422,0.0331,0.4114
K2MnSbBr3I3,1.1156,-1.2541,0.3849,30.0000,23.6896,10.0770,1.1548,29.2545,0.0383,0.1430,0.0332,0.4200
K2GeSbS3Br3,1.5740,-1.0210,5.6971,30.0000,24.5447,5.6581,15.7438,29.2475,0.0383,0.0417,0.0339,0.0500
Na2MoGaSe3F3,1.6656,-1.8677,1.9570,30.0000,23.6821,5.5842,14.9059,28.9612,0.0383,0.0275,0.0336,0.0506
K2MnSbS3I3,1.1210,-1.0058,0.4570,30.0000,23.7319,10.0822,1.2407,29.2812,0.0383,0.1418,0.0331,0.4031
Na2GeSbS3Br3,1.5748,-0.9490,6.0023,30.0000,24.6245,5.6996,15.6872,29.2669,0.0383,0.0427,0.0339,0.0502
K2MoAgS3I3,1.1390,-1.0306,2.3383,30.0000,24.0900,9.8424,1.6179,29.3360,0.0383,0.1389,0.0333,0.3181
K2TiMoO3Se3,1.6949,-2.0289,0.3551,30.0000,23.3166,5.5992,14.6155,28.8137,0.0383,0.0253,0.0335,0.0508
K2SnWS3Se3,1.6928,-1.0315,0.2895,30.0000,23.3199,5.6374,14.5935,28.8452,0.0383,0.0263,0.0334,0.0510
K2GeCrO3Br3,1.5374,-1.6183,6.9505,30.0000,24.8229,5.7790,15.8849,29.3496,0.0383,0.0472,0.0340,0.0500
K2TiCrO3I3,1.6946,-2.0586,0.4606,30.0000,23.3071,5.6589,14.5155,28.8267,0.0383,0.0277,0.0335,0.0510
Li2WGaO3Br3,1.6735,-1.6041,1.5874,30.0000,23.5592,5.6041,14.8414,28.8964,0.0383,0.0282,0.0336,0.0506
K2TiWO3Se3,1.6986,-1.9977,0.2836,30.0000,23.2828,5.6309,14.4636,28.8631,0.0383,0.0241,0.0334,0.0511
K2GeVS3I3,1.1931,-1.1592,5.4355,30.0000,24.7545,9.1894,3.2953,29.4350,0.0383,0.1267,0.0337,0.1696
Na2GeCrS3I3,1.1983,-1.0122,5.6566,30.0000,24.7423,9.1581,3.4150,29.4672,0.0383,0.1261,0.0337,0.1636
Na2WMnO6,1.6989,-2.1547,0.1426,30.0000,23.2248,5.6622,14.4219,28.8227,0.0383,0.0254,0.0334,0.0512
Na2MoAgS3I3,1.1441,-0.9296,2.4314,30.0000,24.1448,9.8209,1.6628,29.3831,0.0383,0.1385,0.0334,0.3119
Na2GeVO3Br3,1.5251,-1.7620,7.4801,30.0000,24.9282,5.8554,15.8173,29.3858,0.0383,0.0494,0.0340,0.0502
Na2GeTaSe3Cl3,1.5762,-1.3903,5.9561,30.0000,24.5448,5.6147,15.8536,29.2740,0.0383,0.0400,0.0339,0.0499
K2MoSbSe3I3,1.1135,-0.9211,0.5428,30.0000,23.6749,10.0789,1.1870,29.2636,0.0383,0.1430,0.0332,0.4111
K2GeCrO3Se3,1.5352,-1.5321,7.1887,30.0000,24.8218,5.7668,15.8559,29.3813,0.0383,0.0462,0.0340,0.0500
Na2TiWSe6,1.1165,-1.1558,0.3533,30.0000,23.6602,10.1093,1.1118,29.2292,0.0383,0.1433,0.0331,0.4212
Na2GeInO3I3,1.5546,-1.3697,6.7231,30.0000,24.7090,5.7084,15.8758,29.3376,0.0383,0.0435,0.0340,0.0499
K2CuZnBr3I3,1.1127,-1.1874,0.3497,30.0000,23.6287,10.1417,1.1024,29.2626,0.0383,0.1438,0.0331,0.4237
K2GeVO3I3,1.5826,-1.7783,5.8423,30.0000,24.5000,5.6541,15.6739,29.2568,0.0384,0.0400,0.0339,0.0500
K2CrMoSe3I3,1.1129,-1.0602,0.5264,30.0000,23.6782,10.0770,1.1802,29.2788,0.0384,0.1425,0.0332,0.4146
Na2TaMnO3F3,1.6953,-2.8709,0.8709,30.0000,23.3490,5.6332,14.6308,28.8693,0.0384,0.0247,0.0335,0.0510
K2GeFeO3Se3,1.5436,-1.3895,7.1247,30.0000,24.7799,5.7526,15.8016,29.3244,0.0384,0.0460,0.0340,0.0503
Na2GeFeS3Se3,1.2146,-0.8564,6.8960,30.0000,24.9040,8.9308,4.3515,29.4956,0.0384,0.1215,0.0339,0.1342
Na2TaFeO3F3,1.6876,-2.8130,0.8668,30.0000,23.3467,5.6413,14.5810,28.9001,0.0384,0.0266,0.0335,0.0510
Na2NbCuS3I3,1.1125,-1.0393,0.4688,30.0000,23.6221,10.1252,1.0659,29.2817,0.0384,0.1443,0.0332,0.4263
K2SbCuO3Cl3,1.1051,-1.7824,0.1734,30.0000,23.5711,10.1857,1.0155,29.2887,0.0384,0.1448,0.0331,0.4310
K2MnSbI6,1.1127,-1.1013,0.5829,30.0000,23.7005,10.0975,1.1847,29.2587,0.0384,0.1428,0.0332,0.4145
K2ZrInO3Br3,1.6852,-2.0866,1.4578,30.0000,23.4486,5.6074,14.7370,28.8938,0.0384,0.0270,0.0336,0.0510
K2ZrCrO3I3,1.6955,-2.0293,0.4536,30.0000,23.2579,5.6287,14.5646,28.8104,0.0384,0.0268,0.0335,0.0509
Li2GeVO3I3,1.5818,-1.6266,6.4938,30.0000,24.5501,5.6644,15.6852,29.2485,0.0384,0.0406,0.0340,0.0502
K2MoFeO3I3,1.7013,-1.4982,0.5099,30.0000,23.2156,5.6319,14.5038,28.8073,0.0384,0.0248,0.0335,0.0511
K2VNbO3Se3,1.6986,-2.1500,0.3490,30.0000,23.1834,5.6558,14.4600,28.8379,0.0384,0.0250,0.0335,0.0512
Na2WFeO3Cl3,1.7105,-1.5966,0.1226,30.0000,23.0975,5.6451,14.3168,28.7424,0.0384,0.0222,0.0335,0.0514
Na2SnFeS3Se3,1.1094,-0.8782,0.2657,30.0000,23.6256,10.1344,1.1405,29.2444,0.0384,0.1431,0.0332,0.4169
K2NbCuSe3I3,1.1053,-1.1295,0.4989,30.0000,23.5675,10.1283,1.0798,29.2971,0.0384,0.1441,0.0332,0.4257
Na2FeMnSe3Br3,1.1051,-1.1933,0.1812,30.0000,23.5380,10.1997,1.0059,29.2560,0.0384,0.1451,0.0332,0.4308
K2GeWS3Se3,1.6041,-1.0259,5.3307,30.0000,24.2790,5.6021,15.5767,29.1544,0.0384,0.0367,0.0339,0.0503
K2SbZnO3Cl3,1.7097,-1.8382,0.1594,30.0000,23.0816,5.6500,14.3886,28.7594,0.0384,0.0230,0.0335,0.0513
Na2SnGeS3Se3,1.5883,-0.8538,6.1985,30.0000,24.4630,5.6367,15.7171,29.2238,0.0384,0.0382,0.0339,0.0502
Na2WFeO3I3,1.7017,-1.4857,0.4436,30.0000,23.2191,5.6615,14.4548,28.8423,0.0384,0.0259,0.0335,0.0513
K2SnBiS3I3,1.7069,-1.0149,0.4360,30.0000,23.1906,5.6736,14.3762,28.8428,0.0384,0.0252,0.0335,0.0515
K2GeMnCl3I3,1.1825,-1.3630,5.2861,30.0000,24.5573,9.3382,2.7555,29.4427,0.0384,0.1299,0.0338,0.1992
K2WGaSe3Cl3,1.6896,-1.4177,1.4594,30.0000,23.3786,5.6137,14.6226,28.8572,0.0384,0.0249,0.0336,0.0511
Na2GeWS3Se3,1.6040,-1.0005,5.5889,30.0000,24.3178,5.6471,15.4263,29.1771,0.0384,0.0377,0.0339,0.0505
Na2GeVSe3Br3,1.1765,-1.2461,5.4551,30.0000,24.5406,9.3956,2.6825,29.4342,0.0384,0.1312,0.0337,0.2043
Li2WGaSe3I3,1.6903,-0.9567,1.4024,30.0000,23.4015,5.5990,14.6897,28.8703,0.0385,0.0265,0.0336,0.0509
Li2SnGaSe3F3,1.6819,-1.7647,1.9396,30.0000,23.4602,5.6404,14.7533,28.9096,0.0385,0.0281,0.0336,0.0510
Na2CrWO3Br3,1.7069,-1.6087,0.1145,30.0000,23.0796,5.6266,14.4121,28.7775,0.0385,0.0257,0.0335,0.0512
Na2TaFeO3Cl3,1.6991,-2.1030,0.7678,30.0000,23.2119,5.6118,14.4594,28.8099,0.0385,0.0240,0.0336,0.0511
K2TaFeO3Br3,1.7108,-1.9813,0.5819,30.0000,23.1473,5.6568,14.3918,28.7913,0.0385,0.0244,0.0335,0.0514
Na2SnMnO3S3,1.7101,-1.7490,0.1195,30.0000,23.0978,5.6700,14.3254,28.7887,0.0385,0.0245,0.0334,0.0515
Na2ZrInO3Br3,1.6884,-2.0840,1.5307,30.0000,23.3480,5.6189,14.6036,28.8066,0.0385,0.0264,0.0336,0.0511
Na2NbFeO3I3,1.7067,-1.8541,0.4906,30.0000,23.1187,5.6260,14.4210,28.7759,0.0385,0.0246,0.0335,0.0513
Na2MnGaSe3I3,1.1156,-1.0245,1.5088,30.0000,23.7265,10.0433,1.3037,29.3154,0.0385,0.1423,0.0333,0.3887
K2GeCuO3S3,1.4764,-1.6298,9.5110,30.0000,25.1639,6.1268,15.6855,29.4645,0.0385,0.0589,0.0342,0.0511
Na2GeCuO3Se3,1.2169,-1.3573,7.4978,30.0000,24.9085,8.9703,4.0270,29.5098,0.0385,0.1245,0.0340,0.1433
Na2NbCuSe3I3,1.1003,-0.9669,0.5091,30.0000,23.5096,10.1733,1.0615,29.2625,0.0385,0.1446,0.0332,0.4285
Na2ZrWO3Se3,1.7117,-1.9327,0.2912,30.0000,23.0717,5.6333,14.3597,28.7384,0.0385,0.0237,0.0335,0.0514
K2SnInO3I3,1.6907,-1.4322,1.4942,30.0000,23.3317,5.6256,14.5527,28.8465,0.0385,0.0245,0.0336,0.0512
Na2VFeS3Br3,1.1021,-1.2685,0.0763,30.0000,23.4497,10.2201,1.0000,29.2486,0.0385,0.1459,0.0331,0.4338
K2WAgO3Cl3,1.6618,-1.7220,2.8514,30.0000,23.6459,5.6040,14.9137,28.9502,0.0385,0.0303,0.0337,0.0509
K2SnGeBr3I3,1.1551,-1.2190,4.1628,30.0000,24.2778,9.7003,1.9097,29.3416,0.0385,0.1374,0.0336,0.2750
K2ZrGaSe3Cl3,1.6882,-1.7897,1.6342,30.0000,23.3530,5.6071,14.6134,28.8576,0.0385,0.0256,0.0336,0.0511
K2ZrGaO3Br3,1.6864,-2.0815,1.6224,30.0000,23.3781,5.6008,14.7218,28.8770,0.0385,0.0262,0.0336,0.0510
Na2SnNbO3Br3,1.7194,-1.9621,0.1577,30.0000,23.0395,5.6939,14.2107,28.7733,0.0385,0.0251,0.0335,0.0517
Na2MnSbS3Se3,1.1001,-0.9146,0.3020,30.0000,23.4397,10.2431,1.0000,29.2323,0.0385,0.1469,0.0331,0.4374
K2TiCrS3Se3,1.0972,-1.3450,0.2465,30.0000,23.4403,10.2558,1.0000,29.2464,0.0385,0.1474,0.0332,0.4404
Li2GeVS3Cl3,1.4548,-1.2775,10.0558,30.0000,25.2269,6.2826,15.5076,29.5182,0.0385,0.0653,0.0343,0.0516
Na2GeVSe3Cl3,1.1992,-1.3041,6.8592,30.0000,24.7366,9.1160,3.5745,29.4537,0.0385,0.1265,0.0339,0.1601
Na2ZrGaSe3F3,1.6870,-2.3246,1.8861,30.0000,23.3781,5.6208,14.6823,28.8375,0.0385,0.0272,0.0337,0.0512
Na2SbCuO3Cl3,1.0931,-1.7266,0.1680,30.0000,23.3996,10.2792,1.0000,29.2465,0.0385,0.1475,0.0332,0.4394
K2GeMoSe6,1.1609,-0.9973,5.0933,30.0000,24.4035,9.6051,2.2109,29.4063,0.0385,0.1350,0.0337,0.2435
Na2GeTaO3Br3,1.5971,-1.9063,6.3541,30.0000,24.4105,5.6354,15.5753,29.2195,0.0385,0.0381,0.0340,0.0504
Na2MoAgO3F3,1.6441,-2.3031,4.2252,30.0000,23.8544,5.5734,15.1191,29.0016,0.0385,0.0325,0.0339,0.0508
Na2GeVS3Cl3,1.5042,-1.3273,9.1864,30.0000,25.0407,5.9278,15.8849,29.4094,0.0385,0.0534,0.0343,0.0507
Na2TiFeSe3Br3,1.1008,-1.3654,0.1869,30.0000,23.4134,10.2380,1.0000,29.2102,0.0385,0.1463,0.0332,0.4355
K2GeCrS3I3,1.1716,-1.0956,5.3997,30.0000,24.5004,9.5066,2.3107,29.3984,0.0385,0.1348,0.0337,0.2341
Li2GeTaSe3Cl3,1.5991,-1.3046,6.2704,30.0000,24.3839,5.6044,15.5144,29.1947,0.0386,0.0362,0.0340,0.0505
K2MoAgO3Cl3,1.6612,-1.6999,3.4517,30.0000,23.7406,5.6195,14.9039,28.9908,0.0386,0.0298,0.0338,0.0510
Li2GeTaSe3F3,1.5873,-2.1450,6.8226,30.0000,24.4445,5.6216,15.6773,29.1660,0.0386,0.0408,0.0341,0.0503
K2ZrSbO3I3,1.7133,-1.8590,0.4816,30.0000,22.9940,5.6796,14.2333,28.7587,0.0386,0.0231,0.0335,0.0518
K2SnGeI6,1.1384,-0.9900,3.8412,30.0000,24.1006,9.8364,1.5976,29.3455,0.0386,0.1408,0.0336,0.3272
K2MnSbO3F3,1.7206,-2.3523,0.1849,30.0000,22.9447,5.6928,14.2062,28.7376,0.0386,0.0226,0.0335,0.0516
K2SnGeS3Se3,1.6143,-0.9175,5.8798,30.0000,24.2140,5.6215,15.3773,29.1280,0.0386,0.0357,0.0340,0.0506
K2ZrSbO3Br3,1.7181,-1.9588,0.1575,30.0000,22.9590,5.6780,14.2750,28.7241,0.0386,0.0232,0.0335,0.0516
K2TiFeS3I3,1.0978,-1.2885,0.4268,30.0000,23.4150,10.2169,1.0000,29.2225,0.0386,0.1464,0.0332,0.4371
Li2GeVSe3Br3,1.1649,-1.2543,5.7415,30.0000,24.4670,9.5260,2.3112,29.4101,0.0386,0.1346,0.0338,0.2350
Na2GeGaO3I3,1.5825,-1.3856,7.2483,30.0000,24.4891,5.6425,15.6266,29.2105,0.0386,0.0406,0.0341,0.0506
K2ZrWO3Se3,1.7206,-2.0077,0.2885,30.0000,22.9205,5.6438,14.2864,28.7018,0.0386,0.0235,0.0335,0.0516
Na2WSbO3F3,1.7181,-2.3140,0.2408,30.0000,22.9639,5.6582,14.2058,28.6859,0.0386,0.0231,0.0335,0.0517
K2MoInO3I3,1.7058,-1.5547,1.5801,30.0000,23.2417,5.6518,14.3782,28.7800,0.0386,0.0254,0.0337,0.0517
K2ZrGaO3I3,1.6982,-2.0337,1.6624,30.0000,23.2516,5.6443,14.4876,28.8073,0.0386,0.0266,0.0337,0.0514
Na2GeVS3I3,1.1667,-1.0368,5.6945,30.0000,24.4584,9.5681,2.2035,29.4156,0.0386,0.1370,0.0338,0.2482
Na2NbTaO3Se3,1.7139,-2.1636,0.7945,30.0000,23.0367,5.6474,14.2710,28.7034,0.0386,0.0230,0.0336,0.0516
Na2GeCuO3S3,1.4547,-1.5996,10.4265,30.0000,25.2085,6.2541,15.5182,29.5008,0.0386,0.0650,0.0344,0.0518
Na2VMnO3Cl3,1.7229,-2.0077,0.0824,30.0000,22.9109,5.6558,14.2199,28.6882,0.0386,0.0238,0.0335,0.0516
Na2GeBiS3I3,1.6498,-0.8432,4.6366,30.0000,23.8582,5.5879,15.1202,29.0425,0.0386,0.0298,0.0339,0.0509
Na2MnBiSe3I3,1.0958,-0.8743,0.4759,30.0000,23.3207,10.2550,1.0000,29.1760,0.0386,0.1478,0.0332,0.4414
K2ZrBiO3Br3,1.7244,-1.9517,0.1604,30.0000,22.8607,5.6838,14.1499,28.6864,0.0386,0.0249,0.0336,0.0518
Na2CrMoSe3I3,1.0948,-1.0314,0.5378,30.0000,23.3103,10.2588,1.0000,29.2209,0.0386,0.1482,0.0332,0.4427
K2GeTaS3I3,1.6424,-1.2345,4.9465,30.0000,23.9291,5.5957,15.1903,29.0724,0.0386,0.0312,0.0339,0.0508
K2GeNbO3Br3,1.6060,-1.9520,6.4852,30.0000,24.2846,5.6239,15.4323,29.2011,0.0387,0.0354,0.0341,0.0508
K2GeVS3Cl3,1.5591,-1.4665,8.4733,30.0000,24.6900,5.6744,15.7743,29.2894,0.0387,0.0438,0.0343,0.0504
Li2GeWS3Se3,1.6284,-0.9916,5.8874,30.0000,24.1021,5.5830,15.3347,29.0865,0.0387,0.0353,0.0340,0.0508
Na2MoInO3I3,1.7060,-1.5536,1.6432,30.0000,23.1338,5.6831,14.3268,28.7959,0.0387,0.0253,0.0337,0.0519
Na2TaFeO3I3,1.7165,-1.8482,0.8413,30.0000,22.9708,5.6758,14.2439,28.7075,0.0387,0.0256,0.0336,0.0518
K2MoMnO3Se3,1.7244,-1.5680,0.3458,30.0000,22.8975,5.7032,14.1642,28.7459,0.0387,0.0244,0.0335,0.0519
K2GeZnI6,1.1362,-1.0958,4.0159,30.0000,24.0416,9.9054,1.5100,29.3486,0.0387,0.1423,0.0336,0.3472
K2GeFeSe3F3,1.1897,-1.9594,6.9985,30.0000,24.6625,9.2755,3.0320,29.4336,0.0387,0.1297,0.0340,0.1855
K2TiInO3I3,1.7041,-2.0362,1.6037,30.0000,23.1277,5.6543,14.3479,28.7669,0.0387,0.0239,0.0337,0.0517
Na2SnZnI6,1.0955,-0.9708,0.5705,30.0000,23.3142,10.2909,1.0000,29.2199,0.0387,0.1480,0.0332,0.4406
K2NbFeO3Cl3,1.7293,-2.1556,0.1326,30.0000,22.7724,5.6909,14.0937,28.6596,0.0387,0.0234,0.0336,0.0519
Na2GeCrO3Br3,1.5956,-1.5993,7.4223,30.0000,24.4279,5.6372,15.5682,29.1610,0.0387,0.0390,0.0342,0.0508
Na2SnTaO3I3,1.7216,-1.9227,0.8190,30.0000,22.9453,5.7475,14.1091,28.8081,0.0387,0.0239,0.0335,0.0520
Na2TaSbO3S3,1.7201,-1.8094,0.8037,30.0000,22.8667,5.6364,14.3426,28.6931,0.0387,0.0245,0.0336,0.0516
K2WFeO3Cl3,1.7315,-1.7072,0.1305,30.0000,22.7307,5.6820,14.0723,28.6782,0.0387,0.0235,0.0336,0.0519
Na2MnSbO3F3,1.7287,-2.3870,0.1797,30.0000,22.7535,5.6651,14.0779,28.6759,0.0388,0.0220,0.0336,0.0520
K2MnInO3S3,1.7062,-1.8664,2.0748,30.0000,23.1282,5.6597,14.3770,28.7822,0.0388,0.0252,0.0337,0.0519
K2GeCrSe3I3,1.1374,-1.0389,4.5945,30.0000,24.0663,9.8505,1.5787,29.3306,0.0388,0.1421,0.0337,0.3313
Na2MoMnO3S3,1.7324,-1.6553,0.2084,30.0000,22.7404,5.6940,14.0558,28.6395,0.0388,0.0244,0.0336,0.0520
K2WInO3Br3,1.7182,-1.6870,1.3049,30.0000,23.0050,5.6687,14.2597,28.7102,0.0388,0.0244,0.0337,0.0519
Na2GeFeO3Se3,1.6070,-1.4358,7.6078,30.0000,24.3470,5.6096,15.5463,29.1988,0.0388,0.0371,0.0342,0.0509
K2GeMnS3Se3,1.1692,-1.0187,6.5111,30.0000,24.4350,9.5116,2.3632,29.4047,0.0388,0.1352,0.0340,0.2324
Li2WGaS3I3,1.7131,-0.9898,1.5344,30.0000,23.0471,5.6876,14.2557,28.7842,0.0388,0.0257,0.0337,0.0519
Na2WGaO3I3,1.7135,-1.5467,1.5598,30.0000,22.9947,5.6220,14.3811,28.7574,0.0388,0.0235,0.0337,0.0517
Na2MnInO3S3,1.7116,-1.7877,2.2393,30.0000,23.1485,5.6428,14.3748,28.7747,0.0388,0.0236,0.0338,0.0519
K2FeMnSe6,1.0846,-1.0352,0.3304,30.0000,23.0663,10.3808,1.0000,29.1887,0.0388,0.1509,0.0332,0.4487
Na2NbTaO6,1.7230,-2.8900,0.9043,30.0000,22.8953,5.7034,14.0626,28.6643,0.0388,0.0234,0.0337,0.0521
K2MnGaO6,1.6950,-2.0420,2.7743,30.0000,23.2283,5.6504,14.4481,28.8131,0.0388,0.0258,0.0338,0.0520
Na2GeCrSe3I3,1.1319,-0.9861,4.7725,30.0000,24.0683,9.8761,1.5105,29.3047,0.0388,0.1431,0.0337,0.3482
K2TiSbO3I3,1.7336,-1.8641,0.4896,30.0000,22.7376,5.6964,14.0332,28.6773,0.0388,0.0229,0.0336,0.0522
Li2GeVS3Br3,1.1691,-1.2330,7.2387,30.0000,24.4635,9.5129,2.4023,29.3794,0.0388,0.1355,0.0340,0.2302
Na2MnCuI6,1.0927,-1.0081,0.5793,30.0000,23.1844,10.3103,1.0000,29.1906,0.0388,0.1488,0.0332,0.4443
K2SnZnI6,1.0906,-1.1058,0.5600,30.0000,23.0676,10.3449,1.0000,29.1990,0.0388,0.1510,0.0333,0.4499
K2SnVO3I3,1.7321,-1.8242,0.4887,30.0000,22.6968,5.6820,14.0249,28.6343,0.0388,0.0225,0.0336,0.0523
Na2GeVS3Br3,1.1556,-1.2573,6.7776,30.0000,24.3632,9.6529,1.9970,29.3851,0.0388,0.1394,0.0340,0.2697
Na2WGaSe3F3,1.7185,-1.8306,1.6480,30.0000,23.0218,5.6725,14.2560,28.7556,0.0388,0.0237,0.0337,0.0520
Na2GeMoO3Se3,1.6211,-1.4745,7.1236,30.0000,24.2027,5.6185,15.3768,29.1247,0.0388,0.0358,0.0342,0.0511
Na2CrMoO3S3,1.7373,-1.7089,0.2190,30.0000,22.6546,5.7304,13.8903,28.5951,0.0388,0.0231,0.0336,0.0525
K2ZrBiS3I3,1.7326,-1.3796,0.4300,30.0000,22.6830,5.6792,14.0693,28.6388,0.0388,0.0226,0.0336,0.0521
K2MnInO6,1.7041,-2.0415,2.3497,30.0000,23.1061,5.6556,14.3676,28.7926,0.0388,0.0231,0.0338,0.0520
K2ZrWO3S3,1.7423,-2.0216,0.1710,30.0000,22.6376,5.7229,13.8819,28.6025,0.0388,0.0232,0.0336,0.0526
K2TiInO3Br3,1.7202,-2.0736,1.5482,30.0000,22.9357,5.6895,14.1505,28.7380,0.0388,0.0238,0.0337,0.0523
Na2ZrMoO3S3,1.7390,-2.0168,0.2352,30.0000,22.6232,5.6874,13.9799,28.5991,0.0389,0.0216,0.0336,0.0523
Na2SnGaS3Br3,1.7250,-1.1950,1.5249,30.0000,22.8935,5.6961,14.0853,28.6878,0.0389,0.0236,0.0337,0.0523
K2GeSbSe3Cl3,1.6518,-1.1016,5.7779,30.0000,23.8406,5.5982,15.0293,28.9780,0.0389,0.0315,0.0341,0.0515
K2MoMnSe6,1.0841,-1.0673,0.4015,30.0000,23.0515,10.3628,1.0000,29.2022,0.0389,0.1502,0.0332,0.4479
Na2TiInO3Br3,1.7208,-2.0561,1.6333,30.0000,22.8660,5.6748,14.2196,28.7128,0.0389,0.0240,0.0337,0.0521
Na2SnFeSe3Cl3,1.0808,-1.1728,0.2521,30.0000,23.0005,10.4039,1.0000,29.1866,0.0389,0.1522,0.0332,0.4520
Na2GeNbO3Br3,1.6235,-1.8519,6.8884,30.0000,24.0952,5.6368,15.2880,29.1174,0.0389,0.0358,0.0342,0.0513
Na2TiBiO3I3,1.7378,-1.7791,0.4638,30.0000,22.6717,5.6892,14.0787,28.6266,0.0389,0.0219,0.0336,0.0521
K2NbFeO3I3,1.7424,-1.8987,0.4782,30.0000,22.6446,5.7346,13.8663,28.5811,0.0389,0.0230,0.0337,0.0526
Na2WMnO3S3,1.7418,-1.6589,0.1393,30.0000,22.5878,5.7295,13.8706,28.5741,0.0389,0.0231,0.0336,0.0527
K2CrAgS3I3,1.1022,-1.0418,2.3989,30.0000,23.4517,10.2380,1.0000,29.2579,0.0389,0.1492,0.0335,0.4456
K2SnMoSe6,1.0825,-0.9885,0.4135,30.0000,22.9612,10.3518,1.0000,29.1301,0.0389,0.1508,0.0332,0.4497
K2TiGaO3Br3,1.7233,-2.0898,1.7359,30.0000,22.8473,5.6863,14.1564,28.7103,0.0389,0.0234,0.0338,0.0523
K2GeInO3Br3,1.6180,-1.5800,7.5969,30.0000,24.2015,5.6102,15.4249,29.1338,0.0389,0.0362,0.0343,0.0511
Na2CrMoSe3Br3,1.0824,-1.2195,0.2699,30.0000,22.9516,10.3694,1.0000,29.1565,0.0389,0.1509,0.0332,0.4495
Na2GeZnI6,1.1229,-0.9543,4.1447,30.0000,23.7496,10.0554,1.1738,29.2808,0.0389,0.1470,0.0337,0.4264
Na2GeMnBr3I3,1.1253,-1.1553,4.6126,30.0000,23.8408,10.0044,1.3105,29.2840,0.0389,0.1454,0.0338,0.3934
K2GeGaSe3F3,1.6021,-2.0283,8.4019,30.0000,24.3353,5.6280,15.4304,29.1732,0.0389,0.0386,0.0343,0.0513
Na2ZrFeSe3Br3,1.0811,-1.4419,0.1978,30.0000,22.8783,10.3916,1.0000,29.1483,0.0389,0.1515,0.0332,0.4501
K2SnGaS3Br3,1.7275,-1.2644,1.4560,30.0000,22.7999,5.6761,14.1286,28.6624,0.0389,0.0221,0.0338,0.0525
K2SbZnO3F3,1.7520,-2.3148,0.1819,30.0000,22.4957,5.7250,13.8051,28.5222,0.0390,0.0215,0.0336,0.0526
K2MoInO3Br3,1.7337,-1.6786,1.5235,30.0000,22.7623,5.6583,14.1322,28.6579,0.0390,0.0215,0.0338,0.0522
K2CrMnO6,1.7554,-1.9911,0.0492,30.0000,22.4577,5.7027,13.7704,28.5347,0.0390,0.0200,0.0337,0.0527
Na2GeCrO3Se3,1.6219,-1.5420,7.6804,30.0000,24.1409,5.5855,15.4025,29.0821,0.0390,0.0354,0.0343,0.0512
K2GeCrSe6,1.1351,-1.0469,5.3362,30.0000,23.9652,9.8605,1.6007,29.3050,0.0390,0.1423,0.0338,0.3307
Na2CuZnBr3I3,1.0801,-1.1018,0.3543,30.0000,22.9398,10.3919,1.0000,29.1828,0.0390,0.1512,0.0332,0.4500
Na2WFeSe3F3,1.7529,-1.8686,0.2741,30.0000,22.5323,5.7235,13.7613,28.5234,0.0390,0.0221,0.0337,0.0528
K2SnBiO3Br3,1.7501,-1.4743,0.1787,30.0000,22.4759,5.7271,13.7586,28.5256,0.0390,0.0217,0.0336,0.0528
Na2SnWS6,1.7529,-1.0810,0.1848,30.0000,22.4449,5.7370,13.6937,28.5137,0.0390,0.0213,0.0337,0.0529
Na2GeSbSe3F3,1.6467,-1.7254,6.6467,30.0000,23.8991,5.6002,15.1426,29.0460,0.0390,0.0326,0.0342,0.0515
K2GeVSe3Cl3,1.1484,-1.4866,6.4678,30.0000,24.2056,9.7355,1.8263,29.3430,0.0390,0.1414,0.0340,0.2983
K2TiMoSe6,1.0786,-1.2358,0.4088,30.0000,22.9000,10.4330,1.0000,29.1610,0.0390,0.1529,0.0333,0.4535
K2SnZnS3Se3,1.7480,-1.0027,0.2627,30.0000,22.4904,5.7456,13.7408,28.5691,0.0390,0.0221,0.0337,0.0528
Na2SnFeCl3I3,1.0729,-1.1931,0.4255,30.0000,22.8377,10.4437,1.0000,29.1461,0.0390,0.1532,0.0333,0.4554
Na2VNbSe6,1.0795,-1.1798,0.4124,30.0000,22.8953,10.4135,1.0000,29.1784,0.0390,0.1524,0.0332,0.4534
K2SnCrSe6,1.0754,-1.0271,0.3564,30.0000,22.8709,10.4097,1.0000,29.1753,0.0390,0.1516,0.0333,0.4511
K2SnTaO3I3,1.7465,-1.9558,0.7958,30.0000,22.5736,5.7023,13.8788,28.5544,0.0390,0.0221,0.0337,0.0527
Na2VZnO3Cl3,1.7547,-1.9007,0.0823,30.0000,22.4134,5.7357,13.7565,28.5382,0.0390,0.0213,0.0336,0.0527
Rb2WBiSe3I3,1.3543,-1.0521,13.4512,30.0000,25.3562,7.2613,12.2568,29.5728,0.0390,0.0909,0.0348,0.0614
K2MoBiSe3I3,1.0768,-0.9706,0.5111,30.0000,22.9124,10.4027,1.0000,29.1195,0.0390,0.1518,0.0333,0.4507
Na2WInO3Br3,1.7378,-1.5682,1.3593,30.0000,22.6485,5.7209,13.9420,28.6347,0.0390,0.0238,0.0338,0.0527
Na2ZrWO3S3,1.7560,-1.9954,0.1664,30.0000,22.4366,5.7713,13.6808,28.5630,0.0390,0.0228,0.0336,0.0528
Na2VSbO6,1.7540,-2.1880,0.2525,30.0000,22.4261,5.7518,13.6806,28.5156,0.0390,0.0228,0.0337,0.0530
Na2SnZnO3Se3,1.7524,-1.3051,0.2783,30.0000,22.4194,5.7532,13.6928,28.5578,0.0391,0.0232,0.0336,0.0529
Na2TiGaSe3F3,1.7281,-2.2670,2.0311,30.0000,22.8001,5.6977,14.1087,28.6831,0.0391,0.0255,0.0338,0.0524
Na2SnGeO3Se3,1.6474,-1.3157,6.7602,30.0000,23.8630,5.6208,15.0337,29.0223,0.0391,0.0304,0.0342,0.0518
Na2NbSbSe6,1.0745,-0.9596,0.4178,30.0000,22.8366,10.4772,1.0000,29.1776,0.0391,0.1535,0.0332,0.4549
K2SnNbO3Br3,1.7594,-2.0183,0.1622,30.0000,22.3404,5.7692,13.5803,28.5408,0.0391,0.0217,0.0336,0.0531
Na2NbCuSe3Cl3,1.0733,-1.2427,0.2833,30.0000,22.7436,10.4668,1.0000,29.1102,0.0391,0.1542,0.0333,0.4564
Li2GeMoO3Se3,1.6401,-1.5113,7.6145,30.0000,23.9301,5.5620,15.2273,29.0337,0.0391,0.0318,0.0343,0.0514
Na2CrMnO3Cl3,1.7678,-1.7136,0.0217,30.0000,22.2411,5.7350,13.5751,28.4461,0.0391,0.0214,0.0337,0.0531
Na2ZrMoSe6,1.0751,-1.1849,0.4134,30.0000,22.7446,10.4527,1.0000,29.1813,0.0391,0.1534,0.0332,0.4551
Na2GeNbSe3F3,1.6475,-2.1315,6.9972,30.0000,23.8276,5.6061,15.0647,29.0045,0.0391,0.0325,0.0343,0.0518
Na2GeWO3Se3,1.6748,-1.4318,6.0382,30.0000,23.5425,5.5795,14.8608,28.9208,0.0391,0.0284,0.0342,0.0519
K2SnGeO3Se3,1.6615,-1.3781,6.3811,30.0000,23.6705,5.6314,14.8303,28.9479,0.0391,0.0300,0.0342,0.0521
K2SbAgO3S3,1.7145,-1.5251,3.3261,30.0000,22.9714,5.6900,14.2426,28.7375,0.0391,0.0251,0.0339,0.0525
Na2CrAgS3I3,1.0842,-0.9517,2.5009,30.0000,23.0911,10.3482,1.0000,29.1637,0.0392,0.1528,0.0335,0.4553
K2MoGaS3Cl3,1.7414,-1.3556,2.0103,30.0000,22.6714,5.7547,13.8457,28.6352,0.0392,0.0241,0.0339,0.0532
Na2NbMnO3Cl3,1.7670,-2.0714,0.1256,30.0000,22.2922,5.7757,13.5536,28.5085,0.0392,0.0220,0.0337,0.0535
Na2SbAgO3S3,1.7170,-1.4765,3.5631,30.0000,23.0157,5.6828,14.2852,28.7566,0.0392,0.0240,0.0340,0.0526
K2GeTaO3I3,1.6868,-1.8740,5.2528,30.0000,23.3483,5.6254,14.6427,28.8295,0.0392,0.0279,0.0342,0.0522
Na2NbTaO3S3,1.7588,-2.1261,0.8221,30.0000,22.3786,5.7268,13.7002,28.5032,0.0392,0.0194,0.0338,0.0532
K2SbCuS3I3,1.0675,-0.8830,0.4603,30.0000,22.6920,10.5051,1.0000,29.1156,0.0392,0.1557,0.0333,0.4601
K2GeCrSe3Br3,1.1143,-1.2294,5.1719,30.0000,23.6536,10.1156,1.1074,29.2688,0.0392,0.1498,0.0339,0.4405
Na2GeGaSe3Br3,1.6636,-1.1769,6.4993,30.0000,23.6001,5.6020,14.8780,28.9439,0.0392,0.0294,0.0343,0.0519
K2TiSbO3Br3,1.7665,-1.9561,0.1415,30.0000,22.2270,5.7524,13.5553,28.4817,0.0392,0.0212,0.0337,0.0534
Na2WFeO3Br3,1.7690,-1.5082,0.1071,30.0000,22.2174,5.7952,13.4864,28.4958,0.0392,0.0188,0.0336,0.0536
K2CrMnO3Cl3,1.7753,-1.7383,0.0422,30.0000,22.1408,5.7810,13.4572,28.4338,0.0392,0.0205,0.0337,0.0536
Rb2SnTaSe3I3,1.4052,-1.2989,14.8290,30.0000,25.3776,6.6768,14.4863,29.5596,0.0392,0.0773,0.0350,0.0555
Li2SnGaS3Br3,1.7492,-1.1573,1.6172,30.0000,22.4918,5.7063,13.8765,28.5479,0.0392,0.0228,0.0339,0.0530
Na2TiGaO3I3,1.7449,-2.0342,1.8355,30.0000,22.5390,5.7308,13.8686,28.6170,0.0393,0.0232,0.0338,0.0530
Na2MoSbSe3Br3,1.0684,-0.9993,0.3144,30.0000,22.6500,10.4850,1.0000,29.0846,0.0393,0.1545,0.0333,0.4566
K2MnCuI6,1.0705,-1.0493,0.5678,30.0000,22.6418,10.5002,1.0000,29.1472,0.0393,0.1552,0.0333,0.4586
Na2GeTaO3I3,1.6943,-1.8049,5.4747,30.0000,23.3102,5.6204,14.5251,28.8181,0.0393,0.0243,0.0342,0.0525
K2TiGaSe3Cl3,1.7504,-1.7658,1.7370,30.0000,22.5044,5.7323,13.7891,28.5532,0.0393,0.0236,0.0339,0.0533
K2SnGaS3I3,1.7521,-1.0727,1.5235,30.0000,22.4031,5.7272,13.7604,28.5463,0.0393,0.0223,0.0338,0.0533
K2MoGaO3I3,1.7560,-1.6009,1.7172,30.0000,22.4103,5.7483,13.6843,28.5078,0.0393,0.0225,0.0339,0.0534
Rb2SnBiSe3I3,1.2964,-1.0102,14.2215,30.0000,25.2585,7.9553,8.8019,29.5490,0.0393,0.1070,0.0348,0.0787
K2CrMnSe6,1.0630,-1.1522,0.3380,30.0000,22.5454,10.5209,1.0000,29.1484,0.0393,0.1559,0.0333,0.4603
Li2WGaS3Cl3,1.7521,-1.2418,1.8707,30.0000,22.4421,5.7501,13.6846,28.5220,0.0393,0.0239,0.0339,0.0535
Na2GeGaS3I3,1.6803,-0.9419,6.7314,30.0000,23.5216,5.6145,14.7957,28.9183,0.0393,0.0304,0.0343,0.0524
K2FeMnS3Se3,1.0635,-1.0706,0.2297,30.0000,22.4912,10.5476,1.0000,29.1433,0.0393,0.1569,0.0332,0.4624
K2SnNbO3I3,1.7740,-1.9733,0.4859,30.0000,22.1933,5.7760,13.4851,28.4298,0.0393,0.0199,0.0338,0.0536
Na2WInO3I3,1.7553,-1.5092,1.4418,30.0000,22.3801,5.7386,13.7273,28.5447,0.0393,0.0210,0.0338,0.0533
Na2MnSbI6,1.0685,-0.9830,0.5942,30.0000,22.6258,10.5229,1.0000,29.1821,0.0393,0.1551,0.0333,0.4585
K2GeMoO3Se3,1.6768,-1.5217,6.7063,30.0000,23.5010,5.6268,14.7273,28.9055,0.0393,0.0291,0.0343,0.0523
Na2NbCuS3Br3,1.0607,-1.1792,0.1171,30.0000,22.4849,10.5423,1.0000,29.0927,0.0393,0.1557,0.0333,0.4583
Li2GeGaO3Br3,1.6264,-1.4796,9.5007,30.0000,24.0822,5.5976,15.3054,29.1041,0.0393,0.0336,0.0346,0.0517
Na2GeFeO3Cl3,1.6017,-1.6768,10.3114,30.0000,24.2665,5.6126,15.5306,29.1793,0.0393,0.0374,0.0346,0.0517
K2GeNbO3I3,1.6989,-1.8888,5.5053,30.0000,23.2302,5.6224,14.4723,28.8290,0.0393,0.0258,0.0342,0.0526
Li2GeNbSe3F3,1.6634,-2.1183,7.4733,30.0000,23.6777,5.6136,14.9260,28.9559,0.0393,0.0303,0.0344,0.0523
K2GeWO3Se3,1.6976,-1.4696,5.7366,30.0000,23.2489,5.6191,14.5073,28.8196,0.0393,0.0270,0.0342,0.0525
K2GeGaO3I3,1.6744,-1.4200,6.9004,30.0000,23.5436,5.5872,14.8077,28.9229,0.0393,0.0280,0.0344,0.0522
K2TaCuO3F3,1.7666,-2.6599,0.8206,30.0000,22.1434,5.7824,13.4501,28.4522,0.0393,0.0233,0.0338,0.0538
K2SnWS6,1.7765,-1.1047,0.1878,30.0000,22.0337,5.7659,13.4883,28.3962,0.0393,0.0214,0.0338,0.0535
Na2GeCrSe3Br3,1.1100,-1.1445,5.4176,30.0000,23.5532,10.1232,1.0906,29.2504,0.0393,0.1505,0.0339,0.4428
K2WGaO3I3,1.7607,-1.5914,1.5038,30.0000,22.2810,5.7754,13.4886,28.5282,0.0394,0.0217,0.0339,0.0538
K2GeVSe3Br3,1.1053,-1.3495,5.2073,30.0000,23.5218,10.1442,1.0572,29.2252,0.0394,0.1508,0.0339,0.4479
K2CrMoO3Cl3,1.7788,-1.7293,0.2017,30.0000,21.9936,5.7785,13.3675,28.3915,0.0394,0.0202,0.0338,0.0537
Rb2SnSbSe3I3,1.3776,-0.9948,15.4117,30.0000,25.3596,7.0144,13.4296,29.5577,0.0394,0.0859,0.0350,0.0588
Na2TiFeS3I3,1.0665,-1.2107,0.4365,30.0000,22.5187,10.5184,1.0000,29.1204,0.0394,0.1568,0.0333,0.4610
K2GeInS3I3,1.6991,-0.9993,6.0126,30.0000,23.2684,5.6586,14.4364,28.8379,0.0394,0.0262,0.0343,0.0529
Rb2TiBiSe3I3,1.4492,-1.2613,15.1541,30.0000,25.2531,6.3457,15.3259,29.5256,0.0394,0.0679,0.0350,0.0534
K2WInO3I3,1.7629,-1.5382,1.3936,30.0000,22.2979,5.7536,13.5766,28.5119,0.0394,0.0213,0.0339,0.0536
Na2TaFeO3Br3,1.7748,-1.9520,0.6014,30.0000,22.1360,5.7564,13.4418,28.3842,0.0394,0.0211,0.0338,0.0537
Rb2WSbSe3I3,1.2778,-0.9626,14.5092,30.0000,25.2135,8.1755,7.8440,29.5172,0.0394,0.1126,0.0349,0.0868
K2VTaO3Se3,1.7755,-2.1311,0.7893,30.0000,22.1656,5.7830,13.4239,28.4149,0.0394,0.0205,0.0339,0.0539
K2GeGaSe3Br3,1.6985,-1.2307,6.2099,30.0000,23.2572,5.6059,14.5396,28.8130,0.0394,0.0260,0.0343,0.0527
K2TaFeO3I3,1.7711,-1.8706,0.8151,30.0000,22.1405,5.7748,13.5506,28.4549,0.0394,0.0223,0.0338,0.0536
Na2GeTaO3F3,1.6449,-2.5353,9.2066,30.0000,23.8840,5.6038,15.0572,29.0478,0.0394,0.0321,0.0346,0.0523
Na2NbZnO3Cl3,1.7807,-1.9444,0.1243,30.0000,21.9945,5.7965,13.3466,28.4364,0.0394,0.0212,0.0338,0.0538
Rb2ZrBiSe3I3,1.5006,-1.3716,14.5648,30.0000,25.0554,5.9597,15.8405,29.4174,0.0394,0.0573,0.0350,0.0522
K2GeMnO3S3,1.6345,-1.6650,9.7267,30.0000,23.9916,5.6275,15.1565,29.0780,0.0394,0.0349,0.0346,0.0523
Na2TiMoO3S3,1.7846,-2.0089,0.2196,30.0000,21.9744,5.7983,13.3082,28.3736,0.0394,0.0210,0.0338,0.0540
K2GeFeO3Cl3,1.6406,-1.6946,9.4124,30.0000,23.9516,5.5665,15.1891,29.0609,0.0395,0.0308,0.0346,0.0521
Rb2SbZnSe3I3,1.3762,-1.0562,16.2188,30.0000,25.3962,6.9711,13.6096,29.5720,0.0395,0.0865,0.0351,0.0581
Rb2TaFeSe3I3,1.4164,-1.2316,15.7034,30.0000,25.3007,6.6180,14.6955,29.5289,0.0395,0.0767,0.0351,0.0551
Rb2ZrSbSe3I3,1.4041,-1.3500,15.8176,30.0000,25.3622,6.7356,14.3462,29.5206,0.0395,0.0799,0.0351,0.0561
Na2GeFeSe3Cl3,1.1138,-1.1896,6.7511,30.0000,23.6798,10.0722,1.2166,29.2591,0.0395,0.1502,0.0341,0.4310
Na2FeSbO3F3,1.7854,-2.2773,0.1767,30.0000,21.9185,5.8102,13.3035,28.3426,0.0395,0.0212,0.0338,0.0541
Na2GeNbO3I3,1.7066,-1.7378,5.7704,30.0000,23.1111,5.6676,14.3769,28.8227,0.0395,0.0258,0.0343,0.0530
Rb2CrWSe3I3,1.4600,-1.1589,15.4468,30.0000,25.2028,6.2052,15.6532,29.5074,0.0395,0.0643,0.0351,0.0529
Na2GeFeS3Br3,1.1109,-1.1211,6.6687,30.0000,23.6543,10.1617,1.0536,29.2426,0.0395,0.1529,0.0341,0.4528
K2SnSbO3Cl3,1.7846,-1.7482,0.2132,30.0000,21.9046,5.8035,13.2227,28.2997,0.0395,0.0210,0.0338,0.0542
Na2GeInS3I3,1.7013,-0.9509,6.2746,30.0000,23.1777,5.6295,14.5254,28.8095,0.0395,0.0271,0.0344,0.0527
Na2VTaO3Se3,1.7772,-2.1445,0.8209,30.0000,22.0583,5.7992,13.3961,28.4375,0.0395,0.0217,0.0339,0.0540
Na2MnInSe6,1.0628,-0.9552,1.4640,30.0000,22.5247,10.5391,1.0000,29.1397,0.0395,0.1577,0.0334,0.4641
Rb2TaCuSe3I3,1.3039,-1.1828,15.5933,30.0000,25.2750,7.8639,9.4589,29.5581,0.0395,0.1054,0.0350,0.0751
Rb2TaZnSe3I3,1.3132,-1.2517,15.5599,30.0000,25.3019,7.7199,9.9840,29.5297,0.0395,0.1030,0.0351,0.0723
Rb2SnNbSe3I3,1.3329,-1.2004,15.8417,30.0000,25.3317,7.5211,10.8991,29.5378,0.0395,0.0972,0.0351,0.0674
Na2GeSbSe3Cl3,1.7076,-1.0475,6.0837,30.0000,23.1169,5.7138,14.3232,28.8318,0.0395,0.0279,0.0343,0.0533
Rb2WAgSe3I3,1.3406,-1.0325,15.9712,30.0000,25.3280,7.4153,11.5096,29.5859,0.0395,0.0947,0.0351,0.0653
K2TaZnO3F3,1.7792,-2.7580,0.8041,30.0000,22.0401,5.7983,13.3814,28.4104,0.0395,0.0208,0.0338,0.0541
Rb2WFeSe3I3,1.4705,-1.0467,15.3853,30.0000,25.1526,6.1319,15.6290,29.4207,0.0395,0.0637,0.0351,0.0528
Na2FeMnCl3I3,1.0552,-1.2853,0.4136,30.0000,22.3479,10.6189,1.0000,29.1052,0.0395,0.1582,0.0333,0.4638
Na2SnNbO3I3,1.7816,-1.8320,0.4976,30.0000,21.9349,5.8109,13.2921,28.3569,0.0395,0.0213,0.0338,0.0541
Na2GeMoS6,1.6694,-1.0430,8.5127,30.0000,23.6084,5.6300,14.8289,28.9470,0.0396,0.0284,0.0346,0.0526
Li2SnGaSe3Cl3,1.7697,-1.2325,1.7632,30.0000,22.1483,5.7596,13.5476,28.4780,0.0396,0.0208,0.0340,0.0539
Na2SnWO3Se3,1.7858,-1.4138,0.3056,30.0000,21.8791,5.8384,13.1694,28.3618,0.0396,0.0213,0.0338,0.0543
Rb2SnWSe6,1.3425,-1.0061,16.5702,30.0000,25.3814,7.3664,11.6892,29.5686,0.0396,0.0941,0.0352,0.0645
K2CrMoO3S3,1.7858,-1.7387,0.2206,30.0000,21.8494,5.8301,13.1566,28.3491,0.0396,0.0204,0.0338,0.0544
K2NbTaO3S3,1.7876,-2.1229,0.7841,30.0000,21.9151,5.8026,13.2630,28.3602,0.0396,0.0194,0.0339,0.0543
Rb2TaMnSe3I3,1.2863,-1.2615,15.7181,30.0000,25.2311,8.0311,8.5439,29.5297,0.0396,0.1096,0.0351,0.0818
Na2WGaO3Br3,1.7749,-1.5774,1.4993,30.0000,22.0670,5.7909,13.3672,28.4029,0.0396,0.0215,0.0340,0.0541
Rb2WSbSe3Br3,1.3051,-1.1469,16.3876,30.0000,25.2945,7.8585,9.4112,29.5920,0.0396,0.1076,0.0351,0.0763
Rb2AgInI6,1.2726,-1.1457,15.7204,30.0000,25.2370,8.2063,7.8151,29.5555,0.0396,0.1131,0.0351,0.0879
Na2TiCrSe3I3,1.0526,-1.2525,0.4929,30.0000,22.2249,10.5887,1.0000,29.0958,0.0396,0.1576,0.0333,0.4631
K2GeBiO3Br3,1.7259,-1.4865,5.3695,30.0000,22.8708,5.6590,14.1765,28.6862,0.0396,0.0238,0.0343,0.0533
Na2ZrGaO3Br3,1.7806,-2.1023,1.7126,30.0000,22.0228,5.8213,13.3071,28.4130,0.0396,0.0214,0.0340,0.0544
K2WFeO3Br3,1.7912,-1.5993,0.1141,30.0000,21.7155,5.8262,13.1638,28.2871,0.0396,0.0220,0.0338,0.0544
Rb2NbMnSe3I3,1.3612,-1.2595,16.8834,30.0000,25.3734,7.2121,12.5249,29.5787,0.0396,0.0913,0.0352,0.0615
Na2SnGaSe3Cl3,1.7768,-1.2622,1.6640,30.0000,22.0125,5.7910,13.3717,28.4422,0.0397,0.0201,0.0340,0.0542
Rb2NbFeSe3I3,1.3193,-1.2202,16.8662,30.0000,25.3057,7.6737,10.3220,29.5789,0.0397,0.1023,0.0353,0.0707
Na2AgGaF3I3,1.0759,-1.8764,3.8082,30.0000,22.8792,10.4192,1.0000,29.1707,0.0397,0.1570,0.0338,0.4670
Rb2MnZnI6,1.2530,-1.1498,15.1314,30.0000,25.0598,8.5095,6.2637,29.5359,0.0397,0.1194,0.0350,0.1044
Rb2WInSe3I3,1.5199,-1.0882,15.2849,30.0000,24.9340,5.8661,15.8444,29.3819,0.0397,0.0543,0.0351,0.0524
Na2SbAgBr3I3,1.0623,-1.0392,1.9661,30.0000,22.4831,10.5784,1.0000,29.1197,0.0397,0.1596,0.0335,0.4691
Na2CrWO3Cl3,1.8017,-1.6692,0.1324,30.0000,21.6878,5.8311,13.0586,28.2477,0.0397,0.0201,0.0339,0.0546
Rb2WSbS3I3,1.4602,-1.0361,16.5463,30.0000,25.1702,6.2181,15.6086,29.4655,0.0397,0.0667,0.0353,0.0532
Rb2NbZnSe3I3,1.3225,-1.2310,16.6976,30.0000,25.2927,7.6652,10.3051,29.5537,0.0397,0.1008,0.0352,0.0710
K2NbTaO3Se3,1.7877,-2.1159,0.7664,30.0000,21.8458,5.8092,13.1600,28.3360,0.0397,0.0201,0.0339,0.0545
Rb2TiInSe3I3,1.3713,-1.3959,17.4185,30.0000,25.3668,7.0721,13.1453,29.5599,0.0397,0.0880,0.0353,0.0601
Na2SbCuS3I3,1.0496,-0.7651,0.4704,30.0000,22.1053,10.6051,1.0000,29.0494,0.0397,0.1587,0.0334,0.4647
K2GeMnBr3I3,1.0787,-1.2522,4.4419,30.0000,22.8925,10.4348,1.0000,29.1737,0.0397,0.1587,0.0338,0.4701
Rb2SnTaSe3Br3,1.3030,-1.4521,16.7668,30.0000,25.2950,7.9042,9.2653,29.5850,0.0397,0.1075,0.0352,0.0776
K2SnCrSe3Br3,1.0488,-1.2594,0.2220,30.0000,22.1203,10.6252,1.0000,29.0783,0.0397,0.1581,0.0333,0.4635
Rb2NbTaSe6,1.3712,-1.2761,17.4002,30.0000,25.3579,7.0720,13.0767,29.5523,0.0397,0.0894,0.0353,0.0601
K2GeGaO3Br3,1.6855,-1.5751,8.3121,30.0000,23.3921,5.6536,14.6322,28.8900,0.0397,0.0287,0.0346,0.0533
Na2NbZnO3F3,1.8023,-2.4652,0.1457,30.0000,21.6623,5.8554,12.9995,28.2215,0.0397,0.0208,0.0339,0.0549
K2WGaS3Cl3,1.7812,-1.3580,1.6584,30.0000,21.9894,5.7867,13.3157,28.3919,0.0397,0.0203,0.0340,0.0544
K2SnWO3Se3,1.8008,-1.5037,0.3023,30.0000,21.7081,5.8293,13.0712,28.2408,0.0397,0.0216,0.0339,0.0546
Na2MoSbO3Cl3,1.7962,-1.7296,0.2890,30.0000,21.6814,5.8493,13.1101,28.3399,0.0397,0.0209,0.0338,0.0544
Rb2ZrWSe6,1.3231,-1.3299,17.0468,30.0000,25.2819,7.6120,10.5796,29.5642,0.0397,0.1006,0.0353,0.0696
K2ZrBiO3I3,1.7970,-1.8692,0.4489,30.0000,21.6974,5.8354,13.0756,28.2813,0.0397,0.0215,0.0339,0.0547
Rb2ZrInSe3I3,1.4828,-1.4160,16.6747,30.0000,25.0980,6.0831,15.7462,29.4588,0.0398,0.0622,0.0353,0.0529
Rb2CrMnSe3I3,1.3470,-1.2061,17.6134,30.0000,25.3776,7.3208,12.0055,29.5611,0.0398,0.0943,0.0353,0.0641
K2MoBiO3Cl3,1.7992,-1.7650,0.2682,30.0000,21.6846,5.8099,13.0890,28.2651,0.0398,0.0199,0.0339,0.0546
Rb2ZrGaSe3I3,1.4448,-1.4236,17.4887,30.0000,25.2577,6.4019,15.2430,29.5284,0.0398,0.0728,0.0354,0.0543
Rb2CrWSe3Br3,1.4433,-1.3051,17.6232,30.0000,25.2306,6.3453,15.3977,29.4853,0.0398,0.0702,0.0354,0.0539
K2MoWO3S3,1.8023,-1.6311,0.2585,30.0000,21.6174,5.8393,12.9644,28.2134,0.0398,0.0182,0.0339,0.0550
Li2GeWO3Se3,1.7257,-1.4972,6.3886,30.0000,22.8572,5.6771,14.1698,28.6972,0.0398,0.0248,0.0344,0.0537
K2GeCuO3Se3,1.0954,-1.3201,7.0292,30.0000,23.3825,10.2965,1.0000,29.2383,0.0398,0.1559,0.0342,0.4651
K2GeBiS3I3,1.7520,-0.9852,4.4672,30.0000,22.4486,5.7532,13.6833,28.5609,0.0398,0.0226,0.0343,0.0543
K2GeInO3I3,1.7244,-1.3960,6.4221,30.0000,22.8588,5.6689,14.2399,28.6838,0.0398,0.0250,0.0344,0.0536
Rb2MoBiS3I3,1.2645,-1.0500,16.5864,30.0000,25.1624,8.3885,6.9139,29.5449,0.0398,0.1191,0.0352,0.0976
Na2WSbO3Cl3,1.8066,-1.6880,0.2164,30.0000,21.5996,5.8395,13.0208,28.2063,0.0398,0.0212,0.0339,0.0548
Rb2SnSbSe3Br3,1.3872,-1.1438,17.5712,30.0000,25.3111,6.9406,13.5555,29.5448,0.0398,0.0856,0.0354,0.0586
Na2SnBiO3Br3,1.8005,-1.4177,0.1759,30.0000,21.5741,5.8557,12.9922,28.2437,0.0398,0.0203,0.0339,0.0548
Rb2GeBiSe3I3,1.3529,-0.9902,17.9669,30.0000,25.3570,7.2897,12.1218,29.5750,0.0398,0.0936,0.0354,0.0637
Na2MoInO3Br3,1.7941,-1.6754,1.5996,30.0000,21.8213,5.8121,13.1747,28.2949,0.0398,0.0211,0.0340,0.0547
Na2VSbO3S3,1.8062,-1.6609,0.2340,30.0000,21.5497,5.8513,12.9485,28.2342,0.0398,0.0207,0.0339,0.0549
Na2SbZnO3F3,1.8075,-2.2348,0.1766,30.0000,21.5820,5.8869,12.8164,28.2406,0.0398,0.0210,0.0339,0.0553
K2WGaO3Br3,1.7893,-1.7092,1.4337,30.0000,21.8196,5.8262,13.1588,28.2995,0.0398,0.0203,0.0340,0.0547
Na2MoGaO3Br3,1.7903,-1.7063,1.7860,30.0000,21.8932,5.8436,13.1352,28.3421,0.0398,0.0220,0.0340,0.0549
Rb2WFeSe3Br3,1.4635,-1.2561,17.5425,30.0000,25.1975,6.2024,15.6161,29.4826,0.0399,0.0666,0.0354,0.0534
K2MnSbSe3Br3,1.0476,-1.2122,0.2433,30.0000,21.9373,10.6469,1.0000,29.0298,0.0399,0.1597,0.0334,0.4655
Rb2TiGaSe3I3,1.4136,-1.4095,18.3085,30.0000,25.3265,6.6586,14.6905,29.5503,0.0399,0.0794,0.0354,0.0561
Li2MoGaS3Cl3,1.7878,-1.2563,2.3307,30.0000,21.9244,5.8083,13.2549,28.3393,0.0399,0.0216,0.0341,0.0547
Li2GeGaO3I3,1.7068,-1.4055,7.6473,30.0000,23.0886,5.6558,14.3625,28.7434,0.0399,0.0259,0.0346,0.0536
Rb2SnInSe3I3,1.5268,-1.0061,16.2430,30.0000,24.8833,5.8150,15.8591,29.3639,0.0399,0.0520,0.0353,0.0525
Rb2SnSbS3I3,1.4553,-0.9917,17.7411,30.0000,25.1736,6.2909,15.3877,29.4624,0.0399,0.0677,0.0354,0.0541
Rb2GeTaSe3I3,1.3810,-1.2011,18.7019,30.0000,25.3863,6.9655,13.5917,29.5921,0.0399,0.0863,0.0354,0.0589
Rb2TaMnSe3Br3,1.2992,-1.5221,17.9377,30.0000,25.2864,7.9490,8.9192,29.5448,0.0399,0.1101,0.0354,0.0798
Rb2TaZnSe3Br3,1.3023,-1.4450,17.7285,30.0000,25.2708,7.8514,9.4028,29.5731,0.0399,0.1083,0.0354,0.0767
Rb2TaMnS3I3,1.4647,-1.2663,18.1083,30.0000,25.2189,6.1539,15.6823,29.4888,0.0399,0.0641,0.0355,0.0535
Rb2NbSbSe6,1.3221,-1.0352,18.2751,30.0000,25.3315,7.6453,10.4664,29.5763,0.0399,0.1017,0.0354,0.0711
Rb2TiWSe6,1.2881,-1.2878,17.8725,30.0000,25.2584,8.0379,8.6773,29.5642,0.0399,0.1122,0.0354,0.0818
Rb2WMnSe6,1.3083,-1.0882,17.7269,30.0000,25.2398,7.8101,9.6860,29.5803,0.0399,0.1057,0.0354,0.0750
Rb2TaFeSe3Br3,1.2918,-1.4354,17.9184,30.0000,25.2818,7.9872,8.7926,29.5793,0.0399,0.1102,0.0354,0.0806
Na2MnSbSe3I3,1.0436,-0.8903,0.5067,30.0000,21.9069,10.7122,1.0000,29.0532,0.0399,0.1618,0.0333,0.4690
Rb2WBiS3I3,1.5789,-1.0996,15.1745,30.0000,24.5649,5.6287,15.7931,29.2828,0.0399,0.0432,0.0353,0.0525
Rb2MoWSe6,1.2500,-1.0647,17.0082,30.0000,25.1294,8.5684,5.9644,29.5445,0.0399,0.1234,0.0353,0.1102
Rb2CrWSe6,1.2947,-1.1418,17.7895,30.0000,25.2049,7.9834,8.8742,29.5650,0.0400,0.1113,0.0354,0.0801
Rb2WSbO3I3,1.4983,-1.4003,17.4212,30.0000,25.0301,6.0131,15.7616,29.4211,0.0400,0.0598,0.0354,0.0531
Rb2WGaSe3I3,1.5554,-1.0769,15.9664,30.0000,24.7139,5.7282,15.8591,29.3209,0.0400,0.0480,0.0353,0.0525
Li2WGaSe3F3,1.7963,-1.8571,1.7435,30.0000,21.7323,5.7914,13.1008,28.2561,0.0400,0.0192,0.0341,0.0550
Rb2MnBiO3I3,1.4701,-1.4063,18.2210,30.0000,25.1959,6.0887,15.8788,29.4555,0.0400,0.0646,0.0355,0.0532
Rb2SnZnCl3I3,1.4421,-1.4084,18.6442,30.0000,25.2473,6.4037,15.2572,29.5269,0.0400,0.0723,0.0355,0.0546
Rb2TiSbSe3I3,1.2346,-1.1985,16.5173,30.0000,24.9672,8.7564,5.0159,29.4933,0.0400,0.1279,0.0353,0.1268
Rb2VTaSe6,1.2940,-1.3011,18.2121,30.0000,25.2267,7.9491,8.8923,29.5443,0.0400,0.1106,0.0354,0.0804
K2MnGaO3S3,1.7931,-1.8384,2.4047,30.0000,21.8485,5.8031,13.2150,28.2965,0.0400,0.0214,0.0342,0.0550
Rb2TaCuS3I3,1.4860,-1.1845,17.9408,30.0000,25.0744,6.0335,15.7894,29.4251,0.0400,0.0609,0.0355,0.0532
Rb2TiSbSe3Br3,1.2968,-1.4648,19.0547,30.0000,25.3681,7.9139,9.1584,29.6058,0.0400,0.1097,0.0355,0.0788
Rb2SbAgCl3I3,1.3823,-1.2539,19.3236,30.0000,25.3697,7.0062,13.3436,29.5874,0.0400,0.0885,0.0355,0.0598
Rb2TaSbSe6,1.2469,-1.0439,16.8858,30.0000,25.0462,8.5824,5.8249,29.4896,0.0400,0.1248,0.0353,0.1120
Rb2NbZnSe3Br3,1.3508,-1.4057,19.3022,30.0000,25.4154,7.2925,12.1340,29.5372,0.0400,0.0956,0.0356,0.0642
Na2SbCuS3Br3,1.0406,-1.0126,0.1370,30.0000,21.7775,10.7230,1.0000,29.0473,0.0400,0.1616,0.0333,0.4686
Na2MoSbSe3I3,1.0424,-0.8989,0.5540,30.0000,21.7462,10.6928,1.0000,29.0635,0.0400,0.1617,0.0334,0.4700
K2WMnO3S3,1.8212,-1.6894,0.1461,30.0000,21.3337,5.8783,12.6803,28.1172,0.0400,0.0203,0.0340,0.0557
Rb2NbMnS3I3,1.4122,-1.2474,19.7441,30.0000,25.4199,6.6239,14.7251,29.5663,0.0400,0.0784,0.0356,0.0561
Rb2MoInS3I3,1.4147,-1.1403,19.2521,30.0000,25.3399,6.6427,14.7240,29.5506,0.0400,0.0802,0.0356,0.0560
Rb2NbMnSe3Br3,1.3626,-1.4658,19.5553,30.0000,25.4186,7.1382,12.8409,29.5751,0.0401,0.0919,0.0356,0.0616
K2TaSbO3S3,1.8103,-1.7982,0.7689,30.0000,21.4736,5.8528,12.8926,28.1843,0.0401,0.0192,0.0340,0.0554
K2VZnO3Cl3,1.8199,-1.9505,0.0967,30.0000,21.3474,5.8882,12.7114,28.1458,0.0401,0.0197,0.0340,0.0556
Rb2VMnSe3I3,1.2561,-1.2424,17.6549,30.0000,25.0985,8.4853,6.2103,29.5389,0.0401,0.1222,0.0354,0.1066
Rb2SnMnI6,1.1702,-1.1507,14.4329,30.0000,24.5053,9.4337,2.5832,29.4064,0.0401,0.1415,0.0351,0.2270
Rb2SnNbS3I3,1.4859,-1.2338,18.3196,30.0000,25.1305,6.0220,15.8902,29.4539,0.0401,0.0613,0.0355,0.0531
Rb2GeSbSe3I3,1.3730,-0.9508,19.5452,30.0000,25.3659,7.0159,13.3240,29.5700,0.0401,0.0879,0.0356,0.0601
K2MnSbSe3I3,1.0366,-0.9878,0.4968,30.0000,21.7997,10.7053,1.0000,29.0405,0.0401,0.1621,0.0334,0.4695
Rb2MnBiS3I3,1.2405,-1.0581,17.2638,30.0000,25.0335,8.6185,5.7560,29.4773,0.0401,0.1257,0.0354,0.1139
K2VZnO3F3,1.8192,-2.6802,0.1142,30.0000,21.2794,5.8842,12.6886,28.0881,0.0401,0.0202,0.0340,0.0557
Rb2TiSbS3I3,1.4541,-1.2835,19.2387,30.0000,25.2685,6.2191,15.6180,29.4795,0.0401,0.0672,0.0356,0.0539
K2GeSbO3Br3,1.7471,-1.4688,6.1774,30.0000,22.5014,5.7268,13.8192,28.5697,0.0401,0.0223,0.0345,0.0546
Na2SnCuCl3I3,1.0374,-1.1038,0.4310,30.0000,21.6652,10.7050,1.0000,29.0564,0.0401,0.1609,0.0333,0.4677
Na2GeGaO3Br3,1.7112,-1.4887,8.8585,30.0000,23.0119,5.6314,14.3680,28.7167,0.0401,0.0262,0.0348,0.0538
Na2GeInO3Br3,1.7255,-1.5287,8.0518,30.0000,22.8393,5.6991,14.1032,28.6908,0.0401,0.0260,0.0347,0.0542
K2TiBiO3Br3,1.8259,-1.9463,0.1468,30.0000,21.2549,5.8978,12.6897,28.1132,0.0401,0.0208,0.0340,0.0557
Rb2NbFeS3I3,1.3992,-1.2194,19.7206,30.0000,25.3198,6.7586,14.3729,29.5639,0.0401,0.0816,0.0357,0.0571
Na2TiGaO3Br3,1.8078,-2.0805,1.8429,30.0000,21.5694,5.8489,12.9144,28.1979,0.0401,0.0203,0.0342,0.0556
K2NbMnO3Cl3,1.8274,-2.1540,0.1351,30.0000,21.2322,5.9066,12.6759,28.1218,0.0401,0.0195,0.0340,0.0558
K2AgGaI6,1.0497,-1.0763,2.7412,30.0000,22.1195,10.6294,1.0000,29.0385,0.0401,0.1625,0.0337,0.4744
Rb2TaCuO3I3,1.4740,-1.8053,18.9587,30.0000,25.1407,6.1384,15.6510,29.4996,0.0401,0.0648,0.0356,0.0537
Na2MoBiO3Cl3,1.8236,-1.7113,0.2701,30.0000,21.2561,5.8874,12.6793,28.0905,0.0401,0.0212,0.0340,0.0558
Rb2NbZnS3I3,1.4515,-1.2323,19.4887,30.0000,25.2619,6.3035,15.4196,29.5006,0.0401,0.0709,0.0357,0.0545
Rb2SnZnBr3I3,1.1962,-1.3073,16.1031,30.0000,24.7410,9.1832,3.3079,29.4926,0.0401,0.1385,0.0352,0.1840
Na2MoGaO3I3,1.8050,-1.5839,1.7917,30.0000,21.5654,5.8432,12.9583,28.2268,0.0401,0.0204,0.0341,0.0554
Na2CrMoO3F3,1.8243,-2.5672,0.2327,30.0000,21.2634,5.9008,12.7105,28.0979,0.0402,0.0198,0.0340,0.0557
Rb2MoFeSe3Br3,1.3032,-1.2295,19.4858,30.0000,25.2985,7.8668,9.3859,29.5476,0.0402,0.1086,0.0356,0.0776
Rb2MoInSe3Br3,1.2734,-1.3275,19.0769,30.0000,25.2145,8.2283,7.6576,29.5679,0.0402,0.1175,0.0356,0.0912
Rb2SnNbSe3Br3,1.2366,-1.4238,18.1443,30.0000,25.0517,8.6581,5.4435,29.5084,0.0402,0.1275,0.0355,0.1195
Rb2MnSbO3I3,1.3787,-1.4368,20.2480,30.0000,25.3528,6.9816,13.4351,29.5742,0.0402,0.0888,0.0357,0.0600
Rb2SnFeF3I3,1.3825,-1.9420,20.0455,30.0000,25.3548,6.9244,13.6799,29.5394,0.0402,0.0875,0.0357,0.0592
Li2GeGaSe3I3,1.7544,-0.9023,5.9157,30.0000,22.3816,5.7666,13.6510,28.5196,0.0402,0.0236,0.0345,0.0549
Rb2ZrFeSe3I3,1.2111,-1.3247,16.8726,30.0000,24.8658,8.9916,4.2095,29.4800,0.0402,0.1329,0.0353,0.1494
Na2TiFeSe3I3,1.0343,-1.1530,0.4855,30.0000,21.6301,10.7341,1.0000,28.9960,0.0402,0.1629,0.0334,0.4712
Rb2FeSbO3I3,1.3817,-1.3176,20.2233,30.0000,25.3369,6.9584,13.6807,29.5413,0.0402,0.0879,0.0357,0.0592
Rb2NbFeSe3Br3,1.3119,-1.3758,19.5320,30.0000,25.3083,7.6934,10.1686,29.5785,0.0402,0.1052,0.0356,0.0730
Rb2SnMnCl3I3,1.2632,-1.3955,18.8780,30.0000,25.1529,8.3521,6.9953,29.5268,0.0402,0.1196,0.0356,0.0973
Na2GeWO6,1.7260,-2.0762,8.6384,30.0000,22.8598,5.6687,14.1909,28.6482,0.0402,0.0263,0.0348,0.0544
Rb2MnZnCl3I3,1.3223,-1.4233,20.1271,30.0000,25.3492,7.5992,10.6003,29.5755,0.0402,0.1027,0.0357,0.0710
Rb2AgInBr3I3,1.2275,-1.2462,17.6544,30.0000,24.9343,8.8427,4.7833,29.5169,0.0402,0.1303,0.0354,0.1329
Rb2MoWS3Se3,1.4511,-1.1268,19.9347,30.0000,25.1984,6.2924,15.4546,29.5011,0.0402,0.0701,0.0357,0.0544
K2NbCuSe3Br3,1.0326,-1.3127,0.2386,30.0000,21.5446,10.7469,1.0000,29.0102,0.0402,0.1634,0.0334,0.4714
K2MnSbS3Se3,1.0347,-0.9557,0.2984,30.0000,21.6422,10.7271,1.0000,29.0428,0.0402,0.1616,0.0334,0.4686
Rb2WSbSe3F3,1.4601,-1.8323,20.2651,30.0000,25.2088,6.2387,15.5537,29.4919,0.0402,0.0698,0.0358,0.0543
Rb2SnZnF3I3,1.4822,-2.0183,19.8058,30.0000,25.1393,6.0681,15.7806,29.4666,0.0403,0.0620,0.0358,0.0537
Rb2SnVSe3Br3,1.2570,-1.4200,19.0534,30.0000,25.1691,8.4228,6.5972,29.5165,0.0403,0.1211,0.0356,0.1027
Rb2CrWS3I3,1.5541,-1.1958,17.7940,30.0000,24.7422,5.7532,15.8114,29.3132,0.0403,0.0511,0.0356,0.0531
Rb2MoInSe3I3,1.1972,-1.0938,16.6407,30.0000,24.7053,9.1878,3.3140,29.4388,0.0403,0.1384,0.0353,0.1856
Rb2ZrWS3Se3,1.4681,-1.3909,19.9980,30.0000,25.2067,6.1054,15.7610,29.4465,0.0403,0.0644,0.0358,0.0539
Li2MoGaSe3F3,1.8141,-1.8546,2.0912,30.0000,21.4511,5.8816,12.8047,28.1850,0.0403,0.0202,0.0342,0.0560
Rb2SnInSe3Br3,1.5357,-1.2473,18.5525,30.0000,24.8558,5.7852,15.8552,29.3538,0.0403,0.0535,0.0357,0.0532
Rb2MnSbF3I3,1.4851,-2.0743,20.0172,30.0000,25.1684,6.0409,15.7493,29.4652,0.0403,0.0607,0.0358,0.0538
Rb2WSbS3Br3,1.5152,-1.2122,19.1034,30.0000,24.9989,5.8754,15.8809,29.4098,0.0403,0.0564,0.0357,0.0533
Rb2SnGaSe3I3,1.5781,-1.0162,17.0142,30.0000,24.5462,5.6435,15.6578,29.2239,0.0403,0.0423,0.0355,0.0532
Rb2MoGaSe3I3,1.2118,-1.0921,17.4491,30.0000,24.8547,9.0091,4.0489,29.4431,0.0403,0.1342,0.0354,0.1537
Rb2WAgO3I3,1.5213,-1.3972,19.2384,30.0000,25.0439,5.8382,16.0444,29.3901,0.0403,0.0568,0.0357,0.0532
Rb2SnGaSe3Br3,1.5080,-1.2494,19.5783,30.0000,25.0617,5.9309,15.8245,29.4665,0.0403,0.0579,0.0358,0.0535
Rb2MoSbO3I3,1.5029,-1.3880,19.3086,30.0000,25.0128,5.9547,15.7751,29.3752,0.0403,0.0589,0.0357,0.0536
Rb2CrMnS3I3,1.4368,-1.2278,20.7652,30.0000,25.3109,6.3979,15.2527,29.5593,0.0403,0.0734,0.0358,0.0552
Rb2WSbSe3Cl3,1.5214,-1.2698,19.0443,30.0000,24.9404,5.8555,15.9168,29.3883,0.0403,0.0550,0.0357,0.0533
Rb2ZrCrS3I3,1.2789,-1.3969,19.8350,30.0000,25.2190,8.1854,7.8880,29.5640,0.0403,0.1168,0.0357,0.0894
Na2TiWO3S3,1.8364,-1.9610,0.1470,30.0000,21.0918,5.8818,12.5895,28.0080,0.0403,0.0194,0.0341,0.0560
Rb2WInSe3Br3,1.5755,-1.3614,17.2927,30.0000,24.5785,5.6644,15.7346,29.3047,0.0403,0.0449,0.0355,0.0532
Rb2SbZnS3I3,1.5304,-1.0711,18.8329,30.0000,24.8831,5.7894,15.9730,29.3779,0.0403,0.0527,0.0356,0.0530
Rb2VMnSe3Br3,1.3126,-1.4584,20.6199,30.0000,25.3483,7.7336,10.0642,29.5961,0.0403,0.1073,0.0358,0.0738
Rb2TaCuSe3Cl3,1.3694,-1.4407,20.8857,30.0000,25.3834,7.1021,12.9112,29.5732,0.0403,0.0912,0.0358,0.0618
Na2GeSbO3Br3,1.7566,-1.3840,6.5398,30.0000,22.3480,5.7483,13.6482,28.5011,0.0403,0.0203,0.0346,0.0550
Rb2SbZnSe3Br3,1.5287,-1.1967,18.6526,30.0000,24.8519,5.7858,15.8897,29.3564,0.0403,0.0519,0.0357,0.0531
Rb2MoGaSe3Br3,1.2972,-1.3370,20.1605,30.0000,25.2861,7.9413,9.0373,29.5793,0.0403,0.1102,0.0357,0.0799
Rb2MoGaS3I3,1.4757,-1.1269,20.3450,30.0000,25.1596,6.1141,15.7311,29.4790,0.0403,0.0643,0.0358,0.0540
K2GeZnO3Se3,1.7514,-1.3155,6.9921,30.0000,22.3874,5.7310,13.7382,28.5154,0.0403,0.0239,0.0347,0.0551
Li2WGaO3I3,1.8206,-1.5664,1.6328,30.0000,21.3109,5.8922,12.6910,28.1499,0.0403,0.0208,0.0342,0.0563
Rb2TiCrS3I3,1.3663,-1.4035,20.9646,30.0000,25.3478,7.0306,13.2979,29.5657,0.0403,0.0892,0.0358,0.0605
K2SbAgI6,1.0430,-0.9178,1.8937,30.0000,21.7923,10.6833,1.0000,29.0355,0.0403,0.1639,0.0336,0.4757
Rb2TaFeSe3Cl3,1.3918,-1.5400,21.0903,30.0000,25.3293,6.8644,13.9431,29.5142,0.0404,0.0871,0.0359,0.0587
Rb2WGaSe3Br3,1.5617,-1.3491,18.1813,30.0000,24.6826,5.6447,15.9104,29.3139,0.0404,0.0462,0.0357,0.0529
Rb2TaZnS3I3,1.5692,-1.2451,17.8972,30.0000,24.6453,5.6919,15.6796,29.2732,0.0404,0.0454,0.0356,0.0534
Rb2TaCuS3Br3,1.4249,-1.3836,20.9677,30.0000,25.2840,6.4667,15.0697,29.5077,0.0404,0.0765,0.0358,0.0559
Rb2SbZnO3I3,1.4954,-1.2754,19.9796,30.0000,25.0898,6.0060,15.8434,29.4294,0.0404,0.0607,0.0358,0.0538
Rb2VFeSe3I3,1.2072,-1.2100,17.6361,30.0000,24.7843,9.0826,3.6146,29.4591,0.0404,0.1376,0.0355,0.1712
Rb2TiWS3Se3,1.4568,-1.3806,21.1556,30.0000,25.2786,6.2335,15.5499,29.4960,0.0404,0.0688,0.0359,0.0547
Rb2TaFeS3Br3,1.3952,-1.4627,21.1752,30.0000,25.3128,6.8701,13.8926,29.5389,0.0404,0.0869,0.0359,0.0588
Rb2TaMnSe3Cl3,1.4165,-1.6055,21.1169,30.0000,25.2829,6.5868,14.7472,29.5409,0.0404,0.0782,0.0359,0.0567
K2CrWO3Cl3,1.8396,-1.8021,0.1396,30.0000,20.9715,5.9441,12.3448,27.9605,0.0404,0.0199,0.0341,0.0568
Rb2SnVS3I3,1.2429,-1.1763,19.2374,30.0000,25.0535,8.5862,5.9440,29.5160,0.0404,0.1266,0.0356,0.1115
Rb2GeWSe6,1.3397,-1.0025,21.1379,30.0000,25.3516,7.4129,11.4942,29.5589,0.0404,0.0988,0.0359,0.0673
K2WSbO3Cl3,1.8392,-1.7852,0.2177,30.0000,20.9968,5.9192,12.4699,27.9882,0.0404,0.0198,0.0341,0.0565
Rb2NbCuO3I3,1.4734,-1.6807,20.7792,30.0000,25.1756,6.1280,15.7514,29.5079,0.0404,0.0657,0.0358,0.0541
Na2NbCuSe3Br3,1.0288,-1.2078,0.2386,30.0000,21.4161,10.7625,1.0000,28.9896,0.0404,0.1635,0.0334,0.4719
K2MnBiSe3I3,1.0311,-1.0524,0.4679,30.0000,21.4283,10.7437,1.0000,28.9889,0.0404,0.1638,0.0335,0.4720
Rb2VTaS3Se3,1.3464,-1.3283,21.5593,30.0000,25.3803,7.3346,11.8625,29.5812,0.0404,0.0977,0.0359,0.0659
Rb2TaZnSe3Cl3,1.4808,-1.5130,20.8273,30.0000,25.1606,6.1001,15.7558,29.4686,0.0404,0.0643,0.0359,0.0542
Rb2MnZnF3I3,1.4257,-2.0759,21.4906,30.0000,25.3010,6.4730,15.0893,29.5282,0.0404,0.0760,0.0359,0.0558
Rb2SnFeO3I3,1.4874,-1.2990,20.2772,30.0000,25.0813,6.0560,15.7598,29.4248,0.0404,0.0621,0.0358,0.0540
Rb2SnNbS3Br3,1.3269,-1.3829,21.5594,30.0000,25.3614,7.5391,10.9375,29.5600,0.0404,0.1012,0.0359,0.0701
Rb2FeMnF3I3,1.4112,-2.0202,21.7740,30.0000,25.3736,6.6084,14.7635,29.5345,0.0404,0.0809,0.0360,0.0568
Rb2ZrInSe3Br3,1.5341,-1.6549,19.1299,30.0000,24.8468,5.8227,15.8662,29.3324,0.0404,0.0538,0.0357,0.0533
Rb2VMnS3I3,1.3084,-1.2661,20.8189,30.0000,25.2619,7.7655,9.8177,29.5617,0.0404,0.1078,0.0358,0.0750
Rb2CrWS3Se3,1.4436,-1.1954,21.0384,30.0000,25.2153,6.3284,15.3516,29.5331,0.0404,0.0707,0.0359,0.0552
Rb2MnCuF3I3,1.4270,-1.9930,21.5533,30.0000,25.3177,6.5337,14.9186,29.5075,0.0404,0.0781,0.0360,0.0563
Rb2TiInSe3Br3,1.5061,-1.6221,20.1345,30.0000,25.0110,5.8054,16.1083,29.4191,0.0404,0.0552,0.0358,0.0531
Rb2SnMoS3Se3,1.3900,-1.0243,21.7187,30.0000,25.3570,6.8637,13.9000,29.5635,0.0405,0.0865,0.0359,0.0588
Rb2SnNbSe3Cl3,1.4357,-1.6391,21.4677,30.0000,25.2815,6.4089,15.2156,29.5029,0.0405,0.0744,0.0359,0.0554
K2TiMoO3S3,1.8411,-2.0774,0.2212,30.0000,20.9960,5.9162,12.4237,27.9770,0.0405,0.0204,0.0341,0.0565
Li2GeMoS6,1.7300,-1.0181,9.2436,30.0000,22.7714,5.7087,14.0008,28.6924,0.0405,0.0243,0.0349,0.0548
Rb2MoAgO3I3,1.4418,-1.3463,21.3572,30.0000,25.2595,6.3831,15.2542,29.5067,0.0405,0.0743,0.0360,0.0555
Rb2MnBiO3Se3,1.4139,-1.3842,21.6415,30.0000,25.3279,6.5965,14.6898,29.5348,0.0405,0.0789,0.0359,0.0570
Rb2MoSbS3I3,1.1988,-1.0062,18.2397,30.0000,24.7908,9.1617,3.4487,29.4630,0.0405,0.1397,0.0356,0.1795
K2GeTaO3Cl3,1.7552,-2.0127,7.6764,30.0000,22.4162,5.7440,13.7000,28.5133,0.0405,0.0233,0.0348,0.0554
Rb2AgGaCl3I3,1.3060,-1.3823,21.4407,30.0000,25.2997,7.8002,9.7650,29.5553,0.0405,0.1103,0.0359,0.0763
Rb2VCuSe3Br3,1.2663,-1.2995,20.3954,30.0000,25.1745,8.3372,7.0894,29.5354,0.0405,0.1213,0.0358,0.0974
Na2GeTaO3Cl3,1.7479,-1.9975,8.2044,30.0000,22.4622,5.7082,13.8545,28.5740,0.0405,0.0228,0.0348,0.0550
K2CrWO3S3,1.8438,-1.7433,0.1535,30.0000,20.9022,5.9274,12.3637,27.9272,0.0405,0.0194,0.0341,0.0567
Rb2WAgS3I3,1.5746,-1.0800,18.2573,30.0000,24.5567,5.6714,15.7394,29.2457,0.0405,0.0467,0.0357,0.0534
Rb2SnCrS3I3,1.2181,-1.1046,19.1899,30.0000,24.9263,8.8830,4.5147,29.5007,0.0405,0.1332,0.0356,0.1409
Rb2VCuO3I3,1.4449,-1.6148,21.9743,30.0000,25.2799,6.3262,15.3573,29.4995,0.0405,0.0717,0.0360,0.0553
Na2ZrMoO6,1.8431,-2.7393,0.2532,30.0000,20.8730,5.9604,12.3232,27.9806,0.0405,0.0200,0.0341,0.0567
Rb2MnBiO3Br3,1.3012,-1.5371,21.4231,30.0000,25.2855,7.9373,9.1259,29.5755,0.0405,0.1127,0.0359,0.0805
K2CuZnI6,1.0276,-1.0772,0.5626,30.0000,21.3319,10.7864,1.0000,29.0125,0.0405,0.1643,0.0334,0.4727
Rb2WFeSe3Cl3,1.5088,-1.3432,20.6358,30.0000,25.0053,5.9235,15.7423,29.3910,0.0405,0.0579,0.0359,0.0538
Na2NbSbO6,1.8445,-2.3174,0.2747,30.0000,20.8830,5.9231,12.3936,27.9225,0.0405,0.0195,0.0342,0.0567
Rb2TaCuSe3Br3,1.1802,-1.3521,17.7718,30.0000,24.6503,9.3647,2.8009,29.4466,0.0405,0.1441,0.0355,0.2140
Na2CrMnSe6,1.0236,-1.0961,0.3432,30.0000,21.2912,10.8138,1.0000,28.9847,0.0406,0.1649,0.0334,0.4727
Rb2GeInSe3I3,1.5152,-0.9994,20.4451,30.0000,24.9596,5.8588,15.8377,29.3845,0.0406,0.0554,0.0359,0.0537
Rb2ZrGaSe3Br3,1.5222,-1.6676,20.2228,30.0000,24.8966,5.8732,15.8794,29.3445,0.0406,0.0583,0.0359,0.0537
K2GeVS3Br3,1.0596,-1.3567,6.3857,30.0000,22.4680,10.5442,1.0000,29.0921,0.0406,0.1654,0.0342,0.4868
Rb2MoBiO3I3,1.5983,-1.3728,17.4641,30.0000,24.3168,5.6350,15.5540,29.1800,0.0406,0.0435,0.0357,0.0537
Rb2TaCuO3Br3,1.3883,-1.8443,22.3972,30.0000,25.3761,6.9256,13.7798,29.5410,0.0406,0.0886,0.0360,0.0595
Rb2MnGaSe6,1.2768,-1.0819,21.3535,30.0000,25.1642,8.1759,7.8425,29.5573,0.0406,0.1169,0.0359,0.0905
Rb2MnZnBr3I3,1.1683,-1.3753,17.1913,30.0000,24.4891,9.4917,2.3280,29.3801,0.0406,0.1484,0.0355,0.2565
Rb2VZnS3I3,1.2548,-1.2087,20.5347,30.0000,25.0655,8.4705,6.3742,29.4905,0.0406,0.1257,0.0358,0.1062
Rb2MoFeS3I3,1.2218,-1.0895,19.6738,30.0000,24.9193,8.8487,4.6294,29.5023,0.0406,0.1331,0.0357,0.1390
Rb2VCuS3I3,1.2507,-1.1639,20.5922,30.0000,25.0620,8.4961,6.2732,29.5432,0.0406,0.1251,0.0358,0.1080
Rb2GeGaSe3I3,1.4805,-0.9993,21.4580,30.0000,25.1254,6.0918,15.7433,29.4926,0.0406,0.0653,0.0360,0.0543
K2GeFeS3Se3,1.0638,-0.9443,6.4986,30.0000,22.4464,10.5343,1.0000,29.1128,0.0406,0.1643,0.0342,0.4845
Rb2ZrFeS3I3,1.2197,-1.3534,19.7342,30.0000,24.9469,8.9065,4.4037,29.5037,0.0406,0.1350,0.0357,0.1462
Rb2CrMoSe6,1.2280,-1.1654,19.7766,30.0000,24.9503,8.8342,4.6585,29.5006,0.0406,0.1333,0.0357,0.1374
Rb2SnGeCl3I3,1.4000,-1.3500,22.4731,30.0000,25.3471,6.8053,14.0869,29.5167,0.0406,0.0860,0.0360,0.0588
Rb2TaZnO3I3,1.5760,-1.8343,18.9104,30.0000,24.5871,5.6172,15.8011,29.2561,0.0406,0.0444,0.0358,0.0534
Rb2MnInS3I3,1.2316,-1.1531,20.1412,30.0000,24.9791,8.7845,4.9313,29.5468,0.0406,0.1319,0.0358,0.1325
Rb2MoSbSe3F3,1.3642,-1.8742,22.8917,30.0000,25.3751,7.0983,13.0025,29.5916,0.0406,0.0934,0.0361,0.0622
Na2SnZnO3S3,1.8557,-1.6810,0.1184,30.0000,20.7716,5.9558,12.2217,27.8807,0.0406,0.0211,0.0342,0.0572
Rb2WBiO3I3,1.6385,-1.4097,15.9060,30.0000,23.9123,5.5981,15.1583,29.0551,0.0406,0.0342,0.0355,0.0540
Rb2MnCuCl3I3,1.2255,-1.3657,20.1825,30.0000,24.9858,8.8208,4.8126,29.5230,0.0406,0.1323,0.0358,0.1346
Rb2MnSbCl3I3,1.1969,-1.4178,18.8328,30.0000,24.7694,9.1888,3.4203,29.5011,0.0406,0.1398,0.0356,0.1811
Rb2GeSbSe3Br3,1.4373,-1.1091,22.5151,30.0000,25.2833,6.4188,15.1703,29.5219,0.0406,0.0751,0.0361,0.0557
Na2MnGaO3S3,1.8191,-1.7672,2.6265,30.0000,21.3140,5.8655,12.8233,28.1111,0.0406,0.0197,0.0344,0.0562
Na2SnTaO3Cl3,1.8409,-2.1011,0.7425,30.0000,20.9023,5.9265,12.3503,27.9504,0.0406,0.0201,0.0342,0.0568
Na2TiBiO3Br3,1.8554,-1.9219,0.1419,30.0000,20.7200,5.9568,12.2476,27.8817,0.0406,0.0211,0.0342,0.0572
Rb2ZrFeSe3Br3,1.2165,-1.5618,19.5452,30.0000,24.8764,8.9437,4.2733,29.4466,0.0406,0.1342,0.0357,0.1495
Na2GeGaSe3F3,1.7490,-1.8151,8.9474,30.0000,22.5118,5.7166,13.7983,28.5685,0.0406,0.0237,0.0350,0.0553
Rb2CrAgO3I3,1.4478,-1.4308,22.5146,30.0000,25.2271,6.3593,15.3368,29.5069,0.0406,0.0742,0.0361,0.0555
Rb2VFeSe3Br3,1.2362,-1.3602,20.5941,30.0000,25.0182,8.6802,5.4778,29.4729,0.0406,0.1288,0.0358,0.1215
Rb2ZrSbS3I3,1.5961,-1.3455,18.2877,30.0000,24.4057,5.5865,15.6398,29.1653,0.0407,0.0400,0.0358,0.0535
Rb2SnTaS3I3,1.6249,-1.2460,16.9263,30.0000,24.1175,5.5953,15.3866,29.1079,0.0407,0.0378,0.0356,0.0539
Rb2ZrCrSe3Br3,1.2089,-1.6077,19.6451,30.0000,24.8511,9.0337,3.9278,29.4795,0.0407,0.1378,0.0357,0.1601
Rb2GeTaSe3Br3,1.2669,-1.3688,21.3448,30.0000,25.1340,8.3226,7.1308,29.5425,0.0407,0.1229,0.0359,0.0983
K2GeMoS6,1.7642,-1.0723,7.9056,30.0000,22.2707,5.7739,13.5593,28.4582,0.0407,0.0244,0.0348,0.0558
Na2CrWO6,1.8513,-2.1727,0.1516,30.0000,20.7787,5.9309,12.2667,27.8514,0.0407,0.0204,0.0342,0.0569
Rb2SnMnF3I3,1.5558,-2.0807,20.0698,30.0000,24.7483,5.7012,15.8379,29.2726,0.0407,0.0488,0.0359,0.0537
Na2MoMnSe6,1.0234,-1.0364,0.4094,30.0000,21.1850,10.7774,1.0000,28.9602,0.0407,0.1654,0.0334,0.4744
Rb2MnInO3I3,1.5053,-1.5324,21.3958,30.0000,24.9911,5.9193,15.8348,29.3928,0.0407,0.0586,0.0360,0.0540
Rb2TaFeS3I3,1.6037,-1.2323,18.0888,30.0000,24.3147,5.6390,15.4257,29.1875,0.0407,0.0407,0.0357,0.0540
Rb2ZrSbSe3Br3,1.6020,-1.5050,18.1126,30.0000,24.3868,5.6240,15.4970,29.1684,0.0407,0.0403,0.0358,0.0540
Rb2CuZnF3I3,1.2534,-1.9571,21.2485,30.0000,25.0938,8.5204,6.2417,29.5482,0.0407,0.1265,0.0359,0.1089
Li2GeGaSe3Br3,1.7697,-1.1420,6.8301,30.0000,22.0850,5.7770,13.4500,28.4172,0.0407,0.0213,0.0348,0.0557
Li2MoWO3S3,1.8507,-1.7436,0.2807,30.0000,20.7981,5.9260,12.2966,27.8647,0.0407,0.0200,0.0342,0.0570
Rb2MnGaO3I3,1.4304,-1.5385,22.7568,30.0000,25.2711,6.4752,15.0297,29.5145,0.0407,0.0764,0.0361,0.0563
K2MoMnO3S3,1.8537,-1.6912,0.2109,30.0000,20.7595,5.9480,12.1697,27.8398,0.0407,0.0208,0.0342,0.0572
Rb2SnVSe3I3,1.1570,-1.1205,16.5162,30.0000,24.2434,9.6434,2.0147,29.3490,0.0407,0.1502,0.0354,0.2910
Rb2VZnSe3Br3,1.2249,-1.3850,20.3384,30.0000,24.9391,8.8154,4.7451,29.4924,0.0407,0.1331,0.0358,0.1372
Na2GeCrSe6,1.0523,-0.9619,5.5912,30.0000,22.1190,10.6426,1.0000,29.0810,0.0407,0.1658,0.0341,0.4855
Rb2NbCuS3I3,1.2092,-1.1569,19.5408,30.0000,24.7920,9.0790,3.6257,29.4643,0.0407,0.1387,0.0357,0.1721
Rb2ZrMoS3Se3,1.3014,-1.3826,22.5576,30.0000,25.2688,7.9470,8.9425,29.5728,0.0407,0.1142,0.0360,0.0818
Rb2NbZnSe3Cl3,1.4402,-1.4672,23.1187,30.0000,25.2803,6.3721,15.3394,29.5184,0.0407,0.0747,0.0361,0.0558
Rb2FeZnF3I3,1.2550,-1.9775,21.4628,30.0000,25.0892,8.4591,6.5648,29.5338,0.0407,0.1260,0.0359,0.1042
Li2GeGaSe3F3,1.7416,-1.7546,9.5871,30.0000,22.5637,5.7162,13.8295,28.5665,0.0407,0.0242,0.0350,0.0555
Rb2SnCrS3Se3,1.3246,-1.0595,23.0452,30.0000,25.3238,7.6037,10.5024,29.5465,0.0407,0.1058,0.0361,0.0725
Rb2GeNbSe3I3,1.2189,-1.1540,20.1210,30.0000,24.8982,8.9112,4.4451,29.4837,0.0407,0.1339,0.0358,0.1449
Rb2WSbO3Br3,1.5588,-1.4621,20.3011,30.0000,24.7010,5.6928,15.9032,29.2974,0.0407,0.0490,0.0360,0.0536
K2TiGaO3I3,1.8376,-2.0607,1.7531,30.0000,21.0087,5.9373,12.4132,27.9916,0.0407,0.0197,0.0343,0.0569
Rb2VSbS3Se3,1.3038,-1.0591,23.0340,30.0000,25.3076,7.9007,9.2226,29.5558,0.0408,0.1131,0.0361,0.0802
Rb2MoFeSe3Cl3,1.3569,-1.3324,23.3765,30.0000,25.3728,7.1760,12.5401,29.5588,0.0408,0.0930,0.0362,0.0640
Rb2MnInSe3I3,1.1560,-1.1931,17.2876,30.0000,24.3946,9.6487,1.9731,29.3899,0.0408,0.1522,0.0354,0.2962
Rb2SnMoSe6,1.1742,-0.9909,18.2783,30.0000,24.5543,9.4429,2.5218,29.3873,0.0408,0.1466,0.0356,0.2371
K2GeGaS3I3,1.7900,-0.9987,6.4314,30.0000,21.8541,5.8032,13.1667,28.3300,0.0408,0.0210,0.0348,0.0563
Rb2SnTaS3Br3,1.5775,-1.4393,19.5688,30.0000,24.5261,5.6760,15.7168,29.2723,0.0408,0.0463,0.0359,0.0538
Rb2WFeS3I3,1.6208,-1.0862,17.7125,30.0000,24.1337,5.6007,15.3758,29.0956,0.0408,0.0390,0.0358,0.0540
Rb2VFeS3I3,1.2237,-1.2006,20.7928,30.0000,24.9288,8.8688,4.6905,29.5147,0.0408,0.1348,0.0359,0.1390
Rb2MoSbSe3Cl3,1.2430,-1.2461,21.3470,30.0000,25.0240,8.7003,5.2053,29.4926,0.0408,0.1305,0.0359,0.1270
Rb2NbMnSe3Cl3,1.3228,-1.5742,23.4831,30.0000,25.3724,7.6523,10.4569,29.6007,0.0408,0.1083,0.0362,0.0728
Rb2MnSbSe3Br3,1.1883,-1.2345,18.8885,30.0000,24.6425,9.2871,3.0972,29.4712,0.0408,0.1427,0.0357,0.1978
Rb2TiSbSe3Cl3,1.4768,-1.6810,22.7598,30.0000,25.1310,6.1099,15.6831,29.4795,0.0408,0.0671,0.0362,0.0548
Rb2ZrInS3I3,1.5930,-1.4146,19.3060,30.0000,24.4410,5.6057,15.6317,29.2267,0.0408,0.0414,0.0359,0.0539
Li2MoGaO3Br3,1.8436,-1.6431,1.9102,30.0000,20.9237,5.9447,12.3482,27.9469,0.0408,0.0206,0.0344,0.0574
Rb2MnGaS3I3,1.2364,-1.1602,21.3440,30.0000,25.0157,8.6804,5.5426,29.5341,0.0408,0.1302,0.0360,0.1215
Na2CrWO3S3,1.8632,-1.6972,0.1472,30.0000,20.6247,5.9605,12.0595,27.8291,0.0408,0.0191,0.0342,0.0576
Rb2VCuSe3I3,1.1567,-1.1280,17.4936,30.0000,24.3362,9.6857,1.9398,29.4163,0.0408,0.1527,0.0355,0.3050
Rb2ZrGaS3I3,1.5662,-1.4083,20.4083,30.0000,24.6265,5.6715,15.8695,29.3100,0.0408,0.0478,0.0360,0.0537
Rb2TaSbS3Se3,1.5828,-1.1331,19.7078,30.0000,24.4886,5.6270,15.7154,29.2043,0.0408,0.0435,0.0360,0.0539
Na2SbCuO3F3,1.0188,-2.1903,0.1941,30.0000,20.9700,10.8204,1.0000,28.9536,0.0408,0.1661,0.0334,0.4750
Na2GeMnO3S3,1.7356,-1.6056,10.6888,30.0000,22.7077,5.6805,14.0492,28.6759,0.0408,0.0263,0.0351,0.0553
Rb2SnTaSe3Cl3,1.5939,-1.6447,19.5050,30.0000,24.4513,5.6399,15.5525,29.2269,0.0408,0.0422,0.0359,0.0541
Rb2TaMnO3I3,1.5929,-2.0228,19.1464,30.0000,24.3725,5.6304,15.5836,29.2230,0.0408,0.0421,0.0359,0.0540
Na2ZrCrSe6,1.0162,-1.3080,0.3511,30.0000,20.9198,10.8535,1.0000,28.9851,0.0408,0.1668,0.0334,0.4755
K2TaFeO3F3,1.8568,-2.8313,0.8185,30.0000,20.6940,5.9661,12.1235,27.8434,0.0408,0.0202,0.0343,0.0577
Rb2NbTaS3Se3,1.5682,-1.2925,20.4200,30.0000,24.6145,5.6998,15.7652,29.2781,0.0408,0.0491,0.0360,0.0540
Rb2MnGaSe3I3,1.1650,-1.1937,18.1642,30.0000,24.4352,9.5716,2.1749,29.4275,0.0408,0.1503,0.0356,0.2752
K2MoSbO3Cl3,1.8607,-1.8395,0.2853,30.0000,20.6334,5.9951,12.0871,27.8625,0.0408,0.0209,0.0342,0.0576
Rb2MoWO3Se3,1.5527,-1.5026,21.2335,30.0000,24.7692,5.7010,15.9446,29.3433,0.0408,0.0485,0.0360,0.0541
Rb2NbSbS3Se3,1.5343,-1.0693,21.7148,30.0000,24.8877,5.8099,15.7810,29.3533,0.0409,0.0536,0.0361,0.0541
Rb2SbZnO3Br3,1.3387,-1.4699,23.9462,30.0000,25.3905,7.4669,11.4851,29.5607,0.0409,0.1048,0.0362,0.0682
Rb2SnMnBr3I3,1.1367,-1.2999,16.2770,30.0000,24.0565,9.8697,1.5894,29.3378,0.0409,0.1561,0.0354,0.3604
Rb2GeNbS3I3,1.4562,-1.2022,23.4794,30.0000,25.2500,6.2806,15.4175,29.4786,0.0409,0.0706,0.0362,0.0555
Rb2NbFeSe3Cl3,1.2855,-1.5259,23.4497,30.0000,25.2232,8.0892,8.3153,29.5686,0.0409,0.1180,0.0362,0.0869
Rb2FeMnS3I3,1.2072,-1.1680,20.6548,30.0000,24.8531,9.0538,3.8230,29.4696,0.0409,0.1387,0.0359,0.1660
K2AgInI6,1.0317,-1.0944,2.6051,30.0000,21.3941,10.7471,1.0000,28.9948,0.0409,0.1670,0.0337,0.4803
Rb2MnInSe6,1.1923,-1.0817,20.1454,30.0000,24.7141,9.2212,3.2149,29.4561,0.0409,0.1425,0.0358,0.1902
Rb2GeZnBr6,1.3926,-1.4626,23.8528,30.0000,25.3037,6.9135,13.6996,29.5578,0.0409,0.0883,0.0363,0.0602
Rb2GeSbS3I3,1.5161,-0.9665,22.6924,30.0000,24.9929,5.8685,15.9254,29.4019,0.0409,0.0567,0.0362,0.0542
Rb2WFeS3Br3,1.5701,-1.2784,20.7158,30.0000,24.6222,5.6237,15.8231,29.2684,0.0409,0.0450,0.0360,0.0537
Rb2FeSbO3Br3,1.4084,-1.5038,24.3035,30.0000,25.3216,6.6772,14.5616,29.5372,0.0409,0.0835,0.0363,0.0578
Rb2MnSbI6,1.1139,-1.1374,14.4111,30.0000,23.6251,10.1003,1.1454,29.2784,0.0409,0.1613,0.0352,0.4711
K2SbAgBr3I3,1.0264,-1.1348,1.9061,30.0000,21.1959,10.7708,1.0000,28.9932,0.0409,0.1660,0.0336,0.4793
Rb2MoMnS3Se3,1.2976,-1.1082,23.7805,30.0000,25.2669,7.9083,9.0658,29.5470,0.0409,0.1136,0.0363,0.0817
K2SnCuCl3I3,1.0195,-1.2498,0.4226,30.0000,20.8950,10.8065,1.0000,28.9270,0.0409,0.1662,0.0334,0.4754
K2SbCuO3Br3,1.0191,-1.4162,0.1450,30.0000,20.7983,10.8362,1.0000,28.9886,0.0409,0.1658,0.0334,0.4740
Na2FeMnO3F3,1.8688,-2.4211,0.0128,30.0000,20.4929,5.9624,12.0060,27.6958,0.0409,0.0206,0.0343,0.0579
Na2GeWS6,1.7927,-1.0608,6.9777,30.0000,21.8126,5.8144,13.1190,28.2881,0.0409,0.0218,0.0349,0.0566
Rb2SnSbO3I3,1.6235,-1.3034,18.7524,30.0000,24.2234,5.5925,15.3653,29.1231,0.0409,0.0367,0.0359,0.0543
Rb2MoSbS3Br3,1.2188,-1.1940,21.4367,30.0000,24.8682,8.9871,4.0712,29.4788,0.0409,0.1380,0.0359,0.1578
Na2SbCuSe3Cl3,1.0195,-1.0775,0.2946,30.0000,20.8978,10.8233,1.0000,28.9370,0.0409,0.1663,0.0334,0.4753
Na2VNbO3S3,1.8645,-2.0647,0.2103,30.0000,20.5510,5.9718,12.1036,27.8108,0.0409,0.0211,0.0342,0.0575
Rb2AgGaF3I3,1.2590,-1.9832,22.7875,30.0000,25.1722,8.4374,6.6359,29.5847,0.0409,0.1252,0.0361,0.1049
Rb2SnSbS3Br3,1.5819,-1.0824,20.7466,30.0000,24.5327,5.6274,15.7965,29.2717,0.0409,0.0437,0.0360,0.0540
Rb2WMnS3Se3,1.5705,-1.1329,20.9511,30.0000,24.5576,5.6630,15.7630,29.2605,0.0409,0.0468,0.0361,0.0540
K2SbCuO3I3,1.0140,-1.2515,0.4845,30.0000,20.8943,10.8486,1.0000,29.0104,0.0409,0.1668,0.0334,0.4758
Rb2MoGaSe3Cl3,1.4492,-1.3933,24.1041,30.0000,25.2413,6.3272,15.4617,29.5332,0.0409,0.0732,0.0363,0.0557
Rb2MoSbSe3Br3,1.1526,-1.1509,18.0655,30.0000,24.3480,9.6944,1.9621,29.3863,0.0409,0.1533,0.0356,0.3032
Rb2MnSbO3Se3,1.3314,-1.3939,24.6010,30.0000,25.3631,7.4525,11.3889,29.5692,0.0409,0.1028,0.0364,0.0690
Rb2MoAgS3I3,1.1865,-1.0674,20.1549,30.0000,24.6812,9.2782,2.9406,29.4782,0.0409,0.1446,0.0358,0.2089
Rb2SnGeF3I3,1.4704,-1.9920,23.8604,30.0000,25.1996,6.1002,15.7092,29.4578,0.0409,0.0658,0.0363,0.0551
Rb2SnMnO3Se3,1.3872,-1.4915,24.6886,30.0000,25.3445,6.8693,13.9173,29.5552,0.0410,0.0886,0.0364,0.0599
Rb2TiCrSe3Br3,1.2050,-1.6077,20.7641,30.0000,24.7622,9.1012,3.5591,29.4395,0.0410,0.1406,0.0360,0.1763
Na2NbSbO3S3,1.8717,-1.6637,0.2555,30.0000,20.4769,5.9713,11.9104,27.7258,0.0410,0.0204,0.0343,0.0581
Rb2MnSbO3Br3,1.3257,-1.6000,24.3395,30.0000,25.3100,7.5869,10.7225,29.5547,0.0410,0.1056,0.0363,0.0723
Rb2CrMoO3I3,1.5751,-1.5241,21.0412,30.0000,24.6008,5.6157,15.7730,29.2823,0.0410,0.0431,0.0361,0.0540
Rb2CuZnCl3I3,1.1730,-1.3237,19.9150,30.0000,24.6128,9.4049,2.5504,29.4419,0.0410,0.1491,0.0358,0.2355
Rb2SnFeO3Br3,1.4549,-1.4389,24.3891,30.0000,25.2109,6.2930,15.2875,29.4738,0.0410,0.0719,0.0364,0.0561
Rb2TiMoS3Se3,1.2902,-1.3965,24.0436,30.0000,25.2622,8.0267,8.7151,29.5502,0.0410,0.1154,0.0363,0.0846
Li2MoGaO3I3,1.8492,-1.5780,1.8874,30.0000,20.7815,5.9551,12.2658,27.9229,0.0410,0.0200,0.0344,0.0578
K2ZrMoO3S3,1.8679,-2.0692,0.2354,30.0000,20.4622,6.0117,11.9077,27.7314,0.0410,0.0217,0.0343,0.0581
Rb2SnCrSe3Br3,1.1712,-1.2983,19.0061,30.0000,24.4529,9.4765,2.4929,29.4053,0.0410,0.1473,0.0357,0.2427
Rb2AgGaBr3I3,1.1566,-1.2742,18.4976,30.0000,24.3525,9.6213,2.0023,29.3941,0.0410,0.1532,0.0356,0.2950
Rb2TiInS3I3,1.5984,-1.3921,20.3197,30.0000,24.4094,5.6246,15.5572,29.2064,0.0410,0.0430,0.0360,0.0543
Rb2MoGaS3Br3,1.4829,-1.3096,24.2308,30.0000,25.1368,6.0448,15.8204,29.4742,0.0410,0.0650,0.0364,0.0549
Rb2FeMnO3I3,1.5637,-1.5877,22.0484,30.0000,24.6522,5.6734,15.7810,29.2792,0.0410,0.0481,0.0362,0.0543
Rb2WAgO3Br3,1.5475,-1.5170,22.5130,30.0000,24.8140,5.7463,15.7699,29.3325,0.0410,0.0503,0.0362,0.0544
Rb2SnVSe3Cl3,1.2328,-1.5894,22.7581,30.0000,25.0060,8.7196,5.2708,29.5145,0.0410,0.1329,0.0361,0.1276
Rb2GeZnCl3I3,1.4974,-1.3919,23.9351,30.0000,25.0516,5.9692,15.7880,29.4434,0.0411,0.0615,0.0364,0.0547
Rb2TiCrSe3I3,1.1434,-1.3390,17.7561,30.0000,24.1035,9.7827,1.7458,29.3659,0.0411,0.1560,0.0356,0.3348
K2ZrCrSe6,1.0131,-1.3548,0.3458,30.0000,20.7613,10.8389,1.0000,28.9247,0.0411,0.1672,0.0335,0.4773
K2WAgO3F3,1.8425,-2.3319,3.1487,30.0000,20.9245,5.8847,12.4519,27.9500,0.0411,0.0194,0.0346,0.0575
Na2SnCrO3Cl3,1.8780,-1.7977,0.1118,30.0000,20.3668,5.9986,11.9152,27.7215,0.0411,0.0209,0.0343,0.0583
Rb2NbFeS3Br3,1.2523,-1.4113,23.5724,30.0000,25.1299,8.5519,6.0836,29.5149,0.0411,0.1296,0.0363,0.1144
Na2FeMnS3Se3,1.0155,-0.9722,0.2292,30.0000,20.7548,10.8710,1.0000,28.9534,0.0411,0.1672,0.0334,0.4766
Rb2CrMnSe6,1.1865,-1.1587,20.7724,30.0000,24.5720,9.3684,2.6908,29.4209,0.0411,0.1484,0.0360,0.2265
Na2SnSbO3Cl3,1.8731,-1.6814,0.2115,30.0000,20.3821,5.9795,11.9719,27.7178,0.0411,0.0209,0.0343,0.0578
Rb2CrMoS3I3,1.1700,-1.1752,19.7737,30.0000,24.4576,9.5120,2.3606,29.3932,0.0411,0.1501,0.0358,0.2549
Rb2VNbS3Se3,1.2720,-1.3107,24.0373,30.0000,25.1693,8.2807,7.3675,29.5333,0.0411,0.1226,0.0363,0.0962
Rb2MnInO3Br3,1.4045,-1.6826,25.7901,30.0000,25.3655,6.6817,14.4773,29.5359,0.0411,0.0842,0.0365,0.0586
Rb2WInS3I3,1.6691,-1.1394,17.4522,30.0000,23.6782,5.5762,14.9638,28.9361,0.0411,0.0316,0.0359,0.0549
Rb2TiFeSe3Br3,1.1777,-1.4604,20.6527,30.0000,24.5426,9.3620,2.7568,29.4146,0.0411,0.1481,0.0359,0.2237
Rb2VFeO3I3,1.5670,-1.7758,22.2037,30.0000,24.6288,5.6067,15.8726,29.2712,0.0411,0.0454,0.0363,0.0541
Rb2MoMnSe6,1.1617,-1.0727,19.6997,30.0000,24.3853,9.5986,2.1456,29.3857,0.0412,0.1526,0.0358,0.2796
Rb2ZrMoSe6,1.1536,-1.3522,18.8617,30.0000,24.2414,9.6843,1.8715,29.3393,0.0412,0.1549,0.0357,0.3125
Rb2NbCuO3Br3,1.4789,-1.8359,25.1271,30.0000,25.1727,6.1161,15.6395,29.5206,0.0412,0.0681,0.0365,0.0555
Rb2TaMnO3Br3,1.5587,-2.0810,22.6656,30.0000,24.7223,5.7053,15.7738,29.3146,0.0412,0.0489,0.0363,0.0546
Rb2MoFeS3Br3,1.2434,-1.2865,23.4977,30.0000,25.0533,8.5813,5.8442,29.5155,0.0412,0.1301,0.0363,0.1168
Rb2TiGaS3I3,1.5883,-1.3945,21.5442,30.0000,24.4728,5.6291,15.6467,29.2026,0.0412,0.0439,0.0362,0.0546
Rb2FeMnSe3I3,1.1308,-1.1593,17.5338,30.0000,23.9949,9.9307,1.5107,29.2841,0.0412,0.1589,0.0356,0.3844
Rb2SnCrSe6,1.1567,-1.0354,19.1905,30.0000,24.2700,9.6578,2.0214,29.3557,0.0412,0.1535,0.0358,0.2937
Rb2CrMoS3Se3,1.2502,-1.1981,23.8924,30.0000,25.0520,8.5004,6.3163,29.5257,0.0412,0.1282,0.0363,0.1093
Na2GeBiO3Br3,1.8216,-1.3930,5.6382,30.0000,21.3094,5.9064,12.6896,28.1208,0.0412,0.0213,0.0348,0.0576
Rb2VCuSe3Cl3,1.2746,-1.4303,24.7098,30.0000,25.1976,8.2312,7.5908,29.5684,0.0412,0.1231,0.0364,0.0947
Rb2GeZnBr3I3,1.1747,-1.3080,20.5089,30.0000,24.5113,9.4404,2.5383,29.4199,0.0412,0.1490,0.0359,0.2404
Rb2TaZnO3Br3,1.5770,-1.8942,22.3302,30.0000,24.5706,5.6267,15.7893,29.2858,0.0412,0.0467,0.0363,0.0543
Rb2SnBiS3I3,1.6902,-1.0259,16.1709,30.0000,23.3533,5.6022,14.6347,28.8416,0.0412,0.0307,0.0357,0.0555
Rb2NbZnO3I3,1.6118,-1.7856,20.7208,30.0000,24.2436,5.6024,15.3387,29.1611,0.0412,0.0387,0.0362,0.0549
Rb2GeMnF3I3,1.4541,-2.0358,25.8799,30.0000,25.2649,6.2222,15.6191,29.5111,0.0412,0.0724,0.0366,0.0557
Na2GeMoO6,1.7615,-2.0982,11.1200,30.0000,22.3302,5.7615,13.6692,28.5103,0.0412,0.0222,0.0354,0.0566
Rb2MnGaSe3Br3,1.1815,-1.3330,21.1502,30.0000,24.6047,9.3188,2.9003,29.4239,0.0412,0.1463,0.0360,0.2142
Rb2VNbSe6,1.1643,-1.2879,19.8743,30.0000,24.3347,9.5811,2.2067,29.3613,0.0412,0.1521,0.0359,0.2722
Na2ZrCrO6,1.8797,-2.6119,0.0837,30.0000,20.2609,5.9849,11.8816,27.6674,0.0412,0.0214,0.0344,0.0584
Rb2MnGaS3Se3,1.3161,-1.1212,25.9745,30.0000,25.3460,7.6690,10.3643,29.5913,0.0412,0.1084,0.0365,0.0745
Rb2SbAgO3Se3,1.5051,-1.2342,24.7911,30.0000,25.0344,5.9330,15.8485,29.4544,0.0412,0.0603,0.0364,0.0550
Rb2MoSbO3Br3,1.5675,-1.5571,22.9562,30.0000,24.6742,5.7012,15.7684,29.3179,0.0413,0.0485,0.0363,0.0547
Rb2MoAgO3Br3,1.4695,-1.4773,25.5174,30.0000,25.1793,6.1788,15.5708,29.4703,0.0413,0.0696,0.0365,0.0557
K2WFeO3I3,1.8846,-1.5001,0.4347,30.0000,20.2408,5.9693,11.8523,27.6295,0.0413,0.0199,0.0344,0.0585
Rb2TaSbO3Se3,1.6088,-1.7309,20.9529,30.0000,24.2959,5.6021,15.4959,29.1872,0.0413,0.0407,0.0362,0.0547
Rb2MnInO3Se3,1.4235,-1.5587,26.0611,30.0000,25.3014,6.5394,14.9118,29.5118,0.0413,0.0815,0.0366,0.0577
Rb2WGaSe3F3,1.5690,-2.0100,22.7959,30.0000,24.5939,5.6744,15.6905,29.2564,0.0413,0.0467,0.0364,0.0547
Rb2TiMoSe6,1.1555,-1.2480,19.8793,30.0000,24.2986,9.6727,1.9094,29.3780,0.0413,0.1563,0.0359,0.3136
K2FeSbO3F3,1.8804,-2.2607,0.1821,30.0000,20.2302,6.0230,11.7254,27.6698,0.0413,0.0201,0.0343,0.0589
Rb2MnSbS3I3,1.1408,-1.0426,19.0710,30.0000,24.1343,9.7865,1.7789,29.3687,0.0413,0.1565,0.0358,0.3323
Na2FeSbSe3Cl3,1.0132,-1.1642,0.2859,30.0000,20.5072,10.8455,1.0000,28.8966,0.0413,0.1676,0.0334,0.4774
K2NbFeO3F3,1.8887,-2.7851,0.1538,30.0000,20.1621,6.0062,11.6832,27.5809,0.0413,0.0206,0.0344,0.0589
Rb2SnFeO3Se3,1.5292,-1.3343,24.6518,30.0000,24.9422,5.7668,15.9875,29.3910,0.0413,0.0538,0.0365,0.0546
K2SnInO3Cl3,1.8693,-1.8024,1.8097,30.0000,20.4724,6.0158,11.9774,27.8157,0.0413,0.0201,0.0345,0.0587
Rb2ZrSbSe3Cl3,1.6064,-1.7105,21.4239,30.0000,24.2842,5.6108,15.5661,29.1749,0.0413,0.0431,0.0362,0.0548
Na2MnInO3F3,1.8627,-2.4180,2.4989,30.0000,20.6377,5.9671,12.0867,27.8547,0.0413,0.0204,0.0346,0.0584
K2SnFeS3Se3,1.0112,-0.9445,0.2641,30.0000,20.5667,10.8748,1.0000,28.9037,0.0413,0.1678,0.0335,0.4769
Rb2GeFeO3I3,1.3330,-1.3859,26.1650,30.0000,25.2886,7.4986,11.0534,29.5557,0.0413,0.1052,0.0366,0.0713
Rb2ZrCrSe3I3,1.1219,-1.3363,16.9464,30.0000,23.7835,10.0278,1.3009,29.2995,0.0413,0.1616,0.0356,0.4394
Rb2VSbO3Se3,1.5199,-1.5531,24.7917,30.0000,24.9274,5.8315,15.9042,29.3911,0.0413,0.0557,0.0365,0.0548
Rb2SnGaSe3F3,1.5182,-2.0132,25.0438,30.0000,24.9817,5.8949,15.8464,29.4123,0.0413,0.0594,0.0365,0.0550
Rb2NbMnO3I3,1.6135,-2.0394,21.0099,30.0000,24.2149,5.6260,15.3968,29.1300,0.0413,0.0428,0.0362,0.0549
Rb2SbAgI6,1.0983,-0.9676,14.9874,30.0000,23.3332,10.2546,1.0000,29.2416,0.0413,0.1652,0.0353,0.4924
Rb2GeInSe3Br3,1.5577,-1.2420,23.5917,30.0000,24.6691,5.7155,15.8328,29.3025,0.0413,0.0500,0.0364,0.0546
Rb2VZnO3I3,1.6011,-1.6480,21.9094,30.0000,24.3471,5.6208,15.5384,29.2319,0.0413,0.0410,0.0362,0.0550
Rb2WFeSe3F3,1.5905,-1.9552,22.0824,30.0000,24.3817,5.6242,15.5762,29.1815,0.0413,0.0429,0.0363,0.0548
Rb2GeVSe3I3,1.1743,-1.1227,21.0264,30.0000,24.4614,9.4422,2.5591,29.4060,0.0413,0.1501,0.0360,0.2405
Rb2VCuS3Br3,1.2561,-1.3336,24.8541,30.0000,25.0733,8.4180,6.5873,29.4874,0.0413,0.1271,0.0364,0.1063
Na2GeZnS3Se3,1.8172,-0.9370,6.7717,30.0000,21.4213,5.9076,12.7616,28.1734,0.0414,0.0211,0.0349,0.0578
Rb2VZnS3Br3,1.2582,-1.4175,24.7709,30.0000,25.0675,8.4270,6.7357,29.5391,0.0414,0.1276,0.0365,0.1045
Rb2SnCuS3Se3,1.1891,-0.9290,22.6623,30.0000,24.6888,9.3015,2.9550,29.4452,0.0414,0.1482,0.0362,0.2145
K2TiCrSe6,1.0104,-1.3302,0.3452,30.0000,20.4144,10.8692,1.0000,28.8975,0.0414,0.1689,0.0335,0.4794
Rb2GeFeF3I3,1.2764,-1.9551,25.8470,30.0000,25.1862,8.2670,7.4149,29.5643,0.0414,0.1239,0.0365,0.0979
Rb2ZrInO3I3,1.6326,-2.0344,20.4542,30.0000,24.0302,5.5789,15.2287,29.1160,0.0414,0.0364,0.0362,0.0552
Rb2WGaS3I3,1.6690,-1.1273,18.3485,30.0000,23.6155,5.5784,14.9245,28.9349,0.0414,0.0316,0.0360,0.0553
Rb2VMnSe3Cl3,1.2520,-1.5596,25.0426,30.0000,25.0923,8.5238,6.2492,29.5424,0.0414,0.1307,0.0365,0.1112
Rb2VMnS3Br3,1.2558,-1.5037,25.1928,30.0000,25.1117,8.4223,6.7364,29.4960,0.0414,0.1279,0.0365,0.1056
K2VTaO3S3,1.8835,-2.1252,0.8158,30.0000,20.2248,6.0106,11.7256,27.6647,0.0414,0.0214,0.0345,0.0590
Rb2VCuSe3F3,1.4550,-1.9822,26.8162,30.0000,25.2390,6.2511,15.6373,29.4776,0.0414,0.0732,0.0367,0.0561
Rb2MoFeSe3F3,1.5240,-2.0355,25.2488,30.0000,24.8900,5.8643,15.8409,29.3694,0.0414,0.0588,0.0366,0.0551
Rb2MoBiO3Br3,1.6424,-1.5101,20.3545,30.0000,23.9394,5.5872,15.2235,29.0804,0.0414,0.0364,0.0362,0.0552
Na2WBiO3F3,1.8956,-2.2916,0.2310,30.0000,20.1175,6.0575,11.5605,27.6000,0.0414,0.0202,0.0344,0.0594
Na2GeZnO3Se3,1.8129,-1.3282,7.4561,30.0000,21.4410,5.8730,12.8232,28.1784,0.0414,0.0209,0.0350,0.0578
Rb2CuZnI6,1.0924,-1.1131,15.0147,30.0000,23.2153,10.2525,1.0000,29.1873,0.0414,0.1678,0.0353,0.5002
K2NbZnO3Cl3,1.8958,-2.0713,0.1336,30.0000,20.0069,6.0512,11.5017,27.5277,0.0414,0.0205,0.0344,0.0595
Na2FeMnSe6,1.0075,-0.9554,0.3351,30.0000,20.2972,10.9038,1.0000,28.8957,0.0414,0.1703,0.0335,0.4806
K2GeMnI6,1.0214,-1.1082,4.0585,30.0000,21.0494,10.8161,1.0000,28.9787,0.0414,0.1712,0.0339,0.4907
Rb2SnVS3Br3,1.1915,-1.3826,22.8694,30.0000,24.6722,9.2669,3.1488,29.4686,0.0414,0.1458,0.0362,0.2014
Rb2GeZnF3I3,1.5209,-2.0306,25.5181,30.0000,24.9277,5.8344,15.9112,29.3881,0.0415,0.0578,0.0366,0.0549
Na2GeMoSe6,1.0314,-0.9016,5.3206,30.0000,21.3433,10.7968,1.0000,28.9758,0.0415,0.1722,0.0341,0.4932
Rb2TiFeS3I3,1.1493,-1.3391,20.8522,30.0000,24.2458,9.7643,1.7432,29.3812,0.0415,0.1600,0.0360,0.3435
Rb2MnGaS3Br3,1.2486,-1.3123,25.7052,30.0000,25.0579,8.5608,6.0483,29.5202,0.0415,0.1312,0.0365,0.1160
Rb2SbAgBr3I3,1.1064,-1.2080,16.8070,30.0000,23.4986,10.1631,1.0267,29.2522,0.0415,0.1662,0.0355,0.4930
K2TaSbO6,1.8888,-2.5802,0.8353,30.0000,20.1080,6.0394,11.6466,27.5915,0.0415,0.0217,0.0345,0.0594
Rb2CrMoSe3I3,1.1081,-1.0986,16.9088,30.0000,23.5479,10.1604,1.0198,29.2536,0.0415,0.1670,0.0356,0.4952
Rb2GeNbSe3Cl3,1.3713,-1.4915,27.8555,30.0000,25.3686,7.0478,13.2900,29.5677,0.0415,0.0950,0.0368,0.0628
Rb2GeTaSe3F3,1.4951,-2.2355,26.7639,30.0000,25.0984,5.9435,15.9218,29.4488,0.0415,0.0620,0.0368,0.0554
Rb2GeCrS3I3,1.2126,-1.1190,24.6748,30.0000,24.8628,8.9758,4.1132,29.4626,0.0415,0.1413,0.0365,0.1589
Rb2TaFeO3I3,1.6703,-1.8802,19.1247,30.0000,23.5996,5.6090,14.8532,28.9095,0.0415,0.0339,0.0361,0.0558
K2GeFeO3F3,1.7832,-2.2820,10.9047,30.0000,21.9739,5.7848,13.3189,28.3841,0.0415,0.0225,0.0354,0.0573
Rb2WBiO3Br3,1.6865,-1.4976,18.2399,30.0000,23.4130,5.6383,14.5675,28.8801,0.0415,0.0317,0.0361,0.0562
K2SnZnO3S3,1.8984,-1.7130,0.1278,30.0000,20.0035,6.0246,11.5399,27.4685,0.0415,0.0199,0.0345,0.0596
Rb2MnBiO3Cl3,1.5133,-1.7381,26.2591,30.0000,24.9415,5.9289,15.7502,29.4093,0.0415,0.0621,0.0367,0.0556
K2TiWO3S3,1.8934,-2.0249,0.1534,30.0000,19.9966,6.0539,11.5627,27.5765,0.0416,0.0214,0.0344,0.0595
Rb2ZrMoS6,1.3896,-1.5298,28.1427,30.0000,25.3638,6.8355,14.1706,29.5456,0.0416,0.0909,0.0369,0.0604
Na2MoFeO3F3,1.8956,-2.4249,0.2172,30.0000,20.0117,6.0110,11.5639,27.4838,0.0416,0.0210,0.0345,0.0593
Rb2GeMoS3Se3,1.3962,-1.0293,28.1915,30.0000,25.3441,6.8031,14.1034,29.5665,0.0416,0.0873,0.0369,0.0604
Rb2FeCuF3I3,1.1558,-1.9073,21.5253,30.0000,24.2819,9.6598,1.9618,29.3780,0.0416,0.1567,0.0361,0.3125
K2FeSbSe3Cl3,1.0102,-1.2540,0.2833,30.0000,20.2753,10.8610,1.0000,28.9001,0.0416,0.1682,0.0335,0.4771
K2NbZnO3F3,1.8961,-2.7062,0.1543,30.0000,19.9279,6.0423,11.4855,27.5136,0.0416,0.0202,0.0344,0.0596
Rb2SnVSe3F3,1.5684,-2.1696,24.5295,30.0000,24.6091,5.6938,15.7922,29.2774,0.0416,0.0486,0.0366,0.0551
Rb2SnSbSe3Cl3,1.6553,-1.1839,20.6663,30.0000,23.7937,5.5856,15.0991,28.9993,0.0416,0.0352,0.0363,0.0557
Rb2SnInO3Br3,1.5961,-1.5919,23.4643,30.0000,24.3648,5.6258,15.5273,29.1433,0.0416,0.0464,0.0365,0.0553
Li2MoWO6,1.9000,-2.2304,0.3014,30.0000,19.9372,6.0340,11.5015,27.4649,0.0416,0.0216,0.0345,0.0598
Rb2GeTaS3I3,1.6387,-1.2485,21.5109,30.0000,24.0087,5.5760,15.1778,29.0849,0.0416,0.0366,0.0364,0.0556
Rb2SnGaO3Br3,1.5593,-1.6249,25.1318,30.0000,24.6998,5.6622,15.8723,29.3118,0.0416,0.0472,0.0367,0.0549
Rb2SnInO3I3,1.6693,-1.4414,19.7999,30.0000,23.6240,5.5521,14.9543,28.9242,0.0416,0.0306,0.0362,0.0557
Rb2MnGaO3Br3,1.4545,-1.6858,27.8198,30.0000,25.1904,6.2680,15.4663,29.5129,0.0416,0.0753,0.0369,0.0566
Rb2CrMoSe3Br3,1.1264,-1.2917,19.5849,30.0000,23.8921,10.0133,1.2706,29.3250,0.0416,0.1654,0.0359,0.4585
Rb2GeNbS3Br3,1.2991,-1.3870,28.0231,30.0000,25.2960,7.8594,9.4265,29.5760,0.0416,0.1157,0.0368,0.0810
Rb2ZrWS6,1.5901,-1.5068,24.2500,30.0000,24.4379,5.6454,15.6134,29.2428,0.0416,0.0447,0.0366,0.0553
Na2SnFeO3S3,1.9004,-1.5975,0.1169,30.0000,19.8488,6.0434,11.4776,27.4700,0.0417,0.0222,0.0345,0.0597
Rb2GeTaS3Br3,1.5578,-1.4282,25.1636,30.0000,24.6369,5.6924,15.8318,29.3272,0.0417,0.0494,0.0367,0.0551
Rb2CrWO3I3,1.6884,-1.5755,18.8140,30.0000,23.4068,5.6289,14.5489,28.8340,0.0417,0.0298,0.0361,0.0564
Rb2VZnSe3I3,1.1042,-1.2144,17.4515,30.0000,23.4433,10.1819,1.0003,29.2565,0.0417,0.1673,0.0356,0.4980
Na2SnBiO3Cl3,1.8954,-1.6400,0.2062,30.0000,19.8453,6.0203,11.5296,27.4739,0.0417,0.0208,0.0345,0.0594
K2SbCuSe3Cl3,1.0073,-1.1725,0.2915,30.0000,20.2035,10.8904,1.0000,28.8979,0.0417,0.1688,0.0335,0.4785
Rb2VZnSe3Cl3,1.1944,-1.4949,24.6280,30.0000,24.7223,9.2346,3.1495,29.4540,0.0417,0.1470,0.0365,0.2008
Rb2TiFeSe3I3,1.1035,-1.3048,17.6753,30.0000,23.5003,10.2251,1.0000,29.2758,0.0417,0.1698,0.0357,0.5072
Rb2MoGaSe3F3,1.5437,-1.9938,25.9921,30.0000,24.7495,5.8165,15.7313,29.3581,0.0417,0.0550,0.0367,0.0555
Rb2ZrFeO3I3,1.6581,-1.9927,21.0007,30.0000,23.7304,5.5979,14.9734,28.9672,0.0417,0.0346,0.0363,0.0559
Rb2GeVS3I3,1.2004,-1.1779,24.7326,30.0000,24.7344,9.1530,3.3639,29.4592,0.0417,0.1466,0.0365,0.1917
Rb2NbSbO3Se3,1.6190,-1.6889,23.2676,30.0000,24.1752,5.6087,15.4097,29.1575,0.0417,0.0412,0.0365,0.0556
Rb2MnGaSe3Cl3,1.2104,-1.4638,25.5535,30.0000,24.8491,9.0309,3.8627,29.4809,0.0417,0.1439,0.0366,0.1697
Na2SbCuO3Br3,0.9995,-1.3469,0.1392,30.0000,20.1064,10.8975,1.0000,28.8720,0.0417,0.1701,0.0335,0.4802
Rb2SnCrSe3I3,1.0980,-1.0900,16.4787,30.0000,23.2368,10.2592,1.0000,29.2022,0.0417,0.1686,0.0355,0.5042
Li2GeMoO6,1.7724,-2.1952,12.4044,30.0000,22.0721,5.7973,13.4009,28.3914,0.0417,0.0248,0.0356,0.0577
Rb2GeMnCl3I3,1.1812,-1.4121,24.2531,30.0000,24.5824,9.3658,2.7787,29.4185,0.0417,0.1509,0.0365,0.2295
Rb2MnBiO6,1.3624,-1.8909,29.1450,30.0000,25.3703,7.1982,12.5802,29.5722,0.0417,0.1001,0.0370,0.0656
Rb2TaSbS6,1.6075,-1.1403,23.7220,30.0000,24.2216,5.6100,15.4834,29.1594,0.0418,0.0428,0.0366,0.0555
Rb2SnCuO3Se3,1.1841,-1.3130,24.3656,30.0000,24.6015,9.3699,2.7147,29.4488,0.0418,0.1520,0.0365,0.2319
K2SbCuS3Br3,0.9988,-1.1326,0.1424,30.0000,20.0356,10.9105,1.0000,28.8586,0.0418,0.1692,0.0335,0.4785
Rb2VSbS6,1.3256,-1.0940,28.8948,30.0000,25.3047,7.6421,10.4761,29.5819,0.0418,0.1106,0.0370,0.0755
K2TiBiO3I3,1.9061,-1.8451,0.4542,30.0000,19.7964,6.0496,11.4135,27.4448,0.0418,0.0234,0.0346,0.0600
K2MoGaO3Br3,1.8896,-1.7084,1.6921,30.0000,20.0180,6.0176,11.6771,27.5763,0.0418,0.0210,0.0347,0.0596
Rb2SnGaO3I3,1.6656,-1.4328,20.9595,30.0000,23.6474,5.5801,14.9266,28.9358,0.0418,0.0305,0.0364,0.0562
Na2MoAgSe3I3,1.0077,-0.9043,2.1512,30.0000,20.4379,10.8866,1.0000,28.9001,0.0418,0.1714,0.0337,0.4862
Na2VZnO3F3,1.9075,-2.4492,0.0993,30.0000,19.7798,6.0606,11.2875,27.3784,0.0418,0.0219,0.0346,0.0604
Rb2CrAgS3I3,1.1367,-1.0929,21.1779,30.0000,24.0313,9.8906,1.5173,29.3192,0.0418,0.1639,0.0361,0.3937
Rb2CrAgO3Br3,1.5342,-1.5868,27.2342,30.0000,24.8434,5.7822,15.9040,29.3147,0.0418,0.0561,0.0369,0.0554
K2SnFeCl3I3,1.0014,-1.3013,0.4173,30.0000,19.9963,10.8958,1.0000,28.8442,0.0418,0.1707,0.0335,0.4816
Rb2SnInS3I3,1.7041,-1.0818,18.7234,30.0000,23.1800,5.6258,14.4297,28.7968,0.0418,0.0293,0.0362,0.0566
Rb2GeCrSe3I3,1.1321,-1.0897,20.9818,30.0000,23.9574,9.9353,1.4410,29.3198,0.0418,0.1641,0.0361,0.4157
Rb2TaFeO3Br3,1.6456,-1.9877,22.6349,30.0000,23.8888,5.5997,15.0677,29.0348,0.0418,0.0361,0.0365,0.0562
K2SnFeSe3Cl3,1.0000,-1.2606,0.2513,30.0000,20.1294,10.8717,1.0000,28.8187,0.0418,0.1701,0.0335,0.4810
Rb2ZrGaSe3Cl3,1.6093,-1.8006,24.2062,30.0000,24.2518,5.6077,15.4992,29.1541,0.0418,0.0412,0.0366,0.0557
Rb2GeTaO3Br3,1.5478,-1.9776,26.8587,30.0000,24.7740,5.7454,15.8265,29.3306,0.0419,0.0546,0.0369,0.0555
Rb2GeNbSe3Br3,1.1516,-1.3507,23.2961,30.0000,24.2933,9.7196,1.8090,29.3932,0.0419,0.1611,0.0364,0.3389
Rb2SnCrO3I3,1.6838,-1.4800,20.3835,30.0000,23.4499,5.6129,14.7325,28.8725,0.0419,0.0311,0.0364,0.0565
Rb2SnZnO3Se3,1.6184,-1.3304,24.2860,30.0000,24.2487,5.6049,15.4241,29.1468,0.0419,0.0418,0.0367,0.0559
Rb2GeCrS3Se3,1.4057,-1.0714,30.0676,30.0000,25.3254,6.6901,14.5694,29.5714,0.0419,0.0884,0.0371,0.0598
Rb2VCuO3Br3,1.5488,-1.7486,26.9346,30.0000,24.7436,5.7247,15.9030,29.3116,0.0419,0.0541,0.0369,0.0554
Rb2NbCuSe3Cl3,1.1587,-1.4085,23.1912,30.0000,24.2546,9.6201,2.0972,29.3803,0.0419,0.1574,0.0364,0.2915
Rb2ZrWO3Se3,1.6669,-2.0889,21.3093,30.0000,23.6101,5.6230,14.7962,28.9472,0.0419,0.0327,0.0364,0.0565
Rb2GeCrO3I3,1.5755,-1.4637,26.3093,30.0000,24.5723,5.6584,15.6953,29.2813,0.0419,0.0477,0.0369,0.0557
Rb2MoMnS6,1.4373,-1.2496,30.0943,30.0000,25.2549,6.4478,15.1271,29.5255,0.0419,0.0808,0.0372,0.0582
Rb2ZrGaS3Br3,1.6160,-1.6601,24.3349,30.0000,24.1989,5.6122,15.4230,29.1439,0.0419,0.0421,0.0367,0.0557
Rb2MnBiO3S3,1.5530,-1.7053,26.7286,30.0000,24.6684,5.7671,15.7243,29.2933,0.0419,0.0539,0.0369,0.0557
Na2MoBiO3F3,1.9117,-2.2585,0.3004,30.0000,19.6786,6.0569,11.2597,27.3610,0.0419,0.0229,0.0346,0.0605
Rb2NbCuS3Br3,1.1551,-1.3465,23.3095,30.0000,24.2647,9.6772,1.9199,29.3610,0.0419,0.1598,0.0364,0.3199
Rb2SbCuO3I3,1.1116,-1.2439,20.0340,30.0000,23.7126,10.0947,1.1178,29.2920,0.0419,0.1689,0.0360,0.4974
Rb2NbTaS6,1.6034,-1.4389,24.7732,30.0000,24.2494,5.6309,15.5060,29.1795,0.0419,0.0434,0.0367,0.0558
Rb2TiBiS3I3,1.7291,-1.3469,17.4013,30.0000,22.8191,5.6668,14.1525,28.6451,0.0419,0.0260,0.0361,0.0571
Na2GeFeO3F3,1.7913,-2.2815,12.1345,30.0000,21.8048,5.7920,13.1910,28.3105,0.0419,0.0218,0.0357,0.0583
Rb2GeVO3I3,1.5827,-1.7759,26.3733,30.0000,24.4905,5.6577,15.6763,29.2576,0.0419,0.0480,0.0369,0.0559
Rb2SnWS3Se3,1.7031,-1.0387,19.3377,30.0000,23.1345,5.6374,14.4827,28.7557,0.0420,0.0296,0.0363,0.0568
Rb2TiGaS3Br3,1.5868,-1.6433,25.9999,30.0000,24.4994,5.6424,15.6467,29.2356,0.0420,0.0450,0.0369,0.0557
Rb2SnMnS3Se3,1.1421,-1.0757,22.9407,30.0000,24.1836,9.7986,1.6820,29.3256,0.0420,0.1630,0.0363,0.3619
K2GeZnS3Se3,1.8539,-0.9772,6.3885,30.0000,20.7230,5.9234,12.2734,27.8503,0.0420,0.0205,0.0352,0.0591
K2WSbO3F3,1.9168,-2.3164,0.2406,30.0000,19.6419,6.0643,11.2463,27.3295,0.0420,0.0223,0.0346,0.0606
Na2SnMoO6,1.9192,-2.1031,0.2817,30.0000,19.6532,6.0374,11.3287,27.3023,0.0420,0.0216,0.0347,0.0603
Rb2TiFeO3I3,1.6642,-1.9559,22.2733,30.0000,23.6848,5.5905,14.9228,28.9544,0.0420,0.0334,0.0365,0.0566
Rb2MoFeSe3I3,1.0835,-1.0515,16.8356,30.0000,23.0262,10.4018,1.0000,29.2152,0.0420,0.1739,0.0356,0.5172
Rb2TiMoS6,1.3132,-1.5180,30.5183,30.0000,25.3180,7.6957,10.2260,29.5777,0.0420,0.1124,0.0371,0.0775
Na2MoWO6,1.9182,-2.0878,0.2767,30.0000,19.6262,6.0894,11.1700,27.3193,0.0420,0.0223,0.0346,0.0609
Rb2GeTaSe3Cl3,1.6114,-1.5315,25.0425,30.0000,24.2488,5.6041,15.4518,29.1561,0.0420,0.0424,0.0368,0.0559
Rb2GeCrSe3Br3,1.1632,-1.2461,24.4823,30.0000,24.3903,9.5952,2.1695,29.4066,0.0420,0.1582,0.0365,0.2878
Rb2VFeSe3Cl3,1.1695,-1.5387,25.0047,30.0000,24.4487,9.4939,2.3703,29.4179,0.0420,0.1564,0.0365,0.2667
Rb2MnGaO3Se3,1.5443,-1.5724,28.1218,30.0000,24.7876,5.7600,15.8053,29.3245,0.0420,0.0530,0.0371,0.0559
Rb2VFeO3Br3,1.5698,-1.9102,27.2888,30.0000,24.6106,5.7100,15.6572,29.2868,0.0420,0.0496,0.0370,0.0561
Rb2TiWS6,1.6000,-1.5147,25.9910,30.0000,24.3757,5.6051,15.5825,29.1773,0.0420,0.0429,0.0369,0.0559
Na2VTaO3S3,1.9127,-2.0743,0.8599,30.0000,19.7230,6.0459,11.3511,27.3688,0.0420,0.0213,0.0347,0.0606
Rb2GeBiO3I3,1.6774,-1.3002,21.6992,30.0000,23.5049,5.5863,14.8558,28.8858,0.0420,0.0319,0.0365,0.0566
Rb2SnCuF3I3,1.1030,-1.9108,19.8594,30.0000,23.5441,10.1971,1.0000,29.2723,0.0420,0.1707,0.0360,0.5095
Rb2ZrCrSe6,1.1039,-1.3584,19.8382,30.0000,23.4730,10.1604,1.0727,29.2255,0.0420,0.1697,0.0360,0.5007
Na2SnSbO3F3,1.9206,-2.2942,0.2393,30.0000,19.5767,6.0721,11.1181,27.2756,0.0421,0.0214,0.0346,0.0611
Rb2GeCrSe6,1.1631,-1.0464,24.6979,30.0000,24.3573,9.5906,2.1791,29.3656,0.0421,0.1586,0.0366,0.2862
Rb2GeCuS3Se3,1.2613,-0.8773,29.5304,30.0000,25.1570,8.3742,6.9564,29.4954,0.0421,0.1309,0.0371,0.1050
K2VNbO3S3,1.9233,-2.0995,0.2127,30.0000,19.5216,6.0831,11.1567,27.2408,0.0421,0.0231,0.0347,0.0609
Rb2MoFeO3I3,1.6844,-1.5060,20.9284,30.0000,23.4014,5.6054,14.7130,28.9001,0.0421,0.0312,0.0364,0.0566
Rb2SnCuO3S3,1.3933,-1.6563,31.0583,30.0000,25.3251,6.8787,13.8702,29.5428,0.0421,0.0937,0.0373,0.0623
Na2CrAgSe3I3,1.0051,-0.9371,2.1938,30.0000,20.1339,10.9109,1.0000,28.9151,0.0421,0.1733,0.0338,0.4890
Rb2ZrGaO3I3,1.6806,-2.0548,21.6944,30.0000,23.4337,5.6061,14.7153,28.8764,0.0421,0.0306,0.0365,0.0569
Rb2TiCrS3Se3,1.1734,-1.3681,25.6948,30.0000,24.4976,9.5030,2.4089,29.4306,0.0421,0.1568,0.0366,0.2639
Rb2GeSbSe3F3,1.5357,-1.8909,28.7452,30.0000,24.8356,5.7913,15.8786,29.3317,0.0421,0.0571,0.0371,0.0558
Na2SbAgI6,1.0048,-0.8664,1.9451,30.0000,20.1068,10.9266,1.0000,28.8665,0.0421,0.1735,0.0338,0.4873
Na2MoMnO6,1.9228,-2.0178,0.2241,30.0000,19.5069,6.0877,11.1000,27.2829,0.0421,0.0240,0.0347,0.0611
Rb2VNbS6,1.3027,-1.4650,30.5098,30.0000,25.2636,7.8667,9.3616,29.5337,0.0421,0.1175,0.0372,0.0829
Rb2SnGeS3Se3,1.5787,-0.9165,27.2286,30.0000,24.5139,5.6603,15.6588,29.2820,0.0421,0.0474,0.0370,0.0562
Rb2VTaS6,1.5946,-1.4552,26.4887,30.0000,24.3778,5.6259,15.5842,29.1822,0.0421,0.0455,0.0370,0.0559
Rb2VMnO3I3,1.6738,-1.9786,22.2334,30.0000,23.5847,5.5895,14.8723,28.9087,0.0421,0.0328,0.0366,0.0566
Rb2MnCuI6,1.0643,-1.0872,15.1635,30.0000,22.6207,10.5529,1.0000,29.1107,0.0421,0.1774,0.0355,0.5208
Rb2GeSbS3Br3,1.5850,-1.0551,26.8910,30.0000,24.4778,5.6446,15.6697,29.2313,0.0421,0.0470,0.0370,0.0560
Rb2GeMnBr6,1.1516,-1.4626,24.1727,30.0000,24.2192,9.6961,1.9636,29.3535,0.0421,0.1609,0.0365,0.3150
Na2GeFeCl3I3,1.0150,-1.1979,5.5235,30.0000,20.7215,10.8093,1.0000,28.9547,0.0421,0.1744,0.0342,0.4979
Rb2MnSbO3Cl3,1.4645,-1.8156,30.7904,30.0000,25.1895,6.1951,15.5820,29.4709,0.0422,0.0716,0.0373,0.0572
Na2WInO3Cl3,1.9089,-1.7359,1.7076,30.0000,19.7208,6.0568,11.3549,27.3908,0.0422,0.0227,0.0348,0.0608
Rb2SnTaO3Br3,1.6947,-2.0633,20.8054,30.0000,23.2878,5.6566,14.5055,28.8236,0.0422,0.0329,0.0364,0.0571
Rb2TiGaSe3Br3,1.6928,-1.6119,21.3486,30.0000,23.3445,5.6324,14.6017,28.8555,0.0422,0.0283,0.0365,0.0571
Rb2SnZnI6,1.0586,-1.1322,14.2983,30.0000,22.3230,10.5683,1.0000,29.1174,0.0422,0.1760,0.0354,0.5161
Rb2GeFeO3Br3,1.3412,-1.5600,32.0135,30.0000,25.4095,7.3638,11.7911,29.5896,0.0422,0.1060,0.0374,0.0701
Rb2CrMoO3Se3,1.6159,-1.6282,25.7907,30.0000,24.1732,5.5945,15.4076,29.1307,0.0422,0.0396,0.0369,0.0563
K2GeWS6,1.8613,-1.0813,6.5657,30.0000,20.5675,5.9531,12.1317,27.8181,0.0422,0.0209,0.0352,0.0598
Rb2VFeSe3F3,1.5921,-2.1793,27.1649,30.0000,24.4094,5.6213,15.6106,29.1984,0.0422,0.0450,0.0371,0.0562
Rb2CrMnO3I3,1.6773,-1.6594,22.1739,30.0000,23.4820,5.6173,14.7184,28.8617,0.0422,0.0339,0.0366,0.0569
K2WFeO3F3,1.9299,-2.5391,0.1468,30.0000,19.3995,6.0672,11.0545,27.1722,0.0422,0.0235,0.0347,0.0612
Rb2GeTaO3I3,1.6747,-1.8912,22.7196,30.0000,23.5729,5.6158,14.8459,28.9631,0.0422,0.0320,0.0366,0.0569
Na2CuZnI6,1.0000,-0.9458,0.5738,30.0000,19.7340,10.9443,1.0000,28.8457,0.0422,0.1722,0.0336,0.4839
Rb2GeVSe3Br3,1.1506,-1.3552,24.5399,30.0000,24.1696,9.7362,1.8163,29.3507,0.0422,0.1624,0.0366,0.3380
Rb2TiInO3I3,1.6883,-2.0350,21.5972,30.0000,23.3722,5.6383,14.5718,28.8001,0.0422,0.0315,0.0366,0.0572
K2VSbO3S3,1.9314,-1.6923,0.2343,30.0000,19.4203,6.0872,11.0240,27.1883,0.0422,0.0217,0.0347,0.0615
Rb2MoSbSe3I3,1.0613,-0.9677,15.7879,30.0000,22.5083,10.5283,1.0000,29.1190,0.0423,0.1780,0.0356,0.5233
Rb2WFeO3Br3,1.6852,-1.6074,22.1378,30.0000,23.4023,5.6105,14.5872,28.8597,0.0423,0.0308,0.0366,0.0572
Rb2CrWO3Se3,1.6794,-1.6541,22.4966,30.0000,23.4404,5.6372,14.6873,28.9203,0.0423,0.0332,0.0367,0.0570
Rb2GeWS3Se3,1.6450,-1.0389,24.9181,30.0000,23.8160,5.5826,15.0947,29.0119,0.0423,0.0350,0.0369,0.0568
Na2GeCrO3Cl3,1.8240,-1.6806,10.4452,30.0000,21.2190,5.9018,12.6389,28.1262,0.0423,0.0201,0.0356,0.0593
Rb2MoWS6,1.6554,-1.1968,24.1417,30.0000,23.7566,5.6032,15.0403,28.9952,0.0423,0.0359,0.0368,0.0568
Rb2GeNbSe3F3,1.5259,-2.1905,30.0377,30.0000,24.8517,5.8364,15.8032,29.3361,0.0423,0.0593,0.0373,0.0565
Rb2CrMnO3Se3,1.5990,-1.6504,27.5589,30.0000,24.3787,5.6194,15.5559,29.2054,0.0423,0.0451,0.0371,0.0564
Li2GeVO3F3,1.7934,-2.3448,14.0816,30.0000,21.8279,5.8357,13.1317,28.3082,0.0423,0.0232,0.0359,0.0590
Rb2GeBiS3I3,1.7119,-0.9976,20.5798,30.0000,23.0210,5.6485,14.3444,28.7451,0.0423,0.0301,0.0365,0.0575
Rb2GeSbO3I3,1.6661,-1.2844,24.0630,30.0000,23.7084,5.6079,14.9775,28.9689,0.0423,0.0334,0.0368,0.0569
K2MoSbO3F3,1.9321,-2.3160,0.3216,30.0000,19.3847,6.0822,11.0342,27.1947,0.0423,0.0235,0.0348,0.0613
Rb2SnTaO3I3,1.7538,-1.9424,17.8274,30.0000,22.5138,5.7457,13.7588,28.5633,0.0424,0.0258,0.0363,0.0584
Rb2GeMnO3Se3,1.4339,-1.4680,32.3855,30.0000,25.2525,6.4552,15.1418,29.5104,0.0424,0.0823,0.0375,0.0587
Rb2MoFeO3Br3,1.6494,-1.6543,25.3441,30.0000,23.9079,5.5743,15.1841,29.0319,0.0424,0.0367,0.0370,0.0568
Rb2SnBiO3I3,1.7637,-1.3263,17.0055,30.0000,22.3311,5.7608,13.6174,28.4927,0.0424,0.0246,0.0362,0.0586
Rb2ZrCrO3Se3,1.6345,-2.0854,25.9191,30.0000,24.0247,5.5646,15.3117,29.0341,0.0424,0.0381,0.0370,0.0566
Rb2MnSbSe3I3,1.0702,-1.0188,16.3939,30.0000,22.5686,10.4922,1.0000,29.1231,0.0424,0.1771,0.0356,0.5224
Rb2SnGaSe3Cl3,1.6826,-1.3271,23.2836,30.0000,23.4377,5.6296,14.7025,28.9345,0.0424,0.0325,0.0367,0.0574
Na2GeCrO6,1.8097,-2.1583,12.7298,30.0000,21.5149,5.8495,12.9186,28.1925,0.0424,0.0213,0.0358,0.0593
Rb2ZrGaSe3F3,1.6337,-2.2950,26.1165,30.0000,24.0105,5.5874,15.2345,29.0475,0.0424,0.0388,0.0370,0.0567
Rb2WGaS3Br3,1.7133,-1.3259,21.4149,30.0000,23.0712,5.6682,14.3245,28.7161,0.0424,0.0299,0.0366,0.0578
Rb2NbSbS6,1.6182,-1.0896,26.8290,30.0000,24.1043,5.5838,15.4148,29.0888,0.0425,0.0397,0.0371,0.0567
Li2WGaO3F3,1.9178,-2.3965,2.3473,30.0000,19.5814,6.0668,11.2388,27.3582,0.0425,0.0209,0.0349,0.0614
Rb2TiFeO3Br3,1.6179,-2.0658,27.4037,30.0000,24.1929,5.5975,15.3694,29.1423,0.0425,0.0403,0.0371,0.0568
Rb2MnGaS6,1.4341,-1.1770,33.2600,30.0000,25.2807,6.4904,15.0339,29.5528,0.0425,0.0820,0.0376,0.0593
Rb2FeMnO3Se3,1.6203,-1.5013,27.3650,30.0000,24.1656,5.6346,15.3004,29.1525,0.0425,0.0406,0.0371,0.0569
K2GeFeSe3Cl3,1.0099,-1.2811,6.3695,30.0000,20.5387,10.8454,1.0000,28.9309,0.0425,0.1771,0.0344,0.5029
Rb2VFeS3Br3,1.1370,-1.4013,25.1542,30.0000,24.0387,9.8749,1.5828,29.3571,0.0425,0.1670,0.0367,0.3893
Rb2GeFeSe3F3,1.2617,-1.9149,31.8451,30.0000,25.1222,8.3839,6.7184,29.4591,0.0425,0.1326,0.0374,0.1094
Rb2MnCuBr3I3,1.0636,-1.2822,17.2326,30.0000,22.5997,10.5268,1.0000,29.1165,0.0425,0.1787,0.0357,0.5257
Rb2NbCuSe3I3,1.0645,-1.1724,16.7364,30.0000,22.5227,10.5228,1.0000,29.1551,0.0425,0.1786,0.0356,0.5264
Rb2WMnS6,1.6559,-1.2357,25.6820,30.0000,23.8131,5.6531,14.9085,29.0201,0.0425,0.0374,0.0370,0.0574
Rb2GeMnS3Se3,1.2115,-1.0262,29.9228,30.0000,24.7652,9.0057,4.0396,29.4703,0.0425,0.1471,0.0372,0.1676
Li2WGaO3Cl3,1.9268,-1.8244,2.0715,30.0000,19.4666,6.0827,11.0638,27.2203,0.0425,0.0227,0.0350,0.0620
Na2CrMoO6,1.9444,-2.0832,0.2366,30.0000,19.1504,6.1078,10.8259,27.0760,0.0426,0.0239,0.0349,0.0622
Rb2VZnO3Br3,1.6428,-1.7401,26.8377,30.0000,23.9163,5.5918,15.1787,29.0610,0.0426,0.0376,0.0371,0.0572
K2TaMnO3F3,1.9370,-2.9609,0.8222,30.0000,19.2640,6.0990,10.9182,27.1659,0.0426,0.0237,0.0348,0.0621
Li2GeWO6,1.8571,-2.1714,9.3973,30.0000,20.7442,5.9781,12.1329,27.8870,0.0426,0.0227,0.0356,0.0606
Rb2SnCrO3Br3,1.6784,-1.6647,24.5443,30.0000,23.4646,5.6224,14.7539,28.9024,0.0426,0.0345,0.0370,0.0576
Na2GeNbO3Cl3,1.8516,-1.9232,9.3786,30.0000,20.7525,5.9536,12.1883,27.8650,0.0426,0.0219,0.0356,0.0604
Na2ZrWO6,1.9450,-2.7789,0.1726,30.0000,19.1003,6.1060,10.7822,27.0001,0.0426,0.0240,0.0348,0.0625
Rb2TiGaSe3F3,1.6230,-2.3101,28.0343,30.0000,24.1306,5.6076,15.3224,29.1069,0.0427,0.0407,0.0373,0.0572
Rb2CrMoO3Br3,1.6659,-1.6679,25.5112,30.0000,23.6133,5.6002,14.8834,28.9428,0.0427,0.0348,0.0370,0.0575
K2CrAgSe3I3,0.9905,-0.9968,2.1202,30.0000,19.5981,10.9300,1.0000,28.8163,0.0427,0.1743,0.0338,0.4893
Rb2WGaSe3Cl3,1.7300,-1.4187,21.3296,30.0000,22.8258,5.6870,14.1187,28.6665,0.0427,0.0292,0.0367,0.0584
K2FeSbS3I3,0.9911,-0.9218,0.4553,30.0000,19.4142,10.9862,1.0000,28.8563,0.0427,0.1738,0.0336,0.4843
Rb2WInO3I3,1.7675,-1.5444,18.3825,30.0000,22.2172,5.7871,13.5414,28.5003,0.0427,0.0257,0.0364,0.0592
K2MnGaO3F3,1.9250,-2.4272,2.6963,30.0000,19.4541,6.0824,11.0756,27.2647,0.0427,0.0227,0.0350,0.0622
Rb2NbFeO3Br3,1.6757,-2.0160,25.4339,30.0000,23.5428,5.6155,14.7995,28.9527,0.0427,0.0334,0.0371,0.0578
Rb2GeVO3Br3,1.5394,-1.8862,32.3215,30.0000,24.8236,5.7608,15.8194,29.3321,0.0427,0.0566,0.0376,0.0569
Rb2TiGaSe3Cl3,1.6782,-1.7751,25.8431,30.0000,23.6094,5.6168,14.7931,28.9535,0.0427,0.0327,0.0371,0.0578
Rb2SnMoO3Se3,1.7083,-1.5188,23.2719,30.0000,23.1274,5.6500,14.4306,28.7615,0.0427,0.0280,0.0369,0.0581
Rb2GeVSe3F3,1.5440,-2.1273,32.1485,30.0000,24.8027,5.7201,15.9496,29.3030,0.0428,0.0543,0.0377,0.0566
Rb2ZrBiS3I3,1.7847,-1.3556,16.6217,30.0000,21.8855,5.8458,13.1613,28.3496,0.0428,0.0251,0.0363,0.0597
Rb2SnMoS6,1.6568,-1.0795,26.8340,30.0000,23.7024,5.5830,14.9491,28.9772,0.0428,0.0343,0.0372,0.0579
Rb2ZrInO3Br3,1.6942,-2.1394,24.4088,30.0000,23.2508,5.6180,14.5379,28.8000,0.0428,0.0323,0.0370,0.0581
Rb2MnInO3Cl3,1.5398,-1.8966,32.7222,30.0000,24.8194,5.7433,15.8351,29.3424,0.0428,0.0548,0.0377,0.0571
Rb2SnSbO3Br3,1.7265,-1.5316,22.1691,30.0000,22.8186,5.7043,14.0630,28.6674,0.0428,0.0270,0.0368,0.0587
K2CrWO6,1.9497,-2.2093,0.1583,30.0000,18.9776,6.1339,10.6703,27.0033,0.0428,0.0241,0.0349,0.0628
Rb2GeFeO3Se3,1.5606,-1.3991,32.3339,30.0000,24.7173,5.6378,15.8359,29.3018,0.0428,0.0507,0.0377,0.0570
Na2SnCrSe6,0.9858,-0.9946,0.3619,30.0000,19.2457,10.9791,1.0000,28.8374,0.0428,0.1733,0.0336,0.4847
Rb2GeVSe3Cl3,1.1695,-1.5028,29.6594,30.0000,24.4294,9.5090,2.3650,29.3585,0.0428,0.1624,0.0372,0.2759
Rb2MnBiSe3I3,1.0433,-1.0799,15.0502,30.0000,21.8095,10.6825,1.0000,29.0144,0.0429,0.1820,0.0355,0.5281
Rb2CrWO3Br3,1.7278,-1.7002,22.2659,30.0000,22.7936,5.6805,14.1732,28.6712,0.0429,0.0289,0.0368,0.0587
Rb2GeGaSe3Br3,1.6901,-1.2492,24.9650,30.0000,23.2645,5.6227,14.5690,28.8706,0.0429,0.0305,0.0371,0.0582
Rb2MnSbO6,1.4892,-1.9995,34.8399,30.0000,25.0993,6.0496,15.7400,29.4665,0.0429,0.0698,0.0379,0.0579
Rb2GeSbSe3Cl3,1.6688,-1.1200,26.7419,30.0000,23.6323,5.6292,14.8480,28.9406,0.0429,0.0365,0.0373,0.0581
Na2GeGaS3Br3,1.8805,-1.1555,8.0545,30.0000,20.2419,6.0127,11.8066,27.6414,0.0429,0.0232,0.0356,0.0614
Rb2SnCrO3Se3,1.6997,-1.5096,24.8093,30.0000,23.2297,5.6257,14.4632,28.8067,0.0429,0.0313,0.0371,0.0585
Rb2ZrFeO3Br3,1.6894,-2.0905,25.4676,30.0000,23.3430,5.6089,14.6414,28.8549,0.0429,0.0315,0.0371,0.0582
Rb2GeMoSe6,1.0947,-0.9981,23.4365,30.0000,23.2950,10.2642,1.0000,29.2402,0.0429,0.1776,0.0365,0.5305
Rb2MnSbBr3I3,1.0467,-1.2947,16.2463,30.0000,22.0222,10.6723,1.0000,29.0820,0.0429,0.1826,0.0357,0.5302
Rb2ZrMoO3Se3,1.7127,-2.1157,24.2401,30.0000,23.0884,5.6317,14.3740,28.7295,0.0430,0.0275,0.0370,0.0586
Rb2MnSbO3S3,1.5940,-1.6134,31.4368,30.0000,24.3878,5.6413,15.5681,29.1931,0.0430,0.0466,0.0376,0.0575
Na2NbFeO3F3,1.9612,-2.6727,0.1448,30.0000,18.8438,6.1332,10.5756,26.8909,0.0430,0.0247,0.0349,0.0632
Na2SnInO3Cl3,1.9465,-1.7486,1.9264,30.0000,19.1018,6.0693,10.8493,27.0083,0.0430,0.0236,0.0351,0.0628
Na2GeMnI6,0.9936,-1.0105,4.1902,30.0000,19.7740,10.9459,1.0000,28.8316,0.0430,0.1782,0.0341,0.4993
Rb2GeInO3Br3,1.6128,-1.6065,30.3268,30.0000,24.1900,5.6097,15.4492,29.1411,0.0430,0.0430,0.0376,0.0575
Rb2SnVO3I3,1.7552,-1.8227,20.4355,30.0000,22.3536,5.7455,13.6523,28.5554,0.0430,0.0257,0.0366,0.0595
Rb2SnMnO3S3,1.5901,-1.7902,31.5922,30.0000,24.4198,5.6533,15.6088,29.2229,0.0430,0.0490,0.0377,0.0574
K2WBiO3Cl3,1.9613,-1.7657,0.2123,30.0000,18.8021,6.1607,10.4578,26.9081,0.0430,0.0260,0.0349,0.0637
Rb2NbFeO3I3,1.7521,-1.9045,20.9834,30.0000,22.4828,5.7340,13.7534,28.5248,0.0430,0.0255,0.0368,0.0594
Na2SnWO3S3,1.9602,-1.6403,0.1919,30.0000,18.8143,6.1378,10.5524,26.8707,0.0430,0.0251,0.0349,0.0635
Rb2NbTaO3Se3,1.7414,-2.1697,21.7613,30.0000,22.5750,5.7106,13.9728,28.6221,0.0430,0.0279,0.0368,0.0589
Rb2NbTaO6,1.6418,-2.8847,29.1688,30.0000,23.9019,5.5967,15.1070,29.0432,0.0431,0.0395,0.0375,0.0578
Rb2WMnO3Se3,1.7367,-1.5914,22.3971,30.0000,22.6888,5.7008,13.9815,28.5992,0.0431,0.0270,0.0369,0.0590
Rb2TiCrSe6,1.0722,-1.3401,20.9727,30.0000,22.7407,10.4372,1.0000,29.1366,0.0431,0.1817,0.0363,0.5384
Rb2GeCrO3Br3,1.5945,-1.6480,32.2313,30.0000,24.4513,5.6094,15.6182,29.2003,0.0431,0.0482,0.0378,0.0576
Rb2SnFeO3Cl3,1.6156,-1.8354,30.8809,30.0000,24.1697,5.6027,15.4286,29.1525,0.0431,0.0421,0.0377,0.0577
Rb2GeGaO3I3,1.6832,-1.4095,26.7795,30.0000,23.3942,5.6204,14.6614,28.8706,0.0431,0.0326,0.0373,0.0584
Rb2GeCuO3Se3,1.1882,-1.3604,31.9254,30.0000,24.5827,9.2851,2.9690,29.4128,0.0431,0.1588,0.0376,0.2250
Rb2FeMnO3S3,1.4791,-1.6536,36.1716,30.0000,25.1194,6.1333,15.5999,29.4459,0.0431,0.0743,0.0381,0.0585
K2FeMnCl3I3,0.9834,-1.3659,0.4052,30.0000,18.9838,11.0050,1.0000,28.8511,0.0431,0.1741,0.0336,0.4854
Na2ZrBiO3Cl3,1.9691,-2.0559,0.1833,30.0000,18.6855,6.1564,10.4080,26.7815,0.0432,0.0266,0.0350,0.0639
K2ZrWO6,1.9680,-2.7894,0.1773,30.0000,18.7312,6.1147,10.5062,26.8069,0.0432,0.0242,0.0350,0.0636
Rb2MoInO3Br3,1.7241,-1.6998,24.3036,30.0000,22.8978,5.6959,14.1507,28.7231,0.0432,0.0293,0.0371,0.0592
Rb2ZrBiO3I3,1.8014,-1.8816,17.5059,30.0000,21.6510,5.8280,13.0499,28.2364,0.0432,0.0232,0.0365,0.0603
K2MoFeO3F3,1.9706,-2.3927,0.2192,30.0000,18.6665,6.1169,10.4303,26.7312,0.0432,0.0242,0.0351,0.0638
Rb2GeVS3Cl3,1.4216,-1.4877,37.8547,30.0000,25.3309,6.5112,15.0476,29.5220,0.0432,0.0872,0.0383,0.0606
Rb2SnZnS3Se3,1.7472,-1.0048,22.5929,30.0000,22.5600,5.6970,13.8586,28.5591,0.0432,0.0266,0.0370,0.0596
Rb2SnGeO3Se3,1.6576,-1.3784,29.2480,30.0000,23.7250,5.5963,14.9297,28.9781,0.0432,0.0374,0.0376,0.0585
Rb2GeGaSe3F3,1.5971,-2.0020,32.4663,30.0000,24.3559,5.6200,15.5776,29.2255,0.0432,0.0469,0.0378,0.0577
Na2WBiO3Cl3,1.9732,-1.6727,0.2110,30.0000,18.6663,6.1618,10.4224,26.8118,0.0432,0.0274,0.0350,0.0641
Rb2TiWO3Se3,1.7464,-2.0502,22.6307,30.0000,22.5289,5.7284,13.8805,28.6270,0.0432,0.0266,0.0370,0.0594
Rb2TiMoO3Se3,1.7050,-2.0504,25.9671,30.0000,23.1389,5.6177,14.5405,28.7613,0.0432,0.0313,0.0373,0.0587
Rb2WFeO3I3,1.7858,-1.5056,18.7232,30.0000,21.8912,5.8135,13.2191,28.3391,0.0432,0.0240,0.0366,0.0602
Rb2GeCrO3Se3,1.5990,-1.5455,32.5548,30.0000,24.3365,5.6397,15.5130,29.2054,0.0432,0.0470,0.0378,0.0579
Na2GeGaSe3Cl3,1.8979,-1.2395,8.1156,30.0000,19.9365,6.0517,11.4281,27.4871,0.0433,0.0223,0.0357,0.0628
Rb2FeMnO3Br3,1.6928,-1.7308,27.0594,30.0000,23.3241,5.6635,14.4734,28.8593,0.0433,0.0326,0.0374,0.0589
Rb2GeNbO3I3,1.7242,-1.9028,24.9512,30.0000,22.8995,5.6489,14.2419,28.6828,0.0433,0.0279,0.0372,0.0591
Rb2MoInO3I3,1.7758,-1.5511,20.3903,30.0000,22.1014,5.7881,13.4200,28.3977,0.0433,0.0248,0.0367,0.0602
Rb2FeSbO3Cl3,1.6286,-1.8065,30.7332,30.0000,23.9748,5.6132,15.2475,29.0869,0.0433,0.0429,0.0377,0.0581
Rb2ZrCrO3S3,1.5851,-2.0830,33.6586,30.0000,24.4970,5.6122,15.6895,29.2387,0.0433,0.0483,0.0379,0.0576
Rb2TiCrO3Se3,1.6837,-2.1072,27.9137,30.0000,23.4148,5.6262,14.7202,28.9120,0.0433,0.0325,0.0375,0.0588
Na2SnMoSe6,0.9787,-0.9121,0.4212,30.0000,18.8195,10.9907,1.0000,28.7266,0.0433,0.1758,0.0336,0.4880
K2SnFeO3S3,1.9743,-1.6260,0.1267,30.0000,18.5321,6.1248,10.4166,26.7117,0.0433,0.0264,0.0351,0.0639
Rb2NbCuO3Cl3,1.6136,-2.1119,32.0672,30.0000,24.1838,5.6091,15.4560,29.1382,0.0433,0.0443,0.0378,0.0580
Rb2SnGaS3Br3,1.7426,-1.2494,23.3975,30.0000,22.6029,5.7133,13.8899,28.5766,0.0433,0.0264,0.0371,0.0597
K2VFeO3F3,1.9722,-2.6526,0.1122,30.0000,18.5859,6.1459,10.3406,26.7900,0.0433,0.0246,0.0351,0.0643
Rb2SnBiO3Br3,1.7880,-1.4824,19.7300,30.0000,21.9202,5.8144,13.2854,28.3548,0.0434,0.0233,0.0368,0.0605
Rb2GeVS3Br3,1.1301,-1.3927,29.8591,30.0000,24.0421,9.9440,1.4420,29.3627,0.0434,0.1755,0.0374,0.4391
Rb2TaMnO3Cl3,1.6880,-2.2032,28.0383,30.0000,23.3733,5.6347,14.5938,28.8472,0.0434,0.0341,0.0375,0.0590
K2CrMoO3F3,1.9737,-2.6032,0.2331,30.0000,18.5716,6.1491,10.2884,26.7250,0.0434,0.0270,0.0351,0.0645
Na2SnFeO3F3,1.9738,-2.2839,0.1172,30.0000,18.5176,6.1147,10.3448,26.6761,0.0434,0.0248,0.0351,0.0644
Rb2TiCrO3S3,1.5067,-2.1006,37.1380,30.0000,25.0301,5.8765,15.9201,29.4269,0.0434,0.0636,0.0383,0.0581
Rb2TiCrO3I3,1.7634,-2.0695,22.4013,30.0000,22.3088,5.7359,13.6466,28.4990,0.0434,0.0251,0.0370,0.0601
Rb2FeMnSe3Br3,1.0555,-1.3014,20.4571,30.0000,22.2939,10.6127,1.0000,29.1018,0.0434,0.1864,0.0362,0.5437
Rb2VMnO3Br3,1.6990,-2.0385,27.3340,30.0000,23.1624,5.6561,14.4371,28.7915,0.0434,0.0314,0.0375,0.0593
Rb2VCuO3Cl3,1.5718,-2.0717,35.0850,30.0000,24.6291,5.7182,15.7096,29.3093,0.0434,0.0528,0.0381,0.0581
Rb2ZrBiO3Br3,1.7843,-2.0732,20.4220,30.0000,21.9090,5.8060,13.2268,28.3633,0.0434,0.0231,0.0368,0.0607
Li2GeGaSe3Cl3,1.9014,-1.2102,8.6386,30.0000,19.9286,6.0090,11.5666,27.4116,0.0435,0.0234,0.0359,0.0627
K2WGaO3Cl3,1.9611,-1.8243,1.8117,30.0000,18.8138,6.1103,10.5745,26.8656,0.0435,0.0248,0.0353,0.0639
Na2GeCuCl3I3,0.9936,-1.1116,5.4707,30.0000,19.6430,10.9682,1.0000,28.8667,0.0435,0.1804,0.0343,0.5046
Rb2VSbSe6,1.0481,-1.0285,19.1907,30.0000,22.0967,10.6447,1.0000,29.0711,0.0435,0.1862,0.0361,0.5422
Rb2MnGaO3Cl3,1.5598,-1.9024,36.0482,30.0000,24.6917,5.7783,15.6919,29.3156,0.0435,0.0573,0.0383,0.0584
Rb2ZrCrO3I3,1.7839,-2.0520,21.1146,30.0000,21.9945,5.8028,13.2695,28.3386,0.0435,0.0236,0.0370,0.0608
Rb2VCuO3F3,1.3756,-2.6338,39.5223,30.0000,25.3511,7.0448,13.2634,29.5525,0.0435,0.1017,0.0385,0.0667
Rb2GeSbO3Br3,1.6854,-1.4944,28.8673,30.0000,23.4200,5.6296,14.6911,28.8580,0.0435,0.0336,0.0376,0.0592
Rb2GeInO3I3,1.7369,-1.3909,25.2187,30.0000,22.7332,5.6871,14.0158,28.6521,0.0435,0.0283,0.0373,0.0599
Na2TiCrSe6,0.9791,-1.2815,0.3508,30.0000,18.6912,10.9945,1.0000,28.7578,0.0435,0.1753,0.0336,0.4869
K2SnTaO3Cl3,1.9771,-2.0721,0.7119,30.0000,18.5213,6.1500,10.2541,26.6666,0.0435,0.0259,0.0352,0.0651
K2SnBiO3Cl3,1.9820,-1.6986,0.2080,30.0000,18.4345,6.1266,10.2659,26.6029,0.0435,0.0262,0.0351,0.0648
Rb2MoGaO3I3,1.7731,-1.5749,21.6192,30.0000,22.0582,5.7899,13.3820,28.3835,0.0436,0.0262,0.0370,0.0608
K2GeCrO3Cl3,1.8988,-1.7240,9.5245,30.0000,19.9759,6.0548,11.5137,27.5360,0.0436,0.0245,0.0359,0.0632
Na2SnVO3Cl3,1.9856,-1.8974,0.1623,30.0000,18.4019,6.1103,10.2173,26.5121,0.0436,0.0255,0.0352,0.0648
Rb2WGaO3I3,1.8012,-1.6062,19.3786,30.0000,21.6464,5.8082,13.0467,28.2068,0.0436,0.0248,0.0368,0.0610
Na2GeVO3Cl3,1.8902,-1.8528,10.5365,30.0000,20.0863,6.0083,11.6585,27.5613,0.0436,0.0215,0.0360,0.0629
Rb2TiInO3Br3,1.7269,-2.1250,26.0872,30.0000,22.8208,5.6724,14.0770,28.6224,0.0436,0.0276,0.0374,0.0599
Rb2FeMnO3Cl3,1.5888,-1.7859,35.3171,30.0000,24.4579,5.6252,15.6769,29.2428,0.0436,0.0468,0.0382,0.0583
Rb2FeMnS3Se3,1.0844,-1.0866,25.2286,30.0000,22.9833,10.3946,1.0000,29.1893,0.0436,0.1849,0.0369,0.5492
Rb2GeInS3I3,1.7585,-1.0116,23.7701,30.0000,22.3841,5.7513,13.5859,28.5091,0.0436,0.0240,0.0372,0.0608
Rb2SnGaS3I3,1.8026,-1.0864,19.7580,30.0000,21.6451,5.8464,12.9818,28.2394,0.0436,0.0238,0.0369,0.0614
Rb2GeGaO3Br3,1.6356,-1.6126,32.6371,30.0000,23.9736,5.5933,15.2364,29.0410,0.0436,0.0407,0.0380,0.0585
Rb2ZrCrO3Cl3,1.6355,-2.2088,32.9178,30.0000,23.9886,5.6074,15.1685,29.0729,0.0436,0.0393,0.0380,0.0588
Rb2NbMnO3Br3,1.7411,-2.1004,25.4732,30.0000,22.6292,5.7047,13.9108,28.6017,0.0437,0.0274,0.0373,0.0604
Rb2SbAgO3S3,1.6661,-1.5237,31.0118,30.0000,23.6220,5.6374,14.7864,28.9653,0.0437,0.0366,0.0378,0.0594
Li2GeWS6,1.9223,-1.0641,7.4633,30.0000,19.5251,6.0655,11.1479,27.2488,0.0437,0.0238,0.0358,0.0635
Rb2AgGaI6,1.0304,-1.1145,16.3780,30.0000,21.3404,10.7839,1.0000,28.9987,0.0437,0.1878,0.0358,0.5392
Rb2FeMnO6,1.3687,-1.8530,40.7727,30.0000,25.3618,7.0801,13.0856,29.5511,0.0437,0.1041,0.0387,0.0679
Rb2SbCuO3F3,1.1551,-2.2637,33.5259,30.0000,24.3055,9.6497,2.0168,29.3585,0.0437,0.1708,0.0379,0.3245
Rb2GeZnI6,1.0375,-1.1439,18.0460,30.0000,21.6661,10.7298,1.0000,29.0261,0.0437,0.1890,0.0360,0.5440
Rb2GeZnO3Se3,1.6608,-1.3558,31.8159,30.0000,23.6916,5.6003,14.9067,28.9603,0.0438,0.0362,0.0380,0.0592
Rb2MnInO6,1.5651,-2.0393,37.0942,30.0000,24.6370,5.6493,15.8073,29.2694,0.0438,0.0529,0.0384,0.0583
Rb2SbCuO3Cl3,1.1150,-1.8197,30.2838,30.0000,23.7125,10.0932,1.2217,29.3114,0.0438,0.1805,0.0375,0.5158
Na2ZrCrO3F3,1.9882,-2.8022,0.0844,30.0000,18.2706,6.1521,10.1210,26.5058,0.0438,0.0272,0.0352,0.0654
K2SnCrO3Cl3,1.9947,-1.8380,0.1218,30.0000,18.2215,6.1365,10.0662,26.4732,0.0438,0.0269,0.0352,0.0655
K2GeGaS3Br3,1.9248,-1.2349,7.6019,30.0000,19.4600,6.1189,11.0581,27.2667,0.0438,0.0248,0.0358,0.0644
Rb2GeNbO3Br3,1.6927,-2.0028,30.1782,30.0000,23.2813,5.6115,14.6243,28.8489,0.0438,0.0316,0.0378,0.0596
Rb2MnInO3S3,1.6505,-1.8631,33.4183,30.0000,23.8587,5.5924,15.2297,29.0427,0.0438,0.0405,0.0381,0.0589
K2SnWO3S3,1.9970,-1.7410,0.1947,30.0000,18.1928,6.1568,10.0042,26.4478,0.0438,0.0280,0.0353,0.0658
Na2GeCrO3F3,1.8831,-2.3566,12.3177,30.0000,20.2174,6.0085,11.7323,27.6423,0.0438,0.0213,0.0362,0.0632
Rb2GeMoO3Se3,1.6936,-1.5222,30.3589,30.0000,23.3068,5.6426,14.5893,28.8474,0.0439,0.0333,0.0379,0.0598
Rb2FeMnCl3I3,1.0435,-1.4179,20.3753,30.0000,21.9100,10.6945,1.0000,29.0563,0.0439,0.1893,0.0362,0.5501
Na2SnInO3F3,1.9787,-2.2991,2.1750,30.0000,18.4852,6.1390,10.2646,26.6978,0.0439,0.0262,0.0355,0.0654
Rb2VTaO3Se3,1.7844,-2.1658,23.0623,30.0000,21.9963,5.8209,13.2615,28.3746,0.0439,0.0249,0.0372,0.0615
Rb2ZrSbO3I3,1.8227,-1.8732,19.3656,30.0000,21.3593,5.8992,12.7055,28.1672,0.0439,0.0229,0.0369,0.0622
Rb2NbZnO3Br3,1.7634,-1.8991,25.0423,30.0000,22.2988,5.7613,13.6187,28.5018,0.0439,0.0247,0.0374,0.0611
Li2GeGaS3Br3,1.9171,-1.1446,8.5813,30.0000,19.5369,6.0579,11.1860,27.2849,0.0439,0.0242,0.0360,0.0638
Rb2GeBiO3Br3,1.7535,-1.5110,25.4872,30.0000,22.3700,5.7185,13.8311,28.5310,0.0439,0.0262,0.0375,0.0606
K2VTaO6,1.9918,-2.9162,0.8992,30.0000,18.2804,6.1730,10.0096,26.4991,0.0439,0.0269,0.0354,0.0660
Rb2SnNbO3Br3,1.7864,-2.0415,23.1015,30.0000,21.9241,5.8073,13.2889,28.3762,0.0440,0.0233,0.0373,0.0615
Rb2GeCuO3S3,1.4575,-1.6312,41.6579,30.0000,25.1797,6.2629,15.4427,29.4801,0.0440,0.0818,0.0389,0.0605
Rb2SnWO3Se3,1.8132,-1.4946,20.5596,30.0000,21.4769,5.8729,12.7889,28.1884,0.0440,0.0245,0.0371,0.0623
Rb2SnVO3Br3,1.7654,-1.9258,24.6150,30.0000,22.1920,5.7772,13.4699,28.4563,0.0440,0.0267,0.0374,0.0613
Rb2CuZnBr3I3,1.0252,-1.2524,17.0375,30.0000,21.1492,10.7956,1.0000,28.9587,0.0440,0.1902,0.0359,0.5432
Rb2ZrFeO3Cl3,1.6789,-2.1657,32.6416,30.0000,23.5420,5.5983,14.8344,28.9431,0.0441,0.0337,0.0382,0.0599
Rb2CrMnO3Br3,1.7466,-1.7741,27.2502,30.0000,22.5657,5.6944,13.8904,28.5773,0.0441,0.0259,0.0377,0.0609
Rb2TiGaO3I3,1.7872,-2.0764,22.9843,30.0000,21.8547,5.8174,13.2215,28.3665,0.0441,0.0254,0.0373,0.0617
Rb2TiBiO3Br3,1.8072,-2.0308,21.6380,30.0000,21.6170,5.8264,12.9356,28.1905,0.0441,0.0228,0.0372,0.0621
K2WInO3Cl3,1.9852,-1.8259,1.6184,30.0000,18.2614,6.1334,10.1926,26.5645,0.0441,0.0250,0.0354,0.0656
K2GeCuCl3I3,0.9831,-1.2370,5.2304,30.0000,19.0329,11.0038,1.0000,28.7741,0.0441,0.1823,0.0343,0.5070
Rb2MoBiSe3I3,1.0145,-0.9872,14.5429,30.0000,20.7317,10.8382,1.0000,28.9321,0.0441,0.1884,0.0356,0.5364
K2SnFeS3I3,0.9726,-0.9556,0.4299,30.0000,18.2592,11.0311,1.0000,28.7121,0.0441,0.1773,0.0336,0.4892
Li2GeGaS3I3,1.9414,-0.9017,7.0738,30.0000,19.1928,6.1104,10.8652,27.1099,0.0441,0.0250,0.0359,0.0649
Na2TiMoSe6,0.9755,-1.1765,0.4171,30.0000,18.2211,11.0153,1.0000,28.7161,0.0441,0.1770,0.0336,0.4889
Rb2ZrGaO3Br3,1.7620,-2.1489,26.2191,30.0000,22.3226,5.7558,13.6345,28.4660,0.0441,0.0278,0.0376,0.0613
Rb2MoGaS3Cl3,1.7141,-1.3804,30.2101,30.0000,22.9898,5.6431,14.3152,28.7484,0.0442,0.0300,0.0379,0.0605
Rb2SbZnO3Cl3,1.7204,-1.8643,30.1629,30.0000,22.9485,5.6660,14.1987,28.7151,0.0442,0.0313,0.0379,0.0608
Na2SnGaO3Cl3,1.9931,-1.7467,2.2038,30.0000,18.2817,6.1661,10.0845,26.5598,0.0442,0.0273,0.0355,0.0663
Na2NbMnO3F3,2.0106,-2.8178,0.1480,30.0000,17.8939,6.1911,9.7451,26.2792,0.0442,0.0302,0.0354,0.0670
Rb2WGaO3Br3,1.7999,-1.7572,22.8564,30.0000,21.6745,5.8432,13.0431,28.2706,0.0442,0.0238,0.0373,0.0625
Rb2SbCuO3Br3,1.0544,-1.4251,24.0240,30.0000,22.1677,10.6250,1.0000,29.0638,0.0443,0.1927,0.0368,0.5618
Rb2TaCuO3Cl3,1.7552,-2.1565,27.6259,30.0000,22.4753,5.7308,13.7973,28.5309,0.0443,0.0274,0.0378,0.0614
K2ZrCrO6,2.0068,-2.6655,0.0993,30.0000,17.9239,6.1571,9.8318,26.2646,0.0443,0.0288,0.0354,0.0668
Rb2ZrWO3S3,1.7665,-2.0608,26.2211,30.0000,22.1916,5.7699,13.5045,28.4275,0.0443,0.0269,0.0376,0.0619
K2TiCrO6,2.0125,-2.6551,0.0588,30.0000,17.8916,6.1763,9.7855,26.2747,0.0443,0.0295,0.0354,0.0670
Rb2SnGeBr6,1.0439,-1.4318,22.3827,30.0000,21.8570,10.6747,1.0000,29.0341,0.0443,0.1931,0.0366,0.5592
K2SnCuF3I3,0.9691,-1.9409,0.4532,30.0000,18.0460,11.0338,1.0000,28.7095,0.0444,0.1772,0.0337,0.4894
Na2GeVO3F3,1.9050,-2.4129,12.4326,30.0000,19.8322,6.0552,11.3406,27.4217,0.0444,0.0230,0.0365,0.0648
K2NbSbO3S3,2.0136,-1.7605,0.2541,30.0000,17.8582,6.2090,9.6623,26.2702,0.0444,0.0289,0.0354,0.0678
K2GeVO3Cl3,1.9330,-1.9002,9.6048,30.0000,19.3518,6.0882,10.9629,27.1402,0.0444,0.0248,0.0363,0.0654
Rb2VNbO3Se3,1.7774,-2.1961,25.9602,30.0000,22.0703,5.8167,13.3789,28.4768,0.0444,0.0263,0.0376,0.0619
Rb2CrMnO3S3,1.6402,-1.7379,36.5104,30.0000,23.9046,5.5850,15.1544,29.0243,0.0444,0.0399,0.0386,0.0598
K2CrMoO6,2.0161,-2.1152,0.2367,30.0000,17.8086,6.1567,9.7921,26.2224,0.0444,0.0284,0.0355,0.0670
Rb2TiCrO3Cl3,1.6519,-2.2515,36.2385,30.0000,23.8142,5.6152,15.0563,28.9965,0.0445,0.0392,0.0385,0.0602
Rb2ZrSbO3Br3,1.8051,-2.0517,23.0508,30.0000,21.5194,5.8548,12.9513,28.2152,0.0445,0.0247,0.0373,0.0627
Rb2ZrCrO3Br3,1.7816,-2.1391,25.6367,30.0000,21.8931,5.7963,13.3023,28.3708,0.0445,0.0258,0.0377,0.0623
Rb2GeFeO3Cl3,1.5611,-1.7740,41.4050,30.0000,24.6664,5.6815,15.8885,29.3047,0.0445,0.0559,0.0390,0.0595
Rb2NbFeO3Cl3,1.7067,-2.1797,32.5729,30.0000,23.1294,5.6372,14.4023,28.7725,0.0445,0.0312,0.0383,0.0611
Rb2MoFeO3Cl3,1.7069,-1.7577,32.4127,30.0000,23.1008,5.6262,14.4334,28.7560,0.0445,0.0323,0.0382,0.0608
Na2GeNbO3F3,1.9247,-2.4986,10.8428,30.0000,19.5218,6.0963,11.0556,27.2718,0.0445,0.0251,0.0363,0.0654
K2GeGaSe3Cl3,1.9543,-1.3143,7.6654,30.0000,18.9790,6.1053,10.6534,26.9406,0.0445,0.0258,0.0361,0.0660
Rb2GeGaS3I3,1.7886,-1.0097,25.1530,30.0000,21.8109,5.8080,13.1932,28.2994,0.0446,0.0241,0.0376,0.0624
Rb2SnWS6,1.8137,-1.1132,23.2747,30.0000,21.4643,5.8625,12.8479,28.1685,0.0446,0.0245,0.0375,0.0631
Rb2GeWO3Se3,1.7751,-1.4795,26.5965,30.0000,22.0242,5.7959,13.3761,28.4074,0.0446,0.0261,0.0378,0.0624
Rb2MnGaO3S3,1.6537,-1.8549,36.8926,30.0000,23.7580,5.6084,14.9983,29.0082,0.0446,0.0392,0.0387,0.0604
Rb2SnFeSe3Cl3,1.0370,-1.2508,22.5636,30.0000,21.6128,10.7061,1.0000,29.0328,0.0446,0.1943,0.0366,0.5613
K2MoWO6,2.0202,-2.1371,0.2740,30.0000,17.7046,6.1987,9.5790,26.1155,0.0446,0.0301,0.0355,0.0681
Rb2MoMnO3Se3,1.7895,-1.5609,25.6607,30.0000,21.8137,5.8413,13.1492,28.3234,0.0446,0.0262,0.0377,0.0629
Rb2WGaS3Cl3,1.7875,-1.3877,25.9572,30.0000,21.8611,5.8133,13.1716,28.3153,0.0447,0.0249,0.0377,0.0627
K2GeBiO3Cl3,1.9602,-1.6888,6.7476,30.0000,18.7500,6.1305,10.4761,26.8240,0.0447,0.0253,0.0361,0.0667
Rb2WInO3Br3,1.8324,-1.6939,21.4678,30.0000,21.0902,5.9300,12.4603,28.0316,0.0447,0.0245,0.0373,0.0638
K2GeWO3S3,1.9622,-1.6105,7.2152,30.0000,18.7838,6.1222,10.5394,26.8746,0.0447,0.0260,0.0361,0.0664
Na2VFeO3F3,2.0269,-2.6211,0.0965,30.0000,17.6241,6.1986,9.5093,26.0941,0.0447,0.0304,0.0356,0.0680
Rb2GeMnO3S3,1.5648,-1.6768,42.4535,30.0000,24.6298,5.6915,15.8261,29.2833,0.0447,0.0562,0.0392,0.0599
Rb2TiSbO3I3,1.8468,-1.8632,20.4370,30.0000,20.8534,5.9264,12.2706,27.8642,0.0448,0.0241,0.0373,0.0640
K2ZrBiO3Cl3,2.0272,-2.2179,0.1866,30.0000,17.6021,6.2070,9.4768,26.0676,0.0448,0.0310,0.0356,0.0688
Rb2GeFeS3Se3,1.0745,-0.9615,29.8786,30.0000,22.7700,10.4553,1.0000,29.1382,0.0448,0.1934,0.0376,0.5732
Li2GeCuBr6,0.9803,-1.1981,5.4233,30.0000,18.6321,10.9969,1.0000,28.7703,0.0448,0.1828,0.0343,0.5066
Rb2NbCuO3F3,1.6847,-2.6197,35.7293,30.0000,23.3855,5.6137,14.7255,28.8648,0.0448,0.0367,0.0386,0.0611
K2MoAgO3F3,1.9945,-2.3212,3.8932,30.0000,18.1576,6.1512,9.9859,26.3850,0.0448,0.0290,0.0359,0.0673
Li2GeVO3Cl3,1.9316,-1.9078,11.6979,30.0000,19.3601,6.1004,11.0208,27.1779,0.0448,0.0252,0.0365,0.0660
K2MnInO3F3,2.0093,-2.4334,2.2925,30.0000,17.8892,6.1670,9.7928,26.3148,0.0448,0.0283,0.0358,0.0677
K2ZrMoO6,2.0307,-2.7658,0.2518,30.0000,17.5482,6.1756,9.5067,26.0355,0.0449,0.0295,0.0356,0.0686
Rb2MnSbS3Se3,1.0304,-0.9700,22.8672,30.0000,21.4466,10.7203,1.0000,29.0050,0.0449,0.1950,0.0367,0.5618
K2VSbO6,2.0372,-2.3482,0.2511,30.0000,17.4644,6.1994,9.3191,25.9106,0.0449,0.0328,0.0357,0.0692
Rb2GeFeSe3Cl3,1.0580,-1.2972,29.3983,30.0000,22.4387,10.5677,1.0000,29.1336,0.0450,0.1977,0.0375,0.5783
Rb2FeSbSe3Cl3,1.0308,-1.2781,22.4929,30.0000,21.3226,10.8075,1.0000,29.0378,0.0450,0.1979,0.0367,0.5653
Na2TiCrO3F3,2.0392,-2.8269,0.0375,30.0000,17.4684,6.1953,9.3761,25.8928,0.0450,0.0320,0.0357,0.0690
Rb2TiCrO3Br3,1.7890,-2.1405,27.5993,30.0000,21.8187,5.8112,13.2099,28.3204,0.0450,0.0267,0.0380,0.0631
Rb2MnGaO6,1.6191,-2.0379,41.4194,30.0000,24.1319,5.5862,15.4127,29.1067,0.0450,0.0460,0.0392,0.0606
Rb2VFeO3Cl3,1.7051,-2.0674,35.6936,30.0000,23.1182,5.6526,14.4593,28.8041,0.0450,0.0317,0.0387,0.0618
Rb2SbCuSe3Cl3,1.0261,-1.1792,22.2555,30.0000,21.2519,10.7784,1.0000,28.9419,0.0450,0.1977,0.0367,0.5640
Rb2SnNbO3I3,1.8720,-1.9722,19.4013,30.0000,20.4340,5.9700,11.9191,27.6959,0.0451,0.0237,0.0373,0.0652
Rb2TiFeO3Cl3,1.7079,-2.1827,35.9045,30.0000,23.1533,5.6356,14.4130,28.7478,0.0451,0.0324,0.0388,0.0620
Rb2GeZnS3Se3,1.7765,-0.9887,29.4361,30.0000,22.0378,5.7898,13.4146,28.4121,0.0451,0.0284,0.0382,0.0631
Rb2TiBiO3I3,1.8836,-1.8537,18.3741,30.0000,20.2311,6.0188,11.7022,27.6214,0.0451,0.0254,0.0372,0.0656
Na2SnMoO3S3,2.0390,-1.7340,0.2616,30.0000,17.3687,6.1866,9.3269,25.8951,0.0451,0.0313,0.0357,0.0694
K2MoBiO3F3,2.0403,-2.2725,0.2962,30.0000,17.3963,6.1810,9.3267,25.8511,0.0451,0.0311,0.0358,0.0694
Rb2TiSbO3Br3,1.8280,-1.9968,24.6170,30.0000,21.1732,5.8970,12.6480,28.1094,0.0451,0.0234,0.0377,0.0642
Na2GeFeO3S3,1.9466,-1.5679,10.6559,30.0000,18.9987,6.1099,10.6990,26.9760,0.0452,0.0266,0.0366,0.0667
Na2SnCrO3S3,2.0430,-1.7289,0.1287,30.0000,17.3413,6.1809,9.3178,25.8230,0.0452,0.0314,0.0357,0.0695
K2SnSbO3F3,2.0397,-2.3518,0.2392,30.0000,17.3758,6.2271,9.2131,25.9509,0.0452,0.0308,0.0357,0.0699
Na2SnNbO3Cl3,2.0425,-2.0247,0.1907,30.0000,17.3125,6.1709,9.3194,25.8491,0.0452,0.0302,0.0357,0.0693
Rb2TaFeO3Cl3,1.7967,-2.1667,27.9916,30.0000,21.7292,5.8173,13.1454,28.2705,0.0452,0.0246,0.0381,0.0636
Rb2GeMnBr3I3,1.0186,-1.3102,20.7417,30.0000,20.8093,10.8574,1.0000,28.9500,0.0452,0.1976,0.0365,0.5613
Na2GeMoO3S3,1.9626,-1.5886,9.6412,30.0000,18.7661,6.1565,10.4870,26.8778,0.0452,0.0273,0.0365,0.0676
Rb2SnCuCl3I3,1.0093,-1.3124,18.6922,30.0000,20.4625,10.8644,1.0000,28.9017,0.0453,0.1953,0.0362,0.5530
Na2MnGaO3F3,2.0210,-2.4169,2.9837,30.0000,17.7054,6.1837,9.5838,26.0980,0.0453,0.0304,0.0360,0.0692
Li2GeMoO3S3,1.9547,-1.6104,10.5908,30.0000,18.8924,6.1032,10.6741,26.9061,0.0453,0.0263,0.0366,0.0671
Rb2SnSbO3Cl3,1.8090,-1.7875,27.3812,30.0000,21.5128,5.8406,12.8767,28.1957,0.0453,0.0248,0.0381,0.0642
Rb2GeMnI6,1.0080,-1.1431,18.2235,30.0000,20.3540,10.9122,1.0000,28.9110,0.0454,0.1983,0.0361,0.5564
K2VSbSe6,0.9594,-1.0185,0.4085,30.0000,17.2506,11.0445,1.0000,28.6475,0.0454,0.1787,0.0337,0.4903
Na2VTaO6,2.0440,-2.8559,0.9562,30.0000,17.2856,6.1934,9.3233,25.8439,0.0455,0.0312,0.0358,0.0697
Na2SnCrO3F3,2.0569,-2.3802,0.1304,30.0000,17.0899,6.1909,9.1050,25.6750,0.0455,0.0337,0.0359,0.0707
Li2GeWO3S3,1.9862,-1.6438,8.3179,30.0000,18.3945,6.1258,10.1999,26.5515,0.0455,0.0280,0.0365,0.0684
Rb2GeMoS6,1.7355,-1.0893,35.4618,30.0000,22.7281,5.6848,13.9910,28.6021,0.0455,0.0287,0.0389,0.0632
K2SnFeO3F3,2.0605,-2.2673,0.1280,30.0000,17.0847,6.1982,9.0808,25.6420,0.0455,0.0347,0.0359,0.0707
Rb2TiGaO3Br3,1.8105,-2.1363,28.1651,30.0000,21.5101,5.8629,12.8686,28.1753,0.0455,0.0251,0.0382,0.0645
Rb2VMnO3Cl3,1.7314,-2.1260,35.7706,30.0000,22.7066,5.7412,13.9345,28.6722,0.0455,0.0320,0.0388,0.0634
Rb2SbCuS3I3,1.0046,-0.9256,18.8816,30.0000,20.3193,10.8953,1.0000,28.8893,0.0455,0.1972,0.0362,0.5560
K2NbSbO6,2.0534,-2.5751,0.2716,30.0000,17.0845,6.2014,9.1117,25.6915,0.0455,0.0327,0.0359,0.0707
Rb2TaZnO3Cl3,1.8187,-2.1963,27.5262,30.0000,21.3366,5.8675,12.7946,28.1373,0.0456,0.0255,0.0381,0.0646
Na2SnCrO6,2.0577,-2.1132,0.1311,30.0000,17.0904,6.1893,9.0810,25.5978,0.0456,0.0328,0.0359,0.0708
Rb2NbCuSe3Br3,1.0069,-1.3051,19.3538,30.0000,20.2022,10.9071,1.0000,28.8875,0.0456,0.1984,0.0363,0.5601
Na2SnVO3F3,2.0560,-2.4619,0.1887,30.0000,17.0432,6.1808,9.0485,25.6000,0.0456,0.0333,0.0359,0.0711
Na2SnWO6,2.0548,-2.0894,0.2005,30.0000,17.0835,6.1953,9.0882,25.6407,0.0456,0.0329,0.0359,0.0706
Rb2GeCuF3I3,1.0297,-1.9351,25.5894,30.0000,21.2961,10.8196,1.0000,29.0300,0.0456,0.2020,0.0371,0.5787
K2SnGaO3F3,2.0369,-2.3926,2.3273,30.0000,17.4011,6.1871,9.3350,25.8968,0.0456,0.0320,0.0361,0.0702
Rb2SnZnO3S3,1.7923,-1.7063,30.9313,30.0000,21.8588,5.8354,13.1446,28.3728,0.0456,0.0259,0.0385,0.0645
Rb2WBiO3Cl3,1.8752,-1.8257,21.6167,30.0000,20.3388,5.9979,11.8341,27.6879,0.0457,0.0254,0.0376,0.0661
Rb2ZrMoO3S3,1.7958,-2.0619,30.8323,30.0000,21.7568,5.8163,13.0998,28.2895,0.0457,0.0269,0.0385,0.0646
Rb2MnSbO3F3,1.7570,-2.3704,34.1494,30.0000,22.3113,5.7277,13.6707,28.4689,0.0457,0.0284,0.0388,0.0637
Na2ZrInO3Cl3,2.0463,-2.1977,2.0146,30.0000,17.2592,6.1912,9.2157,25.7296,0.0457,0.0321,0.0361,0.0707
Rb2NbTaO3S3,1.8367,-2.1344,26.7911,30.0000,21.1253,5.9055,12.5381,28.0237,0.0457,0.0246,0.0382,0.0654
Na2WGaO3Cl3,2.0467,-1.7235,1.9234,30.0000,17.2721,6.1948,9.2245,25.8154,0.0458,0.0330,0.0360,0.0704
Na2CrMnO3F3,2.0635,-2.5268,0.0277,30.0000,16.9189,6.1955,9.0230,25.5388,0.0458,0.0336,0.0360,0.0709
K2TiFeO3F3,2.0615,-2.6883,0.0462,30.0000,16.9581,6.2359,8.9583,25.5794,0.0458,0.0351,0.0359,0.0714
Rb2GeWS6,1.8023,-1.0904,30.4143,30.0000,21.6754,5.8278,13.0436,28.2271,0.0458,0.0238,0.0385,0.0648
Na2GeWO3S3,1.9974,-1.5438,7.7185,30.0000,18.0935,6.1946,9.9278,26.4709,0.0458,0.0303,0.0365,0.0695
Rb2SbZnO3F3,1.7775,-2.3562,33.3791,30.0000,22.0874,5.7808,13.4377,28.4074,0.0458,0.0265,0.0387,0.0645
Na2WGaO3F3,2.0494,-2.3424,2.1593,30.0000,17.1750,6.2068,9.1549,25.7578,0.0459,0.0343,0.0361,0.0713
Na2VMnO3F3,2.0624,-2.6789,0.1001,30.0000,16.9360,6.1884,9.0273,25.5585,0.0459,0.0335,0.0359,0.0710
Rb2WAgO3Cl3,1.8346,-1.7380,27.3667,30.0000,21.0658,5.9100,12.5389,28.0345,0.0459,0.0238,0.0382,0.0656
Rb2SnGeI6,0.9943,-1.0291,17.2203,30.0000,19.6453,10.9407,1.0000,28.8591,0.0459,0.1970,0.0360,0.5528
K2SnWO6,2.0637,-2.0538,0.2030,30.0000,16.9293,6.1847,9.0140,25.5571,0.0459,0.0325,0.0360,0.0713
Rb2CrMnO3Cl3,1.7589,-1.7926,35.6404,30.0000,22.3673,5.7356,13.7057,28.4716,0.0459,0.0289,0.0390,0.0643
Na2GeBiO3Cl3,2.0073,-1.6246,7.1828,30.0000,17.9776,6.1835,9.7497,26.2558,0.0459,0.0318,0.0366,0.0700
Rb2TaCuO3F3,1.8111,-2.6733,30.2473,30.0000,21.4841,5.8767,12.8619,28.2005,0.0459,0.0254,0.0385,0.0653
K2VMnO3F3,2.0665,-2.7548,0.1154,30.0000,16.8612,6.1989,8.9255,25.4664,0.0460,0.0340,0.0360,0.0716
K2WMnO6,2.0673,-2.1792,0.1500,30.0000,16.8583,6.2129,8.9361,25.4858,0.0460,0.0349,0.0360,0.0716
K2SnCrO3S3,2.0694,-1.7819,0.1376,30.0000,16.8326,6.2052,8.8894,25.4704,0.0460,0.0347,0.0360,0.0719
Na2ZrInO3F3,2.0465,-2.7808,2.2945,30.0000,17.1609,6.2151,9.1991,25.8170,0.0460,0.0336,0.0361,0.0712
Na2FeMnSe3I3,0.9581,-0.9962,0.4781,30.0000,16.9617,11.0619,1.0000,28.6398,0.0460,0.1800,0.0337,0.4918
Na2GeInO3Cl3,1.9772,-1.7839,10.8014,30.0000,18.4379,6.1548,10.2579,26.6900,0.0460,0.0294,0.0368,0.0692
Rb2MoGaO3Br3,1.8546,-1.7121,26.0927,30.0000,20.7584,5.9697,12.1617,27.8709,0.0460,0.0253,0.0382,0.0665
K2GeTaO3F3,1.9958,-2.6821,8.5451,30.0000,18.1134,6.1488,9.9995,26.4447,0.0460,0.0290,0.0367,0.0696
Rb2SbCuS3Br3,1.0053,-1.1548,22.3590,30.0000,20.4365,10.8922,1.0000,28.9207,0.0461,0.2025,0.0367,0.5701
Rb2TiWO3S3,1.8370,-2.0175,28.2719,30.0000,21.0604,5.9096,12.4552,28.0007,0.0461,0.0238,0.0384,0.0661
K2MoAgSe3I3,0.9567,-0.9692,2.0827,30.0000,17.1223,11.0904,1.0000,28.6839,0.0461,0.1831,0.0340,0.4993
Rb2SbCuSe3Br3,0.9969,-1.1519,18.7009,30.0000,19.8552,10.9274,1.0000,28.8344,0.0461,0.1996,0.0363,0.5593
K2GeNbO3Cl3,2.0094,-2.0363,8.6388,30.0000,17.9362,6.1793,9.8394,26.2830,0.0462,0.0305,0.0368,0.0705
Na2GeCrO3S3,1.9898,-1.5851,10.7982,30.0000,18.3030,6.1443,10.1003,26.4857,0.0462,0.0299,0.0369,0.0701
Rb2SnFeCl3I3,0.9959,-1.3520,18.8564,30.0000,19.7000,10.9242,1.0000,28.8351,0.0462,0.2004,0.0362,0.5600
Rb2WSbO3Cl3,1.8785,-1.7989,24.5803,30.0000,20.3644,6.0058,11.8278,27.7214,0.0463,0.0247,0.0381,0.0672
Rb2VTaO3S3,1.8421,-2.1046,28.8126,30.0000,20.9729,5.8956,12.4670,27.9293,0.0463,0.0240,0.0385,0.0663
Na2SnTaO3F3,2.0743,-2.7514,0.8249,30.0000,16.7411,6.2052,8.8250,25.3638,0.0463,0.0353,0.0362,0.0725
K2ZrInO3Cl3,2.0682,-2.2655,1.8841,30.0000,16.8704,6.2180,8.8829,25.5215,0.0463,0.0356,0.0363,0.0727
Na2TiWO6,2.0832,-2.7781,0.1514,30.0000,16.6594,6.2011,8.7217,25.2593,0.0463,0.0367,0.0362,0.0728
Rb2FeMnO3F3,1.7385,-2.4226,39.8266,30.0000,22.7048,5.6951,13.9893,28.6155,0.0463,0.0299,0.0395,0.0645
K2GeFeS3I3,0.9663,-0.9630,5.3638,30.0000,17.5102,11.0282,1.0000,28.6935,0.0464,0.1862,0.0344,0.5120
Na2SnGeO3S3,2.0059,-1.6190,8.9934,30.0000,17.9558,6.1915,9.7766,26.3447,0.0464,0.0304,0.0368,0.0707
K2MoMnO6,2.0821,-2.0448,0.2255,30.0000,16.6038,6.1795,8.6614,25.1776,0.0464,0.0363,0.0362,0.0733
Na2GeSbO3Cl3,2.0103,-1.7090,8.7302,30.0000,17.8675,6.1574,9.7901,26.2640,0.0464,0.0318,0.0368,0.0706
K2CrWO3F3,2.0836,-2.6237,0.1572,30.0000,16.5325,6.2113,8.5811,25.1867,0.0465,0.0368,0.0362,0.0737
K2SnGaO3Cl3,2.0683,-1.8300,2.0533,30.0000,16.8148,6.1910,8.9005,25.4681,0.0465,0.0347,0.0364,0.0727
K2GeVO3F3,1.9934,-2.6183,11.1519,30.0000,18.2129,6.1683,10.0418,26.4949,0.0465,0.0307,0.0371,0.0705
K2GeFeO3S3,2.0072,-1.6155,9.6992,30.0000,17.9600,6.2114,9.7643,26.3782,0.0465,0.0314,0.0369,0.0712
Rb2MoAgO3Cl3,1.8220,-1.6986,31.9346,30.0000,21.2966,5.8822,12.7632,28.1096,0.0465,0.0269,0.0389,0.0663
K2GeWO6,2.0286,-2.0609,8.0100,30.0000,17.6620,6.2026,9.5347,26.0568,0.0466,0.0332,0.0369,0.0718
Rb2WMnO3S3,1.8609,-1.6934,27.9069,30.0000,20.6580,5.9581,12.1532,27.8213,0.0466,0.0263,0.0385,0.0674
K2WBiO3F3,2.0947,-2.3120,0.2314,30.0000,16.3914,6.2236,8.5250,25.1013,0.0468,0.0384,0.0363,0.0744
Rb2TaSbO3S3,1.8822,-1.9101,25.5637,30.0000,20.1465,5.9922,11.7503,27.5869,0.0468,0.0258,0.0384,0.0680
Rb2WSbO3F3,1.8759,-2.3183,26.6677,30.0000,20.3403,6.0015,11.8694,27.7127,0.0468,0.0256,0.0384,0.0680
Rb2MoBiO3Cl3,1.8978,-1.8148,24.6497,30.0000,19.9386,6.0488,11.5234,27.4924,0.0468,0.0285,0.0383,0.0688
Na2TiFeO3F3,2.0928,-2.6910,0.0220,30.0000,16.3738,6.1445,8.6184,25.0074,0.0468,0.0355,0.0363,0.0736
Rb2SnBiO3Cl3,1.9044,-1.7372,23.7478,30.0000,19.8559,6.0511,11.4701,27.4588,0.0468,0.0258,0.0382,0.0687
Rb2SnFeS3Se3,0.9962,-0.9488,22.9089,30.0000,19.9473,10.9506,1.0000,28.8907,0.0468,0.2050,0.0368,0.5754
Na2TiSbO3Cl3,2.0985,-2.0087,0.1640,30.0000,16.2533,6.1988,8.4606,25.0184,0.0469,0.0384,0.0363,0.0744
Rb2FeMnSe6,0.9917,-1.0315,20.6616,30.0000,19.4304,10.9756,1.0000,28.8397,0.0469,0.2046,0.0365,0.5688
K2SnNbO3Cl3,2.0990,-2.0867,0.1941,30.0000,16.2743,6.1689,8.5175,24.9627,0.0469,0.0378,0.0364,0.0745
K2CrMnO3F3,2.1002,-2.5525,0.0510,30.0000,16.2461,6.1705,8.4995,24.9623,0.0470,0.0371,0.0364,0.0742
Rb2VNbO3S3,1.8283,-2.1154,33.7017,30.0000,21.1924,5.8526,12.6462,28.0348,0.0470,0.0241,0.0392,0.0675
Rb2SnInO3Cl3,1.8705,-1.8348,29.0503,30.0000,20.4483,5.9934,11.9355,27.7681,0.0471,0.0252,0.0387,0.0687
Na2SnCuF3I3,0.9499,-1.8351,0.4636,30.0000,16.3585,11.0570,1.0000,28.6056,0.0471,0.1808,0.0338,0.4931
K2SnVO3Cl3,2.1029,-1.9304,0.1683,30.0000,16.1886,6.1869,8.4468,24.9481,0.0471,0.0373,0.0364,0.0748
Na2GeCuBr6,0.9545,-1.1908,5.1591,30.0000,17.0433,11.0585,1.0000,28.6310,0.0471,0.1878,0.0345,0.5122
K2GeSbO3Cl3,2.0425,-1.7731,8.0894,30.0000,17.3255,6.2306,9.2491,25.8793,0.0471,0.0350,0.0370,0.0738
Na2ZrGaO3Cl3,2.0857,-2.1908,2.3240,30.0000,16.4461,6.1862,8.6496,25.1120,0.0472,0.0371,0.0366,0.0744
K2ZrCrO3F3,2.1070,-2.8017,0.0995,30.0000,16.1389,6.1764,8.3522,24.7532,0.0472,0.0407,0.0365,0.0753
Na2MoInO3Cl3,2.0907,-1.8020,2.1003,30.0000,16.4518,6.1806,8.5714,25.0573,0.0472,0.0365,0.0367,0.0748
Rb2TiMoO3S3,1.8313,-2.0632,33.7115,30.0000,21.0702,5.9105,12.5793,28.0494,0.0472,0.0279,0.0392,0.0678
Na2ZrSbO3Cl3,2.1068,-2.0555,0.1841,30.0000,16.1418,6.1954,8.3301,24.8600,0.0472,0.0401,0.0365,0.0756
K2TiGaO3Cl3,2.0916,-2.1932,2.3758,30.0000,16.4275,6.1931,8.5979,25.0665,0.0473,0.0373,0.0367,0.0747
Na2MoInO3F3,2.0902,-2.3770,2.3882,30.0000,16.4036,6.1885,8.6274,25.0606,0.0473,0.0380,0.0367,0.0748
Rb2CrAgSe3I3,0.9820,-1.0320,18.1407,30.0000,18.8430,10.9773,1.0000,28.7818,0.0474,0.2026,0.0362,0.5605
K2GeCrO3S3,2.0324,-1.6479,9.8177,30.0000,17.4801,6.1812,9.4268,25.9102,0.0474,0.0335,0.0372,0.0732
K2SnInO3F3,2.0979,-2.4013,2.0252,30.0000,16.3148,6.1950,8.4751,24.9658,0.0474,0.0389,0.0367,0.0755
Na2FeMnS3I3,0.9463,-1.0140,0.4281,30.0000,16.1631,11.0791,1.0000,28.5820,0.0475,0.1826,0.0338,0.4952
Rb2MoSbO3Cl3,1.8914,-1.8515,28.5803,30.0000,20.0560,6.0389,11.6066,27.5763,0.0475,0.0260,0.0388,0.0698
Li2MoGaO3Cl3,2.0995,-1.8212,2.6508,30.0000,16.2583,6.1782,8.5204,24.9718,0.0475,0.0395,0.0368,0.0755
Rb2WFeO3Cl3,1.9013,-1.7160,27.3498,30.0000,19.8581,6.0313,11.5096,27.4455,0.0475,0.0273,0.0388,0.0697
K2TiBiO3Cl3,2.1178,-2.0897,0.1716,30.0000,15.9395,6.2106,8.1925,24.6912,0.0476,0.0394,0.0366,0.0764
Na2TiInO3Cl3,2.1048,-2.1507,2.2127,30.0000,16.1760,6.1694,8.4306,24.8237,0.0476,0.0403,0.0369,0.0757
K2SnMoO3S3,2.1184,-1.7657,0.2598,30.0000,15.9192,6.1690,8.1777,24.5685,0.0477,0.0408,0.0367,0.0766
Na2WInO3F3,2.1068,-2.3455,1.8961,30.0000,16.1361,6.1866,8.3841,24.8102,0.0477,0.0391,0.0368,0.0761
K2SnGeO3S3,2.0595,-1.6295,8.3116,30.0000,17.0594,6.1877,9.0965,25.6185,0.0477,0.0354,0.0373,0.0745
Na2ZrFeO3F3,2.1264,-2.7473,0.0706,30.0000,15.8437,6.2081,8.0906,24.5884,0.0477,0.0417,0.0367,0.0771
Rb2SnSbO3F3,1.8889,-2.3741,29.9996,30.0000,20.0655,6.0157,11.6096,27.5821,0.0478,0.0268,0.0390,0.0704
Rb2SnGeBr3I3,0.9801,-1.2893,19.4311,30.0000,18.6823,10.9992,1.0000,28.7799,0.0479,0.2060,0.0364,0.5690
K2GeInO3Cl3,2.0541,-1.8337,9.9911,30.0000,17.1541,6.1733,9.2334,25.6711,0.0479,0.0353,0.0375,0.0745
Rb2CrMnO6,1.7962,-2.0083,41.2026,30.0000,21.6919,5.8117,13.0921,28.2233,0.0479,0.0258,0.0401,0.0680
K2ZrFeO3F3,2.1283,-2.7734,0.0869,30.0000,15.7598,6.1903,7.9975,24.4582,0.0479,0.0416,0.0368,0.0776
Na2TiCrO6,2.1337,-2.6515,0.0350,30.0000,15.6721,6.1598,8.0072,24.3237,0.0480,0.0424,0.0369,0.0777
K2SnVO3F3,2.1365,-2.6724,0.1932,30.0000,15.6720,6.1793,7.9514,24.3657,0.0481,0.0423,0.0369,0.0779
Rb2MoWO3S3,1.9278,-1.6272,26.0884,30.0000,19.3928,6.0767,11.1084,27.2221,0.0481,0.0282,0.0387,0.0712
Na2SbCuSe3I3,0.9417,-0.7786,0.5091,30.0000,15.7485,11.0896,1.0000,28.5426,0.0481,0.1834,0.0338,0.4959
K2TiMoO6,2.1373,-2.7680,0.2376,30.0000,15.6606,6.1850,7.9383,24.3500,0.0481,0.0431,0.0369,0.0787
Rb2CrMoO3S3,1.8717,-1.7490,33.4124,30.0000,20.3615,5.9894,11.9191,27.7190,0.0481,0.0270,0.0395,0.0702
K2GeMoO3S3,2.0668,-1.6525,8.8663,30.0000,16.8403,6.1810,8.9564,25.4300,0.0482,0.0370,0.0375,0.0757
Rb2GeGaSe3Cl3,1.9051,-1.3033,30.0245,30.0000,19.7973,6.0433,11.4178,27.4369,0.0482,0.0261,0.0392,0.0713
K2SnBiO3F3,2.1363,-2.3473,0.2290,30.0000,15.6025,6.1493,7.9260,24.2579,0.0482,0.0429,0.0369,0.0783
K2TiInO3Cl3,2.1207,-2.2254,2.0517,30.0000,15.8569,6.2423,8.0834,24.6673,0.0482,0.0420,0.0370,0.0784
Rb2GeGaS3Br3,1.9102,-1.2649,30.2225,30.0000,19.7571,6.0595,11.3016,27.4013,0.0483,0.0274,0.0393,0.0717
Na2SnBiO3F3,2.1400,-2.2503,0.2284,30.0000,15.5869,6.1702,7.9294,24.2708,0.0483,0.0427,0.0369,0.0783
Rb2TaFeO3F3,1.9028,-2.8141,30.6875,30.0000,19.8136,6.0622,11.3709,27.4531,0.0483,0.0288,0.0394,0.0715
Li2MoGaO3F3,2.1191,-2.3463,3.1123,30.0000,15.9746,6.1839,8.1927,24.6728,0.0484,0.0411,0.0371,0.0780
Cs2WBiSe3I3,1.3668,-1.0518,68.3725,30.0000,25.4102,7.1300,12.9948,29.6112,0.0484,0.1261,0.0426,0.0772
Na2MoGaO3Cl3,2.1226,-1.7876,2.4163,30.0000,15.8304,6.2005,8.0946,24.6360,0.0485,0.0424,0.0371,0.0783
Rb2TaZnO3F3,1.9150,-2.7684,30.1288,30.0000,19.6702,6.0752,11.2930,27.3370,0.0485,0.0298,0.0393,0.0719
Rb2NbMnO3Cl3,1.8982,-2.2054,32.6371,30.0000,20.0132,6.0166,11.5482,27.4754,0.0485,0.0269,0.0396,0.0716
K2GeCrO3F3,2.0621,-2.4115,11.0534,30.0000,16.9500,6.1832,9.0632,25.5424,0.0486,0.0357,0.0378,0.0760
K2SnTaO3F3,2.1428,-2.7241,0.7857,30.0000,15.4747,6.1501,7.8250,24.1287,0.0487,0.0433,0.0371,0.0796
Na2TiMoO6,2.1517,-2.6706,0.2376,30.0000,15.3621,6.1632,7.7591,24.0611,0.0488,0.0442,0.0371,0.0798
Rb2GeFeO3F3,1.7976,-2.3057,46.4602,30.0000,21.7471,5.8214,13.1269,28.2855,0.0488,0.0288,0.0408,0.0698
Rb2CrWO6,1.9181,-2.1955,30.7405,30.0000,19.5846,6.0906,11.1392,27.3629,0.0488,0.0289,0.0394,0.0727
Rb2CrMoO3Cl3,1.9076,-1.7484,32.6843,30.0000,19.7575,6.0675,11.3937,27.4789,0.0489,0.0276,0.0396,0.0724
K2ZrGaO3Cl3,2.1381,-2.2116,2.1532,30.0000,15.5408,6.1527,7.9544,24.2492,0.0489,0.0439,0.0373,0.0794
Rb2CrWO3S3,1.9463,-1.7505,28.0613,30.0000,19.1678,6.1361,10.7466,27.0992,0.0489,0.0297,0.0392,0.0737
K2GeCuBr6,0.9429,-1.3565,4.9305,30.0000,15.9318,11.0851,1.0000,28.5497,0.0489,0.1901,0.0345,0.5143
Na2GeInO3F3,2.0656,-2.2862,12.3783,30.0000,16.9520,6.1880,9.0397,25.4779,0.0489,0.0378,0.0380,0.0770
Rb2CrWO3Cl3,1.9458,-1.7993,27.5441,30.0000,19.0386,6.0963,10.7849,26.9744,0.0489,0.0299,0.0392,0.0735
K2SbCuSe3Br3,0.9373,-1.1304,0.2491,30.0000,15.2558,11.1091,1.0000,28.5396,0.0489,0.1841,0.0338,0.4962
Rb2GeTaO3Cl3,1.9068,-2.1705,33.0331,30.0000,19.7755,6.0407,11.3418,27.4214,0.0489,0.0274,0.0397,0.0725
Rb2SnFeO3S3,1.9162,-1.6038,31.5320,30.0000,19.5981,6.0624,11.2393,27.3339,0.0490,0.0277,0.0395,0.0726
K2TiWO6,2.1541,-2.8045,0.1582,30.0000,15.2563,6.1801,7.6951,24.0480,0.0490,0.0455,0.0371,0.0804
Rb2MoAgSe3I3,0.9660,-1.0065,17.3973,30.0000,17.6633,11.0363,1.0000,28.7141,0.0490,0.2042,0.0362,0.5610
Rb2MnInO3F3,1.8869,-2.4590,36.3475,30.0000,20.1861,6.0015,11.7275,27.5977,0.0490,0.0266,0.0400,0.0722
Na2GeFeBr6,0.9443,-1.2501,5.2088,30.0000,15.9116,11.0754,1.0000,28.5503,0.0491,0.1906,0.0346,0.5157
Rb2SnInO3F3,1.9201,-2.4200,31.8660,30.0000,19.5706,6.0739,11.1493,27.2683,0.0491,0.0287,0.0397,0.0733
Na2TiBiO3Cl3,2.1575,-1.9897,0.1669,30.0000,15.1571,6.1602,7.6446,23.9356,0.0491,0.0467,0.0372,0.0805
Na2SbCuO3I3,0.9355,-1.2061,0.4965,30.0000,15.2354,11.1069,1.0000,28.5396,0.0491,0.1839,0.0338,0.4961
Na2GeZnO3S3,2.0836,-1.6169,10.3504,30.0000,16.5350,6.2068,8.6104,25.1863,0.0491,0.0400,0.0379,0.0786
Cs2AgInI6,1.2889,-1.1681,71.6251,30.0000,25.3144,8.0183,8.7302,29.6016,0.0491,0.1559,0.0430,0.1075
Rb2ZrWO6,1.9465,-2.7836,28.5428,30.0000,19.0687,6.1221,10.6674,26.9845,0.0492,0.0289,0.0394,0.0743
Rb2WMnO6,1.9367,-2.1532,30.5558,30.0000,19.1761,6.0929,10.9008,27.0807,0.0494,0.0303,0.0396,0.0739
Rb2NbSbO3S3,1.9520,-1.8739,29.2594,30.0000,18.9917,6.0892,10.7720,26.9382,0.0494,0.0290,0.0395,0.0743
Rb2GeBiO3Cl3,1.9362,-1.7246,31.0751,30.0000,19.2581,6.0925,10.9322,27.1598,0.0494,0.0290,0.0397,0.0739
Na2ZrSbO3F3,2.1689,-2.7568,0.2104,30.0000,15.0444,6.1509,7.4638,23.7433,0.0494,0.0485,0.0374,0.0821
Rb2NbFeO3F3,1.8985,-2.7729,36.3602,30.0000,19.9562,6.0352,11.5473,27.5218,0.0494,0.0269,0.0401,0.0729
Cs2WSbSe3I3,1.3127,-1.0112,73.3748,30.0000,25.3235,7.7207,10.1336,29.5748,0.0494,0.1501,0.0433,0.0970
K2VNbO6,2.1708,-2.7679,0.2278,30.0000,15.0560,6.1697,7.4866,23.8295,0.0494,0.0471,0.0373,0.0818
Cs2SnBiSe3I3,1.2664,-1.0049,72.0359,30.0000,25.1554,8.3531,6.9143,29.5254,0.0494,0.1677,0.0432,0.1306
Na2SnGaO3F3,2.1533,-2.3167,2.5257,30.0000,15.3017,6.1465,7.7123,24.0498,0.0495,0.0443,0.0376,0.0817
Cs2SnTaSe3I3,1.4230,-1.2845,73.9646,30.0000,25.2724,6.5650,14.8531,29.5081,0.0495,0.1100,0.0434,0.0720
Na2GeFeSe3Br3,0.9406,-1.1258,5.3797,30.0000,15.6869,11.0914,1.0000,28.5672,0.0495,0.1913,0.0345,0.5169
Rb2GeCuCl3I3,0.9743,-1.3025,23.9983,30.0000,18.2729,11.0092,1.0000,28.7045,0.0496,0.2135,0.0372,0.5891
Na2MoGaO3F3,2.1534,-2.3863,2.7945,30.0000,15.2589,6.1750,7.6763,24.0186,0.0496,0.0461,0.0376,0.0815
Rb2MoSbO3F3,1.9452,-2.3284,31.4393,30.0000,19.1253,6.0932,10.8701,27.0368,0.0497,0.0319,0.0398,0.0746
Cs2WAgSe3I3,1.4062,-1.0307,75.4146,30.0000,25.3344,6.7389,14.3295,29.5375,0.0497,0.1164,0.0436,0.0741
K2TiCrO3F3,2.1833,-2.8160,0.0602,30.0000,14.8237,6.1292,7.3218,23.4825,0.0498,0.0496,0.0375,0.0835
Rb2FeSbO3F3,1.9278,-2.2944,34.0793,30.0000,19.4051,6.1130,10.9430,27.2125,0.0498,0.0309,0.0401,0.0752
Na2SnNbO3F3,2.1771,-2.7054,0.2179,30.0000,14.8471,6.1211,7.4175,23.5067,0.0499,0.0489,0.0376,0.0828
Cs2SbAgI6,1.1973,-1.0547,70.6386,30.0000,24.6809,9.1801,3.2720,29.4424,0.0499,0.1984,0.0431,0.2550
Rb2WAgO3F3,1.9664,-2.3596,29.7474,30.0000,18.7372,6.1262,10.4725,26.8130,0.0499,0.0324,0.0397,0.0757
Cs2ZrBiSe3I3,1.5270,-1.3656,73.6943,30.0000,24.9293,5.8246,15.9551,29.4091,0.0499,0.0766,0.0436,0.0680
Rb2ZrCrO6,1.9112,-2.6438,37.6006,30.0000,19.7356,6.0894,11.2947,27.4258,0.0500,0.0282,0.0404,0.0747
Rb2VZnO3F3,1.8995,-2.6998,39.3205,30.0000,19.9763,6.0149,11.5445,27.4664,0.0500,0.0275,0.0406,0.0743
Rb2SnTaO3Cl3,2.0025,-2.2022,25.2329,30.0000,18.0854,6.1948,9.8135,26.3614,0.0500,0.0356,0.0394,0.0778
Cs2SnSbSe3I3,1.3466,-0.9933,77.6125,30.0000,25.3328,7.3464,11.8130,29.5491,0.0500,0.1376,0.0439,0.0862
Cs2TiBiSe3I3,1.4546,-1.3558,76.4829,30.0000,25.1928,6.2821,15.4436,29.4735,0.0501,0.0995,0.0438,0.0705
K2GeBiO3F3,2.1329,-2.2932,7.4652,30.0000,15.6907,6.1694,7.9985,24.3386,0.0501,0.0450,0.0381,0.0816
Cs2GeBiSe3I3,1.3730,-0.9931,77.7625,30.0000,25.3543,7.0763,13.0828,29.5715,0.0501,0.1303,0.0439,0.0803
Cs2TaZnSe3I3,1.3219,-1.2555,77.4241,30.0000,25.2972,7.6499,10.3434,29.5556,0.0501,0.1491,0.0439,0.0962
Cs2TaFeSe3I3,1.4203,-1.2282,78.0837,30.0000,25.3370,6.5281,15.0242,29.5498,0.0501,0.1100,0.0440,0.0725
Rb2VSbO3S3,1.9577,-1.7611,31.7384,30.0000,18.8843,6.1306,10.5739,26.9287,0.0501,0.0321,0.0399,0.0762
Cs2TaMnSe3I3,1.3254,-1.2610,78.1477,30.0000,25.3425,7.5624,10.8243,29.6034,0.0502,0.1468,0.0440,0.0927
Cs2WInSe3I3,1.5584,-1.1369,74.4339,30.0000,24.7357,5.6478,16.0131,29.3400,0.0502,0.0682,0.0437,0.0681
Rb2GeInO3Cl3,1.9176,-1.8577,38.1995,30.0000,19.6432,6.0854,11.1687,27.3163,0.0503,0.0294,0.0406,0.0756
Rb2MoWO6,1.9869,-2.1237,28.3784,30.0000,18.3510,6.1415,10.1958,26.5741,0.0503,0.0320,0.0398,0.0770
Cs2SnMnI6,1.1819,-1.1607,72.7221,30.0000,24.5865,9.3849,2.6516,29.4150,0.0504,0.2071,0.0434,0.3137
Rb2TaMnO3F3,1.9665,-2.9565,30.7435,30.0000,18.6580,6.1135,10.4333,26.7669,0.0504,0.0314,0.0400,0.0764
Cs2ZrSbSe3I3,1.3797,-1.3517,79.5426,30.0000,25.3496,6.9958,13.4605,29.5768,0.0504,0.1287,0.0441,0.0791
Cs2CrWSe3I3,1.5003,-1.1949,77.9021,30.0000,25.0615,5.9531,15.8103,29.4329,0.0504,0.0849,0.0441,0.0697
K2GeCuF3I3,0.9364,-1.9711,5.6270,30.0000,15.3068,11.1124,1.0000,28.5513,0.0504,0.1935,0.0346,0.5197
Rb2VZnO3Cl3,1.9450,-2.0374,34.9244,30.0000,19.1248,6.1045,10.8481,27.0931,0.0505,0.0321,0.0403,0.0760
Cs2SnNbSe3I3,1.3301,-1.2929,79.6442,30.0000,25.3326,7.5191,11.0724,29.5677,0.0505,0.1465,0.0442,0.0915
Na2TiGaO3Cl3,2.1763,-2.1362,2.5925,30.0000,14.8618,6.1550,7.3899,23.6641,0.0505,0.0504,0.0379,0.0843
Cs2TaCuSe3I3,1.2453,-1.1847,77.5569,30.0000,25.1035,8.5976,5.8543,29.5456,0.0505,0.1815,0.0439,0.1569
Rb2GeFeO3S3,1.8898,-1.6242,42.3649,30.0000,20.1264,6.0487,11.5603,27.5724,0.0505,0.0294,0.0410,0.0751
Cs2WGaSe3I3,1.5183,-1.0835,77.4046,30.0000,24.9330,5.8655,15.8313,29.4072,0.0505,0.0806,0.0441,0.0693
Cs2ZrInSe3I3,1.3984,-1.4075,80.7311,30.0000,25.3894,6.7619,14.3249,29.5647,0.0505,0.1214,0.0444,0.0756
Cs2WFeSe3I3,1.5180,-1.0643,77.6318,30.0000,24.9303,5.8988,15.8366,29.4247,0.0505,0.0818,0.0441,0.0694
Rb2MoMnO3S3,1.9578,-1.6982,33.1951,30.0000,18.8711,6.1417,10.5946,26.9240,0.0505,0.0323,0.0402,0.0766
Cs2GeTaSe3I3,1.3529,-1.2462,79.9105,30.0000,25.3288,7.2793,11.9707,29.5188,0.0505,0.1389,0.0442,0.0859
Cs2MoInSe3I3,1.3257,-1.1070,80.4240,30.0000,25.3325,7.5667,10.8158,29.5772,0.0506,0.1496,0.0443,0.0941
Cs2MoBiSe3I3,1.1722,-0.9834,73.4395,30.0000,24.5043,9.4986,2.3788,29.4404,0.0506,0.2120,0.0435,0.3541
K2MoInO3Cl3,2.1856,-1.8514,1.9649,30.0000,14.7630,6.1625,7.2319,23.5072,0.0506,0.0491,0.0379,0.0852
K2ZrSbO3Cl3,2.2019,-2.0826,0.1880,30.0000,14.4898,6.1331,7.0742,23.1962,0.0506,0.0516,0.0379,0.0857
Rb2SnCrO3Cl3,1.9771,-1.8844,31.1282,30.0000,18.4885,6.1313,10.3066,26.7195,0.0507,0.0327,0.0401,0.0772
Rb2SnWO3S3,2.0228,-1.7279,25.0820,30.0000,17.6848,6.1806,9.6062,26.1089,0.0507,0.0369,0.0396,0.0792
Rb2SnGeO3S3,1.9336,-1.6056,37.1768,30.0000,19.2663,6.0705,11.0181,27.0968,0.0507,0.0330,0.0406,0.0761
Rb2NbSbO6,1.9724,-2.5349,32.1763,30.0000,18.6204,6.1167,10.3680,26.6745,0.0507,0.0335,0.0403,0.0774
Rb2GeCuBr6,0.9608,-1.4039,23.9163,30.0000,17.5457,11.0867,1.0000,28.6864,0.0507,0.2177,0.0372,0.5929
Rb2NbZnO3Cl3,1.9753,-2.1803,31.9322,30.0000,18.5676,6.1490,10.2828,26.6846,0.0507,0.0356,0.0402,0.0778
Na2GeGaO3Cl3,2.1179,-1.7365,12.2839,30.0000,15.9429,6.2157,8.1339,24.6547,0.0509,0.0455,0.0387,0.0833
Na2VSbSe6,0.9240,-0.9678,0.4164,30.0000,14.3682,11.1219,1.0000,28.4801,0.0509,0.1866,0.0339,0.4990
K2GeZnO3S3,2.1427,-1.6653,9.4465,30.0000,15.5250,6.2033,7.8578,24.3312,0.0509,0.0465,0.0385,0.0840
Cs2SnInSe3I3,1.5412,-1.0777,78.7597,30.0000,24.7769,5.7910,15.8028,29.3044,0.0509,0.0755,0.0443,0.0699
Cs2SbZnSe3I3,1.2693,-1.0546,81.4449,30.0000,25.1847,8.2823,7.4603,29.5473,0.0510,0.1763,0.0445,0.1292
Cs2SnGaSe3I3,1.4570,-1.0775,82.0929,30.0000,25.1916,6.2147,15.5216,29.4943,0.0510,0.0987,0.0447,0.0716
K2GeCrO6,2.1293,-2.1169,11.3830,30.0000,15.7299,6.1344,8.1607,24.4539,0.0510,0.0442,0.0389,0.0827
Rb2GeFeCl3I3,0.9633,-1.3479,24.2241,30.0000,17.4733,11.0519,1.0000,28.6757,0.0511,0.2174,0.0373,0.5934
K2SnMoO6,2.2097,-2.0897,0.2780,30.0000,14.2396,6.0857,6.9614,22.9161,0.0511,0.0536,0.0380,0.0868
Cs2TiInSe3I3,1.3504,-1.3889,84.0624,30.0000,25.3659,7.3091,12.0973,29.5550,0.0511,0.1441,0.0448,0.0872
Cs2SnTaSe3Br3,1.3537,-1.4775,83.7276,30.0000,25.3489,7.3125,12.0148,29.5412,0.0511,0.1430,0.0448,0.0877
Cs2NbZnSe3I3,1.3310,-1.2298,83.6867,30.0000,25.3300,7.4902,11.2471,29.5836,0.0512,0.1499,0.0447,0.0925
Cs2GeSbSe3I3,1.3199,-0.9679,84.0409,30.0000,25.3691,7.6262,10.5975,29.6035,0.0512,0.1530,0.0448,0.0972
Cs2MnZnI6,1.1690,-1.1714,76.0702,30.0000,24.4480,9.5287,2.3058,29.4103,0.0512,0.2164,0.0439,0.3651
Cs2AgInBr3I3,1.2208,-1.2879,80.5019,30.0000,24.9235,8.9097,4.4935,29.5233,0.0512,0.1977,0.0445,0.2029
Rb2GeSbO3Cl3,1.9581,-1.7756,36.2603,30.0000,18.8520,6.1275,10.5843,26.9042,0.0512,0.0330,0.0406,0.0779
Cs2SnWSe6,1.2956,-0.9959,83.5451,30.0000,25.2552,7.9664,8.8860,29.5588,0.0512,0.1656,0.0448,0.1127
Cs2NbMnSe3I3,1.3318,-1.2669,84.5356,30.0000,25.3530,7.5209,11.0583,29.5701,0.0512,0.1512,0.0449,0.0942
Cs2ZrGaSe3I3,1.4020,-1.4104,84.2371,30.0000,25.3026,6.7611,14.1886,29.5033,0.0512,0.1238,0.0449,0.0774
Cs2MoBiS3I3,1.4859,-1.0816,83.2070,30.0000,25.1007,6.0656,15.6973,29.4702,0.0513,0.0929,0.0448,0.0714
K2NbMnO3F3,2.2154,-2.8925,0.1567,30.0000,14.2194,6.1062,6.9010,22.9341,0.0513,0.0536,0.0381,0.0873
K2SnCrO3F3,2.2165,-2.3892,0.1401,30.0000,14.2115,6.1265,6.8607,22.8623,0.0513,0.0551,0.0381,0.0882
Cs2NbFeSe3I3,1.3241,-1.2221,84.4605,30.0000,25.3365,7.5796,10.7511,29.5533,0.0513,0.1526,0.0449,0.0960
Cs2WSbSe3Br3,1.2636,-1.1761,83.0031,30.0000,25.1352,8.3562,6.9810,29.5374,0.0513,0.1782,0.0447,0.1376
K2GeNbO3F3,2.1506,-2.6505,9.8630,30.0000,15.4003,6.1486,7.8173,24.0866,0.0513,0.0467,0.0388,0.0845
Rb2TiCrO6,1.9258,-2.6309,42.0031,30.0000,19.5145,6.0721,11.1271,27.2754,0.0514,0.0291,0.0413,0.0774
Rb2GeWO6,1.9675,-2.0617,35.9948,30.0000,18.7152,6.1292,10.4377,26.7891,0.0514,0.0332,0.0408,0.0786
Cs2GeInSe3I3,1.4428,-0.9999,85.2791,30.0000,25.2705,6.3644,15.3958,29.5314,0.0514,0.1085,0.0450,0.0732
Cs2ZrWSe6,1.3651,-1.3406,85.7914,30.0000,25.3521,7.1317,12.8462,29.5659,0.0514,0.1397,0.0451,0.0838
Cs2MoGaSe3I3,1.2666,-1.0847,83.9010,30.0000,25.2031,8.3254,7.2356,29.5628,0.0514,0.1784,0.0448,0.1348
Na2TiSbO3F3,2.2242,-2.7409,0.1907,30.0000,14.1332,6.0839,6.8227,22.8241,0.0515,0.0547,0.0382,0.0882
Rb2VSbO6,1.9708,-2.3683,35.2056,30.0000,18.5930,6.1327,10.3655,26.7403,0.0515,0.0349,0.0407,0.0789
Cs2NbTaSe6,1.3729,-1.2508,86.1938,30.0000,25.3690,7.0877,13.1539,29.5592,0.0515,0.1381,0.0451,0.0826
Rb2SnGaO3Cl3,1.9966,-1.8527,31.6411,30.0000,18.1432,6.1772,9.9457,26.4729,0.0515,0.0359,0.0404,0.0796
Na2VNbO6,2.2239,-2.7471,0.2267,30.0000,14.0962,6.0903,6.7804,22.7360,0.0515,0.0551,0.0383,0.0885
Cs2TiSbSe3I3,1.2250,-1.2576,82.8030,30.0000,24.9475,8.8408,4.7273,29.5027,0.0516,0.1967,0.0448,0.1937
Cs2TaSbSe6,1.2514,-1.0816,83.8218,30.0000,25.0509,8.5410,6.0826,29.4958,0.0516,0.1872,0.0449,0.1554
Li2GeGaS3Cl3,2.1447,-1.2420,11.7499,30.0000,15.4533,6.1710,7.8092,24.2030,0.0517,0.0481,0.0391,0.0857
Rb2SnGaO3F3,1.9813,-2.4092,35.0057,30.0000,18.4532,6.1451,10.2222,26.6187,0.0517,0.0354,0.0408,0.0796
Rb2MoFeO3F3,1.9758,-2.4010,36.1546,30.0000,18.5123,6.1740,10.3025,26.7581,0.0518,0.0339,0.0409,0.0796
Rb2ZrBiO3Cl3,2.0583,-2.2553,24.7640,30.0000,17.0980,6.1857,9.0940,25.6163,0.0518,0.0413,0.0400,0.0822
Cs2TiGaSe3I3,1.3461,-1.4015,87.8703,30.0000,25.3952,7.3565,11.8527,29.5736,0.0518,0.1479,0.0453,0.0900
Cs2CrMnSe3I3,1.3984,-1.2385,87.9903,30.0000,25.3617,6.7484,14.3212,29.5845,0.0518,0.1239,0.0454,0.0778
Cs2MnBiS3I3,1.2703,-1.0935,86.5341,30.0000,25.2249,8.2420,7.6214,29.5506,0.0518,0.1777,0.0452,0.1297
Cs2SnSbSe3Br3,1.4141,-1.1576,88.4867,30.0000,25.3799,6.6848,14.4124,29.5460,0.0519,0.1204,0.0455,0.0779
Cs2TaZnSe3Br3,1.3294,-1.4915,88.2068,30.0000,25.3844,7.5420,11.0470,29.5727,0.0519,0.1560,0.0454,0.0960
Cs2WInSe3Br3,1.5540,-1.3527,84.2699,30.0000,24.7571,5.7251,15.8585,29.3324,0.0519,0.0741,0.0451,0.0710
Rb2VTaO6,2.0140,-2.8347,31.5856,30.0000,17.8540,6.1504,9.7990,26.2048,0.0519,0.0356,0.0406,0.0806
Cs2VMnSe3I3,1.3048,-1.2728,88.1028,30.0000,25.3133,7.8018,9.6978,29.5710,0.0519,0.1627,0.0454,0.1065
Rb2VFeO3F3,1.9540,-2.6744,40.2987,30.0000,18.9401,6.1344,10.5705,26.9392,0.0519,0.0319,0.0413,0.0797
Cs2ZrFeSe3I3,1.2279,-1.3256,84.5767,30.0000,24.9261,8.8153,4.8438,29.5066,0.0520,0.1984,0.0450,0.1916
Cs2TaFeSe3Br3,1.3760,-1.4573,89.0666,30.0000,25.3665,7.0126,13.4458,29.5972,0.0520,0.1345,0.0455,0.0820
Rb2GeCrO3Cl3,1.9439,-1.8213,41.7676,30.0000,19.1125,6.1048,10.8283,27.0818,0.0520,0.0340,0.0415,0.0788
Cs2TaMnSe3Br3,1.3457,-1.5384,89.1500,30.0000,25.3527,7.3554,11.8856,29.5921,0.0520,0.1492,0.0455,0.0904
Cs2WSbS3I3,1.5809,-1.0522,83.1273,30.0000,24.4891,5.6141,15.7906,29.2319,0.0521,0.0656,0.0451,0.0710
Cs2CrMoSe3I3,1.2109,-1.1378,84.5526,30.0000,24.8502,9.0491,3.8523,29.4862,0.0521,0.2060,0.0451,0.2363
Na2SnCuBr6,0.9163,-1.1947,0.0852,30.0000,13.8389,11.1235,1.0000,28.4296,0.0521,0.1866,0.0339,0.4975
Cs2MoFeSe3I3,1.2005,-1.0495,84.2346,30.0000,24.7988,9.1196,3.6118,29.4557,0.0521,0.2084,0.0451,0.2494
K2GeSbO3F3,2.1741,-2.3088,9.1482,30.0000,14.9690,6.1436,7.4935,23.7687,0.0521,0.0498,0.0389,0.0868
Cs2GeNbSe3I3,1.2369,-1.1954,86.3386,30.0000,25.0217,8.7138,5.2163,29.4978,0.0521,0.1960,0.0452,0.1814
Cs2GeGaSe3I3,1.4281,-1.0101,89.0486,30.0000,25.2663,6.4603,14.9663,29.5268,0.0521,0.1117,0.0456,0.0759
Cs2CrWSe3Br3,1.4479,-1.3451,88.8696,30.0000,25.2157,6.3417,15.3159,29.4841,0.0521,0.1092,0.0456,0.0742
Cs2TaCuSe3Br3,1.2871,-1.3824,88.3789,30.0000,25.2206,8.1046,8.2859,29.5693,0.0522,0.1756,0.0455,0.1215
Cs2VTaSe6,1.3322,-1.2783,89.8982,30.0000,25.3510,7.5218,11.0595,29.5794,0.0522,0.1556,0.0457,0.0964
Cs2MnSbI6,1.0921,-1.1500,72.5544,30.0000,23.2397,10.3086,1.0000,29.1913,0.0522,0.2447,0.0437,0.7277
K2WGaO3F3,2.2278,-2.3786,2.0175,30.0000,14.0052,6.1114,6.6674,22.7073,0.0522,0.0567,0.0386,0.0910
Cs2WFeSe3Br3,1.5023,-1.2780,88.5175,30.0000,25.0423,5.9798,15.9085,29.4526,0.0523,0.0912,0.0455,0.0720
Cs2SbAgCl3I3,1.4487,-1.2561,90.0960,30.0000,25.2585,6.3440,15.4155,29.5056,0.0523,0.1115,0.0458,0.0744
Cs2MoSbS3I3,1.4155,-1.0151,90.7471,30.0000,25.3425,6.5872,14.7337,29.5224,0.0523,0.1204,0.0458,0.0770
Cs2SnSbS3I3,1.4980,-0.9835,88.6174,30.0000,25.0389,5.9882,15.8155,29.4171,0.0523,0.0920,0.0457,0.0727
Cs2MnBiO3I3,1.4267,-1.4406,90.8800,30.0000,25.3157,6.4843,15.0953,29.5372,0.0523,0.1167,0.0458,0.0757
Cs2TiWSe6,1.2735,-1.3024,89.6052,30.0000,25.2099,8.2579,7.4479,29.5911,0.0524,0.1814,0.0456,0.1345
Cs2MnInSe3I3,1.1720,-1.1862,83.4958,30.0000,24.5041,9.4514,2.4957,29.3833,0.0524,0.2222,0.0450,0.3540
K2GeGaO3Cl3,2.1690,-1.8401,11.2487,30.0000,15.0980,6.1543,7.4964,23.7402,0.0524,0.0514,0.0393,0.0885
Rb2WInO3Cl3,2.0617,-1.8650,26.0440,30.0000,16.9660,6.1763,9.0595,25.5388,0.0524,0.0410,0.0403,0.0831
Cs2SnGeI6,1.0990,-1.0993,74.4457,30.0000,23.3093,10.2467,1.0000,29.2345,0.0524,0.2445,0.0439,0.7289
Cs2MoSbSe3I3,1.1286,-0.9828,79.2425,30.0000,23.8921,9.9560,1.4127,29.2837,0.0525,0.2370,0.0445,0.5973
Cs2TiFeSe3I3,1.2334,-1.3060,88.2759,30.0000,25.0114,8.7348,5.0857,29.4930,0.0525,0.1988,0.0455,0.1863
Rb2WBiO3F3,2.0838,-2.2897,23.2130,30.0000,16.5407,6.1769,8.7261,25.2230,0.0525,0.0417,0.0401,0.0844
Cs2ZrSbSe3Br3,1.4618,-1.5957,91.0145,30.0000,25.2070,6.2403,15.4785,29.5175,0.0525,0.1050,0.0459,0.0742
Cs2WSbO3I3,1.5582,-1.4408,87.1278,30.0000,24.6721,5.7078,15.7591,29.3002,0.0525,0.0729,0.0456,0.0720
Cs2GeWSe6,1.2984,-0.9916,90.7755,30.0000,25.2254,7.9405,8.9247,29.5297,0.0525,0.1708,0.0458,0.1151
K2ZrGaO3F3,2.2307,-2.7996,2.4634,30.0000,13.9748,6.1000,6.7084,22.6653,0.0525,0.0567,0.0387,0.0909
Cs2ZrInSe3Br3,1.3918,-1.7020,92.4637,30.0000,25.3701,6.8744,13.9650,29.5497,0.0525,0.1334,0.0460,0.0808
Cs2ZrCrSe3I3,1.1715,-1.3466,84.8975,30.0000,24.5368,9.4866,2.4212,29.4316,0.0526,0.2245,0.0452,0.3659
K2GeInO3F3,2.1636,-2.3869,11.3230,30.0000,15.0348,6.1793,7.4708,23.8243,0.0526,0.0521,0.0393,0.0882
Cs2SnInSe3Br3,1.5144,-1.2496,89.8771,30.0000,24.9756,5.8966,15.9071,29.4241,0.0526,0.0871,0.0458,0.0727
Cs2GeTaSe3Br3,1.2836,-1.4077,90.9669,30.0000,25.2457,8.1088,8.1887,29.5587,0.0526,0.1779,0.0458,0.1243
Cs2WBiO3I3,1.6665,-1.4806,80.1533,30.0000,23.6699,5.5775,14.9342,28.9248,0.0527,0.0484,0.0451,0.0732
Cs2WMnSe6,1.2259,-1.0797,88.9553,30.0000,24.9386,8.7896,4.8877,29.4793,0.0527,0.2004,0.0456,0.1949
Rb2TiFeO3F3,1.9761,-2.7194,40.5743,30.0000,18.5796,6.1463,10.3228,26.7357,0.0527,0.0357,0.0416,0.0812
Cs2VCuSe3I3,1.1980,-1.1648,87.3492,30.0000,24.7514,9.1832,3.3751,29.4740,0.0527,0.2140,0.0455,0.2709
Cs2SnVSe3I3,1.1430,-1.1722,82.8005,30.0000,24.1984,9.7951,1.6692,29.3547,0.0527,0.2360,0.0450,0.5161
Rb2SnFeO3F3,2.0180,-2.3003,34.2659,30.0000,17.7973,6.1812,9.6427,26.1640,0.0527,0.0375,0.0412,0.0830
Li2GeGaO3Cl3,2.1564,-1.7414,13.5557,30.0000,15.2263,6.1582,7.6373,23.8724,0.0528,0.0515,0.0397,0.0883
Cs2SnMnBr3I3,1.1393,-1.3339,82.1556,30.0000,24.0708,9.8722,1.5474,29.3412,0.0528,0.2379,0.0449,0.5571
Rb2MoMnO6,2.0006,-2.0302,37.0113,30.0000,18.0810,6.1596,9.9442,26.3996,0.0528,0.0389,0.0413,0.0819
Cs2MoInSe3Br3,1.2716,-1.3508,92.0531,30.0000,25.1771,8.2550,7.3958,29.5307,0.0528,0.1816,0.0460,0.1358
Rb2TiWO6,2.0415,-2.7914,30.9936,30.0000,17.3242,6.2113,9.2890,25.9455,0.0528,0.0403,0.0408,0.0841
Na2GeSbO3F3,2.1873,-2.2481,9.9794,30.0000,14.7689,6.1278,7.2622,23.4853,0.0528,0.0553,0.0394,0.0896
Cs2SbZnSe3Br3,1.3325,-1.2317,93.5240,30.0000,25.3449,7.5336,11.0638,29.6010,0.0528,0.1575,0.0462,0.0972
Cs2SnZnCl3I3,1.4705,-1.4025,92.9228,30.0000,25.1798,6.1442,15.6883,29.5040,0.0528,0.1015,0.0462,0.0742
Cs2WGaSe3Br3,1.5804,-1.3633,88.1065,30.0000,24.5593,5.6459,15.8382,29.2704,0.0529,0.0688,0.0458,0.0723
Cs2MoAgS3I3,1.3597,-1.0737,93.5345,30.0000,25.3143,7.1860,12.5198,29.5400,0.0529,0.1438,0.0462,0.0884
Cs2WBiS3I3,1.7113,-1.1198,76.7561,30.0000,23.0370,5.6320,14.3272,28.7056,0.0529,0.0385,0.0448,0.0744
K2GeGaS3Cl3,2.1883,-1.3758,9.9802,30.0000,14.7399,6.1024,7.2746,23.3365,0.0529,0.0530,0.0395,0.0897
K2SnCrO6,2.2563,-2.0715,0.1411,30.0000,13.5614,6.0697,6.3573,22.1944,0.0529,0.0605,0.0388,0.0935
Cs2AgGaBr3I3,1.1449,-1.2914,83.9340,30.0000,24.1628,9.7746,1.7263,29.3388,0.0530,0.2356,0.0452,0.4996
Cs2SnBiS3I3,1.6702,-1.0166,81.4112,30.0000,23.6407,5.5964,14.8480,28.9131,0.0530,0.0476,0.0453,0.0740
Rb2SnNbO3Cl3,2.0653,-2.2241,28.8254,30.0000,16.9741,6.1716,9.0168,25.5419,0.0530,0.0411,0.0408,0.0847
Cs2WAgO3I3,1.5666,-1.4202,89.7521,30.0000,24.6349,5.7174,15.7602,29.3000,0.0530,0.0748,0.0460,0.0732
Rb2CrMoO6,2.0029,-2.1151,37.2809,30.0000,18.0252,6.1580,9.8708,26.3538,0.0530,0.0375,0.0414,0.0827
Cs2MoBiO3I3,1.6034,-1.4204,87.2141,30.0000,24.2325,5.6363,15.4960,29.1700,0.0530,0.0615,0.0458,0.0732
Cs2VFeSe3I3,1.1884,-1.2098,88.0213,30.0000,24.6269,9.2811,3.0375,29.4223,0.0530,0.2192,0.0456,0.2993
Cs2ZrMoSe6,1.2834,-1.3562,93.9409,30.0000,25.2713,8.0760,8.3641,29.5853,0.0530,0.1766,0.0462,0.1231
Cs2MnGaSe3I3,1.1747,-1.1931,87.2517,30.0000,24.5014,9.4944,2.3855,29.3927,0.0530,0.2275,0.0455,0.3777
Cs2SbZnS3I3,1.4854,-1.0606,93.6604,30.0000,25.1349,6.0729,15.6963,29.4606,0.0531,0.0998,0.0464,0.0743
Cs2TaCuO3I3,1.5017,-1.9234,93.0461,30.0000,24.9931,5.9876,15.7887,29.4318,0.0531,0.0925,0.0462,0.0739
Cs2SnCrS3I3,1.3602,-1.1538,95.3290,30.0000,25.3606,7.1375,12.8496,29.5464,0.0531,0.1473,0.0465,0.0869
Cs2SnVS3I3,1.3495,-1.2308,95.4595,30.0000,25.3691,7.3376,11.9980,29.5764,0.0531,0.1535,0.0465,0.0919
Cs2GeZnBr3I3,1.1789,-1.3266,88.2852,30.0000,24.5533,9.4249,2.5996,29.4206,0.0531,0.2250,0.0457,0.3497
Cs2SnGeCl3I3,1.3856,-1.3411,95.7981,30.0000,25.3479,6.8672,13.8926,29.5876,0.0531,0.1347,0.0465,0.0824
Cs2MoWSe6,1.1522,-1.0526,85.4384,30.0000,24.2058,9.7119,1.8697,29.3626,0.0531,0.2348,0.0454,0.4691
Cs2SnMnCl3I3,1.2755,-1.4031,93.9720,30.0000,25.1986,8.2332,7.6274,29.5491,0.0532,0.1847,0.0463,0.1342
K2MoGaO3Cl3,2.2467,-1.8478,2.2400,30.0000,13.6870,6.0584,6.4700,22.3074,0.0532,0.0601,0.0390,0.0934
K2GeMoO6,2.1925,-2.0793,10.0971,30.0000,14.6423,6.1423,7.1352,23.2978,0.0532,0.0560,0.0395,0.0909
Cs2TiCrSe3I3,1.1772,-1.3706,88.6253,30.0000,24.5091,9.4539,2.4260,29.4101,0.0533,0.2277,0.0457,0.3709
Rb2MnGaO3F3,1.9887,-2.4706,40.4915,30.0000,18.2957,6.1760,10.0653,26.5903,0.0533,0.0353,0.0417,0.0827
Cs2AgGaCl3I3,1.3569,-1.3818,95.9552,30.0000,25.3243,7.2773,12.2818,29.5354,0.0533,0.1516,0.0465,0.0905
Cs2SnCrSe3I3,1.1178,-1.1240,82.7000,30.0000,23.7790,9.9912,1.2776,29.2756,0.0533,0.2448,0.0451,0.6699
Cs2SbAgBr3I3,1.1024,-1.2261,79.3356,30.0000,23.3422,10.1922,1.0076,29.2266,0.0533,0.2482,0.0447,0.7389
Cs2BiAgI6,1.0339,-1.0750,66.0664,30.0000,21.6608,10.7541,1.0000,28.9886,0.0533,0.2591,0.0430,0.7414
Cs2NbCuS3I3,1.3815,-1.1597,96.8498,30.0000,25.3655,6.9512,13.6704,29.5640,0.0533,0.1379,0.0466,0.0834
Cs2MnInS3I3,1.3214,-1.1589,96.2607,30.0000,25.3312,7.6571,10.2497,29.5641,0.0533,0.1647,0.0466,0.1053
K2ZrSbO3F3,2.2674,-2.7542,0.2126,30.0000,13.3604,6.0153,6.2411,21.9106,0.0534,0.0619,0.0390,0.0949
Cs2NbSbSe6,1.2010,-1.0445,91.2488,30.0000,24.7487,9.1469,3.4617,29.4680,0.0534,0.2179,0.0460,0.2681
Cs2MnSbCl3I3,1.2347,-1.4197,93.6851,30.0000,25.0397,8.7036,5.3523,29.5423,0.0534,0.2026,0.0463,0.1827
Cs2ZrGaSe3Br3,1.3481,-1.6945,97.1026,30.0000,25.3464,7.3105,12.0036,29.5781,0.0534,0.1516,0.0467,0.0920
Rb2WGaO3Cl3,2.0741,-1.8779,28.1091,30.0000,16.6865,6.1968,8.8351,25.4050,0.0534,0.0444,0.0408,0.0856
Cs2GeSbSe3Br3,1.4627,-1.1130,96.4174,30.0000,25.2108,6.1981,15.6030,29.4932,0.0534,0.1077,0.0467,0.0753
Cs2MoFeS3I3,1.4262,-1.1053,97.3721,30.0000,25.3180,6.4506,15.1997,29.5151,0.0534,0.1189,0.0467,0.0774
Rb2NbZnO3F3,2.0282,-2.7182,35.5632,30.0000,17.6005,6.1905,9.4879,26.0583,0.0534,0.0393,0.0414,0.0845
Cs2CrWSe6,1.1628,-1.1658,89.2266,30.0000,24.4299,9.6233,2.0268,29.3966,0.0535,0.2359,0.0458,0.4446
Cs2SnNbS3I3,1.5763,-1.2339,91.2813,30.0000,24.5462,5.6633,15.6747,29.2440,0.0535,0.0687,0.0462,0.0738
Cs2TaZnO3I3,1.5541,-1.9710,92.8560,30.0000,24.7001,5.7296,15.7712,29.3040,0.0535,0.0770,0.0464,0.0738
Cs2ZrFeS3I3,1.3673,-1.3814,97.8379,30.0000,25.3425,7.1308,12.9206,29.5692,0.0535,0.1484,0.0468,0.0877
Rb2MoBiO3F3,2.0903,-2.2865,26.7453,30.0000,16.5013,6.1859,8.6106,25.1056,0.0535,0.0447,0.0409,0.0871
K2TiSbO3Cl3,2.2679,-2.0773,0.1699,30.0000,13.2991,6.0611,6.1511,21.9612,0.0536,0.0639,0.0389,0.0959
Cs2GeVSe3I3,1.1712,-1.1658,89.9183,30.0000,24.5081,9.4272,2.5371,29.4097,0.0536,0.2283,0.0459,0.3618
Cs2CrMoS3I3,1.4069,-1.1855,97.7971,30.0000,25.3072,6.7839,14.0699,29.5545,0.0536,0.1317,0.0468,0.0818
Rb2FeSbS3I3,0.9367,-0.9508,19.0491,30.0000,15.5393,11.1050,1.0000,28.5517,0.0536,0.2147,0.0367,0.5773
Cs2SnNbSe3Br3,1.1810,-1.4490,91.1476,30.0000,24.6071,9.3676,2.7118,29.4515,0.0536,0.2275,0.0460,0.3368
Cs2MoGaSe3Br3,1.2748,-1.3537,96.6476,30.0000,25.1728,8.2319,7.5065,29.5596,0.0536,0.1883,0.0467,0.1368
Cs2TiInSe3Br3,1.2880,-1.6760,96.8760,30.0000,25.2248,8.0613,8.5284,29.5277,0.0536,0.1821,0.0467,0.1227
Cs2SnGaSe3Br3,1.5464,-1.2410,94.2537,30.0000,24.7958,5.7889,15.8305,29.3398,0.0536,0.0823,0.0466,0.0740
Rb2GeWO3S3,2.0479,-1.6198,32.9693,30.0000,17.1885,6.1904,9.1681,25.7443,0.0536,0.0409,0.0413,0.0856
Cs2ZrCrS3I3,1.4148,-1.4433,98.2672,30.0000,25.3455,6.5817,14.8674,29.5655,0.0536,0.1250,0.0469,0.0789
Cs2TiSbSe3Br3,1.2430,-1.4813,95.3244,30.0000,25.0267,8.6423,5.6888,29.5240,0.0537,0.2014,0.0465,0.1757
Cs2TaMnS3I3,1.6317,-1.2709,89.2811,30.0000,24.1032,5.5716,15.3388,29.1157,0.0537,0.0562,0.0462,0.0743
Cs2MnBiSe3I3,1.0693,-1.0982,76.0096,30.0000,22.6283,10.4776,1.0000,29.1310,0.0537,0.2574,0.0443,0.7575
Rb2ZrFeO3F3,2.0334,-2.7629,36.4520,30.0000,17.5479,6.2225,9.3633,25.9827,0.0537,0.0427,0.0416,0.0858
Cs2NbMnS3I3,1.4585,-1.2634,97.7788,30.0000,25.1858,6.2431,15.4074,29.4948,0.0537,0.1083,0.0469,0.0765
Cs2NbFeSe3Br3,1.2691,-1.4200,97.5375,30.0000,25.2268,8.2528,7.4398,29.5122,0.0537,0.1888,0.0468,0.1395
Cs2GeInSe3Br3,1.4727,-1.2490,97.9359,30.0000,25.1633,6.1525,15.7410,29.4757,0.0537,0.1058,0.0469,0.0755
Cs2SnFeF3I3,1.3919,-1.9507,99.1575,30.0000,25.3888,6.8542,14.0113,29.5438,0.0538,0.1363,0.0470,0.0828
K2GeFeS3Br3,0.9169,-1.2066,6.2868,30.0000,13.9209,11.0928,1.0000,28.4032,0.0538,0.1965,0.0348,0.5245
Cs2CrAgS3I3,1.2999,-1.1233,98.0226,30.0000,25.2460,7.9312,9.0708,29.5469,0.0538,0.1773,0.0468,0.1168
Rb2SnMoO6,2.0602,-2.0816,32.1825,30.0000,16.9996,6.1828,9.1018,25.6088,0.0538,0.0431,0.0413,0.0860
Cs2NbZnSe3Br3,1.2557,-1.4579,96.5036,30.0000,25.1429,8.4609,6.4838,29.5236,0.0538,0.1967,0.0467,0.1558
Cs2MoInS3I3,1.6014,-1.1359,92.1867,30.0000,24.3436,5.6017,15.5696,29.2114,0.0538,0.0666,0.0465,0.0745
Cs2NbMnSe3Br3,1.2732,-1.5280,97.6377,30.0000,25.1882,8.2858,7.2139,29.5200,0.0538,0.1887,0.0468,0.1426
Cs2SbZnO3I3,1.4508,-1.3448,98.7741,30.0000,25.2256,6.2711,15.5287,29.5060,0.0538,0.1120,0.0470,0.0764
Rb2GeTaO3F3,2.0331,-2.6842,36.1135,30.0000,17.4764,6.1702,9.4579,25.8930,0.0538,0.0420,0.0416,0.0853
Cs2SnZnBr3I3,1.0929,-1.3261,81.3527,30.0000,23.2246,10.2825,1.0000,29.1886,0.0538,0.2556,0.0450,0.7616
Cs2FeSbO3I3,1.3984,-1.3429,99.8554,30.0000,25.3665,6.7631,14.2474,29.4845,0.0539,0.1321,0.0471,0.0819
K2GeFeCl3I3,0.9203,-1.2899,5.2780,30.0000,13.7930,11.0882,1.0000,28.4171,0.0539,0.1949,0.0346,0.5205
Cs2TiSbS3I3,1.5438,-1.3397,95.4628,30.0000,24.7707,5.7266,15.9412,29.3299,0.0539,0.0793,0.0467,0.0741
Rb2WFeO3F3,2.0728,-2.5344,29.9691,30.0000,16.7318,6.2050,8.8083,25.3896,0.0539,0.0439,0.0411,0.0865
Cs2MnSbF3I3,1.4607,-2.0480,98.9396,30.0000,25.2093,6.2307,15.4989,29.4859,0.0539,0.1099,0.0471,0.0765
Rb2TaSbO6,2.0901,-2.5857,27.7171,30.0000,16.4351,6.1952,8.6268,25.1457,0.0539,0.0468,0.0410,0.0872
Cs2MoAgO3I3,1.4710,-1.3630,98.5468,30.0000,25.1422,6.1414,15.6065,29.4717,0.0539,0.1048,0.0470,0.0759
Rb2SnMoO3S3,2.0794,-1.7579,29.2650,30.0000,16.6592,6.2144,8.7269,25.3182,0.0539,0.0454,0.0411,0.0873
Cs2MoFeSe3Br3,1.2511,-1.2548,97.2316,30.0000,25.1263,8.5605,6.0270,29.5091,0.0539,0.1999,0.0468,0.1660
Cs2GeSbS3I3,1.5332,-0.9847,96.5518,30.0000,24.8612,5.8247,15.8906,29.3443,0.0539,0.0876,0.0469,0.0743
Cs2MnZnCl3I3,1.3668,-1.5218,99.6690,30.0000,25.3269,7.1723,12.6150,29.5283,0.0539,0.1502,0.0471,0.0899
Cs2MnSbO3I3,1.4092,-1.4623,99.9603,30.0000,25.3434,6.7219,14.4332,29.5419,0.0539,0.1318,0.0471,0.0808
Cs2MoSbO3I3,1.5534,-1.4186,95.5357,30.0000,24.7269,5.7122,15.8507,29.3311,0.0539,0.0765,0.0468,0.0743
Cs2SnSbO3I3,1.5955,-1.3419,93.1796,30.0000,24.4060,5.6451,15.5943,29.2252,0.0540,0.0682,0.0466,0.0747
Rb2ZrGaO3Cl3,2.0569,-2.3378,33.3944,30.0000,17.0746,6.1885,9.1312,25.6083,0.0540,0.0434,0.0415,0.0864
Cs2AgGaI6,1.0580,-1.1585,74.3233,30.0000,22.2253,10.5686,1.0000,29.0793,0.0540,0.2626,0.0441,0.7633
Cs2ZrFeSe3Br3,1.2463,-1.6063,97.6968,30.0000,25.0628,8.5722,5.9794,29.5032,0.0540,0.2014,0.0469,0.1682
Cs2NbFeS3I3,1.5260,-1.2333,97.6784,30.0000,24.9044,5.8268,15.9077,29.3311,0.0540,0.0876,0.0471,0.0746
Rb2GeZnO3S3,2.0067,-1.6645,41.4745,30.0000,18.0034,6.1760,9.8582,26.2903,0.0541,0.0386,0.0422,0.0847
Cs2SnInS3I3,1.6418,-1.0698,90.0082,30.0000,23.9018,5.5815,15.1910,29.0595,0.0541,0.0555,0.0464,0.0751
Cs2MnCuCl3I3,1.2865,-1.3651,99.8885,30.0000,25.2675,8.1135,8.2642,29.5754,0.0541,0.1851,0.0471,0.1275
Cs2VZnS3I3,1.3856,-1.2114,101.3428,30.0000,25.3518,6.9078,13.6742,29.5690,0.0541,0.1393,0.0473,0.0849
Cs2TaMnO3I3,1.5970,-2.0331,93.9001,30.0000,24.4070,5.6266,15.5929,29.2018,0.0541,0.0648,0.0467,0.0746
Cs2FeMnSe3I3,1.1216,-1.1641,87.6458,30.0000,23.7843,10.0387,1.3145,29.3148,0.0542,0.2504,0.0458,0.6715
Cs2CrMoSe3Br3,1.2230,-1.3239,97.6562,30.0000,24.9649,8.8688,4.5233,29.5031,0.0542,0.2123,0.0468,0.2167
Cs2MnGaS3I3,1.3099,-1.1605,101.2894,30.0000,25.3474,7.7853,9.8732,29.5556,0.0542,0.1732,0.0473,0.1111
Cs2TiGaSe3Br3,1.3690,-1.6359,101.9802,30.0000,25.3699,7.0989,12.9135,29.5623,0.0542,0.1481,0.0474,0.0888
Cs2GeCrSe3I3,1.1371,-1.0978,89.8058,30.0000,24.0510,9.8563,1.6615,29.3458,0.0542,0.2444,0.0460,0.5400
Cs2MoWS3Se3,1.5107,-1.1182,99.0054,30.0000,24.9833,5.8920,15.8998,29.3841,0.0542,0.0917,0.0471,0.0750
Cs2VCuS3I3,1.4166,-1.1682,101.5695,30.0000,25.3043,6.6431,14.6536,29.5414,0.0542,0.1287,0.0474,0.0804
Cs2WAgS3I3,1.6983,-1.0827,85.5755,30.0000,23.2312,5.6492,14.4587,28.8017,0.0542,0.0431,0.0460,0.0766
Cs2SnMnF3I3,1.5280,-2.0655,99.2609,30.0000,24.9314,5.8650,15.8004,29.4131,0.0542,0.0879,0.0472,0.0752
Rb2SnBiO3F3,2.1121,-2.3670,25.6907,30.0000,16.0227,6.1681,8.2754,24.7122,0.0543,0.0472,0.0410,0.0890
Cs2SnFeO3I3,1.4959,-1.2989,100.1829,30.0000,25.0740,5.9859,15.8442,29.4746,0.0543,0.0981,0.0473,0.0758
Cs2ZrWS3Se3,1.5231,-1.3928,99.4885,30.0000,24.9424,5.8467,15.8791,29.3902,0.0543,0.0896,0.0473,0.0753
Cs2AgGaF3I3,1.4542,-1.9733,101.3316,30.0000,25.2026,6.2598,15.4511,29.4913,0.0543,0.1133,0.0475,0.0773
Cs2SnZnF3I3,1.5474,-2.0344,98.0910,30.0000,24.7987,5.7618,15.8196,29.3095,0.0543,0.0845,0.0471,0.0751
Cs2TaCuSe3Cl3,1.4167,-1.4301,102.1780,30.0000,25.2837,6.5841,14.7544,29.5139,0.0543,0.1288,0.0475,0.0804
Rb2ZrMoO6,2.0579,-2.7399,34.0928,30.0000,16.9821,6.1915,9.0701,25.5909,0.0544,0.0455,0.0417,0.0869
Cs2VMnS3I3,1.4168,-1.2734,102.5923,30.0000,25.3020,6.6006,14.6779,29.5275,0.0544,0.1273,0.0475,0.0810
Rb2SnCrO3S3,2.0783,-1.7695,31.7896,30.0000,16.6807,6.2209,8.7617,25.3717,0.0544,0.0459,0.0414,0.0882
Cs2NbCuO3I3,1.4475,-1.8420,102.3287,30.0000,25.2543,6.3219,15.3789,29.5114,0.0544,0.1149,0.0474,0.0779
Cs2VFeS3I3,1.3097,-1.2174,102.4818,30.0000,25.3049,7.7380,9.9312,29.5398,0.0544,0.1718,0.0475,0.1109
Cs2VZnSe3I3,1.1070,-1.2160,87.1809,30.0000,23.5707,10.1809,1.0000,29.2602,0.0544,0.2598,0.0457,0.7762
Cs2SnInO3I3,1.6150,-1.4556,94.6768,30.0000,24.2129,5.6075,15.3884,29.1372,0.0544,0.0622,0.0469,0.0756
Cs2TiMoSe6,1.2105,-1.3206,98.5341,30.0000,24.8707,9.0581,3.8181,29.4846,0.0545,0.2210,0.0470,0.2539
Cs2MnSbS3I3,1.1642,-1.1005,94.7262,30.0000,24.3799,9.5680,2.2253,29.3996,0.0545,0.2383,0.0466,0.4162
K2SnNbO3F3,2.2861,-2.7095,0.2195,30.0000,12.9886,5.9896,5.9841,21.5070,0.0545,0.0661,0.0394,0.0982
Cs2TiFeS3I3,1.3123,-1.3485,102.8313,30.0000,25.3018,7.7858,9.7110,29.5821,0.0545,0.1750,0.0475,0.1123
Cs2GeCrS3I3,1.3934,-1.1277,104.2581,30.0000,25.4243,6.8217,14.1923,29.5616,0.0545,0.1389,0.0477,0.0836
Cs2TaCuS3I3,1.6912,-1.1918,88.5090,30.0000,23.3897,5.6225,14.6107,28.8438,0.0545,0.0456,0.0464,0.0771
Cs2TaFeSe3Cl3,1.4577,-1.5426,103.0997,30.0000,25.1664,6.2450,15.4764,29.5123,0.0546,0.1128,0.0476,0.0775
Cs2TiCrS3I3,1.4541,-1.4237,103.3055,30.0000,25.2264,6.3231,15.2666,29.5199,0.0546,0.1155,0.0477,0.0785
Cs2TaMnSe3Cl3,1.4759,-1.5960,103.2114,30.0000,25.1577,6.1907,15.6114,29.4843,0.0546,0.1111,0.0477,0.0773
Cs2CrWS3Se3,1.4135,-1.2506,104.1464,30.0000,25.3219,6.6184,14.6672,29.4963,0.0547,0.1303,0.0477,0.0814
Cs2GeVS3I3,1.3838,-1.1987,104.4065,30.0000,25.3840,6.9015,13.6931,29.5798,0.0547,0.1404,0.0477,0.0857
Cs2MnInO3I3,1.5149,-1.5749,101.6224,30.0000,24.9842,5.9291,15.7182,29.3786,0.0547,0.0939,0.0475,0.0763
Cs2VNbSe6,1.1905,-1.2725,98.5261,30.0000,24.7024,9.2268,3.1274,29.4260,0.0547,0.2283,0.0471,0.3060
Cs2GeBiS3I3,1.6991,-1.0066,88.3459,30.0000,23.2446,5.6107,14.5452,28.7735,0.0547,0.0443,0.0465,0.0772
Cs2SnBiO3I3,1.7240,-1.3803,85.2444,30.0000,22.8868,5.6995,14.1388,28.7012,0.0547,0.0423,0.0461,0.0779
Cs2CrWO3I3,1.6394,-1.5919,93.6056,30.0000,23.9214,5.5870,15.2299,29.0607,0.0547,0.0549,0.0469,0.0761
Cs2TaZnSe3Cl3,1.5077,-1.5035,101.9490,30.0000,24.9881,5.9321,15.7985,29.3795,0.0547,0.0943,0.0476,0.0761
Cs2ZrInS3I3,1.6603,-1.4244,92.5977,30.0000,23.7333,5.5854,14.9915,28.9418,0.0547,0.0524,0.0468,0.0765
Cs2MoMnSe6,1.1819,-1.0994,97.7491,30.0000,24.6505,9.3477,2.7724,29.4105,0.0547,0.2340,0.0470,0.3420
Cs2TaFeS3Br3,1.4689,-1.4657,103.8921,30.0000,25.1712,6.1470,15.7206,29.4756,0.0548,0.1108,0.0478,0.0772
Cs2MoGaS3I3,1.6111,-1.1229,96.7862,30.0000,24.2462,5.6042,15.4318,29.1347,0.0548,0.0602,0.0472,0.0762
Cs2CrMoSe6,1.1869,-1.1689,98.0765,30.0000,24.6642,9.3292,2.8265,29.4242,0.0548,0.2324,0.0470,0.3350
Cs2CrAgO3I3,1.4853,-1.4370,103.5458,30.0000,25.1321,6.0325,15.7412,29.4438,0.0548,0.0997,0.0478,0.0770
Cs2MoSbSe3Br3,1.1147,-1.1829,90.6141,30.0000,23.7106,10.0952,1.1239,29.2449,0.0548,0.2597,0.0462,0.7686
Cs2WInS3I3,1.7396,-1.1773,84.3945,30.0000,22.6953,5.6986,13.9447,28.6236,0.0548,0.0379,0.0461,0.0784
Cs2TaCuS3Br3,1.4958,-1.3687,102.9551,30.0000,25.0346,6.0051,15.7345,29.4060,0.0548,0.0981,0.0477,0.0769
Cs2MnZnF3I3,1.3720,-2.0653,105.6415,30.0000,25.3821,7.0864,13.1109,29.5556,0.0548,0.1497,0.0479,0.0895
Cs2TiWS3Se3,1.4591,-1.3894,104.6632,30.0000,25.2081,6.2647,15.4128,29.4918,0.0548,0.1158,0.0478,0.0784
Cs2GeBiO3I3,1.6631,-1.3607,92.7024,30.0000,23.6786,5.6002,14.9567,28.9766,0.0548,0.0513,0.0468,0.0768
Cs2TiInS3I3,1.6044,-1.3977,97.0149,30.0000,24.2913,5.5936,15.6231,29.1411,0.0548,0.0674,0.0472,0.0756
Cs2VTaS3Se3,1.3394,-1.3225,105.0025,30.0000,25.3111,7.4445,11.4265,29.5693,0.0549,0.1647,0.0478,0.0994
Cs2MnCuF3I3,1.3672,-1.9718,105.8877,30.0000,25.3940,7.0878,13.0842,29.5861,0.0549,0.1510,0.0479,0.0894
Cs2GeZnBr6,1.2393,-1.4722,102.0892,30.0000,25.0050,8.6773,5.3331,29.4767,0.0549,0.2109,0.0475,0.1898
Cs2MoSbSe3Cl3,1.4428,-1.2297,105.2209,30.0000,25.2550,6.3618,15.3301,29.5175,0.0549,0.1199,0.0479,0.0787
Cs2MnBiO3Br3,1.3793,-1.5593,106.2435,30.0000,25.3862,6.9925,13.4846,29.5610,0.0549,0.1490,0.0480,0.0872
Cs2MoWO3Se3,1.4547,-1.4907,104.7447,30.0000,25.1486,6.3245,15.2812,29.4539,0.0549,0.1179,0.0479,0.0792
Cs2GeTaO3I3,1.6293,-1.9425,95.7201,30.0000,24.0882,5.6011,15.3117,29.0710,0.0549,0.0602,0.0471,0.0763
Cs2NbZnS3I3,1.6204,-1.2436,96.6434,30.0000,24.1347,5.6098,15.3457,29.1270,0.0549,0.0607,0.0472,0.0764
Rb2MoAgO3F3,2.0666,-2.3440,35.2216,30.0000,16.8697,6.1847,8.9279,25.4353,0.0549,0.0444,0.0420,0.0884
Cs2GeMnCl3I3,1.2435,-1.4174,102.6972,30.0000,25.0506,8.5984,5.8177,29.5175,0.0549,0.2065,0.0476,0.1766
Cs2WSbSe3F3,1.5718,-1.8376,100.5222,30.0000,24.5810,5.6441,15.8272,29.2452,0.0549,0.0749,0.0476,0.0758
Cs2MoSbS3Br3,1.4241,-1.2091,106.0507,30.0000,25.2996,6.5097,15.0694,29.5324,0.0550,0.1275,0.0480,0.0801
Cs2CrMnS3I3,1.5334,-1.2305,102.4431,30.0000,24.8415,5.8555,15.8715,29.3636,0.0550,0.0909,0.0478,0.0761
Cs2SnMoSe6,1.1176,-0.9907,91.2529,30.0000,23.7013,10.0821,1.1863,29.2851,0.0550,0.2583,0.0463,0.7501
Cs2TaFeO3I3,1.6616,-1.9322,93.8078,30.0000,23.6943,5.6223,14.9357,28.9764,0.0550,0.0514,0.0470,0.0773
Cs2GeNbS3I3,1.5945,-1.2451,99.6029,30.0000,24.4391,5.6154,15.6231,29.2300,0.0550,0.0656,0.0475,0.0762
Cs2WSbO3Br3,1.5665,-1.4768,101.1302,30.0000,24.6212,5.6939,15.7540,29.2590,0.0550,0.0773,0.0476,0.0761
Na2GeCuF3I3,0.9088,-1.8599,5.9071,30.0000,13.4250,11.1178,1.0000,28.3470,0.0551,0.1983,0.0348,0.5255
Cs2GeZnCl3I3,1.5591,-1.4057,101.4912,30.0000,24.6862,5.7300,15.7029,29.2986,0.0551,0.0782,0.0477,0.0764
Cs2FeMnF3I3,1.4104,-1.9972,106.8802,30.0000,25.3444,6.6925,14.4683,29.5525,0.0551,0.1352,0.0480,0.0829
Cs2WMnS3Se3,1.5135,-1.1483,103.7770,30.0000,24.9149,5.9039,15.7846,29.3847,0.0551,0.0949,0.0479,0.0767
Cs2MnGaO3I3,1.4141,-1.5798,107.2421,30.0000,25.3582,6.5944,14.8794,29.5409,0.0551,0.1305,0.0482,0.0816
Cs2MnBiO3Se3,1.4531,-1.4330,106.7313,30.0000,25.2425,6.2659,15.5600,29.5097,0.0551,0.1157,0.0481,0.0784
Cs2VMnSe3Br3,1.2157,-1.4988,102.4461,30.0000,24.8941,8.9264,4.3558,29.4862,0.0552,0.2199,0.0476,0.2285
Cs2SnGeF3I3,1.5799,-1.9924,101.0831,30.0000,24.5105,5.6345,15.7332,29.2687,0.0552,0.0719,0.0477,0.0763
Cs2SnTaS3I3,1.7602,-1.2495,83.8523,30.0000,22.3586,5.7772,13.5505,28.4739,0.0552,0.0399,0.0461,0.0797
Cs2MnSbSe3I3,1.0624,-1.0676,82.2485,30.0000,22.4392,10.5426,1.0000,29.1000,0.0553,0.2709,0.0453,0.7911
Cs2NbZnO3I3,1.5746,-1.9481,102.0987,30.0000,24.5953,5.6423,15.7345,29.3058,0.0553,0.0725,0.0478,0.0766
Na2GeBiO3F3,2.2533,-2.1833,8.0035,30.0000,13.5806,6.0323,6.4533,22.1770,0.0553,0.0638,0.0403,0.0976
Rb2ZrInO3Cl3,2.1080,-2.2836,30.5208,30.0000,16.1457,6.1902,8.3641,24.8401,0.0553,0.0508,0.0418,0.0908
Cs2MnZnBr3I3,1.0835,-1.3941,86.4722,30.0000,22.9519,10.3720,1.0000,29.1753,0.0553,0.2665,0.0457,0.7902
K2MnBiSe6,0.9029,-0.9549,0.3556,30.0000,12.6298,11.0962,1.0000,28.3051,0.0553,0.1892,0.0340,0.5012
Cs2WFeSe3Cl3,1.5728,-1.3454,102.4166,30.0000,24.6156,5.6420,15.8054,29.2654,0.0553,0.0747,0.0478,0.0763
Cs2ZrSbS3I3,1.6988,-1.3485,91.1481,30.0000,23.1956,5.6358,14.4727,28.8044,0.0553,0.0440,0.0469,0.0783
Cs2SnCuF3I3,1.1557,-1.9416,98.3035,30.0000,24.3079,9.6909,1.9244,29.3812,0.0554,0.2492,0.0472,0.4889
Cs2GeGaSe3Br3,1.5680,-1.2331,102.9512,30.0000,24.5948,5.6313,15.8068,29.2575,0.0554,0.0752,0.0479,0.0766
Cs2CuZnCl3I3,1.1577,-1.3156,98.7034,30.0000,24.3217,9.6613,2.0224,29.3776,0.0554,0.2476,0.0472,0.4621
Cs2NbCuSe3I3,1.0619,-1.1696,83.8419,30.0000,22.5269,10.5330,1.0000,29.1341,0.0554,0.2712,0.0455,0.7944
Na2ZrGaO3F3,2.2892,-2.6885,2.6933,30.0000,12.9564,6.0155,5.8597,21.4919,0.0554,0.0694,0.0399,0.1020
Cs2MoAgSe3I3,1.0537,-1.0256,81.5223,30.0000,22.2137,10.6080,1.0000,29.0975,0.0554,0.2726,0.0451,0.7913
Cs2NbMnO3I3,1.5678,-2.0573,103.3668,30.0000,24.6303,5.6662,15.8037,29.2837,0.0554,0.0745,0.0480,0.0767
Rb2CrMnO3F3,2.0449,-2.5526,40.2368,30.0000,17.2075,6.1818,9.3433,25.7540,0.0555,0.0445,0.0425,0.0881
Cs2MnSbBr3I3,1.0569,-1.3183,81.9386,30.0000,22.2702,10.5961,1.0000,29.0739,0.0555,0.2742,0.0452,0.7929
Cs2GeSbO3I3,1.5968,-1.3244,101.7807,30.0000,24.3715,5.5957,15.6396,29.1768,0.0555,0.0680,0.0478,0.0768
Cs2GeFeF3I3,1.2997,-1.9529,108.6780,30.0000,25.3052,7.8876,9.2327,29.5358,0.0555,0.1839,0.0484,0.1208
Cs2TiFeSe3Br3,1.1886,-1.5196,102.6848,30.0000,24.6662,9.2931,2.9402,29.4863,0.0555,0.2364,0.0476,0.3313
Cs2ZrCrSe3Br3,1.1418,-1.6407,98.1257,30.0000,24.0885,9.7811,1.7521,29.3526,0.0556,0.2528,0.0472,0.5344
Cs2GeMoSe6,1.1528,-0.9986,99.5741,30.0000,24.2704,9.7091,1.8739,29.3995,0.0556,0.2514,0.0474,0.5010
Cs2WSbSe3Cl3,1.6789,-1.2580,95.0965,30.0000,23.4873,5.6107,14.7000,28.8888,0.0556,0.0496,0.0473,0.0783
Cs2CrMoO3I3,1.5827,-1.5567,103.3856,30.0000,24.4886,5.6069,15.7559,29.1983,0.0556,0.0709,0.0481,0.0769
Cs2WSbS3Br3,1.6689,-1.2083,95.7641,30.0000,23.5917,5.6109,14.7941,28.9086,0.0556,0.0514,0.0474,0.0784
Cs2ZrInO3I3,1.6546,-2.0951,97.5474,30.0000,23.7633,5.5963,15.0167,29.0244,0.0556,0.0532,0.0475,0.0779
Cs2TiCrSe3Br3,1.1863,-1.6311,103.1585,30.0000,24.6558,9.3303,2.8513,29.4615,0.0556,0.2384,0.0478,0.3388
Cs2GeFeO3I3,1.3212,-1.3913,109.8649,30.0000,25.3281,7.6207,10.5304,29.5979,0.0557,0.1736,0.0485,0.1080
Rb2GeNbO3Cl3,2.0658,-2.1725,38.3619,30.0000,16.8645,6.1868,8.9313,25.5129,0.0557,0.0451,0.0424,0.0899
Cs2GeNbSe3Br3,1.1514,-1.3694,99.4653,30.0000,24.2528,9.6999,1.9192,29.3351,0.0557,0.2500,0.0474,0.4921
Rb2MoInO3Cl3,2.1186,-1.9021,30.3357,30.0000,15.9690,6.1773,8.1854,24.5936,0.0557,0.0517,0.0419,0.0924
Cs2WGaS3I3,1.7488,-1.1679,88.2355,30.0000,22.5679,5.7145,13.8435,28.5328,0.0558,0.0381,0.0467,0.0803
Rb2VNbO6,2.0738,-2.7289,37.6427,30.0000,16.7699,6.1927,8.9044,25.3790,0.0558,0.0458,0.0424,0.0901
Cs2SnNbS3Br3,1.5321,-1.3868,106.7919,30.0000,24.7946,5.8573,15.8182,29.3727,0.0558,0.0918,0.0483,0.0774
Cs2VCuO3I3,1.5185,-1.7136,107.6138,30.0000,24.9210,5.9108,15.8275,29.4151,0.0558,0.0974,0.0484,0.0777
Cs2FeMnS3I3,1.1675,-1.1732,101.9767,30.0000,24.4197,9.4959,2.3683,29.3612,0.0558,0.2440,0.0477,0.4026
Cs2SnCuS3Se3,1.3689,-0.9013,111.2735,30.0000,25.3835,7.1159,12.9886,29.5959,0.0558,0.1548,0.0486,0.0919
Cs2ZrCrSe6,1.1292,-1.3256,98.5498,30.0000,23.9839,9.9547,1.3758,29.3287,0.0558,0.2618,0.0473,0.6691
Cs2TaSbS3Se3,1.6721,-1.1219,96.7916,30.0000,23.5425,5.6540,14.7691,28.9280,0.0559,0.0574,0.0475,0.0787
Cs2GeMnF3I3,1.5190,-2.0253,108.7976,30.0000,24.9973,5.8506,15.9741,29.4377,0.0559,0.0943,0.0485,0.0775
Cs2WInO3I3,1.7469,-1.5724,88.4845,30.0000,22.5312,5.7510,13.8250,28.6091,0.0559,0.0436,0.0467,0.0803
Cs2SnVSe3Cl3,1.3918,-1.5768,111.6353,30.0000,25.3590,6.9213,13.6582,29.5558,0.0559,0.1478,0.0488,0.0881
Cs2WFeS3I3,1.7461,-1.1021,88.6483,30.0000,22.5231,5.7155,13.8440,28.5530,0.0559,0.0388,0.0468,0.0801
Cs2TaFeS3I3,1.7428,-1.2399,89.1976,30.0000,22.5978,5.7157,13.9668,28.5778,0.0559,0.0387,0.0468,0.0800
Cs2MoSbSe3F3,1.3355,-1.9201,111.9030,30.0000,25.3729,7.5021,11.1724,29.5718,0.0559,0.1704,0.0488,0.1045
Cs2WAgO3Br3,1.5949,-1.5509,104.4223,30.0000,24.3751,5.6008,15.6572,29.2135,0.0559,0.0682,0.0482,0.0775
Rb2TiInO3Cl3,2.1076,-2.3305,33.2010,30.0000,16.1511,6.1846,8.4048,24.8359,0.0560,0.0501,0.0422,0.0922
Cs2ZrMoS3Se3,1.4775,-1.3860,110.6282,30.0000,25.1554,6.0896,15.8076,29.4957,0.0560,0.1089,0.0487,0.0786
Cs2VSbS3Se3,1.3843,-1.0465,112.6968,30.0000,25.3469,6.9414,13.6085,29.5511,0.0560,0.1496,0.0489,0.0886
Cs2TaCuO3Br3,1.5188,-2.0048,109.1664,30.0000,24.9198,5.9081,15.8246,29.3790,0.0561,0.0964,0.0487,0.0782
Cs2ZrGaS3I3,1.6793,-1.4218,97.2418,30.0000,23.4749,5.5867,14.7506,28.8952,0.0561,0.0504,0.0476,0.0789
Rb2CrWO3F3,2.1285,-2.6125,30.2019,30.0000,15.7944,6.1634,8.0812,24.4708,0.0561,0.0521,0.0420,0.0936
Rb2GeBiO3F3,2.1018,-2.3197,33.8272,30.0000,16.2070,6.1937,8.4173,24.9091,0.0561,0.0502,0.0423,0.0923
Cs2SnTaS3Br3,1.6880,-1.4577,96.6858,30.0000,23.3908,5.6168,14.6340,28.8410,0.0561,0.0486,0.0476,0.0792
Cs2MnInSe6,1.1061,-1.1054,96.5280,30.0000,23.5949,10.1668,1.0124,29.2243,0.0561,0.2698,0.0470,0.8049
Cs2CrWS3I3,1.7541,-1.2214,89.0008,30.0000,22.4417,5.7471,13.7567,28.5399,0.0561,0.0385,0.0469,0.0807
Cs2TiBiS3I3,1.7675,-1.3519,87.1486,30.0000,22.2465,5.7670,13.5555,28.4959,0.0561,0.0380,0.0467,0.0812
Cs2SnVS3Br3,1.3332,-1.3704,112.5778,30.0000,25.3288,7.4871,11.1658,29.5811,0.0561,0.1706,0.0489,0.1039
Cs2SnCrS3Se3,1.4217,-1.0479,112.9390,30.0000,25.2511,6.5223,14.9447,29.5419,0.0561,0.1313,0.0490,0.0828
Cs2SnTaO3I3,1.7652,-2.0140,87.9119,30.0000,22.2774,5.7448,13.5677,28.4519,0.0561,0.0381,0.0468,0.0813
Cs2ZrBiS3I3,1.7928,-1.3681,83.5404,30.0000,21.8131,5.8188,13.1647,28.2830,0.0562,0.0345,0.0464,0.0819
Na2SbCuSe3Br3,0.8993,-1.0140,0.2496,30.0000,12.4054,11.1161,1.0000,28.2980,0.0562,0.1905,0.0341,0.5030
Cs2TaMnO3Br3,1.5165,-2.0848,110.3487,30.0000,24.9364,5.8755,15.9337,29.3758,0.0562,0.0962,0.0488,0.0781
Cs2WBiO3Br3,1.7337,-1.5561,91.8259,30.0000,22.7049,5.6862,14.0243,28.6052,0.0562,0.0437,0.0472,0.0805
Cs2CuZnF3I3,1.1681,-1.9569,104.5568,30.0000,24.4536,9.5468,2.2701,29.4143,0.0562,0.2496,0.0480,0.4256
K2TiGaO3F3,2.3064,-2.8085,2.7672,30.0000,12.6239,5.9376,5.7066,21.1256,0.0563,0.0717,0.0404,0.1044
Na2GeGaS3Cl3,2.2561,-1.2541,10.7832,30.0000,13.5641,6.0429,6.4217,22.1515,0.0563,0.0659,0.0409,0.0998
Cs2SnCrO3I3,1.6616,-1.5209,100.6329,30.0000,23.7312,5.6105,14.8665,28.9969,0.0563,0.0531,0.0480,0.0793
Cs2NbTaS3Se3,1.6666,-1.2900,99.9748,30.0000,23.6528,5.5830,14.9357,28.9361,0.0563,0.0517,0.0480,0.0788
Rb2SnVO3Cl3,2.1224,-2.0864,31.2320,30.0000,15.8138,6.1961,8.1130,24.5345,0.0563,0.0547,0.0422,0.0935
Cs2TiGaS3I3,1.6476,-1.4029,102.1245,30.0000,23.8740,5.5974,15.0940,29.0550,0.0563,0.0563,0.0481,0.0790
K2GeGaO3F3,2.2428,-2.4127,12.9558,30.0000,13.7711,6.0881,6.5288,22.5023,0.0563,0.0641,0.0409,0.0998
Cs2WFeS3Br3,1.6339,-1.2832,103.2002,30.0000,24.0249,5.5716,15.2836,29.0849,0.0563,0.0583,0.0482,0.0786
Cs2GeZnF3I3,1.5803,-2.0198,107.4449,30.0000,24.5218,5.6560,15.6372,29.2211,0.0563,0.0726,0.0487,0.0784
Cs2ZrFeO3I3,1.6415,-2.0007,103.4345,30.0000,24.0167,5.6001,15.1531,29.0367,0.0564,0.0592,0.0483,0.0790
Cs2FeMnO3I3,1.5748,-1.5918,108.0732,30.0000,24.5864,5.6782,15.7053,29.3018,0.0564,0.0751,0.0486,0.0782
Cs2GeInS3I3,1.6879,-1.0653,98.0708,30.0000,23.3562,5.6210,14.6654,28.8863,0.0564,0.0501,0.0478,0.0797
Cs2SnTaSe3Cl3,1.7081,-1.6002,96.0064,30.0000,23.1354,5.6586,14.3800,28.8189,0.0564,0.0459,0.0475,0.0800
Cs2MoFeSe3Cl3,1.4315,-1.3036,114.2637,30.0000,25.2873,6.4629,15.1395,29.5334,0.0564,0.1289,0.0492,0.0823
Cs2VCuSe3Br3,1.1291,-1.3100,101.4244,30.0000,23.9781,9.9418,1.4606,29.3163,0.0564,0.2636,0.0477,0.6356
Cs2SbCuO3I3,1.1152,-1.3091,98.9895,30.0000,23.7132,10.0700,1.2071,29.2836,0.0564,0.2676,0.0474,0.7663
Cs2SnMoS3Se3,1.6020,-1.0166,106.9116,30.0000,24.3732,5.5924,15.5287,29.1739,0.0564,0.0687,0.0487,0.0784
K2SbCuSe3I3,0.8969,-0.8778,0.4992,30.0000,12.3629,11.0989,1.0000,28.2894,0.0564,0.1908,0.0341,0.5039
Rb2CrMoO3F3,2.0936,-2.6028,36.4918,30.0000,16.3045,6.1585,8.5520,24.9669,0.0564,0.0486,0.0426,0.0923
Cs2GeCuF3I3,1.1886,-1.9360,107.6899,30.0000,24.6020,9.3718,2.6608,29.4169,0.0565,0.2454,0.0485,0.3736
Rb2GeSbO3F3,2.0736,-2.3343,40.0670,30.0000,16.7169,6.1858,8.8169,25.3777,0.0565,0.0462,0.0429,0.0917
Cs2MoFeS3Br3,1.4097,-1.2771,115.2541,30.0000,25.3464,6.7308,14.3386,29.5504,0.0565,0.1407,0.0493,0.0861
Cs2SbAgO3Se3,1.4960,-1.2737,113.2372,30.0000,25.0833,5.9713,15.8833,29.4263,0.0565,0.1018,0.0492,0.0788
Rb2GeGaO3Cl3,2.0660,-1.8597,41.9277,30.0000,16.9165,6.1953,8.9903,25.5480,0.0565,0.0460,0.0430,0.0913
Cs2MoFeO3I3,1.6546,-1.5192,102.9110,30.0000,23.8158,5.5750,15.1351,29.0296,0.0565,0.0557,0.0483,0.0789
Cs2NbFeSe3Cl3,1.3186,-1.5175,114.6916,30.0000,25.3322,7.6630,10.3825,29.5552,0.0565,0.1814,0.0492,0.1117
Cs2NbMnSe3Cl3,1.3266,-1.5828,114.8301,30.0000,25.3220,7.5840,10.7319,29.5652,0.0565,0.1780,0.0492,0.1087
Cs2TaSbO3Se3,1.6641,-1.8813,102.2516,30.0000,23.7455,5.6010,14.8904,28.9907,0.0565,0.0519,0.0482,0.0798
Cs2FeZnF3I3,1.1670,-1.9679,105.5244,30.0000,24.3494,9.5753,2.2656,29.3824,0.0565,0.2514,0.0482,0.4295
Cs2MoMnS3Se3,1.4177,-1.1353,115.9587,30.0000,25.3627,6.6133,14.7380,29.5408,0.0566,0.1376,0.0494,0.0845
Cs2SnNbSe3Cl3,1.6186,-1.6104,105.9494,30.0000,24.1411,5.6076,15.3598,29.1191,0.0566,0.0650,0.0486,0.0789
K2ZrInO3F3,2.3163,-2.7975,2.1242,30.0000,12.4707,5.9815,5.5553,21.0682,0.0566,0.0743,0.0403,0.1062
Cs2NbFeS3Br3,1.3732,-1.4131,115.6902,30.0000,25.3428,7.0473,13.1891,29.5222,0.0566,0.1537,0.0494,0.0922
Cs2SnSbS3Br3,1.6533,-1.0706,103.1506,30.0000,23.7560,5.6105,14.9535,29.0335,0.0566,0.0564,0.0483,0.0798
Cs2SnTaO3Br3,1.6590,-2.0929,102.1413,30.0000,23.6983,5.5535,15.0902,28.9578,0.0566,0.0521,0.0483,0.0791
Cs2MnCuBr3I3,1.0502,-1.3123,86.6381,30.0000,22.1149,10.6256,1.0000,29.0449,0.0566,0.2830,0.0460,0.8172
Cs2GeTaS3I3,1.7600,-1.2489,91.0950,30.0000,22.3739,5.7438,13.6773,28.5275,0.0566,0.0388,0.0473,0.0820
Cs2FeCuF3I3,1.1567,-1.9131,105.7700,30.0000,24.3400,9.6546,2.0629,29.3750,0.0567,0.2551,0.0482,0.4721
Cs2NbCuS3Br3,1.2763,-1.3351,114.5246,30.0000,25.1925,8.2273,7.6714,29.5613,0.0567,0.2017,0.0492,0.1449
Cs2SnGaO3I3,1.6927,-1.4968,99.5359,30.0000,23.2678,5.6444,14.4908,28.8389,0.0567,0.0495,0.0480,0.0807
Rb2GeInO3F3,2.0703,-2.4029,42.2698,30.0000,16.8203,6.1980,8.9183,25.4513,0.0567,0.0464,0.0431,0.0921
Cs2MoBiO3Br3,1.6695,-1.5521,101.2417,30.0000,23.4959,5.5779,14.9173,28.8930,0.0567,0.0519,0.0482,0.0796
Rb2GeVO3Cl3,2.0698,-1.9947,41.9071,30.0000,16.7983,6.1932,8.9240,25.4596,0.0567,0.0464,0.0431,0.0920
Cs2NbCuSe3Cl3,1.2435,-1.4027,113.5472,30.0000,25.0756,8.6371,5.6804,29.5121,0.0568,0.2190,0.0491,0.1891
Cs2GeTaO3Br3,1.5451,-2.0129,112.1258,30.0000,24.7496,5.7766,15.7604,29.3111,0.0568,0.0877,0.0492,0.0792
Cs2NbTaO3Se3,1.6346,-2.1317,105.8120,30.0000,24.0322,5.6358,15.2627,29.1078,0.0568,0.0632,0.0486,0.0795
Cs2MoInO3I3,1.7186,-1.5947,97.0886,30.0000,22.9883,5.6297,14.2856,28.7427,0.0568,0.0402,0.0479,0.0809
Cs2MoSbO3Br3,1.5381,-1.5420,112.6712,30.0000,24.8119,5.7949,15.8131,29.3441,0.0568,0.0905,0.0493,0.0791
Cs2CrMoS3Se3,1.3087,-1.1909,116.4194,30.0000,25.3169,7.8151,9.6103,29.5568,0.0568,0.1881,0.0494,0.1201
Cs2GeTaSe3F3,1.5686,-2.2360,111.3957,30.0000,24.6445,5.6723,15.7942,29.2704,0.0568,0.0809,0.0491,0.0788
Cs2TiMoS3Se3,1.4188,-1.3898,117.0657,30.0000,25.3267,6.5509,14.9166,29.5084,0.0568,0.1346,0.0496,0.0842
Cs2VFeSe3Br3,1.1267,-1.3770,102.3357,30.0000,23.7975,10.0330,1.2354,29.3170,0.0569,0.2709,0.0479,0.7556
Cs2NbSbS3Se3,1.6262,-1.0613,106.9064,30.0000,24.0695,5.6222,15.2140,29.0976,0.0569,0.0620,0.0488,0.0797
Cs2WGaO3I3,1.7550,-1.6129,92.7153,30.0000,22.3765,5.7378,13.7557,28.5490,0.0569,0.0387,0.0475,0.0822
Cs2NbZnSe3Cl3,1.5368,-1.4691,113.2643,30.0000,24.8417,5.8178,15.7904,29.3450,0.0569,0.0941,0.0493,0.0791
Cs2SbZnO3Br3,1.4200,-1.5328,117.2323,30.0000,25.3225,6.5537,14.8095,29.5337,0.0569,0.1330,0.0496,0.0844
Cs2VNbS3Se3,1.3167,-1.2828,117.0551,30.0000,25.3292,7.6741,10.3042,29.5632,0.0569,0.1844,0.0496,0.1133
Cs2CrWO3Br3,1.5977,-1.6895,110.0025,30.0000,24.4269,5.6414,15.5207,29.2243,0.0569,0.0715,0.0490,0.0792
Cs2SnMnS3Se3,1.2264,-1.0663,112.5051,30.0000,24.8838,8.8492,4.6589,29.4837,0.0569,0.2276,0.0490,0.2242
Cs2ZrWO3Se3,1.6479,-2.0815,105.2888,30.0000,23.8496,5.6041,15.1494,29.0247,0.0569,0.0570,0.0486,0.0799
Rb2GeMoO3S3,2.0902,-1.6280,38.9839,30.0000,16.3807,6.1976,8.5784,25.1201,0.0570,0.0505,0.0430,0.0935
Cs2MoAgO3Br3,1.4792,-1.5070,116.5571,30.0000,25.1266,6.1132,15.6292,29.4891,0.0570,0.1116,0.0496,0.0808
Cs2GeCrO3I3,1.5931,-1.4863,110.3857,30.0000,24.3816,5.6513,15.4984,29.2169,0.0570,0.0729,0.0491,0.0796
Cs2GeTaS3Br3,1.6492,-1.4156,105.8138,30.0000,23.8423,5.5882,15.0826,29.0124,0.0570,0.0575,0.0487,0.0801
Cs2MnGaSe6,1.1107,-1.0790,101.5890,30.0000,23.6000,10.1070,1.1416,29.2445,0.0571,0.2728,0.0478,0.8035
Rb2GeCrO3S3,2.0706,-1.6644,42.7443,30.0000,16.7541,6.2154,8.7926,25.4368,0.0571,0.0491,0.0433,0.0932
Cs2SnInO3Br3,1.5874,-1.5896,111.3137,30.0000,24.4945,5.6339,15.6972,29.2135,0.0571,0.0776,0.0492,0.0791
Cs2GeZnI6,1.0159,-1.1441,77.8218,30.0000,20.8445,10.8469,1.0000,28.9697,0.0571,0.2832,0.0449,0.7989
Cs2SnGaS3I3,1.7496,-1.0736,94.3897,30.0000,22.4938,5.7326,13.7603,28.5340,0.0571,0.0429,0.0477,0.0824
Cs2SnWS3Se3,1.7362,-1.0604,96.4740,30.0000,22.7200,5.6973,13.9582,28.6380,0.0571,0.0410,0.0479,0.0821
Cs2GeTaSe3Cl3,1.6613,-1.5178,105.0206,30.0000,23.7349,5.6040,14.9072,28.9678,0.0571,0.0571,0.0487,0.0805
Cs2GeNbS3Br3,1.4874,-1.3805,117.5742,30.0000,25.1258,6.0539,15.7205,29.4679,0.0572,0.1073,0.0497,0.0809
Cs2FeSbO3Br3,1.4143,-1.5048,118.7636,30.0000,25.3152,6.6772,14.4978,29.5418,0.0572,0.1398,0.0498,0.0866
Cs2SnFeO3Br3,1.4015,-1.4426,119.2338,30.0000,25.3706,6.7426,14.3677,29.5353,0.0572,0.1455,0.0499,0.0871
Cs2MnSbO3Br3,1.4410,-1.5865,118.9122,30.0000,25.2744,6.4006,15.1407,29.4855,0.0572,0.1276,0.0499,0.0834
Cs2MnSbO3Se3,1.3818,-1.4200,119.5079,30.0000,25.3693,6.9829,13.4871,29.5603,0.0573,0.1557,0.0499,0.0912
Cs2VZnSe3Cl3,1.3461,-1.4766,119.7912,30.0000,25.3867,7.3157,12.0462,29.5936,0.0573,0.1702,0.0498,0.1007
Cs2TaZnS3I3,1.7990,-1.2462,88.3367,30.0000,21.6596,5.8456,13.0615,28.2827,0.0573,0.0369,0.0472,0.0839
Cs2TiCrSe6,1.1118,-1.3321,103.6215,30.0000,23.6129,10.1313,1.1342,29.2882,0.0573,0.2752,0.0481,0.8085
Cs2SnMnO3Se3,1.4431,-1.4718,119.9836,30.0000,25.2963,6.3422,15.3995,29.5216,0.0573,0.1257,0.0500,0.0828
Cs2VFeO3I3,1.6320,-1.8214,108.6390,30.0000,24.0116,5.5730,15.2807,29.0665,0.0573,0.0581,0.0490,0.0800
Cs2VCuSe3Cl3,1.3698,-1.4139,120.1073,30.0000,25.3736,7.0869,12.9914,29.5527,0.0573,0.1591,0.0500,0.0947
Cs2SnZnI6,1.0032,-1.1619,72.0942,30.0000,20.0021,10.8840,1.0000,28.8648,0.0574,0.2774,0.0441,0.7779
Cs2TaZnO3Br3,1.6387,-2.0532,108.9052,30.0000,23.9956,5.6137,15.1974,29.0558,0.0574,0.0610,0.0491,0.0806
Cs2TiSbSe3Cl3,1.6140,-1.6945,111.6396,30.0000,24.2672,5.5819,15.5065,29.1455,0.0574,0.0662,0.0494,0.0801
Cs2CrMnSe6,1.1049,-1.1536,102.7533,30.0000,23.5173,10.1895,1.0000,29.2511,0.0574,0.2791,0.0480,0.8341
Cs2GeVO3I3,1.6227,-1.8604,110.5507,30.0000,24.1607,5.5827,15.3628,29.1145,0.0574,0.0631,0.0492,0.0803
Cs2CrWO3Se3,1.6253,-1.6348,110.5213,30.0000,24.1640,5.5846,15.3950,29.1372,0.0574,0.0613,0.0492,0.0803
Cs2SnVSe3Br3,1.0673,-1.4352,95.3211,30.0000,22.6570,10.5067,1.0000,29.1517,0.0574,0.2877,0.0471,0.8409
Cs2WFeSe3F3,1.6398,-1.9789,108.7417,30.0000,23.9612,5.5927,15.2052,29.0364,0.0574,0.0625,0.0491,0.0805
Cs2GeInO3I3,1.6935,-1.4658,103.4238,30.0000,23.2911,5.6286,14.5943,28.8225,0.0575,0.0485,0.0486,0.0815
Cs2NbFeO3I3,1.6976,-1.9431,103.2547,30.0000,23.2712,5.6602,14.4572,28.8043,0.0575,0.0480,0.0486,0.0821
Cs2NbSbO3Se3,1.5854,-1.8850,113.6315,30.0000,24.5007,5.6561,15.5901,29.2325,0.0575,0.0751,0.0495,0.0802
Cs2VZnO3I3,1.6586,-1.7999,107.3597,30.0000,23.7451,5.6029,15.0131,28.9757,0.0575,0.0570,0.0490,0.0808
Cs2VZnS3Br3,1.3194,-1.4091,120.8869,30.0000,25.3821,7.6287,10.6142,29.5880,0.0575,0.1825,0.0501,0.1119
Cs2MnGaS3Se3,1.4085,-1.1180,121.2049,30.0000,25.3293,6.6517,14.7062,29.5668,0.0575,0.1427,0.0501,0.0862
Cs2GeGaO3I3,1.6445,-1.4382,109.0217,30.0000,23.8994,5.6091,14.9897,29.0156,0.0575,0.0586,0.0491,0.0812
Cs2NbCuO3Br3,1.3864,-1.9583,122.2914,30.0000,25.4446,6.8999,13.8182,29.6237,0.0575,0.1528,0.0502,0.0908
Cs2TiFeO3I3,1.6512,-1.9970,109.0333,30.0000,23.8894,5.6052,15.1146,29.0641,0.0576,0.0574,0.0491,0.0809
Cs2VCuS3Br3,1.3585,-1.3280,121.2091,30.0000,25.3311,7.2216,12.3436,29.5602,0.0576,0.1669,0.0502,0.0990
Cs2MnGaSe3Cl3,1.2798,-1.4678,119.5191,30.0000,25.2029,8.1082,8.2597,29.5463,0.0576,0.2025,0.0499,0.1391
Cs2ZrGaO3I3,1.6996,-2.1252,102.7140,30.0000,23.1603,5.6413,14.4798,28.8171,0.0576,0.0469,0.0485,0.0818
Cs2VMnSe3Cl3,1.3557,-1.5801,121.5445,30.0000,25.3607,7.2037,12.4787,29.5521,0.0576,0.1656,0.0502,0.0986
Rb2TiBiO3Cl3,2.1810,-2.2715,26.5819,30.0000,14.7717,6.1584,7.2716,23.5191,0.0576,0.0598,0.0424,0.0991
K2GeFeSe3Br3,0.9007,-1.2040,5.1373,30.0000,12.4501,11.1114,1.0000,28.2691,0.0576,0.1995,0.0348,0.5243
Cs2VFeSe3Cl3,1.3326,-1.5230,121.3894,30.0000,25.3106,7.5020,10.9786,29.5318,0.0576,0.1794,0.0501,0.1090
Cs2ZrBiO3I3,1.8178,-2.0214,87.5826,30.0000,21.3348,5.8654,12.7909,28.1434,0.0577,0.0334,0.0472,0.0850
Cs2GeNbSe3Cl3,1.5606,-1.4914,116.5795,30.0000,24.6571,5.7103,15.7895,29.2796,0.0577,0.0849,0.0498,0.0802
Cs2MnInO3Br3,1.4686,-1.6868,121.0802,30.0000,25.2136,6.1458,15.7028,29.5097,0.0577,0.1145,0.0502,0.0823
Li2GeGaO3F3,2.2496,-2.2192,16.1190,30.0000,13.6148,6.0604,6.4460,22.2526,0.0577,0.0667,0.0418,0.1031
Cs2GeMoS3Se3,1.5454,-1.0156,117.6982,30.0000,24.7392,5.7460,15.9161,29.3259,0.0578,0.0899,0.0499,0.0802
Cs2SbCuS3I3,1.0610,-0.9147,93.8544,30.0000,22.2845,10.5824,1.0000,29.0907,0.0578,0.2896,0.0470,0.8408
Cs2GeCrSe6,1.0999,-1.0385,104.5686,30.0000,23.4349,10.2406,1.0000,29.2349,0.0578,0.2832,0.0483,0.8445
Cs2GeWS3Se3,1.6910,-1.0253,105.5899,30.0000,23.3274,5.6353,14.5667,28.8542,0.0578,0.0508,0.0489,0.0823
Cs2MnGaS3Br3,1.2654,-1.3403,120.5995,30.0000,25.1811,8.3725,6.9851,29.5429,0.0578,0.2138,0.0501,0.1611
Cs2GeCuS3Se3,1.3675,-0.9050,122.8088,30.0000,25.3500,7.0987,13.0510,29.5514,0.0578,0.1644,0.0503,0.0951
K2TiSbO3F3,2.3580,-2.7748,0.1950,30.0000,11.8758,5.8413,5.1442,20.1765,0.0578,0.0791,0.0408,0.1113
Cs2GeMnBr3I3,1.0367,-1.3201,89.1962,30.0000,21.6664,10.7268,1.0000,29.0186,0.0578,0.2913,0.0463,0.8327
Cs2GeVSe3Cl3,1.3611,-1.4861,123.2318,30.0000,25.3209,7.2102,12.3695,29.5447,0.0579,0.1650,0.0504,0.0997
Cs2MnGaSe3Br3,1.0824,-1.3635,101.1459,30.0000,23.0617,10.3587,1.0000,29.1603,0.0579,0.2871,0.0479,0.8499
Cs2MoFeSe3F3,1.4742,-2.0268,122.1923,30.0000,25.1874,6.1261,15.6452,29.4981,0.0579,0.1146,0.0504,0.0822
Cs2SnCrSe6,1.0599,-1.0337,95.5929,30.0000,22.3434,10.5680,1.0000,29.0612,0.0580,0.2914,0.0473,0.8475
Cs2VMnS3Br3,1.2842,-1.5078,122.6746,30.0000,25.2467,8.0610,8.3525,29.5478,0.0580,0.2020,0.0504,0.1378
Rb2ZrCrO3F3,2.1294,-2.8372,36.7957,30.0000,15.7373,6.1822,8.0454,24.5102,0.0580,0.0549,0.0432,0.0972
Cs2TaFeO3Br3,1.6633,-2.0374,110.2210,30.0000,23.7203,5.6149,14.9179,28.9586,0.0580,0.0576,0.0494,0.0822
Cs2CrAgSe3I3,1.0260,-1.0703,84.8991,30.0000,21.1037,10.7773,1.0000,28.9564,0.0580,0.2888,0.0458,0.8206
Cs2GeSbS3Br3,1.6279,-1.0521,113.3314,30.0000,24.0697,5.6216,15.2692,29.1535,0.0580,0.0637,0.0496,0.0816
Rb2TiMoO6,2.1225,-2.7665,37.6540,30.0000,15.8403,6.1899,8.0730,24.5371,0.0580,0.0550,0.0433,0.0978
Rb2GeFeS3Br3,0.9324,-1.2212,29.5935,30.0000,14.9665,11.0720,1.0000,28.4558,0.0581,0.2325,0.0383,0.6224
K2TiInO3F3,2.3467,-2.8070,2.3459,30.0000,12.0350,5.9209,5.1604,20.4627,0.0581,0.0797,0.0410,0.1126
Cs2TaSbS6,1.6235,-1.1282,114.5573,30.0000,24.1534,5.5902,15.3261,29.1088,0.0581,0.0633,0.0499,0.0815
Cs2WFeO3I3,1.7975,-1.5162,93.2159,30.0000,21.6947,5.8010,13.1511,28.2549,0.0582,0.0355,0.0479,0.0849
Cs2SnCuO3Se3,1.1992,-1.2952,118.5832,30.0000,24.7046,9.1961,3.1738,29.4430,0.0582,0.2515,0.0500,0.3268
Cs2NbCuSe3Br3,1.0538,-1.3591,96.7098,30.0000,22.2889,10.6317,1.0000,29.1461,0.0583,0.2943,0.0474,0.8538
Cs2VMnO3I3,1.6915,-1.9922,108.7632,30.0000,23.2859,5.6263,14.6115,28.8466,0.0584,0.0496,0.0494,0.0831
Rb2SbCuSe3I3,0.9102,-0.9213,16.2556,30.0000,13.4377,11.1102,1.0000,28.3514,0.0584,0.2161,0.0364,0.5699
Cs2GeMnS3Se3,1.2661,-1.0681,124.2552,30.0000,25.1514,8.3671,6.9275,29.5559,0.0584,0.2179,0.0506,0.1645
Cs2ZrWS6,1.5845,-1.5104,118.4415,30.0000,24.4191,5.6474,15.5929,29.2033,0.0584,0.0783,0.0503,0.0816
Cs2SnVSe3F3,1.5866,-2.2093,119.1918,30.0000,24.4825,5.5878,15.7754,29.2055,0.0584,0.0754,0.0503,0.0812
Cs2ZrSbO3I3,1.7883,-1.9994,95.9829,30.0000,21.8705,5.8265,13.1816,28.3717,0.0584,0.0384,0.0482,0.0856
Cs2SnFeO3Se3,1.5761,-1.3204,119.8324,30.0000,24.5490,5.6491,15.6904,29.2931,0.0585,0.0793,0.0503,0.0815
Cs2GeVS3Br3,1.2613,-1.3665,124.3513,30.0000,25.1534,8.3469,7.0670,29.5627,0.0585,0.2157,0.0506,0.1604
Cs2CrMnO3I3,1.6963,-1.7048,108.5969,30.0000,23.2289,5.6252,14.4907,28.8085,0.0585,0.0479,0.0494,0.0834
Rb2GeGaO3F3,2.0813,-2.4014,46.8769,30.0000,16.5971,6.2180,8.6592,25.2532,0.0585,0.0518,0.0441,0.0967
Cs2VFeS3Br3,1.2264,-1.4137,122.5164,30.0000,24.9359,8.8154,4.8151,29.4911,0.0586,0.2376,0.0504,0.2283
Cs2SnMoO3Se3,1.6594,-1.4851,113.6372,30.0000,23.7294,5.5712,14.9880,28.9858,0.0586,0.0562,0.0499,0.0828
Cs2MnInO3Se3,1.5682,-1.5562,121.6901,30.0000,24.6334,5.6921,15.7761,29.3010,0.0586,0.0846,0.0506,0.0817
Cs2GeCrS3Se3,1.5157,-1.0491,124.7646,30.0000,24.9906,5.8695,15.9333,29.4296,0.0586,0.1021,0.0508,0.0821
Na2SnFeSe3Br3,0.8877,-1.1250,0.2146,30.0000,11.6264,11.0900,1.0000,28.2170,0.0587,0.1928,0.0341,0.5052
Cs2TiCrS3Se3,1.2427,-1.3830,124.3428,30.0000,25.0243,8.6505,5.5723,29.5424,0.0587,0.2314,0.0506,0.1999
Cs2VZnSe3Br3,1.0640,-1.4133,101.1979,30.0000,22.5497,10.5556,1.0000,29.1429,0.0587,0.2985,0.0479,0.8692
Cs2SbCuO3Br3,1.1558,-1.4459,117.5354,30.0000,24.3045,9.6502,1.9768,29.3861,0.0588,0.2704,0.0500,0.5140
Cs2MnBiO3Cl3,1.4800,-1.7786,126.9432,30.0000,25.1466,6.1133,15.6829,29.4599,0.0588,0.1182,0.0510,0.0835
Cs2TiInO3I3,1.7531,-2.0768,102.4633,30.0000,22.3677,5.7525,13.7462,28.5787,0.0589,0.0428,0.0489,0.0850
Cs2SnCuCl3I3,1.0343,-1.3084,93.1138,30.0000,21.5287,10.7269,1.0000,28.9982,0.0589,0.2967,0.0470,0.8491
Cs2GeNbO3I3,1.7409,-1.9673,105.1782,30.0000,22.6033,5.7083,13.9023,28.6173,0.0589,0.0440,0.0492,0.0851
Cs2MnGaO3Br3,1.4095,-1.7096,129.1622,30.0000,25.3238,6.7324,14.4666,29.5563,0.0589,0.1519,0.0512,0.0895
Cs2SnWO3Se3,1.7679,-1.5077,101.9171,30.0000,22.2590,5.7753,13.5242,28.4833,0.0589,0.0384,0.0490,0.0860
Cs2SnVO3I3,1.7752,-1.8508,100.7772,30.0000,22.1021,5.7978,13.3787,28.4446,0.0590,0.0397,0.0487,0.0863
Cs2VSbO3Se3,1.6061,-1.7427,120.1979,30.0000,24.2520,5.5942,15.5391,29.1299,0.0590,0.0753,0.0505,0.0822
Cs2MoFeO3Br3,1.5684,-1.6439,123.1222,30.0000,24.5961,5.6851,15.7960,29.2820,0.0590,0.0848,0.0508,0.0822
Cs2CrAgO3Br3,1.5651,-1.5924,123.6536,30.0000,24.6251,5.6728,15.8366,29.3264,0.0590,0.0837,0.0509,0.0823
Cs2NbFeO3Br3,1.5693,-2.0380,123.6222,30.0000,24.6315,5.6665,15.7811,29.2872,0.0590,0.0836,0.0509,0.0823
Cs2SbCuSe3Cl3,1.0925,-1.1632,109.4413,30.0000,23.2402,10.2724,1.0000,29.1936,0.0590,0.2925,0.0491,0.8710
Cs2ZrSbSe3Cl3,1.7424,-1.6850,105.7701,30.0000,22.5831,5.7194,13.8769,28.5541,0.0591,0.0441,0.0493,0.0854
Cs2ZrInO3Br3,1.6668,-2.1564,115.3193,30.0000,23.6331,5.6041,14.8770,28.9566,0.0591,0.0566,0.0502,0.0836
Cs2ZrFeO3Br3,1.5816,-2.0623,123.8872,30.0000,24.5357,5.6388,15.7132,29.2653,0.0591,0.0798,0.0510,0.0825
Cs2SnFeSe3Cl3,1.0989,-1.2780,110.9082,30.0000,23.3659,10.2483,1.0000,29.1983,0.0591,0.2941,0.0492,0.8764
Na2TiInO3F3,2.3627,-2.7749,2.5625,30.0000,11.7686,5.8697,4.9635,20.1041,0.0591,0.0826,0.0415,0.1174
Cs2SnSbO3Br3,1.7176,-1.5174,109.4052,30.0000,22.9877,5.6888,14.2211,28.7158,0.0592,0.0509,0.0497,0.0848
Cs2VSbSe6,1.0372,-1.0277,95.4259,30.0000,21.6520,10.6954,1.0000,28.9607,0.0592,0.3007,0.0474,0.8603
Cs2NbMnO3Br3,1.5792,-2.1049,123.7832,30.0000,24.5308,5.6879,15.6731,29.2673,0.0592,0.0812,0.0510,0.0829
Cs2CrMoO3Br3,1.5817,-1.6813,123.8032,30.0000,24.5325,5.6395,15.6690,29.2190,0.0592,0.0808,0.0510,0.0826
Cs2GeWO3Se3,1.7119,-1.4825,111.8880,30.0000,23.1538,5.6466,14.3376,28.7730,0.0593,0.0466,0.0499,0.0850
Cs2VCuSe3F3,1.5092,-2.1951,128.9024,30.0000,24.9894,5.9002,15.8338,29.3795,0.0593,0.1053,0.0515,0.0833
Rb2SnCrO3F3,2.1708,-2.4123,34.5696,30.0000,15.0218,6.1406,7.5087,23.7678,0.0593,0.0592,0.0436,0.1015
Cs2GeNbSe3F3,1.5866,-2.2324,124.5152,30.0000,24.4920,5.6552,15.7215,29.2385,0.0594,0.0831,0.0511,0.0828
Cs2VCuO3Br3,1.4949,-1.8952,129.9462,30.0000,25.0655,5.9571,15.8637,29.4388,0.0594,0.1087,0.0515,0.0837
Na2TiGaO3F3,2.3651,-2.6598,3.0707,30.0000,11.7232,5.8473,4.9294,20.0437,0.0595,0.0835,0.0416,0.1179
Cs2WMnO3Se3,1.7331,-1.5919,110.1057,30.0000,22.7484,5.7000,14.0014,28.6334,0.0595,0.0472,0.0499,0.0860
Cs2VTaS6,1.5696,-1.4522,126.2653,30.0000,24.5925,5.6363,15.8387,29.2576,0.0596,0.0812,0.0512,0.0827
Cs2SnZnO3Se3,1.6650,-1.3227,118.2750,30.0000,23.6805,5.5889,14.8919,28.9627,0.0596,0.0562,0.0505,0.0844
Cs2SnGaO3Br3,1.6692,-1.6339,118.1075,30.0000,23.5870,5.5978,14.9350,28.9595,0.0596,0.0542,0.0506,0.0845
Cs2GeFeO3Br3,1.3027,-1.5747,132.2043,30.0000,25.2552,7.8937,9.1969,29.5467,0.0596,0.2058,0.0517,0.1317
Cs2SnNbO3I3,1.8287,-1.9999,96.1305,30.0000,21.2156,5.9119,12.6257,28.0672,0.0597,0.0392,0.0486,0.0890
Cs2ZrGaSe3F3,1.6379,-2.2932,121.7133,30.0000,23.9966,5.6068,15.2308,29.0566,0.0597,0.0680,0.0510,0.0842
Cs2CrMoO3Se3,1.6107,-1.6027,124.4432,30.0000,24.2621,5.5777,15.5185,29.1469,0.0597,0.0721,0.0512,0.0835
Cs2TiWS6,1.5924,-1.5185,125.8625,30.0000,24.4360,5.6064,15.6380,29.2234,0.0597,0.0744,0.0514,0.0835
Cs2SnBiO3Br3,1.8138,-1.5202,98.5943,30.0000,21.4400,5.8802,12.8000,28.1709,0.0597,0.0358,0.0488,0.0887
Cs2SnSbSe3Cl3,1.7881,-1.2081,102.3681,30.0000,21.8499,5.8160,13.1911,28.3151,0.0598,0.0394,0.0492,0.0879
Cs2GeFeS3Se3,1.1600,-0.9501,124.0992,30.0000,24.3496,9.6323,2.0334,29.4055,0.0599,0.2769,0.0509,0.5142
Cs2FeMnS3Se3,1.1469,-1.1258,122.4210,30.0000,24.1679,9.7557,1.8376,29.3569,0.0599,0.2795,0.0507,0.5617
K2MoGaO3F3,2.3742,-2.3879,2.5583,30.0000,11.5584,5.8122,4.8429,19.8104,0.0599,0.0862,0.0418,0.1195
Cs2VFeO3Br3,1.5157,-1.9343,131.4508,30.0000,24.9485,5.8574,15.9064,29.4044,0.0599,0.1020,0.0518,0.0837
Cs2SnGaSe3F3,1.6874,-2.0031,117.2644,30.0000,23.3898,5.6184,14.6175,28.8697,0.0599,0.0549,0.0506,0.0855
Cs2GeCuO3Se3,1.2448,-1.3654,131.4182,30.0000,25.0592,8.5975,5.8062,29.5187,0.0599,0.2352,0.0516,0.1966
Cs2GeGaS3I3,1.7908,-1.0720,103.0911,30.0000,21.8416,5.8293,13.1243,28.3275,0.0599,0.0403,0.0493,0.0883
Cs2GeBiO3Br3,1.7519,-1.5587,108.0480,30.0000,22.3764,5.7601,13.6939,28.5765,0.0599,0.0440,0.0497,0.0870
Cs2SnCrSe3Br3,1.0244,-1.3128,95.1907,30.0000,21.1850,10.7885,1.0000,28.9722,0.0600,0.3054,0.0474,0.8641
Cs2GeMnO3Se3,1.5047,-1.4885,133.0766,30.0000,24.9860,5.9629,15.7821,29.4164,0.0601,0.1119,0.0520,0.0850
Cs2ZrCrO3Se3,1.6229,-2.1036,125.2245,30.0000,24.1683,5.5695,15.4199,29.1299,0.0601,0.0691,0.0514,0.0844
Cs2MnSbS3Se3,1.0831,-1.0135,112.0883,30.0000,22.9356,10.4379,1.0000,29.2140,0.0601,0.3039,0.0494,0.8973
Cs2ZrCrO3I3,1.7934,-2.0544,103.9142,30.0000,21.7755,5.8029,13.2213,28.3181,0.0601,0.0378,0.0494,0.0881
Cs2GeSbSe3F3,1.6729,-1.8981,119.7703,30.0000,23.5385,5.6024,14.8536,28.9304,0.0601,0.0576,0.0509,0.0850
Cs2MoGaO3I3,1.8001,-1.6015,102.2028,30.0000,21.6425,5.8438,13.0120,28.2781,0.0601,0.0367,0.0493,0.0885
Cs2SnGeBr3I3,0.9964,-1.3115,83.9498,30.0000,19.9289,10.9256,1.0000,28.8423,0.0602,0.2986,0.0458,0.8296
Cs2NbTaS6,1.6825,-1.4351,119.0525,30.0000,23.4125,5.5731,14.7749,28.8549,0.0602,0.0553,0.0509,0.0852
Cs2FeMnO3Br3,1.5678,-1.7393,130.6276,30.0000,24.6474,5.6473,15.8330,29.2670,0.0602,0.0841,0.0519,0.0839
Cs2MnGaO3Se3,1.5792,-1.5680,129.8467,30.0000,24.5335,5.5978,15.7452,29.2056,0.0603,0.0800,0.0518,0.0841
Cs2TiGaS3Br3,1.6689,-1.6626,121.7882,30.0000,23.6626,5.5755,14.9253,28.9332,0.0603,0.0588,0.0511,0.0854
Cs2ZrGaS3Br3,1.7262,-1.6593,114.8848,30.0000,22.8827,5.7025,14.1472,28.7157,0.0603,0.0489,0.0505,0.0872
Cs2GeMnBr6,1.0423,-1.4786,103.3130,30.0000,21.8952,10.7105,1.0000,29.0872,0.0603,0.3084,0.0484,0.8874
Na2FeZnCl3I3,0.8794,-1.2215,0.4083,30.0000,11.1851,11.0626,1.0000,28.1548,0.0603,0.1934,0.0342,0.5063
Cs2GeFeSe3F3,1.1955,-1.9224,131.1616,30.0000,24.7658,9.2317,3.2022,29.4837,0.0604,0.2637,0.0517,0.3428
Cs2VTaO3Se3,1.7518,-2.1170,111.4624,30.0000,22.4768,5.7420,13.8079,28.5805,0.0604,0.0440,0.0502,0.0877
Cs2WMnS6,1.6445,-1.2566,124.5824,30.0000,23.8733,5.6170,15.0309,29.0439,0.0604,0.0634,0.0514,0.0855
Cs2TiBiO3I3,1.8724,-1.9739,91.5578,30.0000,20.3790,6.0077,11.8649,27.7096,0.0604,0.0384,0.0484,0.0916
Cs2TiSbO3I3,1.8194,-1.9588,100.7808,30.0000,21.2898,5.8723,12.7709,28.1224,0.0604,0.0380,0.0493,0.0896
Cs2FeMnO3Se3,1.5733,-1.4944,131.3327,30.0000,24.5841,5.6954,15.6346,29.2704,0.0604,0.0876,0.0521,0.0848
Cs2ZrMoS6,1.5217,-1.5191,134.5910,30.0000,24.9121,5.8497,15.8158,29.3660,0.0604,0.1030,0.0523,0.0850
K2WInO3F3,2.3920,-2.3926,1.7852,30.0000,11.3231,5.7866,4.5922,19.5550,0.0605,0.0885,0.0420,0.1239
Rb2GeVO3F3,2.1228,-2.6345,47.0864,30.0000,15.8901,6.1862,8.0955,24.5614,0.0605,0.0589,0.0449,0.1020
Rb2WGaO3F3,2.2153,-2.3958,30.7305,30.0000,14.2479,6.1323,6.8342,22.9616,0.0605,0.0688,0.0438,0.1076
Cs2MoInO3Br3,1.7367,-1.7154,114.6662,30.0000,22.7345,5.6766,14.1182,28.6485,0.0605,0.0496,0.0506,0.0872
Na2SnCuBr3I3,0.8788,-1.0971,0.3721,30.0000,11.1428,11.0352,1.0000,28.1028,0.0605,0.1934,0.0343,0.5066
Cs2TiWO3Se3,1.7607,-2.0597,111.1037,30.0000,22.3402,5.7471,13.6393,28.5199,0.0605,0.0445,0.0503,0.0881
Cs2SnGeS3Se3,1.7376,-0.8945,114.2719,30.0000,22.6567,5.7125,13.9495,28.6422,0.0606,0.0474,0.0506,0.0876
Cs2SnFeS3Se3,1.0739,-0.9382,112.3721,30.0000,22.7378,10.4580,1.0000,29.0802,0.0606,0.3074,0.0496,0.9009
Cs2SnCrO3Br3,1.6909,-1.6717,119.8726,30.0000,23.2614,5.6369,14.5403,28.8295,0.0606,0.0569,0.0511,0.0865
Rb2GeGaS3Cl3,2.1777,-1.3819,38.0209,30.0000,14.8933,6.1580,7.3238,23.6508,0.0606,0.0645,0.0444,0.1055
Cs2VFeSe3F3,1.5955,-2.2478,130.3811,30.0000,24.3783,5.6674,15.5127,29.1753,0.0607,0.0810,0.0520,0.0852
K2BiAgI6,0.8820,-0.9591,1.7644,30.0000,11.2471,11.0503,1.0000,28.1519,0.0607,0.1949,0.0344,0.5108
Cs2FeMnSe6,1.0379,-1.0503,102.2838,30.0000,21.5909,10.7036,1.0000,29.0396,0.0607,0.3106,0.0483,0.8884
Cs2GeFeO3Se3,1.5725,-1.3892,132.8977,30.0000,24.5888,5.6290,15.8569,29.2796,0.0607,0.0830,0.0522,0.0843
Cs2CrMnO3Se3,1.5885,-1.6353,132.1072,30.0000,24.4647,5.6385,15.6249,29.2043,0.0608,0.0831,0.0522,0.0852
Cs2VZnO3Br3,1.6250,-1.9225,129.5765,30.0000,24.1782,5.6149,15.3366,29.1350,0.0608,0.0717,0.0520,0.0858
Cs2GeInO3Br3,1.6819,-1.6034,122.7596,30.0000,23.4032,5.6226,14.6689,28.9021,0.0608,0.0559,0.0514,0.0868
Cs2MnBiO6,1.4966,-1.8824,138.7823,30.0000,25.1091,6.0197,15.7995,29.4603,0.0609,0.1196,0.0528,0.0862
Rb2TiGaO3Cl3,2.1891,-2.3937,36.6288,30.0000,14.6701,6.1172,7.2380,23.3516,0.0609,0.0662,0.0444,0.1060
Rb2GeCrO6,2.1261,-2.1132,47.9916,30.0000,15.7730,6.1898,8.0827,24.5364,0.0609,0.0584,0.0450,0.1027
K2FeZnCl3I3,0.8750,-1.3019,0.4002,30.0000,11.0935,11.0418,1.0000,28.1228,0.0609,0.1937,0.0342,0.5064
Cs2VSbS6,1.5153,-1.0791,137.6702,30.0000,24.9651,5.8750,15.9501,29.3949,0.0609,0.1085,0.0527,0.0853
Cs2NbTaO6,1.5232,-2.7795,137.0889,30.0000,24.9184,5.8747,15.8873,29.3422,0.0610,0.1085,0.0527,0.0855
Rb2SnVO3F3,2.2032,-2.6748,34.6931,30.0000,14.4568,6.1252,7.0592,23.1873,0.0610,0.0677,0.0442,0.1071
Cs2TiFeO3Br3,1.6092,-2.0558,132.0364,30.0000,24.2877,5.5803,15.4927,29.1265,0.0610,0.0734,0.0523,0.0858
Cs2TiGaO3I3,1.7956,-2.1301,108.1787,30.0000,21.7262,5.8274,13.0686,28.3098,0.0611,0.0407,0.0502,0.0903
K2SnCuBr6,0.8776,-1.3621,0.0918,30.0000,11.0157,11.0498,1.0000,28.1064,0.0611,0.1928,0.0342,0.5051
Cs2WFeO3Br3,1.7911,-1.6192,109.4640,30.0000,21.8204,5.8390,13.1727,28.3167,0.0612,0.0452,0.0503,0.0903
Cs2GeCuCl3I3,1.0244,-1.3182,101.7101,30.0000,21.1832,10.7587,1.0000,28.9632,0.0613,0.3144,0.0483,0.8918
Cs2GeVSe3Br3,1.0339,-1.3506,104.2640,30.0000,21.4265,10.7478,1.0000,28.9897,0.0613,0.3165,0.0486,0.9008
Cs2FeSbSe3Cl3,1.0521,-1.2790,110.5035,30.0000,22.1941,10.6491,1.0000,29.1170,0.0613,0.3155,0.0494,0.9108
Cs2ZrMoO3Se3,1.7459,-2.1058,117.8471,30.0000,22.6211,5.6968,13.9130,28.6080,0.0613,0.0456,0.0511,0.0889
Cs2GeCrO3Br3,1.6122,-1.6391,132.9603,30.0000,24.2448,5.5968,15.5046,29.1460,0.0613,0.0744,0.0525,0.0860
Cs2GeFeCl3I3,1.0292,-1.3616,102.5906,30.0000,21.2752,10.7392,1.0000,28.9684,0.0613,0.3129,0.0484,0.8908
Cs2TiCrO3I3,1.7979,-2.1118,109.5664,30.0000,21.7336,5.8326,13.0044,28.2760,0.0614,0.0395,0.0504,0.0911
Cs2VNbS6,1.3661,-1.4339,144.2438,30.0000,25.3456,7.1335,12.8754,29.5680,0.0615,0.1782,0.0534,0.1035
Rb2SnCrO6,2.2101,-2.0708,35.2782,30.0000,14.3374,6.0837,7.0159,22.9880,0.0615,0.0705,0.0446,0.1080
Cs2GeCrO3Se3,1.6217,-1.5076,133.6607,30.0000,24.1825,5.5961,15.4433,29.1549,0.0615,0.0738,0.0526,0.0866
Cs2VNbO3Se3,1.6976,-2.1472,125.1702,30.0000,23.2360,5.6488,14.4865,28.8272,0.0616,0.0560,0.0519,0.0885
Cs2GeGaO3Br3,1.6526,-1.6293,130.7448,30.0000,23.8239,5.6126,14.9846,29.0162,0.0616,0.0625,0.0524,0.0878
Cs2SnCrO3Se3,1.7353,-1.4908,120.4770,30.0000,22.7359,5.7194,13.9541,28.6682,0.0616,0.0494,0.0514,0.0896
Cs2NbZnO3Br3,1.7237,-2.0454,121.9636,30.0000,22.8561,5.7147,14.1386,28.7132,0.0616,0.0520,0.0515,0.0892
Cs2SbCuS3Br3,1.0419,-1.1334,110.3445,30.0000,21.9292,10.6878,1.0000,29.0934,0.0616,0.3180,0.0494,0.9143
Cs2SnGeO3Se3,1.7271,-1.3569,121.6867,30.0000,22.8211,5.7089,14.0633,28.7097,0.0617,0.0499,0.0516,0.0895
Cs2TiMoS6,1.4853,-1.5028,144.2587,30.0000,25.1715,6.0366,15.8298,29.4789,0.0617,0.1221,0.0535,0.0878
Cs2MnSbSe3Br3,1.0066,-1.2429,94.5885,30.0000,20.2639,10.8797,1.0000,28.8714,0.0617,0.3124,0.0474,0.8730
Rb2VMnO3F3,2.1842,-2.7652,40.3966,30.0000,14.7439,6.1312,7.2773,23.4606,0.0618,0.0671,0.0449,0.1075
Cs2SnNbO3Br3,1.7866,-2.0979,113.5118,30.0000,21.8982,5.8336,13.2369,28.3755,0.0618,0.0421,0.0508,0.0915
Cs2ZrBiO3Br3,1.8604,-2.1065,101.7485,30.0000,20.6409,5.9747,12.1085,27.8694,0.0620,0.0393,0.0498,0.0937
K2GeFeBr6,0.8759,-1.3949,4.9754,30.0000,11.2816,11.0753,1.0000,28.1296,0.0620,0.2007,0.0349,0.5255
Cs2CrMnO3Br3,1.6666,-1.7622,131.3946,30.0000,23.6274,5.6363,14.8790,28.9501,0.0620,0.0644,0.0526,0.0884
Cs2MnBiO3S3,1.6848,-1.7287,128.8651,30.0000,23.3701,5.6055,14.6890,28.8529,0.0621,0.0556,0.0523,0.0888
Cs2GeVO3Br3,1.6528,-1.9450,133.1948,30.0000,23.7997,5.5783,15.0856,28.9970,0.0621,0.0621,0.0527,0.0880
Cs2TiCrO3Se3,1.6511,-2.1166,133.5465,30.0000,23.8224,5.5791,15.1237,29.0312,0.0621,0.0618,0.0528,0.0879
Cs2GeMoO3Se3,1.7206,-1.4961,125.5774,30.0000,22.9823,5.6621,14.2448,28.7241,0.0622,0.0492,0.0520,0.0895
Cs2VMnO3Br3,1.6708,-2.0414,131.6329,30.0000,23.5934,5.6179,14.7595,28.9153,0.0622,0.0593,0.0527,0.0889
Cs2GeZnO3Se3,1.6739,-1.3446,131.0547,30.0000,23.5398,5.6267,14.7554,28.9028,0.0622,0.0604,0.0525,0.0889
Cs2SnGeBr6,1.0071,-1.4644,96.3156,30.0000,20.2169,10.8836,1.0000,28.8885,0.0622,0.3150,0.0476,0.8800
Cs2MoMnS6,1.5487,-1.2350,142.5802,30.0000,24.7386,5.7047,15.9073,29.3048,0.0622,0.0967,0.0536,0.0868
Rb2BiAgI6,0.8926,-1.0089,13.9535,30.0000,12.0400,11.1001,1.0000,28.2992,0.0622,0.2143,0.0361,0.5628
Rb2SnTaO3F3,2.2669,-2.7309,27.3978,30.0000,13.3192,6.0358,6.2158,21.9767,0.0622,0.0776,0.0443,0.1144
Cs2WInO3Br3,1.8588,-1.7223,102.8254,30.0000,20.6907,5.9558,12.1710,27.8365,0.0623,0.0404,0.0500,0.0940
Cs2GeNbO3Br3,1.7271,-2.0296,125.4472,30.0000,22.8350,5.6687,14.1436,28.6696,0.0623,0.0498,0.0521,0.0901
Cs2WGaO3Br3,1.8327,-1.7561,108.5966,30.0000,21.1579,5.8694,12.6108,28.0340,0.0623,0.0379,0.0505,0.0933
Cs2SbCuO3Cl3,1.2139,-1.8264,143.4097,30.0000,24.8563,8.9770,4.1349,29.5165,0.0624,0.2643,0.0535,0.2811
Rb2FeZnCl3I3,0.9021,-1.3688,20.1026,30.0000,12.5079,11.1378,1.0000,28.3654,0.0624,0.2234,0.0370,0.5878
Cs2SnGaS3Br3,1.8224,-1.2467,110.9101,30.0000,21.3827,5.8953,12.7414,28.1424,0.0624,0.0431,0.0508,0.0935
Cs2SnCuO3S3,1.5062,-1.6456,146.5842,30.0000,25.0252,5.9515,15.7626,29.4202,0.0624,0.1119,0.0540,0.0883
Cs2SnZnS3Se3,1.8190,-1.0298,111.0017,30.0000,21.3041,5.8447,12.7636,28.1064,0.0625,0.0385,0.0508,0.0928
Rb2ZrSbO3F3,2.2489,-2.7669,31.6511,30.0000,13.6710,6.0498,6.4400,22.2581,0.0625,0.0754,0.0448,0.1128
Cs2MoMnO3Se3,1.7433,-1.5666,123.9171,30.0000,22.5471,5.6947,13.8698,28.5489,0.0626,0.0474,0.0520,0.0912
Cs2GeSbO3Br3,1.7617,-1.4732,120.6273,30.0000,22.2254,5.7589,13.6013,28.4803,0.0626,0.0457,0.0518,0.0914
Rb2GeCrO3F3,2.1658,-2.4142,46.9161,30.0000,15.0784,6.1672,7.5691,23.8311,0.0626,0.0672,0.0457,0.1083
Cs2ZrGaO3Br3,1.7526,-2.2038,122.6272,30.0000,22.4324,5.7573,13.7238,28.5499,0.0626,0.0484,0.0518,0.0913
Cs2TiGaSe3F3,1.7121,-2.2999,129.4822,30.0000,23.0351,5.6661,14.3007,28.7331,0.0627,0.0529,0.0526,0.0905
Rb2ZrSbO3Cl3,2.2687,-2.2307,28.7476,30.0000,13.3348,6.0246,6.1949,21.9273,0.0627,0.0782,0.0447,0.1157
Cs2MnSbO3Cl3,1.5578,-1.8344,145.4673,30.0000,24.6939,5.6642,15.9578,29.2865,0.0627,0.0920,0.0541,0.0875
Cs2MnGaS6,1.4709,-1.1486,150.2902,30.0000,25.1950,6.0877,15.8050,29.4947,0.0628,0.1256,0.0543,0.0896
Cs2SnVO3Br3,1.7766,-1.9967,120.0731,30.0000,22.0546,5.7949,13.4178,28.4013,0.0628,0.0442,0.0517,0.0922
Cs2ZrSbO3Br3,1.8174,-2.0998,113.3060,30.0000,21.4002,5.8606,12.8306,28.2062,0.0628,0.0384,0.0511,0.0935
Cs2TiMoO3Se3,1.7526,-2.0997,125.1820,30.0000,22.4543,5.7456,13.6873,28.5403,0.0629,0.0457,0.0523,0.0927
Cs2WAgO3Cl3,1.7558,-1.7335,123.9728,30.0000,22.4656,5.7423,13.6885,28.5588,0.0630,0.0423,0.0521,0.0920
Cs2GeSbSe3Cl3,1.8316,-1.1189,112.4111,30.0000,21.1678,5.8870,12.5643,28.0303,0.0632,0.0404,0.0512,0.0946
Cs2GeZnS3Se3,1.7774,-0.9745,122.4908,30.0000,22.1014,5.7587,13.4517,28.3807,0.0632,0.0433,0.0521,0.0930
Rb2SnWO6,2.2828,-2.0594,27.1952,30.0000,13.0086,6.0259,5.9798,21.6237,0.0632,0.0827,0.0446,0.1180
Cs2CuZnBr3I3,0.9804,-1.2757,85.7453,30.0000,18.6002,11.0212,1.0000,28.7687,0.0634,0.3091,0.0463,0.8475
Cs2WSbO3F3,1.7428,-2.3091,128.4381,30.0000,22.5573,5.7494,13.7807,28.5815,0.0635,0.0503,0.0526,0.0932
Cs2SbCuO3F3,1.3697,-2.2750,156.1405,30.0000,25.3585,7.0870,13.1105,29.5734,0.0636,0.1868,0.0551,0.1059
Rb2SnNbO3F3,2.2658,-2.7066,31.7449,30.0000,13.3108,6.0585,6.2094,22.0214,0.0637,0.0814,0.0451,0.1169
Rb2MnSbSe6,0.8912,-0.9609,19.0711,30.0000,12.1165,11.0720,1.0000,28.2471,0.0637,0.2235,0.0369,0.5852
Rb2NbMnO3F3,2.2435,-2.8756,36.4400,30.0000,13.7777,6.0780,6.4869,22.3454,0.0637,0.0782,0.0456,0.1162
Cs2MoGaO3Br3,1.7916,-1.7539,121.8852,30.0000,21.7893,5.8393,13.1382,28.3161,0.0637,0.0437,0.0522,0.0945
Rb2SnFeSe3Br3,0.8940,-1.1978,18.9125,30.0000,12.0938,11.0815,1.0000,28.2305,0.0638,0.2230,0.0369,0.5851
Cs2TiInO3Br3,1.7925,-2.1722,122.2788,30.0000,21.7589,5.8204,13.1022,28.2843,0.0638,0.0442,0.0522,0.0947
Cs2SnFeCl3I3,0.9870,-1.3650,93.8792,30.0000,19.1563,10.9803,1.0000,28.7835,0.0640,0.3192,0.0474,0.8782
Cs2GeCrSe3Br3,1.0033,-1.2722,104.1157,30.0000,20.0717,10.9099,1.0000,28.8698,0.0641,0.3277,0.0488,0.9125
Rb2SnFeS3I3,0.8936,-0.9865,19.0955,30.0000,12.0001,11.0860,1.0000,28.2387,0.0641,0.2222,0.0369,0.5844
Cs2SnWS6,1.8495,-1.1042,114.1847,30.0000,20.8495,5.9222,12.3848,27.9423,0.0642,0.0401,0.0516,0.0966
Cs2MnInO3Cl3,1.6233,-1.9047,148.4379,30.0000,24.1483,5.5796,15.3971,29.1370,0.0642,0.0730,0.0547,0.0907
Na2GeGaO3F3,2.3754,-2.3269,14.3526,30.0000,11.5228,5.8162,4.8063,19.9053,0.0643,0.0936,0.0443,0.1304
Rb2GeFeS3I3,0.9033,-0.9790,24.5476,30.0000,12.4822,11.0952,1.0000,28.2997,0.0644,0.2312,0.0377,0.6088
Cs2GeFeSe3Cl3,1.0403,-1.2986,122.3822,30.0000,21.6326,10.6880,1.0000,29.0047,0.0645,0.3382,0.0512,0.9670
Cs2ZrCrO3S3,1.5415,-2.0613,156.8901,30.0000,24.8636,5.7715,15.8137,29.3415,0.0645,0.1051,0.0556,0.0912
Rb2TiCrO3F3,2.2317,-2.8094,41.0000,30.0000,13.9524,6.0500,6.6809,22.4627,0.0645,0.0770,0.0462,0.1158
Rb2TiSbO3Cl3,2.2889,-2.2540,31.2348,30.0000,13.0083,6.0043,5.9480,21.5580,0.0646,0.0846,0.0456,0.1214
Cs2NbSbS6,1.7754,-1.1187,129.1116,30.0000,22.0425,5.7801,13.4541,28.4247,0.0646,0.0429,0.0531,0.0954
Cs2SnGaSe3Cl3,1.8831,-1.3420,110.0052,30.0000,20.2093,5.9777,11.8263,27.6018,0.0647,0.0400,0.0514,0.0987
Cs2TiGaSe3Cl3,1.8269,-1.7835,120.6853,30.0000,21.1418,5.9004,12.5910,28.0581,0.0648,0.0402,0.0524,0.0976
Cs2ZrGaSe3Cl3,1.8676,-1.8132,113.9098,30.0000,20.5072,5.9484,12.0917,27.7702,0.0648,0.0405,0.0518,0.0985
Cs2ZrWO3S3,1.8010,-2.0382,126.7663,30.0000,21.7087,5.8477,13.0161,28.2443,0.0649,0.0430,0.0530,0.0970
Cs2ZrCrO3Br3,1.8123,-2.0995,124.5770,30.0000,21.4716,5.8479,12.9071,28.1406,0.0649,0.0423,0.0528,0.0966
Cs2GeCuO3S3,1.3908,-1.6111,165.0870,30.0000,25.3593,6.8723,14.0340,29.5536,0.0650,0.1827,0.0564,0.1027
Cs2WBiO3Cl3,1.9085,-1.8637,106.8788,30.0000,19.7791,6.0818,11.2947,27.4316,0.0650,0.0448,0.0511,0.1012
Cs2WSbO3Cl3,1.8444,-1.8196,119.7016,30.0000,20.9358,5.9175,12.4474,27.9552,0.0651,0.0410,0.0524,0.0980
Cs2FeSbO3Cl3,1.6897,-1.8252,145.2452,30.0000,23.3655,5.6454,14.6069,28.8679,0.0651,0.0593,0.0546,0.0941
Cs2TiBiO3Br3,1.9101,-2.0936,107.1733,30.0000,19.7568,6.0511,11.3493,27.4226,0.0652,0.0431,0.0512,0.1008
Cs2GeFeS3I3,0.9925,-0.9925,103.7932,30.0000,19.5934,10.9572,1.0000,28.7942,0.0652,0.3313,0.0488,0.9156
Cs2TaMnO3Cl3,1.7747,-2.1995,132.7673,30.0000,22.0415,5.7697,13.4228,28.3870,0.0652,0.0438,0.0536,0.0963
Cs2NbCuO3Cl3,1.6555,-2.1020,150.5604,30.0000,23.7278,5.6160,14.9820,29.0060,0.0653,0.0692,0.0553,0.0933
Cs2TaCuO3Cl3,1.7854,-2.1565,131.0575,30.0000,21.9060,5.7981,13.2585,28.2854,0.0653,0.0429,0.0535,0.0970
Cs2FeMnO3S3,1.4244,-1.6114,166.6207,30.0000,25.2971,6.5200,14.8809,29.5218,0.0654,0.1599,0.0567,0.0988
Cs2MoAgO3Cl3,1.7246,-1.7240,141.4551,30.0000,22.8768,5.6707,14.1895,28.6744,0.0654,0.0501,0.0545,0.0950
Cs2TiSbO3Br3,1.8507,-2.1149,120.0781,30.0000,20.8024,5.9783,12.2420,27.9531,0.0655,0.0419,0.0525,0.0996
Cs2TiCrO3Br3,1.7831,-2.1184,132.8200,30.0000,21.9992,5.7945,13.3308,28.3499,0.0655,0.0423,0.0537,0.0971
Rb2GeNbO3F3,2.2426,-2.6587,42.6525,30.0000,13.7961,6.0528,6.5154,22.3216,0.0656,0.0806,0.0468,0.1197
Na2CrAgBr3I3,0.8640,-1.0679,2.0695,30.0000,10.1541,11.0092,1.0000,28.0391,0.0656,0.1980,0.0345,0.5155
Cs2SnSbO3Cl3,1.7937,-1.8310,131.4779,30.0000,21.7819,5.8184,13.1709,28.3173,0.0657,0.0445,0.0536,0.0975
Cs2WBiO3F3,1.8903,-2.2667,113.7885,30.0000,20.1022,5.9929,11.6525,27.5623,0.0658,0.0429,0.0521,0.1010
Cs2FeMnSe3Br3,0.9893,-1.3407,101.8311,30.0000,19.1788,11.0264,1.0000,28.8382,0.0658,0.3323,0.0485,0.9130
K2SnFeSe3Br3,0.8601,-1.2006,0.2156,30.0000,9.8914,11.0027,1.0000,28.0135,0.0658,0.1955,0.0343,0.5077
Cs2SnMnO3S3,1.6959,-1.8068,148.7351,30.0000,23.2947,5.6381,14.5481,28.8245,0.0659,0.0631,0.0553,0.0949
Cs2MnSbO6,1.5820,-2.0017,161.2315,30.0000,24.4996,5.6970,15.5131,29.2218,0.0659,0.0929,0.0563,0.0937
Cs2NbTaO3S3,1.8188,-2.1132,127.4351,30.0000,21.2976,5.8957,12.7603,28.1458,0.0659,0.0463,0.0533,0.0987
Cs2SnFeO3Cl3,1.7133,-1.8381,145.9566,30.0000,22.9486,5.6262,14.3412,28.7451,0.0661,0.0514,0.0551,0.0955
Rb2MnBiSe6,0.8827,-0.9724,17.2577,30.0000,11.4441,11.0739,1.0000,28.1860,0.0661,0.2217,0.0367,0.5795
Cs2MnGaO3Cl3,1.6105,-1.9051,160.7624,30.0000,24.2974,5.5623,15.5804,29.1866,0.0661,0.0803,0.0564,0.0935
Cs2TiCrO3S3,1.4678,-2.0495,170.2012,30.0000,25.2063,6.1882,15.6812,29.5141,0.0662,0.1439,0.0571,0.0956
Cs2MoWO3S3,1.8404,-1.6569,125.9644,30.0000,21.0157,5.9336,12.4325,27.9768,0.0663,0.0419,0.0533,0.1003
Cs2GeMnI6,0.9556,-1.1604,78.5267,30.0000,16.7717,11.0760,1.0000,28.6418,0.0663,0.3077,0.0454,0.8271
Cs2TiGaO3Br3,1.8196,-2.2005,130.5265,30.0000,21.3409,5.8609,12.8029,28.1004,0.0664,0.0426,0.0538,0.0996
Cs2FeMnO3Cl3,1.5863,-1.7701,163.4218,30.0000,24.4093,5.6574,15.6224,29.2253,0.0664,0.0951,0.0567,0.0940
Na2SnCuI6,0.8586,-0.8850,0.5772,30.0000,9.7520,11.0199,1.0000,28.0128,0.0667,0.1961,0.0343,0.5091
Cs2TiWO3S3,1.8037,-2.0326,135.3072,30.0000,21.6303,5.8541,13.0159,28.2391,0.0668,0.0482,0.0543,0.0997
Rb2MoGaO3Cl3,2.3096,-1.9065,33.1648,30.0000,12.6284,5.9752,5.6155,21.2237,0.0668,0.0925,0.0465,0.1285
Cs2SbAgO3S3,1.7911,-1.5395,137.9885,30.0000,21.8375,5.8478,13.1227,28.3329,0.0669,0.0453,0.0545,0.1001
Cs2ZrCrO3Cl3,1.7006,-2.2190,154.0509,30.0000,23.2059,5.6039,14.5473,28.8369,0.0670,0.0561,0.0561,0.0967
Cs2CrMnO3S3,1.5882,-1.7331,167.8687,30.0000,24.4521,5.6172,15.7145,29.2252,0.0671,0.0930,0.0573,0.0947
Cs2GeFeO3Cl3,1.6309,-1.7671,164.3237,30.0000,24.0507,5.5904,15.2501,29.0771,0.0672,0.0778,0.0571,0.0958
K2CrAgBr3I3,0.8549,-1.1364,2.0007,30.0000,9.7950,10.9947,1.0000,28.0101,0.0672,0.1988,0.0346,0.5169
Rb2GeMoO6,2.2688,-2.0857,43.2857,30.0000,13.3679,6.0442,6.1729,21.9494,0.0673,0.0884,0.0474,0.1262
Cs2MnInO6,1.6262,-2.0305,164.7341,30.0000,24.0536,5.6357,15.2200,29.0825,0.0673,0.0814,0.0571,0.0963
Cs2TaZnO3Cl3,1.8425,-2.1950,130.6829,30.0000,20.9413,5.9398,12.3983,27.9792,0.0674,0.0413,0.0540,0.1021
Cs2SbZnO3Cl3,1.7868,-1.8555,142.9607,30.0000,21.9167,5.7919,13.2941,28.3530,0.0677,0.0439,0.0553,0.1006
Rb2ZrInO3F3,2.3204,-2.7830,33.6477,30.0000,12.4288,5.9183,5.5089,20.8761,0.0677,0.0936,0.0469,0.1314
Cs2MnSbO3S3,1.7647,-1.6234,147.9958,30.0000,22.2660,5.7661,13.5477,28.5144,0.0678,0.0469,0.0558,0.1004
Cs2CuZnI6,0.9428,-1.1204,75.5093,30.0000,16.0581,11.1116,1.0000,28.6052,0.0678,0.3060,0.0450,0.8181
Cs2WMnO3S3,1.8395,-1.6833,133.8290,30.0000,21.0435,5.9190,12.3997,27.9873,0.0678,0.0430,0.0544,0.1034
Na2GeCuBr3I3,0.8617,-1.0975,4.5710,30.0000,9.9079,11.0273,1.0000,28.0303,0.0678,0.2027,0.0349,0.5270
Cs2MnGaO3S3,1.6628,-1.8624,163.8278,30.0000,23.6648,5.6210,14.8486,28.9708,0.0679,0.0686,0.0573,0.0979
Cs2GeMnO3S3,1.6341,-1.6597,167.7185,30.0000,23.9028,5.6141,15.1759,29.0662,0.0681,0.0795,0.0576,0.0972
Rb2ZrGaO3F3,2.3122,-2.8036,37.1688,30.0000,12.6166,5.9687,5.5893,21.0842,0.0681,0.0958,0.0474,0.1326
Cs2VTaO3S3,1.8432,-2.0922,135.7375,30.0000,21.0254,5.9525,12.4225,27.9949,0.0683,0.0471,0.0548,0.1036
Cs2FeMnO6,1.3186,-1.8496,183.6019,30.0000,25.3274,7.6948,10.3190,29.5911,0.0683,0.2389,0.0590,0.1413
Cs2MoBiO3Cl3,1.9162,-1.8523,119.8510,30.0000,19.5637,6.0600,11.1936,27.3205,0.0684,0.0450,0.0534,0.1073
Cs2TaFeO3Cl3,1.8639,-2.1633,132.5828,30.0000,20.5932,5.9570,12.1075,27.8021,0.0686,0.0414,0.0546,0.1050
Rb2TiGaO3F3,2.3015,-2.8498,41.2248,30.0000,12.7545,5.9984,5.7187,21.2942,0.0690,0.0945,0.0479,0.1329
K2FeMnBr3I3,0.8510,-1.2699,0.3477,30.0000,9.2826,10.9725,1.0000,27.9068,0.0690,0.1971,0.0344,0.5101
Cs2VCuO3Cl3,1.7171,-2.0532,162.3432,30.0000,22.9008,5.6904,14.1872,28.7397,0.0692,0.0573,0.0574,0.1012
Cs2ZrMoO3S3,1.8178,-2.0904,145.4446,30.0000,21.4195,5.8778,12.8147,28.1835,0.0693,0.0445,0.0559,0.1045
Cs2ZrMoO6,1.7435,-2.6628,158.2039,30.0000,22.5561,5.7465,13.8063,28.6018,0.0693,0.0550,0.0571,0.1024
Cs2WFeO3Cl3,1.8814,-1.7645,131.5748,30.0000,20.2107,6.0085,11.7505,27.6200,0.0693,0.0456,0.0547,0.1071
Cs2MnCuI6,0.9377,-1.1273,76.1987,30.0000,15.5834,11.0916,1.0000,28.5485,0.0695,0.3070,0.0452,0.8203
Cs2MnInO3S3,1.7956,-1.8709,151.0488,30.0000,21.7768,5.7940,13.1758,28.2536,0.0696,0.0448,0.0566,0.1041
Cs2VFeO3Cl3,1.7229,-2.0498,164.7021,30.0000,22.9177,5.7208,14.1245,28.7575,0.0697,0.0615,0.0578,0.1026
Cs2MnGaO6,1.6163,-2.0374,180.0478,30.0000,24.2532,5.6112,15.4131,29.1583,0.0697,0.0880,0.0592,0.0995
Cs2VNbO3S3,1.7696,-2.0817,156.7862,30.0000,22.2104,5.7747,13.5021,28.4735,0.0697,0.0519,0.0571,0.1036
Cs2TiCrO3Cl3,1.7121,-2.2372,166.8650,30.0000,23.0400,5.6417,14.3352,28.7955,0.0698,0.0618,0.0580,0.1016
Na2MnBiSe6,0.8468,-0.8829,0.3605,30.0000,9.1560,10.9618,1.0000,27.8966,0.0699,0.1973,0.0344,0.5099
Cs2TaCuO3F3,1.8519,-2.6935,141.5727,30.0000,20.7950,5.9391,12.2678,27.8850,0.0700,0.0457,0.0558,0.1072
Cs2TiMoO3S3,1.7767,-2.0557,156.8034,30.0000,22.0602,5.7621,13.4473,28.3805,0.0700,0.0488,0.0573,0.1041
Cs2SnZnO3S3,1.8358,-1.7215,146.1152,30.0000,21.0434,5.9219,12.4879,28.0125,0.0702,0.0464,0.0563,0.1070
Cs2NbFeO3Cl3,1.8067,-2.1685,152.5858,30.0000,21.5754,5.8338,12.9189,28.1826,0.0703,0.0439,0.0570,0.1061
Cs2MoWO6,1.8848,-2.0913,135.4185,30.0000,20.1363,6.0160,11.6858,27.6085,0.0703,0.0441,0.0554,0.1092
Cs2MnSbO3F3,1.7718,-2.3726,158.5838,30.0000,22.1065,5.7386,13.5436,28.4235,0.0703,0.0492,0.0575,0.1039
Cs2CrMnO6,1.5906,-1.9834,185.1176,30.0000,24.3863,5.6418,15.5955,29.2130,0.0704,0.0999,0.0598,0.1002
Cs2VNbO6,1.7094,-2.6559,171.7196,30.0000,23.0918,5.6611,14.3286,28.7699,0.0705,0.0613,0.0587,0.1028
Na2FeMnBr3I3,0.8456,-1.1615,0.3522,30.0000,9.0762,10.9483,1.0000,27.8605,0.0706,0.1970,0.0345,0.5098
Cs2SnMoS6,1.9278,-1.0620,129.1184,30.0000,19.4049,6.1053,11.0277,27.2601,0.0708,0.0483,0.0549,0.1122
Cs2SnInO3Cl3,1.9118,-1.8486,134.0102,30.0000,19.7580,6.0729,11.2463,27.4145,0.0711,0.0478,0.0555,0.1121
Cs2TiFeO3Cl3,1.7613,-2.1647,165.6319,30.0000,22.3130,5.7403,13.6544,28.4967,0.0711,0.0522,0.0583,0.1055
Cs2NbMnO3Cl3,1.8313,-2.1791,152.8309,30.0000,21.1947,5.8963,12.5960,28.0672,0.0713,0.0458,0.0573,0.1086
Cs2CrWO6,1.8670,-2.1784,145.2762,30.0000,20.5790,5.9901,12.0470,27.8153,0.0713,0.0487,0.0565,0.1098
Cs2CrWO3S3,1.9115,-1.7334,134.4432,30.0000,19.6778,6.0643,11.3133,27.3770,0.0714,0.0487,0.0557,0.1119
Cs2GeFeO3F3,1.6900,-2.3217,180.5710,30.0000,23.3601,5.6242,14.6839,28.8247,0.0716,0.0667,0.0600,0.1038
Cs2GeBiO3Cl3,1.9504,-1.7590,128.5685,30.0000,19.0729,6.1147,10.7331,27.0210,0.0717,0.0506,0.0552,0.1144
Cs2SnFeS3I3,0.9508,-1.0383,94.9249,30.0000,16.4823,11.0734,1.0000,28.6110,0.0718,0.3344,0.0478,0.8975
Cs2GeTaO3Cl3,1.9271,-2.1599,134.3072,30.0000,19.4706,6.1068,11.0701,27.3218,0.0718,0.0504,0.0557,0.1135
Cs2ZrCrO6,1.7489,-2.6035,171.8520,30.0000,22.5817,5.7224,13.8465,28.5718,0.0719,0.0529,0.0592,0.1063
Cs2FeMnO3F3,1.7028,-2.4183,180.1739,30.0000,23.1862,5.6618,14.4257,28.8044,0.0720,0.0691,0.0599,0.1055
Cs2FeMnCl3I3,0.9579,-1.4246,100.7708,30.0000,16.7551,11.0750,1.0000,28.6496,0.0721,0.3424,0.0487,0.9210
Cs2CrMnO3Cl3,1.7918,-1.7743,164.6223,30.0000,21.8091,5.8413,13.0880,28.3160,0.0722,0.0516,0.0586,0.1090
Cs2MoFeO3Cl3,1.8571,-1.7609,151.8156,30.0000,20.7174,5.9110,12.2936,27.8310,0.0723,0.0464,0.0575,0.1101
Cs2VMnO3Cl3,1.8011,-2.0950,164.9876,30.0000,21.6503,5.8360,13.0558,28.2721,0.0725,0.0515,0.0587,0.1093
Cs2TaSbO3S3,1.9899,-1.8930,122.2966,30.0000,18.2385,6.1432,10.1275,26.5306,0.0726,0.0563,0.0550,0.1173
Cs2SnBiO3Cl3,2.0209,-1.7489,116.1650,30.0000,17.7069,6.1651,9.6108,26.0958,0.0729,0.0613,0.0546,0.1196
Cs2CrWO3Cl3,1.9545,-1.8081,132.3526,30.0000,18.8945,6.1237,10.6117,26.9292,0.0730,0.0520,0.0559,0.1173
Cs2CrMoO3S3,1.8613,-1.7404,155.6442,30.0000,20.6400,5.9911,12.0479,27.8468,0.0732,0.0477,0.0581,0.1136
Cs2VCuO3F3,1.7526,-2.6228,178.8577,30.0000,22.4875,5.7178,13.8169,28.5584,0.0732,0.0577,0.0603,0.1087
Cs2WAgO3F3,1.9568,-2.3540,133.2107,30.0000,18.8831,6.1264,10.6109,26.9112,0.0733,0.0559,0.0561,0.1173
Cs2TaMnO3F3,1.9171,-2.9569,143.5708,30.0000,19.5791,6.0661,11.2999,27.3092,0.0735,0.0512,0.0570,0.1157
K2FeSbSe3Br3,0.8384,-1.1768,0.2419,30.0000,8.5621,10.9252,1.0000,27.7980,0.0736,0.1984,0.0345,0.5118
Cs2MoSbO3Cl3,1.9504,-1.8725,136.2146,30.0000,19.0239,6.1042,10.6820,26.9551,0.0736,0.0535,0.0565,0.1176
Cs2CrMoO3Cl3,1.8810,-1.7528,152.8508,30.0000,20.2962,6.0033,11.7967,27.6834,0.0737,0.0484,0.0580,0.1150
Na2FeCuCl3I3,0.8383,-1.1245,0.4179,30.0000,8.5384,10.9198,1.0000,27.8313,0.0738,0.1982,0.0345,0.5111
Cs2WInO3Cl3,2.0196,-1.8912,121.8907,30.0000,17.7482,6.1553,9.6625,26.1105,0.0740,0.0616,0.0555,0.1219
Cs2ZrFeO3Cl3,1.8895,-2.1621,152.9989,30.0000,20.1032,6.0354,11.6884,27.5922,0.0741,0.0489,0.0580,0.1156
K2GeFeSe3I3,0.8427,-0.9211,4.5684,30.0000,8.8205,10.9766,1.0000,27.9179,0.0742,0.2056,0.0351,0.5296
Cs2TaSbO6,1.9851,-2.5272,131.1585,30.0000,18.4221,6.1534,10.1988,26.5843,0.0742,0.0603,0.0562,0.1200
Na2FeMnI6,0.8405,-1.0581,0.5764,30.0000,8.4964,10.9274,1.0000,27.8222,0.0744,0.1988,0.0345,0.5124
Rb2TiInO3F3,2.4024,-2.8060,36.9387,30.0000,11.1388,5.7630,4.4275,19.3379,0.0747,0.1184,0.0500,0.1621
Cs2ZrWO6,1.9705,-2.7067,136.3511,30.0000,18.6161,6.1205,10.4029,26.7345,0.0748,0.0551,0.0569,0.1207
Cs2SnTaO3Cl3,2.0285,-2.2028,121.0534,30.0000,17.4778,6.1943,9.4950,26.0298,0.0748,0.0667,0.0556,0.1232
Na2FeSbSe3Br3,0.8357,-1.1160,0.2421,30.0000,8.3029,10.8952,1.0000,27.7616,0.0755,0.1982,0.0345,0.5109
Cs2VTaO6,1.9437,-2.7676,146.7477,30.0000,19.1987,6.1255,10.8081,27.1036,0.0755,0.0577,0.0580,0.1208
Cs2FeSbS3I3,0.9285,-0.9661,94.6319,30.0000,15.2474,11.1018,1.0000,28.4911,0.0759,0.3411,0.0480,0.9058
Cs2GeZnO3S3,1.8778,-1.6365,164.5157,30.0000,20.2696,5.9901,11.8272,27.6493,0.0761,0.0502,0.0597,0.1185
Cs2CrMoO6,1.8658,-2.1017,170.3498,30.0000,20.6277,5.9813,12.0462,27.8017,0.0764,0.0526,0.0604,0.1192
Cs2MnInO3F3,1.8979,-2.4401,161.9941,30.0000,19.9067,6.0420,11.5493,27.5304,0.0767,0.0536,0.0597,0.1200
Rb2MoGaO3F3,2.4278,-2.3968,36.8732,30.0000,10.7531,5.7222,4.0659,18.9357,0.0768,0.1259,0.0508,0.1754
Cs2MoMnO3S3,1.9340,-1.6805,154.8225,30.0000,19.2577,6.1007,10.8957,27.1689,0.0770,0.0561,0.0592,0.1237
Rb2TiSbO3F3,2.4447,-2.7879,34.6965,30.0000,10.5316,5.6512,3.8390,18.5567,0.0770,0.1290,0.0509,0.1820
Cs2NbZnO3Cl3,1.9603,-2.1701,150.0660,30.0000,18.8062,6.1494,10.5040,26.9181,0.0773,0.0572,0.0589,0.1255
Cs2GeWO3S3,2.0185,-1.6042,135.3574,30.0000,17.6793,6.1629,9.6321,26.0733,0.0774,0.0671,0.0578,0.1282
Cs2TaZnO3F3,1.9998,-2.7539,141.1363,30.0000,18.0341,6.1750,9.9765,26.3916,0.0778,0.0654,0.0583,0.1275
K2GeCuI6,0.8329,-0.9716,4.0293,30.0000,8.2552,10.8847,1.0000,27.7276,0.0779,0.2054,0.0351,0.5282
Cs2GeInO3Cl3,1.9718,-1.8469,149.6888,30.0000,18.6691,6.1145,10.4647,26.6899,0.0779,0.0595,0.0590,0.1254
Rb2WInO3F3,2.4847,-2.4143,28.2823,30.0000,9.8523,5.5717,3.1239,17.7882,0.0782,0.1360,0.0510,0.2104
Na2SnFeS3I3,0.8253,-0.8829,0.4388,30.0000,7.8725,10.8601,1.0000,27.6669,0.0784,0.1997,0.0346,0.5141
Cs2SnFeO3S3,1.9838,-1.6048,148.5030,30.0000,18.3438,6.1577,10.1247,26.5621,0.0784,0.0624,0.0591,0.1287
K2FeAgCl3I3,0.8263,-1.2431,2.3408,30.0000,8.0239,10.8971,1.0000,27.7480,0.0786,0.2032,0.0348,0.5213
Rb2FeSbSe3Br3,0.8460,-1.1852,18.8667,30.0000,9.1509,10.9119,1.0000,27.8100,0.0786,0.2293,0.0373,0.5921
Cs2SbZnO3F3,1.9605,-2.3532,155.6093,30.0000,18.7862,6.1011,10.5491,26.8582,0.0787,0.0562,0.0597,0.1268
Rb2FeAgCl3I3,0.8523,-1.3230,20.8061,30.0000,9.2548,10.9962,1.0000,27.9667,0.0788,0.2333,0.0375,0.6000
Cs2MoMnO6,1.9149,-2.0151,169.3665,30.0000,19.6788,6.0544,11.2835,27.3764,0.0790,0.0558,0.0610,0.1250
Cs2SnWO3S3,2.0993,-1.7361,121.9004,30.0000,16.3176,6.1764,8.4954,24.9937,0.0790,0.0769,0.0573,0.1360
Cs2GeSbO3Cl3,2.0040,-1.7796,146.7896,30.0000,18.0282,6.1869,9.8233,26.3014,0.0791,0.0670,0.0593,0.1311
Cs2TiCrO6,1.8410,-2.6043,187.9578,30.0000,20.9845,5.8958,12.4739,27.9354,0.0791,0.0521,0.0628,0.1220
Cs2MoFeO3F3,1.9300,-2.4018,166.1570,30.0000,19.3628,6.1204,10.9587,27.2291,0.0793,0.0590,0.0608,0.1275
Cs2NbFeO3F3,1.9351,-2.7665,167.0841,30.0000,19.2973,6.0869,10.9583,27.1376,0.0797,0.0572,0.0611,0.1281
Cs2TiWO6,2.0142,-2.7355,146.2857,30.0000,17.8646,6.2129,9.6229,26.2529,0.0797,0.0662,0.0594,0.1334
Cs2WMnO6,2.0192,-2.1499,144.5596,30.0000,17.7376,6.1781,9.6917,26.1785,0.0797,0.0670,0.0591,0.1320
Cs2SnCrO3Cl3,2.0122,-1.9020,146.9138,30.0000,17.8608,6.1718,9.8286,26.2489,0.0798,0.0684,0.0594,0.1321
Cs2SnSbO3F3,2.0325,-2.3615,142.0962,30.0000,17.5015,6.1834,9.4041,25.9574,0.0798,0.0702,0.0591,0.1344
Na2FeSbS3I3,0.8244,-0.8563,0.4653,30.0000,7.6724,10.8548,1.0000,27.6830,0.0799,0.1998,0.0346,0.5138
Cs2MnBiSe6,0.9141,-0.9680,86.7459,30.0000,13.4928,11.0733,1.0000,28.3597,0.0802,0.3331,0.0469,0.8758
Cs2GeFeO3S3,1.9437,-1.6070,167.4345,30.0000,19.1360,6.1050,10.8124,27.0605,0.0803,0.0647,0.0613,0.1294
Cs2MoSbO3F3,2.0199,-2.3344,147.6410,30.0000,17.7427,6.1999,9.5655,26.1581,0.0804,0.0706,0.0596,0.1343
Cs2VZnO3Cl3,1.9670,-2.0683,161.7692,30.0000,18.6469,6.1431,10.4560,26.8257,0.0806,0.0648,0.0608,0.1309
Cs2SnInO3F3,2.0336,-2.4002,144.9573,30.0000,17.4515,6.1727,9.4637,25.9398,0.0807,0.0696,0.0596,0.1347
Cs2TiMoO6,1.9327,-2.7175,171.7396,30.0000,19.3080,6.0966,10.9571,27.1624,0.0807,0.0590,0.0618,0.1296
Cs2TiFeO3F3,1.8928,-2.6976,182.8635,30.0000,20.0497,6.0145,11.6067,27.5588,0.0808,0.0554,0.0627,0.1272
Rb2MoInO3F3,2.4931,-2.3985,33.4136,30.0000,9.7518,5.5629,3.0057,17.6809,0.0814,0.1415,0.0524,0.2252
Cs2WGaO3Cl3,2.0971,-1.9231,130.0803,30.0000,16.2797,6.2125,8.4722,24.9919,0.0814,0.0801,0.0586,0.1411
K2GeCuBr3I3,0.8268,-1.1565,4.4038,30.0000,7.8101,10.8743,1.0000,27.7045,0.0814,0.2066,0.0352,0.5310
K2SnFeSe3I3,0.8219,-0.9251,0.4742,30.0000,7.5323,10.8323,1.0000,27.6494,0.0815,0.2001,0.0346,0.5142
Cs2CrMnO3F3,1.9087,-2.5471,181.6333,30.0000,19.7447,6.0502,11.3582,27.4201,0.0815,0.0564,0.0628,0.1293
Cs2TaFeO3F3,2.0553,-2.8076,143.3552,30.0000,17.0964,6.1789,9.1486,25.6764,0.0817,0.0751,0.0598,0.1377
Cs2MnGaO3F3,1.9345,-2.4391,176.7803,30.0000,19.2966,6.0742,10.9756,27.1435,0.0819,0.0588,0.0626,0.1311
Cs2NbSbO3S3,2.0742,-1.9256,139.0645,30.0000,16.7175,6.1960,8.8071,25.3282,0.0819,0.0775,0.0596,0.1406
Cs2CrWO3F3,2.0621,-2.6089,143.1232,30.0000,16.9178,6.2041,9.0164,25.6049,0.0822,0.0765,0.0600,0.1395
K2FeCuCl3I3,0.8180,-1.2488,0.4094,30.0000,7.4514,10.8347,1.0000,27.6330,0.0823,0.2006,0.0347,0.5139
Cs2SnFeO3F3,2.0047,-2.2869,159.1689,30.0000,18.0048,6.1938,9.8152,26.4149,0.0823,0.0688,0.0612,0.1371
Cs2SbCuSe3Br3,0.9111,-1.1361,93.7178,30.0000,13.5533,11.1000,1.0000,28.4018,0.0824,0.3430,0.0480,0.9039
Na2CrAgI6,0.8210,-0.9359,2.0319,30.0000,7.5407,10.8565,1.0000,27.6982,0.0824,0.2036,0.0348,0.5218
Cs2FeSbO3F3,2.0115,-2.2958,158.3200,30.0000,17.8866,6.1923,9.6777,26.2397,0.0826,0.0724,0.0613,0.1379
Cs2SnGeO3S3,2.0451,-1.6359,149.9903,30.0000,17.3126,6.2038,9.2719,25.7810,0.0826,0.0792,0.0606,0.1399
Cs2ZrBiO3Cl3,2.1612,-2.2583,120.5735,30.0000,15.2223,6.1599,7.6406,23.9916,0.0831,0.0943,0.0587,0.1486
Cs2GeCrO3Cl3,1.9995,-1.8119,165.4916,30.0000,18.0938,6.1782,9.9162,26.4627,0.0834,0.0677,0.0621,0.1381
Na2SnFeBr3I3,0.8185,-1.1121,0.3669,30.0000,7.2873,10.8300,1.0000,27.6379,0.0834,0.2002,0.0346,0.5131
K2FeMnI6,0.8165,-1.0905,0.5649,30.0000,7.2758,10.8412,1.0000,27.6510,0.0836,0.2007,0.0347,0.5148
Cs2ZrFeO3F3,2.0027,-2.7317,167.5837,30.0000,18.0169,6.1823,9.8762,26.4066,0.0842,0.0680,0.0626,0.1402
Cs2SnMoO3S3,2.1107,-1.7451,139.0721,30.0000,16.1798,6.1847,8.3692,24.9021,0.0843,0.0879,0.0605,0.1468
Rb2FeCuCl3I3,0.8330,-1.3150,20.1579,30.0000,8.4664,10.9238,1.0000,27.8202,0.0843,0.2333,0.0376,0.5996
Cs2VSbO3S3,2.0789,-1.8049,149.0478,30.0000,16.6581,6.1949,8.7365,25.2908,0.0848,0.0814,0.0614,0.1463
Cs2VFeO3F3,1.9653,-2.6627,181.7267,30.0000,18.7407,6.1361,10.4386,26.7535,0.0849,0.0680,0.0641,0.1391
K2MnSbSe6,0.8151,-0.9347,0.3767,30.0000,7.1433,10.8284,1.0000,27.6156,0.0850,0.2006,0.0347,0.5142
Cs2MoBiO3F3,2.1586,-2.2671,128.6072,30.0000,15.1865,6.1491,7.6384,23.9185,0.0854,0.0980,0.0603,0.1535
Rb2SnCuBr6,0.8333,-1.3997,18.5660,30.0000,8.1617,10.9183,1.0000,27.7725,0.0857,0.2318,0.0374,0.5936
Cs2CrMoO3F3,2.0270,-2.5801,167.3971,30.0000,17.6064,6.1855,9.5699,26.0778,0.0858,0.0722,0.0632,0.1439
K2SnCuBr3I3,0.8156,-1.1598,0.3671,30.0000,7.0164,10.8277,1.0000,27.6227,0.0859,0.2007,0.0347,0.5140
Cs2MoInO3Cl3,2.1317,-1.9245,138.8903,30.0000,15.7205,6.1904,8.0268,24.4369,0.0860,0.0944,0.0611,0.1521
Cs2GeTaO3F3,2.1093,-2.7037,144.9261,30.0000,16.1088,6.2138,8.2576,24.8189,0.0860,0.0909,0.0615,0.1525
Cs2SnGaO3Cl3,2.1130,-1.8709,143.9742,30.0000,16.0303,6.1789,8.3156,24.7719,0.0860,0.0895,0.0614,0.1501
Cs2SnCrO3S3,2.0996,-1.7788,149.4937,30.0000,16.3356,6.2210,8.4657,25.0277,0.0863,0.0884,0.0620,0.1509
Cs2VMnO3F3,1.9841,-2.7661,182.0741,30.0000,18.3659,6.1471,10.1605,26.5546,0.0863,0.0684,0.0646,0.1426
Cs2NbCuO3F3,2.0487,-2.6327,164.6574,30.0000,17.2050,6.1735,9.2047,25.7475,0.0865,0.0786,0.0632,0.1475
Na2GeFeBr3I3,0.8176,-1.1084,4.6063,30.0000,7.1817,10.8184,1.0000,27.6457,0.0868,0.2083,0.0354,0.5331
Cs2GeGaO3Cl3,2.0648,-1.8551,161.7258,30.0000,16.9823,6.1933,8.9871,25.5409,0.0868,0.0849,0.0631,0.1492
Cs2SnNbO3Cl3,2.1498,-2.2360,137.4593,30.0000,15.4050,6.1776,7.7173,24.0779,0.0870,0.0986,0.0615,0.1568
Rb2GeCuBr3I3,0.8322,-1.2410,20.5561,30.0000,8.1547,10.9150,1.0000,27.7642,0.0871,0.2353,0.0377,0.6030
Rb2GeFeSe3Br3,0.8340,-1.2027,24.3560,30.0000,8.3373,10.8963,1.0000,27.7738,0.0874,0.2407,0.0383,0.6178
Cs2GeCrO3S3,2.0439,-1.6419,168.6470,30.0000,17.2409,6.2003,9.2347,25.8117,0.0875,0.0784,0.0638,0.1486
Na2GeFeS3I3,0.8186,-0.8990,5.6173,30.0000,7.1692,10.8509,1.0000,27.6534,0.0877,0.2100,0.0355,0.5376
Cs2GeNbO3Cl3,2.1118,-2.1795,153.9958,30.0000,16.0707,6.1837,8.2731,24.6947,0.0887,0.0952,0.0633,0.1564
Cs2GeCrO6,2.0051,-2.0943,185.3453,30.0000,17.9364,6.1710,9.8841,26.3764,0.0888,0.0753,0.0655,0.1480
Cs2GeWO6,2.1422,-2.0376,145.9000,30.0000,15.5276,6.1831,7.7943,24.2336,0.0889,0.1030,0.0629,0.1605
Cs2SnBiO3F3,2.2226,-2.3577,124.3752,30.0000,14.0621,6.0852,6.7678,22.6959,0.0895,0.1165,0.0618,0.1682
Cs2SbCuSe3I3,0.8810,-0.9090,81.5920,30.0000,11.4566,11.1123,1.0000,28.2336,0.0897,0.3326,0.0464,0.8609
Na2FeAgCl3I3,0.8109,-1.1193,2.4380,30.0000,6.7590,10.7504,1.0000,27.5511,0.0897,0.2047,0.0351,0.5247
Cs2GeMoO3S3,2.1197,-1.6068,155.9409,30.0000,15.8795,6.2164,8.1140,24.6645,0.0900,0.0984,0.0638,0.1606
Cs2ZrInO3Cl3,2.1775,-2.2922,139.8649,30.0000,14.9324,6.1423,7.3876,23.6109,0.0900,0.1076,0.0629,0.1645
Cs2NbMnO3F3,2.0847,-2.8502,167.3779,30.0000,16.4910,6.1762,8.6446,25.1376,0.0901,0.0874,0.0648,0.1573
Cs2ZrCrO3F3,2.0893,-2.8174,168.8459,30.0000,16.4943,6.1969,8.5820,25.1374,0.0907,0.0929,0.0650,0.1586
Cs2WFeO3F3,2.1780,-2.5432,142.2147,30.0000,14.8809,6.1504,7.3649,23.5980,0.0908,0.1116,0.0633,0.1661
Cs2FeAgCl3I3,0.8962,-1.3101,96.5145,30.0000,12.1070,11.0956,1.0000,28.2666,0.0914,0.3553,0.0486,0.9239
Cs2VZnO3F3,2.0688,-2.6749,178.1623,30.0000,16.8089,6.2049,8.8572,25.4356,0.0917,0.0900,0.0660,0.1593
Cs2SnCrO6,2.1384,-2.0669,163.0139,30.0000,15.6537,6.1877,7.9918,24.4230,0.0930,0.1029,0.0654,0.1662
Cs2ZrGaO3Cl3,2.1798,-2.3718,150.7545,30.0000,14.7932,6.1209,7.3465,23.4396,0.0939,0.1173,0.0651,0.1715
Cs2SnVO3Cl3,2.1986,-2.1100,147.2080,30.0000,14.4936,6.1260,7.0740,23.1238,0.0945,0.1221,0.0653,0.1755
Cs2MoAgO3F3,2.1863,-2.3585,153.6081,30.0000,14.7577,6.1439,7.2398,23.3713,0.0948,0.1179,0.0658,0.1764
Cs2TiInO3Cl3,2.1992,-2.3437,150.2426,30.0000,14.5195,6.1389,7.0561,23.2300,0.0950,0.1208,0.0656,0.1780
Cs2GeFeS3Br3,0.9056,-1.2358,123.4857,30.0000,12.9872,11.1319,1.0000,28.3661,0.0952,0.3986,0.0526,1.0390
Cs2GeCrO3F3,2.1094,-2.4040,181.9814,30.0000,16.0842,6.1599,8.3790,24.7196,0.0960,0.1005,0.0681,0.1692
Cs2GeInO3F3,2.1742,-2.3921,162.9258,30.0000,14.9945,6.1463,7.4991,23.6930,0.0961,0.1133,0.0669,0.1754
Cs2SnTaO3F3,2.2757,-2.6854,129.9668,30.0000,13.1556,5.9916,6.0583,21.6995,0.0964,0.1389,0.0649,0.1901
Cs2TiBiO3Cl3,2.2803,-2.2861,128.2724,30.0000,13.0999,6.0107,6.0251,21.6671,0.0965,0.1392,0.0646,0.1898
Rb2SnCuBr3I3,0.8123,-1.2342,16.1396,30.0000,6.9745,10.7682,1.0000,27.5136,0.0966,0.2288,0.0372,0.5842
Cs2SnCrO3F3,2.1882,-2.3974,160.3072,30.0000,14.7418,6.1109,7.3135,23.4520,0.0969,0.1161,0.0670,0.1785
Cs2VSbO6,2.1822,-2.3277,162.4773,30.0000,14.7941,6.1417,7.2509,23.4495,0.0972,0.1214,0.0673,0.1803
Cs2TiCrO3F3,2.1265,-2.7943,184.3669,30.0000,15.8145,6.1880,8.0922,24.5136,0.0981,0.1105,0.0690,0.1757
Cs2GeVO3Cl3,2.1881,-2.0762,165.8467,30.0000,14.7165,6.1361,7.2324,23.3836,0.0988,0.1237,0.0680,0.1839
Cs2NbZnO3F3,2.1970,-2.7066,164.0671,30.0000,14.5743,6.1565,7.0995,23.3523,0.0988,0.1247,0.0678,0.1850
Cs2SnWO6,2.3001,-2.0334,130.7357,30.0000,12.7649,5.9725,5.8116,21.2709,0.0991,0.1490,0.0660,0.1979
Cs2FeCuCl3I3,0.8770,-1.3123,99.7837,30.0000,11.1066,11.0526,1.0000,28.1269,0.0996,0.3657,0.0493,0.9413
Cs2SnMoO6,2.2434,-2.0606,150.6903,30.0000,13.7063,6.0922,6.4961,22.3941,0.0998,0.1392,0.0673,0.1919
Rb2GeFeBr6,0.8163,-1.4138,24.1435,30.0000,7.0629,10.7937,1.0000,27.5782,0.1001,0.2437,0.0384,0.6204
Cs2SnGaO3F3,2.2407,-2.3941,156.6836,30.0000,13.8212,6.0577,6.5535,22.4494,0.1011,0.1385,0.0684,0.1940
Cs2NbSbO6,2.2589,-2.5135,150.6818,30.0000,13.4474,6.0623,6.2833,22.1581,0.1014,0.1440,0.0680,0.1976
K2SnCuI6,0.7924,-0.9955,0.5665,30.0000,5.7149,10.6348,1.0000,27.3411,0.1018,0.2032,0.0349,0.5184
Cs2GeSbO3F3,2.2402,-2.3198,159.6108,30.0000,13.7996,6.0714,6.5510,22.4333,0.1019,0.1411,0.0689,0.1961
Cs2TiGaO3Cl3,2.2400,-2.4049,162.8805,30.0000,13.7650,6.0503,6.5881,22.3873,0.1031,0.1416,0.0697,0.1973
Cs2GeGaO3F3,2.2022,-2.3920,177.2838,30.0000,14.4793,6.0924,7.0989,23.0798,0.1032,0.1317,0.0709,0.1934
Na2GeCuI6,0.7950,-0.8694,4.1587,30.0000,5.7621,10.6658,1.0000,27.3745,0.1033,0.2093,0.0355,0.5343
Cs2FeZnCl3I3,0.8669,-1.3683,99.5647,30.0000,10.4500,11.0680,1.0000,28.0639,0.1041,0.3681,0.0495,0.9439
Cs2GeBiO3F3,2.3192,-2.3089,138.2970,30.0000,12.4317,5.9502,5.4853,20.8760,0.1041,0.1618,0.0683,0.2136
Cs2GeVO3F3,2.1921,-2.6398,182.4072,30.0000,14.5718,6.1278,7.1654,23.3183,0.1043,0.1331,0.0712,0.1949
Cs2GeMoO6,2.2332,-2.0726,170.1011,30.0000,13.9015,6.1468,6.5806,22.6875,0.1047,0.1452,0.0702,0.2030
Cs2ZrSbO3Cl3,2.3347,-2.2578,137.1585,30.0000,12.2267,5.9201,5.3340,20.6788,0.1051,0.1666,0.0686,0.2190
Cs2SnVO3F3,2.2924,-2.6551,160.6544,30.0000,12.8630,5.9840,5.9147,21.4776,0.1084,0.1648,0.0715,0.2164
Cs2SnCuBr6,0.8529,-1.4054,93.6143,30.0000,9.7023,11.0037,1.0000,28.0088,0.1084,0.3598,0.0487,0.9206
Cs2TiSbO3Cl3,2.3370,-2.2974,147.2151,30.0000,12.2105,5.8989,5.3332,20.6179,0.1088,0.1759,0.0710,0.2272
Cs2MoGaO3Cl3,2.3648,-1.9371,149.6173,30.0000,11.7610,5.8728,4.9646,20.1548,0.1132,0.1918,0.0726,0.2452
Rb2GeCuI6,0.7860,-1.0176,18.0827,30.0000,5.5461,10.6229,1.0000,27.2827,0.1179,0.2346,0.0378,0.5960
Rb2CrAgBr3I3,0.7900,-1.2156,17.9853,30.0000,5.4772,10.6542,1.0000,27.3157,0.1182,0.2351,0.0377,0.5963
Rb2SnFeSe3I3,0.7863,-0.9503,16.4089,30.0000,5.3865,10.6670,1.0000,27.3511,0.1195,0.2323,0.0375,0.5896
Cs2ZrSbO3F3,2.4135,-2.7385,148.7571,30.0000,10.9516,5.7158,4.3869,19.1652,0.1199,0.2093,0.0753,0.2740
Cs2WInO3F3,2.4883,-2.4093,130.8792,30.0000,9.7966,5.5901,3.0922,17.7821,0.1240,0.2374,0.0755,0.3569
Cs2ZrInO3F3,2.4318,-2.7361,151.8347,30.0000,10.6467,5.7194,3.9437,18.8392,0.1240,0.2285,0.0770,0.3063
Cs2WGaO3F3,2.4683,-2.3991,140.3655,30.0000,10.0908,5.6188,3.4257,18.1244,0.1249,0.2345,0.0767,0.3335
Cs2GeNbO3F3,2.3999,-2.6702,168.1699,30.0000,11.1405,5.7810,4.4291,19.4264,0.1257,0.2228,0.0789,0.2896
Cs2MnSbSe6,0.8314,-0.9668,94.9862,30.0000,8.1989,10.8941,1.0000,27.7907,0.1263,0.3677,0.0492,0.9334
Rb2FeMnBr3I3,0.7807,-1.3330,17.3717,30.0000,5.0745,10.5876,1.0000,27.1863,0.1263,0.2343,0.0377,0.5943
Cs2TiSbO3F3,2.4319,-2.7665,160.6629,30.0000,10.6752,5.6887,3.9832,18.7739,0.1273,0.2334,0.0795,0.3117
Cs2ZrGaO3F3,2.4207,-2.7702,164.7503,30.0000,10.8496,5.7087,4.1854,18.9397,0.1273,0.2293,0.0796,0.3027
Cs2TiInO3F3,2.4362,-2.7674,164.1454,30.0000,10.6264,5.6840,3.9810,18.7516,0.1293,0.2376,0.0801,0.3167
K2FeCuBr6,0.7622,-1.3217,0.0477,30.0000,4.2571,10.4506,1.0000,27.0354,0.1296,0.2036,0.0351,0.5187
Na2SnFeSe3I3,0.7633,-0.8845,0.4833,30.0000,4.1822,10.4489,1.0000,26.9877,0.1314,0.2043,0.0353,0.5208
Cs2TiGaO3F3,2.4138,-2.7823,179.3444,30.0000,10.9032,5.7219,4.2669,19.0905,0.1325,0.2386,0.0825,0.3117
Cs2SnNbO3F3,2.4962,-2.6808,149.1106,30.0000,9.6833,5.5446,3.0365,17.6832,0.1331,0.2555,0.0804,0.3886
Cs2MoGaO3F3,2.4623,-2.3953,163.3854,30.0000,10.1751,5.6515,3.5148,18.2782,0.1335,0.2531,0.0817,0.3559
K2CrAgI6,0.7544,-1.0044,1.9741,30.0000,3.9408,10.3862,1.0000,26.9020,0.1408,0.2075,0.0356,0.5277
Na2FeCuBr6,0.7460,-1.2008,0.0382,30.0000,3.7177,10.3030,1.0000,26.7758,0.1463,0.2043,0.0354,0.5202
Na2FeZnBr3I3,0.7491,-1.0858,0.3486,30.0000,3.6878,10.3046,1.0000,26.7810,0.1475,0.2047,0.0355,0.5211
Na2MnSbSe6,0.7472,-0.8970,0.3831,30.0000,3.5713,10.2919,1.0000,26.7994,0.1511,0.2045,0.0354,0.5213
Cs2CrAgBr3I3,0.7987,-1.2417,84.5770,30.0000,6.1733,10.7076,1.0000,27.4463,0.1537,0.3540,0.0481,0.8914
Rb2GeFeSe3I3,0.7604,-0.9573,20.8896,30.0000,4.1157,10.4103,1.0000,26.9469,0.1556,0.2414,0.0385,0.6113
K2FeSbSe3I3,0.7409,-0.9056,0.4953,30.0000,3.4298,10.2059,1.0000,26.6050,0.1579,0.2053,0.0356,0.5226
Rb2SnCuI6,0.7486,-1.0293,14.3271,30.0000,3.6917,10.3335,1.0000,26.8667,0.1629,0.2304,0.0376,0.5837
K2SnFeBr3I3,0.7309,-1.1676,0.3621,30.0000,3.2351,10.1849,1.0000,26.5737,0.1652,0.2050,0.0356,0.5226
Rb2FeMnI6,0.7474,-1.1184,15.2685,30.0000,3.6397,10.3139,1.0000,26.8183,0.1663,0.2317,0.0378,0.5878
Rb2CrAgI6,0.7428,-1.0355,15.8973,30.0000,3.6185,10.2364,1.0000,26.6604,0.1666,0.2333,0.0381,0.5913
Cs2GeCuBr3I3,0.7900,-1.2290,88.4515,30.0000,5.5735,10.6138,1.0000,27.2824,0.1716,0.3610,0.0489,0.9105
Cs2GeFeBr6,0.7941,-1.4236,103.2048,30.0000,5.9690,10.6960,1.0000,27.3896,0.1730,0.3897,0.0510,0.9785
Na2GeFeSe3I3,0.7276,-0.8688,4.7446,30.0000,3.1235,10.1164,1.0000,26.4774,0.1769,0.2129,0.0364,0.5426
K2GeFeBr3I3,0.7200,-1.1781,4.4361,30.0000,2.8726,10.0566,1.0000,26.3555,0.1905,0.2130,0.0365,0.5420
Cs2SnFeSe3I3,0.7757,-0.9579,82.3956,30.0000,4.8077,10.5694,1.0000,27.1980,0.1908,0.3526,0.0481,0.8866
K2FeZnBr3I3,0.7092,-1.2085,0.3442,30.0000,2.7493,9.9369,1.0000,26.2021,0.1922,0.2051,0.0359,0.5244
Cs2SnCuBr3I3,0.7730,-1.2318,81.4997,30.0000,4.6416,10.5450,1.0000,27.1300,0.1957,0.3516,0.0480,0.8837
Na2FeZnI6,0.7045,-0.9978,0.5708,30.0000,2.6631,9.8713,1.0000,26.0454,0.1967,0.2056,0.0361,0.5263
Cs2FeSbSe3Br3,0.7753,-1.2011,94.4944,30.0000,4.9116,10.5858,1.0000,27.2063,0.1978,0.3762,0.0499,0.9417
Rb2SnFeBr3I3,0.7189,-1.2267,16.2609,30.0000,3.0199,10.0446,1.0000,26.3669,0.1983,0.2341,0.0384,0.5952
Cs2GeCuBr6,0.7790,-1.4000,102.3113,30.0000,5.0229,10.5465,1.0000,27.1686,0.2008,0.3882,0.0513,0.9749
Rb2FeSbSe3I3,0.7137,-0.9433,16.3777,30.0000,2.8699,10.0445,1.0000,26.3702,0.2087,0.2349,0.0384,0.5962
Na2SnFeI6,0.6943,-0.9104,0.5744,30.0000,2.5132,9.8041,1.0000,25.9035,0.2094,0.2055,0.0362,0.5269
K2SnFeI6,0.6969,-1.0167,0.5637,30.0000,2.4817,9.7974,1.0000,25.8672,0.2108,0.2058,0.0362,0.5276
Cs2GeFeSe3I3,0.7652,-0.9542,89.4605,30.0000,4.3038,10.4554,1.0000,27.0222,0.2171,0.3668,0.0495,0.9197
Rb2FeCuBr6,0.7131,-1.3469,20.0360,30.0000,2.7879,10.0132,1.0000,26.3117,0.2197,0.2418,0.0391,0.6136
K2GeFeI6,0.6848,-0.9876,4.0539,30.0000,2.3296,9.6320,1.0000,25.5913,0.2303,0.2114,0.0371,0.5424
Rb2FeZnI6,0.6990,-1.0806,15.1176,30.0000,2.5442,9.8406,1.0000,26.0020,0.2311,0.2323,0.0386,0.5921
Cs2SnFeSe3Br3,0.7563,-1.2082,94.7870,30.0000,3.9896,10.3729,1.0000,26.9188,0.2390,0.3764,0.0505,0.9453
Cs2GeFeSe3Br3,0.7579,-1.2278,103.6512,30.0000,4.0682,10.4289,1.0000,26.9836,0.2445,0.3931,0.0518,0.9853
Na2FeSbSe3I3,0.6648,-0.8175,0.5052,30.0000,2.0897,9.3944,1.0000,25.0710,0.2467,0.2046,0.0369,0.5284
Cs2FeMnBr3I3,0.7444,-1.3791,87.3001,30.0000,3.6291,10.2671,1.0000,26.7385,0.2536,0.3637,0.0496,0.9132
K2FeZnI6,0.6573,-1.0519,0.5596,30.0000,1.9598,9.2498,1.0000,24.7700,0.2637,0.2039,0.0372,0.5295
Rb2GeFeBr3I3,0.6784,-1.2395,20.7204,30.0000,2.2751,9.6104,1.0000,25.5384,0.2657,0.2419,0.0400,0.6186
Cs2SnCuI6,0.7277,-1.0480,72.2098,30.0000,3.1362,10.1436,1.0000,26.5152,0.2686,0.3373,0.0474,0.8472
Na2FeAgBr3I3,0.6523,-1.0433,2.0553,30.0000,1.9118,9.2772,1.0000,24.8071,0.2724,0.2069,0.0374,0.5369
Cs2FeSbSe3I3,0.7256,-0.9463,82.1775,30.0000,3.2003,10.1122,1.0000,26.4663,0.2772,0.3546,0.0491,0.8921
Na2GeFeI6,0.6532,-0.9038,4.1852,30.0000,1.9028,9.2558,1.0000,24.7939,0.2785,0.2110,0.0377,0.5468
Rb2FeZnBr3I3,0.6643,-1.2738,17.1733,30.0000,2.0837,9.4581,1.0000,25.2935,0.2820,0.2354,0.0396,0.6043
Na2FeCuBr3I3,0.6368,-1.0406,0.3565,30.0000,1.7530,9.1094,1.0000,24.4751,0.2901,0.2030,0.0375,0.5296
Cs2GeFeBr3I3,0.7112,-1.2545,89.1157,30.0000,2.8408,10.0045,1.0000,26.2663,0.3185,0.3682,0.0505,0.9265
Cs2CrAgI6,0.7014,-1.0831,74.7463,30.0000,2.6373,9.8600,1.0000,26.0414,0.3189,0.3416,0.0485,0.8615
Rb2SnFeI6,0.6256,-1.0467,14.4203,30.0000,1.6720,8.9772,1.0000,24.1304,0.3405,0.2278,0.0402,0.5944
Cs2SnFeI6,0.6891,-1.0783,72.6665,30.0000,2.4175,9.7267,1.0000,25.8536,0.3424,0.3370,0.0484,0.8533
Cs2FeMnI6,0.6841,-1.1484,76.7080,30.0000,2.3394,9.6336,1.0000,25.5790,0.3612,0.3442,0.0495,0.8714
Cs2SnFeBr3I3,0.6895,-1.2354,82.0846,30.0000,2.3866,9.7234,1.0000,25.7215,0.3652,0.3551,0.0500,0.8964
Cs2GeCuI6,0.6690,-1.0226,77.9512,30.0000,2.1458,9.4708,1.0000,25.2182,0.3955,0.3466,0.0501,0.8801
K2FeAgBr3I3,0.5627,-1.0980,1.9874,30.0000,1.2127,8.1173,1.0000,21.2276,0.4120,0.2001,0.0406,0.5415
K2FeCuI6,0.5597,-0.9607,0.5665,30.0000,1.1759,8.0373,1.0000,20.9136,0.4134,0.1970,0.0408,0.5344
Na2FeAgI6,0.5518,-0.8317,2.0200,30.0000,1.1309,7.9171,1.0000,20.4433,0.4241,0.1986,0.0415,0.5416
K2FeCuBr3I3,0.5239,-1.1000,0.3518,30.0000,1.0060,7.5776,1.0000,18.7275,0.4307,0.1928,0.0434,0.5351
Rb2GeFeI6,0.5846,-1.0248,18.2072,30.0000,1.3432,8.4093,1.0000,22.3329,0.4319,0.2306,0.0426,0.6133
Na2FeCuI6,0.5316,-0.8326,0.5779,30.0000,1.0000,7.6780,1.0000,19.3150,0.4321,0.1940,0.0426,0.5369
K2FeAgI6,0.5284,-0.9497,1.9627,30.0000,1.0430,7.6417,1.0000,18.9842,0.4333,0.1959,0.0433,0.5421
Cs2FeZnBr3I3,0.6467,-1.2989,86.3936,30.0000,1.8648,9.2472,1.0000,24.7592,0.4742,0.3603,0.0523,0.9218
Rb2FeCuI6,0.5423,-0.9941,15.1496,30.0000,1.0725,7.7127,1.0000,19.3996,0.4820,0.2195,0.0457,0.6016
Rb2FeCuBr3I3,0.5335,-1.1787,17.2146,30.0000,1.0438,7.6621,1.0000,19.0729,0.4926,0.2225,0.0465,0.6109
Rb2FeAgBr3I3,0.5172,-1.1628,17.9088,30.0000,1.0000,7.4451,1.0000,18.0412,0.5020,0.2210,0.0483,0.6151
Cs2FeZnI6,0.6205,-1.1019,76.0094,30.0000,1.6071,8.8808,1.0000,23.7762,0.5178,0.3385,0.0517,0.8753
Cs2GeFeI6,0.6175,-1.0488,78.4644,30.0000,1.6039,8.8829,1.0000,23.8462,0.5269,0.3430,0.0521,0.8869
Cs2FeCuBr3I3,0.5821,-1.2004,86.5591,30.0000,1.3066,8.3573,1.0000,22.1817,0.6673,0.3524,0.0561,0.9270
Cs2FeCuI6,0.5397,-1.0457,76.1377,30.0000,1.0660,7.8073,1.0000,19.8636,0.7177,0.3261,0.0586,0.8821
Cs2FeAgBr3I3,0.5309,-1.1795,84.2634,30.0000,1.0193,7.6627,1.0000,19.1684,0.7556,0.3376,0.0615,0.9197
Cs2FeCuBr6,0.5159,-1.3564,100.3795,30.0000,1.0000,7.3565,1.0000,17.5636,0.8254,0.3609,0.0692,0.9943
