Formula,Predicted_Bandgap_eV,Predicted_Ef_eV_atom,Active_Material_Cost_m2,Panel_Lifetime_Years,PCE_Median,PCE_Std_Error,PCE_Q10_Worst,PCE_Q90_Best,LCOE_Median,LCOE_Std_Error,LCOE_Q10_Best,LCOE_Q90_Worst
Na2TiWS6,1.4449,-1.3613,0.1435,30.0000,25.3809,6.3278,15.4955,29.5652,0.0367,0.0610,0.0328,0.0488
Na2NbCuO3F3,1.3602,-2.4494,0.1646,30.0000,25.5126,7.1154,12.8691,29.6094,0.0367,0.0780,0.0328,0.0549
Na2TiMoS6,1.4302,-1.3557,0.2061,30.0000,25.3585,6.4847,15.0428,29.5144,0.0367,0.0644,0.0329,0.0497
K2SnCuO3S3,1.4104,-1.6660,0.1421,30.0000,25.4267,6.7036,14.4047,29.5748,0.0367,0.0711,0.0328,0.0510
K2MnBiO6,1.3917,-1.8618,0.1854,30.0000,25.4345,6.8857,14.3690,29.5659,0.0367,0.0747,0.0328,0.0519
K2WSbSe3Br3,1.3812,-1.1240,0.2662,30.0000,25.4268,7.0883,13.2579,29.5614,0.0367,0.0783,0.0328,0.0537
Na2SbZnO3Br3,1.3721,-1.3741,0.1281,30.0000,25.3774,6.9924,13.5837,29.5791,0.0367,0.0744,0.0328,0.0530
Na2CrMnS3I3,1.3163,-1.1144,0.4367,30.0000,25.3506,7.7120,10.2273,29.5811,0.0367,0.0904,0.0329,0.0648
Na2MnSbO3Br3,1.3445,-1.5260,0.1291,30.0000,25.4259,7.3238,12.2011,29.5560,0.0367,0.0827,0.0328,0.0572
Na2WFeS3Br3,1.4385,-1.1171,0.1076,30.0000,25.3346,6.4826,15.3742,29.6135,0.0367,0.0635,0.0328,0.0494
K2NbCuO3Br3,1.3437,-1.8162,0.1249,30.0000,25.3571,7.3520,11.7275,29.5913,0.0367,0.0823,0.0329,0.0583
K2FeMnO6,1.4256,-1.7555,0.0353,30.0000,25.3268,6.6873,14.4952,29.5508,0.0367,0.0674,0.0328,0.0513
Na2VNbS6,1.3703,-1.3884,0.1980,30.0000,25.3928,7.1003,13.0021,29.5765,0.0367,0.0785,0.0328,0.0553
Na2FeMnO3S3,1.4033,-1.5987,0.0261,30.0000,25.3743,6.6693,14.4874,29.4959,0.0367,0.0687,0.0328,0.0511
K2NbZnSe3Br3,1.3768,-1.4111,0.2302,30.0000,25.4149,6.9853,13.5740,29.5948,0.0367,0.0774,0.0329,0.0533
K2SnNbSe3Cl3,1.3801,-1.6057,0.3012,30.0000,25.4356,6.8261,14.2496,29.6012,0.0367,0.0712,0.0328,0.0514
Na2SnNbS3I3,1.4412,-1.0319,0.4723,30.0000,25.3609,6.4235,15.3157,29.5201,0.0367,0.0643,0.0329,0.0492
Na2WBiO3I3,1.3978,-1.3710,0.4473,30.0000,25.3901,6.7183,14.3406,29.6102,0.0367,0.0700,0.0329,0.0513
K2NbSbS3Se3,1.4506,-1.0463,0.3443,30.0000,25.3599,6.1333,15.9734,29.5164,0.0367,0.0575,0.0329,0.0479
Na2ZrSbSe3Br3,1.3759,-1.3897,0.2556,30.0000,25.4011,6.9771,13.4994,29.5843,0.0367,0.0733,0.0329,0.0538
K2WBiSe3I3,1.3811,-1.0368,0.4595,30.0000,25.4172,7.0398,13.2683,29.6934,0.0367,0.0771,0.0329,0.0535
Na2CrMoO3I3,1.3930,-1.4994,0.5332,30.0000,25.4655,6.8721,14.1647,29.6395,0.0367,0.0720,0.0329,0.0518
Na2VCuO3Cl3,1.3765,-1.8600,0.1004,30.0000,25.3576,7.1231,12.9519,29.5973,0.0368,0.0788,0.0329,0.0545
K2ZrWSe6,1.3527,-1.3208,0.3489,30.0000,25.3867,7.2143,12.4623,29.5797,0.0368,0.0794,0.0329,0.0559
Na2MnBiO3Br3,1.4468,-1.4711,0.1364,30.0000,25.3172,6.4171,15.1868,29.5412,0.0368,0.0624,0.0328,0.0492
K2VCuSe3F3,1.3663,-1.9673,0.2963,30.0000,25.3889,7.2005,12.7751,29.6035,0.0368,0.0800,0.0328,0.0556
Na2ZrMoS6,1.3728,-1.4789,0.2214,30.0000,25.3162,7.0374,13.4696,29.5389,0.0368,0.0768,0.0329,0.0536
Na2MoBiO3I3,1.4336,-1.3183,0.5123,30.0000,25.2976,6.3336,15.4284,29.5639,0.0368,0.0596,0.0329,0.0490
Na2WMnS3Se3,1.3974,-1.0748,0.2657,30.0000,25.4060,6.7785,14.1131,29.6176,0.0368,0.0688,0.0328,0.0514
K2WSbS3Br3,1.4423,-1.1657,0.1807,30.0000,25.3409,6.3403,15.4738,29.5783,0.0368,0.0624,0.0329,0.0487
K2ZrSbSe3I3,1.4036,-1.3285,0.4964,30.0000,25.4133,6.6388,14.6812,29.5980,0.0368,0.0673,0.0328,0.0509
Na2WBiSe3I3,1.4186,-0.9503,0.4662,30.0000,25.3511,6.5199,15.1033,29.5895,0.0368,0.0652,0.0328,0.0500
Na2FeMnO6,1.4413,-1.7938,0.0095,30.0000,25.2753,6.3248,15.4045,29.4917,0.0368,0.0625,0.0328,0.0486
Na2SnMoS3Se3,1.3427,-0.9646,0.3543,30.0000,25.4279,7.3805,11.8232,29.5899,0.0368,0.0825,0.0329,0.0579
Na2SnMnCl3I3,1.3106,-1.2676,0.4272,30.0000,25.4179,7.6376,10.4957,29.6386,0.0368,0.0877,0.0328,0.0628
Na2VFeO3Br3,1.4594,-1.8248,0.0724,30.0000,25.2845,6.2267,15.8100,29.5519,0.0368,0.0604,0.0328,0.0482
Na2CrWSe3I3,1.4008,-1.0710,0.4727,30.0000,25.3568,6.6892,14.3835,29.5274,0.0368,0.0682,0.0329,0.0515
K2WSbSe3Cl3,1.4509,-1.2548,0.3048,30.0000,25.2730,6.3288,15.3935,29.4867,0.0368,0.0604,0.0329,0.0498
Na2MnBiO3Se3,1.3869,-1.3257,0.2993,30.0000,25.3424,6.8611,13.9981,29.5698,0.0368,0.0722,0.0328,0.0517
Na2WSbSe3Cl3,1.3870,-1.0876,0.3079,30.0000,25.3301,6.9041,13.8628,29.6056,0.0368,0.0746,0.0329,0.0529
Na2VSbS6,1.3792,-1.0659,0.2198,30.0000,25.3497,7.1151,13.0616,29.5752,0.0368,0.0793,0.0329,0.0543
K2MnSbO3Se3,1.3269,-1.4010,0.3150,30.0000,25.4163,7.5482,10.7557,29.6038,0.0368,0.0868,0.0328,0.0619
Na2VCuO3F3,1.3906,-2.3883,0.1209,30.0000,25.2985,6.8703,13.9705,29.5251,0.0368,0.0743,0.0328,0.0522
K2SnMnO3Se3,1.3441,-1.4967,0.2797,30.0000,25.4104,7.3370,12.1893,29.6176,0.0368,0.0824,0.0328,0.0565
K2VCuO3I3,1.4431,-1.6074,0.4863,30.0000,25.3336,6.1958,15.8766,29.5500,0.0368,0.0568,0.0330,0.0482
K2SnZnBr3I3,1.3384,-1.2284,0.3601,30.0000,25.4172,7.4334,11.4561,29.5685,0.0368,0.0855,0.0329,0.0596
Na2WSbS3Br3,1.4034,-1.0467,0.1780,30.0000,25.2596,6.8142,14.1603,29.5249,0.0368,0.0721,0.0328,0.0519
Na2TiSbS3I3,1.3328,-1.0646,0.4751,30.0000,25.3975,7.5161,11.2270,29.5820,0.0368,0.0884,0.0329,0.0602
Na2VCuO3Br3,1.3320,-1.7049,0.0872,30.0000,25.2941,7.5729,10.7441,29.5832,0.0368,0.0867,0.0328,0.0622
K2CrMnS3I3,1.3936,-1.1787,0.4270,30.0000,25.3713,6.9169,13.8310,29.5948,0.0368,0.0740,0.0329,0.0525
Na2SnZnCl3I3,1.3603,-1.2080,0.4221,30.0000,25.4677,7.0883,12.9745,29.5770,0.0368,0.0756,0.0329,0.0547
K2CrWSe3Br3,1.4204,-1.2882,0.2242,30.0000,25.3568,6.7159,14.3503,29.4826,0.0368,0.0706,0.0329,0.0512
Na2NbFeS3I3,1.3575,-1.0802,0.4635,30.0000,25.3648,7.1909,12.6537,29.5808,0.0368,0.0794,0.0328,0.0560
K2TaFeSe3Cl3,1.3852,-1.5253,0.6802,30.0000,25.3724,7.0523,13.6462,29.6294,0.0368,0.0802,0.0329,0.0536
Na2MnSbO3Se3,1.3279,-1.3561,0.3199,30.0000,25.3973,7.5059,11.2569,29.5448,0.0368,0.0879,0.0329,0.0607
K2VSbO3Se3,1.4351,-1.5340,0.3575,30.0000,25.2779,6.5174,14.9828,29.5784,0.0368,0.0672,0.0328,0.0497
Na2SnNbSe3Cl3,1.3702,-1.4058,0.3046,30.0000,25.3402,7.1407,12.9338,29.5387,0.0368,0.0804,0.0329,0.0551
Na2SnCuO3S3,1.4071,-1.6473,0.1339,30.0000,25.2951,6.7636,14.2691,29.5009,0.0368,0.0714,0.0329,0.0515
Na2SnNbS3Br3,1.3597,-1.2332,0.1541,30.0000,25.3345,7.1739,12.6306,29.5157,0.0368,0.0795,0.0328,0.0557
K2SnZnCl3I3,1.4460,-1.3391,0.4142,30.0000,25.2920,6.3883,15.2542,29.4849,0.0368,0.0621,0.0329,0.0495
K2CrWS3Se3,1.4262,-1.1786,0.2701,30.0000,25.2559,6.4269,15.4461,29.5915,0.0368,0.0636,0.0329,0.0492
K2MoMnS6,1.4372,-1.2335,0.1997,30.0000,25.2135,6.3709,15.1035,29.4854,0.0368,0.0613,0.0329,0.0498
K2TaFeSe3Br3,1.3775,-1.4354,0.5750,30.0000,25.3907,7.0964,13.0831,29.5342,0.0368,0.0774,0.0329,0.0546
Li2VCuSe3F3,1.3837,-1.8714,0.3251,30.0000,25.2830,6.9273,13.6009,29.4992,0.0368,0.0739,0.0329,0.0531
K2TaCuS3Br3,1.3874,-1.3264,0.5517,30.0000,25.4215,6.7616,14.2590,29.5126,0.0368,0.0685,0.0329,0.0517
Na2SnSbSe3Br3,1.4208,-1.0344,0.2688,30.0000,25.3325,6.5964,14.6301,29.5355,0.0368,0.0660,0.0328,0.0509
K2MnBiO3Se3,1.3865,-1.3624,0.2961,30.0000,25.3532,7.0062,13.3879,29.5588,0.0368,0.0747,0.0328,0.0535
K2VSbS6,1.3530,-1.0826,0.2211,30.0000,25.3758,7.1884,12.4238,29.5506,0.0368,0.0788,0.0329,0.0562
Na2TaZnSe3I3,1.3815,-1.1331,0.7744,30.0000,25.3335,6.9528,13.6575,29.6174,0.0368,0.0742,0.0329,0.0533
Na2NbZnS3I3,1.3506,-1.1273,0.4594,30.0000,25.3541,7.2541,12.4811,29.5731,0.0368,0.0824,0.0329,0.0562
K2NbMnSe3I3,1.3447,-1.2214,0.4964,30.0000,25.3821,7.3319,11.7599,29.6297,0.0368,0.0817,0.0329,0.0582
K2SnFeF3I3,1.3619,-1.9812,0.4478,30.0000,25.3264,7.1173,12.9649,29.5162,0.0368,0.0800,0.0329,0.0550
K2SnMnCl3I3,1.3129,-1.3319,0.4189,30.0000,25.3140,7.7911,9.6900,29.5831,0.0368,0.0919,0.0328,0.0670
Na2WFeSe3Cl3,1.4286,-1.2191,0.2519,30.0000,25.2349,6.5273,14.9110,29.5015,0.0368,0.0647,0.0329,0.0500
K2ZrMoS6,1.3332,-1.5057,0.2225,30.0000,25.3872,7.5280,10.6538,29.5379,0.0368,0.0857,0.0329,0.0622
Li2MoWS3Se3,1.4421,-1.0264,0.3627,30.0000,25.3699,6.3200,15.3785,29.5025,0.0368,0.0620,0.0329,0.0492
Na2MnCuF3I3,1.4381,-1.9198,0.4549,30.0000,25.3350,6.3527,15.3922,29.5852,0.0368,0.0614,0.0329,0.0493
Na2SnMnO3Se3,1.3957,-1.4246,0.2824,30.0000,25.4178,6.6908,14.6631,29.6036,0.0368,0.0718,0.0329,0.0507
K2VCuO3Cl3,1.3974,-1.9296,0.1131,30.0000,25.3000,6.8158,14.1381,29.5405,0.0368,0.0720,0.0329,0.0521
K2MnBiO3Br3,1.3088,-1.5192,0.1416,30.0000,25.3181,7.8035,9.9348,29.5930,0.0368,0.0913,0.0329,0.0662
Na2SnTaSe3Br3,1.4050,-1.3563,0.5876,30.0000,25.3376,6.5555,14.7321,29.5197,0.0368,0.0643,0.0330,0.0510
Na2VSbO3Se3,1.4172,-1.5255,0.3652,30.0000,25.3316,6.6483,14.5890,29.5608,0.0368,0.0662,0.0329,0.0509
K2SnNbSe3I3,1.3579,-1.1435,0.4999,30.0000,25.3593,7.2300,12.3000,29.5618,0.0368,0.0805,0.0328,0.0569
K2TaFeS3Br3,1.3769,-1.4143,0.5472,30.0000,25.4275,6.9387,13.5572,29.6218,0.0368,0.0721,0.0329,0.0534
Na2NbTaS3Se3,1.3823,-1.2435,0.7442,30.0000,25.4017,6.8770,13.8845,29.5923,0.0368,0.0742,0.0330,0.0523
Na2ZrSbSe3I3,1.4016,-1.1453,0.5059,30.0000,25.3263,6.7265,14.1742,29.4863,0.0368,0.0687,0.0329,0.0517
K2MnBiO3I3,1.4312,-1.4081,0.4471,30.0000,25.2320,6.4599,15.1330,29.5070,0.0368,0.0667,0.0329,0.0496
Na2MnZnCl3I3,1.3793,-1.2617,0.4101,30.0000,25.3750,6.9225,13.5933,29.5640,0.0368,0.0736,0.0329,0.0533
K2SbZnSe3Br3,1.4711,-1.1742,0.2410,30.0000,25.2430,6.0704,16.0349,29.5434,0.0368,0.0532,0.0329,0.0483
Na2NbMnS3I3,1.3341,-1.1527,0.4653,30.0000,25.3149,7.4216,11.4851,29.5338,0.0368,0.0840,0.0330,0.0594
K2MnSbO3Cl3,1.4545,-1.8009,0.1614,30.0000,25.2431,6.2738,15.4066,29.5355,0.0368,0.0569,0.0329,0.0489
K2SnFeO3Br3,1.4619,-1.4316,0.0977,30.0000,25.1817,6.1702,15.7500,29.5126,0.0368,0.0563,0.0329,0.0484
K2TaZnSe3Br3,1.3334,-1.4310,0.5702,30.0000,25.3281,7.5238,10.8405,29.5447,0.0368,0.0866,0.0328,0.0620
Na2SnFeF3I3,1.3550,-1.9315,0.4581,30.0000,25.3517,7.1094,12.8669,29.6320,0.0368,0.0747,0.0328,0.0551
K2SbZnO3I3,1.3654,-1.2818,0.4752,30.0000,25.3878,7.1523,12.7043,29.5452,0.0368,0.0802,0.0329,0.0558
Na2SnNbSe3I3,1.3765,-1.0088,0.5095,30.0000,25.3886,7.0755,13.1403,29.6853,0.0368,0.0753,0.0329,0.0548
K2TiWS3Se3,1.4647,-1.3549,0.2708,30.0000,25.1977,6.2698,15.5480,29.4347,0.0368,0.0587,0.0330,0.0488
K2NbCuO3I3,1.4040,-1.6675,0.4835,30.0000,25.2828,6.7830,14.3347,29.5317,0.0368,0.0701,0.0329,0.0519
Na2TaCuO3F3,1.4004,-2.6473,0.8681,30.0000,25.4374,6.7180,14.3101,29.5838,0.0368,0.0686,0.0329,0.0513
Na2ZrFeO3Br3,1.4634,-2.0160,0.0583,30.0000,25.2240,6.2628,15.6977,29.4474,0.0368,0.0602,0.0329,0.0490
K2NbMnS3I3,1.3418,-1.2095,0.4549,30.0000,25.3548,7.4088,11.6314,29.5641,0.0368,0.0840,0.0329,0.0585
Na2MnBiO3I3,1.3433,-1.2767,0.4563,30.0000,25.3685,7.3006,12.0243,29.5457,0.0368,0.0794,0.0329,0.0580
Na2MoMnS6,1.3242,-1.1313,0.1966,30.0000,25.2807,7.6618,10.3623,29.5337,0.0368,0.0898,0.0329,0.0641
Na2SnSbSe3I3,1.3845,-0.8641,0.5095,30.0000,25.4210,6.8101,14.1232,29.5408,0.0368,0.0729,0.0330,0.0519
Na2NbCuO3Cl3,1.3548,-1.8597,0.1405,30.0000,25.3117,7.2586,12.1803,29.5835,0.0368,0.0792,0.0328,0.0571
K2TaMnSe3I3,1.3486,-1.2415,0.7636,30.0000,25.4027,7.2570,12.0785,29.6408,0.0368,0.0807,0.0329,0.0573
Na2ZrSbS3I3,1.4159,-1.2282,0.4681,30.0000,25.3430,6.5884,14.7875,29.4889,0.0368,0.0665,0.0328,0.0502
Na2SnSbS3I3,1.4714,-0.8726,0.4737,30.0000,25.2699,6.0516,15.9712,29.4600,0.0368,0.0542,0.0329,0.0482
K2MnBiO3S3,1.4534,-1.7007,0.1782,30.0000,25.2799,6.3252,15.4544,29.4676,0.0368,0.0610,0.0329,0.0491
Na2SbZnSe3Br3,1.4019,-1.1232,0.2411,30.0000,25.2691,6.7334,14.2488,29.5019,0.0368,0.0681,0.0329,0.0515
Na2FeMnF3I3,1.4469,-1.9780,0.4487,30.0000,25.3123,6.3525,15.2240,29.4860,0.0368,0.0594,0.0329,0.0496
K2VTaSe6,1.3640,-1.3020,0.7323,30.0000,25.4025,7.0630,13.0584,29.5038,0.0368,0.0766,0.0329,0.0546
K2NbFeSe3I3,1.3972,-1.2008,0.4949,30.0000,25.3621,6.7346,14.1862,29.5569,0.0368,0.0677,0.0329,0.0519
Na2MnSbO6,1.4493,-2.0736,0.1818,30.0000,25.1752,6.4540,14.8845,29.4720,0.0368,0.0630,0.0329,0.0498
K2MoSbSe3F3,1.3525,-1.8699,0.3957,30.0000,25.3480,7.4086,11.5248,29.5548,0.0368,0.0838,0.0329,0.0588
Na2SnCuS3Se3,1.3484,-0.8146,0.2749,30.0000,25.3547,7.3912,11.8118,29.5573,0.0368,0.0860,0.0328,0.0586
K2MnSbO3I3,1.3450,-1.4496,0.4813,30.0000,25.3606,7.2839,12.1599,29.5948,0.0368,0.0810,0.0329,0.0575
Na2MoSbSe3F3,1.4451,-1.7612,0.4049,30.0000,25.2503,6.3465,15.3743,29.5493,0.0368,0.0592,0.0329,0.0492
K2MnZnCl3I3,1.4162,-1.3597,0.4020,30.0000,25.3646,6.6423,14.5235,29.5831,0.0368,0.0691,0.0329,0.0508
Na2SbZnS3I3,1.4457,-0.8888,0.4614,30.0000,25.3228,6.3062,15.5142,29.5645,0.0368,0.0607,0.0329,0.0492
K2NbZnSe3I3,1.3649,-1.1930,0.4913,30.0000,25.3486,7.0796,13.2767,29.5228,0.0368,0.0771,0.0329,0.0541
Na2FeSbO3I3,1.4507,-1.3096,0.4914,30.0000,25.2991,6.2816,15.5734,29.4993,0.0368,0.0610,0.0330,0.0489
Na2WSbS3I3,1.4427,-0.9437,0.4561,30.0000,25.3023,6.1779,15.8256,29.5523,0.0368,0.0561,0.0329,0.0483
K2CrMnSe3I3,1.3502,-1.1763,0.4755,30.0000,25.2601,7.2863,12.0102,29.5439,0.0368,0.0824,0.0328,0.0574
Na2VCuO3I3,1.3261,-1.5184,0.4999,30.0000,25.2812,7.6114,10.7652,29.5058,0.0368,0.0912,0.0329,0.0615
Na2NbCuO3Br3,1.3187,-1.7627,0.1175,30.0000,25.3145,7.7167,10.1207,29.5421,0.0368,0.0915,0.0328,0.0644
Na2SnZnF3I3,1.3822,-1.9259,0.4541,30.0000,25.3872,6.9671,13.6787,29.5467,0.0368,0.0760,0.0329,0.0535
K2NbZnSe3Cl3,1.4365,-1.4484,0.2703,30.0000,25.2540,6.3748,15.1149,29.4965,0.0368,0.0596,0.0329,0.0499
Na2VMnO3I3,1.4543,-1.8698,0.4963,30.0000,25.3041,6.2312,15.6430,29.5616,0.0368,0.0559,0.0329,0.0490
Na2TiWS3Se3,1.3027,-1.1929,0.2725,30.0000,25.3024,7.9070,9.2399,29.5527,0.0368,0.0944,0.0328,0.0690
Na2NbMnSe3I3,1.3062,-1.1382,0.5067,30.0000,25.3599,7.7731,9.6931,29.5877,0.0368,0.0909,0.0329,0.0674
Na2TaCuS3I3,1.3613,-1.0474,0.7965,30.0000,25.2986,7.1368,12.8749,29.5357,0.0368,0.0791,0.0329,0.0551
K2MnBiO3Cl3,1.4620,-1.7138,0.1646,30.0000,25.2245,6.2937,15.4413,29.4602,0.0368,0.0580,0.0330,0.0491
K2SnZnF3I3,1.4564,-2.0369,0.4441,30.0000,25.2512,6.2546,15.5640,29.5744,0.0368,0.0579,0.0329,0.0490
Na2MnSbF3I3,1.4613,-2.0062,0.4880,30.0000,25.1683,6.3003,15.5135,29.5238,0.0368,0.0602,0.0330,0.0491
Na2CrWSe3Br3,1.3278,-1.2174,0.2237,30.0000,25.3323,7.4971,11.1993,29.6005,0.0368,0.0847,0.0328,0.0608
K2SnBiSe3I3,1.3912,-0.9973,0.4728,30.0000,25.3113,6.9727,13.5562,29.5941,0.0368,0.0727,0.0329,0.0531
K2SnSbSe3Br3,1.4609,-1.1347,0.2675,30.0000,25.2374,6.2777,15.6502,29.4959,0.0368,0.0607,0.0329,0.0488
K2TiCrO3S3,1.2872,-2.0487,0.0669,30.0000,25.2317,8.0939,8.2239,29.5803,0.0368,0.0986,0.0329,0.0757
Na2ZrWS3Se3,1.3329,-1.3269,0.2780,30.0000,25.2893,7.5861,10.5797,29.5579,0.0368,0.0864,0.0329,0.0632
K2FeMnO3S3,1.4403,-1.6201,0.0465,30.0000,25.2191,6.3223,15.2252,29.4492,0.0368,0.0576,0.0329,0.0493
Na2NbZnSe3Cl3,1.3901,-1.3185,0.2722,30.0000,25.2948,6.9304,13.7779,29.5471,0.0368,0.0767,0.0329,0.0525
Na2SnCrS3Se3,1.3268,-1.0253,0.2744,30.0000,25.3997,7.5878,10.9656,29.6219,0.0368,0.0862,0.0329,0.0616
K2VCuO3Br3,1.3155,-1.7382,0.0973,30.0000,25.3143,7.7799,10.0559,29.5655,0.0368,0.0928,0.0329,0.0652
Na2TaZnO3F3,1.4131,-2.5398,0.8501,30.0000,25.2943,6.6644,14.6662,29.5396,0.0369,0.0675,0.0330,0.0508
Na2SnFeO3I3,1.3933,-1.3132,0.4630,30.0000,25.3310,6.8672,13.8698,29.4999,0.0369,0.0735,0.0329,0.0525
K2NbZnS3I3,1.4441,-1.2087,0.4494,30.0000,25.2737,6.3695,15.3942,29.5993,0.0369,0.0596,0.0329,0.0494
Na2TaZnSe3Br3,1.3837,-1.3021,0.5842,30.0000,25.3178,6.8107,14.0882,29.5620,0.0369,0.0717,0.0328,0.0519
Na2VMnO3Br3,1.4695,-1.9492,0.0744,30.0000,25.1003,6.1731,15.4114,29.5307,0.0369,0.0563,0.0329,0.0488
K2NbFeS3I3,1.3590,-1.1938,0.4531,30.0000,25.3763,7.3207,12.0317,29.5591,0.0369,0.0838,0.0330,0.0578
K2SnMoS3Se3,1.3142,-1.0136,0.3482,30.0000,25.2997,7.6998,10.2795,29.6194,0.0369,0.0925,0.0329,0.0641
Na2SnMnS3Se3,1.2919,-0.9856,0.2676,30.0000,25.2998,7.9955,8.9465,29.6844,0.0369,0.0961,0.0328,0.0710
K2TaZnSe3I3,1.3849,-1.2249,0.7560,30.0000,25.3644,6.9254,13.5515,29.5719,0.0369,0.0731,0.0329,0.0535
K2ZrWS3Se3,1.4606,-1.3447,0.2761,30.0000,25.2056,6.1896,15.6218,29.4614,0.0369,0.0581,0.0330,0.0487
Na2TaFeSe3Cl3,1.3493,-1.4278,0.7030,30.0000,25.3940,7.3554,11.7500,29.5608,0.0369,0.0832,0.0329,0.0585
Na2SnBiSe3I3,1.4469,-0.8812,0.4804,30.0000,25.2895,6.3422,15.3539,29.5254,0.0369,0.0602,0.0329,0.0494
K2TaCuO3I3,1.4398,-1.7530,0.8163,30.0000,25.3122,6.3403,15.3178,29.5250,0.0369,0.0607,0.0329,0.0495
Na2MoWS3Se3,1.3545,-1.0357,0.3439,30.0000,25.3534,7.2547,12.4880,29.6332,0.0369,0.0815,0.0329,0.0564
K2TiBiSe3I3,1.4530,-1.2300,0.4738,30.0000,25.2569,6.2882,15.6852,29.4553,0.0369,0.0617,0.0329,0.0484
K2NbMnSe3Br3,1.3054,-1.4540,0.2324,30.0000,25.3540,7.8637,9.6242,29.6489,0.0369,0.0937,0.0328,0.0682
Na2VFeSe3F3,1.4827,-2.1497,0.2896,30.0000,25.2488,6.0235,15.8942,29.5038,0.0369,0.0508,0.0329,0.0479
K2SbZnSe3I3,1.4120,-1.0106,0.4918,30.0000,25.2838,6.7193,14.4372,29.5152,0.0369,0.0716,0.0329,0.0514
Na2NbSbS3Se3,1.4479,-0.9988,0.3501,30.0000,25.3049,6.3302,15.2924,29.5273,0.0369,0.0594,0.0330,0.0492
Na2CrMnO3S3,1.4806,-1.6513,0.0391,30.0000,25.1271,6.0664,15.6764,29.4639,0.0369,0.0549,0.0329,0.0484
Na2TaCuS3Br3,1.3158,-1.1760,0.5679,30.0000,25.2482,7.7038,10.1110,29.5483,0.0369,0.0896,0.0330,0.0655
Na2CrWS3Se3,1.2974,-1.1286,0.2718,30.0000,25.3254,7.8572,9.5571,29.5961,0.0369,0.0920,0.0329,0.0676
Na2ZrWS6,1.4307,-1.4891,0.1614,30.0000,25.2823,6.6244,14.5618,29.5094,0.0369,0.0664,0.0329,0.0507
Na2SbZnSe3I3,1.3588,-0.8947,0.5015,30.0000,25.2718,7.2764,12.1132,29.5470,0.0369,0.0812,0.0329,0.0577
K2TiCrS3I3,1.3022,-1.3384,0.4351,30.0000,25.3490,7.8133,9.4062,29.5754,0.0369,0.0920,0.0329,0.0684
Na2MnSbO3I3,1.3343,-1.3294,0.4933,30.0000,25.3869,7.4254,11.6673,29.5885,0.0369,0.0845,0.0328,0.0591
K2SnSbSe3I3,1.3492,-0.9769,0.5001,30.0000,25.3058,7.3737,11.5625,29.5602,0.0369,0.0837,0.0329,0.0592
K2TaCuS3I3,1.4382,-1.1710,0.7739,30.0000,25.1984,6.4760,15.1745,29.5538,0.0369,0.0653,0.0329,0.0498
K2FeSbO3I3,1.3623,-1.3313,0.4794,30.0000,25.2741,7.1330,12.8712,29.6049,0.0369,0.0784,0.0328,0.0551
Na2MnBiO6,1.3042,-1.9165,0.1813,30.0000,25.2966,7.8118,9.6060,29.5998,0.0369,0.0945,0.0328,0.0674
K2TiWSe6,1.3045,-1.2772,0.3485,30.0000,25.2671,7.8101,9.5218,29.5925,0.0369,0.0901,0.0329,0.0688
Na2TaCuO3I3,1.3547,-1.6786,0.8423,30.0000,25.3496,7.3769,11.8842,29.5675,0.0369,0.0852,0.0329,0.0582
K2TiSbSe3Cl3,1.4664,-1.6537,0.2923,30.0000,25.1991,6.2479,15.5387,29.4569,0.0369,0.0604,0.0329,0.0486
Na2TaMnS3I3,1.4046,-1.1816,0.7971,30.0000,25.3045,6.7845,14.1762,29.5012,0.0369,0.0705,0.0329,0.0521
K2TaCuSe3I3,1.3440,-1.1595,0.7634,30.0000,25.4311,7.2997,12.1122,29.5519,0.0369,0.0809,0.0329,0.0577
K2MoSbO3I3,1.4387,-1.3983,0.5402,30.0000,25.3659,6.4654,15.3865,29.5931,0.0369,0.0633,0.0329,0.0496
K2TaMnSe3Br3,1.3429,-1.5232,0.5767,30.0000,25.3332,7.4955,11.2296,29.6413,0.0369,0.0867,0.0329,0.0609
K2WSbSe3F3,1.4699,-1.8312,0.3277,30.0000,25.1706,6.1259,15.6940,29.4245,0.0369,0.0543,0.0329,0.0486
Na2TiCrO3S3,1.4859,-2.0391,0.0479,30.0000,25.1392,5.9278,15.9404,29.4582,0.0369,0.0470,0.0329,0.0481
K2MoWS3Se3,1.4383,-1.1034,0.3390,30.0000,25.2449,6.4074,15.2806,29.5137,0.0369,0.0620,0.0329,0.0495
K2SnTaSe3Br3,1.4003,-1.4471,0.5744,30.0000,25.2902,6.7487,14.3901,29.4817,0.0369,0.0706,0.0329,0.0517
K2VTaS3Se3,1.4149,-1.3209,0.7386,30.0000,25.2910,6.6080,14.6100,29.4727,0.0369,0.0665,0.0330,0.0510
K2MoFeSe3Cl3,1.2991,-1.3125,0.3095,30.0000,25.2783,7.8253,9.6571,29.5684,0.0369,0.0921,0.0329,0.0675
K2TaCuSe3Cl3,1.3655,-1.4112,0.6831,30.0000,25.3816,7.1611,12.6224,29.5783,0.0369,0.0795,0.0329,0.0557
Na2WFeSe3I3,1.4672,-0.9602,0.4665,30.0000,25.2073,6.1519,15.7311,29.4378,0.0369,0.0566,0.0330,0.0484
K2CrMnO3S3,1.4633,-1.7014,0.0585,30.0000,25.1400,6.0415,15.8952,29.3978,0.0369,0.0542,0.0329,0.0479
Na2SnMnF3I3,1.4894,-2.0009,0.4600,30.0000,25.1663,6.0811,15.8003,29.4003,0.0369,0.0541,0.0330,0.0486
K2NbTaSe6,1.4289,-1.2803,0.7175,30.0000,25.3300,6.4510,15.0040,29.5259,0.0369,0.0657,0.0329,0.0500
K2MnInO3Se3,1.3616,-1.5565,1.7128,30.0000,25.3708,7.1802,12.5998,29.6027,0.0369,0.0810,0.0331,0.0563
Na2TaZnO3I3,1.4205,-1.7163,0.8324,30.0000,25.3385,6.4750,14.8444,29.5481,0.0369,0.0633,0.0330,0.0503
K2MnInO3I3,1.4453,-1.5479,1.5836,30.0000,25.3515,6.3108,15.3738,29.4826,0.0369,0.0601,0.0331,0.0495
K2TiSbSe3I3,1.2831,-1.1516,0.5034,30.0000,25.2746,7.9880,8.6913,29.4941,0.0369,0.0970,0.0328,0.0735
K2VMnSe3Br3,1.2748,-1.4487,0.2191,30.0000,25.2494,8.1281,8.1636,29.5845,0.0369,0.0969,0.0329,0.0773
K2WSbO3Br3,1.4936,-1.4304,0.1855,30.0000,25.1425,6.0357,15.7904,29.3940,0.0369,0.0548,0.0330,0.0482
K2ZrSbSe3Br3,1.4659,-1.5089,0.2548,30.0000,25.1226,6.1966,15.7049,29.4698,0.0369,0.0560,0.0329,0.0487
Na2MoBiS3I3,1.3011,-0.9272,0.4891,30.0000,25.2752,7.9201,9.0619,29.5880,0.0369,0.0951,0.0329,0.0704
K2TiMoS6,1.3101,-1.4853,0.2086,30.0000,25.3131,7.9001,9.3558,29.5515,0.0369,0.0933,0.0329,0.0689
Na2TaFeSe3Br3,1.2799,-1.2875,0.5893,30.0000,25.2390,8.0826,8.1701,29.5992,0.0369,0.0961,0.0329,0.0754
K2FeMnF3I3,1.4525,-2.0286,0.4379,30.0000,25.2026,6.2593,15.3776,29.5361,0.0369,0.0590,0.0329,0.0491
Na2TaFeS3Br3,1.3259,-1.2669,0.5633,30.0000,25.3610,7.5557,10.9785,29.6392,0.0369,0.0834,0.0329,0.0620
Na2TaCuO3Br3,1.4490,-1.8230,0.6058,30.0000,25.1473,6.2116,15.5767,29.4527,0.0369,0.0574,0.0330,0.0489
Na2MoFeO3Cl3,1.4963,-1.5971,0.1854,30.0000,25.0947,5.9827,15.9472,29.4396,0.0369,0.0518,0.0330,0.0482
Na2TaMnSe3I3,1.3192,-1.1455,0.7825,30.0000,25.2469,7.7530,9.6974,29.6263,0.0369,0.0878,0.0329,0.0668
K2TaMnSe3Cl3,1.4121,-1.5698,0.6824,30.0000,25.3152,6.6361,14.3643,29.5256,0.0369,0.0684,0.0329,0.0511
Na2MoFeSe3F3,1.5009,-1.9111,0.3462,30.0000,25.1636,5.9645,16.0517,29.4748,0.0369,0.0512,0.0329,0.0480
K2WMnSe6,1.2708,-1.0918,0.3425,30.0000,25.2811,8.1791,7.9390,29.5942,0.0369,0.1001,0.0329,0.0782
K2WFeSe3Br3,1.4982,-1.2404,0.2184,30.0000,25.1205,5.9266,15.9232,29.3913,0.0369,0.0496,0.0330,0.0482
Na2CuZnF3I3,1.2915,-1.9005,0.4485,30.0000,25.2495,8.0176,8.5429,29.5007,0.0369,0.0952,0.0330,0.0737
K2VFeSe3F3,1.5111,-2.1785,0.2860,30.0000,25.0459,5.8349,16.0106,29.4579,0.0369,0.0458,0.0330,0.0480
K2TiSbS3I3,1.4613,-1.2521,0.4646,30.0000,25.2026,6.2226,15.2933,29.5428,0.0369,0.0569,0.0330,0.0496
Na2MnZnBr3I3,1.3006,-1.1817,0.3500,30.0000,25.2383,7.9392,9.1276,29.6030,0.0369,0.0949,0.0328,0.0714
K2SnCrS3Se3,1.3189,-1.0546,0.2724,30.0000,25.1976,7.5584,10.5989,29.5370,0.0369,0.0854,0.0329,0.0626
K2MnZnF3I3,1.4423,-2.0860,0.4339,30.0000,25.2643,6.4076,15.2333,29.5092,0.0369,0.0623,0.0329,0.0494
Na2VTaS3Se3,1.2960,-1.2525,0.7650,30.0000,25.2520,7.9867,8.9246,29.5718,0.0369,0.0988,0.0330,0.0721
K2TaCuO3Br3,1.3385,-1.8290,0.5864,30.0000,25.2653,7.4361,11.5866,29.6049,0.0369,0.0843,0.0329,0.0593
Na2TiSbSe3I3,1.2846,-1.0390,0.5137,30.0000,25.2941,8.1496,7.9647,29.5345,0.0369,0.0989,0.0329,0.0773
K2WSbS3I3,1.4593,-1.0205,0.4479,30.0000,25.1684,6.2436,15.4630,29.4351,0.0369,0.0579,0.0330,0.0491
K2CrWSe6,1.2875,-1.1521,0.3476,30.0000,25.2944,8.0382,8.4003,29.5501,0.0369,0.0976,0.0328,0.0751
Na2MoSbO3I3,1.4530,-1.3576,0.5542,30.0000,25.2124,6.4670,14.9643,29.6006,0.0369,0.0629,0.0330,0.0500
Li2MoGaSe3Br3,1.4111,-1.1751,1.5195,30.0000,25.3842,6.5599,14.7868,29.5901,0.0369,0.0651,0.0330,0.0507
Na2MnCuCl3I3,1.2954,-1.2207,0.4197,30.0000,25.2859,8.0305,8.5323,29.5904,0.0369,0.0963,0.0329,0.0732
K2FeSbO3Br3,1.4540,-1.4960,0.1338,30.0000,25.1287,6.2305,15.5692,29.4666,0.0369,0.0589,0.0329,0.0489
Na2WFeSe3Br3,1.2801,-1.0935,0.2176,30.0000,25.1896,8.1937,7.8088,29.5241,0.0369,0.0991,0.0329,0.0798
Na2TaZnO3Br3,1.4582,-1.8426,0.5943,30.0000,25.1343,6.3230,15.7459,29.5094,0.0369,0.0623,0.0330,0.0488
Na2NbTaS6,1.4271,-1.4160,0.7553,30.0000,25.3016,6.5264,14.6387,29.4742,0.0369,0.0644,0.0330,0.0510
Na2TaCuSe3Cl3,1.3173,-1.2861,0.7058,30.0000,25.3532,7.6175,10.9401,29.5667,0.0369,0.0876,0.0329,0.0624
K2WSbSe3I3,1.3519,-0.9104,0.4838,30.0000,25.2514,7.3486,11.5100,29.5110,0.0369,0.0804,0.0329,0.0586
K2TaMnS3I3,1.4766,-1.2427,0.7743,30.0000,25.1569,5.9724,15.9474,29.4961,0.0369,0.0540,0.0330,0.0480
Na2CrWS3I3,1.4373,-1.0822,0.4298,30.0000,25.2339,6.4827,14.7449,29.4454,0.0369,0.0647,0.0330,0.0504
K2VNbS6,1.2850,-1.4502,0.2011,30.0000,25.2793,8.0027,8.4812,29.4992,0.0369,0.0938,0.0328,0.0744
Na2FeMnO3Se3,1.4996,-1.3860,0.2419,30.0000,25.1432,5.9455,15.8677,29.4766,0.0369,0.0472,0.0329,0.0482
Na2SnWSe6,1.2783,-0.9807,0.3624,30.0000,25.3133,8.1287,8.2624,29.6191,0.0369,0.0962,0.0329,0.0762
K2VMnS3Br3,1.2618,-1.4831,0.0880,30.0000,25.1785,8.5307,6.1012,29.5774,0.0369,0.1059,0.0329,0.0963
Na2SnFeO3Br3,1.5252,-1.4224,0.0888,30.0000,24.9726,5.8399,15.9472,29.4005,0.0369,0.0473,0.0329,0.0478
Na2TaMnSe3Cl3,1.3101,-1.4723,0.7053,30.0000,25.2742,7.7344,10.2532,29.5867,0.0369,0.0900,0.0329,0.0653
K2SnVS3I3,1.2959,-1.1541,0.4637,30.0000,25.2405,8.0620,8.5019,29.5602,0.0369,0.0967,0.0329,0.0745
K2SnWSe6,1.3033,-0.9926,0.3577,30.0000,25.1946,7.9149,9.1285,29.5944,0.0369,0.0935,0.0329,0.0706
Na2SnSbO3I3,1.4785,-1.2762,0.4980,30.0000,25.2043,6.0157,15.9548,29.3891,0.0369,0.0560,0.0330,0.0479
Na2MnBiO3Cl3,1.5031,-1.6978,0.1595,30.0000,25.0914,6.0479,15.6325,29.4455,0.0369,0.0534,0.0329,0.0488
Na2TaCuO3Cl3,1.4604,-2.0202,0.7707,30.0000,25.2508,6.2578,15.7334,29.5003,0.0369,0.0618,0.0330,0.0490
K2MnSbO3Br3,1.2918,-1.5982,0.1355,30.0000,25.2053,8.0155,8.6655,29.5578,0.0369,0.0950,0.0329,0.0725
K2TaZnO3Br3,1.4872,-1.8706,0.5756,30.0000,25.1260,5.9812,15.9244,29.4884,0.0369,0.0495,0.0330,0.0481
K2MoInS3I3,1.3926,-1.1069,1.4878,30.0000,25.3560,6.7644,14.4680,29.6277,0.0369,0.0724,0.0330,0.0515
Na2TiSbSe3Cl3,1.4656,-1.4347,0.2955,30.0000,25.1568,6.1412,15.6418,29.4809,0.0370,0.0548,0.0330,0.0486
K2MnGaO3Br3,1.3447,-1.6713,1.7063,30.0000,25.4353,7.5443,11.1188,29.6504,0.0370,0.0881,0.0330,0.0618
Na2WSbSe3I3,1.2971,-0.9042,0.4920,30.0000,25.2849,7.9984,8.6472,29.5072,0.0370,0.0965,0.0329,0.0735
K2WFeSe3I3,1.4909,-1.0344,0.4586,30.0000,25.1927,6.0958,15.4695,29.4066,0.0370,0.0528,0.0330,0.0489
Na2TaFeSe3I3,1.4373,-1.0813,0.7808,30.0000,25.1884,6.3737,15.0664,29.4211,0.0370,0.0628,0.0330,0.0499
Na2TiInSe3I3,1.3602,-1.2330,1.4168,30.0000,25.3518,7.2023,12.5279,29.5966,0.0370,0.0794,0.0330,0.0567
Na2TiInSe3Br3,1.4200,-1.4274,1.3355,30.0000,25.3451,6.5712,14.8635,29.5566,0.0370,0.0674,0.0330,0.0504
Na2NbMnO3Br3,1.5080,-1.9846,0.1063,30.0000,25.0819,5.8713,15.9766,29.3852,0.0370,0.0486,0.0329,0.0481
Na2SnInSe3I3,1.4597,-0.9401,1.3412,30.0000,25.2956,6.1513,15.6529,29.5016,0.0370,0.0561,0.0331,0.0490
K2MoGaSe3Br3,1.3714,-1.3357,1.3935,30.0000,25.3897,7.0109,13.3411,29.5383,0.0370,0.0774,0.0331,0.0545
K2SnFeO3I3,1.4420,-1.3200,0.4524,30.0000,25.2773,6.3635,15.2782,29.4685,0.0370,0.0615,0.0330,0.0494
Na2TaZnSe3Cl3,1.4890,-1.3884,0.6950,30.0000,25.1673,6.0028,15.8602,29.3857,0.0370,0.0506,0.0331,0.0483
K2WSbO3I3,1.4911,-1.3902,0.4678,30.0000,25.1384,6.0160,15.7852,29.4817,0.0370,0.0533,0.0329,0.0485
Na2MoSbO3Br3,1.4990,-1.4322,0.2327,30.0000,25.0028,5.8905,15.8094,29.3837,0.0370,0.0484,0.0330,0.0484
Na2SnZnBr3I3,1.2517,-1.1533,0.3647,30.0000,25.1682,8.4128,6.7487,29.5800,0.0370,0.1057,0.0328,0.0885
K2MnSbF3I3,1.4718,-2.0907,0.4764,30.0000,25.1764,6.2247,15.4383,29.4697,0.0370,0.0572,0.0330,0.0490
K2MnCuF3I3,1.4718,-2.0026,0.4439,30.0000,25.1925,6.0142,16.0959,29.4679,0.0370,0.0533,0.0330,0.0481
Na2CrMoO3Br3,1.4926,-1.6214,0.1589,30.0000,25.0802,6.1102,15.4905,29.4404,0.0370,0.0509,0.0329,0.0490
Na2FeZnF3I3,1.3023,-1.9375,0.4423,30.0000,25.2197,7.9447,8.9307,29.5351,0.0370,0.0950,0.0329,0.0717
Na2MoInS3I3,1.3578,-0.9793,1.5427,30.0000,25.4342,7.1254,12.9356,29.5683,0.0370,0.0779,0.0330,0.0552
Na2TaMnO3I3,1.4651,-1.9498,0.8435,30.0000,25.1914,6.1734,15.7334,29.5482,0.0370,0.0587,0.0330,0.0488
Na2ZrInSe3Br3,1.4562,-1.5124,1.2772,30.0000,25.2711,6.2271,15.5739,29.5229,0.0370,0.0590,0.0330,0.0491
K2MoInSe3Br3,1.3136,-1.3287,1.2840,30.0000,25.3951,7.6884,10.2982,29.5167,0.0370,0.0901,0.0330,0.0645
Na2NbFeO3Cl3,1.5119,-2.0747,0.1230,30.0000,24.9976,5.9785,15.6681,29.4006,0.0370,0.0502,0.0329,0.0485
K2CrMnO3Se3,1.5170,-1.6122,0.2517,30.0000,24.9765,5.8663,15.8539,29.3873,0.0370,0.0478,0.0330,0.0480
Na2VZnO3I3,1.4831,-1.5571,0.4890,30.0000,25.1819,5.9777,15.8993,29.4706,0.0370,0.0522,0.0330,0.0483
Na2MnGaS3Br3,1.3172,-1.1783,1.6481,30.0000,25.4448,7.6098,10.6847,29.5955,0.0370,0.0880,0.0331,0.0630
K2TiCrO3Se3,1.5074,-2.0824,0.2604,30.0000,24.9668,5.9441,15.8890,29.3650,0.0370,0.0504,0.0329,0.0483
Na2NbCuO3I3,1.3129,-1.5853,0.4960,30.0000,25.1852,7.7814,9.7925,29.4728,0.0370,0.0923,0.0329,0.0663
Na2TiGaSe3I3,1.3900,-1.2291,1.5254,30.0000,25.3727,6.9123,14.1316,29.5381,0.0370,0.0772,0.0330,0.0519
K2CrMoO3I3,1.5026,-1.5136,0.5187,30.0000,25.0762,5.8845,15.9678,29.5159,0.0370,0.0492,0.0329,0.0481
Na2SnVS3I3,1.2584,-1.0189,0.4742,30.0000,25.2434,8.3280,6.9070,29.4707,0.0370,0.1015,0.0329,0.0866
K2SbZnO3Br3,1.2680,-1.4481,0.1344,30.0000,25.1380,8.2484,7.5396,29.5579,0.0370,0.0998,0.0328,0.0805
Na2TaSbS3Se3,1.4832,-1.0500,0.7342,30.0000,25.1302,6.1297,15.7664,29.4976,0.0370,0.0556,0.0329,0.0486
K2VFeO3Br3,1.5099,-1.8714,0.0836,30.0000,24.9667,5.9182,15.8886,29.3521,0.0370,0.0483,0.0329,0.0484
Na2SnCrS3I3,1.2682,-0.9993,0.4467,30.0000,25.1955,8.2901,7.0747,29.4523,0.0370,0.1046,0.0330,0.0869
Na2WSbO3I3,1.4295,-1.3649,0.4773,30.0000,25.2051,6.5283,14.7171,29.4693,0.0370,0.0650,0.0329,0.0504
K2WFeSe3Cl3,1.5245,-1.3216,0.2512,30.0000,24.8819,5.9222,15.8806,29.3486,0.0370,0.0501,0.0330,0.0483
Na2TaCuSe3I3,1.3052,-1.0116,0.7821,30.0000,25.2443,7.8879,9.0334,29.5882,0.0370,0.0947,0.0329,0.0715
Na2MnBiO3S3,1.5149,-1.6295,0.1740,30.0000,25.0207,5.8615,16.0052,29.4205,0.0370,0.0478,0.0329,0.0481
K2MnInO3Br3,1.4143,-1.6716,1.5236,30.0000,25.3229,6.6118,14.7177,29.5015,0.0370,0.0684,0.0330,0.0508
Na2ZrGaSe3Br3,1.4367,-1.4697,1.3921,30.0000,25.3216,6.3956,15.4216,29.4967,0.0370,0.0644,0.0330,0.0495
K2SnNbS3I3,1.4976,-1.2232,0.4624,30.0000,25.0597,5.9628,15.7112,29.4443,0.0370,0.0473,0.0330,0.0483
K2SnNbS3Br3,1.2601,-1.3528,0.1584,30.0000,25.1177,8.4111,6.7774,29.5953,0.0370,0.1036,0.0329,0.0888
Na2SnMnBr3I3,1.2731,-1.1743,0.3683,30.0000,25.1107,8.2231,7.7234,29.5380,0.0370,0.1014,0.0329,0.0806
Na2MoSbS3Br3,1.2638,-1.0201,0.2230,30.0000,25.1252,8.3054,7.3207,29.5798,0.0370,0.1012,0.0328,0.0834
Na2NbZnO3I3,1.5098,-1.6690,0.4858,30.0000,25.0540,5.9066,15.8764,29.4822,0.0370,0.0487,0.0330,0.0484
K2VSbS3Se3,1.2663,-1.0511,0.3373,30.0000,25.1418,8.3756,6.7080,29.5377,0.0370,0.1043,0.0328,0.0885
K2NbMnSe3Cl3,1.2690,-1.5527,0.2737,30.0000,25.0893,8.2755,7.2896,29.4990,0.0370,0.1013,0.0329,0.0829
K2TaSbSe6,1.2790,-1.0337,0.7105,30.0000,25.2969,8.2383,7.6295,29.5843,0.0370,0.0984,0.0329,0.0808
K2MoBiS3I3,1.2722,-1.0287,0.4796,30.0000,25.1167,8.3171,6.9435,29.5609,0.0370,0.1028,0.0329,0.0858
K2TiInSe3I3,1.3971,-1.3532,1.3725,30.0000,25.2772,6.8359,14.1900,29.5376,0.0370,0.0741,0.0330,0.0520
K2FeZnF3I3,1.2575,-2.0078,0.4320,30.0000,25.0998,8.4094,6.6649,29.5155,0.0370,0.1041,0.0329,0.0913
Na2VCuSe3F3,1.2575,-1.9376,0.3005,30.0000,25.1904,8.5215,6.2053,29.5432,0.0370,0.1071,0.0329,0.0947
Na2MoWO3Se3,1.5262,-1.4833,0.3622,30.0000,24.9073,5.7894,15.9612,29.3301,0.0370,0.0448,0.0331,0.0482
Na2ZrInSe3I3,1.4736,-1.3148,1.3639,30.0000,25.1627,6.1141,15.7642,29.5214,0.0370,0.0537,0.0330,0.0485
K2SbZnS3I3,1.5144,-1.0436,0.4517,30.0000,24.9970,5.9110,15.9287,29.4102,0.0370,0.0514,0.0330,0.0482
Na2VZnSe3Cl3,1.2770,-1.3439,0.2582,30.0000,25.0973,8.3232,7.1169,29.5500,0.0370,0.1025,0.0329,0.0852
K2CrWS3I3,1.5024,-1.1681,0.4220,30.0000,24.9697,5.9663,15.8102,29.3558,0.0370,0.0520,0.0330,0.0483
K2SnTaSe3I3,1.4632,-1.2658,0.7497,30.0000,25.1546,6.1855,15.6306,29.4414,0.0370,0.0596,0.0330,0.0489
K2MoSbO3Br3,1.5063,-1.5378,0.2329,30.0000,24.9992,5.8686,15.9261,29.4252,0.0370,0.0461,0.0329,0.0482
Na2FeCuF3I3,1.2698,-1.8788,0.4529,30.0000,25.1618,8.2784,7.2904,29.5527,0.0370,0.1018,0.0329,0.0828
K2FeMnO3Br3,1.5404,-1.7004,0.0377,30.0000,24.9449,5.6922,16.1549,29.3780,0.0370,0.0439,0.0330,0.0475
K2MoGaS3Br3,1.4400,-1.2859,1.5608,30.0000,25.2225,6.4765,15.2720,29.5917,0.0370,0.0653,0.0330,0.0499
Na2NbZnSe3I3,1.2823,-1.0993,0.5012,30.0000,25.2090,8.0608,8.2792,29.4731,0.0370,0.0973,0.0329,0.0758
Na2MnZnI6,1.2712,-1.0487,0.5722,30.0000,25.1747,8.1459,8.2354,29.5632,0.0370,0.0980,0.0329,0.0761
K2TaFeSe3I3,1.4738,-1.2228,0.7620,30.0000,25.1695,6.0970,15.6265,29.4505,0.0370,0.0527,0.0330,0.0488
Na2MnGaO3Br3,1.4669,-1.6518,1.8095,30.0000,25.2301,6.0989,15.7537,29.5510,0.0370,0.0566,0.0330,0.0489
K2TiInSe3Br3,1.3209,-1.5725,1.2862,30.0000,25.3428,7.6301,10.5317,29.5759,0.0370,0.0880,0.0330,0.0629
Na2TaZnS3I3,1.5321,-1.1568,0.7873,30.0000,24.9327,5.7972,16.0042,29.3568,0.0370,0.0456,0.0330,0.0478
Na2MnInO3Se3,1.4455,-1.4468,1.8077,30.0000,25.1421,6.3324,15.4019,29.4724,0.0370,0.0603,0.0331,0.0499
Na2TiFeO3Br3,1.5300,-1.9931,0.0288,30.0000,24.9251,5.7429,15.8977,29.3490,0.0370,0.0405,0.0329,0.0479
Li2MoGaS3Br3,1.4796,-1.1836,1.7422,30.0000,25.1718,6.0629,15.6581,29.4083,0.0370,0.0550,0.0331,0.0488
Na2TaZnO3Cl3,1.5057,-2.0665,0.7551,30.0000,25.1180,5.9153,16.0110,29.5165,0.0370,0.0495,0.0330,0.0481
K2MnZnBr3I3,1.2708,-1.2998,0.3456,30.0000,25.1434,8.1959,7.6086,29.5433,0.0370,0.0989,0.0329,0.0814
K2MoWSe6,1.2462,-1.0704,0.4007,30.0000,25.1223,8.4753,6.2225,29.4896,0.0370,0.1045,0.0328,0.0958
K2VZnS3I3,1.2726,-1.1797,0.4499,30.0000,25.0836,8.3816,6.6325,29.4841,0.0370,0.1063,0.0329,0.0899
Na2WMnS6,1.5337,-1.1708,0.1366,30.0000,24.8878,5.7738,15.9430,29.3069,0.0371,0.0413,0.0330,0.0481
Li2MoWSe6,1.2700,-0.9769,0.4253,30.0000,25.1435,8.3466,7.0038,29.5587,0.0371,0.1023,0.0329,0.0860
K2MnCuCl3I3,1.2517,-1.3062,0.4112,30.0000,25.0864,8.5644,5.8316,29.5883,0.0371,0.1067,0.0329,0.0997
Na2MoGaSe3Cl3,1.4281,-1.2895,1.7820,30.0000,25.2920,6.4665,15.2123,29.6008,0.0371,0.0644,0.0331,0.0498
K2VMnS3I3,1.2633,-1.2264,0.4558,30.0000,25.1831,8.4919,6.3664,29.4902,0.0371,0.1068,0.0329,0.0930
K2MnGaO3I3,1.4409,-1.5517,1.7299,30.0000,25.2330,6.4646,14.9639,29.5309,0.0371,0.0633,0.0331,0.0506
Na2TiInS3I3,1.4146,-1.2973,1.5631,30.0000,25.2795,6.6340,14.6875,29.5184,0.0371,0.0679,0.0331,0.0506
K2MnSbCl3I3,1.2390,-1.3398,0.4440,30.0000,25.2205,8.6405,5.7869,29.5758,0.0371,0.1083,0.0329,0.1003
Na2SnInS3I3,1.4464,-0.9285,1.4598,30.0000,25.1515,6.3181,15.3022,29.4567,0.0371,0.0598,0.0331,0.0495
Na2MnGaS3Se3,1.4517,-1.0075,1.8490,30.0000,25.2380,6.2789,15.3888,29.4773,0.0371,0.0610,0.0331,0.0495
Na2VTaS6,1.5380,-1.4126,0.7834,30.0000,24.9016,5.7477,15.9124,29.3922,0.0371,0.0442,0.0330,0.0483
K2MoMnS3Se3,1.2781,-1.1025,0.3258,30.0000,25.1464,8.2303,7.5507,29.4351,0.0371,0.1019,0.0329,0.0816
Li2MoGaSe3I3,1.4283,-0.9649,1.5712,30.0000,25.2908,6.4539,15.0838,29.5334,0.0371,0.0665,0.0330,0.0501
Na2MnInO3Br3,1.3635,-1.6615,1.6059,30.0000,25.3304,7.1975,12.2618,29.5612,0.0371,0.0776,0.0330,0.0572
K2SnFeO3Se3,1.5256,-1.3524,0.2777,30.0000,24.9005,5.8383,15.7921,29.4023,0.0371,0.0434,0.0330,0.0483
Na2ZrFeO3I3,1.5180,-1.9212,0.4560,30.0000,25.0657,5.8538,16.1121,29.4426,0.0371,0.0475,0.0330,0.0479
K2MnGaO3Se3,1.3958,-1.5190,1.9141,30.0000,25.3788,6.9119,13.5514,29.5781,0.0371,0.0745,0.0331,0.0534
K2TaCuSe3Br3,1.2493,-1.3420,0.5785,30.0000,25.1079,8.4473,6.4971,29.5598,0.0371,0.1034,0.0330,0.0916
K2SnNbSe3Br3,1.2481,-1.4419,0.2585,30.0000,25.0165,8.6352,5.4230,29.4774,0.0371,0.1077,0.0329,0.1070
Na2TiSbSe3Br3,1.2506,-1.3603,0.2493,30.0000,25.0185,8.4880,6.2287,29.5095,0.0371,0.1054,0.0329,0.0953
Na2SbAgCl3I3,1.3260,-1.0171,2.3001,30.0000,25.3654,7.6351,10.5209,29.5611,0.0371,0.0895,0.0332,0.0643
Na2SnGaSe3I3,1.5032,-0.9232,1.4368,30.0000,25.1220,5.9595,15.8224,29.4807,0.0371,0.0527,0.0331,0.0486
Na2CrMoO3Se3,1.5133,-1.6231,0.3614,30.0000,24.8762,6.0016,15.5363,29.4153,0.0371,0.0506,0.0330,0.0488
K2WFeS3Br3,1.5281,-1.2549,0.1140,30.0000,24.8343,5.7934,15.9314,29.4043,0.0371,0.0441,0.0330,0.0480
K2NbCuO3Cl3,1.4940,-1.9964,0.1485,30.0000,24.9523,5.9888,15.7889,29.4104,0.0371,0.0508,0.0329,0.0482
Na2MnInO3I3,1.3414,-1.5170,1.6509,30.0000,25.3335,7.4677,11.3926,29.5258,0.0371,0.0877,0.0330,0.0609
K2MoBiO3I3,1.5035,-1.3626,0.5014,30.0000,24.9662,6.0661,15.5569,29.4338,0.0371,0.0534,0.0330,0.0491
Na2MoGaS3I3,1.3950,-0.9826,1.6741,30.0000,25.3661,6.8093,14.1104,29.5108,0.0371,0.0725,0.0331,0.0523
K2SbAgCl3I3,1.3801,-1.1673,2.2165,30.0000,25.3409,6.9253,13.7192,29.5778,0.0371,0.0748,0.0331,0.0534
K2NbSbO3Se3,1.5298,-1.6813,0.3636,30.0000,24.9116,5.8309,15.7969,29.3475,0.0371,0.0483,0.0331,0.0483
K2NbFeSe3Br3,1.2361,-1.3782,0.2309,30.0000,25.0711,8.6597,5.4750,29.5322,0.0371,0.1058,0.0329,0.1044
K2WAgSe3I3,1.3828,-0.9885,1.8858,30.0000,25.2773,6.9834,13.4536,29.5752,0.0371,0.0778,0.0331,0.0541
Na2MnBiS3I3,1.2378,-0.8854,0.4352,30.0000,25.0923,8.4956,6.5320,29.5480,0.0371,0.1053,0.0329,0.0910
Na2VFeO3I3,1.5306,-1.7302,0.4942,30.0000,24.8693,5.7400,15.8457,29.2909,0.0371,0.0452,0.0331,0.0481
Na2SnInO3I3,1.4317,-1.3954,1.5514,30.0000,25.2612,6.5002,15.3194,29.5055,0.0371,0.0659,0.0331,0.0503
K2ZrInSe3I3,1.4672,-1.3995,1.3237,30.0000,25.0871,6.2182,15.4374,29.4579,0.0371,0.0582,0.0331,0.0494
K2SnTaS3Br3,1.5145,-1.3860,0.5489,30.0000,25.0268,5.9230,15.7665,29.4812,0.0371,0.0495,0.0330,0.0484
K2TaZnSe3Cl3,1.5094,-1.4834,0.6729,30.0000,25.0055,6.0022,15.6994,29.4100,0.0371,0.0545,0.0331,0.0489
K2VMnSe3I3,1.2523,-1.2143,0.4993,30.0000,25.0505,8.5220,5.9125,29.4724,0.0371,0.1054,0.0330,0.0977
K2TaMnO3Br3,1.5213,-2.0497,0.5842,30.0000,25.0094,5.8420,16.1398,29.3328,0.0371,0.0492,0.0331,0.0478
Na2NbSbO3Se3,1.5303,-1.6063,0.3711,30.0000,24.8895,5.8398,15.7807,29.3982,0.0371,0.0453,0.0329,0.0485
K2ZrMoS3Se3,1.2380,-1.3481,0.3356,30.0000,25.0968,8.7029,5.3895,29.5928,0.0371,0.1100,0.0329,0.1086
Na2NbMnO3I3,1.5045,-1.9094,0.4926,30.0000,24.9109,6.0368,15.4724,29.3549,0.0371,0.0512,0.0330,0.0489
Na2MnGaO3I3,1.4078,-1.5264,1.8101,30.0000,25.2858,6.6379,14.8150,29.5602,0.0371,0.0688,0.0331,0.0511
Na2MoGaS3Br3,1.4645,-1.1515,1.6387,30.0000,25.2298,6.2019,15.7022,29.4144,0.0371,0.0575,0.0331,0.0489
Na2WAgO3Br3,1.4300,-1.3950,2.3900,30.0000,25.3569,6.4617,15.3032,29.6226,0.0371,0.0651,0.0331,0.0499
Na2SnVSe3F3,1.5311,-2.0905,0.3237,30.0000,24.9344,5.8039,15.9010,29.3740,0.0371,0.0456,0.0329,0.0483
Na2CrMnSe3I3,1.2549,-1.1225,0.4854,30.0000,24.9993,8.4684,6.5373,29.5258,0.0371,0.1061,0.0330,0.0925
Na2SnTaSe3I3,1.5148,-1.0476,0.7668,30.0000,24.9786,5.8727,15.8240,29.4686,0.0371,0.0468,0.0330,0.0482
K2NbFeSe3Cl3,1.2300,-1.5141,0.2719,30.0000,25.0751,8.7478,4.9878,29.4738,0.0371,0.1117,0.0329,0.1144
Na2SnNbSe3Br3,1.2536,-1.3169,0.2594,30.0000,25.0520,8.4675,6.1776,29.4437,0.0371,0.1055,0.0329,0.0942
K2SnMnF3I3,1.5043,-2.1069,0.4496,30.0000,24.9572,5.9731,15.6379,29.4053,0.0371,0.0490,0.0330,0.0486
K2VCuSe3Br3,1.2336,-1.2862,0.2259,30.0000,24.9842,8.4803,6.2421,29.4548,0.0371,0.1047,0.0330,0.0932
K2MoGaSe3Cl3,1.4869,-1.4028,1.6973,30.0000,25.1415,5.9501,15.9263,29.3725,0.0371,0.0510,0.0332,0.0483
K2CrWSe3I3,1.5283,-1.1250,0.4645,30.0000,24.8934,5.8485,15.8664,29.4306,0.0371,0.0465,0.0330,0.0482
Na2MoFeSe3Cl3,1.2495,-1.2111,0.3137,30.0000,25.0672,8.5445,6.1060,29.5787,0.0371,0.1064,0.0329,0.0948
K2MoGaS3I3,1.4643,-1.1031,1.6099,30.0000,25.2319,6.2540,15.4434,29.4405,0.0371,0.0580,0.0332,0.0494
K2TiGaSe3I3,1.4729,-1.3821,1.4744,30.0000,25.1778,6.2072,15.4676,29.4627,0.0371,0.0590,0.0331,0.0492
K2SnInSe3I3,1.4835,-0.9783,1.3029,30.0000,25.0772,5.9927,15.6535,29.4193,0.0371,0.0514,0.0331,0.0489
Na2SnVSe3I3,1.2462,-0.9881,0.5130,30.0000,24.9662,8.6023,5.7267,29.5352,0.0371,0.1090,0.0329,0.1021
K2MnGaS3Se3,1.2883,-1.1217,1.7521,30.0000,25.3086,8.0108,8.7519,29.6120,0.0371,0.0966,0.0331,0.0741
Na2SnVS3Br3,1.2409,-1.2546,0.1322,30.0000,25.0307,8.6689,5.2035,29.5015,0.0371,0.1083,0.0329,0.1075
K2WAgO3Br3,1.4184,-1.4922,2.2845,30.0000,25.2683,6.6011,14.8078,29.5173,0.0371,0.0684,0.0331,0.0510
Na2NbFeSe3I3,1.2581,-1.0623,0.5051,30.0000,25.1475,8.4104,6.6478,29.5385,0.0371,0.1045,0.0329,0.0904
Na2TaFeS3I3,1.5206,-1.1610,0.7951,30.0000,24.9619,5.8494,15.7792,29.3700,0.0371,0.0478,0.0331,0.0484
Na2TaMnSe3Br3,1.2373,-1.3928,0.5911,30.0000,25.0099,8.5149,6.0074,29.4404,0.0371,0.1060,0.0330,0.0964
Na2WAgSe3I3,1.3922,-0.9080,1.9414,30.0000,25.3139,6.8209,14.1693,29.5348,0.0371,0.0724,0.0331,0.0523
K2MoFeSe3Br3,1.2242,-1.2274,0.2616,30.0000,25.0424,8.8841,4.7709,29.5010,0.0371,0.1138,0.0329,0.1198
K2MoSbS3I3,1.2455,-0.9837,0.5135,30.0000,25.1557,8.5293,6.3605,29.5154,0.0371,0.1057,0.0329,0.0948
Na2WSbSe3F3,1.5468,-1.7615,0.3322,30.0000,24.7768,5.7819,15.8858,29.3051,0.0371,0.0442,0.0331,0.0480
Na2TiBiS3I3,1.5507,-1.0596,0.4421,30.0000,24.8113,5.7436,15.8117,29.3623,0.0371,0.0444,0.0330,0.0481
K2FeMnO3Se3,1.5356,-1.4525,0.2416,30.0000,24.8130,5.8031,15.7977,29.3462,0.0371,0.0453,0.0330,0.0483
K2MoGaSe3I3,1.2802,-1.0445,1.4619,30.0000,25.2096,8.0930,8.3448,29.5591,0.0371,0.0986,0.0330,0.0765
Na2WInSe3Br3,1.4797,-1.1200,1.1738,30.0000,25.0633,6.0628,15.7331,29.4506,0.0371,0.0556,0.0331,0.0487
Na2ZrWSe6,1.2488,-1.2636,0.3534,30.0000,25.1174,8.6433,5.9393,29.5387,0.0371,0.1104,0.0329,0.0992
Na2WSbSe3Br3,1.2455,-1.0125,0.2673,30.0000,25.0089,8.4172,6.8658,29.5184,0.0371,0.1041,0.0329,0.0874
Li2WSbSe3F3,1.5306,-1.6542,0.3508,30.0000,24.9265,5.7367,16.0144,29.3187,0.0371,0.0435,0.0330,0.0480
Na2MoWS6,1.5427,-1.1653,0.2462,30.0000,24.7882,5.7202,16.0388,29.3970,0.0371,0.0436,0.0330,0.0481
K2VNbS3Se3,1.2182,-1.2905,0.3285,30.0000,24.9812,8.9597,4.0830,29.4587,0.0371,0.1152,0.0329,0.1363
K2SnCrS3I3,1.2226,-1.0560,0.4374,30.0000,24.9923,8.9612,4.2146,29.4957,0.0372,0.1146,0.0330,0.1320
K2MnInS3I3,1.2856,-1.1118,1.4858,30.0000,25.2335,8.1553,8.2081,29.5949,0.0372,0.1001,0.0331,0.0767
Na2TaSbO3Se3,1.5238,-1.6623,0.7815,30.0000,24.9198,5.9206,15.8050,29.4683,0.0372,0.0477,0.0330,0.0486
Na2NbTaSe6,1.2316,-1.1532,0.7370,30.0000,25.0656,8.6661,5.4708,29.4802,0.0372,0.1098,0.0330,0.1064
Na2VMnS3I3,1.2289,-1.1676,0.4669,30.0000,25.0260,8.8171,4.7428,29.5151,0.0372,0.1133,0.0329,0.1202
K2VFeSe3I3,1.2499,-1.1785,0.4977,30.0000,25.0020,8.5222,6.1283,29.5130,0.0372,0.1049,0.0329,0.0947
K2MoSbS3Br3,1.2232,-1.1593,0.2238,30.0000,24.9563,8.8470,4.4999,29.4208,0.0372,0.1147,0.0329,0.1250
Na2NbFeSe3Cl3,1.2253,-1.3620,0.2739,30.0000,24.9922,8.8702,4.8205,29.5644,0.0372,0.1123,0.0329,0.1198
Na2TiFeO3I3,1.5400,-1.9224,0.4635,30.0000,24.8253,5.8222,15.7932,29.2808,0.0372,0.0453,0.0331,0.0485
K2SnSbS3Br3,1.5651,-1.0560,0.1738,30.0000,24.7375,5.7270,15.6450,29.2959,0.0372,0.0426,0.0331,0.0485
Na2WBiS3I3,1.5355,-0.9643,0.4297,30.0000,24.8709,5.6271,16.1397,29.4459,0.0372,0.0431,0.0330,0.0478
K2MoAgO3Br3,1.3141,-1.4587,2.6569,30.0000,25.3593,7.7379,10.0138,29.5436,0.0372,0.0924,0.0332,0.0660
K2CrAgO3Br3,1.3946,-1.5743,2.7659,30.0000,25.3513,6.9029,13.7259,29.4882,0.0372,0.0743,0.0333,0.0538
Na2SnTaS3Br3,1.5488,-1.2772,0.5636,30.0000,24.8305,5.7246,15.9808,29.3347,0.0372,0.0425,0.0331,0.0480
K2VZnO3Br3,1.5489,-1.7742,0.0854,30.0000,24.6304,5.7420,15.7988,29.3380,0.0372,0.0425,0.0330,0.0482
Na2TiGaS3I3,1.4890,-1.2554,1.7059,30.0000,25.1293,5.9977,15.9362,29.4653,0.0372,0.0511,0.0332,0.0483
Na2CrWO3I3,1.5523,-1.5329,0.4513,30.0000,24.7112,5.6151,15.9302,29.2558,0.0372,0.0390,0.0331,0.0480
Na2MnSbCl3I3,1.2265,-1.2323,0.4534,30.0000,24.9720,8.7525,5.1327,29.5531,0.0372,0.1121,0.0329,0.1105
Na2MoSbSe3Cl3,1.2298,-1.1237,0.3712,30.0000,24.9578,8.7511,5.1131,29.4854,0.0372,0.1135,0.0329,0.1108
K2VCuSe3I3,1.2276,-1.0759,0.5018,30.0000,24.9141,8.7780,4.8897,29.5486,0.0372,0.1137,0.0329,0.1159
K2ZrCrO3Se3,1.5545,-2.0596,0.2686,30.0000,24.6702,5.7109,15.8795,29.3574,0.0372,0.0434,0.0330,0.0478
Na2VMnSe3Cl3,1.2322,-1.4292,0.2619,30.0000,24.9898,8.8131,4.5865,29.5241,0.0372,0.1137,0.0330,0.1207
Na2TiBiSe3I3,1.5246,-1.0595,0.4821,30.0000,24.8712,5.8537,15.6366,29.3608,0.0372,0.0463,0.0330,0.0485
K2CrMoO3Br3,1.5603,-1.6673,0.1638,30.0000,24.6878,5.8233,15.4352,29.3215,0.0372,0.0434,0.0330,0.0489
K2ZrGaSe3Br3,1.5046,-1.6464,1.3401,30.0000,24.9844,5.9356,15.8964,29.3732,0.0372,0.0487,0.0331,0.0486
K2CrAgO3I3,1.3920,-1.4053,2.5641,30.0000,25.1954,6.8646,13.7661,29.4804,0.0372,0.0762,0.0332,0.0530
K2SbAgO3Se3,1.4165,-1.2251,2.7037,30.0000,25.2660,6.7670,14.1832,29.5790,0.0372,0.0723,0.0332,0.0524
Na2MoMnS3Se3,1.2331,-1.0656,0.3312,30.0000,24.8999,8.7664,5.1423,29.4997,0.0372,0.1123,0.0330,0.1127
Na2NbSbS6,1.5750,-1.0624,0.2403,30.0000,24.6667,5.6833,15.8054,29.3189,0.0372,0.0381,0.0331,0.0482
K2TiCrO3Cl3,1.5517,-2.2047,0.0499,30.0000,24.6247,5.7526,15.9642,29.2990,0.0372,0.0410,0.0330,0.0481
Na2FeSbO3Br3,1.5436,-1.4367,0.1272,30.0000,24.7395,5.8956,15.5957,29.3031,0.0372,0.0475,0.0330,0.0486
K2VMnO3Br3,1.5705,-2.0040,0.0855,30.0000,24.6282,5.6659,15.7954,29.2053,0.0372,0.0409,0.0330,0.0483
Na2WAgO3I3,1.4229,-1.3384,2.2836,30.0000,25.2038,6.4976,14.9523,29.4310,0.0372,0.0636,0.0332,0.0511
Na2ZrSbO3Br3,1.5481,-1.9734,0.1528,30.0000,24.7716,5.7570,15.6334,29.2259,0.0372,0.0442,0.0330,0.0485
K2MnGaS3Br3,1.2653,-1.2941,1.5638,30.0000,25.2524,8.2844,7.1842,29.5393,0.0372,0.1038,0.0330,0.0858
Na2VZnS3Br3,1.2201,-1.2533,0.0782,30.0000,24.9845,8.9496,4.1769,29.4512,0.0372,0.1183,0.0329,0.1312
Na2VZnO3Br3,1.5579,-1.7346,0.0745,30.0000,24.6987,5.8023,15.7441,29.2947,0.0372,0.0432,0.0330,0.0484
Na2MnGaSe3Br3,1.2550,-1.2229,1.4428,30.0000,25.0990,8.4265,6.7350,29.4778,0.0372,0.1082,0.0331,0.0894
Na2WSbO3Br3,1.5552,-1.4096,0.1829,30.0000,24.7353,5.7107,15.7643,29.2613,0.0372,0.0401,0.0330,0.0486
Na2MoGaSe3I3,1.2673,-0.9597,1.5095,30.0000,25.0767,8.4077,6.5200,29.5079,0.0372,0.1062,0.0331,0.0910
Na2CrMnO3Br3,1.5610,-1.7228,0.0321,30.0000,24.6144,5.7664,15.6992,29.2609,0.0372,0.0440,0.0331,0.0485
Na2SnTaSe3Cl3,1.5374,-1.4601,0.6905,30.0000,24.8646,5.7914,15.8368,29.2902,0.0372,0.0488,0.0331,0.0483
Na2NbZnSe3Br3,1.2171,-1.2327,0.2298,30.0000,24.8085,8.9365,4.1896,29.4887,0.0372,0.1143,0.0329,0.1304
K2MoAgO3I3,1.3410,-1.3360,2.4892,30.0000,25.3596,7.4821,11.2420,29.4922,0.0372,0.0876,0.0332,0.0613
Na2ZrCrO3S3,1.5692,-2.0327,0.0879,30.0000,24.7059,5.7146,15.6612,29.2962,0.0372,0.0381,0.0331,0.0484
Na2VSbS3Se3,1.2390,-1.0075,0.3432,30.0000,24.8780,8.6641,5.3406,29.4226,0.0372,0.1103,0.0331,0.1074
Na2CrMnO6,1.5585,-2.0326,0.0249,30.0000,24.7129,5.7241,15.6729,29.2942,0.0372,0.0407,0.0330,0.0487
Na2SnBiS3I3,1.5594,-0.9007,0.4435,30.0000,24.6967,5.6277,15.8376,29.2921,0.0372,0.0380,0.0331,0.0483
Li2MoWS6,1.5667,-1.0985,0.2640,30.0000,24.6772,5.6500,15.6657,29.2687,0.0372,0.0383,0.0331,0.0484
Na2MnZnF3I3,1.5450,-2.0236,0.4444,30.0000,24.7770,5.7652,15.7060,29.3474,0.0372,0.0422,0.0331,0.0485
Na2NbFeSe3Br3,1.2257,-1.2641,0.2306,30.0000,24.9366,8.8155,4.6148,29.5416,0.0372,0.1119,0.0329,0.1216
K2TiGaSe3Br3,1.5079,-1.5984,1.4036,30.0000,24.9448,5.9231,15.9748,29.3892,0.0372,0.0500,0.0332,0.0487
Na2MoAgO3Br3,1.3088,-1.3927,2.8019,30.0000,25.3742,7.8429,9.7056,29.5847,0.0372,0.0950,0.0332,0.0691
Na2CrMnO3I3,1.5628,-1.5906,0.4635,30.0000,24.7155,5.6736,15.7214,29.4160,0.0372,0.0379,0.0331,0.0486
K2SnVSe3F3,1.5406,-2.1390,0.3186,30.0000,24.6791,5.7809,15.8596,29.3727,0.0372,0.0441,0.0330,0.0482
K2MnZnI6,1.2338,-1.1086,0.5610,30.0000,24.9052,8.7558,5.0234,29.5183,0.0372,0.1113,0.0330,0.1120
Na2ZrCrO3Cl3,1.5590,-2.1292,0.0709,30.0000,24.6555,5.8607,15.6561,29.2576,0.0372,0.0449,0.0331,0.0487
K2WBiS3I3,1.5392,-1.0888,0.4232,30.0000,24.7473,5.8205,15.6304,29.3330,0.0372,0.0436,0.0330,0.0486
Na2SnVSe3Br3,1.2008,-1.3196,0.2484,30.0000,24.9270,9.0016,3.8621,29.4501,0.0372,0.1166,0.0329,0.1400
Na2MoAgO3I3,1.3264,-1.3085,2.5961,30.0000,25.3070,7.6000,10.6410,29.5610,0.0373,0.0915,0.0331,0.0639
K2FeCuF3I3,1.2333,-1.9459,0.4420,30.0000,24.9544,8.7104,4.9794,29.4397,0.0373,0.1113,0.0330,0.1149
Na2MoFeSe3Br3,1.2049,-1.0868,0.2628,30.0000,24.8552,9.1572,3.5484,29.5063,0.0373,0.1192,0.0329,0.1515
Na2MoGaSe3Br3,1.2443,-1.1346,1.4476,30.0000,25.0616,8.5456,6.0506,29.5325,0.0373,0.1079,0.0331,0.0987
Na2CrAgO3Br3,1.3656,-1.5201,2.9309,30.0000,25.3665,7.2528,12.0953,29.5014,0.0373,0.0818,0.0332,0.0585
K2ZrGaSe3I3,1.5101,-1.4019,1.4178,30.0000,24.9437,5.9599,15.6259,29.3752,0.0373,0.0502,0.0331,0.0488
Na2ZrBiSe3I3,1.5584,-1.2127,0.4764,30.0000,24.6580,5.6904,15.7703,29.3397,0.0373,0.0417,0.0331,0.0485
K2CrMoS3Se3,1.2053,-1.1883,0.3329,30.0000,24.8300,9.0317,3.8622,29.5117,0.0373,0.1180,0.0330,0.1407
K2ZrInSe3Br3,1.5418,-1.6496,1.2332,30.0000,24.9092,5.7146,15.9501,29.3847,0.0373,0.0420,0.0331,0.0483
K2WMnS3Se3,1.5432,-1.1230,0.2643,30.0000,24.7310,5.7717,15.7348,29.2738,0.0373,0.0421,0.0331,0.0486
K2NbSbS6,1.5684,-1.0726,0.2401,30.0000,24.6777,5.6884,15.8191,29.3471,0.0373,0.0423,0.0330,0.0481
K2NbMnO3I3,1.5652,-2.0329,0.4801,30.0000,24.5906,5.7348,15.7133,29.2943,0.0373,0.0420,0.0331,0.0485
Na2VMnS3Br3,1.2063,-1.3416,0.0782,30.0000,24.8332,9.0088,3.8451,29.5517,0.0373,0.1181,0.0329,0.1412
Na2MnGaSe3Cl3,1.2879,-1.3042,1.8027,30.0000,25.2233,8.1691,8.0547,29.6397,0.0373,0.1007,0.0331,0.0784
K2VMnSe3Cl3,1.2248,-1.5486,0.2604,30.0000,24.8982,8.9194,4.1107,29.4775,0.0373,0.1162,0.0329,0.1342
K2NbFeS3Br3,1.2174,-1.3866,0.1128,30.0000,24.8470,8.8331,4.6751,29.3962,0.0373,0.1132,0.0329,0.1203
K2CuZnF3I3,1.2210,-1.9604,0.4380,30.0000,24.8402,8.8370,4.5773,29.4315,0.0373,0.1143,0.0330,0.1222
Na2SnCrO3I3,1.5668,-1.4542,0.4717,30.0000,24.6400,5.7480,15.6910,29.3103,0.0373,0.0416,0.0331,0.0487
Na2AgInBr3I3,1.2712,-1.1461,2.8167,30.0000,25.3428,8.1419,8.2504,29.5192,0.0373,0.1023,0.0332,0.0781
Na2WGaSe3Br3,1.5099,-1.1444,1.2690,30.0000,24.9453,5.9167,15.8436,29.4332,0.0373,0.0502,0.0332,0.0486
Na2MoFeS3I3,1.2300,-0.9719,0.4946,30.0000,24.8320,8.6594,5.3397,29.3941,0.0373,0.1093,0.0330,0.1084
K2ZrBiSe3I3,1.5493,-1.3576,0.4686,30.0000,24.6965,5.7848,15.6931,29.3498,0.0373,0.0432,0.0331,0.0485
Na2SnGaO3I3,1.5349,-1.4066,1.6885,30.0000,24.8994,5.8600,15.8031,29.3563,0.0373,0.0492,0.0332,0.0487
K2ZrSbS3I3,1.5591,-1.3279,0.4584,30.0000,24.7300,5.6729,15.8311,29.2215,0.0373,0.0389,0.0331,0.0485
K2ZrCrS3I3,1.2261,-1.3584,0.4301,30.0000,24.9049,8.7975,4.9393,29.4835,0.0373,0.1126,0.0330,0.1110
K2TaZnO3I3,1.5288,-1.7924,0.8070,30.0000,24.8103,5.8344,15.7409,29.3082,0.0373,0.0473,0.0331,0.0484
K2MnGaSe6,1.2589,-1.0754,1.5341,30.0000,25.0933,8.4590,6.6808,29.5395,0.0373,0.1070,0.0331,0.0899
K2SnTaSe3Cl3,1.5570,-1.6033,0.6703,30.0000,24.6899,5.6746,15.7287,29.2564,0.0373,0.0415,0.0332,0.0482
K2MnGaS3I3,1.2545,-1.1325,1.6152,30.0000,25.1412,8.5433,5.9587,29.5439,0.0373,0.1088,0.0331,0.0977
Na2SnVSe3Cl3,1.2168,-1.3824,0.2943,30.0000,24.8687,8.9860,4.0601,29.5055,0.0373,0.1172,0.0329,0.1341
Na2SnWS3Se3,1.5754,-1.0075,0.2919,30.0000,24.6007,5.6706,15.6837,29.3201,0.0373,0.0411,0.0331,0.0484
K2TaSbS6,1.5638,-1.1270,0.7138,30.0000,24.6614,5.6294,15.9458,29.3229,0.0373,0.0397,0.0331,0.0481
Na2CrWSe6,1.2086,-1.0866,0.3523,30.0000,24.8423,8.9475,4.4579,29.4658,0.0373,0.1145,0.0330,0.1269
K2VTaS6,1.5551,-1.4374,0.7484,30.0000,24.7117,5.7115,15.8389,29.3372,0.0373,0.0400,0.0332,0.0486
Na2SnBiO3I3,1.5430,-1.2707,0.4634,30.0000,24.7227,5.8313,15.6913,29.3299,0.0373,0.0441,0.0330,0.0487
Na2ZrInS3I3,1.5217,-1.3525,1.4913,30.0000,24.8305,5.7703,15.8659,29.3542,0.0373,0.0464,0.0332,0.0486
K2SnGaSe3Br3,1.5472,-1.2419,1.3136,30.0000,24.8749,5.7170,15.8152,29.3504,0.0373,0.0419,0.0333,0.0487
Na2VCuSe3Cl3,1.2168,-1.2694,0.2701,30.0000,24.7990,8.8911,4.5274,29.5042,0.0373,0.1148,0.0330,0.1233
Na2WFeS3I3,1.5492,-1.0190,0.4227,30.0000,24.6990,5.8590,15.3582,29.2268,0.0373,0.0450,0.0331,0.0488
Na2FeMnO3Cl3,1.5791,-1.6773,0.0093,30.0000,24.6191,5.7107,15.5939,29.2242,0.0373,0.0377,0.0330,0.0486
Na2SnCuO3Se3,1.2106,-1.3362,0.2901,30.0000,24.8264,9.0508,3.8999,29.5386,0.0373,0.1172,0.0329,0.1409
Na2SbAgO3Se3,1.4385,-1.2021,2.8454,30.0000,25.2903,6.4380,15.1348,29.4783,0.0373,0.0643,0.0332,0.0505
Na2TiCrS3I3,1.2280,-1.3110,0.4453,30.0000,24.8199,8.8085,4.8064,29.4834,0.0373,0.1119,0.0330,0.1182
Na2WInSe3I3,1.5258,-1.0024,1.2673,30.0000,24.8890,5.8865,15.7135,29.3411,0.0373,0.0475,0.0332,0.0486
Na2MoSbS3I3,1.2232,-0.9063,0.5255,30.0000,24.8851,8.8244,4.9264,29.4392,0.0373,0.1121,0.0329,0.1163
K2SnVSe3I3,1.2129,-1.0791,0.5027,30.0000,24.7956,9.0760,3.7219,29.4880,0.0373,0.1184,0.0330,0.1466
Na2SnCrSe3I3,1.2197,-0.9850,0.4901,30.0000,24.8812,8.8840,4.4017,29.4603,0.0373,0.1134,0.0330,0.1253
Na2ZrCrO3Se3,1.5731,-2.1215,0.2707,30.0000,24.5097,5.7376,15.5059,29.2368,0.0373,0.0393,0.0331,0.0488
Na2TiGaSe3Br3,1.5220,-1.4345,1.4623,30.0000,24.8444,5.8709,15.8320,29.3703,0.0373,0.0480,0.0332,0.0487
Na2TiGaS3Br3,1.5263,-1.3995,1.6760,30.0000,24.9115,5.7944,15.9534,29.4065,0.0373,0.0466,0.0332,0.0486
Na2ZrSbO3I3,1.5853,-1.8838,0.4930,30.0000,24.5943,5.5370,15.9552,29.2197,0.0373,0.0365,0.0331,0.0480
K2ZrFeS3I3,1.1955,-1.3293,0.4224,30.0000,24.7569,9.2458,3.2206,29.5259,0.0373,0.1211,0.0330,0.1644
Na2MnInS3I3,1.2414,-1.0469,1.5439,30.0000,24.9990,8.6610,5.3667,29.5395,0.0373,0.1101,0.0331,0.1071
K2ZrFeSe3I3,1.2107,-1.3068,0.4693,30.0000,24.7962,9.0551,3.9540,29.6078,0.0373,0.1165,0.0330,0.1373
Li2WGaS3Br3,1.5556,-1.1532,1.4696,30.0000,24.7261,5.6248,15.9314,29.1988,0.0373,0.0373,0.0332,0.0483
Na2ZrInO3I3,1.5423,-2.0431,1.5889,30.0000,24.8407,5.8196,15.6455,29.3207,0.0373,0.0442,0.0332,0.0489
K2VCuO3F3,1.2088,-2.6070,0.1335,30.0000,24.7725,9.1165,3.6900,29.4834,0.0373,0.1198,0.0329,0.1456
Na2MoWSe6,1.2105,-0.9980,0.4073,30.0000,24.8295,9.0110,3.9190,29.5143,0.0373,0.1174,0.0331,0.1396
Na2SnCrO3Br3,1.5899,-1.6508,0.0970,30.0000,24.4585,5.6361,15.5382,29.2335,0.0373,0.0354,0.0330,0.0487
Na2NbZnO3Br3,1.5835,-1.8107,0.1058,30.0000,24.4636,5.6313,15.6505,29.2310,0.0373,0.0385,0.0331,0.0485
K2MoWO3Se3,1.5506,-1.4969,0.3559,30.0000,24.6737,5.7269,15.7574,29.2017,0.0373,0.0451,0.0331,0.0486
Na2MnInO6,1.4800,-2.0961,2.5680,30.0000,25.0843,6.1675,15.6835,29.4739,0.0373,0.0569,0.0332,0.0493
Na2CrMnO3Se3,1.5759,-1.5595,0.2527,30.0000,24.4968,5.7017,15.8482,29.2311,0.0373,0.0414,0.0331,0.0485
K2VCuSe3Cl3,1.1971,-1.4029,0.2681,30.0000,24.7564,9.2036,3.2700,29.4579,0.0373,0.1198,0.0329,0.1645
K2VZnS3Br3,1.2030,-1.3746,0.0879,30.0000,24.7753,9.1317,3.4098,29.4395,0.0373,0.1219,0.0329,0.1582
K2SnZnO3Se3,1.5906,-1.3298,0.2759,30.0000,24.5045,5.6894,15.5309,29.2834,0.0373,0.0355,0.0331,0.0488
K2NbTaS3Se3,1.5628,-1.2792,0.7204,30.0000,24.5553,5.6788,15.8312,29.3171,0.0373,0.0422,0.0332,0.0485
K2TaCuO3Cl3,1.5446,-2.0429,0.7347,30.0000,24.6476,5.7493,15.7744,29.2713,0.0373,0.0450,0.0331,0.0485
Na2MnGaS6,1.5125,-1.1061,2.2928,30.0000,24.9791,6.0045,15.8487,29.5093,0.0373,0.0530,0.0332,0.0489
K2VCuS3I3,1.2246,-1.1391,0.4594,30.0000,24.9312,8.8178,4.6924,29.4368,0.0374,0.1146,0.0330,0.1202
K2VFeO3Cl3,1.5793,-1.9971,0.0945,30.0000,24.4702,5.6580,15.7549,29.3770,0.0374,0.0386,0.0331,0.0485
Na2TiCrSe3Br3,1.1865,-1.4242,0.1941,30.0000,24.6821,9.2583,3.1708,29.4889,0.0374,0.1218,0.0330,0.1711
Na2SbZnO3I3,1.2053,-1.1825,0.4868,30.0000,24.7798,8.9652,4.2999,29.4528,0.0374,0.1162,0.0330,0.1283
K2SnVSe3Cl3,1.1889,-1.5781,0.2912,30.0000,24.7363,9.2968,3.0181,29.4251,0.0374,0.1211,0.0330,0.1755
Li2MoGaSe3Cl3,1.5385,-1.3143,1.8928,30.0000,24.8403,5.7665,15.9197,29.3313,0.0374,0.0455,0.0333,0.0487
K2WInSe3I3,1.5546,-1.0408,1.2340,30.0000,24.7107,5.7145,15.7739,29.3921,0.0374,0.0400,0.0332,0.0484
K2WAgO3I3,1.5135,-1.3702,2.2010,30.0000,25.0179,5.8028,15.9001,29.3735,0.0374,0.0440,0.0333,0.0483
K2SnMnBr3I3,1.1815,-1.2604,0.3634,30.0000,24.6741,9.3949,2.8584,29.4818,0.0374,0.1243,0.0330,0.1890
K2MnGaS6,1.5163,-1.1768,2.1252,30.0000,24.9115,5.9138,15.8634,29.3868,0.0374,0.0491,0.0333,0.0489
Na2VZnSe3I3,1.1967,-1.1082,0.5045,30.0000,24.8266,9.1781,3.2120,29.5106,0.0374,0.1221,0.0330,0.1666
K2TiMoS3Se3,1.2065,-1.3762,0.3341,30.0000,24.7891,9.1388,3.3659,29.4867,0.0374,0.1214,0.0329,0.1584
K2MnGaSe3Br3,1.2359,-1.3097,1.3857,30.0000,24.9852,8.7670,5.0327,29.5575,0.0374,0.1134,0.0331,0.1129
K2SnGaSe3F3,1.5503,-2.0574,1.7294,30.0000,24.8292,5.7890,15.7114,29.3690,0.0374,0.0445,0.0332,0.0488
K2GeBiSe3I3,1.4110,-0.9739,3.9255,30.0000,25.3212,6.6242,14.4895,29.5104,0.0374,0.0718,0.0333,0.0518
Na2NbMnSe3Cl3,1.2100,-1.4140,0.2759,30.0000,24.7252,9.0525,3.6449,29.4190,0.0374,0.1184,0.0330,0.1483
Na2MnInO3Cl3,1.5243,-1.8285,2.1643,30.0000,24.8838,5.8827,15.9010,29.4404,0.0374,0.0504,0.0333,0.0486
K2MoFeS3Br3,1.1951,-1.2661,0.1517,30.0000,24.6572,9.1698,3.2429,29.3444,0.0374,0.1202,0.0331,0.1683
Na2WBiO3Br3,1.5787,-1.4162,0.1825,30.0000,24.4892,5.6259,15.7219,29.2308,0.0374,0.0379,0.0331,0.0482
Na2NbFeS3Br3,1.2064,-1.2494,0.1052,30.0000,24.7009,9.0524,3.7133,29.5365,0.0374,0.1167,0.0330,0.1471
Na2VTaSe6,1.2044,-1.1866,0.7536,30.0000,24.8913,9.0636,3.9753,29.4703,0.0374,0.1170,0.0330,0.1380
K2TiWS6,1.5864,-1.4891,0.1495,30.0000,24.4444,5.6518,15.7462,29.3325,0.0374,0.0384,0.0330,0.0483
K2TiInS3I3,1.5389,-1.3578,1.5036,30.0000,24.8473,5.7842,15.6295,29.3274,0.0374,0.0433,0.0333,0.0490
K2TaZnS3I3,1.5787,-1.2333,0.7652,30.0000,24.5471,5.6149,15.6772,29.2565,0.0374,0.0383,0.0331,0.0487
Na2NbMnSe3Br3,1.2004,-1.3363,0.2322,30.0000,24.7377,9.1584,3.4079,29.4547,0.0374,0.1199,0.0330,0.1540
K2NbZnO3I3,1.5784,-1.7805,0.4738,30.0000,24.5260,5.7469,15.4228,29.2899,0.0374,0.0393,0.0331,0.0488
Na2SnFeO3Se3,1.5737,-1.3676,0.2803,30.0000,24.5403,5.8021,15.5801,29.2985,0.0374,0.0429,0.0331,0.0487
Na2ZrCrO3I3,1.5733,-2.0086,0.4649,30.0000,24.5591,5.6687,15.8880,29.2965,0.0374,0.0407,0.0331,0.0484
K2GeSbSe3I3,1.4101,-0.9356,4.2925,30.0000,25.3957,6.5420,14.8246,29.5337,0.0374,0.0700,0.0335,0.0512
Na2MnSbS3I3,1.2065,-0.8828,0.4671,30.0000,24.8196,9.0786,3.8040,29.4989,0.0374,0.1191,0.0330,0.1428
Na2ZrGaSe3I3,1.5402,-1.3021,1.4639,30.0000,24.6994,5.7982,15.7347,29.3157,0.0374,0.0454,0.0332,0.0486
K2NbCuO3F3,1.5985,-2.6183,0.1715,30.0000,24.3904,5.5735,15.7344,29.2267,0.0374,0.0373,0.0331,0.0482
K2TiFeSe3Br3,1.2002,-1.4531,0.1894,30.0000,24.7576,9.2055,3.3706,29.4727,0.0374,0.1193,0.0330,0.1567
K2VCuS3Br3,1.1984,-1.2974,0.0987,30.0000,24.7135,9.1121,3.6886,29.4565,0.0374,0.1183,0.0330,0.1449
Na2TaCuSe3Br3,1.2059,-1.2128,0.5928,30.0000,24.7552,9.0230,3.9321,29.5255,0.0374,0.1172,0.0330,0.1404
Na2VCuS3Br3,1.1969,-1.1957,0.0897,30.0000,24.7060,9.2505,3.1598,29.4196,0.0374,0.1219,0.0330,0.1711
K2SnVS3Br3,1.1793,-1.3565,0.1380,30.0000,24.6392,9.4382,2.4531,29.4375,0.0374,0.1273,0.0329,0.2152
K2MoInSe3I3,1.2284,-1.0478,1.3661,30.0000,24.9339,8.8868,4.5048,29.4789,0.0374,0.1145,0.0331,0.1247
Na2MnGaS3I3,1.2278,-1.0069,1.6838,30.0000,24.9360,8.9334,4.1634,29.5893,0.0374,0.1166,0.0331,0.1331
K2NbTaO6,1.5580,-2.9506,0.8563,30.0000,24.6232,5.7673,15.7465,29.2612,0.0374,0.0417,0.0331,0.0485
Na2WAgS3I3,1.5379,-0.9329,2.1552,30.0000,24.8460,5.8497,15.7037,29.3800,0.0374,0.0459,0.0333,0.0492
K2TiFeO3Br3,1.6013,-2.0305,0.0431,30.0000,24.3676,5.6900,15.5516,29.2400,0.0374,0.0376,0.0331,0.0488
K2ZrGaS3I3,1.5526,-1.3787,1.5581,30.0000,24.7328,5.6824,15.8148,29.3441,0.0374,0.0415,0.0332,0.0487
Na2ZrCrS3I3,1.1920,-1.3312,0.4394,30.0000,24.6860,9.1727,3.4102,29.4094,0.0374,0.1219,0.0330,0.1591
Na2VMnSe3I3,1.2106,-1.1622,0.5102,30.0000,24.7055,9.0971,3.5608,29.4408,0.0374,0.1185,0.0330,0.1511
K2TiSbSe3Br3,1.1951,-1.4559,0.2488,30.0000,24.5857,9.2738,2.9608,29.4228,0.0374,0.1210,0.0329,0.1775
Na2ZrFeO3Cl3,1.5863,-2.0907,0.0592,30.0000,24.3992,5.6014,15.7798,29.2138,0.0374,0.0360,0.0331,0.0484
K2CuZnCl3I3,1.1781,-1.2572,0.4062,30.0000,24.6394,9.2829,2.9093,29.4648,0.0374,0.1245,0.0330,0.1847
K2SnGaO3Br3,1.5523,-1.6051,1.5728,30.0000,24.7439,5.7205,15.8088,29.2558,0.0374,0.0433,0.0332,0.0485
K2ZrFeO3Br3,1.5903,-2.0517,0.0695,30.0000,24.4200,5.5386,15.8720,29.0959,0.0374,0.0370,0.0332,0.0484
K2ZrCrO3Cl3,1.5940,-2.2124,0.0852,30.0000,24.3922,5.6135,15.5536,29.1897,0.0374,0.0372,0.0332,0.0486
Na2MoFeSe3I3,1.2040,-0.9463,0.5306,30.0000,24.6605,9.0513,3.9152,29.4805,0.0374,0.1173,0.0329,0.1421
K2ZrSbSe3Cl3,1.5960,-1.6614,0.2966,30.0000,24.3872,5.6649,15.6701,29.2391,0.0375,0.0401,0.0332,0.0487
Na2ZrGaSe3Cl3,1.5756,-1.5968,1.7160,30.0000,24.6646,5.6111,15.9238,29.3488,0.0375,0.0379,0.0332,0.0486
Li2MoWO3Se3,1.5916,-1.5243,0.3836,30.0000,24.4362,5.6264,15.6970,29.1644,0.0375,0.0378,0.0331,0.0487
K2SnCuS3Se3,1.1809,-0.9078,0.2728,30.0000,24.6654,9.3985,2.7010,29.4260,0.0375,0.1240,0.0330,0.1967
K2WBiO3I3,1.5898,-1.4285,0.4398,30.0000,24.4158,5.6884,15.5769,29.1651,0.0375,0.0362,0.0331,0.0489
K2MoFeSe3F3,1.5969,-2.0573,0.3395,30.0000,24.4051,5.6479,15.3884,29.1702,0.0375,0.0347,0.0332,0.0490
Na2GeSbSe3I3,1.3869,-0.8202,4.4448,30.0000,25.3888,6.8699,13.9728,29.5941,0.0375,0.0763,0.0334,0.0533
K2NbFeO3Br3,1.6043,-2.0144,0.1128,30.0000,24.2000,5.6550,15.4424,29.1476,0.0375,0.0356,0.0331,0.0491
K2TaZnO3Cl3,1.5883,-2.0849,0.7203,30.0000,24.4695,5.5661,15.7124,29.2063,0.0375,0.0360,0.0332,0.0483
Na2VCuS3I3,1.1815,-1.0337,0.4706,30.0000,24.6757,9.3355,2.7742,29.4329,0.0375,0.1245,0.0331,0.1904
K2MoFeS3I3,1.1816,-1.0741,0.4828,30.0000,24.6628,9.2883,2.9833,29.4520,0.0375,0.1224,0.0330,0.1800
Na2MoFeO3Br3,1.5819,-1.5554,0.1499,30.0000,24.3711,5.6794,15.5386,29.2317,0.0375,0.0345,0.0331,0.0485
K2CrMoO3Se3,1.5945,-1.6214,0.3536,30.0000,24.3834,5.6199,15.5281,29.1869,0.0375,0.0375,0.0331,0.0488
K2SnSbO3I3,1.6042,-1.2955,0.4868,30.0000,24.3439,5.6515,15.3983,29.2075,0.0375,0.0339,0.0331,0.0491
K2GeWSe6,1.3246,-1.0033,4.5255,30.0000,25.3786,7.6357,10.6510,29.6074,0.0375,0.0923,0.0334,0.0645
K2WGaSe3Br3,1.5684,-1.3425,1.2279,30.0000,24.6170,5.7409,15.7237,29.3635,0.0375,0.0402,0.0332,0.0486
K2ZrCrO3S3,1.5856,-2.0710,0.1011,30.0000,24.3742,5.5818,15.6724,29.0937,0.0375,0.0357,0.0332,0.0485
Na2WGaS3Br3,1.5956,-1.1536,1.3942,30.0000,24.6001,5.6079,15.7802,29.2311,0.0375,0.0373,0.0333,0.0488
Na2ZrGaS3I3,1.5688,-1.3347,1.6203,30.0000,24.6466,5.7063,15.7412,29.3018,0.0375,0.0383,0.0332,0.0489
K2SnGeCl3I3,1.4276,-1.2989,4.8866,30.0000,25.4608,6.3894,15.5349,29.4998,0.0375,0.0629,0.0335,0.0500
K2TaSbS3Se3,1.5834,-1.1199,0.7118,30.0000,24.4790,5.6703,15.5399,29.2972,0.0375,0.0385,0.0331,0.0489
K2SnInO3Br3,1.5868,-1.5710,1.4195,30.0000,24.5794,5.6824,15.7550,29.2770,0.0375,0.0379,0.0332,0.0487
Na2VZnS3I3,1.1811,-1.1353,0.4606,30.0000,24.5851,9.3840,2.6833,29.3803,0.0375,0.1266,0.0330,0.1968
Na2TiCrO3Se3,1.6109,-2.0830,0.2621,30.0000,24.3561,5.4980,15.7152,29.1709,0.0375,0.0312,0.0332,0.0488
Na2TaMnO3Cl3,1.5926,-2.1272,0.7713,30.0000,24.4401,5.5923,15.8821,29.2541,0.0375,0.0345,0.0332,0.0484
Na2WAgO3Cl3,1.5115,-1.5634,3.0225,30.0000,24.9969,5.8577,15.8281,29.4032,0.0375,0.0468,0.0333,0.0489
Li2GeWSe6,1.3760,-0.9475,4.9073,30.0000,25.3227,7.0429,13.3803,29.5482,0.0375,0.0803,0.0335,0.0555
K2FeMnO3I3,1.5919,-1.5776,0.4427,30.0000,24.4379,5.6746,15.4628,29.2292,0.0375,0.0377,0.0332,0.0492
Na2MoFeS3Br3,1.1830,-1.1315,0.1465,30.0000,24.5711,9.3998,2.8846,29.3996,0.0375,0.1235,0.0330,0.1799
Na2VCuSe3I3,1.1974,-0.9595,0.5128,30.0000,24.6765,9.1897,3.2276,29.3974,0.0375,0.1212,0.0330,0.1636
Na2VFeS3I3,1.1828,-1.0607,0.4650,30.0000,24.5905,9.3339,3.0460,29.4078,0.0375,0.1216,0.0330,0.1743
Na2MoAgO3Cl3,1.4714,-1.5795,3.7079,30.0000,25.1208,6.0918,15.8045,29.4474,0.0375,0.0560,0.0334,0.0496
Na2WAgO3F3,1.4902,-2.3080,3.3606,30.0000,25.1177,5.9968,15.7776,29.4724,0.0375,0.0525,0.0334,0.0493
Na2TiMoO3Se3,1.5961,-2.0024,0.3631,30.0000,24.3699,5.5613,15.6482,29.2624,0.0375,0.0284,0.0331,0.0487
Na2ZrGaS3Br3,1.5672,-1.5130,1.5705,30.0000,24.6832,5.7866,15.5691,29.2797,0.0375,0.0434,0.0333,0.0491
Li2WGaSe3Br3,1.6008,-1.1058,1.3248,30.0000,24.4484,5.6084,15.7019,29.2174,0.0375,0.0331,0.0333,0.0491
K2WFeS3I3,1.6060,-1.0744,0.4152,30.0000,24.3342,5.6669,15.3200,29.2378,0.0375,0.0359,0.0332,0.0492
Na2FeMnO3Br3,1.6124,-1.6871,0.0233,30.0000,24.1827,5.6712,15.3564,29.1493,0.0375,0.0344,0.0331,0.0493
Na2SnSbS3Br3,1.6042,-1.0011,0.1705,30.0000,24.2882,5.6230,15.4976,29.2839,0.0375,0.0359,0.0332,0.0492
K2GeSbSe3Br3,1.3861,-1.0972,4.7594,30.0000,25.2980,6.9975,13.2549,29.5508,0.0375,0.0787,0.0336,0.0555
K2ZrWS6,1.6015,-1.4793,0.1659,30.0000,24.2727,5.5892,15.5125,29.1588,0.0375,0.0350,0.0331,0.0490
Na2MoInSe3Br3,1.1924,-1.1512,1.3300,30.0000,24.7762,9.2308,3.2254,29.4560,0.0375,0.1215,0.0331,0.1640
K2MnInO3Cl3,1.5577,-1.8715,2.0100,30.0000,24.7515,5.6996,15.8252,29.4019,0.0375,0.0410,0.0333,0.0488
K2GeZnBr6,1.4033,-1.4184,4.9094,30.0000,25.3845,6.8304,14.1760,29.5717,0.0375,0.0769,0.0335,0.0532
K2ZrFeSe3Br3,1.1701,-1.5674,0.1996,30.0000,24.5423,9.4721,2.5078,29.4659,0.0375,0.1260,0.0329,0.2091
K2VZnSe3Cl3,1.1922,-1.4659,0.2569,30.0000,24.5831,9.2426,3.0547,29.3867,0.0375,0.1225,0.0330,0.1734
Na2SnGaSe3F3,1.5635,-1.8325,1.8204,30.0000,24.6491,5.6317,15.9653,29.2396,0.0375,0.0388,0.0333,0.0486
Na2GeSbSe3Br3,1.3708,-0.9904,4.9626,30.0000,25.4343,7.0104,13.3582,29.5602,0.0375,0.0801,0.0336,0.0553
K2VFeS3I3,1.1787,-1.1803,0.4539,30.0000,24.5250,9.3434,2.9810,29.4738,0.0376,0.1233,0.0330,0.1772
Na2TiFeO3Cl3,1.6262,-2.0880,0.0169,30.0000,24.1215,5.6258,15.2257,29.0649,0.0376,0.0306,0.0331,0.0494
Na2FeMnO3I3,1.6103,-1.5393,0.4540,30.0000,24.2479,5.6435,15.4154,29.2603,0.0376,0.0351,0.0331,0.0492
K2FeMnSe3I3,1.1886,-1.1299,0.4685,30.0000,24.5753,9.2155,3.1537,29.3736,0.0376,0.1214,0.0331,0.1683
K2MoBiO3Br3,1.6145,-1.4722,0.2260,30.0000,24.2353,5.5929,15.3288,29.1521,0.0376,0.0332,0.0332,0.0491
K2TiFeO3Cl3,1.6068,-2.1324,0.0380,30.0000,24.2867,5.6734,15.2552,29.1294,0.0376,0.0354,0.0331,0.0491
K2GeTaSe3I3,1.4599,-1.1783,4.3178,30.0000,25.2040,6.2596,15.4867,29.4754,0.0376,0.0619,0.0334,0.0499
K2MnGaSe3I3,1.2180,-1.1441,1.4589,30.0000,24.7931,8.8974,4.2101,29.4571,0.0376,0.1161,0.0331,0.1312
K2NbMnO3Br3,1.6101,-2.0828,0.1146,30.0000,24.2162,5.6845,15.2643,29.1537,0.0376,0.0368,0.0332,0.0494
Na2CuZnCl3I3,1.1818,-1.1402,0.4144,30.0000,24.5166,9.3163,2.9977,29.4076,0.0376,0.1241,0.0330,0.1771
Na2SnCrO3Se3,1.6008,-1.4792,0.2900,30.0000,24.2815,5.5265,15.6714,29.1102,0.0376,0.0323,0.0332,0.0487
K2SnSbS3I3,1.6102,-0.9760,0.4641,30.0000,24.1906,5.6640,15.2740,29.1569,0.0376,0.0362,0.0332,0.0493
K2WAgS3I3,1.5600,-1.0438,2.0822,30.0000,24.7337,5.7436,15.7822,29.2615,0.0376,0.0456,0.0333,0.0489
Na2WMnSe6,1.1661,-1.0533,0.3470,30.0000,24.5740,9.4810,2.1718,29.3245,0.0376,0.1287,0.0330,0.2364
Na2SnGeBr6,1.3931,-1.2227,4.8017,30.0000,25.2987,6.7377,14.2798,29.5832,0.0376,0.0708,0.0335,0.0527
Na2WGaS3I3,1.5879,-1.0547,1.4700,30.0000,24.5023,5.6559,15.6855,29.3409,0.0376,0.0371,0.0333,0.0490
K2MnGaSe3Cl3,1.2011,-1.4602,1.7104,30.0000,24.8976,9.1985,3.4197,29.5904,0.0376,0.1195,0.0331,0.1546
K2NbSbSe6,1.1694,-1.0282,0.4103,30.0000,24.4727,9.5215,2.4234,29.4512,0.0376,0.1276,0.0330,0.2123
Na2WGaSe3Cl3,1.5855,-1.3133,1.5207,30.0000,24.4558,5.5956,15.8903,29.2614,0.0376,0.0367,0.0332,0.0485
Na2CrWO3F3,1.6198,-2.5808,0.1505,30.0000,24.2101,5.5008,15.4397,29.0580,0.0376,0.0308,0.0332,0.0489
K2VMnO3I3,1.6191,-1.9699,0.4827,30.0000,24.2060,5.5596,15.4266,29.0680,0.0376,0.0338,0.0333,0.0489
K2GeNbS3I3,1.4075,-1.1947,5.1446,30.0000,25.3362,6.7081,14.4053,29.6681,0.0376,0.0710,0.0336,0.0526
Na2CrAgO3I3,1.2489,-1.3069,2.6822,30.0000,25.0396,8.6011,5.8189,29.5571,0.0376,0.1092,0.0333,0.1003
Na2MnGaO6,1.5481,-2.0927,3.0809,30.0000,24.9173,5.7072,15.9362,29.4054,0.0376,0.0450,0.0334,0.0488
Na2MnGaO3Se3,1.5742,-1.4420,2.0327,30.0000,24.6607,5.6139,15.8620,29.1502,0.0376,0.0390,0.0334,0.0485
Li2GeVSe3I3,1.3522,-0.9865,5.0077,30.0000,25.3131,7.3467,11.6018,29.6163,0.0376,0.0843,0.0334,0.0611
Na2AgGaCl3I3,1.2596,-1.1954,3.5430,30.0000,25.1579,8.3655,7.1249,29.4903,0.0376,0.1062,0.0334,0.0875
Na2SnInSe3Br3,1.5808,-1.1572,1.2534,30.0000,24.4696,5.6271,15.7528,29.1866,0.0376,0.0406,0.0333,0.0486
K2SnGaSe3I3,1.5984,-0.9918,1.3931,30.0000,24.4400,5.6178,15.5890,29.1889,0.0376,0.0346,0.0333,0.0491
K2GeNbSe3I3,1.2964,-1.1201,4.4193,30.0000,25.2576,7.8447,9.7186,29.5658,0.0376,0.0977,0.0335,0.0696
Na2VMnSe3Br3,1.1654,-1.3374,0.2182,30.0000,24.3949,9.5630,2.3385,29.4559,0.0376,0.1294,0.0330,0.2236
K2TaMnO3Cl3,1.6077,-2.1909,0.7346,30.0000,24.1959,5.6861,15.2942,29.1482,0.0376,0.0378,0.0333,0.0494
Na2GeZnCl3I3,1.3631,-1.2060,5.4473,30.0000,25.4472,7.0743,12.8427,29.5250,0.0376,0.0777,0.0336,0.0571
Na2AgGaBr3I3,1.2220,-1.1593,2.9920,30.0000,24.9723,8.8624,4.6733,29.5375,0.0376,0.1153,0.0334,0.1234
Na2FeSbO3Cl3,1.6311,-1.7627,0.1524,30.0000,24.1127,5.6174,15.2357,29.1595,0.0376,0.0331,0.0332,0.0495
Na2SnVO3Br3,1.6205,-1.8352,0.1341,30.0000,24.1535,5.6197,15.3781,29.1784,0.0376,0.0317,0.0331,0.0490
K2TaSbO3Se3,1.6077,-1.6930,0.7552,30.0000,24.2985,5.5934,15.5760,29.1885,0.0376,0.0332,0.0332,0.0487
Na2TaMnO3Br3,1.6241,-2.0056,0.6038,30.0000,24.1708,5.5985,15.4377,29.1322,0.0376,0.0364,0.0332,0.0493
Na2MnSbO3Cl3,1.6200,-1.7617,0.1549,30.0000,24.1318,5.5670,15.5710,29.1317,0.0376,0.0338,0.0332,0.0489
K2SnMoS6,1.6270,-1.0648,0.2452,30.0000,24.0199,5.5584,15.2765,29.0136,0.0376,0.0305,0.0333,0.0492
K2SnTaO3Br3,1.6134,-2.0141,0.5805,30.0000,24.2263,5.7050,15.2690,29.1331,0.0376,0.0369,0.0332,0.0494
K2GeTaSe3Br3,1.3239,-1.3552,4.7549,30.0000,25.3211,7.6374,10.5040,29.5314,0.0376,0.0950,0.0336,0.0656
Na2GeNbSe3I3,1.3071,-1.0098,4.5818,30.0000,25.2666,7.9110,9.2365,29.5686,0.0376,0.0985,0.0335,0.0717
Na2MnGaSe6,1.1920,-0.9557,1.5989,30.0000,24.7161,9.2948,3.0664,29.4836,0.0376,0.1235,0.0331,0.1766
Na2GeNbS3I3,1.4074,-1.0529,5.3743,30.0000,25.3993,6.5201,15.1811,29.5746,0.0376,0.0676,0.0336,0.0510
Na2MnGaO3Cl3,1.5624,-1.7809,2.5291,30.0000,24.6303,5.6677,15.7693,29.3428,0.0376,0.0433,0.0334,0.0490
K2CrMoSe3Br3,1.1756,-1.2909,0.2684,30.0000,24.4554,9.3659,2.8762,29.4004,0.0376,0.1231,0.0330,0.1836
K2SnCrO3Br3,1.6334,-1.6480,0.1054,30.0000,24.0826,5.5252,15.3219,29.0722,0.0376,0.0274,0.0332,0.0492
K2SnCrO3Se3,1.6269,-1.5084,0.2868,30.0000,24.1225,5.6874,15.0531,29.0928,0.0376,0.0331,0.0332,0.0497
Na2SnGeCl3I3,1.4066,-1.1769,5.0934,30.0000,25.2269,6.7080,14.4200,29.4760,0.0376,0.0728,0.0336,0.0527
Na2CrWO3Se3,1.6165,-1.5974,0.2854,30.0000,24.1061,5.5481,15.3195,29.1036,0.0376,0.0317,0.0332,0.0493
K2GeZnBr3I3,1.2909,-1.2227,4.3874,30.0000,25.2708,7.9417,8.9769,29.5470,0.0376,0.0980,0.0334,0.0735
Na2MoInSe3I3,1.1831,-0.9588,1.4077,30.0000,24.6232,9.3483,2.8317,29.4666,0.0376,0.1258,0.0332,0.1822
K2ZrCrO3Br3,1.6195,-2.0886,0.0775,30.0000,24.1540,5.5813,15.3843,29.1862,0.0377,0.0317,0.0331,0.0490
Na2ZrSbSe3Cl3,1.6221,-1.5274,0.2998,30.0000,24.1511,5.6397,15.1881,29.1285,0.0377,0.0303,0.0331,0.0493
K2TiGaS3I3,1.5933,-1.3454,1.6356,30.0000,24.3806,5.5986,15.5875,29.2660,0.0377,0.0357,0.0334,0.0490
Na2TiCrO3I3,1.6238,-2.0158,0.4732,30.0000,24.1903,5.5858,15.4102,29.1376,0.0377,0.0332,0.0331,0.0490
K2FeMnO3Cl3,1.6183,-1.7297,0.0307,30.0000,24.0867,5.5744,15.4216,29.0290,0.0377,0.0341,0.0332,0.0489
K2MoSbSe3Cl3,1.1651,-1.2199,0.3644,30.0000,24.4600,9.5645,2.1065,29.4937,0.0377,0.1292,0.0330,0.2422
Na2TiInO3I3,1.5952,-2.0362,1.6728,30.0000,24.4737,5.6093,15.8014,29.2339,0.0377,0.0388,0.0333,0.0486
K2VFeO3I3,1.6159,-1.7694,0.4807,30.0000,24.2089,5.5749,15.4060,29.0748,0.0377,0.0340,0.0333,0.0491
K2CrMnO3Br3,1.6265,-1.7490,0.0460,30.0000,24.0410,5.5752,15.3827,29.1271,0.0377,0.0316,0.0332,0.0491
Na2TaSbS6,1.6105,-1.1048,0.7421,30.0000,24.2023,5.6113,15.5086,29.2379,0.0377,0.0348,0.0332,0.0493
Na2WMnO3Se3,1.6284,-1.5698,0.2787,30.0000,24.0958,5.5950,15.2939,29.1401,0.0377,0.0315,0.0331,0.0491
Na2GeTaSe3Br3,1.4478,-1.2767,4.9424,30.0000,25.1738,6.4378,15.1210,29.4351,0.0377,0.0659,0.0336,0.0514
K2WGaSe3I3,1.6039,-1.0508,1.3146,30.0000,24.2926,5.6774,15.4626,29.1939,0.0377,0.0354,0.0333,0.0494
K2MnSbO3S3,1.6239,-1.6276,0.1780,30.0000,24.0628,5.5708,15.3336,29.0929,0.0377,0.0336,0.0332,0.0492
Na2GeTaSe3I3,1.4887,-1.0113,4.4611,30.0000,24.9872,6.1135,15.5461,29.3931,0.0377,0.0558,0.0336,0.0498
K2TaMnO3I3,1.6165,-2.0206,0.8172,30.0000,24.2393,5.5569,15.4429,29.0970,0.0377,0.0324,0.0332,0.0490
Na2SnTaO3Br3,1.6285,-2.0037,0.5980,30.0000,24.1423,5.5657,15.3280,29.0773,0.0377,0.0327,0.0332,0.0493
K2NbTaS6,1.6088,-1.4350,0.7247,30.0000,24.2386,5.5831,15.4781,29.1825,0.0377,0.0351,0.0333,0.0489
Na2GeSbS3I3,1.4640,-0.8388,5.1785,30.0000,25.2532,6.1494,15.7207,29.4301,0.0377,0.0590,0.0336,0.0500
Li2GeVS3I3,1.3738,-1.0434,5.9932,30.0000,25.4663,7.0542,13.3748,29.6460,0.0377,0.0834,0.0336,0.0554
Na2MnSbBr3I3,1.1574,-1.1542,0.3905,30.0000,24.4004,9.5784,2.1745,29.3365,0.0377,0.1301,0.0331,0.2308
Na2SnMnI6,1.1750,-1.0422,0.5757,30.0000,24.5120,9.3474,2.9348,29.4083,0.0377,0.1234,0.0331,0.1789
K2GeFeO3I3,1.3408,-1.4016,5.7621,30.0000,25.3474,7.3765,11.6927,29.5335,0.0377,0.0875,0.0337,0.0607
K2SnCrO3I3,1.6355,-1.4993,0.4605,30.0000,23.9914,5.6140,15.3654,29.1819,0.0377,0.0333,0.0332,0.0492
Na2MoMnO3Se3,1.6374,-1.5592,0.3531,30.0000,24.0699,5.5614,15.4703,29.0447,0.0377,0.0314,0.0332,0.0493
K2SnMnO3S3,1.6294,-1.7969,0.1291,30.0000,24.0977,5.5640,15.4351,29.1455,0.0377,0.0317,0.0332,0.0489
K2AgGaCl3I3,1.2475,-1.3172,3.3996,30.0000,25.0364,8.6976,5.3194,29.4781,0.0377,0.1144,0.0334,0.1100
Li2WGaSe3Cl3,1.6043,-1.2531,1.6018,30.0000,24.2928,5.5665,15.5128,29.2204,0.0377,0.0337,0.0333,0.0490
K2GeVSe3I3,1.2507,-1.0691,4.6230,30.0000,25.1935,8.4537,6.5826,29.4758,0.0377,0.1117,0.0335,0.0922
K2MnInSe3I3,1.1799,-1.1539,1.3587,30.0000,24.5379,9.3597,2.8502,29.4852,0.0377,0.1252,0.0332,0.1888
K2MoSbSe3Br3,1.1583,-1.1194,0.3112,30.0000,24.3830,9.6646,1.9718,29.3836,0.0377,0.1324,0.0330,0.2623
Na2MoFeO3I3,1.6302,-1.4727,0.5239,30.0000,24.0670,5.4967,15.5707,29.1069,0.0377,0.0314,0.0332,0.0489
K2SnGeF3I3,1.3539,-1.9903,5.2283,30.0000,25.3060,7.1835,12.5963,29.5571,0.0377,0.0835,0.0336,0.0577
Na2SnFeO3Cl3,1.6367,-1.7098,0.1005,30.0000,24.0998,5.5619,15.3167,29.0916,0.0377,0.0301,0.0332,0.0492
K2MoFeO3Cl3,1.6278,-1.7343,0.1898,30.0000,23.9727,5.6014,15.2545,29.0507,0.0377,0.0298,0.0333,0.0493
Na2MoSbO3F3,1.6291,-2.3174,0.3290,30.0000,24.0454,5.5658,15.1056,29.0264,0.0377,0.0304,0.0332,0.0495
Li2MoGaS3I3,1.5987,-0.9823,1.7571,30.0000,24.4493,5.6195,15.5795,29.2237,0.0377,0.0359,0.0333,0.0492
K2GeFeF3I3,1.3268,-1.9837,5.6831,30.0000,25.2935,7.3984,11.5759,29.5338,0.0377,0.0851,0.0336,0.0614
Na2ZrCrO3Br3,1.6327,-2.0537,0.0667,30.0000,24.0100,5.6314,15.2342,29.0841,0.0377,0.0328,0.0333,0.0494
Na2SnGeF3I3,1.3225,-1.8215,5.4665,30.0000,25.2994,7.6941,9.9338,29.5240,0.0377,0.0935,0.0336,0.0686
Na2WInS3I3,1.6052,-1.0492,1.3638,30.0000,24.3153,5.6023,15.4857,29.1632,0.0377,0.0326,0.0334,0.0493
K2WInS3I3,1.6102,-1.1167,1.3213,30.0000,24.2597,5.5552,15.5889,29.1615,0.0377,0.0358,0.0333,0.0490
K2GeNbSe3Br3,1.2849,-1.3536,4.9297,30.0000,25.1847,8.1489,8.1431,29.5387,0.0377,0.1025,0.0335,0.0791
Na2GeFeF3I3,1.3615,-1.9169,5.9697,30.0000,25.3496,7.1676,12.7586,29.5337,0.0377,0.0843,0.0337,0.0575
Na2GeWSe6,1.2909,-0.9547,4.7035,30.0000,25.2259,7.9516,8.8358,29.5181,0.0377,0.0976,0.0336,0.0742
Na2SnVO3I3,1.6434,-1.7238,0.5012,30.0000,24.0144,5.5523,15.1920,29.0131,0.0377,0.0277,0.0333,0.0495
K2TiCrSe3Br3,1.1692,-1.5832,0.1963,30.0000,24.3308,9.5759,2.3188,29.3481,0.0378,0.1281,0.0331,0.2250
K2FeMnSe3Br3,1.1662,-1.2961,0.1839,30.0000,24.4213,9.6005,2.3154,29.4068,0.0378,0.1284,0.0330,0.2208
K2MoGaSe3F3,1.5919,-2.0267,1.8539,30.0000,24.3834,5.7088,15.4743,29.2015,0.0378,0.0377,0.0333,0.0496
K2NbCuS3I3,1.1691,-1.1295,0.4583,30.0000,24.4060,9.5028,2.3482,29.3517,0.0378,0.1287,0.0331,0.2196
K2GeZnCl3I3,1.4752,-1.3515,5.2086,30.0000,25.1296,6.1813,15.5613,29.4710,0.0378,0.0598,0.0336,0.0504
Na2GeBiSe3I3,1.5362,-0.8443,4.0512,30.0000,24.8576,5.7639,15.9622,29.3770,0.0378,0.0431,0.0336,0.0490
K2CrWO3I3,1.6429,-1.5653,0.4420,30.0000,23.8302,5.6008,15.1199,29.0609,0.0378,0.0291,0.0333,0.0497
Na2GeZnF3I3,1.4494,-1.9900,5.8805,30.0000,25.2070,6.3898,15.0784,29.5032,0.0378,0.0644,0.0337,0.0514
Na2GeZnBr6,1.2868,-1.2821,5.1363,30.0000,25.2668,8.0185,8.6261,29.5288,0.0378,0.1011,0.0336,0.0759
Na2MnSbO3S3,1.6397,-1.5652,0.1727,30.0000,23.9227,5.6179,15.2213,29.0184,0.0378,0.0307,0.0332,0.0496
K2ZrInS3I3,1.6100,-1.3993,1.4382,30.0000,24.2874,5.6545,15.4403,29.1738,0.0378,0.0363,0.0333,0.0494
Na2VCuSe3Br3,1.1588,-1.2130,0.2253,30.0000,24.2980,9.6102,2.2513,29.3356,0.0378,0.1290,0.0330,0.2300
Na2WGaSe3I3,1.6117,-1.0115,1.3525,30.0000,24.3099,5.6170,15.5501,29.1341,0.0378,0.0352,0.0334,0.0492
Na2NbFeO3Br3,1.6499,-1.9436,0.1044,30.0000,23.9432,5.6018,15.0449,29.0342,0.0378,0.0274,0.0332,0.0496
Na2SnSbSe3Cl3,1.6399,-1.1045,0.3139,30.0000,23.8946,5.5451,15.1752,28.8792,0.0378,0.0306,0.0333,0.0496
K2MnBiS3I3,1.1638,-1.0438,0.4274,30.0000,24.4002,9.5684,2.2232,29.4015,0.0378,0.1290,0.0330,0.2310
Na2VFeSe3Cl3,1.1481,-1.3710,0.2598,30.0000,24.2232,9.7878,1.5858,29.3011,0.0378,0.1362,0.0331,0.3193
K2ZrFeO3Cl3,1.6418,-2.1420,0.0743,30.0000,23.8769,5.6173,15.0662,29.0630,0.0378,0.0317,0.0332,0.0498
Na2GeFeO3I3,1.4169,-1.4018,6.0572,30.0000,25.3339,6.6901,14.1580,29.5422,0.0378,0.0719,0.0338,0.0531
Na2SnGaSe3Br3,1.6189,-1.1704,1.3624,30.0000,24.1600,5.5827,15.4218,29.0864,0.0378,0.0355,0.0334,0.0494
Na2GeCrO3I3,1.4676,-1.4122,6.1024,30.0000,25.2713,6.1983,15.6269,29.5414,0.0378,0.0594,0.0338,0.0506
K2SnGeBr6,1.2441,-1.3975,4.6054,30.0000,25.1686,8.6251,5.7042,29.4969,0.0378,0.1135,0.0335,0.1063
Na2VFeO3Cl3,1.6451,-1.9631,0.0795,30.0000,23.8322,5.5641,15.2955,29.0260,0.0378,0.0288,0.0333,0.0493
Na2ZrFeS3I3,1.1574,-1.2975,0.4313,30.0000,24.2575,9.6229,2.1304,29.3393,0.0378,0.1298,0.0331,0.2441
Na2CrMoSe6,1.1585,-1.0690,0.4156,30.0000,24.2944,9.6220,2.0450,29.3114,0.0378,0.1303,0.0330,0.2500
K2SnBiO3I3,1.6408,-1.3117,0.4546,30.0000,23.8962,5.5733,15.3156,29.0971,0.0378,0.0300,0.0333,0.0492
Na2MoBiO3Br3,1.6433,-1.3827,0.2254,30.0000,23.9177,5.5929,15.2169,29.0064,0.0378,0.0338,0.0332,0.0493
K2GeMoS3Se3,1.3584,-1.0213,6.1583,30.0000,25.3856,7.1261,12.7042,29.4794,0.0378,0.0820,0.0337,0.0570
K2GeTaS3Br3,1.4850,-1.3758,5.6085,30.0000,25.1884,5.9819,15.9240,29.4681,0.0378,0.0531,0.0338,0.0496
K2VZnSe3I3,1.1586,-1.1715,0.4939,30.0000,24.3220,9.6764,1.9355,29.4192,0.0378,0.1316,0.0331,0.2675
K2SnInSe3Br3,1.6140,-1.2342,1.2119,30.0000,24.1524,5.5951,15.5247,29.0787,0.0378,0.0345,0.0334,0.0493
K2VFeSe3Cl3,1.1434,-1.5288,0.2584,30.0000,24.2954,9.7611,1.8974,29.2941,0.0378,0.1329,0.0331,0.2744
K2ZrInO3I3,1.6116,-2.0212,1.5278,30.0000,24.2060,5.5524,15.3988,29.1724,0.0378,0.0326,0.0334,0.0494
K2WMnO3Se3,1.6430,-1.5985,0.2765,30.0000,23.8562,5.4791,15.3455,29.0527,0.0378,0.0296,0.0333,0.0492
K2SnSbSe3Cl3,1.6486,-1.1494,0.3102,30.0000,23.8949,5.5590,15.2455,28.9911,0.0378,0.0314,0.0333,0.0497
K2TaFeS3I3,1.6279,-1.2240,0.7724,30.0000,23.9929,5.6169,15.2899,29.0928,0.0378,0.0324,0.0333,0.0497
K2SnGaO3I3,1.5987,-1.4433,1.6213,30.0000,24.2630,5.6230,15.3753,29.1626,0.0378,0.0340,0.0334,0.0494
Na2AgGaI6,1.2032,-0.9323,2.8231,30.0000,24.7810,9.1280,3.3801,29.5217,0.0378,0.1229,0.0333,0.1626
Na2VFeSe3Br3,1.1513,-1.2811,0.2166,30.0000,24.2653,9.7953,1.6661,29.4276,0.0378,0.1358,0.0330,0.3016
K2CrMnO3I3,1.6565,-1.6489,0.4517,30.0000,23.8172,5.5664,15.1203,29.0018,0.0378,0.0309,0.0333,0.0498
K2GeNbSe3Cl3,1.3146,-1.4782,6.0369,30.0000,25.2926,7.7746,9.7567,29.5150,0.0378,0.0958,0.0337,0.0689
K2AgGaF3I3,1.2094,-1.9861,3.6423,30.0000,24.8893,9.1629,3.2514,29.5118,0.0378,0.1242,0.0334,0.1680
K2ZrGaSe3F3,1.6030,-2.3003,1.7864,30.0000,24.2739,5.6251,15.4378,29.0686,0.0378,0.0366,0.0334,0.0496
Na2SnMoS6,1.6502,-1.0489,0.2457,30.0000,23.8749,5.4807,15.4023,29.0568,0.0378,0.0276,0.0333,0.0492
K2GeMnF3I3,1.4780,-2.0612,5.6924,30.0000,25.1042,6.0876,15.7432,29.4838,0.0379,0.0571,0.0337,0.0500
Na2SnGeBr3I3,1.2543,-1.1482,4.3102,30.0000,25.0551,8.5593,5.9421,29.4855,0.0379,0.1111,0.0335,0.1030
K2TiCrSe3I3,1.1520,-1.2906,0.4826,30.0000,24.2454,9.6769,1.9011,29.3716,0.0379,0.1324,0.0331,0.2709
Na2GeInSe3I3,1.5080,-0.9312,5.3536,30.0000,25.0500,5.9266,15.7881,29.3744,0.0379,0.0534,0.0337,0.0497
Na2GeMoS3Se3,1.3377,-0.9421,6.5066,30.0000,25.3517,7.4614,11.2743,29.5908,0.0379,0.0911,0.0337,0.0626
Na2AgInI6,1.1775,-0.9940,2.6792,30.0000,24.6574,9.4666,2.4188,29.4309,0.0379,0.1295,0.0333,0.2195
K2GeCuS3Se3,1.3251,-0.8561,6.4203,30.0000,25.3890,7.5417,10.7812,29.6062,0.0379,0.0905,0.0337,0.0636
K2VZnO3I3,1.6351,-1.6566,0.4760,30.0000,23.9659,5.6071,15.3400,29.0297,0.0379,0.0326,0.0333,0.0494
Na2ZrFeSe3I3,1.1653,-1.2521,0.4786,30.0000,24.3046,9.5778,2.2303,29.3520,0.0379,0.1298,0.0331,0.2296
K2SnInS3I3,1.6327,-1.0550,1.4098,30.0000,24.0356,5.6765,14.9531,29.1154,0.0379,0.0300,0.0334,0.0503
K2TaFeO3Cl3,1.6345,-2.1432,0.7314,30.0000,23.9799,5.5983,15.2072,29.0580,0.0379,0.0321,0.0333,0.0498
Na2GeMnS3Se3,1.3988,-0.9846,6.9100,30.0000,25.3578,6.8147,13.8945,29.5001,0.0379,0.0750,0.0338,0.0540
K2SnCuO3Se3,1.1498,-1.3099,0.2870,30.0000,24.1305,9.6966,1.8837,29.3288,0.0379,0.1329,0.0331,0.2707
K2GeVSe3F3,1.4066,-2.1295,7.1129,30.0000,25.3297,6.7112,14.4964,29.5820,0.0379,0.0734,0.0339,0.0534
Na2ZrMoO3Se3,1.6588,-1.9950,0.3625,30.0000,23.8292,5.5339,15.0420,29.0338,0.0379,0.0249,0.0333,0.0499
Na2MnCuBr3I3,1.1474,-1.1241,0.3579,30.0000,24.0841,9.8141,1.6305,29.3428,0.0379,0.1354,0.0330,0.3120
K2GeCrS3Se3,1.4086,-1.0600,6.5523,30.0000,25.3476,6.6411,14.6323,29.5660,0.0379,0.0709,0.0337,0.0528
Na2ZrBiO3Br3,1.6644,-1.9747,0.1565,30.0000,23.7899,5.6013,14.8013,29.0076,0.0379,0.0263,0.0334,0.0501
K2MoFeSe3I3,1.1508,-1.0236,0.5195,30.0000,24.1631,9.7564,1.9131,29.3002,0.0379,0.1322,0.0331,0.2666
K2MnInSe6,1.1559,-1.0723,1.4092,30.0000,24.2773,9.6682,1.9578,29.2623,0.0379,0.1352,0.0332,0.2735
K2NbZnO3Br3,1.6544,-1.8725,0.1139,30.0000,23.8296,5.5862,15.1770,29.0163,0.0379,0.0289,0.0333,0.0496
Na2ZrGaO3I3,1.6278,-2.0395,1.7346,30.0000,24.1181,5.6732,15.0899,29.1090,0.0379,0.0343,0.0334,0.0500
Na2GeCrS3Se3,1.4314,-1.0242,6.9563,30.0000,25.2798,6.4811,15.0537,29.5359,0.0379,0.0660,0.0339,0.0521
K2WGaSe3F3,1.6281,-2.0276,1.5753,30.0000,24.0497,5.5520,15.4321,29.0914,0.0379,0.0335,0.0334,0.0493
K2WInSe3Br3,1.6228,-1.3474,1.1385,30.0000,24.0315,5.6566,15.2793,29.0802,0.0379,0.0337,0.0333,0.0499
Na2GeFeO3Br3,1.4170,-1.5063,7.3523,30.0000,25.3953,6.5344,15.1874,29.5585,0.0379,0.0722,0.0339,0.0518
K2TiCrO3Br3,1.6581,-2.1146,0.0516,30.0000,23.7296,5.5658,15.0356,28.9018,0.0379,0.0291,0.0333,0.0498
K2FeMnO3F3,1.6566,-2.4062,0.0374,30.0000,23.7008,5.6544,14.9241,29.0419,0.0379,0.0290,0.0332,0.0499
K2CrWO3Se3,1.6411,-1.6502,0.2828,30.0000,23.7916,5.6137,15.1975,29.0443,0.0379,0.0299,0.0333,0.0496
Na2GeNbS3Br3,1.2984,-1.2337,6.2919,30.0000,25.2501,7.8449,9.5785,29.5798,0.0379,0.0975,0.0337,0.0702
K2SnFeO3Cl3,1.6642,-1.8002,0.1114,30.0000,23.6079,5.5530,14.9604,28.9730,0.0379,0.0262,0.0333,0.0498
Li2GeNbSe3Cl3,1.4322,-1.2731,6.7666,30.0000,25.3124,6.3962,15.3919,29.5029,0.0379,0.0656,0.0337,0.0513
K2GeZnF3I3,1.4991,-2.0815,5.6025,30.0000,25.0377,6.0307,15.7170,29.4704,0.0379,0.0535,0.0338,0.0499
K2VMnO3Cl3,1.6638,-2.0701,0.0972,30.0000,23.6810,5.5871,14.9679,28.9657,0.0379,0.0277,0.0333,0.0498
Na2GeMnBr6,1.2548,-1.3225,5.2173,30.0000,25.1392,8.4963,6.2797,29.5182,0.0379,0.1113,0.0336,0.0974
K2AgGaBr3I3,1.1928,-1.1947,2.8907,30.0000,24.7388,9.2849,3.1510,29.4931,0.0379,0.1247,0.0334,0.1708
Na2VFeSe3I3,1.1334,-1.0388,0.5086,30.0000,24.1641,9.8646,1.6404,29.2718,0.0379,0.1369,0.0331,0.3048
Na2GeVSe3F3,1.3746,-2.0778,7.5908,30.0000,25.3075,7.0863,13.2589,29.5473,0.0379,0.0822,0.0338,0.0566
Li2GeNbS3Br3,1.2939,-1.2502,6.6852,30.0000,25.3893,8.0229,8.6437,29.5860,0.0379,0.1034,0.0338,0.0765
Na2GeGaSe3I3,1.5015,-0.9372,5.6792,30.0000,25.0547,5.8503,16.0824,29.4170,0.0379,0.0503,0.0337,0.0492
K2WMnS6,1.6578,-1.2268,0.1430,30.0000,23.7310,5.5638,15.1222,28.9802,0.0379,0.0274,0.0333,0.0495
Na2GeNbSe3Cl3,1.3177,-1.2963,6.3737,30.0000,25.2674,7.6783,10.1654,29.5976,0.0379,0.0926,0.0337,0.0669
K2FeMnS3I3,1.1456,-1.1397,0.4188,30.0000,24.1932,9.7350,1.8942,29.3614,0.0379,0.1322,0.0332,0.2656
Na2GeTaS3I3,1.5306,-1.1104,5.1419,30.0000,24.9030,5.8117,15.8907,29.3542,0.0379,0.0448,0.0337,0.0495
Na2GeZnBr3I3,1.2408,-1.1412,4.5536,30.0000,24.9680,8.6010,5.6640,29.4735,0.0379,0.1106,0.0335,0.1054
K2ZrMoO3Se3,1.6519,-2.0715,0.3551,30.0000,23.7604,5.6058,15.1746,28.9856,0.0379,0.0322,0.0333,0.0497
K2GeMnO3Se3,1.3488,-1.4264,7.1396,30.0000,25.3875,7.2471,12.3380,29.5116,0.0380,0.0860,0.0339,0.0594
Na2CrMoO3Cl3,1.6618,-1.6816,0.1983,30.0000,23.7441,5.6401,14.8010,28.9959,0.0380,0.0290,0.0333,0.0503
Na2SbZnO3Cl3,1.6531,-1.7537,0.1529,30.0000,23.7510,5.5725,15.1068,28.9476,0.0380,0.0297,0.0332,0.0497
Na2VZnSe3Br3,1.1311,-1.2584,0.2160,30.0000,24.0575,9.8826,1.6022,29.3602,0.0380,0.1360,0.0331,0.3137
Na2TiSbO3I3,1.6473,-1.7681,0.5022,30.0000,23.8002,5.5857,15.1571,29.0185,0.0380,0.0318,0.0334,0.0496
Na2SnGeI6,1.2143,-0.9422,3.9575,30.0000,24.7974,9.0180,3.6383,29.4475,0.0380,0.1191,0.0336,0.1529
Na2MoBiSe3I3,1.1392,-0.9316,0.5202,30.0000,24.0909,9.7298,1.9191,29.3637,0.0380,0.1338,0.0331,0.2644
K2GeCrO3I3,1.5136,-1.4663,5.8032,30.0000,25.0616,5.7938,16.0435,29.3836,0.0380,0.0465,0.0338,0.0493
Na2TaSbSe6,1.1487,-1.0166,0.7290,30.0000,24.2201,9.7551,1.7217,29.3399,0.0380,0.1354,0.0331,0.2989
Na2SnCrSe3Br3,1.1315,-1.1886,0.2212,30.0000,23.9479,9.9144,1.5147,29.3788,0.0380,0.1367,0.0331,0.3343
K2TiBiS3I3,1.6610,-1.3413,0.4339,30.0000,23.8179,5.6491,14.9449,29.0373,0.0380,0.0286,0.0333,0.0501
Na2TiCrO3Br3,1.6589,-2.0333,0.0378,30.0000,23.6287,5.6893,14.8842,29.0463,0.0380,0.0331,0.0332,0.0502
K2ZrMoSe6,1.1374,-1.3443,0.4057,30.0000,24.0687,9.8929,1.6463,29.3491,0.0380,0.1360,0.0331,0.3039
K2MnSbO6,1.6596,-2.0039,0.1869,30.0000,23.7775,5.6310,14.8897,29.0212,0.0380,0.0299,0.0333,0.0502
Na2GeTaS3Br3,1.4778,-1.2718,5.8808,30.0000,25.1341,6.0080,15.7110,29.4403,0.0380,0.0548,0.0337,0.0498
K2TiFeO3I3,1.6435,-1.9542,0.4515,30.0000,23.7172,5.5431,15.2348,29.0165,0.0380,0.0275,0.0333,0.0497
K2NbCuSe3Cl3,1.1381,-1.3862,0.2807,30.0000,23.9841,9.9050,1.4706,29.3784,0.0380,0.1387,0.0331,0.3576
K2AgInBr3I3,1.2040,-1.1844,2.7265,30.0000,24.5412,9.2075,3.2624,29.3666,0.0380,0.1244,0.0334,0.1665
Li2GeTaS3Br3,1.5062,-1.2305,6.1948,30.0000,24.9816,5.9727,15.7234,29.4720,0.0380,0.0524,0.0338,0.0501
Li2GeMoS3Se3,1.4248,-0.9607,6.9132,30.0000,25.3172,6.5211,14.7908,29.4957,0.0380,0.0679,0.0339,0.0523
Na2GeSbO3I3,1.5336,-1.2833,5.5434,30.0000,24.8930,5.8078,15.9623,29.3244,0.0380,0.0499,0.0338,0.0493
K2CrMoSe6,1.1485,-1.1739,0.4074,30.0000,23.9589,9.8657,1.7703,29.3105,0.0380,0.1347,0.0331,0.2848
K2SnCrSe3I3,1.1337,-1.0481,0.4807,30.0000,24.0791,9.8752,1.4137,29.2545,0.0380,0.1395,0.0332,0.3632
K2TiFeSe3I3,1.1451,-1.2703,0.4755,30.0000,24.0980,9.8715,1.5836,29.3714,0.0380,0.1369,0.0332,0.3261
Na2GeCuS3Se3,1.4537,-0.8108,6.8069,30.0000,25.1798,6.3454,15.2650,29.5208,0.0380,0.0626,0.0338,0.0512
Na2TiSbO3Br3,1.6631,-1.9221,0.1354,30.0000,23.5492,5.5355,15.1255,29.0222,0.0380,0.0275,0.0333,0.0495
Na2ZrBiO3I3,1.6525,-1.8953,0.4577,30.0000,23.8244,5.6176,15.0774,28.9151,0.0380,0.0307,0.0334,0.0501
K2TiGaSe3F3,1.6198,-2.3177,1.9131,30.0000,24.1298,5.5157,15.5193,28.9890,0.0380,0.0326,0.0335,0.0494
K2GeSbS3I3,1.5392,-0.9489,4.9661,30.0000,24.7641,5.8573,15.7915,29.3656,0.0380,0.0477,0.0337,0.0497
Na2ZrBiS3I3,1.6720,-1.2492,0.4375,30.0000,23.7185,5.5632,15.0632,28.8830,0.0380,0.0290,0.0334,0.0497
K2GeMnBr6,1.2403,-1.4346,4.9832,30.0000,25.0170,8.6046,6.0578,29.5614,0.0380,0.1120,0.0337,0.1010
Na2CrMoS3I3,1.1304,-1.0455,0.5030,30.0000,23.9250,9.8369,1.6710,29.3080,0.0380,0.1350,0.0331,0.3120
K2MnSbS3I3,1.1210,-1.0058,0.4570,30.0000,23.9835,9.9479,1.4736,29.2538,0.0380,0.1381,0.0332,0.3405
Na2SnZnS3Se3,1.6723,-0.9512,0.2641,30.0000,23.6592,5.6598,14.8734,28.9833,0.0380,0.0295,0.0333,0.0500
Na2WGaS3Cl3,1.6233,-1.2640,1.7496,30.0000,24.0267,5.6355,15.1229,29.0491,0.0380,0.0325,0.0335,0.0497
Na2GeMnCl3I3,1.2474,-1.2596,5.5323,30.0000,24.9776,8.6082,6.0242,29.4543,0.0380,0.1125,0.0337,0.1029
Na2SnTaS3I3,1.6588,-1.0988,0.7776,30.0000,23.6127,5.6022,14.8408,28.9403,0.0380,0.0258,0.0334,0.0502
K2MoWS6,1.6706,-1.1826,0.2457,30.0000,23.6342,5.6473,14.7318,28.9103,0.0380,0.0290,0.0333,0.0505
Na2GeVO3I3,1.4919,-1.6390,6.1442,30.0000,25.0796,6.0835,15.7110,29.4065,0.0380,0.0551,0.0338,0.0502
Na2GeMnF3I3,1.4820,-1.9433,5.9799,30.0000,25.0634,6.0591,15.8358,29.5018,0.0380,0.0560,0.0338,0.0499
Na2SnMoO3Se3,1.6674,-1.4665,0.3756,30.0000,23.6642,5.5422,15.1791,28.9539,0.0381,0.0296,0.0334,0.0497
K2MnCuBr3I3,1.1423,-1.2065,0.3532,30.0000,23.9860,9.8246,1.6243,29.3105,0.0381,0.1363,0.0331,0.3160
K2SbCuO3F3,1.1351,-2.2292,0.1979,30.0000,24.0225,9.8462,1.6520,29.2544,0.0381,0.1363,0.0331,0.3013
K2GeFeO3Br3,1.3302,-1.5501,6.8887,30.0000,25.2759,7.7482,9.7382,29.5566,0.0381,0.0933,0.0339,0.0699
Na2SnSbO3Br3,1.6802,-1.3759,0.1753,30.0000,23.5323,5.6336,14.8427,28.9322,0.0381,0.0299,0.0333,0.0501
Na2TiGaSe3Cl3,1.6269,-1.5962,1.8324,30.0000,24.0431,5.6606,15.1967,29.1469,0.0381,0.0343,0.0334,0.0501
K2SnVSe3Br3,1.1318,-1.4025,0.2479,30.0000,23.8995,9.8875,1.5378,29.2662,0.0381,0.1375,0.0331,0.3278
Na2GeInSe3Br3,1.5346,-1.1690,6.0570,30.0000,24.9904,5.7626,15.9071,29.3855,0.0381,0.0461,0.0338,0.0494
K2WBiO3Br3,1.6737,-1.4587,0.1849,30.0000,23.4455,5.6153,14.8650,28.9377,0.0381,0.0281,0.0333,0.0502
Na2MoWO3S3,1.6639,-1.6098,0.2599,30.0000,23.6645,5.6132,15.0368,28.9300,0.0381,0.0312,0.0333,0.0499
Na2MnInSe3I3,1.1444,-1.0198,1.4021,30.0000,24.1390,9.8379,1.5546,29.3223,0.0381,0.1382,0.0332,0.3254
K2TiGaS3Br3,1.6401,-1.6049,1.5888,30.0000,23.8743,5.6100,15.1768,29.0105,0.0381,0.0316,0.0335,0.0497
K2ZrCrSe3I3,1.1268,-1.3121,0.4760,30.0000,23.9895,9.9478,1.4663,29.3478,0.0381,0.1383,0.0331,0.3418
K2VFeSe3Br3,1.1374,-1.3539,0.2176,30.0000,23.9039,10.0062,1.3032,29.3411,0.0381,0.1405,0.0330,0.3878
Na2ZrCrSe3Br3,1.1320,-1.5103,0.2046,30.0000,23.9396,9.9375,1.5375,29.3149,0.0381,0.1370,0.0331,0.3236
K2SnMnI6,1.1471,-1.1216,0.5650,30.0000,24.1069,9.7923,1.7642,29.3052,0.0381,0.1334,0.0332,0.2885
Na2VNbO3Se3,1.6750,-2.1106,0.3565,30.0000,23.5547,5.5563,14.8695,28.9172,0.0381,0.0273,0.0334,0.0501
Na2GeTaSe3F3,1.5088,-2.1929,6.4523,30.0000,25.0253,5.9511,15.7788,29.4246,0.0381,0.0521,0.0338,0.0502
Na2ZrMoS3Se3,1.1245,-1.2459,0.3412,30.0000,23.9067,9.9535,1.5454,29.3383,0.0381,0.1377,0.0331,0.3313
K2GeTaO3Br3,1.5214,-1.9502,6.0360,30.0000,24.9025,5.8608,15.8288,29.3307,0.0381,0.0507,0.0339,0.0498
Li2GeVSe3Cl3,1.2739,-1.3207,7.3188,30.0000,25.2749,8.0910,8.7690,29.5400,0.0381,0.1056,0.0339,0.0768
K2WFeSe3F3,1.6755,-1.9780,0.2722,30.0000,23.5689,5.6674,14.6693,28.9105,0.0381,0.0258,0.0333,0.0509
K2CrMoS3I3,1.1325,-1.1319,0.4909,30.0000,24.0308,9.8793,1.4750,29.2923,0.0381,0.1381,0.0331,0.3409
K2ZrGaS3Br3,1.6584,-1.6250,1.4958,30.0000,23.8066,5.5611,15.0115,29.0607,0.0381,0.0274,0.0335,0.0502
Na2TiCrO3Cl3,1.6807,-2.1440,0.0297,30.0000,23.4141,5.6774,14.5641,28.7994,0.0381,0.0307,0.0334,0.0508
K2GeInSe3I3,1.5616,-0.9721,5.1670,30.0000,24.6675,5.7074,15.7029,29.2969,0.0381,0.0436,0.0338,0.0497
K2GeSbO3I3,1.5736,-1.3169,5.2997,30.0000,24.6696,5.6358,15.6963,29.3681,0.0381,0.0368,0.0337,0.0496
Na2GeFeSe3F3,1.3204,-1.7828,7.4636,30.0000,25.2520,7.5960,10.5092,29.5315,0.0381,0.0948,0.0339,0.0659
K2GeTaSe3F3,1.5319,-2.1975,6.1323,30.0000,24.9132,5.7570,16.0138,29.3601,0.0381,0.0487,0.0338,0.0495
K2MoFeO3Br3,1.6848,-1.6420,0.1553,30.0000,23.4085,5.6582,14.6825,28.9389,0.0381,0.0292,0.0334,0.0508
Na2MoGaS3Cl3,1.6437,-1.2625,2.1483,30.0000,23.9129,5.5908,15.2336,29.0653,0.0381,0.0295,0.0334,0.0500
Na2VNbS3Se3,1.1292,-1.1899,0.3341,30.0000,23.8927,9.9643,1.2962,29.3234,0.0381,0.1398,0.0331,0.3787
K2VZnSe3Br3,1.1385,-1.3833,0.2170,30.0000,23.9819,9.8999,1.6452,29.2721,0.0381,0.1362,0.0331,0.3155
Na2GeBiO3I3,1.5794,-1.2458,4.9248,30.0000,24.5607,5.5894,15.9136,29.2418,0.0381,0.0411,0.0338,0.0494
Na2SnGaO3Br3,1.6588,-1.5525,1.6552,30.0000,23.8424,5.5536,15.1612,28.9452,0.0381,0.0268,0.0335,0.0501
Na2CrMoS3Se3,1.1286,-1.0874,0.3387,30.0000,23.8776,9.9627,1.3350,29.2662,0.0381,0.1400,0.0331,0.3825
K2ZrCrSe3Br3,1.1219,-1.5893,0.2062,30.0000,23.8585,9.9641,1.3544,29.3543,0.0381,0.1396,0.0331,0.3684
K2GeInSe3Br3,1.5603,-1.2187,5.8044,30.0000,24.7208,5.6196,15.9026,29.2856,0.0381,0.0397,0.0339,0.0498
K2GeVO3Br3,1.5105,-1.8473,7.0034,30.0000,24.9982,5.8963,15.9984,29.4307,0.0382,0.0495,0.0339,0.0502
Na2TiCrS3Se3,1.1206,-1.2823,0.2471,30.0000,23.8634,10.0514,1.3530,29.3230,0.0382,0.1391,0.0331,0.3740
K2SnTaS3I3,1.6638,-1.2326,0.7573,30.0000,23.6545,5.5513,14.9979,29.0181,0.0382,0.0221,0.0333,0.0499
K2GeNbSe3F3,1.5310,-2.1812,6.5921,30.0000,24.8448,5.8202,15.9181,29.3696,0.0382,0.0489,0.0339,0.0498
K2GeTaSe3Cl3,1.5568,-1.5094,5.6832,30.0000,24.7255,5.7004,15.8779,29.3143,0.0382,0.0442,0.0338,0.0496
K2SnVO3Br3,1.6765,-1.8906,0.1403,30.0000,23.4640,5.5752,14.8390,28.9433,0.0382,0.0249,0.0333,0.0503
Na2GeNbSe3Br3,1.1986,-1.2363,5.1494,30.0000,24.8222,9.0670,3.8157,29.4819,0.0382,0.1225,0.0336,0.1501
K2CuZnBr3I3,1.1127,-1.1874,0.3497,30.0000,23.8284,10.0441,1.2303,29.3010,0.0382,0.1420,0.0332,0.3996
K2GeCrO3Br3,1.5374,-1.6183,6.9505,30.0000,24.9371,5.8174,15.9671,29.3515,0.0382,0.0506,0.0339,0.0501
K2VFeS3Br3,1.1168,-1.3781,0.0863,30.0000,23.8867,10.1156,1.2018,29.3416,0.0382,0.1423,0.0330,0.4114
K2CrWO3Br3,1.6882,-1.6846,0.1211,30.0000,23.4202,5.5914,14.7009,28.8582,0.0382,0.0232,0.0334,0.0505
Na2GeVSe3I3,1.1896,-0.9829,4.8025,30.0000,24.7546,9.2732,3.0964,29.4982,0.0382,0.1271,0.0336,0.1783
Na2WFeO3F3,1.6781,-2.5075,0.1393,30.0000,23.4856,5.5966,14.8610,28.9648,0.0382,0.0263,0.0334,0.0503
K2ZrFeO3I3,1.6715,-1.9806,0.4452,30.0000,23.4696,5.5889,14.8233,28.9426,0.0382,0.0251,0.0335,0.0502
K2VNbSe6,1.1274,-1.2809,0.4043,30.0000,23.7849,9.8965,1.5518,29.2651,0.0382,0.1380,0.0331,0.3326
K2SnMoO3Se3,1.6742,-1.5092,0.3679,30.0000,23.4621,5.5681,14.7499,28.9622,0.0382,0.0215,0.0334,0.0505
K2WGaS3I3,1.6564,-1.1138,1.4209,30.0000,23.7481,5.5408,15.0260,28.9420,0.0382,0.0297,0.0335,0.0502
Li2GeMoSe6,1.2289,-0.9111,5.5819,30.0000,24.8698,8.8607,4.3322,29.4143,0.0382,0.1197,0.0337,0.1332
K2GeGaSe3I3,1.5734,-0.9804,5.4700,30.0000,24.6069,5.7201,15.6192,29.2492,0.0382,0.0409,0.0338,0.0500
Li2GeVO3Br3,1.4694,-1.7182,8.0465,30.0000,25.1243,6.1331,15.6347,29.4475,0.0382,0.0593,0.0341,0.0509
Na2TaSbO6,1.6685,-2.4013,0.8786,30.0000,23.5364,5.6558,14.6472,28.8554,0.0382,0.0264,0.0335,0.0510
Na2ZrCrSe3I3,1.1225,-1.2473,0.4855,30.0000,23.7750,10.0022,1.3014,29.2404,0.0382,0.1408,0.0332,0.3901
Na2TiWO3Se3,1.6791,-1.9294,0.2862,30.0000,23.3636,5.6795,14.4971,28.8571,0.0382,0.0295,0.0334,0.0507
K2GeNbS3Br3,1.2327,-1.3488,5.9553,30.0000,24.9218,8.7861,4.8703,29.4836,0.0382,0.1181,0.0337,0.1205
Na2MoGaSe3F3,1.6656,-1.8677,1.9570,30.0000,23.7257,5.5869,14.9277,29.0021,0.0382,0.0247,0.0336,0.0505
Na2GeMnO3Se3,1.5014,-1.4489,7.6246,30.0000,25.0783,5.9492,16.0092,29.5413,0.0382,0.0539,0.0340,0.0500
K2GeBiO3I3,1.5938,-1.2956,4.7333,30.0000,24.4061,5.5880,15.5850,29.2345,0.0382,0.0363,0.0338,0.0500
K2SnSbO3Br3,1.6897,-1.4873,0.1786,30.0000,23.2956,5.6688,14.5582,28.8619,0.0382,0.0283,0.0334,0.0509
Na2SnInO3Br3,1.6614,-1.5365,1.4867,30.0000,23.7338,5.6693,14.8545,28.9941,0.0382,0.0298,0.0334,0.0506
K2GeSbSe3F3,1.5523,-1.9080,6.2822,30.0000,24.7321,5.7366,15.7812,29.3564,0.0382,0.0437,0.0339,0.0499
Na2GeSbS3Br3,1.5748,-0.9490,6.0023,30.0000,24.5693,5.5817,15.7861,29.2560,0.0383,0.0376,0.0339,0.0498
Na2MoAgS3I3,1.1441,-0.9296,2.4314,30.0000,24.0949,9.7177,1.8462,29.4164,0.0383,0.1350,0.0333,0.2832
K2SnGaSe3Cl3,1.6589,-1.3523,1.5886,30.0000,23.6643,5.5779,15.0363,29.0215,0.0383,0.0305,0.0335,0.0502
Na2SnGaS3I3,1.6629,-0.9448,1.5817,30.0000,23.6502,5.6177,14.8030,28.9121,0.0383,0.0263,0.0336,0.0506
Na2TiMoS3Se3,1.1213,-1.1782,0.3400,30.0000,23.7165,10.0535,1.2427,29.3012,0.0383,0.1418,0.0331,0.3939
K2SnWS3Se3,1.6928,-1.0315,0.2895,30.0000,23.2823,5.6332,14.4590,28.8097,0.0383,0.0249,0.0334,0.0509
K2GeCrO3Se3,1.5352,-1.5321,7.1887,30.0000,24.8151,5.7572,16.0497,29.2984,0.0383,0.0467,0.0341,0.0498
K2TiWO3Se3,1.6986,-1.9977,0.2836,30.0000,23.3754,5.6260,14.6873,28.8025,0.0383,0.0247,0.0334,0.0507
K2GeSbS3Br3,1.5740,-1.0210,5.6971,30.0000,24.5542,5.6314,15.8585,29.2161,0.0383,0.0400,0.0339,0.0499
Na2NbCuS3I3,1.1125,-1.0393,0.4688,30.0000,23.5745,10.1067,1.0826,29.2924,0.0383,0.1432,0.0331,0.4257
K2MnGaO3Cl3,1.6507,-1.8141,2.3224,30.0000,23.7374,5.6309,14.9633,29.0730,0.0383,0.0337,0.0335,0.0508
Na2MnSbSe3Br3,1.1225,-1.1526,0.2436,30.0000,23.6174,10.0045,1.2771,29.2217,0.0383,0.1410,0.0331,0.3976
K2NbCuS3Br3,1.1149,-1.3165,0.1239,30.0000,23.6719,10.1201,1.0622,29.2395,0.0383,0.1440,0.0331,0.4285
K2TiMoO3Se3,1.6949,-2.0289,0.3551,30.0000,23.3146,5.6487,14.5881,28.8325,0.0383,0.0256,0.0334,0.0511
Na2TaFeO3F3,1.6876,-2.8130,0.8668,30.0000,23.3727,5.5464,14.7650,28.8696,0.0383,0.0216,0.0336,0.0509
K2GeWS3Se3,1.6041,-1.0259,5.3307,30.0000,24.4055,5.5961,15.5888,29.1816,0.0383,0.0367,0.0339,0.0499
Na2SnFeS3Se3,1.1094,-0.8782,0.2657,30.0000,23.6763,10.1398,1.1606,29.3004,0.0383,0.1423,0.0331,0.4106
Na2TiWSe6,1.1165,-1.1558,0.3533,30.0000,23.6877,10.1094,1.0445,29.2676,0.0383,0.1438,0.0331,0.4297
K2FeSbO3Cl3,1.6939,-1.7904,0.1591,30.0000,23.2114,5.6444,14.4996,28.7662,0.0383,0.0258,0.0334,0.0510
K2GeMnCl3I3,1.1825,-1.3630,5.2861,30.0000,24.5771,9.3301,2.8160,29.4073,0.0383,0.1300,0.0338,0.1964
Na2GeFeS3Se3,1.2146,-0.8564,6.8960,30.0000,24.9318,8.9492,4.1108,29.4976,0.0383,0.1239,0.0339,0.1412
K2ZrCrO3I3,1.6955,-2.0293,0.4536,30.0000,23.3657,5.6557,14.4655,28.8617,0.0383,0.0247,0.0334,0.0512
Na2WMnO6,1.6989,-2.1547,0.1426,30.0000,23.1456,5.6353,14.3382,28.7717,0.0383,0.0234,0.0334,0.0513
K2GeVS3I3,1.1931,-1.1592,5.4355,30.0000,24.7345,9.2532,3.1802,29.5062,0.0383,0.1275,0.0336,0.1736
Na2GeVO3Br3,1.5251,-1.7620,7.4801,30.0000,24.8537,5.9457,15.5012,29.3370,0.0383,0.0502,0.0340,0.0510
Na2GeWS3Se3,1.6040,-1.0005,5.5889,30.0000,24.4579,5.6241,15.5943,29.2067,0.0383,0.0369,0.0339,0.0503
K2MnSbI6,1.1127,-1.1013,0.5829,30.0000,23.6910,10.1220,1.1196,29.2728,0.0383,0.1432,0.0331,0.4224
K2SnMnS3Se3,1.1157,-1.0669,0.2660,30.0000,23.7177,10.1214,1.0401,29.2862,0.0384,0.1440,0.0332,0.4290
K2CrMoSe3I3,1.1129,-1.0602,0.5264,30.0000,23.5996,10.0440,1.1283,29.2639,0.0384,0.1429,0.0332,0.4204
Na2GeTaSe3Cl3,1.5762,-1.3903,5.9561,30.0000,24.5617,5.6845,15.6275,29.1595,0.0384,0.0406,0.0339,0.0503
K2WGaS3Br3,1.6768,-1.2992,1.3384,30.0000,23.4506,5.6707,14.7303,28.9526,0.0384,0.0291,0.0335,0.0510
Na2GeCrS3I3,1.1983,-1.0122,5.6566,30.0000,24.7240,9.0766,3.8127,29.4223,0.0384,0.1235,0.0338,0.1484
K2ZrInO3Br3,1.6852,-2.0866,1.4578,30.0000,23.4808,5.6015,14.6675,28.8767,0.0384,0.0272,0.0335,0.0510
Na2GeInO3I3,1.5546,-1.3697,6.7231,30.0000,24.7208,5.7856,15.6584,29.3236,0.0384,0.0474,0.0339,0.0506
Li2WGaO3Br3,1.6735,-1.6041,1.5874,30.0000,23.5092,5.6087,14.8020,28.9239,0.0384,0.0281,0.0336,0.0508
K2SbZnO3Cl3,1.7097,-1.8382,0.1594,30.0000,23.1301,5.6789,14.3034,28.6797,0.0384,0.0288,0.0335,0.0518
K2WAgO3Cl3,1.6618,-1.7220,2.8514,30.0000,23.7718,5.5647,15.1124,29.0507,0.0384,0.0286,0.0337,0.0505
K2MoSbSe3I3,1.1135,-0.9211,0.5428,30.0000,23.5719,10.1551,1.0420,29.2059,0.0384,0.1445,0.0332,0.4281
Na2ZrInO3Br3,1.6884,-2.0840,1.5307,30.0000,23.4278,5.7409,14.3226,28.9403,0.0384,0.0300,0.0335,0.0519
K2GeFeO3Se3,1.5436,-1.3895,7.1247,30.0000,24.7855,5.7577,15.8126,29.3587,0.0384,0.0458,0.0340,0.0503
K2GeVO3I3,1.5826,-1.7783,5.8423,30.0000,24.4738,5.7583,15.3527,29.2905,0.0384,0.0424,0.0339,0.0507
K2VNbO3Se3,1.6986,-2.1500,0.3490,30.0000,23.2271,5.6133,14.4969,28.7948,0.0384,0.0212,0.0335,0.0510
K2TiCrO3I3,1.6946,-2.0586,0.4606,30.0000,23.1294,5.6355,14.4279,28.8120,0.0384,0.0249,0.0334,0.0510
Li2GeVSe3F3,1.4792,-1.9197,8.1574,30.0000,25.0703,6.1227,15.6570,29.4979,0.0384,0.0580,0.0341,0.0506
Na2TaMnO3F3,1.6953,-2.8709,0.8709,30.0000,23.3126,5.5664,14.6778,28.8441,0.0384,0.0261,0.0335,0.0509
K2SnBiS3I3,1.7069,-1.0149,0.4360,30.0000,23.2684,5.6817,14.3030,28.7580,0.0384,0.0229,0.0336,0.0518
Na2GeVSe3Br3,1.1765,-1.2461,5.4551,30.0000,24.5868,9.4245,2.6937,29.4199,0.0384,0.1312,0.0338,0.2051
Na2WFeO3I3,1.7017,-1.4857,0.4436,30.0000,23.2354,5.6046,14.5639,28.8015,0.0384,0.0226,0.0335,0.0511
Li2GeVO3I3,1.5818,-1.6266,6.4938,30.0000,24.5577,5.6784,15.6459,29.2706,0.0384,0.0409,0.0340,0.0503
K2SbCuO3Cl3,1.1051,-1.7824,0.1734,30.0000,23.4996,10.2671,1.0000,29.2972,0.0384,0.1474,0.0331,0.4406
K2MnSbBr3I3,1.1156,-1.2541,0.3849,30.0000,23.6027,10.1250,1.0859,29.2811,0.0384,0.1440,0.0331,0.4249
Na2VFeS3Br3,1.1021,-1.2685,0.0763,30.0000,23.4510,10.1721,1.0000,29.2079,0.0384,0.1452,0.0331,0.4294
K2SnGeBr3I3,1.1551,-1.2190,4.1628,30.0000,24.3041,9.7538,1.8682,29.4200,0.0384,0.1380,0.0335,0.2850
Na2VMnO3Cl3,1.7229,-2.0077,0.0824,30.0000,23.0348,5.6605,14.3035,28.7269,0.0385,0.0249,0.0335,0.0514
Na2TaFeO3Cl3,1.6991,-2.1030,0.7678,30.0000,23.1386,5.6516,14.5332,28.8034,0.0385,0.0232,0.0336,0.0512
Na2CrWO3Br3,1.7069,-1.6087,0.1145,30.0000,23.1768,5.7118,14.3655,28.8653,0.0385,0.0246,0.0334,0.0514
Li2WGaSe3I3,1.6903,-0.9567,1.4024,30.0000,23.4122,5.6429,14.6168,28.8619,0.0385,0.0295,0.0336,0.0509
Na2NbTaO3Se3,1.7139,-2.1636,0.7945,30.0000,23.2376,5.6421,14.3448,28.7715,0.0385,0.0241,0.0336,0.0515
Na2MnBiSe3I3,1.0958,-0.8743,0.4759,30.0000,23.4710,10.2302,1.0000,29.2564,0.0385,0.1468,0.0332,0.4353
K2SnInO3I3,1.6907,-1.4322,1.4942,30.0000,23.3445,5.6461,14.5631,28.7781,0.0385,0.0268,0.0336,0.0511
K2MoFeO3I3,1.7013,-1.4982,0.5099,30.0000,23.1146,5.6191,14.4689,28.8336,0.0385,0.0257,0.0335,0.0510
Na2GeVSe3Cl3,1.1992,-1.3041,6.8592,30.0000,24.8026,9.1095,3.6690,29.4868,0.0385,0.1262,0.0339,0.1560
Na2ZrWO3Se3,1.7117,-1.9327,0.2912,30.0000,22.9800,5.6797,14.2500,28.6949,0.0385,0.0242,0.0335,0.0516
K2MnSbO3F3,1.7206,-2.3523,0.1849,30.0000,22.9742,5.5988,14.4796,28.7185,0.0385,0.0202,0.0335,0.0512
Na2SnZnI6,1.0955,-0.9708,0.5705,30.0000,23.5336,10.2014,1.0000,29.2198,0.0385,0.1460,0.0332,0.4349
Na2MnGaSe3I3,1.1156,-1.0245,1.5088,30.0000,23.6946,10.0803,1.2422,29.3869,0.0385,0.1431,0.0333,0.4037
Na2SnNbO3Br3,1.7194,-1.9621,0.1577,30.0000,22.9939,5.7101,14.0844,28.7611,0.0385,0.0240,0.0334,0.0518
K2TiCrS3Se3,1.0972,-1.3450,0.2465,30.0000,23.4777,10.2473,1.0000,29.2556,0.0385,0.1457,0.0331,0.4324
Li2SnGaSe3F3,1.6819,-1.7647,1.9396,30.0000,23.4247,5.5451,14.9012,28.8958,0.0385,0.0236,0.0336,0.0505
Na2WFeO3Cl3,1.7105,-1.5966,0.1226,30.0000,23.0080,5.6913,14.2696,28.7744,0.0385,0.0257,0.0334,0.0517
K2MoAgS3I3,1.1390,-1.0306,2.3383,30.0000,23.7928,9.8756,1.5907,29.2728,0.0385,0.1388,0.0334,0.3257
Li2GeTaSe3Cl3,1.5991,-1.3046,6.2704,30.0000,24.3913,5.6135,15.5218,29.2174,0.0385,0.0389,0.0339,0.0506
Na2GeVS3Cl3,1.5042,-1.3273,9.1864,30.0000,25.0979,5.9546,15.7776,29.4747,0.0385,0.0515,0.0342,0.0509
K2MoAgO3Cl3,1.6612,-1.6999,3.4517,30.0000,23.7755,5.5829,15.1247,28.9060,0.0385,0.0299,0.0338,0.0504
Na2NbFeO3I3,1.7067,-1.8541,0.4906,30.0000,23.0697,5.6113,14.4574,28.8016,0.0385,0.0233,0.0335,0.0509
Na2GeCuO3S3,1.4547,-1.5996,10.4265,30.0000,25.2010,6.2196,15.7144,29.5112,0.0385,0.0636,0.0344,0.0513
K2ZrSbO3I3,1.7133,-1.8590,0.4816,30.0000,23.0820,5.5927,14.4271,28.6455,0.0385,0.0234,0.0336,0.0514
K2TiFeS3I3,1.0978,-1.2885,0.4268,30.0000,23.3609,10.2793,1.0000,29.2422,0.0385,0.1482,0.0332,0.4399
Na2SnGeS3Se3,1.5883,-0.8538,6.1985,30.0000,24.4245,5.5923,15.5116,29.1229,0.0385,0.0386,0.0340,0.0506
K2ZrGaSe3Cl3,1.6882,-1.7897,1.6342,30.0000,23.3724,5.6293,14.5675,28.8103,0.0385,0.0232,0.0336,0.0511
Na2MoAgO3F3,1.6441,-2.3031,4.2252,30.0000,23.8859,5.6007,15.0552,29.0258,0.0385,0.0333,0.0338,0.0507
K2GeCrS3I3,1.1716,-1.0956,5.3997,30.0000,24.4493,9.4998,2.3040,29.3758,0.0385,0.1345,0.0337,0.2334
K2GeCuO3S3,1.4764,-1.6298,9.5110,30.0000,25.0999,6.1068,15.6584,29.4148,0.0385,0.0579,0.0343,0.0514
K2ZrGaO3Br3,1.6864,-2.0815,1.6224,30.0000,23.4318,5.6671,14.5396,28.8954,0.0385,0.0268,0.0336,0.0514
Na2SnMnO3S3,1.7101,-1.7490,0.1195,30.0000,22.9983,5.6835,14.2736,28.7714,0.0386,0.0231,0.0335,0.0516
K2TaFeO3Br3,1.7108,-1.9813,0.5819,30.0000,23.0676,5.6315,14.2309,28.7307,0.0386,0.0249,0.0336,0.0518
K2NbCuSe3I3,1.1053,-1.1295,0.4989,30.0000,23.4508,10.1266,1.1357,29.2794,0.0386,0.1433,0.0331,0.4189
Li2GeVSe3Br3,1.1649,-1.2543,5.7415,30.0000,24.5361,9.6593,2.0177,29.4456,0.0386,0.1381,0.0338,0.2646
Na2GeCuO3Se3,1.2169,-1.3573,7.4978,30.0000,24.9170,9.0031,4.1166,29.5764,0.0386,0.1241,0.0339,0.1393
K2WGaSe3Cl3,1.6896,-1.4177,1.4594,30.0000,23.3405,5.6160,14.6468,28.8044,0.0386,0.0271,0.0336,0.0514
Li2GeVS3Cl3,1.4548,-1.2775,10.0558,30.0000,25.1861,6.3716,15.0484,29.4442,0.0386,0.0657,0.0343,0.0529
K2ZrSbO3Br3,1.7181,-1.9588,0.1575,30.0000,22.9365,5.7094,14.1060,28.7659,0.0386,0.0226,0.0334,0.0517
Na2FeMnSe3Br3,1.1051,-1.1933,0.1812,30.0000,23.4415,10.2156,1.0355,29.2341,0.0386,0.1452,0.0332,0.4330
K2ZrGaO3I3,1.6982,-2.0337,1.6624,30.0000,23.1682,5.5848,14.6119,28.8360,0.0386,0.0229,0.0337,0.0510
Na2GeCrSe3I3,1.1319,-0.9861,4.7725,30.0000,24.2430,9.8575,1.6861,29.3922,0.0386,0.1411,0.0338,0.3181
K2SnZnI6,1.0906,-1.1058,0.5600,30.0000,23.4468,10.3339,1.0000,29.2706,0.0386,0.1491,0.0332,0.4414
Na2ZrGaSe3F3,1.6870,-2.3246,1.8861,30.0000,23.2440,5.6019,14.5529,28.7922,0.0386,0.0264,0.0337,0.0513
K2GeNbO3Br3,1.6060,-1.9520,6.4852,30.0000,24.2937,5.6058,15.5944,29.1573,0.0386,0.0373,0.0341,0.0503
Na2GeBiS3I3,1.6498,-0.8432,4.6366,30.0000,23.8286,5.5913,15.0451,29.0745,0.0386,0.0298,0.0339,0.0512
K2GeFeSe3F3,1.1897,-1.9594,6.9985,30.0000,24.6664,9.2277,2.8836,29.3793,0.0386,0.1312,0.0340,0.1921
Na2WSbO3F3,1.7181,-2.3140,0.2408,30.0000,22.9449,5.6869,14.3381,28.6769,0.0386,0.0266,0.0336,0.0517
K2GeCrSe3I3,1.1374,-1.0389,4.5945,30.0000,24.0591,9.8568,1.6744,29.3192,0.0386,0.1411,0.0337,0.3194
Na2GeTaO3Br3,1.5971,-1.9063,6.3541,30.0000,24.2707,5.6506,15.4834,29.2134,0.0386,0.0372,0.0341,0.0506
K2GeMoSe6,1.1609,-0.9973,5.0933,30.0000,24.1573,9.6722,1.9430,29.3800,0.0386,0.1391,0.0338,0.2776
K2SnGeI6,1.1384,-0.9900,3.8412,30.0000,23.9250,9.8568,1.6139,29.3517,0.0386,0.1396,0.0336,0.3188
Na2MoInO3I3,1.7060,-1.5536,1.6432,30.0000,23.1438,5.6318,14.3854,28.7840,0.0387,0.0237,0.0336,0.0516
K2GeTaS3I3,1.6424,-1.2345,4.9465,30.0000,23.8723,5.6589,14.8500,29.0353,0.0387,0.0331,0.0340,0.0515
K2SnGeS3Se3,1.6143,-0.9175,5.8798,30.0000,24.1588,5.5929,15.3488,29.1142,0.0387,0.0352,0.0340,0.0508
Na2GeZnI6,1.1229,-0.9543,4.1447,30.0000,23.9646,10.0270,1.2649,29.3469,0.0387,0.1455,0.0337,0.4131
K2ZrWO3Se3,1.7206,-2.0077,0.2885,30.0000,22.8437,5.6289,14.2613,28.6289,0.0387,0.0259,0.0336,0.0515
Na2SbCuO3Cl3,1.0931,-1.7266,0.1680,30.0000,23.0872,10.2847,1.0000,29.1850,0.0387,0.1465,0.0332,0.4357
Na2GeVS3I3,1.1667,-1.0368,5.6945,30.0000,24.3636,9.5335,2.2839,29.4076,0.0387,0.1364,0.0338,0.2363
Na2NbCuSe3I3,1.1003,-0.9669,0.5091,30.0000,23.2524,10.2436,1.0000,29.1972,0.0387,0.1486,0.0332,0.4460
K2GeVS3Cl3,1.5591,-1.4665,8.4733,30.0000,24.6345,5.7239,15.6924,29.2209,0.0387,0.0473,0.0342,0.0505
Na2MnSbS3Se3,1.1001,-0.9146,0.3020,30.0000,23.1589,10.2714,1.0000,29.2272,0.0387,0.1492,0.0332,0.4446
K2MoMnO3Se3,1.7244,-1.5680,0.3458,30.0000,22.8769,5.7687,13.9114,28.7966,0.0387,0.0230,0.0335,0.0524
K2NbFeO3I3,1.7424,-1.8987,0.4782,30.0000,22.8541,5.7241,14.1561,28.6995,0.0387,0.0247,0.0336,0.0521
K2SnVO3I3,1.7321,-1.8242,0.4887,30.0000,22.8101,5.6923,14.1243,28.6988,0.0387,0.0250,0.0336,0.0522
Na2TaFeO3I3,1.7165,-1.8482,0.8413,30.0000,23.0321,5.6871,14.3482,28.7827,0.0387,0.0290,0.0336,0.0519
Na2MnSbO3F3,1.7287,-2.3870,0.1797,30.0000,22.7575,5.6673,14.1349,28.6077,0.0387,0.0258,0.0336,0.0516
K2MnInO3S3,1.7062,-1.8664,2.0748,30.0000,23.0735,5.6798,14.3779,28.8970,0.0387,0.0239,0.0337,0.0518
K2MoInO3I3,1.7058,-1.5547,1.5801,30.0000,23.1944,5.6452,14.5113,28.7408,0.0387,0.0276,0.0337,0.0517
Na2GeGaO3I3,1.5825,-1.3856,7.2483,30.0000,24.3264,5.6239,15.6272,29.1214,0.0387,0.0402,0.0342,0.0504
K2NbFeO3Cl3,1.7293,-2.1556,0.1326,30.0000,22.8122,5.6805,14.0938,28.7117,0.0387,0.0224,0.0336,0.0520
Na2SnTaO3I3,1.7216,-1.9227,0.8190,30.0000,23.0006,5.6818,14.2404,28.7093,0.0387,0.0271,0.0336,0.0518
Na2MnCuI6,1.0927,-1.0081,0.5793,30.0000,23.3547,10.2887,1.0000,29.1804,0.0387,0.1489,0.0333,0.4428
K2ZrBiO3Br3,1.7244,-1.9517,0.1604,30.0000,22.7524,5.7531,13.9664,28.7182,0.0387,0.0228,0.0335,0.0521
K2GeZnI6,1.1362,-1.0958,4.0159,30.0000,23.9917,9.8690,1.5516,29.3013,0.0387,0.1408,0.0337,0.3350
K2TiInO3I3,1.7041,-2.0362,1.6037,30.0000,23.0975,5.6350,14.4821,28.7578,0.0387,0.0261,0.0337,0.0515
Li2WGaS3I3,1.7131,-0.9898,1.5344,30.0000,23.0247,5.6554,14.5429,28.8319,0.0387,0.0245,0.0337,0.0513
Na2WGaO3I3,1.7135,-1.5467,1.5598,30.0000,23.0902,5.6183,14.4135,28.7124,0.0387,0.0232,0.0337,0.0517
K2MnGaO6,1.6950,-2.0420,2.7743,30.0000,23.4045,5.6472,14.4395,28.8123,0.0387,0.0247,0.0338,0.0518
Na2TaSbO3S3,1.7201,-1.8094,0.8037,30.0000,22.9775,5.7369,14.1289,28.7377,0.0387,0.0287,0.0336,0.0519
Li2GeWS3Se3,1.6284,-0.9916,5.8874,30.0000,24.0388,5.6633,15.3098,29.0882,0.0387,0.0359,0.0340,0.0512
K2MnInO6,1.7041,-2.0415,2.3497,30.0000,23.2645,5.6375,14.4815,28.8409,0.0388,0.0252,0.0337,0.0517
Li2GeTaSe3F3,1.5873,-2.1450,6.8226,30.0000,24.2509,5.6974,15.6004,29.1832,0.0388,0.0417,0.0341,0.0511
Na2NbTaO6,1.7230,-2.8900,0.9043,30.0000,22.8590,5.7349,13.9407,28.7655,0.0388,0.0250,0.0336,0.0522
Na2GeCrO3Br3,1.5956,-1.5993,7.4223,30.0000,24.3173,5.7002,15.4508,29.2248,0.0388,0.0425,0.0342,0.0510
Na2WMnO3S3,1.7418,-1.6589,0.1393,30.0000,22.7478,5.7330,13.9284,28.6802,0.0388,0.0214,0.0335,0.0523
Na2SnGaS3Br3,1.7250,-1.1950,1.5249,30.0000,22.8962,5.6522,14.1784,28.7862,0.0388,0.0227,0.0337,0.0519
Na2CrMoSe3I3,1.0948,-1.0314,0.5378,30.0000,23.1288,10.2077,1.0000,29.1213,0.0388,0.1467,0.0332,0.4376
Na2SnFeSe3Cl3,1.0808,-1.1728,0.2521,30.0000,23.0800,10.3659,1.0000,29.2513,0.0388,0.1501,0.0332,0.4486
K2MoMnSe6,1.0841,-1.0673,0.4015,30.0000,23.0714,10.4409,1.0000,29.2344,0.0388,0.1506,0.0332,0.4463
K2WInO3Br3,1.7182,-1.6870,1.3049,30.0000,22.9961,5.5956,14.4538,28.6434,0.0388,0.0246,0.0338,0.0515
Na2MnInO3S3,1.7116,-1.7877,2.2393,30.0000,23.0569,5.7376,14.1086,28.7919,0.0388,0.0245,0.0339,0.0526
K2GeGaSe3F3,1.6021,-2.0283,8.4019,30.0000,24.4713,5.6578,15.6136,29.2185,0.0388,0.0384,0.0343,0.0508
K2GeMnS3Se3,1.1692,-1.0187,6.5111,30.0000,24.3643,9.5855,2.2710,29.4450,0.0388,0.1358,0.0339,0.2411
Na2WGaSe3F3,1.7185,-1.8306,1.6480,30.0000,22.9745,5.6418,14.1660,28.7069,0.0388,0.0233,0.0338,0.0522
K2WFeO3Cl3,1.7315,-1.7072,0.1305,30.0000,22.7280,5.6659,14.0563,28.6869,0.0388,0.0172,0.0336,0.0519
Na2TiInO3Br3,1.7208,-2.0561,1.6333,30.0000,23.0043,5.7044,14.1150,28.6860,0.0388,0.0240,0.0337,0.0522
K2FeMnSe6,1.0846,-1.0352,0.3304,30.0000,23.1156,10.4199,1.0000,29.1805,0.0388,0.1524,0.0333,0.4496
K2TiSbO3I3,1.7336,-1.8641,0.4896,30.0000,22.7546,5.6639,14.0223,28.5687,0.0388,0.0250,0.0336,0.0521
K2ZrBiS3I3,1.7326,-1.3796,0.4300,30.0000,22.6844,5.6905,13.9672,28.6401,0.0388,0.0241,0.0336,0.0522
K2SnBiO3Br3,1.7501,-1.4743,0.1787,30.0000,22.6761,5.7022,13.8540,28.5138,0.0388,0.0222,0.0337,0.0527
K2SnMoSe6,1.0825,-0.9885,0.4135,30.0000,23.1198,10.3166,1.0000,29.1908,0.0388,0.1502,0.0333,0.4483
K2TiGaO3Br3,1.7233,-2.0898,1.7359,30.0000,22.9697,5.7054,14.1679,28.7580,0.0388,0.0205,0.0337,0.0525
K2GeCrSe6,1.1351,-1.0469,5.3362,30.0000,24.0603,9.8295,1.6553,29.3582,0.0388,0.1418,0.0338,0.3207
Na2ZrFeSe3Br3,1.0811,-1.4419,0.1978,30.0000,23.0034,10.3540,1.0000,29.1958,0.0388,0.1495,0.0331,0.4475
Na2GeMoO3Se3,1.6211,-1.4745,7.1236,30.0000,24.2167,5.6384,15.3515,29.1952,0.0389,0.0342,0.0341,0.0513
Na2GeVS3Br3,1.1556,-1.2573,6.7776,30.0000,24.3701,9.6462,2.1743,29.3663,0.0389,0.1379,0.0340,0.2525
Li2GeVS3Br3,1.1691,-1.2330,7.2387,30.0000,24.4084,9.5108,2.5120,29.4407,0.0389,0.1342,0.0340,0.2217
Na2TiFeSe3Br3,1.1008,-1.3654,0.1869,30.0000,23.0193,10.2994,1.0000,29.1951,0.0389,0.1491,0.0333,0.4459
K2SnTaO3I3,1.7465,-1.9558,0.7958,30.0000,22.6629,5.6795,14.0180,28.7040,0.0389,0.0191,0.0336,0.0522
Na2ZrMoO3S3,1.7390,-2.0168,0.2352,30.0000,22.6577,5.6427,13.9552,28.6042,0.0389,0.0215,0.0336,0.0519
K2TiInO3Br3,1.7202,-2.0736,1.5482,30.0000,22.8967,5.6077,14.3808,28.6700,0.0389,0.0248,0.0337,0.0520
K2SnCrSe6,1.0754,-1.0271,0.3564,30.0000,22.9475,10.4285,1.0000,29.1345,0.0389,0.1528,0.0333,0.4530
Na2GeMnBr3I3,1.1253,-1.1553,4.6126,30.0000,23.8493,10.0320,1.2710,29.3417,0.0389,0.1462,0.0337,0.4084
K2CrAgS3I3,1.1022,-1.0418,2.3989,30.0000,23.4123,10.3096,1.0000,29.2411,0.0389,0.1523,0.0334,0.4528
Na2SnWS6,1.7529,-1.0810,0.1848,30.0000,22.5396,5.7102,13.8459,28.6138,0.0389,0.0229,0.0336,0.0524
K2MoInO3Br3,1.7337,-1.6786,1.5235,30.0000,22.8352,5.6235,14.2436,28.5761,0.0389,0.0213,0.0338,0.0520
Na2VZnO3Cl3,1.7547,-1.9007,0.0823,30.0000,22.4821,5.7886,13.6651,28.5145,0.0389,0.0213,0.0337,0.0534
Na2CrMoO3S3,1.7373,-1.7089,0.2190,30.0000,22.6324,5.7380,13.7280,28.5624,0.0389,0.0197,0.0336,0.0528
Na2MoMnO3S3,1.7324,-1.6553,0.2084,30.0000,22.5884,5.6835,13.9805,28.5902,0.0389,0.0226,0.0336,0.0522
Na2GeNbO3Br3,1.6235,-1.8519,6.8884,30.0000,24.0915,5.6066,15.2245,29.0770,0.0389,0.0351,0.0343,0.0513
K2ZrWO3S3,1.7423,-2.0216,0.1710,30.0000,22.4942,5.6690,13.9665,28.5188,0.0389,0.0206,0.0336,0.0525
Na2GeFeO3Se3,1.6070,-1.4358,7.6078,30.0000,24.1893,5.6780,15.1899,29.2131,0.0389,0.0344,0.0343,0.0516
K2SnZnS3Se3,1.7480,-1.0027,0.2627,30.0000,22.5582,5.6368,13.8811,28.4903,0.0389,0.0206,0.0337,0.0523
Na2CrMoSe3Br3,1.0824,-1.2195,0.2699,30.0000,22.9933,10.4301,1.0000,29.1421,0.0389,0.1531,0.0332,0.4505
K2TiMoSe6,1.0786,-1.2358,0.4088,30.0000,22.9384,10.4571,1.0000,29.1121,0.0389,0.1537,0.0333,0.4551
K2SnGaS3Br3,1.7275,-1.2644,1.4560,30.0000,22.8493,5.6717,14.0201,28.7063,0.0390,0.0222,0.0338,0.0526
Na2GeCrO3Se3,1.6219,-1.5420,7.6804,30.0000,24.2058,5.5798,15.3891,29.0792,0.0390,0.0359,0.0343,0.0513
Na2GeSbSe3F3,1.6467,-1.7254,6.6467,30.0000,23.8998,5.4977,15.2518,28.9526,0.0390,0.0296,0.0342,0.0513
Na2ZrWO3S3,1.7560,-1.9954,0.1664,30.0000,22.4246,5.7615,13.7623,28.5271,0.0390,0.0230,0.0337,0.0527
K2GeCrSe3Br3,1.1143,-1.2294,5.1719,30.0000,23.9092,10.1289,1.3021,29.3559,0.0390,0.1468,0.0337,0.4010
K2GeSbSe3Cl3,1.6518,-1.1016,5.7779,30.0000,23.6457,5.6332,14.8251,28.9714,0.0390,0.0308,0.0341,0.0517
K2SbZnO3F3,1.7520,-2.3148,0.1819,30.0000,22.4751,5.6981,13.8099,28.4755,0.0390,0.0209,0.0336,0.0527
Na2VNbSe6,1.0795,-1.1798,0.4124,30.0000,22.8862,10.3120,1.0000,29.0659,0.0390,0.1492,0.0333,0.4410
K2SnNbO3Br3,1.7594,-2.0183,0.1622,30.0000,22.4350,5.7812,13.5715,28.6159,0.0390,0.0208,0.0337,0.0528
Na2SnZnO3Se3,1.7524,-1.3051,0.2783,30.0000,22.5386,5.7383,13.7346,28.6523,0.0390,0.0219,0.0336,0.0527
Na2TiBiO3I3,1.7378,-1.7791,0.4638,30.0000,22.6033,5.7661,13.7026,28.6059,0.0390,0.0207,0.0336,0.0528
Na2TiGaSe3F3,1.7281,-2.2670,2.0311,30.0000,22.7962,5.7734,13.9482,28.7698,0.0390,0.0257,0.0338,0.0527
Na2VSbO6,1.7540,-2.1880,0.2525,30.0000,22.4134,5.7359,13.8023,28.5594,0.0390,0.0221,0.0336,0.0526
K2GeInO3Br3,1.6180,-1.5800,7.5969,30.0000,24.1186,5.6787,15.3412,29.1792,0.0390,0.0369,0.0342,0.0512
Na2GeNbSe3F3,1.6475,-2.1315,6.9972,30.0000,23.9390,5.5850,15.1933,29.0813,0.0390,0.0326,0.0343,0.0514
K2SnGeO3Se3,1.6615,-1.3781,6.3811,30.0000,23.8387,5.6659,14.8915,29.0620,0.0390,0.0325,0.0341,0.0517
Na2WInO3Br3,1.7378,-1.5682,1.3593,30.0000,22.6265,5.7543,13.8380,28.6628,0.0390,0.0230,0.0337,0.0529
K2CrMnO6,1.7554,-1.9911,0.0492,30.0000,22.4233,5.7683,13.6879,28.4597,0.0390,0.0234,0.0336,0.0531
Na2MoSbSe3Br3,1.0684,-0.9993,0.3144,30.0000,22.8860,10.4799,1.0000,29.1713,0.0390,0.1537,0.0332,0.4546
Na2CuZnBr3I3,1.0801,-1.1018,0.3543,30.0000,22.9196,10.4848,1.0000,29.1008,0.0390,0.1548,0.0332,0.4575
Na2SnGeO3Se3,1.6474,-1.3157,6.7602,30.0000,23.8645,5.6497,15.1070,29.0603,0.0390,0.0357,0.0342,0.0518
K2MoBiSe3I3,1.0768,-0.9706,0.5111,30.0000,22.8496,10.4458,1.0000,29.1709,0.0391,0.1539,0.0333,0.4567
Na2WFeSe3F3,1.7529,-1.8686,0.2741,30.0000,22.4037,5.7453,13.6277,28.5734,0.0391,0.0232,0.0336,0.0533
K2GeVSe3Cl3,1.1484,-1.4866,6.4678,30.0000,24.0533,9.7848,1.6153,29.2631,0.0391,0.1431,0.0340,0.3288
K2TiSbO3Br3,1.7665,-1.9561,0.1415,30.0000,22.2867,5.7994,13.6207,28.5983,0.0391,0.0238,0.0336,0.0532
K2MnCuI6,1.0705,-1.0493,0.5678,30.0000,22.9447,10.4528,1.0000,29.0266,0.0391,0.1553,0.0333,0.4571
Na2ZrMoSe6,1.0751,-1.1849,0.4134,30.0000,22.7705,10.4772,1.0000,29.2584,0.0391,0.1532,0.0332,0.4546
Na2GeWO3Se3,1.6748,-1.4318,6.0382,30.0000,23.5621,5.5927,14.8728,29.0211,0.0391,0.0265,0.0341,0.0520
K2SbAgO3S3,1.7145,-1.5251,3.3261,30.0000,23.0852,5.6901,14.1953,28.7054,0.0391,0.0249,0.0340,0.0525
Li2SnGaS3Br3,1.7492,-1.1573,1.6172,30.0000,22.6173,5.6499,14.0516,28.6558,0.0391,0.0197,0.0338,0.0525
Rb2WBiSe3I3,1.3543,-1.0521,13.4512,30.0000,25.2861,7.2727,12.1260,29.5820,0.0391,0.0912,0.0348,0.0617
Na2CrMnO3Cl3,1.7678,-1.7136,0.0217,30.0000,22.2796,5.7793,13.5760,28.4397,0.0391,0.0217,0.0337,0.0533
Na2NbCuSe3Cl3,1.0733,-1.2427,0.2833,30.0000,22.7536,10.4918,1.0000,29.1587,0.0391,0.1532,0.0332,0.4543
Na2SbAgO3S3,1.7170,-1.4765,3.5631,30.0000,22.9808,5.7098,14.2990,28.7712,0.0391,0.0278,0.0340,0.0528
Na2NbSbSe6,1.0745,-0.9596,0.4178,30.0000,22.6664,10.4657,1.0000,29.1587,0.0391,0.1524,0.0332,0.4512
K2SnGaS3I3,1.7521,-1.0727,1.5235,30.0000,22.5940,5.6971,14.0355,28.6123,0.0392,0.0224,0.0338,0.0525
Na2WFeO3Br3,1.7690,-1.5082,0.1071,30.0000,22.2122,5.7842,13.4981,28.4779,0.0392,0.0179,0.0337,0.0537
Na2TiGaO3I3,1.7449,-2.0342,1.8355,30.0000,22.4667,5.6686,13.9010,28.5661,0.0392,0.0191,0.0340,0.0530
K2GeTaO3I3,1.6868,-1.8740,5.2528,30.0000,23.4481,5.6296,14.7398,28.8873,0.0392,0.0303,0.0341,0.0522
Na2GeGaSe3Br3,1.6636,-1.1769,6.4993,30.0000,23.6435,5.6307,14.8732,28.8965,0.0392,0.0326,0.0343,0.0520
Li2GeMoO3Se3,1.6401,-1.5113,7.6145,30.0000,23.9184,5.5910,15.2503,29.0183,0.0392,0.0323,0.0344,0.0515
Na2SnFeCl3I3,1.0729,-1.1931,0.4255,30.0000,22.6291,10.5767,1.0000,29.1103,0.0392,0.1564,0.0333,0.4577
K2GeNbO3I3,1.6989,-1.8888,5.5053,30.0000,23.2537,5.6394,14.4784,28.8627,0.0392,0.0285,0.0342,0.0526
K2SbCuS3I3,1.0675,-0.8830,0.4603,30.0000,22.7528,10.5698,1.0000,29.1377,0.0392,0.1562,0.0333,0.4635
Li2WGaS3Cl3,1.7521,-1.2418,1.8707,30.0000,22.5987,5.7969,13.5735,28.5976,0.0393,0.0226,0.0339,0.0537
Li2GeNbSe3F3,1.6634,-2.1183,7.4733,30.0000,23.6161,5.5480,15.0065,28.8596,0.0393,0.0294,0.0344,0.0523
Rb2SnBiSe3I3,1.2964,-1.0102,14.2215,30.0000,25.3160,7.9872,9.0945,29.4916,0.0393,0.1096,0.0349,0.0772
Na2NbTaO3S3,1.7588,-2.1261,0.8221,30.0000,22.3855,5.6931,13.6653,28.4682,0.0393,0.0202,0.0337,0.0530
K2TiGaSe3Cl3,1.7504,-1.7658,1.7370,30.0000,22.5138,5.7521,13.7255,28.6138,0.0393,0.0195,0.0339,0.0533
K2SnNbO3I3,1.7740,-1.9733,0.4859,30.0000,22.2397,5.8038,13.4008,28.4526,0.0393,0.0207,0.0338,0.0539
Na2NbMnO3Cl3,1.7670,-2.0714,0.1256,30.0000,22.0843,5.7717,13.6132,28.4701,0.0393,0.0210,0.0337,0.0533
K2FeMnS3Se3,1.0635,-1.0706,0.2297,30.0000,22.5696,10.4985,1.0000,29.1600,0.0393,0.1547,0.0332,0.4566
Na2GeCrSe3Br3,1.1100,-1.1445,5.4176,30.0000,23.6179,10.1625,1.0159,29.3185,0.0393,0.1509,0.0339,0.4505
K2CrMnO3Cl3,1.7753,-1.7383,0.0422,30.0000,22.1152,5.8098,13.3777,28.4586,0.0393,0.0216,0.0337,0.0540
Na2TiFeS3I3,1.0665,-1.2107,0.4365,30.0000,22.5058,10.5356,1.0000,29.0699,0.0393,0.1564,0.0333,0.4602
Na2GeFeO3Cl3,1.6017,-1.6768,10.3114,30.0000,24.2550,5.6706,15.3853,29.1224,0.0393,0.0400,0.0347,0.0522
Na2CrAgS3I3,1.0842,-0.9517,2.5009,30.0000,23.0689,10.3540,1.0000,29.1762,0.0393,0.1531,0.0336,0.4556
K2GeVSe3Br3,1.1053,-1.3495,5.2073,30.0000,23.4316,10.1616,1.0704,29.1579,0.0393,0.1512,0.0339,0.4479
Na2GeGaS3I3,1.6803,-0.9419,6.7314,30.0000,23.4616,5.5783,14.8873,28.9227,0.0393,0.0262,0.0344,0.0522
K2GeMoO3Se3,1.6768,-1.5217,6.7063,30.0000,23.4388,5.5120,14.9622,28.8344,0.0393,0.0255,0.0344,0.0519
K2SnWS6,1.7765,-1.1047,0.1878,30.0000,22.0590,5.8091,13.4018,28.4332,0.0393,0.0236,0.0338,0.0541
Rb2TiBiSe3I3,1.4492,-1.2613,15.1541,30.0000,25.2241,6.3199,15.5157,29.4696,0.0393,0.0684,0.0350,0.0531
Na2WInO3I3,1.7553,-1.5092,1.4418,30.0000,22.3908,5.7117,13.6942,28.5293,0.0393,0.0205,0.0338,0.0533
K2CrMoO3Cl3,1.7788,-1.7293,0.2017,30.0000,22.0196,5.8614,13.1514,28.3793,0.0393,0.0214,0.0338,0.0543
K2TaZnO3F3,1.7792,-2.7580,0.8041,30.0000,22.2176,5.8603,13.3373,28.4547,0.0394,0.0224,0.0338,0.0543
Rb2SnTaSe3I3,1.4052,-1.2989,14.8290,30.0000,25.2448,6.6809,14.3509,29.4758,0.0394,0.0767,0.0350,0.0560
Na2GeTaO3I3,1.6943,-1.8049,5.4747,30.0000,23.1865,5.6622,14.3843,28.8357,0.0394,0.0271,0.0342,0.0526
K2GeFeO3Cl3,1.6406,-1.6946,9.4124,30.0000,23.9571,5.5434,15.2253,28.9966,0.0394,0.0313,0.0346,0.0521
K2WGaO3I3,1.7607,-1.5914,1.5038,30.0000,22.4001,5.7549,13.7776,28.6415,0.0394,0.0208,0.0339,0.0530
K2GeGaO3I3,1.6744,-1.4200,6.9004,30.0000,23.5414,5.5821,14.7285,28.8296,0.0394,0.0283,0.0344,0.0523
K2MoGaO3I3,1.7560,-1.6009,1.7172,30.0000,22.4625,5.7631,13.5678,28.5156,0.0394,0.0216,0.0339,0.0536
K2TaFeO3I3,1.7711,-1.8706,0.8151,30.0000,22.1589,5.8497,13.3708,28.4627,0.0394,0.0239,0.0338,0.0542
K2TaCuO3F3,1.7666,-2.6599,0.8206,30.0000,22.2076,5.7763,13.5412,28.5713,0.0394,0.0191,0.0338,0.0534
K2MoGaS3Cl3,1.7414,-1.3556,2.0103,30.0000,22.4676,5.7165,13.7997,28.5384,0.0394,0.0215,0.0339,0.0532
Rb2CrWSe3I3,1.4600,-1.1589,15.4468,30.0000,25.2911,6.1084,15.8204,29.5228,0.0394,0.0612,0.0351,0.0524
Na2FeSbO3F3,1.7854,-2.2773,0.1767,30.0000,22.0269,5.8582,13.2334,28.4307,0.0394,0.0211,0.0338,0.0540
Rb2TaZnSe3I3,1.3132,-1.2517,15.5599,30.0000,25.3431,7.6784,10.3078,29.5618,0.0394,0.1019,0.0350,0.0704
Rb2WSbSe3I3,1.2778,-0.9626,14.5092,30.0000,25.2499,8.2177,7.4931,29.4503,0.0394,0.1138,0.0349,0.0896
Na2GeInS3I3,1.7013,-0.9509,6.2746,30.0000,23.2583,5.5870,14.5444,28.8141,0.0394,0.0264,0.0344,0.0526
Rb2SnSbSe3I3,1.3776,-0.9948,15.4117,30.0000,25.3572,7.0004,13.4905,29.5553,0.0394,0.0869,0.0350,0.0579
K2CrMnSe6,1.0630,-1.1522,0.3380,30.0000,22.4728,10.6352,1.0000,29.1191,0.0394,0.1603,0.0332,0.4689
Na2TiMoO3S3,1.7846,-2.0089,0.2196,30.0000,22.0271,5.8383,13.1354,28.3970,0.0394,0.0196,0.0339,0.0543
Na2MnSbI6,1.0685,-0.9830,0.5942,30.0000,22.6383,10.5217,1.0000,29.1939,0.0394,0.1557,0.0333,0.4577
Na2NbZnO3Cl3,1.7807,-1.9444,0.1243,30.0000,21.9804,5.8019,13.1830,28.3681,0.0394,0.0219,0.0338,0.0543
Rb2WAgSe3I3,1.3406,-1.0325,15.9712,30.0000,25.3300,7.5084,11.2439,29.6403,0.0394,0.0962,0.0351,0.0668
K2WInO3I3,1.7629,-1.5382,1.3936,30.0000,22.3478,5.7470,13.7140,28.5079,0.0394,0.0221,0.0338,0.0536
Rb2SnNbSe3I3,1.3329,-1.2004,15.8417,30.0000,25.3392,7.5211,11.1859,29.6384,0.0394,0.0987,0.0351,0.0668
K2GeWO3Se3,1.6976,-1.4696,5.7366,30.0000,23.2178,5.6083,14.5117,28.8469,0.0394,0.0210,0.0342,0.0527
Rb2TaFeSe3I3,1.4164,-1.2316,15.7034,30.0000,25.3149,6.5794,14.7813,29.5063,0.0394,0.0769,0.0351,0.0545
Na2GeFeS3Br3,1.1109,-1.1211,6.6687,30.0000,23.6761,10.0930,1.1348,29.2961,0.0394,0.1510,0.0341,0.4380
Na2GeTaO3F3,1.6449,-2.5353,9.2066,30.0000,23.8616,5.5587,15.2993,29.0458,0.0394,0.0344,0.0346,0.0517
Na2WGaO3Br3,1.7749,-1.5774,1.4993,30.0000,22.2942,5.8237,13.4342,28.4837,0.0394,0.0225,0.0339,0.0542
K2GeInS3I3,1.6991,-0.9993,6.0126,30.0000,23.2466,5.6894,14.3574,28.8240,0.0395,0.0265,0.0343,0.0530
K2VTaO3Se3,1.7755,-2.1311,0.7893,30.0000,22.0579,5.7112,13.6682,28.3894,0.0395,0.0203,0.0338,0.0531
K2SnSbO3Cl3,1.7846,-1.7482,0.2132,30.0000,22.0056,5.7625,13.3890,28.3646,0.0395,0.0202,0.0338,0.0538
Na2VTaO3Se3,1.7772,-2.1445,0.8209,30.0000,22.1008,5.8265,13.2119,28.3393,0.0395,0.0218,0.0339,0.0543
K2GeGaSe3Br3,1.6985,-1.2307,6.2099,30.0000,23.3335,5.6313,14.5244,28.8629,0.0395,0.0248,0.0344,0.0529
Rb2SbZnSe3I3,1.3762,-1.0562,16.2188,30.0000,25.3956,7.1374,12.9927,29.5653,0.0395,0.0908,0.0351,0.0597
Rb2ZrSbSe3I3,1.4041,-1.3500,15.8176,30.0000,25.3252,6.7843,14.1909,29.6130,0.0395,0.0808,0.0352,0.0563
Rb2ZrBiSe3I3,1.5006,-1.3716,14.5648,30.0000,25.0241,5.8987,15.9563,29.3846,0.0395,0.0557,0.0350,0.0519
K2GeMnO3S3,1.6345,-1.6650,9.7267,30.0000,24.0838,5.5944,15.2074,29.0720,0.0395,0.0308,0.0347,0.0524
Na2SnNbO3I3,1.7816,-1.8320,0.4976,30.0000,22.0070,5.8333,13.2084,28.3847,0.0395,0.0207,0.0339,0.0544
Na2TaFeO3Br3,1.7748,-1.9520,0.6014,30.0000,22.0256,5.7097,13.5210,28.2435,0.0395,0.0222,0.0340,0.0535
Li2GeGaO3Br3,1.6264,-1.4796,9.5007,30.0000,23.9642,5.6427,15.2498,29.1561,0.0395,0.0351,0.0345,0.0523
Rb2TaCuSe3I3,1.3039,-1.1828,15.5933,30.0000,25.3629,7.8100,9.6771,29.6177,0.0395,0.1051,0.0351,0.0746
Na2GeNbO3I3,1.7066,-1.7378,5.7704,30.0000,23.0854,5.6827,14.3704,28.8316,0.0395,0.0273,0.0343,0.0530
Na2NbCuS3Br3,1.0607,-1.1792,0.1171,30.0000,22.2821,10.5574,1.0000,29.1174,0.0395,0.1571,0.0333,0.4625
K2CrMoO3S3,1.7858,-1.7387,0.2206,30.0000,21.8743,5.7797,13.3154,28.3013,0.0395,0.0216,0.0338,0.0538
K2MnSbSe3Br3,1.0476,-1.2122,0.2433,30.0000,22.1968,10.6370,1.0000,29.0907,0.0395,0.1599,0.0333,0.4677
K2WFeO3Br3,1.7912,-1.5993,0.1141,30.0000,21.7220,5.8121,13.0978,28.2982,0.0396,0.0187,0.0339,0.0544
Rb2WFeSe3I3,1.4705,-1.0467,15.3853,30.0000,25.0972,6.1859,15.6483,29.4206,0.0396,0.0655,0.0351,0.0529
Na2TiCrSe3I3,1.0526,-1.2525,0.4929,30.0000,22.2403,10.6265,1.0000,29.1092,0.0396,0.1588,0.0334,0.4616
Na2SbCuS3I3,1.0496,-0.7651,0.4704,30.0000,22.2076,10.6433,1.0000,29.0600,0.0396,0.1598,0.0333,0.4683
Rb2TaMnSe3I3,1.2863,-1.2615,15.7181,30.0000,25.2703,8.1344,8.2308,29.6186,0.0396,0.1129,0.0349,0.0831
Rb2NbZnSe3I3,1.3225,-1.2310,16.6976,30.0000,25.3979,7.6528,10.4829,29.5912,0.0396,0.1012,0.0352,0.0696
Rb2MnZnI6,1.2530,-1.1498,15.1314,30.0000,25.0871,8.4479,6.7663,29.5926,0.0396,0.1196,0.0350,0.0989
K2GeGaO3Br3,1.6855,-1.5751,8.3121,30.0000,23.5302,5.5795,14.7630,28.9735,0.0396,0.0239,0.0345,0.0524
Na2ZrGaO3Br3,1.7806,-2.1023,1.7126,30.0000,21.9731,5.8120,13.3243,28.4039,0.0396,0.0201,0.0340,0.0547
Rb2SnWSe6,1.3425,-1.0061,16.5702,30.0000,25.4152,7.2374,12.4455,29.4641,0.0396,0.0938,0.0352,0.0626
Na2SnWO3Se3,1.7858,-1.4138,0.3056,30.0000,21.7545,5.8761,13.1651,28.3386,0.0396,0.0234,0.0339,0.0545
Na2SbAgBr3I3,1.0623,-1.0392,1.9661,30.0000,22.5580,10.5579,1.0000,29.0348,0.0396,0.1578,0.0336,0.4638
Na2FeMnCl3I3,1.0552,-1.2853,0.4136,30.0000,22.0586,10.6145,1.0000,29.0427,0.0396,0.1600,0.0334,0.4681
K2GeBiO3Br3,1.7259,-1.4865,5.3695,30.0000,22.8130,5.7426,14.0713,28.7631,0.0396,0.0266,0.0342,0.0535
Na2GeMoS6,1.6694,-1.0430,8.5127,30.0000,23.5446,5.6668,14.6406,28.9266,0.0396,0.0309,0.0346,0.0529
Na2GeFeSe3Cl3,1.1138,-1.1896,6.7511,30.0000,23.5182,10.1459,1.0000,29.2866,0.0396,0.1533,0.0340,0.4542
Rb2AgInI6,1.2726,-1.1457,15.7204,30.0000,25.2201,8.2882,7.0953,29.5534,0.0396,0.1160,0.0351,0.0950
Rb2WSbS3I3,1.4602,-1.0361,16.5463,30.0000,25.2114,6.1957,15.5331,29.4978,0.0396,0.0623,0.0352,0.0534
Rb2WInSe3I3,1.5199,-1.0882,15.2849,30.0000,25.0119,5.8218,15.9918,29.4121,0.0396,0.0515,0.0351,0.0522
K2NbTaO3S3,1.7876,-2.1229,0.7841,30.0000,21.7979,5.7882,13.2059,28.3005,0.0397,0.0204,0.0339,0.0544
Rb2SnSbSe3Br3,1.3872,-1.1438,17.5712,30.0000,25.4569,6.7693,14.1366,29.5402,0.0397,0.0798,0.0353,0.0572
Rb2WSbSe3Br3,1.3051,-1.1469,16.3876,30.0000,25.2201,7.7987,9.7279,29.5589,0.0397,0.1029,0.0352,0.0745
K2MoWO3S3,1.8023,-1.6311,0.2585,30.0000,21.7633,5.8190,13.0803,28.2696,0.0397,0.0194,0.0340,0.0545
Rb2SnTaSe3Br3,1.3030,-1.4521,16.7668,30.0000,25.2766,7.7906,9.7100,29.5035,0.0397,0.1062,0.0352,0.0742
Na2GeSbSe3Cl3,1.7076,-1.0475,6.0837,30.0000,23.0209,5.6370,14.3780,28.6550,0.0397,0.0282,0.0345,0.0532
Na2MnInSe6,1.0628,-0.9552,1.4640,30.0000,22.3740,10.5620,1.0000,29.1522,0.0397,0.1582,0.0334,0.4652
Na2CrWO3Cl3,1.8017,-1.6692,0.1324,30.0000,21.7129,5.8672,13.0599,28.3406,0.0397,0.0211,0.0338,0.0546
Rb2ZrWSe6,1.3231,-1.3299,17.0468,30.0000,25.3388,7.7301,10.1514,29.5278,0.0397,0.1037,0.0353,0.0722
Na2NbZnO3F3,1.8023,-2.4652,0.1457,30.0000,21.6887,5.7759,13.1888,28.2057,0.0397,0.0187,0.0339,0.0543
Rb2NbFeSe3I3,1.3193,-1.2202,16.8662,30.0000,25.2676,7.6467,10.3054,29.5340,0.0397,0.0999,0.0353,0.0709
K2SnWO3Se3,1.8008,-1.5037,0.3023,30.0000,21.6791,5.8050,12.9654,28.1933,0.0397,0.0161,0.0340,0.0546
Rb2NbTaSe6,1.3712,-1.2761,17.4002,30.0000,25.3480,7.0652,13.2782,29.5825,0.0397,0.0892,0.0354,0.0599
K2NbTaO3Se3,1.7877,-2.1159,0.7664,30.0000,21.8364,5.8153,13.2088,28.2991,0.0397,0.0228,0.0340,0.0545
K2MoBiO3Cl3,1.7992,-1.7650,0.2682,30.0000,21.6919,5.8145,13.1611,28.3020,0.0397,0.0218,0.0339,0.0547
Rb2WFeSe3Br3,1.4635,-1.2561,17.5425,30.0000,25.3347,6.2043,15.7810,29.5355,0.0397,0.0687,0.0354,0.0532
Rb2NbMnSe3I3,1.3612,-1.2595,16.8834,30.0000,25.2783,7.1715,12.6769,29.5436,0.0397,0.0921,0.0353,0.0607
Na2SnGaSe3Cl3,1.7768,-1.2622,1.6640,30.0000,21.8418,5.7845,13.4190,28.4349,0.0397,0.0209,0.0340,0.0540
Rb2SnSbS3I3,1.4553,-0.9917,17.7411,30.0000,25.2945,6.3911,15.1313,29.5499,0.0397,0.0724,0.0354,0.0548
K2GeMnBr3I3,1.0787,-1.2522,4.4419,30.0000,22.9035,10.4299,1.0000,29.1441,0.0398,0.1568,0.0339,0.4682
Na2MoSbO3Cl3,1.7962,-1.7296,0.2890,30.0000,21.6438,5.8013,13.2159,28.3340,0.0398,0.0190,0.0339,0.0541
Na2WSbO3Cl3,1.8066,-1.6880,0.2164,30.0000,21.6959,5.7890,13.1713,28.1755,0.0398,0.0204,0.0340,0.0542
Rb2TiInSe3I3,1.3713,-1.3959,17.4185,30.0000,25.3002,6.9554,13.7060,29.5912,0.0398,0.0854,0.0352,0.0585
Na2AgGaF3I3,1.0759,-1.8764,3.8082,30.0000,22.8584,10.3809,1.0000,29.1354,0.0398,0.1545,0.0337,0.4609
Rb2CrMnSe3I3,1.3470,-1.2061,17.6134,30.0000,25.4200,7.3333,11.8716,29.5930,0.0398,0.0923,0.0353,0.0636
Li2SnGaSe3Cl3,1.7697,-1.2325,1.7632,30.0000,22.0395,5.8012,13.3750,28.4674,0.0398,0.0203,0.0340,0.0543
K2ZrBiO3I3,1.7970,-1.8692,0.4489,30.0000,21.6133,5.8348,13.0148,28.3210,0.0398,0.0200,0.0339,0.0545
Rb2TaZnSe3Br3,1.3023,-1.4450,17.7285,30.0000,25.3126,7.9036,9.2762,29.5395,0.0398,0.1104,0.0354,0.0785
Rb2MoBiS3I3,1.2645,-1.0500,16.5864,30.0000,25.1380,8.3510,6.9671,29.5872,0.0398,0.1178,0.0352,0.0964
K2WGaO3Br3,1.7893,-1.7092,1.4337,30.0000,21.8869,5.7712,13.2163,28.2468,0.0398,0.0214,0.0340,0.0545
K2GeBiS3I3,1.7520,-0.9852,4.4672,30.0000,22.4798,5.7225,13.7461,28.6018,0.0398,0.0227,0.0343,0.0540
Rb2ZrGaSe3I3,1.4448,-1.4236,17.4887,30.0000,25.1915,6.4367,14.8898,29.4548,0.0398,0.0731,0.0355,0.0551
Li2MoGaS3Cl3,1.7878,-1.2563,2.3307,30.0000,21.9483,5.7693,13.2227,28.3761,0.0398,0.0225,0.0341,0.0548
Rb2ZrInSe3I3,1.4828,-1.4160,16.6747,30.0000,25.1224,6.1618,15.5422,29.4238,0.0398,0.0635,0.0353,0.0533
K2WGaS3Cl3,1.7812,-1.3580,1.6584,30.0000,21.9429,5.8396,13.1072,28.3034,0.0398,0.0267,0.0341,0.0549
Rb2WMnSe6,1.3083,-1.0882,17.7269,30.0000,25.3897,7.8901,9.3084,29.6232,0.0399,0.1088,0.0353,0.0772
K2GeInO3I3,1.7244,-1.3960,6.4221,30.0000,22.8892,5.6841,14.0256,28.6978,0.0399,0.0217,0.0345,0.0537
Li2WGaSe3F3,1.7963,-1.8571,1.7435,30.0000,21.8608,5.8252,13.1962,28.3573,0.0399,0.0206,0.0341,0.0547
Li2GeWO3Se3,1.7257,-1.4972,6.3886,30.0000,22.8150,5.6500,14.1864,28.6682,0.0399,0.0217,0.0345,0.0538
Li2GeGaO3I3,1.7068,-1.4055,7.6473,30.0000,23.0637,5.7249,14.3523,28.8240,0.0399,0.0298,0.0345,0.0537
Rb2GeBiSe3I3,1.3529,-0.9902,17.9669,30.0000,25.3720,7.3922,11.4101,29.5665,0.0399,0.0942,0.0354,0.0663
Rb2TaMnS3I3,1.4647,-1.2663,18.1083,30.0000,25.2656,6.1755,15.7166,29.4766,0.0399,0.0661,0.0355,0.0535
Rb2TaSbSe6,1.2469,-1.0439,16.8858,30.0000,25.1571,8.5889,5.9282,29.5330,0.0399,0.1246,0.0352,0.1131
Na2SnBiO3Br3,1.8005,-1.4177,0.1759,30.0000,21.4582,5.8888,13.0004,28.2668,0.0399,0.0231,0.0339,0.0549
Na2MnSbSe3I3,1.0436,-0.8903,0.5067,30.0000,21.9125,10.6247,1.0000,29.1237,0.0399,0.1586,0.0333,0.4655
K2VZnO3F3,1.8192,-2.6802,0.1142,30.0000,21.5699,5.9441,12.6674,28.1825,0.0399,0.0172,0.0339,0.0557
Rb2CrWSe3Br3,1.4433,-1.3051,17.6232,30.0000,25.1853,6.3822,15.1002,29.4716,0.0399,0.0698,0.0354,0.0549
Na2VSbO3S3,1.8062,-1.6609,0.2340,30.0000,21.5215,5.8024,12.9647,28.1487,0.0399,0.0214,0.0340,0.0549
K2VZnO3Cl3,1.8199,-1.9505,0.0967,30.0000,21.4028,5.8676,12.8907,28.1282,0.0399,0.0219,0.0340,0.0552
Rb2WGaSe3I3,1.5554,-1.0769,15.9664,30.0000,24.7231,5.5950,16.0543,29.2720,0.0399,0.0431,0.0354,0.0519
Rb2TaMnSe3Br3,1.2992,-1.5221,17.9377,30.0000,25.2604,7.9174,9.1898,29.5980,0.0399,0.1091,0.0355,0.0790
Na2SbZnO3F3,1.8075,-2.2348,0.1766,30.0000,21.5128,5.8194,13.0388,28.1982,0.0399,0.0198,0.0339,0.0548
Rb2SnZnCl3I3,1.4421,-1.4084,18.6442,30.0000,25.3605,6.3859,15.2148,29.5234,0.0399,0.0707,0.0355,0.0549
Rb2GeTaSe3I3,1.3810,-1.2011,18.7019,30.0000,25.4208,6.9761,13.3236,29.5447,0.0399,0.0885,0.0355,0.0595
Na2MoInO3Br3,1.7941,-1.6754,1.5996,30.0000,21.7381,5.7601,13.2789,28.2524,0.0399,0.0193,0.0342,0.0548
Rb2VMnSe3I3,1.2561,-1.2424,17.6549,30.0000,25.1298,8.3874,6.9707,29.5734,0.0399,0.1190,0.0353,0.0966
Rb2TiGaSe3I3,1.4136,-1.4095,18.3085,30.0000,25.2885,6.7024,14.5215,29.4628,0.0399,0.0821,0.0355,0.0563
Na2MoBiO3Cl3,1.8236,-1.7113,0.2701,30.0000,21.4379,5.8353,12.8095,28.0660,0.0400,0.0209,0.0340,0.0554
Na2MoGaO3Br3,1.7903,-1.7063,1.7860,30.0000,21.8167,5.8481,13.1161,28.3264,0.0400,0.0212,0.0341,0.0552
Rb2SnInSe3I3,1.5268,-1.0061,16.2430,30.0000,24.8230,5.8168,15.9014,29.3339,0.0400,0.0544,0.0354,0.0525
Rb2NbSbSe6,1.3221,-1.0352,18.2751,30.0000,25.3017,7.5265,10.8168,29.4821,0.0400,0.1005,0.0354,0.0699
K2MnSbSe3I3,1.0366,-0.9878,0.4968,30.0000,21.7783,10.6654,1.0000,29.0075,0.0400,0.1614,0.0334,0.4685
K2TaSbO3S3,1.8103,-1.7982,0.7689,30.0000,21.5667,5.8772,12.8239,28.1670,0.0400,0.0210,0.0341,0.0554
Rb2WSbO3I3,1.4983,-1.4003,17.4212,30.0000,25.0594,6.0333,15.6874,29.4154,0.0400,0.0595,0.0354,0.0534
Rb2MoWSe6,1.2500,-1.0647,17.0082,30.0000,25.0632,8.5918,5.9242,29.5559,0.0400,0.1250,0.0354,0.1118
Rb2MnBiO3I3,1.4701,-1.4063,18.2210,30.0000,25.2048,6.0814,15.9465,29.4995,0.0400,0.0626,0.0355,0.0533
K2AgGaI6,1.0497,-1.0763,2.7412,30.0000,22.1610,10.5909,1.0000,29.0549,0.0400,0.1608,0.0337,0.4711
Na2TiFeSe3I3,1.0343,-1.1530,0.4855,30.0000,21.8977,10.7068,1.0000,29.0962,0.0400,0.1606,0.0334,0.4681
Rb2TiSbSe3I3,1.2346,-1.1985,16.5173,30.0000,24.9381,8.7412,5.5406,29.6217,0.0400,0.1252,0.0352,0.1192
Na2SbCuS3Br3,1.0406,-1.0126,0.1370,30.0000,21.6447,10.6969,1.0000,29.0183,0.0400,0.1609,0.0333,0.4691
Rb2TiWSe6,1.2881,-1.2878,17.8725,30.0000,25.2175,7.9289,9.2021,29.5367,0.0400,0.1098,0.0353,0.0779
Rb2TaCuS3I3,1.4860,-1.1845,17.9408,30.0000,25.1083,6.0509,15.7399,29.3905,0.0400,0.0623,0.0355,0.0532
Rb2TaFeSe3Br3,1.2918,-1.4354,17.9184,30.0000,25.2409,8.0267,8.7482,29.5450,0.0400,0.1102,0.0354,0.0824
Rb2CrWSe6,1.2947,-1.1418,17.7895,30.0000,25.2251,8.0315,8.6711,29.5373,0.0400,0.1099,0.0354,0.0811
Rb2WBiS3I3,1.5789,-1.0996,15.1745,30.0000,24.5195,5.6367,15.7956,29.3190,0.0400,0.0439,0.0353,0.0526
Na2SnCuCl3I3,1.0374,-1.1038,0.4310,30.0000,21.7866,10.6668,1.0000,28.9816,0.0400,0.1621,0.0334,0.4696
Rb2NbFeS3I3,1.3992,-1.2194,19.7206,30.0000,25.3408,6.6763,14.5003,29.5840,0.0400,0.0805,0.0357,0.0569
Na2GeGaO3Br3,1.7112,-1.4887,8.8585,30.0000,23.2053,5.6404,14.4217,28.7747,0.0400,0.0258,0.0347,0.0538
K2GeCuO3Se3,1.0954,-1.3201,7.0292,30.0000,23.2527,10.2236,1.0011,29.1645,0.0400,0.1549,0.0343,0.4606
Rb2VTaSe6,1.2940,-1.3011,18.2121,30.0000,25.2537,7.9960,8.6340,29.6088,0.0400,0.1094,0.0354,0.0827
K2MnGaO3S3,1.7931,-1.8384,2.4047,30.0000,21.8723,5.8725,13.0353,28.3499,0.0400,0.0208,0.0342,0.0554
K2MnSbS3Se3,1.0347,-0.9557,0.2984,30.0000,21.7334,10.7661,1.0000,29.0894,0.0400,0.1624,0.0333,0.4696
Rb2NbMnSe3Br3,1.3626,-1.4658,19.5553,30.0000,25.3983,7.0943,12.9270,29.5377,0.0401,0.0899,0.0356,0.0618
Rb2MnBiS3I3,1.2405,-1.0581,17.2638,30.0000,25.0403,8.5951,5.8637,29.5804,0.0401,0.1227,0.0353,0.1114
Na2GeInO3Br3,1.7255,-1.5287,8.0518,30.0000,22.9177,5.6806,14.1064,28.7431,0.0401,0.0237,0.0347,0.0546
Rb2SnZnBr3I3,1.1962,-1.3073,16.1031,30.0000,24.8973,9.1802,3.3889,29.5360,0.0401,0.1363,0.0353,0.1800
Rb2NbZnSe3Br3,1.3508,-1.4057,19.3022,30.0000,25.2771,7.3366,12.0934,29.5864,0.0401,0.0974,0.0356,0.0646
Rb2GeSbSe3I3,1.3730,-0.9508,19.5452,30.0000,25.3295,7.0914,13.1197,29.5168,0.0401,0.0906,0.0357,0.0608
Na2CrMoO3F3,1.8243,-2.5672,0.2327,30.0000,21.3254,5.8724,12.7051,28.0658,0.0401,0.0206,0.0340,0.0559
Rb2MoFeSe3Br3,1.3032,-1.2295,19.4858,30.0000,25.2933,7.9293,9.0366,29.5715,0.0401,0.1116,0.0357,0.0801
Rb2SnNbS3I3,1.4859,-1.2338,18.3196,30.0000,25.1342,6.0796,15.6332,29.4877,0.0401,0.0617,0.0355,0.0539
Rb2TiSbS3I3,1.4541,-1.2835,19.2387,30.0000,25.2038,6.2546,15.5644,29.5337,0.0401,0.0686,0.0356,0.0538
Rb2SnMnI6,1.1702,-1.1507,14.4329,30.0000,24.5238,9.4444,2.6730,29.3596,0.0401,0.1409,0.0351,0.2175
Li2GeGaSe3I3,1.7544,-0.9023,5.9157,30.0000,22.3980,5.8090,13.5884,28.5610,0.0401,0.0225,0.0345,0.0552
Rb2SbAgCl3I3,1.3823,-1.2539,19.3236,30.0000,25.2789,6.9785,13.6776,29.5420,0.0401,0.0905,0.0356,0.0591
Rb2MoInS3I3,1.4147,-1.1403,19.2521,30.0000,25.2460,6.6023,14.7331,29.4742,0.0401,0.0776,0.0356,0.0563
K2WMnO3S3,1.8212,-1.6894,0.1461,30.0000,21.2934,5.8465,12.8376,28.0064,0.0401,0.0205,0.0341,0.0554
Rb2MnSbO3I3,1.3787,-1.4368,20.2480,30.0000,25.4517,6.9620,13.4960,29.5803,0.0401,0.0885,0.0357,0.0593
Rb2ZrWS3Se3,1.4681,-1.3909,19.9980,30.0000,25.3098,6.0608,16.0777,29.4645,0.0401,0.0662,0.0358,0.0533
Rb2TiSbSe3Br3,1.2968,-1.4648,19.0547,30.0000,25.2460,7.9163,9.1151,29.4676,0.0401,0.1084,0.0356,0.0788
K2SnCrSe3Br3,1.0488,-1.2594,0.2220,30.0000,21.6130,10.6449,1.0000,29.0532,0.0402,0.1598,0.0333,0.4662
Rb2FeSbO3I3,1.3817,-1.3176,20.2233,30.0000,25.3749,6.9725,13.5364,29.6307,0.0402,0.0877,0.0356,0.0596
Rb2SnFeF3I3,1.3825,-1.9420,20.0455,30.0000,25.3351,6.8638,13.9467,29.5645,0.0402,0.0845,0.0357,0.0588
K2NbMnO3Cl3,1.8274,-2.1540,0.1351,30.0000,21.1293,5.8777,12.7010,28.0844,0.0402,0.0182,0.0340,0.0559
Rb2NbMnS3I3,1.4122,-1.2474,19.7441,30.0000,25.2723,6.7067,14.5345,29.4618,0.0402,0.0813,0.0357,0.0566
K2SbAgI6,1.0430,-0.9178,1.8937,30.0000,21.7445,10.6002,1.0000,28.9994,0.0402,0.1609,0.0336,0.4704
K2TiBiO3Br3,1.8259,-1.9463,0.1468,30.0000,21.2632,5.8764,12.7035,27.9773,0.0402,0.0221,0.0340,0.0556
Rb2ZrFeSe3I3,1.2111,-1.3247,16.8726,30.0000,24.8539,8.9336,4.2948,29.4388,0.0402,0.1321,0.0353,0.1463
Rb2SbZnSe3Br3,1.5287,-1.1967,18.6526,30.0000,24.9726,5.6657,16.1154,29.3339,0.0402,0.0495,0.0357,0.0524
Na2MoSbSe3I3,1.0424,-0.8989,0.5540,30.0000,21.6996,10.6657,1.0000,29.0340,0.0402,0.1604,0.0334,0.4663
Rb2MoGaSe3Br3,1.2972,-1.3370,20.1605,30.0000,25.3740,7.9023,9.2241,29.5508,0.0402,0.1114,0.0357,0.0789
Rb2TaCuO3I3,1.4740,-1.8053,18.9587,30.0000,25.0384,6.1645,15.5676,29.3980,0.0402,0.0664,0.0357,0.0544
Na2NbCuSe3Br3,1.0288,-1.2078,0.2386,30.0000,21.4889,10.7895,1.0000,29.0771,0.0402,0.1630,0.0333,0.4683
Rb2AgInBr3I3,1.2275,-1.2462,17.6544,30.0000,24.9520,8.7939,4.9509,29.5633,0.0402,0.1293,0.0354,0.1285
Rb2NbZnS3I3,1.4515,-1.2323,19.4887,30.0000,25.1583,6.3086,15.3499,29.4710,0.0402,0.0709,0.0357,0.0549
K2GeSbO3Br3,1.7471,-1.4688,6.1774,30.0000,22.4329,5.8436,13.4541,28.6100,0.0402,0.0280,0.0345,0.0553
Rb2MnZnCl3I3,1.3223,-1.4233,20.1271,30.0000,25.4505,7.6583,10.5477,29.6384,0.0402,0.1053,0.0357,0.0708
Rb2WSbSe3F3,1.4601,-1.8323,20.2651,30.0000,25.2202,6.2202,15.4414,29.5735,0.0402,0.0653,0.0357,0.0545
Rb2SnMnCl3I3,1.2632,-1.3955,18.8780,30.0000,25.1849,8.4046,6.7296,29.4928,0.0402,0.1204,0.0356,0.1017
Rb2MoSbO3I3,1.5029,-1.3880,19.3086,30.0000,25.0949,5.8916,15.8024,29.5052,0.0402,0.0525,0.0356,0.0535
K2WSbO3Cl3,1.8392,-1.7852,0.2177,30.0000,21.0940,5.9447,12.3185,27.9900,0.0402,0.0190,0.0342,0.0566
Na2GeWO6,1.7260,-2.0762,8.6384,30.0000,22.8855,5.6693,13.9848,28.6756,0.0402,0.0218,0.0347,0.0546
Na2MoGaO3I3,1.8050,-1.5839,1.7917,30.0000,21.4322,5.8186,13.0085,28.2220,0.0402,0.0219,0.0342,0.0555
Rb2MoGaSe3I3,1.2118,-1.0921,17.4491,30.0000,24.9151,9.0248,3.8948,29.5030,0.0402,0.1345,0.0353,0.1607
Rb2SbZnO3I3,1.4954,-1.2754,19.9796,30.0000,25.1310,5.9647,15.8699,29.4082,0.0402,0.0602,0.0358,0.0535
Rb2MoInSe3Br3,1.2734,-1.3275,19.0769,30.0000,25.1725,8.3062,7.5287,29.5722,0.0402,0.1175,0.0356,0.0916
Rb2MoInSe3I3,1.1972,-1.0938,16.6407,30.0000,24.7746,9.2290,2.9698,29.4735,0.0403,0.1422,0.0353,0.2017
Rb2TaFeSe3Cl3,1.3918,-1.5400,21.0903,30.0000,25.4057,6.7917,14.2899,29.5568,0.0403,0.0846,0.0358,0.0572
Rb2MoGaS3I3,1.4757,-1.1269,20.3450,30.0000,25.1533,6.1871,15.5147,29.4482,0.0403,0.0699,0.0359,0.0543
Rb2VMnSe3Br3,1.3126,-1.4584,20.6199,30.0000,25.3851,7.5841,10.7452,29.6094,0.0403,0.0986,0.0357,0.0702
Rb2NbFeSe3Br3,1.3119,-1.3758,19.5320,30.0000,25.3235,7.8333,9.7704,29.5865,0.0403,0.1089,0.0356,0.0764
Rb2WSbS3Br3,1.5152,-1.2122,19.1034,30.0000,25.0211,5.8638,15.9534,29.4450,0.0403,0.0554,0.0357,0.0532
Rb2TaCuSe3Cl3,1.3694,-1.4407,20.8857,30.0000,25.3956,6.9659,13.4681,29.5010,0.0403,0.0886,0.0359,0.0598
Na2TiWO3S3,1.8364,-1.9610,0.1470,30.0000,21.1885,5.8991,12.5161,27.9884,0.0403,0.0223,0.0342,0.0562
Rb2SnZnF3I3,1.4822,-2.0183,19.8058,30.0000,25.0608,6.1930,15.4190,29.4859,0.0403,0.0664,0.0357,0.0544
K2GeZnO3Se3,1.7514,-1.3155,6.9921,30.0000,22.5221,5.7298,13.7853,28.6060,0.0403,0.0228,0.0347,0.0550
Na2GeSbO3Br3,1.7566,-1.3840,6.5398,30.0000,22.3756,5.7424,13.5330,28.5261,0.0403,0.0230,0.0347,0.0553
Rb2SnVSe3Br3,1.2570,-1.4200,19.0534,30.0000,25.0952,8.6019,5.8541,29.5988,0.0403,0.1276,0.0356,0.1135
Rb2CrWS3I3,1.5541,-1.1958,17.7940,30.0000,24.7705,5.7280,15.8209,29.3717,0.0403,0.0489,0.0356,0.0533
Rb2TiCrS3I3,1.3663,-1.4035,20.9646,30.0000,25.3750,6.9956,13.2596,29.5113,0.0403,0.0875,0.0358,0.0605
Rb2SnInSe3Br3,1.5357,-1.2473,18.5525,30.0000,24.8229,5.7228,15.9652,29.3777,0.0403,0.0499,0.0356,0.0531
Rb2SnNbSe3Br3,1.2366,-1.4238,18.1443,30.0000,24.9278,8.6888,5.6728,29.5421,0.0403,0.1250,0.0354,0.1173
Rb2MoWS3Se3,1.4511,-1.1268,19.9347,30.0000,25.1968,6.2830,15.4374,29.4774,0.0403,0.0693,0.0358,0.0546
Rb2SnGaSe3I3,1.5781,-1.0162,17.0142,30.0000,24.5680,5.6880,15.4929,29.2216,0.0403,0.0433,0.0355,0.0536
Rb2ZrCrS3I3,1.2789,-1.3969,19.8350,30.0000,25.1713,8.1486,7.9862,29.5591,0.0403,0.1159,0.0357,0.0884
Rb2WAgO3I3,1.5213,-1.3972,19.2384,30.0000,25.0093,5.8967,15.7192,29.3858,0.0403,0.0555,0.0357,0.0537
Rb2WSbSe3Cl3,1.5214,-1.2698,19.0443,30.0000,24.9389,5.7247,16.0775,29.2720,0.0403,0.0530,0.0358,0.0529
Rb2TaMnSe3Cl3,1.4165,-1.6055,21.1169,30.0000,25.2937,6.6548,14.3982,29.5610,0.0403,0.0815,0.0359,0.0574
Rb2MnZnF3I3,1.4257,-2.0759,21.4906,30.0000,25.3504,6.4355,15.2867,29.6217,0.0403,0.0760,0.0359,0.0553
Rb2SbZnS3I3,1.5304,-1.0711,18.8329,30.0000,24.8420,5.8209,15.8446,29.3541,0.0403,0.0561,0.0357,0.0534
Rb2VFeSe3I3,1.2072,-1.2100,17.6361,30.0000,24.8222,9.0378,3.6619,29.3897,0.0403,0.1361,0.0355,0.1666
Na2ZrMoO6,1.8431,-2.7393,0.2532,30.0000,21.1245,5.9569,12.3856,28.0519,0.0403,0.0202,0.0340,0.0569
Rb2CrMnS3I3,1.4368,-1.2278,20.7652,30.0000,25.2466,6.3661,15.3475,29.4853,0.0403,0.0757,0.0358,0.0551
K2NbCuSe3Br3,1.0326,-1.3127,0.2386,30.0000,21.4957,10.7317,1.0000,28.9543,0.0404,0.1637,0.0334,0.4718
Rb2SnVS3I3,1.2429,-1.1763,19.2374,30.0000,25.0116,8.6683,5.4666,29.4844,0.0404,0.1280,0.0357,0.1183
Rb2GeWSe6,1.3397,-1.0025,21.1379,30.0000,25.3797,7.3829,11.9018,29.5170,0.0404,0.1000,0.0359,0.0656
Na2TiGaO3Br3,1.8078,-2.0805,1.8429,30.0000,21.4800,5.8579,12.9237,28.1508,0.0404,0.0202,0.0342,0.0557
Rb2MnSbF3I3,1.4851,-2.0743,20.0172,30.0000,25.1732,6.0550,15.6886,29.4729,0.0404,0.0650,0.0357,0.0542
Rb2TiWS3Se3,1.4568,-1.3806,21.1556,30.0000,25.2373,6.3468,15.2889,29.4936,0.0404,0.0718,0.0359,0.0554
Rb2CrWS3Se3,1.4436,-1.1954,21.0384,30.0000,25.2446,6.3605,15.3685,29.5233,0.0404,0.0740,0.0359,0.0554
Li2WGaO3I3,1.8206,-1.5664,1.6328,30.0000,21.4427,5.8947,12.8191,28.1539,0.0404,0.0239,0.0341,0.0558
Rb2VMnS3I3,1.3084,-1.2661,20.8189,30.0000,25.3348,7.6373,10.6463,29.5973,0.0404,0.1052,0.0358,0.0712
Rb2TaZnSe3Cl3,1.4808,-1.5130,20.8273,30.0000,25.1566,6.1401,15.7539,29.4550,0.0404,0.0664,0.0359,0.0542
Rb2SnGaSe3Br3,1.5080,-1.2494,19.5783,30.0000,24.9632,5.9473,15.9449,29.3929,0.0404,0.0603,0.0357,0.0535
Rb2WInSe3Br3,1.5755,-1.3614,17.2927,30.0000,24.5189,5.5676,15.7752,29.2457,0.0404,0.0408,0.0356,0.0530
Rb2MoSbS3I3,1.1988,-1.0062,18.2397,30.0000,24.9781,9.0046,3.9947,29.4327,0.0404,0.1365,0.0355,0.1577
Rb2NbCuO3I3,1.4734,-1.6807,20.7792,30.0000,25.1192,6.0629,15.9532,29.4940,0.0404,0.0654,0.0359,0.0539
Rb2TaFeS3Br3,1.3952,-1.4627,21.1752,30.0000,25.3206,6.8286,14.0482,29.5396,0.0404,0.0834,0.0359,0.0581
Na2NbSbO6,1.8445,-2.3174,0.2747,30.0000,20.9520,5.9370,12.4281,27.9594,0.0404,0.0215,0.0341,0.0567
Rb2TaCuS3Br3,1.4249,-1.3836,20.9677,30.0000,25.3077,6.5603,14.9366,29.5516,0.0404,0.0797,0.0358,0.0561
Rb2MnCuF3I3,1.4270,-1.9930,21.5533,30.0000,25.2802,6.5616,14.5478,29.5255,0.0404,0.0750,0.0360,0.0574
Rb2MoAgO3I3,1.4418,-1.3463,21.3572,30.0000,25.3284,6.3628,15.4159,29.5370,0.0404,0.0749,0.0360,0.0551
K2CrWO3S3,1.8438,-1.7433,0.1535,30.0000,20.9453,5.9740,12.2472,27.8845,0.0404,0.0204,0.0341,0.0571
Rb2TiInSe3Br3,1.5061,-1.6221,20.1345,30.0000,24.9383,5.8496,15.8610,29.3954,0.0404,0.0574,0.0358,0.0536
Li2GeMoS6,1.7300,-1.0181,9.2436,30.0000,22.7706,5.8035,13.8350,28.6825,0.0404,0.0238,0.0349,0.0557
K2CrWO3Cl3,1.8396,-1.8021,0.1396,30.0000,20.9444,5.9317,12.5114,28.1258,0.0404,0.0198,0.0341,0.0562
Rb2TaZnS3I3,1.5692,-1.2451,17.8972,30.0000,24.5932,5.6307,15.8787,29.2830,0.0405,0.0439,0.0357,0.0531
Na2CrWO6,1.8513,-2.1727,0.1516,30.0000,20.8630,5.9584,12.2827,27.8993,0.0405,0.0214,0.0342,0.0572
Rb2VTaS3Se3,1.3464,-1.3283,21.5593,30.0000,25.3287,7.4048,11.5426,29.5476,0.0405,0.1003,0.0359,0.0670
Rb2SnMoS3Se3,1.3900,-1.0243,21.7187,30.0000,25.3327,6.8490,14.0646,29.6348,0.0405,0.0856,0.0359,0.0586
Na2MnGaO3S3,1.8191,-1.7672,2.6265,30.0000,21.4165,5.8582,12.8702,28.1605,0.0405,0.0204,0.0343,0.0559
Rb2WFeSe3Cl3,1.5088,-1.3432,20.6358,30.0000,24.9818,5.9592,15.8643,29.3671,0.0405,0.0604,0.0359,0.0540
Rb2GeInSe3I3,1.5152,-0.9994,20.4451,30.0000,25.0054,5.9021,15.8191,29.3966,0.0405,0.0555,0.0358,0.0539
Li2GeGaSe3Br3,1.7697,-1.1420,6.8301,30.0000,22.2986,5.7540,13.6183,28.4285,0.0405,0.0246,0.0347,0.0553
Rb2MoBiO3I3,1.5983,-1.3728,17.4641,30.0000,24.4124,5.6487,15.4303,29.2400,0.0405,0.0406,0.0356,0.0538
Rb2SnFeO3I3,1.4874,-1.2990,20.2772,30.0000,25.0378,5.9649,15.9304,29.4162,0.0405,0.0599,0.0359,0.0535
Rb2WGaSe3Br3,1.5617,-1.3491,18.1813,30.0000,24.6641,5.7568,15.5296,29.2903,0.0405,0.0444,0.0356,0.0537
Rb2ZrInSe3Br3,1.5341,-1.6549,19.1299,30.0000,24.8083,5.7833,15.9212,29.3407,0.0405,0.0558,0.0358,0.0531
K2TiMoO3S3,1.8411,-2.0774,0.2212,30.0000,20.9883,5.9338,12.3695,27.9117,0.0405,0.0183,0.0342,0.0567
Rb2ZrGaSe3Br3,1.5222,-1.6676,20.2228,30.0000,24.9659,5.7060,16.1445,29.2866,0.0405,0.0520,0.0359,0.0531
Rb2SnNbSe3Cl3,1.4357,-1.6391,21.4677,30.0000,25.3029,6.4558,14.8796,29.5788,0.0405,0.0765,0.0359,0.0560
Rb2WAgS3I3,1.5746,-1.0800,18.2573,30.0000,24.4894,5.5868,15.7890,29.1855,0.0405,0.0432,0.0357,0.0531
Rb2MoFeS3I3,1.2218,-1.0895,19.6738,30.0000,24.9773,8.8604,4.3246,29.5151,0.0405,0.1347,0.0357,0.1435
Rb2MnBiO3Se3,1.4139,-1.3842,21.6415,30.0000,25.4007,6.6848,14.6816,29.5196,0.0405,0.0837,0.0359,0.0568
K2SbCuO3Br3,1.0191,-1.4162,0.1450,30.0000,21.1416,10.7828,1.0000,28.9832,0.0405,0.1653,0.0334,0.4741
Na2GeTaO3Cl3,1.7479,-1.9975,8.2044,30.0000,22.5665,5.7146,13.7991,28.4933,0.0405,0.0222,0.0349,0.0552
Rb2MnBiO3Br3,1.3012,-1.5371,21.4231,30.0000,25.3113,7.7667,9.9092,29.5827,0.0405,0.1089,0.0359,0.0750
Na2SnTaO3Cl3,1.8409,-2.1011,0.7425,30.0000,20.9690,5.9000,12.4963,27.9034,0.0405,0.0201,0.0342,0.0565
Rb2SnGeCl3I3,1.4000,-1.3500,22.4731,30.0000,25.3497,6.7691,14.2478,29.5025,0.0405,0.0840,0.0361,0.0582
Rb2AgGaCl3I3,1.3060,-1.3823,21.4407,30.0000,25.2955,7.8936,9.1125,29.5669,0.0405,0.1098,0.0359,0.0795
K2GeMoS6,1.7642,-1.0723,7.9056,30.0000,22.2885,5.7877,13.6296,28.5553,0.0405,0.0231,0.0348,0.0557
Na2GeCrSe6,1.0523,-0.9619,5.5912,30.0000,22.2847,10.6255,1.0000,29.0933,0.0405,0.1660,0.0341,0.4824
Rb2TaCuSe3Br3,1.1802,-1.3521,17.7718,30.0000,24.6270,9.2960,2.9965,29.4578,0.0406,0.1429,0.0355,0.2020
Rb2WBiO3I3,1.6385,-1.4097,15.9060,30.0000,23.9730,5.6459,15.1539,29.1014,0.0406,0.0371,0.0355,0.0540
Rb2CrMoSe6,1.2280,-1.1654,19.7766,30.0000,24.9138,8.7580,5.0604,29.4479,0.0406,0.1300,0.0358,0.1305
Na2CrMnSe6,1.0236,-1.0961,0.3432,30.0000,21.2092,10.7761,1.0000,29.0637,0.0406,0.1628,0.0334,0.4699
Rb2FeMnF3I3,1.4112,-2.0202,21.7740,30.0000,25.2443,6.6684,14.6242,29.5189,0.0406,0.0799,0.0360,0.0572
Rb2SnNbS3Br3,1.3269,-1.3829,21.5594,30.0000,25.2681,7.6593,10.1008,29.5257,0.0406,0.1057,0.0359,0.0737
Rb2MoSbSe3F3,1.3642,-1.8742,22.8917,30.0000,25.3861,7.1979,12.4845,29.6570,0.0406,0.0977,0.0360,0.0640
K2AgInI6,1.0317,-1.0944,2.6051,30.0000,21.5623,10.7115,1.0000,28.9936,0.0406,0.1657,0.0338,0.4792
Rb2GeGaSe3I3,1.4805,-0.9993,21.4580,30.0000,25.2314,6.2035,15.4841,29.4761,0.0406,0.0681,0.0360,0.0550
Rb2TaZnO3I3,1.5760,-1.8343,18.9104,30.0000,24.6353,5.7046,15.6464,29.2580,0.0406,0.0460,0.0358,0.0540
Rb2VFeSe3Br3,1.2362,-1.3602,20.5941,30.0000,25.0335,8.6702,5.4350,29.4887,0.0406,0.1299,0.0358,0.1225
K2GeTaO3Cl3,1.7552,-2.0127,7.6764,30.0000,22.3733,5.7365,13.7019,28.4773,0.0406,0.0247,0.0348,0.0554
Rb2VZnS3I3,1.2548,-1.2087,20.5347,30.0000,25.1522,8.4161,6.7926,29.5060,0.0406,0.1212,0.0358,0.1008
K2GeFeS3Se3,1.0638,-0.9443,6.4986,30.0000,22.4643,10.5691,1.0000,29.1435,0.0406,0.1660,0.0342,0.4857
Rb2TaCuO3Br3,1.3883,-1.8443,22.3972,30.0000,25.3713,6.8866,14.0617,29.6051,0.0406,0.0882,0.0360,0.0589
Na2SbCuSe3Cl3,1.0195,-1.0775,0.2946,30.0000,21.2944,10.7257,1.0000,28.8766,0.0406,0.1628,0.0334,0.4702
Na2FeMnS3Se3,1.0155,-0.9722,0.2292,30.0000,21.1426,10.8511,1.0000,29.0109,0.0406,0.1660,0.0334,0.4738
Li2GeGaSe3F3,1.7416,-1.7546,9.5871,30.0000,22.6629,5.7063,13.9074,28.6156,0.0406,0.0242,0.0350,0.0552
Rb2SnMnF3I3,1.5558,-2.0807,20.0698,30.0000,24.7448,5.6379,16.1193,29.3287,0.0406,0.0482,0.0359,0.0531
Rb2MnGaSe6,1.2768,-1.0819,21.3535,30.0000,25.0822,8.0813,8.4623,29.5323,0.0406,0.1154,0.0359,0.0860
Na2GeGaSe3F3,1.7490,-1.8151,8.9474,30.0000,22.4501,5.7014,13.8534,28.5394,0.0406,0.0244,0.0349,0.0553
Rb2ZrFeS3I3,1.2197,-1.3534,19.7342,30.0000,24.9023,8.8785,4.4089,29.4586,0.0406,0.1335,0.0357,0.1431
Rb2MnGaO3I3,1.4304,-1.5385,22.7568,30.0000,25.3149,6.4555,15.0298,29.5173,0.0406,0.0737,0.0362,0.0566
Rb2GeTaSe3Br3,1.2669,-1.3688,21.3448,30.0000,25.1700,8.3437,7.0312,29.5442,0.0406,0.1254,0.0359,0.0973
Rb2GeSbSe3Br3,1.4373,-1.1091,22.5151,30.0000,25.1915,6.4121,15.1956,29.5162,0.0406,0.0763,0.0361,0.0557
Rb2ZrCrSe3Br3,1.2089,-1.6077,19.6451,30.0000,24.8667,9.0563,3.8180,29.4706,0.0407,0.1377,0.0358,0.1639
Rb2MnSbSe3Br3,1.1883,-1.2345,18.8885,30.0000,24.8122,9.2723,2.9739,29.4423,0.0407,0.1445,0.0357,0.2047
Rb2ZrFeSe3Br3,1.2165,-1.5618,19.5452,30.0000,24.8317,8.9649,4.1309,29.5239,0.0407,0.1341,0.0357,0.1579
Li2MoGaSe3F3,1.8141,-1.8546,2.0912,30.0000,21.1030,5.8711,12.6565,28.0640,0.0407,0.0216,0.0344,0.0564
Rb2VCuS3I3,1.2507,-1.1639,20.5922,30.0000,24.8985,8.6185,5.5058,29.5076,0.0407,0.1272,0.0358,0.1190
Rb2CrAgO3I3,1.4478,-1.4308,22.5146,30.0000,25.2797,6.4409,15.1719,29.5571,0.0407,0.0748,0.0360,0.0557
Rb2MnGaSe3I3,1.1650,-1.1937,18.1642,30.0000,24.5200,9.4554,2.5205,29.4098,0.0407,0.1461,0.0355,0.2357
Li2MoGaO3Br3,1.8436,-1.6431,1.9102,30.0000,21.0628,5.8795,12.5785,27.9679,0.0407,0.0195,0.0343,0.0567
K2GeVS3Br3,1.0596,-1.3567,6.3857,30.0000,22.2797,10.6585,1.0000,29.1158,0.0407,0.1666,0.0341,0.4877
Rb2SnCrS3Se3,1.3246,-1.0595,23.0452,30.0000,25.4597,7.5777,10.8387,29.5228,0.0407,0.1051,0.0361,0.0711
Rb2SnTaS3I3,1.6249,-1.2460,16.9263,30.0000,24.1381,5.5588,15.3911,29.0675,0.0407,0.0370,0.0356,0.0538
Rb2VCuSe3Br3,1.2663,-1.2995,20.3954,30.0000,25.0513,8.3598,6.7686,29.4655,0.0407,0.1244,0.0358,0.1006
Rb2VCuO3I3,1.4449,-1.6148,21.9743,30.0000,25.1421,6.3835,15.2449,29.4020,0.0407,0.0739,0.0361,0.0555
Rb2SnTaS3Br3,1.5775,-1.4393,19.5688,30.0000,24.5341,5.6803,15.7108,29.2410,0.0407,0.0446,0.0360,0.0542
K2MnBiSe3I3,1.0311,-1.0524,0.4679,30.0000,21.2587,10.8131,1.0000,29.0166,0.0407,0.1650,0.0335,0.4740
Rb2MnSbI6,1.1139,-1.1374,14.4111,30.0000,23.9064,10.0149,1.2468,29.3477,0.0407,0.1600,0.0350,0.4523
Rb2ZrMoS3Se3,1.3014,-1.3826,22.5576,30.0000,25.2560,7.8918,9.3350,29.5498,0.0407,0.1102,0.0361,0.0807
K2GeGaS3I3,1.7900,-0.9987,6.4314,30.0000,21.9801,5.8364,13.1998,28.3011,0.0407,0.0209,0.0347,0.0564
Rb2TaFeS3I3,1.6037,-1.2323,18.0888,30.0000,24.2989,5.6918,15.3553,29.2177,0.0407,0.0457,0.0357,0.0542
Rb2SnVSe3I3,1.1570,-1.1205,16.5162,30.0000,24.2664,9.6305,2.0386,29.3813,0.0407,0.1487,0.0354,0.2879
Rb2VZnSe3Br3,1.2249,-1.3850,20.3384,30.0000,25.0714,8.9952,4.0749,29.5398,0.0407,0.1369,0.0358,0.1564
Li2MoWO3S3,1.8507,-1.7436,0.2807,30.0000,20.8000,5.9401,12.2881,27.8760,0.0407,0.0248,0.0342,0.0568
Rb2VFeS3I3,1.2237,-1.2006,20.7928,30.0000,24.9642,8.8558,4.7991,29.5722,0.0407,0.1344,0.0358,0.1353
Rb2MnCuCl3I3,1.2255,-1.3657,20.1825,30.0000,24.9709,8.9702,4.2868,29.5410,0.0407,0.1360,0.0358,0.1472
Rb2SnMoSe6,1.1742,-0.9909,18.2783,30.0000,24.5456,9.3357,2.7657,29.3797,0.0407,0.1463,0.0356,0.2230
K2MoMnO3S3,1.8537,-1.6912,0.2109,30.0000,20.6770,5.9548,12.1612,27.7896,0.0407,0.0209,0.0342,0.0574
Rb2MoFeSe3Cl3,1.3569,-1.3324,23.3765,30.0000,25.3913,7.2595,12.5884,29.5965,0.0407,0.0974,0.0362,0.0637
Rb2GeNbSe3I3,1.2189,-1.1540,20.1210,30.0000,24.8466,8.9172,4.3258,29.5557,0.0407,0.1347,0.0358,0.1486
Li2MoGaO3I3,1.8492,-1.5780,1.8874,30.0000,20.9332,5.9326,12.4177,27.9336,0.0407,0.0190,0.0344,0.0573
Rb2MnInS3I3,1.2316,-1.1531,20.1412,30.0000,24.8575,8.8072,4.8415,29.4339,0.0407,0.1328,0.0358,0.1356
Rb2WSbO3Br3,1.5588,-1.4621,20.3011,30.0000,24.6937,5.6051,15.9717,29.2687,0.0407,0.0456,0.0360,0.0534
Rb2CuZnF3I3,1.2534,-1.9571,21.2485,30.0000,25.0094,8.5154,6.0952,29.5534,0.0407,0.1272,0.0359,0.1103
Rb2MnZnBr3I3,1.1683,-1.3753,17.1913,30.0000,24.3380,9.5080,2.5423,29.3883,0.0407,0.1453,0.0356,0.2326
Rb2MoSbSe3Cl3,1.2430,-1.2461,21.3470,30.0000,25.0449,8.5631,6.0896,29.5828,0.0408,0.1264,0.0359,0.1115
Na2CrWO3S3,1.8632,-1.6972,0.1472,30.0000,20.6619,6.0161,11.9541,27.8484,0.0408,0.0217,0.0342,0.0579
Rb2SnMnBr3I3,1.1367,-1.2999,16.2770,30.0000,24.2651,9.8073,1.7886,29.3545,0.0408,0.1533,0.0354,0.3246
Rb2GeZnBr6,1.3926,-1.4626,23.8528,30.0000,25.4743,6.9183,13.7532,29.5923,0.0408,0.0889,0.0362,0.0602
Rb2NbCuS3I3,1.2092,-1.1569,19.5408,30.0000,24.7971,8.9632,3.9325,29.3429,0.0408,0.1383,0.0357,0.1592
Rb2ZrSbSe3Br3,1.6020,-1.5050,18.1126,30.0000,24.2530,5.6821,15.2845,29.0981,0.0408,0.0413,0.0358,0.0543
Rb2MnSbCl3I3,1.1969,-1.4178,18.8328,30.0000,24.6365,9.2074,3.1547,29.4312,0.0408,0.1423,0.0357,0.1950
Rb2SnCrS3I3,1.2181,-1.1046,19.1899,30.0000,24.8206,9.0721,3.8809,29.4189,0.0408,0.1366,0.0357,0.1602
Na2SnZnO3S3,1.8557,-1.6810,0.1184,30.0000,20.6279,5.9952,12.0471,27.8592,0.0408,0.0202,0.0342,0.0577
Rb2MnInO3I3,1.5053,-1.5324,21.3958,30.0000,24.9602,5.9140,15.8256,29.3848,0.0408,0.0588,0.0361,0.0539
Rb2MnGaS3I3,1.2364,-1.1602,21.3440,30.0000,25.0430,8.6524,5.3748,29.5138,0.0408,0.1314,0.0360,0.1236
Rb2ZrSbS3I3,1.5961,-1.3455,18.2877,30.0000,24.2744,5.6952,15.4140,29.1443,0.0408,0.0435,0.0357,0.0542
Rb2FeZnF3I3,1.2550,-1.9775,21.4628,30.0000,25.0090,8.3092,7.3517,29.5025,0.0408,0.1192,0.0360,0.0959
Rb2WFeS3I3,1.6208,-1.0862,17.7125,30.0000,24.1306,5.4697,15.5366,29.1508,0.0408,0.0334,0.0358,0.0535
Rb2NbZnSe3Cl3,1.4402,-1.4672,23.1187,30.0000,25.2600,6.4090,15.2015,29.5009,0.0408,0.0755,0.0361,0.0562
Rb2ZrInS3I3,1.5930,-1.4146,19.3060,30.0000,24.4847,5.6452,15.5544,29.1619,0.0408,0.0458,0.0359,0.0542
Rb2VSbS3Se3,1.3038,-1.0591,23.0340,30.0000,25.3734,7.7753,9.8611,29.5592,0.0408,0.1102,0.0361,0.0754
Rb2TaSbS3Se3,1.5828,-1.1331,19.7078,30.0000,24.4537,5.7612,15.5124,29.1181,0.0408,0.0508,0.0360,0.0543
Na2GeMnO3S3,1.7356,-1.6056,10.6888,30.0000,22.6116,5.7558,13.8902,28.6196,0.0408,0.0292,0.0352,0.0559
Na2TiBiO3Br3,1.8554,-1.9219,0.1419,30.0000,20.6452,5.9772,12.0214,27.7980,0.0408,0.0226,0.0342,0.0576
Rb2TiSbSe3Cl3,1.4768,-1.6810,22.7598,30.0000,25.1114,6.1935,15.3766,29.4725,0.0408,0.0677,0.0360,0.0552
K2TiGaO3I3,1.8376,-2.0607,1.7531,30.0000,20.9418,5.9594,12.4774,28.0758,0.0408,0.0232,0.0343,0.0572
Rb2ZrGaS3I3,1.5662,-1.4083,20.4083,30.0000,24.5890,5.6392,15.8665,29.2812,0.0408,0.0479,0.0360,0.0536
Rb2TaMnO3I3,1.5929,-2.0228,19.1464,30.0000,24.3742,5.6082,15.5688,29.2685,0.0409,0.0444,0.0359,0.0540
Rb2SnSbO3I3,1.6235,-1.3034,18.7524,30.0000,24.2076,5.5248,15.5681,29.2150,0.0409,0.0347,0.0358,0.0538
Rb2GeNbS3I3,1.4562,-1.2022,23.4794,30.0000,25.1750,6.1645,15.6331,29.5246,0.0409,0.0686,0.0362,0.0550
Rb2SbZnO3Br3,1.3387,-1.4699,23.9462,30.0000,25.3786,7.4548,11.1839,29.5329,0.0409,0.1031,0.0363,0.0693
Rb2WFeS3Br3,1.5701,-1.2784,20.7158,30.0000,24.5821,5.6298,15.7476,29.2105,0.0409,0.0457,0.0361,0.0541
Rb2NbTaS3Se3,1.5682,-1.2925,20.4200,30.0000,24.5830,5.6897,15.7833,29.2896,0.0409,0.0465,0.0360,0.0541
Rb2AgGaF3I3,1.2590,-1.9832,22.7875,30.0000,25.1543,8.4158,6.8708,29.5873,0.0409,0.1263,0.0361,0.1011
K2SnCuCl3I3,1.0195,-1.2498,0.4226,30.0000,20.9300,10.8641,1.0000,28.8693,0.0409,0.1699,0.0335,0.4794
Rb2SnTaSe3Cl3,1.5939,-1.6447,19.5050,30.0000,24.4003,5.5072,15.7973,29.1347,0.0409,0.0400,0.0360,0.0536
Rb2TiCrSe3Br3,1.2050,-1.6077,20.7641,30.0000,24.8758,9.0526,3.9544,29.5688,0.0409,0.1392,0.0358,0.1622
Rb2FeSbO3Br3,1.4084,-1.5038,24.3035,30.0000,25.3278,6.5961,14.6008,29.5499,0.0409,0.0821,0.0364,0.0577
Rb2FeMnS3I3,1.2072,-1.1680,20.6548,30.0000,24.8568,9.0196,4.0859,29.4873,0.0409,0.1378,0.0359,0.1546
Rb2NbFeSe3Cl3,1.2855,-1.5259,23.4497,30.0000,25.2570,8.0351,8.4931,29.5596,0.0409,0.1185,0.0362,0.0859
Rb2MnSbO3Se3,1.3314,-1.3939,24.6010,30.0000,25.3957,7.5235,11.0110,29.5956,0.0409,0.1045,0.0363,0.0707
Rb2SnSbS3Br3,1.5819,-1.0824,20.7466,30.0000,24.5847,5.6032,15.7129,29.2424,0.0409,0.0421,0.0361,0.0543
Rb2VCuSe3I3,1.1567,-1.1280,17.4936,30.0000,24.2339,9.6174,2.1390,29.4716,0.0409,0.1503,0.0355,0.2758
Rb2MoGaSe3Cl3,1.4492,-1.3933,24.1041,30.0000,25.3234,6.3494,15.3695,29.4823,0.0409,0.0735,0.0363,0.0557
Rb2WMnS3Se3,1.5705,-1.1329,20.9511,30.0000,24.6179,5.6151,15.8853,29.2027,0.0409,0.0442,0.0361,0.0538
K2MoSbO3Cl3,1.8607,-1.8395,0.2853,30.0000,20.5738,5.9931,12.0180,27.8745,0.0409,0.0199,0.0343,0.0580
Rb2NbSbS3Se3,1.5343,-1.0693,21.7148,30.0000,24.7763,5.8072,15.7332,29.3330,0.0409,0.0536,0.0361,0.0544
Rb2MnSbO3Br3,1.3257,-1.6000,24.3395,30.0000,25.3868,7.5965,10.8226,29.6027,0.0409,0.1070,0.0362,0.0718
Rb2SnCrSe3Br3,1.1712,-1.2983,19.0061,30.0000,24.3972,9.4934,2.3683,29.4687,0.0409,0.1497,0.0357,0.2554
Rb2MoMnS3Se3,1.2976,-1.1082,23.7805,30.0000,25.3653,7.9627,9.1013,29.6016,0.0409,0.1173,0.0362,0.0819
K2TaFeO3F3,1.8568,-2.8313,0.8185,30.0000,20.6862,5.9647,12.0981,27.8105,0.0409,0.0196,0.0343,0.0578
Na2GeBiO3Br3,1.8216,-1.3930,5.6382,30.0000,21.5443,5.8865,12.9359,28.2088,0.0409,0.0199,0.0348,0.0569
K2ZrMoO3S3,1.8679,-2.0692,0.2354,30.0000,20.4634,6.0239,12.0070,27.8407,0.0410,0.0207,0.0342,0.0578
Rb2GeSbS3I3,1.5161,-0.9665,22.6924,30.0000,24.9888,5.8711,15.8319,29.3650,0.0410,0.0572,0.0363,0.0545
Rb2MnInSe3I3,1.1560,-1.1931,17.2876,30.0000,24.2497,9.6594,2.0033,29.3233,0.0410,0.1517,0.0355,0.2947
Rb2MoAgS3I3,1.1865,-1.0674,20.1549,30.0000,24.6688,9.3445,2.8128,29.4026,0.0410,0.1475,0.0359,0.2203
Rb2GeZnCl3I3,1.4974,-1.3919,23.9351,30.0000,25.0512,5.9166,15.9521,29.4703,0.0410,0.0582,0.0364,0.0544
Rb2NbMnSe3Cl3,1.3228,-1.5742,23.4831,30.0000,25.2392,7.6764,10.3030,29.5549,0.0410,0.1067,0.0362,0.0739
Rb2MoSbS3Br3,1.2188,-1.1940,21.4367,30.0000,24.8936,8.8019,5.1666,29.4560,0.0410,0.1323,0.0359,0.1302
Rb2SnGeF3I3,1.4704,-1.9920,23.8604,30.0000,25.1385,6.1774,15.5934,29.4709,0.0410,0.0702,0.0363,0.0554
Na2VNbO3S3,1.8645,-2.0647,0.2103,30.0000,20.5126,5.9978,11.9824,27.7103,0.0410,0.0206,0.0343,0.0578
Rb2SnMnO3Se3,1.3872,-1.4915,24.6886,30.0000,25.3344,6.9657,13.6253,29.5727,0.0410,0.0917,0.0364,0.0606
Rb2AgGaBr3I3,1.1566,-1.2742,18.4976,30.0000,24.3468,9.5968,2.0963,29.3576,0.0410,0.1506,0.0356,0.2849
K2CuZnI6,1.0276,-1.0772,0.5626,30.0000,20.8350,10.7863,1.0000,28.8700,0.0410,0.1664,0.0335,0.4762
Rb2MoWO3Se3,1.5527,-1.5026,21.2335,30.0000,24.6657,5.8665,15.6993,29.2770,0.0410,0.0534,0.0362,0.0544
Rb2SnFeO3Br3,1.4549,-1.4389,24.3891,30.0000,25.2544,6.3033,15.3665,29.5411,0.0410,0.0710,0.0363,0.0559
Rb2FeMnO3I3,1.5637,-1.5877,22.0484,30.0000,24.6583,5.6195,16.0518,29.2804,0.0410,0.0483,0.0363,0.0540
Rb2MnInSe6,1.1923,-1.0817,20.1454,30.0000,24.5922,9.3441,2.7323,29.3115,0.0410,0.1464,0.0358,0.2221
Na2NbSbO3S3,1.8717,-1.6637,0.2555,30.0000,20.4535,5.9938,12.0066,27.7615,0.0410,0.0227,0.0343,0.0580
Rb2CrMoO3I3,1.5751,-1.5241,21.0412,30.0000,24.5797,5.6790,15.7577,29.2265,0.0410,0.0449,0.0360,0.0543
Rb2TiInS3I3,1.5984,-1.3921,20.3197,30.0000,24.4800,5.5960,15.6601,29.2622,0.0410,0.0439,0.0360,0.0539
Rb2MoSbSe3Br3,1.1526,-1.1509,18.0655,30.0000,24.2835,9.7269,1.8957,29.4123,0.0410,0.1539,0.0356,0.3068
Rb2TiCrSe3I3,1.1434,-1.3390,17.7561,30.0000,24.1384,9.8061,1.6611,29.3703,0.0410,0.1562,0.0355,0.3469
Na2GeWS6,1.7927,-1.0608,6.9777,30.0000,21.7032,5.9213,12.8520,28.3888,0.0410,0.0220,0.0349,0.0574
Rb2MnInO3Br3,1.4045,-1.6826,25.7901,30.0000,25.3562,6.6478,14.6928,29.4965,0.0410,0.0859,0.0366,0.0581
K2SbAgBr3I3,1.0264,-1.1348,1.9061,30.0000,21.2472,10.7547,1.0000,28.9871,0.0410,0.1663,0.0337,0.4779
Na2SbCuO3F3,1.0188,-2.1903,0.1941,30.0000,20.8855,10.7919,1.0000,29.0155,0.0411,0.1652,0.0333,0.4748
Na2FeMnO3F3,1.8688,-2.4211,0.0128,30.0000,20.4067,5.9502,12.0865,27.7465,0.0411,0.0198,0.0343,0.0579
Rb2SnVSe3Cl3,1.2328,-1.5894,22.7581,30.0000,25.0920,8.7858,4.9392,29.5860,0.0411,0.1327,0.0361,0.1313
Rb2TiMoS3Se3,1.2902,-1.3965,24.0436,30.0000,25.1713,8.0677,8.3830,29.5440,0.0411,0.1166,0.0363,0.0872
Rb2MoMnSe6,1.1617,-1.0727,19.6997,30.0000,24.4963,9.5974,2.3268,29.3728,0.0411,0.1509,0.0359,0.2622
Rb2VNbSe6,1.1643,-1.2879,19.8743,30.0000,24.5213,9.5659,2.2461,29.3472,0.0411,0.1524,0.0358,0.2654
K2FeSbO3F3,1.8804,-2.2607,0.1821,30.0000,20.3160,6.0502,11.6845,27.6741,0.0411,0.0237,0.0343,0.0588
Na2SnSbO3Cl3,1.8731,-1.6814,0.2115,30.0000,20.4653,5.9949,11.8098,27.6470,0.0411,0.0215,0.0344,0.0584
Rb2VFeO3I3,1.5670,-1.7758,22.2037,30.0000,24.7293,5.6987,15.8229,29.2657,0.0411,0.0504,0.0362,0.0541
Rb2MoGaS3Br3,1.4829,-1.3096,24.2308,30.0000,25.0476,6.1361,15.5869,29.3627,0.0411,0.0675,0.0364,0.0551
Rb2NbFeS3Br3,1.2523,-1.4113,23.5724,30.0000,25.1074,8.4633,6.7689,29.5284,0.0411,0.1282,0.0363,0.1033
Rb2VNbS3Se3,1.2720,-1.3107,24.0373,30.0000,25.1431,8.3342,7.1856,29.5475,0.0411,0.1241,0.0363,0.0990
Rb2CuZnCl3I3,1.1730,-1.3237,19.9150,30.0000,24.4571,9.4567,2.3847,29.3649,0.0411,0.1511,0.0359,0.2561
Rb2MoFeS3Br3,1.2434,-1.2865,23.4977,30.0000,25.0501,8.5818,5.8988,29.5112,0.0411,0.1304,0.0363,0.1184
Na2FeSbSe3Cl3,1.0132,-1.1642,0.2859,30.0000,20.8453,10.9101,1.0000,28.9454,0.0411,0.1699,0.0334,0.4790
Rb2TiGaS3I3,1.5883,-1.3945,21.5442,30.0000,24.4599,5.5785,15.8822,29.2383,0.0411,0.0466,0.0362,0.0538
Rb2CrMoS3I3,1.1700,-1.1752,19.7737,30.0000,24.4460,9.4909,2.2308,29.3558,0.0411,0.1517,0.0359,0.2680
K2WAgO3F3,1.8425,-2.3319,3.1487,30.0000,20.9746,5.9271,12.4393,28.0174,0.0412,0.0231,0.0346,0.0577
K2SbCuO3I3,1.0140,-1.2515,0.4845,30.0000,20.5823,10.8827,1.0000,28.9953,0.0412,0.1673,0.0334,0.4767
Rb2WGaSe3F3,1.5690,-2.0100,22.7959,30.0000,24.6894,5.6858,15.9979,29.2381,0.0412,0.0505,0.0363,0.0543
Na2GeMoO6,1.7615,-2.0982,11.1200,30.0000,22.3569,5.7194,13.6424,28.5076,0.0412,0.0200,0.0353,0.0564
Rb2GeZnBr3I3,1.1747,-1.3080,20.5089,30.0000,24.4277,9.4608,2.4507,29.4286,0.0412,0.1500,0.0359,0.2469
Na2ZrCrO6,1.8797,-2.6119,0.0837,30.0000,20.2944,6.0248,11.8146,27.7699,0.0412,0.0245,0.0342,0.0585
Rb2MnGaSe3Br3,1.1815,-1.3330,21.1502,30.0000,24.6545,9.3798,2.7363,29.4384,0.0412,0.1486,0.0360,0.2264
Rb2TaSbO3Se3,1.6088,-1.7309,20.9529,30.0000,24.3235,5.5131,15.6130,29.1210,0.0412,0.0402,0.0362,0.0545
Rb2WInS3I3,1.6691,-1.1394,17.4522,30.0000,23.6442,5.6734,14.7193,28.9528,0.0412,0.0343,0.0358,0.0557
Na2SnCrO3Cl3,1.8780,-1.7977,0.1118,30.0000,20.2621,6.0498,11.7111,27.7285,0.0412,0.0216,0.0343,0.0590
Rb2FeMnSe3I3,1.1308,-1.1593,17.5338,30.0000,23.9075,9.9938,1.2150,29.2510,0.0412,0.1640,0.0356,0.4676
Rb2ZrMoSe6,1.1536,-1.3522,18.8617,30.0000,24.1986,9.6717,1.9409,29.3182,0.0412,0.1544,0.0357,0.3118
Rb2WAgO3Br3,1.5475,-1.5170,22.5130,30.0000,24.6493,5.7749,15.7513,29.3470,0.0412,0.0544,0.0363,0.0548
Rb2MnInO3Se3,1.4235,-1.5587,26.0611,30.0000,25.4027,6.6297,14.7995,29.6300,0.0412,0.0844,0.0365,0.0577
Rb2SbAgI6,1.0983,-0.9676,14.9874,30.0000,23.3141,10.2283,1.0000,29.2464,0.0412,0.1650,0.0353,0.4894
Na2MoMnSe6,1.0234,-1.0364,0.4094,30.0000,20.8008,10.8475,1.0000,28.9451,0.0412,0.1674,0.0334,0.4764
Rb2TaZnO3Br3,1.5770,-1.8942,22.3302,30.0000,24.5568,5.7130,15.6709,29.3931,0.0412,0.0458,0.0363,0.0548
K2WFeO3I3,1.8846,-1.5001,0.4347,30.0000,20.3132,6.0146,11.8292,27.7228,0.0412,0.0209,0.0344,0.0587
Rb2GeFeO3I3,1.3330,-1.3859,26.1650,30.0000,25.3782,7.4185,11.5709,29.6170,0.0412,0.1044,0.0365,0.0689
Rb2NbZnO3I3,1.6118,-1.7856,20.7208,30.0000,24.2175,5.5832,15.4951,29.1119,0.0412,0.0421,0.0362,0.0547
Rb2CrMoS3Se3,1.2502,-1.1981,23.8924,30.0000,25.0037,8.6000,5.8641,29.5283,0.0412,0.1311,0.0363,0.1164
Rb2SnCrSe6,1.1567,-1.0354,19.1905,30.0000,24.2225,9.6770,2.1156,29.3997,0.0412,0.1522,0.0357,0.2864
Na2ZrCrSe6,1.0162,-1.3080,0.3511,30.0000,20.6707,10.8293,1.0000,28.9064,0.0412,0.1675,0.0334,0.4774
Rb2CrMnSe6,1.1865,-1.1587,20.7724,30.0000,24.4724,9.3732,2.7280,29.4335,0.0412,0.1487,0.0360,0.2247
Rb2NbCuO3Br3,1.4789,-1.8359,25.1271,30.0000,25.0977,6.0609,15.7603,29.4803,0.0413,0.0657,0.0366,0.0554
Rb2GeMnF3I3,1.4541,-2.0358,25.8799,30.0000,25.2469,6.3469,15.2699,29.4657,0.0413,0.0731,0.0366,0.0564
Rb2GeInSe3Br3,1.5577,-1.2420,23.5917,30.0000,24.7449,5.7416,15.9213,29.2966,0.0413,0.0529,0.0364,0.0545
Rb2SnCuS3Se3,1.1891,-0.9290,22.6623,30.0000,24.7833,9.2064,3.3575,29.3727,0.0413,0.1435,0.0362,0.1912
Rb2SnBiS3I3,1.6902,-1.0259,16.1709,30.0000,23.2781,5.5905,14.6227,28.7939,0.0413,0.0286,0.0358,0.0553
K2FeSbSe3Cl3,1.0102,-1.2540,0.2833,30.0000,20.4424,10.9143,1.0000,28.9844,0.0413,0.1695,0.0335,0.4795
Rb2TiFeSe3Br3,1.1777,-1.4604,20.6527,30.0000,24.4762,9.4276,2.4938,29.3854,0.0413,0.1507,0.0360,0.2459
K2ZrCrSe6,1.0131,-1.3548,0.3458,30.0000,20.5472,10.8583,1.0000,28.9316,0.0413,0.1667,0.0335,0.4754
Rb2VCuSe3Cl3,1.2746,-1.4303,24.7098,30.0000,25.1445,8.2076,7.8088,29.5754,0.0413,0.1213,0.0364,0.0928
Rb2WFeSe3F3,1.5905,-1.9552,22.0824,30.0000,24.4527,5.5717,15.6307,29.1675,0.0413,0.0421,0.0363,0.0547
K2VTaO3S3,1.8835,-2.1252,0.8158,30.0000,20.3292,6.0044,11.7795,27.6229,0.0413,0.0192,0.0345,0.0590
Rb2MoAgO3Br3,1.4695,-1.4773,25.5174,30.0000,25.1035,6.1058,15.5148,29.4572,0.0413,0.0663,0.0365,0.0559
Rb2TaMnO3Br3,1.5587,-2.0810,22.6656,30.0000,24.6399,5.6360,15.8595,29.2150,0.0413,0.0485,0.0364,0.0543
Rb2VCuS3Br3,1.2561,-1.3336,24.8541,30.0000,25.1565,8.4037,6.8444,29.5711,0.0413,0.1246,0.0364,0.1042
Rb2VZnS3Br3,1.2582,-1.4175,24.7709,30.0000,25.1518,8.3640,7.2196,29.5280,0.0413,0.1245,0.0364,0.0992
Rb2VCuSe3F3,1.4550,-1.9822,26.8162,30.0000,25.3367,6.2562,15.6255,29.6240,0.0413,0.0683,0.0366,0.0558
Rb2ZrCrSe3I3,1.1219,-1.3363,16.9464,30.0000,23.7273,10.0420,1.3099,29.1615,0.0413,0.1608,0.0356,0.4287
K2TiCrSe6,1.0104,-1.3302,0.3452,30.0000,20.5383,10.8585,1.0000,28.9334,0.0413,0.1674,0.0335,0.4777
Rb2MoBiO3Br3,1.6424,-1.5101,20.3545,30.0000,24.0169,5.6350,15.1325,29.1204,0.0413,0.0397,0.0362,0.0554
Rb2MnSbS3I3,1.1408,-1.0426,19.0710,30.0000,24.0591,9.8233,1.6608,29.2933,0.0413,0.1585,0.0358,0.3576
Rb2MnGaS3Se3,1.3161,-1.1212,25.9745,30.0000,25.2634,7.7808,10.2433,29.5297,0.0413,0.1147,0.0365,0.0762
Rb2VMnSe3Cl3,1.2520,-1.5596,25.0426,30.0000,25.1434,8.4357,6.7300,29.5528,0.0413,0.1280,0.0365,0.1048
Rb2SbAgO3Se3,1.5051,-1.2342,24.7911,30.0000,24.9659,5.9162,15.9095,29.3330,0.0413,0.0598,0.0365,0.0548
K2SnInO3Cl3,1.8693,-1.8024,1.8097,30.0000,20.3949,5.9461,12.0401,27.7189,0.0413,0.0212,0.0345,0.0582
Na2GeZnS3Se3,1.8172,-0.9370,6.7717,30.0000,21.3936,5.9439,12.5574,28.1879,0.0413,0.0231,0.0349,0.0588
Rb2ZrInO3I3,1.6326,-2.0344,20.4542,30.0000,24.0367,5.5607,15.3510,29.0804,0.0413,0.0349,0.0362,0.0549
Rb2MoFeSe3F3,1.5240,-2.0355,25.2488,30.0000,24.9278,5.7727,16.0247,29.4046,0.0413,0.0543,0.0365,0.0547
Rb2MoSbO3Br3,1.5675,-1.5571,22.9562,30.0000,24.5705,5.5961,15.6903,29.3074,0.0413,0.0448,0.0363,0.0547
Rb2WGaS3I3,1.6690,-1.1273,18.3485,30.0000,23.6213,5.5864,14.8473,28.9204,0.0413,0.0333,0.0360,0.0554
Rb2NbMnO3I3,1.6135,-2.0394,21.0099,30.0000,24.2794,5.5065,15.5908,29.1376,0.0413,0.0341,0.0363,0.0546
Rb2GeVSe3I3,1.1743,-1.1227,21.0264,30.0000,24.4940,9.3833,2.6441,29.4526,0.0413,0.1499,0.0360,0.2398
Na2GeZnO3Se3,1.8129,-1.3282,7.4561,30.0000,21.4538,5.8871,12.8257,28.1827,0.0414,0.0206,0.0350,0.0580
Rb2SnGaSe3F3,1.5182,-2.0132,25.0438,30.0000,24.9311,5.8865,15.8436,29.4439,0.0414,0.0578,0.0366,0.0553
Rb2VZnO3I3,1.6011,-1.6480,21.9094,30.0000,24.2005,5.5960,15.4387,29.1316,0.0414,0.0435,0.0363,0.0549
K2SnFeS3Se3,1.0112,-0.9445,0.2641,30.0000,20.5217,10.9194,1.0000,28.9172,0.0414,0.1706,0.0335,0.4809
Rb2GeFeF3I3,1.2764,-1.9551,25.8470,30.0000,25.1580,8.1620,7.9873,29.5519,0.0414,0.1222,0.0364,0.0908
Rb2VSbO3Se3,1.5199,-1.5531,24.7917,30.0000,24.8324,5.8909,15.7390,29.3626,0.0414,0.0577,0.0365,0.0553
Rb2TiMoSe6,1.1555,-1.2480,19.8793,30.0000,24.1911,9.7131,1.8001,29.3346,0.0414,0.1586,0.0359,0.3306
K2TiWO3S3,1.8934,-2.0249,0.1534,30.0000,20.1786,6.0897,11.5241,27.5378,0.0414,0.0237,0.0343,0.0595
Na2WBiO3F3,1.8956,-2.2916,0.2310,30.0000,20.0665,5.9868,11.6241,27.5165,0.0414,0.0213,0.0345,0.0590
Rb2MnGaS3Br3,1.2486,-1.3123,25.7052,30.0000,25.1358,8.4263,6.9140,29.5097,0.0414,0.1277,0.0365,0.1025
Rb2ZrSbSe3Cl3,1.6064,-1.7105,21.4239,30.0000,24.1824,5.6769,15.3716,29.1524,0.0414,0.0405,0.0363,0.0548
K2SbCuSe3Cl3,1.0073,-1.1725,0.2915,30.0000,20.5381,10.9180,1.0000,28.8835,0.0414,0.1719,0.0336,0.4833
K2TaSbO6,1.8888,-2.5802,0.8353,30.0000,20.1325,6.0005,11.6361,27.5433,0.0414,0.0212,0.0345,0.0595
Rb2SnFeO3Se3,1.5292,-1.3343,24.6518,30.0000,24.9216,5.8313,15.7876,29.2593,0.0414,0.0586,0.0365,0.0549
Rb2VMnS3Br3,1.2558,-1.5037,25.1928,30.0000,25.0128,8.4459,6.4621,29.4956,0.0414,0.1282,0.0365,0.1093
Rb2SnVS3Br3,1.1915,-1.3826,22.8694,30.0000,24.6874,9.2586,3.1966,29.4757,0.0415,0.1456,0.0362,0.1965
K2SnFeCl3I3,1.0014,-1.3013,0.4173,30.0000,20.5119,10.8737,1.0000,28.8409,0.0415,0.1683,0.0335,0.4774
Rb2GeNbSe3Cl3,1.3713,-1.4915,27.8555,30.0000,25.3094,7.0321,13.2281,29.5400,0.0415,0.0960,0.0368,0.0628
K2NbFeO3F3,1.8887,-2.7851,0.1538,30.0000,20.0232,5.9641,11.7365,27.5414,0.0415,0.0236,0.0344,0.0589
Rb2ZrMoS6,1.3896,-1.5298,28.1427,30.0000,25.3544,6.7908,14.1702,29.5460,0.0415,0.0894,0.0369,0.0602
Na2MnInO3F3,1.8627,-2.4180,2.4989,30.0000,20.5010,5.9292,12.1581,27.8030,0.0415,0.0207,0.0347,0.0586
Rb2WBiO3Br3,1.6865,-1.4976,18.2399,30.0000,23.4360,5.6226,14.7154,28.9231,0.0415,0.0349,0.0359,0.0557
Rb2SnGaO3Br3,1.5593,-1.6249,25.1318,30.0000,24.7243,5.8164,15.7765,29.3854,0.0415,0.0538,0.0366,0.0553
Rb2MnBiO3Cl3,1.5133,-1.7381,26.2591,30.0000,25.0038,5.8200,15.9657,29.4169,0.0415,0.0579,0.0366,0.0547
Li2MoWO6,1.9000,-2.2304,0.3014,30.0000,20.0475,6.0663,11.4793,27.4732,0.0415,0.0224,0.0344,0.0602
K2NbZnO3Cl3,1.8958,-2.0713,0.1336,30.0000,20.0390,6.1283,11.3391,27.6056,0.0415,0.0212,0.0343,0.0603
K2NbZnO3F3,1.8961,-2.7062,0.1543,30.0000,19.9460,6.0375,11.5558,27.4601,0.0415,0.0242,0.0345,0.0596
Rb2SnCrSe3I3,1.0980,-1.0900,16.4787,30.0000,23.2829,10.3365,1.0000,29.2862,0.0415,0.1711,0.0355,0.5101
Rb2TiFeS3I3,1.1493,-1.3391,20.8522,30.0000,24.1762,9.7143,1.9597,29.3517,0.0415,0.1570,0.0360,0.3064
Rb2GeTaSe3F3,1.4951,-2.2355,26.7639,30.0000,25.0485,5.9776,15.8263,29.4650,0.0415,0.0620,0.0367,0.0553
Rb2TaFeO3I3,1.6703,-1.8802,19.1247,30.0000,23.6096,5.6666,14.6393,28.9671,0.0415,0.0315,0.0361,0.0562
K2GeFeO3F3,1.7832,-2.2820,10.9047,30.0000,21.9960,5.9250,13.0147,28.4892,0.0415,0.0240,0.0353,0.0580
Na2SnBiO3Cl3,1.8954,-1.6400,0.2062,30.0000,20.0043,6.0350,11.5385,27.5408,0.0415,0.0200,0.0344,0.0595
Rb2GeZnF3I3,1.5209,-2.0306,25.5181,30.0000,24.9834,5.8799,15.9344,29.3970,0.0415,0.0612,0.0367,0.0549
Rb2SnInO3Br3,1.5961,-1.5919,23.4643,30.0000,24.4707,5.6790,15.3363,29.1939,0.0415,0.0450,0.0364,0.0556
Rb2GeCrS3I3,1.2126,-1.1190,24.6748,30.0000,24.7836,9.0531,3.4810,29.4981,0.0416,0.1413,0.0364,0.1860
Rb2SbAgBr3I3,1.1064,-1.2080,16.8070,30.0000,23.4494,10.1570,1.0850,29.2133,0.0416,0.1653,0.0356,0.4905
Rb2GeTaS3Br3,1.5578,-1.4282,25.1636,30.0000,24.7526,5.6914,15.8652,29.2659,0.0416,0.0499,0.0367,0.0550
Na2SnFeO3S3,1.9004,-1.5975,0.1169,30.0000,19.9582,6.0306,11.5816,27.5758,0.0416,0.0214,0.0344,0.0591
Rb2SnSbSe3Cl3,1.6553,-1.1839,20.6663,30.0000,23.7715,5.5559,15.0976,29.0318,0.0416,0.0308,0.0363,0.0556
Rb2CuZnI6,1.0924,-1.1131,15.0147,30.0000,23.1349,10.2825,1.0000,29.1583,0.0416,0.1695,0.0353,0.5032
Na2MoFeO3F3,1.8956,-2.4249,0.2172,30.0000,19.9805,6.0369,11.5518,27.5797,0.0416,0.0218,0.0344,0.0596
Rb2GeNbS3Br3,1.2991,-1.3870,28.0231,30.0000,25.4099,7.9261,9.2162,29.5955,0.0416,0.1160,0.0368,0.0825
Rb2CrMoSe3Br3,1.1264,-1.2917,19.5849,30.0000,23.8893,9.9325,1.3980,29.2523,0.0416,0.1633,0.0359,0.4261
Rb2VZnSe3Cl3,1.1944,-1.4949,24.6280,30.0000,24.7324,9.2591,3.0380,29.3899,0.0416,0.1479,0.0365,0.2102
Rb2GeTaS3I3,1.6387,-1.2485,21.5109,30.0000,23.9996,5.5439,15.3201,29.0375,0.0416,0.0368,0.0364,0.0554
Rb2SnVSe3F3,1.5684,-2.1696,24.5295,30.0000,24.5943,5.6480,15.9492,29.2440,0.0416,0.0467,0.0365,0.0550
Rb2MnGaO3Br3,1.4545,-1.6858,27.8198,30.0000,25.1832,6.1116,15.7365,29.4123,0.0416,0.0685,0.0369,0.0560
Rb2MnBiO6,1.3624,-1.8909,29.1450,30.0000,25.4450,7.0586,13.3742,29.5634,0.0416,0.0981,0.0370,0.0636
Rb2GeMoS3Se3,1.3962,-1.0293,28.1915,30.0000,25.2994,6.8031,13.9925,29.5424,0.0416,0.0899,0.0369,0.0608
Rb2MoGaSe3F3,1.5437,-1.9938,25.9921,30.0000,24.7837,5.7190,16.0010,29.3422,0.0417,0.0523,0.0367,0.0549
Rb2TiFeSe3I3,1.1035,-1.3048,17.6753,30.0000,23.5739,10.1157,1.0952,29.2138,0.0417,0.1658,0.0357,0.4878
Rb2VSbS6,1.3256,-1.0940,28.8948,30.0000,25.4489,7.6660,10.3981,29.5778,0.0417,0.1139,0.0369,0.0753
Rb2GeVS3I3,1.2004,-1.1779,24.7326,30.0000,24.8406,9.0525,3.8300,29.4119,0.0417,0.1433,0.0366,0.1676
Rb2FeCuF3I3,1.1558,-1.9073,21.5253,30.0000,24.1648,9.6001,2.0923,29.3697,0.0417,0.1547,0.0361,0.2903
Rb2CrMoSe3I3,1.1081,-1.0986,16.9088,30.0000,23.3611,10.1758,1.0000,29.1912,0.0417,0.1672,0.0357,0.5001
Rb2CrWO3I3,1.6884,-1.5755,18.8140,30.0000,23.2767,5.6451,14.7165,28.8328,0.0417,0.0323,0.0363,0.0562
Rb2SnInO3I3,1.6693,-1.4414,19.7999,30.0000,23.5432,5.6287,14.7115,28.9202,0.0417,0.0313,0.0362,0.0565
Rb2VZnSe3I3,1.1042,-1.2144,17.4515,30.0000,23.5908,10.1516,1.0000,29.2070,0.0417,0.1678,0.0357,0.5004
Rb2ZrWS6,1.5901,-1.5068,24.2500,30.0000,24.4284,5.6841,15.5934,29.2670,0.0417,0.0434,0.0365,0.0556
Li2GeMoO6,1.7724,-2.1952,12.4044,30.0000,22.0873,5.7841,13.4467,28.3757,0.0417,0.0248,0.0356,0.0573
Rb2ZrFeO3I3,1.6581,-1.9927,21.0007,30.0000,23.7095,5.6144,15.1919,29.0501,0.0417,0.0392,0.0363,0.0553
Rb2MnGaSe3Cl3,1.2104,-1.4638,25.5535,30.0000,24.7440,9.1086,3.6029,29.5190,0.0417,0.1464,0.0366,0.1769
Rb2SnGaO3I3,1.6656,-1.4328,20.9595,30.0000,23.6996,5.6080,14.8833,28.9563,0.0418,0.0347,0.0363,0.0563
Rb2TaSbS6,1.6075,-1.1403,23.7220,30.0000,24.2483,5.6234,15.4701,29.2685,0.0418,0.0423,0.0366,0.0554
K2SnZnO3S3,1.8984,-1.7130,0.1278,30.0000,19.9077,6.0109,11.4447,27.4086,0.0418,0.0198,0.0345,0.0596
Na2MoWO6,1.9182,-2.0878,0.2767,30.0000,19.8098,6.0822,11.2467,27.5281,0.0418,0.0214,0.0345,0.0605
K2SnFeSe3Cl3,1.0000,-1.2606,0.2513,30.0000,20.0174,10.9033,1.0000,28.8929,0.0418,0.1704,0.0335,0.4812
Rb2VCuO3Br3,1.5488,-1.7486,26.9346,30.0000,24.7512,5.8142,15.7433,29.3474,0.0418,0.0526,0.0369,0.0560
Rb2CrAgO3Br3,1.5342,-1.5868,27.2342,30.0000,24.8380,5.7058,15.9299,29.3771,0.0418,0.0537,0.0369,0.0552
Rb2CrAgS3I3,1.1367,-1.0929,21.1779,30.0000,23.9877,9.7692,1.8762,29.3353,0.0418,0.1575,0.0361,0.3217
Rb2MnBiO3S3,1.5530,-1.7053,26.7286,30.0000,24.7268,5.6587,15.8852,29.2471,0.0418,0.0485,0.0368,0.0553
K2MoGaO3Br3,1.8896,-1.7084,1.6921,30.0000,20.1104,6.0683,11.5807,27.6335,0.0418,0.0195,0.0346,0.0598
Na2GeMoSe6,1.0314,-0.9016,5.3206,30.0000,21.1622,10.7377,1.0000,29.0663,0.0418,0.1707,0.0340,0.4917
Rb2NbCuSe3Cl3,1.1587,-1.4085,23.1912,30.0000,24.3984,9.6450,2.1365,29.2722,0.0418,0.1569,0.0364,0.2894
Rb2NbCuS3Br3,1.1551,-1.3465,23.3095,30.0000,24.3568,9.6408,1.9919,29.3649,0.0418,0.1587,0.0364,0.3038
Na2MoAgSe3I3,1.0077,-0.9043,2.1512,30.0000,20.1600,10.8525,1.0000,28.8755,0.0418,0.1696,0.0338,0.4839
Rb2NbSbO3Se3,1.6190,-1.6889,23.2676,30.0000,24.0871,5.5765,15.4342,29.1359,0.0418,0.0438,0.0365,0.0553
Na2VTaO3S3,1.9127,-2.0743,0.8599,30.0000,19.8169,6.0099,11.4172,27.4452,0.0418,0.0209,0.0345,0.0601
Rb2GeNbSe3Br3,1.1516,-1.3507,23.2961,30.0000,24.2808,9.6595,1.9490,29.3724,0.0418,0.1593,0.0363,0.3116
Rb2GeCrO3I3,1.5755,-1.4637,26.3093,30.0000,24.6128,5.6296,15.7909,29.2333,0.0418,0.0497,0.0368,0.0553
Na2VZnO3F3,1.9075,-2.4492,0.0993,30.0000,19.7714,6.0604,11.3338,27.4550,0.0418,0.0232,0.0344,0.0600
Rb2SnZnO3Se3,1.6184,-1.3304,24.2860,30.0000,24.2865,5.5697,15.4191,29.1064,0.0418,0.0402,0.0368,0.0560
Rb2ZrGaSe3Cl3,1.6093,-1.8006,24.2062,30.0000,24.2832,5.6024,15.3940,29.1170,0.0419,0.0399,0.0367,0.0558
Rb2GeTaO3Br3,1.5478,-1.9776,26.8587,30.0000,24.7387,5.7332,15.7596,29.3406,0.0419,0.0517,0.0368,0.0557
Na2SbAgI6,1.0048,-0.8664,1.9451,30.0000,20.2623,10.8636,1.0000,28.9068,0.0419,0.1726,0.0338,0.4883
Rb2SnInS3I3,1.7041,-1.0818,18.7234,30.0000,23.1847,5.6029,14.4796,28.7539,0.0419,0.0285,0.0362,0.0566
Na2CuZnI6,1.0000,-0.9458,0.5738,30.0000,20.2357,10.8451,1.0000,28.8241,0.0419,0.1701,0.0336,0.4828
Rb2NbTaS6,1.6034,-1.4389,24.7732,30.0000,24.2861,5.6255,15.4911,29.1120,0.0419,0.0406,0.0368,0.0561
Rb2MoMnS6,1.4373,-1.2496,30.0943,30.0000,25.3387,6.3095,15.5342,29.5155,0.0419,0.0785,0.0372,0.0569
Rb2SnCuO3Se3,1.1841,-1.3130,24.3656,30.0000,24.4382,9.4004,2.4615,29.3524,0.0419,0.1553,0.0365,0.2532
Rb2GeCrSe3I3,1.1321,-1.0897,20.9818,30.0000,23.8428,9.9382,1.4152,29.3466,0.0419,0.1643,0.0361,0.4179
K2WSbO3F3,1.9168,-2.3164,0.2406,30.0000,19.6700,6.1049,11.3675,27.3840,0.0419,0.0255,0.0346,0.0605
Rb2SbCuO3I3,1.1116,-1.2439,20.0340,30.0000,23.7196,10.0845,1.2156,29.4057,0.0419,0.1670,0.0360,0.4771
K2TiBiO3I3,1.9061,-1.8451,0.4542,30.0000,19.7397,6.0665,11.2572,27.3063,0.0419,0.0217,0.0346,0.0604
Rb2SnCrO3I3,1.6838,-1.4800,20.3835,30.0000,23.3732,5.5437,14.8122,28.8603,0.0419,0.0303,0.0364,0.0560
K2GeWS6,1.8613,-1.0813,6.5657,30.0000,20.7463,5.9818,12.1936,27.9083,0.0419,0.0230,0.0352,0.0595
Rb2MoFeSe3I3,1.0835,-1.0515,16.8356,30.0000,23.0984,10.3125,1.0000,29.1467,0.0419,0.1727,0.0357,0.5149
Rb2TiBiS3I3,1.7291,-1.3469,17.4013,30.0000,22.8653,5.6722,14.1249,28.6856,0.0419,0.0282,0.0361,0.0569
Rb2GeCrS3Se3,1.4057,-1.0714,30.0676,30.0000,25.2594,6.6340,14.8414,29.4856,0.0419,0.0873,0.0372,0.0589
Rb2TiGaS3Br3,1.5868,-1.6433,25.9999,30.0000,24.4735,5.6412,15.5913,29.1910,0.0420,0.0471,0.0369,0.0557
Rb2ZrCrSe6,1.1039,-1.3584,19.8382,30.0000,23.4787,10.1348,1.1945,29.3020,0.0420,0.1672,0.0360,0.4857
Rb2GeMnCl3I3,1.1812,-1.4121,24.2531,30.0000,24.5811,9.4065,2.6454,29.4604,0.0420,0.1521,0.0364,0.2307
Rb2ZrGaS3Br3,1.6160,-1.6601,24.3349,30.0000,24.2413,5.5962,15.4788,29.1396,0.0420,0.0413,0.0367,0.0554
Na2MoBiO3F3,1.9117,-2.2585,0.3004,30.0000,19.6912,6.1092,11.2144,27.4118,0.0420,0.0234,0.0345,0.0608
Rb2TiFeO3I3,1.6642,-1.9559,22.2733,30.0000,23.6759,5.5509,14.9872,28.9781,0.0420,0.0327,0.0366,0.0564
Rb2GeVO3I3,1.5827,-1.7759,26.3733,30.0000,24.5144,5.5906,15.6532,29.3024,0.0420,0.0402,0.0369,0.0558
Rb2SnZnI6,1.0586,-1.1322,14.2983,30.0000,22.5793,10.4893,1.0000,29.0791,0.0420,0.1726,0.0353,0.5121
Rb2GeMnBr6,1.1516,-1.4626,24.1727,30.0000,24.3778,9.6301,2.1798,29.3946,0.0420,0.1568,0.0365,0.2893
Rb2SnWS3Se3,1.7031,-1.0387,19.3377,30.0000,23.1127,5.6565,14.3966,28.8207,0.0420,0.0298,0.0362,0.0568
Na2GeCrO3Cl3,1.8240,-1.6806,10.4452,30.0000,21.3585,5.8750,12.6888,28.0548,0.0420,0.0239,0.0356,0.0594
Rb2SnGeS3Se3,1.5787,-0.9165,27.2286,30.0000,24.5920,5.5933,16.0169,29.3350,0.0420,0.0463,0.0370,0.0554
Rb2TiGaSe3Br3,1.6928,-1.6119,21.3486,30.0000,23.4743,5.5992,14.7714,28.9145,0.0420,0.0319,0.0364,0.0564
Na2SnSbO3F3,1.9206,-2.2942,0.2393,30.0000,19.5661,6.0604,11.1399,27.3196,0.0420,0.0218,0.0347,0.0607
Rb2GeSbSe3F3,1.5357,-1.8909,28.7452,30.0000,24.9210,5.6996,15.8594,29.3959,0.0420,0.0521,0.0372,0.0558
Rb2TiCrS3Se3,1.1734,-1.3681,25.6948,30.0000,24.6327,9.3367,2.9944,29.4401,0.0420,0.1505,0.0366,0.2176
Na2SnMoO6,1.9192,-2.1031,0.2817,30.0000,19.6246,6.0945,11.0203,27.1869,0.0420,0.0225,0.0347,0.0616
Rb2TaFeO3Br3,1.6456,-1.9877,22.6349,30.0000,23.8216,5.6364,15.0525,29.1104,0.0420,0.0385,0.0365,0.0564
Rb2GeVSe3Br3,1.1506,-1.3552,24.5399,30.0000,24.3432,9.7210,1.8072,29.4000,0.0420,0.1637,0.0365,0.3426
Rb2MoFeO3I3,1.6844,-1.5060,20.9284,30.0000,23.4659,5.6179,14.8608,28.8461,0.0420,0.0319,0.0365,0.0567
Rb2MnCuI6,1.0643,-1.0872,15.1635,30.0000,22.7508,10.5673,1.0000,29.0882,0.0420,0.1779,0.0355,0.5206
Rb2VNbS6,1.3027,-1.4650,30.5098,30.0000,25.3582,7.7697,9.7906,29.5225,0.0420,0.1140,0.0372,0.0796
Rb2SnMnS3Se3,1.1421,-1.0757,22.9407,30.0000,24.1520,9.7398,2.0088,29.2951,0.0420,0.1580,0.0364,0.3077
Rb2SnTaO3Br3,1.6947,-2.0633,20.8054,30.0000,23.3795,5.5210,14.7598,28.8412,0.0420,0.0253,0.0365,0.0563
Rb2MnGaO3Se3,1.5443,-1.5724,28.1218,30.0000,24.8149,5.7966,15.6453,29.3204,0.0420,0.0533,0.0371,0.0565
Rb2VFeSe3Cl3,1.1695,-1.5387,25.0047,30.0000,24.4748,9.4854,2.4842,29.3189,0.0420,0.1542,0.0366,0.2549
Na2FeMnSe6,1.0075,-0.9554,0.3351,30.0000,19.9614,10.9198,1.0000,28.8850,0.0420,0.1709,0.0336,0.4805
Rb2ZrWO3Se3,1.6669,-2.0889,21.3093,30.0000,23.5425,5.7103,14.7162,28.8955,0.0420,0.0353,0.0365,0.0571
Rb2ZrGaO3I3,1.6806,-2.0548,21.6944,30.0000,23.4998,5.5632,14.8527,28.9076,0.0420,0.0311,0.0365,0.0565
Rb2VFeO3Br3,1.5698,-1.9102,27.2888,30.0000,24.6493,5.6026,15.8573,29.2737,0.0421,0.0463,0.0370,0.0557
Na2GeFeO3F3,1.7913,-2.2815,12.1345,30.0000,21.7436,5.8933,12.9721,28.3303,0.0421,0.0237,0.0356,0.0591
Rb2GeBiO3I3,1.6774,-1.3002,21.6992,30.0000,23.4577,5.5731,14.7508,28.9857,0.0421,0.0283,0.0365,0.0565
Rb2GeTaSe3Cl3,1.6114,-1.5315,25.0425,30.0000,24.2400,5.5988,15.7015,29.1541,0.0421,0.0427,0.0368,0.0555
Rb2TiWS6,1.6000,-1.5147,25.9910,30.0000,24.3336,5.5767,15.4785,29.2566,0.0421,0.0377,0.0368,0.0559
K2GeZnS3Se3,1.8539,-0.9772,6.3885,30.0000,20.6908,5.9643,12.1984,27.8149,0.0421,0.0224,0.0352,0.0595
Rb2MnSbO3Cl3,1.4645,-1.8156,30.7904,30.0000,25.1849,6.1498,15.7701,29.4124,0.0421,0.0739,0.0373,0.0568
Na2SbCuO3Br3,0.9995,-1.3469,0.1392,30.0000,19.8087,10.9376,1.0000,28.9105,0.0421,0.1721,0.0334,0.4834
Rb2VTaS6,1.5946,-1.4552,26.4887,30.0000,24.4282,5.6898,15.4130,29.2242,0.0421,0.0461,0.0370,0.0561
Rb2VFeSe3F3,1.5921,-2.1793,27.1649,30.0000,24.5308,5.4673,15.8614,29.1948,0.0421,0.0392,0.0370,0.0555
K2GeMnI6,1.0214,-1.1082,4.0585,30.0000,20.4800,10.8196,1.0000,28.9651,0.0421,0.1726,0.0340,0.4927
K2SbCuS3Br3,0.9988,-1.1326,0.1424,30.0000,19.8896,10.8670,1.0000,28.7640,0.0421,0.1709,0.0335,0.4819
Rb2SnCuO3S3,1.3933,-1.6563,31.0583,30.0000,25.3749,6.8318,14.1385,29.5497,0.0421,0.0891,0.0372,0.0617
Rb2CrMoO3Se3,1.6159,-1.6282,25.7907,30.0000,24.1293,5.6280,15.3017,29.1463,0.0421,0.0418,0.0369,0.0561
Rb2GeSbS3Br3,1.5850,-1.0551,26.8910,30.0000,24.4061,5.6345,15.5696,29.1987,0.0421,0.0443,0.0370,0.0560
Rb2TiMoS6,1.3132,-1.5180,30.5183,30.0000,25.2871,7.8302,9.7218,29.5332,0.0421,0.1160,0.0372,0.0813
Rb2MoWS6,1.6554,-1.1968,24.1417,30.0000,23.8224,5.5636,15.0510,28.9746,0.0421,0.0384,0.0369,0.0566
Rb2GeCrSe3Br3,1.1632,-1.2461,24.4823,30.0000,24.2303,9.5694,2.0554,29.2732,0.0422,0.1606,0.0365,0.3041
Rb2TiInO3I3,1.6883,-2.0350,21.5972,30.0000,23.3877,5.6145,14.6017,28.8176,0.0422,0.0347,0.0366,0.0570
Rb2GeCrSe6,1.1631,-1.0464,24.6979,30.0000,24.2321,9.7284,1.9045,29.4044,0.0422,0.1622,0.0366,0.3280
Rb2VMnO3I3,1.6738,-1.9786,22.2334,30.0000,23.5794,5.5796,14.8291,28.8396,0.0422,0.0341,0.0367,0.0566
Na2CrAgSe3I3,1.0051,-0.9371,2.1938,30.0000,20.1628,10.9083,1.0000,28.9022,0.0422,0.1724,0.0337,0.4868
K2VNbO3S3,1.9233,-2.0995,0.2127,30.0000,19.4680,6.0610,11.2244,27.3661,0.0422,0.0217,0.0347,0.0609
Rb2GeFeO3Br3,1.3412,-1.5600,32.0135,30.0000,25.3104,7.3723,12.1036,29.6191,0.0422,0.1089,0.0373,0.0685
Rb2GeCuS3Se3,1.2613,-0.8773,29.5304,30.0000,25.0188,8.4816,6.2520,29.4855,0.0422,0.1338,0.0372,0.1159
Rb2CrWO3Se3,1.6794,-1.6541,22.4966,30.0000,23.5512,5.6585,14.5971,28.8639,0.0422,0.0321,0.0366,0.0578
Rb2MnSbSe3I3,1.0702,-1.0188,16.3939,30.0000,22.6207,10.5396,1.0000,29.1201,0.0422,0.1768,0.0356,0.5197
Rb2CrMnO3I3,1.6773,-1.6594,22.1739,30.0000,23.4801,5.5878,14.6988,28.8592,0.0422,0.0267,0.0366,0.0571
Rb2GeNbSe3F3,1.5259,-2.1905,30.0377,30.0000,24.9205,5.7443,16.0187,29.3525,0.0423,0.0530,0.0373,0.0560
Rb2GeBiS3I3,1.7119,-0.9976,20.5798,30.0000,23.0703,5.6530,14.4277,28.7605,0.0423,0.0327,0.0365,0.0573
Rb2MoSbSe3I3,1.0613,-0.9677,15.7879,30.0000,22.4002,10.6030,1.0000,29.1753,0.0423,0.1776,0.0355,0.5204
K2VSbO3S3,1.9314,-1.6923,0.2343,30.0000,19.4398,6.0618,11.1602,27.2773,0.0423,0.0216,0.0346,0.0612
Li2GeVO3F3,1.7934,-2.3448,14.0816,30.0000,21.8406,5.7727,13.2099,28.2267,0.0423,0.0214,0.0360,0.0589
Na2WInO3Cl3,1.9089,-1.7359,1.7076,30.0000,19.6985,6.0304,11.4681,27.3919,0.0423,0.0205,0.0348,0.0605
Rb2GeMnO3Se3,1.4339,-1.4680,32.3855,30.0000,25.3224,6.4895,15.1556,29.5336,0.0423,0.0820,0.0374,0.0590
Rb2SnCuF3I3,1.1030,-1.9108,19.8594,30.0000,23.3038,10.1877,1.0665,29.2173,0.0423,0.1700,0.0360,0.5003
Rb2ZrCrO3Se3,1.6345,-2.0854,25.9191,30.0000,24.0409,5.5641,15.2316,29.0703,0.0423,0.0370,0.0370,0.0567
Na2GeFeCl3I3,1.0150,-1.1979,5.5235,30.0000,20.5614,10.8595,1.0000,28.8871,0.0424,0.1763,0.0343,0.5002
Na2MoMnO6,1.9228,-2.0178,0.2241,30.0000,19.3614,6.0866,11.0387,27.2987,0.0424,0.0231,0.0346,0.0611
Rb2NbSbS6,1.6182,-1.0896,26.8290,30.0000,24.1656,5.4391,15.6938,29.0670,0.0424,0.0362,0.0371,0.0559
Rb2SnGaSe3Cl3,1.6826,-1.3271,23.2836,30.0000,23.4281,5.6154,14.5924,28.8896,0.0424,0.0279,0.0367,0.0576
Rb2GeSbO3I3,1.6661,-1.2844,24.0630,30.0000,23.6933,5.6428,14.6927,28.9890,0.0424,0.0323,0.0368,0.0573
Rb2CrMnO3Se3,1.5990,-1.6504,27.5589,30.0000,24.2034,5.5820,15.6053,29.0936,0.0424,0.0435,0.0372,0.0563
K2WFeO3F3,1.9299,-2.5391,0.1468,30.0000,19.2701,6.0919,10.9831,27.1338,0.0424,0.0258,0.0347,0.0615
Rb2GeTaO3I3,1.6747,-1.8912,22.7196,30.0000,23.4095,5.6363,14.5990,28.8416,0.0424,0.0289,0.0367,0.0578
Rb2WFeO3Br3,1.6852,-1.6074,22.1378,30.0000,23.2846,5.6550,14.4908,28.7104,0.0424,0.0345,0.0367,0.0576
Rb2GeWS3Se3,1.6450,-1.0389,24.9181,30.0000,23.9267,5.5932,15.1987,29.0797,0.0424,0.0399,0.0369,0.0564
Rb2FeMnO3Se3,1.6203,-1.5013,27.3650,30.0000,24.0821,5.5888,15.4751,29.1118,0.0424,0.0412,0.0371,0.0563
Rb2ZrGaSe3F3,1.6337,-2.2950,26.1165,30.0000,24.1134,5.6113,15.2789,29.1966,0.0424,0.0367,0.0370,0.0567
Na2GeNbO3Cl3,1.8516,-1.9232,9.3786,30.0000,20.7673,5.9625,12.2428,27.9521,0.0424,0.0215,0.0356,0.0604
Rb2MoFeO3Br3,1.6494,-1.6543,25.3441,30.0000,23.7931,5.5633,14.9588,29.0181,0.0424,0.0333,0.0369,0.0570
Rb2GeFeSe3F3,1.2617,-1.9149,31.8451,30.0000,25.1528,8.2678,7.2170,29.4807,0.0424,0.1301,0.0373,0.1044
Rb2GeMnS3Se3,1.2115,-1.0262,29.9228,30.0000,24.8520,9.0264,4.1700,29.4852,0.0424,0.1477,0.0372,0.1647
Rb2MnGaS6,1.4341,-1.1770,33.2600,30.0000,25.2645,6.3952,15.3651,29.5445,0.0424,0.0831,0.0376,0.0584
K2MoSbO3F3,1.9321,-2.3160,0.3216,30.0000,19.2804,6.1365,10.8549,27.2790,0.0425,0.0231,0.0347,0.0618
Rb2SnBiO3I3,1.7637,-1.3263,17.0055,30.0000,22.2433,5.7828,13.5725,28.4777,0.0425,0.0310,0.0363,0.0588
Li2WGaO3F3,1.9178,-2.3965,2.3473,30.0000,19.6555,6.0709,11.1630,27.4312,0.0425,0.0225,0.0350,0.0614
Rb2WGaS3Br3,1.7133,-1.3259,21.4149,30.0000,23.0219,5.6423,14.3909,28.7015,0.0425,0.0318,0.0366,0.0577
Rb2SnTaO3I3,1.7538,-1.9424,17.8274,30.0000,22.4377,5.7254,13.6897,28.4956,0.0425,0.0260,0.0362,0.0584
Na2GeCrO6,1.8097,-2.1583,12.7298,30.0000,21.4067,5.8870,12.7897,28.1463,0.0425,0.0248,0.0359,0.0598
Rb2SnCrO3Br3,1.6784,-1.6647,24.5443,30.0000,23.5306,5.5645,14.9899,28.9363,0.0425,0.0331,0.0369,0.0572
Rb2TiFeO3Br3,1.6179,-2.0658,27.4037,30.0000,24.0656,5.5838,15.4743,29.1056,0.0425,0.0423,0.0372,0.0565
Rb2VFeS3Br3,1.1370,-1.4013,25.1542,30.0000,23.9194,9.8598,1.4913,29.2518,0.0425,0.1696,0.0367,0.4138
Na2ZrWO6,1.9450,-2.7789,0.1726,30.0000,19.1734,6.1198,10.8360,27.1104,0.0426,0.0254,0.0348,0.0622
Na2CrMoO6,1.9444,-2.0832,0.2366,30.0000,19.0810,6.0671,10.8122,26.9977,0.0426,0.0253,0.0350,0.0623
K2TaMnO3F3,1.9370,-2.9609,0.8222,30.0000,19.2855,6.1415,10.8511,27.1686,0.0426,0.0290,0.0349,0.0623
Rb2SnMoO3Se3,1.7083,-1.5188,23.2719,30.0000,23.2326,5.6168,14.5824,28.8549,0.0426,0.0244,0.0369,0.0577
Li2GeWO6,1.8571,-2.1714,9.3973,30.0000,20.6629,5.9055,12.2243,27.7666,0.0426,0.0189,0.0356,0.0604
K2CrWO6,1.9497,-2.2093,0.1583,30.0000,19.0405,6.0813,10.8006,26.9256,0.0426,0.0223,0.0348,0.0624
Rb2CrMoO3Br3,1.6659,-1.6679,25.5112,30.0000,23.6502,5.6231,14.7693,29.0179,0.0426,0.0357,0.0370,0.0577
Rb2WGaSe3Cl3,1.7300,-1.4187,21.3296,30.0000,22.8044,5.6887,14.1006,28.6232,0.0427,0.0242,0.0367,0.0585
Rb2WMnS6,1.6559,-1.2357,25.6820,30.0000,23.6942,5.7031,14.8234,28.9597,0.0427,0.0427,0.0370,0.0577
Rb2SnSbO3Br3,1.7265,-1.5316,22.1691,30.0000,22.9358,5.6338,14.3479,28.6855,0.0427,0.0289,0.0368,0.0578
Rb2GeVSe3F3,1.5440,-2.1273,32.1485,30.0000,24.8513,5.7862,15.8642,29.4164,0.0427,0.0572,0.0375,0.0571
Rb2VZnO3Br3,1.6428,-1.7401,26.8377,30.0000,23.9135,5.5979,15.1912,29.0101,0.0427,0.0407,0.0373,0.0571
K2FeSbS3I3,0.9911,-0.9218,0.4553,30.0000,19.4294,11.0189,1.0000,28.8995,0.0427,0.1738,0.0336,0.4854
Rb2MnCuBr3I3,1.0636,-1.2822,17.2326,30.0000,22.4141,10.5281,1.0000,29.1220,0.0427,0.1777,0.0357,0.5230
Rb2TiGaSe3F3,1.6230,-2.3101,28.0343,30.0000,24.1052,5.4915,15.5676,29.0889,0.0427,0.0384,0.0372,0.0566
Li2WGaO3Cl3,1.9268,-1.8244,2.0715,30.0000,19.3850,6.0976,10.9556,27.2042,0.0427,0.0257,0.0350,0.0622
Rb2MnInO3Cl3,1.5398,-1.8966,32.7222,30.0000,24.9154,5.7533,16.0302,29.4369,0.0427,0.0556,0.0377,0.0570
Rb2NbCuSe3I3,1.0645,-1.1724,16.7364,30.0000,22.3251,10.6130,1.0000,29.1733,0.0427,0.1808,0.0357,0.5283
K2GeFeSe3Cl3,1.0099,-1.2811,6.3695,30.0000,20.4186,10.8362,1.0000,28.8740,0.0427,0.1768,0.0344,0.5025
K2MnGaO3F3,1.9250,-2.4272,2.6963,30.0000,19.4420,6.0836,11.1212,27.3350,0.0427,0.0221,0.0350,0.0619
Rb2WInO3I3,1.7675,-1.5444,18.3825,30.0000,22.1578,5.7889,13.3669,28.4599,0.0428,0.0219,0.0364,0.0597
Rb2MnSbO6,1.4892,-1.9995,34.8399,30.0000,25.1678,5.9230,16.0906,29.4624,0.0428,0.0682,0.0378,0.0569
Rb2GeSbSe3Cl3,1.6688,-1.1200,26.7419,30.0000,23.6822,5.5555,14.8511,28.9240,0.0428,0.0306,0.0372,0.0579
Rb2SnMoS6,1.6568,-1.0795,26.8340,30.0000,23.7648,5.6510,14.9498,28.9768,0.0428,0.0408,0.0372,0.0574
Rb2GeGaSe3Br3,1.6901,-1.2492,24.9650,30.0000,23.4492,5.5773,14.7059,28.8550,0.0428,0.0310,0.0371,0.0577
Na2TiMoSe6,0.9755,-1.1765,0.4171,30.0000,19.2519,11.0133,1.0000,28.7225,0.0428,0.1751,0.0337,0.4856
Rb2GeMoSe6,1.0947,-0.9981,23.4365,30.0000,23.3504,10.2107,1.0000,29.2809,0.0428,0.1781,0.0366,0.5306
Rb2ZrInO3Br3,1.6942,-2.1394,24.4088,30.0000,23.2614,5.6253,14.5356,28.8195,0.0428,0.0322,0.0370,0.0580
Na2NbFeO3F3,1.9612,-2.6727,0.1448,30.0000,18.9895,6.1079,10.5469,26.9159,0.0428,0.0244,0.0349,0.0631
Na2SnWO3S3,1.9602,-1.6403,0.1919,30.0000,18.8743,6.1221,10.5926,26.9331,0.0429,0.0242,0.0350,0.0635
Rb2NbFeO3Br3,1.6757,-2.0160,25.4339,30.0000,23.4306,5.6346,14.6386,28.9265,0.0429,0.0338,0.0371,0.0581
Rb2ZrFeO3Br3,1.6894,-2.0905,25.4676,30.0000,23.3826,5.6475,14.6474,28.9269,0.0429,0.0348,0.0371,0.0584
Rb2GeVSe3Cl3,1.1695,-1.5028,29.6594,30.0000,24.4431,9.5789,2.2536,29.4308,0.0429,0.1635,0.0371,0.2948
Rb2NbTaO6,1.6418,-2.8847,29.1688,30.0000,23.9380,5.5475,15.3109,29.0707,0.0429,0.0409,0.0375,0.0572
Rb2ZrBiS3I3,1.7847,-1.3556,16.6217,30.0000,21.7726,5.8311,13.1437,28.2869,0.0429,0.0247,0.0364,0.0599
Rb2GeFeO3Se3,1.5606,-1.3991,32.3339,30.0000,24.6181,5.7426,15.5777,29.3009,0.0429,0.0518,0.0377,0.0577
Rb2MnSbO3S3,1.5940,-1.6134,31.4368,30.0000,24.3868,5.6825,15.5466,29.2303,0.0429,0.0519,0.0376,0.0575
Rb2GeVO3Br3,1.5394,-1.8862,32.3215,30.0000,24.6629,5.8088,15.6202,29.2603,0.0429,0.0576,0.0378,0.0572
Rb2SnVO3I3,1.7552,-1.8227,20.4355,30.0000,22.2880,5.6770,13.9823,28.4969,0.0429,0.0271,0.0367,0.0587
Rb2GeInO3Br3,1.6128,-1.6065,30.3268,30.0000,24.2902,5.6471,15.5151,29.1689,0.0429,0.0480,0.0375,0.0575
Rb2TiGaSe3Cl3,1.6782,-1.7751,25.8431,30.0000,23.4567,5.5665,14.9120,28.8098,0.0429,0.0311,0.0371,0.0576
Rb2SnMnO3S3,1.5901,-1.7902,31.5922,30.0000,24.4667,5.6150,15.7352,29.2383,0.0429,0.0485,0.0376,0.0574
Rb2MnBiSe3I3,1.0433,-1.0799,15.0502,30.0000,21.7244,10.7039,1.0000,29.0150,0.0430,0.1847,0.0355,0.5323
Rb2GeCuO3Se3,1.1882,-1.3604,31.9254,30.0000,24.7493,9.1922,3.0859,29.4244,0.0430,0.1561,0.0375,0.2161
Na2SnInO3Cl3,1.9465,-1.7486,1.9264,30.0000,19.0493,6.1165,10.6683,27.0916,0.0430,0.0229,0.0350,0.0633
Na2GeGaS3Br3,1.8805,-1.1555,8.0545,30.0000,20.1732,5.9755,11.7289,27.5761,0.0430,0.0198,0.0355,0.0619
Rb2SnCrO3Se3,1.6997,-1.5096,24.8093,30.0000,23.1414,5.6167,14.6629,28.8812,0.0430,0.0339,0.0371,0.0580
Na2GeMnI6,0.9936,-1.0105,4.1902,30.0000,19.7613,11.0025,1.0000,28.8518,0.0430,0.1804,0.0342,0.5013
Na2SnCrSe6,0.9858,-0.9946,0.3619,30.0000,19.0349,10.9575,1.0000,28.7644,0.0430,0.1736,0.0336,0.4826
Rb2NbTaO3Se3,1.7414,-2.1697,21.7613,30.0000,22.5912,5.6936,13.9323,28.6186,0.0430,0.0253,0.0368,0.0590
Rb2NbFeO3I3,1.7521,-1.9045,20.9834,30.0000,22.4576,5.6857,13.9607,28.5515,0.0430,0.0229,0.0368,0.0588
Rb2WMnO3Se3,1.7367,-1.5914,22.3971,30.0000,22.6529,5.7083,14.0621,28.6296,0.0431,0.0324,0.0369,0.0587
K2WBiO3Cl3,1.9613,-1.7657,0.2123,30.0000,18.7854,6.1351,10.4825,26.8891,0.0431,0.0241,0.0350,0.0637
Rb2SnFeO3Cl3,1.6156,-1.8354,30.8809,30.0000,24.1680,5.5655,15.5762,29.1699,0.0431,0.0429,0.0377,0.0571
Rb2GeCrO3Br3,1.5945,-1.6480,32.2313,30.0000,24.4925,5.6276,15.4464,29.1517,0.0431,0.0457,0.0378,0.0578
Rb2TiCrSe6,1.0722,-1.3401,20.9727,30.0000,22.6338,10.4969,1.0000,29.1608,0.0431,0.1800,0.0363,0.5328
Rb2GeGaO3I3,1.6832,-1.4095,26.7795,30.0000,23.3789,5.6535,14.7237,28.9643,0.0431,0.0321,0.0372,0.0585
Rb2CrWO3Br3,1.7278,-1.7002,22.2659,30.0000,22.6757,5.6000,14.1876,28.5567,0.0431,0.0222,0.0369,0.0587
Rb2FeMnO3S3,1.4791,-1.6536,36.1716,30.0000,25.1071,6.0758,15.9367,29.4360,0.0431,0.0720,0.0381,0.0581
Rb2ZrMoO3Se3,1.7127,-2.1157,24.2401,30.0000,23.0022,5.7057,14.1147,28.7244,0.0431,0.0266,0.0370,0.0596
Na2WBiO3Cl3,1.9732,-1.6727,0.2110,30.0000,18.7183,6.1639,10.3732,26.8480,0.0431,0.0244,0.0350,0.0642
Rb2MnSbBr3I3,1.0467,-1.2947,16.2463,30.0000,21.7242,10.6039,1.0000,29.0154,0.0431,0.1822,0.0357,0.5313
Rb2GeCrO3Se3,1.5990,-1.5455,32.5548,30.0000,24.4051,5.6030,15.6298,29.1791,0.0431,0.0496,0.0378,0.0577
Rb2FeSbO3Cl3,1.6286,-1.8065,30.7332,30.0000,24.1891,5.5773,15.3205,29.1168,0.0431,0.0386,0.0376,0.0576
Rb2SnZnS3Se3,1.7472,-1.0048,22.5929,30.0000,22.6138,5.6888,13.8876,28.6195,0.0432,0.0251,0.0369,0.0593
Rb2GeGaSe3F3,1.5971,-2.0020,32.4663,30.0000,24.3649,5.6813,15.5642,29.1988,0.0432,0.0497,0.0378,0.0579
Rb2SnGeO3Se3,1.6576,-1.3784,29.2480,30.0000,23.7012,5.6802,14.8589,29.0293,0.0432,0.0388,0.0375,0.0585
K2MoFeO3F3,1.9706,-2.3927,0.2192,30.0000,18.7009,6.0560,10.5632,26.7508,0.0432,0.0242,0.0350,0.0635
Rb2FeMnO3Br3,1.6928,-1.7308,27.0594,30.0000,23.4094,5.6713,14.5457,28.8695,0.0432,0.0313,0.0373,0.0589
K2FeMnCl3I3,0.9834,-1.3659,0.4052,30.0000,18.7374,10.9456,1.0000,28.7321,0.0432,0.1744,0.0336,0.4852
Rb2ZrBiO3I3,1.8014,-1.8816,17.5059,30.0000,21.6807,5.8146,13.0788,28.2491,0.0432,0.0210,0.0366,0.0604
Rb2TiWO3Se3,1.7464,-2.0502,22.6307,30.0000,22.5204,5.7090,13.9771,28.5641,0.0432,0.0247,0.0370,0.0594
Rb2SnGaS3Br3,1.7426,-1.2494,23.3975,30.0000,22.6604,5.6142,14.1904,28.6129,0.0432,0.0242,0.0371,0.0589
Rb2MoInO3Br3,1.7241,-1.6998,24.3036,30.0000,22.8923,5.6962,14.0715,28.6971,0.0432,0.0253,0.0372,0.0597
Na2TiCrSe6,0.9791,-1.2815,0.3508,30.0000,18.7937,11.0568,1.0000,28.8217,0.0433,0.1738,0.0336,0.4841
Na2GeGaSe3Cl3,1.8979,-1.2395,8.1156,30.0000,20.0129,6.0224,11.7327,27.5128,0.0433,0.0230,0.0357,0.0613
Na2GeCuCl3I3,0.9936,-1.1116,5.4707,30.0000,19.9536,10.9967,1.0000,28.9496,0.0433,0.1798,0.0342,0.5021
Rb2WFeO3I3,1.7858,-1.5056,18.7232,30.0000,21.6888,5.7923,13.3212,28.3194,0.0433,0.0233,0.0366,0.0602
Rb2VMnO3Br3,1.6990,-2.0385,27.3340,30.0000,23.2612,5.5392,14.6758,28.7915,0.0433,0.0285,0.0375,0.0586
Rb2TiMoO3Se3,1.7050,-2.0504,25.9671,30.0000,23.1264,5.6785,14.3418,28.7845,0.0433,0.0280,0.0374,0.0590
Rb2GeVS3Cl3,1.4216,-1.4877,37.8547,30.0000,25.3107,6.6108,14.6787,29.5400,0.0433,0.0894,0.0382,0.0617
Rb2SnBiO3Br3,1.7880,-1.4824,19.7300,30.0000,21.8586,5.7800,13.3836,28.3211,0.0433,0.0242,0.0367,0.0602
Rb2ZrCrO3S3,1.5851,-2.0830,33.6586,30.0000,24.4835,5.6913,15.5655,29.2491,0.0433,0.0508,0.0380,0.0579
Rb2NbCuO3Cl3,1.6136,-2.1119,32.0672,30.0000,24.2241,5.6543,15.3883,29.1566,0.0433,0.0418,0.0378,0.0584
K2SnFeO3S3,1.9743,-1.6260,0.1267,30.0000,18.5377,6.1667,10.3001,26.7902,0.0433,0.0246,0.0350,0.0641
Rb2MoInO3I3,1.7758,-1.5511,20.3903,30.0000,21.9956,5.7255,13.5851,28.4283,0.0433,0.0256,0.0368,0.0599
K2ZrWO6,1.9680,-2.7894,0.1773,30.0000,18.6293,6.1560,10.2587,26.6016,0.0433,0.0274,0.0351,0.0646
Rb2GeVS3Br3,1.1301,-1.3927,29.8591,30.0000,24.0139,9.9697,1.4360,29.3756,0.0433,0.1748,0.0373,0.4380
Rb2TiCrO3I3,1.7634,-2.0695,22.4013,30.0000,22.4488,5.7618,13.5374,28.4636,0.0433,0.0277,0.0370,0.0604
Rb2TaMnO3Cl3,1.6880,-2.2032,28.0383,30.0000,23.3332,5.6423,14.5839,28.8747,0.0434,0.0344,0.0375,0.0589
Rb2TiCrO3S3,1.5067,-2.1006,37.1380,30.0000,25.0694,5.9003,16.0233,29.4292,0.0434,0.0667,0.0383,0.0579
Na2ZrBiO3Cl3,1.9691,-2.0559,0.1833,30.0000,18.6393,6.1351,10.3278,26.7128,0.0434,0.0266,0.0351,0.0641
Rb2FeMnS3Se3,1.0844,-1.0866,25.2286,30.0000,23.2076,10.3558,1.0000,29.2147,0.0434,0.1853,0.0369,0.5489
Rb2GeZnI6,1.0375,-1.1439,18.0460,30.0000,21.8139,10.7624,1.0000,29.0620,0.0434,0.1892,0.0359,0.5419
K2SnBiO3Cl3,1.9820,-1.6986,0.2080,30.0000,18.4978,6.1000,10.2103,26.5157,0.0434,0.0264,0.0353,0.0648
Na2SnFeO3F3,1.9738,-2.2839,0.1172,30.0000,18.4432,6.1277,10.3739,26.7314,0.0434,0.0248,0.0351,0.0640
Li2GeGaSe3Cl3,1.9014,-1.2102,8.6386,30.0000,19.9313,6.0308,11.4961,27.4299,0.0434,0.0244,0.0358,0.0627
K2WGaO3Cl3,1.9611,-1.8243,1.8117,30.0000,18.7071,6.1284,10.4202,26.8233,0.0434,0.0255,0.0352,0.0644
Rb2GeNbO3I3,1.7242,-1.9028,24.9512,30.0000,22.7244,5.7534,13.9425,28.6168,0.0434,0.0280,0.0373,0.0601
Rb2VSbSe6,1.0481,-1.0285,19.1907,30.0000,22.1702,10.6297,1.0000,29.0833,0.0435,0.1864,0.0361,0.5398
Rb2ZrBiO3Br3,1.7843,-2.0732,20.4220,30.0000,21.9026,5.8208,13.3040,28.4037,0.0435,0.0233,0.0368,0.0610
Rb2ZrCrO3I3,1.7839,-2.0520,21.1146,30.0000,22.0032,5.8395,13.2020,28.3766,0.0435,0.0241,0.0369,0.0611
Rb2GeSbO3Br3,1.6854,-1.4944,28.8673,30.0000,23.3979,5.5249,14.8022,28.8437,0.0435,0.0268,0.0376,0.0588
Rb2VCuO3F3,1.3756,-2.6338,39.5223,30.0000,25.4031,7.0188,13.5693,29.5572,0.0435,0.1035,0.0385,0.0663
Rb2AgGaI6,1.0304,-1.1145,16.3780,30.0000,21.6028,10.7620,1.0000,28.9800,0.0435,0.1879,0.0357,0.5382
K2VFeO3F3,1.9722,-2.6526,0.1122,30.0000,18.4362,6.1964,10.1630,26.7651,0.0435,0.0243,0.0350,0.0647
Rb2TiCrO3Se3,1.6837,-2.1072,27.9137,30.0000,23.2889,5.5981,14.7471,28.8107,0.0435,0.0341,0.0376,0.0588
Rb2MoGaO3I3,1.7731,-1.5749,21.6192,30.0000,22.1029,5.7192,13.5441,28.3217,0.0435,0.0263,0.0371,0.0602
Rb2VCuO3Cl3,1.5718,-2.0717,35.0850,30.0000,24.5742,5.6419,15.6384,29.2548,0.0435,0.0490,0.0382,0.0585
Na2SnVO3Cl3,1.9856,-1.8974,0.1623,30.0000,18.3652,6.1652,10.0230,26.5774,0.0435,0.0267,0.0352,0.0655
Rb2MnGaO3Cl3,1.5598,-1.9024,36.0482,30.0000,24.6890,5.7160,15.6473,29.2952,0.0436,0.0520,0.0383,0.0586
Na2ZrCrO3F3,1.9882,-2.8022,0.0844,30.0000,18.4741,6.0834,10.2761,26.4438,0.0436,0.0268,0.0351,0.0642
K2CrAgSe3I3,0.9905,-0.9968,2.1202,30.0000,18.8610,10.9991,1.0000,28.8021,0.0436,0.1767,0.0338,0.4912
Rb2TiInO3Br3,1.7269,-2.1250,26.0872,30.0000,22.7823,5.7123,14.0628,28.6706,0.0436,0.0304,0.0374,0.0603
Rb2FeMnO3Cl3,1.5888,-1.7859,35.3171,30.0000,24.4912,5.6729,15.7482,29.2345,0.0436,0.0506,0.0382,0.0581
Rb2NbMnO3Br3,1.7411,-2.1004,25.4732,30.0000,22.6709,5.7111,13.9432,28.6411,0.0436,0.0284,0.0373,0.0599
Rb2ZrCrO3Cl3,1.6355,-2.2088,32.9178,30.0000,24.0146,5.6399,15.0961,29.0341,0.0436,0.0438,0.0381,0.0589
Rb2GeGaO3Br3,1.6356,-1.6126,32.6371,30.0000,23.8947,5.6063,15.1054,29.0521,0.0436,0.0420,0.0380,0.0590
Rb2WGaO3I3,1.8012,-1.6062,19.3786,30.0000,21.6207,5.8638,12.9004,28.1794,0.0437,0.0242,0.0368,0.0618
Li2GeWS6,1.9223,-1.0641,7.4633,30.0000,19.5106,6.0700,11.1640,27.2355,0.0437,0.0240,0.0358,0.0638
Na2SnMoSe6,0.9787,-0.9121,0.4212,30.0000,18.7456,11.0300,1.0000,28.7685,0.0437,0.1753,0.0336,0.4875
Rb2MnInO6,1.5651,-2.0393,37.0942,30.0000,24.6696,5.7419,15.8360,29.2776,0.0437,0.0559,0.0383,0.0584
Na2SnInO3F3,1.9787,-2.2991,2.1750,30.0000,18.5685,6.1434,10.3556,26.7059,0.0437,0.0263,0.0354,0.0650
Rb2GeInS3I3,1.7585,-1.0116,23.7701,30.0000,22.3725,5.7566,13.5094,28.4656,0.0437,0.0298,0.0372,0.0608
K2CrMoO3F3,1.9737,-2.6032,0.2331,30.0000,18.4313,6.0519,10.3595,26.5676,0.0437,0.0243,0.0353,0.0638
Rb2GeInO3I3,1.7369,-1.3909,25.2187,30.0000,22.5956,5.7656,13.7891,28.5908,0.0437,0.0295,0.0373,0.0606
Li2GeCuBr6,0.9803,-1.1981,5.4233,30.0000,19.3595,10.9707,1.0000,28.7780,0.0437,0.1808,0.0343,0.5045
Rb2FeMnO6,1.3687,-1.8530,40.7727,30.0000,25.3084,7.0015,13.2684,29.5373,0.0437,0.1061,0.0387,0.0674
Rb2SbCuO3F3,1.1551,-2.2637,33.5259,30.0000,24.3306,9.7357,1.7241,29.3822,0.0437,0.1745,0.0379,0.3742
Rb2GeZnO3Se3,1.6608,-1.3558,31.8159,30.0000,23.7139,5.6109,14.7240,28.9374,0.0437,0.0388,0.0380,0.0598
K2SnCrO3Cl3,1.9947,-1.8380,0.1218,30.0000,18.3186,6.0962,10.1470,26.5269,0.0437,0.0233,0.0352,0.0649
Na2GeVO3Cl3,1.8902,-1.8528,10.5365,30.0000,20.0771,6.0402,11.5015,27.5101,0.0437,0.0238,0.0360,0.0635
K2SnTaO3Cl3,1.9771,-2.0721,0.7119,30.0000,18.4155,6.1869,10.1524,26.7247,0.0437,0.0268,0.0352,0.0652
Rb2SbAgO3S3,1.6661,-1.5237,31.0118,30.0000,23.5510,5.5340,14.9774,28.9132,0.0437,0.0334,0.0379,0.0588
K2GeCrO3Cl3,1.8988,-1.7240,9.5245,30.0000,19.8289,6.1524,11.2824,27.5786,0.0438,0.0242,0.0359,0.0641
Rb2FeMnSe3Br3,1.0555,-1.3014,20.4571,30.0000,22.1136,10.6564,1.0000,29.1247,0.0438,0.1869,0.0362,0.5453
Rb2GeNbO3Br3,1.6927,-2.0028,30.1782,30.0000,23.3428,5.6543,14.5292,28.8792,0.0438,0.0345,0.0379,0.0601
Rb2SbCuO3Cl3,1.1150,-1.8197,30.2838,30.0000,23.6603,10.1261,1.1601,29.2383,0.0438,0.1807,0.0375,0.5222
K2GeCuCl3I3,0.9831,-1.2370,5.2304,30.0000,19.3768,10.9514,1.0000,28.7980,0.0438,0.1812,0.0344,0.5055
K2GeGaS3Br3,1.9248,-1.2349,7.6019,30.0000,19.5245,6.1154,11.1230,27.3434,0.0438,0.0251,0.0358,0.0640
Rb2NbZnO3Br3,1.7634,-1.8991,25.0423,30.0000,22.3877,5.6871,13.8020,28.4609,0.0438,0.0235,0.0374,0.0606
Rb2SnGaS3I3,1.8026,-1.0864,19.7580,30.0000,21.5112,5.8536,12.9448,28.2397,0.0438,0.0268,0.0368,0.0613
K2WInO3Cl3,1.9852,-1.8259,1.6184,30.0000,18.4441,6.1876,10.0871,26.6278,0.0438,0.0273,0.0353,0.0657
Na2GeCrO3F3,1.8831,-2.3566,12.3177,30.0000,20.2112,6.0182,11.7301,27.6787,0.0438,0.0215,0.0363,0.0633
Li2GeGaS3Br3,1.9171,-1.1446,8.5813,30.0000,19.5905,6.0842,11.1042,27.2180,0.0438,0.0254,0.0359,0.0643
Rb2MoBiSe3I3,1.0145,-0.9872,14.5429,30.0000,20.8562,10.8433,1.0000,28.9283,0.0439,0.1874,0.0355,0.5334
Rb2TiGaO3I3,1.7872,-2.0764,22.9843,30.0000,21.9783,5.7751,13.2647,28.3006,0.0439,0.0256,0.0373,0.0613
Rb2MnInO3S3,1.6505,-1.8631,33.4183,30.0000,23.8199,5.5820,15.0185,28.9730,0.0439,0.0385,0.0382,0.0596
Rb2GeBiO3Br3,1.7535,-1.5110,25.4872,30.0000,22.4661,5.7037,13.8382,28.5501,0.0439,0.0278,0.0374,0.0604
Rb2SnVO3Br3,1.7654,-1.9258,24.6150,30.0000,22.2485,5.6944,13.8276,28.4978,0.0439,0.0253,0.0374,0.0603
Rb2ZrFeO3Cl3,1.6789,-2.1657,32.6416,30.0000,23.5670,5.5531,15.0696,28.8794,0.0440,0.0351,0.0381,0.0594
Rb2ZrSbO3I3,1.8227,-1.8732,19.3656,30.0000,21.3313,5.8854,12.6316,28.0885,0.0440,0.0229,0.0369,0.0625
Rb2FeMnCl3I3,1.0435,-1.4179,20.3753,30.0000,21.7789,10.7290,1.0000,29.0212,0.0440,0.1929,0.0363,0.5531
Rb2MoGaS3Cl3,1.7141,-1.3804,30.2101,30.0000,23.0638,5.6376,14.2858,28.7394,0.0440,0.0257,0.0379,0.0608
K2VTaO6,1.9918,-2.9162,0.8992,30.0000,18.1648,6.1467,9.9558,26.3672,0.0440,0.0279,0.0354,0.0658
K2CrMoO6,2.0161,-2.1152,0.2367,30.0000,18.0718,6.2278,9.5830,26.1432,0.0440,0.0317,0.0354,0.0681
Rb2GeCuO3S3,1.4575,-1.6312,41.6579,30.0000,25.2079,6.1204,15.8721,29.5473,0.0440,0.0776,0.0388,0.0595
Rb2VTaO3Se3,1.7844,-2.1658,23.0623,30.0000,21.9122,5.7103,13.4461,28.3738,0.0440,0.0189,0.0372,0.0608
K2SnFeS3I3,0.9726,-0.9556,0.4299,30.0000,18.3629,11.0527,1.0000,28.7641,0.0440,0.1774,0.0336,0.4905
Li2GeGaS3I3,1.9414,-0.9017,7.0738,30.0000,19.1461,6.2305,10.6741,27.2657,0.0440,0.0274,0.0358,0.0660
Rb2CrMnO3Br3,1.7466,-1.7741,27.2502,30.0000,22.5776,5.6237,14.1357,28.5201,0.0440,0.0261,0.0377,0.0602
K2SnWO3S3,1.9970,-1.7410,0.1947,30.0000,18.0831,6.1725,9.9041,26.3174,0.0441,0.0295,0.0353,0.0662
Rb2SnNbO3Br3,1.7864,-2.0415,23.1015,30.0000,21.8610,5.7912,13.1703,28.3410,0.0441,0.0219,0.0373,0.0615
Rb2GeMoO3Se3,1.6936,-1.5222,30.3589,30.0000,23.1574,5.6667,14.3864,28.8599,0.0441,0.0318,0.0379,0.0604
Rb2SbCuO3Br3,1.0544,-1.4251,24.0240,30.0000,22.2141,10.6517,1.0000,29.0372,0.0441,0.1917,0.0368,0.5614
Rb2CuZnBr3I3,1.0252,-1.2524,17.0375,30.0000,21.1433,10.7765,1.0000,28.9200,0.0441,0.1891,0.0359,0.5405
Rb2SnGeBr6,1.0439,-1.4318,22.3827,30.0000,21.9621,10.6673,1.0000,29.0473,0.0442,0.1926,0.0365,0.5602
Rb2SnWO3Se3,1.8132,-1.4946,20.5596,30.0000,21.2595,5.8945,12.6737,28.2161,0.0442,0.0255,0.0371,0.0626
Rb2TiBiO3Br3,1.8072,-2.0308,21.6380,30.0000,21.5088,5.9125,12.6472,28.1233,0.0442,0.0252,0.0372,0.0630
Rb2ZrGaO3Br3,1.7620,-2.1489,26.2191,30.0000,22.1510,5.7475,13.6450,28.4545,0.0443,0.0292,0.0376,0.0615
Rb2SbZnO3Cl3,1.7204,-1.8643,30.1629,30.0000,22.9551,5.6693,14.2376,28.6633,0.0443,0.0279,0.0380,0.0607
Rb2ZrCrO3Br3,1.7816,-2.1391,25.6367,30.0000,22.0831,5.8331,13.4292,28.4587,0.0443,0.0287,0.0377,0.0622
Rb2MoMnO3Se3,1.7895,-1.5609,25.6607,30.0000,21.9163,5.7885,13.2551,28.3212,0.0443,0.0280,0.0376,0.0625
Na2GeVO3F3,1.9050,-2.4129,12.4326,30.0000,19.8539,6.0421,11.2773,27.3972,0.0443,0.0243,0.0365,0.0648
Na2NbMnO3F3,2.0106,-2.8178,0.1480,30.0000,17.8346,6.1926,9.7691,26.3319,0.0443,0.0300,0.0353,0.0675
Rb2NbFeO3Cl3,1.7067,-2.1797,32.5729,30.0000,23.2076,5.6567,14.4241,28.7865,0.0443,0.0332,0.0382,0.0607
Rb2TiCrO3Cl3,1.6519,-2.2515,36.2385,30.0000,23.8816,5.5882,15.2162,29.0270,0.0443,0.0407,0.0385,0.0599
Rb2WGaO3Br3,1.7999,-1.7572,22.8564,30.0000,21.6381,5.8256,13.0204,28.2492,0.0444,0.0256,0.0373,0.0621
K2GeVO3Cl3,1.9330,-1.9002,9.6048,30.0000,19.4474,6.0650,11.0285,27.0531,0.0444,0.0233,0.0362,0.0652
K2ZrCrO6,2.0068,-2.6655,0.0993,30.0000,17.8693,6.1755,9.7393,26.3220,0.0444,0.0262,0.0354,0.0672
Na2SnGaO3Cl3,1.9931,-1.7467,2.2038,30.0000,18.1409,6.1881,9.8448,26.4214,0.0444,0.0293,0.0357,0.0677
Rb2MoFeO3Cl3,1.7069,-1.7577,32.4127,30.0000,23.0938,5.6409,14.4501,28.7480,0.0444,0.0355,0.0383,0.0608
Rb2SnWS6,1.8137,-1.1132,23.2747,30.0000,21.4845,5.8953,12.9276,28.3012,0.0444,0.0216,0.0374,0.0630
Rb2ZrWO3S3,1.7665,-2.0608,26.2211,30.0000,22.0941,5.7765,13.5312,28.4410,0.0444,0.0272,0.0377,0.0617
Rb2ZrSbO3Br3,1.8051,-2.0517,23.0508,30.0000,21.5261,5.8011,13.0169,28.1941,0.0445,0.0240,0.0373,0.0623
K2TiCrO6,2.0125,-2.6551,0.0588,30.0000,17.8330,6.1903,9.7347,26.2942,0.0445,0.0288,0.0353,0.0668
Rb2VNbO3Se3,1.7774,-2.1961,25.9602,30.0000,22.0862,5.8162,13.2702,28.3256,0.0445,0.0243,0.0377,0.0626
Rb2WInO3Br3,1.8324,-1.6939,21.4678,30.0000,21.1545,5.8144,12.7820,28.0177,0.0445,0.0224,0.0373,0.0627
K2MoWO6,2.0202,-2.1371,0.2740,30.0000,17.7063,6.2584,9.4821,26.3375,0.0445,0.0301,0.0354,0.0687
Rb2TiSbO3I3,1.8468,-1.8632,20.4370,30.0000,20.9126,5.9390,12.3522,27.9561,0.0445,0.0253,0.0372,0.0638
Rb2CrMnO3S3,1.6402,-1.7379,36.5104,30.0000,23.8923,5.6677,14.9883,28.9727,0.0445,0.0457,0.0387,0.0602
Rb2GeFeO3Cl3,1.5611,-1.7740,41.4050,30.0000,24.6194,5.7085,15.7185,29.3242,0.0445,0.0541,0.0390,0.0596
Na2GeNbO3F3,1.9247,-2.4986,10.8428,30.0000,19.4761,6.0804,10.9815,27.2178,0.0445,0.0264,0.0365,0.0660
K2GeWO3S3,1.9622,-1.6105,7.2152,30.0000,18.9367,6.1206,10.7244,26.9660,0.0445,0.0285,0.0360,0.0654
K2NbSbO3S3,2.0136,-1.7605,0.2541,30.0000,17.6729,6.1508,9.8927,26.2576,0.0446,0.0289,0.0354,0.0665
Rb2GeWO3Se3,1.7751,-1.4795,26.5965,30.0000,22.0295,5.7979,13.4538,28.3059,0.0446,0.0285,0.0378,0.0623
Rb2TaCuO3Cl3,1.7552,-2.1565,27.6259,30.0000,22.2392,5.7355,13.6279,28.4425,0.0446,0.0273,0.0378,0.0617
Rb2WGaS3Cl3,1.7875,-1.3877,25.9572,30.0000,21.9064,5.7923,13.3464,28.3985,0.0446,0.0237,0.0376,0.0617
Rb2MnGaO3S3,1.6537,-1.8549,36.8926,30.0000,23.7698,5.6482,14.9056,29.0422,0.0446,0.0392,0.0386,0.0607
Rb2GeGaS3I3,1.7886,-1.0097,25.1530,30.0000,21.6740,5.8725,13.2020,28.4182,0.0446,0.0269,0.0376,0.0627
K2GeBiO3Cl3,1.9602,-1.6888,6.7476,30.0000,18.8622,6.1495,10.5984,26.9700,0.0446,0.0266,0.0360,0.0661
K2GeGaSe3Cl3,1.9543,-1.3143,7.6654,30.0000,18.8854,6.1585,10.4881,26.9233,0.0446,0.0257,0.0361,0.0665
Na2VFeO3F3,2.0269,-2.6211,0.0965,30.0000,17.6791,6.1766,9.6119,26.1569,0.0446,0.0281,0.0355,0.0676
Rb2GeFeS3Se3,1.0745,-0.9615,29.8786,30.0000,22.9190,10.4365,1.0000,29.2414,0.0447,0.1941,0.0375,0.5692
Rb2FeSbSe3Cl3,1.0308,-1.2781,22.4929,30.0000,21.5293,10.7974,1.0000,28.9946,0.0447,0.1965,0.0366,0.5614
Rb2NbCuO3F3,1.6847,-2.6197,35.7293,30.0000,23.4221,5.5344,14.7914,28.7926,0.0447,0.0341,0.0388,0.0607
K2MoAgO3F3,1.9945,-2.3212,3.8932,30.0000,18.2097,6.1885,9.9466,26.4848,0.0447,0.0327,0.0359,0.0678
Rb2GeMnO3S3,1.5648,-1.6768,42.4535,30.0000,24.5803,5.6881,15.7804,29.2791,0.0447,0.0546,0.0393,0.0599
Rb2SnFeSe3Cl3,1.0370,-1.2508,22.5636,30.0000,21.6926,10.7314,1.0000,29.0777,0.0448,0.1947,0.0366,0.5624
Na2GeFeO3S3,1.9466,-1.5679,10.6559,30.0000,19.1788,6.0411,11.0379,27.0877,0.0448,0.0214,0.0365,0.0657
K2ZrMoO6,2.0307,-2.7658,0.2518,30.0000,17.5608,6.1559,9.5062,25.9974,0.0448,0.0283,0.0357,0.0683
K2MnInO3F3,2.0093,-2.4334,2.2925,30.0000,17.9076,6.2025,9.7628,26.3734,0.0448,0.0270,0.0357,0.0679
Rb2MnSbS3Se3,1.0304,-0.9700,22.8672,30.0000,21.5640,10.7920,1.0000,29.0484,0.0448,0.1959,0.0367,0.5655
K2ZrBiO3Cl3,2.0272,-2.2179,0.1866,30.0000,17.5326,6.1957,9.4800,26.0589,0.0449,0.0273,0.0356,0.0685
Rb2SbCuSe3Cl3,1.0261,-1.1792,22.2555,30.0000,21.3643,10.7667,1.0000,28.9917,0.0449,0.1967,0.0366,0.5641
Rb2TiCrO3Br3,1.7890,-2.1405,27.5993,30.0000,21.9547,5.7780,13.1862,28.2053,0.0450,0.0277,0.0382,0.0633
K2SnCuF3I3,0.9691,-1.9409,0.4532,30.0000,17.6678,11.0719,1.0000,28.7812,0.0450,0.1777,0.0337,0.4879
Na2TiCrO3F3,2.0392,-2.8269,0.0375,30.0000,17.4475,6.2172,9.2980,25.9256,0.0450,0.0338,0.0356,0.0696
Li2GeVO3Cl3,1.9316,-1.9078,11.6979,30.0000,19.3304,6.0609,11.0935,27.2366,0.0450,0.0245,0.0366,0.0657
Rb2SnNbO3I3,1.8720,-1.9722,19.4013,30.0000,20.4866,5.9671,12.0728,27.8403,0.0450,0.0228,0.0372,0.0644
Rb2MnGaO6,1.6191,-2.0379,41.4194,30.0000,24.1074,5.5461,15.4319,29.0966,0.0450,0.0443,0.0393,0.0603
Rb2GeMnI6,1.0080,-1.1431,18.2235,30.0000,20.5367,10.8893,1.0000,28.9859,0.0451,0.1964,0.0361,0.5567
Li2GeMoO3S3,1.9547,-1.6104,10.5908,30.0000,19.0273,6.0957,10.8580,27.0509,0.0451,0.0227,0.0365,0.0662
Na2GeMoO3S3,1.9626,-1.5886,9.6412,30.0000,18.8528,6.1318,10.5811,26.9308,0.0451,0.0250,0.0364,0.0672
Rb2TiSbO3Br3,1.8280,-1.9968,24.6170,30.0000,21.2491,5.9058,12.5638,28.0079,0.0451,0.0284,0.0377,0.0646
K2VSbO6,2.0372,-2.3482,0.2511,30.0000,17.4363,6.1627,9.4750,25.9022,0.0451,0.0320,0.0357,0.0688
Rb2GeMnBr3I3,1.0186,-1.3102,20.7417,30.0000,20.9466,10.8184,1.0000,28.9389,0.0451,0.1954,0.0365,0.5579
Rb2SbCuS3I3,1.0046,-0.9256,18.8816,30.0000,20.5964,10.8902,1.0000,28.9052,0.0451,0.1967,0.0362,0.5557
Rb2VFeO3Cl3,1.7051,-2.0674,35.6936,30.0000,23.1124,5.6906,14.3386,28.7788,0.0451,0.0322,0.0388,0.0623
Rb2GeZnS3Se3,1.7765,-0.9887,29.4361,30.0000,22.0003,5.7281,13.6210,28.3998,0.0451,0.0269,0.0382,0.0625
Na2SnCrO3S3,2.0430,-1.7289,0.1287,30.0000,17.3049,6.1878,9.3009,25.7944,0.0452,0.0320,0.0358,0.0693
Rb2GeFeSe3Cl3,1.0580,-1.2972,29.3983,30.0000,22.2954,10.5019,1.0000,29.0314,0.0452,0.1946,0.0376,0.5731
Na2SnNbO3Cl3,2.0425,-2.0247,0.1907,30.0000,17.3332,6.2448,9.1426,25.8338,0.0452,0.0353,0.0357,0.0700
K2SnSbO3F3,2.0397,-2.3518,0.2392,30.0000,17.3774,6.1910,9.2849,25.9545,0.0452,0.0272,0.0356,0.0695
Rb2TiFeO3Cl3,1.7079,-2.1827,35.9045,30.0000,23.1106,5.7055,14.3757,28.7995,0.0453,0.0357,0.0388,0.0621
Rb2SnSbO3Cl3,1.8090,-1.7875,27.3812,30.0000,21.5098,5.8126,12.9222,28.1607,0.0453,0.0236,0.0382,0.0642
Na2SnMoO3S3,2.0390,-1.7340,0.2616,30.0000,17.2516,6.2249,9.2787,25.8313,0.0453,0.0332,0.0357,0.0697
Rb2TaFeO3Cl3,1.7967,-2.1667,27.9916,30.0000,21.6380,5.8319,12.9832,28.2911,0.0453,0.0233,0.0380,0.0640
Na2MnGaO3F3,2.0210,-2.4169,2.9837,30.0000,17.7026,6.1744,9.6535,26.2263,0.0453,0.0298,0.0360,0.0689
K2MoBiO3F3,2.0403,-2.2725,0.2962,30.0000,17.3188,6.1820,9.3699,25.9703,0.0453,0.0313,0.0358,0.0692
Rb2TiBiO3I3,1.8836,-1.8537,18.3741,30.0000,20.1312,5.9512,11.7520,27.3951,0.0453,0.0268,0.0373,0.0654
Na2SnCrO3F3,2.0569,-2.3802,0.1304,30.0000,17.1187,6.2070,9.0009,25.6651,0.0454,0.0366,0.0359,0.0710
Rb2TiGaO3Br3,1.8105,-2.1363,28.1651,30.0000,21.5087,5.8269,12.9949,28.1149,0.0454,0.0255,0.0382,0.0641
Rb2NbCuSe3Br3,1.0069,-1.3051,19.3538,30.0000,20.3743,10.9175,1.0000,28.8417,0.0454,0.1982,0.0362,0.5560
Rb2GeCuF3I3,1.0297,-1.9351,25.5894,30.0000,21.5370,10.7902,1.0000,28.9984,0.0455,0.2019,0.0371,0.5758
Na2VTaO6,2.0440,-2.8559,0.9562,30.0000,17.3154,6.1433,9.2211,25.6500,0.0455,0.0292,0.0360,0.0700
Rb2VMnO3Cl3,1.7314,-2.1260,35.7706,30.0000,22.7062,5.7037,13.9947,28.6223,0.0455,0.0348,0.0389,0.0632
Na2SnVO3F3,2.0560,-2.4619,0.1887,30.0000,17.1235,6.1635,9.0115,25.6299,0.0455,0.0287,0.0359,0.0711
Na2SnWO6,2.0548,-2.0894,0.2005,30.0000,17.0871,6.1821,9.2455,25.6470,0.0455,0.0344,0.0359,0.0702
Li2GeWO3S3,1.9862,-1.6438,8.3179,30.0000,18.3813,6.1966,9.9839,26.5509,0.0455,0.0314,0.0365,0.0696
Rb2MnSbO3F3,1.7570,-2.3704,34.1494,30.0000,22.4423,5.7976,13.5875,28.6231,0.0456,0.0284,0.0387,0.0642
K2TiFeO3F3,2.0615,-2.6883,0.0462,30.0000,16.9563,6.1556,9.1443,25.6000,0.0456,0.0340,0.0360,0.0700
Rb2GeMoS6,1.7355,-1.0893,35.4618,30.0000,22.6254,5.7349,13.9195,28.6389,0.0456,0.0299,0.0389,0.0631
K2SnGaO3F3,2.0369,-2.3926,2.3273,30.0000,17.3949,6.1803,9.4708,26.0003,0.0456,0.0296,0.0360,0.0696
Rb2TaZnO3Cl3,1.8187,-2.1963,27.5262,30.0000,21.1508,5.8736,12.7734,28.1795,0.0457,0.0217,0.0382,0.0645
Rb2WBiO3Cl3,1.8752,-1.8257,21.6167,30.0000,20.4059,5.9330,12.0609,27.7194,0.0457,0.0223,0.0376,0.0656
K2NbSbO6,2.0534,-2.5751,0.2716,30.0000,17.0315,6.1169,9.1571,25.4956,0.0457,0.0319,0.0359,0.0703
Rb2WAgO3Cl3,1.8346,-1.7380,27.3667,30.0000,21.2363,5.9124,12.5543,28.0012,0.0457,0.0254,0.0382,0.0652
Rb2SnZnO3S3,1.7923,-1.7063,30.9313,30.0000,21.7852,5.8232,13.1218,28.2065,0.0457,0.0265,0.0385,0.0643
Rb2GeWS6,1.8023,-1.0904,30.4143,30.0000,21.7054,5.8130,12.9545,28.2080,0.0457,0.0239,0.0385,0.0648
Na2ZrInO3Cl3,2.0463,-2.1977,2.0146,30.0000,17.3100,6.2403,9.1607,25.9301,0.0457,0.0319,0.0360,0.0712
K2SnFeO3F3,2.0605,-2.2673,0.1280,30.0000,16.9677,6.2163,9.0185,25.5352,0.0457,0.0350,0.0359,0.0713
K2VMnO3F3,2.0665,-2.7548,0.1154,30.0000,16.9741,6.2229,8.8850,25.5178,0.0458,0.0345,0.0360,0.0718
Rb2ZrMoO3S3,1.7958,-2.0619,30.8323,30.0000,21.6838,5.8555,13.0543,28.2848,0.0458,0.0260,0.0385,0.0648
Na2SnCrO6,2.0577,-2.1132,0.1311,30.0000,16.9850,6.1544,9.2529,25.5915,0.0458,0.0329,0.0358,0.0698
K2SnWO6,2.0637,-2.0538,0.2030,30.0000,17.0174,6.1595,9.1848,25.5545,0.0458,0.0318,0.0359,0.0703
K2GeTaO3F3,1.9958,-2.6821,8.5451,30.0000,18.2978,6.1836,9.8896,26.4914,0.0458,0.0263,0.0366,0.0698
Rb2SnCuCl3I3,1.0093,-1.3124,18.6922,30.0000,20.1893,10.8397,1.0000,28.8186,0.0458,0.1980,0.0362,0.5572
Na2VMnO3F3,2.0624,-2.6789,0.1001,30.0000,17.0098,6.2340,8.9522,25.5419,0.0458,0.0325,0.0360,0.0712
K2GeFeS3I3,0.9663,-0.9630,5.3638,30.0000,17.8100,11.0261,1.0000,28.6795,0.0458,0.1851,0.0345,0.5083
Na2ZrInO3F3,2.0465,-2.7808,2.2945,30.0000,17.1909,6.1574,9.2421,25.6822,0.0459,0.0333,0.0362,0.0702
Na2GeInO3Cl3,1.9772,-1.7839,10.8014,30.0000,18.4624,6.2068,10.1738,26.7980,0.0459,0.0296,0.0367,0.0698
K2WMnO6,2.0673,-2.1792,0.1500,30.0000,16.9751,6.2142,9.0072,25.6430,0.0459,0.0338,0.0359,0.0715
Rb2SbZnO3F3,1.7775,-2.3562,33.3791,30.0000,21.9890,5.7687,13.4281,28.2792,0.0459,0.0240,0.0387,0.0643
Rb2NbTaO3S3,1.8367,-2.1344,26.7911,30.0000,20.9814,5.9372,12.3195,27.9522,0.0459,0.0235,0.0381,0.0661
Rb2MoGaO3Br3,1.8546,-1.7121,26.0927,30.0000,20.8076,5.9605,12.3137,27.9817,0.0459,0.0219,0.0381,0.0663
Na2GeBiO3Cl3,2.0073,-1.6246,7.1828,30.0000,17.9537,6.1740,9.8009,26.2514,0.0460,0.0314,0.0365,0.0696
Na2WGaO3F3,2.0494,-2.3424,2.1593,30.0000,17.2060,6.1743,9.1309,25.6958,0.0460,0.0315,0.0362,0.0718
Na2WGaO3Cl3,2.0467,-1.7235,1.9234,30.0000,17.1884,6.1400,9.2591,25.6239,0.0460,0.0340,0.0363,0.0703
Rb2TaCuO3F3,1.8111,-2.6733,30.2473,30.0000,21.3557,5.8624,12.7592,28.1510,0.0460,0.0246,0.0386,0.0656
Na2CrMnO3F3,2.0635,-2.5268,0.0277,30.0000,16.7974,6.1658,8.9860,25.4342,0.0460,0.0355,0.0359,0.0712
Rb2SbCuSe3Br3,0.9969,-1.1519,18.7009,30.0000,19.7854,11.0182,1.0000,28.9300,0.0460,0.2015,0.0362,0.5612
Na2GeSbO3Cl3,2.0103,-1.7090,8.7302,30.0000,18.1151,6.0954,10.1140,26.2363,0.0460,0.0286,0.0367,0.0694
K2SnCrO3S3,2.0694,-1.7819,0.1376,30.0000,16.8381,6.2988,8.7516,25.5485,0.0460,0.0341,0.0359,0.0721
Na2GeWO3S3,1.9974,-1.5438,7.7185,30.0000,18.0445,6.1873,9.8101,26.5373,0.0460,0.0291,0.0366,0.0699
Rb2CrMnO3Cl3,1.7589,-1.7926,35.6404,30.0000,22.2525,5.8140,13.5924,28.6176,0.0460,0.0267,0.0390,0.0648
Rb2TiWO3S3,1.8370,-2.0175,28.2719,30.0000,21.0485,5.8649,12.5653,27.9912,0.0461,0.0249,0.0384,0.0658
Na2SnGeO3S3,2.0059,-1.6190,8.9934,30.0000,18.0947,6.1271,10.0372,26.3742,0.0461,0.0316,0.0369,0.0692
Na2GeCrO3S3,1.9898,-1.5851,10.7982,30.0000,18.3343,6.1763,9.9789,26.5120,0.0462,0.0306,0.0369,0.0710
Rb2FeMnO3F3,1.7385,-2.4226,39.8266,30.0000,22.7329,5.6762,14.0759,28.6459,0.0462,0.0317,0.0395,0.0640
K2GeNbO3Cl3,2.0094,-2.0363,8.6388,30.0000,17.9561,6.2335,9.6821,26.2716,0.0462,0.0333,0.0367,0.0712
Rb2WSbO3Cl3,1.8785,-1.7989,24.5803,30.0000,20.3871,6.0239,11.7425,27.6560,0.0463,0.0266,0.0381,0.0676
Na2SnTaO3F3,2.0743,-2.7514,0.8249,30.0000,16.7827,6.1427,8.9278,25.3242,0.0463,0.0319,0.0361,0.0715
K2ZrInO3Cl3,2.0682,-2.2655,1.8841,30.0000,16.8767,6.1322,9.1075,25.3904,0.0463,0.0318,0.0363,0.0714
Rb2SbCuS3Br3,1.0053,-1.1548,22.3590,30.0000,20.2857,10.8930,1.0000,28.9546,0.0463,0.2030,0.0367,0.5708
Rb2VTaO3S3,1.8421,-2.1046,28.8126,30.0000,20.9887,5.9412,12.3113,27.9192,0.0463,0.0266,0.0385,0.0666
Rb2SnGeI6,0.9943,-1.0291,17.2203,30.0000,19.4308,10.9262,1.0000,28.8634,0.0463,0.1962,0.0360,0.5489
K2VSbSe6,0.9594,-1.0185,0.4085,30.0000,16.6880,11.0280,1.0000,28.5946,0.0463,0.1790,0.0337,0.4908
K2MoMnO6,2.0821,-2.0448,0.2255,30.0000,16.5661,6.1799,8.6801,25.2078,0.0464,0.0351,0.0362,0.0728
K2CrWO3F3,2.0836,-2.6237,0.1572,30.0000,16.4959,6.1783,8.7828,25.2615,0.0464,0.0339,0.0361,0.0724
K2GeVO3F3,1.9934,-2.6183,11.1519,30.0000,18.0897,6.1567,10.1245,26.5390,0.0465,0.0304,0.0369,0.0700
K2GeFeO3S3,2.0072,-1.6155,9.6992,30.0000,17.9704,6.1943,9.8166,26.3704,0.0465,0.0311,0.0369,0.0712
K2SnGaO3Cl3,2.0683,-1.8300,2.0533,30.0000,16.7867,6.1695,8.8828,25.3363,0.0465,0.0341,0.0365,0.0731
Rb2SnFeCl3I3,0.9959,-1.3520,18.8564,30.0000,19.3917,10.9904,1.0000,28.9154,0.0465,0.2003,0.0362,0.5592
Na2TiWO6,2.0832,-2.7781,0.1514,30.0000,16.6389,6.2127,8.6430,25.2690,0.0466,0.0373,0.0361,0.0728
Na2FeMnSe3I3,0.9581,-0.9962,0.4781,30.0000,16.3663,11.0666,1.0000,28.5416,0.0466,0.1818,0.0338,0.4941
Rb2WSbO3F3,1.8759,-2.3183,26.6677,30.0000,20.3607,6.0152,11.6772,27.5946,0.0466,0.0250,0.0385,0.0685
Rb2MoAgO3Cl3,1.8220,-1.6986,31.9346,30.0000,21.1818,5.8896,12.6735,28.1298,0.0467,0.0272,0.0388,0.0664
Rb2SnBiO3Cl3,1.9044,-1.7372,23.7478,30.0000,19.9434,6.0308,11.4430,27.5429,0.0467,0.0218,0.0382,0.0686
Rb2FeMnSe6,0.9917,-1.0315,20.6616,30.0000,19.7020,11.0087,1.0000,28.9350,0.0467,0.2023,0.0365,0.5649
K2WBiO3F3,2.0947,-2.3120,0.2314,30.0000,16.3682,6.1432,8.6166,25.0205,0.0467,0.0370,0.0363,0.0738
Na2TiFeO3F3,2.0928,-2.6910,0.0220,30.0000,16.3446,6.1868,8.5584,25.1203,0.0468,0.0391,0.0363,0.0734
Na2TiSbO3Cl3,2.0985,-2.0087,0.1640,30.0000,16.4079,6.2108,8.4282,25.0065,0.0469,0.0375,0.0364,0.0749
Rb2WMnO3S3,1.8609,-1.6934,27.9069,30.0000,20.4520,5.9417,12.0744,27.8051,0.0469,0.0246,0.0385,0.0675
Rb2TaSbO3S3,1.8822,-1.9101,25.5637,30.0000,20.0972,5.9926,11.7552,27.5898,0.0469,0.0296,0.0384,0.0677
Rb2SnInO3Cl3,1.8705,-1.8348,29.0503,30.0000,20.5044,5.9754,12.0358,27.7509,0.0469,0.0273,0.0388,0.0680
K2SnVO3Cl3,2.1029,-1.9304,0.1683,30.0000,16.3348,6.1973,8.5222,24.9443,0.0469,0.0379,0.0364,0.0743
K2GeWO6,2.0286,-2.0609,8.0100,30.0000,17.4719,6.2008,9.4249,26.0118,0.0469,0.0349,0.0368,0.0718
Rb2SnFeS3Se3,0.9962,-0.9488,22.9089,30.0000,19.8665,10.9107,1.0000,28.8244,0.0469,0.2063,0.0368,0.5784
Na2GeCuBr6,0.9545,-1.1908,5.1591,30.0000,17.2047,11.0295,1.0000,28.6322,0.0470,0.1876,0.0346,0.5122
Rb2MoBiO3Cl3,1.8978,-1.8148,24.6497,30.0000,19.8877,6.0433,11.4690,27.4358,0.0470,0.0265,0.0384,0.0690
K2SnNbO3Cl3,2.0990,-2.0867,0.1941,30.0000,16.2896,6.1855,8.4986,24.9994,0.0470,0.0387,0.0365,0.0741
Rb2VNbO3S3,1.8283,-2.1154,33.7017,30.0000,21.1669,5.9606,12.5491,28.0977,0.0471,0.0290,0.0391,0.0681
Rb2TiMoO3S3,1.8313,-2.0632,33.7115,30.0000,21.0843,5.9593,12.4527,27.9990,0.0471,0.0287,0.0391,0.0680
Na2SnCuF3I3,0.9499,-1.8351,0.4636,30.0000,16.3747,11.1033,1.0000,28.5821,0.0471,0.1819,0.0338,0.4933
K2CrMnO3F3,2.1002,-2.5525,0.0510,30.0000,16.1397,6.1840,8.3903,24.8379,0.0471,0.0381,0.0365,0.0753
Na2ZrSbO3Cl3,2.1068,-2.0555,0.1841,30.0000,16.1389,6.1881,8.3509,24.9268,0.0472,0.0350,0.0365,0.0749
Na2ZrGaO3Cl3,2.0857,-2.1908,2.3240,30.0000,16.4818,6.1890,8.5728,25.1601,0.0472,0.0346,0.0366,0.0744
K2GeSbO3Cl3,2.0425,-1.7731,8.0894,30.0000,17.3025,6.2180,9.2171,25.8398,0.0472,0.0331,0.0370,0.0735
Na2MoInO3Cl3,2.0907,-1.8020,2.1003,30.0000,16.2977,6.1808,8.6532,25.0326,0.0472,0.0397,0.0366,0.0748
K2GeCrO3S3,2.0324,-1.6479,9.8177,30.0000,17.4164,6.2225,9.3288,26.0300,0.0473,0.0302,0.0371,0.0742
K2TiBiO3Cl3,2.1178,-2.0897,0.1716,30.0000,16.0364,6.1321,8.3105,24.5989,0.0474,0.0361,0.0367,0.0752
K2ZrCrO3F3,2.1070,-2.8017,0.0995,30.0000,16.0327,6.1574,8.3603,24.8401,0.0474,0.0381,0.0365,0.0749
K2MoAgSe3I3,0.9567,-0.9692,2.0827,30.0000,16.5000,11.0691,1.0000,28.5985,0.0474,0.1837,0.0340,0.5013
Rb2CrAgSe3I3,0.9820,-1.0320,18.1407,30.0000,18.7852,11.0127,1.0000,28.8077,0.0474,0.2013,0.0362,0.5609
K2SnMoO3S3,2.1184,-1.7657,0.2598,30.0000,16.0288,6.1565,8.2447,24.5786,0.0474,0.0388,0.0365,0.0758
Rb2WFeO3Cl3,1.9013,-1.7160,27.3498,30.0000,19.9668,5.9407,11.6880,27.3918,0.0474,0.0229,0.0388,0.0692
K2TiGaO3Cl3,2.0916,-2.1932,2.3758,30.0000,16.3673,6.2582,8.4907,25.0074,0.0474,0.0393,0.0366,0.0759
Na2WInO3F3,2.1068,-2.3455,1.8961,30.0000,16.2260,6.1689,8.4318,24.8813,0.0474,0.0398,0.0367,0.0756
Na2TiInO3Cl3,2.1048,-2.1507,2.2127,30.0000,16.2768,6.2459,8.4738,24.9637,0.0474,0.0373,0.0367,0.0759
Na2MoInO3F3,2.0902,-2.3770,2.3882,30.0000,16.3910,6.1891,8.5208,25.0831,0.0475,0.0366,0.0367,0.0752
K2SnInO3F3,2.0979,-2.4013,2.0252,30.0000,16.2314,6.1662,8.4735,24.9029,0.0475,0.0368,0.0367,0.0755
Li2MoGaO3Cl3,2.0995,-1.8212,2.6508,30.0000,16.3617,6.1412,8.5390,24.9008,0.0476,0.0382,0.0368,0.0752
Rb2MoSbO3Cl3,1.8914,-1.8515,28.5803,30.0000,19.9584,5.9777,11.6063,27.4917,0.0477,0.0252,0.0389,0.0695
Rb2SnSbO3F3,1.8889,-2.3741,29.9996,30.0000,20.2614,6.0256,11.6670,27.6111,0.0477,0.0232,0.0391,0.0700
Rb2CrMnO6,1.7962,-2.0083,41.2026,30.0000,21.7900,5.8384,13.1724,28.2794,0.0478,0.0255,0.0400,0.0680
Na2FeMnS3I3,0.9463,-1.0140,0.4281,30.0000,15.8614,11.0514,1.0000,28.4695,0.0478,0.1838,0.0339,0.4975
K2ZrFeO3F3,2.1283,-2.7734,0.0869,30.0000,15.7429,6.1446,8.0705,24.2493,0.0479,0.0413,0.0368,0.0781
Rb2CrMoO3S3,1.8717,-1.7490,33.4124,30.0000,20.4406,5.9944,12.0677,27.8463,0.0480,0.0236,0.0394,0.0699
K2GeMoO3S3,2.0668,-1.6525,8.8663,30.0000,16.9281,6.1952,9.0650,25.5989,0.0480,0.0359,0.0373,0.0752
Rb2SnGeBr3I3,0.9801,-1.2893,19.4311,30.0000,18.5631,11.0014,1.0000,28.7324,0.0480,0.2056,0.0365,0.5678
Na2TiCrO6,2.1337,-2.6515,0.0350,30.0000,15.7168,6.1171,8.1959,24.3458,0.0480,0.0416,0.0370,0.0765
K2SnGeO3S3,2.0595,-1.6295,8.3116,30.0000,16.9040,6.2219,8.8973,25.4913,0.0480,0.0352,0.0373,0.0758
Rb2GeGaSe3Cl3,1.9051,-1.3033,30.0245,30.0000,19.9434,6.0669,11.4707,27.4491,0.0480,0.0309,0.0392,0.0712
K2SnBiO3F3,2.1363,-2.3473,0.2290,30.0000,15.7062,6.1342,8.0506,24.3061,0.0481,0.0445,0.0369,0.0774
Rb2MoWO3S3,1.9278,-1.6272,26.0884,30.0000,19.4122,6.1100,10.9457,27.2031,0.0481,0.0294,0.0387,0.0717
K2GeInO3Cl3,2.0541,-1.8337,9.9911,30.0000,17.0485,6.1503,9.0732,25.5424,0.0482,0.0350,0.0376,0.0753
Rb2TaFeO3F3,1.9028,-2.8141,30.6875,30.0000,19.9136,6.0899,11.4575,27.5458,0.0482,0.0273,0.0393,0.0714
Na2MoGaO3Cl3,2.1226,-1.7876,2.4163,30.0000,15.8942,6.1971,8.1450,24.6778,0.0482,0.0415,0.0370,0.0782
K2TiInO3Cl3,2.1207,-2.2254,2.0517,30.0000,15.9602,6.1688,8.1339,24.6202,0.0482,0.0409,0.0369,0.0780
K2SnVO3F3,2.1365,-2.6724,0.1932,30.0000,15.5604,6.1916,7.8958,24.4217,0.0483,0.0426,0.0369,0.0782
K2TiMoO6,2.1373,-2.7680,0.2376,30.0000,15.5249,6.2144,7.7296,24.3626,0.0483,0.0413,0.0369,0.0800
Na2ZrFeO3F3,2.1264,-2.7473,0.0706,30.0000,15.5946,6.2024,7.9764,24.3823,0.0483,0.0425,0.0367,0.0781
K2GeCrO3F3,2.0621,-2.4115,11.0534,30.0000,17.1002,6.2541,8.9823,25.7220,0.0483,0.0340,0.0376,0.0768
Cs2WBiSe3I3,1.3668,-1.0518,68.3725,30.0000,25.4106,7.1899,12.5754,29.4982,0.0484,0.1303,0.0426,0.0795
Na2SnBiO3F3,2.1400,-2.2503,0.2284,30.0000,15.5167,6.1496,7.8863,24.2754,0.0484,0.0408,0.0369,0.0784
K2SnTaO3F3,2.1428,-2.7241,0.7857,30.0000,15.4467,6.1463,7.9974,24.1854,0.0484,0.0421,0.0370,0.0786
Rb2GeGaS3Br3,1.9102,-1.2649,30.2225,30.0000,19.7487,6.0668,11.3003,27.3134,0.0484,0.0270,0.0392,0.0719
Li2MoGaO3F3,2.1191,-2.3463,3.1123,30.0000,15.9407,6.2321,8.1427,24.8440,0.0485,0.0406,0.0370,0.0787
K2GeCuBr6,0.9429,-1.3565,4.9305,30.0000,16.1641,11.0960,1.0000,28.6435,0.0485,0.1908,0.0345,0.5156
Rb2SnFeO3S3,1.9162,-1.6038,31.5320,30.0000,19.7823,6.0610,11.3194,27.3597,0.0486,0.0316,0.0396,0.0718
Rb2MoAgSe3I3,0.9660,-1.0065,17.3973,30.0000,17.8317,10.9767,1.0000,28.5685,0.0486,0.2027,0.0363,0.5598
Rb2NbMnO3Cl3,1.8982,-2.2054,32.6371,30.0000,19.8898,6.0606,11.4050,27.4795,0.0486,0.0279,0.0397,0.0724
Rb2CrWO6,1.9181,-2.1955,30.7405,30.0000,19.6756,6.0324,11.2854,27.2471,0.0486,0.0260,0.0394,0.0722
Rb2TaZnO3F3,1.9150,-2.7684,30.1288,30.0000,19.5662,6.0883,11.1372,27.2515,0.0486,0.0281,0.0394,0.0727
K2TiWO6,2.1541,-2.8045,0.1582,30.0000,15.2980,6.2325,7.5656,24.1205,0.0487,0.0456,0.0371,0.0808
Na2TiMoO6,2.1517,-2.6706,0.2376,30.0000,15.3222,6.1900,7.7005,24.0064,0.0487,0.0469,0.0372,0.0808
Rb2CrMoO3Cl3,1.9076,-1.7484,32.6843,30.0000,19.8400,6.0625,11.2438,27.4585,0.0487,0.0271,0.0396,0.0729
Rb2CrWO3Cl3,1.9458,-1.7993,27.5441,30.0000,19.0357,6.0878,10.8154,26.8532,0.0488,0.0322,0.0392,0.0731
Rb2SnInO3F3,1.9201,-2.4200,31.8660,30.0000,19.6881,6.0445,11.1605,27.2051,0.0488,0.0294,0.0397,0.0729
Rb2GeTaO3Cl3,1.9068,-2.1705,33.0331,30.0000,19.8582,6.1085,11.2839,27.4763,0.0489,0.0325,0.0396,0.0731
Rb2GeFeO3F3,1.7976,-2.3057,46.4602,30.0000,21.7069,5.8570,13.0749,28.2762,0.0489,0.0280,0.0408,0.0698
Rb2ZrWO6,1.9465,-2.7836,28.5428,30.0000,19.1728,6.0780,10.8237,27.0033,0.0489,0.0312,0.0394,0.0731
Rb2CrWO3S3,1.9463,-1.7505,28.0613,30.0000,19.0590,6.1228,10.6338,27.0049,0.0489,0.0256,0.0393,0.0744
Na2SbCuSe3I3,0.9417,-0.7786,0.5091,30.0000,15.3525,11.0959,1.0000,28.5563,0.0489,0.1835,0.0338,0.4944
Na2TiBiO3Cl3,2.1575,-1.9897,0.1669,30.0000,15.2522,6.1496,7.7747,24.0398,0.0489,0.0435,0.0371,0.0794
Na2SbCuO3I3,0.9355,-1.2061,0.4965,30.0000,15.1809,11.1175,1.0000,28.5697,0.0490,0.1847,0.0339,0.4954
Rb2MnInO3F3,1.8869,-2.4590,36.3475,30.0000,20.2038,6.0288,11.7734,27.6428,0.0490,0.0306,0.0398,0.0722
Na2GeInO3F3,2.0656,-2.2862,12.3783,30.0000,16.9121,6.2367,8.9844,25.6706,0.0491,0.0397,0.0378,0.0771
Na2GeZnO3S3,2.0836,-1.6169,10.3504,30.0000,16.5604,6.1869,8.6169,25.1434,0.0491,0.0357,0.0380,0.0787
Rb2WMnO6,1.9367,-2.1532,30.5558,30.0000,19.2755,6.1195,10.8589,27.1785,0.0492,0.0308,0.0396,0.0742
K2ZrGaO3Cl3,2.1381,-2.2116,2.1532,30.0000,15.3651,6.1205,7.8765,24.1162,0.0493,0.0438,0.0374,0.0805
Na2GeFeSe3Br3,0.9406,-1.1258,5.3797,30.0000,15.8889,11.0861,1.0000,28.5303,0.0493,0.1913,0.0345,0.5183
Rb2GeBiO3Cl3,1.9362,-1.7246,31.0751,30.0000,19.3079,6.1220,11.0056,27.2939,0.0493,0.0288,0.0396,0.0739
Cs2AgInI6,1.2889,-1.1681,71.6251,30.0000,25.2064,8.0815,8.3311,29.5432,0.0493,0.1600,0.0431,0.1121
Rb2NbFeO3F3,1.8985,-2.7729,36.3602,30.0000,19.9689,6.0344,11.5269,27.4296,0.0494,0.0275,0.0402,0.0732
Na2MoGaO3F3,2.1534,-2.3863,2.7945,30.0000,15.4626,6.2409,7.6441,24.1616,0.0495,0.0456,0.0374,0.0823
Cs2SnTaSe3I3,1.4230,-1.2845,73.9646,30.0000,25.3013,6.4861,14.9499,29.5697,0.0495,0.1063,0.0434,0.0710
Cs2WSbSe3I3,1.3127,-1.0112,73.3748,30.0000,25.3438,7.6984,10.2778,29.5980,0.0495,0.1473,0.0433,0.0950
Cs2SnBiSe3I3,1.2664,-1.0049,72.0359,30.0000,25.1197,8.4681,6.4015,29.5755,0.0495,0.1720,0.0432,0.1403
Na2ZrSbO3F3,2.1689,-2.7568,0.2104,30.0000,14.9865,6.1858,7.4038,23.7519,0.0495,0.0448,0.0373,0.0825
Rb2MoSbO3F3,1.9452,-2.3284,31.4393,30.0000,19.2225,6.0722,10.8393,27.0127,0.0496,0.0315,0.0399,0.0749
Na2VSbSe6,0.9240,-0.9678,0.4164,30.0000,14.9496,11.0622,1.0000,28.4149,0.0496,0.1846,0.0339,0.4961
K2VNbO6,2.1708,-2.7679,0.2278,30.0000,14.8653,6.1890,7.4394,23.7723,0.0497,0.0524,0.0373,0.0831
Rb2NbSbO3S3,1.9520,-1.8739,29.2594,30.0000,18.8560,6.1361,10.6399,27.0273,0.0497,0.0284,0.0395,0.0748
Na2SnGaO3F3,2.1533,-2.3167,2.5257,30.0000,15.2315,6.1899,7.6779,24.0453,0.0497,0.0465,0.0376,0.0815
Cs2ZrBiSe3I3,1.5270,-1.3656,73.6943,30.0000,24.9006,5.8204,15.9182,29.4749,0.0497,0.0761,0.0436,0.0684
Cs2WAgSe3I3,1.4062,-1.0307,75.4146,30.0000,25.2459,6.6656,14.7137,29.6585,0.0497,0.1130,0.0436,0.0725
Cs2SbAgI6,1.1973,-1.0547,70.6386,30.0000,24.7208,9.1928,3.3705,29.4214,0.0498,0.1984,0.0430,0.2516
Rb2GeCuCl3I3,0.9743,-1.3025,23.9983,30.0000,18.0835,10.9869,1.0000,28.6425,0.0498,0.2143,0.0372,0.5884
Na2GeFeBr6,0.9443,-1.2501,5.2088,30.0000,15.6567,11.0210,1.0000,28.4998,0.0498,0.1900,0.0345,0.5157
Rb2ZrCrO6,1.9112,-2.6438,37.6006,30.0000,19.8193,6.0127,11.4582,27.3517,0.0499,0.0300,0.0404,0.0735
Cs2SnSbSe3I3,1.3466,-0.9933,77.6125,30.0000,25.5483,7.3668,11.7997,29.6591,0.0499,0.1394,0.0438,0.0859
Na2SnNbO3F3,2.1771,-2.7054,0.2179,30.0000,14.8578,6.1561,7.3116,23.5634,0.0499,0.0476,0.0375,0.0832
Rb2FeSbO3F3,1.9278,-2.2944,34.0793,30.0000,19.3966,6.1225,11.0289,27.2687,0.0499,0.0330,0.0400,0.0747
K2TiCrO3F3,2.1833,-2.8160,0.0602,30.0000,14.7781,6.2079,7.3145,23.7675,0.0499,0.0500,0.0373,0.0836
Cs2TiBiSe3I3,1.4546,-1.3558,76.4829,30.0000,25.2207,6.2003,15.5545,29.5213,0.0500,0.0930,0.0438,0.0697
Rb2VSbO3S3,1.9577,-1.7611,31.7384,30.0000,18.9848,6.1736,10.5758,26.9872,0.0500,0.0316,0.0398,0.0762
Rb2TaMnO3F3,1.9665,-2.9565,30.7435,30.0000,18.7442,6.1639,10.3881,26.8390,0.0500,0.0346,0.0399,0.0772
K2GeBiO3F3,2.1329,-2.2932,7.4652,30.0000,15.7193,6.1548,8.0034,24.2190,0.0501,0.0408,0.0381,0.0813
Cs2TaZnSe3I3,1.3219,-1.2555,77.4241,30.0000,25.2483,7.6602,10.2278,29.6117,0.0501,0.1487,0.0439,0.0976
Cs2GeBiSe3I3,1.3730,-0.9931,77.7625,30.0000,25.3519,7.1080,12.9199,29.5055,0.0501,0.1339,0.0440,0.0803
Cs2ZrSbSe3I3,1.3797,-1.3517,79.5426,30.0000,25.4693,6.8774,13.7918,29.5724,0.0502,0.1243,0.0442,0.0769
K2SbCuSe3Br3,0.9373,-1.1304,0.2491,30.0000,14.6571,11.0552,1.0000,28.3496,0.0502,0.1849,0.0339,0.4981
Cs2WInSe3I3,1.5584,-1.1369,74.4339,30.0000,24.6682,5.7182,15.8626,29.2583,0.0502,0.0695,0.0438,0.0688
Cs2TaFeSe3I3,1.4203,-1.2282,78.0837,30.0000,25.3408,6.5299,15.1823,29.5505,0.0502,0.1122,0.0440,0.0721
Rb2MoWO6,1.9869,-2.1237,28.3784,30.0000,18.4110,6.1364,10.1205,26.4803,0.0502,0.0307,0.0399,0.0777
Rb2VZnO3F3,1.8995,-2.6998,39.3205,30.0000,19.7150,6.0472,11.4023,27.4212,0.0502,0.0283,0.0407,0.0748
Cs2TaMnSe3I3,1.3254,-1.2610,78.1477,30.0000,25.4107,7.5675,10.9485,29.5721,0.0502,0.1483,0.0439,0.0909
Rb2SnTaO3Cl3,2.0025,-2.2022,25.2329,30.0000,18.0517,6.1436,9.8445,26.2322,0.0502,0.0351,0.0395,0.0777
K2GeCuF3I3,0.9364,-1.9711,5.6270,30.0000,15.2205,11.0722,1.0000,28.5662,0.0503,0.1920,0.0346,0.5177
Rb2WAgO3F3,1.9664,-2.3596,29.7474,30.0000,18.6182,6.1117,10.3096,26.6500,0.0503,0.0301,0.0399,0.0769
Rb2VZnO3Cl3,1.9450,-2.0374,34.9244,30.0000,19.1780,6.1534,10.7762,27.1379,0.0503,0.0315,0.0404,0.0761
Rb2GeFeO3S3,1.8898,-1.6242,42.3649,30.0000,20.1332,6.0266,11.6417,27.5815,0.0503,0.0285,0.0410,0.0747
Cs2SnMnI6,1.1819,-1.1607,72.7221,30.0000,24.6242,9.3739,2.5730,29.4682,0.0503,0.2089,0.0434,0.3252
Cs2GeTaSe3I3,1.3529,-1.2462,79.9105,30.0000,25.4177,7.0877,13.1776,29.5646,0.0504,0.1346,0.0442,0.0807
Cs2TaCuSe3I3,1.2453,-1.1847,77.5569,30.0000,25.0820,8.5179,6.2643,29.5224,0.0504,0.1787,0.0440,0.1445
Cs2SnNbSe3I3,1.3301,-1.2929,79.6442,30.0000,25.4118,7.4995,11.1173,29.5590,0.0504,0.1443,0.0441,0.0915
Rb2GeInO3Cl3,1.9176,-1.8577,38.1995,30.0000,19.6553,6.0688,11.2988,27.4124,0.0504,0.0337,0.0405,0.0753
Cs2WGaSe3I3,1.5183,-1.0835,77.4046,30.0000,24.9320,5.7953,16.1079,29.4019,0.0504,0.0788,0.0441,0.0686
Cs2CrWSe3I3,1.5003,-1.1949,77.9021,30.0000,25.1007,6.0484,15.6339,29.4390,0.0504,0.0878,0.0440,0.0701
Na2TiGaO3Cl3,2.1763,-2.1362,2.5925,30.0000,14.8824,6.2083,7.1769,23.6577,0.0504,0.0518,0.0379,0.0859
Cs2ZrInSe3I3,1.3984,-1.4075,80.7311,30.0000,25.3851,6.9056,13.8602,29.5976,0.0505,0.1265,0.0443,0.0768
Cs2WFeSe3I3,1.5180,-1.0643,77.6318,30.0000,24.9058,5.8325,15.6730,29.4203,0.0505,0.0756,0.0441,0.0695
K2ZrSbO3Cl3,2.2019,-2.0826,0.1880,30.0000,14.4696,6.0650,7.0972,22.9194,0.0506,0.0527,0.0380,0.0856
Rb2MoMnO3S3,1.9578,-1.6982,33.1951,30.0000,18.8832,6.0967,10.6304,26.9142,0.0506,0.0319,0.0402,0.0765
Cs2MoBiSe3I3,1.1722,-0.9834,73.4395,30.0000,24.4927,9.4330,2.4740,29.4458,0.0506,0.2100,0.0436,0.3439
Rb2SnWO3S3,2.0228,-1.7279,25.0820,30.0000,17.7791,6.2005,9.6897,26.2299,0.0506,0.0341,0.0396,0.0787
Rb2SnCrO3Cl3,1.9771,-1.8844,31.1282,30.0000,18.4736,6.1181,10.3390,26.6225,0.0506,0.0354,0.0401,0.0777
Cs2MoInSe3I3,1.3257,-1.1070,80.4240,30.0000,25.3003,7.6508,10.2378,29.5248,0.0507,0.1491,0.0443,0.0983
Rb2SnGeO3S3,1.9336,-1.6056,37.1768,30.0000,19.3025,6.0770,10.9608,27.1041,0.0507,0.0289,0.0405,0.0760
K2MoInO3Cl3,2.1856,-1.8514,1.9649,30.0000,14.6340,6.1538,7.1308,23.3726,0.0507,0.0510,0.0379,0.0855
Na2GeGaO3Cl3,2.1179,-1.7365,12.2839,30.0000,15.9726,6.2653,8.0918,24.7907,0.0508,0.0481,0.0386,0.0840
Cs2SnGaSe3I3,1.4570,-1.0775,82.0929,30.0000,25.1977,6.2604,15.5654,29.4843,0.0509,0.1009,0.0445,0.0715
Cs2SbZnSe3I3,1.2693,-1.0546,81.4449,30.0000,25.2037,8.2652,7.6173,29.5927,0.0510,0.1729,0.0445,0.1268
K2GeZnO3S3,2.1427,-1.6653,9.4465,30.0000,15.4910,6.1505,7.9402,24.3304,0.0510,0.0449,0.0387,0.0835
Cs2SnInSe3I3,1.5412,-1.0777,78.7597,30.0000,24.7196,5.7467,15.6476,29.3239,0.0510,0.0709,0.0444,0.0704
Rb2NbZnO3Cl3,1.9753,-2.1803,31.9322,30.0000,18.4775,6.1975,10.2345,26.8121,0.0510,0.0350,0.0401,0.0782
Rb2NbSbO6,1.9724,-2.5349,32.1763,30.0000,18.4962,6.1566,10.2612,26.7459,0.0510,0.0308,0.0402,0.0782
K2SnMoO6,2.2097,-2.0897,0.2780,30.0000,14.2847,6.1418,6.8941,23.1116,0.0511,0.0536,0.0379,0.0876
Cs2AgInBr3I3,1.2208,-1.2879,80.5019,30.0000,24.8984,8.7323,5.1380,29.4365,0.0511,0.1896,0.0445,0.1805
Rb2GeFeCl3I3,0.9633,-1.3479,24.2241,30.0000,17.4415,11.0154,1.0000,28.7181,0.0511,0.2160,0.0372,0.5934
Cs2SnTaSe3Br3,1.3537,-1.4775,83.7276,30.0000,25.2368,7.1665,12.6512,29.5352,0.0512,0.1361,0.0449,0.0843
Cs2MnZnI6,1.1690,-1.1714,76.0702,30.0000,24.3037,9.5241,2.3108,29.4572,0.0512,0.2162,0.0439,0.3679
Cs2SnWSe6,1.2956,-0.9959,83.5451,30.0000,25.2969,7.8846,9.2836,29.5389,0.0512,0.1637,0.0448,0.1080
K2GeCrO6,2.1293,-2.1169,11.3830,30.0000,15.6462,6.1710,7.9306,24.3383,0.0512,0.0427,0.0388,0.0847
Cs2WSbSe3Br3,1.2636,-1.1761,83.0031,30.0000,25.1950,8.2687,7.6889,29.5697,0.0512,0.1767,0.0447,0.1265
K2NbMnO3F3,2.2154,-2.8925,0.1567,30.0000,14.1959,6.1766,6.8537,23.1092,0.0512,0.0517,0.0380,0.0879
Cs2NbZnSe3I3,1.3310,-1.2298,83.6867,30.0000,25.2493,7.3618,11.6874,29.5257,0.0512,0.1480,0.0449,0.0881
Cs2TiInSe3I3,1.3504,-1.3889,84.0624,30.0000,25.3845,7.2983,12.0859,29.4871,0.0512,0.1412,0.0448,0.0878
Cs2ZrGaSe3I3,1.4020,-1.4104,84.2371,30.0000,25.3167,6.7436,14.2926,29.5027,0.0512,0.1211,0.0449,0.0764
Rb2GeSbO3Cl3,1.9581,-1.7756,36.2603,30.0000,18.8237,6.1329,10.5693,26.8975,0.0512,0.0308,0.0407,0.0782
Cs2NbMnSe3I3,1.3318,-1.2669,84.5356,30.0000,25.3709,7.5325,11.0410,29.5816,0.0513,0.1525,0.0449,0.0950
K2SnCrO3F3,2.2165,-2.3892,0.1401,30.0000,14.1721,6.1178,6.7366,22.8104,0.0513,0.0567,0.0382,0.0897
Cs2MoBiS3I3,1.4859,-1.0816,83.2070,30.0000,25.1451,6.1527,15.4868,29.4926,0.0513,0.0938,0.0449,0.0718
Cs2NbTaSe6,1.3729,-1.2508,86.1938,30.0000,25.4323,7.0185,13.2579,29.5488,0.0513,0.1353,0.0452,0.0824
Rb2SnGaO3Cl3,1.9966,-1.8527,31.6411,30.0000,18.1674,6.1888,9.9197,26.5152,0.0513,0.0303,0.0403,0.0798
K2GeNbO3F3,2.1506,-2.6505,9.8630,30.0000,15.3183,6.1245,7.8574,24.1436,0.0514,0.0446,0.0388,0.0841
Cs2GeSbSe3I3,1.3199,-0.9679,84.0409,30.0000,25.2278,7.6091,10.6253,29.5523,0.0514,0.1566,0.0448,0.0972
Cs2GeInSe3I3,1.4428,-0.9999,85.2791,30.0000,25.3358,6.3428,15.4333,29.5941,0.0514,0.1041,0.0450,0.0729
Cs2MoGaSe3I3,1.2666,-1.0847,83.9010,30.0000,25.1816,8.2242,7.5023,29.5576,0.0514,0.1767,0.0450,0.1303
Cs2NbFeSe3I3,1.3241,-1.2221,84.4605,30.0000,25.2181,7.6909,9.9900,29.5390,0.0514,0.1560,0.0450,0.1014
Rb2GeWO6,1.9675,-2.0617,35.9948,30.0000,18.7115,6.0824,10.5122,26.6916,0.0514,0.0343,0.0408,0.0783
Cs2ZrWSe6,1.3651,-1.3406,85.7914,30.0000,25.3513,7.0816,13.3025,29.5690,0.0515,0.1408,0.0450,0.0817
Rb2VSbO6,1.9708,-2.3683,35.2056,30.0000,18.6322,6.0767,10.3513,26.5545,0.0515,0.0328,0.0409,0.0786
Rb2TiCrO6,1.9258,-2.6309,42.0031,30.0000,19.4414,6.0718,11.0926,27.2353,0.0515,0.0302,0.0413,0.0774
Cs2TaSbSe6,1.2514,-1.0816,83.8218,30.0000,25.0731,8.5595,5.8928,29.5279,0.0516,0.1868,0.0449,0.1594
Rb2GeCuBr6,0.9608,-1.4039,23.9163,30.0000,17.1341,11.0429,1.0000,28.5498,0.0516,0.2171,0.0373,0.5895
Rb2SnGaO3F3,1.9813,-2.4092,35.0057,30.0000,18.4152,6.1908,10.2399,26.7268,0.0516,0.0388,0.0406,0.0797
Cs2TiSbSe3I3,1.2250,-1.2576,82.8030,30.0000,24.9418,8.7713,5.1028,29.5251,0.0517,0.1977,0.0448,0.1776
Li2GeGaS3Cl3,2.1447,-1.2420,11.7499,30.0000,15.5538,6.1835,7.7614,24.1370,0.0517,0.0496,0.0391,0.0864
Na2VNbO6,2.2239,-2.7471,0.2267,30.0000,14.0293,6.1345,6.7276,22.8627,0.0517,0.0554,0.0382,0.0893
Na2TiSbO3F3,2.2242,-2.7409,0.1907,30.0000,14.0345,6.1005,6.7216,22.6448,0.0517,0.0568,0.0383,0.0894
Cs2TiGaSe3I3,1.3461,-1.4015,87.8703,30.0000,25.4070,7.2842,12.2849,29.5724,0.0518,0.1434,0.0453,0.0878
Rb2ZrBiO3Cl3,2.0583,-2.2553,24.7640,30.0000,17.0387,6.1262,9.3027,25.6119,0.0518,0.0407,0.0401,0.0814
Cs2CrMnSe3I3,1.3984,-1.2385,87.9903,30.0000,25.3349,6.5438,14.9268,29.4736,0.0518,0.1139,0.0456,0.0759
Cs2VMnSe3I3,1.3048,-1.2728,88.1028,30.0000,25.3774,7.8456,9.5215,29.6000,0.0518,0.1638,0.0453,0.1092
Cs2MnBiS3I3,1.2703,-1.0935,86.5341,30.0000,25.2002,8.2832,7.1888,29.5463,0.0519,0.1804,0.0452,0.1345
Cs2TaZnSe3Br3,1.3294,-1.4915,88.2068,30.0000,25.2978,7.4034,11.5775,29.5983,0.0519,0.1523,0.0455,0.0925
Rb2WInO3Cl3,2.0617,-1.8650,26.0440,30.0000,17.1768,6.1627,9.1757,25.6457,0.0519,0.0414,0.0402,0.0823
Cs2SnSbSe3Br3,1.4141,-1.1576,88.4867,30.0000,25.3552,6.6551,14.6494,29.5441,0.0519,0.1223,0.0454,0.0764
Rb2VFeO3F3,1.9540,-2.6744,40.2987,30.0000,18.9665,6.0633,10.7722,26.8988,0.0519,0.0313,0.0413,0.0787
Cs2WInSe3Br3,1.5540,-1.3527,84.2699,30.0000,24.7675,5.7417,15.5698,29.2936,0.0520,0.0719,0.0451,0.0718
Cs2ZrFeSe3I3,1.2279,-1.3256,84.5767,30.0000,24.8950,8.8527,4.4235,29.4948,0.0520,0.2017,0.0450,0.2056
Cs2TaFeSe3Br3,1.3760,-1.4573,89.0666,30.0000,25.3820,7.0776,13.0987,29.6016,0.0520,0.1356,0.0455,0.0838
Cs2GeGaSe3I3,1.4281,-1.0101,89.0486,30.0000,25.3285,6.5874,14.9319,29.5821,0.0520,0.1191,0.0456,0.0761
Cs2WSbS3I3,1.5809,-1.0522,83.1273,30.0000,24.4964,5.8179,15.4250,29.2582,0.0520,0.0718,0.0450,0.0724
Cs2CrMoSe3I3,1.2109,-1.1378,84.5526,30.0000,24.9433,9.0425,3.9168,29.4627,0.0520,0.2052,0.0451,0.2315
Rb2GeCrO3Cl3,1.9439,-1.8213,41.7676,30.0000,19.0868,6.0517,11.0225,26.9653,0.0520,0.0343,0.0415,0.0781
Cs2CrWSe3Br3,1.4479,-1.3451,88.8696,30.0000,25.2533,6.3384,15.5269,29.5482,0.0520,0.1100,0.0456,0.0737
Cs2TaMnSe3Br3,1.3457,-1.5384,89.1500,30.0000,25.4389,7.3155,12.0204,29.5566,0.0520,0.1458,0.0456,0.0891
Rb2MoFeO3F3,1.9758,-2.4010,36.1546,30.0000,18.3121,6.1772,10.2108,26.6874,0.0521,0.0376,0.0409,0.0804
Cs2GeNbSe3I3,1.2369,-1.1954,86.3386,30.0000,24.9325,8.8135,4.9858,29.5450,0.0521,0.1995,0.0451,0.1939
Rb2VTaO6,2.0140,-2.8347,31.5856,30.0000,17.7481,6.1946,9.6136,26.3416,0.0521,0.0356,0.0406,0.0818
Cs2TaCuSe3Br3,1.2871,-1.3824,88.3789,30.0000,25.1929,8.0950,8.5217,29.5475,0.0522,0.1729,0.0455,0.1208
Cs2MoFeSe3I3,1.2005,-1.0495,84.2346,30.0000,24.7729,9.1581,3.2807,29.4505,0.0522,0.2104,0.0450,0.2692
K2GeSbO3F3,2.1741,-2.3088,9.1482,30.0000,14.9594,6.2093,7.4029,23.8979,0.0522,0.0490,0.0389,0.0879
Cs2VTaSe6,1.3322,-1.2783,89.8982,30.0000,25.3848,7.5095,11.1494,29.5947,0.0522,0.1559,0.0456,0.0954
Cs2SbAgCl3I3,1.4487,-1.2561,90.0960,30.0000,25.2468,6.3318,15.3410,29.5461,0.0522,0.1096,0.0458,0.0748
Cs2WFeSe3Br3,1.5023,-1.2780,88.5175,30.0000,25.0727,5.8214,16.0336,29.4370,0.0522,0.0808,0.0456,0.0720
Na2SnCuBr6,0.9163,-1.1947,0.0852,30.0000,13.8121,11.0483,1.0000,28.3890,0.0522,0.1863,0.0339,0.4966
Rb2WBiO3F3,2.0838,-2.2897,23.2130,30.0000,16.6117,6.1508,8.8611,25.2866,0.0523,0.0419,0.0400,0.0835
K2WGaO3F3,2.2278,-2.3786,2.0175,30.0000,13.9861,6.1028,6.7143,22.8043,0.0523,0.0580,0.0387,0.0899
K2GeInO3F3,2.1636,-2.3869,11.3230,30.0000,15.2011,6.1847,7.5310,24.0289,0.0523,0.0519,0.0392,0.0876
Cs2SnSbS3I3,1.4980,-0.9835,88.6174,30.0000,25.0535,5.9656,15.9371,29.4110,0.0523,0.0945,0.0457,0.0722
Cs2MoSbS3I3,1.4155,-1.0151,90.7471,30.0000,25.3190,6.6049,14.4621,29.5209,0.0523,0.1214,0.0458,0.0779
Cs2SnGeI6,1.0990,-1.0993,74.4457,30.0000,23.3134,10.2691,1.0000,29.2076,0.0523,0.2456,0.0439,0.7309
Cs2TiFeSe3I3,1.2334,-1.3060,88.2759,30.0000,25.0609,8.7147,5.3680,29.5016,0.0524,0.1938,0.0455,0.1800
Cs2MnInSe3I3,1.1720,-1.1862,83.4958,30.0000,24.5820,9.4889,2.3023,29.4797,0.0524,0.2244,0.0449,0.3783
Cs2TiWSe6,1.2735,-1.3024,89.6052,30.0000,25.1574,8.2143,7.7287,29.5810,0.0524,0.1797,0.0456,0.1289
Cs2MnSbI6,1.0921,-1.1500,72.5544,30.0000,23.1857,10.2711,1.0000,29.1927,0.0524,0.2442,0.0437,0.7269
Cs2MnBiO3I3,1.4267,-1.4406,90.8800,30.0000,25.2953,6.6045,14.8825,29.5542,0.0524,0.1265,0.0457,0.0770
Cs2MoSbSe3I3,1.1286,-0.9828,79.2425,30.0000,23.9293,9.9509,1.2740,29.2457,0.0525,0.2398,0.0445,0.6473
K2GeGaO3Cl3,2.1690,-1.8401,11.2487,30.0000,15.0311,6.1520,7.4565,23.6456,0.0525,0.0519,0.0394,0.0883
Cs2SnInSe3Br3,1.5144,-1.2496,89.8771,30.0000,25.0330,5.8657,16.1545,29.4295,0.0525,0.0895,0.0459,0.0718
Cs2ZrSbSe3Br3,1.4618,-1.5957,91.0145,30.0000,25.1611,6.0480,15.7367,29.4923,0.0525,0.0981,0.0458,0.0731
Cs2WMnSe6,1.2259,-1.0797,88.9553,30.0000,25.0203,8.8263,4.5366,29.5247,0.0525,0.2045,0.0456,0.2031
Cs2GeWSe6,1.2984,-0.9916,90.7755,30.0000,25.2349,7.9142,9.2847,29.5044,0.0526,0.1696,0.0458,0.1112
K2GeFeCl3I3,0.9203,-1.2899,5.2780,30.0000,14.3250,11.1115,1.0000,28.4308,0.0526,0.1977,0.0348,0.5248
Cs2WSbO3I3,1.5582,-1.4408,87.1278,30.0000,24.6397,5.6421,15.8184,29.3135,0.0526,0.0684,0.0456,0.0721
Cs2ZrCrSe3I3,1.1715,-1.3466,84.8975,30.0000,24.4995,9.3644,2.5891,29.3506,0.0526,0.2205,0.0453,0.3392
Li2GeGaO3Cl3,2.1564,-1.7414,13.5557,30.0000,15.2788,6.2271,7.6568,24.2242,0.0526,0.0516,0.0394,0.0882
Rb2TiFeO3F3,1.9761,-2.7194,40.5743,30.0000,18.5386,6.1288,10.4386,26.7868,0.0526,0.0346,0.0416,0.0803
Cs2VCuSe3I3,1.1980,-1.1648,87.3492,30.0000,24.6784,9.0723,3.7063,29.4033,0.0526,0.2126,0.0455,0.2491
Cs2AgGaBr3I3,1.1449,-1.2914,83.9340,30.0000,24.3095,9.7563,1.8579,29.4163,0.0526,0.2346,0.0450,0.4797
Cs2ZrInSe3Br3,1.3918,-1.7020,92.4637,30.0000,25.3776,6.9277,13.5683,29.5675,0.0527,0.1327,0.0460,0.0824
Cs2GeTaSe3Br3,1.2836,-1.4077,90.9669,30.0000,25.2212,8.0625,8.3790,29.5095,0.0527,0.1759,0.0457,0.1225
Cs2MoAgS3I3,1.3597,-1.0737,93.5345,30.0000,25.3704,7.1286,12.9366,29.5946,0.0528,0.1419,0.0462,0.0856
Cs2WGaSe3Br3,1.5804,-1.3633,88.1065,30.0000,24.6325,5.6810,15.7479,29.3341,0.0528,0.0721,0.0458,0.0723
Rb2SnFeO3F3,2.0180,-2.3003,34.2659,30.0000,17.7539,6.1902,9.6860,26.1878,0.0528,0.0417,0.0411,0.0827
Cs2WBiO3I3,1.6665,-1.4806,80.1533,30.0000,23.6875,5.6438,14.9602,28.9382,0.0528,0.0522,0.0449,0.0735
Cs2SnMnBr3I3,1.1393,-1.3339,82.1556,30.0000,23.9839,9.8812,1.4648,29.2451,0.0528,0.2400,0.0450,0.5825
Cs2SbZnSe3Br3,1.3325,-1.2317,93.5240,30.0000,25.3302,7.4264,11.5859,29.5374,0.0528,0.1557,0.0461,0.0943
Cs2VFeSe3I3,1.1884,-1.2098,88.0213,30.0000,24.6933,9.3192,2.8423,29.3985,0.0529,0.2234,0.0457,0.3147
K2SnCrO6,2.2563,-2.0715,0.1411,30.0000,13.5534,6.0284,6.3864,22.0804,0.0529,0.0593,0.0388,0.0927
Cs2SnZnCl3I3,1.4705,-1.4025,92.9228,30.0000,25.1839,6.1268,15.7198,29.4279,0.0529,0.1003,0.0463,0.0738
Rb2TiWO6,2.0415,-2.7914,30.9936,30.0000,17.3176,6.1647,9.4354,25.8894,0.0529,0.0391,0.0408,0.0827
Cs2WBiS3I3,1.7113,-1.1198,76.7561,30.0000,22.9916,5.7405,14.1959,28.8333,0.0529,0.0481,0.0448,0.0751
Rb2MoMnO6,2.0006,-2.0302,37.0113,30.0000,17.9641,6.1055,9.9502,26.3076,0.0529,0.0344,0.0414,0.0819
K2ZrGaO3F3,2.2307,-2.7996,2.4634,30.0000,13.7924,6.2129,6.5816,22.8006,0.0529,0.0609,0.0386,0.0924
Cs2MoInSe3Br3,1.2716,-1.3508,92.0531,30.0000,25.1617,8.2288,7.5319,29.4974,0.0529,0.1829,0.0462,0.1352
Cs2SnVSe3I3,1.1430,-1.1722,82.8005,30.0000,23.9716,9.7768,1.6732,29.2619,0.0530,0.2356,0.0450,0.5146
Cs2SnBiS3I3,1.6702,-1.0166,81.4112,30.0000,23.5955,5.6942,14.8020,28.9392,0.0530,0.0538,0.0452,0.0744
Cs2GeZnBr3I3,1.1789,-1.3266,88.2852,30.0000,24.6775,9.4256,2.6712,29.5268,0.0530,0.2230,0.0455,0.3325
Cs2ZrMoSe6,1.2834,-1.3562,93.9409,30.0000,25.2702,8.1090,8.3264,29.5441,0.0530,0.1816,0.0462,0.1247
Cs2WAgO3I3,1.5666,-1.4202,89.7521,30.0000,24.6091,5.6876,15.8178,29.3311,0.0530,0.0716,0.0459,0.0729
Na2GeSbO3F3,2.1873,-2.2481,9.9794,30.0000,14.7249,6.1208,7.2142,23.3084,0.0530,0.0538,0.0394,0.0903
Rb2CrMoO6,2.0029,-2.1151,37.2809,30.0000,17.9856,6.1914,9.9491,26.4201,0.0530,0.0368,0.0414,0.0821
Cs2MoWSe6,1.1522,-1.0526,85.4384,30.0000,24.2049,9.6440,2.1478,29.3867,0.0531,0.2300,0.0454,0.4144
Cs2SnVS3I3,1.3495,-1.2308,95.4595,30.0000,25.3163,7.3276,12.0243,29.5854,0.0531,0.1503,0.0463,0.0907
Cs2MnGaSe3I3,1.1747,-1.1931,87.2517,30.0000,24.4269,9.4142,2.5680,29.3475,0.0531,0.2260,0.0455,0.3532
Cs2SnMnCl3I3,1.2755,-1.4031,93.9720,30.0000,25.1884,8.1642,7.8221,29.5481,0.0532,0.1814,0.0464,0.1308
Cs2SnGeCl3I3,1.3856,-1.3411,95.7981,30.0000,25.4397,6.8611,13.9541,29.5796,0.0532,0.1299,0.0465,0.0815
Cs2SbZnS3I3,1.4854,-1.0606,93.6604,30.0000,25.1058,6.0668,15.7565,29.3456,0.0532,0.1044,0.0464,0.0740
Rb2WGaO3Cl3,2.0741,-1.8779,28.1091,30.0000,16.7554,6.2048,8.9426,25.4707,0.0532,0.0450,0.0409,0.0850
Cs2SnCrS3I3,1.3602,-1.1538,95.3290,30.0000,25.3319,7.1376,12.7922,29.5634,0.0532,0.1430,0.0465,0.0876
Cs2AgGaCl3I3,1.3569,-1.3818,95.9552,30.0000,25.3667,7.3365,12.1366,29.5985,0.0532,0.1548,0.0466,0.0911
Cs2MnInS3I3,1.3214,-1.1589,96.2607,30.0000,25.3770,7.6287,10.2239,29.4679,0.0532,0.1608,0.0467,0.1049
Cs2MoBiO3I3,1.6034,-1.4204,87.2141,30.0000,24.1948,5.6984,15.4045,29.2252,0.0532,0.0658,0.0458,0.0735
Cs2TaCuO3I3,1.5017,-1.9234,93.0461,30.0000,24.9405,5.9864,15.6882,29.3852,0.0532,0.0931,0.0464,0.0741
K2GeGaS3Cl3,2.1883,-1.3758,9.9802,30.0000,14.5839,6.1301,7.2235,23.2622,0.0532,0.0565,0.0395,0.0903
Rb2MnGaO3F3,1.9887,-2.4706,40.4915,30.0000,18.2490,6.1411,10.0466,26.4627,0.0532,0.0387,0.0416,0.0832
Cs2SbAgBr3I3,1.1024,-1.2261,79.3356,30.0000,23.3605,10.1779,1.0000,29.2438,0.0532,0.2484,0.0446,0.7405
Cs2TiCrSe3I3,1.1772,-1.3706,88.6253,30.0000,24.4900,9.3875,2.8822,29.4393,0.0533,0.2203,0.0457,0.3130
Rb2SnNbO3Cl3,2.0653,-2.2241,28.8254,30.0000,16.8341,6.1868,8.9807,25.5280,0.0533,0.0420,0.0407,0.0850
K2MoGaO3Cl3,2.2467,-1.8478,2.2400,30.0000,13.6545,6.0889,6.3889,22.3156,0.0533,0.0597,0.0390,0.0949
Cs2ZrGaSe3Br3,1.3481,-1.6945,97.1026,30.0000,25.3741,7.4362,11.3741,29.5764,0.0533,0.1592,0.0466,0.0961
Cs2MnBiSe3I3,1.0693,-1.0982,76.0096,30.0000,22.7809,10.4739,1.0000,29.2080,0.0534,0.2595,0.0442,0.7623
Cs2CrMoS3I3,1.4069,-1.1855,97.7971,30.0000,25.4542,6.6247,14.5209,29.5827,0.0534,0.1219,0.0468,0.0798
Cs2NbCuS3I3,1.3815,-1.1597,96.8498,30.0000,25.4155,7.0474,13.4709,29.5284,0.0534,0.1456,0.0467,0.0846
Cs2GeSbSe3Br3,1.4627,-1.1130,96.4174,30.0000,25.1865,6.2551,15.3729,29.5497,0.0534,0.1017,0.0467,0.0764
Cs2MnSbCl3I3,1.2347,-1.4197,93.6851,30.0000,25.0293,8.7352,5.1565,29.5090,0.0534,0.2024,0.0463,0.1928
Cs2SnNbS3I3,1.5763,-1.2339,91.2813,30.0000,24.6140,5.6460,15.6545,29.1759,0.0535,0.0688,0.0463,0.0736
Cs2TiInSe3Br3,1.2880,-1.6760,96.8760,30.0000,25.3100,8.1764,7.7251,29.5683,0.0535,0.1790,0.0467,0.1334
Cs2TaZnO3I3,1.5541,-1.9710,92.8560,30.0000,24.7102,5.6916,15.8947,29.3078,0.0535,0.0768,0.0465,0.0731
Cs2NbSbSe6,1.2010,-1.0445,91.2488,30.0000,24.7232,9.1069,3.7733,29.4406,0.0535,0.2159,0.0460,0.2492
Cs2CrWSe6,1.1628,-1.1658,89.2266,30.0000,24.4375,9.5638,2.4455,29.3720,0.0535,0.2272,0.0459,0.3660
Cs2ZrFeS3I3,1.3673,-1.3814,97.8379,30.0000,25.3735,7.1280,13.0041,29.5169,0.0535,0.1487,0.0469,0.0868
K2TiSbO3Cl3,2.2679,-2.0773,0.1699,30.0000,13.3133,6.0643,6.1623,22.0330,0.0535,0.0614,0.0389,0.0958
Rb2GeWO3S3,2.0479,-1.6198,32.9693,30.0000,17.2178,6.2359,9.1265,25.9386,0.0535,0.0406,0.0412,0.0855
K2GeMoO6,2.1925,-2.0793,10.0971,30.0000,14.5024,6.1268,7.1701,23.3277,0.0535,0.0564,0.0396,0.0909
K2ZrSbO3F3,2.2674,-2.7542,0.2126,30.0000,13.3123,6.0198,6.1768,21.8241,0.0536,0.0616,0.0391,0.0956
Cs2MoFeS3I3,1.4262,-1.1053,97.3721,30.0000,25.1891,6.4857,14.9097,29.4903,0.0536,0.1194,0.0470,0.0784
Cs2AgGaI6,1.0580,-1.1585,74.3233,30.0000,22.4142,10.5726,1.0000,29.1648,0.0536,0.2581,0.0440,0.7609
Cs2SnCrSe3I3,1.1178,-1.1240,82.7000,30.0000,23.5776,10.1324,1.0683,29.2299,0.0536,0.2503,0.0452,0.7479
Rb2NbZnO3F3,2.0282,-2.7182,35.5632,30.0000,17.5555,6.2671,9.3104,26.0471,0.0536,0.0430,0.0414,0.0856
Rb2MoBiO3F3,2.0903,-2.2865,26.7453,30.0000,16.4693,6.2051,8.6378,25.3247,0.0536,0.0426,0.0407,0.0871
Cs2NbZnSe3Br3,1.2557,-1.4579,96.5036,30.0000,25.1866,8.3550,7.2526,29.4988,0.0536,0.1953,0.0466,0.1404
Cs2SnNbSe3Br3,1.1810,-1.4490,91.1476,30.0000,24.4439,9.4425,2.5159,29.4538,0.0536,0.2294,0.0461,0.3614
Cs2SnGaSe3Br3,1.5464,-1.2410,94.2537,30.0000,24.8115,5.6529,15.8567,29.2841,0.0536,0.0711,0.0465,0.0742
Cs2ZrCrS3I3,1.4148,-1.4433,98.2672,30.0000,25.2482,6.5598,14.9707,29.6321,0.0536,0.1273,0.0469,0.0781
Cs2CrAgS3I3,1.2999,-1.1233,98.0226,30.0000,25.2564,7.8877,9.1935,29.5696,0.0537,0.1747,0.0468,0.1161
Cs2MoGaSe3Br3,1.2748,-1.3537,96.6476,30.0000,25.0923,8.3390,7.1307,29.5510,0.0537,0.1904,0.0467,0.1450
Cs2SnFeF3I3,1.3919,-1.9507,99.1575,30.0000,25.3189,6.8267,13.8467,29.5515,0.0537,0.1342,0.0471,0.0829
Cs2NbMnS3I3,1.4585,-1.2634,97.7788,30.0000,25.1311,6.2018,15.6310,29.5082,0.0537,0.1086,0.0468,0.0761
Rb2WFeO3F3,2.0728,-2.5344,29.9691,30.0000,16.9062,6.1784,8.8858,25.3683,0.0537,0.0482,0.0412,0.0865
Cs2SnZnBr3I3,1.0929,-1.3261,81.3527,30.0000,23.2815,10.2805,1.0000,29.1945,0.0537,0.2553,0.0450,0.7623
Cs2GeVSe3I3,1.1712,-1.1658,89.9183,30.0000,24.3467,9.5061,2.4031,29.3167,0.0538,0.2286,0.0459,0.3807
Cs2MoAgO3I3,1.4710,-1.3630,98.5468,30.0000,25.2411,6.0704,15.8016,29.4459,0.0538,0.0973,0.0469,0.0754
Cs2NbMnSe3Br3,1.2732,-1.5280,97.6377,30.0000,25.2054,8.2342,7.6699,29.4969,0.0538,0.1928,0.0469,0.1358
Cs2GeInSe3Br3,1.4727,-1.2490,97.9359,30.0000,25.1567,6.1174,15.6242,29.4027,0.0538,0.1047,0.0469,0.0759
Rb2GeZnO3S3,2.0067,-1.6645,41.4745,30.0000,18.0938,6.2278,9.8642,26.4259,0.0538,0.0424,0.0420,0.0848
Cs2SnSbO3I3,1.5955,-1.3419,93.1796,30.0000,24.4501,5.5673,15.7663,29.1840,0.0538,0.0617,0.0465,0.0742
Cs2SbZnO3I3,1.4508,-1.3448,98.7741,30.0000,25.2141,6.2124,15.5522,29.5018,0.0538,0.1088,0.0470,0.0759
Rb2SnMoO3S3,2.0794,-1.7579,29.2650,30.0000,16.6640,6.1994,8.7948,25.3641,0.0538,0.0436,0.0412,0.0872
Cs2GeCrSe3I3,1.1371,-1.0978,89.8058,30.0000,24.2469,9.8963,1.5262,29.3803,0.0538,0.2495,0.0458,0.5960
Cs2MoInS3I3,1.6014,-1.1359,92.1867,30.0000,24.4157,5.6251,15.5963,29.2476,0.0538,0.0686,0.0465,0.0743
Cs2NbFeSe3Br3,1.2691,-1.4200,97.5375,30.0000,25.1628,8.2324,7.9454,29.5145,0.0538,0.1895,0.0467,0.1320
Rb2TaSbO6,2.0901,-2.5857,27.7171,30.0000,16.5019,6.2396,8.5181,25.2785,0.0538,0.0454,0.0409,0.0882
Cs2TaMnS3I3,1.6317,-1.2709,89.2811,30.0000,23.9707,5.5622,15.4332,29.1245,0.0539,0.0568,0.0462,0.0740
Rb2ZrFeO3F3,2.0334,-2.7629,36.4520,30.0000,17.4571,6.1302,9.5321,25.9682,0.0539,0.0374,0.0416,0.0842
Cs2MnZnCl3I3,1.3668,-1.5218,99.6690,30.0000,25.3419,7.1133,13.2991,29.5455,0.0539,0.1480,0.0470,0.0866
Cs2TiSbSe3Br3,1.2430,-1.4813,95.3244,30.0000,24.9466,8.5862,5.6751,29.4129,0.0539,0.2019,0.0466,0.1750
Cs2MnSbO3I3,1.4092,-1.4623,99.9603,30.0000,25.3200,6.7071,14.4678,29.5805,0.0539,0.1325,0.0471,0.0811
Cs2TiSbS3I3,1.5438,-1.3397,95.4628,30.0000,24.7078,5.8024,15.7347,29.2939,0.0539,0.0866,0.0468,0.0741
Cs2MoWS3Se3,1.5107,-1.1182,99.0054,30.0000,25.0460,5.7917,16.1322,29.4006,0.0539,0.0869,0.0471,0.0742
Cs2MoFeSe3Br3,1.2511,-1.2548,97.2316,30.0000,25.0066,8.6034,5.8881,29.5390,0.0539,0.2029,0.0469,0.1705
Cs2MoSbO3I3,1.5534,-1.4186,95.5357,30.0000,24.6676,5.7607,15.5916,29.2992,0.0540,0.0762,0.0469,0.0750
Cs2MnCuCl3I3,1.2865,-1.3651,99.8885,30.0000,25.3818,8.0828,8.4519,29.6446,0.0540,0.1837,0.0470,0.1266
Rb2ZrMoO6,2.0579,-2.7399,34.0928,30.0000,17.1196,6.1735,9.0745,25.5330,0.0540,0.0483,0.0417,0.0869
Cs2GeSbS3I3,1.5332,-0.9847,96.5518,30.0000,24.7695,5.7099,16.1573,29.3598,0.0540,0.0861,0.0468,0.0733
Cs2FeSbO3I3,1.3984,-1.3429,99.8554,30.0000,25.3124,6.7616,14.1101,29.5476,0.0540,0.1348,0.0472,0.0820
Cs2BiAgI6,1.0339,-1.0750,66.0664,30.0000,21.3490,10.7597,1.0000,29.0343,0.0540,0.2604,0.0429,0.7435
Cs2MnSbF3I3,1.4607,-2.0480,98.9396,30.0000,25.1270,6.1801,15.7003,29.3752,0.0540,0.1067,0.0472,0.0761
K2SnNbO3F3,2.2861,-2.7095,0.2195,30.0000,13.1664,5.9868,6.0922,21.5886,0.0540,0.0645,0.0393,0.0967
Rb2ZrGaO3Cl3,2.0569,-2.3378,33.3944,30.0000,17.0914,6.2425,8.8869,25.6650,0.0540,0.0419,0.0414,0.0878
Rb2GeTaO3F3,2.0331,-2.6842,36.1135,30.0000,17.4233,6.1977,9.2987,25.9343,0.0541,0.0430,0.0416,0.0861
Cs2VZnS3I3,1.3856,-1.2114,101.3428,30.0000,25.3167,6.9920,13.3145,29.5345,0.0541,0.1424,0.0473,0.0865
Cs2SnInS3I3,1.6418,-1.0698,90.0082,30.0000,23.9135,5.4315,15.5475,29.0222,0.0541,0.0521,0.0464,0.0739
Cs2AgGaF3I3,1.4542,-1.9733,101.3316,30.0000,25.2782,6.3668,15.5549,29.5564,0.0541,0.1200,0.0473,0.0768
Cs2WAgS3I3,1.6983,-1.0827,85.5755,30.0000,23.2142,5.6557,14.5166,28.8335,0.0541,0.0477,0.0461,0.0768
Rb2SnMoO6,2.0602,-2.0816,32.1825,30.0000,16.9239,6.2292,8.8976,25.5416,0.0541,0.0449,0.0413,0.0877
Cs2TaMnO3I3,1.5970,-2.0331,93.9001,30.0000,24.3934,5.6395,15.5331,29.1958,0.0541,0.0650,0.0467,0.0750
Cs2NbFeS3I3,1.5260,-1.2333,97.6784,30.0000,24.9476,5.8187,15.9837,29.4341,0.0541,0.0840,0.0469,0.0745
Cs2TiGaSe3Br3,1.3690,-1.6359,101.9802,30.0000,25.4164,7.0190,13.5370,29.4888,0.0542,0.1450,0.0474,0.0863
Cs2VCuS3I3,1.4166,-1.1682,101.5695,30.0000,25.3024,6.6959,14.3396,29.5437,0.0542,0.1316,0.0474,0.0815
Cs2MnGaS3I3,1.3099,-1.1605,101.2894,30.0000,25.3210,7.6351,10.3759,29.5021,0.0542,0.1670,0.0474,0.1057
Cs2TaCuSe3Cl3,1.4167,-1.4301,102.1780,30.0000,25.3395,6.5383,15.1473,29.5835,0.0542,0.1210,0.0474,0.0792
Cs2ZrWS3Se3,1.5231,-1.3928,99.4885,30.0000,24.9686,5.7426,16.0939,29.4089,0.0543,0.0828,0.0472,0.0746
Cs2FeMnSe3I3,1.1216,-1.1641,87.6458,30.0000,23.7847,10.0277,1.4435,29.2814,0.0543,0.2474,0.0458,0.6082
K2GeFeS3Br3,0.9169,-1.2066,6.2868,30.0000,13.9067,11.0973,1.0000,28.3629,0.0543,0.1971,0.0348,0.5255
Cs2SnFeO3I3,1.4959,-1.2989,100.1829,30.0000,25.0784,5.9764,16.0138,29.3817,0.0543,0.1004,0.0474,0.0753
Cs2ZrFeSe3Br3,1.2463,-1.6063,97.6968,30.0000,24.8806,8.7217,5.1554,29.4530,0.0543,0.2078,0.0470,0.1919
Cs2SnZnF3I3,1.5474,-2.0344,98.0910,30.0000,24.7346,5.7011,15.8585,29.3300,0.0544,0.0759,0.0471,0.0750
Cs2NbCuO3I3,1.4475,-1.8420,102.3287,30.0000,25.2221,6.3813,15.2038,29.5139,0.0544,0.1161,0.0475,0.0784
Rb2SnBiO3F3,2.1121,-2.3670,25.6907,30.0000,15.9638,6.1541,8.3067,24.7414,0.0544,0.0451,0.0411,0.0884
Cs2SnMnF3I3,1.5280,-2.0655,99.2609,30.0000,24.8936,5.8614,15.8427,29.4106,0.0544,0.0888,0.0473,0.0751
Cs2VMnS3I3,1.4168,-1.2734,102.5923,30.0000,25.3289,6.6545,14.3823,29.4692,0.0544,0.1274,0.0476,0.0825
Cs2SnInO3I3,1.6150,-1.4556,94.6768,30.0000,24.1960,5.5477,15.5060,29.1263,0.0544,0.0572,0.0469,0.0755
Cs2CrWS3Se3,1.4135,-1.2506,104.1464,30.0000,25.4188,6.5147,14.8719,29.6233,0.0544,0.1254,0.0478,0.0799
Cs2MnSbS3I3,1.1642,-1.1005,94.7262,30.0000,24.4228,9.5785,2.1667,29.3878,0.0545,0.2386,0.0465,0.4243
Cs2CrMoSe3Br3,1.2230,-1.3239,97.6562,30.0000,24.7865,8.9883,3.9720,29.4364,0.0545,0.2196,0.0469,0.2452
Cs2VFeS3I3,1.3097,-1.2174,102.4818,30.0000,25.2126,7.8410,9.3961,29.5917,0.0545,0.1761,0.0474,0.1144
Cs2GeCrS3I3,1.3934,-1.1277,104.2581,30.0000,25.3695,6.7884,14.1979,29.5186,0.0546,0.1318,0.0477,0.0843
Cs2TiFeS3I3,1.3123,-1.3485,102.8313,30.0000,25.3404,7.7064,10.3087,29.6554,0.0546,0.1686,0.0476,0.1077
Cs2TaMnSe3Cl3,1.4759,-1.5960,103.2114,30.0000,25.1606,6.1081,15.7465,29.4317,0.0546,0.1059,0.0476,0.0775
Cs2TiCrS3I3,1.4541,-1.4237,103.3055,30.0000,25.1704,6.2431,15.5052,29.5135,0.0546,0.1078,0.0476,0.0780
Cs2TaCuS3I3,1.6912,-1.1918,88.5090,30.0000,23.2666,5.6490,14.5486,28.8409,0.0547,0.0413,0.0463,0.0773
Cs2GeVS3I3,1.3838,-1.1987,104.4065,30.0000,25.3700,6.8305,14.0921,29.5152,0.0547,0.1421,0.0478,0.0845
Cs2CrWO3I3,1.6394,-1.5919,93.6056,30.0000,23.9216,5.6214,15.3141,29.0594,0.0547,0.0584,0.0469,0.0758
Cs2TaFeS3Br3,1.4689,-1.4657,103.8921,30.0000,25.1655,6.2872,15.2566,29.4570,0.0547,0.1146,0.0477,0.0788
Cs2VZnSe3I3,1.1070,-1.2160,87.1809,30.0000,23.3802,10.1334,1.2177,29.2328,0.0547,0.2527,0.0458,0.7146
Cs2TiMoSe6,1.2105,-1.3206,98.5341,30.0000,24.7810,8.9985,4.1519,29.4431,0.0547,0.2155,0.0472,0.2326
Cs2TaFeSe3Cl3,1.4577,-1.5426,103.0997,30.0000,25.2031,6.2684,15.5057,29.4745,0.0547,0.1136,0.0477,0.0776
Cs2CrAgO3I3,1.4853,-1.4370,103.5458,30.0000,25.1378,6.0688,15.9155,29.4894,0.0547,0.1052,0.0476,0.0760
Cs2MnInO3I3,1.5149,-1.5749,101.6224,30.0000,24.9533,5.8566,15.8808,29.3212,0.0547,0.0926,0.0476,0.0754
Rb2SnCrO3S3,2.0783,-1.7695,31.7896,30.0000,16.6633,6.2468,8.7421,25.3974,0.0548,0.0475,0.0414,0.0884
Cs2TaZnSe3Cl3,1.5077,-1.5035,101.9490,30.0000,24.9306,5.9359,15.7378,29.4116,0.0548,0.0949,0.0476,0.0764
Cs2MoMnSe6,1.1819,-1.0994,97.7491,30.0000,24.5412,9.3165,2.8319,29.3835,0.0548,0.2302,0.0471,0.3314
Cs2VTaS3Se3,1.3394,-1.3225,105.0025,30.0000,25.3496,7.3834,11.9982,29.6353,0.0548,0.1647,0.0477,0.0956
Rb2FeSbS3I3,0.9367,-0.9508,19.0491,30.0000,15.0798,11.0697,1.0000,28.4202,0.0548,0.2147,0.0367,0.5766
Cs2GeBiS3I3,1.6991,-1.0066,88.3459,30.0000,23.1963,5.7328,14.2616,28.8123,0.0548,0.0493,0.0464,0.0787
Cs2TiInS3I3,1.6044,-1.3977,97.0149,30.0000,24.1945,5.6670,15.2741,29.1353,0.0548,0.0677,0.0473,0.0767
Cs2MnZnF3I3,1.3720,-2.0653,105.6415,30.0000,25.3535,7.1427,13.0277,29.6630,0.0548,0.1564,0.0479,0.0892
Cs2MoSbSe3Cl3,1.4428,-1.2297,105.2209,30.0000,25.3206,6.1451,16.0420,29.6127,0.0548,0.1107,0.0478,0.0762
Cs2MnCuF3I3,1.3672,-1.9718,105.8877,30.0000,25.3809,7.0480,13.1790,29.5872,0.0548,0.1465,0.0479,0.0891
Cs2TiWS3Se3,1.4591,-1.3894,104.6632,30.0000,25.2753,6.2121,15.7337,29.4516,0.0548,0.1170,0.0478,0.0769
Cs2WInS3I3,1.7396,-1.1773,84.3945,30.0000,22.6775,5.7564,13.9079,28.6428,0.0548,0.0433,0.0461,0.0787
Cs2TaCuS3Br3,1.4958,-1.3687,102.9551,30.0000,24.9873,6.0180,15.6921,29.4164,0.0548,0.0971,0.0476,0.0763
Cs2MoGaS3I3,1.6111,-1.1229,96.7862,30.0000,24.2935,5.5636,15.3975,29.1998,0.0548,0.0580,0.0472,0.0763
Cs2GeBiO3I3,1.6631,-1.3607,92.7024,30.0000,23.7631,5.5887,15.1147,29.0312,0.0548,0.0510,0.0469,0.0765
Cs2CrMoSe6,1.1869,-1.1689,98.0765,30.0000,24.5367,9.3404,2.6793,29.4513,0.0548,0.2357,0.0471,0.3635
Rb2MoAgO3F3,2.0666,-2.3440,35.2216,30.0000,16.8097,6.1730,8.8835,25.4704,0.0548,0.0470,0.0419,0.0886
Cs2MoSbS3Br3,1.4241,-1.2091,106.0507,30.0000,25.3744,6.6093,14.8008,29.5265,0.0549,0.1308,0.0479,0.0815
Cs2MoWO3Se3,1.4547,-1.4907,104.7447,30.0000,25.2156,6.3236,15.4312,29.4957,0.0549,0.1176,0.0478,0.0785
Cs2VNbSe6,1.1905,-1.2725,98.5261,30.0000,24.6011,9.1226,3.5303,29.3894,0.0549,0.2246,0.0472,0.2734
Cs2GeZnBr6,1.2393,-1.4722,102.0892,30.0000,24.9623,8.7034,5.4513,29.5024,0.0549,0.2106,0.0475,0.1872
Cs2CrMnS3I3,1.5334,-1.2305,102.4431,30.0000,24.8108,5.7674,16.1664,29.4015,0.0549,0.0889,0.0477,0.0754
Cs2MoSbSe3Br3,1.1147,-1.1829,90.6141,30.0000,23.6576,10.0833,1.2386,29.2406,0.0549,0.2578,0.0461,0.7378
Cs2GeTaO3I3,1.6293,-1.9425,95.7201,30.0000,24.1128,5.6093,15.1617,29.0213,0.0549,0.0598,0.0470,0.0764
Na2ZrGaO3F3,2.2892,-2.6885,2.6933,30.0000,13.0726,6.0109,5.9968,21.5849,0.0549,0.0676,0.0398,0.0996
Cs2WSbSe3F3,1.5718,-1.8376,100.5222,30.0000,24.6627,5.6290,15.8238,29.2680,0.0549,0.0726,0.0476,0.0755
Cs2NbZnS3I3,1.6204,-1.2436,96.6434,30.0000,24.1791,5.5573,15.5538,29.1884,0.0550,0.0598,0.0472,0.0760
Cs2GeMnCl3I3,1.2435,-1.4174,102.6972,30.0000,24.9595,8.7322,4.9703,29.5280,0.0550,0.2154,0.0475,0.1996
K2MnBiSe6,0.9029,-0.9549,0.3556,30.0000,12.6907,11.1428,1.0000,28.2843,0.0550,0.1912,0.0341,0.5038
Cs2SnBiO3I3,1.7240,-1.3803,85.2444,30.0000,22.7673,5.6685,14.0794,28.6376,0.0550,0.0372,0.0462,0.0784
Cs2GeNbS3I3,1.5945,-1.2451,99.6029,30.0000,24.4158,5.6771,15.4878,29.1721,0.0550,0.0694,0.0475,0.0767
Cs2WSbO3Br3,1.5665,-1.4768,101.1302,30.0000,24.7071,5.6683,15.8050,29.3002,0.0550,0.0754,0.0476,0.0757
Cs2FeMnF3I3,1.4104,-1.9972,106.8802,30.0000,25.3301,6.6532,14.6111,29.4824,0.0550,0.1314,0.0482,0.0831
Cs2MnSbBr3I3,1.0569,-1.3183,81.9386,30.0000,22.5211,10.5351,1.0000,29.0933,0.0550,0.2692,0.0451,0.7916
Cs2MnBiO3Se3,1.4531,-1.4330,106.7313,30.0000,25.3024,6.1755,15.7411,29.4346,0.0550,0.1061,0.0482,0.0776
Na2SbCuSe3Br3,0.8993,-1.0140,0.2496,30.0000,12.8022,11.0882,1.0000,28.2556,0.0550,0.1891,0.0341,0.5009
Cs2TaFeO3I3,1.6616,-1.9322,93.8078,30.0000,23.6464,5.5776,14.9255,28.9854,0.0551,0.0469,0.0470,0.0770
Cs2GeZnCl3I3,1.5591,-1.4057,101.4912,30.0000,24.6165,5.8391,15.5171,29.3178,0.0551,0.0877,0.0477,0.0770
K2SbCuSe3I3,0.8969,-0.8778,0.4992,30.0000,12.7364,11.0295,1.0000,28.3359,0.0551,0.1903,0.0340,0.5046
Na2GeCuF3I3,0.9088,-1.8599,5.9071,30.0000,13.2818,11.1504,1.0000,28.4218,0.0551,0.1984,0.0348,0.5244
Cs2ZrSbS3I3,1.6988,-1.3485,91.1481,30.0000,23.3553,5.6527,14.7400,28.8288,0.0551,0.0495,0.0468,0.0775
Cs2MnBiO3Br3,1.3793,-1.5593,106.2435,30.0000,25.3265,7.0798,13.1944,29.5400,0.0551,0.1503,0.0481,0.0893
Na2GeBiO3F3,2.2533,-2.1833,8.0035,30.0000,13.7012,5.9951,6.4329,22.1688,0.0551,0.0617,0.0403,0.0972
Cs2ZrInS3I3,1.6603,-1.4244,92.5977,30.0000,23.5461,5.6521,14.7111,28.8940,0.0552,0.0574,0.0469,0.0773
Cs2SnMoSe6,1.1176,-0.9907,91.2529,30.0000,23.5559,10.0668,1.1637,29.2692,0.0552,0.2582,0.0463,0.7513
Cs2WMnS3Se3,1.5135,-1.1483,103.7770,30.0000,24.8771,5.8936,15.8879,29.4110,0.0552,0.0945,0.0478,0.0763
Rb2CrMnO3F3,2.0449,-2.5526,40.2368,30.0000,17.2966,6.1904,9.2714,25.8980,0.0552,0.0390,0.0424,0.0888
Cs2NbZnO3I3,1.5746,-1.9481,102.0987,30.0000,24.6129,5.7595,15.6692,29.2411,0.0552,0.0798,0.0479,0.0771
Cs2SnGeF3I3,1.5799,-1.9924,101.0831,30.0000,24.4496,5.6281,15.7282,29.1505,0.0552,0.0688,0.0477,0.0762
Cs2MnZnBr3I3,1.0835,-1.3941,86.4722,30.0000,22.9131,10.3675,1.0000,29.2044,0.0553,0.2685,0.0458,0.7945
Cs2VMnSe3Br3,1.2157,-1.4988,102.4461,30.0000,24.7804,8.9264,4.1773,29.3791,0.0553,0.2199,0.0477,0.2382
Cs2MnGaO3I3,1.4141,-1.5798,107.2421,30.0000,25.2112,6.6825,14.3310,29.4681,0.0553,0.1334,0.0483,0.0839
Cs2MoAgSe3I3,1.0537,-1.0256,81.5223,30.0000,22.3237,10.6016,1.0000,29.1001,0.0553,0.2697,0.0452,0.7865
Cs2WFeSe3Cl3,1.5728,-1.3454,102.4166,30.0000,24.5842,5.6663,15.8960,29.2884,0.0553,0.0771,0.0478,0.0763
Cs2MnSbSe3I3,1.0624,-1.0676,82.2485,30.0000,22.4766,10.5027,1.0000,29.0625,0.0553,0.2651,0.0454,0.7793
Cs2CuZnCl3I3,1.1577,-1.3156,98.7034,30.0000,24.3471,9.5839,2.1653,29.3522,0.0553,0.2458,0.0472,0.4385
Cs2SnCuF3I3,1.1557,-1.9416,98.3035,30.0000,24.3412,9.7073,1.7890,29.3854,0.0553,0.2509,0.0471,0.5263
Cs2NbCuSe3I3,1.0619,-1.1696,83.8419,30.0000,22.4780,10.5388,1.0000,29.1491,0.0553,0.2738,0.0455,0.7994
Cs2SnTaS3I3,1.7602,-1.2495,83.8523,30.0000,22.2739,5.8103,13.4927,28.4791,0.0554,0.0381,0.0463,0.0804
Cs2GeNbSe3Br3,1.1514,-1.3694,99.4653,30.0000,24.3019,9.7161,1.9041,29.4378,0.0554,0.2504,0.0473,0.4806
Cs2TiFeSe3Br3,1.1886,-1.5196,102.6848,30.0000,24.6780,9.3156,2.8588,29.4772,0.0554,0.2392,0.0477,0.3470
Cs2GeFeF3I3,1.2997,-1.9529,108.6780,30.0000,25.3923,7.7892,9.9438,29.6209,0.0554,0.1792,0.0484,0.1135
Cs2ZrInO3I3,1.6546,-2.0951,97.5474,30.0000,23.8313,5.5989,14.9686,28.9511,0.0555,0.0583,0.0475,0.0779
Cs2NbMnO3I3,1.5678,-2.0573,103.3668,30.0000,24.5947,5.6966,15.7768,29.2922,0.0555,0.0765,0.0480,0.0767
Cs2GeGaSe3Br3,1.5680,-1.2331,102.9512,30.0000,24.5477,5.7128,15.5887,29.2398,0.0555,0.0764,0.0478,0.0772
K2GeFeSe3Br3,0.9007,-1.2040,5.1373,30.0000,13.0286,11.0877,1.0000,28.3222,0.0555,0.1956,0.0348,0.5201
Rb2ZrInO3Cl3,2.1080,-2.2836,30.5208,30.0000,16.0301,6.1663,8.2549,24.6675,0.0555,0.0504,0.0420,0.0922
Cs2TiCrSe3Br3,1.1863,-1.6311,103.1585,30.0000,24.5854,9.3537,2.7959,29.3989,0.0556,0.2384,0.0478,0.3513
Cs2WSbS3Br3,1.6689,-1.2083,95.7641,30.0000,23.5688,5.5652,14.9028,28.8862,0.0556,0.0500,0.0474,0.0780
Cs2WSbSe3Cl3,1.6789,-1.2580,95.0965,30.0000,23.5128,5.6077,14.6206,28.8828,0.0556,0.0485,0.0475,0.0789
Cs2CrMoO3I3,1.5827,-1.5567,103.3856,30.0000,24.5025,5.7068,15.3812,29.2240,0.0556,0.0753,0.0481,0.0782
Cs2GeFeO3I3,1.3212,-1.3913,109.8649,30.0000,25.3247,7.7235,10.1355,29.6376,0.0556,0.1796,0.0485,0.1119
Rb2VNbO6,2.0738,-2.7289,37.6427,30.0000,16.8503,6.2498,8.8239,25.5141,0.0556,0.0505,0.0422,0.0905
Rb2GeBiO3F3,2.1018,-2.3197,33.8272,30.0000,16.3254,6.2498,8.4431,24.9299,0.0556,0.0496,0.0420,0.0921
Cs2ZrCrSe3Br3,1.1418,-1.6407,98.1257,30.0000,24.0210,9.8536,1.5213,29.2780,0.0557,0.2575,0.0472,0.5987
Cs2GeSbO3I3,1.5968,-1.3244,101.7807,30.0000,24.2791,5.6231,15.4992,29.1553,0.0557,0.0678,0.0478,0.0770
Cs2SnNbS3Br3,1.5321,-1.3868,106.7919,30.0000,24.8739,5.9110,15.6848,29.3632,0.0557,0.0976,0.0483,0.0783
Cs2TaCuO3Br3,1.5188,-2.0048,109.1664,30.0000,25.0384,5.8232,16.0535,29.4281,0.0557,0.0917,0.0486,0.0776
Cs2GeMoSe6,1.1528,-0.9986,99.5741,30.0000,24.1789,9.7023,1.8918,29.3973,0.0558,0.2523,0.0473,0.4936
Cs2FeMnS3I3,1.1675,-1.1732,101.9767,30.0000,24.4017,9.5356,2.2473,29.3862,0.0558,0.2444,0.0477,0.4162
Cs2WFeS3I3,1.7461,-1.1021,88.6483,30.0000,22.5830,5.7400,13.7377,28.5717,0.0558,0.0441,0.0467,0.0805
K2TiGaO3F3,2.3064,-2.8085,2.7672,30.0000,12.8257,5.9799,5.8701,21.4685,0.0558,0.0689,0.0402,0.1012
Cs2GeMnF3I3,1.5190,-2.0253,108.7976,30.0000,24.9504,5.7268,16.2146,29.3804,0.0558,0.0916,0.0486,0.0768
Cs2VCuO3I3,1.5185,-1.7136,107.6138,30.0000,24.9156,5.8473,15.8683,29.3401,0.0558,0.0850,0.0484,0.0781
Cs2MoSbSe3F3,1.3355,-1.9201,111.9030,30.0000,25.3783,7.4021,11.6955,29.4626,0.0558,0.1668,0.0488,0.1009
Rb2GeNbO3Cl3,2.0658,-2.1725,38.3619,30.0000,16.8045,6.1862,8.8376,25.3850,0.0558,0.0461,0.0426,0.0909
Cs2WInO3I3,1.7469,-1.5724,88.4845,30.0000,22.5683,5.6884,13.8771,28.5170,0.0559,0.0365,0.0467,0.0800
Cs2WGaS3I3,1.7488,-1.1679,88.2355,30.0000,22.5338,5.7905,13.6461,28.4811,0.0559,0.0414,0.0467,0.0803
Cs2SnCuS3Se3,1.3689,-0.9013,111.2735,30.0000,25.3722,7.1221,12.7864,29.4915,0.0559,0.1508,0.0487,0.0928
Rb2SnVO3Cl3,2.1224,-2.0864,31.2320,30.0000,15.9142,6.2024,8.2086,24.5753,0.0559,0.0536,0.0420,0.0926
Cs2TaSbS3Se3,1.6721,-1.1219,96.7916,30.0000,23.5084,5.6434,14.7693,28.8944,0.0559,0.0499,0.0475,0.0787
Cs2SnVSe3Cl3,1.3918,-1.5768,111.6353,30.0000,25.3316,6.8702,13.8544,29.5558,0.0560,0.1434,0.0488,0.0876
Cs2TaFeS3I3,1.7428,-1.2399,89.1976,30.0000,22.5776,5.7020,14.0173,28.6116,0.0560,0.0400,0.0468,0.0798
Rb2MoInO3Cl3,2.1186,-1.9021,30.3357,30.0000,15.8587,6.2162,8.1806,24.6858,0.0560,0.0509,0.0418,0.0925
Cs2SnTaS3Br3,1.6880,-1.4577,96.6858,30.0000,23.5010,5.5599,14.7207,28.8984,0.0560,0.0448,0.0476,0.0788
Na2GeGaS3Cl3,2.2561,-1.2541,10.7832,30.0000,13.6511,6.0361,6.3950,22.2166,0.0560,0.0650,0.0407,0.0989
Cs2WAgO3Br3,1.5949,-1.5509,104.4223,30.0000,24.2804,5.6401,15.5104,29.1817,0.0560,0.0764,0.0482,0.0780
Cs2SnTaO3I3,1.7652,-2.0140,87.9119,30.0000,22.3620,5.8090,13.5495,28.5564,0.0561,0.0397,0.0468,0.0810
Cs2ZrGaS3I3,1.6793,-1.4218,97.2418,30.0000,23.4645,5.6219,14.7643,28.9436,0.0561,0.0474,0.0476,0.0786
Cs2ZrBiS3I3,1.7928,-1.3681,83.5404,30.0000,21.7446,5.8111,13.0727,28.3132,0.0561,0.0312,0.0464,0.0823
Cs2VSbS3Se3,1.3843,-1.0465,112.6968,30.0000,25.2880,6.9559,13.7863,29.5606,0.0561,0.1483,0.0489,0.0882
Cs2TiBiS3I3,1.7675,-1.3519,87.1486,30.0000,22.3381,5.8133,13.4730,28.5419,0.0561,0.0376,0.0466,0.0810
Cs2MnCuBr3I3,1.0502,-1.3123,86.6381,30.0000,22.4423,10.6536,1.0000,29.1373,0.0561,0.2807,0.0459,0.8151
Cs2CrWS3I3,1.7541,-1.2214,89.0008,30.0000,22.3932,5.7109,13.8492,28.6095,0.0561,0.0401,0.0468,0.0806
Cs2WBiO3Br3,1.7337,-1.5561,91.8259,30.0000,22.7760,5.7221,13.9988,28.6704,0.0562,0.0427,0.0472,0.0803
Cs2TiGaS3I3,1.6476,-1.4029,102.1245,30.0000,23.9180,5.5464,15.2216,29.0230,0.0562,0.0544,0.0481,0.0786
Cs2NbTaS3Se3,1.6666,-1.2900,99.9748,30.0000,23.5687,5.6833,14.7610,29.0571,0.0562,0.0576,0.0478,0.0797
Cs2WFeS3Br3,1.6339,-1.2832,103.2002,30.0000,24.0844,5.5428,15.2126,29.0369,0.0562,0.0591,0.0482,0.0785
Cs2ZrMoS3Se3,1.4775,-1.3860,110.6282,30.0000,25.0442,6.1429,15.6198,29.4209,0.0562,0.1134,0.0488,0.0797
Rb2GeFeS3Br3,0.9324,-1.2212,29.5935,30.0000,15.5385,11.1308,1.0000,28.5868,0.0562,0.2316,0.0381,0.6210
Cs2TaMnO3Br3,1.5165,-2.0848,110.3487,30.0000,24.9238,5.8273,15.9394,29.3417,0.0562,0.0917,0.0488,0.0774
Cs2SnCrS3Se3,1.4217,-1.0479,112.9390,30.0000,25.2873,6.5691,14.6919,29.5938,0.0562,0.1275,0.0490,0.0843
Cs2MoFeSe3Cl3,1.4315,-1.3036,114.2637,30.0000,25.3637,6.2840,15.4191,29.5067,0.0562,0.1192,0.0491,0.0805
Cs2ZrCrSe6,1.1292,-1.3256,98.5498,30.0000,23.7308,10.0263,1.4394,29.3241,0.0563,0.2615,0.0473,0.6436
Cs2CuZnF3I3,1.1681,-1.9569,104.5568,30.0000,24.3615,9.4890,2.3964,29.3891,0.0563,0.2469,0.0481,0.4050
Cs2GeInS3I3,1.6879,-1.0653,98.0708,30.0000,23.4003,5.5924,14.7865,28.8576,0.0563,0.0448,0.0479,0.0792
Cs2SnVS3Br3,1.3332,-1.3704,112.5778,30.0000,25.2122,7.4566,11.2700,29.4937,0.0563,0.1741,0.0490,0.1024
Cs2SnTaSe3Cl3,1.7081,-1.6002,96.0064,30.0000,23.0962,5.6452,14.2518,28.7864,0.0563,0.0435,0.0477,0.0805
Cs2GeCuF3I3,1.1886,-1.9360,107.6899,30.0000,24.6894,9.2931,3.0336,29.4567,0.0563,0.2386,0.0483,0.3312
Cs2MoInO3I3,1.7186,-1.5947,97.0886,30.0000,23.1792,5.6257,14.3919,28.7700,0.0563,0.0436,0.0479,0.0802
Rb2TiInO3Cl3,2.1076,-2.3305,33.2010,30.0000,16.0415,6.2230,8.2505,24.7503,0.0564,0.0524,0.0423,0.0933
Cs2GeZnF3I3,1.5803,-2.0198,107.4449,30.0000,24.5772,5.6942,15.4794,29.2636,0.0564,0.0733,0.0486,0.0784
Cs2NbMnSe3Cl3,1.3266,-1.5828,114.8301,30.0000,25.4327,7.5023,11.2802,29.6056,0.0564,0.1713,0.0492,0.1035
Cs2SbCuO3I3,1.1152,-1.3091,98.9895,30.0000,23.7125,10.1197,1.0195,29.2431,0.0564,0.2715,0.0475,0.8134
K2GeGaO3F3,2.2428,-2.4127,12.9558,30.0000,13.7846,6.0969,6.4285,22.3284,0.0564,0.0672,0.0410,0.1016
Cs2SnCrO3I3,1.6616,-1.5209,100.6329,30.0000,23.5346,5.6634,14.6616,28.9263,0.0564,0.0524,0.0481,0.0803
Rb2CrWO3F3,2.1285,-2.6125,30.2019,30.0000,15.6920,6.1503,7.9945,24.2921,0.0564,0.0527,0.0421,0.0934
Cs2FeMnO3I3,1.5748,-1.5918,108.0732,30.0000,24.5681,5.6691,15.6271,29.2804,0.0564,0.0710,0.0486,0.0788
Cs2SnNbSe3Cl3,1.6186,-1.6104,105.9494,30.0000,24.2644,5.5678,15.5941,29.0631,0.0564,0.0659,0.0486,0.0782
Cs2GeTaS3I3,1.7600,-1.2489,91.0950,30.0000,22.4947,5.7050,13.6913,28.5163,0.0564,0.0403,0.0473,0.0817
Cs2NbFeSe3Cl3,1.3186,-1.5175,114.6916,30.0000,25.2808,7.8054,9.7437,29.5836,0.0564,0.1868,0.0492,0.1185
Cs2VCuSe3Br3,1.1291,-1.3100,101.4244,30.0000,23.9707,10.0206,1.3076,29.2893,0.0564,0.2678,0.0477,0.7222
Cs2FeZnF3I3,1.1670,-1.9679,105.5244,30.0000,24.3670,9.5153,2.1872,29.3609,0.0565,0.2517,0.0483,0.4447
Cs2SbAgO3Se3,1.4960,-1.2737,113.2372,30.0000,25.1310,6.0676,15.6733,29.4945,0.0565,0.1122,0.0491,0.0801
Cs2MoMnS3Se3,1.4177,-1.1353,115.9587,30.0000,25.4117,6.5284,15.0127,29.5382,0.0565,0.1327,0.0493,0.0838
Cs2ZrFeO3I3,1.6415,-2.0007,103.4345,30.0000,23.9099,5.5971,15.1551,28.9636,0.0565,0.0621,0.0485,0.0787
Cs2MnInSe6,1.1061,-1.1054,96.5280,30.0000,23.3774,10.2123,1.0000,29.2417,0.0565,0.2710,0.0471,0.8047
K2ZrInO3F3,2.3163,-2.7975,2.1242,30.0000,12.4940,5.9550,5.4593,21.0437,0.0566,0.0745,0.0402,0.1077
Cs2NbCuS3Br3,1.2763,-1.3351,114.5246,30.0000,25.2984,8.2516,7.5013,29.6004,0.0566,0.2037,0.0491,0.1474
Rb2CrMoO3F3,2.0936,-2.6028,36.4918,30.0000,16.3003,6.1997,8.3783,24.9872,0.0566,0.0494,0.0426,0.0945
Cs2MoFeS3Br3,1.4097,-1.2771,115.2541,30.0000,25.3488,6.7223,14.6989,29.5408,0.0566,0.1402,0.0493,0.0844
Cs2NbFeS3Br3,1.3732,-1.4131,115.6902,30.0000,25.3911,7.0294,13.1917,29.5009,0.0566,0.1574,0.0494,0.0905
Cs2TaSbO3Se3,1.6641,-1.8813,102.2516,30.0000,23.7316,5.5742,15.0619,29.0386,0.0566,0.0519,0.0482,0.0788
Cs2SnTaO3Br3,1.6590,-2.0929,102.1413,30.0000,23.7362,5.4984,15.2670,29.0089,0.0566,0.0479,0.0482,0.0786
Cs2SnMoS3Se3,1.6020,-1.0166,106.9116,30.0000,24.1982,5.5136,15.5150,29.1203,0.0566,0.0638,0.0488,0.0784
Cs2MnGaSe6,1.1107,-1.0790,101.5890,30.0000,23.7508,10.1135,1.1432,29.2706,0.0566,0.2745,0.0477,0.8084
Cs2MoSbO3Br3,1.5381,-1.5420,112.6712,30.0000,24.9491,5.7588,16.0270,29.3731,0.0566,0.0876,0.0493,0.0783
Cs2FeCuF3I3,1.1567,-1.9131,105.7700,30.0000,24.2794,9.6522,1.9663,29.3922,0.0566,0.2568,0.0483,0.4873
Rb2GeMoO3S3,2.0902,-1.6280,38.9839,30.0000,16.5484,6.1755,8.6911,25.1467,0.0566,0.0480,0.0429,0.0922
Cs2MoBiO3Br3,1.6695,-1.5521,101.2417,30.0000,23.4540,5.6943,14.6314,28.9882,0.0566,0.0537,0.0481,0.0809
Rb2GeGaO3Cl3,2.0660,-1.8597,41.9277,30.0000,16.8594,6.1905,8.9702,25.4317,0.0567,0.0475,0.0430,0.0915
Cs2ZrWO3Se3,1.6479,-2.0815,105.2888,30.0000,23.9346,5.5583,15.2106,29.0474,0.0567,0.0534,0.0485,0.0795
Cs2WGaO3I3,1.7550,-1.6129,92.7153,30.0000,22.4655,5.7458,13.7327,28.5240,0.0567,0.0444,0.0474,0.0825
Rb2GeSbO3F3,2.0736,-2.3343,40.0670,30.0000,16.6463,6.2167,8.6291,25.2037,0.0567,0.0510,0.0431,0.0936
Cs2SnSbS3Br3,1.6533,-1.0706,103.1506,30.0000,23.7260,5.6075,14.9895,28.9961,0.0567,0.0518,0.0483,0.0802
Cs2VNbS3Se3,1.3167,-1.2828,117.0551,30.0000,25.3776,7.6770,10.5274,29.6456,0.0568,0.1846,0.0494,0.1106
Rb2GeInO3F3,2.0703,-2.4029,42.2698,30.0000,16.8438,6.2718,8.8755,25.5787,0.0568,0.0482,0.0430,0.0928
Cs2NbZnSe3Cl3,1.5368,-1.4691,113.2643,30.0000,24.8407,5.6998,16.0753,29.2913,0.0568,0.0867,0.0495,0.0783
Cs2GeTaO3Br3,1.5451,-2.0129,112.1258,30.0000,24.7742,5.7304,15.8507,29.3584,0.0568,0.0774,0.0490,0.0789
Cs2NbTaO3Se3,1.6346,-2.1317,105.8120,30.0000,23.9241,5.6059,15.1735,29.0860,0.0568,0.0616,0.0486,0.0794
Cs2VFeSe3Br3,1.1267,-1.3770,102.3357,30.0000,23.7439,10.0404,1.1490,29.2555,0.0568,0.2740,0.0480,0.8075
Cs2MoFeO3I3,1.6546,-1.5192,102.9110,30.0000,23.8080,5.6449,14.8197,29.0039,0.0568,0.0506,0.0483,0.0803
Cs2TiMoS3Se3,1.4188,-1.3898,117.0657,30.0000,25.3055,6.5725,14.9380,29.5275,0.0568,0.1409,0.0495,0.0841
Cs2SnGaO3I3,1.6927,-1.4968,99.5359,30.0000,23.3152,5.7058,14.3760,28.8268,0.0569,0.0523,0.0482,0.0816
Cs2NbSbS3Se3,1.6262,-1.0613,106.9064,30.0000,24.0667,5.6513,15.1930,29.1390,0.0569,0.0611,0.0488,0.0799
Cs2SnMnS3Se3,1.2264,-1.0663,112.5051,30.0000,24.9205,8.8593,4.6354,29.5450,0.0569,0.2297,0.0490,0.2245
Rb2GeVO3Cl3,2.0698,-1.9947,41.9071,30.0000,16.6929,6.1693,8.9220,25.4234,0.0569,0.0495,0.0431,0.0914
Cs2CrMoS3Se3,1.3087,-1.1909,116.4194,30.0000,25.2472,7.9032,9.2224,29.6181,0.0569,0.1913,0.0495,0.1255
Cs2GeTaSe3Cl3,1.6613,-1.5178,105.0206,30.0000,23.7899,5.5871,14.9498,28.9614,0.0570,0.0585,0.0485,0.0804
Cs2NbCuSe3Cl3,1.2435,-1.4027,113.5472,30.0000,24.9632,8.6671,5.5277,29.5098,0.0570,0.2240,0.0492,0.1959
Rb2GeCrO3S3,2.0706,-1.6644,42.7443,30.0000,16.7911,6.1918,8.8332,25.3124,0.0570,0.0483,0.0433,0.0928
Cs2SbZnO3Br3,1.4200,-1.5328,117.2323,30.0000,25.2800,6.6781,14.5962,29.5984,0.0570,0.1425,0.0496,0.0850
Cs2SnGaS3I3,1.7496,-1.0736,94.3897,30.0000,22.4984,5.7301,13.7234,28.5816,0.0570,0.0373,0.0475,0.0830
Cs2GeTaSe3F3,1.5686,-2.2360,111.3957,30.0000,24.5522,5.6758,15.8088,29.2562,0.0570,0.0810,0.0492,0.0789
Cs2CrWO3Br3,1.5977,-1.6895,110.0025,30.0000,24.3971,5.6290,15.5792,29.2081,0.0571,0.0708,0.0490,0.0792
Cs2MoAgO3Br3,1.4792,-1.5070,116.5571,30.0000,25.1048,6.1423,15.6902,29.4634,0.0571,0.1164,0.0496,0.0801
Cs2SnFeO3Br3,1.4015,-1.4426,119.2338,30.0000,25.3614,6.7277,14.4217,29.5644,0.0571,0.1461,0.0498,0.0864
Cs2FeSbO3Br3,1.4143,-1.5048,118.7636,30.0000,25.3231,6.6020,14.5564,29.5702,0.0571,0.1325,0.0499,0.0863
Cs2VZnSe3Cl3,1.3461,-1.4766,119.7912,30.0000,25.4139,7.3406,12.0556,29.5922,0.0572,0.1723,0.0498,0.0993
Cs2SnInO3Br3,1.5874,-1.5896,111.3137,30.0000,24.3772,5.6239,15.5385,29.2256,0.0572,0.0724,0.0492,0.0798
Cs2SnWS3Se3,1.7362,-1.0604,96.4740,30.0000,22.6611,5.6859,13.9181,28.5728,0.0572,0.0385,0.0479,0.0818
Cs2VFeO3I3,1.6320,-1.8214,108.6390,30.0000,23.9575,5.5206,15.4944,29.0741,0.0572,0.0604,0.0490,0.0790
Cs2GeTaS3Br3,1.6492,-1.4156,105.8138,30.0000,23.7668,5.5739,15.2527,29.0084,0.0572,0.0589,0.0487,0.0799
Na2SnFeSe3Br3,0.8877,-1.1250,0.2146,30.0000,12.0137,11.0813,1.0000,28.2536,0.0572,0.1909,0.0341,0.5032
Cs2MnSbO3Se3,1.3818,-1.4200,119.5079,30.0000,25.3550,6.8411,13.7701,29.5574,0.0572,0.1444,0.0498,0.0900
Cs2GeCrO3I3,1.5931,-1.4863,110.3857,30.0000,24.2858,5.6840,15.5764,29.1999,0.0572,0.0785,0.0491,0.0793
Cs2GeNbS3Br3,1.4874,-1.3805,117.5742,30.0000,25.0710,5.9985,15.8324,29.4411,0.0572,0.1091,0.0498,0.0800
Rb2TiBiO3Cl3,2.1810,-2.2715,26.5819,30.0000,14.8496,6.1208,7.3517,23.4254,0.0573,0.0597,0.0423,0.0989
Cs2CrMnSe6,1.1049,-1.1536,102.7533,30.0000,23.5002,10.1411,1.1138,29.2418,0.0573,0.2748,0.0481,0.8131
Cs2TaZnS3I3,1.7990,-1.2462,88.3367,30.0000,21.6583,5.7745,13.1246,28.1889,0.0573,0.0325,0.0472,0.0834
Cs2GeZnI6,1.0159,-1.1441,77.8218,30.0000,20.8287,10.8786,1.0000,29.0196,0.0573,0.2850,0.0448,0.7996
Cs2VCuS3Br3,1.3585,-1.3280,121.2091,30.0000,25.3827,7.1737,12.7475,29.6320,0.0573,0.1649,0.0501,0.0961
Cs2MnSbO3Br3,1.4410,-1.5865,118.9122,30.0000,25.2468,6.2979,15.3380,29.4372,0.0573,0.1263,0.0499,0.0825
Cs2VCuSe3Cl3,1.3698,-1.4139,120.1073,30.0000,25.3542,7.1345,12.7723,29.5053,0.0573,0.1645,0.0500,0.0953
Cs2NbSbO3Se3,1.5854,-1.8850,113.6315,30.0000,24.5505,5.5826,16.0086,29.2838,0.0573,0.0769,0.0495,0.0783
Cs2TiCrSe6,1.1118,-1.3321,103.6215,30.0000,23.6066,10.1904,1.0000,29.3113,0.0573,0.2811,0.0480,0.8383
Cs2MnGaS3Se3,1.4085,-1.1180,121.2049,30.0000,25.4282,6.6138,14.6698,29.5424,0.0574,0.1412,0.0501,0.0861
Cs2ZrGaO3I3,1.6996,-2.1252,102.7140,30.0000,23.2553,5.6227,14.4714,28.8061,0.0574,0.0462,0.0485,0.0819
Cs2GeVO3I3,1.6227,-1.8604,110.5507,30.0000,24.1590,5.6427,15.3190,29.0723,0.0574,0.0734,0.0493,0.0803
Cs2SnVSe3Br3,1.0673,-1.4352,95.3211,30.0000,22.6007,10.5148,1.0000,29.0941,0.0574,0.2891,0.0471,0.8459
Cs2SnZnI6,1.0032,-1.1619,72.0942,30.0000,20.0672,10.9383,1.0000,28.9430,0.0574,0.2804,0.0440,0.7801
Cs2VZnO3I3,1.6586,-1.7999,107.3597,30.0000,23.8830,5.5323,15.0706,28.9224,0.0574,0.0486,0.0490,0.0805
Cs2CrWO3Se3,1.6253,-1.6348,110.5213,30.0000,24.1002,5.6379,15.2202,29.1102,0.0575,0.0611,0.0492,0.0808
Cs2GeGaO3I3,1.6445,-1.4382,109.0217,30.0000,23.9395,5.5946,15.2746,29.0194,0.0575,0.0563,0.0491,0.0804
Cs2WFeSe3F3,1.6398,-1.9789,108.7417,30.0000,23.9627,5.6196,15.1284,29.0087,0.0575,0.0608,0.0492,0.0803
Cs2SnMnO3Se3,1.4431,-1.4718,119.9836,30.0000,25.2294,6.4355,15.1066,29.5015,0.0575,0.1310,0.0501,0.0838
Cs2VFeSe3Cl3,1.3326,-1.5230,121.3894,30.0000,25.3710,7.5526,10.9361,29.6472,0.0576,0.1802,0.0500,0.1094
Cs2NbCuO3Br3,1.3864,-1.9583,122.2914,30.0000,25.4402,6.8674,13.7522,29.5720,0.0576,0.1506,0.0502,0.0902
Cs2TaZnO3Br3,1.6387,-2.0532,108.9052,30.0000,23.8467,5.6442,14.8536,28.9852,0.0576,0.0655,0.0491,0.0814
Cs2MnGaSe3Cl3,1.2798,-1.4678,119.5191,30.0000,25.1390,8.0942,8.2326,29.5563,0.0576,0.2028,0.0499,0.1398
Cs2GeInO3I3,1.6935,-1.4658,103.4238,30.0000,23.2276,5.6656,14.4364,28.8595,0.0576,0.0479,0.0487,0.0820
Cs2TiSbSe3Cl3,1.6140,-1.6945,111.6396,30.0000,24.0881,5.6006,15.3735,29.0250,0.0577,0.0677,0.0494,0.0801
Cs2GeMoS3Se3,1.5454,-1.0156,117.6982,30.0000,24.7772,5.7146,16.0213,29.3898,0.0577,0.0873,0.0499,0.0799
Cs2GeWS3Se3,1.6910,-1.0253,105.5899,30.0000,23.3213,5.6566,14.5258,28.9949,0.0577,0.0461,0.0488,0.0825
Li2GeGaO3F3,2.2496,-2.2192,16.1190,30.0000,13.6176,6.0419,6.4519,22.0804,0.0577,0.0687,0.0418,0.1032
Rb2ZrCrO3F3,2.1294,-2.8372,36.7957,30.0000,15.8684,6.1884,8.1376,24.5560,0.0577,0.0541,0.0431,0.0964
Cs2VZnS3Br3,1.3194,-1.4091,120.8869,30.0000,25.1969,7.6680,10.2602,29.6186,0.0577,0.1863,0.0501,0.1141
Cs2VMnSe3Cl3,1.3557,-1.5801,121.5445,30.0000,25.3351,7.3180,12.0854,29.6104,0.0577,0.1693,0.0501,0.1013
Cs2GeCuS3Se3,1.3675,-0.9050,122.8088,30.0000,25.3944,7.0104,13.2902,29.5552,0.0577,0.1602,0.0504,0.0936
Cs2TiFeO3I3,1.6512,-1.9970,109.0333,30.0000,23.6956,5.5428,15.1434,28.9950,0.0578,0.0599,0.0492,0.0809
Cs2ZrBiO3I3,1.8178,-2.0214,87.5826,30.0000,21.3472,5.9350,12.6284,28.1615,0.0578,0.0354,0.0472,0.0857
Cs2GeNbSe3Cl3,1.5606,-1.4914,116.5795,30.0000,24.6331,5.7889,15.6922,29.2595,0.0578,0.0905,0.0499,0.0807
K2TiSbO3F3,2.3580,-2.7748,0.1950,30.0000,11.8720,5.8542,5.0581,20.1018,0.0578,0.0778,0.0410,0.1122
Cs2NbFeO3I3,1.6976,-1.9431,103.2547,30.0000,23.1385,5.6617,14.3650,28.7081,0.0578,0.0502,0.0487,0.0822
Cs2MnGaS3Br3,1.2654,-1.3403,120.5995,30.0000,25.1312,8.3455,7.3177,29.5687,0.0578,0.2094,0.0500,0.1548
Cs2SnCrSe6,1.0599,-1.0337,95.5929,30.0000,22.4055,10.5595,1.0000,29.1188,0.0578,0.2878,0.0472,0.8412
Cs2MoFeSe3F3,1.4742,-2.0268,122.1923,30.0000,25.2319,6.0694,16.1233,29.5267,0.0578,0.1157,0.0504,0.0812
Cs2GeCrSe6,1.0999,-1.0385,104.5686,30.0000,23.3814,10.2544,1.0000,29.1814,0.0578,0.2872,0.0484,0.8550
Cs2GeVSe3Cl3,1.3611,-1.4861,123.2318,30.0000,25.3749,7.1514,12.8306,29.5843,0.0579,0.1694,0.0503,0.0957
Cs2MnInO3Br3,1.4686,-1.6868,121.0802,30.0000,25.0702,6.1489,15.7058,29.5135,0.0579,0.1206,0.0503,0.0820
Cs2MnGaSe3Br3,1.0824,-1.3635,101.1459,30.0000,22.9975,10.3809,1.0000,29.1741,0.0579,0.2908,0.0478,0.8576
Rb2TiMoO6,2.1225,-2.7665,37.6540,30.0000,15.8962,6.1689,8.2379,24.7000,0.0580,0.0521,0.0431,0.0963
Cs2TaFeO3Br3,1.6633,-2.0374,110.2210,30.0000,23.6787,5.5599,14.9800,29.0057,0.0580,0.0482,0.0493,0.0821
Cs2SbCuS3I3,1.0610,-0.9147,93.8544,30.0000,22.1765,10.5206,1.0000,29.0902,0.0580,0.2870,0.0469,0.8361
Cs2VMnS3Br3,1.2842,-1.5078,122.6746,30.0000,25.2239,7.9039,9.0346,29.6082,0.0580,0.1942,0.0505,0.1284
Cs2CrAgSe3I3,1.0260,-1.0703,84.8991,30.0000,21.2054,10.8311,1.0000,28.9518,0.0581,0.2914,0.0459,0.8240
Cs2SnCuO3Se3,1.1992,-1.2952,118.5832,30.0000,24.7253,9.1213,3.7754,29.4377,0.0581,0.2423,0.0499,0.2792
Cs2GeMnBr3I3,1.0367,-1.3201,89.1962,30.0000,21.4885,10.6634,1.0000,28.9072,0.0581,0.2925,0.0466,0.8342
Cs2GeSbS3Br3,1.6279,-1.0521,113.3314,30.0000,24.0342,5.6955,15.1242,29.1204,0.0582,0.0700,0.0497,0.0818
Cs2WFeO3I3,1.7975,-1.5162,93.2159,30.0000,21.6465,5.8525,12.9099,28.2676,0.0582,0.0336,0.0480,0.0863
Cs2TaSbS6,1.6235,-1.1282,114.5573,30.0000,24.1126,5.5327,15.5000,29.0326,0.0582,0.0647,0.0500,0.0811
Cs2ZrWS6,1.5845,-1.5104,118.4415,30.0000,24.4810,5.6076,15.6957,29.2528,0.0583,0.0761,0.0503,0.0812
Cs2GeMnS3Se3,1.2661,-1.0681,124.2552,30.0000,25.1391,8.3611,6.8500,29.5110,0.0584,0.2160,0.0506,0.1673
Cs2CrMnO3I3,1.6963,-1.7048,108.5969,30.0000,23.2677,5.6514,14.5212,28.7908,0.0584,0.0502,0.0493,0.0832
Cs2SnVSe3F3,1.5866,-2.2093,119.1918,30.0000,24.5054,5.6713,15.6242,29.2701,0.0585,0.0753,0.0504,0.0817
Cs2NbCuSe3Br3,1.0538,-1.3591,96.7098,30.0000,22.3774,10.6069,1.0000,29.1214,0.0585,0.2899,0.0472,0.8472
K2TiInO3F3,2.3467,-2.8070,2.3459,30.0000,11.9331,5.9065,5.0897,20.5139,0.0585,0.0798,0.0411,0.1145
Cs2ZrSbO3I3,1.7883,-1.9994,95.9829,30.0000,21.7916,5.8501,13.0664,28.3520,0.0585,0.0370,0.0482,0.0871
Cs2SnMoO3Se3,1.6594,-1.4851,113.6372,30.0000,23.7005,5.5460,15.0466,28.8574,0.0586,0.0554,0.0500,0.0818
Cs2SnFeO3Se3,1.5761,-1.3204,119.8324,30.0000,24.4579,5.6963,15.4773,29.2221,0.0586,0.0798,0.0505,0.0826
Cs2VMnO3I3,1.6915,-1.9922,108.7632,30.0000,23.2311,5.6797,14.4970,28.8047,0.0586,0.0614,0.0494,0.0835
Cs2MnGaO3Br3,1.4095,-1.7096,129.1622,30.0000,25.4521,6.6273,14.7608,29.5418,0.0586,0.1469,0.0512,0.0884
Rb2GeGaO3F3,2.0813,-2.4014,46.8769,30.0000,16.5949,6.1919,8.7076,25.3437,0.0586,0.0529,0.0442,0.0966
Cs2TiInO3I3,1.7531,-2.0768,102.4633,30.0000,22.5346,5.6860,13.9877,28.5960,0.0586,0.0389,0.0491,0.0841
Cs2GeCrS3Se3,1.5157,-1.0491,124.7646,30.0000,24.9711,5.9479,16.0300,29.4770,0.0587,0.1023,0.0509,0.0821
Cs2GeVS3Br3,1.2613,-1.3665,124.3513,30.0000,25.1699,8.3708,7.0083,29.4959,0.0587,0.2186,0.0507,0.1622
Cs2VFeS3Br3,1.2264,-1.4137,122.5164,30.0000,24.8595,8.9545,4.3421,29.4767,0.0587,0.2440,0.0504,0.2532
Cs2MnInO3Se3,1.5682,-1.5562,121.6901,30.0000,24.6658,5.6521,15.7252,29.2978,0.0587,0.0762,0.0505,0.0816
Cs2TiCrS3Se3,1.2427,-1.3830,124.3428,30.0000,25.1122,8.5612,6.0828,29.5380,0.0587,0.2264,0.0506,0.1850
Cs2VZnSe3Br3,1.0640,-1.4133,101.1979,30.0000,22.4372,10.5242,1.0000,29.0650,0.0588,0.2980,0.0480,0.8691
Cs2MnBiO3Cl3,1.4800,-1.7786,126.9432,30.0000,25.1686,6.0589,15.8833,29.4446,0.0588,0.1178,0.0512,0.0828
Cs2CrAgO3Br3,1.5651,-1.5924,123.6536,30.0000,24.7611,5.5829,16.0519,29.2722,0.0588,0.0829,0.0509,0.0812
Cs2MoFeO3Br3,1.5684,-1.6439,123.1222,30.0000,24.6427,5.6608,15.8875,29.2853,0.0589,0.0837,0.0508,0.0817
Cs2VSbSe6,1.0372,-1.0277,95.4259,30.0000,21.8619,10.7027,1.0000,29.0979,0.0589,0.2992,0.0471,0.8595
Cs2GeNbO3I3,1.7409,-1.9673,105.1782,30.0000,22.5907,5.7337,13.7764,28.7574,0.0589,0.0359,0.0492,0.0854
Cs2SnWO3Se3,1.7679,-1.5077,101.9171,30.0000,22.2198,5.6909,13.6905,28.4403,0.0589,0.0341,0.0490,0.0855
Cs2SbCuO3Br3,1.1558,-1.4459,117.5354,30.0000,24.2679,9.6560,2.0085,29.3570,0.0589,0.2694,0.0499,0.5007
Cs2ZrSbSe3Cl3,1.7424,-1.6850,105.7701,30.0000,22.6559,5.6897,13.9006,28.6727,0.0590,0.0289,0.0493,0.0850
Cs2ZrInO3Br3,1.6668,-2.1564,115.3193,30.0000,23.7146,5.6270,14.9598,29.0068,0.0590,0.0580,0.0501,0.0839
Cs2VSbO3Se3,1.6061,-1.7427,120.1979,30.0000,24.2182,5.6435,15.5440,29.2197,0.0590,0.0748,0.0505,0.0826
Cs2SnVO3I3,1.7752,-1.8508,100.7772,30.0000,22.0503,5.8601,13.1586,28.4605,0.0590,0.0407,0.0487,0.0873
Cs2SnCuCl3I3,1.0343,-1.3084,93.1138,30.0000,21.3861,10.7253,1.0000,28.9873,0.0591,0.2977,0.0470,0.8513
Cs2NbFeO3Br3,1.5693,-2.0380,123.6222,30.0000,24.5315,5.7132,15.6885,29.1369,0.0592,0.0855,0.0510,0.0829
Cs2SnFeSe3Cl3,1.0989,-1.2780,110.9082,30.0000,23.3442,10.2410,1.0000,29.1641,0.0592,0.2946,0.0493,0.8790
Cs2NbMnO3Br3,1.5792,-2.1049,123.7832,30.0000,24.4907,5.6666,15.6076,29.1910,0.0592,0.0795,0.0510,0.0831
Cs2ZrFeO3Br3,1.5816,-2.0623,123.8872,30.0000,24.4570,5.6714,15.5463,29.2791,0.0592,0.0769,0.0510,0.0832
Cs2CrMoO3Br3,1.5817,-1.6813,123.8032,30.0000,24.4585,5.6675,15.6791,29.2606,0.0592,0.0820,0.0510,0.0821
Cs2VCuSe3F3,1.5092,-2.1951,128.9024,30.0000,25.0528,5.8795,16.2299,29.4200,0.0592,0.1112,0.0513,0.0822
Cs2SnSbO3Br3,1.7176,-1.5174,109.4052,30.0000,22.9487,5.7310,14.2185,28.7814,0.0593,0.0490,0.0495,0.0851
Na2SnCuBr3I3,0.8788,-1.0971,0.3721,30.0000,11.5374,11.0191,1.0000,28.0309,0.0593,0.1921,0.0343,0.5058
K2SnCuBr6,0.8776,-1.3621,0.0918,30.0000,11.5122,11.0398,1.0000,28.1111,0.0593,0.1905,0.0342,0.5027
Cs2GeWO3Se3,1.7119,-1.4825,111.8880,30.0000,23.1045,5.7045,14.2731,28.7514,0.0593,0.0506,0.0500,0.0855
Na2TiInO3F3,2.3627,-2.7749,2.5625,30.0000,11.7152,5.8955,4.8408,20.0699,0.0593,0.0852,0.0416,0.1206
Cs2SnNbO3I3,1.8287,-1.9999,96.1305,30.0000,21.3256,5.8670,12.7401,28.0432,0.0594,0.0376,0.0486,0.0881
Cs2VCuO3Br3,1.4949,-1.8952,129.9462,30.0000,25.1155,6.1334,15.6652,29.5039,0.0594,0.1222,0.0515,0.0847
Cs2VTaS6,1.5696,-1.4522,126.2653,30.0000,24.5851,5.6326,15.8776,29.2170,0.0594,0.0858,0.0514,0.0824
Na2TiGaO3F3,2.3651,-2.6598,3.0707,30.0000,11.7973,5.8559,4.9673,20.1884,0.0595,0.0817,0.0416,0.1172
Cs2GeNbSe3F3,1.5866,-2.2324,124.5152,30.0000,24.4490,5.6438,15.5733,29.2782,0.0595,0.0805,0.0511,0.0833
K2MoGaO3F3,2.3742,-2.3879,2.5583,30.0000,11.6232,5.7794,4.9269,19.8273,0.0595,0.0813,0.0419,0.1189
Cs2SbCuSe3Cl3,1.0925,-1.1632,109.4413,30.0000,23.0426,10.3039,1.0000,29.2086,0.0595,0.2934,0.0489,0.8714
Rb2SbCuSe3I3,0.9102,-0.9213,16.2556,30.0000,13.0623,11.0896,1.0000,28.3824,0.0595,0.2134,0.0363,0.5675
Rb2SnCrO3F3,2.1708,-2.4123,34.5696,30.0000,15.0207,6.1658,7.4605,23.7312,0.0595,0.0594,0.0437,0.1021
Cs2GeGaS3I3,1.7908,-1.0720,103.0911,30.0000,21.9222,5.7874,13.2321,28.3026,0.0595,0.0351,0.0493,0.0881
Cs2GeFeO3Br3,1.3027,-1.5747,132.2043,30.0000,25.2762,7.9551,8.7168,29.4412,0.0596,0.2098,0.0518,0.1367
Cs2SnBiO3Br3,1.8138,-1.5202,98.5943,30.0000,21.4855,5.8182,12.9298,28.1361,0.0596,0.0366,0.0489,0.0879
Cs2SnGaO3Br3,1.6692,-1.6339,118.1075,30.0000,23.6800,5.6266,14.8548,28.9620,0.0597,0.0559,0.0507,0.0847
Cs2WMnO3Se3,1.7331,-1.5919,110.1057,30.0000,22.7522,5.6480,14.0782,28.5572,0.0597,0.0415,0.0500,0.0857
Cs2SnZnO3Se3,1.6650,-1.3227,118.2750,30.0000,23.7018,5.5820,14.8527,28.9131,0.0597,0.0561,0.0506,0.0844
Cs2GeCuO3Se3,1.2448,-1.3654,131.4182,30.0000,25.0811,8.5705,5.8580,29.5804,0.0598,0.2367,0.0517,0.1998
Cs2CrMoO3Se3,1.6107,-1.6027,124.4432,30.0000,24.2321,5.6158,15.5668,29.1663,0.0598,0.0734,0.0512,0.0835
K2BiAgI6,0.8820,-0.9591,1.7644,30.0000,11.5052,11.1116,1.0000,28.2300,0.0598,0.1960,0.0343,0.5119
Cs2VFeO3Br3,1.5157,-1.9343,131.4508,30.0000,24.9708,5.7655,16.0969,29.3415,0.0598,0.1005,0.0518,0.0828
Cs2GeFeS3Se3,1.1600,-0.9501,124.0992,30.0000,24.3914,9.4784,2.4474,29.3595,0.0598,0.2649,0.0509,0.4254
Cs2TiWS6,1.5924,-1.5185,125.8625,30.0000,24.3745,5.5602,15.5578,29.1627,0.0598,0.0728,0.0515,0.0835
Cs2ZrGaSe3F3,1.6379,-2.2932,121.7133,30.0000,23.9635,5.5948,15.1518,29.1171,0.0599,0.0657,0.0509,0.0841
Cs2FeMnS3Se3,1.1469,-1.1258,122.4210,30.0000,24.1995,9.7813,1.6952,29.3249,0.0599,0.2831,0.0506,0.6153
Cs2SnSbSe3Cl3,1.7881,-1.2081,102.3681,30.0000,21.7077,5.9096,12.9353,28.3974,0.0599,0.0444,0.0492,0.0893
Cs2NbTaS6,1.6825,-1.4351,119.0525,30.0000,23.5262,5.5944,14.6170,28.8267,0.0599,0.0473,0.0508,0.0860
Cs2SnGaSe3F3,1.6874,-2.0031,117.2644,30.0000,23.3693,5.5983,14.8102,28.8843,0.0600,0.0580,0.0507,0.0842
Cs2MoGaO3I3,1.8001,-1.6015,102.2028,30.0000,21.7485,5.8681,12.8897,28.2346,0.0600,0.0376,0.0494,0.0892
Cs2GeBiO3Br3,1.7519,-1.5587,108.0480,30.0000,22.3502,5.7539,13.7162,28.5681,0.0600,0.0461,0.0496,0.0872
Cs2MnSbS3Se3,1.0831,-1.0135,112.0883,30.0000,22.9496,10.3745,1.0000,29.1934,0.0601,0.3061,0.0495,0.8990
Cs2FeMnO3Br3,1.5678,-1.7393,130.6276,30.0000,24.7608,5.7120,15.6033,29.2843,0.0601,0.0859,0.0519,0.0850
Cs2GeSbSe3F3,1.6729,-1.8981,119.7703,30.0000,23.5949,5.5999,14.8151,28.8376,0.0601,0.0607,0.0511,0.0856
Cs2SnCrO3Br3,1.6909,-1.6717,119.8726,30.0000,23.4363,5.5969,14.7679,28.8602,0.0602,0.0506,0.0509,0.0853
Cs2ZrCrO3Se3,1.6229,-2.1036,125.2245,30.0000,24.1513,5.5811,15.3527,29.1355,0.0602,0.0622,0.0514,0.0844
Cs2MnGaO3Se3,1.5792,-1.5680,129.8467,30.0000,24.5731,5.6120,15.7546,29.2321,0.0602,0.0792,0.0518,0.0841
Cs2SnCrSe3Br3,1.0244,-1.3128,95.1907,30.0000,21.2282,10.8168,1.0000,28.9878,0.0602,0.3068,0.0473,0.8665
Cs2WMnS6,1.6445,-1.2566,124.5824,30.0000,24.0285,5.5277,15.2952,29.0346,0.0602,0.0564,0.0514,0.0844
Cs2SnGeBr3I3,0.9964,-1.3115,83.9498,30.0000,19.6789,10.9235,1.0000,28.8117,0.0602,0.3022,0.0459,0.8369
Cs2ZrCrO3I3,1.7934,-2.0544,103.9142,30.0000,21.7201,5.7838,13.1334,28.2916,0.0603,0.0394,0.0495,0.0886
Cs2GeMnO3Se3,1.5047,-1.4885,133.0766,30.0000,24.9673,6.0300,15.6329,29.3021,0.0603,0.1129,0.0522,0.0859
Cs2ZrGaS3Br3,1.7262,-1.6593,114.8848,30.0000,22.9172,5.6711,14.1588,28.6517,0.0603,0.0442,0.0505,0.0871
Cs2TiBiO3I3,1.8724,-1.9739,91.5578,30.0000,20.3450,5.9814,11.8923,27.6566,0.0603,0.0382,0.0484,0.0913
Cs2TiWO3Se3,1.7607,-2.0597,111.1037,30.0000,22.4213,5.7272,13.7898,28.5720,0.0604,0.0439,0.0502,0.0876
Cs2ZrMoS6,1.5217,-1.5191,134.5910,30.0000,25.0079,5.8921,15.8017,29.3835,0.0604,0.1081,0.0523,0.0852
Cs2SnFeS3Se3,1.0739,-0.9382,112.3721,30.0000,22.8796,10.4640,1.0000,29.1646,0.0604,0.3078,0.0496,0.9028
Rb2WGaO3F3,2.2153,-2.3958,30.7305,30.0000,14.1625,6.2099,6.8145,23.0573,0.0605,0.0718,0.0435,0.1077
Cs2VFeSe3F3,1.5955,-2.2478,130.3811,30.0000,24.3340,5.5600,15.6064,29.2095,0.0605,0.0766,0.0520,0.0851
Cs2MoInO3Br3,1.7367,-1.7154,114.6662,30.0000,22.7528,5.7154,13.9322,28.6083,0.0606,0.0465,0.0506,0.0876
Cs2GeMnBr6,1.0423,-1.4786,103.3130,30.0000,21.7164,10.6951,1.0000,29.0370,0.0606,0.3114,0.0484,0.8895
Cs2VTaO3Se3,1.7518,-2.1170,111.4624,30.0000,22.3487,5.7130,13.8775,28.5271,0.0606,0.0503,0.0502,0.0873
Cs2TiGaS3Br3,1.6689,-1.6626,121.7882,30.0000,23.4905,5.6552,14.5956,28.9537,0.0606,0.0555,0.0512,0.0871
Cs2GeInO3Br3,1.6819,-1.6034,122.7596,30.0000,23.5214,5.5477,14.8501,28.8989,0.0606,0.0457,0.0513,0.0856
Cs2FeMnSe6,1.0379,-1.0503,102.2838,30.0000,21.6144,10.7271,1.0000,28.9815,0.0606,0.3143,0.0483,0.8938
Cs2VZnO3Br3,1.6250,-1.9225,129.5765,30.0000,24.2162,5.5198,15.3713,29.1696,0.0607,0.0616,0.0518,0.0859
Rb2GeVO3F3,2.1228,-2.6345,47.0864,30.0000,15.8656,6.2370,7.9896,24.6478,0.0607,0.0611,0.0450,0.1036
Cs2FeMnO3Se3,1.5733,-1.4944,131.3327,30.0000,24.4898,5.5971,15.6654,29.2421,0.0607,0.0830,0.0522,0.0847
Cs2SnGeS3Se3,1.7376,-0.8945,114.2719,30.0000,22.6103,5.7144,14.0157,28.6385,0.0607,0.0467,0.0506,0.0878
Cs2TiSbO3I3,1.8194,-1.9588,100.7808,30.0000,21.1649,5.8677,12.6391,28.0489,0.0607,0.0337,0.0493,0.0911
Cs2GeFeSe3F3,1.1955,-1.9224,131.1616,30.0000,24.5685,9.3094,2.9983,29.4183,0.0607,0.2671,0.0519,0.3742
K2WInO3F3,2.3920,-2.3926,1.7852,30.0000,11.2558,5.7731,4.5072,19.4298,0.0607,0.0928,0.0421,0.1261
Cs2GeFeO3Se3,1.5725,-1.3892,132.8977,30.0000,24.5368,5.6475,15.5848,29.2602,0.0608,0.0834,0.0522,0.0854
Cs2CrMnO3Se3,1.5885,-1.6353,132.1072,30.0000,24.3960,5.6426,15.5230,29.2491,0.0609,0.0765,0.0523,0.0857
Cs2WFeO3Br3,1.7911,-1.6192,109.4640,30.0000,21.9948,5.8387,13.2613,28.3900,0.0609,0.0395,0.0502,0.0899
Cs2MnBiO6,1.4966,-1.8824,138.7823,30.0000,25.0304,5.9287,16.0123,29.4506,0.0610,0.1108,0.0528,0.0857
Rb2GeGaS3Cl3,2.1777,-1.3819,38.0209,30.0000,14.7542,6.0954,7.4641,23.5462,0.0610,0.0595,0.0444,0.1037
Cs2VSbS6,1.5153,-1.0791,137.6702,30.0000,24.9999,5.8796,15.9297,29.4307,0.0610,0.1066,0.0527,0.0855
Rb2TiGaO3Cl3,2.1891,-2.3937,36.6288,30.0000,14.6196,6.0988,7.1768,23.2968,0.0611,0.0615,0.0445,0.1068
Cs2TiGaO3I3,1.7956,-2.1301,108.1787,30.0000,21.7511,5.8179,13.1807,28.2846,0.0611,0.0385,0.0501,0.0898
Cs2NbTaO6,1.5232,-2.7795,137.0889,30.0000,24.7677,6.0394,15.4541,29.2925,0.0611,0.1163,0.0528,0.0874
Cs2TiCrO3I3,1.7979,-2.1118,109.5664,30.0000,21.8325,5.8201,13.1442,28.2403,0.0612,0.0416,0.0504,0.0904
Rb2SnVO3F3,2.2032,-2.6748,34.6931,30.0000,14.3639,6.0839,7.0612,23.0971,0.0612,0.0652,0.0444,0.1069
Cs2TiFeO3Br3,1.6092,-2.0558,132.0364,30.0000,24.1866,5.6055,15.3786,29.1265,0.0613,0.0765,0.0523,0.0854
Rb2GeCrO6,2.1261,-2.1132,47.9916,30.0000,15.6361,6.1814,7.9719,24.3181,0.0614,0.0592,0.0453,0.1047
Cs2GeCrO3Br3,1.6122,-1.6391,132.9603,30.0000,24.1941,5.5874,15.4995,29.1234,0.0614,0.0799,0.0525,0.0859
Cs2SnCrO3Se3,1.7353,-1.4908,120.4770,30.0000,22.8113,5.6976,14.0762,28.6818,0.0615,0.0498,0.0515,0.0891
Cs2VNbS6,1.3661,-1.4339,144.2438,30.0000,25.3900,7.0365,13.3029,29.6084,0.0615,0.1727,0.0534,0.1008
Cs2SnGeO3Se3,1.7271,-1.3569,121.6867,30.0000,22.9171,5.6769,14.1865,28.7176,0.0615,0.0482,0.0514,0.0890
Cs2FeSbSe3Cl3,1.0521,-1.2790,110.5035,30.0000,21.9425,10.6280,1.0000,29.0726,0.0615,0.3145,0.0496,0.9085
Cs2NbZnO3Br3,1.7237,-2.0454,121.9636,30.0000,22.9441,5.6590,14.1394,28.7526,0.0615,0.0466,0.0515,0.0892
Rb2SnCrO6,2.2101,-2.0708,35.2782,30.0000,14.3443,6.1111,7.0060,23.0485,0.0616,0.0708,0.0445,0.1084
Cs2VNbO3Se3,1.6976,-2.1472,125.1702,30.0000,23.2985,5.6181,14.6093,28.9186,0.0616,0.0534,0.0518,0.0879
Cs2GeVSe3Br3,1.0339,-1.3506,104.2640,30.0000,21.3887,10.6998,1.0000,28.8662,0.0616,0.3156,0.0488,0.8998
Cs2GeGaO3Br3,1.6526,-1.6293,130.7448,30.0000,23.8527,5.5331,15.2296,29.0679,0.0616,0.0560,0.0523,0.0864
Cs2ZrMoO3Se3,1.7459,-2.1058,117.8471,30.0000,22.4975,5.7033,13.7999,28.5560,0.0616,0.0408,0.0512,0.0894
Cs2GeCrO3Se3,1.6217,-1.5076,133.6607,30.0000,24.0851,5.6715,15.0984,29.0770,0.0616,0.0737,0.0526,0.0878
Cs2GeFeCl3I3,1.0292,-1.3616,102.5906,30.0000,21.1694,10.8082,1.0000,29.0444,0.0616,0.3156,0.0484,0.8925
Cs2SbCuS3Br3,1.0419,-1.1334,110.3445,30.0000,21.8655,10.6980,1.0000,29.0967,0.0616,0.3180,0.0495,0.9187
Cs2TiMoS6,1.4853,-1.5028,144.2587,30.0000,25.0753,6.0891,15.6541,29.4109,0.0618,0.1219,0.0537,0.0890
Cs2GeVO3Br3,1.6528,-1.9450,133.1948,30.0000,23.9477,5.5509,15.0681,29.0444,0.0618,0.0577,0.0526,0.0872
Rb2FeZnCl3I3,0.9021,-1.3688,20.1026,30.0000,12.7904,11.0446,1.0000,28.2475,0.0618,0.2218,0.0370,0.5886
Cs2VMnO3Br3,1.6708,-2.0414,131.6329,30.0000,23.7380,5.5922,15.0887,28.9963,0.0619,0.0644,0.0524,0.0879
Rb2VMnO3F3,2.1842,-2.7652,40.3966,30.0000,14.7004,6.1846,7.2219,23.5805,0.0619,0.0656,0.0449,0.1090
Cs2SnNbO3Br3,1.7866,-2.0979,113.5118,30.0000,21.9171,5.7834,13.1776,28.2691,0.0619,0.0504,0.0510,0.0913
Cs2TiCrO3Se3,1.6511,-2.1166,133.5465,30.0000,23.8015,5.6479,15.0451,29.0015,0.0619,0.0698,0.0527,0.0883
Cs2WInO3Br3,1.8588,-1.7223,102.8254,30.0000,20.8598,5.9576,12.0613,27.8151,0.0620,0.0365,0.0500,0.0945
Cs2MnBiO3S3,1.6848,-1.7287,128.8651,30.0000,23.4488,5.6279,14.6302,28.7682,0.0620,0.0571,0.0523,0.0889
K2FeZnCl3I3,0.8750,-1.3019,0.4002,30.0000,10.7677,10.9868,1.0000,28.0286,0.0620,0.1934,0.0343,0.5074
Cs2SnGeBr6,1.0071,-1.4644,96.3156,30.0000,20.2215,10.8525,1.0000,28.8307,0.0620,0.3133,0.0476,0.8751
K2GeFeBr6,0.8759,-1.3949,4.9754,30.0000,11.2027,11.0745,1.0000,28.1622,0.0620,0.2019,0.0349,0.5284
Rb2GeFeS3I3,0.9033,-0.9790,24.5476,30.0000,13.0838,11.1491,1.0000,28.3240,0.0620,0.2321,0.0377,0.6102
Rb2SnTaO3F3,2.2669,-2.7309,27.3978,30.0000,13.3895,6.0131,6.2164,21.9247,0.0621,0.0778,0.0442,0.1147
Cs2ZrBiO3Br3,1.8604,-2.1065,101.7485,30.0000,20.5917,5.9364,12.1662,27.7620,0.0621,0.0373,0.0499,0.0939
Cs2GeZnO3Se3,1.6739,-1.3446,131.0547,30.0000,23.6441,5.6176,14.9699,29.0114,0.0621,0.0610,0.0524,0.0881
Cs2GeMoO3Se3,1.7206,-1.4961,125.5774,30.0000,22.9429,5.6755,14.1502,28.6981,0.0622,0.0468,0.0522,0.0900
Cs2CrMnO3Br3,1.6666,-1.7622,131.3946,30.0000,23.5652,5.6438,14.6004,28.9226,0.0622,0.0561,0.0525,0.0898
Cs2SbCuO3Cl3,1.2139,-1.8264,143.4097,30.0000,24.9087,9.0732,3.6608,29.5156,0.0622,0.2682,0.0535,0.3115
Cs2SnZnS3Se3,1.8190,-1.0298,111.0017,30.0000,21.3139,5.9138,12.6449,28.1300,0.0622,0.0405,0.0507,0.0936
Cs2CuZnBr3I3,0.9804,-1.2757,85.7453,30.0000,19.1087,10.9783,1.0000,28.7117,0.0623,0.3082,0.0464,0.8466
Na2FeZnCl3I3,0.8794,-1.2215,0.4083,30.0000,10.6706,11.1075,1.0000,28.2324,0.0623,0.1933,0.0341,0.5044
Cs2GeCuCl3I3,1.0244,-1.3182,101.7101,30.0000,20.7799,10.8581,1.0000,28.9624,0.0623,0.3204,0.0483,0.8997
Rb2ZrSbO3F3,2.2489,-2.7669,31.6511,30.0000,13.6635,6.1093,6.3096,22.3066,0.0624,0.0801,0.0446,0.1151
Cs2MoMnS6,1.5487,-1.2350,142.5802,30.0000,24.6517,5.7046,15.8562,29.3091,0.0624,0.0941,0.0537,0.0871
Cs2SnGaS3Br3,1.8224,-1.2467,110.9101,30.0000,21.3474,5.9029,12.6410,28.1935,0.0624,0.0410,0.0507,0.0938
Cs2SnCuO3S3,1.5062,-1.6456,146.5842,30.0000,24.9857,5.9844,15.7769,29.3926,0.0625,0.1161,0.0540,0.0887
Cs2GeNbO3Br3,1.7271,-2.0296,125.4472,30.0000,22.7412,5.6743,14.1015,28.6692,0.0625,0.0429,0.0523,0.0905
Cs2MnSbSe3Br3,1.0066,-1.2429,94.5885,30.0000,20.0300,10.8959,1.0000,28.9101,0.0625,0.3126,0.0473,0.8710
Cs2GeSbO3Br3,1.7617,-1.4732,120.6273,30.0000,22.2916,5.7145,13.7344,28.4758,0.0625,0.0464,0.0517,0.0913
Rb2MnSbSe6,0.8912,-0.9609,19.0711,30.0000,12.4521,11.1302,1.0000,28.3152,0.0625,0.2228,0.0369,0.5836
Cs2ZrGaO3Br3,1.7526,-2.2038,122.6272,30.0000,22.3847,5.7100,13.7075,28.5714,0.0625,0.0433,0.0519,0.0913
Cs2MoMnO3Se3,1.7433,-1.5666,123.9171,30.0000,22.5791,5.7173,13.8083,28.5261,0.0625,0.0434,0.0521,0.0913
Cs2WGaO3Br3,1.8327,-1.7561,108.5966,30.0000,21.0926,5.9335,12.5248,28.0956,0.0626,0.0387,0.0505,0.0937
Rb2GeCrO3F3,2.1658,-2.4142,46.9161,30.0000,15.0630,6.1515,7.4870,23.7922,0.0626,0.0686,0.0458,0.1086
Cs2SnVO3Br3,1.7766,-1.9967,120.0731,30.0000,22.2592,5.7683,13.4876,28.4405,0.0627,0.0392,0.0517,0.0918
Cs2MnSbO3Cl3,1.5578,-1.8344,145.4673,30.0000,24.7561,5.6558,16.0106,29.3722,0.0627,0.0926,0.0540,0.0872
Cs2TiGaSe3F3,1.7121,-2.2999,129.4822,30.0000,23.1310,5.6952,14.3673,28.7776,0.0627,0.0558,0.0525,0.0906
Cs2TiMoO3Se3,1.7526,-2.0997,125.1820,30.0000,22.6576,5.7452,13.7862,28.5442,0.0628,0.0457,0.0523,0.0921
Cs2MnGaS6,1.4709,-1.1486,150.2902,30.0000,25.1245,6.1894,15.5420,29.4844,0.0628,0.1315,0.0545,0.0900
Cs2ZrSbO3Br3,1.8174,-2.0998,113.3060,30.0000,21.3562,5.8647,12.7765,28.1505,0.0629,0.0363,0.0510,0.0938
Rb2SnFeS3I3,0.8936,-0.9865,19.0955,30.0000,12.3425,11.0735,1.0000,28.2199,0.0630,0.2226,0.0369,0.5860
Cs2WAgO3Cl3,1.7558,-1.7335,123.9728,30.0000,22.2830,5.8030,13.5421,28.5195,0.0631,0.0529,0.0520,0.0925
Rb2ZrSbO3Cl3,2.2687,-2.2307,28.7476,30.0000,13.2429,6.0106,6.1474,21.7943,0.0631,0.0806,0.0447,0.1166
Cs2WSbO3F3,1.7428,-2.3091,128.4381,30.0000,22.6630,5.7582,13.8822,28.7338,0.0631,0.0485,0.0528,0.0921
Cs2GeSbSe3Cl3,1.8316,-1.1189,112.4111,30.0000,21.1729,5.9703,12.4182,28.0304,0.0632,0.0414,0.0512,0.0956
Rb2SnWO6,2.2828,-2.0594,27.1952,30.0000,13.0711,6.0270,6.0088,21.6551,0.0633,0.0835,0.0445,0.1169
Rb2SnNbO3F3,2.2658,-2.7066,31.7449,30.0000,13.3846,6.0899,6.1487,21.9741,0.0633,0.0794,0.0452,0.1179
Rb2NbMnO3F3,2.2435,-2.8756,36.4400,30.0000,13.8738,6.0682,6.6245,22.3969,0.0634,0.0755,0.0454,0.1139
Rb2BiAgI6,0.8926,-1.0089,13.9535,30.0000,11.7543,11.0835,1.0000,28.1611,0.0634,0.2155,0.0362,0.5654
Cs2SbCuO3F3,1.3697,-2.2750,156.1405,30.0000,25.3580,6.9623,13.6545,29.6147,0.0635,0.1770,0.0549,0.1021
Cs2MoGaO3Br3,1.7916,-1.7539,121.8852,30.0000,21.8615,5.7775,13.3909,28.3812,0.0635,0.0446,0.0522,0.0934
Cs2GeZnS3Se3,1.7774,-0.9745,122.4908,30.0000,21.9163,5.7942,13.2471,28.2713,0.0636,0.0442,0.0522,0.0942
Cs2TiInO3Br3,1.7925,-2.1722,122.2788,30.0000,21.8273,5.8592,13.1192,28.3547,0.0638,0.0488,0.0524,0.0948
Na2GeGaO3F3,2.3754,-2.3269,14.3526,30.0000,11.6135,5.8292,4.9515,20.0373,0.0638,0.0926,0.0442,0.1277
Cs2MnInO3Cl3,1.6233,-1.9047,148.4379,30.0000,24.2248,5.6727,15.2298,29.1757,0.0641,0.0798,0.0546,0.0909
Cs2GeCrSe3Br3,1.0033,-1.2722,104.1157,30.0000,20.2390,10.8695,1.0000,28.8451,0.0641,0.3249,0.0488,0.9052
Rb2TiCrO3F3,2.2317,-2.8094,41.0000,30.0000,14.0930,6.0862,6.6614,22.5845,0.0642,0.0780,0.0460,0.1173
Cs2SnWS6,1.8495,-1.1042,114.1847,30.0000,20.8352,5.9444,12.2890,27.9507,0.0643,0.0377,0.0518,0.0971
Cs2NbSbS6,1.7754,-1.1187,129.1116,30.0000,22.1249,5.7646,13.5655,28.4869,0.0645,0.0443,0.0530,0.0948
Rb2SnFeSe3Br3,0.8940,-1.1978,18.9125,30.0000,11.8584,11.0901,1.0000,28.2847,0.0645,0.2228,0.0369,0.5847
K2FeMnBr3I3,0.8510,-1.2699,0.3477,30.0000,10.1487,10.9634,1.0000,27.8738,0.0645,0.1956,0.0344,0.5094
Cs2ZrCrO3S3,1.5415,-2.0613,156.8901,30.0000,24.7923,5.7774,15.9556,29.3470,0.0646,0.1134,0.0555,0.0909
Cs2SnGaSe3Cl3,1.8831,-1.3420,110.0052,30.0000,20.2353,6.0181,11.8544,27.6649,0.0646,0.0415,0.0515,0.0988
Cs2SnFeCl3I3,0.9870,-1.3650,93.8792,30.0000,18.8864,10.9857,1.0000,28.7947,0.0646,0.3208,0.0475,0.8803
Na2SnCuI6,0.8586,-0.8850,0.5772,30.0000,10.2273,11.0528,1.0000,28.0363,0.0647,0.1959,0.0343,0.5098
Cs2ZrCrO3Br3,1.8123,-2.0995,124.5770,30.0000,21.5241,5.8811,12.8355,28.1654,0.0648,0.0440,0.0527,0.0977
Cs2ZrWO3S3,1.8010,-2.0382,126.7663,30.0000,21.6854,5.8263,13.0325,28.2994,0.0649,0.0450,0.0529,0.0966
Cs2GeFeSe3Cl3,1.0403,-1.2986,122.3822,30.0000,21.5136,10.7768,1.0000,29.0583,0.0650,0.3422,0.0512,0.9720
Cs2TiGaSe3Cl3,1.8269,-1.7835,120.6853,30.0000,21.0677,5.8672,12.5368,27.9712,0.0651,0.0432,0.0525,0.0974
Cs2WBiO3Cl3,1.9085,-1.8637,106.8788,30.0000,19.7875,6.0245,11.3358,27.3703,0.0651,0.0453,0.0511,0.1004
Cs2GeCuO3S3,1.3908,-1.6111,165.0870,30.0000,25.3012,6.8936,13.8458,29.5930,0.0651,0.1802,0.0561,0.1034
Cs2FeMnSe3Br3,0.9893,-1.3407,101.8311,30.0000,19.4273,10.9568,1.0000,28.7490,0.0651,0.3298,0.0486,0.9071
Cs2FeSbO3Cl3,1.6897,-1.8252,145.2452,30.0000,23.3518,5.6444,14.6004,28.9013,0.0651,0.0618,0.0546,0.0939
Cs2TiBiO3Br3,1.9101,-2.0936,107.1733,30.0000,19.7401,6.0845,11.3191,27.4531,0.0652,0.0434,0.0513,0.1011
Cs2WSbO3Cl3,1.8444,-1.8196,119.7016,30.0000,20.8865,5.9221,12.2913,27.8315,0.0652,0.0461,0.0526,0.0994
Cs2FeMnO3S3,1.4244,-1.6114,166.6207,30.0000,25.3711,6.5271,14.9263,29.5880,0.0652,0.1580,0.0566,0.0984
Cs2ZrGaSe3Cl3,1.8676,-1.8132,113.9098,30.0000,20.4309,6.0051,11.8700,27.6778,0.0652,0.0396,0.0519,0.1000
Cs2TaCuO3Cl3,1.7854,-2.1565,131.0575,30.0000,21.9465,5.8387,13.3222,28.4511,0.0652,0.0475,0.0535,0.0970
Na2CrAgBr3I3,0.8640,-1.0679,2.0695,30.0000,10.3109,11.0259,1.0000,28.0032,0.0652,0.1977,0.0345,0.5145
Cs2TiSbO3Br3,1.8507,-2.1149,120.0781,30.0000,20.8898,5.9900,12.2622,27.9536,0.0652,0.0387,0.0525,0.0994
Cs2NbCuO3Cl3,1.6555,-2.1020,150.5604,30.0000,23.7685,5.6447,14.9370,29.0441,0.0652,0.0686,0.0552,0.0933
Rb2TiSbO3Cl3,2.2889,-2.2540,31.2348,30.0000,12.8405,6.0296,5.9578,21.7579,0.0653,0.0851,0.0453,0.1209
Cs2MoAgO3Cl3,1.7246,-1.7240,141.4551,30.0000,22.8107,5.7394,13.9127,28.7293,0.0653,0.0581,0.0544,0.0959
Cs2TaMnO3Cl3,1.7747,-2.1995,132.7673,30.0000,21.9134,5.8009,13.3334,28.4463,0.0654,0.0452,0.0537,0.0967
Cs2WBiO3F3,1.8903,-2.2667,113.7885,30.0000,20.2382,5.9829,11.8498,27.6171,0.0655,0.0451,0.0520,0.1001
Rb2GeNbO3F3,2.2426,-2.6587,42.6525,30.0000,13.8063,6.0329,6.5407,22.2834,0.0655,0.0797,0.0468,0.1201
Cs2TiCrO3Br3,1.7831,-2.1184,132.8200,30.0000,21.9778,5.8097,13.2941,28.3674,0.0656,0.0538,0.0539,0.0973
Cs2NbTaO3S3,1.8188,-2.1132,127.4351,30.0000,21.3834,5.9422,12.6010,28.1281,0.0656,0.0461,0.0533,0.0997
Cs2SnSbO3Cl3,1.7937,-1.8310,131.4779,30.0000,21.7462,5.8517,13.1227,28.3372,0.0659,0.0474,0.0536,0.0973
Cs2MnSbO6,1.5820,-2.0017,161.2315,30.0000,24.4482,5.5884,15.6542,29.1860,0.0659,0.0836,0.0564,0.0930
Cs2SnFeO3Cl3,1.7133,-1.8381,145.9566,30.0000,22.9919,5.7251,14.1673,28.6930,0.0660,0.0640,0.0551,0.0963
Cs2MoWO3S3,1.8404,-1.6569,125.9644,30.0000,21.0874,5.9001,12.4486,28.0648,0.0660,0.0412,0.0532,0.0998
Cs2SnMnO3S3,1.6959,-1.8068,148.7351,30.0000,23.2181,5.7093,14.2941,28.8591,0.0661,0.0613,0.0553,0.0965
Cs2MnGaO3Cl3,1.6105,-1.9051,160.7624,30.0000,24.3014,5.6187,15.4922,29.1992,0.0661,0.0890,0.0563,0.0943
Cs2TiCrO3S3,1.4678,-2.0495,170.2012,30.0000,25.1989,6.1954,15.5870,29.4759,0.0662,0.1447,0.0572,0.0964
Cs2GeMnI6,0.9556,-1.1604,78.5267,30.0000,16.7401,11.0862,1.0000,28.6311,0.0662,0.3064,0.0455,0.8258
Rb2MoGaO3Cl3,2.3096,-1.9065,33.1648,30.0000,12.7291,5.9726,5.7680,21.3699,0.0663,0.0862,0.0463,0.1253
Cs2GeFeS3I3,0.9925,-0.9925,103.7932,30.0000,19.1131,10.9096,1.0000,28.7229,0.0663,0.3333,0.0491,0.9207
Cs2FeMnO3Cl3,1.5863,-1.7701,163.4218,30.0000,24.4680,5.5610,15.8205,29.2282,0.0663,0.0896,0.0566,0.0928
Cs2TiWO3S3,1.8037,-2.0326,135.3072,30.0000,21.7337,5.8142,13.1441,28.2667,0.0664,0.0397,0.0542,0.0991
Cs2TiGaO3Br3,1.8196,-2.2005,130.5265,30.0000,21.3535,5.8583,12.8272,28.1501,0.0665,0.0390,0.0537,0.0999
Cs2SbAgO3S3,1.7911,-1.5395,137.9885,30.0000,21.9520,5.8191,13.2108,28.3463,0.0666,0.0415,0.0545,0.0993
K2SnFeSe3Br3,0.8601,-1.2006,0.2156,30.0000,9.6174,11.0152,1.0000,27.9026,0.0667,0.1945,0.0343,0.5089
Rb2MnBiSe6,0.8827,-0.9724,17.2577,30.0000,11.1554,11.0398,1.0000,28.1360,0.0672,0.2216,0.0369,0.5789
Cs2ZrCrO3Cl3,1.7006,-2.2190,154.0509,30.0000,23.0652,5.6217,14.4834,28.8010,0.0673,0.0622,0.0561,0.0968
Cs2CrMnO3S3,1.5882,-1.7331,167.8687,30.0000,24.4484,5.6963,15.5771,29.1934,0.0673,0.0991,0.0574,0.0954
Cs2MnInO6,1.6262,-2.0305,164.7341,30.0000,24.0956,5.5294,15.4166,29.0597,0.0673,0.0725,0.0571,0.0955
Cs2GeFeO3Cl3,1.6309,-1.7671,164.3237,30.0000,23.9093,5.5918,15.1730,29.0584,0.0674,0.0777,0.0572,0.0966
Cs2CuZnI6,0.9428,-1.1204,75.5093,30.0000,15.9873,11.0770,1.0000,28.6223,0.0674,0.3033,0.0451,0.8139
Cs2TaZnO3Cl3,1.8425,-2.1950,130.6829,30.0000,20.9033,5.8993,12.4376,27.8512,0.0674,0.0468,0.0541,0.1022
Rb2GeMoO6,2.2688,-2.0857,43.2857,30.0000,13.2920,6.0286,6.1935,21.9135,0.0676,0.0813,0.0475,0.1259
Cs2SbZnO3Cl3,1.7868,-1.8555,142.9607,30.0000,21.9230,5.8246,13.2711,28.3168,0.0677,0.0491,0.0551,0.1002
Cs2GeMnO3S3,1.6341,-1.6597,167.7185,30.0000,24.0298,5.5885,15.2143,29.1237,0.0678,0.0793,0.0575,0.0971
K2CrAgBr3I3,0.8549,-1.1364,2.0007,30.0000,9.7063,11.0170,1.0000,28.0596,0.0678,0.1996,0.0346,0.5170
Cs2MnSbO3S3,1.7647,-1.6234,147.9958,30.0000,22.2760,5.7612,13.5250,28.4998,0.0678,0.0438,0.0558,0.1005
Cs2WMnO3S3,1.8395,-1.6833,133.8290,30.0000,21.0029,5.9702,12.3845,28.0327,0.0679,0.0458,0.0545,0.1030
Cs2MnGaO3S3,1.6628,-1.8624,163.8278,30.0000,23.5869,5.5599,14.9155,28.8602,0.0681,0.0609,0.0574,0.0979
Cs2FeMnO6,1.3186,-1.8496,183.6019,30.0000,25.3475,7.5678,10.6072,29.5161,0.0682,0.2321,0.0590,0.1362
Rb2ZrInO3F3,2.3204,-2.7830,33.6477,30.0000,12.2707,5.8919,5.4668,20.8716,0.0682,0.0932,0.0471,0.1322
Rb2ZrGaO3F3,2.3122,-2.8036,37.1688,30.0000,12.5798,5.9313,5.7194,21.0136,0.0682,0.0940,0.0474,0.1303
Cs2MoBiO3Cl3,1.9162,-1.8523,119.8510,30.0000,19.5940,6.1130,11.2588,27.3264,0.0684,0.0479,0.0533,0.1063
Cs2VTaO3S3,1.8432,-2.0922,135.7375,30.0000,20.9476,5.8618,12.6162,27.9593,0.0684,0.0399,0.0548,0.1023
Cs2TaFeO3Cl3,1.8639,-2.1633,132.5828,30.0000,20.5777,5.9625,12.1006,27.8022,0.0686,0.0382,0.0545,0.1047
Rb2TiGaO3F3,2.3015,-2.8498,41.2248,30.0000,12.7552,5.9391,5.7284,21.0895,0.0689,0.0914,0.0481,0.1333
Cs2ZrMoO6,1.7435,-2.6628,158.2039,30.0000,22.6537,5.6965,13.9744,28.5693,0.0690,0.0558,0.0571,0.1012
Cs2VCuO3Cl3,1.7171,-2.0532,162.3432,30.0000,22.9465,5.6293,14.3605,28.7115,0.0690,0.0614,0.0575,0.1004
Cs2WFeO3Cl3,1.8814,-1.7645,131.5748,30.0000,20.3253,6.0053,11.8502,27.7685,0.0691,0.0385,0.0546,0.1073
Cs2MnInO3S3,1.7956,-1.8709,151.0488,30.0000,21.8044,5.8338,13.3350,28.3493,0.0693,0.0459,0.0564,0.1032
Cs2ZrMoO3S3,1.8178,-2.0904,145.4446,30.0000,21.2406,5.8535,12.7852,28.1344,0.0696,0.0382,0.0561,0.1051
Cs2VNbO3S3,1.7696,-2.0817,156.7862,30.0000,22.1692,5.7936,13.3561,28.4480,0.0697,0.0459,0.0572,0.1049
Cs2MnGaO6,1.6163,-2.0374,180.0478,30.0000,24.1818,5.4731,15.5678,29.0489,0.0697,0.0813,0.0594,0.0991
Cs2SnFeS3I3,0.9508,-1.0383,94.9249,30.0000,17.1034,11.0221,1.0000,28.6494,0.0698,0.3314,0.0478,0.8925
Cs2VFeO3Cl3,1.7229,-2.0498,164.7021,30.0000,22.8830,5.7341,13.9706,28.7225,0.0700,0.0537,0.0578,0.1033
Cs2SnZnO3S3,1.8358,-1.7215,146.1152,30.0000,21.0731,5.8395,12.7970,27.9581,0.0701,0.0473,0.0563,0.1050
Cs2TaCuO3F3,1.8519,-2.6935,141.5727,30.0000,20.7006,5.9034,12.2090,27.8368,0.0701,0.0428,0.0559,0.1074
Cs2TiCrO3Cl3,1.7121,-2.2372,166.8650,30.0000,22.8990,5.6289,14.2539,28.5898,0.0701,0.0623,0.0582,0.1022
Cs2CrMnO6,1.5906,-1.9834,185.1176,30.0000,24.4601,5.6179,15.5660,29.2001,0.0702,0.0931,0.0599,0.1005
Cs2TiMoO3S3,1.7767,-2.0557,156.8034,30.0000,22.0339,5.8258,13.3545,28.3733,0.0702,0.0517,0.0573,0.1043
Cs2MnSbO3F3,1.7718,-2.3726,158.5838,30.0000,22.1135,5.7288,13.4550,28.3420,0.0703,0.0475,0.0575,0.1048
Cs2MnCuI6,0.9377,-1.1273,76.1987,30.0000,15.2041,11.0986,1.0000,28.5739,0.0703,0.3082,0.0453,0.8217
Na2GeCuBr3I3,0.8617,-1.0975,4.5710,30.0000,9.4522,10.9644,1.0000,28.0079,0.0703,0.2031,0.0350,0.5256
Cs2MoWO6,1.8848,-2.0913,135.4185,30.0000,20.1576,6.0552,11.6857,27.6451,0.0703,0.0519,0.0552,0.1093
Cs2NbFeO3Cl3,1.8067,-2.1685,152.5858,30.0000,21.5720,5.8506,13.0232,28.2713,0.0704,0.0514,0.0569,0.1056
Cs2SnMoS6,1.9278,-1.0620,129.1184,30.0000,19.5354,6.0607,11.2314,27.2673,0.0705,0.0423,0.0549,0.1108
Cs2FeMnCl3I3,0.9579,-1.4246,100.7708,30.0000,17.3371,11.0798,1.0000,28.7097,0.0705,0.3392,0.0486,0.9166
Cs2VNbO6,1.7094,-2.6559,171.7196,30.0000,22.9813,5.6286,14.2642,28.7142,0.0707,0.0618,0.0589,0.1037
Na2MnBiSe6,0.8468,-0.8829,0.3605,30.0000,8.9739,10.9448,1.0000,27.8813,0.0708,0.1983,0.0344,0.5122
Cs2TiFeO3Cl3,1.7613,-2.1647,165.6319,30.0000,22.3794,5.7362,13.7855,28.5363,0.0711,0.0567,0.0583,0.1051
Cs2SnInO3Cl3,1.9118,-1.8486,134.0102,30.0000,19.6518,6.0548,11.2296,27.3904,0.0711,0.0434,0.0556,0.1125
Na2FeMnBr3I3,0.8456,-1.1615,0.3522,30.0000,8.9908,10.9823,1.0000,27.9767,0.0711,0.1970,0.0344,0.5098
Na2FeCuCl3I3,0.8383,-1.1245,0.4179,30.0000,8.8867,10.8899,1.0000,27.7814,0.0713,0.1982,0.0345,0.5122
Cs2CrWO3S3,1.9115,-1.7334,134.4432,30.0000,19.6399,5.9817,11.3881,27.2254,0.0713,0.0501,0.0558,0.1119
Cs2NbMnO3Cl3,1.8313,-2.1791,152.8309,30.0000,21.0698,5.9178,12.6541,28.1246,0.0715,0.0521,0.0572,0.1086
Cs2CrWO6,1.8670,-2.1784,145.2762,30.0000,20.4519,5.9724,11.9864,27.7732,0.0716,0.0409,0.0565,0.1105
Cs2GeTaO3Cl3,1.9271,-2.1599,134.3072,30.0000,19.5469,6.0878,10.9924,27.2377,0.0716,0.0506,0.0557,0.1139
Cs2ZrCrO6,1.7489,-2.6035,171.8520,30.0000,22.5977,5.6638,13.8834,28.5864,0.0718,0.0539,0.0592,0.1051
Cs2GeFeO3F3,1.6900,-2.3217,180.5710,30.0000,23.2983,5.6725,14.5295,28.8587,0.0718,0.0698,0.0599,0.1046
Cs2FeMnO3F3,1.7028,-2.4183,180.1739,30.0000,23.2589,5.6202,14.4766,28.8167,0.0718,0.0646,0.0599,0.1049
Cs2GeBiO3Cl3,1.9504,-1.7590,128.5685,30.0000,19.0109,6.1024,10.7944,26.8717,0.0720,0.0529,0.0555,0.1145
Cs2CrMnO3Cl3,1.7918,-1.7743,164.6223,30.0000,21.8622,5.7771,13.1621,28.2964,0.0721,0.0510,0.0585,0.1078
Cs2TaSbO3S3,1.9899,-1.8930,122.2966,30.0000,18.4273,6.1758,10.2077,26.6308,0.0722,0.0573,0.0548,0.1167
Cs2VMnO3Cl3,1.8011,-2.0950,164.9876,30.0000,21.7131,5.8912,12.9108,28.3385,0.0724,0.0522,0.0587,0.1098
Cs2MoFeO3Cl3,1.8571,-1.7609,151.8156,30.0000,20.5810,5.9759,12.0439,27.8002,0.0726,0.0451,0.0576,0.1121
Cs2SnBiO3Cl3,2.0209,-1.7489,116.1650,30.0000,17.6908,6.1802,9.5834,26.1638,0.0727,0.0547,0.0545,0.1206
Cs2WAgO3F3,1.9568,-2.3540,133.2107,30.0000,19.0038,6.0746,10.8637,26.9492,0.0730,0.0546,0.0561,0.1153
Cs2TaMnO3F3,1.9171,-2.9569,143.5708,30.0000,19.8620,6.0850,11.2947,27.4033,0.0730,0.0515,0.0570,0.1154
Cs2CrWO3Cl3,1.9545,-1.8081,132.3526,30.0000,18.8602,6.0981,10.6450,26.9098,0.0731,0.0538,0.0561,0.1177
Cs2CrMoO3S3,1.8613,-1.7404,155.6442,30.0000,20.6263,5.9300,12.2287,27.7016,0.0732,0.0514,0.0580,0.1121
Cs2VCuO3F3,1.7526,-2.6228,178.8577,30.0000,22.4378,5.6958,13.8274,28.4725,0.0735,0.0550,0.0603,0.1086
Cs2CrMoO3Cl3,1.8810,-1.7528,152.8508,30.0000,20.1872,5.9335,11.9457,27.5643,0.0737,0.0401,0.0581,0.1138
Na2FeMnI6,0.8405,-1.0581,0.5764,30.0000,8.6475,10.9425,1.0000,27.7799,0.0737,0.1997,0.0346,0.5147
Cs2SnTaO3Cl3,2.0285,-2.2028,121.0534,30.0000,17.7945,6.1989,9.6257,26.1178,0.0739,0.0652,0.0555,0.1225
Cs2MoSbO3Cl3,1.9504,-1.8725,136.2146,30.0000,18.8740,6.1183,10.6789,26.9095,0.0739,0.0546,0.0565,0.1183
Rb2FeAgCl3I3,0.8523,-1.3230,20.8061,30.0000,10.0613,10.9740,1.0000,27.9821,0.0740,0.2312,0.0375,0.5977
Rb2TiInO3F3,2.4024,-2.8060,36.9387,30.0000,11.2306,5.7711,4.6057,19.6207,0.0741,0.1165,0.0498,0.1561
Cs2ZrFeO3Cl3,1.8895,-2.1621,152.9989,30.0000,20.0648,6.0230,11.6227,27.5997,0.0741,0.0501,0.0580,0.1163
Cs2WInO3Cl3,2.0196,-1.8912,121.8907,30.0000,17.7020,6.2214,9.5860,26.2770,0.0742,0.0642,0.0554,0.1226
Cs2ZrWO6,1.9705,-2.7067,136.3511,30.0000,18.6969,6.1945,10.3244,26.8796,0.0745,0.0616,0.0567,0.1206
Cs2TaSbO6,1.9851,-2.5272,131.1585,30.0000,18.3233,6.1865,10.1525,26.6648,0.0747,0.0610,0.0562,0.1207
K2FeSbSe3Br3,0.8384,-1.1768,0.2419,30.0000,8.2407,10.8835,1.0000,27.7054,0.0757,0.1990,0.0346,0.5120
Cs2VTaO6,1.9437,-2.7676,146.7477,30.0000,19.0358,6.1339,10.7250,27.0667,0.0759,0.0519,0.0578,0.1213
Cs2GeZnO3S3,1.8778,-1.6365,164.5157,30.0000,20.2862,6.0005,11.8367,27.6465,0.0762,0.0539,0.0597,0.1189
K2GeFeSe3I3,0.8427,-0.9211,4.5684,30.0000,8.3959,10.9608,1.0000,27.8858,0.0762,0.2064,0.0352,0.5304
Cs2MnInO3F3,1.8979,-2.4401,161.9941,30.0000,19.9287,6.0385,11.6507,27.4588,0.0765,0.0520,0.0596,0.1195
Rb2MoGaO3F3,2.4278,-2.3968,36.8732,30.0000,10.8541,5.7073,4.2197,18.8923,0.0765,0.1219,0.0506,0.1692
Na2FeSbSe3Br3,0.8357,-1.1160,0.2421,30.0000,8.2312,11.0056,1.0000,27.8201,0.0768,0.2004,0.0345,0.5141
Cs2CrMoO6,1.8658,-2.1017,170.3498,30.0000,20.4396,5.9681,12.0651,27.7452,0.0770,0.0512,0.0603,0.1185
Cs2MoMnO3S3,1.9340,-1.6805,154.8225,30.0000,19.2145,6.1485,10.7992,27.1444,0.0772,0.0586,0.0592,0.1249
Cs2NbZnO3Cl3,1.9603,-2.1701,150.0660,30.0000,18.8445,6.0864,10.6307,26.8222,0.0773,0.0569,0.0589,0.1244
Cs2GeWO3S3,2.0185,-1.6042,135.3574,30.0000,17.7387,6.1993,9.5942,26.1898,0.0776,0.0641,0.0576,0.1289
Cs2GeInO3Cl3,1.9718,-1.8469,149.6888,30.0000,18.7352,6.1983,10.2478,26.8102,0.0777,0.0615,0.0588,0.1277
Cs2TaZnO3F3,1.9998,-2.7539,141.1363,30.0000,18.0667,6.1414,10.0114,26.5434,0.0777,0.0584,0.0582,0.1265
Cs2MnBiSe6,0.9141,-0.9680,86.7459,30.0000,14.0290,11.0443,1.0000,28.4363,0.0778,0.3270,0.0469,0.8667
Rb2TiSbO3F3,2.4447,-2.7879,34.6965,30.0000,10.3399,5.7041,3.6406,18.4528,0.0781,0.1326,0.0508,0.1923
K2SnFeSe3I3,0.8219,-0.9251,0.4742,30.0000,7.7602,10.8506,1.0000,27.7313,0.0782,0.1986,0.0346,0.5115
Cs2SnFeO3S3,1.9838,-1.6048,148.5030,30.0000,18.4764,6.1711,10.1437,26.6322,0.0783,0.0580,0.0593,0.1285
Rb2WInO3F3,2.4847,-2.4143,28.2823,30.0000,9.7595,5.5625,3.1886,17.8631,0.0788,0.1345,0.0509,0.2098
Cs2TiCrO6,1.8410,-2.6043,187.9578,30.0000,21.0300,5.9843,12.2050,27.9971,0.0789,0.0485,0.0629,0.1241
Cs2SbZnO3F3,1.9605,-2.3532,155.6093,30.0000,18.7255,6.1696,10.4715,26.8561,0.0790,0.0679,0.0600,0.1281
Cs2MoFeO3F3,1.9300,-2.4018,166.1570,30.0000,19.4209,6.0956,11.0059,27.2165,0.0791,0.0560,0.0610,0.1261
Cs2SnWO3S3,2.0993,-1.7361,121.9004,30.0000,16.2444,6.1396,8.4926,24.8456,0.0792,0.0806,0.0574,0.1353
Cs2WMnO6,2.0192,-2.1499,144.5596,30.0000,17.7615,6.1674,9.6993,26.0411,0.0793,0.0700,0.0591,0.1319
Cs2MoMnO6,1.9149,-2.0151,169.3665,30.0000,19.6230,6.0785,11.1828,27.2423,0.0793,0.0503,0.0609,0.1263
Cs2GeSbO3Cl3,2.0040,-1.7796,146.7896,30.0000,18.0044,6.1801,9.7856,26.4232,0.0794,0.0638,0.0592,0.1314
Cs2TiWO6,2.0142,-2.7355,146.2857,30.0000,17.9463,6.1816,9.8086,26.2725,0.0794,0.0690,0.0592,0.1313
Cs2FeSbS3I3,0.9285,-0.9661,94.6319,30.0000,14.2732,11.1034,1.0000,28.5335,0.0796,0.3412,0.0480,0.9053
Cs2SnCrO3Cl3,2.0122,-1.9020,146.9138,30.0000,17.9048,6.1737,9.6299,26.1713,0.0797,0.0647,0.0595,0.1332
Rb2FeSbSe3Br3,0.8460,-1.1852,18.8667,30.0000,8.9894,11.0087,1.0000,27.9825,0.0798,0.2299,0.0372,0.5919
Cs2SnSbO3F3,2.0325,-2.3615,142.0962,30.0000,17.4671,6.2026,9.4064,25.9299,0.0800,0.0711,0.0592,0.1342
Cs2MoSbO3F3,2.0199,-2.3344,147.6410,30.0000,17.8368,6.1826,9.6542,26.2685,0.0801,0.0680,0.0596,0.1334
Cs2NbFeO3F3,1.9351,-2.7665,167.0841,30.0000,19.1243,6.0290,11.0342,27.1241,0.0801,0.0544,0.0611,0.1262
K2FeAgCl3I3,0.8263,-1.2431,2.3408,30.0000,7.7937,10.8179,1.0000,27.6210,0.0803,0.2031,0.0350,0.5206
Cs2GeFeO3S3,1.9437,-1.6070,167.4345,30.0000,19.0980,6.1427,10.8230,27.1860,0.0805,0.0615,0.0614,0.1295
Na2SnFeS3I3,0.8253,-0.8829,0.4388,30.0000,7.6564,10.8094,1.0000,27.6394,0.0805,0.1993,0.0348,0.5144
K2GeCuI6,0.8329,-0.9716,4.0293,30.0000,7.9728,10.8935,1.0000,27.8840,0.0805,0.2036,0.0352,0.5264
Cs2VZnO3Cl3,1.9670,-2.0683,161.7692,30.0000,18.6876,6.1140,10.4674,26.8343,0.0805,0.0539,0.0609,0.1310
Rb2MoInO3F3,2.4931,-2.3985,33.4136,30.0000,9.8309,5.5208,3.2047,17.7419,0.0806,0.1368,0.0525,0.2117
Cs2TiMoO6,1.9327,-2.7175,171.7396,30.0000,19.2705,6.0915,11.0649,27.1934,0.0807,0.0633,0.0618,0.1289
Cs2SbCuSe3Br3,0.9111,-1.1361,93.7178,30.0000,13.9068,11.1490,1.0000,28.4478,0.0809,0.3446,0.0479,0.9076
Cs2SnInO3F3,2.0336,-2.4002,144.9573,30.0000,17.3961,6.2407,9.3281,26.0205,0.0809,0.0735,0.0594,0.1362
Cs2WGaO3Cl3,2.0971,-1.9231,130.0803,30.0000,16.3748,6.1850,8.4907,25.0255,0.0809,0.0747,0.0584,0.1407
K2FeMnI6,0.8165,-1.0905,0.5649,30.0000,7.5641,10.8013,1.0000,27.6399,0.0810,0.1999,0.0348,0.5134
Cs2TiFeO3F3,1.8928,-2.6976,182.8635,30.0000,19.8337,6.0456,11.5721,27.5296,0.0811,0.0499,0.0626,0.1278
Na2FeSbS3I3,0.8244,-0.8563,0.4653,30.0000,7.5095,10.8466,1.0000,27.7398,0.0813,0.2010,0.0347,0.5144
Cs2CrMnO3F3,1.9087,-2.5471,181.6333,30.0000,19.8166,6.0760,11.3375,27.4872,0.0814,0.0573,0.0631,0.1289
Cs2NbSbO3S3,2.0742,-1.9256,139.0645,30.0000,16.8898,6.1769,8.9232,25.3933,0.0814,0.0743,0.0594,0.1401
Cs2MnGaO3F3,1.9345,-2.4391,176.7803,30.0000,19.3359,6.1505,10.9070,27.2835,0.0815,0.0591,0.0625,0.1324
K2FeCuCl3I3,0.8180,-1.2488,0.4094,30.0000,7.4860,10.8110,1.0000,27.6109,0.0820,0.2003,0.0347,0.5141
Cs2SnFeO3F3,2.0047,-2.2869,159.1689,30.0000,18.0466,6.1509,9.7825,26.3588,0.0823,0.0647,0.0613,0.1361
Cs2CrWO3F3,2.0621,-2.6089,143.1232,30.0000,16.9368,6.1663,8.9608,25.3752,0.0823,0.0782,0.0603,0.1404
Cs2TaFeO3F3,2.0553,-2.8076,143.3552,30.0000,16.9707,6.1523,9.0427,25.4171,0.0823,0.0750,0.0602,0.1391
Cs2FeSbO3F3,2.0115,-2.2958,158.3200,30.0000,17.8868,6.1133,9.8068,26.1269,0.0824,0.0665,0.0616,0.1367
K2GeCuBr3I3,0.8268,-1.1565,4.4038,30.0000,7.5987,10.8496,1.0000,27.6858,0.0825,0.2064,0.0353,0.5294
Cs2ZrBiO3Cl3,2.1612,-2.2583,120.5735,30.0000,15.3425,6.1520,7.6117,23.8047,0.0827,0.0937,0.0587,0.1497
Na2SnFeBr3I3,0.8185,-1.1121,0.3669,30.0000,7.3999,10.8043,1.0000,27.5593,0.0828,0.2003,0.0347,0.5130
Cs2SnGeO3S3,2.0451,-1.6359,149.9903,30.0000,17.2337,6.2269,9.2937,25.8012,0.0828,0.0746,0.0605,0.1401
Cs2GeCrO3Cl3,1.9995,-1.8119,165.4916,30.0000,18.1544,6.1664,10.0096,26.4462,0.0833,0.0730,0.0622,0.1378
Cs2ZrFeO3F3,2.0027,-2.7317,167.5837,30.0000,18.1146,6.2031,9.9255,26.4266,0.0839,0.0723,0.0623,0.1392
Na2CrAgI6,0.8210,-0.9359,2.0319,30.0000,7.2752,10.7617,1.0000,27.5023,0.0843,0.2034,0.0350,0.5219
Rb2SnCuBr6,0.8333,-1.3997,18.5660,30.0000,8.2816,10.9154,1.0000,27.7887,0.0846,0.2332,0.0373,0.5963
Cs2SnMoO3S3,2.1107,-1.7451,139.0721,30.0000,16.0225,6.1797,8.4491,24.8609,0.0848,0.0822,0.0604,0.1452
Cs2VSbO3S3,2.0789,-1.8049,149.0478,30.0000,16.7054,6.1716,8.7591,25.2950,0.0849,0.0869,0.0615,0.1458
K2MnSbSe6,0.8151,-0.9347,0.3767,30.0000,7.1783,10.7952,1.0000,27.5600,0.0850,0.2016,0.0348,0.5157
Cs2MoBiO3F3,2.1586,-2.2671,128.6072,30.0000,15.3278,6.1799,7.6690,24.0188,0.0851,0.0962,0.0601,0.1535
Cs2VFeO3F3,1.9653,-2.6627,181.7267,30.0000,18.6681,6.0663,10.4496,26.7685,0.0852,0.0580,0.0643,0.1383
Cs2GeTaO3F3,2.1093,-2.7037,144.9261,30.0000,16.1443,6.1078,8.4564,24.5648,0.0857,0.0839,0.0618,0.1490
Cs2VMnO3F3,1.9841,-2.7661,182.0741,30.0000,18.5160,6.1388,10.2490,26.6182,0.0859,0.0751,0.0643,0.1413
Cs2SnGaO3Cl3,2.1130,-1.8709,143.9742,30.0000,16.0199,6.2222,8.2391,24.8074,0.0860,0.0931,0.0614,0.1494
Cs2CrMoO3F3,2.0270,-2.5801,167.3971,30.0000,17.4755,6.1462,9.4328,26.0208,0.0860,0.0761,0.0633,0.1438
Cs2MoInO3Cl3,2.1317,-1.9245,138.8903,30.0000,15.6352,6.1340,8.1443,24.2454,0.0863,0.0980,0.0614,0.1515
Cs2SnNbO3Cl3,2.1498,-2.2360,137.4593,30.0000,15.4864,6.1750,7.8326,24.2445,0.0864,0.0981,0.0612,0.1543
Cs2NbCuO3F3,2.0487,-2.6327,164.6574,30.0000,17.2538,6.2657,9.1975,25.9155,0.0866,0.0788,0.0626,0.1480
Cs2SnCrO3S3,2.0996,-1.7788,149.4937,30.0000,16.2996,6.1909,8.3669,24.9454,0.0867,0.0884,0.0621,0.1515
Cs2GeGaO3Cl3,2.0648,-1.8551,161.7258,30.0000,16.9097,6.1458,9.0096,25.4219,0.0867,0.0758,0.0633,0.1487
Cs2GeCrO3S3,2.0439,-1.6419,168.6470,30.0000,17.2986,6.1605,9.3259,25.7741,0.0869,0.0751,0.0639,0.1473
Rb2FeCuCl3I3,0.8330,-1.3150,20.1579,30.0000,8.1764,10.8830,1.0000,27.7963,0.0870,0.2340,0.0376,0.5987
Na2GeFeS3I3,0.8186,-0.8990,5.6173,30.0000,7.3221,10.8207,1.0000,27.5462,0.0874,0.2087,0.0355,0.5342
Na2FeAgCl3I3,0.8109,-1.1193,2.4380,30.0000,6.9108,10.7261,1.0000,27.5326,0.0876,0.2054,0.0351,0.5252
Cs2GeCrO6,2.0051,-2.0943,185.3453,30.0000,18.0992,6.1537,9.8221,26.3207,0.0881,0.0720,0.0655,0.1485
Rb2GeFeSe3Br3,0.8340,-1.2027,24.3560,30.0000,8.3122,10.8976,1.0000,27.7840,0.0883,0.2403,0.0381,0.6171
Cs2GeWO6,2.1422,-2.0376,145.9000,30.0000,15.6476,6.0849,8.0954,24.1500,0.0884,0.0893,0.0628,0.1555
Rb2GeCuBr3I3,0.8322,-1.2410,20.5561,30.0000,8.0013,10.8876,1.0000,27.7302,0.0886,0.2364,0.0377,0.6038
Na2GeFeBr3I3,0.8176,-1.1084,4.6063,30.0000,7.0040,10.7658,1.0000,27.4863,0.0887,0.2088,0.0354,0.5338
Cs2GeNbO3Cl3,2.1118,-2.1795,153.9958,30.0000,16.0300,6.2195,8.4028,24.9334,0.0888,0.0999,0.0630,0.1556
Cs2SbCuSe3I3,0.8810,-0.9090,81.5920,30.0000,11.6126,11.0923,1.0000,28.1655,0.0891,0.3330,0.0463,0.8609
K2SnCuBr3I3,0.8156,-1.1598,0.3671,30.0000,6.7456,10.7938,1.0000,27.5979,0.0892,0.2010,0.0347,0.5155
Cs2FeAgCl3I3,0.8962,-1.3101,96.5145,30.0000,12.4467,11.1086,1.0000,28.2313,0.0892,0.3558,0.0486,0.9241
Cs2GeMoO3S3,2.1197,-1.6068,155.9409,30.0000,15.9575,6.1942,8.0400,24.5678,0.0897,0.0956,0.0639,0.1618
Cs2SnBiO3F3,2.2226,-2.3577,124.3752,30.0000,13.9793,6.1833,6.6688,22.9355,0.0900,0.1149,0.0613,0.1695
Cs2ZrInO3Cl3,2.1775,-2.2922,139.8649,30.0000,14.9336,6.1325,7.4079,23.6435,0.0901,0.1076,0.0629,0.1632
Cs2NbMnO3F3,2.0847,-2.8502,167.3779,30.0000,16.4928,6.1806,8.6932,25.2470,0.0903,0.0893,0.0647,0.1561
Cs2ZrCrO3F3,2.0893,-2.8174,168.8459,30.0000,16.4024,6.1759,8.5377,25.0102,0.0911,0.0913,0.0652,0.1592
Cs2WFeO3F3,2.1780,-2.5432,142.2147,30.0000,14.7656,6.1268,7.3810,23.4730,0.0914,0.1196,0.0637,0.1659
Cs2VZnO3F3,2.0688,-2.6749,178.1623,30.0000,16.8609,6.1793,8.9728,25.4556,0.0918,0.0937,0.0662,0.1570
Cs2SnCrO6,2.1384,-2.0669,163.0139,30.0000,15.6738,6.1674,7.9923,24.2870,0.0928,0.1073,0.0656,0.1678
Cs2GeFeS3Br3,0.9056,-1.2358,123.4857,30.0000,13.3763,11.0606,1.0000,28.3338,0.0930,0.3960,0.0526,1.0389
Rb2SnCuBr3I3,0.8123,-1.2342,16.1396,30.0000,7.1268,10.7447,1.0000,27.4703,0.0934,0.2267,0.0372,0.5814
Cs2SnVO3Cl3,2.1986,-2.1100,147.2080,30.0000,14.6241,6.1298,7.0536,23.1077,0.0938,0.1170,0.0649,0.1759
Cs2ZrGaO3Cl3,2.1798,-2.3718,150.7545,30.0000,14.8044,6.0913,7.3086,23.2936,0.0942,0.1134,0.0652,0.1731
Cs2MoAgO3F3,2.1863,-2.3585,153.6081,30.0000,14.7758,6.1645,7.3458,23.5870,0.0943,0.1141,0.0654,0.1744
Cs2TiInO3Cl3,2.1992,-2.3437,150.2426,30.0000,14.4726,6.0910,7.0073,23.1514,0.0955,0.1179,0.0659,0.1775
Cs2GeInO3F3,2.1742,-2.3921,162.9258,30.0000,15.0570,6.1501,7.5004,23.7418,0.0957,0.1203,0.0668,0.1771
Cs2TiBiO3Cl3,2.2803,-2.2861,128.2724,30.0000,13.1181,5.9960,6.1048,21.7259,0.0959,0.1348,0.0645,0.1877
Cs2GeCrO3F3,2.1094,-2.4040,181.9814,30.0000,16.1297,6.1922,8.1975,24.6454,0.0959,0.1015,0.0681,0.1716
Cs2SnTaO3F3,2.2757,-2.6854,129.9668,30.0000,13.2125,5.9943,6.1337,21.8806,0.0963,0.1366,0.0647,0.1864
Cs2SnCrO3F3,2.1882,-2.3974,160.3072,30.0000,14.7061,6.1459,7.1948,23.3527,0.0966,0.1252,0.0671,0.1814
Cs2VSbO6,2.1822,-2.3277,162.4773,30.0000,14.7804,6.1575,7.1641,23.4151,0.0972,0.1183,0.0672,0.1817
Cs2TiCrO3F3,2.1265,-2.7943,184.3669,30.0000,15.7752,6.2174,8.0867,24.6027,0.0980,0.1120,0.0690,0.1753
Cs2SnWO6,2.3001,-2.0334,130.7357,30.0000,12.9611,5.9625,5.7903,21.3136,0.0981,0.1478,0.0658,0.1983
Cs2GeVO3Cl3,2.1881,-2.0762,165.8467,30.0000,14.7377,6.1127,7.2883,23.2802,0.0982,0.1202,0.0680,0.1826
Cs2NbZnO3F3,2.1970,-2.7066,164.0671,30.0000,14.5622,6.0927,7.1687,23.1930,0.0989,0.1280,0.0681,0.1832
Rb2GeFeBr6,0.8163,-1.4138,24.1435,30.0000,7.1284,10.7989,1.0000,27.4960,0.0995,0.2445,0.0384,0.6207
Cs2SnMoO6,2.2434,-2.0606,150.6903,30.0000,13.7221,6.0616,6.3893,22.1729,0.1000,0.1447,0.0679,0.1941
Cs2SnGaO3F3,2.2407,-2.3941,156.6836,30.0000,13.9069,6.0592,6.5898,22.4352,0.1007,0.1366,0.0684,0.1949
Cs2NbSbO6,2.2589,-2.5135,150.6818,30.0000,13.5208,6.0058,6.4318,22.1300,0.1008,0.1377,0.0680,0.1947
Cs2FeCuCl3I3,0.8770,-1.3123,99.7837,30.0000,10.9443,11.0419,1.0000,28.1487,0.1009,0.3655,0.0495,0.9458
Na2GeCuI6,0.7950,-0.8694,4.1587,30.0000,5.9605,10.7103,1.0000,27.4757,0.1011,0.2089,0.0355,0.5347
K2SnCuI6,0.7924,-0.9955,0.5665,30.0000,5.7462,10.6218,1.0000,27.3229,0.1016,0.2021,0.0350,0.5167
Cs2GeSbO3F3,2.2402,-2.3198,159.6108,30.0000,13.7858,6.0643,6.5742,22.3694,0.1023,0.1375,0.0693,0.1976
Cs2TiGaO3Cl3,2.2400,-2.4049,162.8805,30.0000,13.7721,6.1068,6.5002,22.3773,0.1031,0.1492,0.0697,0.1991
Cs2GeGaO3F3,2.2022,-2.3920,177.2838,30.0000,14.5468,6.1303,7.1865,23.2177,0.1032,0.1342,0.0706,0.1920
Cs2GeBiO3F3,2.3192,-2.3089,138.2970,30.0000,12.4625,5.9596,5.5747,20.9585,0.1035,0.1600,0.0682,0.2095
Cs2ZrSbO3Cl3,2.3347,-2.2578,137.1585,30.0000,12.3818,6.0189,5.3345,20.9250,0.1036,0.1689,0.0683,0.2203
Cs2GeMoO6,2.2332,-2.0726,170.1011,30.0000,13.9415,6.0655,6.6876,22.4831,0.1045,0.1494,0.0708,0.2009
Cs2GeVO3F3,2.1921,-2.6398,182.4072,30.0000,14.5391,6.1482,7.0506,23.2804,0.1046,0.1409,0.0713,0.1975
Cs2SnVO3F3,2.2924,-2.6551,160.6544,30.0000,12.8751,5.9283,5.9418,21.3921,0.1082,0.1595,0.0717,0.2176
Cs2FeZnCl3I3,0.8669,-1.3683,99.5647,30.0000,9.9775,11.0094,1.0000,27.9804,0.1086,0.3692,0.0493,0.9472
Cs2TiSbO3Cl3,2.3370,-2.2974,147.2151,30.0000,12.2104,5.8265,5.3167,20.3700,0.1087,0.1692,0.0712,0.2278
Cs2SnCuBr6,0.8529,-1.4054,93.6143,30.0000,9.2117,11.0278,1.0000,27.9397,0.1124,0.3650,0.0486,0.9259
Cs2MoGaO3Cl3,2.3648,-1.9371,149.6173,30.0000,11.8102,5.8241,4.9870,19.9773,0.1125,0.1872,0.0730,0.2440
Rb2GeCuI6,0.7860,-1.0176,18.0827,30.0000,5.4947,10.5513,1.0000,27.2222,0.1163,0.2348,0.0379,0.5974
Rb2SnFeSe3I3,0.7863,-0.9503,16.4089,30.0000,5.4940,10.6499,1.0000,27.3201,0.1173,0.2330,0.0374,0.5901
Rb2CrAgBr3I3,0.7900,-1.2156,17.9853,30.0000,5.4971,10.6272,1.0000,27.2214,0.1180,0.2349,0.0378,0.5986
Cs2MnSbSe6,0.8314,-0.9668,94.9862,30.0000,8.6428,10.9488,1.0000,27.8050,0.1204,0.3693,0.0490,0.9342
Cs2ZrSbO3F3,2.4135,-2.7385,148.7571,30.0000,10.7425,5.8165,4.1339,19.2688,0.1218,0.2153,0.0751,0.2904
Cs2WInO3F3,2.4883,-2.4093,130.8792,30.0000,9.7951,5.5959,2.9609,17.7613,0.1241,0.2399,0.0756,0.3725
Cs2ZrInO3F3,2.4318,-2.7361,151.8347,30.0000,10.6450,5.7507,3.9526,18.9539,0.1245,0.2354,0.0766,0.3042
Cs2WGaO3F3,2.4683,-2.3991,140.3655,30.0000,10.0761,5.6097,3.4996,18.0518,0.1246,0.2314,0.0770,0.3244
Cs2GeNbO3F3,2.3999,-2.6702,168.1699,30.0000,11.0384,5.7191,4.5725,19.2204,0.1262,0.2214,0.0796,0.2845
Na2SnFeSe3I3,0.7633,-0.8845,0.4833,30.0000,4.3274,10.4327,1.0000,26.9762,0.1277,0.2040,0.0353,0.5204
Cs2ZrGaO3F3,2.4207,-2.7702,164.7503,30.0000,10.7419,5.6592,4.2804,18.9420,0.1278,0.2264,0.0797,0.2967
Cs2TiSbO3F3,2.4319,-2.7665,160.6629,30.0000,10.5931,5.7099,4.0137,18.8168,0.1281,0.2341,0.0792,0.3105
Cs2TiInO3F3,2.4362,-2.7674,164.1454,30.0000,10.6269,5.6618,3.9318,18.6677,0.1288,0.2414,0.0806,0.3216
Rb2FeMnBr3I3,0.7807,-1.3330,17.3717,30.0000,4.9482,10.5686,1.0000,27.2540,0.1290,0.2325,0.0377,0.5934
Cs2TiGaO3F3,2.4138,-2.7823,179.3444,30.0000,11.0494,5.7411,4.3230,19.0834,0.1312,0.2409,0.0822,0.3122
Cs2MoGaO3F3,2.4623,-2.3953,163.3854,30.0000,10.1938,5.6455,3.4887,18.2114,0.1332,0.2566,0.0818,0.3584
Cs2SnNbO3F3,2.4962,-2.6808,149.1106,30.0000,9.6618,5.4921,3.0424,17.4886,0.1334,0.2524,0.0810,0.3899
K2FeCuBr6,0.7622,-1.3217,0.0477,30.0000,4.0925,10.4372,1.0000,27.0070,0.1343,0.2046,0.0352,0.5213
K2CrAgI6,0.7544,-1.0044,1.9741,30.0000,4.0937,10.3811,1.0000,26.8420,0.1360,0.2069,0.0356,0.5275
Na2FeZnBr3I3,0.7491,-1.0858,0.3486,30.0000,3.8830,10.3360,1.0000,26.8779,0.1398,0.2044,0.0353,0.5215
Na2FeCuBr6,0.7460,-1.2008,0.0382,30.0000,3.9138,10.2820,1.0000,26.7059,0.1403,0.2040,0.0355,0.5195
Cs2CrAgBr3I3,0.7987,-1.2417,84.5770,30.0000,6.2416,10.7398,1.0000,27.4366,0.1526,0.3533,0.0481,0.8912
Rb2GeFeSe3I3,0.7604,-0.9573,20.8896,30.0000,4.0808,10.3376,1.0000,26.8066,0.1567,0.2417,0.0388,0.6146
K2FeSbSe3I3,0.7409,-0.9056,0.4953,30.0000,3.4125,10.2529,1.0000,26.6358,0.1567,0.2055,0.0355,0.5244
Rb2SnCuI6,0.7486,-1.0293,14.3271,30.0000,3.8167,10.3367,1.0000,26.7705,0.1581,0.2286,0.0376,0.5823
Na2MnSbSe6,0.7472,-0.8970,0.3831,30.0000,3.3355,10.2997,1.0000,26.7792,0.1590,0.2059,0.0354,0.5230
Cs2GeCuBr3I3,0.7900,-1.2290,88.4515,30.0000,5.7557,10.6483,1.0000,27.2939,0.1665,0.3598,0.0489,0.9094
K2SnFeBr3I3,0.7309,-1.1676,0.3621,30.0000,3.2137,10.1053,1.0000,26.5228,0.1676,0.2048,0.0357,0.5228
Rb2FeMnI6,0.7474,-1.1184,15.2685,30.0000,3.5777,10.2851,1.0000,26.7148,0.1685,0.2324,0.0378,0.5888
Rb2CrAgI6,0.7428,-1.0355,15.8973,30.0000,3.5678,10.3591,1.0000,26.8463,0.1699,0.2345,0.0380,0.5935
Cs2GeFeBr6,0.7941,-1.4236,103.2048,30.0000,5.7903,10.6277,1.0000,27.2989,0.1778,0.3877,0.0513,0.9764
Na2GeFeSe3I3,0.7276,-0.8688,4.7446,30.0000,3.0736,10.0497,1.0000,26.3325,0.1784,0.2128,0.0366,0.5430
K2GeFeBr3I3,0.7200,-1.1781,4.4361,30.0000,2.9585,10.0767,1.0000,26.4011,0.1851,0.2126,0.0365,0.5421
Cs2SnFeSe3I3,0.7757,-0.9579,82.3956,30.0000,4.8675,10.5576,1.0000,27.1430,0.1898,0.3526,0.0481,0.8866
K2FeZnBr3I3,0.7092,-1.2085,0.3442,30.0000,2.7842,10.0090,1.0000,26.3192,0.1900,0.2046,0.0359,0.5237
Cs2SnCuBr3I3,0.7730,-1.2318,81.4997,30.0000,4.7018,10.6011,1.0000,27.1987,0.1929,0.3517,0.0481,0.8842
Rb2FeSbSe3I3,0.7137,-0.9433,16.3777,30.0000,3.0391,9.9231,1.0000,26.1615,0.1982,0.2334,0.0387,0.5927
Rb2SnFeBr3I3,0.7189,-1.2267,16.2609,30.0000,3.0232,10.0754,1.0000,26.3200,0.2001,0.2338,0.0383,0.5948
K2SnFeI6,0.6969,-1.0167,0.5637,30.0000,2.5892,9.8037,1.0000,25.9423,0.2021,0.2054,0.0361,0.5260
Na2FeZnI6,0.7045,-0.9978,0.5708,30.0000,2.6062,9.8314,1.0000,25.9058,0.2032,0.2060,0.0363,0.5266
Rb2FeCuBr6,0.7131,-1.3469,20.0360,30.0000,2.9742,9.9686,1.0000,26.2340,0.2045,0.2403,0.0392,0.6115
Cs2GeCuBr6,0.7790,-1.4000,102.3113,30.0000,4.8853,10.5771,1.0000,27.2297,0.2046,0.3897,0.0513,0.9769
Cs2FeSbSe3Br3,0.7753,-1.2011,94.4944,30.0000,4.6629,10.5097,1.0000,27.0746,0.2051,0.3742,0.0500,0.9394
Na2SnFeI6,0.6943,-0.9104,0.5744,30.0000,2.4979,9.8307,1.0000,25.9972,0.2093,0.2066,0.0361,0.5277
K2GeFeI6,0.6848,-0.9876,4.0539,30.0000,2.4032,9.6636,1.0000,25.7588,0.2238,0.2113,0.0370,0.5429
Rb2FeZnI6,0.6990,-1.0806,15.1176,30.0000,2.5157,9.8741,1.0000,26.1045,0.2328,0.2317,0.0385,0.5900
Cs2GeFeSe3I3,0.7652,-0.9542,89.4605,30.0000,3.9770,10.4468,1.0000,26.9374,0.2344,0.3670,0.0494,0.9211
Cs2SnFeSe3Br3,0.7563,-1.2082,94.7870,30.0000,4.0844,10.3955,1.0000,27.0160,0.2364,0.3757,0.0502,0.9459
Na2FeSbSe3I3,0.6648,-0.8175,0.5052,30.0000,2.0484,9.4244,1.0000,25.2279,0.2498,0.2048,0.0369,0.5299
Cs2GeFeSe3Br3,0.7579,-1.2278,103.6512,30.0000,3.9174,10.3708,1.0000,26.8304,0.2543,0.3958,0.0519,0.9869
Cs2SnCuI6,0.7277,-1.0480,72.2098,30.0000,3.2921,10.1788,1.0000,26.7226,0.2552,0.3386,0.0471,0.8499
K2FeZnI6,0.6573,-1.0519,0.5596,30.0000,1.9683,9.3214,1.0000,24.6848,0.2623,0.2047,0.0372,0.5294
Na2FeAgBr3I3,0.6523,-1.0433,2.0553,30.0000,1.9697,9.2965,1.0000,24.9379,0.2638,0.2062,0.0372,0.5347
Cs2FeMnBr3I3,0.7444,-1.3791,87.3001,30.0000,3.3579,10.2667,1.0000,26.7942,0.2700,0.3636,0.0496,0.9141
Rb2FeZnBr3I3,0.6643,-1.2738,17.1733,30.0000,2.1520,9.4723,1.0000,25.1947,0.2726,0.2348,0.0397,0.6026
Rb2GeFeBr3I3,0.6784,-1.2395,20.7204,30.0000,2.2325,9.6869,1.0000,25.7022,0.2757,0.2422,0.0399,0.6190
Na2GeFeI6,0.6532,-0.9038,4.1852,30.0000,1.9258,9.2754,1.0000,24.8552,0.2758,0.2107,0.0377,0.5463
Na2FeCuBr3I3,0.6368,-1.0406,0.3565,30.0000,1.8342,9.0869,1.0000,24.3008,0.2790,0.2022,0.0374,0.5279
Cs2FeSbSe3I3,0.7256,-0.9463,82.1775,30.0000,3.0746,10.1661,1.0000,26.5406,0.2901,0.3553,0.0489,0.8918
Cs2CrAgI6,0.7014,-1.0831,74.7463,30.0000,2.7132,9.8888,1.0000,26.0045,0.3105,0.3413,0.0483,0.8603
Rb2SnFeI6,0.6256,-1.0467,14.4203,30.0000,1.6690,8.9933,1.0000,23.9567,0.3419,0.2277,0.0402,0.5943
Cs2SnFeI6,0.6891,-1.0783,72.6665,30.0000,2.4220,9.6945,1.0000,25.7703,0.3453,0.3378,0.0484,0.8538
Cs2GeFeBr3I3,0.7112,-1.2545,89.1157,30.0000,2.6176,10.0306,1.0000,26.3749,0.3460,0.3687,0.0506,0.9258
Cs2SnFeBr3I3,0.6895,-1.2354,82.0846,30.0000,2.4939,9.7364,1.0000,25.7980,0.3532,0.3543,0.0500,0.8972
Cs2FeMnI6,0.6841,-1.1484,76.7080,30.0000,2.2074,9.7048,1.0000,25.6406,0.3826,0.3443,0.0492,0.8702
K2FeAgBr3I3,0.5627,-1.0980,1.9874,30.0000,1.2528,8.1378,1.0000,21.3628,0.4004,0.2002,0.0408,0.5406
Rb2GeFeI6,0.5846,-1.0248,18.2072,30.0000,1.4384,8.4559,1.0000,22.3327,0.4082,0.2312,0.0423,0.6143
K2FeCuI6,0.5597,-0.9607,0.5665,30.0000,1.1813,8.0253,1.0000,20.8481,0.4100,0.1969,0.0409,0.5342
Na2FeAgI6,0.5518,-0.8317,2.0200,30.0000,1.1967,7.9151,1.0000,20.3985,0.4150,0.1974,0.0417,0.5415
Cs2GeCuI6,0.6690,-1.0226,77.9512,30.0000,2.0338,9.4721,1.0000,25.1360,0.4178,0.3470,0.0503,0.8827
Na2FeCuI6,0.5316,-0.8326,0.5779,30.0000,1.0304,7.6054,1.0000,19.0086,0.4296,0.1938,0.0430,0.5355
K2FeCuBr3I3,0.5239,-1.1000,0.3518,30.0000,1.0000,7.4191,1.0000,17.9246,0.4322,0.1912,0.0445,0.5335
K2FeAgI6,0.5284,-0.9497,1.9627,30.0000,1.0299,7.5021,1.0000,18.5178,0.4334,0.1956,0.0440,0.5441
Cs2FeZnBr3I3,0.6467,-1.2989,86.3936,30.0000,2.0464,9.3038,1.0000,24.8294,0.4354,0.3607,0.0520,0.9192
Rb2FeCuI6,0.5423,-0.9941,15.1496,30.0000,1.0618,7.6445,1.0000,19.6015,0.4832,0.2189,0.0457,0.6013
Rb2FeCuBr3I3,0.5335,-1.1787,17.2146,30.0000,1.0382,7.6217,1.0000,18.8396,0.4921,0.2227,0.0468,0.6132
Rb2FeAgBr3I3,0.5172,-1.1628,17.9088,30.0000,1.0000,7.3972,1.0000,17.5107,0.5070,0.2214,0.0490,0.6154
Cs2FeZnI6,0.6205,-1.1019,76.0094,30.0000,1.5929,8.8953,1.0000,24.0162,0.5217,0.3371,0.0513,0.8736
Cs2GeFeI6,0.6175,-1.0488,78.4644,30.0000,1.5877,8.7890,1.0000,23.7357,0.5280,0.3426,0.0524,0.8876
Cs2FeCuBr3I3,0.5821,-1.2004,86.5591,30.0000,1.3173,8.3536,1.0000,22.1499,0.6578,0.3515,0.0559,0.9270
Cs2FeCuI6,0.5397,-1.0457,76.1377,30.0000,1.0000,7.6125,1.0000,18.8091,0.7290,0.3243,0.0601,0.8821
Cs2FeAgBr3I3,0.5309,-1.1795,84.2634,30.0000,1.0000,7.5697,1.0000,18.5779,0.7635,0.3361,0.0633,0.9192
Cs2FeCuBr6,0.5159,-1.3564,100.3795,30.0000,1.0000,7.3429,1.0000,17.2508,0.8223,0.3609,0.0707,0.9943
