,0.01,0.01595959595959596,0.021919191919191918,0.027878787878787878,0.033838383838383834,0.0397979797979798,0.045757575757575754,0.05171717171717172,0.05767676767676767,0.06363636363636363,0.06959595959595959,0.07555555555555554,0.0815151515151515,0.08747474747474746,0.09343434343434343,0.09939393939393938,0.10535353535353534,0.1113131313131313,0.11727272727272725,0.12323232323232322,0.1291919191919192,0.13515151515151513,0.1411111111111111,0.14707070707070707,0.15303030303030302,0.158989898989899,0.16494949494949493,0.1709090909090909,0.17686868686868687,0.1828282828282828,0.18878787878787878,0.19474747474747472,0.2007070707070707,0.20666666666666667,0.2126262626262626,0.21858585858585858,0.22454545454545452,0.2305050505050505,0.23646464646464646,0.2424242424242424,0.24838383838383837,0.2543434343434343,0.26030303030303026,0.26626262626262626,0.2722222222222222,0.27818181818181814,0.28414141414141414,0.2901010101010101,0.296060606060606,0.302020202020202,0.30797979797979796,0.3139393939393939,0.31989898989898985,0.32585858585858585,0.3318181818181818,0.33777777777777773,0.34373737373737373,0.3496969696969697,0.3556565656565656,0.3616161616161616,0.36757575757575756,0.3735353535353535,0.37949494949494944,0.38545454545454544,0.3914141414141414,0.3973737373737373,0.4033333333333333,0.40929292929292926,0.4152525252525252,0.42121212121212115,0.42717171717171715,0.4331313131313131,0.43909090909090903,0.44505050505050503,0.45101010101010097,0.4569696969696969,0.4629292929292929,0.46888888888888886,0.4748484848484848,0.48080808080808074,0.48676767676767674,0.4927272727272727,0.4986868686868686,0.5046464646464646,0.5106060606060605,0.5165656565656566,0.5225252525252525,0.5284848484848484,0.5344444444444444,0.5404040404040403,0.5463636363636363,0.5523232323232323,0.5582828282828283,0.5642424242424242,0.5702020202020202,0.5761616161616161,0.582121212121212,0.588080808080808,0.594040404040404,0.6
20.0,1.1177839690505057e-06,2.1436515117836773e-06,3.5209774046298643e-06,5.4687094999346014e-06,8.041336297805834e-06,1.138809258410303e-05,1.4586639930745251e-05,1.878785384150433e-05,2.3230029640965022e-05,2.851346325419084e-05,3.3681737539534354e-05,4.005771937028707e-05,4.588794492109795e-05,5.3557379978939314e-05,6.263527078608004e-05,6.994171288434761e-05,7.972641252792965e-05,8.814017419036993e-05,9.795597712610569e-05,0.00010628428658502824,0.00011676463564431741,0.00013071646060397414,0.00014207160070795464,0.00015527303639719156,0.00016949210968340383,0.00018025139828865052,0.00019403166146769686,0.00021186866039850401,0.00023393966970329335,0.0002494800724675347,0.0002644559010515171,0.00027804752866415376,0.0003010866921517439,0.0003247230483100911,0.00033835372608603825,0.0003591487187596969,0.0006797014179741772,0.0006981289439719824,0.000619855212312879,0.0008390027704918502,0.0009693309818918696,0.0010785731926698826,0.000723141083114792,0.0010330282858041831,0.001858771074565032,0.0014851325035302758,0.0018261026746870285,0.0024313676431008202,0.0029403592452550724,0.00338789367053723,0.00390955366662755,0.003935118479140581,0.00505265047266665,0.004603655399291473,0.006234563511419348,0.005839754586857744,0.0086638093161126,0.009210272374986263,0.008836766222830963,0.009525523323574987,0.010973283274467322,0.012708617053863412,0.012056258504720835,0.013366558835697822,0.016315492180482876,0.019328577785597826,0.018097842902098586,0.019902321893949592,0.024529680710519704,0.027712757265233347,0.02534226582204118,0.026201188174582547,0.027844788547403732,0.029621188835923948,0.03607482686539539,0.03582752996372382,0.03701546309289497,0.03711550150525789,0.042408264132948105,0.04241824637259677,0.04051433431820281,0.0442786628382771,0.048893491339796834,0.04944763272936352,0.04679001152769481,0.052299785965252525,0.05430462855863083,0.060730160759370676,0.05944238997664063,0.06159760354997303,0.06333384605458667,0.06887367764347463,0.07527148842469993,0.07383596779967579,0.07502758254208013,0.07636773610357245,0.08155863634485376,0.08395989056632698,0.08423132949264896,0.08896636043234654
20.80808080808081,1.0903517917861022e-06,2.0484079092437345e-06,3.4668806185226587e-06,5.271469861201978e-06,7.921158663157946e-06,1.0842856918257761e-05,1.3943441920625021e-05,1.803510422335773e-05,2.2189215696331256e-05,2.7174408781341318e-05,3.25549232625267e-05,3.9387317819496734e-05,4.489307873117772e-05,5.089347676915485e-05,6.065268544004326e-05,6.502004389280338e-05,7.353037225527745e-05,8.27810276467148e-05,9.180572178474519e-05,0.00010415895419474478,0.00011567763926388828,0.0001254198354447378,0.00013779613677412393,0.00014871178388336387,0.00016486110202727045,0.0001724165092183087,0.00019049716800104139,0.00020034435938079352,0.00021887541003936536,0.00023564641083935735,0.00025676521511662286,0.000267408237090809,0.0003774585603883508,0.00029711104565779625,0.00032416925113390856,0.00033709177870391106,0.00046352832351126525,0.00047883712926245005,0.0008812855683316823,0.0007060570837526711,0.000837720504064355,0.0008602898376595682,0.0011639999639379767,0.0013763956052979583,0.001199678316839256,0.001981433713468756,0.0017612436039833596,0.0034118086432415894,0.003026295107575264,0.0034569653375731563,0.003169656321562704,0.003892534931474399,0.005244766486283507,0.005186409208435038,0.005323862131554408,0.0060603870035828575,0.006989153301755458,0.007406471295310703,0.008194266421917826,0.008068577480820878,0.009674349877078025,0.012419500662566986,0.013214350231158448,0.012836163057288871,0.015427506542679553,0.017236926084310242,0.017475250428345343,0.02206028901885507,0.018148376639667674,0.01973817269561415,0.024443527134068433,0.025109322231705086,0.02727010694733186,0.026933470993904304,0.030382113712567566,0.031125279996771348,0.035135276116414385,0.03382555540893618,0.03960641296658305,0.04014140609246001,0.04174604397345831,0.04591980311254073,0.04772063016352132,0.0436105122738237,0.050181133718649594,0.05296371249508809,0.052963981914721306,0.0556444370373629,0.06044930184232705,0.06206962259101964,0.06022227021941845,0.06633100804005088,0.0686345452158373,0.06858891937772348,0.07710154521396505,0.07687290036605787,0.08134565417754976,0.08055923884166243,0.08452765388848577,0.08975066483232343
21.616161616161616,1.046540494980307e-06,1.9423907553220583e-06,3.382580859820132e-06,5.203675818206061e-06,7.47383643044803e-06,1.0310365927315829e-05,1.3504803115858948e-05,1.7334040948855828e-05,2.1632227722298154e-05,2.5970705199418016e-05,3.121863436659458e-05,3.763406761090036e-05,4.308266159701967e-05,4.989481909551952e-05,5.7727986130764e-05,6.431442907927695e-05,7.103579703318567e-05,8.000019138733475e-05,8.85884792957298e-05,0.00010211135741562028,0.00010858592028993592,0.00012094119453297216,0.00013614325880243806,0.0001425649047351943,0.00015590487110622844,0.0001667025073912577,0.0001829238904319882,0.00020101237252696612,0.0002084860683228176,0.0002259139237242189,0.00023714612515779595,0.00025569307292990857,0.0002742645665063709,0.0002940331668914166,0.00029849117370542267,0.00042305469419351167,0.00043909737137106075,0.0008275135402882632,0.0006695385780860661,0.0006817819457836955,0.0008021528257436816,0.000638027622061672,0.0013930159633161491,0.0005953957875814448,0.0009897075876663,0.0012820698158193863,0.0014999729936930693,0.0017995928055666481,0.0021129666236683322,0.0029366799463163146,0.0036170487000629224,0.0038275531498702877,0.004215338920640275,0.005521822184658896,0.006120961732593844,0.00605048953405104,0.006528468477743655,0.008027747715115356,0.009427516201518348,0.01011109842096447,0.009447270018409403,0.011059325729259988,0.014007208421593998,0.01642602973317929,0.015354929174909436,0.01533414550947322,0.017604223223381364,0.016113293281284177,0.020062815955393793,0.0205844261306387,0.026292533988183937,0.023926602764321656,0.02675512925003876,0.027118470746255736,0.028429329747267473,0.03406734822716002,0.03320057451851169,0.03539768511053736,0.03610461687779243,0.03882760949142089,0.03963627959316718,0.04408640589196062,0.04455959031172423,0.047543594598899126,0.045238062146651936,0.0474476884406763,0.05387453694320873,0.052604074915835915,0.0591484421737151,0.057236171526268344,0.05990836824549595,0.06152713557187285,0.06522397131020981,0.06888123807223093,0.07227601480490205,0.07365164823090674,0.07543842920451903,0.07845026509479999,0.08245372135225307,0.08497146136494828
22.424242424242426,1.0191736072749316e-06,1.9012224762811534e-06,3.2038049316099352e-06,5.0476672999152445e-06,7.245558928274329e-06,1.0050004113148058e-05,1.316922368674014e-05,1.6846946826850655e-05,2.0857731719895155e-05,2.5538516989948263e-05,3.029103381961279e-05,3.66543291131184e-05,4.1891660875551206e-05,4.7441099269915464e-05,5.5473094873464434e-05,6.173641011904138e-05,6.992800802409422e-05,7.838956817463857e-05,8.78780413989269e-05,9.637899128027537e-05,0.0001035931742816187,0.00011736192004592701,0.00012792073060857013,0.00013616356494656023,0.00015197850563092001,0.00015635352128290708,0.00017590627072924342,0.0001881954850315703,0.00020097672935051413,0.0002177807129284126,0.000231513377773433,0.00024720673115748105,0.0002645079055219129,0.0002741466897908185,0.0002951452919740436,0.0003178133115419854,0.0005054785352523265,0.00035926368245216544,0.0005540479243932928,0.0006493561038828228,0.0004934029352511814,0.0011386845666383643,0.0006402343778751849,0.0006563445000127725,0.0013154664598657253,0.0018571026107133605,0.0018865414897878245,0.0016335748346536477,0.002388715080761949,0.002752113364943719,0.0034039720749068033,0.003061220682039501,0.004061773214241863,0.003942278996437351,0.005639689581467321,0.006997849771450967,0.006320041010004675,0.0070464585416382935,0.00788280722578309,0.01050373791072522,0.010774347682893651,0.011971949362598459,0.013126842110488673,0.012285523013835127,0.013232893549144236,0.015203777070226457,0.01622106706584365,0.01688016949689502,0.01882250842669926,0.022671668555488193,0.020912518022440534,0.023374900000375284,0.02261490693085626,0.02459260571506568,0.029018156976142098,0.03379864914239854,0.030685164853556126,0.03211860486676038,0.03369564215415953,0.0386100136856561,0.040996645275702896,0.04078068119890969,0.04279839281015162,0.04289223128274539,0.04616294025713973,0.04839630715605238,0.0479897392575791,0.051665879929872156,0.05407741669707116,0.055342566463361664,0.0615951625981641,0.06664585426187165,0.062015757456930234,0.063265425397795,0.06994741728207142,0.0689130567424173,0.07670728487336945,0.0723734304801172,0.07166846998128892,0.07823666921520883
23.232323232323232,9.799194215709908e-07,1.8386218891359462e-06,3.119480696081808e-06,4.719939696328057e-06,7.042292357851099e-06,9.730058634954788e-06,1.274557810364126e-05,1.6415772859820637e-05,1.9971462485755282e-05,2.5066950937078857e-05,2.8717081354508945e-05,3.4951336096875894e-05,4.0369838619071016e-05,4.605039821525824e-05,5.3045344327198804e-05,6.107454595902792e-05,6.71803083128422e-05,7.461959308377342e-05,8.481495002376311e-05,9.12223924766555e-05,0.0001019467741006673,0.00011083246411632936,0.00012233620886441983,0.00013274041548581695,0.00014360978337289807,0.00015626514694442358,0.00016713193424959164,0.00018340054108818423,0.00019712837543924239,0.00020973120508688847,0.00022089847648981822,0.00023635909782814153,0.0002538407516025194,0.0002695696359522031,0.0002918206905489558,0.0003028699409955017,0.00032173021463214024,0.0003409478089420155,0.00036011609258747795,0.000726956120972027,0.00048337652165878067,0.0005117771321018861,0.0011287777361454854,0.0007975031794741179,0.0014294200549844008,0.0013671453023944681,0.0013037620683860763,0.0019307665610165756,0.001882244808477452,0.0031588217833361993,0.0027560375737531897,0.003461599773199609,0.004635190644182015,0.005240319587518667,0.004846644663208985,0.005625678557106317,0.006083974532009129,0.008805713876805482,0.008567587160933837,0.009673641541185704,0.01006746794173292,0.00994653158656006,0.01274694040035919,0.0124390757711372,0.014194753170388912,0.015474143383106412,0.016219609858733566,0.016346987667178615,0.019609520245653596,0.020847016902227358,0.021935248194818457,0.022931775827021435,0.024113249203660647,0.02421106876370774,0.0253321545471418,0.030490093800366037,0.03053873705728151,0.03190394257487826,0.033763926270594116,0.03445096537897069,0.03990627476330047,0.03890948884393324,0.0424240223506636,0.04189252759681865,0.04487915865968361,0.04633937448321826,0.05147503086507284,0.05153009437134365,0.05106360974398291,0.05583229488903055,0.05735312720538043,0.059327171043335625,0.059467371442553665,0.06645474909937746,0.06499090778160427,0.06513445282961994,0.0693962863720008,0.06787114168958776,0.07488900175832112,0.07565697056626605
24.04040404040404,9.60199735930307e-07,1.7959960378201536e-06,2.9937331628384746e-06,4.698296858418378e-06,6.7584578784149196e-06,9.32788260090966e-06,1.2356921136656724e-05,1.5695737449071082e-05,1.9337584031955564e-05,2.3619917262558232e-05,2.8303430571737288e-05,3.2688848124130235e-05,3.9197384955682536e-05,4.5336772372341405e-05,5.079752923031198e-05,5.8009920738235065e-05,6.516452771863935e-05,7.325602745784962e-05,8.124129384020418e-05,8.923567291149899e-05,9.834154857656379e-05,0.00010829406432609376,0.00011353382114400743,0.0001260952951526047,0.00013988697195426765,0.00015316631570912455,0.00016514906621701813,0.0001777809274826396,0.0001895099551694788,0.00019868430288811316,0.00021474802330421824,0.00022642099933712219,0.00024719247254790464,0.0002679834787676671,0.0002786832420757248,0.000455187870251729,0.00038861055595246,0.0003357962477076886,0.00041961230025993457,0.0004515405259844993,0.0006285344284254487,0.0008171055743218345,0.0007703061372096146,0.0009555669151140208,0.001373880655966016,0.0015635737174446566,0.0014233978128936954,0.0020417396349301114,0.0023021358069710844,0.002980210779836497,0.003412440043661482,0.002781539590708692,0.0029207671442025205,0.004979619584002826,0.004272653879434761,0.005675285516458647,0.006210395493531291,0.0076779973842252165,0.009165510305849204,0.008775877002046958,0.010326251553432584,0.011583012714367423,0.009697185953282887,0.011301826806148121,0.013242206841392027,0.013435249398092023,0.014564954602883333,0.016709010688825503,0.01876243394926256,0.018218793056599743,0.019436806796278714,0.023179022513433598,0.023231723958899282,0.022751727931387817,0.02768965103378581,0.026657339350600297,0.032506192826500226,0.03123172418286943,0.03525885533191975,0.03521584061119366,0.03666723122735857,0.03777329968734145,0.04151043002663076,0.03845968896742141,0.0431033404269661,0.04416147830965559,0.04363072103258761,0.04760171189202,0.05170739013332925,0.05333363848371327,0.05444625155047987,0.05366488282144479,0.05836126771298086,0.058300163974582826,0.06292922690494988,0.05840335763366387,0.07166071839233377,0.07073431614625991,0.07085974544884696,0.07092378120573055
24.848484848484848,9.153361952278175e-07,1.7527964310044177e-06,2.9013685294284534e-06,4.574984982289044e-06,6.660835501325391e-06,9.07360861792913e-06,1.1910097850708379e-05,1.5169291670604637e-05,1.877483346483921e-05,2.2839553021409604e-05,2.729117228358354e-05,3.26688457212764e-05,3.838409499307328e-05,4.164503116624096e-05,5.023168019976525e-05,5.653810704823903e-05,6.165504381066837e-05,6.788417678504903e-05,7.780980482556675e-05,8.553337990852399e-05,9.65531476167137e-05,0.00010451049471748211,0.00011474269284149292,0.00012587320412298946,0.00013625200587372656,0.0001455622503990019,0.00015539248836402483,0.00016951965535715678,0.0001824190417607653,0.00019371695497386453,0.00020755612145221926,0.00021987563450547726,0.00023669623643231418,0.0002517245865125268,0.0002740187106514793,0.0003625032966902968,0.0002997961273477653,0.00039425858642237136,0.0004926369790308298,0.000423730204076708,0.0006195566469364591,0.0005574312297675641,0.0008191515160741274,0.0013125242579608864,0.0013184177835886923,0.0016638788673893454,0.0016928813435998834,0.0021210913556398794,0.002290900140958005,0.002312816267747696,0.003322569634305191,0.003483194963841254,0.0033613375687641684,0.004416706180100024,0.0057361966952697765,0.0062335859786042044,0.005290303383980121,0.006795196118243393,0.006572122663457695,0.007073027463584165,0.010197835898752573,0.010077578593964283,0.011270554707096534,0.011491750668661095,0.013913933999439394,0.014258013418530766,0.015159209788051686,0.016925857963959668,0.01877039503885789,0.01908869790067854,0.018821895908598247,0.022413797429465088,0.021776722184624016,0.023705133212982902,0.026347540346377197,0.026151277774319782,0.02787210108080304,0.02779736701856793,0.032369124837570824,0.03318907366180113,0.037139110799869965,0.03719795332060445,0.038159450988582026,0.0381375289815928,0.04323301094988608,0.041047809751392925,0.04138785821008308,0.046798959598931836,0.049065767630061284,0.04933040238407404,0.05188693883077364,0.05683112274726786,0.05508436570216586,0.06199330889064549,0.05961200975373058,0.06244033521682088,0.06555731917327415,0.06949326614584961,0.07150674449943584,0.06914596607022667
25.656565656565657,8.876274185856764e-07,1.6843224763142248e-06,2.823083560304913e-06,4.335858999581389e-06,6.144455663955756e-06,8.651169321018099e-06,1.1526916317499633e-05,1.480498019131542e-05,1.811573360231709e-05,2.182056210917451e-05,2.678909686002367e-05,3.085037065443336e-05,3.564813494321687e-05,4.1894882158392554e-05,4.853358971626131e-05,5.4422746594436056e-05,6.0399803794835625e-05,6.833985775735822e-05,7.651045415388427e-05,8.418359531683472e-05,9.108347664133175e-05,0.00010001577644204142,0.00011144834923592537,0.0001195612162449605,0.00013196210026204932,0.0001387520671185892,0.00015458868291534246,0.00016412814082708205,0.00018167850223552737,0.00018683325164989267,0.00020339057817555516,0.00021641785178383967,0.0002307599924640673,0.00023835690869319857,0.0003337107234857784,0.00027424883942472954,0.00036612396552238865,0.0003037230128834028,0.0006345917882074183,0.0004233508790503427,0.0005041954909078482,0.0006155107890421018,0.0005512161206780577,0.0010340223251187647,0.0010651972530415878,0.0013171259849594566,0.001493211405429277,0.001676541238806481,0.002227043543750388,0.0033238496317092624,0.0028848356643039453,0.003213373038758094,0.003267440599535539,0.004124828963837734,0.004763918413012564,0.005353802687063965,0.006002660843978859,0.005544030688055703,0.008515861149706904,0.006974760420746422,0.008415857785571506,0.010527958902454669,0.010461708824252963,0.010938452957477762,0.011137936326042902,0.013944631249478232,0.014181235356381276,0.01463737618470334,0.017231250075829232,0.020016040677639905,0.020842842955250823,0.01978891356743639,0.021773333594583843,0.02316848854673245,0.025809294802125668,0.029175740865901117,0.02898294992227554,0.02819534092823516,0.03028136370951063,0.03161482812667582,0.03144233395152118,0.035319189307823844,0.03847112364329614,0.03925191321434144,0.0387446809452046,0.042377489747072054,0.04763834978912747,0.04445802597756131,0.04512030702110438,0.04875661911890172,0.055828908064123876,0.05281538495679322,0.058143838396452,0.052462799558759834,0.05599396532488088,0.06302727524419717,0.058909385238332855,0.05903521037373303,0.07090274745306711,0.06858925508073636
26.464646464646464,8.471439307054692e-07,1.581904786842475e-06,2.756239063310831e-06,4.365399494904069e-06,6.074623924454417e-06,8.372784275018486e-06,1.1103802708151363e-05,1.3860301821267495e-05,1.777046029785601e-05,2.1248262935474365e-05,2.56707033201116e-05,3.0259129593471902e-05,3.6596002166492544e-05,3.9955154298913374e-05,4.691192548036031e-05,5.274841348616568e-05,6.075431231900156e-05,6.624121626906217e-05,7.38454900921709e-05,8.230080831953909e-05,9.041791002779662e-05,0.0001001241518404007,0.00010772527340639902,0.00011676970208639695,0.00012647993522126117,0.00013678908246652144,0.00014928293577927334,0.00015769674988249326,0.00017225737646915686,0.00018356939548408623,0.00019542703785163957,0.00043503369486029797,0.00022595500389959464,0.0002387154915356351,0.0002567525541591353,0.00034358062011950036,0.0003576360183023139,0.0004543701590330608,0.0003907427257600269,0.0009216887184285673,0.000669352488775059,0.0006689545035222599,0.0011398267687384798,0.0007793883040165658,0.001029450667040394,0.0008994985445823967,0.001591442116860886,0.0016839278528388733,0.0027619274601674627,0.0028569185733911214,0.00257654047653777,0.0020110845936533403,0.002771670491291577,0.004288132698564337,0.004856565347358636,0.0057592218682003486,0.004732335616146785,0.005369445392018241,0.006757641158204246,0.008939884429811343,0.009031823790103692,0.009547825918584111,0.010345896895922385,0.012057942489592322,0.013275231728292407,0.011343575246580462,0.015375474004885132,0.015952683726535452,0.017372266285287482,0.01864336420941542,0.019825600964084793,0.02039246195407903,0.019271621968485773,0.023109047004877835,0.02349971609091109,0.02687882793318995,0.02672117492770368,0.030716028702355538,0.030011139979851612,0.033056911434537574,0.033963856998815004,0.034316057674623215,0.036176364997745535,0.036839153408563266,0.03783872607720575,0.04073858978590982,0.04242820456365407,0.04338121980538896,0.045839726903694665,0.04775962161348279,0.0499381954423503,0.05478562747951039,0.053186023011427004,0.053645751674252486,0.06040108280538859,0.06022119165004507,0.055790663659518416,0.06212866799700588,0.06624756724492346,0.06736917708357017
27.272727272727273,8.35548946555819e-07,1.5965158860644218e-06,2.6319674652219014e-06,4.136699810657843e-06,5.779833135482519e-06,8.263706821284411e-06,1.0606628160465595e-05,1.3870620321991633e-05,1.6851076522169262e-05,2.0873546960793635e-05,2.5533656084851135e-05,2.959221927421228e-05,3.413141258022774e-05,3.975123162372578e-05,4.5026181235618634e-05,4.998023710038914e-05,5.6500776443200503e-05,6.362432702209168e-05,7.168323749795904e-05,7.996410018556878e-05,8.70575731276995e-05,9.696228189310724e-05,0.00010494854740345886,0.00011443492445323764,0.0001239115852587191,0.0001341137691466082,0.00014213680649920887,0.00015476007988142145,0.00016964109370634634,0.00017890047988074347,0.0001908210259343207,0.00020435481220901238,0.00022389555294939422,0.00023020019563531623,0.000241279813424674,0.000401699062308262,0.0002815923407185506,0.0003684145029191309,0.00038036387206775036,0.00039644022082784735,0.00048426290198712855,0.0010883035377341579,0.0007483651551287499,0.0009750770861123895,0.0013660654197214584,0.001171827081293212,0.0015450749616895208,0.001415470400773961,0.0021681381853617216,0.0027814331471376313,0.002429693366570454,0.00251231646039687,0.0035788322429427823,0.004015431010828103,0.004491604428990611,0.003931509655795214,0.005847602327891365,0.006966346713658109,0.0073370224968824175,0.00788015516738968,0.007784906934188828,0.009687637126308202,0.009354013322757732,0.010877673083528402,0.01175446109078743,0.013138573545035377,0.01455632056676628,0.014769279640641807,0.015195641654934807,0.015434381431248253,0.01783261752549808,0.020093534763113367,0.02233467181473419,0.023250755212964377,0.023142695732197956,0.02502308477787137,0.027723203333013497,0.025329464419605128,0.030583034425323827,0.030603595687964058,0.030833798334530378,0.035093724829543295,0.035750781667456995,0.034501650188262116,0.037939285376370264,0.03878173385947305,0.040348915989980916,0.04264956193071977,0.04695717478596353,0.051895618078905116,0.044939581833962905,0.04948320373851262,0.049314947658512936,0.052373693216432114,0.05722421103702646,0.05921620113625347,0.05862500855581309,0.06426358863021744,0.06411797818967464,0.06258494355544912
28.080808080808083,7.984189003765834e-07,1.5189234120596442e-06,2.555133268127462e-06,4.086406350272533e-06,5.82003200055396e-06,7.798156881092065e-06,1.053299940976315e-05,1.382561760763637e-05,1.6537615438347434e-05,1.9986991828901633e-05,2.3986220071190933e-05,2.878383961255613e-05,3.3556944836386716e-05,3.8241780472934425e-05,4.428235905178538e-05,4.948394332319043e-05,5.486757796248818e-05,6.150276914592936e-05,6.791234856015231e-05,7.689340332988331e-05,8.091441175408252e-05,9.271130953788424e-05,0.00010186214993067737,0.00011273808517335298,0.0001234497121024029,0.00012928888268991235,0.0001417563476400264,0.00015098106131279253,0.00015946659529385865,0.00017547004806216674,0.00018336311453636317,0.00020083704638591197,0.0002110343214870419,0.00022554284629970028,0.00024063706475276555,0.000247856807957242,0.00026650147472170155,0.0004211593647290282,0.0005079883345395718,0.0004595224137016707,0.0003998788505187252,0.0004898485191837366,0.0007878442583869783,0.0009573004919648818,0.000989818828998845,0.0009793592889869231,0.001635278724572976,0.0016587469568599947,0.0017551143131497103,0.0022511418850784163,0.0028720235560681004,0.0031706234914182846,0.002281842599171362,0.003860171135739111,0.004177363364711858,0.004384719006620551,0.0056066011009316226,0.00534031904557846,0.00826994426789318,0.006891496096292836,0.008284339626590323,0.009080747589773454,0.008738100443978356,0.010932542120719212,0.012095789141443575,0.010526716750887795,0.014383814321399131,0.012954075745949374,0.014652723975080483,0.016480870830012317,0.015809617905533816,0.017385413638634297,0.018836285513191223,0.020227275274824832,0.023335057470311595,0.02283513865571637,0.023657584610527624,0.025641405981813806,0.02666133374964714,0.02775820834858488,0.02991131948825672,0.03375509609856961,0.03326149673477767,0.035492711529041605,0.03700711306093955,0.036834328782707544,0.04152632707081494,0.04095111064349671,0.043683441141844144,0.0488614334390713,0.045966781186241853,0.05015929252214774,0.051543944645655745,0.05168149836954606,0.05460198722767538,0.05267054256242848,0.05668502658168703,0.06278305944966209,0.059617307017806424,0.06545644332992565
28.88888888888889,7.85983495604765e-07,1.4748499095122929e-06,2.4970772905078972e-06,3.913594671513034e-06,5.766394792598752e-06,7.822747254438627e-06,9.87895614909605e-06,1.291765477256877e-05,1.617466828506284e-05,1.9747065077234884e-05,2.35720825516138e-05,2.740244429835195e-05,3.2620675401894375e-05,3.780733876076278e-05,4.3126876036564674e-05,4.808305080039299e-05,5.4561450626068674e-05,6.0410683053915945e-05,6.872304892384823e-05,7.411116421671601e-05,8.063795145736524e-05,8.883124121266996e-05,9.744348935173372e-05,0.00010772857158717368,0.0001158803394434666,0.00012665664523295165,0.00013393649184776716,0.00014723855535199307,0.00015337049840694178,0.00016776061171479197,0.00017989315442642576,0.00019870431262381322,0.0002716680304205064,0.00021942882831601577,0.0002339921197638631,0.00031737144035488384,0.00032615702043762516,0.00034739057979957873,0.0004945530655951794,0.0004431344302861291,0.0005266373470332794,0.000610244419725481,0.0006364671561367286,0.0007231674627885874,0.001224636272111799,0.0011594469567451902,0.0010466504918666044,0.0018348561712927727,0.0023919438168569893,0.0026848431583846376,0.0027130748630318615,0.0032040856817326267,0.0035030720981818497,0.003931247045208961,0.00410109681061152,0.004392638601147886,0.004675201435683904,0.006089268877917408,0.005827243588354502,0.007098326400454133,0.006914213526409048,0.008273304946884467,0.008957318700658535,0.010674861707625884,0.010599919001147465,0.012608226743669973,0.012025342644056636,0.014006857697553502,0.016221496128592566,0.01615370353611199,0.018089708643120407,0.01889429691294909,0.021838446947851666,0.021601212001315994,0.02201698255233929,0.02217644574883654,0.02373565679957307,0.02735787817441165,0.026240166816876756,0.030121424343762616,0.03274739327831298,0.03303497442768638,0.030501324151249468,0.035111905208084576,0.035986506254902434,0.03756874358188245,0.04063950116661637,0.04224858173970589,0.04231289248586223,0.04160147521432931,0.046259284739426566,0.049951107938684215,0.046888716930015485,0.04588254957773033,0.05143254432268192,0.052942499698768596,0.05628746023088894,0.05652232766073957,0.05809989535349807,0.06521533000753568
29.696969696969695,7.586331856253223e-07,1.4191947194197634e-06,2.4457169568150962e-06,3.802228114708975e-06,5.473481822602085e-06,7.51912027245054e-06,9.844377033996549e-06,1.2519394835109884e-05,1.5783094239164274e-05,1.9186523480202984e-05,2.249132657417244e-05,2.72300852072615e-05,3.165103362452783e-05,3.608664143875372e-05,4.039520740089641e-05,4.606540470933151e-05,5.3539386470002956e-05,5.756724766464576e-05,6.524365024280438e-05,7.390913970177981e-05,8.037636095570572e-05,8.724171247998904e-05,9.366157524049358e-05,0.00010462003952644018,0.00011320266473025269,0.00012685309789170135,0.00012921128645682436,0.00013963482790413536,0.00015297337525305399,0.0001657358776357192,0.00017425829033297345,0.00018772521343214034,0.00020130230933630174,0.00021685171907872926,0.00022676001050864967,0.00023685025442799366,0.0004537889226925802,0.0002687739131570844,0.0004077629530003465,0.0002917147787673402,0.00031203476093024735,0.0006714794885566928,0.0006713942559678693,0.0008911669545060359,0.0008437193980151001,0.0009984817229282135,0.0015609902703335398,0.0015725932653516941,0.0016019878032048631,0.002285574782117201,0.002515264787765585,0.0022551943155387543,0.003336277101384753,0.0038291388823494246,0.00393345684137156,0.0051412658590757115,0.005370175074120974,0.0049208418420569715,0.007235527296001702,0.007315468293570821,0.00801474742164296,0.007979968305397392,0.008527226467722335,0.010999372053660942,0.010367790282038386,0.011622929361690702,0.012934775378219809,0.01384557306347931,0.014545173547558857,0.0145126751684488,0.0158907258021822,0.01934676482683798,0.01833479921256614,0.017957675587392464,0.022582793651924983,0.02136693019407595,0.023887000905771033,0.026896008367664842,0.026479867026023066,0.030008588681365075,0.02801767711941626,0.0302543232262162,0.03128172839365669,0.036030903127691305,0.03435619683813746,0.036586582677058714,0.03927491301625842,0.040718131188906846,0.0428051991808933,0.04354853978215394,0.043275300248915446,0.048545852480027636,0.04728821349454237,0.04762533667880471,0.05444602779706643,0.051707837287365416,0.053260994430380584,0.053628576705274045,0.05987022722889684,0.05941195513573785
30.505050505050505,7.41933548394293e-07,1.3851942526245684e-06,2.443803689428586e-06,3.611236520359182e-06,5.358079913410585e-06,7.119082129081945e-06,9.756586485909672e-06,1.2455278101140588e-05,1.5483293015974352e-05,1.8319136847637394e-05,2.242243726167853e-05,2.6484810506855498e-05,3.0941231126842987e-05,3.515255477175997e-05,4.0467562801077806e-05,4.55185319204772e-05,5.019182184831343e-05,5.718803039922684e-05,6.61602579291749e-05,7.019112854256784e-05,7.754349059901379e-05,8.539904483814698e-05,9.378502190186316e-05,0.00010127520607885732,0.0001094459399678263,0.00011898881961653269,0.00012958440483818953,0.00013553508627083363,0.00014729019587943396,0.00022642584880072967,0.0001747517741317727,0.00018365335105371367,0.00019248558217337922,0.00020524545509880898,0.0002796634782058552,0.0002322663260456916,0.0003719973280140778,0.00039206519402862464,0.00041017893812585556,0.00035574090607124164,0.0004906386603782275,0.0004542513463131994,0.0007287043179704709,0.0004943411390007887,0.0008244855075933952,0.0009807182969640595,0.0009316764458524538,0.0012724830487700317,0.0016191315780833854,0.0016994039556839213,0.0019128657682672297,0.002770686741903274,0.0027945416630218503,0.004274071321863352,0.003289477557294967,0.004544792230643863,0.005021155035522433,0.006048290729369599,0.006188633440488645,0.0074032933879527515,0.007416926889825573,0.007475239892390877,0.008665040082775561,0.009468038192573535,0.009768897811053126,0.01230230168069382,0.011821913682104068,0.014014648131480522,0.014154089014045914,0.01533006194807635,0.015293068383400521,0.014845269280299458,0.016780832359044925,0.020082085881839528,0.021611831619080084,0.023703182363392035,0.023887338156807485,0.025769549305674273,0.025576184914914247,0.027843161203178226,0.03150903347285466,0.029680458352094093,0.03296584388152775,0.03411738293319591,0.03548680318009877,0.031934627083697556,0.03823865682129993,0.03760809243901762,0.04051104403689842,0.043269983802150934,0.04210406260178102,0.04246089875040328,0.04444282327056457,0.048934259360036814,0.049354357536587776,0.05295890653971674,0.054897465515972,0.051349123305546765,0.056352970351676517,0.05470479391061954
31.313131313131315,7.234008154075853e-07,1.3675626779036464e-06,2.3102452618713852e-06,3.5882013852618146e-06,5.348408291969931e-06,7.158771175895798e-06,9.191230943854371e-06,1.194776902112504e-05,1.4901841083179324e-05,1.781362676199685e-05,2.194463262295821e-05,2.5310197111624948e-05,3.010924612777757e-05,3.4849110453834614e-05,3.927829525507187e-05,4.462671509998887e-05,4.9283752142355284e-05,5.500805256765386e-05,6.12050966804625e-05,6.891325479835266e-05,7.65939517170734e-05,8.508630985610843e-05,9.276862937687691e-05,9.583874634874696e-05,0.00010544859076184638,0.00011570060006173003,0.00012811327281787467,0.00013720617745073625,0.00014626798097796203,0.00015785108404557945,0.00016513892970839193,0.00017314570530926413,0.000190967765445286,0.00020113564114805676,0.000281354046840039,0.0002856267326028713,0.0002966235050020483,0.00025112463220402164,0.0003365314360962495,0.0004776039683230421,0.0004906026738630283,0.0006949296229573423,0.0005195243546809773,0.0009179278897652547,0.0008004965358902851,0.0013399300842699084,0.0011667280621569564,0.0018049087841146508,0.0020922667370678184,0.0017212957914381356,0.0020666950834419776,0.0028942170390235224,0.003990013255933948,0.0029258161534011814,0.00397217249286884,0.005200068002216389,0.0049777832240307475,0.004856835072029252,0.0051929001157798565,0.007632582799217688,0.00817782350756274,0.008995770548856585,0.008347668286438596,0.009361056947751446,0.009467363046173096,0.011866751143654762,0.011718963346596169,0.01263812920364131,0.0143299871028209,0.01568541665083065,0.014859057430244986,0.017609857223941396,0.01734760110364302,0.02027471898728797,0.021046262899521766,0.02186240966936508,0.021700769939462485,0.022429520489438956,0.02696694848079932,0.024469287409381885,0.030073641081209804,0.02902685840394837,0.028349187766425876,0.03275297482915363,0.03414855509844427,0.03735504675962421,0.03640430801831922,0.03891978079518908,0.039554864552168625,0.03930493029484663,0.040586565740442046,0.04322167841880807,0.04535263384926097,0.04621348798191061,0.04951832571705752,0.050046855612005434,0.04981695003866932,0.05343208269263253,0.05288090260801859,0.05772438587740205
32.121212121212125,7.20121926363634e-07,1.3467938528992512e-06,2.2672253638300977e-06,3.5419112033422737e-06,5.0986849586408734e-06,7.035752973870641e-06,9.011389652011512e-06,1.1651203242368662e-05,1.4475928441599056e-05,1.7913665050908058e-05,2.1822236998394707e-05,2.5303663011882864e-05,2.967986983991235e-05,3.3719939508900365e-05,3.7606771710048226e-05,4.360169705759249e-05,4.872046774943868e-05,5.499693881860455e-05,6.058370034643693e-05,6.637392140791843e-05,7.406673200889248e-05,8.072272960848186e-05,8.87065533494896e-05,9.636248941396877e-05,0.00010185387973890614,0.00011271282022095504,0.0001182906474800582,0.0001296444005735732,0.00013746034721449555,0.00014982667044378684,0.00016255766196441739,0.00017398315964625127,0.00018401033984904232,0.0001967910360641731,0.00020990636770343665,0.0002802453406619227,0.00023418673602284602,0.00036954981407419016,0.00038436709478608516,0.00027684001501141126,0.0005433786267748049,0.0006109424810520777,0.0004462204012718944,0.0008881841600600394,0.0008461220094946651,0.0009929088129484991,0.001128188466562644,0.0012570825155688156,0.001835978288163161,0.002044265227310521,0.002993012847539645,0.002324396750742126,0.0025784626479727407,0.003230824828218564,0.0036966815590129486,0.004205165081615106,0.005446094775204273,0.005102574187942488,0.0063015767130976215,0.007680255296155215,0.006873897721116977,0.008290569661810403,0.007537009351577942,0.008990655885053558,0.010102399056596323,0.010056397792966737,0.012485441432790428,0.012896893993545593,0.013759718138024814,0.0141304600098803,0.01634379948373973,0.01625372342224896,0.01595693500686827,0.01858866197052364,0.0198558462721535,0.021361641492556233,0.020726992712593505,0.02503356513723306,0.022586794847232732,0.026182197042187102,0.028240164944462378,0.029706365214523953,0.03015129079373404,0.031062475842275093,0.03167396206973182,0.03390193732478054,0.03458128583319243,0.037791205299886874,0.03970986897677429,0.04209089789295575,0.03957247759118961,0.041321982261395704,0.04335646271584671,0.04534080259498046,0.046999617138851736,0.04660529957967349,0.05175220626765364,0.054089391952668014,0.05217673464183649,0.054641961529754916
32.92929292929293,7.042810088177417e-07,1.267353633528541e-06,2.2354132924228284e-06,3.39818342913388e-06,5.032319259510402e-06,6.8025216646969865e-06,8.933030125091216e-06,1.138798855053706e-05,1.4092374536478214e-05,1.7825128834736956e-05,2.063853170239034e-05,2.4433861276004544e-05,2.852773336551537e-05,3.3071674441000493e-05,3.649699252462468e-05,4.2249553482786846e-05,4.7715171496499496e-05,5.279139531238799e-05,5.8256183046379296e-05,6.615596911816388e-05,7.333081521184795e-05,7.793620496076377e-05,8.56871784461268e-05,9.298568217002571e-05,0.00010238511836613466,0.00011220257806104437,0.00012093809277854652,0.00013214749588065598,0.00014212241822645394,0.00014590705704468627,0.0001626757785403624,0.0001707196716223776,0.00018182460370627993,0.00019105885522223447,0.00019881882877466537,0.00021779277194754307,0.0003521251901693564,0.0002426875987153692,0.00043748656854500947,0.0004510469855161921,0.0004612267524664854,0.0006650737226109441,0.0006698225578017789,0.0008198055414284664,0.0009491631115057348,0.0010676512814575174,0.001221593599008243,0.0015359925273398264,0.0015557953423545265,0.001630208618389614,0.002086323643443677,0.0022810384010837352,0.0028337109285786377,0.003577015645960542,0.005179345380430238,0.0053678729086204585,0.0046123349843057125,0.00612167536580456,0.0050627305724085065,0.007252993518701432,0.006734918079822605,0.008069790111916043,0.008594659268953345,0.00866048853730435,0.009123352180204141,0.01178675857210492,0.011454670973251011,0.012844448804505334,0.013422783551002413,0.013002829782543307,0.015222072607655093,0.016093272097270978,0.01637484087567306,0.018957897587781537,0.018128616299028757,0.01979559311606628,0.019404117787503783,0.023977435871186992,0.023236611098468366,0.025482042702978002,0.027695175328220006,0.029943452635811947,0.0279241549729179,0.031871623763091016,0.031212801086715234,0.03401003999156448,0.0337629822143812,0.037910819172291985,0.03778604748922538,0.03785944617582919,0.04046955771921114,0.04136874255416357,0.04328625746650951,0.043329631135415526,0.04659823817868027,0.04812167043906104,0.04883411985218564,0.05296211262523648,0.05186558716269928,0.05361986509423585
33.73737373737374,6.908577138144342e-07,1.2441026233473502e-06,2.122695501743568e-06,3.3464857963716092e-06,4.820266651087929e-06,6.44341095087904e-06,8.79043247216657e-06,1.0988871215610654e-05,1.3622552746197413e-05,1.6896046975675332e-05,2.0145876901244053e-05,2.325645276922228e-05,2.7342738039231397e-05,3.179723785767037e-05,3.683496245532985e-05,4.065324408953335e-05,4.70301346924257e-05,5.162278980395489e-05,5.832673860065148e-05,6.442400369766131e-05,7.154130279469311e-05,7.677256518894475e-05,8.355911756469086e-05,9.229093316955503e-05,0.00010016799520384158,0.00010748927877364496,0.00011283948011338642,0.0001297176409955302,0.0001355696893888576,0.00014357467395900687,0.0001547859380129924,0.00016535657807728615,0.00017288634371142613,0.00018562966971272566,0.0001913799042641283,0.0002098869407720666,0.00028157858200688295,0.00029842980174087807,0.0004280241948956439,0.00026459496835920185,0.000337668660572297,0.0007613198274059995,0.0008284899029588862,0.0007330349408994914,0.000863976949174133,0.0009418186806012142,0.0011371764707920698,0.0015696756168172143,0.0017585729842171272,0.002128298080962028,0.0020253562536961746,0.002927700498421151,0.0027104978973973167,0.004073161218027408,0.0033768155840474727,0.0041103222772091545,0.004371482572274246,0.005224945072980065,0.006106288333440724,0.005718651295298227,0.008677587011812213,0.008701012087909197,0.008356817185985296,0.009155614719449215,0.008761156782729436,0.008548401760324776,0.011528053777992436,0.011508965088116043,0.012872106948636596,0.014585776203639782,0.01590303155929538,0.014420539748401353,0.016592295329076565,0.01640880378828972,0.019946178084348537,0.021153348019872106,0.02241896718821172,0.022654916320462855,0.021483255766377184,0.025303437131752874,0.02596041254099556,0.02824686629159018,0.029594715130166833,0.029043618080480168,0.03163812385377197,0.031795633743958114,0.032411314592904264,0.0353769224501262,0.03430504773667898,0.037959595651653626,0.03965928970922203,0.041395104873666586,0.04414495322975275,0.0442331349802035,0.04521698933351863,0.04335442217005976,0.04878289252889799,0.05072640951909771,0.05161775838363317,0.05469281650906586
34.54545454545455,6.490209424838109e-07,1.239702820741323e-06,2.074627779951443e-06,3.2631898284387727e-06,4.754484967329671e-06,6.587499281977148e-06,8.551284590573482e-06,1.0938306740307998e-05,1.3526359040978713e-05,1.6354847514018197e-05,1.9705143079654253e-05,2.298873418389144e-05,2.6804772775660702e-05,3.07198753912736e-05,3.468421618200986e-05,4.1240725167373813e-05,4.5508714770966805e-05,5.230374634633232e-05,5.5866216858460426e-05,6.131652784150246e-05,6.859007348306633e-05,7.421792092436858e-05,8.312582614210911e-05,9.170912662243493e-05,9.565114863971817e-05,0.00010292172213880157,0.00011450596470646967,0.00012117903843527906,0.00013114026180402415,0.00014206182576665443,0.00014937384116661665,0.00015870033149245312,0.00017209752587320714,0.00018618450494469084,0.00019347051092807798,0.0002113788546684547,0.00021698986686927163,0.0002289616516353587,0.0002979417404729816,0.00037167259718055634,0.00032539137363279334,0.0004603560724341877,0.00046583890121798576,0.0004921388254277356,0.0008995945125281579,0.001085035812781706,0.0011574967528433689,0.0012408794083851088,0.0015365357976846565,0.0016780588321425672,0.002599761341574266,0.0022243540910264303,0.002120464676943426,0.0037443039581140395,0.0027970968696577783,0.004071046369319244,0.004337271443057512,0.004461406182424579,0.005578978472142364,0.00668886019395149,0.006313500210851878,0.007071940827550209,0.00898023970232779,0.009270362616265309,0.010284077221709325,0.011191823835298997,0.010018908295609133,0.012078636021853474,0.012643358891694564,0.013430272739573266,0.014724180920715469,0.013975641164719254,0.01601393737908024,0.017107000192348034,0.01899983334426029,0.019691445077496775,0.020516070136594646,0.02154534100924544,0.02170896490455363,0.02320399159920382,0.02561523756442862,0.028394358420138918,0.030558169848422877,0.03096953139977992,0.029240653715270064,0.03360970112908662,0.03221514796865697,0.033697110504671834,0.03656865464022937,0.03617145354177909,0.037029057721514325,0.0376341360609652,0.039885790444687735,0.04279497275272688,0.043967140175152006,0.045792410178340265,0.043372350072996634,0.049572897339305234,0.05166215263361571,0.049354143897273814
35.35353535353535,6.420762247562485e-07,1.236705172584203e-06,2.0297463260186923e-06,3.173774506243489e-06,4.5716509108243365e-06,6.352058250023454e-06,8.474505093723774e-06,1.0351647112605642e-05,1.3313295599861086e-05,1.608341415887021e-05,1.9076398794181626e-05,2.2252445364521185e-05,2.626409051627896e-05,3.132569657836116e-05,3.506787569251012e-05,3.939922758710639e-05,4.350941297770008e-05,4.9238459265500764e-05,5.4769283668135785e-05,6.078683395502807e-05,6.688343714574288e-05,7.406077429026682e-05,7.808190393379658e-05,8.81056367796933e-05,9.373037845300858e-05,0.00010110047826892909,0.00010819029014169029,0.00011953060507396497,0.00012917999540648068,0.00014291267895522606,0.00014785934322548048,0.0001571717057896417,0.00016881512778360195,0.00017605854566170702,0.0001893660203007303,0.00019972498039150612,0.00021420919053077877,0.0002782620263900981,0.00023418868864387852,0.0004200684736808393,0.000435423255148382,0.0006207995736779017,0.00040212448567557047,0.0006997117680240484,0.0007703915466400212,0.0010686241992161492,0.0011843142639864398,0.0017126210186345762,0.0015649115057988195,0.0020817567286969436,0.00210040623752506,0.002560843882186951,0.0023105596571421994,0.0037222709973931413,0.0038555847378656965,0.004279837976896453,0.004176763133100744,0.005586191858262661,0.005241603082108001,0.005508119500433891,0.0066888408442561526,0.007500815174384468,0.007543330290048293,0.008071070326940879,0.008454903919254906,0.009761684401578392,0.009469488391863507,0.012673411821742957,0.012612348766138405,0.013363395846568892,0.014524452561714767,0.01582098027809526,0.015505295002364299,0.018863186541411565,0.019030484842949315,0.02037587548492199,0.020738662879583487,0.022982816641593268,0.01995735609770205,0.023588790443277902,0.025775067500781564,0.024693145361419713,0.025354833847797766,0.029348001936649906,0.029233440216026002,0.031966380413582254,0.031622100701270375,0.03266558572456996,0.03389653113381848,0.03598408908195852,0.036111898767279466,0.037973320610828844,0.03949872366330236,0.04031339025176842,0.04215706691701696,0.04276102665701721,0.04900526155196265,0.04504565309543176,0.04677268919595055,0.051106082194256566
36.161616161616166,6.302041823971277e-07,1.1759983262959583e-06,1.9879209947683578e-06,3.0145153252551552e-06,4.409421542506718e-06,6.3375704438042e-06,8.268993416587035e-06,1.0513764115203744e-05,1.3054591801183629e-05,1.59490573824197e-05,1.9336317176368807e-05,2.1802973049797478e-05,2.5528070799118596e-05,2.9694713772633836e-05,3.414374151057712e-05,3.9022965020451536e-05,4.3447989338362494e-05,4.898307548894278e-05,5.2978137206938214e-05,5.8188272758158066e-05,6.429529576302055e-05,7.257886777957241e-05,7.818635116774643e-05,8.770717327737999e-05,9.084402265320139e-05,9.906272729334855e-05,0.00010760518463238669,0.00011644361927733229,0.00012437568814061705,0.0001343577134533381,0.00014087042482084145,0.00015382358402350478,0.00021684265012370497,0.00017270661191758706,0.0001840268484408109,0.0002545408526196131,0.0002079106836863524,0.0002742473774791743,0.0002885701507771076,0.0004114125209449589,0.0002594250728961533,0.0003803500224814684,0.0005026586445491703,0.0011314794166030222,0.0007585674432643527,0.0009329165650960263,0.0010575655454202533,0.0011741512361295307,0.00147478765306817,0.001534727001438311,0.0022751453959248876,0.002403070528636745,0.0025282292515825225,0.002820085353877615,0.003335791863194906,0.0031721746697953228,0.004126242471736379,0.004805498139375623,0.003947317829538594,0.005124611482976486,0.006326293078660727,0.00691498193005194,0.0084683959878052,0.007677276289192948,0.008937639960801866,0.010104425855045288,0.010495378683705491,0.01111659693512429,0.012681245664156675,0.012835523460460461,0.013144943238783747,0.01514213746850279,0.015057863675736917,0.01736908683934439,0.019034778107649124,0.018755184889562983,0.019836764179665543,0.020934129391169645,0.021365802623590467,0.024058905002544897,0.025137901565501174,0.024806214506016236,0.029484874664722827,0.028935173598203006,0.028170373995512716,0.03068091644634751,0.031097023793090955,0.03234198670510224,0.03501220901889308,0.03455617594942631,0.03463607900918334,0.03850309902781518,0.03852263990698118,0.04290146483169724,0.040807950431853215,0.044983302140798445,0.0466651369770887,0.04705696139670304,0.050552767169435416,0.04566553599282389
36.96969696969697,6.2947809397331e-07,1.1639775737284187e-06,1.9477475990264757e-06,2.9962295607788755e-06,4.38561936473534e-06,5.953928017790989e-06,7.977790538947513e-06,1.004555192544771e-05,1.2350700593380281e-05,1.5210669571758217e-05,1.856869417357954e-05,2.1905018759888155e-05,2.600944938462908e-05,2.9892483127891955e-05,3.283396163114405e-05,3.62155515484628e-05,4.364679934638531e-05,4.7301466235394564e-05,5.2731227643585935e-05,5.694279160188844e-05,6.452541329838436e-05,7.019036990048975e-05,7.718170307840677e-05,8.286424686554459e-05,8.866521048500529e-05,9.691085156832182e-05,0.00010831667369294222,0.00011508754936421493,0.00012266054118771283,0.00013070985300240445,0.00014024654833895043,0.0001484807963503708,0.0001608696181297884,0.00017123617503543467,0.0002879375252003395,0.000191291358244185,0.00020965655821872912,0.00021504623589271916,0.00033964378473896406,0.00039935315997421413,0.00036429285507690354,0.000427476129369647,0.00044271202800899286,0.00072016191547794,0.0006700401400277267,0.0010197983905130574,0.0009292286670001829,0.0011721503698742658,0.0014346169053703476,0.0023308159828854843,0.0021726538436040114,0.0026538934360378756,0.002686388310543196,0.003022222198656929,0.003033718144956115,0.0035451254632308305,0.00421757594665786,0.0038483080535070286,0.005795897963568013,0.004843647163517473,0.0072766263283508496,0.006926076671976725,0.0065797230493088105,0.00825422055879584,0.007867170544406107,0.010117346029871098,0.00986727670741338,0.010511749177330476,0.011462919034005268,0.012487197914752496,0.013903849426059373,0.0136590024320602,0.014477715235935938,0.017125362082401386,0.017050052015737782,0.01943153455406822,0.019217011020488832,0.018762326210236525,0.022421295178926465,0.022833904889296718,0.024145814930488937,0.02342370612973623,0.02498446306554222,0.027365868207888257,0.028781003569056395,0.028887642310271144,0.029840495162091314,0.03309753537315955,0.03226468321327102,0.03516131443794576,0.03808208773106446,0.03576073570654025,0.03761295943896848,0.03882733371676679,0.04056191360863497,0.03965847002684933,0.04487571802128652,0.04601135382290778,0.04691521694867993,0.04861458024256128
37.77777777777778,5.962190222160733e-07,1.115988219964076e-06,1.9423264022436946e-06,2.937346604076167e-06,4.444571482303568e-06,5.800117823077854e-06,7.711699251549175e-06,9.949031220136854e-06,1.2314086735835678e-05,1.5016695098643837e-05,1.796007912149807e-05,2.102080896688946e-05,2.4682974821625485e-05,2.882866669307167e-05,3.177844091194636e-05,3.666780255933248e-05,4.125100432379854e-05,4.589049733940785e-05,5.233110114288513e-05,5.686736701878878e-05,6.301865946579989e-05,7.014882869275939e-05,7.554879880706393e-05,8.16356120842631e-05,8.885177460662291e-05,9.558995339597773e-05,0.00010536603228924258,0.00011095907277302226,0.00012155647323855816,0.0001256439858154558,0.000138408240289088,0.00014823966025479614,0.00015649379577546387,0.0001646301496510701,0.00022773693119619988,0.00018483623803136368,0.00020035312884455445,0.0002711376686704454,0.00027214451427399106,0.0002876185545178245,0.00034759134026627486,0.0006291842851681268,0.0008444146717989536,0.000500619287570223,0.00071851782696023,0.0009933041342935454,0.0010039784664298119,0.0014432059435852307,0.0011991692545049455,0.001257697029618501,0.0020684090362325528,0.002247483149691288,0.0028956381794249097,0.0032657137221767706,0.0032860056294495123,0.0038383102916081098,0.004473761739702023,0.004541066410369715,0.0055122776010182875,0.00510520548403784,0.004995848424313319,0.006517843694972648,0.008485517675661714,0.008747989687656424,0.007813397546635424,0.009638121061950975,0.010700835921467106,0.0096447736007022,0.011253925965687287,0.013859842248412985,0.014494106187381142,0.013528492238485547,0.013820287509191394,0.015505635587346965,0.017805557637255238,0.01671002218923723,0.019947122243521746,0.018522241045473054,0.01983571650797634,0.02103237425832387,0.023718477011549135,0.023063062929828824,0.02550825486999168,0.02632401378735276,0.028568042414876735,0.029519954050006486,0.028634840392114592,0.031254141382558394,0.0316631462190463,0.03401959606743726,0.0320313944563286,0.035309883031708934,0.03746089008265369,0.03867816039999912,0.041329088193844454,0.04136641067813463,0.04161394841873732,0.04676467677744985,0.04431409917075454,0.047026152922663246
38.58585858585859,6.049681397865152e-07,1.1036046596391731e-06,1.8857559453655726e-06,2.9440559150139893e-06,4.176604472688417e-06,5.820799446608952e-06,7.613858339207897e-06,9.907074100975254e-06,1.2025317564929854e-05,1.4611791230127393e-05,1.7596732589257824e-05,2.1130693265895834e-05,2.4110157301857732e-05,2.7849191018236118e-05,3.201179001084246e-05,3.525434917600401e-05,4.161943616842034e-05,4.422442596215266e-05,4.870227071854232e-05,5.583358279458255e-05,6.311720821522455e-05,6.738996047091576e-05,7.130183496465114e-05,8.045430069545683e-05,8.638971616989921e-05,9.376551271845552e-05,0.00010102471750853055,0.00010922690673339238,0.000116527057267287,0.0001261694755852806,0.00013394198687522553,0.0001439613023877917,0.0001546108301206008,0.0001660106115947762,0.00017204837405932359,0.00018115034709754904,0.0002460106168750324,0.00025542293161708203,0.000324016567409679,0.0003428836337392721,0.0004508088502031672,0.0004096863034853373,0.0006268343031866296,0.000844551649538895,0.0005921843160242521,0.0007222377655594219,0.0011975462723946948,0.0011573884501003028,0.0013784931601203076,0.0017452764370116387,0.002193602819768182,0.001686404343897387,0.0022693187948270963,0.002896922888538294,0.0034991292426095675,0.0033925515895222333,0.003530690375620259,0.00404522268213649,0.004209896567372847,0.004994148140881732,0.005809577538804774,0.006464449061484444,0.007537028045856836,0.006779009528217967,0.009327433547139035,0.008769028975556672,0.008842812404611797,0.010656334499081549,0.011282836820301788,0.012709587242536296,0.010903496889210865,0.014053146119042844,0.014565807209165215,0.015930813127114547,0.01731417299124509,0.016134973749133242,0.019622126784798164,0.019569141468054302,0.02020041520954374,0.02257325652947827,0.02279976194109578,0.023636763262874005,0.025122090421706683,0.027077389219495672,0.0259621777602834,0.026161896384017832,0.028211437754587485,0.029770706157261816,0.031731877885720496,0.0337010715279977,0.03427418596128942,0.03361820592399233,0.0365684510015836,0.03773068696251012,0.04054060221197481,0.042105648265835474,0.04204294285205572,0.0423058471199857,0.04660608209092984,0.04827745220876719
39.39393939393939,5.716299142376906e-07,1.0963152986204493e-06,1.8356600329538712e-06,2.9011722658005016e-06,4.11686807288261e-06,5.903523228676501e-06,7.4457138865287335e-06,9.275339210790763e-06,1.1697527402426397e-05,1.4290561010892857e-05,1.7377627693466472e-05,2.0622191373656932e-05,2.4334855367790105e-05,2.7152337478290224e-05,3.078846296414841e-05,3.537595667537785e-05,3.9667376877071256e-05,4.5950024199657624e-05,4.885096684474463e-05,5.495407585344854e-05,6.0864022721677945e-05,6.514129969813303e-05,7.166906226576494e-05,7.817322571435852e-05,8.42635728398296e-05,9.272892512697389e-05,9.882679173059667e-05,0.00010575683332310484,0.00011227337464017675,0.00012711828348569156,0.00013428123830801689,0.00014098389518928984,0.00014622010677960224,0.0001592250291325679,0.00017215617377971205,0.00023303281737904717,0.00019058491781729777,0.0002536576600643273,0.0002645827649383897,0.00033145663071740625,0.00044276084570546334,0.0004979737316862627,0.000573356334829219,0.0005309219133438309,0.0008869953931479172,0.0008456160086091732,0.001070164301918019,0.0012907651579947255,0.0011994856492477148,0.0017227182985014252,0.0018801795600388172,0.001705665729030072,0.0027713698543032996,0.002635387790780007,0.004016138986496603,0.0037249274192584776,0.003998351885969924,0.0038517408185822772,0.004333102664348579,0.005505238525163434,0.005585920333551798,0.0075995359981065515,0.006292875378777508,0.0062332498258683994,0.010018523833798155,0.008954628061397215,0.00971715588217282,0.00979095714596483,0.009937737190051572,0.011591631074917763,0.012740972738486362,0.013439277200534372,0.014632797710899524,0.013883990489133578,0.014769972050218747,0.017237483668906088,0.018241725247345277,0.019819663123140846,0.02116792465403448,0.02125498972834913,0.021919479361573166,0.021550380240763053,0.025638622904192575,0.025645213563171013,0.027006506484078818,0.028539291636108265,0.030130457410314,0.031024783823115534,0.029890238449544738,0.03254666151876074,0.03270449498757836,0.03459565107506095,0.037333014307418956,0.037426978752295566,0.037615109466616364,0.039341871923543166,0.04185993305858238,0.04173586644411514,0.044984323896355954,0.045846274580750516
40.2020202020202,5.688563547049309e-07,1.0494670467682398e-06,1.7717398597613312e-06,2.776323589476553e-06,4.005582517442649e-06,5.581411183996429e-06,7.3386462770259035e-06,9.439644074822412e-06,1.164195590796386e-05,1.414043890894994e-05,1.6654748301062648e-05,1.937863333552723e-05,2.3175418289465918e-05,2.6607895130667842e-05,3.055583374962363e-05,3.4653666388971e-05,3.795558010779685e-05,4.423304472762451e-05,4.800209291554117e-05,5.385886191640299e-05,5.859592477483237e-05,6.42832409245702e-05,7.07813526566368e-05,7.798948760340707e-05,8.253358188935242e-05,9.144890731322083e-05,9.736683463127879e-05,0.00010627678632677473,0.0001138040345395523,0.0001223173045438689,0.0001306969926218851,0.00013626646879271066,0.00014809410718556477,0.00015745790340869893,0.00016752207435841005,0.00022250760585702548,0.000285920729617867,0.0002501496464903296,0.0002600946683544409,0.0004170996699262913,0.0002851595134143247,0.00034188711066367877,0.000550428045587034,0.000959435149461769,0.0005785569739328583,0.0005414399947517961,0.0009948234227188113,0.0009662203749478621,0.0011321936478294475,0.0015835250380255414,0.0016592465428236182,0.0018638725350464405,0.0019239041742010684,0.002248244474467186,0.0026467015164811114,0.003077927793660263,0.003970895930611144,0.00439464938021593,0.004983114452327687,0.005891366493809302,0.0059542702845453745,0.00563617677429241,0.007134016802504823,0.007277653254127006,0.008812419136671822,0.009049139458196844,0.00886127695404775,0.009928869397693694,0.011452745809822482,0.011514608373050381,0.012938811354600099,0.013080156109262992,0.015172470411223554,0.014556985016448693,0.01442976203966409,0.016821752088405664,0.0190477371607797,0.02013970518522416,0.019427963739429236,0.020320778279126723,0.020858501061299013,0.020490219324869885,0.025424896575661066,0.02428541024397945,0.025167708190006327,0.028561229039057036,0.027967660480561665,0.02917832961851086,0.030420701643394596,0.033851953296666536,0.033848956749395,0.033237776662446324,0.034696383780005134,0.03531227945455623,0.03797884530895503,0.0386338938890883,0.04106783753586567,0.03958193043226145,0.04328652928589249,0.044195933425088596
41.01010101010101,5.618488485392783e-07,1.0280398306836685e-06,1.7836029794944536e-06,2.7176005645525577e-06,4.047155647352111e-06,5.331285043827165e-06,7.225965859737608e-06,9.15281283196165e-06,1.1363789558865824e-05,1.3873223926050016e-05,1.690316801090034e-05,1.9737796017944805e-05,2.3160876368551782e-05,2.647238408625655e-05,2.987096481603635e-05,3.450740101414291e-05,3.7452411683907796e-05,4.2152353336979594e-05,4.652415751781387e-05,5.084920545586595e-05,5.6962185249637395e-05,6.338899231821558e-05,7.15337029445013e-05,7.539957454778534e-05,8.062367802459992e-05,8.843768450780269e-05,9.666491583923067e-05,0.00010217521817259557,0.00011409286140513974,0.00011683131450148374,0.0001299396270744607,0.00013342863811667872,0.00019186209717859696,0.00015483290696053658,0.00016282669412514964,0.00017095553417451618,0.0002308339541046922,0.00024451938957890343,0.00029911853909099566,0.00046002899199326305,0.00032421372776630496,0.00042728886853374916,0.0006885132315472627,0.0005555292360923895,0.0008048277822597443,0.0008715337773870347,0.0010357611173192993,0.0009426906663643049,0.0014014558665781298,0.0014526041018466998,0.0015142342222191202,0.0019283964517293184,0.001995437287608632,0.002424958622050699,0.0025145904880410335,0.0027119565515412673,0.0038320734448125107,0.0044942580145418435,0.004934738230933289,0.005394699941958345,0.004959416257108586,0.004994021506010178,0.00697340524334877,0.006991437667251161,0.007824846178213829,0.00832706727842977,0.00913548266362186,0.011017343863585787,0.01057942852223593,0.011838995684898214,0.01150571227367811,0.013297844274331939,0.013095190997490147,0.014591961937899422,0.015356795617825403,0.018000398315531612,0.01838364022489554,0.016980312609485165,0.019651245138306694,0.02071147642858914,0.020933643238667088,0.023666730238357435,0.022814511980193623,0.02350660299418078,0.025468117298256557,0.025359288541947307,0.02697976197665364,0.02894362729035437,0.030837890340614838,0.030977858746051377,0.03289294635686002,0.03383991311722626,0.03454215116749475,0.035856173074168086,0.03688682132470961,0.03971552148212296,0.03946266142678817,0.04240346615209115,0.043041875500740887,0.04476381874747145
41.81818181818181,5.453921836270904e-07,1.0224354128276728e-06,1.7153392340309429e-06,2.6927678392879795e-06,3.865937335989445e-06,5.530387417990391e-06,7.032441248818192e-06,9.004190668401673e-06,1.1126240824081812e-05,1.362727559452458e-05,1.6241846893061097e-05,1.8749650565618374e-05,2.198111281771871e-05,2.5289924622571848e-05,2.9486341371891284e-05,3.355264248515437e-05,3.739667851858388e-05,4.267535605394194e-05,4.669215958134727e-05,5.042969573930363e-05,5.651410133362702e-05,6.084878480692999e-05,6.902564801221585e-05,7.385664236657837e-05,8.005575854711174e-05,8.735468874844352e-05,9.195438649353986e-05,0.00010082637033753366,0.00010762623444519561,0.00011387594309820269,0.0001254049689596831,0.0001340015722741942,0.00013950392012630877,0.00014879496711790477,0.00015866038656410218,0.00016896858777919145,0.00018069915637089744,0.0001924354209201028,0.0003429935642679965,0.00031187312638619356,0.0003119617352560484,0.0005716104038279872,0.0005355053855719105,0.0005902565381091582,0.0005065780636588517,0.0009490940910185674,0.0010983792460706162,0.0013984317784219292,0.001788586874736074,0.0013879840058771285,0.0017271199438516395,0.001835251821719141,0.0026100346053972365,0.0027735355719906473,0.00270720821881727,0.0025768600739286877,0.0032981229008234593,0.003970585289936288,0.004498728848212206,0.00418835130785548,0.004960019431750525,0.006465258688817642,0.006340729475767279,0.007550699489161485,0.008407904105455308,0.0076932522766876826,0.009138157150509063,0.00898609117656351,0.010525602373030352,0.011425282354100365,0.013112132874219196,0.012695366659187763,0.013293936567626587,0.014917160611921174,0.015938500213236558,0.016171849445977167,0.016896507759485747,0.017873100280699224,0.020641054970388695,0.019408293606827744,0.02268623130108045,0.02103127889112641,0.022671607617810882,0.0237032154416293,0.024505783081921483,0.028418629243503028,0.026280002434733666,0.027362648206517258,0.028987983149930563,0.03212923253246912,0.030350194853029557,0.03334046072627347,0.03323236133794606,0.03454692716785586,0.03701998813756633,0.03627399159571098,0.03740874191499262,0.040822897967757135,0.04186187023844326,0.044041318784891634
42.62626262626263,5.256728919636543e-07,9.729590837330282e-07,1.6839085314395049e-06,2.5978214685111093e-06,3.889908750750622e-06,5.30216427611029e-06,6.856902989558822e-06,8.90802105298677e-06,1.0782747614383889e-05,1.337357056332646e-05,1.620015262378447e-05,1.8711648567220926e-05,2.140955592146149e-05,2.469530078605142e-05,2.9286247929116206e-05,3.30375011262859e-05,3.700525168607252e-05,4.099582390828469e-05,4.514017934652029e-05,5.0190949985468205e-05,5.5951135229023997e-05,6.002856247227042e-05,6.493354583282478e-05,7.215620162372187e-05,7.729153595538604e-05,8.57676481102821e-05,9.118900388161803e-05,9.99208297626836e-05,0.00010653038657068044,0.00011064833774843863,0.00012003808321712013,0.00013160996654621617,0.00013765742893149846,0.00014575435576440996,0.0001563465489684873,0.00016674247731415472,0.0002198863844397938,0.0002352877354298952,0.0002895726225749558,0.000296162882418388,0.00026672600769059345,0.000515385031042004,0.0006167547361327756,0.0006222795691072919,0.0007325538863541624,0.0007887992418036097,0.0008071925848779878,0.0014227520078714225,0.0011115187382337087,0.0011704759316729066,0.0018883112818273357,0.0021399959377369497,0.0020063902842575687,0.0027227523573657942,0.002858647313196985,0.0034035737535396435,0.003309400213633147,0.003764231961373195,0.005168027905838872,0.005040804272426177,0.004972131268288406,0.006100486136601614,0.005772825045621769,0.007241878146973714,0.007623461399580609,0.008100164804333392,0.009014505083774051,0.009408646387017574,0.01036026676767236,0.011136187653599437,0.011884915380734237,0.012051516968425715,0.0128458941693442,0.013252290979615987,0.013517279741007457,0.015176162034335425,0.0176531439421789,0.017065617207437083,0.018600693481435563,0.02025423056493038,0.0204082307251872,0.022251678043943634,0.02238637981455583,0.023172077681723285,0.02357268374403505,0.02561807747093166,0.026655032951970088,0.027695987785392492,0.028830800112880133,0.030717471048714855,0.03235297085941185,0.03285641285332827,0.031961096835256025,0.03516525727827017,0.03349743465688282,0.036791249723982955,0.03671138888233246,0.040937614788729954,0.04166260618324444,0.04254961928290822
43.43434343434343,5.233027446596712e-07,9.725777081761873e-07,1.652904028636685e-06,2.5865661577182262e-06,3.7620553963354576e-06,5.183276922623271e-06,6.607267347418399e-06,8.61529747988312e-06,1.0694149428868985e-05,1.3459238056848427e-05,1.548662518804001e-05,1.8227805765621902e-05,2.096049265212632e-05,2.497560760185652e-05,2.8200134871415415e-05,3.2123652557552506e-05,3.636864539371482e-05,4.108148239137013e-05,4.560603459029076e-05,4.92915339387559e-05,5.435892585670829e-05,6.052155810798967e-05,6.386434628732856e-05,7.106394949067168e-05,7.532152206593767e-05,8.35356995128708e-05,9.041506607923851e-05,9.702366870561788e-05,0.00010179601639116807,0.00011073270107737311,0.0001187999102418913,0.00012475955360611804,0.00018679081488531135,0.0001455434073330476,0.00015554014604852288,0.0002088858058791355,0.00017434409655366312,0.00018331388753350215,0.0002450703439491891,0.00020356694533876568,0.000352988614702769,0.0002785876021411422,0.0005144210165339731,0.0005247987189065828,0.00066796820588997,0.0008191343183021441,0.0009247596302322665,0.0012227334543876676,0.0013625132852580983,0.0012381034773606677,0.001476331712857908,0.00245842839842518,0.002420227818462607,0.0024481672431899007,0.0028040310664132705,0.003344304741687155,0.0032604894343313193,0.004284395445952619,0.004205486718449842,0.004692843146540533,0.004863364881116436,0.005753372849865961,0.0061307475350098894,0.006871508783210331,0.006984868718103456,0.007767646873266866,0.009819271155498169,0.009856017869754706,0.009172234296875071,0.010365554264126917,0.011596544959667844,0.012613676644035498,0.012690722550131843,0.013256161739919727,0.014924076810591743,0.014935990079672126,0.016524844661833214,0.0175215401862239,0.018135521086965166,0.018298244897955562,0.02026848846563747,0.021379629395106865,0.022948764847571242,0.023315833342671486,0.024178794342201694,0.025390103018624866,0.025664091979050306,0.02694808064390496,0.028092643324287053,0.02788557880292432,0.030793383801493365,0.031401863093607374,0.032992963030325416,0.03302301889271865,0.03468269808867778,0.035368437478362214,0.03820495233667332,0.03742094735795931,0.0389913787445944,0.042352471733876164
44.24242424242424,5.094784349530701e-07,9.557947882450519e-07,1.6275540745355446e-06,2.537495515338212e-06,3.6584555855500593e-06,5.179776029291291e-06,6.648919536857307e-06,8.581429877460007e-06,1.0483135629213307e-05,1.2486554927298305e-05,1.5532866060788108e-05,1.8293281801989352e-05,2.086859168022036e-05,2.4492803848839738e-05,2.7526120249008e-05,3.076439162580901e-05,3.5797229278374264e-05,3.911629904438745e-05,4.3988643218189594e-05,4.8568277241823174e-05,5.4522081921028606e-05,5.936319492442159e-05,6.380585102510892e-05,6.910465749123826e-05,7.412505361802374e-05,8.062785321282049e-05,8.588202463612929e-05,9.585581876355166e-05,0.00010250495044207324,0.00011044053219803391,0.00011497720295813796,0.00012364686237852505,0.00013751203931756817,0.0001414637112536108,0.00014975417364656538,0.00020424020122588994,0.00021362517985592605,0.000180855930516926,0.00028177911395200865,0.00028795136702355125,0.0004340018823218055,0.0004063132899062069,0.0006777579115670964,0.0006540663532407073,0.0006154487815599852,0.0007624126762354842,0.0007715670279965348,0.0008879596677517959,0.0010681459209291332,0.0016678496338302729,0.0019000466552956518,0.002181674524370963,0.0017942738962956114,0.0022288302960405426,0.002686352925204865,0.0028661676104837193,0.0035204532052095757,0.003749703898497174,0.004297951810017574,0.004809067799880499,0.005669746989418697,0.005331841928558133,0.00570022139893471,0.006755601891326037,0.007725612745951655,0.007244447941705444,0.009356895565865471,0.009144307272433622,0.009963130624100518,0.011306722967744098,0.011053420409871438,0.013268215695766434,0.012477620708006015,0.013836222687773085,0.013166757819033082,0.015554198450485644,0.016426545280520906,0.016912686505121427,0.018465092482752528,0.017751769408795408,0.020415306379282544,0.019845162272633842,0.021751692283321918,0.021711310398458198,0.022970408905370266,0.025280244220918666,0.027184545705834888,0.02787354660120186,0.025825435467846443,0.027835116007723572,0.02966599495412572,0.029749712550702315,0.03015948939993387,0.03166888018548446,0.035228972276249514,0.035887222098413725,0.03751894576346768,0.036361676570477196,0.0372214705524734,0.038051409211676435
45.05050505050505,4.951722393894256e-07,9.135006413714144e-07,1.6031589696572722e-06,2.5182139837999344e-06,3.5434930231391923e-06,5.0527846778495405e-06,6.454494798734396e-06,8.416215862609877e-06,1.0431155887467039e-05,1.2470217322278018e-05,1.4977965895479134e-05,1.7577897377973936e-05,2.05191985487988e-05,2.3800506869173755e-05,2.7496249206233248e-05,3.08227231789221e-05,3.43251329157381e-05,3.901059823579458e-05,4.295312265059915e-05,4.673588974864448e-05,5.307402609462761e-05,5.76121652465521e-05,6.301080276205093e-05,7.039140453695587e-05,7.586999350527707e-05,8.036684868907896e-05,8.469886310546163e-05,9.651749427481404e-05,0.00010285191191888692,0.00010698429204072966,0.00011765064320135696,0.00012494475809900362,0.00017510384659649134,0.00014026235601893001,0.00014953561628768455,0.00015334642669340707,0.00016914668980567963,0.0002674273353463253,0.0003179321049248131,0.0003250186565371639,0.0002557250657031563,0.0004821652483439129,0.0005867766579027554,0.0005963027124043795,0.0007397771275420529,0.0006637443882713427,0.0009368798347405847,0.0010335336603150137,0.0010915298344001626,0.0015508024721533518,0.0017766054455837284,0.0018420323149042886,0.0022600274109185166,0.0021734754035826636,0.00271342049730032,0.0029054932619536756,0.0027902741484781175,0.0038156221347384017,0.004291128591398156,0.004825647082448919,0.004848914821909271,0.005429275843487143,0.005912866883491334,0.0066006301916730166,0.006933057801442556,0.008480461890610462,0.0073282825424387,0.00924930315763311,0.00905798694680509,0.01183968228340186,0.012035936196375099,0.011147805438857161,0.013914365044658131,0.013253453329424406,0.013319512967989664,0.014855624509259632,0.01576280784543688,0.018743236286810412,0.017109310886189118,0.01837610015563887,0.02002638672181506,0.020095003276734583,0.022094217651642257,0.02356330707173592,0.023012654332120182,0.02472765381012535,0.025354427766032365,0.025082481759984294,0.026921373553602905,0.027296597477027593,0.02940213322117975,0.029495137079013113,0.033585409503935806,0.03446789996873734,0.032214719301678706,0.035042867466554675,0.03587151346802707,0.038520388209940325,0.03723488926804716,0.04162968649306613
45.858585858585855,5.034476256328281e-07,9.401030406731386e-07,1.5500256814989808e-06,2.4676452547915387e-06,3.6576586059064805e-06,4.82610113524344e-06,6.407352255057264e-06,8.056690163769905e-06,1.0237781348979492e-05,1.2505537429346847e-05,1.5061912664700947e-05,1.7182592800911795e-05,2.0197460926610854e-05,2.3580931026890285e-05,2.613423193309593e-05,3.0051242797725326e-05,3.384480644379701e-05,3.752119633920864e-05,4.171497942792516e-05,4.691938490887549e-05,5.1191044095869275e-05,5.733527817603476e-05,6.304728187444549e-05,6.82901913646046e-05,7.389705533364846e-05,7.829820351251176e-05,8.603774800977335e-05,9.301688625944653e-05,9.837205564670408e-05,0.00010671062235484938,0.00011654281805867813,0.00012294164240673618,0.00012978955922049437,0.00013864220266595047,0.0001445765710559876,0.00015406189576452754,0.00020636008320443254,0.00021502650417269336,0.0002697105532255497,0.0003265369634214199,0.00020905253945383345,0.00034573728882177405,0.0004794982029868656,0.0006219291710529141,0.0006392746484537499,0.0008590378401691028,0.0009671213086823933,0.0007620481031134452,0.0011675716574037801,0.0013099760311959976,0.0017113854420781531,0.001762947830637394,0.0018556677568980658,0.002612019746300847,0.002710188986168869,0.003113142494551189,0.0035145485666662323,0.0034479247842057453,0.004466004017247505,0.004026088662950836,0.0051917429792699785,0.0052330539499757835,0.0058534331625138296,0.006403492916504783,0.0065241895483050686,0.007867834330345781,0.008442459827108645,0.008764891114027357,0.008831243883045129,0.009862627386017947,0.010973558928007013,0.011434724324463755,0.013452976769921991,0.015834684977672847,0.014153985531971012,0.01462741278473273,0.015197217402665802,0.018095049420776575,0.015972391910750852,0.0182415914389723,0.01861328518488786,0.019387878040301086,0.01993758723597351,0.020993044948267814,0.023934545026630366,0.024640961558293845,0.025018349669498337,0.025489204045554277,0.027814875184968127,0.02790016878953258,0.028936045930807563,0.030868001818089182,0.030523957360262706,0.03244025138738867,0.03313894219023981,0.03425354572528648,0.037014277837800875,0.03590139296758085,0.03496066588973432,0.03769113842923805
46.66666666666667,4.814284833208841e-07,8.93704122343662e-07,1.5758663060159384e-06,2.47210003223317e-06,3.56015129112328e-06,4.873604174828766e-06,6.1625221241176004e-06,8.223004788011707e-06,1.0029288083009454e-05,1.2006213061701777e-05,1.4805638797648985e-05,1.7427300722570673e-05,1.9832648698645065e-05,2.249534706288286e-05,2.6412667628580987e-05,3.0213954999657134e-05,3.423228692645763e-05,3.767092858586787e-05,4.15191870058731e-05,4.643030807904054e-05,4.977046079522241e-05,5.4613322445886595e-05,5.98905939219158e-05,6.719731908143836e-05,7.17422600138873e-05,7.795174218986978e-05,8.409512205711511e-05,9.101435181236198e-05,9.589292457285163e-05,0.00010825106303640748,0.00010899758723067636,0.00011832556689570577,0.00012560931671087147,0.00017742892069038473,0.0001443501730339169,0.00015212376600023082,0.00029069068259011634,0.00016907358231346855,0.00026405128497586117,0.00027801876234533263,0.0002489647544038373,0.0004717749955175439,0.0004713559728013033,0.0006951249659657345,0.0004983030536640156,0.0007634886708851544,0.00047680346844771663,0.001043829482956237,0.0009288757247337728,0.001445152509888935,0.0012913549787219522,0.0018274384141628856,0.0018719184321574496,0.002184036119019836,0.002362241391910325,0.0034900276772703107,0.003081341574659364,0.00352241333204802,0.004018622714696957,0.004306691721477213,0.00428832392553468,0.006029210732541528,0.006055852535593154,0.0061805071854411,0.006770926557223234,0.007742402702161677,0.008403833292212885,0.008199595149767898,0.00916491877210087,0.010329143097656862,0.009881383921463557,0.012125796771023293,0.012278750658214417,0.013793141990053692,0.012646279303018156,0.014935765196530799,0.014339283715031173,0.01654929976870441,0.015771811026028797,0.016449958790264372,0.020690385125725994,0.017701595431481962,0.0202801875319499,0.021425245775581046,0.02204835199089576,0.022679184754994697,0.024247228926789578,0.025172167993152614,0.025719413353251223,0.02683721242885398,0.02771583636339515,0.02905444202035727,0.030151796520918674,0.030641095509925276,0.03230092108612623,0.03355867812880152,0.03398830807580669,0.03477284053907826,0.03625427990246986,0.03845454105357854
47.474747474747474,4.793306537981795e-07,9.018550033190246e-07,1.5471662640239018e-06,2.37206124391188e-06,3.4874596095598244e-06,4.747829689194103e-06,6.206084442496992e-06,7.865050509426541e-06,9.827423991654246e-06,1.2036626046097065e-05,1.4356792344918368e-05,1.6467672020708334e-05,1.958944820760316e-05,2.221771639314719e-05,2.5967903784080016e-05,2.9056949652405024e-05,3.241106407661508e-05,3.649999754954087e-05,4.034813652454609e-05,4.603675058936633e-05,5.066499558194968e-05,5.542225870848172e-05,6.029167059194333e-05,6.522433277731854e-05,7.057492065945519e-05,7.723409856336853e-05,8.301450059457702e-05,8.953204760391916e-05,9.561657539755403e-05,0.00010064413914064143,0.00010901462888732168,0.000118299448248894,0.00012337482227388347,0.00013245182815574242,0.00014127848003719733,0.00014894134306920993,0.0001605149798567652,0.0002046736765108211,0.0003024902200515097,0.00026999657703284376,0.0002774955263560944,0.00037659380903295683,0.0003440157071431118,0.0005255654281740906,0.0005346724551144433,0.0007110569040773345,0.0008351036580319668,0.0013573497587150843,0.0014046404285855236,0.001475898403855636,0.0016149486343470642,0.0017043156104283113,0.0018100828231873958,0.002240326347862636,0.0019868978548905915,0.002552331661670374,0.0036116812147226427,0.003077331895555693,0.003922332805971897,0.004362522835272947,0.004976335087292637,0.004762741426396965,0.0055069731077901736,0.006148366342885672,0.006202445837482378,0.007253262531050564,0.00728209518231309,0.00883377969102884,0.009143691864885312,0.009832389400049258,0.011447426013971342,0.010365530645381411,0.01133674323920495,0.011423290543884218,0.013944244605951074,0.013883171463425612,0.016114790415016688,0.014580967954712878,0.015790505438467026,0.01696266159529645,0.018370648261096356,0.019827764298445204,0.020382909794917536,0.018986139429210215,0.02000902636694592,0.024010222622321702,0.02437720127587747,0.026391770115337384,0.025446734706583506,0.026878435482791122,0.0281298734355053,0.02871535186482346,0.028223053096906172,0.03232469294410531,0.03322703622216873,0.03167936510724584,0.03577989272114043,0.03739550609254349,0.03777699057647279,0.039146695906233
48.282828282828284,4.7094019102823374e-07,8.749793616467133e-07,1.5151801035649865e-06,2.330642827455957e-06,3.3463111800817484e-06,4.801693583236949e-06,6.069358064050295e-06,7.718890119130784e-06,9.714354556338654e-06,1.178182346994454e-05,1.4265734646880913e-05,1.6770434422304587e-05,1.9472427821042586e-05,2.2129832447581995e-05,2.4537847091487693e-05,2.7979008194455335e-05,3.201198918847851e-05,3.7270990090731346e-05,4.0416727837843544e-05,4.56437003220037e-05,4.8298797440737254e-05,5.306986204122912e-05,5.948515691472155e-05,6.31754595420892e-05,7.160239476080394e-05,7.645094528273848e-05,8.022780867196301e-05,8.55335756726148e-05,9.41265785007343e-05,0.0001021481435911235,0.00010975527510654461,0.00011447148420397601,0.00012377073608977406,0.00012992221243035521,0.00014079286728457124,0.00014324161451080984,0.00015180204385713495,0.00020858392926522166,0.0002148983663708841,0.00034702407143543805,0.00023712089100477978,0.00032753000007435765,0.0004950130204745685,0.0007149443370759957,0.000520528410607504,0.0004138448081269878,0.000626179028220213,0.0009337769964876479,0.0011483108749432325,0.001399381743984258,0.0013779540161377693,0.0020046124456302643,0.0022717152947647214,0.002452911300972601,0.0028221893494520976,0.0032356960298213873,0.002821549589120636,0.0031552155125336746,0.0035786254095185144,0.004949829767282732,0.005871431067631234,0.0055408593111263005,0.00503836197923035,0.005924150259813337,0.005791397218783538,0.007428175817511613,0.00790264666723196,0.008416467714411567,0.008811755600271004,0.010263239568920937,0.010986257494137945,0.009787570691654182,0.013326946009908653,0.012653237148967064,0.014276301548450285,0.013257735823639129,0.015569831341800216,0.016139681363907494,0.016828564322263675,0.017046717162243874,0.017397957727121063,0.019732397904745697,0.019238264124187367,0.02027423936110973,0.02151226672397876,0.021864070195934338,0.02432346601317451,0.026464417087707956,0.02346870360451756,0.02612026076158504,0.028205681167674197,0.029291591424129824,0.031406710792555075,0.03138730112020312,0.03152147858808,0.03446139872789599,0.03329763849249783,0.03624567744737777,0.03493816183682541,0.03767731612117352
49.09090909090909,4.5310141784299827e-07,8.514792610269682e-07,1.4694795921796942e-06,2.2756050748115807e-06,3.2282240615560634e-06,4.50789083633064e-06,5.968299107483184e-06,7.585987196513827e-06,9.386550072377631e-06,1.1668297725429775e-05,1.345374166182112e-05,1.6336586202772075e-05,1.8896664079118576e-05,2.2347172013114152e-05,2.5416992135067862e-05,2.8423698867129422e-05,3.152207191759999e-05,3.496211034540505e-05,4.017149755789731e-05,4.442708744603422e-05,4.883591676452087e-05,5.2799230391972475e-05,5.739435644436002e-05,6.307815821669736e-05,6.626135295301514e-05,7.226572463142272e-05,7.906743313891218e-05,8.510925271357496e-05,9.244193524202214e-05,0.00010027558577711541,0.00010668583834072946,0.00011490908691987107,0.00012215044785698334,0.00012563920251535326,0.00013567514086927775,0.00014702524722390602,0.00019764337949384822,0.00024532799096485975,0.0001704233920606305,0.0002611411634466236,0.00031390054531012495,0.00032121699076517496,0.0003708070553013588,0.0005482223247820752,0.0005904583365881913,0.0008532341756523143,0.0007771587734164479,0.0011927512508723007,0.0014085146279304705,0.0017382989780680511,0.0015503322776295927,0.002095850187746779,0.0017784793642972726,0.0022734338570182537,0.002697944847591944,0.0024371831624191587,0.0033326735059870287,0.003310037334252122,0.003757606766481669,0.003921564775486996,0.004877306855394524,0.004822572627042699,0.005200282164951852,0.005595063816838014,0.006493837487357359,0.007550319512635883,0.007927184600256054,0.007603797698987393,0.009111602071599742,0.01001055253977565,0.010490952416739106,0.010564979448139025,0.011583351878231833,0.012190834230778923,0.012744340605731574,0.014655950070500027,0.01366456114027591,0.014850263571132888,0.015874312863153692,0.015472221329259734,0.017924333579031115,0.0179333058339721,0.018994471305585094,0.01990694795105941,0.020559663687634337,0.02357891919174741,0.0240608638987972,0.023988817277910447,0.02553238975624642,0.0264225749111298,0.027368707235119825,0.02756968435166571,0.027680118944575362,0.02931276691595216,0.03324350624840018,0.03106291952907619,0.03381431379652031,0.03476178511612311,0.035364525878895325,0.0346373649804167
49.898989898989896,4.5674805124894175e-07,8.625981098832974e-07,1.463103916645297e-06,2.31960966328597e-06,3.305051832776965e-06,4.552378642397114e-06,5.916785942565556e-06,7.430292527670324e-06,9.637331853439091e-06,1.1159763432114715e-05,1.3489289178990955e-05,1.6015450493632105e-05,1.8568972189159155e-05,2.1685886414167754e-05,2.419416254933385e-05,2.8833245625124295e-05,3.1739056003591916e-05,3.497257689040091e-05,3.8665596283802414e-05,4.3721231070738516e-05,4.757799067986043e-05,5.196321025078598e-05,5.7424032646164246e-05,6.36055324724055e-05,6.704098181058625e-05,7.131998559188796e-05,7.677274152500327e-05,8.519527185881958e-05,9.040329934999993e-05,9.633649689068402e-05,0.00010510195435090628,0.00010717563402259982,0.00015400899218152324,0.0001265364216751553,0.00013601512529939127,0.0002607992202555699,0.00022871522170312203,0.0002394713650356507,0.00020792358747318923,0.00025349725734051065,0.00031229770280816725,0.00043495089127255736,0.00032753723527606147,0.0004496338407255304,0.00058661383726525,0.0008350437526693977,0.0009993229767411135,0.0010134856608423057,0.000991251582424849,0.001386247349813528,0.0014099582909685062,0.0016594573317527583,0.0021088535248675972,0.00181502389080145,0.0021672905136635775,0.002820173817403205,0.002683942586775686,0.0028153910998746064,0.003972428561424049,0.003938690504443531,0.0040582297152958625,0.00516510915619474,0.005670495823275803,0.0065749545193431475,0.006650565984512656,0.007106575928737294,0.007501736962040846,0.0076602327811067,0.008964293040853522,0.009719445921747862,0.009917623987670198,0.01082589008644712,0.010593273574495129,0.013152639254787213,0.013521252068311616,0.012326823904062402,0.013941635783453995,0.015525464824711042,0.0158221224107502,0.01705031929297483,0.01872750847601285,0.018967941365052907,0.017773066213820802,0.019376321800748213,0.020311921340141245,0.0216879151574655,0.024324710618442463,0.022689953049731485,0.024456783599722243,0.025686364554703373,0.028326428513137176,0.027733648322209564,0.029667725607528235,0.028805742251037863,0.028984481249238296,0.03012236974828328,0.03273388319002405,0.033894758995306966,0.03400981149539299,0.03498979259422392
50.707070707070706,4.418714733182651e-07,8.398940855464891e-07,1.4750683513508687e-06,2.218806052689627e-06,3.20917929045543e-06,4.4590051942241994e-06,5.779711916310708e-06,7.345742099311834e-06,9.141725381917453e-06,1.1350491118443908e-05,1.372851384617948e-05,1.615220428437686e-05,1.79352359842456e-05,2.1004492986783978e-05,2.4579781744157864e-05,2.7349625551564604e-05,3.130354914367113e-05,3.409565304214716e-05,3.9487671223316325e-05,4.2016401337630934e-05,4.6662029321138773e-05,4.9395245628151395e-05,5.696817632739647e-05,6.10111585800515e-05,6.689711580830982e-05,7.158778295404031e-05,7.718543806967743e-05,8.298408523674646e-05,8.6986172888717e-05,9.54764009894634e-05,0.00010299474710226694,0.0001083309038157882,0.00011837402100099699,0.00016415744112828424,0.00013101013638249352,0.00014147171492960383,0.00014963334238193954,0.0002348392423241311,0.000204883696941664,0.00025873919964704035,0.00037772315572704915,0.00042674022067208374,0.0002862972989757151,0.0004422601903631728,0.00073657229180723,0.0008126436698800556,0.0008330885420326783,0.0007682659035978872,0.0011683758868543932,0.0014154399428217624,0.0011882096552441198,0.001442362523502533,0.001770139119966638,0.0022031790899020146,0.0022156428210895964,0.0025414533483939165,0.0025522725545400722,0.003461187382043137,0.0027626603845146407,0.004277419945322316,0.004105869290085957,0.004823744135158613,0.005219201048785603,0.006530387070620498,0.005607716367466411,0.006417107762270254,0.007965551103491841,0.007553814552599826,0.008098966817178553,0.008461662248704092,0.010208126944966716,0.011303642502392635,0.010996348301929195,0.012204031650043202,0.012801085589586765,0.01225217977049621,0.013483620852048881,0.015497284420116728,0.014498664907130216,0.01638437356363047,0.01802853652794419,0.01858299014707681,0.01816020156287275,0.019181885027767204,0.02060684052485404,0.020436882848360885,0.02160036871979832,0.021457836126291124,0.02400524412524051,0.024355216116435537,0.024968571955873143,0.026012329600342884,0.028430256462593558,0.028517011871453064,0.031277952530190736,0.03043096466123376,0.03242958297473286,0.03179507410674033,0.03379663123071784,0.033489245766312674
51.515151515151516,4.4951039045318247e-07,7.931126098125324e-07,1.409673828559737e-06,2.2287171538426498e-06,3.1950936592705136e-06,4.24399033870094e-06,5.846629570122974e-06,7.178696454842555e-06,9.075594143234922e-06,1.0887214687893503e-05,1.3279543281668304e-05,1.561208594178266e-05,1.7941479260731666e-05,2.108081853950719e-05,2.3916412188669562e-05,2.699370752107311e-05,2.9667884038109714e-05,3.312549346811148e-05,3.7665623424677455e-05,4.2136956898807056e-05,4.645026517348955e-05,5.11584845175721e-05,5.714603034849133e-05,5.982267865874339e-05,6.442387482748148e-05,7.080259163416134e-05,7.583122182389031e-05,8.320776851912156e-05,8.742214724774838e-05,9.537188737650129e-05,0.00010078965293441335,0.0001067616436586733,0.0001129511257075995,0.00011913660593487258,0.00012750345238814442,0.00013830904643195242,0.00014750939146158563,0.00023771990645735731,0.00020185102781722044,0.00028510938874161894,0.00022073504815210265,0.0002245376160304482,0.0004598235148497277,0.0003675670552367549,0.0004145588539303647,0.0008133774929036921,0.0007757292122613794,0.000903313152893414,0.0012656339994680118,0.0013888714236958595,0.0013630100137344628,0.001497544613994279,0.0016608787097148621,0.0016338138702860462,0.002380419980846195,0.002389064154595308,0.0032950812259811306,0.003028882929222884,0.003630554584625589,0.0037909613191581377,0.004748155913165529,0.004822392564207355,0.00489866642297555,0.0053929638377180535,0.005744877859090738,0.007269295577873027,0.0061925688791638275,0.007701011716186511,0.008424842114258504,0.00979798970396712,0.009435547576597796,0.01070293488531185,0.011702492276134745,0.011092383205203532,0.012104428840268926,0.013749927314854977,0.013763315538865459,0.01373978481257123,0.01638699684806005,0.01637916149645523,0.0165235114213455,0.01643264799921851,0.01913252275137313,0.019184594396186732,0.020366848399434832,0.022082818240324445,0.021780979292785656,0.024337775780259658,0.024355883189002087,0.02516697434111269,0.026548320443487962,0.0292913233316773,0.02724155068401044,0.02953629970578013,0.029287961419156114,0.030627963073241928,0.03212020498344608,0.03127495846065806,0.0327792529656459,0.03583174267408194
52.323232323232325,4.286214684744185e-07,8.261224152880612e-07,1.422877760903082e-06,2.146798308661162e-06,3.0757734061587184e-06,4.279281938122876e-06,5.66282327151567e-06,7.2779956150788015e-06,8.92556039279484e-06,1.091115046913245e-05,1.2920065448219498e-05,1.5224284154631601e-05,1.8103799558895217e-05,2.0665380223012132e-05,2.333561009225426e-05,2.7080676991565412e-05,2.9747466097144894e-05,3.3699731573453994e-05,3.6539455475644536e-05,4.285957405445633e-05,4.4972783132805074e-05,5.026332142039598e-05,5.451529061744182e-05,5.841642252176115e-05,6.409727660130255e-05,6.832209178376757e-05,7.569775698408474e-05,7.964258452358231e-05,8.783549737529086e-05,9.448620554413974e-05,9.84400526713789e-05,0.00010285485478383829,0.00011277505667062086,0.00011783313385236354,0.0002044835603527157,0.0001750380019581976,0.00017835346854776097,0.00023298687453088762,0.00031870540215378143,0.00020817114807544375,0.00040777435668222566,0.00037556800934846884,0.0007270623963736695,0.0005091899085194757,0.0005232015071679189,0.0005665940394486516,0.001002272719611859,0.001079990222719797,0.0011328227941380916,0.0010268746051933664,0.0011943727480732806,0.0016916450550258403,0.002092497537887302,0.002025504862906507,0.0023357658890487743,0.00306344110451037,0.002939738395055319,0.0030970022302880475,0.0037929971003561077,0.004018377508982587,0.0045532265646563005,0.004840399642027046,0.005103035856600873,0.006707614948483726,0.006246068333470542,0.0074280009806684,0.007557202230896455,0.007726956048007199,0.007706978582376246,0.009686791197546805,0.00958106836596646,0.011177201206225396,0.010770066822447652,0.011942269593013734,0.012357071543005329,0.01291153903929906,0.012688674654868462,0.01448606774792899,0.014835277907604439,0.015042537294793552,0.01661878080848433,0.016334882954540542,0.018799673588412454,0.018181702490447944,0.019431859536353017,0.021928526375403868,0.02035724291636193,0.020754458300411484,0.02215136047205525,0.02463660503172681,0.02297677803830415,0.02420561860790953,0.02787510491824775,0.02941713557965249,0.02778148783381339,0.031133363290474888,0.030139642039452953,0.032116530311323006,0.034057519675073755,0.033211704411082434
53.13131313131313,4.311174523051863e-07,8.014758012459579e-07,1.3966270570152414e-06,2.114684989063119e-06,3.1152990372377916e-06,4.180037670247983e-06,5.494521914419349e-06,7.122791698324793e-06,8.760112483895927e-06,1.0793202635570553e-05,1.2585212118409972e-05,1.4992540703507184e-05,1.783924497349706e-05,2.0332486520139152e-05,2.3409746235855785e-05,2.578147771323199e-05,2.9771066593136895e-05,3.4267718817934214e-05,3.658064827011833e-05,3.952882923814195e-05,4.461717717134005e-05,4.8578755014998595e-05,5.444900387717046e-05,5.967131293386764e-05,6.310993981935012e-05,6.849034572241553e-05,7.320515080352647e-05,7.820791440924515e-05,8.743798312896648e-05,9.17851914790345e-05,9.593692975029903e-05,0.00010463470141100639,0.0001495960000636851,0.00011818869066674969,0.00012713845917278844,0.00017385536088096608,0.00014279521307207813,0.00015079126604193487,0.0002694891000263908,0.000280488340967668,0.00021364000954989752,0.00026192225348003524,0.00019481057666648476,0.00042576038552272834,0.0005104490670758882,0.0006386418655371925,0.0007171711244950007,0.0008398625703061427,0.0012631321712775609,0.0012715778082129272,0.0012856702926560088,0.0013300373355421189,0.002322428247871251,0.002333555576598467,0.002308747254588914,0.002126629248024623,0.0033022370977343904,0.0031868921028739058,0.0028437220385205434,0.0031128194898950106,0.004254869853490805,0.003964834625533855,0.005387413657004254,0.005433309462498791,0.00616756355667094,0.006673795420601819,0.0075199502953415135,0.008276978977198283,0.008566212904903142,0.008977284473851953,0.008735073228132526,0.009770691065255287,0.011541409156339966,0.010967413941559808,0.01213777212783799,0.01252670630749948,0.01250724530430428,0.014280289509432007,0.01615481587688873,0.015057918860953715,0.016893582789426806,0.01948402633168081,0.018729597095490595,0.019608981464244002,0.01926408999740945,0.02173941341552184,0.02143910176742612,0.022861172974988547,0.02192776048543904,0.022652885628779432,0.024029679474862228,0.025784828367511357,0.024277646516852207,0.027188769791659566,0.028067789454943134,0.030403747321882658,0.03109321062396462,0.032098685182930804,0.03345084049578037,0.0334598341855346
53.93939393939394,4.176599917344155e-07,7.956981057639385e-07,1.2972400037629992e-06,2.059489057467408e-06,2.994139594861735e-06,4.168573317518782e-06,5.378822609732413e-06,6.90199600132921e-06,8.791701149872963e-06,1.04411400090241e-05,1.2735363275426814e-05,1.474812671150525e-05,1.7345486944892947e-05,2.0261535371863688e-05,2.3507389385275285e-05,2.5981353346777037e-05,2.8528678927968853e-05,3.285616611374575e-05,3.652092237882348e-05,4.104422522723976e-05,4.4217616516816616e-05,4.799085699127483e-05,5.2669806205122186e-05,5.759314135796e-05,6.20028226060534e-05,6.755656107223369e-05,7.307893699957063e-05,7.845862315381276e-05,8.588049967160703e-05,8.833907228813457e-05,9.463982116391971e-05,0.00010454886487773172,0.00011198566201839912,0.0001153324193778116,0.00012564910630907632,0.00016788428231784294,0.00013956115329987492,0.0001856038084185677,0.00016000626733066794,0.00023767819494402808,0.00020952102293643184,0.00018474295077225048,0.0003715259938878315,0.00045656487343198886,0.0003926734623094385,0.0007002788917836296,0.000780750636149013,0.0006081719444659058,0.0009088204104667044,0.0008908790427411538,0.0015221016080947335,0.0013872163540286895,0.0019865195642658957,0.002113209860027844,0.002190422278046446,0.002115701591900621,0.0028186371035130255,0.0028968383985590335,0.0034136397872611794,0.003884965703095572,0.0040340093624837035,0.004389504557348433,0.005175764404025069,0.005481180518388782,0.005203897274756564,0.006129201591731024,0.007606481340801235,0.007082574011065565,0.00812344252536044,0.008084392807129415,0.009039073205333379,0.010186705433685219,0.011009388103349275,0.01051448629780171,0.01203485140929692,0.013159314133966609,0.01375196532238019,0.01574289988235728,0.014876682632928129,0.015419559654942435,0.016046025499794968,0.016855922936734827,0.017439533512678167,0.01865277083543729,0.019297533450712955,0.0202200529127281,0.020614217802645,0.020946273475141913,0.02307417644183398,0.024597710188119657,0.025279543448090934,0.025511969282949458,0.026109795128134612,0.026298301224139113,0.02706304361863461,0.03058035241171914,0.02930750308389853,0.03090006878695184,0.030695823399501977,0.03117344742546568
54.74747474747475,4.161178075398338e-07,7.713469728840513e-07,1.336338441476015e-06,2.098339368867431e-06,2.9558032405373908e-06,4.111928358723073e-06,5.322817238750565e-06,6.671021933386576e-06,8.556628713178786e-06,1.0418164246576564e-05,1.2462732285463238e-05,1.4618572519710705e-05,1.706799651385548e-05,1.918686736123963e-05,2.262650586174547e-05,2.5438157691407637e-05,2.778789626945727e-05,3.1462509595279e-05,3.4971216228080404e-05,3.9509836959468234e-05,4.396095255246516e-05,4.7345868732344885e-05,5.055235698311437e-05,5.588975684304265e-05,6.029259308553532e-05,6.563540774873788e-05,7.289222536659154e-05,7.768269846417252e-05,8.420786886305398e-05,8.961584006496452e-05,9.858568099877433e-05,0.00010069485690084932,0.00010683253265140447,0.00011725969961057232,0.00011989707406844058,0.0001325000991432499,0.0001770422263243491,0.0001473659317887208,0.00026260035170243105,0.00027133218013565097,0.0002408394498166876,0.0003258992807340228,0.0004396489025994227,0.00023723602628653175,0.0006685784510303557,0.0003972919875944294,0.0006609395665374803,0.0006716224078390043,0.0009716916428850846,0.0010133797235273867,0.0014340824236084974,0.0013317759302869613,0.0016363425167100828,0.0019126387460948564,0.0023207358982958626,0.0023845561928934216,0.0028399388882927455,0.002556683955438595,0.0033716052354081497,0.0033048099744922054,0.00437934561282335,0.004479607149633669,0.004993956927183289,0.004123230345389494,0.006088171727763251,0.0062476862300276355,0.0066810072594123224,0.007287903427600688,0.007520933692943997,0.008537197370860141,0.008788672309977607,0.009515415430150631,0.01021854291208503,0.011167856529031503,0.011847221971194692,0.012030717877281211,0.01263772437414053,0.014914587891621405,0.01443791531743808,0.014988784933436295,0.015556349501939744,0.01785856651567005,0.018517951502352723,0.018580046788877803,0.019452783811732547,0.020389757458523373,0.019741794555172453,0.020725063029125534,0.02210225478209369,0.022351407431105235,0.025067947883297286,0.02474163298330524,0.027089871756209777,0.026644135328836374,0.028770986207982855,0.028803864959210473,0.03076898367681356,0.03075043608623181,0.030954637183282882,0.033452594922373034
55.55555555555556,4.109307408216932e-07,7.513126981679327e-07,1.325573228679995e-06,2.0689890369323135e-06,2.8915041637833244e-06,4.052146193576103e-06,5.224930961378449e-06,6.5452427744161125e-06,8.477551974862458e-06,1.0191575585063149e-05,1.2527968812851927e-05,1.4096667669710582e-05,1.6853415609268507e-05,1.9625631400422105e-05,2.18844016962507e-05,2.518275933482832e-05,2.847729408240715e-05,3.085201692043434e-05,3.463728698583012e-05,3.811086473640907e-05,4.2851491559685494e-05,4.813243779499639e-05,5.078993312857528e-05,5.595349933474012e-05,6.105083684395742e-05,6.455712191623823e-05,6.915035666123469e-05,7.455595818383387e-05,8.07248264319901e-05,8.587924128940544e-05,9.28475193930706e-05,0.00010182867587447095,0.00017723869942571797,0.00011130588860341926,0.0001551691314699529,0.00012742057865111468,0.0001378996554952997,0.00014126765863819353,0.00025312678007071376,0.0003413512493928653,0.0002414750890792148,0.0002830223872925372,0.00039903570666663347,0.0005890275437629222,0.0004937561332715991,0.0007188105514204346,0.0010769164348897018,0.0008454226844533995,0.0008870076740410134,0.0011450055672182732,0.0014177756149095768,0.0010988165611069377,0.0015071236788927185,0.0022281929557150773,0.0024877016157062574,0.002503049205780694,0.0022993011051831366,0.0030210219574222526,0.0030042351372727427,0.0035068687723745513,0.003779461992937357,0.004018923081722247,0.004678635616234245,0.005140005261841836,0.005898062771450162,0.006435993078747897,0.007476174054405044,0.007270377123709146,0.007368162533319602,0.008402571797225726,0.009344767245588716,0.01013759760372059,0.010422999087882667,0.010138929165631106,0.01046210937014739,0.01252591820394568,0.011715963236260894,0.011795723417680233,0.013452786407921306,0.013627644955936017,0.016383366781442102,0.016089756850756576,0.01775013166707946,0.01791165049469061,0.01861219395441226,0.01934274057571044,0.019257154163969437,0.021087871380523603,0.023306007739280096,0.022583065439296956,0.02339525736345465,0.02525890899771084,0.02493818415013672,0.027794007686739564,0.026936934020794154,0.028142036004104455,0.029625770284607257,0.029115186647883182,0.030187089252902945,0.03128543515381791
56.36363636363636,4.0235652065752186e-07,7.333696770407534e-07,1.2711705926046552e-06,1.988717275126073e-06,2.8471071551533143e-06,3.8105907817185786e-06,5.173345702717391e-06,6.660331752271745e-06,8.29687752055403e-06,1.0150197142607627e-05,1.2123457713115907e-05,1.4707218827932276e-05,1.6370313756276013e-05,1.9204203960575535e-05,2.1908185056895478e-05,2.4555637741309443e-05,2.773870249778648e-05,3.125678993901326e-05,3.463650950839505e-05,3.823279450774802e-05,4.156787232055489e-05,4.5632927895372876e-05,5.167498404176871e-05,5.524980929001511e-05,5.9187941600889417e-05,6.285747627645112e-05,6.913943763680528e-05,7.648397681642078e-05,7.941396755159907e-05,8.736155123731981e-05,9.466593053212386e-05,9.822144140370092e-05,0.00010208422043411831,0.00011270010798068459,0.00011761228487158364,0.00012769300676455917,0.00016562445231425472,0.0001737122010892425,0.00021762276246849744,0.00019238309738599488,0.00034331724845433886,0.00028461545333998285,0.0002569964962988511,0.00039850061630919225,0.0006288097889073944,0.0005254128462616538,0.000679456417388836,0.0005767842219287238,0.0006935641159714276,0.0009460008701543401,0.0010371222456218674,0.0013237008616112525,0.0013381276937274695,0.0013563524614299645,0.002169257995615258,0.002787201839522669,0.002969025254989063,0.0026035171537746728,0.003068193234741323,0.004058743310209034,0.004157566153457096,0.0042661195362436,0.004915171361695226,0.0045564358996106075,0.005909240841207114,0.006774048178248255,0.006242131659324015,0.006607487644319345,0.00746816668421724,0.00816535715893326,0.00879106591634441,0.009941986135911764,0.010253929192245775,0.010567213556970788,0.012358163993512585,0.011578807241747943,0.010950401242605651,0.013350314228067395,0.014547732589191214,0.015623291516437434,0.016166215802286738,0.01721713508202105,0.015898642085507935,0.017699278636642748,0.01838814979368284,0.019289503755082562,0.018578487190279925,0.0206014433672758,0.022274099268392713,0.023603790881542987,0.024420171811773143,0.02532089433294555,0.02346412322261643,0.026449143056210538,0.024792662970484002,0.02789639703441775,0.029275733276623424,0.02988972029431635,0.03139423196381823,0.03019911930378395
57.17171717171717,4.00827851283591e-07,7.533781138411466e-07,1.274005522803731e-06,1.981172280834487e-06,2.8083206642907456e-06,3.7820164884323396e-06,5.17288876581947e-06,6.655310364335203e-06,8.220844190929705e-06,9.958371678269574e-06,1.1900482167869402e-05,1.3750455365503475e-05,1.6318796068726803e-05,1.8932520182501438e-05,2.0973771665190823e-05,2.444754539456111e-05,2.7430233850807317e-05,3.14130376502298e-05,3.359981861443131e-05,3.791623528104469e-05,4.155739818222707e-05,4.598811092882051e-05,5.110015712752975e-05,5.2232190780356455e-05,5.954732995886196e-05,6.443200401941938e-05,6.914248343266866e-05,7.306678207517865e-05,7.831776316235388e-05,8.564761476304113e-05,9.103138337634158e-05,9.739748277329027e-05,0.00017295942524803607,0.00011094486781117809,0.00022163494057674126,0.00016004633821470354,0.00016713885767390303,0.00020966381845722627,0.0001833241747784926,0.00029090438672820483,0.00023140230537472078,0.0003118749122690459,0.0003201110850639599,0.0005415780160751504,0.0006131264602737465,0.0005605579525448354,0.0009468552752654813,0.0007822116540682607,0.0009050346376775263,0.0008747310511884867,0.0012226295018272985,0.0015551387700243897,0.0014536665812051772,0.0016791971792772856,0.0026290756630944438,0.0021240265881124682,0.002380895310032686,0.0032167812200982835,0.0032885482117158502,0.003561904804783562,0.004329641460287362,0.004626968708307089,0.004762428493948615,0.0052972473014310595,0.0051067731694875535,0.00544135187993682,0.006615632873336818,0.007166546928436466,0.007240409453685706,0.008299202982178169,0.008916286456749955,0.009587940667100059,0.010563485240352893,0.011063509581922454,0.01072869779596111,0.012633582794057477,0.013004523348330225,0.012862726027232345,0.012806526568764505,0.013956770782528057,0.014829780924042484,0.016274364613489745,0.017501993979769086,0.018528801081958046,0.018706221312599785,0.020091032404122945,0.01955575752140278,0.020592558144084755,0.020785225029405194,0.02248648853116949,0.023294185154439238,0.02369278827836825,0.025986897169544335,0.02560893958387419,0.0273781020701327,0.02503615937463557,0.028510494147839325,0.0277188215318272,0.030086423026319194,0.03044413124565205
57.97979797979798,3.943869864782096e-07,7.132964851456613e-07,1.2841713984679613e-06,1.9503881362388427e-06,2.7632553280442812e-06,3.897175006230366e-06,5.028879300417093e-06,6.516547191102555e-06,7.799300594600903e-06,9.931407974056715e-06,1.1850778093196348e-05,1.3863657791018438e-05,1.576820776970932e-05,1.835147329191672e-05,2.1380086306808422e-05,2.421848287948577e-05,2.6970607563779554e-05,3.053411595469276e-05,3.343517955239219e-05,3.7357450215710085e-05,4.1129570457041236e-05,4.5312252036801554e-05,4.9491679297967626e-05,5.3475640152716086e-05,5.86967137312421e-05,6.500606706573562e-05,6.774191399163876e-05,7.24328819355132e-05,7.695014119093027e-05,8.277772352051098e-05,8.90198562660933e-05,9.606549571595271e-05,0.0001032790437096665,0.00010711221415659929,0.00014823616165816068,0.00015377143245170105,0.00016393826794933853,0.00027288598452368626,0.0001430087544035047,0.00018855328232643265,0.0003658770535717635,0.00026872972166479584,0.00031421378688344597,0.00040049259754847507,0.000571287373561226,0.0005855181237079804,0.0007981723854100954,0.0008376312265339983,0.0008224131651112785,0.001065876089364281,0.0011156280600602214,0.0015716604980762932,0.0016497002318116988,0.0013108081574984484,0.001769479666868705,0.0023922202713549602,0.0024802521100604842,0.0031672549278691227,0.0029193854025277486,0.0031940567847746136,0.003424773867836898,0.004252020589589808,0.004250751960590118,0.0051087397917770035,0.005560613798176921,0.006070490498827258,0.006698688345379442,0.007311540950218668,0.007357805765827365,0.008006326059403423,0.008944013470228385,0.009275731594532596,0.008969196802904126,0.01029338190083014,0.011070787362497173,0.010921470767693092,0.012766440755301476,0.012919540766853687,0.013710106338213006,0.013271399616264546,0.014976944774529431,0.013802531723474834,0.017516715896158976,0.01720293474972155,0.017366982209182157,0.019031231068948627,0.019168961885100443,0.020145894967839514,0.02017703469701584,0.022091673535271715,0.021287910145479066,0.024259220378673556,0.02298252040843995,0.025182066778919,0.028838112603473093,0.026278923992928634,0.02841480470701073,0.03137938106607686,0.029881545789771185,0.02992791667091867
58.78787878787879,3.863296142484502e-07,7.383908426161718e-07,1.229203378406997e-06,1.9409606934629037e-06,2.7779541893627182e-06,3.8087279373711763e-06,5.08004508469788e-06,6.372867741288082e-06,8.044688934627201e-06,9.804914185565808e-06,1.1675273674042173e-05,1.328191816812801e-05,1.567516924648194e-05,1.836393846409128e-05,2.0915263938834522e-05,2.3414005144655528e-05,2.6881661215542835e-05,2.9813437123374553e-05,3.303549676859666e-05,3.67221473940596e-05,4.060294674761332e-05,4.5065524183473174e-05,4.890921517910942e-05,5.2288026473300865e-05,5.691796907032267e-05,6.250947040239818e-05,6.762486919808327e-05,7.115600534129717e-05,7.8667233917372e-05,8.446168695822341e-05,8.869748965958649e-05,9.765321183242299e-05,0.00010277035021886065,0.00010874513831281957,0.00014973681957485224,0.00018865704345801142,0.00022604792846529193,0.00013700600747650377,0.0002479066422946246,0.00028866313576144054,0.0001909254112858853,0.00023616444507557955,0.00031712669016242475,0.0003853710248028864,0.0005701242911759099,0.0006085779095570082,0.0005856294562709407,0.0006234939847037605,0.000764748531946114,0.0012522455070641265,0.001361659665848957,0.0015196010297429507,0.0017149499233690513,0.0017940073617556912,0.0017085167581123728,0.002121800817553455,0.002340122719192379,0.002624615292798624,0.002818693760486048,0.0031549838251780857,0.0036461814751342827,0.004594243750718486,0.0041981486802551045,0.00506582070239846,0.004438170256593156,0.0062568644948905894,0.006017871204317409,0.007615263794562029,0.0063290636070928346,0.007944110459258882,0.00819269557143415,0.009132405751909762,0.009292187217030198,0.00951136314188746,0.010540013991447151,0.01113014629424571,0.012772839812821431,0.012993683883486835,0.013339639346830388,0.014893192530535821,0.01476813212889255,0.0163076429599303,0.016592916263216677,0.016919578543616184,0.01709802219371649,0.018117525436869474,0.019144279969513595,0.01995747761967073,0.020555946564125877,0.02158558457798181,0.02238838869259124,0.02407948638288305,0.023857561118108793,0.023613865762560464,0.027005911277930103,0.026217155006301972,0.02611426950612315,0.02842185307701115,0.029454558012409156,0.029102509784300457
59.5959595959596,3.8397537965660194e-07,7.160288603665743e-07,1.227877984331138e-06,1.923454025013301e-06,2.736728630940512e-06,3.6885391499667754e-06,4.852045980394878e-06,6.183245047643776e-06,7.796602359315142e-06,9.324024866113728e-06,1.1477195370126822e-05,1.3232597150245067e-05,1.586767651812741e-05,1.797561025546106e-05,2.043972280048621e-05,2.38767807919831e-05,2.7024328128278564e-05,2.8815895538365606e-05,3.307707686192045e-05,3.5570273910449315e-05,3.998047811598023e-05,4.316798454868202e-05,4.810867501050443e-05,5.2019280288953964e-05,5.451807299076115e-05,6.13086661350125e-05,6.698792286050671e-05,7.003174302809095e-05,7.515676626417918e-05,8.213616808422148e-05,8.698360297948843e-05,9.263009370652977e-05,0.00010006076716620856,0.00010616772745760264,0.0001420036586934693,0.00011643307881884461,0.00012535777583892496,0.00016652978544700142,0.0002084992146538771,0.00014809537063180733,0.00022044047001893862,0.0002612956565007352,0.00020264290387123044,0.00041592967822206254,0.000525485605925914,0.0003689601114328321,0.0006724983621004687,0.0007464793505163129,0.000792286022768483,0.0009755658309919486,0.0012134510641966874,0.0013583430767621443,0.0016955696934288988,0.001911466132192396,0.0019269743194052311,0.0022777565234667068,0.0024785483092293384,0.002889349526509619,0.003958529700546142,0.0030700732927587153,0.004353917694607854,0.003967177999052379,0.004469485030265919,0.004324245408825456,0.005664824085686153,0.0059828644904296,0.005797470735170469,0.006580638892964456,0.006863617318615729,0.007447516252988457,0.008338001644258844,0.009892836437963713,0.009218452870624649,0.011429942299145873,0.010901663659031703,0.011917545120052955,0.010728579212077673,0.012079006246994536,0.013639403147770554,0.015259718676415764,0.012483435744445959,0.01524258666032021,0.0154573787812062,0.016834510143903036,0.017881145772678714,0.016937768326285515,0.020145406052819958,0.020801373772884647,0.02004377395519742,0.022051051862387257,0.02191655631139216,0.02336615184912286,0.023787683350474206,0.023108692707352465,0.02503760850076317,0.026535198324597116,0.027869120182773155,0.02578311442952114,0.030081191689019734,0.030935147372734884
60.4040404040404,3.8203638240911877e-07,7.138016818274886e-07,1.1908472651488685e-06,1.8530740988077102e-06,2.725692766506754e-06,3.704626628321919e-06,4.716254308478365e-06,6.292987656044622e-06,7.797907295798282e-06,9.345682601015508e-06,1.1097769368907754e-05,1.3145957041671724e-05,1.570470666246003e-05,1.8033713221300106e-05,2.0388802817140984e-05,2.288011705695391e-05,2.5730236778951405e-05,2.9734082493704884e-05,3.130474030864174e-05,3.465326472759474e-05,3.933816844390733e-05,4.3987599119214706e-05,4.7834879699210866e-05,5.097956482210195e-05,5.661955920347503e-05,6.138708352780203e-05,6.503952666728708e-05,6.73522905746964e-05,7.401758443147528e-05,8.107549123660828e-05,8.554245704038692e-05,8.990567973920724e-05,0.00012879191622867985,0.00010467483212819886,0.00010894708946376643,0.00018371419745244778,0.00015785529809224198,0.0001312741295988561,0.00023998134753484254,0.00017984881790629527,0.0002527510479229945,0.00038949904256143817,0.0004309960546919318,0.0002762718398502718,0.0005785819887666657,0.0004944353894841989,0.000726419368334637,0.0009021056607105581,0.0009158469990817845,0.0013244683902528184,0.00120294457408325,0.00157413920689714,0.001439163848005662,0.0019521991559911577,0.002414333235058079,0.0023680407336805465,0.003035736853861428,0.0030688316400617013,0.003132362914174778,0.003137259659454726,0.0036719844234616617,0.0033579667765279084,0.004320408476672298,0.005310813879909778,0.005583982282734649,0.005527317954347842,0.006387728048869214,0.007719507767959527,0.007248561620254629,0.007832485138004278,0.00856825816256072,0.009146142897173122,0.010541279753022739,0.008907870743796778,0.009911554706089183,0.011151713518973818,0.01165802136404993,0.01093197268147556,0.012624367589192147,0.014925764692421356,0.013670701307969733,0.014687728479608052,0.01651181297415664,0.015902212784289178,0.01734771297472068,0.01864711931013258,0.02052456412724115,0.019879234003956078,0.019253146884193415,0.019816068790867773,0.022402602622113483,0.022173681568991063,0.02385056344695889,0.02293116278375494,0.02576695638823183,0.025937284655351216,0.027146903043410837,0.02760313539636759,0.02608964328934528,0.028707105408408692
61.21212121212121,3.776497839282796e-07,6.842267460521766e-07,1.1808368647622306e-06,1.8685810273608533e-06,2.656635595365401e-06,3.626412425873962e-06,4.763466464375316e-06,6.090701954613484e-06,7.563992155510155e-06,9.326494860302448e-06,1.0916917082647441e-05,1.3076045342920062e-05,1.528982699260997e-05,1.7147866469044575e-05,2.036185996512418e-05,2.270179463485167e-05,2.5153819648148017e-05,2.8749963521691546e-05,3.154896162698308e-05,3.50960214698094e-05,3.808931768034298e-05,4.156644579500824e-05,4.669739892479637e-05,5.0791731104302006e-05,5.493012106786296e-05,6.0628445925517936e-05,6.387647365457572e-05,6.962645132443415e-05,7.47542569583787e-05,8.030460929792573e-05,8.636982494364711e-05,9.047714692131132e-05,9.619662641984151e-05,0.00013552345726477948,0.00014199360689542474,0.00011642429487078672,0.00018923635162100156,0.00019756929882226712,0.00016964347137664952,0.00030745602232842714,0.00034519861550818057,0.000386539585502457,0.00026738122374167457,0.0003373660426835031,0.0006054644964897896,0.0003600109496062451,0.0005021487482893712,0.0008234587428837916,0.0010957866664914391,0.0013028410693009475,0.0012690436756137285,0.0013780393335336317,0.0014218281112120302,0.0015365270388002657,0.0018415545061552315,0.0020080590421836064,0.0025041206399646506,0.0030284080066024107,0.003083844105638108,0.00373115085372242,0.004112695996983417,0.004867324940152149,0.0045203074071181295,0.0053433940464669635,0.00556726027686996,0.006025306474453354,0.005245782599667217,0.007058655682013455,0.007461145936609793,0.008086092279449435,0.00756429479938417,0.008059524158422248,0.009560156375476577,0.011148566490266222,0.010066041198239825,0.010879455835321199,0.011004985409031371,0.011727719868495232,0.011334701156073788,0.013104892620259557,0.013631373796757594,0.014813028705285294,0.015655726680749577,0.01557475281296972,0.017571740747141726,0.01693755707477848,0.018727978658390113,0.01877394113432739,0.021175014572742075,0.021311421040976275,0.02171331358042878,0.021342945543638244,0.024116491121406135,0.02535638281352299,0.025407357997736045,0.02776111403710392,0.027998711626817784,0.02644588610677364,0.028391385358363188,0.02962159241895248
62.02020202020202,3.6529223496569524e-07,6.784333528769882e-07,1.1779512885487197e-06,1.802517120945652e-06,2.628116452609765e-06,3.691122616367913e-06,4.695506905043277e-06,5.974339292364926e-06,7.748071670100851e-06,9.236764370281977e-06,1.0901003370495583e-05,1.2794715911068671e-05,1.5118069273783302e-05,1.7169102797546254e-05,1.987409900908488e-05,2.234817992079168e-05,2.556106124131416e-05,2.7527128015209272e-05,3.198097767961011e-05,3.4207878041166304e-05,3.833176630326352e-05,4.1551049079325594e-05,4.561668805670492e-05,5.082387039144887e-05,5.493404761699118e-05,5.791131269881124e-05,6.39376825585692e-05,6.801526982635923e-05,7.323269443344608e-05,7.739595670470001e-05,8.429939459965776e-05,9.056774716620335e-05,9.5177917911353e-05,0.00010049796962633888,0.00014169384020733277,0.00011712507522166024,0.00012317843472894167,0.00012720571230471483,0.0001651118428942654,0.00029984995617212936,0.00027958912639104635,0.00028809831356187566,0.00032572814876154086,0.00036693855491796567,0.00041377786503933735,0.0007034814813632791,0.0006466489968248671,0.0007190874375297123,0.0008929440985970315,0.0008977261120430971,0.001096809165353653,0.0012700892749436114,0.0014710717358571285,0.0019280898467241684,0.002204593741907395,0.0019574041408924516,0.0024434424723353415,0.002396088714717066,0.0026034256606158684,0.0030896662111008872,0.0035783802940358156,0.0037256708923128095,0.00440608591052618,0.004930554010133234,0.004900063296222434,0.00610438856717603,0.006110175810602711,0.006778370786478078,0.006338412748633412,0.007890972320377538,0.00832342555403901,0.008223603668862833,0.008714074534799113,0.008915412926597931,0.010711250048868075,0.010505917667865988,0.011738470972852659,0.011923358452994304,0.012728714728373247,0.01385206819118849,0.013601459153904967,0.014768149418865647,0.015712492742780408,0.015684642344281702,0.016136825765449073,0.01584396958103798,0.018525181245537085,0.019013714665850428,0.019100783099020743,0.019942234090916118,0.020260846710297063,0.023122651586678512,0.02279369767731033,0.023135018498908,0.02286336788843212,0.026028333729954174,0.025301910223345287,0.02681113972816907,0.02573419825384492,0.029024892313893474
62.82828282828283,3.6758219340281216e-07,6.702979701904567e-07,1.1564804237602738e-06,1.7836705218364383e-06,2.577465276996103e-06,3.6457079826748117e-06,4.764489953188082e-06,5.931126310655829e-06,7.368423178475431e-06,9.142179941553809e-06,1.0890521441884618e-05,1.2777089465966663e-05,1.4609258266894821e-05,1.6933168348809257e-05,1.908070254173456e-05,2.2380957310012592e-05,2.514743591278835e-05,2.7679086501008966e-05,3.0468330973857628e-05,3.389597734010594e-05,3.733680331395221e-05,4.099591684951696e-05,4.5630148402465265e-05,4.9367225596069424e-05,5.332198733295068e-05,5.9172714227513424e-05,6.194375514697457e-05,6.777688732022275e-05,7.143316540264406e-05,7.811460068208327e-05,8.312248801294258e-05,8.794864930861892e-05,9.266108906817379e-05,0.00010016776594876353,0.0001063677402331097,0.00011292028926090789,0.00015437383628680884,0.00021883956737246617,0.0001585151062596655,0.00020235670857884482,0.00015191805837663433,0.00021823647990290636,0.0002278241677172887,0.00036512349446654184,0.00045685232806453853,0.0005979042511614708,0.0006382731439474089,0.0008107429480043326,0.0009129707423288538,0.0008859200744657801,0.0014318683490966563,0.0012865596713437484,0.0018981570982260557,0.0017584790451089852,0.002038738500510248,0.0019312468815831118,0.0024084507218910915,0.0027325414380104133,0.0030270098439834866,0.0030689583581653516,0.0035679957931478343,0.004397526262509678,0.004304547374055532,0.004864971839539916,0.005852105925049952,0.006079539365487525,0.00589853523287766,0.007020036396896242,0.0067893380532310435,0.007063660892735646,0.008536128890366838,0.008493059652356987,0.008759882597881496,0.010012609680285169,0.010448016567727305,0.010854809997156328,0.011310186613966771,0.012228575079025604,0.011282280519256782,0.014196931469873516,0.014171189313999338,0.014009026146887158,0.015678304285542725,0.015088243790854303,0.016545689747052537,0.017551427219317003,0.017073502557286502,0.018331306320379166,0.019109284522930824,0.02170933284095578,0.020990014899506672,0.021557435382757503,0.02128673534498144,0.022425454393786175,0.025070091017805475,0.025523389666802974,0.025898686537826017,0.027408486875244897,0.028185362001293846,0.028124329519855506
63.63636363636363,3.6543613020347114e-07,6.907989156096524e-07,1.1465607902737662e-06,1.7720995228353129e-06,2.5701837354630525e-06,3.514693921860187e-06,4.672842887737917e-06,5.941855776683592e-06,7.559809134426818e-06,9.116178892525722e-06,1.0406573796147403e-05,1.2218798316199817e-05,1.4543247484118852e-05,1.7094488980334284e-05,1.9154977916208152e-05,2.1778154572203907e-05,2.4289894786019056e-05,2.7642987554090926e-05,2.9780006346670534e-05,3.307659173350622e-05,3.597666146018034e-05,4.031107870983538e-05,4.57001108130781e-05,4.86795044961182e-05,5.320299958901776e-05,5.832837057967171e-05,6.223918210419275e-05,6.706624801469367e-05,7.104326507455128e-05,7.643798662870541e-05,8.186747996633231e-05,8.847261831274047e-05,0.0001259888715554287,0.00010099538117303013,0.00010842561279366396,0.00011223392860720378,0.00018108877002036858,0.00012707885517349764,0.00016164893335547973,0.00013684090972792442,0.0002701644894590948,0.00024568758933365037,0.0003452591191450685,0.00026247836955826796,0.00042667503844187333,0.0005625266835334273,0.0006914687904652976,0.0007879983679112117,0.0005953449284176448,0.0011890190448864914,0.0008867817797530958,0.0013344414296932812,0.0018346082043349816,0.001792166221351054,0.0020128046358685917,0.0023122610496824473,0.0020429270354939133,0.002207229436933897,0.003090377842195968,0.003188954398054654,0.003648219465309227,0.0033706418636169745,0.004601313946564094,0.0045432424406134184,0.005098290894135227,0.005258915372585739,0.005552875145967022,0.007098266557202899,0.0064884967380518105,0.0077309067995401815,0.008128648100732843,0.007235011106158748,0.009414508436310367,0.009152629921276887,0.008929184252497455,0.009799904431652868,0.010353889408696937,0.012125305917441697,0.012428820323313636,0.013339145365501378,0.014531740692297672,0.015033177629910105,0.015297968912265245,0.015802854216010836,0.016377653379323683,0.01790345028960527,0.017812357255047064,0.018183221992990536,0.019723693009296644,0.019724265361043443,0.02125659852805391,0.021272652051844716,0.021589372616444086,0.02259180335031077,0.023033283838130594,0.023881203854250556,0.027340061660640912,0.026580616950741636,0.027243369999347903,0.027735078979900164
64.44444444444444,3.5649824696635245e-07,6.805161392369558e-07,1.1179876631991086e-06,1.7394803486992355e-06,2.49860812962295e-06,3.3597229343526158e-06,4.537668529042945e-06,5.755711446054792e-06,7.296716301323777e-06,8.615613249073728e-06,1.0620374727309866e-05,1.2249000092595916e-05,1.475037157011291e-05,1.700045988854011e-05,1.943184748504254e-05,2.2071151355880096e-05,2.4167999927125364e-05,2.7468110820357155e-05,2.9003593845049425e-05,3.311002809280944e-05,3.6303770362277205e-05,4.116663075506105e-05,4.4188800603435406e-05,4.7310347719495524e-05,5.150647316281247e-05,5.730970511903695e-05,6.060106596464412e-05,6.573758167670414e-05,7.088728133138251e-05,7.533556669881718e-05,7.976502827908851e-05,8.387058665005885e-05,9.17470093704251e-05,0.00012808936844235124,0.0001014882945069995,0.0001408876315122803,0.00011641376010770905,0.00012044470472822715,0.00016267073861296296,0.00023012893106044583,0.00020812611288001265,0.0001550329737349371,0.00037732989602076874,0.0003808450134837636,0.0004524559610659659,0.0005545165325818005,0.0005614692162635087,0.0008229790525401612,0.0006437557099897242,0.0008632816035719768,0.0011968386333125732,0.0012585691645614898,0.0012678424977910843,0.0018902216003377787,0.0021147228463878585,0.0016605179726036088,0.002196568813553901,0.0021498300269172823,0.003141323777049246,0.002975173151591234,0.0036895943260100176,0.0043106421915489225,0.004183576730889343,0.00495965598709987,0.004697236251287488,0.004671911032118079,0.0063341675735000495,0.005986910027518593,0.005550013346607859,0.007486101427471904,0.007587941207970871,0.009161113258363317,0.008338602692857841,0.010234723037572238,0.010914163299430117,0.010083018244805788,0.01030976853326988,0.011382424449251487,0.012370609032091516,0.011998405264618381,0.013245980637537798,0.014342500879089596,0.013889325162601688,0.015047668438342168,0.016496884755741643,0.015542706092162805,0.017882554248770544,0.01904512926327797,0.017242669670552862,0.020032438365933648,0.022587169148588267,0.020863147336810432,0.023494764257877578,0.02353237064559537,0.02332166045480338,0.024760272097714024,0.026766450157015845,0.025631042509900965,0.028014548406456858,0.027609394887108393
65.25252525252526,3.43848057440822e-07,6.590882850085012e-07,1.1101265818148062e-06,1.6897083827887933e-06,2.4511124247355726e-06,3.4375554548890597e-06,4.750102854624628e-06,5.8204538927840286e-06,6.951359045134542e-06,8.75299282941057e-06,1.0446640108912903e-05,1.2223256512845607e-05,1.4220538072445808e-05,1.6324526988847144e-05,1.898911879035784e-05,2.1054575445573664e-05,2.3457356517777478e-05,2.699640769413193e-05,2.9513750738143184e-05,3.289209083142929e-05,3.630841854096221e-05,4.056569622024046e-05,4.2580077259887875e-05,4.836324022759846e-05,5.187180486448663e-05,5.49627076092909e-05,6.062358786367829e-05,6.443659498052525e-05,7.077334956132217e-05,7.438883833069351e-05,7.756101175888832e-05,8.459482760202357e-05,8.981470132162784e-05,9.772223333794084e-05,0.00010111782394900874,0.0001372694550971298,0.00020364406374051477,0.00012042922295994332,0.00022168152159794468,0.00019117638376383144,0.00020119913616587474,0.00023879575942672225,0.00037770414685897347,0.0003458865605827724,0.00041650920923051905,0.000426579344713892,0.0006471531999614408,0.0009056175002738556,0.000998055656504102,0.0010088275681162677,0.0011939237591944252,0.0013860470170154865,0.001428836244615211,0.0017112504523104706,0.0014515489513347787,0.0018314916570692794,0.0022005473321093645,0.002668917032284255,0.0032695654665381275,0.0029362383634308846,0.0031558092465216385,0.003710634970581081,0.004462135583295619,0.0043681039674375284,0.005095685859850506,0.00534925852577796,0.005976738151220971,0.005953630364139992,0.006154890148919521,0.007749393852381363,0.007824300614970213,0.007679209729573749,0.008443536601443605,0.009462106529166679,0.009885806034243612,0.010237354747828655,0.010733615934495663,0.011400163370019372,0.012496237898475641,0.013165572029270175,0.013502662416085375,0.012879510234347765,0.014080212068623438,0.014298993110427085,0.016657363768238242,0.015584408363005463,0.01699108466040006,0.018401368269131763,0.019408683538105435,0.01872629058183704,0.021242091109154624,0.020614816080612497,0.021465249945226323,0.02224021348731588,0.020787194997363947,0.025060502378019975,0.024267295407319558,0.02590164309935243,0.026635749344202715,0.026581127632637935
66.06060606060606,3.4340995586437317e-07,6.481572767875338e-07,1.0809284755186575e-06,1.7312911306673881e-06,2.5084902945806237e-06,3.3715619875437315e-06,4.464203268656684e-06,5.668600649603164e-06,6.950022481941579e-06,8.75370273474011e-06,1.0474586112405815e-05,1.1984812088918517e-05,1.4184676121427827e-05,1.609113927947389e-05,1.8905777711881317e-05,2.1048188627263774e-05,2.3950123009483126e-05,2.6783143412980958e-05,2.9737993754238824e-05,3.2723773570150026e-05,3.6153046111720105e-05,4.015104919264196e-05,4.267761721151131e-05,4.623267049171049e-05,5.299503475384884e-05,5.36946229356073e-05,5.9280584604064554e-05,6.472387795667418e-05,6.813364310031685e-05,7.253997925643436e-05,7.928638900111858e-05,8.445833978541248e-05,0.00011873740593165813,0.0001253670444912368,0.00010009068151275136,0.00011008259406585621,0.00014394704638912313,0.0001497888687968412,0.00018680930224787069,0.00028338790897174115,0.00016875962047969523,0.0003281938027549736,0.00024269374848652497,0.00040037754380461,0.00038268620764589443,0.0005115075101740617,0.0005460311960192933,0.0008858908796415035,0.0009860070055684397,0.0008438750385181223,0.0010994293084127247,0.0015898846879167578,0.0014667343532960013,0.001576191596473809,0.001439315741214905,0.0022458826068402103,0.0024047764636313694,0.0024442290674550984,0.0027714179172819604,0.003343130177909478,0.003138921634095329,0.0035057236315314036,0.003848931801502863,0.004770182098907165,0.005356174269115169,0.005703278820503264,0.005547317347684352,0.006202907272977887,0.007431967063210005,0.006212342601587363,0.007549300134962411,0.008332291129095332,0.008073070923177078,0.007539818933520238,0.009670885085913055,0.01070820949364514,0.010720344193595025,0.010850621666020587,0.011850322024054139,0.012956832972535803,0.012793755332120104,0.013643025123562807,0.015362660726369092,0.01543366467845314,0.014694972973520789,0.017224707162548997,0.016753932595942492,0.017668500179635865,0.016937681949110054,0.01954573864038767,0.020433081817213164,0.020328457902788543,0.02304812111200116,0.02275828804678099,0.021461241125423514,0.024608328308111403,0.024321924969540446,0.026651471031643517,0.025769105666752456,0.028858738125684635
66.86868686868686,3.331911249349808e-07,6.349411045409817e-07,1.0899313835411428e-06,1.6811129447906405e-06,2.404075870035984e-06,3.3101899614545378e-06,4.4165082529850034e-06,5.6529441756389715e-06,6.960876475812921e-06,8.46461458132318e-06,1.0160646556136947e-05,1.213808153709705e-05,1.3759412888221834e-05,1.5859465005704578e-05,1.826417925365898e-05,2.0582487472199427e-05,2.3378969887261235e-05,2.6036337583903587e-05,2.850115600023336e-05,3.27497371378702e-05,3.610748538100278e-05,3.8742822965222e-05,4.170812549932893e-05,4.5465446627046686e-05,5.0831999118562286e-05,5.5114354731836225e-05,6.0526012272764507e-05,6.412485885490077e-05,6.89473310624737e-05,0.00010141274380199828,7.731990059655847e-05,8.513695119508261e-05,8.906453447278924e-05,9.588766995696715e-05,9.978962611369338e-05,0.00010703285636182451,0.00011255336373401546,0.0001200072758701073,0.00021548150487072436,0.0001931384874208112,0.0002262034910992015,0.00023832836822512728,0.00018348538681852932,0.0002778809355922014,0.0003203511837663043,0.0005636842152328135,0.0005698169476868418,0.0007324449140990992,0.0008251420278271528,0.0010169067786345736,0.0011648049597773851,0.0013338066229601822,0.001689454911082137,0.0015216589754298358,0.001833618795644289,0.002006932024287962,0.0020949222105594136,0.0025332792323637544,0.002468333736723291,0.002912837603209232,0.0031956516111724897,0.0035691210170674275,0.003543131679810225,0.004228788710069254,0.005276861096562821,0.0046645181924449535,0.005326538883271981,0.006391183276352384,0.006098911906315503,0.006557128909413554,0.007837247738388049,0.00820947861783728,0.009640770248684039,0.009073639661726229,0.008983745337874357,0.009420394675578642,0.009992270729570641,0.01175304434126132,0.011874574566284445,0.01174364879787957,0.013260167007678196,0.013431950301868164,0.012855056415919927,0.01518487676925011,0.017060191079137917,0.015802126390621153,0.017307560384467655,0.016979932017946897,0.01698134880419938,0.01906729110563025,0.018655137676241985,0.01929306222686955,0.02115393138097196,0.021878864583525347,0.023829299456105082,0.023982806540187175,0.024783068523251375,0.026185891280670875,0.02774019634819419,0.02605515457146197
67.67676767676767,3.406129175966402e-07,6.226787630599424e-07,1.0729372612821082e-06,1.6548147496083758e-06,2.478752802153891e-06,3.299832456473728e-06,4.319674614847127e-06,5.619925468087196e-06,6.6426992241886026e-06,8.495652042375065e-06,9.876801125030789e-06,1.1693003868206367e-05,1.3509902630904013e-05,1.5867619307066234e-05,1.8244252242926372e-05,2.043091161608542e-05,2.344787675431717e-05,2.5487760127661425e-05,2.9336999745583338e-05,3.1718012798068754e-05,3.459606313125853e-05,3.840309756022788e-05,4.179558013734312e-05,4.616154761367623e-05,4.902302288029995e-05,5.534597421704079e-05,5.824787290086082e-05,6.288123569927639e-05,6.734069404711823e-05,7.334516445649655e-05,7.678632658826565e-05,8.203773458577365e-05,8.804722573394215e-05,9.390797103736026e-05,9.827348336200766e-05,0.00010616351620287823,0.00010944394864986606,0.00014740894209684105,0.00021196717341901645,0.00016012310773287305,0.00028578006811708426,0.000322228370317368,0.000418177138493191,0.00036406255094453133,0.00043701715819213885,0.0005525189326107165,0.0005399572398313866,0.000571971301157913,0.0008127602903785949,0.0008265192885772487,0.0012716004305495978,0.0011567031400997543,0.0014977675608035057,0.0017941642167089477,0.002190790686868665,0.0020255788915165937,0.0020920386712348707,0.002659596125525755,0.00273691069254162,0.0031437306578780745,0.0032464291201005054,0.003639753331731599,0.004035075028105419,0.004620703625354902,0.004628521206347562,0.005452303254338568,0.0048863543060571404,0.006285600706431983,0.0071676390034132904,0.006602840387325224,0.007328932826868675,0.008208206480808687,0.008322472525146897,0.00892937079260025,0.008591554464898002,0.009838889826393384,0.01073294291644344,0.01260710505477292,0.012111909061577695,0.01188586537585588,0.013347161172630217,0.01327405665958322,0.014473628218754203,0.01469518978879434,0.01693800572923256,0.016430451662645847,0.016147908213017155,0.017472254387921892,0.01822092742016502,0.02003730311035136,0.018783571668529328,0.020492892195748645,0.021854455346152764,0.022575419340382374,0.023110569970034103,0.022267573554122663,0.024530553686290413,0.026316632501475146,0.025264386993829917,0.027146053432860195
68.48484848484848,3.341535975881927e-07,6.184962691332851e-07,1.0582482829500916e-06,1.6361303467609569e-06,2.341690492838422e-06,3.1989009949478176e-06,4.288465726595273e-06,5.482847390237768e-06,6.6640980143519905e-06,8.378298573331183e-06,9.79915746799796e-06,1.200790779774359e-05,1.3536777917610923e-05,1.5765779596688145e-05,1.7951205954384126e-05,2.015462581987402e-05,2.296338281492371e-05,2.5442573148680414e-05,2.8957697082503575e-05,3.118883458141575e-05,3.452963329005555e-05,3.762821995523428e-05,4.124819654975509e-05,4.438740773370411e-05,4.8249209785543576e-05,5.380646837605372e-05,5.7209477411476014e-05,6.15540971109591e-05,6.749457884842407e-05,7.11811043308743e-05,7.61692762298258e-05,8.2240764130031e-05,8.659162838780618e-05,9.075087021464958e-05,9.817336258984455e-05,0.00010262081648130885,0.00016802527989059413,0.00017436100942871084,0.0001791259052189242,0.0001279554741450461,0.0002770541616038298,0.0003127496651935742,0.00023436006151254167,0.00033319148626071327,0.0006891113028967842,0.0005239268955171105,0.0004983254332314497,0.0003364730086246925,0.0008928119495327063,0.000757389181518793,0.0010598826312708913,0.0014632140627520783,0.0014494145751821521,0.0016961974888699417,0.0016123964239885093,0.0018271931582188258,0.0020102008830325843,0.002254689440895281,0.0026318183549356596,0.0033204913528251177,0.0035292557122350303,0.0035953349482903164,0.004152961374860469,0.004282540959696118,0.0049568275598091,0.005512316498639863,0.005417186781792383,0.005696378441241302,0.005686036150427773,0.008200426639329001,0.0073016483538675915,0.007839829833027428,0.00913498867212323,0.009172276033945303,0.008937007307795163,0.00925327774379014,0.010991430791630669,0.010416160874942374,0.011952804470777735,0.011991476380682488,0.012181250352709895,0.013344851113337535,0.013818946377684613,0.014195345344068102,0.01548493746141296,0.016542623665710143,0.016917248042458748,0.016688329126847135,0.01768376241134811,0.01955054731236144,0.01970237052030108,0.02001784648544825,0.021291015971652068,0.021492403792975033,0.02233132032511334,0.02225902517125169,0.023499834677200734,0.02434634817335902,0.024668759934099626,0.02692283589999781
69.2929292929293,3.312309475313288e-07,6.10265988567061e-07,1.0616009034330493e-06,1.6601468117943681e-06,2.3500894026438065e-06,3.211522451363496e-06,4.224910503773202e-06,5.349967643743618e-06,6.8889501672789896e-06,8.160194417515959e-06,9.67234745351341e-06,1.139004330290644e-05,1.3357542262345728e-05,1.5504020015048598e-05,1.7698102606840727e-05,2.0235327968562537e-05,2.269079953653813e-05,2.522867600369568e-05,2.807883362658289e-05,3.0489508921268282e-05,3.4164172103734455e-05,3.8195563674766256e-05,4.080666579734099e-05,4.4360708703373536e-05,4.764226175098667e-05,5.343108808118722e-05,5.781160913399206e-05,6.060513874990242e-05,6.501340159070396e-05,7.03182976964428e-05,7.380569483579547e-05,7.868589848715524e-05,0.00011443172229560012,8.912710729169606e-05,0.00012409331859784521,0.00010330419525614327,0.0001381886480268159,0.00014508004009037027,0.00012053579800746216,0.00018237630712750097,0.000276099082153,0.00022337586007732245,0.00032146064691615425,0.0003571933560083136,0.0004755205136758752,0.00042862508280469525,0.000582133704094402,0.00064604899147761,0.0009739908785841229,0.0008943331027596212,0.0011008160557115692,0.001479734347284689,0.001230243156530331,0.001664924850791209,0.0015652642527435618,0.002168491024999115,0.002041123092065278,0.0023751324856905506,0.0027714434298821283,0.0033815502388413947,0.0035802866805325364,0.0036993087490369433,0.003956483003718293,0.004246243025296618,0.005570007024248818,0.0049130749586605805,0.005301022966069052,0.006080056928975787,0.0065445876217293435,0.005917530427826973,0.007638280871340184,0.0073135659660314685,0.007769363861456229,0.008468163290036034,0.009653023691879982,0.010386179043241501,0.010234931106904493,0.01016111862065878,0.012054107690730785,0.012592734228872401,0.012113006802370763,0.012713754599446174,0.013972938333345689,0.01468301610152189,0.015149325098712797,0.01641981561217377,0.016186495803088164,0.01664726856013782,0.017427927594242817,0.018195799027831555,0.01945430772422943,0.01999000949169998,0.02101933065791251,0.02072884837128454,0.022348289700365547,0.021756542104718505,0.022412854193375704,0.02498852178070449,0.023834049646676597,0.02522642930809394
70.1010101010101,3.332018460914861e-07,6.107740227451686e-07,1.0139589974423636e-06,1.6093185025966443e-06,2.3626152554344385e-06,3.1775958654514326e-06,4.220825778018459e-06,5.41770709579617e-06,6.610661030694442e-06,7.944031653287617e-06,9.812430872288896e-06,1.17587464620764e-05,1.3126600261055172e-05,1.5056552439694648e-05,1.7492921696912333e-05,1.9709879734996e-05,2.245159336784508e-05,2.4786531497978105e-05,2.8007383408085284e-05,3.166264081099566e-05,3.441370155294756e-05,3.677069302650187e-05,4.1155849454764296e-05,4.3972469907166054e-05,4.770593895665499e-05,5.166961350208743e-05,5.698637955044217e-05,6.16129224697667e-05,6.476720878156396e-05,7.084081257009009e-05,7.379573302807377e-05,7.731448776073822e-05,8.514057701907e-05,8.856947354327566e-05,9.580065717210087e-05,0.00010092546008508445,0.0001330996327844102,0.00019653633902043946,0.00014851152604464953,0.0002097446260201579,0.0002465816361246052,0.00019565723578787364,0.0003165700784542334,0.00032481056323674167,0.000389030966334297,0.0003922179792564892,0.0006285109092586122,0.0005777679198994437,0.0008729062375951342,0.0007734797054544429,0.00112004045819472,0.0012135942501997356,0.001421113429022545,0.0015937584028426512,0.0017429521727386572,0.0021459554202801377,0.0021575760030996915,0.0024491387187855545,0.0026562457036029686,0.003006465834819387,0.0030343315315615508,0.0037335141637642208,0.0040077786160641945,0.003927964628852966,0.004901954239610497,0.004594863857666419,0.005163515294328617,0.004872998061147662,0.005984199569493695,0.005911561417632945,0.00710605464692102,0.007435075077883624,0.007832022454711703,0.00797759776046715,0.007785750223106483,0.00971815059081966,0.0106741619019823,0.00966318915676882,0.010449926455882268,0.011278745346665649,0.012650213177379178,0.013084348597225352,0.013406046609263365,0.014367237213760892,0.015818709514401327,0.0152926225791705,0.016434478594871797,0.01719516629776097,0.018390602508724097,0.017399151998501703,0.018880419617561508,0.018936194950160898,0.019278017517194185,0.02070864635919202,0.021682037602589632,0.021043557345558593,0.02249806928338986,0.023963008867923942,0.026158614541944757,0.025026995620354084
70.9090909090909,3.266496142744508e-07,5.904742593262128e-07,1.0332048696379034e-06,1.5806505368935968e-06,2.2532952208620527e-06,3.1512180023434146e-06,4.099310777881594e-06,5.3920353984339215e-06,6.430993321406883e-06,7.9678147166333e-06,9.270273142673572e-06,1.1456092610312499e-05,1.3267490869029258e-05,1.491018313307505e-05,1.7466268646348936e-05,1.9390601031674177e-05,2.2708597570413237e-05,2.4429266258847658e-05,2.6865497863354693e-05,3.0568595187163175e-05,3.332213823140746e-05,3.664417388446781e-05,4.041358897845365e-05,4.364975279763836e-05,4.779646971391238e-05,5.067822421907493e-05,5.480849288574908e-05,5.87460951923943e-05,6.357551131702073e-05,6.871707937339855e-05,7.220040978688484e-05,7.884470867893915e-05,8.354067382702863e-05,0.00014527490371506638,9.523218039142331e-05,0.00015435225768477712,0.00010782342366745583,0.00014027575604067024,0.00011815340656604772,0.0002676333775994342,0.00021526971218713595,0.0002517546663681167,0.0002576956332179817,0.00037350346997821766,0.0004111405210800654,0.00047832131026651103,0.0006235127729934778,0.0007982740058013036,0.0007303375552411106,0.0009243597899661987,0.001132826540145339,0.000984022341480987,0.0013393578132910257,0.0011495196367903862,0.0012220338060268208,0.0019559974937061147,0.002362481006377389,0.002283020003864371,0.002634422572188524,0.00288918645470433,0.003375986533969769,0.003183522389859409,0.0035145677806297042,0.004990104990304813,0.0044691600654504175,0.005439650197423861,0.0062292608693405105,0.00559367567624394,0.0060392786903964175,0.0062130051010698874,0.006662438775439069,0.008150209309254919,0.007732218456842884,0.008903947510256803,0.009134597506462656,0.008964255445913488,0.010817646888423932,0.010615330513631838,0.010636101526270692,0.010876740007828817,0.012507625003881253,0.013241623209057753,0.012644032280100583,0.013739372626044952,0.015588303743737753,0.014248849122018683,0.015429957695666428,0.01613187813488447,0.017848559083789534,0.018077622552960162,0.018121716736840862,0.019007638148076197,0.02035037569615381,0.019583472046866963,0.02085829447308615,0.022520299362878162,0.023929360154972663,0.02433727770414138,0.02427997530909392,0.025591535362590855
71.71717171717171,3.200816967670245e-07,5.951979874166007e-07,1.0099541481185863e-06,1.5498570844679943e-06,2.3037021550980576e-06,3.0620677657904356e-06,4.076087415661052e-06,5.212911114925446e-06,6.529598744524892e-06,7.750953796322247e-06,9.37757885341649e-06,1.1020270242684326e-05,1.2988501334664287e-05,1.512965411203952e-05,1.7016658397762926e-05,1.9853680371344402e-05,2.1731696049034683e-05,2.415358231980484e-05,2.6660876376232034e-05,3.017294581219241e-05,3.2506787459860695e-05,3.615389492281099e-05,4.083082061266514e-05,4.251811872044704e-05,4.8242011795762605e-05,5.1370611178375024e-05,5.48946320262188e-05,5.700551027012357e-05,6.592041199038368e-05,6.758050355659555e-05,7.018478138525601e-05,7.817898140439083e-05,8.128968741222156e-05,8.554383336487283e-05,9.385532416537113e-05,0.00015108464169147855,0.00016140951447047078,0.00016726371537819593,0.00014412650512792019,0.0001782781894470869,0.0002694783810219808,0.0002469863320518545,0.00033625271883287706,0.00026345545725766837,0.00042918347327992396,0.0005514758250903261,0.0005614455970071798,0.0005982801843168829,0.0006285624186301527,0.000998512045269461,0.0008502222682018192,0.0009910433363569744,0.0012519263654202993,0.0015571202534395302,0.001982739846763912,0.00210381468787426,0.0024535514466391974,0.002180164165112123,0.002265100778290436,0.0029360554985488952,0.003178258218823015,0.003328576206066059,0.0037028878702897337,0.004390469925958064,0.005460534143623993,0.004962055127613115,0.005728960493548243,0.005679520208181568,0.006652171454161632,0.005548705512614231,0.006692091886615769,0.007502033454477028,0.008553372027263195,0.008063486170551979,0.008686745860137575,0.009236894234925712,0.009847955420506703,0.010125463682775435,0.010449514961421968,0.011433676869485996,0.012231348908208855,0.012863381416967985,0.013126067740697038,0.014277524141061263,0.015572007378810494,0.016397640135806073,0.01668632461694218,0.017735600929859794,0.017946006576492722,0.01724528831168541,0.01881314053203377,0.01981034734155955,0.0200673862077418,0.020581480056730807,0.020766015057710162,0.021391446844771705,0.022479067864414486,0.023762916433495606,0.02306920091056648,0.025118875226720676
72.52525252525253,3.145656694038618e-07,5.84446691829706e-07,9.95253905561278e-07,1.5547741754618798e-06,2.188063276008986e-06,3.0502706525857856e-06,4.059968883505832e-06,5.153397287499336e-06,6.371923174014047e-06,7.763854551100064e-06,9.577954500804593e-06,1.1080246637947867e-05,1.2726858634545076e-05,1.5185628324965922e-05,1.690983271336999e-05,1.9030658147670232e-05,2.1209923064977217e-05,2.3923195067918007e-05,2.6442885891917673e-05,2.9677434891449127e-05,3.2557685545921714e-05,3.4606937150648994e-05,3.940157482217967e-05,4.312337560842542e-05,4.628512208962713e-05,4.9367972134896274e-05,5.4679635265043805e-05,5.799541244113267e-05,6.095331991543007e-05,6.639166017702814e-05,7.152003493493735e-05,7.620635712915456e-05,0.00010638254800602684,8.643301480044164e-05,9.353751716252275e-05,0.00012526535280263279,0.00010316715159757566,0.00013547039566752845,0.0001978054931558627,0.00015048398625304405,0.00018607473585722636,0.0001890339914140191,0.0002753176303742294,0.00031103179338054374,0.00037771840818660336,0.0006839923018296734,0.0005288980269266611,0.000804439443796762,0.0007865232074387111,0.0009322684544817818,0.0012115736111726642,0.0008719558808990488,0.0012296588289877246,0.001237594052786816,0.0017438254902186457,0.0018273499540883492,0.0020290711044392592,0.0028928639841135024,0.002596408116895565,0.0028336321009360178,0.002869323241154236,0.0034278276013947023,0.0039662318512756894,0.004546944098786994,0.004627520282571953,0.004678331072056423,0.005520881559063203,0.005626066826228642,0.005688246511003476,0.006396369437634423,0.006493942234832949,0.0077435136213003415,0.00793639063584265,0.007971387230163527,0.009511929940422116,0.009501057899290738,0.009314491985208742,0.01008916778639424,0.01088668719596068,0.011113574636414441,0.011708265530167749,0.013220222075560907,0.012515620533818037,0.01434092343511395,0.013517670100361801,0.014879377150098827,0.01595139018828245,0.015468998732931425,0.01748757554420149,0.017734077980200533,0.017610965181992618,0.019203655843730807,0.01930754393565511,0.020899878678152295,0.02114848722587535,0.02188270890885496,0.022382952983194575,0.023347620667022142,0.023086276412293674,0.023484816095419848
73.33333333333334,3.158963135322962e-07,5.685666453639653e-07,9.933039110156985e-07,1.5245836646302874e-06,2.2458973927869167e-06,3.0990117446853146e-06,4.107983479288846e-06,5.1124537644530205e-06,6.3356280411786896e-06,7.667198348475102e-06,9.300201639145946e-06,1.093632659194667e-05,1.2532869384916828e-05,1.4983061372718431e-05,1.6606594569568496e-05,1.9026051432280385e-05,2.0740532263419013e-05,2.378106650173977e-05,2.601535008997402e-05,2.890505338859681e-05,3.2629671521308377e-05,3.464316257346482e-05,3.8866594764676166e-05,4.2758017266176e-05,4.4902324743680865e-05,5.0668890816449465e-05,5.405498443847772e-05,5.772437293047194e-05,6.182436613264319e-05,6.575031054481564e-05,7.038358286399834e-05,7.604120080463305e-05,8.110587587384448e-05,8.670955308879724e-05,9.108984701860865e-05,9.63639199491435e-05,0.000101297300736719,0.0001365720348277463,0.00013911788291130596,0.0001722867491580798,0.0002076932997492208,0.0003258157190514584,0.00027569887787450107,0.0005294253275337318,0.00029344371064847296,0.00040749523192324446,0.0007369390944540106,0.0005826679610863746,0.0005894672660686506,0.0011987717460914002,0.0010659809325450297,0.0010514552410489536,0.0013520644507770147,0.0013068066432800939,0.0018855750800498765,0.0017301450431467557,0.002145208327299261,0.0020734327440903024,0.00279675011249294,0.002579152373142823,0.003063366188315088,0.002684729009982913,0.003884226939885552,0.00422584455794763,0.004156077081716471,0.0045329386576308025,0.005047622760497514,0.005310842899707204,0.0057360539481800775,0.00598347394196212,0.006839813841608132,0.007006769315425346,0.007463200918413521,0.008203389006814232,0.009976827771700983,0.008909239792097602,0.010047173705909889,0.010735928557262861,0.010837680492588177,0.01097260665850199,0.01181833548915752,0.013040081509593798,0.012251876142742708,0.013801581914805365,0.015019104345805391,0.014824278399669993,0.01496179161006293,0.016903637688664118,0.016622729608292728,0.017976898868100305,0.01795074953118413,0.01821303562176529,0.019528994060593816,0.020093414405537288,0.020040106112428117,0.02079620440375247,0.02155037736372895,0.022434371472205738,0.023880602543305377,0.02424954361833897
74.14141414141415,3.0527896085603726e-07,5.716400510165313e-07,9.762601843233795e-07,1.5144906936530229e-06,2.211660290792524e-06,3.0547779985144975e-06,3.980707936842895e-06,5.034276279877722e-06,6.182910381783943e-06,7.529251454888867e-06,9.123630650819012e-06,1.04152319421824e-05,1.258424829997134e-05,1.4591747038774683e-05,1.6554972386893798e-05,1.9142914077029367e-05,2.0985860293111302e-05,2.4014869507503793e-05,2.6262619327547543e-05,2.9414298577445374e-05,3.20087843136879e-05,3.509072494920605e-05,3.8616088507406994e-05,4.160940327131063e-05,4.54311683525748e-05,4.873917755824937e-05,5.249409082734774e-05,5.663227342202752e-05,6.0723374282655997e-05,6.69372979496617e-05,6.999687643820157e-05,7.430369234845229e-05,7.992958294903117e-05,8.613558695692926e-05,0.00011851355452830794,9.73709673894347e-05,0.00010200716350016787,0.00016117566274508356,0.00021849630944214198,0.00014667958467137862,0.0002882337196295718,0.00021599130036032918,0.0002206212089382997,0.00043862793821970866,0.0002830823107758097,0.0005621209248019428,0.0005160001471862135,0.0005261619342732877,0.0009836158642603616,0.0009149138376973895,0.0007319278925221822,0.0009316558884544207,0.001368539566056827,0.0013433008034847828,0.0014586969292353477,0.0019033189941178024,0.002287402561968325,0.002220574204110407,0.0024103875182193897,0.0027845120765475216,0.003708402023594291,0.003385821461027011,0.0033047300882249873,0.0040607487765095766,0.004169803494595802,0.003432263723162903,0.004527263399880222,0.005662194185042836,0.005876569284467846,0.006269086754344037,0.006575000284991916,0.0070500250868991525,0.00835207463668298,0.00794121721905846,0.008213197418267884,0.009564089811123775,0.009309733785056716,0.011019637043376196,0.010679963318005442,0.01159804056144462,0.011514991370168655,0.011517534531553447,0.013658735545505453,0.013446944818506057,0.0145632112237179,0.015860468504489966,0.01484808376637226,0.01561001489575728,0.016918543341284488,0.01717407969466728,0.016892787681471372,0.01810841529398282,0.018201589235958087,0.01851175180705706,0.02039316665578586,0.021727185708974833,0.022231196290150662,0.02324788592796551,0.022862939625086887,0.02427353503290566
74.94949494949495,3.0549887010719764e-07,5.736676109336203e-07,9.76041653626693e-07,1.4988975631961922e-06,2.2014182039649665e-06,2.9622252620316135e-06,3.963987121485031e-06,4.968733049439266e-06,6.172261196064685e-06,7.640857659620711e-06,8.991701959610958e-06,1.0591267104288957e-05,1.2466079877765075e-05,1.4391798767686966e-05,1.626892286707346e-05,1.88629827449501e-05,2.0867387196115755e-05,2.283494393786923e-05,2.5763296035751787e-05,2.8213426766421812e-05,3.164614395113099e-05,3.470153037185301e-05,3.810245081310439e-05,4.0797388288528706e-05,4.4550269648596615e-05,4.859438742848299e-05,5.2528595244524104e-05,5.669269972634212e-05,6.122546013944858e-05,6.459422962497501e-05,7.073063896409616e-05,7.558283704663373e-05,7.751499313291438e-05,8.63360396489381e-05,8.991476369223537e-05,9.408605777340502e-05,0.00010013106367081974,0.0001316049501082377,0.00011256695834105866,0.0001428071059551893,0.0003081064959668285,0.0003457852085670766,0.00024564948099712507,0.0002548463733737605,0.0002834130396694547,0.0004254818625030732,0.0004887403666611879,0.0005695167666967141,0.0007703006063028393,0.0007467414759286045,0.0010114785279765844,0.0008347123691268361,0.0011129346527855488,0.0013706694330546134,0.0013897150814376601,0.0015925761999340236,0.001902005239370644,0.002292370214524808,0.002044255259657384,0.002573156565896093,0.002902137454217357,0.002879094692961692,0.003795207011471804,0.00372674458801273,0.00497154242676145,0.0045864045536029305,0.004871853100962156,0.005668195313120764,0.005704946420210112,0.006231284200519262,0.0059904728045920945,0.007274544777010053,0.007223527452365656,0.007719799366055335,0.008315074866694493,0.009856356003397078,0.009700439730788626,0.009681225316852974,0.010570588760936877,0.010455715328676262,0.011344259660539762,0.01145522267280637,0.013254155755389326,0.01429865545419583,0.013890711763190202,0.015309301512583647,0.015856722823381807,0.01626672302863875,0.01769275240459645,0.01795636437438348,0.017508912017963906,0.018127565281070117,0.019066215672779482,0.019825997771841786,0.021812213858748833,0.020540930629869284,0.021212900097585998,0.022772568960423317,0.022756925164578796,0.023418959573309143
75.75757575757575,3.0084424447343676e-07,5.61041765544331e-07,9.576983483118795e-07,1.4933528221929987e-06,2.1202965673221124e-06,2.928050940995692e-06,3.941862189993409e-06,4.9772753316481676e-06,6.220415948391667e-06,7.307293941337964e-06,8.978893564113278e-06,1.0581104077973401e-05,1.2303722078820694e-05,1.3935661960045168e-05,1.5866973705814972e-05,1.8556166204138214e-05,2.113663303657062e-05,2.307025896871572e-05,2.6090370883401403e-05,2.876549319329006e-05,3.131054731388535e-05,3.390421716666985e-05,3.700330092805936e-05,4.0419483613039847e-05,4.395028366452626e-05,4.743838623145856e-05,5.223335997819245e-05,5.720487299988527e-05,5.834330081517196e-05,6.148869638381848e-05,6.948379272079539e-05,7.444206651612497e-05,7.937256930728497e-05,8.155931268070751e-05,8.754726629834975e-05,9.613798383674314e-05,9.757866191865072e-05,0.00012925547358867725,0.00013726286559070954,0.00014071590934332297,0.00017414463976338449,0.00028872304317871056,0.0003975994715491076,0.000429458213624614,0.0003883481831605793,0.00041795898570943607,0.000451906063674523,0.0008299962605303565,0.0008821848318058763,0.0006346290010561113,0.0008514795766856181,0.0013569633196718006,0.0009690055450523788,0.001337243230635864,0.0017674264449016141,0.0013913989506001054,0.002209036689608277,0.0023999852298538745,0.0025226222729729294,0.0025501919701407163,0.0026688213443914455,0.003259293545337953,0.0034713275756821874,0.003951882217864187,0.0040661358607783585,0.004504164614364802,0.005487913857091308,0.0051568162614654125,0.00574344978011712,0.005709548039174606,0.006389517620834509,0.007571306227842578,0.007928489743882704,0.008577344374024017,0.008651410839209596,0.008890017976316016,0.009364790754567498,0.008844235778876384,0.0107357170215122,0.01047014744819334,0.01172281135492302,0.012599488383567297,0.012021599489026542,0.012867158236663817,0.013997981285811867,0.014945839862743475,0.014999275332378739,0.015362302040768864,0.01604031328213109,0.017026833211754713,0.01732066213059054,0.01842037058738317,0.01746746932235426,0.01907543240187452,0.0203893215303015,0.01981475560378566,0.022065976506493626,0.021567313568990925,0.022699855840651276,0.024634111464265963
76.56565656565657,2.9487335899705084e-07,5.759029449949458e-07,9.211478551572345e-07,1.4727556583956791e-06,2.159693111012127e-06,2.947862836838819e-06,3.76762370298951e-06,4.832905031479624e-06,6.226143326230259e-06,7.444765077453117e-06,8.884738730364342e-06,1.0397528164213534e-05,1.2047887402279074e-05,1.3742717063952525e-05,1.618915400143265e-05,1.835390491660697e-05,2.013165301371173e-05,2.3071296278262032e-05,2.552866216040573e-05,2.7267282281512247e-05,3.0685254243645114e-05,3.4272027615361434e-05,3.7040510451072894e-05,4.0462962796002165e-05,4.436215197428166e-05,4.7683834639306396e-05,4.9901570829335056e-05,5.669368122259523e-05,5.894121646148294e-05,6.39549033742755e-05,6.825185129152147e-05,7.312776226625982e-05,7.64246942423598e-05,0.00010843921011375342,8.877091157652079e-05,9.229646673200565e-05,0.00012200461115439931,0.00015625637177178048,0.0001338984898934636,0.00014093018555809137,0.00020120694717247494,0.00020440658499959135,0.00018823365122290007,0.0003473377192347527,0.0004078204077639416,0.0005128215325205983,0.00034528708120432983,0.0005563173503377198,0.0006152788357941891,0.0005741641433438983,0.000865641938877451,0.0009727858164989662,0.0013275943944785395,0.001330851756644828,0.0015156405208221612,0.0019711962523909156,0.0023464234777907725,0.0020353286533321795,0.0025397112467330407,0.0026020034692165613,0.003497078641888053,0.0037806224683266188,0.0035441735277214966,0.004013261726357359,0.004164507010837447,0.004169428593530328,0.004902722062070843,0.004720022577457903,0.005388581236403641,0.006578506556966738,0.006078663287742951,0.006838655487140821,0.007285343378907542,0.007932543540455014,0.008512201344564492,0.00876949183083107,0.008879336782524373,0.010065060017540454,0.010512158179768546,0.010095153362980853,0.010909785246129948,0.012338231147044585,0.01254695389902616,0.013297957787617085,0.013602102632789019,0.014446635834026899,0.016077444766216552,0.015202100541583724,0.014774991770482674,0.01740936713934983,0.01777118760075356,0.01828687078685456,0.017430713188625255,0.01875736695234948,0.019794675192056806,0.022073230499966002,0.021123264365014865,0.022188354143528623,0.021904567317831483,0.023665662136314148
77.37373737373737,2.905874039591558e-07,5.60052262384016e-07,9.621658901722969e-07,1.5211880537044482e-06,2.118361752357744e-06,2.9040963645674983e-06,3.721794188296485e-06,4.910983889226163e-06,6.0495892283636575e-06,7.159936198554832e-06,8.82901360599304e-06,1.0342510114588491e-05,1.2118645922110855e-05,1.38891223786019e-05,1.5608698844304667e-05,1.7598789881393867e-05,2.057900772555212e-05,2.2332265519742768e-05,2.51382694781328e-05,2.7558042639118252e-05,3.050225488419508e-05,3.447932753305485e-05,3.708151145983203e-05,4.056585938166346e-05,4.3646272832926954e-05,4.692978365470435e-05,5.1478992030683665e-05,5.531956366408879e-05,5.928974270678209e-05,6.213237827915525e-05,6.784637955990593e-05,7.203232579663354e-05,7.598584215969086e-05,8.247347737851329e-05,8.835109727921464e-05,9.291956803611582e-05,0.00012318199871178502,0.00010097760736415102,0.00013457963405013595,0.00016432315426112885,0.00014415398107129907,0.0002529392705718963,0.00026026247131885583,0.0003163766314608574,0.0003517009394614459,0.0005428747437082427,0.0006527748536405597,0.0006801004417131442,0.0007655636465757919,0.000744490419794704,0.0010601303061818599,0.0013278235085439675,0.0009997041381218867,0.001471601825161006,0.0015286764593081623,0.0018987907610818928,0.0019510699033616539,0.0017663501430843255,0.002478701266089184,0.002829504376296491,0.0030423781674204903,0.0030553876610400522,0.0034014217590013656,0.003760067231026886,0.004203298182010347,0.004475307158665235,0.004290715076713197,0.005201367659459465,0.00685764192176465,0.005932168208526736,0.006698181440138097,0.006629925953401897,0.007573039416072706,0.007825031170880296,0.00834945801582526,0.008606559332193255,0.009259684168966826,0.010034524338090803,0.010292165876997763,0.011876396704203224,0.011784289348133734,0.011404860617739538,0.012465237157995223,0.01230242315085571,0.01430535659955218,0.01366025484856404,0.015140086181017014,0.015352752126260742,0.016282354137081553,0.01582565265805731,0.017673262854046443,0.017576622495846784,0.018942430476204412,0.018617503660091482,0.019985350415289614,0.019586553779943408,0.02096576783605214,0.021916549758855867,0.022041375430842718,0.02294176276407029
78.18181818181819,2.890673949168896e-07,5.388874412630727e-07,9.260115372924677e-07,1.457271267413763e-06,2.10520343209483e-06,2.902699878171715e-06,3.859906330305563e-06,4.876200764979372e-06,5.934994245046186e-06,7.050092660815925e-06,8.78892883350331e-06,1.025489711425956e-05,1.1929441797182346e-05,1.3529087705475407e-05,1.565505348149596e-05,1.768267012293995e-05,1.9429437410771062e-05,2.238644312065337e-05,2.528182100476144e-05,2.8022078991106737e-05,3.011915176130473e-05,3.357089111706886e-05,3.60902773804733e-05,4.012274236186839e-05,4.3538962328394105e-05,4.762354229370604e-05,4.917863064761423e-05,5.3556397239453334e-05,5.8480089714113867e-05,6.411399923564594e-05,6.747339558867694e-05,7.105470104050766e-05,7.505848174844391e-05,8.089312002966848e-05,8.618513017472133e-05,9.25519028163454e-05,0.0001225142038290717,0.00015172881147930764,0.00018523131239188593,0.00016519166973272666,0.0002211661792461855,0.0002292430409987734,0.00020760189453212258,0.0003646476722093982,0.0003753433789083366,0.0005820298078569235,0.0005646746114243274,0.0005426895617503389,0.0006271652122357317,0.0007150815899189425,0.0009246382005854582,0.001315212887049268,0.001097078612892298,0.0011727448079892535,0.0014590126772352427,0.00175239846573938,0.0018047748405985934,0.0024281984345997654,0.0019526697194287798,0.0025956166746977957,0.003314040976931074,0.002852675573260134,0.004072557517770093,0.003945500174878625,0.004196855939441994,0.004678774185966594,0.004673310599886089,0.005148402008963648,0.005375260587242958,0.005681076948285101,0.0064697888073664105,0.007260552840309762,0.007825268909570044,0.006690588123523193,0.008377037970015381,0.008470172154109681,0.008915205299906708,0.010159365416189874,0.010803169619422397,0.010633112535439897,0.010452806229874788,0.01123117038913484,0.012040811629723865,0.013066218185271082,0.013316021239756656,0.013880900566640838,0.015038445528250767,0.01545340566476661,0.01633906259934065,0.0162650280754282,0.01735420839273063,0.015675782970326825,0.018800687973378184,0.018877434319276323,0.0189849248013754,0.020568426551399416,0.022161434441259835,0.02081069159697175,0.02166984525113609,0.02183111870283519
78.98989898989899,2.8092799627675097e-07,5.320394634572806e-07,9.400493630073451e-07,1.4323150108498047e-06,2.050180887134522e-06,2.8136976835366416e-06,3.8073883133697752e-06,4.788660188262098e-06,5.8353212635367915e-06,7.212088804848577e-06,8.53581351210461e-06,1.0310222003602635e-05,1.2007138222395537e-05,1.3967576622740541e-05,1.574322002103808e-05,1.692414183240388e-05,2.008867498604015e-05,2.2407451795250043e-05,2.420475674636772e-05,2.7168244117966267e-05,3.023103211145046e-05,3.3083147840107643e-05,3.579162895065303e-05,3.8331726638640584e-05,4.323442159809765e-05,4.5878372044901e-05,5.0559787091475216e-05,5.43852481121998e-05,5.669265484533999e-05,6.0363255293383856e-05,6.505896111213427e-05,6.908358410051346e-05,7.599340944105994e-05,0.00010528825007690439,8.267102568248093e-05,8.960529528741695e-05,9.651545309053911e-05,0.00017578949709520339,0.00015765499775167966,0.00016280177758591066,0.00019431906479290385,0.0001957523109049659,0.0002546473195469135,0.0002587483181536301,0.00039795486646566403,0.00035226116392784394,0.0006137425490571456,0.0005709339932064608,0.0006271037303568413,0.0007565095485028449,0.0010677612766498595,0.0009760368414773606,0.0012583010502834988,0.0013656682962684226,0.0015735680457591922,0.001984318306080474,0.0018886276094388329,0.0024555458679442616,0.0021198009567593317,0.002656640634471379,0.002994874478194734,0.003190724615511181,0.0037254934241249204,0.0036707090566239203,0.0042596069284551105,0.004128220251074216,0.004501745835841642,0.004677157366955112,0.0057634491436346965,0.006167586537161362,0.006018470620074324,0.006771534788915602,0.007246264423551758,0.007996200925526971,0.007758819836963974,0.0085263168959197,0.009165869777985112,0.008816383564449498,0.010306665610980715,0.010626997784928531,0.01198928660366186,0.010724643735613963,0.011262877585691637,0.012850960459414822,0.013166120895174197,0.014614120920656774,0.014357018137020748,0.015818154754287172,0.015694507969679642,0.015330074490044638,0.016990413246322295,0.01641259119260417,0.018452987354639527,0.018036491510517158,0.018979366000608313,0.01926563285861642,0.02050625907950659,0.020462733234926773,0.022736650403355818,0.022258490446068535
79.79797979797979,2.8181315959688207e-07,5.326547189955594e-07,9.221671434144162e-07,1.4492722924647654e-06,2.032805609486485e-06,2.818088124028665e-06,3.6811831553464488e-06,4.709243982401353e-06,5.834073683372831e-06,7.079860763778126e-06,8.444415569403366e-06,9.881196247493915e-06,1.1465982549963914e-05,1.3837035110085662e-05,1.564122335680722e-05,1.7396926613935915e-05,1.984691868894134e-05,2.1687111695315365e-05,2.463364002244898e-05,2.6693656344442392e-05,2.9189250579084298e-05,3.256105409317207e-05,3.541310799777282e-05,3.984682765184755e-05,4.208031452658509e-05,4.597128042286478e-05,4.934332699591857e-05,5.3279646547439016e-05,5.6741538228316914e-05,6.046246431671196e-05,6.521521485703999e-05,6.854467187178516e-05,7.330128421523682e-05,7.834415240844194e-05,8.51068043507598e-05,8.629115343113995e-05,0.00011919661874413532,0.00010094757835604004,0.00010611894663107438,0.0001606652647690998,0.00014282158936836914,0.00026977148414718667,0.00030449701056605745,0.0003390319403785143,0.0004891536476994598,0.000445125970324872,0.0005001173165658924,0.0005369731225009849,0.0007432690813100726,0.0007237315885297036,0.001127714130711895,0.0010163926864096254,0.0012420020327782043,0.0012823047939321164,0.0016043531490232443,0.0019688399315546386,0.0019179295397801603,0.0017347165555458566,0.002215847199651053,0.0028099962610975944,0.0027128492748596253,0.0032169688352349517,0.0031244685502999376,0.004037472170123704,0.004216202244400894,0.004312134795996249,0.004202270481714972,0.00493520566909197,0.005250874452097584,0.005637383072221635,0.006014605865200828,0.006452468254519206,0.007036462690589574,0.007796361534512818,0.007973201389689058,0.008609341459624303,0.009025899710275807,0.009103119177648458,0.009435959793412479,0.010587189047273703,0.010096450274082765,0.011351431797672942,0.011587023839231752,0.011705527592249113,0.012848693974712845,0.013268281285813123,0.014431618615902772,0.014172287128233901,0.015465210409692062,0.016380457984268647,0.016614821098488067,0.017280668051220822,0.01809974080021513,0.018967451781708174,0.018538945960360355,0.019170275027153804,0.01947910435765633,0.021264227518671276,0.022086774684365384,0.023318796152668585
80.6060606060606,2.825385588622872e-07,5.265019235050295e-07,8.818374564928392e-07,1.3965165408393372e-06,2.039829291511736e-06,2.8524233052209203e-06,3.628622384197442e-06,4.658553008624731e-06,5.8050686125303855e-06,7.042093867990576e-06,8.314030531342562e-06,9.84634647444621e-06,1.1640135642071284e-05,1.348773364553707e-05,1.5150734081812622e-05,1.688660729737733e-05,1.9658051716521142e-05,2.159835211859641e-05,2.4208357322790323e-05,2.6825900713711337e-05,2.9470510896860767e-05,3.230919399493156e-05,3.5673897883003546e-05,3.8070518790453725e-05,4.147826003118944e-05,4.624797409642153e-05,4.8358826905631635e-05,5.066845024185088e-05,5.5889549285810704e-05,6.062575885777085e-05,6.541485032079856e-05,6.903476680085646e-05,9.550129976750019e-05,7.644800157686064e-05,0.00013304578593959965,8.70969117590366e-05,9.300420345819902e-05,0.00014952971417401525,0.00015459651208440595,0.00013403024421155624,0.0001423450466770622,0.00022004379207210217,0.00018005937536216251,0.0003083447101947512,0.0004348487924218997,0.0002985767765040029,0.0005690593544458397,0.0004323051361389856,0.0005881419823814659,0.0007865926080031034,0.0007001677907376297,0.0007506834330503635,0.0010178495652006306,0.0012432938630050493,0.0013726380004954989,0.001278602935599591,0.0020758245956357642,0.0021820797855922093,0.002383027622901279,0.002940857530909124,0.0029198947210869997,0.0031375851681693847,0.0035366727590964786,0.003433011490955552,0.004287743578490036,0.004595600421684155,0.004053198149968146,0.005133886199567687,0.005393426712047511,0.0063203020072808164,0.0058708439548975505,0.006951200723395502,0.0072165708301773195,0.007125928530373368,0.0067433318744932165,0.008186835547178336,0.008764805906963104,0.009351856452024208,0.009738611314175704,0.010677503861259433,0.010857760985720957,0.010173024320555427,0.011067867801013972,0.012048651627433828,0.013992912880710145,0.014623720212109618,0.014844167520946723,0.014860825423854118,0.015381834512308177,0.01447546172188159,0.01609062864128181,0.0174131955022674,0.017492188676112744,0.01883716765047748,0.019288443247078048,0.018634729196849498,0.020346626350085283,0.021219986375412538,0.02276217707660307,0.021219159817733032
81.41414141414141,2.7939953589400795e-07,5.141888678949182e-07,8.887671610959467e-07,1.3955091768240863e-06,1.993410391300126e-06,2.714507952656461e-06,3.544867153905476e-06,4.616718249103225e-06,5.780238866473125e-06,7.099404274750403e-06,8.21948614720365e-06,9.916358948793226e-06,1.1623987629238905e-05,1.3124511728358335e-05,1.497324859258474e-05,1.6751803362601214e-05,1.9344355053483938e-05,2.105071871232131e-05,2.401762467621876e-05,2.637661481293888e-05,2.8200532868243557e-05,3.194242067626903e-05,3.4589897124180015e-05,3.807083131121436e-05,4.042748953835168e-05,4.55599433923339e-05,4.749035989138723e-05,5.20302240280845e-05,5.697643088569093e-05,5.9429891204008746e-05,6.656361680925477e-05,6.758272818633631e-05,7.312630943045866e-05,0.00010046959937445758,8.363636078563174e-05,8.622761600062423e-05,9.036003676178996e-05,0.00012035935056367868,0.00010344401202229209,0.00018523493893707742,0.00018693028196900866,0.00024256874213101032,0.00022076601317250102,0.0003522192396253767,0.0003076007201715627,0.0005144780783492345,0.00046708253811195155,0.0005987014728425832,0.0006556005974293273,0.0007617211656437343,0.0008844415411567575,0.0008440083281485847,0.0013161709228789403,0.0014222503575209433,0.0011433665196135187,0.0014617289782740833,0.001976781618672235,0.00206731745423355,0.002363698332579119,0.002498414054827463,0.0028866220446501396,0.002927909582923882,0.0035582277713124837,0.0035571537562253666,0.003714112158583396,0.004947691806851965,0.0042972747384945765,0.005418400058455286,0.005700187991577224,0.005487592392493685,0.006354770837408511,0.006614466710592605,0.006707588946236555,0.007602051352113682,0.008239098453310336,0.008479015738303277,0.008190205260462765,0.009775367983537484,0.009887842087264113,0.009861347712685478,0.010388713123649177,0.011081533438719296,0.011222506005484606,0.011471237655219822,0.0124777097039771,0.013956269975464798,0.013955530410257018,0.014991832783309976,0.01556393061137223,0.016354404994409658,0.015900616924577657,0.015104568905085224,0.016999334077998578,0.017807800569541638,0.017577402571029282,0.018435672866376884,0.019779462398581665,0.02044679124088096,0.020378189448424542,0.021046984783914792
82.22222222222223,2.755106265236142e-07,5.194837928936671e-07,8.800385758554178e-07,1.361455083939379e-06,1.986517496986523e-06,2.7001567660073265e-06,3.5590204013499423e-06,4.559103551899808e-06,5.664628507212736e-06,7.018194318393554e-06,8.158277403405845e-06,9.62185074834343e-06,1.1314228381265612e-05,1.2987140646240427e-05,1.4711212729326301e-05,1.7308854350827464e-05,1.928141726318331e-05,2.1128839603640547e-05,2.3545645522370297e-05,2.585681234722842e-05,2.9233533212809e-05,3.1778679207052925e-05,3.511875709820903e-05,3.8273515695749495e-05,4.0445574788292696e-05,4.389425113416754e-05,4.6246343175195906e-05,5.082751489528992e-05,5.534532607344505e-05,5.913977522894625e-05,6.280666250218019e-05,6.625501455091446e-05,7.206057653677809e-05,7.786638499294555e-05,7.805996294634494e-05,8.80775971275244e-05,9.313469184691361e-05,0.00016825365825346057,0.00012484773203387203,0.00013221059446236083,0.00023542208148125292,0.00031474176800424787,0.00024706036167568924,0.00041975757760204864,0.0003074380443379134,0.00033728062732850617,0.000563481794747965,0.0004242630150737617,0.0007490409182446749,0.0005613098510357405,0.0005613284105557486,0.0010329053703488956,0.0012039493617226114,0.001163879803396562,0.0011341870026289605,0.001477533270333967,0.002078360528943439,0.002233955776624236,0.002388896218781774,0.0024754075326074328,0.0027745901513888016,0.0032376089916207763,0.003204138066297778,0.0038549403767114683,0.0037914778170781874,0.004321431218077111,0.004596810409380942,0.004934152859608152,0.005137771696383345,0.005384627623128178,0.005895823848069901,0.006258444791036383,0.0061895655252651805,0.006521772518196758,0.008031057009362703,0.0084093926932571,0.009311503504786336,0.008850724214519106,0.009601466723109454,0.009160498532551093,0.010367401554801703,0.01122684317642638,0.01197239388740629,0.01245930351049066,0.012776869030182802,0.013297575923070033,0.013672148413854314,0.015132684083859791,0.015038785809751824,0.015130128968473083,0.016071877391168003,0.016093010972685534,0.017293294874963273,0.017641975612720996,0.018330724161593103,0.01951842815257998,0.02062469672551767,0.018989762059975008,0.021482001064582913,0.02118111369581318
83.03030303030303,2.742050214094606e-07,5.242919936024705e-07,8.782994825393263e-07,1.3748780465693566e-06,1.969535180135357e-06,2.578021692063601e-06,3.5628615184838703e-06,4.466290542958491e-06,5.604730342713078e-06,6.834036103431515e-06,8.130890912104617e-06,9.54757976481343e-06,1.141958770481259e-05,1.2934678281017337e-05,1.486100220672572e-05,1.68404139273975e-05,1.8934825083650404e-05,2.1427512507123915e-05,2.322093976702407e-05,2.6528800686434378e-05,2.8653001942143676e-05,3.123143578751753e-05,3.3415593591406955e-05,3.796505613249465e-05,4.0528676597162515e-05,4.474919044012566e-05,4.75942109555035e-05,5.0067017335089636e-05,5.5288848158673045e-05,5.933742269644367e-05,6.228029855381282e-05,6.596323218072711e-05,7.11580888512149e-05,7.539316675562198e-05,7.909016818386185e-05,0.00010919780898202673,0.00011515169758443906,0.00012067908614634893,0.00014949308442961833,0.00010669808075500109,0.00015895695452718798,0.0003084087075020419,0.00019377555849795313,0.0003207790167335454,0.00035289180344640547,0.00040627626449310457,0.00041123674218675096,0.0004427876697987805,0.0005973783196735994,0.0009829330811766842,0.0006519199854144017,0.0009288699271739507,0.0010960161862516523,0.0009638441266141783,0.0014232387423397598,0.0013738616388143552,0.0018551874682332993,0.0019755601308953587,0.0023699091904275022,0.002068347006346722,0.0028825190994707754,0.0027778166429305016,0.0032135922509411896,0.003585354666880328,0.003989589422091235,0.004342365160996309,0.003987286632214381,0.00487059892668387,0.0050392444516012685,0.006154723026903084,0.005790869928073468,0.006678536316001748,0.007297141078069404,0.007160699972122771,0.007663546608879269,0.008084051103940126,0.008628166399369822,0.009583828776810126,0.009779338978875942,0.009834057597488614,0.010325506087448987,0.01075771466556915,0.012327856406131125,0.010882451420000432,0.01290680514150902,0.013811940468228855,0.01389011613952654,0.015745841363390373,0.015746584111924096,0.01541831559066419,0.015915138166318406,0.016992510894588073,0.017940390513960573,0.018143637214048432,0.019363529842371805,0.018953601464287893,0.01891425814308377,0.019491798545068096,0.021087529174615177,0.022178499797913146
83.83838383838383,2.733015250683431e-07,5.202425108854672e-07,9.041221105874384e-07,1.3555058967109569e-06,1.8892599618177315e-06,2.6287412555731632e-06,3.591823333825203e-06,4.514646535742164e-06,5.560030804113105e-06,6.706240752499838e-06,8.248851067011483e-06,9.521475179392883e-06,1.0845495284824672e-05,1.277613930408612e-05,1.4806985388763999e-05,1.649606069191561e-05,1.8247234163894272e-05,2.080836107386718e-05,2.362791202318075e-05,2.5643655924797443e-05,2.8720886380879423e-05,3.114804682161351e-05,3.455679794308855e-05,3.6419026600251344e-05,3.9280676254598276e-05,4.225493555854015e-05,4.623875570026204e-05,5.10316160432714e-05,5.4072645232890595e-05,5.824436631325624e-05,6.157532786593294e-05,6.737109499681016e-05,9.514664575205662e-05,7.580309148447449e-05,0.00010333256337184822,0.00013219971636416447,0.0001125548534227462,0.00011631544418733337,0.00014703080790825124,0.00022266512351145503,0.00020441706388273851,0.0002635760617267473,0.00016802178392011656,0.00029307858932848857,0.0003747308218391902,0.0003539258834537341,0.00029153091357498744,0.0004388034954739213,0.0006565518943300019,0.0006652034696116026,0.00084093235403056,0.0007727307764492242,0.0013484765588799993,0.0013374970379257045,0.0015335690596347813,0.0015641609480327404,0.0019036765090888455,0.0020129637911981187,0.002201350802835208,0.002752904463541439,0.002809800211970629,0.0024286659411655947,0.0032208894174512665,0.0034667332942888438,0.003352185908319442,0.003968612633471186,0.004153793705040992,0.00454102314927706,0.005186623459065521,0.005716281706281014,0.0057719573768356056,0.006065153894745839,0.007203575357245554,0.007242595444721044,0.007409510493328927,0.007969660710222896,0.008318287295414483,0.008879699898042092,0.010149512380912865,0.009688355011214761,0.010742762224052604,0.011245518296587622,0.011206181521015449,0.012547837097318996,0.012469928001630083,0.01385495930228364,0.01336851959319253,0.014271422347927876,0.014439297877917262,0.015527656850589258,0.016246396467648465,0.01598089109634139,0.017298281468707138,0.018862948286989728,0.017342495346942415,0.019028608157077118,0.01980788151996993,0.01988304455732784,0.019245382809324366,0.021282245785359116
84.64646464646465,2.7129473589365646e-07,5.099910733914758e-07,8.449600762364472e-07,1.3298191409533832e-06,1.9366151343156035e-06,2.7040378493415117e-06,3.519438845321779e-06,4.506673616393654e-06,5.623680579405365e-06,6.542330134323808e-06,8.051617215699118e-06,9.40926999662914e-06,1.1150795709689929e-05,1.2496165659126162e-05,1.4602763219810285e-05,1.6128113311592624e-05,1.8090923629606782e-05,2.0700071715995184e-05,2.337892707907623e-05,2.5887201758668272e-05,2.8318122207148273e-05,3.070363405542078e-05,3.3570580762801205e-05,3.7111146609234224e-05,4.017726318429483e-05,4.368106863940947e-05,4.5775181335263463e-05,5.065606687021531e-05,5.265064013661122e-05,5.907249329565034e-05,6.24869138040962e-05,6.522362837169686e-05,9.308167576117774e-05,7.337674079260086e-05,7.835323518367974e-05,8.458195771753193e-05,8.743863669181732e-05,0.00011822390563497102,0.00010102426201418608,0.00022219415297615965,0.00013450159710432744,0.0002537543717698707,0.0002851535188664668,0.00022254945396147537,0.00039240524645095347,0.00034819680655153953,0.0005002363985881377,0.0006442461697841224,0.0007482885513872087,0.0008890657968452804,0.0012254439733326392,0.001129248357655446,0.0011956819338179115,0.0012755063310440136,0.00134720474833479,0.0016571179878615667,0.0015998444343618883,0.0020875399879318568,0.002387581544061384,0.0024873737187550643,0.002900794377581583,0.00309837569655875,0.003106838717239078,0.0034420177061932913,0.0036192772210387977,0.004026444067382865,0.004440704471007564,0.003965636092370356,0.005373079722361895,0.005354058714923775,0.005562131093900335,0.006276222151101062,0.006475480944534559,0.007840743212920765,0.006930152194505917,0.00787298433579508,0.00855453663293279,0.008657563019843752,0.009390997731459029,0.009752252114978514,0.010858177468907168,0.01092198207707412,0.011415824344918682,0.011963110608627646,0.012327518327014201,0.0123663295960243,0.01415179274765938,0.01404301370290066,0.014319659713933333,0.015101609687146692,0.016026841154113895,0.015779937469906993,0.017928895118881665,0.016983241242328227,0.018071509855738563,0.01872909779530759,0.02009471202722017,0.019961993669033642,0.020418165750079074,0.020965159417772418
85.45454545454545,2.669141685590435e-07,4.998462152842491e-07,8.609600498767394e-07,1.3108904869463262e-06,1.945278596345877e-06,2.6811686226679187e-06,3.5019473008834604e-06,4.501003497503302e-06,5.614354395268205e-06,6.594703626784031e-06,7.91538533614384e-06,9.443887199006265e-06,1.0892679949951661e-05,1.2485992227021945e-05,1.4485580591296173e-05,1.6336743013249445e-05,1.8317140955813825e-05,2.019536957776003e-05,2.2966874413977244e-05,2.557983072533243e-05,2.7819081692723413e-05,3.071747866337705e-05,3.370787490701945e-05,3.68939568771453e-05,3.952602529979461e-05,4.208738646021315e-05,4.424464022383755e-05,4.7299351369850664e-05,5.271472369487279e-05,5.7168361206160555e-05,6.23831506122273e-05,6.47848216352031e-05,7.01997332849956e-05,7.476597518222517e-05,7.802688086584057e-05,0.00010466697166470583,0.00011242111713081946,0.00018486564125570212,0.00012157193283155037,0.00010177979994425561,0.00013356200665334516,0.00016147430253977513,0.0002586098167011518,0.0002447939155910358,0.00036651856051204507,0.0003501645583521758,0.0003519317080703283,0.0006230432751160917,0.0007169410647511324,0.0008099987381865317,0.0008692151435878092,0.0006204816797800902,0.0009723639392479709,0.0011974869068125816,0.0015435870697446926,0.001681493302206717,0.0015414708670394887,0.002100574126659361,0.001957152816572302,0.0024438052892447044,0.0025754506989645065,0.002830787384823738,0.003351984469821979,0.0033275521757509773,0.0033586930346747854,0.004009444356737532,0.004126441145071788,0.005208445102212174,0.005329103291047504,0.00541439201515327,0.005685531813708083,0.006415883560569392,0.006173427841338616,0.006527055693917234,0.006740863784683308,0.0074418917277032474,0.008759289592148901,0.008239235398619357,0.009298635018504925,0.009656559239488383,0.010226767678711644,0.010895350666913774,0.010804426600989375,0.011472129133118085,0.01196940844241844,0.01238906699833085,0.01379117175822403,0.01358711582896048,0.01517612543290559,0.01547101365392991,0.016106970179951777,0.016569335585745523,0.017179479420608736,0.017961933270835607,0.017702124821731686,0.018880589621650797,0.018670167844027922,0.019474735903967696,0.020323199368436025,0.02129679650109937
86.26262626262626,2.568780929799029e-07,4.988626224824967e-07,8.41397007379861e-07,1.2999312476725397e-06,1.8764845363989133e-06,2.5720692225715713e-06,3.434670482595685e-06,4.434882371502882e-06,5.426765761732503e-06,6.504860160350953e-06,7.94788407183655e-06,9.283064524625154e-06,1.0624853749941027e-05,1.2417839689254197e-05,1.4196343505845888e-05,1.599170041203668e-05,1.8227457025719766e-05,2.0843700813166986e-05,2.2948802687752757e-05,2.5045488610130575e-05,2.6750564988101154e-05,2.9528273457653642e-05,3.31435805801417e-05,3.572633503332716e-05,3.7223838392342454e-05,4.136444210556759e-05,4.578706913099199e-05,4.833971215697406e-05,5.261649058519498e-05,5.5076508171541636e-05,6.11588708153334e-05,6.452605191595249e-05,6.809985391716785e-05,0.00013829243707148077,7.713434281898137e-05,8.432416930817112e-05,0.00013219484047533828,0.0001356309833685705,0.00016618123350955124,0.0001248647512924435,0.0001978359171679672,0.00022771602312750893,0.0002556478218326438,0.00024296251338065336,0.00024565770581015623,0.0002757278183908731,0.00046941603198118393,0.0007525397357284202,0.0005461376237126652,0.0009718756699425878,0.0009774203419645748,0.0009130583947272047,0.0012861676968829805,0.001111720359229804,0.0012070393476497896,0.0017521247044415518,0.0017121864838038014,0.0017190063862369677,0.0022101856029275247,0.002358071828537539,0.0030331118750596296,0.0027373625604105046,0.0033952498575702734,0.003705506549925753,0.004010839307443088,0.00446161519950403,0.0042789606480295945,0.004104839677627175,0.004802929940252752,0.005434391897254522,0.0058828310918609536,0.005786896218881476,0.0061329522169812235,0.007255389452860665,0.00815835171579349,0.007587259308665631,0.007417508337915587,0.00951038382782938,0.009218575013032236,0.008889736209556626,0.010251719289825604,0.010781242370154494,0.011228507012867917,0.011905022011805698,0.012299237761821949,0.013091509379276983,0.01333948779796666,0.01347719401295126,0.013985078950109746,0.01586718235432921,0.014431998985071972,0.015992167007224698,0.01607281236548999,0.017470565961200002,0.016227731869705105,0.017763533388693332,0.018229043294360186,0.019019241032775063,0.019903198417248687,0.020288460423692836
87.07070707070707,2.619677147761741e-07,4.7283968161493697e-07,8.397474232233703e-07,1.2954979088197108e-06,1.8683730211563793e-06,2.543774258219959e-06,3.473046583550942e-06,4.322430893500564e-06,5.363329189578232e-06,6.3945013997711905e-06,7.676274881411113e-06,9.159101508240444e-06,1.0621853457297934e-05,1.1891937929844013e-05,1.4320656221599138e-05,1.578890768212605e-05,1.804359103916751e-05,1.99459080971038e-05,2.199045141698598e-05,2.4612573823809518e-05,2.657532826689054e-05,2.98527300683719e-05,3.259477428070755e-05,3.442708202853503e-05,3.947366262065167e-05,4.219286086688806e-05,4.4752800187985955e-05,4.8888057319844926e-05,5.242156034059521e-05,5.6987908121273636e-05,5.967079258715975e-05,6.422281973531923e-05,6.732994271259059e-05,7.275801411280519e-05,7.774370654956886e-05,7.920572807185152e-05,8.526074217627295e-05,0.00011515276089439057,0.00012005798636809475,0.0001694387936999251,0.00010676592257579996,0.00017893845731756518,0.0002570233823613664,0.00028472153491453176,0.0002012077643121916,0.0005232192971099352,0.0003495472026512242,0.0006066410677322583,0.0006830481476088525,0.0007779053744449955,0.0009385838021631481,0.001219510450384567,0.0009605552995160632,0.0010396388041092788,0.0012185051195939235,0.0013659113712756802,0.0017672028778027453,0.0019074226355163468,0.001764322560059683,0.0019658303999237807,0.002701687395904051,0.0029275563224744686,0.0031874357445863415,0.003498996884090097,0.003973381912984185,0.003565431657970506,0.0048226006258044705,0.0045896030642467835,0.0044782528155848655,0.005353028178508752,0.005133353147585022,0.0064718871091912124,0.00646554710915011,0.00679764698956522,0.006733458977543188,0.008500255451424955,0.008159553740576876,0.008937630325150082,0.009899187043823775,0.009655027800436308,0.009575686988436118,0.010574606227287293,0.011157649289353923,0.010953992253652664,0.012538105060863235,0.012665102269034527,0.012860448222465005,0.013204131812993,0.013251474419453868,0.015007238794676192,0.015285934229987117,0.01581710156437494,0.016724342033171972,0.017835030857243365,0.018860616697780063,0.018282050030834152,0.018597776632286553,0.018461060280528494,0.019180804292843752,0.02084661346424159
87.87878787878788,2.6271651109261094e-07,4.822007703569161e-07,8.17907474778783e-07,1.2924187256119292e-06,1.84515974288234e-06,2.500057960833214e-06,3.3963397477869307e-06,4.230954559992184e-06,5.210872916391529e-06,6.577502009725232e-06,7.65214540781989e-06,9.051407388410612e-06,1.0793434875407377e-05,1.2536135627049932e-05,1.3844962994463778e-05,1.5955720804320073e-05,1.7676300763460213e-05,1.995804181560576e-05,2.145879461719751e-05,2.4126893807350035e-05,2.70508042493039e-05,3.0021391807637034e-05,3.091186088387811e-05,3.444692355452189e-05,3.802531535986052e-05,4.166558311046806e-05,4.68992558225752e-05,4.8884939362849945e-05,5.309819543197529e-05,5.53717790101115e-05,5.9287049381289094e-05,6.381848842126835e-05,6.844305099022487e-05,7.28563466731359e-05,7.663421212242408e-05,8.189279610606479e-05,0.00010937608024134715,8.949103835870464e-05,0.00011751200843092207,0.00016776285728772086,0.00019387100681727136,0.0003149338687351196,0.00025489578805747745,0.000280364519870388,0.00046711360321987304,0.0004749046937017635,0.00032368068418759006,0.00044049757266810926,0.0007202683068784831,0.0006809722011077787,0.001005057966567829,0.0010099900204927736,0.0008595525477090572,0.0009804878504479611,0.0014765930587887536,0.00183429979898306,0.002240935095342693,0.0019742238411513133,0.0019197452192785214,0.002305336596950379,0.0027511690296254192,0.0024641464558125895,0.002552125643218908,0.003321524049051189,0.003560087350122984,0.003989308450388755,0.004281781354936598,0.004399043622022527,0.004657887333884812,0.005598947737356377,0.005506751225289824,0.0063388329192550314,0.0062079680295563785,0.007222653388996863,0.006685708092940202,0.007772369263334795,0.007369732861203363,0.008485939275267428,0.009345459013118791,0.00957632405472985,0.009483665924880706,0.010608202683927766,0.010260673493889554,0.011425115260391612,0.012031555768028881,0.01207013072695127,0.01237620239687726,0.013204127466111827,0.013500827693426845,0.014076005154123845,0.014231905674496932,0.01614127945443425,0.015845433458999435,0.01678923978550684,0.017028626171446286,0.01802620562641878,0.018940563087481755,0.018890417740570122,0.019933649463238525,0.02043421600011979
88.68686868686869,2.5676848423114676e-07,4.7252379105171585e-07,8.187946984233005e-07,1.25327345411564e-06,1.8467249379978327e-06,2.5736180746359133e-06,3.31060076360606e-06,4.269563911187339e-06,5.305941457917212e-06,6.33027663709578e-06,7.744253282465213e-06,8.909146695725251e-06,1.0612754929464297e-05,1.2215688706284841e-05,1.3972542949248098e-05,1.5866740117336402e-05,1.7606930515799325e-05,2.0047955264663517e-05,2.2537154424635525e-05,2.4011561401130764e-05,2.6967602725607316e-05,2.8862025789542156e-05,3.1648408692126405e-05,3.486462483615941e-05,3.921839967227339e-05,4.037451527627529e-05,4.372428286869665e-05,4.7879878943565005e-05,4.93137165144828e-05,5.610364951509803e-05,5.830981607632106e-05,6.139020495411846e-05,6.626477195591609e-05,7.231767371827888e-05,7.56598385743255e-05,7.842966035402866e-05,8.442759099476017e-05,0.0001587003884579984,0.00011719212096594327,0.00020975139367205645,0.00017261711335293386,0.0002051473599146043,0.0003173615415571592,0.0003006864425802619,0.00037642205332344083,0.00037948571083694247,0.00045445397261312676,0.0004356938822411205,0.0006890213681833514,0.0008088909464029992,0.0008608526497645091,0.0007974544450936306,0.001254107291592714,0.0014380017400211897,0.0011550829276974007,0.0016969044965365868,0.0017051094971134838,0.0018037740583965174,0.001968590863185278,0.0023767750123020862,0.0024516387350284673,0.0027739573282605156,0.003143495775544607,0.0034154396110887874,0.00348901237465804,0.004262817494113635,0.004401807266995811,0.004520225479863517,0.004884685704859228,0.005392370320686786,0.005952472535096721,0.0056771863353453095,0.005660441315444234,0.007008800483984353,0.007057693088094529,0.007776166676280625,0.007981535131159203,0.00814159575655791,0.009029724565689142,0.009180726442435325,0.009523506637664854,0.010268784157407984,0.01098667427007898,0.010721865196325689,0.012256823266976424,0.012004903522904127,0.012393512826033005,0.0129550519753778,0.013506355669388702,0.014016364156266684,0.01473151717097478,0.015277107787887831,0.015775703546744055,0.018196748031149144,0.016583169877041583,0.017234965384622665,0.017959487393565,0.018807440254426325,0.020407467313984275,0.019776237968208942
89.4949494949495,2.5360626096635717e-07,4.7599922734470337e-07,8.057288622807565e-07,1.2466477920082372e-06,1.85843368080182e-06,2.479092893489483e-06,3.3487036002669536e-06,4.139254461617818e-06,5.22687621383139e-06,6.368242216583811e-06,7.670675365897988e-06,8.83141391533773e-06,1.043880650732043e-05,1.2050407746730218e-05,1.366346079549033e-05,1.53522827936767e-05,1.77426972101046e-05,1.9874044738523948e-05,2.2506835094817466e-05,2.3936680225343394e-05,2.6143772262836884e-05,2.9142147101247266e-05,3.201409133988949e-05,3.401916986130657e-05,3.799180690819204e-05,4.1052159104407627e-05,4.3654780463392636e-05,4.7204406579096546e-05,5.042150029126475e-05,5.505458810409373e-05,5.777185605210604e-05,8.369007798905031e-05,6.495933076666699e-05,6.902147989706577e-05,9.750293662532552e-05,0.00010283776982033993,0.0001505841525822987,9.105623862862932e-05,0.0001390068797969123,0.0002116679497210714,0.00019337089129306306,0.00013197203646538508,0.0002500907190897702,0.0002790533448769001,0.0003068428385438273,0.0003966655295752869,0.00034361590473027043,0.0007891068616219704,0.0006647860435495229,0.0006690344666164061,0.0007874975538776745,0.0011019243792992732,0.0009739419978390081,0.001050223639958606,0.001519471168277503,0.0017514757697566668,0.0017579176917946115,0.0019674149948099087,0.0018832679223090864,0.0025388236777300344,0.0023726318808669268,0.0026429764412260292,0.003494087346744955,0.0031494838391392214,0.003564785975870596,0.0037261979218515024,0.004110519960831128,0.004265263376951805,0.004981959581953233,0.005153512632613646,0.005420733846140605,0.005934456238511964,0.005660984513325097,0.006708495829158765,0.006744502424122675,0.007107580371826474,0.007727822550130993,0.008279466705595758,0.009086228928324763,0.009111075408717332,0.00941486257467556,0.010453076745949542,0.011286481148924074,0.011999187759389856,0.011273020189776434,0.012881056580589712,0.012763339804270503,0.012499709664984725,0.013474805883296442,0.01471256242249973,0.01439727042475011,0.014942033888819404,0.01600713133764353,0.01707803288053667,0.0161056404149123,0.016261919743057372,0.017646820432589236,0.018695090431435756,0.018405688608731926,0.01969361375697459
90.3030303030303,2.5202269406186875e-07,4.777529370231032e-07,7.932995773992961e-07,1.23706022165107e-06,1.8167283604394916e-06,2.4668123885225595e-06,3.3080692186226633e-06,4.092281231180245e-06,5.15336765863812e-06,6.281095241687694e-06,7.639981727341313e-06,8.510393644743748e-06,1.030034626496093e-05,1.155097632162842e-05,1.3270898645821538e-05,1.562828976271454e-05,1.7124103519007267e-05,1.941262810471752e-05,2.1981381363422885e-05,2.3536760954162146e-05,2.6509078839010268e-05,2.8926404522643922e-05,3.256914788905071e-05,3.487249674371487e-05,3.758866384376609e-05,4.0746782365015017e-05,4.2861881297441716e-05,4.531215185218325e-05,5.008751359882499e-05,5.3412299454787894e-05,5.86850354259967e-05,6.070401183810869e-05,6.700262096425398e-05,7.13959363336134e-05,9.703469994834606e-05,7.841739929345277e-05,0.00010592616679080728,0.00011128435275011438,0.0001583037685735429,0.00012120541317213174,0.00019090021507886081,0.00019902366990860566,0.00029422145253012123,0.00031615795395354774,0.0003247100238727347,0.0002647801708229966,0.0004469121719724123,0.0004957808759989349,0.0007173648330561426,0.0007035995860072632,0.0006914135766198657,0.0009600633177016683,0.0009246361440666472,0.001062403195964371,0.0013721263943094423,0.001496362271331561,0.0017680441148965069,0.0017803756309938852,0.0021103783040542453,0.0023728301209917932,0.00254634396200631,0.002335476686325494,0.0030206530652542186,0.003283638421210398,0.0032927506809830327,0.003449022859928252,0.0038696465873767046,0.004578707068407038,0.004500040095813719,0.005169849442274477,0.005353891350014562,0.005662221321145144,0.006210499731556682,0.00680437847092272,0.007259123838585819,0.007412043439420795,0.00792706700118746,0.007899314341397746,0.009351081363787853,0.009465837363149288,0.009459381666844305,0.00950113745603193,0.01105076800944287,0.01093901817668805,0.011603967429827418,0.012103178377328886,0.012683985057307565,0.012355856507086318,0.013906940359545882,0.01396973773955819,0.014032272029215158,0.014865169118926158,0.01579556961883943,0.01693229345743082,0.015997149066712752,0.018091112579651184,0.018194198940592928,0.017997112252008066,0.019736204037819106,0.019652871077194108
91.11111111111111,2.546575119560576e-07,4.667600562478769e-07,7.890753984151796e-07,1.2173906497261934e-06,1.8060913050184595e-06,2.434311042666628e-06,3.219322757326957e-06,4.1177691649832885e-06,4.960390934486602e-06,6.180111336880854e-06,7.323502670443538e-06,8.960578268438297e-06,1.0462338294518098e-05,1.1721026100604937e-05,1.3334307300223824e-05,1.550529154221418e-05,1.709162277918365e-05,1.8827216026984195e-05,2.1166383420126195e-05,2.350836480093628e-05,2.553356532854105e-05,2.8311126612183747e-05,3.113391634692297e-05,3.406464287720918e-05,3.6139560453818656e-05,3.942912229635465e-05,4.364638559768652e-05,4.596040722875464e-05,4.8880792919955124e-05,5.428032875365587e-05,5.6407779997899064e-05,6.130442883327207e-05,6.329377755690701e-05,6.937528163692276e-05,9.39550963825732e-05,0.00010048699126465,0.00012498965597918313,8.51734914083438e-05,0.00013414703441167966,9.664443301255781e-05,0.00012258265702740233,0.00017279312125270048,0.00028573462052339726,0.00022917595166683266,0.0003012959646513844,0.0003699986366940668,0.0004919892460101233,0.0006874938555430305,0.0005424610019455555,0.0006332640721639523,0.0006633814084761774,0.001016846747032352,0.0009406923463904164,0.001269102480345789,0.001277703770257462,0.0014958430464880254,0.0018848383476459864,0.0019167495262621386,0.00190290863699164,0.0017952147184245948,0.0025255323547363658,0.002711457127210337,0.003313940467791305,0.003148917815430456,0.0035305170731736823,0.003704376391788147,0.003875732602274863,0.004687664068191927,0.004826380547970876,0.004957137233468979,0.0054389153110334576,0.00595022409874449,0.006284694427072941,0.006931210774305447,0.006626825211676766,0.007787145795095968,0.006873233692059892,0.007831432526580227,0.008903743213492623,0.008847996031783975,0.009676359955801345,0.010135605728610712,0.010105577114907702,0.01176054616531393,0.012055703786290171,0.011779926888233174,0.011961196383304567,0.012357549639575223,0.013087559458889933,0.014743239706529607,0.014075665747011345,0.015120973037377012,0.015840133259083074,0.016205756912277575,0.01692938161051556,0.017914711454465493,0.01793488083473659,0.018330209350471124,0.01946874210719297,0.01987518588653563
91.91919191919192,2.436618223166015e-07,4.714933872276929e-07,8.031761814969576e-07,1.2031832885619574e-06,1.7340229397397856e-06,2.410736164132362e-06,3.09676234277008e-06,3.969743726564856e-06,4.990413562708234e-06,6.0245029687197275e-06,7.382252375882975e-06,8.733162081981397e-06,1.020817169994261e-05,1.1505275061681784e-05,1.3285865416173872e-05,1.4731874360054545e-05,1.6570794532634254e-05,1.9453327313143638e-05,2.1265477650283625e-05,2.3393776883709752e-05,2.6198357312300592e-05,2.8764712567668876e-05,3.185969384847994e-05,3.3752561648504605e-05,3.6787794245854685e-05,4.016982573097313e-05,4.371319168226334e-05,4.755972678270603e-05,5.022536779328737e-05,5.155191755550394e-05,5.79039349110483e-05,6.190601400012059e-05,6.477624397456137e-05,6.98773883330619e-05,7.193075876562654e-05,9.920199782104908e-05,8.077299606552053e-05,0.00010695105797541329,9.090805121054071e-05,0.00014096386110005823,0.00021110527037369094,0.000192924666008546,0.00022190579558839608,0.0003296334894058079,0.00040143837851425363,0.0004938092374960943,0.00047625046987922933,0.0005069048856837134,0.0007960990154910934,0.0006514975340443411,0.0010639623999779725,0.0010325218387017528,0.0011065498997167075,0.001200625264748186,0.0015649755404512692,0.001621443992431297,0.0019261132660904291,0.001955427744106302,0.0022666444195746033,0.002485119700641317,0.00224238820360315,0.0027373945893692385,0.0032892648766740776,0.0030114831262914557,0.003464858969611562,0.003611603528927428,0.004254053473775117,0.00458823727641939,0.004786181372526508,0.004905283717752645,0.004866831674035315,0.0057280450556524715,0.006473057819825587,0.006782412837806588,0.006902902411512056,0.0074291186864353835,0.007481183671447587,0.00761666235492755,0.007656343384304517,0.008828434452032616,0.009326201236450234,0.00962407753840342,0.010589510053753233,0.011192703838365126,0.011611060296086438,0.012895317814877637,0.012789218158080994,0.012604088988604623,0.013901005222735,0.013834355710933811,0.014697654483876693,0.01446462571020317,0.014849486068390568,0.015881008594733265,0.01591619054493636,0.017533608895380186,0.017651732614322423,0.01871029350934108,0.018647876261059064,0.019156303389881252
92.72727272727272,2.4136230939339407e-07,4.5621600123255183e-07,7.680085365441223e-07,1.2220172307658213e-06,1.7421068085077515e-06,2.400438053278392e-06,3.1390617667395247e-06,4.055100152205291e-06,5.052347592561121e-06,5.9227793671592994e-06,7.406728783749333e-06,8.61603901323237e-06,1.0025123625188496e-05,1.1602228956744822e-05,1.3402762234091276e-05,1.4852725399502864e-05,1.6876410044888603e-05,1.7895269081375614e-05,2.081242900029054e-05,2.292340490256406e-05,2.559228012711795e-05,2.867055739341932e-05,3.1217310716397737e-05,3.356966522872777e-05,3.651470209258574e-05,3.932863889685243e-05,4.278819243266747e-05,4.61807982087869e-05,4.932498778122912e-05,5.329730587267795e-05,5.597772927297795e-05,6.069106622348539e-05,8.605125456937267e-05,8.830895444668547e-05,9.397789046273232e-05,7.62125480489373e-05,0.00012553533950706495,0.00010898611695003697,0.00010995171053698845,0.00014238040039648046,0.0001432605311256966,0.00014995498548786042,0.00019715451354453757,0.00020292043616933428,0.0003828617124756856,0.00029588414805784734,0.00045611053925693454,0.0005074095751868397,0.0006556806087974961,0.0006870185342717935,0.0006302195094497599,0.0008259840604558032,0.0007502152763071889,0.0013107296423807225,0.0010431177559591272,0.0014362494486972277,0.0015456590970593335,0.002402357256250703,0.0022628242789268617,0.0023638835597115473,0.0021624558727231123,0.002910695545703221,0.002903471221427487,0.00308267590953563,0.003678316796024005,0.0034185096750532717,0.003832118680703016,0.004450620626884107,0.004604775075773953,0.0043558598081479705,0.0056360989727409746,0.005485559741230748,0.005936379245732074,0.00634414037634605,0.006862792954162128,0.006919936624914763,0.008036263349902296,0.008035216449284562,0.008278934926762935,0.008916271861871286,0.009664186070591848,0.009149075503236702,0.011114543731917623,0.011409570168131943,0.011129530280699193,0.012582712154492139,0.01354154994772872,0.012661765141920196,0.012917821091419823,0.012781701382415425,0.013938237753545274,0.015374858124652545,0.015115231924057162,0.016092489639933774,0.015933721246397397,0.01610880244571159,0.01699300123111247,0.017846122274496286,0.01875595651254773,0.020141692310380842
93.53535353535354,2.4684409517082874e-07,4.547951642080574e-07,7.682522334793378e-07,1.244090510582729e-06,1.7947755159732321e-06,2.403993283645312e-06,3.08869383926049e-06,3.967941113545391e-06,4.994680152291595e-06,5.832368712066627e-06,7.221389291343658e-06,8.490317152164868e-06,9.928474735897397e-06,1.1474934617681135e-05,1.2519679069336825e-05,1.4963781757233704e-05,1.6853475470386363e-05,1.8538016987892942e-05,2.0696768726443337e-05,2.2567312618873225e-05,2.532449764819472e-05,2.7770235192472716e-05,3.076556713759947e-05,3.2860164535133775e-05,3.6006242514874895e-05,3.80082115129393e-05,4.126813919865947e-05,4.5239730066868246e-05,4.8629884641169765e-05,5.163733305521373e-05,7.798152638869928e-05,6.0818545538580957e-05,6.330118643621274e-05,6.919312522653059e-05,7.269496132503527e-05,9.714860742594178e-05,0.00010106840891652212,0.0001274801231860445,0.00011148100552325786,0.00020062043043064456,0.0002090570478002363,0.00021155879001281074,0.0001529599524047743,0.0003282563349066676,0.00037800395278828357,0.0005290758725318703,0.0005148560426744796,0.0005851245713938237,0.0005247627347104404,0.0008317585318202552,0.0008559353849558063,0.0007995059453981067,0.001000112882235922,0.0010500573620783708,0.0014151222668608546,0.001947449341141332,0.001762782785462204,0.0019035543765905062,0.0019058046306291957,0.0024519070041012156,0.0023686103654094503,0.002851079643499419,0.00303644428753974,0.0031175320715273722,0.0035915992927766246,0.0037782060816567336,0.004199783694630584,0.004451107335398015,0.004536419213887943,0.004939666640584943,0.005674084079866108,0.00613528094690851,0.006152618455728124,0.006781933919289941,0.006454886437787369,0.007687605493650625,0.007739509067096817,0.0077603949187984855,0.007804689643276052,0.009229310069323211,0.009490888291347397,0.01008781243448599,0.009748920365130937,0.010902056086215806,0.011105301720509329,0.011576773869263335,0.011714098164495073,0.012251270575692894,0.012737807268866842,0.013869845445190463,0.014423337231121047,0.014079682679708007,0.015342761730693263,0.015337068559135176,0.016137222917555736,0.016366763624121157,0.0167739482566891,0.01802286810582861,0.01859201216571647,0.01862133123613098
94.34343434343434,2.3843292736855926e-07,4.530918439357674e-07,7.470676032458548e-07,1.2135362133042435e-06,1.7525301010322368e-06,2.372664870055063e-06,3.2174612658056047e-06,3.984442421073e-06,5.003392103997475e-06,5.873065265600546e-06,7.304872616906544e-06,8.460787362236094e-06,9.944298546032263e-06,1.1642825640050575e-05,1.3148967946303627e-05,1.4770253008546186e-05,1.6647030055731465e-05,1.836516376048212e-05,2.0441573098136486e-05,2.2903455408856467e-05,2.4869233261013612e-05,2.8130222758554858e-05,3.029795634786323e-05,3.20924883967727e-05,3.614079964769005e-05,3.839100791028579e-05,4.038768387308675e-05,4.5236870910140485e-05,4.69144371715744e-05,5.11808934850845e-05,5.591254299764752e-05,5.815775323347072e-05,6.312356813514219e-05,6.70940765232662e-05,7.115987940843331e-05,9.774147109596405e-05,0.0001424312120430931,0.00012540388233094212,0.00011091132557046399,0.00017688200903193382,0.0001224989776798797,0.0002092261873065592,0.0003159991974448756,0.00015774498316498467,0.0002649069887274167,0.00033189578512097677,0.0005124058224753491,0.0004917515006055421,0.0007506892676241254,0.0006115667802635979,0.0008117329739527284,0.0010655895006416844,0.0011566175727395563,0.0011649006885943443,0.001383777312025695,0.0017052792487874072,0.0015203310425118452,0.001126971802559726,0.0020376250610727184,0.0023833026427433797,0.0022353343537752815,0.0025536765842523665,0.0032155825273306148,0.0035033020531262246,0.003464518891404215,0.003249281447755207,0.004170945701679315,0.00433728238861977,0.004886824119766692,0.00467694665167207,0.00468070994985336,0.00602323810180672,0.0064315628582762175,0.0067012243846501065,0.006944247181197412,0.006980829648637848,0.007962900173077814,0.007822753231877736,0.008030062125712034,0.008989498575021593,0.009677821944043794,0.010128131079640022,0.010109869517991856,0.010971275157121128,0.011689216352416437,0.011519094345885468,0.010651468082990735,0.013438044411167357,0.013014462804091386,0.012937112844453622,0.013103052916026484,0.01384124952230957,0.0151965975706841,0.015027600842303233,0.01541844610691204,0.016706146229615776,0.017633513182683497,0.019013785837152592,0.01830339643614311,0.0189914214230839
95.15151515151516,2.3783915073410898e-07,4.5178510655165814e-07,7.712110077497662e-07,1.178213587775044e-06,1.6716130045391203e-06,2.414522362793202e-06,3.122733148120866e-06,4.00722365280828e-06,4.997370262995686e-06,5.985531840291216e-06,6.963251779503127e-06,8.271367831617769e-06,9.891781966880168e-06,1.148369575614729e-05,1.2995100680042892e-05,1.4493243959021207e-05,1.6423085015062717e-05,1.839345251390441e-05,2.0518287438208217e-05,2.3356880325401722e-05,2.4573300563449675e-05,2.6279545942572542e-05,2.947279160386404e-05,3.35960681935115e-05,3.5393593929525175e-05,3.7498524724789084e-05,4.155706810254615e-05,4.389388461047963e-05,4.7045705304259435e-05,5.1275155374476136e-05,5.5122673769908517e-05,5.926289922719494e-05,8.237753984773963e-05,6.64266395751262e-05,7.011998021362652e-05,9.566488432278091e-05,0.00010216408957115748,8.280041212989822e-05,8.595403345965151e-05,0.00015424614690089916,0.00018371196668516283,0.0002477208204656624,0.00027618754043159976,0.0003862258619897087,0.0003280047215637337,0.00023160143517329733,0.00040239375009663505,0.000388044101020814,0.0005416028470902418,0.0007113977387422295,0.0006985189663353411,0.0008095811217116987,0.0011260825075865425,0.0011494518926403541,0.0009964086855850146,0.0014143937801575689,0.0018428682032183925,0.0016809193943454152,0.0019767264661293277,0.0021347005965925503,0.002098479148841857,0.002670703960199417,0.00299150072749934,0.002719852522970992,0.0030143882789488087,0.003837480815149735,0.0038448510382313047,0.004301282994700668,0.003963775478771138,0.005071220923884439,0.005581939066711089,0.005038820889693534,0.006166013483034753,0.006774139836426538,0.006221660517703371,0.007109895165720819,0.008000444770422405,0.007542208316464291,0.00877459567496179,0.008313050438138993,0.009366493341018078,0.009044860784263172,0.009126571382756318,0.010009682463734682,0.010771412803233174,0.011046746007926867,0.011363713951741298,0.012879202076409883,0.01195663842790598,0.013036944459536582,0.014653945232231496,0.014159011630787569,0.01480771600897421,0.015457521589647501,0.016160030238364778,0.016748855468386815,0.01724176336492194,0.016549657431308876,0.01805673742131855,0.019359807534801193
95.95959595959596,2.3846689223859276e-07,4.437888216584033e-07,7.738740377180593e-07,1.1801170663202003e-06,1.6805919991672381e-06,2.3057974747526514e-06,3.0943778870462543e-06,4.004246279847599e-06,4.750343696023581e-06,5.871904049304464e-06,7.06424566358258e-06,8.364064318822519e-06,9.631093759613305e-06,1.1118895396521614e-05,1.251659771885975e-05,1.4385866772982253e-05,1.6839385613646523e-05,1.823821318327869e-05,2.0097341930934055e-05,2.2949707204945785e-05,2.513430757391839e-05,2.756601235673875e-05,2.9148506767784975e-05,3.271900459661309e-05,3.424337017470122e-05,3.7491101675751495e-05,4.138935587351344e-05,4.468065797055814e-05,4.88733879428081e-05,5.091041365424944e-05,5.328657622104798e-05,5.811878485680371e-05,6.215995574605681e-05,6.57187963754811e-05,6.860779282309537e-05,0.00013403518229110597,0.00014014044156473407,0.00014430792960397373,0.0001302566167918889,8.950153883801502e-05,0.00011787079373645568,0.00016415379379909191,0.00025167448704274925,0.00023790014083842906,0.00026058791715372303,0.0004528158244911845,0.00035583597059427464,0.0004457915622098991,0.0005166874483585669,0.0006385621383373329,0.0006725275625054279,0.0007633107410067123,0.0011342021832819813,0.001166020501004427,0.0014379850741283058,0.001267249158910403,0.00137152809216047,0.0017558475939627343,0.0018496945371407171,0.0019755361766355412,0.002211335776961006,0.002469838355041576,0.0025889229186074423,0.00283095402934982,0.002935569069045976,0.0032929319233708874,0.003785526101090693,0.00413136643489232,0.004537012706667537,0.004488478291178815,0.0054556354610423375,0.00569592770065439,0.0055813578289769,0.00639666340609905,0.006720998841213364,0.007960124433237716,0.006483124870554619,0.007448669117277353,0.008273902248036511,0.008387234215586093,0.008882363628838312,0.010074654884132025,0.009857010697742183,0.010023478906489134,0.010054919729062787,0.011535825208159623,0.013072443798628266,0.012110686376834849,0.01196884990379559,0.013155012020159364,0.01394862774120416,0.015533874813829618,0.014419946804015848,0.01427947280037331,0.015503248866825848,0.01604707837852542,0.016871938463753067,0.016521140417745647,0.018737624528526838,0.01814067656786146
96.76767676767676,2.3229884113290938e-07,4.4570385578769287e-07,7.541419169894023e-07,1.1864312988451898e-06,1.6924752182797587e-06,2.284610684391902e-06,3.0612275205661127e-06,3.8187862574877345e-06,4.862456617100552e-06,5.791173254288809e-06,7.132531827379859e-06,8.309546531267587e-06,9.734896130914097e-06,1.1317033288228053e-05,1.2776298334174585e-05,1.4511889129729935e-05,1.5954743613748292e-05,1.8323364677611758e-05,1.992289772740551e-05,2.2085267486919366e-05,2.4276053795441195e-05,2.694880980951455e-05,2.913466377587245e-05,3.0931726403112776e-05,3.51558005040867e-05,3.754589674996765e-05,4.00653906407997e-05,4.448404804549398e-05,4.675314714128881e-05,5.1603244755641455e-05,5.375040708272346e-05,5.7772745224108736e-05,6.077153939367161e-05,8.64785316894677e-05,6.87062873029542e-05,7.280467280442646e-05,9.706061538198064e-05,8.266000173222843e-05,0.00014884320942034975,0.0001737338380092583,0.00013813254142279786,0.00018526615501537576,0.00023151398478497617,0.00031458636506282085,0.00024032587680422441,0.0003494040776187938,0.00023066122662776306,0.0004415967803169404,0.0004463001301967168,0.0005808064159624959,0.0007251831227071255,0.0009605541854509453,0.000904591458019711,0.0012540005792138445,0.0012252081929174704,0.0016692063483873774,0.0018731364990954439,0.0015509269511066713,0.0017007140577276771,0.0017257872681144253,0.0023993159029323326,0.0021604385492066083,0.0028324486519746054,0.0034565521657702325,0.003320099651215741,0.003908271635685501,0.003775277595592278,0.004247790890024517,0.004086406630414294,0.0050718539990459175,0.005143297796109127,0.00551915502748968,0.006133528089176674,0.006784667009590457,0.006499201172554939,0.007350522944625364,0.007178335666655223,0.007747379075601745,0.008182480051051112,0.008960056385298345,0.009651681853894064,0.009766642160550629,0.009975272760642787,0.010168951326797668,0.011259940287598287,0.011517883364776608,0.011043969096189904,0.012504387456063722,0.012941987837944023,0.013243786200707854,0.01344356188275989,0.01460911849512218,0.015364817102685249,0.015559075759063498,0.016251082193904837,0.01613893818116118,0.016132913826815663,0.016105310801918307,0.01782146432250755,0.01804218003259762
97.57575757575758,2.296965424401491e-07,4.24885183187286e-07,7.250163904497897e-07,1.1507178793114851e-06,1.679291984459271e-06,2.3120815196913413e-06,2.981349042258054e-06,3.710315618247699e-06,4.826473507833248e-06,5.728363151995931e-06,6.933559213697225e-06,8.251222816949402e-06,9.426000397827703e-06,1.1005814592708432e-05,1.2726418388591618e-05,1.3912140489410055e-05,1.638762125487495e-05,1.760118596928144e-05,1.9925156508687537e-05,2.2327623922359058e-05,2.4449947045058602e-05,2.7080477494594945e-05,2.911884051978366e-05,3.152022235532853e-05,3.395125198778252e-05,3.727833032526744e-05,4.126615813376816e-05,4.291201758644092e-05,4.5989680370353355e-05,4.884536270706986e-05,5.428566171252649e-05,5.5703590293423745e-05,6.18650131604354e-05,6.52464113958804e-05,6.891609279172086e-05,9.337537614595137e-05,7.666111833098828e-05,0.00012270094579162912,8.468856895323399e-05,0.00013217557229696885,0.00011561464348855028,0.00020277101531149028,0.000269869618686655,0.00027147311874569746,0.0003190614183934901,0.0003663937807288303,0.0004931069723636097,0.00045828926770802026,0.000546352112592537,0.0006512510959791005,0.0007407109185444892,0.0009078581288133899,0.001181813278556403,0.00102664306425197,0.0013816112639050678,0.0012240834044098272,0.0015270638143444874,0.001615480206536386,0.001704302274584294,0.002307813602011214,0.002299867833555338,0.002561168067347939,0.0030503913199980957,0.002472179997536854,0.0035902455068548703,0.003926617057787994,0.003689827509722139,0.0042389776625874,0.0049154784323190755,0.004775926396891045,0.004609189533556154,0.005872689932696621,0.005709016266543508,0.00616315944609175,0.0060533073670206924,0.0063881633553448435,0.0069293120345326415,0.007670513089001699,0.008820926727690286,0.008150489259202223,0.008591443963813492,0.008828546389645751,0.009930701138418464,0.010194080893970718,0.011069888306165818,0.010948633539478586,0.01167809710624015,0.012062867787877704,0.012043334724748134,0.013139950399047366,0.013708995925249916,0.0140663215302139,0.014275386397498136,0.015411968182983878,0.015463971979233835,0.01631210792910403,0.016340949339277273,0.017282516461076456,0.01705621347667915,0.01854451960380622
98.38383838383838,2.2909407661215152e-07,4.2376376622689745e-07,7.230218906561434e-07,1.1452829058658659e-06,1.6567955997395286e-06,2.294470875635642e-06,3.0057936908297017e-06,3.893680172474124e-06,4.7101868911494744e-06,5.896613985158183e-06,7.053209607578523e-06,8.126236613582148e-06,9.529514123058504e-06,1.0741354870427133e-05,1.2687208173816995e-05,1.4143414612430785e-05,1.5878545027271368e-05,1.7577590939894848e-05,1.9658978153887627e-05,2.225874823386184e-05,2.402041285913951e-05,2.6754841506323423e-05,2.8961446773814904e-05,3.162395387538619e-05,3.384882384121343e-05,3.653992306912099e-05,4.068077446828289e-05,4.198717825262121e-05,4.6240343463955124e-05,4.890112371643507e-05,5.222857293975016e-05,5.809571737932675e-05,5.9983228091840525e-05,6.482558061697105e-05,0.0001090782356179783,7.179157259243808e-05,0.000137645544571338,8.00184421680435e-05,0.00012624361948566088,0.000129956056498296,0.000154982511945954,0.00025938818979393327,0.00014442505337076454,0.00025251604705197125,0.0002949237738421219,0.0003586902725009572,0.00036218675912519583,0.0006529494906779698,0.00049823931162807,0.00046197364451119503,0.0006932337364853013,0.0008845442006797347,0.0009300482036089715,0.0010215629442988207,0.001220429501896261,0.0015176579305208066,0.0016710948429240098,0.0017717736982990593,0.0018373838401124394,0.002177914034040735,0.0025370279698087445,0.0022187268093037844,0.003059359742466784,0.002924659823515125,0.003124663513678416,0.0036226849857411594,0.003558329928896208,0.003816664315843052,0.00398336582614049,0.0051991647160040165,0.004949360194359296,0.005368132031835398,0.005679394666920342,0.006161788530995896,0.005980161120773013,0.0068990989761680286,0.006566842136782279,0.00818151308376511,0.007717120887874117,0.008414081641737287,0.008779573792435756,0.009517458465836234,0.009650767887943673,0.010713002692405008,0.01044856238857058,0.011534166883819481,0.011788845523055725,0.0116931363624054,0.012716432951764237,0.013560980904039559,0.013306477196358924,0.013750025788683718,0.0150003276464873,0.014701887862249644,0.015267664571857315,0.01571509846342162,0.016937002192223667,0.017217446832342467,0.017447608919851244,0.018043263668320687
99.1919191919192,2.291817530370794e-07,4.362928388099881e-07,7.38803177665106e-07,1.1454461460231712e-06,1.6530941749233827e-06,2.3253644954103945e-06,2.9363279071080885e-06,3.724079535858888e-06,4.732401276350321e-06,5.713447125140449e-06,6.884420730385315e-06,8.030171160497604e-06,9.317720992164464e-06,1.0663496862324392e-05,1.2158095344774039e-05,1.4133438546450041e-05,1.5511700455469663e-05,1.778159247338794e-05,1.9717196397867486e-05,2.205449581103736e-05,2.4504145241141086e-05,2.5498486074571115e-05,2.863764801950258e-05,3.133785857563651e-05,3.3746710414781274e-05,3.812150939312929e-05,4.0681712332985274e-05,4.239236713884301e-05,4.595429660776949e-05,4.9940649860429276e-05,5.216671702101848e-05,5.655505372362118e-05,5.996848484962061e-05,6.314192217743553e-05,8.885826318085044e-05,6.989290756043878e-05,0.00011549073936057552,0.00012163135734162638,0.00014492821156772458,0.00016686624959071794,0.00015554985978656014,0.00017758892159419867,0.0002248450705446279,0.00029039460259950743,0.0002751490625231551,0.0003395154869735706,0.0004682534277481336,0.000610297019822311,0.0005168474272834114,0.0005191916399141693,0.0006473511285411835,0.0009132269142767026,0.0009375260330879289,0.0010864795516240062,0.0010148474361399281,0.0013396506580415665,0.0016086932626509167,0.0017318596014067118,0.001823382611272469,0.0023335542755107456,0.0021117521875297952,0.0025187573060058703,0.0023979603135767602,0.0027952618390407673,0.0030827031069015063,0.003954949817063943,0.0036958600775240675,0.004096890111110162,0.004521798977747157,0.00484445685988178,0.004740382355643531,0.005638541475515324,0.0062377715241401606,0.005719638838797522,0.006431947563910421,0.00612092944158258,0.006907529600124437,0.00794316550117571,0.007535508601327446,0.008202805571497412,0.009042491993216962,0.00967198000805274,0.009959868164664707,0.009668166756568815,0.01058554839684691,0.010507464145568596,0.01220863133633037,0.011474384984609955,0.013060721682970509,0.013503585349840221,0.013239480131296645,0.013785090365830822,0.014676881336507998,0.014659101601422867,0.014578873689501263,0.015829751993029717,0.015907440304090248,0.017021492376105573,0.017803744564426842,0.01842544605840737
100.0,2.3377154385510816e-07,4.255914598204031e-07,7.377820798613679e-07,1.1232100849541727e-06,1.6014271884267896e-06,2.2305716067696137e-06,2.8946690307275624e-06,3.764102229880903e-06,4.670394951167086e-06,5.745216428580225e-06,6.722460845444773e-06,8.029299513558536e-06,9.356978491379029e-06,1.0405484827277688e-05,1.2256157365958869e-05,1.4095087111913562e-05,1.5763997409259962e-05,1.757243911427154e-05,1.9413905041202106e-05,2.144703379399867e-05,2.2978840304217386e-05,2.5963387192637505e-05,2.832302784662527e-05,3.093750937353988e-05,3.381763769683978e-05,3.5890461756866356e-05,3.854827674574461e-05,4.263526542094142e-05,4.570657604899787e-05,4.9283201964213605e-05,7.151300238923741e-05,5.556145182592249e-05,5.7091580571813416e-05,6.206849827440557e-05,8.824846796345252e-05,9.222105781946194e-05,7.5139308148443e-05,0.00013865631977880627,0.0001642569458342022,0.0001289620222522595,0.0001358619316167897,0.0001947788419586269,0.000163971901357412,0.00018376820020460857,0.0003306129351278647,0.00047643804358687405,0.0004628539244894981,0.0003674372674153147,0.0004891442888717694,0.0005602613411412397,0.000608472083164306,0.0006700735454425148,0.0010330552699926916,0.0010634138223515523,0.0014846277919558174,0.0011920000796826816,0.0016162856271007158,0.001823301869249429,0.001590860411169634,0.0018133711752667168,0.002364732292332072,0.002582760532761331,0.00300517362515151,0.003452856952932396,0.0035367182333533365,0.003081611637522896,0.00378297329322137,0.00478715314250049,0.004592819212310515,0.004983225277584701,0.00552201040784414,0.004910604565203577,0.006036106552041325,0.006670828895240356,0.00628364138143567,0.006703891721821782,0.007068628041386857,0.007232647247736548,0.007768426280235586,0.009274962503514228,0.00880954898110565,0.008897564854209963,0.009003324726765868,0.009803836048898697,0.01056132927275049,0.010901813956398708,0.01119024894186652,0.012194570944969977,0.013155775381411598,0.013048989301869955,0.013625219365231155,0.013498546552504953,0.013106858360179975,0.014313815084941754,0.014684422893807616,0.015153069789153676,0.015432920721585898,0.017076545939112276,0.016287639267395543,0.01772207732286375
