formula,formation_energy_per_atom,ef_gga,abs_diff_meV,kind
Ag(AuF4)2,-1.382182,-1.383125,0.943493,halide_only
Ag(Mo3S4)2,-0.710917,-0.899248,188.330515,other
Ag(Mo3Se4)2,-0.713454,-0.714146,0.692438,other
Ag(MoSe)3,-0.517270,-0.518753,1.482741,other
Ag(W3Br7)2,-0.825173,-0.825667,0.494008,halide_only
Ag12SBr,1.563037,1.554070,8.966659,other
Ag12SI,1.582098,1.573132,8.965980,other
Ag13(BiI4)14,-0.626779,-0.628405,1.626324,halide_only
Ag13Bi15I64,-0.548460,-0.549927,1.466862,halide_only
Ag15(BiI4)16,-0.625671,-0.627310,1.639232,halide_only
Ag15Bi7I40,-0.443909,-0.446421,2.511810,halide_only
Ag2(MoO4)3,-1.118036,-1.119257,1.221311,other
Ag2Br3,-0.589244,-0.593397,4.153068,halide_only
Ag2Cl3,-0.743243,-0.747396,4.153111,halide_only
Ag2F,-0.848617,-0.855539,6.921549,halide_only
Ag2F3,-1.323353,-1.327505,4.152386,halide_only
Ag2F5,-1.387075,-1.390041,2.965887,halide_only
Ag2IO5,-0.521240,-0.523836,2.595657,other
Ag2IO6,-0.394565,-0.396872,2.307401,other
Ag2Mo(I2O7)2,-0.956854,-0.957843,0.988863,other
Ag2Mo2O7,-1.507471,-1.509358,1.887228,other
Ag2MoO4,-1.251053,-1.254019,2.965883,other
Ag2O,-0.315634,-0.322555,6.920974,other
Ag2O3,-0.355225,-0.359377,4.152296,other
Ag2S,-0.118374,-0.227532,109.158134,other
Ag2Se,-0.219915,-0.224522,4.606932,other
Ag2W2O7,-1.646673,-1.648561,1.887646,other
Ag2WO4,-1.348470,-1.351436,2.966080,other
Ag2WS4,-0.336507,-0.499171,162.664226,other
Ag3(Bi2Br3)7,-0.751954,-0.752773,0.819444,halide_only
Ag3As,0.088397,0.088397,0.000023,other
Ag3AsF12,-1.800717,-1.803352,2.634719,other
Ag3Au,-0.061714,-0.040548,21.165862,other
Ag3Bi,0.146643,0.146643,0.000215,other
Ag3BiBr6,-0.492092,-0.495206,3.114203,halide_only
Ag3Br,-0.042940,-0.050726,7.785884,halide_only
Ag3Cl,-0.095670,-0.103456,7.785946,halide_only
Ag3F,-0.414919,-0.422705,7.786483,halide_only
Ag3F8,-1.352570,-1.355401,2.831475,halide_only
Ag3O,-0.216564,-0.224350,7.785910,other
Ag3O4,-0.401446,-0.405895,4.449461,other
Ag3Pd,-0.066776,-0.051793,14.983120,other
Ag3Rh,0.221649,0.221649,0.000258,other
Ag3Ru,0.524434,0.524434,0.000179,other
Ag3S,0.061218,-0.020650,81.868417,other
Ag3SBr,-0.340330,-0.346748,6.418452,other
Ag3SI,-0.260466,-0.266884,6.418440,other
Ag3SI3,0.714852,0.710267,4.584688,other
Ag3Sb,0.041008,-0.023702,64.709945,other
Ag3Sb4F24,-2.392395,-2.393399,1.004398,other
Ag3Se,-0.089999,-0.097785,7.786438,other
Ag3W,0.867660,0.867660,0.000342,other
Ag4SI,0.000286,-0.006793,7.079422,other
Ag5IO6,-0.514713,-0.519039,4.325911,other
Ag6Mo10O33,-1.626708,-1.627979,1.270914,other
Ag7(SI)2,-0.130663,-0.137442,6.778741,other
Ag8S,0.229205,0.192819,36.385988,other
Ag9(SI)4,-0.206386,-0.212106,5.719675,other
AgAs,0.223952,0.223952,0.000004,other
AgAsBr4,-0.734787,-0.738351,3.564221,other
AgAsF6,-2.201148,-2.203822,2.673595,other
AgAsF7,-2.106151,-2.108527,2.376042,other
AgAu,-0.062226,-0.041726,20.500202,other
AgAu3,-0.064885,-0.039078,25.806788,other
AgAuF4,-1.401935,-1.403666,1.730764,halide_only
AgAuF7,-1.312411,-1.313564,1.153285,halide_only
AgBi2F12,-2.011598,-2.012290,0.692395,halide_only
AgBiI4,-0.625269,-0.627000,1.730585,halide_only
AgBr,-0.659621,-0.634307,25.314494,halide_only
AgBrO2,-0.226917,-0.229513,2.595680,other
AgBrO3,-0.285036,-0.287112,2.076131,other
AgBrO4,-0.197513,-0.199243,1.730330,other
AgCl,-0.728692,-0.733882,5.190413,halide_only
AgClO2,-0.271939,-0.274535,2.595637,other
AgClO3,-0.413946,-0.416023,2.076804,other
AgClO4,-0.414068,-0.415799,1.730573,other
AgF,-1.227301,-1.232492,5.191216,halide_only
AgF2,-1.469018,-1.438011,31.007039,halide_only
AgF3,-1.311774,-1.314369,2.595295,halide_only
AgI,-0.467760,-0.470544,2.784181,halide_only
AgI2,-0.299595,-0.303056,3.460526,halide_only
AgI3O8,-0.753021,-0.753886,0.865416,other
AgIO2,-0.299185,-0.301780,2.595159,other
AgIO3,-0.713069,-0.715145,2.076000,other
AgIO4,-0.544692,-0.546422,1.730050,other
AgIr,0.356744,0.356744,0.000443,other
AgIrF7,-1.721916,-1.723070,1.153583,halide_only
AgMo6Br13,-0.995895,-0.996414,0.519233,halide_only
AgMo6Cl13,-1.282729,-1.283248,0.519280,halide_only
AgMoO4,-1.309938,-1.311668,1.729803,other
AgO,-0.442572,-0.447763,5.190603,other
AgO2,-0.006272,-0.009732,3.460373,other
AgO2F,-0.646354,-0.648949,2.594929,other
AgPd,-0.072594,-0.058882,13.711622,other
AgPdF6,-1.537481,-1.538779,1.297501,halide_only
AgRh,0.263305,0.263305,0.000417,other
AgRhF6,-1.705873,-1.707171,1.297703,halide_only
AgRuF7,-1.862333,-1.863486,1.153432,halide_only
AgSb2F12,-2.386932,-2.387624,0.692348,other
AgSb3IF24,-2.261220,-2.261578,0.358313,other
AgSbF6,-2.358301,-2.359598,1.297489,other
AgSe,-0.143049,-0.148240,5.190645,other
AgSe5,-0.300452,-0.302183,1.730742,other
AgW2(Br3O)2,-0.804695,-0.805638,0.943394,other
AgW3Br7,-0.817788,-0.818731,0.943317,halide_only
Al2Au,-0.495094,-0.423055,72.038637,other
Al2Cu,-0.212657,-0.178066,34.590770,other
Al2CuCl8,-1.687422,-1.687422,0.000240,halide_only
Al2Hg3Cl8,-1.516355,-1.517737,1.382277,halide_only
Al3Ag,0.047100,0.042954,4.145609,other
Al3Au,-0.168011,-0.113982,54.029110,other
Al3Au8,-0.281785,-0.266596,15.188919,other
Al3Cu,-0.103018,-0.089984,13.034178,other
Al3Cu2,-0.195315,-0.158314,37.000576,other
Al3Tl,0.284704,0.284704,0.000383,other
Al4Cu15,-0.108313,-0.097782,10.530584,other
Al4Cu9,-0.233102,-0.208091,25.010670,other
AlAg,-0.029986,-0.039707,9.721393,other
AlAg2,-0.056766,-0.075477,18.710789,other
AlAg3,-0.072475,-0.076235,3.759517,other
AlAg3F6,-2.198177,-2.201291,3.114193,halide_only
AlAg4,0.015598,0.012590,3.008235,other
AlAgF4,-2.939174,-2.940904,1.730357,halide_only
AlAu,-0.422981,-0.395538,27.442945,other
AlAu2,-0.333313,-0.316636,16.677022,other
AlAu3,-0.199118,-0.197911,1.207419,other
AlAu4,-0.224345,-0.210942,13.402940,other
AlBr3,-1.518050,-1.518050,0.000287,halide_only
AlBr4,-1.179652,-1.179652,0.000311,halide_only
AlCl3,-1.965813,-1.965813,0.000044,halide_only
AlCu,-0.242484,-0.213428,29.056052,other
AlCu3,-0.201969,-0.189463,12.505760,other
AlCu4,-0.126466,-0.115259,11.207076,other
AlCuCl4,-1.576896,-1.576896,0.000448,halide_only
AlF3,-3.868046,-3.868046,0.000037,halide_only
AlI3,-0.955214,-0.955214,0.000191,halide_only
AlInBr4,-1.380430,-1.381678,1.248107,halide_only
AlInCl4,-1.749667,-1.750915,1.248211,halide_only
AlInI4,-0.889866,-0.891115,1.248807,halide_only
AlTl2F5,-2.971503,-2.973710,2.207452,halide_only
AlTlBr4,-1.464958,-1.466429,1.471169,halide_only
AlTlF4,-3.279988,-3.281460,1.471776,halide_only
AlTlI4,-0.971198,-0.972670,1.471645,halide_only
AsAu3,0.150763,0.150763,0.000255,other
AsBr3,-0.860313,-0.863064,2.751419,other
AsCl3,-1.174789,-1.177540,2.751147,other
AsCl5,-0.948974,-0.950808,1.833592,other
AsF3,-2.471952,-2.474703,2.750653,other
AsF5,-2.386611,-2.388445,1.833813,other
AsI3,-0.478643,-0.481394,2.751171,other
Au3Br,0.170989,0.170989,0.000114,halide_only
Au3Cl,0.151498,0.151498,0.000335,halide_only
Au3F8,-1.284772,-1.284772,0.000051,halide_only
AuBr,-0.402991,-0.402991,0.000094,halide_only
AuBr2,-0.337732,-0.337732,0.000483,halide_only
AuBr3,-0.556991,-0.556991,0.000213,halide_only
AuCl,-0.522213,-0.522213,0.000177,halide_only
AuCl2,-0.659914,-0.659914,0.000204,halide_only
AuCl3,-0.720052,-0.720052,0.000013,halide_only
AuCl4,-0.535867,-0.535867,0.000179,halide_only
AuF3,-1.318302,-1.318302,0.000373,halide_only
AuF5,-1.128097,-1.128097,0.000087,halide_only
AuI,-0.265866,-0.265866,0.000406,halide_only
AuI2,-0.205588,-0.205588,0.000248,halide_only
Ba11(OsO6)4,-2.523990,-2.523990,0.000140,other
Ba2OsO4,-2.344880,-2.344880,0.000413,other
BaO,-2.823643,-2.823643,0.000293,other
BaO10,-0.601570,-0.601570,0.000224,other
BaO2,-2.170193,-2.170193,0.000337,other
BaO3,-1.203110,-1.203110,0.000295,other
BaO4,-1.203076,-1.203076,0.000157,other
BaO5,-0.813437,-0.813437,0.000367,other
BaO6,-0.898226,-0.898226,0.000040,other
BaOsO2,-1.332084,-1.332084,0.000334,other
BaOsO3,-2.039047,-2.039047,0.000281,other
BaOsO9,-0.753859,-0.753859,0.000290,other
Bi(IO3)3,-1.006919,-1.006919,0.000241,other
Bi(Mo2Cl5)3,-1.355438,-1.355438,0.000457,halide_only
Bi(Mo3S4)2,-0.698234,-0.886565,188.330826,other
Bi(MoO5)2,-1.204893,-1.204893,0.000020,other
Bi(SO4)2,-1.679509,-1.679681,0.172178,other
Bi(W2Cl5)3,-1.190209,-1.190209,0.000017,halide_only
Bi(W3O10)6,-1.847880,-1.847880,0.000047,other
Bi(WBr3)3,-0.939207,-0.939207,0.000120,halide_only
Bi(WO4)2,-1.902454,-1.902454,0.000438,other
Bi10(MoO8)3,-1.812897,-1.812897,0.000028,other
Bi10Mo3,0.348938,0.348938,0.000251,other
Bi11(Se4Cl3)3,-0.771870,-0.771870,0.000232,other
Bi12Br5O16,-1.493713,-1.493713,0.000155,other
Bi12Cl5O16,-1.546997,-1.546997,0.000306,other
Bi12O16F5,-1.839568,-1.839568,0.000289,other
Bi13O20,-1.596523,-1.596523,0.000303,other
Bi14Mo5,0.321488,0.321488,0.000387,other
Bi14Mo5O36,-1.824826,-1.824826,0.000107,other
Bi14MoO24,-1.697635,-1.697635,0.000305,other
Bi14SO24,-1.705264,-1.705289,0.024661,other
Bi14WO24,-1.706018,-1.706018,0.000045,other
Bi16O25,-1.572878,-1.572878,0.000325,other
Bi17(WO11)3,-1.723059,-1.723059,0.000049,other
Bi17W3O34,-1.750912,-1.750912,0.000352,other
Bi19(O9F)3,-1.707022,-1.707022,0.000048,other
Bi19(S9Br)3,-0.677390,-0.677912,0.522234,other
Bi19(S9I)3,-0.642152,-0.642674,0.522107,other
Bi19O30,-1.567449,-1.567449,0.000312,other
Bi2(MoO4)3,-1.897188,-1.897188,0.000324,other
Bi2(S2O7)3,-1.767422,-1.767618,0.196118,other
Bi2(SO4)3,-1.888414,-1.863967,24.447034,other
Bi2(SeO3)3,-1.454280,-1.454280,0.000482,other
Bi24Br10O31,-1.489968,-1.489968,0.000477,other
Bi24Cl10O31,-1.585088,-1.585088,0.000256,other
Bi25O38,-1.593645,-1.593645,0.000122,other
Bi26Mo10O69,-1.808098,-1.808098,0.000172,other
Bi28Mo2O47,-1.658143,-1.658143,0.000013,other
Bi2Au5F21,-1.750843,-1.750843,0.000092,halide_only
Bi2Br2O,-0.331467,-0.331467,0.000087,other
Bi2Cl2O,-0.374831,-0.374831,0.000041,other
Bi2I2O,-0.312192,-0.312192,0.000349,other
Bi2I4O13,-1.087475,-1.087475,0.000445,other
Bi2IBr,-0.516864,-0.516864,0.000331,halide_only
Bi2Mo2O9,-1.886708,-1.886708,0.000321,other
Bi2MoO6,-1.857508,-1.857508,0.000142,other
Bi2O3,-1.641727,-1.641727,0.000215,other
Bi2O5,-1.105307,-1.105307,0.000083,other
Bi2OF2,-1.156260,-1.156260,0.000031,other
Bi2OF4,-2.533741,-2.533741,0.000083,other
Bi2S,-0.062403,-0.189820,127.416812,other
Bi2S2O,-1.000890,-1.001269,0.378952,other
Bi2S2O9,-1.853890,-1.854036,0.146090,other
Bi2S3,-0.414615,-0.643965,229.350386,other
Bi2SO2,-1.338652,-1.338841,0.189286,other
Bi2SO7,-1.509365,-1.509460,0.095198,other
Bi2Se,-0.174320,-0.308629,134.308665,other
Bi2Se2Cl7,-1.114733,-1.114733,0.000439,other
Bi2Se2O,-0.787887,-0.787887,0.000469,other
Bi2Se3,-0.434077,-0.669422,235.344719,other
Bi2Se3O10,-1.412505,-1.412505,0.000241,other
Bi2Se4Cl7,-0.958344,-0.958344,0.000494,other
Bi2Se5Cl7,-0.880998,-0.880998,0.000102,other
Bi2SeO2,-1.256969,-1.256969,0.000364,other
Bi2SeO5,-1.580150,-1.580150,0.000357,other
Bi2SeO6,-1.336639,-1.336639,0.000374,other
Bi2SeO7,-1.194885,-1.194885,0.000208,other
Bi2W2O9,-2.028216,-2.028216,0.000004,other
Bi2WO6,-1.956553,-1.956553,0.000223,other
Bi2WO8,-1.458629,-1.458629,0.000158,other
Bi3Au,0.165809,0.148080,17.729110,other
Bi3BrO4,-1.563388,-1.563388,0.000167,other
Bi3ClO4,-1.368475,-1.587303,218.827590,other
Bi3IO4,-1.253481,-1.485628,232.146942,other
Bi3Mo,0.338744,0.338744,0.000259,other
Bi3O2,-0.967915,-0.967915,0.000052,other
Bi3O2F5,-2.447373,-2.447373,0.000134,other
Bi3O4F,-1.835929,-1.835929,0.000063,other
Bi3O5,-1.532433,-1.532433,0.000325,other
Bi3O7,-1.171185,-1.171185,0.000024,other
Bi3Se4,-0.339299,-0.605156,265.856734,other
Bi3Se4Br,-0.489621,-0.489621,0.000206,other
Bi4Au,0.260181,0.245998,14.183432,other
Bi4Br2O5,-1.516158,-1.516158,0.000299,other
Bi4Cl2O5,-1.551062,-1.551062,0.000021,other
Bi4I,-0.161866,-0.161866,0.000156,halide_only
Bi4I2O5,-1.426071,-1.426071,0.000236,other
Bi4I3Br,-0.404183,-0.404183,0.000313,halide_only
Bi4IBr3,-0.626480,-0.626480,0.000373,halide_only
Bi4O3F7,-2.300956,-2.300956,0.000246,other
Bi4O5,-1.370055,-1.370055,0.000479,other
Bi4O5F2,-1.905273,-1.905273,0.000364,other
Bi4O7,-1.569202,-1.569202,0.000182,other
Bi4O9,-1.128440,-1.128440,0.000074,other
Bi4Se3,-0.303336,-0.472229,168.893154,other
Bi5(S2Cl)3,-0.817273,-0.817680,0.406693,other
Bi5BrO7,-1.582848,-1.582848,0.000205,other
Bi5IO7,-1.548098,-1.548098,0.000069,other
Bi5O4F7,-2.338967,-2.338967,0.000324,other
Bi5O7F,-1.715500,-1.715500,0.000408,other
Bi6Br7,-0.782845,-0.782845,0.000118,halide_only
Bi6Cl7,-0.997697,-0.997697,0.000007,halide_only
Bi6Mo2O15,-1.821042,-1.821042,0.000356,other
Bi6O5F8,-2.322583,-2.322583,0.000449,other
Bi6W4O21,-1.847011,-1.847011,0.000436,other
Bi7(O2F3)3,-2.304885,-2.304885,0.000126,other
Bi7(S3Cl)3,-0.648463,-0.648912,0.449085,other
Bi7I2,-0.184994,-0.184994,0.000300,halide_only
Bi7O5F11,-2.425029,-2.425029,0.000264,other
Bi8(MoO7)3,-1.830011,-1.830011,0.000278,other
Bi8Mo3,0.355573,0.355573,0.000170,other
Bi8Se7,-0.327933,-0.510979,183.045721,other
Bi8Se9,-0.381222,-0.589542,208.320469,other
Bi9I2,-0.156411,-0.156411,0.000246,halide_only
BiAu,0.239881,0.204423,35.457890,other
BiAu2,0.000907,-0.047278,48.184598,other
BiBr,-0.742962,-0.742962,0.000326,halide_only
BiBr3,-1.172513,-1.172513,0.000378,halide_only
BiBrO,-1.377466,-1.377466,0.000067,other
BiCl3,-1.391911,-1.391911,0.000304,halide_only
BiClF8,-1.687474,-1.687474,0.000083,halide_only
BiClO,-1.491080,-1.491080,0.000428,other
BiF3,-2.776343,-2.776343,0.000089,halide_only
BiF4,-2.310724,-2.310724,0.000390,halide_only
BiF5,-2.126762,-2.126762,0.000124,halide_only
BiI,-0.483925,-0.483925,0.000470,halide_only
BiI3,-0.766387,-0.766387,0.000082,halide_only
BiI3O11,-0.587572,-0.587572,0.000389,other
BiI4,-0.565526,-0.565526,0.000010,halide_only
BiI5,-0.497697,-0.497697,0.000426,halide_only
BiIO,-1.208600,-1.208600,0.000212,other
BiIO4,-1.235656,-1.235656,0.000031,other
BiMoO2,-0.827304,-0.827304,0.000474,other
BiMoO3,-1.406246,-1.406246,0.000077,other
BiMoO5,-1.559887,-1.559887,0.000456,other
BiO,-0.882622,-0.882622,0.000103,other
BiO2,-1.459764,-1.459764,0.000127,other
BiOF,-2.230187,-2.214923,15.264328,other
BiOF3,-2.144040,-2.144040,0.000441,other
BiS,-0.117479,-0.308604,191.124909,other
BiS2,-0.327047,-0.593565,266.518261,other
BiS3,0.205131,0.019092,186.039041,other
BiSBr,-0.886593,-0.886909,0.315755,other
BiSCl,-1.013073,-1.013389,0.315804,other
BiSI,-0.695285,-0.695601,0.315760,other
BiSO6,-0.969443,-0.969561,0.118103,other
BiSe,-0.357938,-0.551395,193.457187,other
BiSe2,-0.340592,-0.599738,259.145642,other
BiSeBr,-0.726208,-0.726208,0.000264,other
BiSeCl,-0.849761,-0.849761,0.000291,other
BiSeO6,-0.562376,-0.562376,0.000337,other
BiW2(Br4O)2,-0.876715,-0.876715,0.000296,other
BiW2(Cl4O)2,-1.117477,-1.117477,0.000162,other
BiWO2,-0.426532,-0.426532,0.000137,other
BiWO4,-1.860551,-1.860551,0.000318,other
BiWO5,-1.605364,-1.605364,0.000372,other
Br2Cl3,-0.253516,-0.253516,0.000416,halide_only
Br2O,-0.066103,-0.066103,0.000085,other
Br2O3,-0.198695,-0.198695,0.000137,other
BrCl,-0.359565,-0.359565,0.000425,halide_only
BrF3,-1.240103,-1.240103,0.000201,halide_only
BrF5,-1.326247,-1.326247,0.000221,halide_only
BrO,0.576516,0.576516,0.000115,other
BrO2,0.205554,0.205554,0.000422,other
BrO3,0.112755,0.112755,0.000239,other
BrO4,0.098204,0.098204,0.000340,other
C10F3,-0.303578,-0.305360,1.782043,halide_only
C11F7,-0.691865,-0.693281,1.415997,halide_only
C13F7,-0.683948,-0.685454,1.506335,halide_only
C17F5,-0.317651,-0.319441,1.790254,halide_only
C2(OF2)3,-1.497226,-1.497648,0.421789,other
C2F,-0.662911,-0.664456,1.544860,halide_only
C2O3F2,-1.750898,-1.751560,0.661703,other
C37F21,-0.750898,-0.752377,1.478558,halide_only
C3F2,-0.802053,-0.803444,1.390684,halide_only
C3F5,-1.471251,-1.472120,0.868870,halide_only
C3O2,-0.551311,-0.552702,1.390786,other
C3OF2,-0.976689,-0.977848,1.158793,other
C41F14,-0.412186,-0.413914,1.727706,halide_only
C4O3,-0.899292,-0.900617,1.324559,other
C4O5F6,-1.842849,-1.843467,0.617651,other
C5F6,-1.269362,-1.270415,1.053370,halide_only
C61O2,0.284893,0.282649,2.243846,other
C68OF20,-0.330632,-0.332402,1.770483,other
C6F5,-0.948526,-0.949790,1.263649,halide_only
C7F3,-0.556301,-0.557923,1.621717,halide_only
C9F5,-0.750706,-0.752196,1.489693,halide_only
CF,-1.054129,-1.055287,1.158378,halide_only
CF2,-1.570634,-1.571406,0.772109,halide_only
CF4,-2.179932,-2.180396,0.463804,halide_only
CO,-0.777115,-0.778274,1.158554,other
CO2,-1.768723,-1.769496,0.772736,other
CO3,1.747312,1.746732,0.579553,other
Ca2F,-1.982787,-1.982787,0.000344,halide_only
Ca3Mn,0.368257,0.368257,0.000106,other
Ca3MnF6,-3.213542,-3.213542,0.000169,halide_only
CaF,-2.801208,-2.801208,0.000330,halide_only
CaF2,-4.222216,-4.222216,0.000430,halide_only
CaF3,-3.023813,-3.023813,0.000059,halide_only
CaMn28,0.070279,0.070279,0.000324,other
CaMn2F10,-2.854259,-2.854259,0.000224,halide_only
CaMnF4,-3.561353,-3.561353,0.000184,halide_only
CaMnF5,-3.409597,-3.409597,0.000235,halide_only
CaMnF6,-3.197915,-3.197915,0.000167,halide_only
Cd3Pb,0.091023,0.074210,16.813277,other
CdF2,-2.466276,-2.478649,12.373080,halide_only
CdPb3,0.056478,0.044094,12.383622,other
CdPbF6,-2.355163,-2.359803,4.639859,halide_only
Ce2Au,-0.345086,-0.347660,2.573769,other
Ce2Br5,-2.193630,-2.194733,1.103056,halide_only
Ce3Ag,0.098216,0.092725,5.491029,other
Ce3Au,-0.180394,-0.183290,2.895943,other
Ce3Br,-0.354604,-0.357499,2.895242,halide_only
Ce3Cl,-0.390759,-0.393655,2.895519,halide_only
Ce3Cu,0.124653,0.100618,24.034614,other
Ce3I,-0.251821,-0.254717,2.895775,halide_only
CeAg,-0.063194,-0.070316,7.121576,other
CeAg2,-0.176820,-0.185028,8.207628,other
CeAg3,-0.069313,-0.078064,8.751186,other
CeAu,-0.655926,-0.642431,13.495130,other
CeAu2,-0.831758,-0.677809,153.949233,other
CeAu3,-0.583066,-0.584031,0.965005,other
CeAu6,-0.378348,-0.378900,0.551504,other
CeBr3,-2.261770,-2.262735,0.965314,halide_only
CeCl3,-2.705821,-2.706786,0.965029,halide_only
CeCu,0.016926,-0.031143,48.069071,other
CeCu2,-0.110831,-0.174923,64.091688,other
CeCu5,-0.104227,-0.102931,1.295713,other
CeCu6,-0.106328,-0.111637,5.309178,other
CeF3,-4.389466,-4.305938,83.528064,halide_only
CeF4,-4.057077,-4.057849,0.771768,halide_only
CeI3,-1.718154,-1.682920,35.234469,halide_only
Cl2O,0.003475,0.003475,0.000077,other
Cl2O7,-0.302587,-0.302587,0.000411,other
ClF,-0.578350,-0.578350,0.000497,halide_only
ClF3,-0.959321,-0.959321,0.000229,halide_only
ClF5,-0.963572,-0.963572,0.000461,halide_only
ClO,-0.048373,-0.048373,0.000013,other
ClO2,-0.352872,-0.352872,0.000069,other
ClO3,-0.339218,-0.339218,0.000469,other
ClO5,0.163915,0.163915,0.000376,other
ClO6,0.129448,0.129448,0.000309,other
Co3Ni,-0.023214,-0.025788,2.574405,other
CoAgF3,-1.627877,-1.634973,7.095873,halide_only
CoAu3,0.234504,0.234504,0.000091,other
CoAu4,0.151585,0.151585,0.000069,other
CoF2,-2.341202,-2.349568,8.366128,halide_only
CoF3,-2.150385,-2.156660,6.274954,halide_only
CoF4,-1.712428,-1.717448,5.020170,halide_only
CoNi,0.014804,0.006304,8.499967,other
CoNi3,0.017065,0.010857,6.207919,other
Cr(AgO2)2,-1.109908,-1.112874,2.965884,other
Cr(ClO)2,-1.008532,-1.008532,0.000155,other
Cr(ClO2)2,-0.526156,-0.526156,0.000477,other
Cr(ClO2)3,-0.505741,-0.505741,0.000210,other
Cr(GeO3)2,-1.972595,-1.972595,0.000477,other
Cr(OF)2,-1.848980,-1.848980,0.000228,other
Cr(OF)3,-1.496449,-1.496449,0.000417,other
Cr(PO3)2,-2.551782,-2.552265,0.482892,other
Cr(PO3)3,-2.619682,-2.620183,0.500519,other
Cr(PO3)4,-2.449521,-2.450031,0.510474,other
Cr(PO3)5,-2.348242,-2.348759,0.517305,other
Cr(PO4)2,-2.103954,-2.104348,0.394416,other
Cr(WO4)2,-1.997956,-1.997956,0.000031,other
Cr(WO4)3,-1.947416,-1.947416,0.000421,other
Cr11Ge19,0.043539,-0.011185,54.724377,other
Cr11Ge8,0.093914,0.007507,86.407004,other
Cr12P7,-0.372731,-0.399685,26.954194,other
Cr14MoO24,-2.261198,-2.261198,0.000103,other
Cr19O48,-1.681366,-1.681366,0.000412,other
Cr19S30,-0.973750,-0.974331,0.580722,other
Cr2(GeO4)3,-1.501507,-1.501507,0.000168,other
Cr2(MoO4)3,-2.093647,-2.093647,0.000036,other
Cr2(PO3)5,-2.539737,-2.540230,0.493294,other
Cr2(PO4)3,-2.314526,-2.314909,0.382747,other
Cr2(WO4)3,-2.174917,-2.174917,0.000351,other
Cr2Ag2O7,-1.285624,-1.287511,1.887453,other
Cr2AgS4,-0.833423,-0.835448,2.025174,other
Cr2F5,-2.943854,-2.943854,0.000372,halide_only
Cr2O,0.007079,0.007079,0.000372,other
Cr2O3,-2.366588,-2.366588,0.000231,other
Cr2O5,-1.722460,-1.722460,0.000426,other
Cr2O5F2,-1.711033,-1.711033,0.000244,other
Cr2OF2,-2.396344,-2.396344,0.000252,other
Cr2P,-0.325101,-0.393836,68.735145,other
Cr2P2O7,-2.523451,-2.523846,0.394600,other
Cr2P2O9,-2.322736,-2.323070,0.334321,other
Cr2P3O10,-2.522610,-2.523044,0.434176,other
Cr2P3O11,-2.508339,-2.508746,0.406985,other
Cr2P3O13,-2.150996,-2.151358,0.361904,other
Cr2P4O13,-2.601480,-2.601937,0.456990,other
Cr2P5O16,-2.543189,-2.543661,0.472292,other
Cr2PO5,-2.461774,-2.462046,0.271630,other
Cr2S3,-0.993378,-0.993946,0.568219,other
Cr2S5,-0.566184,-0.566861,0.676551,other
Cr2Se3,-0.810428,-0.810428,0.000132,other
Cr2Te3,-0.465501,-0.465501,0.000230,other
Cr2Te4O11,-1.752029,-1.752029,0.000124,other
Cr2TeO6,-2.022343,-2.022343,0.000471,other
Cr2WO6,-2.305237,-2.305237,0.000088,other
Cr3(OF)2,-2.254350,-2.254350,0.000483,other
Cr3(P2O7)2,-2.582934,-2.583348,0.413766,other
Cr3(PO4)2,-2.378931,-2.379265,0.334074,other
Cr3(PO4)4,-2.340181,-2.340559,0.377892,other
Cr3Ag8(IO6)2,-0.980103,-0.983425,3.322312,other
Cr3AgO8,-1.641716,-1.642581,0.865209,other
Cr3Ge,0.092203,-0.111936,204.138985,other
Cr3HgF6,-1.640011,-1.640610,0.599458,halide_only
Cr3Mo,0.105709,0.105709,0.000355,other
Cr3O,0.082114,0.082114,0.000353,other
Cr3O4,-2.170918,-2.170918,0.000334,other
Cr3O5,-1.886803,-1.886803,0.000229,other
Cr3O7,-1.718997,-1.718997,0.000160,other
Cr3O8,-1.652324,-1.652324,0.000284,other
Cr3P,-0.129105,-0.339621,210.516414,other
Cr3P3O13,-2.396024,-2.396366,0.342458,other
Cr3P4O15,-2.456306,-2.456700,0.394251,other
Cr3S4,-0.945570,-0.946112,0.541659,other
Cr3Se,0.242079,0.242079,0.000258,other
Cr3Se4,-0.766725,-0.766725,0.000084,other
Cr3SnS8,-0.788620,-0.789252,0.631865,other
Cr3Te4,-0.428507,-0.428507,0.000229,other
Cr3Te5,-0.227315,-0.227315,0.000242,other
Cr3TeO8,-1.937892,-1.937892,0.000160,other
Cr3WO8,-2.143709,-2.143709,0.000031,other
Cr4(OF3)3,-2.571022,-2.571022,0.000055,other
Cr4(P2O7)3,-2.449971,-2.450391,0.420015,other
Cr4(PO4)3,-2.469172,-2.469515,0.342733,other
Cr4O15,-0.837026,-0.837026,0.000225,other
Cr4O9,-1.694927,-1.694927,0.000278,other
Cr4OF11,-2.880188,-2.880188,0.000416,other
Cr4OF6,-0.902291,-0.902291,0.000167,other
Cr4P2O9,-2.336168,-2.336458,0.289859,other
Cr4P7O24,-2.552292,-2.552726,0.433923,other
Cr4P9O32,-2.302497,-2.302932,0.434664,other
Cr5(PO4)4,-2.518048,-2.518395,0.347458,other
Cr5(TeO6)3,-1.720371,-1.720371,0.000306,other
Cr5AgS8,-0.905970,-0.907253,1.283302,other
Cr5Ge3,0.112521,0.019241,93.280335,other
Cr5O12,-1.832208,-1.832208,0.000280,other
Cr5O7,-1.882819,-1.882819,0.000125,other
Cr5S6,-0.868572,-0.869089,0.517450,other
Cr5S8,-0.978720,-0.979303,0.583329,other
Cr5Se8,-0.812293,-0.812293,0.000255,other
Cr5Te6,-0.365741,-0.365741,0.000350,other
Cr5Te8,-0.474905,-0.474905,0.000213,other
Cr6O11,-2.123403,-2.123403,0.000061,other
Cr6P7O24,-2.525127,-2.525538,0.410941,other
Cr7(PO4)6,-2.546566,-2.546918,0.351603,other
Cr7Se10,-0.006749,-0.006749,0.000242,other
Cr7Se8,-0.655663,-0.655663,0.000399,other
Cr7Te8,-0.340036,-0.340036,0.000061,other
Cr8O21,-1.685936,-1.685936,0.000004,other
Cr9(PO4)8,-2.465760,-2.466114,0.354260,other
Cr9O13,-2.038002,-2.038002,0.000178,other
CrAg3,0.268015,0.268015,0.000410,other
CrAg3ClO4,-0.963562,-0.967023,3.460758,other
CrAg3F6,-1.861199,-1.864313,3.114464,halide_only
CrAgO2,-1.684735,-1.687331,2.595522,other
CrAgO4,-1.195662,-1.197392,1.729851,other
CrAgS2,-0.727503,-0.730572,3.069404,other
CrAgSe2,-0.596073,-0.598669,2.595585,other
CrAu,0.427517,0.471783,44.265535,other
CrAu4,-0.070825,0.027562,98.386518,other
CrBr2,-1.004886,-1.004886,0.000047,halide_only
CrBr3,-1.217404,-1.217404,0.000120,halide_only
CrBrO,-1.640041,-1.640041,0.000353,other
CrCl,-0.283841,-0.283841,0.000043,halide_only
CrCl2,-1.346818,-1.346818,0.000033,halide_only
CrCl3,-1.594190,-1.594190,0.000286,halide_only
CrCl3O,-0.835204,-0.835204,0.000444,other
CrClO,-1.819313,-1.819313,0.000232,other
CrF2,-2.822400,-2.822400,0.000300,halide_only
CrF3,-3.039476,-3.039476,0.000110,halide_only
CrF4,-2.606170,-2.606170,0.000386,halide_only
CrF5,-2.309198,-2.309198,0.000437,halide_only
CrF6,-2.063102,-2.063102,0.000071,halide_only
CrGe,0.089206,0.014582,74.624406,other
CrGeO3,-1.547161,-1.547161,0.000352,other
CrHg3,0.361507,0.361507,0.000049,other
CrHg3F6,-1.731374,-1.733171,1.797011,halide_only
CrHgF6,-2.307819,-2.308568,0.748942,halide_only
CrI2,-0.557312,-0.557312,0.000470,halide_only
CrI3,-0.723042,-0.723042,0.000144,halide_only
CrMo,0.116316,0.116316,0.000460,other
CrMo3,0.447414,0.447414,0.000012,other
CrMoF6,-2.907895,-2.907895,0.000206,halide_only
CrMoO3,-1.648496,-1.648496,0.000433,other
CrMoO4,-2.166948,-2.166948,0.000223,other
CrO,-1.967089,-1.967089,0.000020,other
CrO2,-2.047701,-2.047701,0.000138,other
CrO3,-1.511207,-1.511207,0.000377,other
CrOF,-2.651890,-2.651890,0.000085,other
CrOF3,-2.239131,-2.239131,0.000492,other
CrOF4,-2.065400,-2.065400,0.000127,other
CrP,-0.406801,-0.538661,131.859880,other
CrP2,-0.326076,-0.427532,101.455852,other
CrP2O7,-2.456210,-2.456645,0.434545,other
CrP4,-0.264165,-0.281526,17.361496,other
CrP4O11,-2.519964,-2.520507,0.542768,other
CrPO10,-0.646214,-0.646394,0.180456,other
CrPO4,-2.596172,-2.596534,0.362217,other
CrPO5,-2.182157,-2.182467,0.310320,other
CrS,-0.702540,-0.703014,0.474009,other
CrS2,-0.869188,-0.869820,0.632242,other
CrSBr,-1.113928,-1.114243,0.315499,other
CrSe,-0.538512,-0.538512,0.000101,other
CrSe2,-0.768557,-0.768557,0.000238,other
CrSn2,0.148498,0.148498,0.000228,other
CrTe,-0.247226,-0.247226,0.000285,other
CrTe2,-0.476795,-0.476795,0.000011,other
CrTe3,-0.450522,-0.450522,0.000267,other
CrW,0.121195,0.121195,0.000030,other
CrWO3,-1.388721,-1.388721,0.000045,other
CrWO4,-2.281001,-2.281001,0.000475,other
CrWO6,-1.684262,-1.684262,0.000298,other
Cs(CrS2)2,-1.118101,-1.120439,2.338204,other
Cs(FeSb)2,-0.106029,-0.108544,2.515214,other
Cs(MoO3)3,-2.002057,-2.003024,0.966918,other
Cs(MoS)3,-0.958930,-1.034854,75.923925,other
Cs(MoS)9,-0.751093,-0.890576,139.483231,other
Cs(MoSe)3,-0.926508,-0.928304,1.796275,other
Cs(Nb2Cl5)3,-1.750795,-1.751367,0.571652,halide_only
Cs(Nb3S4)2,-1.387488,-1.388831,1.343458,other
Cs(NbS2)2,-1.486361,-1.488699,2.337924,other
Cs(OsO3)2,-1.672437,-1.673834,1.396875,other
Cs(SO2)2,-1.803247,-1.805315,2.067763,other
Cs(SbS2)2,-0.615818,-0.806390,190.572458,other
Cs(SbSe2)2,-0.776406,-0.778203,1.796815,other
Cs(SeO3)2,-1.119486,-1.120883,1.396771,other
Cs(SeO3)3,-1.104101,-1.105068,0.967491,other
Cs(Ti3Se4)2,-1.467746,-1.468584,0.837946,other
Cs(V3S4)2,-1.270964,-1.272308,1.344210,other
Cs(WCl3)3,-1.389770,-1.390737,0.966915,halide_only
Cs(WO3)2,-2.224119,-2.225516,1.396829,other
Cs(WO3)3,-2.245139,-2.246106,0.967138,other
Cs(Zr3I7)2,-1.169135,-1.169734,0.598687,halide_only
Cs10Ge2O9,-1.714298,-1.720286,5.987809,other
Cs11O3,-0.781879,-0.791759,9.880275,other
Cs11Tl6Cl29,-1.693369,-1.697527,4.158381,halide_only
Cs12Sn2Bi6O,-0.461574,-0.468760,7.185802,other
Cs12Sn2Sb6O,-0.516112,-0.523298,7.186229,other
Cs2(WO4)3,-1.765429,-1.766908,1.479436,other
Cs2AgAsF6,-2.433047,-2.437701,4.653899,other
Cs2AgAu,0.242261,0.268900,26.639049,other
Cs2AgAuBr6,-1.203201,-1.206755,3.553618,halide_only
Cs2AgAuF6,-2.029117,-2.032670,3.553123,halide_only
Cs2AgBiBr6,-1.456031,-1.459584,3.552917,halide_only
Cs2AgBiCl6,-1.703393,-1.706946,3.552973,halide_only
Cs2AgBiF6,-2.565752,-2.569305,3.552849,halide_only
Cs2AgBiI6,-1.086876,-1.090429,3.553178,halide_only
Cs2AgBr3,-1.598892,-1.604814,5.922408,halide_only
Cs2AgCl3,-1.778455,-1.784377,5.921917,halide_only
Cs2AgF4,-2.337514,-2.342590,5.076470,halide_only
Cs2AgF6,-2.106568,-2.110516,3.948230,halide_only
Cs2AgI3,-1.320911,-1.326833,5.921885,halide_only
Cs2AgIrF6,-2.168947,-2.172500,3.552985,halide_only
Cs2AgMoBr6,-1.330557,-1.334110,3.553102,halide_only
Cs2AgMoCl6,-1.620095,-1.623648,3.553271,halide_only
Cs2AgMoF6,-2.602186,-2.605739,3.552984,halide_only
Cs2AgSbBr6,-1.406815,-1.410368,3.552891,other
Cs2AgSbCl6,-1.651130,-1.654683,3.553462,other
Cs2AgSbF6,-2.529283,-2.532836,3.552782,other
Cs2AgSbI6,-1.044633,-1.048186,3.552755,other
Cs2Al7Tl,0.186388,0.186388,0.000304,other
Cs2AlAuF6,-2.852798,-2.855313,2.515415,halide_only
Cs2AlCuCl6,-1.805163,-1.807678,2.514589,halide_only
Cs2AlInBr6,-1.632791,-1.636055,3.264389,halide_only
Cs2AlInCl6,-1.959945,-1.963209,3.264067,halide_only
Cs2AlInF6,-3.158682,-3.161946,3.264109,halide_only
Cs2AlTlBr6,-1.670507,-1.673905,3.398000,halide_only
Cs2As3,-0.432720,-0.444352,11.632179,other
Cs2AsAuF6,-2.265743,-2.269358,3.615436,other
Cs2AuBr,-0.778909,-0.785196,6.287415,halide_only
Cs2AuCl,-0.877336,-0.883624,6.287869,halide_only
Cs2AuI,-0.627641,-0.633928,6.287335,halide_only
Cs2Bi4O7,-1.677617,-1.679552,1.934656,other
Cs2Bi4Se7,-0.898359,-0.900293,1.934499,other
Cs2Bi8Se13,-0.796043,-0.797136,1.093182,other
Cs2BiAuF6,-2.390323,-2.392838,2.514647,halide_only
Cs2BrCl,-1.963403,-1.969691,6.288000,halide_only
Cs2CaF4,-3.472124,-3.475717,3.592808,halide_only
Cs2CeAgCl6,-2.182074,-2.186014,3.939753,halide_only
Cs2CeCl6,-2.453285,-2.456509,3.223555,halide_only
Cs2CeCuCl6,-2.133719,-2.136621,2.901602,halide_only
Cs2CeCuI6,-1.391735,-1.394636,2.900830,halide_only
Cs2CoAgF6,-2.318415,-2.324478,6.063434,halide_only
Cs2CoF6,-2.472468,-2.478051,5.582886,halide_only
Cs2Cr4O13,-1.770825,-1.772149,1.323905,other
Cs2CrCl4,-1.916311,-1.919904,3.593087,halide_only
Cs2CrCl5O4,-1.045767,-1.047863,2.095697,other
Cs2CrF6,-2.969003,-2.971797,2.794098,halide_only
Cs2CrHgF6,-2.591100,-2.594214,3.114426,halide_only
Cs2CrO4,-2.067414,-2.071006,3.592495,other
Cs2Cu2Sb2S5,-0.676599,-0.805651,129.051949,other
Cs2Cu5Se4,-0.635114,-0.637400,2.285961,other
Cs2CuAsCl6,-1.516827,-1.520442,3.615403,other
Cs2CuAuCl6,-1.391052,-1.393567,2.515356,halide_only
Cs2CuBiCl6,-1.663316,-1.665832,2.515514,halide_only
Cs2CuBiI6,-1.032068,-1.034583,2.514798,halide_only
Cs2CuBr3,-1.543501,-1.547692,4.191401,halide_only
Cs2CuBr4,-1.482697,-1.486290,3.592869,halide_only
Cs2CuBrCl3,-1.547131,-1.550724,3.592667,halide_only
Cs2CuCl4,-1.722270,-1.725862,3.592468,halide_only
Cs2CuF4,-2.481229,-2.484822,3.592545,halide_only
Cs2CuF6,-2.286054,-2.280214,5.840455,halide_only
Cs2CuMoBr6,-1.268860,-1.271376,2.515511,halide_only
Cs2CuO2,-0.245006,-0.250036,5.030367,other
Cs2CuSbBr6,-1.361280,-1.363795,2.514567,other
Cs2CuSbCl6,-1.610277,-1.612792,2.514823,other
Cs2CuSbI6,-0.990624,-0.993139,2.515364,other
Cs2ErAgCl6,-2.215593,-2.219147,3.553648,halide_only
Cs2ErAuCl6,-2.076893,-2.079408,2.515165,halide_only
Cs2ErCl5,-2.575498,-2.578641,3.143326,halide_only
Cs2EuCl5,-2.342058,-2.349091,7.032900,halide_only
Cs2EuCuCl6,-2.066093,-2.071719,5.625977,halide_only
Cs2Fe2(MoO4)3,-1.772846,-1.774170,1.324005,other
Cs2FeCl5O,-1.092046,-1.094841,2.794876,other
Cs2FeF5,-2.885587,-2.888731,3.143764,halide_only
Cs2FeO4,-1.439121,-1.442714,3.592598,other
Cs2FeOF5,-2.311016,-2.313811,2.794734,other
Cs2GaAgBr6,-1.425489,-1.429042,3.553331,halide_only
Cs2GaAgCl6,-1.704052,-1.707605,3.552832,halide_only
Cs2GaAgF6,-2.688233,-2.691786,3.552994,halide_only
Cs2GaAgI6,-1.031026,-1.034579,3.553058,halide_only
Cs2GaAuCl6,-1.579669,-1.582184,2.514657,halide_only
Cs2GaHgBr6,-1.417699,-1.420813,3.114228,halide_only
Cs2GaHgF6,-2.626496,-2.629610,3.114053,halide_only
Cs2GdAgCl6,-2.209652,-2.213205,3.553355,halide_only
Cs2GdAuCl6,-2.073269,-2.075784,2.514740,halide_only
Cs2GdCl5,-2.566784,-2.569928,3.143549,halide_only
Cs2Ge2S5,-1.071860,-1.075181,3.321340,other
Cs2GeCl6,-1.806791,-1.809586,2.794790,halide_only
Cs2GeF6,-3.051875,-3.054669,2.794348,halide_only
Cs2GeO3,-2.055193,-2.059385,4.191833,other
Cs2GeSe3,-1.132241,-1.136433,4.191844,other
Cs2GeSe4,-1.048959,-1.052552,3.593246,other
Cs2Hg27,-0.086335,-0.092781,6.446046,other
Cs2Hg3I8,-0.946780,-0.950098,3.317529,halide_only
Cs2HgAsF6,-2.409192,-2.413406,4.214144,other
Cs2HgAsI6,-0.980249,-0.984463,4.214218,other
Cs2HgBiBr6,-1.424556,-1.427670,3.114175,halide_only
Cs2HgBiF6,-2.502828,-2.505942,3.114114,halide_only
Cs2HgBiI6,-1.077059,-1.080173,3.113710,halide_only
Cs2HgBr4,-1.566939,-1.571388,4.449257,halide_only
Cs2HgF4,-2.439203,-2.443652,4.449340,halide_only
Cs2HgI4,-1.261050,-1.265498,4.448387,halide_only
Cs2HgMoF6,-2.527838,-2.530953,3.114591,halide_only
Cs2HgSbBr6,-1.385599,-1.388713,3.114465,other
Cs2I4O11,-1.153330,-1.154809,1.479104,other
Cs2IBr,-1.400373,-1.406660,6.287176,halide_only
Cs2In(IO3)6,-1.093866,-1.095075,1.208694,other
Cs2In3,-0.298605,-0.147094,151.511455,other
Cs2InAgBr6,-1.472874,-1.477177,4.302615,halide_only
Cs2InAgCl6,-1.739099,-1.743401,4.302272,halide_only
Cs2InAgF6,-2.632366,-2.636668,4.302318,halide_only
Cs2InAgI6,-1.084368,-1.088670,4.302103,halide_only
Cs2InAuF6,-2.451796,-2.455060,3.263909,halide_only
Cs2InCl5O,-1.419153,-1.422779,3.626281,other
Cs2InCuF6,-2.570189,-2.573453,3.263771,halide_only
Cs2InGaBr6,-1.531044,-1.534308,3.264304,halide_only
Cs2InGaCl6,-1.800377,-1.803641,3.263628,halide_only
Cs2InGaF6,-2.740649,-2.743913,3.263820,halide_only
Cs2InGaI6,-1.132082,-1.135346,3.264445,halide_only
Cs2InHgBr6,-1.455149,-1.459013,3.863672,halide_only
Cs2IrF6,-2.484288,-2.487082,2.794494,halide_only
Cs2Mn(Cl2O)2,-1.191986,-1.194780,2.794279,other
Cs2Mn2Cr3O12,-1.768509,-1.769832,1.323222,other
Cs2Mn3S4,-1.271234,-1.020455,250.779411,other
Cs2Mn3Se4,-0.937009,-0.939804,2.794919,other
Cs2MnBi2S5,-0.992739,-0.995728,2.988826,other
Cs2MnBr4,-1.727801,-1.731394,3.592844,halide_only
Cs2MnCl4,-1.970952,-1.974545,3.592902,halide_only
Cs2MnCl6,-1.862159,-1.864953,2.794112,halide_only
Cs2MnF4,-2.965515,-2.969108,3.592553,halide_only
Cs2MnF5,-2.976105,-2.979249,3.143634,halide_only
Cs2MnF6,-2.908788,-2.911583,2.794579,halide_only
Cs2MnO4,-1.728599,-1.732192,3.592600,other
Cs2MnOF5,-2.414137,-2.416932,2.794503,other
Cs2MnS2,-1.319899,-1.151410,168.488907,other
Cs2MnSe2,-1.117570,-1.122600,5.030143,other
Cs2MnV2(BrO3)2,-2.149469,-2.151403,1.934279,other
Cs2MnV2(ClO3)2,-2.205351,-2.207285,1.934205,other
Cs2Mo15S19,-0.861053,-1.018095,157.041586,other
Cs2Mo2O11,-1.210042,-1.211719,1.676790,other
Cs2Mo3O10,-2.117736,-2.119413,1.676635,other
Cs2Mo4O13,-2.065562,-2.066886,1.323862,other
Cs2Mo5O16,-2.033471,-2.034564,1.093117,other
Cs2Mo7O22,-1.999709,-2.000520,0.810909,other
Cs2MoBr6,-1.516382,-1.519176,2.794402,halide_only
Cs2MoCl6,-1.849524,-1.852318,2.794211,halide_only
Cs2MoO4,-2.203920,-2.207513,3.593050,other
Cs2MoO8,-1.045516,-1.047802,2.286027,other
Cs2MoS4,-1.175793,-1.277960,102.166885,other
Cs2MoSe4,-1.135338,-1.138931,3.593144,other
Cs2Nb3Cl7O5,-2.218349,-2.219829,1.479900,other
Cs2Nb4O11,-2.955836,-2.957315,1.479048,other
Cs2NbAuF6,-2.651610,-2.654125,2.515201,halide_only
Cs2NbCuF6,-2.571978,-2.574493,2.515240,halide_only
Cs2NbCuSe4,-1.218641,-1.221785,3.143526,other
Cs2NbF6,-3.243374,-3.246169,2.794677,halide_only
Cs2NbTlF6,-2.788410,-2.791808,3.398067,halide_only
Cs2NdCuI6,-1.399857,-1.402372,2.514569,halide_only
Cs2O,-1.180247,-1.188630,8.383010,other
Cs2O2,-1.224223,-1.230511,6.287951,other
Cs2O3,-1.023226,-1.028257,5.030549,other
Cs2PdF6,-2.412653,-2.415447,2.794290,halide_only
Cs2PrAgI6,-1.461821,-1.466831,5.009529,halide_only
Cs2RuAuF6,-2.064445,-2.066960,2.514988,halide_only
Cs2S,-1.192438,-1.126704,65.733867,other
Cs2S3,-0.969699,-1.107848,138.148805,other
Cs2S5,-0.743681,-0.977934,234.252503,other
Cs2S5O,-0.775263,-0.778999,3.736459,other
Cs2S5O12,-1.406732,-1.408305,1.572805,other
Cs2SO4,-2.257879,-2.261607,3.728302,other
Cs2Sb,-0.560527,-0.440811,119.716322,other
Cs2Sb2OF10,-2.839254,-2.840931,1.676776,other
Cs2Sb4S7,-0.659070,-0.827216,168.146091,other
Cs2Sb8S13,-0.507387,-0.713224,205.836569,other
Cs2SbAuI6,-0.983710,-0.986225,2.514926,other
Cs2SbBr6,-1.506076,-1.508871,2.794902,other
Cs2SbCl6,-1.779879,-1.782673,2.794216,other
Cs2SbF5,-2.915260,-2.918403,3.143436,other
Cs2ScAgI6,-1.386987,-1.390540,3.553196,halide_only
Cs2ScAuCl6,-2.011694,-2.014209,2.514670,halide_only
Cs2ScHgI6,-1.339300,-1.342414,3.114126,halide_only
Cs2ScTlCl6,-2.255243,-2.258641,3.397631,halide_only
Cs2ScTlF6,-3.351958,-3.355356,3.397980,halide_only
Cs2Se,-1.197025,-1.205408,8.383043,other
Cs2Se3,-1.098471,-1.103501,5.029955,other
Cs2Se5,-0.941145,-0.944738,3.593390,other
Cs2SeCl6,-1.562699,-1.565494,2.794830,other
Cs2SeO4,-1.804142,-1.807734,3.592490,other
Cs2Sn2O3,-1.719397,-1.722990,3.593049,other
Cs2Sn3(SbS5)2,-0.858202,-0.860239,2.037113,other
Cs2SnBr6,-1.609660,-1.612454,2.794456,halide_only
Cs2SnCl6,-1.919555,-1.922350,2.794775,halide_only
Cs2SnF6,-3.041006,-3.043800,2.794091,halide_only
Cs2SnI6,-1.163202,-1.165996,2.794416,halide_only
Cs2SnO3,-1.897128,-1.901320,4.191984,other
Cs2SnS14,-0.405286,-0.746317,341.031062,other
Cs2SnSe3,-1.162475,-1.166666,4.191314,other
Cs2Sr2O3,-2.196080,-2.200511,4.431479,other
Cs2TaAgI6,-0.943102,-0.947570,4.468457,halide_only
Cs2TaAuF6,-2.802510,-2.805940,3.429963,halide_only
Cs2TaCl6,-2.064866,-2.068677,3.810778,halide_only
Cs2TaCuBr6,-1.293198,-1.296628,3.430036,halide_only
Cs2TaCuCl6,-1.598204,-1.601634,3.430165,halide_only
Cs2TaCuF6,-2.658366,-2.661796,3.430106,halide_only
Cs2TaCuI6,-0.875837,-0.879267,3.430320,halide_only
Cs2TaS6,-0.835069,-0.839512,4.442831,other
Cs2TaTlF6,-2.733123,-2.737436,4.312840,halide_only
Cs2TbCuCl6,-2.157863,-2.160728,2.864591,halide_only
Cs2Ti(WO4)3,-2.507120,-2.508517,1.397371,other
Cs2Ti2S9,-1.323776,-1.326367,2.590589,other
Cs2Ti4O9,-3.231590,-3.233267,1.676794,other
Cs2TiCl6,-2.241536,-2.244330,2.794378,halide_only
Cs2TiI6,-1.376752,-1.379547,2.794541,halide_only
Cs2TiO3,-2.684312,-2.688504,4.191807,other
Cs2TiOF5,-2.934596,-2.937390,2.794472,other
Cs2TiS3,-1.621142,-1.625808,4.666064,other
Cs2TlAgCl6,-1.578762,-1.583198,4.436283,halide_only
Cs2TlAgF6,-2.361566,-2.366002,4.436427,halide_only
Cs2TlBiBr6,-1.549796,-1.553194,3.397510,halide_only
Cs2TlBr5,-1.530047,-1.534294,4.247435,halide_only
Cs2TlCl5,-1.766965,-1.771212,4.247158,halide_only
Cs2TlCoF6,-2.502692,-2.508600,5.908029,halide_only
Cs2TlCuBr6,-1.337139,-1.340537,3.397728,halide_only
Cs2TlGaF6,-2.851024,-2.854422,3.398318,halide_only
Cs2TlGaI6,-1.123867,-1.127265,3.397801,halide_only
Cs2TlHgF6,-2.344437,-2.348434,3.996944,halide_only
Cs2TlHgI6,-1.039823,-1.043820,3.997104,halide_only
Cs2TlInBr6,-1.577040,-1.581187,4.146504,halide_only
Cs2TlPdF6,-2.306570,-2.309968,3.397961,halide_only
Cs2TlRuF6,-2.404305,-2.407702,3.397438,halide_only
Cs2TlSbF6,-2.677941,-2.681339,3.398284,other
Cs2TlSbI6,-1.127292,-1.130690,3.397819,other
Cs2TlVF6,-2.948139,-2.951537,3.398428,halide_only
Cs2V(OF2)2,-2.560383,-2.563177,2.794026,other
Cs2V3O8,-2.452523,-2.454457,1.934440,other
Cs2V4O9,-2.471569,-2.472575,1.005682,other
Cs2V5O13,-2.410338,-2.411595,1.257467,other
Cs2VAgF6,-2.702674,-2.706228,3.553529,halide_only
Cs2VBr5O4,-0.719936,-0.722032,2.095722,other
Cs2VCl5O4,-0.783371,-0.785467,2.096192,other
Cs2VCl6,-1.981042,-1.983836,2.794478,halide_only
Cs2VF6,-3.160064,-3.162858,2.794267,halide_only
Cs2W(OF2)2,-2.688494,-2.691288,2.794388,other
Cs2W3(S2O)4,-0.408313,-0.410238,1.925150,other
Cs2WBr6,-1.463702,-1.466496,2.794326,halide_only
Cs2WCl6,-1.812493,-1.815287,2.794411,halide_only
Cs2WO4,-2.252970,-2.255758,2.788373,other
Cs2WO8,-1.314755,-1.317041,2.286297,other
Cs2WS4,-1.204561,-1.319543,114.982461,other
Cs2YAuBr6,-1.780231,-1.787008,6.777177,halide_only
Cs2YAuI6,-1.361820,-1.368597,6.776840,halide_only
Cs2YCl5,-2.565929,-2.574400,8.471041,halide_only
Cs2YCuBr6,-1.841112,-1.847889,6.776774,halide_only
Cs2YCuCl6,-2.152702,-2.159479,6.777146,halide_only
Cs2YCuI6,-1.390349,-1.397126,6.777129,halide_only
Cs2YHgF6,-3.131036,-3.138413,7.376734,halide_only
Cs2YTlBr6,-1.998179,-2.005839,7.660157,halide_only
Cs2YTlI6,-1.545333,-1.552993,7.659513,halide_only
Cs2Zn3S4,-1.151095,-1.188531,37.435783,other
Cs2ZnBr4,-1.779485,-1.783078,3.593129,halide_only
Cs2ZnCl4,-2.041087,-2.044680,3.593216,halide_only
Cs2ZnI4,-1.395855,-1.399448,3.593122,halide_only
Cs2ZnO2,-1.526712,-1.531742,5.030004,other
Cs2Zr(IO3)6,-1.368498,-1.369429,0.931352,other
Cs2Zr(WO4)3,-2.555746,-2.557143,1.397476,other
Cs2ZrCl6,-2.392195,-2.394989,2.794212,halide_only
Cs2ZrF6,-3.670170,-3.672964,2.794384,halide_only
Cs2ZrI6,-1.508440,-1.511235,2.794803,halide_only
Cs2ZrO3,-2.729279,-2.733471,4.192122,other
Cs2ZrSe3,-1.611564,-1.615755,4.191282,other
Cs3(Cr5Se8)4,-0.903971,-0.904657,0.686249,other
Cs3(Cu4Se3)2,-0.612665,-0.614884,2.219236,other
Cs3(FeS2)2,-1.035209,-1.039822,4.613492,other
Cs3(SeO4)2,-1.595513,-1.598415,2.901906,other
Cs3AlBr6,-1.826128,-1.829900,3.772238,halide_only
Cs3AlCl6,-2.168280,-2.172053,3.772729,halide_only
Cs3AlF6,-3.379911,-3.383684,3.772603,halide_only
Cs3As,-0.215696,-0.227878,12.182046,other
Cs3As11,-0.282396,-0.293736,11.340493,other
Cs3As2Cl9,-1.702891,-1.707157,4.266444,other
Cs3As7,-0.377162,-0.388637,11.475117,other
Cs3AsCl6,-1.816358,-1.821231,4.872916,other
Cs3AsF6,-2.750029,-2.754902,4.873244,other
Cs3AsI6,-1.183117,-1.187990,4.873153,other
Cs3Au2Br11,-1.199118,-1.201476,2.357721,halide_only
Cs3AuBr6,-1.364355,-1.368128,3.773030,halide_only
Cs3AuF6,-2.294144,-2.297916,3.772184,halide_only
Cs3Bi,-0.465849,-0.283757,182.092237,other
Cs3Bi11Se18,-0.790202,-0.791381,1.178687,other
Cs3Bi2,-0.491370,-0.325176,166.193703,other
Cs3Bi2Br9,-1.603969,-1.606664,2.695063,halide_only
Cs3Bi2Cl9,-1.872845,-1.875540,2.694531,halide_only
Cs3Bi2I9,-1.211826,-1.214520,2.694462,halide_only
Cs3Bi7Se12,-0.872696,-0.874410,1.714305,other
Cs3BiBr6,-1.694286,-1.698059,3.772645,halide_only
Cs3BiCl6,-2.011271,-2.015043,3.772272,halide_only
Cs3BiF6,-2.880085,-2.883858,3.772933,halide_only
Cs3BiI6,-1.302196,-1.305969,3.772747,halide_only
Cs3BiO3,-1.608118,-1.613507,5.389342,other
Cs3BiSe3,-1.149190,-1.154579,5.389177,other
Cs3BrO,-1.440764,-1.448309,7.544920,other
Cs3Ca,0.217187,0.217187,0.000282,other
Cs3CeCl6,-2.519173,-2.446289,72.884325,halide_only
Cs3Cl5O,-1.014633,-1.018824,4.191278,other
Cs3ClO,-1.485933,-1.493478,7.545409,other
Cs3CoF6,-2.660661,-2.666943,6.282474,halide_only
Cs3Cr2Br9,-1.625175,-1.627870,2.694848,halide_only
Cs3Cr2Cl9,-1.955742,-1.958436,2.694288,halide_only
Cs3Cr2I9,-1.169315,-1.172010,2.694813,halide_only
Cs3CrF7,-2.945848,-2.949277,3.429421,halide_only
Cs3Cu2Br5,-1.473206,-1.476978,3.772241,halide_only
Cs3Cu2Cl5,-1.671637,-1.675410,3.772680,halide_only
Cs3Cu2I5,-1.199703,-1.203476,3.772861,halide_only
Cs3Cu3Cl8O,-1.115689,-1.118204,2.514687,other
Cs3Cu5O4,-1.082163,-1.085307,3.144165,other
Cs3ErCl6,-2.528584,-2.532357,3.772830,halide_only
Cs3EuCl6,-2.283559,-2.290443,6.883654,halide_only
Cs3Fe2Cl9,-1.734119,-1.736814,2.694708,halide_only
Cs3Fe2F9,-2.869230,-2.871925,2.694967,halide_only
Cs3FeBr5,-1.662117,-1.666308,4.191288,halide_only
Cs3FeF6,-2.896065,-2.899838,3.772933,halide_only
Cs3FeMo4O15,-1.998777,-2.000417,1.639863,other
Cs3FeO3,-1.547255,-1.552644,5.389218,other
Cs3FeS3,-1.108833,-1.114629,5.795979,other
Cs3FeSe3,-1.066749,-1.072138,5.389098,other
Cs3Ga2F9,-3.053545,-3.056239,2.694365,halide_only
Cs3GaBr6,-1.684047,-1.687820,3.772593,halide_only
Cs3GaCl6,-1.984340,-1.988113,3.772838,halide_only
Cs3GaF6,-3.026529,-3.030302,3.772947,halide_only
Cs3GaI6,-1.255140,-1.258912,3.772422,halide_only
Cs3GaO3,-1.786907,-1.791823,4.915911,other
Cs3GdCl6,-2.473697,-2.477469,3.772307,halide_only
Cs3Ge,0.229932,0.220501,9.431203,other
Cs3Ge2Sb3O13,-2.067293,-2.069089,1.796458,other
Cs3GeF7,-3.010102,-3.013532,3.429557,halide_only
Cs3GeSe3,-1.186154,-1.191544,5.389640,other
Cs3Hg,0.007195,-0.003734,10.928842,other
Cs3Hg20,-0.140463,-0.147313,6.850325,other
Cs3HgBr5,-1.670961,-1.675818,4.857228,halide_only
Cs3HgI5,-1.363121,-1.367979,4.857688,halide_only
Cs3I,-0.713872,-0.723303,9.431011,halide_only
Cs3IO,-1.375418,-1.382963,7.544872,other
Cs3IO5,-1.487624,-1.491816,4.192228,other
Cs3In2Cl9,-1.936595,-1.940360,3.765110,halide_only
Cs3InBr6,-1.725426,-1.729948,4.521728,halide_only
Cs3InCl6,-2.009489,-2.014011,4.521608,halide_only
Cs3InF6,-2.957605,-2.962127,4.521634,halide_only
Cs3InI6,-1.308575,-1.313097,4.521675,halide_only
Cs3InO3,-1.616370,-1.622830,6.459643,other
Cs3Mn3V4O16,-2.313977,-2.315428,1.450761,other
Cs3MnBr5,-1.799019,-1.803211,4.191680,halide_only
Cs3MnCl5,-2.056812,-2.061004,4.192145,halide_only
Cs3MnF7,-2.891711,-2.895140,3.429335,halide_only
Cs3MnI5,-1.421442,-1.425634,4.192044,halide_only
Cs3Mo15Se17,-0.887837,-0.888915,1.078367,other
Cs3Mo2(O2F)3,-2.430454,-2.433149,2.694527,other
Cs3Mo2Br9,-1.480287,-1.482982,2.694751,halide_only
Cs3Mo2BrO7,-2.085576,-2.088478,2.901958,other
Cs3Mo2Cl9,-1.806564,-1.809259,2.694548,halide_only
Cs3Mo2I9,-1.035583,-1.038278,2.695072,halide_only
Cs3Nb2I9,-1.196536,-1.199231,2.694757,halide_only
Cs3Nb2S11,-1.200589,-1.203599,3.009963,other
Cs3Nb2Se11,-1.101205,-1.103563,2.357818,other
Cs3O,-0.918747,-0.928179,9.431685,other
Cs3PdF5,-2.496744,-2.500935,4.191406,halide_only
Cs3PdF6,-2.449248,-2.453020,3.772075,halide_only
Cs3Sb,-0.500302,-0.352725,147.576972,other
Cs3Sb2Br9,-1.542848,-1.545543,2.694981,other
Cs3Sb2Cl9,-1.814268,-1.816963,2.694585,other
Cs3Sb2I9,-1.149382,-1.152077,2.695105,other
Cs3Sb5O14,-1.957637,-1.959352,1.715020,other
Cs3Sb5S9,-0.702254,-0.858772,156.517604,other
Cs3Sb5Se9,-0.831010,-0.833229,2.218683,other
Cs3SbBr6,-1.640232,-1.644005,3.773034,other
Cs3SbCl6,-1.901279,-1.905052,3.772501,other
Cs3SbF6,-2.842472,-2.846245,3.772722,other
Cs3SbI6,-1.254158,-1.257930,3.772093,other
Cs3SbO3,-1.767710,-1.773099,5.389186,other
Cs3SbO4,-1.891426,-1.896142,4.715819,other
Cs3SbS3,-1.150136,-1.187009,36.873064,other
Cs3SbS4,-1.092780,-1.160932,68.151810,other
Cs3SbSe3,-1.163785,-1.169174,5.389441,other
Cs3SbSe4,-1.121332,-1.126047,4.715398,other
Cs3Sc2Cl9,-2.522192,-2.524887,2.694770,halide_only
Cs3ScCl6,-2.456271,-2.460044,3.773033,halide_only
Cs3ScF6,-3.535239,-3.539012,3.772633,halide_only
Cs3ScI6,-1.624866,-1.628639,3.772820,halide_only
Cs3Sr,0.171511,0.171511,0.000388,other
Cs3Ta2S11,-1.225006,-1.229159,4.153488,other
Cs3Ta5O14,-3.174210,-3.178004,3.794401,other
Cs3TaO8,-1.747082,-1.750989,3.906758,other
Cs3TaS4,-1.549275,-1.555608,6.333295,other
Cs3TbCl6,-2.479286,-2.483409,4.122655,halide_only
Cs3Ti2Cl9,-2.211641,-2.214335,2.694333,halide_only
Cs3TiF6,-3.258484,-3.262256,3.772191,halide_only
Cs3TiF7,-3.422922,-3.426351,3.429233,halide_only
Cs3Tl2Br9,-1.447897,-1.451853,3.956373,halide_only
Cs3Tl2Cl9,-1.687377,-1.691333,3.956280,halide_only
Cs3TlBr6,-1.578036,-1.582692,4.655709,halide_only
Cs3TlCl6,-1.828548,-1.833204,4.655631,halide_only
Cs3TlF6,-2.672969,-2.677625,4.655824,halide_only
Cs3TlI6,-1.196527,-1.201183,4.655840,halide_only
Cs3V(Cl3O2)2,-0.935589,-0.938284,2.694755,other
Cs3V2Cl9,-2.017986,-2.020681,2.695077,halide_only
Cs3V2O2F7,-2.995172,-2.997867,2.694606,other
Cs3VF6,-3.036691,-3.040464,3.772514,halide_only
Cs3VS4,-1.444630,-1.449819,5.189133,other
Cs3VSe4,-1.270769,-1.275485,4.716085,other
Cs3W2Cl9,-1.691387,-1.694082,2.694909,halide_only
Cs3Y2Br9,-2.244490,-2.253273,8.783299,halide_only
Cs3Y2Cl9,-2.594848,-2.603631,8.783296,halide_only
Cs3YBr6,-2.154736,-2.162771,8.034598,halide_only
Cs3YCl6,-2.475135,-2.483170,8.034787,halide_only
Cs3YF6,-3.526263,-3.534298,8.034534,halide_only
Cs3YI6,-1.691010,-1.699044,8.034455,halide_only
Cs3ZnBr5,-1.838503,-1.842695,4.191779,halide_only
Cs3ZnCl5,-2.088238,-2.092429,4.191425,halide_only
Cs3ZnI5,-1.472473,-1.476665,4.192145,halide_only
Cs3Zr2I9,-1.462734,-1.465429,2.694738,halide_only
Cs4Co3F10,-2.641990,-2.649378,7.387712,halide_only
Cs4Cu(SbCl6)2,-1.730720,-1.733367,2.647186,other
Cs4Cu3F10,-2.396182,-2.399141,2.959175,halide_only
Cs4Fe(MoO4)3,-2.115081,-2.117596,2.514541,other
Cs4Fe2O5,-1.617869,-1.622442,4.572750,other
Cs4Fe3F10,-2.776381,-2.779339,2.958494,halide_only
Cs4FeO3,-1.370977,-1.377264,6.287140,other
Cs4FeO4,-1.498143,-1.503732,5.589156,other
Cs4FeSbCl12,-1.724808,-1.727602,2.794416,other
Cs4GeO4,-1.856568,-1.862157,5.589122,other
Cs4In2S5,-1.236687,-1.244508,7.820815,other
Cs4Mn(SbCl6)2,-1.826201,-1.828848,2.647102,other
Cs4Mn3O6,-1.774735,-1.778605,3.869750,other
Cs4Nb2S11,-1.248800,-1.252373,3.572559,other
Cs4O3,-1.069560,-1.076746,7.186050,other
Cs4Pb9,-0.187678,-0.191547,3.869396,other
Cs4Sb14S23,-0.527585,-0.727446,199.860905,other
Cs4Sb2O5,-1.801426,-1.805999,4.573112,other
Cs4Sn23,-0.188012,-0.166487,21.525216,other
Cs4SnO4,-1.744004,-1.749593,5.588872,other
Cs4Ta2S11,-1.276541,-1.281190,4.649027,other
Cs4Ti3S14,-1.352462,-1.355489,3.026815,other
Cs4Zn3F10,-2.802725,-2.805684,2.958503,halide_only
Cs4ZnO3,-1.415831,-1.422119,6.287927,other
Cs4Zr3S14,-1.459684,-1.462711,3.026764,other
Cs4Zr3Se14,-1.365821,-1.368216,2.395090,other
Cs4ZrO4,-2.273180,-2.278769,5.589073,other
Cs5(SO4)4,-1.993824,-1.996491,2.666992,other
Cs5Bi(MoO4)4,-2.212840,-2.133142,79.697951,other
Cs5FeO4,-1.449986,-1.456273,6.287124,other
Cs5Hg19,-0.214402,-0.221765,7.363420,other
Cs5Mo21Se23,-0.904551,-0.905834,1.283127,other
Cs5Sb8,-0.486486,-0.470472,16.014268,other
Cs5V5FeCl6O13,-1.993898,-1.995993,2.095412,other
Cs6Bi4O9,-1.636908,-1.640879,3.970907,other
Cs6Br4O,-1.629325,-1.636184,6.859413,other
Cs6Cl4O,-1.738838,-1.745697,6.859220,other
Cs6Cr2O7,-1.857783,-1.862813,5.030064,other
Cs6Fe2O5,-1.402425,-1.408229,5.803733,other
Cs6Ge2O7,-1.950898,-1.955928,5.029746,other
Cs6Ti2O7,-2.488193,-2.493223,5.029801,other
Cs6ZnGe8,-0.194699,-0.199729,5.030265,other
Cs7(FeS2)4,-1.047283,-1.052315,5.032294,other
Cs7Co4F15,-2.681488,-2.688735,7.247112,halide_only
Cs7Cu6F19,-2.364453,-2.367204,2.751025,halide_only
Cs7Fe4F15,-2.794922,-2.798308,3.385822,halide_only
Cs7O,-0.448906,-0.459909,11.003137,other
Cs8Fe2O7,-1.485080,-1.490998,5.917597,other
Cs8Ga11,-0.212846,-0.141747,71.099193,other
Cs8Ga11Cl,-0.366584,-0.371614,5.029856,halide_only
Cs8In2O7,-1.543828,-1.550627,6.798716,other
Cs8Ta6O19,-2.932882,-2.937594,4.712227,other
Cs8Zr(MoO4)6,-2.300201,-2.302780,2.579203,other
Cs9Fe2S7,-0.926056,-0.932712,6.656030,other
Cs9Fe2Se7,-1.103992,-1.110280,6.288013,other
CsAg2I3,-0.892773,-0.898329,5.555984,halide_only
CsAg3S2,-0.497268,-0.549593,52.324930,other
CsAg3Se2,-0.582396,-0.589683,7.286958,other
CsAg5Se3,-0.470735,-0.477900,7.164752,other
CsAg7S4,-0.314710,-0.389604,74.894111,other
CsAgBr2,-1.351502,-1.357241,5.739161,halide_only
CsAgBr3,-1.237066,-1.241657,4.591204,halide_only
CsAgCl2,-1.522737,-1.528476,5.738904,halide_only
CsAgCl3,-1.444356,-1.448948,4.591861,halide_only
CsAgF3,-2.126198,-2.130790,4.591777,halide_only
CsAgO,-0.989765,-0.997417,7.652186,other
CsAgO2,-1.005999,-1.011738,5.738821,other
CsAgSe4,-0.712835,-0.716661,3.826361,other
CsAl,0.270592,0.270592,0.000377,other
CsAlBr4,-1.813217,-1.815313,2.096201,halide_only
CsAlCl4,-2.214251,-2.216347,2.095779,halide_only
CsAlF4,-3.644149,-3.640816,3.333042,halide_only
CsAs4F13,-2.567436,-2.570580,3.143733,other
CsAsF4,-2.718283,-2.722213,3.929524,other
CsAsF6,-2.765672,-2.768620,2.947913,other
CsAu,-0.360559,-0.307280,53.278736,other
CsAu2F7,-1.776084,-1.777341,1.257481,halide_only
CsAuBr3,-1.218823,-1.221338,2.515224,halide_only
CsAuCl3,-1.411487,-1.414002,2.514670,halide_only
CsAuCl4,-1.357362,-1.359458,2.096036,halide_only
CsAuF3,-1.916207,-1.918723,2.515513,halide_only
CsAuF4,-2.052962,-2.055057,2.095440,halide_only
CsAuI3,-0.945910,-0.948425,2.514555,halide_only
CsBi,-0.510760,-0.363421,147.338829,other
CsBi(MoO4)2,-2.023953,-2.025000,1.047447,other
CsBi2,-0.389739,-0.307966,81.773342,other
CsBi2Br7,-1.363464,-1.364722,1.257642,halide_only
CsBi3S5,-0.658591,-0.842501,183.910299,other
CsBi3Se5,-0.844528,-0.845925,1.397258,other
CsBi4Se7,-0.765804,-0.766852,1.047577,other
CsBiF6,-2.545070,-2.546642,1.571887,halide_only
CsBiO2,-1.674317,-1.677461,3.143942,other
CsBiO3,-1.362186,-1.364701,2.514917,other
CsBiS2,-0.866776,-0.983717,116.941307,other
CsBiSe2,-0.910040,-0.913184,3.143893,other
CsBr,-2.051713,-2.052889,1.176176,halide_only
CsBr2F,-1.485392,-1.488536,3.143546,halide_only
CsBr2F7,-1.694686,-1.695943,1.257088,halide_only
CsBr3,-1.378872,-1.382016,3.144092,halide_only
CsBrF,-1.952816,-1.957008,4.191756,halide_only
CsBrF4,-1.963221,-1.965317,2.095714,halide_only
CsBrF6,-1.869883,-1.871455,1.572338,halide_only
CsBrO3,-1.058973,-1.061488,2.515372,other
CsBrO4,-0.855695,-0.857791,2.096204,other
CsCa3,0.249876,0.249876,0.000398,other
CsCaF3,-3.718485,-3.721000,2.514597,halide_only
CsCd13,-0.078432,-0.043299,35.132712,other
CsCdF3,-2.697263,-2.707202,9.938899,halide_only
CsCe,0.836977,0.836977,0.000221,other
CsCl,-2.255804,-2.254950,0.853876,halide_only
CsClO2,-1.038407,-1.041550,3.143347,other
CsClO3,-1.154321,-1.156836,2.515124,other
CsClO4,-1.104036,-1.106132,2.095868,other
CsCoF3,-2.495607,-2.503142,7.534764,halide_only
CsCoF4,-2.442405,-2.448684,6.278727,halide_only
CsCr(MoO4)2,-2.163447,-2.164495,1.047913,other
CsCr3O8,-1.942455,-1.943503,1.047523,other
CsCr5S8,-1.086488,-1.087928,1.439854,other
CsCr5Se8,-0.917746,-0.918644,0.897930,other
CsCrBr3,-1.450127,-1.452642,2.515183,halide_only
CsCrCl3,-1.757433,-1.759948,2.515363,halide_only
CsCrClO3,-1.716173,-1.718269,2.095859,other
CsCrF4,-3.094265,-3.096361,2.096146,halide_only
CsCrI2,-0.747340,-0.750484,3.143947,halide_only
CsCrI3,-1.034791,-1.037306,2.515248,halide_only
CsCrO3F,-2.108222,-2.110318,2.096337,other
CsCu2Br3,-1.063014,-1.065110,2.095721,halide_only
CsCu2Cl3,-1.255004,-1.257100,2.095765,halide_only
CsCu2F5,-2.170185,-2.171757,1.571569,halide_only
CsCu2F6,-2.124312,-2.125710,1.397596,halide_only
CsCu2I3,-0.808227,-0.810323,2.095755,halide_only
CsCu3O2,-0.969435,-0.971531,2.095920,other
CsCu3S2,-0.612482,-0.709022,96.540284,other
CsCu4S3,-0.475161,-0.589430,114.268725,other
CsCu4Se3,-0.533481,-0.535053,1.572006,other
CsCu5S3,-0.446457,-0.541861,95.404101,other
CsCuBr3,-1.249502,-1.252017,2.514684,halide_only
CsCuCl3,-1.486847,-1.489362,2.515048,halide_only
CsCuF4,-2.231078,-2.233174,2.096325,halide_only
CsCuO,-1.185305,-1.189496,4.191326,other
CsCuO2,-1.348184,-1.351328,3.143512,other
CsCuS4,-0.531011,-0.769930,238.919491,other
CsCuS6,-0.398227,-0.695599,297.371951,other
CsCuSe4,-0.736990,-0.739086,2.096293,other
CsEr2Cl7,-2.690541,-2.691798,1.257209,halide_only
CsEu,0.299267,0.299267,0.000086,other
CsEu3,0.271977,0.271977,0.000494,other
CsEuCl3,-2.602297,-2.611035,8.737519,halide_only
CsF,-2.834747,-2.841035,6.287891,halide_only
CsFe(MoO4)2,-2.024768,-2.025816,1.047616,other
CsFe(OF2)2,-1.384251,-1.385823,1.571963,other
CsFe2F6,-2.770797,-2.772194,1.396921,halide_only
CsFe2S3,-0.950289,-0.952859,2.570121,other
CsFe2Se3,-0.757546,-0.759642,2.096109,other
CsFe5(MoO4)7,-1.917003,-1.917310,0.306797,other
CsFeAgF6,-2.369554,-2.372105,2.550662,halide_only
CsFeBr3,-1.245291,-1.247806,2.514672,halide_only
CsFeBr4,-1.366223,-1.368318,2.095491,halide_only
CsFeCl3,-1.645271,-1.647786,2.514801,halide_only
CsFeCl4,-1.680099,-1.682195,2.096224,halide_only
CsFeCuF6,-2.500690,-2.502087,1.396778,halide_only
CsFeF3,-2.740957,-2.743472,2.514968,halide_only
CsFeF4,-2.820896,-2.822992,2.096295,halide_only
CsFeI4,-0.939368,-0.941463,2.095440,halide_only
CsFeO2,-1.731291,-1.734435,3.143964,other
CsFeS2,-1.024255,-1.027873,3.618114,other
CsGa2Au3,-0.316817,-0.318913,2.096101,other
CsGa3,-0.215088,-0.158028,57.060427,other
CsGa3S5,-1.032268,-1.157829,125.560528,other
CsGa7,-0.154487,-0.107917,46.569951,other
CsGa9Au5,-0.260805,-0.261643,0.838428,other
CsGaAgF6,-2.508484,-2.511034,2.550398,halide_only
CsGaBr4,-1.611977,-1.614072,2.095399,halide_only
CsGaCl4,-1.938590,-1.940686,2.095865,halide_only
CsGaO2,-2.097983,-2.101127,3.143967,other
CsGaS2,-1.230199,-1.304408,74.208984,other
CsGaS3,-0.987033,-1.135351,148.318098,other
CsGd,0.631922,0.631922,0.000134,other
CsGd2Cl7,-2.697557,-2.698815,1.258010,halide_only
CsGe,-0.205434,-0.211722,6.287821,other
CsGeBiS4,-0.933162,-0.935500,2.337815,other
CsGeBr3,-1.446722,-1.449237,2.515014,halide_only
CsGeCl3,-1.710210,-1.712725,2.514569,halide_only
CsGeI3,-1.069609,-1.072124,2.514634,halide_only
CsGeO3,-1.282107,-1.284622,2.514986,other
CsGeSbO5,-2.086507,-2.088079,1.571681,other
CsHg,-0.206870,-0.216154,9.283595,other
CsHg2,-0.248798,-0.256984,8.186468,other
CsHg2Br5,-1.157373,-1.160443,3.070064,halide_only
CsHg3,-0.218133,-0.225771,7.637621,other
CsHgBr3,-1.345134,-1.348848,3.713640,halide_only
CsHgF3,-2.246412,-2.250125,3.713046,halide_only
CsI,-1.729146,-1.735434,6.287656,halide_only
CsI2Br,-1.055588,-1.058732,3.144196,halide_only
CsI3,-1.113519,-1.116663,3.144270,halide_only
CsI3F16,-2.112622,-2.113251,0.628968,halide_only
CsI4,-0.975770,-0.978285,2.515087,halide_only
CsICl2,-1.414320,-1.417464,3.144176,halide_only
CsIO3,-1.372726,-1.375241,2.515417,other
CsIO4,-1.167899,-1.169995,2.096287,other
CsIn(MoO4)2,-2.067614,-2.069286,1.671682,other
CsIn3,-0.280250,-0.128016,152.233739,other
CsIn3O5,-1.919465,-1.923359,3.894320,other
CsIn5S8,-0.874267,-0.943017,68.750487,other
CsInAgF6,-2.424866,-2.428249,3.383332,halide_only
CsInBr3,-1.546272,-1.550285,4.013491,halide_only
CsInCl3,-1.813178,-1.817191,4.013249,halide_only
CsInCuF6,-2.565920,-2.568149,2.229270,halide_only
CsInF3,-2.752830,-2.756843,4.013205,halide_only
CsInI3,-1.157816,-1.161829,4.013313,halide_only
CsInI4,-1.158596,-1.161940,3.343968,halide_only
CsInO2,-1.729527,-1.734543,5.015993,other
CsInS2,-1.178436,-1.209688,31.252093,other
CsInSe2,-1.168847,-1.173864,5.016683,other
CsIr,1.557296,1.580913,23.616931,other
CsMn(OF2)2,-1.822897,-1.824469,1.572367,other
CsMn2V2ClO7,-2.259212,-2.260179,0.967493,other
CsMn4Cl9,-1.623577,-1.624475,0.898162,halide_only
CsMnBi,-0.065873,0.032353,98.226208,other
CsMnBr3,-1.567758,-1.570273,2.515165,halide_only
CsMnBr3O2,-0.934577,-0.936374,1.796603,other
CsMnCl3,-1.855493,-1.858008,2.515360,halide_only
CsMnCl3O2,-1.106155,-1.107951,1.796185,other
CsMnCrF6,-3.080386,-3.081784,1.397601,halide_only
CsMnCuF6,-2.557099,-2.558496,1.397417,halide_only
CsMnF3,-2.987412,-2.989928,2.515515,halide_only
CsMnF4,-2.943398,-2.945494,2.095695,halide_only
CsMnFeF6,-2.888924,-2.890322,1.397549,halide_only
CsMnI3,-1.133208,-1.135723,2.515396,halide_only
CsMnO4,-1.489637,-1.491733,2.095704,other
CsMnSb,-0.205731,-0.165438,40.293286,other
CsMnSe2,-0.908378,-0.911522,3.143600,other
CsMnVF6,-3.146530,-3.147927,1.397354,halide_only
CsMo3Cl7,-1.527115,-1.528258,1.142916,halide_only
CsMo3I7,-0.839561,-0.840704,1.142938,halide_only
CsMo6Se7,-0.875004,-0.875902,0.898242,other
CsMoF7,-2.744112,-2.745509,1.396831,halide_only
CsMoIO6,-1.640992,-1.642389,1.397115,other
CsMoO2F3,-2.596865,-2.598662,1.796865,other
CsMoO3,-1.775428,-1.777943,2.515257,other
CsNb4Br11,-1.394796,-1.395582,0.785704,halide_only
CsNb4Cl11,-1.784427,-1.785212,0.785474,halide_only
CsNb6I11,-0.797461,-0.798160,0.698805,halide_only
CsNbCl6,-1.937966,-1.939538,1.572222,halide_only
CsNbF6,-3.428705,-3.430277,1.571817,halide_only
CsNbO3,-2.832049,-2.834564,2.514843,other
CsNbV2O8,-2.606237,-2.607285,1.048077,other
CsNd,0.639720,0.639720,0.000108,other
CsNd3,0.560116,0.560116,0.000343,other
CsO2,-1.010516,-0.979847,30.668574,other
CsO3,-0.648975,-0.652119,3.143618,other
CsOs2O9,-1.500788,-1.501836,1.047606,other
CsOsO3,-1.320446,-1.322961,2.514853,other
CsPb3,-0.095292,-0.098435,3.143376,other
CsPbF3,-2.781184,-2.783699,2.514744,halide_only
CsPd2F5,-1.893510,-1.895082,1.571968,halide_only
CsPdF3,-2.097796,-2.100311,2.514843,halide_only
CsPr3,0.537904,0.537904,0.000327,other
CsRuF6,-2.466566,-2.468138,1.572335,halide_only
CsS,-1.107908,-1.184621,76.712666,other
CsS3,-0.655204,-0.919806,264.602061,other
CsSO3,-2.072048,-2.074752,2.704284,other
CsSO4,-1.900478,-1.885959,14.518864,other
CsSb,-0.595108,-0.534668,60.439767,other
CsSb2F11,-2.787985,-2.788883,0.897783,other
CsSb2F7,-2.806263,-2.807521,1.257693,other
CsSb3F16,-2.724288,-2.724916,0.628440,other
CsSb4F13,-2.681620,-2.682319,0.698622,other
CsSbCl6,-1.538555,-1.540127,1.572082,other
CsSbClF3,-2.491840,-2.493936,2.095500,other
CsSbF4,-2.865146,-2.867242,2.096121,other
CsSbF6,-2.921844,-2.923416,1.571838,other
CsSbO2,-1.854186,-1.857330,3.144107,other
CsSbO3,-1.614403,-1.616918,2.514779,other
CsSbOF4,-2.751116,-2.752913,1.796929,other
CsSbS2,-0.854614,-0.973340,118.726121,other
CsSbS6,-0.443575,-0.747384,303.808689,other
CsSbSe2,-0.938864,-0.942008,3.143828,other
CsSbWO6,-2.173342,-2.174739,1.397343,other
CsSc3F10,-4.119741,-4.120640,0.898610,halide_only
CsScCl3,-2.335237,-2.337752,2.515427,halide_only
CsScI3,-1.544555,-1.547071,2.515529,halide_only
CsSe,-0.775549,-0.781836,6.287245,other
CsSe4,-0.815424,-0.817939,2.515114,other
CsSeBr3,-0.885985,-1.122018,236.033285,other
CsSeO4,-1.309645,-1.311741,2.095694,other
CsSn,-0.407444,-0.307630,99.814260,other
CsSn2Br5,-1.396666,-1.398238,1.572235,halide_only
CsSn2Cl5,-1.664055,-1.665627,1.571825,halide_only
CsSn3,-0.169249,-0.151897,17.351771,other
CsSnBr3,-1.572084,-1.563404,8.679828,halide_only
CsSnCl3,-1.808988,-1.811503,2.514727,halide_only
CsSnF3,-2.778720,-2.781235,2.514831,halide_only
CsSnI3,-1.181536,-1.184051,2.515360,halide_only
CsSnO3,-1.528053,-1.530568,2.515366,other
CsSnS3,-0.839470,-1.005215,165.744562,other
CsSnSe3,-0.966375,-0.968890,2.514664,other
CsSr3,0.165557,0.165557,0.000362,other
CsSrO3,-1.381869,-1.384971,3.101854,other
CsTaCl6,-2.032219,-2.034935,2.715694,halide_only
CsTaI6,-1.021721,-1.024436,2.715225,halide_only
CsTaO3,-2.775998,-2.780343,4.344607,other
CsTaS3,-1.434807,-1.439721,4.913625,other
CsTaSe3,-1.266476,-1.264231,2.245447,other
CsTaV2O8,-2.708126,-2.709937,1.810784,other
CsTb2Cl7,-2.703808,-2.705765,1.956803,halide_only
CsTi2(OF)3,-3.453921,-3.455319,1.397549,other
CsTi2Cl7,-2.141755,-2.143012,1.257022,halide_only
CsTi2I7,-1.105787,-1.107044,1.257190,halide_only
CsTi5Se8,-1.471291,-1.472189,0.898430,other
CsTi6O12,-3.383147,-3.383809,0.661901,other
CsTi8F33,-3.693214,-3.693514,0.299597,halide_only
CsTi8O16,-3.406310,-3.406813,0.502643,other
CsTiBr3,-1.710980,-1.713495,2.515357,halide_only
CsTiCl3,-2.054685,-2.057200,2.514661,halide_only
CsTiF4,-3.481439,-3.483535,2.095902,halide_only
CsTiI3,-1.262945,-1.265460,2.515497,halide_only
CsTiO3,-2.358746,-2.361261,2.515117,other
CsTiS2,-1.469059,-1.472677,3.618199,other
CsTl2Bi,0.444114,0.517783,73.669279,other
CsTlAgF6,-2.116949,-2.120480,3.531406,halide_only
CsTlBr3,-1.442000,-1.446281,4.281045,halide_only
CsTlBr4,-1.340932,-1.344500,3.567713,halide_only
CsTlCl3,-1.678374,-1.682655,4.280805,halide_only
CsTlF3,-2.510759,-2.515040,4.280563,halide_only
CsTlF4,-2.499597,-2.503164,3.567444,halide_only
CsTlI3,-1.077440,-1.081721,4.280999,halide_only
CsTlI4,-0.991313,-0.994881,3.567548,halide_only
CsV2O5,-2.454590,-2.456162,1.572190,other
CsV3O8,-2.375251,-2.376299,1.047549,other
CsV5S8,-1.262341,-1.263781,1.439984,other
CsV5Se8,-1.034630,-1.035528,0.898039,other
CsVBr3,-1.582758,-1.585273,2.514924,halide_only
CsVCl3,-1.900130,-1.902645,2.515364,halide_only
CsVCuF6,-2.753332,-2.754730,1.397700,halide_only
CsVF4,-3.208098,-3.210194,2.096172,halide_only
CsVFeF6,-3.014138,-3.015535,1.397481,halide_only
CsVO3,-2.415558,-2.418073,2.514615,other
CsVOF3,-2.974659,-2.976755,2.095929,other
CsVOF4,-2.948610,-2.950406,1.796263,other
CsVZnF6,-3.031936,-3.033333,1.396915,halide_only
CsW3Br7,-1.078693,-1.079836,1.142704,halide_only
CsW3Cl7,-1.363161,-1.364305,1.143558,halide_only
CsWCl6,-1.636958,-1.638530,1.572157,halide_only
CsWF7,-2.922894,-2.924291,1.396793,halide_only
CsY,0.716882,0.716882,0.000093,other
CsY2Cl7,-2.686069,-2.695851,9.781945,halide_only
CsZn8,0.110892,0.110892,0.000101,other
CsZnFeF6,-2.775550,-2.776947,1.396874,halide_only
CsZrOF5,-3.085255,-3.086827,1.572329,other
Cu(BrO4)2,-0.102040,-0.102040,0.000017,other
Cu(BrO6)2,0.392378,0.392378,0.000402,other
Cu(Cl2O)2,0.207564,0.207564,0.000434,other
Cu(ClO)2,0.142588,0.142588,0.000113,other
Cu(ClO7)2,0.348323,0.348323,0.000167,other
Cu(SbO2)2,-1.479396,-1.479396,0.000241,other
Cu(SbO3)2,-1.644237,-1.639421,4.816134,other
Cu10Sb3,0.049920,0.021707,28.212669,other
Cu11S16,0.010921,-0.200993,211.913684,other
Cu11S20,0.083892,-0.153265,237.156791,other
Cu11Sb3,0.041192,0.014994,26.197729,other
Cu11Sb4S13,-0.232926,-0.390192,157.266011,other
Cu12Sb4S13,-0.299325,-0.447099,147.774247,other
Cu13I15,-0.337229,-0.337229,0.000409,halide_only
Cu13Se8,-0.104366,-0.230158,125.792037,other
Cu14I19,-0.287985,-0.287985,0.000230,halide_only
Cu16I19,-0.331256,-0.331256,0.000164,halide_only
Cu17Se10,-0.071423,-0.193721,122.297608,other
Cu18S11,-0.158734,-0.267900,109.166023,other
Cu19Se11,-0.060743,-0.181817,121.074301,other
Cu23(Sb4S13)2,-0.283368,-0.435805,152.437463,other
Cu25Se26,-0.180847,-0.360283,179.436187,other
Cu27Se20,-0.133802,-0.276623,142.821448,other
Cu29Se19,-0.092854,-0.223560,130.705885,other
Cu2As,0.016657,0.022491,5.833845,other
Cu2As3,0.174705,0.174705,0.000179,other
Cu2BrCl,-0.283028,-0.283028,0.000219,halide_only
Cu2BrO3,-0.558329,-0.558329,0.000243,other
Cu2Cl2O,-0.660020,-0.660020,0.000283,other
Cu2ClO3,-0.576985,-0.576985,0.000268,other
Cu2GeI6,0.231321,0.231321,0.000081,halide_only
Cu2O,-0.644505,-0.644505,0.000438,other
Cu2O3,-0.851877,-0.833129,18.747992,other
Cu2OF2,-1.433233,-1.433233,0.000207,other
Cu2S,-0.199436,-0.292567,93.130864,other
Cu2Sb,0.034372,-0.040752,75.124015,other
Cu2SbO5,-0.124536,-0.124536,0.000022,other
Cu2Se,-0.075608,-0.185675,110.067285,other
Cu3(BiI4)4,-0.606959,-0.606959,0.000047,halide_only
Cu3(OF)2,-1.277191,-1.277191,0.000184,other
Cu3(SbO3)4,-1.531816,-1.531816,0.000421,other
Cu39S20,-0.058104,-0.152813,94.708534,other
Cu3As,0.002922,0.023322,20.399673,other
Cu3As4,0.214776,0.214776,0.000108,other
Cu3AsF12,-1.979685,-1.980373,0.687963,other
Cu3Au,-0.036564,-0.036564,0.000253,other
Cu3Cl,0.175436,0.175436,0.000270,halide_only
Cu3F,-0.221189,-0.221189,0.000284,halide_only
Cu3Ge,0.012640,-0.005707,18.346961,other
Cu3O2,-0.603459,-0.603459,0.000254,other
Cu3O4,-0.836459,-0.836459,0.000378,other
Cu3OF5,-1.612641,-1.612641,0.000436,other
Cu3Ru,0.272753,0.272753,0.000316,other
Cu3S2,-0.152413,-0.271571,119.158187,other
Cu3Sb,0.063002,0.032438,30.563925,other
Cu3Sb4(OF)6,-1.811818,-1.811818,0.000014,other
Cu3SbF12,-2.048956,-2.048956,0.000006,other
Cu3SbS3,-0.265668,-0.408290,142.622174,other
Cu3SbS4,-0.300634,-0.475702,175.068124,other
Cu3Se2,-0.189890,-0.321971,132.080866,other
Cu4As,0.093430,0.093430,0.000228,other
Cu4Au,0.064798,0.064798,0.000056,other
Cu4Br3Cl,-0.177241,-0.177241,0.000067,halide_only
Cu4BrCl3,-0.394612,-0.394612,0.000231,halide_only
Cu4O3,-0.807441,-0.807441,0.000374,other
Cu4OF6,-1.579028,-1.579028,0.000486,other
Cu4Se3,-0.086968,-0.231068,144.100422,other
Cu5As2,0.047140,0.049676,2.535914,other
Cu5Ge2,0.070956,0.065521,5.434914,other
Cu5O7,-0.679651,-0.679651,0.000003,other
Cu64O,0.002360,0.002360,0.000373,other
Cu6O,1.186210,1.186210,0.000201,other
Cu6OF11,-1.703026,-1.703026,0.000265,other
Cu7Hg6,0.139980,0.139980,0.000036,other
Cu7S4,-0.231354,-0.332951,101.596715,other
Cu8O,-0.097246,-0.097246,0.000339,other
Cu8O7,-0.831539,-0.831539,0.000158,other
Cu9As4,0.108183,0.108183,0.000038,other
Cu9O13,-0.666585,-0.666585,0.000096,other
Cu9S16,0.370736,0.136057,234.679207,other
Cu9S5,-0.177553,-0.277335,99.782415,other
Cu9Se5,-0.088991,-0.206921,117.929974,other
Cu9Se8,-0.175528,-0.337303,161.775227,other
CuAs,0.053188,0.053997,0.808660,other
CuAs2,0.084536,0.084536,0.000407,other
CuAsF7,-2.198877,-2.200100,1.223156,other
CuAu,-0.048137,-0.048137,0.000495,other
CuAu3,-0.017634,-0.017634,0.000248,other
CuAu4,0.012961,0.012961,0.000134,other
CuBi,0.149743,0.110193,39.550462,other
CuBr,-0.517612,-0.517612,0.000222,halide_only
CuBr2,-0.672242,-0.672242,0.000080,halide_only
CuBrO2,-0.555251,-0.555251,0.000139,other
CuCl,-0.685262,-0.685262,0.000310,halide_only
CuCl2,-0.916810,-0.916810,0.000173,halide_only
CuCl3,-0.620081,-0.620081,0.000106,halide_only
CuCl3O2,-0.011607,-0.011607,0.000067,other
CuCl4,-0.458534,-0.458534,0.000176,halide_only
CuClF10,-1.034730,-1.034730,0.000485,halide_only
CuClO,-0.612352,-0.612352,0.000363,other
CuClO2,-0.364220,-0.364220,0.000229,other
CuF,-1.016799,-1.016799,0.000108,halide_only
CuF2,-1.810874,-1.810874,0.000237,halide_only
CuGe3,0.307626,0.305723,1.902669,other
CuGeI3,-0.043079,-0.239377,196.297778,halide_only
CuI,-0.343418,-0.343073,0.344940,halide_only
CuI2,-0.160968,-0.160968,0.000143,halide_only
CuI4,-0.169409,-0.169409,0.000070,halide_only
CuMo3Br7,-0.962144,-0.962144,0.000049,halide_only
CuMo3Cl7,-1.245422,-1.245422,0.000314,halide_only
CuMo3I7,-0.598332,-0.598332,0.000458,halide_only
CuO,-0.942795,-0.942795,0.000058,other
CuO2,-0.529778,-0.529778,0.000437,other
CuO2F,-0.876160,-0.876160,0.000117,other
CuRu3,0.274873,0.274873,0.000217,other
CuS,-0.277785,-0.445237,167.452088,other
CuS2,-0.180291,-0.432674,252.383239,other
CuSb2ClO3,-1.351926,-1.351926,0.000435,other
CuSbO4,-1.173195,-1.173195,0.000239,other
CuSbS2,-0.304567,-0.494246,189.678983,other
CuSe,-0.185226,-0.359373,174.147393,other
CuSe2,-0.133861,-0.397911,264.050028,other
Dy14Ag51,-0.232886,-0.243528,10.641988,other
Dy5Cl11,-2.283481,-2.287102,3.621296,halide_only
Dy6Cl13,-2.268942,-2.272601,3.659126,halide_only
Dy6Cu23,-0.197868,-0.195359,2.508895,other
DyAg,-0.323086,-0.334072,10.985673,other
DyAg2,-0.318311,-0.329095,10.783554,other
DyAg3,-0.219989,-0.230673,10.683858,other
DyCl2,-2.205044,-2.208907,3.862727,halide_only
DyCl3,-2.709845,-2.712742,2.897146,halide_only
DyCu,-0.265872,-0.248232,17.639760,other
DyCu2,-0.273530,-0.270010,3.520090,other
DyCu5,-0.203688,-0.190929,12.758543,other
DyCu7,-0.104726,-0.095157,9.569389,other
Er14Ag51,-0.227155,-0.235301,8.145585,other
Er2Au,-0.747351,-0.651249,96.102104,other
ErAg,-0.341188,-0.346379,5.190773,other
ErAg2,-0.325917,-0.332838,6.921171,other
ErAg3,-0.215683,-0.223469,7.785821,other
ErAu,-0.996126,-0.899673,96.453227,other
ErAu2,-0.964846,-0.880268,84.578197,other
ErAu3,-0.790910,-0.722904,68.006220,other
ErAu4,-0.654080,-0.601143,52.937114,other
ErCl2,-2.242364,-2.242364,0.000018,halide_only
ErCl3,-2.669046,-2.669046,0.000214,halide_only
ErCu,-0.284539,-0.273226,11.313390,other
ErCu2,-0.284061,-0.283235,0.825995,other
ErCu5,-0.192549,-0.195051,2.502033,other
ErF3,-4.469328,-4.469328,0.000374,halide_only
Eu2Cu,-0.089598,-0.110338,20.739946,other
Eu2O3,-3.445173,-3.184407,260.765903,other
Eu3Ag,-0.035899,-0.046625,10.726187,other
Eu3Ag2,-0.265528,-0.282691,17.162947,other
Eu3Au,-0.450595,-0.473927,23.332295,other
Eu3Au2,-0.691729,-0.710395,18.665953,other
Eu3O4,-3.219083,-3.232416,13.332668,other
Eu4O3F7,-3.474837,-3.483726,8.888954,other
Eu7Au3,-0.534830,-0.556607,21.777119,other
EuAg,-0.309510,-0.322119,12.609075,other
EuAg2,-0.308942,-0.313521,4.578649,other
EuAg3,-0.176122,-0.177763,1.641166,other
EuAg5,-0.173008,-0.171711,1.296771,other
EuAu,-0.805376,-0.820931,15.554660,other
EuAu2,-0.743724,-0.754094,10.369942,other
EuAu3,-0.547882,-0.555660,7.777779,other
EuAu5,-0.429997,-0.435182,5.184922,other
EuC10,0.181712,0.212006,30.293677,other
EuC2,-0.181588,-0.019069,162.518985,other
EuC6,-0.112556,-0.064951,47.604530,other
EuCO3,-2.621965,-2.628651,6.685883,other
EuCO4,-2.180328,-2.185899,5.571420,other
EuCl2,-2.813738,-2.778914,34.824200,halide_only
EuCl3,-2.307987,-2.315764,7.777160,halide_only
EuCu,-0.136137,-0.151692,15.555436,other
EuCu2,-0.128168,-0.138538,10.370057,other
EuCu5,-0.107649,-0.112834,5.184613,other
EuF2,-4.071452,-4.081822,10.370337,halide_only
EuF3,-3.802281,-3.810059,7.777988,halide_only
EuO,-3.123423,-3.138978,15.554603,other
EuO2,-2.642187,-2.652557,10.370177,other
EuO3,-1.706593,-1.714370,7.777029,other
EuOF,-3.557814,-3.568185,10.370513,other
Fe(ClO2)2,-0.485929,-0.485929,0.000412,other
Fe(ClO2)3,0.148607,0.148607,0.000036,other
Fe(ClO7)2,0.068261,0.068261,0.000016,other
Fe(GeO3)2,-1.735536,-1.735536,0.000339,other
Fe(Mo3S4)2,-0.756730,-0.757235,0.505316,other
Fe(MoO5)2,-1.025434,-1.025434,0.000026,other
Fe(MoS2)2,-0.889426,-0.889967,0.541375,other
Fe(O2F)2,-0.930436,-0.930436,0.000072,other
Fe(SbO2)2,-1.707839,-1.707839,0.000430,other
Fe(SbO3)2,-1.869532,-1.869532,0.000125,other
Fe(SbO3)4,-1.642271,-1.642271,0.000036,other
Fe(SbS2)2,-0.495418,-0.495960,0.542077,other
Fe(W3Cl7)2,-1.074653,-1.074653,0.000400,halide_only
Fe(WCl5)2,-1.170346,-1.170346,0.000232,halide_only
Fe(WO4)2,-1.845994,-1.845994,0.000320,other
Fe10O11,-1.490958,-1.490958,0.000231,other
Fe10O11F9,-1.964314,-1.964314,0.000024,other
Fe10O19F,-1.350040,-1.350040,0.000037,other
Fe10O9F11,-2.086043,-2.086043,0.000043,other
Fe10OF19,-2.523489,-2.523489,0.000406,other
Fe11O12,-1.481733,-1.481733,0.000068,other
Fe11S12,-0.598720,-0.599215,0.494591,other
Fe12O13,-1.444205,-1.444205,0.000188,other
Fe13(SnO10)2,-1.077445,-1.077445,0.000480,other
Fe13Ge3,-0.078608,-0.078608,0.000022,other
Fe13Mo9,-0.004351,-0.004351,0.000406,other
Fe13O14,-1.452076,-1.452076,0.000179,other
Fe13O15,-1.485537,-1.485537,0.000476,other
Fe13O19,-1.391027,-1.391027,0.000178,other
Fe14O15,-1.462130,-1.462130,0.000112,other
Fe15(Ge2O9)4,-1.827795,-1.827795,0.000288,other
Fe15O16,-1.441563,-1.441563,0.000291,other
Fe17O18,-1.474056,-1.474056,0.000339,other
Fe2(MoO4)3,-1.897518,-1.897518,0.000330,other
Fe2(WO4)3,-1.975593,-1.975593,0.000244,other
Fe21O23,-1.480480,-1.480480,0.000153,other
Fe21O32,-1.496283,-1.496283,0.000008,other
Fe23O25,-1.478999,-1.478999,0.000495,other
Fe23O32,-1.559012,-1.559012,0.000011,other
Fe25Mo4,0.094025,0.094025,0.000183,other
Fe25O32,-1.436958,-1.436958,0.000434,other
Fe2Cl6O5,0.065200,0.065200,0.000354,other
Fe2ClO3,-1.121752,-1.121752,0.000356,other
Fe2Ge,-0.034207,-0.034207,0.000182,other
Fe2GeO4,-1.831330,-1.831330,0.000291,other
Fe2Mo,-0.001901,-0.001901,0.000178,other
Fe2Mo3O8,-1.679522,-1.679522,0.000192,other
Fe2Mo4O7,-1.266592,-1.266592,0.000150,other
Fe2MoO4,-1.634722,-1.634722,0.000321,other
Fe2O2F3,-1.979779,-1.979779,0.000451,other
Fe2O2F5,-1.949385,-1.949385,0.000392,other
Fe2O3,-1.707091,-1.707091,0.000353,other
Fe2O3F,-1.673339,-1.673339,0.000166,other
Fe2O5,-0.844781,-0.844781,0.000284,other
Fe2OF2,-2.082994,-2.082994,0.000011,other
Fe2OF3,-2.321127,-2.321127,0.000458,other
Fe2S,-0.206369,-0.206685,0.315936,other
Fe2S3,-0.691541,-0.692110,0.568937,other
Fe2Sn,0.198542,0.198542,0.000103,other
Fe2SnS4,-0.559116,-0.559657,0.541188,other
Fe2W,-0.023269,-0.023269,0.000007,other
Fe2WO6,-1.892220,-1.892220,0.000287,other
Fe3(BrO2)8,-0.325566,-0.325566,0.000345,other
Fe3(GeO4)2,-1.866747,-1.866747,0.000364,other
Fe3(O2F)2,-1.801480,-1.801480,0.000337,other
Fe3(OF)2,-1.913093,-1.913093,0.000055,other
Fe3(OF2)2,-2.197092,-2.197092,0.000432,other
Fe3(OF3)2,-2.182199,-2.182199,0.000231,other
Fe3(OF4)2,-1.967981,-1.967981,0.000014,other
Fe3(SnS4)2,-0.630054,-0.630638,0.583622,other
Fe32O35,-1.475207,-1.475207,0.000055,other
Fe35O36,-0.714046,-0.714046,0.000052,other
Fe38O39,-1.425270,-1.425270,0.000327,other
Fe3Ag,0.344623,0.342027,2.595619,other
Fe3Cu,0.070401,0.070401,0.000233,other
Fe3F,0.687425,0.687425,0.000354,halide_only
Fe3Ge,-0.156686,-0.104919,51.766934,other
Fe3Ge2,-0.073121,-0.073121,0.000162,other
Fe3Mo,0.081491,0.081491,0.000339,other
Fe3O,0.770194,0.770194,0.000395,other
Fe3O4,-1.629583,-1.629583,0.000031,other
Fe3O5F,-1.530581,-1.530581,0.000258,other
Fe3OF5,-2.389650,-2.389650,0.000214,other
Fe3OF7,-2.377529,-2.377529,0.000433,other
Fe3OF9,-2.242687,-2.242687,0.000047,other
Fe3S,-0.215271,-0.215508,0.236716,other
Fe3S4,-0.659794,-0.660336,0.541830,other
Fe3Sb,0.026834,0.026834,0.000051,other
Fe3Sb2(BrO)4,-1.259666,-1.259666,0.000276,other
Fe3Se,0.183971,0.183971,0.000363,other
Fe3Se4,-0.497789,-0.497789,0.000356,other
Fe3Sn,0.034461,0.034461,0.000036,other
Fe3Sn2,-0.001732,-0.001732,0.000077,other
Fe3W,0.065536,0.065536,0.000315,other
Fe41O56,-1.571110,-1.571110,0.000423,other
Fe43O64,-1.586766,-1.586766,0.000450,other
Fe4Mo,0.180321,0.180321,0.000480,other
Fe4O13,-0.329602,-0.329602,0.000127,other
Fe4O3F5,-2.195360,-2.195360,0.000446,other
Fe4O5,-1.519237,-1.519237,0.000164,other
Fe4O5F3,-1.871128,-1.871128,0.000480,other
Fe4O7F,-1.464659,-1.464659,0.000276,other
Fe4OF6,-2.340081,-2.340081,0.000486,other
Fe4OF7,-2.418469,-2.418469,0.000290,other
Fe4OF8,-2.376578,-2.376578,0.000172,other
Fe4S5,-0.725743,-0.726269,0.526107,other
Fe4Sb3,0.353675,0.353675,0.000453,other
Fe5(GeO4)3,-1.844510,-1.844510,0.000178,other
Fe5(O4F)2,-1.583020,-1.583020,0.000408,other
Fe5(OF2)4,-2.164850,-2.164850,0.000413,other
Fe5(OF4)2,-2.332222,-2.332222,0.000164,other
Fe5O3F7,-2.229795,-2.229795,0.000349,other
Fe5O7,-1.499971,-1.499971,0.000276,other
Fe5O7F3,-1.752044,-1.752044,0.000210,other
Fe5O8,-1.477982,-1.477982,0.000226,other
Fe5OF11,-2.443636,-2.443636,0.000171,other
Fe5Sb4,-0.067419,-0.067419,0.000224,other
Fe5SnO8,-1.658565,-1.658565,0.000361,other
Fe6ClO12,-1.165516,-1.165516,0.000253,other
Fe6Ge5,-0.091742,-0.091742,0.000352,other
Fe6O11F,-1.398851,-1.398851,0.000217,other
Fe6O5F7,-2.111968,-2.111968,0.000035,other
Fe6O7F5,-1.914832,-1.914832,0.000293,other
Fe6O7F6,-1.886451,-1.886451,0.000478,other
Fe6OF11,-2.482322,-2.482322,0.000221,other
Fe7(OF3)3,-2.203158,-2.203158,0.000051,other
Fe7(OF7)2,-2.403548,-2.403548,0.000150,other
Fe74W13,0.059928,0.059928,0.000251,other
Fe7Ge4,-0.076205,-0.076205,0.000495,other
Fe7Mo6,0.002907,0.002907,0.000382,other
Fe7O3F13,-2.283728,-2.283728,0.000210,other
Fe7O7F,-1.525879,-1.525879,0.000246,other
Fe7O8,-1.493853,-1.493853,0.000144,other
Fe7O9,-1.404771,-1.404771,0.000016,other
Fe7S12,-0.590071,-0.590669,0.598189,other
Fe7S8,-0.649058,-0.649563,0.505432,other
Fe7Sb10(Br4O9)2,-1.467058,-1.467058,0.000394,other
Fe7Sb10(Cl4O9)2,-1.535634,-1.535634,0.000188,other
Fe7Se3,-0.043909,-0.043909,0.000441,other
Fe7Se8,-0.386597,-0.386597,0.000462,other
Fe7W6,-0.016130,-0.016130,0.000350,other
Fe8O17,-1.115156,-1.115156,0.000044,other
Fe8O9,-1.499313,-1.499313,0.000181,other
Fe9O10,-1.502096,-1.502096,0.000169,other
Fe9O13,-1.423396,-1.423396,0.000392,other
Fe9Se8,-0.420301,-0.420301,0.000105,other
FeAg,0.414593,0.409402,5.191313,other
FeAg3,0.346759,0.338972,7.786591,other
FeAg3F6,-1.749483,-1.752598,3.114726,halide_only
FeAgBr4,-0.814048,-0.815778,1.729892,halide_only
FeBr2,-0.796668,-0.796668,0.000487,halide_only
FeBr3,-0.763617,-0.763617,0.000202,halide_only
FeCl,0.072549,0.072549,0.000410,halide_only
FeCl2,-1.147626,-1.125793,21.833167,halide_only
FeCl3,-1.166183,-1.166183,0.000309,halide_only
FeCl4,-0.997604,-0.997604,0.000164,halide_only
FeCl6,-0.376532,-0.376532,0.000013,halide_only
FeClO,-1.288289,-1.288289,0.000402,other
FeCu,0.171830,0.171830,0.000350,other
FeCu3,0.105512,0.105512,0.000258,other
FeCu4,0.061599,0.061599,0.000114,other
FeF2,-2.590091,-2.590091,0.000425,halide_only
FeF3,-2.648228,-2.636324,11.903884,halide_only
FeF4,-1.956508,-1.956508,0.000494,halide_only
FeF6,-1.596428,-1.596428,0.000327,halide_only
FeGe,-0.122146,-0.122146,0.000469,other
FeGe2,-0.063339,-0.063339,0.000163,other
FeGe3,0.423331,0.423331,0.000270,other
FeGeO3,-1.916731,-1.916731,0.000409,other
FeHg3,0.460724,0.456230,4.493810,other
FeI2,-0.353200,-0.353200,0.000060,halide_only
FeMo2,0.063720,0.063720,0.000147,other
FeMo3S4,-0.679038,-0.679512,0.473632,other
FeMoO,0.187060,0.187060,0.000302,other
FeMoO4,-1.875183,-1.875183,0.000418,other
FeO,-1.481519,-1.481519,0.000387,other
FeO2,-1.277398,-1.277398,0.000443,other
FeO2F,-1.256516,-1.256516,0.000047,other
FeO3,-0.526561,-0.526561,0.000495,other
FeOF,-2.113076,-2.113076,0.000364,other
FeS,-0.757441,-0.757915,0.473954,other
FeS2,-0.847477,-0.848109,0.631867,other
FeSb,-0.076651,-0.076651,0.000173,other
FeSb(ClO)8,0.107488,0.107488,0.000008,other
FeSb2,-0.156004,-0.156004,0.000200,other
FeSb3,-0.167010,-0.167010,0.000088,other
FeSbO4,-1.834401,-1.834401,0.000473,other
FeSbS,-0.529257,-0.529573,0.315725,other
FeSbSe,-0.429235,-0.429235,0.000287,other
FeSe,-0.507919,-0.507919,0.000239,other
FeSe2,-0.669717,-0.669717,0.000040,other
FeSn,-0.002725,-0.002725,0.000067,other
FeSn2,0.012181,0.012181,0.000385,other
FeSn3,0.475312,0.475312,0.000292,other
FeSnF6,-2.609977,-2.609977,0.000456,halide_only
FeSnO3,-1.858812,-1.858812,0.000262,other
FeSnO6,-0.675169,-0.675169,0.000285,other
FeWCl5,-1.142916,-1.142916,0.000208,halide_only
FeWClO4,-1.730123,-1.730123,0.000014,other
FeWO4,-2.022697,-2.022697,0.000243,other
Ga(W3O10)4,-1.901985,-1.901985,0.000147,other
Ga12OF36,-2.818544,-2.818544,0.000341,other
Ga2(MoO4)3,-2.032749,-2.032749,0.000425,other
Ga2(WO4)3,-2.116958,-2.116958,0.000000,other
Ga2Au,-0.233129,-0.238115,4.986005,other
Ga2Au7,-0.084935,-0.093621,8.686343,other
Ga2Cu,-0.080186,-0.084178,3.992235,other
Ga2Hg3Cl8,-1.267085,-1.268467,1.382407,halide_only
Ga2I3,-0.658623,-0.658623,0.000159,halide_only
Ga2O3,-2.268997,-2.268997,0.000331,other
Ga2S3,-0.797514,-0.964279,166.764820,other
Ga2Sn2S5,-0.669886,-0.863323,193.436887,other
Ga2WO6,-2.189595,-2.189595,0.000373,other
Ga31Mo6,-0.135912,-0.135912,0.000226,other
Ga3Ag,0.065323,0.028661,36.662210,other
Ga3Au,-0.036476,-0.040216,3.739973,other
Ga3Cl7,-1.475594,-1.475594,0.000090,halide_only
Ga3Cu,0.062145,0.059151,2.993578,other
Ga3Ge,0.087421,0.087421,0.000188,other
Ga3Hg,0.075004,0.075004,0.000162,other
Ga3O5,-2.007405,-2.007405,0.000388,other
Ga3Sn,0.193480,0.035127,158.353449,other
Ga41Mo8,-0.133334,-0.133334,0.000082,other
Ga4Cu9,-0.119858,-0.108095,11.762901,other
Ga4GeO8,-2.232362,-2.232362,0.000397,other
Ga4O5,-1.578087,-1.578087,0.000271,other
Ga5Ag13,-0.002919,-0.026902,23.983380,other
Ga5W2,0.058192,0.058192,0.000305,other
GaAg,0.073310,0.051724,21.585542,other
GaAg2,-0.020324,-0.049104,28.780339,other
GaAg3,-0.001514,-0.015717,14.203052,other
GaAg3F6,-1.824474,-1.827588,3.114191,halide_only
GaAu,-0.230839,-0.229468,1.371273,other
GaAu2,-0.146765,-0.133654,13.110718,other
GaBr2,-1.133775,-1.133775,0.000024,halide_only
GaBr3,-1.237541,-1.237541,0.000294,halide_only
GaCl2,-1.430076,-1.430076,0.000395,halide_only
GaCl3,-1.567877,-1.567877,0.000424,halide_only
GaClO,-1.774947,-1.774947,0.000427,other
GaCu2,0.011448,0.022086,10.638177,other
GaCu3,-0.101990,-0.094686,7.303896,other
GaCu4,0.015798,0.025794,9.996101,other
GaF3,-2.927121,-2.927121,0.000137,halide_only
GaGe,0.162655,0.162655,0.000161,other
GaGe3,0.239834,0.239834,0.000256,other
GaGeO3,-1.401623,-1.401623,0.000060,other
GaHg3,0.065078,0.065078,0.000254,other
GaHgCl4,-1.352806,-1.353805,0.999081,halide_only
GaI2,-0.727731,-0.727731,0.000254,halide_only
GaI3,-0.784129,-0.784129,0.000277,halide_only
GaMo3,-0.167453,-0.167453,0.000114,other
GaO,-1.384772,-1.384772,0.000054,other
GaO2,-1.612507,-1.612507,0.000401,other
GaO3,-0.804601,-0.804601,0.000124,other
GaO5,0.143413,0.143413,0.000441,other
GaS,-0.764219,-0.903244,139.025352,other
GaSn3,0.078919,0.051150,27.769308,other
GaSnO3,-1.517512,-1.517512,0.000465,other
Gd2Cl3,-2.205910,-2.205910,0.000338,halide_only
Gd3Ag,0.002434,-0.027968,30.401833,other
Gd3Au,-0.288535,-0.281222,7.312848,other
GdAg,-0.247884,-0.308688,60.803548,other
GdAg2,-0.250277,-0.290023,39.746361,other
GdAg3,1.056184,1.026374,29.809615,other
GdAu,-0.843429,-0.828804,14.625480,other
GdAu2,-0.863355,-0.822712,40.642737,other
GdCl,-1.606643,-1.606643,0.000355,halide_only
GdCl3,-2.700957,-2.700957,0.000163,halide_only
Ge(Bi3O5)4,-1.696776,-1.696776,0.000255,other
Ge(BrF5)2,-1.812480,-1.812480,0.000271,halide_only
Ge(SF6)2,-2.251735,-2.251862,0.126599,other
Ge2BiO6,-1.825431,-1.825431,0.000483,other
Ge2O3,-1.486897,-1.486897,0.000029,other
Ge2S3Br2,-0.811488,-0.811894,0.406255,other
Ge2S5,-0.281098,-0.281775,0.676569,other
Ge2Sb2O5,-1.045161,-1.045161,0.000429,other
Ge2SbO6,-1.898433,-1.898433,0.000311,other
Ge3(BiO3)4,-1.930595,-1.930595,0.000066,other
Ge3(SbO3)4,-1.933016,-1.933016,0.000251,other
Ge3Bi2O9,-1.972623,-1.972623,0.000080,other
Ge3Cl8,-1.289900,-1.289900,0.000461,halide_only
Ge3F,-0.471110,-0.471110,0.000368,halide_only
Ge3F8,-2.542785,-2.542785,0.000259,halide_only
Ge3O,0.081721,0.081721,0.000090,other
Ge3Sb,0.285103,0.285103,0.000384,other
Ge3Sb2O9,-1.979740,-1.979740,0.000066,other
Ge4Se9,-0.564213,-0.564213,0.000326,other
Ge5F12,-2.498674,-2.498674,0.000245,halide_only
Ge5O11,-1.632291,-1.632291,0.000318,other
Ge6Bi7O22,-1.807668,-1.807668,0.000109,other
Ge7F16,-2.467319,-2.467319,0.000495,halide_only
Ge7O16,-1.658347,-1.658347,0.000464,other
Ge7O23,-0.796488,-0.796488,0.000403,other
GeBi2O5,-1.864736,-1.864736,0.000002,other
GeBi3,0.230172,0.230172,0.000399,other
GeBiO3,-1.446280,-1.446280,0.000022,other
GeBr2,-0.927985,-0.927985,0.000141,halide_only
GeBr4,-1.061983,-1.061007,0.976272,halide_only
GeCl4,-1.420286,-1.420286,0.000147,halide_only
GeClF,-1.444738,-1.444738,0.000403,halide_only
GeF2,-2.389468,-2.389468,0.000138,halide_only
GeF4,-2.687469,-2.687469,0.000307,halide_only
GeI2,-0.594993,-0.594224,0.769302,halide_only
GeI4,-0.586300,-0.586300,0.000153,halide_only
GeO2,-2.156656,-2.077073,79.583133,other
GeS,-0.501187,-0.501661,0.473882,other
GeS2,-0.663362,-0.663994,0.632329,other
GeSb,0.049425,0.049425,0.000493,other
GeSb3,0.152290,0.152290,0.000480,other
GeSe,-0.451703,-0.451703,0.000091,other
GeSe2,-0.579322,-0.579322,0.000415,other
Hg(AuF4)2,-1.481199,-1.481743,0.544408,halide_only
Hg15(As2Cl3)4,-0.567739,-0.572823,5.083555,other
Hg19(As5Br9)2,-0.512783,-0.517547,4.763523,other
Hg2As3Br,-0.222736,-0.230235,7.499161,other
Hg2AsCl2,-0.650480,-0.655077,4.597095,other
Hg2AsF6,-2.021286,-2.023841,2.554553,other
Hg3As,0.274875,0.274875,0.000473,other
Hg3As2F12,-2.135549,-2.137901,2.351607,other
Hg3Au,0.115799,0.116693,0.894439,other
Hg3Bi,0.115784,0.115784,0.000251,other
Hg3Cl,-0.226212,-0.230706,4.494241,halide_only
Hg3F,-0.544066,-0.548560,4.493957,halide_only
Hg3Ir,0.459669,0.459669,0.000419,other
Hg3Pb,0.068346,0.055925,12.421447,other
Hg3Pd,0.047692,0.043199,4.493415,other
Hg3Sb,0.106776,0.106776,0.000164,other
Hg4As2Br3,-0.450716,-0.455824,5.108038,other
Hg4As2I3,-0.287033,-0.292142,5.108745,other
Hg4AsI5,-0.424176,-0.427673,3.496785,other
Hg4I7,-0.465384,-0.467563,2.178713,halide_only
Hg4Sb2I3,-0.307494,-0.310157,2.662846,other
Hg5(SbI3)2,-0.407255,-0.409559,2.304153,other
Hg5Au6,-0.001952,0.019373,21.324579,other
Hg5Pd2,-0.055588,-0.059868,4.279665,other
Hg6Sb5Br7,-0.555444,-0.557441,1.997096,other
Hg7(Sb2Br3)2,-0.452723,-0.455190,2.467212,other
HgAsF7,-2.210460,-2.212348,1.888282,other
HgAu3,0.041530,0.053747,12.216960,other
HgAu4,0.054646,0.061248,6.602487,other
HgBi3,0.105880,0.105880,0.000124,other
HgBr,-0.689097,-0.692093,2.995512,halide_only
HgBr2,-0.828770,-0.830767,1.997473,halide_only
HgBr3,-0.468998,-0.470496,1.497876,halide_only
HgCl,-0.847306,-0.850302,2.995977,halide_only
HgCl2,-1.007892,-1.009890,1.997514,halide_only
HgF,-1.415061,-1.418057,2.996272,halide_only
HgF2,-1.702798,-1.704795,1.997075,halide_only
HgF3,-1.118957,-1.120455,1.498043,halide_only
HgI,-0.443567,-0.446563,2.995540,halide_only
HgI2,-0.564617,-0.566587,1.970269,halide_only
HgI3,-0.271266,-0.272763,1.497422,halide_only
HgPb2,0.022302,0.033001,10.698688,other
HgPb3,0.038397,0.032180,6.216954,other
HgPb4,0.023017,0.032107,9.090277,other
HgPbF6,-2.058969,-2.059718,0.749083,halide_only
HgPd,-0.166716,-0.169711,2.995347,other
HgPd3,-0.135616,-0.137114,1.498254,other
HgPdF4,-1.522375,-1.523374,0.998998,halide_only
Ho2O3,-4.027559,-4.033668,6.108683,other
Ho2Te3,-1.665649,-1.650430,15.218691,other
Ho2Te4O11,-2.306120,-2.307916,1.796228,other
Ho2Te5,-1.129983,-1.266798,136.814775,other
Ho2Te5O13,-2.197887,-2.199414,1.527341,other
Ho2TeO2,-3.244792,-3.250900,6.107853,other
Ho2TeO6,-3.028522,-3.031915,3.393269,other
HoO,-3.116774,-3.124409,7.634900,other
HoO2,-3.178573,-3.183663,5.090182,other
HoO3,-2.062738,-2.066556,3.817848,other
HoTe,-1.451688,-1.451952,0.263943,other
HoTe2,-1.302390,-1.403613,101.223494,other
HoTe3,-1.026665,-1.225356,198.691065,other
I2O5,-0.756462,-0.756462,0.000065,other
I3O8,-0.622583,-0.622583,0.000312,other
IBr,-0.353882,-0.353882,0.000245,halide_only
IBr2,-0.298380,-0.298380,0.000485,halide_only
ICl,-0.464541,-0.464541,0.000045,halide_only
ICl2,-0.398620,-0.398620,0.000445,halide_only
ICl3,-0.664355,-0.664355,0.000240,halide_only
IF3,-1.680345,-1.680345,0.000014,halide_only
IF5,-1.968702,-1.968702,0.000277,halide_only
IF7,-1.691492,-1.691492,0.000191,halide_only
IO2,-0.696474,-0.696474,0.000274,other
IO3,-0.609341,-0.609341,0.000333,other
IO6,0.284264,0.284264,0.000349,other
In(IO3)3,-1.049928,-1.039810,10.117726,other
In(IO4)3,-0.461875,-0.462343,0.467683,other
In(Mo3S4)2,-0.721447,-0.909777,188.330417,other
In(Mo3Se4)2,-0.563618,-0.739339,175.720744,other
In(MoSe)3,-0.505488,-0.627265,121.776597,other
In10(Sn2S7)3,-0.640857,-0.772930,132.073007,other
In10SnS14,-0.691784,-0.777587,85.802610,other
In11S16,-0.722336,-0.825641,103.305166,other
In14Sn5S26,-0.583335,-0.702560,119.224762,other
In15SnO24,-1.995464,-1.998272,2.808348,other
In2(MoO4)3,-1.990669,-1.991551,0.881568,other
In2(WO4)3,-2.076858,-2.077739,0.881379,other
In23Se28,-0.631994,-0.723894,91.900194,other
In2Ag,-0.050005,-0.013565,36.440111,other
In2Au,-0.318354,-0.228709,89.644870,other
In2Au3,-0.224130,-0.165077,59.052596,other
In2Bi,0.034497,0.028202,6.295483,other
In2Br3,-1.068963,-1.071959,2.995770,halide_only
In2Cl3,-1.299006,-1.302002,2.996483,halide_only
In2Cu,0.114410,0.136132,21.722275,other
In2Ge2O7,-2.060192,-2.061554,1.362254,other
In2Mo15Se19,-0.564730,-0.740887,176.157290,other
In2O3,-1.994067,-1.997063,2.996393,other
In2S3,-0.743552,-0.834811,91.259094,other
In2Sb,-0.069999,-0.050718,19.280622,other
In2Se,-0.356157,-0.402519,46.362480,other
In2Se3,-0.686687,-0.801838,115.151045,other
In2Sn2O7,-1.963422,-1.964784,1.362013,other
In2Sn3S7,-0.548707,-0.717845,169.137649,other
In2WO6,-2.066721,-2.068385,1.664012,other
In3Ag,0.035487,0.060978,25.491116,other
In3As,0.006446,0.086369,79.923389,other
In3AsF6,-1.950454,-1.953801,3.347298,other
In3Au,-0.077128,-0.009894,67.234059,other
In3Au10,-0.139674,-0.111544,28.129520,other
In3Au7,-0.171849,-0.133498,38.351472,other
In3Bi,0.044236,0.038305,5.931072,other
In3Cl,-0.342660,-0.348278,5.617815,halide_only
In3Cu,0.160142,0.176434,16.291855,other
In3Cu7,-0.031136,-0.006533,24.603324,other
In3Ga,0.065144,0.046307,18.836589,other
In3Ge,0.129681,0.129681,0.000349,other
In3Hg,0.027936,0.029145,1.209341,other
In3Mo15Se19,-0.571230,-0.736746,165.515563,other
In3S,-0.119769,-0.149538,29.769393,other
In3S4,-0.653458,-0.766413,112.955358,other
In3Sb,-0.024014,-0.009553,14.460775,other
In3Se,-0.186285,-0.221058,34.772586,other
In3Sn,0.038564,0.033278,5.286069,other
In3SnI5,-0.685462,-0.687922,2.460367,halide_only
In4(SnO4)3,-2.008880,-2.010457,1.576979,other
In4Ag9,-0.054241,-0.033267,20.974422,other
In4Au9,-0.158687,-0.118743,39.944115,other
In4Bi,0.040367,0.068537,28.169554,other
In4Br7,-1.104823,-1.107547,2.724024,halide_only
In4Cu9,-0.009417,0.016869,26.285568,other
In4GeS4,-0.677110,-0.680860,3.749830,other
In4Se3,-0.560997,-0.612581,51.583670,other
In4SnS4,-0.642703,-0.697244,54.541115,other
In4SnS8,-0.667614,-0.792300,124.686500,other
In4SnSe4,-0.599684,-0.661501,61.817338,other
In5(Mo9O14)2,-1.110205,-1.110939,0.734362,other
In5Bi3,0.000891,0.053708,52.816561,other
In5Br7,-1.041482,-1.044603,3.120893,halide_only
In5Cl9,-1.354031,-1.356706,2.674822,halide_only
In5S4,-0.527978,-0.580901,52.923426,other
In5S5Cl,-0.861116,-0.864951,3.835342,other
In5S8,-0.620842,-0.739952,119.109600,other
In5Sb3,-0.057370,-0.035679,21.690528,other
In6S7,-0.685706,-0.769778,84.071892,other
In6Se7,-0.639718,-0.725282,85.564356,other
In6Sn8S19,-0.578756,-0.741907,163.151402,other
In6WO12,-2.020598,-2.022963,2.365166,other
In7Br9,-1.008635,-1.011912,3.276520,halide_only
In7Cl9,-1.237176,-1.240453,3.276659,halide_only
In7Cu10,-0.043822,0.001120,44.942254,other
In9Ag17,-0.046289,-0.026034,20.255102,other
In9Cu11,-0.036334,0.010057,46.391000,other
In9Sn4S17,-0.640210,-0.761793,121.583021,other
InAg,0.054609,0.048676,5.933373,other
InAg3,-0.050665,-0.033379,17.285977,other
InAg3F6,-1.797543,-1.863810,66.266796,halide_only
InAg4,0.055501,0.073254,17.752511,other
InAgI2,-0.304993,-0.309461,4.467867,halide_only
InAs,-0.388510,-0.228663,159.847472,other
InAsF6,-2.401213,-2.403525,2.312114,other
InAu3,-0.149091,-0.121270,27.820589,other
InBi,-0.071587,-0.001165,70.422278,other
InBi3,0.064154,0.066195,2.040897,other
InBr,-0.934811,-0.938556,3.745333,halide_only
InBr2,-1.152392,-1.154889,2.497160,halide_only
InBr3,-1.239028,-1.240901,1.872830,halide_only
InBrO,-1.486870,-1.489366,2.496213,other
InCl,-1.116882,-1.120627,3.745117,halide_only
InCl2,-1.418186,-1.420682,2.496354,halide_only
InCl3,-1.439722,-1.441595,1.872940,halide_only
InClO,-1.609914,-1.612411,2.496692,other
InCu,0.012688,0.060617,47.928780,other
InCu2,0.069575,0.098829,29.254092,other
InCu3,0.000925,0.019282,18.356557,other
InCu4,0.052206,0.069136,16.930064,other
InF3,-2.830411,-2.832283,1.872131,halide_only
InGa2Cl7,-1.519280,-1.520029,0.748515,halide_only
InGa3,0.065663,0.040616,25.047053,other
InGaBr4,-1.186252,-1.187500,1.247933,halide_only
InGe3,0.277970,0.277970,0.000319,other
InGeCl3,-1.186653,-1.188151,1.498376,halide_only
InHg,-0.010396,0.004878,15.273797,other
InHg3,0.013583,0.004587,8.995545,other
InI,-0.652421,-0.656166,3.744665,halide_only
InI2,-0.763739,-0.766235,2.496488,halide_only
InI2Br,-0.736412,-0.738285,1.872859,halide_only
InI3,-0.781013,-0.782886,1.872772,halide_only
InI4,-0.533139,-0.534637,1.498038,halide_only
InIO5,-0.631528,-0.632598,1.070100,other
InMoS2,-0.633779,-0.810339,176.559520,other
InO,-1.435393,-1.439138,3.745117,other
InO2,-1.431501,-1.433998,2.496892,other
InO3,-0.647957,-0.649829,1.872371,other
InOF,-2.375471,-2.377967,2.496337,other
InOF2,-1.959445,-1.961318,1.872671,other
InS,-0.683357,-0.742895,59.538408,other
InS2,-0.330353,-0.406402,76.049065,other
InSb,-0.238022,-0.209101,28.920995,other
InSb2,1.305244,1.324524,19.280173,other
InSb3,0.030219,0.044679,14.460137,other
InSb3F18,-2.637895,-2.638235,0.340245,other
InSe,-0.676727,-0.746271,69.543909,other
InSe2,-0.398978,-0.494936,95.958343,other
InSn2Br5,-1.080881,-1.081817,0.935966,halide_only
InSn2Cl5,-1.330145,-1.331081,0.936164,halide_only
InSn2I5,-0.699779,-0.700715,0.936418,halide_only
InSn3,0.177441,0.045703,131.738004,other
InSn3Se4,-0.433629,-0.612268,178.639097,other
InSn4,0.147846,0.147846,0.000448,other
InSnBr3,-1.057904,-1.059402,1.498396,halide_only
InSnCl3,-1.302336,-1.303834,1.498096,halide_only
Ir3F,0.234979,0.234979,0.000041,halide_only
IrF3,-1.607600,-1.607600,0.000336,halide_only
IrF4,-1.711579,-1.711579,0.000084,halide_only
IrF6,-1.824590,-1.824590,0.000288,halide_only
K(CrS2)2,-1.122948,-1.126485,3.537107,other
K(Cu2As)2,-0.179225,-0.185365,6.139690,other
K(Cu2Sb)2,-0.161107,-0.190853,29.746398,other
K(CuS)2,-0.757604,-0.762177,4.573026,other
K(CuSe)2,-0.716977,-0.721171,4.194346,other
K(FeS)2,-0.870902,-0.875475,4.573232,other
K(FeSb3)4,-0.222279,-0.223513,1.233894,other
K(FeSe)2,-0.677065,-0.681260,4.194572,other
K(GeO2)2,-1.960950,-1.963946,2.996249,other
K(GeSe2)2,-0.751230,-0.754226,2.996042,other
K(IO3)2,-1.036740,-1.039071,2.330584,other
K(IO3)3,-0.826192,-0.827805,1.613091,other
K(In3Au2)2,-0.257564,-0.263556,5.992350,other
K(InAu2)2,-0.283439,-0.288575,5.135655,other
K(InGa)2,-0.128669,-0.135859,7.189902,other
K(Mo2O3)2,-1.489852,-1.491759,1.906885,other
K(Mo2O3)4,-1.509629,-1.510627,0.998217,other
K(Mo3S4)2,-0.874393,-1.029954,155.561099,other
K(Mo6S7)2,-0.771708,-0.936602,164.893735,other
K(MoO2)4,-1.989601,-1.991214,1.613499,other
K(MoO3)3,-1.999279,-2.000892,1.612943,other
K(MoS)3,-0.932439,-1.013557,81.118127,other
K(MoS)9,-0.734537,-0.875934,141.397228,other
K(MoSe)3,-0.906762,-0.909757,2.995372,other
K(Nb2Cl5)4,-1.739032,-1.739755,0.723185,halide_only
K(Nb3S4)2,-1.397925,-1.399828,1.903189,other
K(Nb3Se4)2,-1.147291,-1.148689,1.397697,other
K(OsO3)2,-1.655942,-1.658272,2.330143,other
K(PO4)2,-1.713970,-1.716271,2.301348,other
K(SbSe2)2,-0.758118,-0.761114,2.995651,other
K(SeO3)2,-1.218932,-1.221262,2.329994,other
K(SnSe2)2,-0.870194,-0.873190,2.995524,other
K(TeO3)2,-1.614327,-1.616657,2.329761,other
K(Ti3Se4)2,-1.468724,-1.470122,1.397715,other
K(Ti3Se4)4,-1.489535,-1.490259,0.723564,other
K(V3S4)2,-1.300580,-1.302483,1.903132,other
K(V5S8)2,-1.286059,-1.287398,1.338872,other
K(V5S8)3,-0.962164,-0.963257,1.092667,other
K(VS2)2,-1.287637,-1.291174,3.537229,other
K(WCl3)3,-1.371933,-1.373546,1.613317,halide_only
K(WO3)3,-2.228647,-2.230260,1.612793,other
K(WO3)4,-2.234712,-2.235945,1.233210,other
K(WO3)6,-2.228916,-2.223853,5.063324,other
K(WO3)9,-2.206342,-2.206909,0.566970,other
K(Zr3I7)2,-0.742736,-0.743734,0.998279,halide_only
K(Zr3I7)4,-0.970871,-0.971382,0.511406,halide_only
K10In5Sb9,-0.445472,-0.455770,10.298266,other
K10Tl7,-0.087607,-0.103578,15.970921,other
K11(In2Bi3)3,-0.320181,-0.330782,10.600925,other
K11Mn4O16,-1.779200,-1.786641,7.441334,other
K12In2Se9,-1.247423,-1.259016,11.592901,other
K14Fe4O13,-1.614903,-1.624373,9.470235,other
K14In4O13,-1.650467,-1.660904,10.436786,other
K14ZnGe16,-0.189197,-0.198668,9.470725,other
K16Zr12Se61,-1.277896,-1.281666,3.769599,other
K17Fe5O16,-1.619321,-1.628703,9.381829,other
K17In41,-0.142154,-0.153595,11.440805,other
K19Ti3Sb29O88,-2.078727,-2.081594,2.866772,other
K2(FeSe)5,-0.649834,-0.653329,3.494859,other
K2(MoSe6)3,-0.783482,-0.785305,1.823359,other
K2(NbBr3)3,-1.508596,-1.511592,2.995645,halide_only
K2(NbCl3)3,-1.876903,-1.879899,2.995891,halide_only
K2(NbS2)3,-1.498279,-1.502609,4.329562,other
K2(NbSe2)3,-1.281032,-1.284845,3.813224,other
K2(SO2)3,-1.863378,-1.867449,4.071007,other
K2(TaS2)3,-1.486518,-1.493343,6.824989,other
K2(TaSe2)3,-1.127546,-1.133854,6.308103,other
K2(TeO4)3,-1.223868,-1.226336,2.467629,other
K24Zr18Se91,-1.067151,-1.070935,3.783844,other
K2Ag,0.185500,0.178019,7.480701,other
K2Ag4S3,-0.599046,-0.647302,48.255790,other
K2Ag4Se3,-0.663270,-0.672544,9.274424,other
K2AgAs,-0.384079,-0.399911,15.831677,other
K2AgAsBr6,-1.251377,-1.257709,6.332354,other
K2AgAsCl6,-1.501016,-1.507349,6.332841,other
K2AgAu,0.335920,0.343400,7.479664,other
K2AgAuBr6,-1.139873,-1.145106,5.232801,halide_only
K2AgAuF6,-2.007363,-2.012595,5.231943,halide_only
K2AgBi,-0.414086,-0.333953,80.133069,other
K2AgBiCl6,-1.622079,-1.627311,5.232192,halide_only
K2AgBiF6,-2.506266,-2.511498,5.232357,halide_only
K2AgF4,-2.346105,-2.353580,7.474758,halide_only
K2AgI3,-1.262457,-1.271178,8.720755,halide_only
K2AgMoBr6,-1.261948,-1.267180,5.232061,halide_only
K2AgMoCl6,-1.563041,-1.568273,5.232175,halide_only
K2AgMoF6,-2.562825,-2.568058,5.232755,halide_only
K2AgMoI6,-0.850190,-0.855423,5.232765,halide_only
K2AgPdF6,-2.152807,-2.158039,5.232379,halide_only
K2AgRhF6,-2.246285,-2.251518,5.232671,halide_only
K2AgRuF6,-2.222071,-2.227304,5.232655,halide_only
K2AgSb,-0.502459,-0.457219,45.239879,other
K2AgSbBr6,-1.322934,-1.328166,5.231905,other
K2AgSbCl6,-1.574697,-1.579930,5.232516,other
K2AgSbF6,-2.482237,-2.487469,5.232470,other
K2AgSbI6,-0.952977,-0.958209,5.231913,other
K2AlAuF6,-2.852750,-2.856944,4.194053,halide_only
K2AlAuI6,-0.955619,-0.959813,4.194394,halide_only
K2AlF5,-3.508911,-3.514154,5.242621,halide_only
K2AlHgBr6,-1.445803,-1.450596,4.793481,halide_only
K2AlHgF6,-2.949749,-2.954542,4.792913,halide_only
K2AlInI6,-1.088127,-1.093070,4.942715,halide_only
K2AlTlBr6,-1.581349,-1.586426,5.077157,halide_only
K2AlTlI6,-1.117665,-1.122742,5.076860,halide_only
K2AsAuBr6,-1.165907,-1.171201,5.294313,other
K2AsAuCl6,-1.390788,-1.396083,5.294859,other
K2AsAuF6,-2.229873,-2.235167,5.294251,other
K2Au3,-0.375282,-0.343865,31.417209,other
K2Bi(IO3)5,-1.181723,-1.183547,1.823871,other
K2Bi2O5,-1.575125,-1.579786,4.660668,other
K2Bi3F11,-2.762791,-2.765413,2.621547,halide_only
K2Bi8Se13,-0.791708,-0.793532,1.823924,other
K2BiBr5O2,-0.989031,-0.993225,4.193881,other
K2BiCl5O2,-0.829492,-0.833687,4.194650,other
K2BiF5,-2.933205,-2.938448,5.243064,halide_only
K2BrCl,-1.996048,-2.006534,10.485745,halide_only
K2CeAgF6,-3.072020,-3.077639,5.618539,halide_only
K2CeAuCl6,-1.961304,-1.965884,4.579971,halide_only
K2CeCl5,-2.520248,-2.525973,5.724823,halide_only
K2CeCuCl6,-2.068563,-2.073143,4.580315,halide_only
K2CeF6,-3.658540,-3.663629,5.089057,halide_only
K2CoF4,-2.620401,-2.629979,9.577519,halide_only
K2CoF6,-2.466869,-2.474318,7.448607,halide_only
K2Cr2O5,-1.859891,-1.864552,4.660645,other
K2Cr2O7,-1.927503,-1.930336,2.833436,other
K2Cr3(ClF3)2,-2.561353,-2.564579,3.226320,halide_only
K2Cr3O10,-1.814422,-1.817219,2.796564,other
K2Cr3O9,-1.914622,-1.917618,2.996146,other
K2Cr4O13,-1.753510,-1.755718,2.207674,other
K2CrAgF6,-2.721090,-2.726322,5.232288,halide_only
K2CrAuF6,-2.531577,-2.535771,4.194184,halide_only
K2CrF5,-3.106813,-3.112056,5.243036,halide_only
K2CrF6,-2.882548,-2.885401,2.852864,halide_only
K2CrHgF6,-2.632083,-2.636876,4.793094,halide_only
K2CrO4,-2.059143,-2.064692,5.549101,other
K2CrOF5,-2.704819,-2.709479,4.660245,other
K2Cu(BrF)2,-1.615754,-1.621745,5.991432,halide_only
K2Cu(Cl2O)2,-1.054175,-1.058835,4.660438,other
K2Cu(ClF)2,-1.954109,-1.960100,5.991339,halide_only
K2Cu(IF)2,-1.555571,-1.561563,5.991752,halide_only
K2CuAs,-0.334966,-0.348202,13.236265,other
K2CuAsF6,-2.390650,-2.395945,5.294526,other
K2CuBiCl6,-1.601536,-1.605730,4.193928,halide_only
K2CuBiI6,-0.945617,-0.949812,4.194585,halide_only
K2CuBr3,-1.521074,-1.528064,6.990272,halide_only
K2CuCl3,-1.738724,-1.745714,6.990359,halide_only
K2CuCl4,-1.648887,-1.654879,5.991655,halide_only
K2CuF4,-2.538367,-2.544324,5.957142,halide_only
K2CuMoBr6,-1.219327,-1.223521,4.193940,halide_only
K2CuMoCl6,-1.532278,-1.536472,4.194076,halide_only
K2CuO2,-0.541673,-0.550061,8.388427,other
K2CuSb,-0.405259,-0.360960,44.299443,other
K2CuSbBr6,-1.292170,-1.296365,4.194625,other
K2CuSbCl6,-1.555362,-1.559557,4.194552,other
K2CuSbF6,-2.462813,-2.467007,4.194211,other
K2CuSbS3,-0.956066,-0.962464,6.397709,other
K2DyCl5,-2.534543,-2.541235,6.691686,halide_only
K2DyCuCl6,-2.103427,-2.108780,5.352719,halide_only
K2ErCuCl6,-2.107224,-2.111418,4.194322,halide_only
K2EuAuCl6,-1.879563,-1.886868,7.304770,halide_only
K2EuCl5,-2.322611,-2.331742,9.131058,halide_only
K2EuCuCl6,-2.007355,-2.014660,7.304723,halide_only
K2Fe4O7,-1.684012,-1.687238,3.226210,other
K2FeAgF6,-2.555206,-2.560438,5.232448,halide_only
K2FeCl5O,-1.083188,-1.087849,4.660510,other
K2FeF5,-2.904308,-2.908725,4.417047,halide_only
K2FeI4,-1.109996,-1.115988,5.992111,halide_only
K2FeO4,-1.428853,-1.434844,5.991272,other
K2FeOF5,-2.288472,-2.293132,4.659963,other
K2Ga3,-0.137990,-0.146378,8.388354,other
K2GaAgBr6,-1.361663,-1.366896,5.232523,halide_only
K2GaAgCl6,-1.656268,-1.661500,5.232476,halide_only
K2GaAgF6,-2.683657,-2.688889,5.232498,halide_only
K2GaAgI6,-0.950656,-0.955888,5.232279,halide_only
K2GaAuCl6,-1.531646,-1.535840,4.193855,halide_only
K2GaHgBr6,-1.342466,-1.347260,4.793554,halide_only
K2GaOF5,-2.466085,-2.470746,4.660669,other
K2GdAuCl6,-1.993403,-1.997597,4.193991,halide_only
K2GdCl5,-2.538559,-2.543802,5.242630,halide_only
K2Ge(IO3)6,-1.157772,-1.159325,1.553491,other
K2Ge2O3,-1.764288,-1.770280,5.991638,other
K2Ge2O5,-2.142987,-2.147648,4.660534,other
K2Ge2S5,-1.040038,-1.045225,5.186760,other
K2Ge2Se5,-0.952925,-0.957585,4.660001,other
K2Ge4O9,-2.168975,-2.171771,2.795681,other
K2Ge8O17,-2.143366,-2.144919,1.553482,other
K2GeF6,-3.034377,-3.035467,1.089912,halide_only
K2GeSe3,-1.096713,-1.103703,6.990365,other
K2GeSe4,-1.016515,-1.022506,5.991475,other
K2Hg7,-0.237696,-0.214611,23.084563,other
K2HgAsCl6,-1.444670,-1.450563,5.893408,other
K2HgAsF6,-2.346553,-2.352447,5.893919,other
K2HgBiBr6,-1.328226,-1.333019,4.793405,halide_only
K2HgBiF6,-2.431777,-2.436571,4.793517,halide_only
K2HgCl4,-1.726147,-1.732995,6.848031,halide_only
K2HgIrF6,-2.091502,-2.096295,4.792984,halide_only
K2HgSbI6,-0.944449,-0.949242,4.792876,other
K2I2O3,-1.083558,-1.089550,5.991686,other
K2IO9,-0.514714,-0.518209,3.494750,other
K2In12Se19,-0.882790,-0.886785,3.994563,other
K2In2As3,-0.399510,-0.412357,12.847457,other
K2In2Sb3,-0.417494,-0.425626,8.131641,other
K2InAgBr6,-1.396607,-1.402588,5.981291,halide_only
K2InAgCl6,-1.674030,-1.680012,5.981565,halide_only
K2InAgF6,-2.594863,-2.600845,5.981811,halide_only
K2InAgI6,-0.995738,-1.001720,5.981609,halide_only
K2InAsBr6,-1.313457,-1.319501,6.043941,other
K2InAsCl6,-1.554532,-1.560575,6.043492,other
K2InAsF6,-2.499843,-2.505887,6.043942,other
K2InAsI6,-0.943056,-0.949100,6.043930,other
K2InAuCl6,-1.547669,-1.552612,4.942820,halide_only
K2InAuF6,-2.406507,-2.411450,4.942806,halide_only
K2InBiF6,-2.609509,-2.614452,4.943431,halide_only
K2InBr5O,-1.003689,-1.009181,5.492456,other
K2InCl5O,-1.200726,-1.206219,5.492798,other
K2InCuBr6,-1.364506,-1.369449,4.942708,halide_only
K2InGaBr6,-1.445052,-1.449996,4.943563,halide_only
K2InGaI6,-1.038375,-1.043318,4.943050,halide_only
K2InMo15Se19,-0.833898,-0.835234,1.335845,other
K2InSbBr6,-1.372102,-1.377045,4.943004,other
K2InSbCl6,-1.621849,-1.626793,4.943510,other
K2InSbF6,-2.578687,-2.583630,4.943448,other
K2IrAuF6,-1.953990,-1.958185,4.194616,halide_only
K2IrF6,-2.470051,-2.474711,4.660406,halide_only
K2LaAuCl6,-2.006184,-2.010378,4.194457,halide_only
K2LaCl5,-2.595363,-2.600605,5.242397,halide_only
K2LuAuCl6,-2.002460,-2.006728,4.267986,halide_only
K2Mn(NbCl3)6,-1.748133,-1.749687,1.553754,halide_only
K2Mn(SO6)2,-1.295190,-1.297769,2.578644,other
K2Mn(SeO3)2,-1.763508,-1.767321,3.812906,other
K2Mn2(SO4)3,-2.147271,-2.149628,2.357143,other
K2Mn2O3,-1.758279,-1.764271,5.991857,other
K2Mn3S4,-1.233575,-0.999449,234.126249,other
K2MnAuF6,-2.429657,-2.433851,4.194218,halide_only
K2MnBi2,0.405983,0.506820,100.836819,other
K2MnCl6,-1.812653,-1.817313,4.659763,halide_only
K2MnF4,-2.990525,-2.996516,5.991459,halide_only
K2MnF6,-2.893873,-2.892946,0.927364,halide_only
K2MnHgF6,-2.602594,-2.607387,4.793487,halide_only
K2MnI4,-1.268354,-1.274346,5.991568,halide_only
K2MnO4,-1.719498,-1.725168,5.670082,other
K2MnOF5,-2.405126,-2.409787,4.660569,other
K2MnS2,-1.326149,-1.174072,152.077443,other
K2MnSe2,-1.118830,-1.127218,8.388375,other
K2MnTlF6,-2.695109,-2.700186,5.077064,halide_only
K2MnV14O40,-2.095583,-2.096319,0.735906,other
K2MnV2O7,-2.389991,-2.393486,3.494874,other
K2MnV4O12,-2.393148,-2.395356,2.207837,other
K2Mo(I2O7)2,-1.298556,-1.300553,1.996916,other
K2Mo(OF)4,-1.851861,-1.855674,3.813318,other
K2Mo15S19,-0.855817,-1.014878,159.060692,other
K2Mo15Se19,-0.850019,-0.851184,1.165379,other
K2Mo2O15,-0.990054,-0.992262,2.207950,other
K2Mo2O5,-1.698964,-1.703624,4.660353,other
K2Mo2O7,-2.140369,-2.144182,3.812764,other
K2Mo3O10,-2.100159,-2.102956,2.796533,other
K2Mo3O13,-1.321816,-1.324146,2.329726,other
K2Mo4O13,-2.059282,-2.061489,2.207286,other
K2Mo7O20,-2.030170,-2.031617,1.446563,other
K2Mo8O13,-1.651083,-1.652907,1.823664,other
K2Mo9S11,-0.901723,-1.033598,131.874742,other
K2MoBr4,-1.496752,-1.502744,5.992033,halide_only
K2MoCl5O,-1.503198,-1.507858,4.660156,other
K2MoCl6,-1.790595,-1.795255,4.660210,halide_only
K2MoO2F5,-2.362606,-2.366800,4.194122,other
K2MoO3F4,-2.214543,-2.218737,4.194192,other
K2MoO4,-2.204235,-2.210227,5.991606,other
K2MoO8,-1.037081,-1.040894,3.813269,other
K2MoS4,-1.108780,-1.221573,112.792997,other
K2Nb2O5,-2.488491,-2.493151,4.659771,other
K2Nb3Cl7O5,-2.193486,-2.195954,2.467548,other
K2Nb4Fe2O13,-2.681098,-2.683095,1.997110,other
K2NbCl3,-1.240587,-1.247577,6.990380,halide_only
K2NbCl6,-1.990921,-1.995581,4.660005,halide_only
K2NbCuS2,-0.386776,-0.394082,7.305721,other
K2NbCuS4,-1.293871,-1.299587,5.716309,other
K2NbCuSe2,-0.265251,-0.272242,6.990728,other
K2NbCuSe4,-1.169372,-1.174615,5.242741,other
K2NbF7,-3.370705,-3.374899,4.194062,halide_only
K2NbO3F,-2.877805,-2.883797,5.991932,other
K2NbO3F5,-2.609851,-2.613664,3.813021,other
K2NbO6,-1.409352,-1.414012,4.660221,other
K2NbS7,-1.110805,-1.115663,4.857831,other
K2NdAuCl6,-1.971803,-1.975998,4.194637,halide_only
K2NdBr5,-2.197571,-2.202813,5.242395,halide_only
K2NdCl5,-2.544152,-2.549395,5.242783,halide_only
K2NdCuBr6,-1.764103,-1.768297,4.193713,halide_only
K2NdCuCl6,-2.078181,-2.082376,4.194559,halide_only
K2NdCuI6,-1.310634,-1.314828,4.193779,halide_only
K2NdI5,-1.702994,-1.708237,5.242737,halide_only
K2NiF4,-2.734823,-2.740814,5.991171,halide_only
K2NiF6,-2.384012,-2.388673,4.660516,halide_only
K2O,-1.233878,-1.247859,13.980554,other
K2O2,-1.284959,-1.295444,10.485242,other
K2OsO5,-1.805404,-1.810646,5.242223,other
K2OsO6,-1.338421,-1.343081,4.660481,other
K2P3,-0.549983,-0.436702,113.281099,other
K2PO4,-2.328953,-2.335254,6.301312,other
K2Pd,0.131936,0.131936,0.000358,other
K2PdF4,-2.413051,-2.419043,5.991655,halide_only
K2PdF6,-2.381378,-2.386038,4.659966,halide_only
K2PrAgBr6,-1.801513,-1.808202,6.688757,halide_only
K2PrAgCl6,-2.102076,-2.108765,6.688725,halide_only
K2PrBr5,-2.199331,-2.206395,7.063881,halide_only
K2PrCl5,-2.543299,-2.550362,7.063419,halide_only
K2PrCuBr6,-1.759349,-1.765000,5.650996,halide_only
K2PrCuI6,-1.309019,-1.314670,5.650870,halide_only
K2PrI5,-1.707505,-1.714569,7.063864,halide_only
K2RhF6,-2.483843,-2.488503,4.659697,halide_only
K2S,-1.247887,-1.222688,25.198970,other
K2S2O3,-1.815467,-1.821730,6.262843,other
K2S2O5,-1.976522,-1.981393,4.870631,other
K2S2O7,-2.115195,-2.119180,3.984773,other
K2S3,-0.945075,-1.092076,147.000584,other
K2S5,-0.700579,-0.945155,244.576475,other
K2S5O16,-1.868041,-1.870071,2.029570,other
K2SO3,-2.070206,-2.077354,7.147960,other
K2SO4,-2.271758,-2.277885,6.127092,other
K2Sb4O11,-1.972178,-1.974645,2.466714,other
K2Sb4S7,-0.640789,-0.820863,180.073677,other
K2SbAu,-0.619433,-0.515105,104.328230,other
K2SbAuBr6,-1.231972,-1.236166,4.194081,other
K2SbCl5,-1.818790,-1.824033,5.243163,other
K2SbF5,-2.918734,-2.923976,5.242363,other
K2SbPO6,-2.397862,-2.402273,4.411187,other
K2ScAuBr6,-1.642300,-1.646494,4.193867,halide_only
K2ScHgCl6,-1.983042,-1.987835,4.793092,halide_only
K2ScInI6,-1.341102,-1.346045,4.943355,halide_only
K2ScTlF6,-3.290401,-3.295478,5.077310,halide_only
K2Se,-1.239938,-1.253919,13.980813,other
K2Se2O,-0.929089,-0.937477,8.387857,other
K2Se2O5,-1.668527,-1.673187,4.660341,other
K2Se2O7,-1.550804,-1.554617,3.813031,other
K2Se3,-1.073891,-1.082279,8.388082,other
K2Se4O,-0.814260,-0.820251,5.991174,other
K2Se5,-0.906344,-0.912336,5.991530,other
K2SeO4,-1.802704,-1.808696,5.992007,other
K2SmAgCl6,-2.120638,-2.125871,5.232614,halide_only
K2SmCl5,-2.542696,-2.547939,5.242932,halide_only
K2SmCuCl6,-2.088762,-2.092956,4.193846,halide_only
K2Sn,0.090022,0.076041,13.980667,other
K2Sn2O3,-1.742462,-1.748454,5.992016,other
K2Sn2OF6,-2.391821,-2.395634,3.813142,other
K2Sn2S5,-1.028476,-1.033663,5.186744,other
K2Sn2Se5,-0.982771,-0.987431,4.659780,other
K2Sn3(SbS5)2,-0.839444,-0.842468,3.024276,other
K2Sn3O7,-2.085846,-2.089341,3.495439,other
K2Sn5Cl12,-1.515310,-1.517518,2.207589,halide_only
K2SnBi,-0.341503,-0.351988,10.484942,other
K2SnBr6,-1.544272,-1.548932,4.659984,halide_only
K2SnCl4O,-1.464862,-1.470105,5.243062,other
K2SnCl6,-1.859709,-1.864369,4.660368,halide_only
K2SnF6,-3.017853,-3.022513,4.660455,halide_only
K2SnO2,-1.684005,-1.692393,8.388037,other
K2SnO3,-1.953801,-1.960791,6.990326,other
K2SnO6,-1.100049,-1.104709,4.660135,other
K2SnOF6,-2.501236,-2.505430,4.194088,other
K2SnS3,-1.164566,-1.172031,7.464608,other
K2SnSe3,-1.119194,-1.126184,6.990293,other
K2Sr2O3,-2.230972,-2.237802,6.829743,other
K2Ta15O32,-3.130297,-3.133954,3.657291,other
K2Ta2(OF2)3,-3.479566,-3.484199,4.633456,other
K2Ta2O5,-2.654933,-2.661626,6.693292,other
K2Ta3Cl9,-1.874901,-1.879858,4.956511,halide_only
K2Ta4O11,-3.200980,-3.205600,4.620333,other
K2TaAgBr6,-1.285184,-1.291331,6.147289,halide_only
K2TaAgCl6,-1.597741,-1.603888,6.147286,halide_only
K2TaAgI6,-0.860544,-0.866691,6.147237,halide_only
K2TaAuF6,-2.702842,-2.707951,5.108962,halide_only
K2TaCl6,-2.001396,-2.007073,5.676976,halide_only
K2TaCuBr6,-1.240497,-1.245606,5.109204,halide_only
K2TaCuCl6,-1.564799,-1.569908,5.109441,halide_only
K2TaCuF6,-2.553860,-2.558969,5.108904,halide_only
K2TaCuSe4,-1.182608,-1.188994,6.385954,other
K2TaF7,-3.507228,-3.512337,5.109300,halide_only
K2TaHgF6,-2.771514,-2.777222,5.708010,halide_only
K2TaNbO6,-2.954898,-2.960007,5.109416,other
K2TbAgCl6,-2.135366,-2.140948,5.581844,halide_only
K2TbCl5,-2.540863,-2.546543,5.680324,halide_only
K2TbCuCl6,-2.102238,-2.106782,4.543630,halide_only
K2Te,-1.222005,-1.164691,57.313716,other
K2Te2O5,-1.775297,-1.779957,4.659882,other
K2Te3,-0.863098,-0.956298,93.199653,other
K2Te4O9,-1.679417,-1.682213,2.795842,other
K2TeO3,-1.860969,-1.867960,6.990631,other
K2TeO4,-1.789421,-1.795413,5.991945,other
K2TeO5,-1.351065,-1.356307,5.242467,other
K2TeO6,-0.646941,-0.651601,4.660230,other
K2Ti(OF2)2,-2.775874,-2.780534,4.660409,other
K2Ti2O5,-3.057675,-3.062335,4.660459,other
K2Ti4O9,-3.259531,-3.262327,2.796036,other
K2Ti6O13,-3.347455,-3.349453,1.997642,other
K2Ti8O17,-3.372459,-3.374012,1.553287,other
K2TiAuF6,-2.807289,-2.811483,4.193921,halide_only
K2TiCl6,-2.179679,-2.184339,4.660031,halide_only
K2TiF5,-3.360091,-3.365334,5.242607,halide_only
K2TiF6,-3.533803,-3.538463,4.659827,halide_only
K2TiO3,-2.761320,-2.768310,6.990161,other
K2TiO3F4,-2.640333,-2.644527,4.193989,other
K2TiOF4,-3.412793,-3.418035,5.242285,other
K2TiS3,-1.605788,-1.613252,7.464391,other
K2TlAgBr6,-1.270560,-1.276675,6.115170,halide_only
K2TlAgF6,-2.315094,-2.321210,6.115505,halide_only
K2TlAgI6,-0.917855,-0.923970,6.115359,halide_only
K2TlAsBr6,-1.328670,-1.334848,6.177847,other
K2TlAsCl6,-1.576630,-1.582807,6.177348,other
K2TlAuBr6,-1.212922,-1.217999,5.077128,halide_only
K2TlAuCl6,-1.420448,-1.425525,5.077365,halide_only
K2TlBiF6,-2.632317,-2.637394,5.077132,halide_only
K2TlFeF6,-2.673180,-2.678258,5.077501,halide_only
K2TlGaBr6,-1.446394,-1.451471,5.076840,halide_only
K2TlGaF6,-2.805716,-2.810793,5.076806,halide_only
K2TlHgBr6,-1.289061,-1.294737,5.676036,halide_only
K2TlHgI6,-0.941612,-0.947288,5.675842,halide_only
K2TlInF6,-2.720691,-2.726517,5.825779,halide_only
K2TlRuF6,-2.347920,-2.352997,5.077442,halide_only
K2TlSbF6,-2.603192,-2.608269,5.076671,other
K2TlVF6,-2.808044,-2.813121,5.077141,halide_only
K2TmAuCl6,-2.002416,-2.007277,4.860982,halide_only
K2V(PO4)2,-2.669670,-2.673231,3.560683,other
K2V2O5,-2.250389,-2.255049,4.660301,other
K2V2P4O15,-2.631965,-2.634166,2.201418,other
K2V3(PO5)4,-2.321260,-2.323005,1.745479,other
K2V3O8,-2.445477,-2.448703,3.225838,other
K2V3P4O17,-2.633799,-2.635746,1.947122,other
K2V4Zn5O20,-1.658789,-1.660142,1.353431,other
K2V8O21,-2.335882,-2.337235,1.352933,other
K2VAgF6,-2.687922,-2.693155,5.232640,halide_only
K2VCl6,-1.927065,-1.931725,4.659883,halide_only
K2VHgF6,-2.626628,-2.631421,4.793403,halide_only
K2VO2F3,-2.797331,-2.802574,5.243162,other
K2VO6,-1.327838,-1.332498,4.659722,other
K2VOF4,-3.011405,-3.016648,5.242841,other
K2VPO6,-2.571836,-2.576247,4.410984,other
K2W2O15,-0.836755,-0.838963,2.207774,other
K2W2O5,-1.795206,-1.799866,4.659802,other
K2W2O7,-2.283940,-2.287753,3.812541,other
K2W3O10,-2.258174,-2.260970,2.796303,other
K2W4O13,-2.251700,-2.253907,2.207413,other
K2WCl6,-1.753249,-1.757909,4.660320,halide_only
K2WO4,-2.256357,-2.262348,5.991334,other
K2WO8,-1.309973,-1.313786,3.812945,other
K2WS4,-1.134915,-1.249754,114.839307,other
K2WSe4,-1.078622,-1.084614,5.991982,other
K2YAuBr6,-1.695226,-1.703682,8.456096,halide_only
K2YHgI6,-1.296584,-1.305640,9.055858,halide_only
K2YTlBr6,-1.892974,-1.902314,9.339563,halide_only
K2Zn2O3,-1.655289,-1.661281,5.991991,other
K2Zn3O4,-1.708242,-1.712902,4.660418,other
K2Zn3S4,-1.128062,-1.178432,50.370216,other
K2Zn3Se4,-1.103792,-1.108453,4.660504,other
K2Zn6O7,-1.729307,-1.732103,2.795792,other
K2ZnBr4,-1.723321,-1.729312,5.991450,halide_only
K2ZnCl4,-1.993425,-1.999417,5.991903,halide_only
K2ZnF4,-2.857654,-2.863645,5.991389,halide_only
K2ZnI4,-1.330936,-1.336928,5.991597,halide_only
K2ZnO2,-1.577444,-1.585832,8.388286,other
K2ZnS2,-1.252978,-1.263975,10.997454,other
K2ZnSe2,-1.223285,-1.231673,8.388034,other
K2Zr,1.317182,1.317182,0.000274,other
K2Zr2O5,-3.140452,-3.145112,4.660380,other
K2Zr3OF12,-3.860063,-3.862393,2.329812,other
K2Zr7Cl18,-2.109739,-2.111293,1.553687,halide_only
K2ZrF6,-3.655146,-3.659807,4.660658,halide_only
K2ZrO3,-2.778100,-2.785090,6.990477,other
K2ZrS4,-1.555418,-1.561951,6.533016,other
K3(Cu4S3)2,-0.666483,-0.670518,4.034954,other
K3(Cu4Se3)2,-0.620512,-0.624213,3.700857,other
K3(CuO2)2,-1.363693,-1.370683,6.990264,other
K3(CuS)4,-0.846172,-0.852236,6.063554,other
K3(Fe11O17)2,-1.646199,-1.647265,1.066215,other
K3(FeO2)2,-1.566424,-1.573414,6.990474,other
K3(FeO2)4,-1.557381,-1.561575,4.193933,other
K3(FeS2)2,-0.904609,-0.912021,7.411773,other
K3(FeSe)8,-0.641159,-0.644470,3.310940,other
K3(FeSe2)2,-0.957347,-0.964337,6.990080,other
K3(InAu)8,-0.244543,-0.251007,6.464472,other
K3(Mo7O11)2,-1.447343,-1.448956,1.613165,other
K3(MoO3)10,-2.006805,-2.008268,1.462793,other
K3(SO4)2,-2.105976,-2.110961,4.984740,other
K3(SeO4)2,-1.593382,-1.598221,4.838941,other
K3(VS2)5,-1.270736,-1.274758,4.021978,other
K3Ag,0.115102,0.109491,5.610839,other
K3Ag3As2,-0.350068,-0.364577,14.508567,other
K3AgO2,-1.177506,-1.189722,12.215978,other
K3Al,0.307603,0.307603,0.000175,other
K3AlBr6,-1.758407,-1.764699,6.291669,halide_only
K3AlF6,-3.420047,-3.426338,6.291227,halide_only
K3AlI6,-1.266776,-1.273068,6.291615,halide_only
K3As,-0.303323,-0.321802,18.479391,other
K3As11,-0.256973,-0.270113,13.139639,other
K3As7,-0.345430,-0.359424,13.994395,other
K3AsBr6,-1.483631,-1.491023,7.391650,other
K3AsCl6,-1.756858,-1.764249,7.391420,other
K3AsF12,-1.973217,-1.977837,4.619589,other
K3AsF6,-2.750312,-2.757704,7.391737,other
K3AsI6,-1.090858,-1.098250,7.391964,other
K3Au3Br8,-1.172192,-1.176685,4.493409,halide_only
K3Au3I8,-0.901752,-0.906246,4.493962,halide_only
K3AuBr6,-1.287508,-1.293799,6.290840,halide_only
K3AuCl6,-1.516519,-1.522810,6.291365,halide_only
K3AuF12,-1.634917,-1.638849,3.932036,halide_only
K3AuF6,-2.298455,-2.304746,6.291364,halide_only
K3Ba,0.130666,0.114938,15.727645,other
K3Bi,-0.501223,-0.365113,136.109884,other
K3Bi2,-0.463456,-0.330358,133.098250,other
K3Bi2I9,-1.136715,-1.141209,4.493816,halide_only
K3Bi7(SO6)4,-1.949275,-1.951031,1.755643,other
K3BiBr6,-1.611224,-1.617516,6.291524,halide_only
K3BiCl6,-1.887691,-1.893983,6.291696,halide_only
K3BiF6,-2.857499,-2.863790,6.291088,halide_only
K3BiI6,-1.204834,-1.211125,6.291128,halide_only
K3BiO3,-1.675343,-1.684330,8.987137,other
K3BiO4,-1.639997,-1.647861,7.863952,other
K3BiSe3,-1.145053,-1.154040,8.987177,other
K3BrCl2,-2.079191,-2.089676,10.484962,halide_only
K3BrO,-1.457412,-1.469995,12.582772,other
K3Ce,0.631776,0.631776,0.000041,other
K3CeCl6,-2.374332,-2.381010,6.677704,halide_only
K3ClO,-1.516231,-1.528814,12.582729,other
K3Co,0.740518,0.740518,0.000013,other
K3Co2F7,-2.665872,-2.675298,9.426179,halide_only
K3CoF6,-2.682817,-2.691618,8.800941,halide_only
K3Cr,0.662162,0.662162,0.000212,other
K3Cr11S18,-1.095485,-1.097984,2.499466,other
K3CrF3,-2.066420,-2.075408,8.987778,halide_only
K3CrF6,-3.079743,-3.086034,6.290872,halide_only
K3CrO4,-1.927809,-1.935673,7.864301,other
K3CrO8,-1.134695,-1.139938,5.242910,other
K3Cu,0.338927,0.338927,0.000247,other
K3Cu2F7,-2.455564,-2.460807,5.242863,halide_only
K3Cu3As2,-0.297914,-0.308529,10.614662,other
K3Cu5O4,-1.092671,-1.097914,5.242958,other
K3CuO2,-1.287807,-1.298292,10.484903,other
K3Dy,0.581856,0.581856,0.000439,other
K3DyCl6,-2.483361,-2.490811,7.449932,halide_only
K3Er,0.583714,0.583714,0.000430,other
K3ErCl6,-2.492059,-2.498351,6.291679,halide_only
K3Eu,0.185874,0.185874,0.000049,other
K3EuCl6,-2.218035,-2.227437,9.401831,halide_only
K3Fe5F15,-2.742688,-2.745423,2.734867,halide_only
K3Fe6F19,-2.737219,-2.739466,2.246928,halide_only
K3FeF3,-1.948439,-1.957427,8.987688,halide_only
K3FeF6,-2.908169,-2.914460,6.291400,halide_only
K3FeMo4O15,-2.063973,-2.066708,2.735055,other
K3FeO2,-1.215781,-1.226267,10.485562,other
K3FeO3,-1.634729,-1.643716,8.987251,other
K3FeO4,-1.537964,-1.545828,7.863974,other
K3FeS3,-1.124672,-1.134066,9.393585,other
K3FeSe3,-1.067580,-1.076568,8.987889,other
K3Ga,0.179916,0.164188,15.727587,other
K3Ga13,-0.151806,-0.155738,3.932085,other
K3GaBr6,-1.612924,-1.619215,6.290985,halide_only
K3GaCl6,-1.932002,-1.938293,6.291162,halide_only
K3GaF6,-3.043363,-3.049654,6.291347,halide_only
K3GaI6,-1.163966,-1.170257,6.290934,halide_only
K3GaO3,-1.887289,-1.896276,8.987211,other
K3GaS3,-1.322266,-1.331659,9.393459,other
K3GdCl6,-2.477350,-2.483641,6.291326,halide_only
K3Ge,0.146922,0.131194,15.728336,other
K3Ge17,-0.081404,-0.084550,3.145855,other
K3Ge7O20,-1.519250,-1.521347,2.097441,other
K3GeS3,-1.241486,-1.250880,9.393755,other
K3GeSe3,-1.187502,-1.196489,8.987317,other
K3Hg,-0.021143,-0.060702,39.559114,other
K3Hg11,-0.222351,-0.203019,19.332221,other
K3Ho,0.582249,0.582249,0.000485,other
K3IO,-1.370046,-1.382629,12.582766,other
K3IO5,-1.509241,-1.516232,6.990742,other
K3In,0.077478,0.059878,17.600427,other
K3In(IO3)6,-1.244360,-1.246875,2.514812,other
K3In2As3,-0.421054,-0.434918,13.863501,other
K3InAu5,-0.320252,-0.328074,7.822237,other
K3InBr6,-1.648848,-1.655888,7.040335,halide_only
K3InCl6,-2.013777,-2.020817,7.040434,halide_only
K3InF6,-2.989087,-2.996127,7.040212,halide_only
K3InI6,-1.214113,-1.221153,7.040181,halide_only
K3Ir,0.722916,0.722916,0.000290,other
K3IrF6,-2.506493,-2.512784,6.291274,halide_only
K3LaCl6,-2.420975,-2.427267,6.291669,halide_only
K3Lu,0.580123,0.580123,0.000393,other
K3LuCl6,-2.425637,-2.432001,6.364430,halide_only
K3Mn,0.650281,0.650281,0.000313,other
K3Mn2Cl7,-1.874687,-1.879929,5.242280,halide_only
K3Mn2F7,-3.001028,-3.006270,5.242396,halide_only
K3Mn2O8,-1.599040,-1.603879,4.839094,other
K3Mn4O8,-1.955605,-1.959799,4.193723,other
K3MnCrO8,-1.773574,-1.778414,4.839881,other
K3MnF6,-2.900088,-2.906379,6.290954,halide_only
K3MnO3,-1.712324,-1.721311,8.987438,other
K3MnO4,-1.765424,-1.773288,7.863804,other
K3Mo,1.166261,1.166261,0.000357,other
K3Mo2Br9,-1.421614,-1.426108,4.493707,halide_only
K3Mo2BrO7,-2.063572,-2.068411,4.839069,other
K3Mo2Cl9,-1.750703,-1.755197,4.493706,halide_only
K3Mo2O4F5,-2.579282,-2.583776,4.494137,other
K3Mo3Se14,-0.906479,-0.909625,3.145981,other
K3Mo4O16F,-1.498067,-1.500688,2.621377,other
K3MoBr6,-1.528057,-1.534349,6.291694,halide_only
K3MoCl6,-1.903635,-1.909926,6.291365,halide_only
K3MoF6,-2.927322,-2.933613,6.290910,halide_only
K3MoI6,-1.091496,-1.097787,6.291483,halide_only
K3MoIO13,-0.852584,-0.856079,3.495052,other
K3Nb,1.138910,1.138910,0.000310,other
K3Nb2Cu3S8,-1.196503,-1.200908,4.405493,other
K3Nb2Cu3Se8,-1.070884,-1.074816,3.932495,other
K3Nb2CuSe12,-1.017775,-1.021270,3.495013,other
K3Nb2S11,-1.169110,-1.173693,4.583174,other
K3Nb2Se11,-1.068875,-1.072807,3.932052,other
K3Nb3Ge2O13,-2.622575,-2.625571,2.995993,other
K3Nb6VO19,-2.890760,-2.892929,2.169281,other
K3Nb7O19,-2.964124,-2.966293,2.169088,other
K3Nb8(O5F2)2,-2.689974,-2.692491,2.516818,other
K3Nb8O21,-2.958042,-2.960008,1.965582,other
K3NbF6,-2.952253,-2.958544,6.291294,halide_only
K3NbO8,-1.685816,-1.691059,5.243163,other
K3NbS4,-1.470959,-1.479297,8.338225,other
K3NbSe4,-1.347845,-1.355709,7.864496,other
K3Nd,0.541256,0.541256,0.000491,other
K3Nd3Br10,-2.053916,-2.057848,3.932202,halide_only
K3Nd3I10,-1.565968,-1.569900,3.932321,halide_only
K3NdBr6,-2.067254,-2.073545,6.291081,halide_only
K3NdCl6,-2.389762,-2.396053,6.291444,halide_only
K3NdI6,-1.598686,-1.604977,6.291152,halide_only
K3Ni2F7,-2.694412,-2.699655,5.242759,halide_only
K3NiF6,-2.572329,-2.578621,6.291612,halide_only
K3Os,1.346527,1.346527,0.000405,other
K3P,-0.335067,-0.207519,127.547698,other
K3P11,-0.374328,-0.315384,58.943992,other
K3P3O10,-1.216878,-1.221217,4.339345,other
K3PO4,-2.532320,-2.540455,8.135203,other
K3PO5,-2.089306,-2.096538,7.231936,other
K3Pd,0.202714,0.202714,0.000077,other
K3PdF6,-2.444682,-2.450973,6.291045,halide_only
K3Pr,0.527778,0.527778,0.000145,other
K3PrBr6,-2.062029,-2.069777,7.747879,halide_only
K3PrCl6,-2.457044,-2.464792,7.748102,halide_only
K3PrI6,-1.596160,-1.603908,7.748051,halide_only
K3Rh,0.538553,0.538553,0.000157,other
K3RhF6,-2.596842,-2.603133,6.290796,halide_only
K3Ru,1.049559,1.049559,0.000160,other
K3RuF12,-1.899542,-1.903474,3.931737,halide_only
K3RuF6,-2.580548,-2.586839,6.290928,halide_only
K3S3O5,-1.664682,-1.670660,5.977898,other
K3Sb,-0.548281,-0.451131,97.149934,other
K3Sb2Au3,-0.552511,-0.466619,85.892176,other
K3Sb5O14,-1.972149,-1.975008,2.859350,other
K3SbBr6,-1.559242,-1.565533,6.291188,other
K3SbCl6,-1.834292,-1.840583,6.291075,other
K3SbF6,-2.828284,-2.834575,6.291299,other
K3SbI6,-1.158217,-1.164508,6.291447,other
K3SbO3,-1.815631,-1.824618,8.987119,other
K3SbO4,-1.877405,-1.885269,7.863794,other
K3SbS3,-1.151685,-1.197004,45.319241,other
K3SbS4,-1.056637,-1.137760,81.122875,other
K3SbSe3,-1.154354,-1.163341,8.987131,other
K3SbSe4,-1.086500,-1.094364,7.863549,other
K3Sc,0.614961,0.614961,0.000462,other
K3ScBr6,-2.021211,-2.027502,6.291458,halide_only
K3ScCl6,-2.417453,-2.423744,6.290958,halide_only
K3ScF6,-3.526138,-3.532429,6.291267,halide_only
K3ScI6,-1.535937,-1.542228,6.291009,halide_only
K3Sm,0.559336,0.559336,0.000475,other
K3SmCl6,-2.400918,-2.407210,6.291612,halide_only
K3Sn,-0.024723,-0.040451,15.727856,other
K3SnSb3,-0.445868,-0.454855,8.986991,other
K3SnSe3,-1.194529,-1.203517,8.987892,other
K3Sr,0.117408,0.117408,0.000129,other
K3Ta,1.408761,1.408761,0.000500,other
K3Ta2Cu3S8,-1.223358,-1.228908,5.549669,other
K3Ta2Cu3Se8,-1.078351,-1.083427,5.075890,other
K3Ta2S11,-1.191620,-1.197348,5.727585,other
K3Ta4F15,-2.986788,-2.991311,4.522982,halide_only
K3Ta8O21,-3.220135,-3.224389,4.253746,other
K3TaBr6,-1.555294,-1.562500,7.206230,halide_only
K3TaCl6,-1.886720,-1.893926,7.206201,halide_only
K3TaF6,-2.893073,-2.900279,7.205745,halide_only
K3TaF8,-3.409363,-3.415368,6.005322,halide_only
K3TaI6,-1.103151,-1.110358,7.206654,halide_only
K3TaO2F7,-2.851741,-2.857284,5.543183,other
K3TaO8,-1.756479,-1.762484,6.005265,other
K3TaS4,-1.513084,-1.522566,9.481760,other
K3Tb,0.579237,0.579237,0.000070,other
K3TbCl6,-2.416583,-2.423224,6.641182,halide_only
K3Ti,0.857096,0.857096,0.000299,other
K3Ti8O17,-3.304570,-3.306817,2.247194,other
K3TiCl6,-2.185207,-2.191498,6.291222,halide_only
K3TiF6,-3.266440,-3.272731,6.291164,halide_only
K3TiO4F3,-2.434246,-2.439965,5.719262,other
K3Tl,0.029720,0.011784,17.935593,other
K3TlAu5,-0.287411,-0.295383,7.971589,other
K3TlBr6,-1.496799,-1.503974,7.174533,halide_only
K3TlCl6,-1.762463,-1.769637,7.173851,halide_only
K3TlF6,-2.704677,-2.711851,7.174440,halide_only
K3TlI6,-1.099530,-1.106704,7.173698,halide_only
K3Tm,0.580111,0.580111,0.000225,other
K3TmCl6,-2.487114,-2.494071,6.957425,halide_only
K3V,0.882094,0.882094,0.000433,other
K3V(PO4)2,-2.530673,-2.535477,4.804359,other
K3V14O28,-2.469301,-2.470699,1.397946,other
K3V2(PO4)3,-2.642632,-2.646103,3.470776,other
K3V2O12,-1.201120,-1.204821,3.701125,other
K3V3O8,-2.428991,-2.433485,4.493976,other
K3V5O14,-2.402736,-2.405596,2.859835,other
K3VF6,-3.046797,-3.053088,6.291272,halide_only
K3VO4,-2.278278,-2.286142,7.863663,other
K3VO5,-1.891557,-1.898547,6.990463,other
K3VO8,-1.285598,-1.290840,5.242210,other
K3VS4,-1.415488,-1.423826,8.337656,other
K3VSe4,-1.180765,-1.188629,7.863839,other
K3W,1.501555,1.501555,0.000072,other
K3W2(O2F3)2,-2.672793,-2.676987,4.194334,other
K3W2Cl9,-1.693712,-1.698206,4.493965,halide_only
K3WF6,-2.844740,-2.851031,6.291382,halide_only
K3Y,0.563029,0.563029,0.000055,other
K3YBr6,-2.078635,-2.089188,10.552919,halide_only
K3YI6,-1.598889,-1.609442,10.553203,halide_only
K3Zn,0.142045,0.149640,7.595015,other
K3Zn2Cl7,-1.915475,-1.920718,5.243011,halide_only
K3Zn2F7,-2.839693,-2.844936,5.243023,halide_only
K3Zr,0.978084,0.978084,0.000338,other
K4(S2O3)5,-1.131764,-1.134983,3.219279,other
K49Tl108,-0.105259,-0.117877,12.618206,other
K4Bi,-0.067441,0.041447,108.888125,other
K4Bi2O5,-1.687838,-1.695464,7.625933,other
K4Br2O,-1.546660,-1.558643,11.983058,other
K4CrO4,-1.850747,-1.860067,9.320322,other
K4Cu4Cl10O,-1.170399,-1.174814,4.415261,other
K4Fe,1.467211,1.450434,16.776546,other
K4Fe2O5,-1.681025,-1.688651,7.625887,other
K4Fe2O7,-1.386479,-1.392932,6.452930,other
K4GaAu8,-0.333098,-0.339551,6.452583,other
K4Ge23,-0.079904,-0.083010,3.106448,other
K4Ge9O20,-2.179153,-2.181695,2.542171,other
K4GeO4,-1.953663,-1.962302,8.638919,other
K4GeS4,-1.273913,-1.283655,9.741742,other
K4GeSe4,-1.213493,-1.222814,9.320574,other
K4HgAs2,-0.423217,-0.439200,15.983004,other
K4I2O,-1.416896,-1.428879,11.983268,other
K4I2O9,-1.420180,-1.425772,5.592009,other
K4In3Ge20,-0.123205,-0.127144,3.939114,other
K4Mn2S4O19,-1.775669,-1.778692,3.023015,other
K4Mn3F12,-2.978859,-2.983274,4.415174,halide_only
K4MnBr6,-1.786828,-1.794454,7.625780,halide_only
K4MnCl6,-2.023701,-2.031326,7.625365,halide_only
K4MnO4,-1.697634,-1.706955,9.320566,other
K4MoO5,-1.995611,-2.003999,8.388292,other
K4MoO8,-1.158085,-1.164537,6.452138,other
K4MoWO8,-2.229603,-2.235595,5.991786,other
K4Nb15O24,-2.583698,-2.585649,1.950817,other
K4Nb2S11,-1.216875,-1.222423,5.547596,other
K4Nb6O17,-2.922941,-2.926048,3.107153,other
K4P2O7,-2.605145,-2.611931,6.786133,other
K4P3,-0.503690,-0.373684,130.005503,other
K4P4O15,-2.122361,-2.126386,4.024561,other
K4P4O5,-1.785162,-1.792283,7.120897,other
K4Sb2O3,-1.420519,-1.429840,9.320722,other
K4Sb2O5,-1.853753,-1.861378,7.625335,other
K4Sn23,-0.117405,-0.120512,3.106815,other
K4Sn3Se8,-1.037990,-1.043582,5.592314,other
K4Sn9,-0.216401,-0.222853,6.452178,other
K4SnO3,-1.581512,-1.591998,10.485541,other
K4SnO4,-1.823758,-1.833078,9.320164,other
K4SnSb2F14,-2.936953,-2.940947,3.994180,other
K4SnSe4,-1.229172,-1.238492,9.320469,other
K4Ta2S11,-1.256589,-1.263213,6.623679,other
K4Ta3NbO12,-3.012997,-3.018563,5.566200,other
K4Te8O23,-1.629715,-1.632112,2.396582,other
K4Ti3S14,-1.326334,-1.330960,4.626426,other
K4Ti4I12O,-1.234676,-1.238671,3.994569,other
K4TiO4,-2.377696,-2.387016,9.319943,other
K4V2O7,-2.371041,-2.377494,6.452797,other
K4V2O9,-1.805871,-1.811463,5.592118,other
K4W11O35,-1.442640,-1.444317,1.677222,other
K4W2Cl10O,-1.464352,-1.469287,4.934507,other
K4WO5,-2.078902,-2.087290,8.387935,other
K4ZnO3,-1.487420,-1.497905,10.485091,other
K4Zr5O12,-3.262751,-3.266745,3.994256,other
K4ZrO4,-2.346801,-2.356121,9.320357,other
K5(Mo6S7)4,-0.638399,-0.768745,130.345535,other
K57Se34,-1.164677,-1.177813,13.135501,other
K5As2Au,-0.424557,-0.440415,15.857988,other
K5As4,-0.420610,-0.437151,16.540766,other
K5Bi4,-0.484768,-0.351008,133.759541,other
K5Br4Cl,-1.846707,-1.857192,10.484982,halide_only
K5BrCl4,-2.145506,-2.155991,10.485338,halide_only
K5Cr10F31,-3.007389,-3.009668,2.279486,halide_only
K5CuAs2,-0.326261,-0.342119,15.857636,other
K5CuSb2,-0.483330,-0.407058,76.272408,other
K5FeO4,-1.547651,-1.558136,10.485424,other
K5Hg7,-0.282999,-0.261262,21.736709,other
K5In(MoO4)4,-2.146266,-2.150587,4.320905,other
K5In3F14,-2.979847,-2.985634,5.787393,halide_only
K5InO4,-1.562469,-1.573704,11.234788,other
K5La2,0.442717,0.442717,0.000417,other
K5Mn3O6,-1.710143,-1.717633,7.489826,other
K5Mo4O14F,-2.204416,-2.208785,4.369208,other
K5Mo6IO29,-1.455117,-1.457674,2.557008,other
K5Nb16(O5F2)4,-2.705558,-2.707698,2.139548,other
K5Nb3O3F14,-3.272943,-3.277137,4.194257,other
K5Nb4O12F,-2.869453,-2.874219,4.766347,other
K5Sb4,-0.575930,-0.515060,60.869935,other
K5Sc3F14,-3.759993,-3.764759,4.766022,halide_only
K5Se3,-1.191292,-1.204399,13.107218,other
K5SnBi3,-0.337787,-0.349438,11.650872,other
K5SnSb3,-0.471470,-0.483120,11.650387,other
K5Te3,-1.174004,-1.123493,50.511299,other
K5Ti3F14,-3.426229,-3.430995,4.766226,halide_only
K5V3F14,-3.162663,-3.167430,4.766541,halide_only
K5V3O10,-2.394195,-2.400020,5.825429,other
K6Bi6O19,-1.457229,-1.461288,4.058740,other
K6Cr2O9,-1.575413,-1.582814,7.401088,other
K6Fe2O5,-0.843334,-0.853013,9.679315,other
K6Ge2O7,-2.025534,-2.033922,8.388022,other
K6InAs3,-0.397738,-0.414371,16.633014,other
K6MnS4,-1.314099,-1.223393,90.706107,other
K6MnSe4,-1.204234,-1.215672,11.438345,other
K6Mo10O33,-2.073007,-2.075575,2.568195,other
K6Mo7O34,-0.970794,-0.973471,2.677282,other
K6Nb11O30,-2.913625,-2.916302,2.676946,other
K6Nb4S25,-1.105551,-1.109823,4.271577,other
K6Se2O9,-1.722962,-1.730363,7.401154,other
K6Sn25,-0.140151,-0.144210,4.058695,other
K6Sn2S7,-1.224611,-1.233442,8.830962,other
K6Sn2Se7,-1.186123,-1.194511,8.388307,other
K6Ta11O30,-3.107877,-3.112696,4.818661,other
K6Ta3O8F13,-2.730166,-2.735275,5.108760,other
K6Ti2O7,-2.543935,-2.552323,8.388049,other
K6Tl17,-0.075703,-0.087699,11.996454,other
K6Tl2Sb3,-0.426877,-0.439921,13.043919,other
K6V6P6O31,-2.575802,-2.578636,2.834147,other
K6Zn3Cl10,-1.763923,-1.770546,6.622665,halide_only
K6ZnS4,-1.266701,-1.250330,16.370791,other
K6ZnSe4,-1.239638,-1.251077,11.438846,other
K7(Bi3O8)3,-1.512724,-1.516394,3.670108,other
K7(FeS2)5,-1.041546,-1.048649,7.103374,other
K7(Mo9S11)4,-0.878805,-1.017845,139.039927,other
K7Fe5O16,-1.365110,-1.370353,5.242515,other
K7Hg31,-0.194622,-0.176447,18.174638,other
K8BiO3,-0.809527,-0.823508,13.980939,other
K8In11,-0.132866,-0.146032,13.166300,other
K8PO3,-0.860621,-0.874782,14.161335,other
K8SbO3,-0.838127,-0.852108,13.980646,other
K8SnSb4,-0.485688,-0.498593,12.905433,other
K8Tl11,-0.117980,-0.131922,13.941659,other
K8Zr(MoO4)6,-2.305712,-2.310014,4.301958,other
K9(FeO4)2,-1.370206,-1.380139,9.933177,other
K9(Mo6S7)8,-0.455339,-0.591187,135.848074,other
K9(WO3)20,-2.236981,-2.239102,2.120673,other
K9Bi5O13,-1.680509,-1.687499,6.989908,other
K9Fe2O7,-1.497201,-1.507687,10.485776,other
K9Fe2S7,-1.158906,-1.169760,10.853873,other
K9Fe2Se7,-1.053201,-1.063686,10.485379,other
K9FeS7,-1.070217,-1.081710,11.492807,other
K9InSe7,-1.232797,-1.244340,11.543179,other
K9Ta10O30,-3.051104,-3.056824,5.719519,other
KAg2,0.009691,-0.014961,24.651990,other
KAg3S2,-0.490085,-0.553981,63.896467,other
KAg3Se2,-0.566162,-0.574848,8.685821,other
KAg5S3,-0.399626,-0.479163,79.536908,other
KAgBr3,-1.178873,-1.185143,6.270090,halide_only
KAgCl3,-1.390386,-1.396656,6.270091,halide_only
KAgF3,-2.113200,-2.119470,6.270101,halide_only
KAgF4,-2.027470,-2.032696,5.225888,halide_only
KAgO,-1.027251,-1.037702,10.451089,other
KAgO2,-1.021019,-1.028857,7.837672,other
KAgO3,-0.490754,-0.497025,6.270753,other
KAgSe,-0.811976,-0.822427,10.450856,other
KAl2Br7,-1.668605,-1.670702,2.097479,halide_only
KAlBr4,-1.764495,-1.767990,3.495044,halide_only
KAlF4,-3.647771,-3.651266,3.495089,halide_only
KAs,-0.437546,-0.453534,15.987669,other
KAs2F7,-2.624563,-2.628861,4.298100,other
KAsF6,-2.740276,-2.743269,2.992743,other
KAu2,-0.345464,-0.304862,40.602463,other
KAu5,-0.256028,-0.226587,29.441115,other
KAuBr3,-1.103536,-1.107730,4.194370,halide_only
KAuBr4,-1.097772,-1.101267,3.494862,halide_only
KAuCl3,-1.291864,-1.296058,4.194173,halide_only
KAuCl4,-1.318472,-1.321967,3.495198,halide_only
KAuF3,-1.884638,-1.888832,4.194066,halide_only
KAuF4,-2.069373,-2.072868,3.494685,halide_only
KAuF6,-1.818517,-1.821138,2.621039,halide_only
KAuI3,-0.886814,-0.891008,4.194479,halide_only
KAuI4,-0.801948,-0.805443,3.494630,halide_only
KBa3,0.096799,0.091557,5.242467,other
KBaO3,-1.242492,-1.246686,4.193788,other
KBi,-0.475921,-0.349874,126.046509,other
KBi(WO4)2,-2.152998,-2.154745,1.747336,other
KBi2,-0.391444,-0.333202,58.242491,other
KBi2F7,-2.786649,-2.788746,2.097035,halide_only
KBi3,-0.151029,-0.107348,43.681464,other
KBi3F10,-2.841098,-2.842596,1.498203,halide_only
KBi3S5,-0.627709,-0.823847,196.138405,other
KBi6BrO9,-1.657315,-1.658548,1.233498,other
KBi6ClO9,-1.669609,-1.670842,1.233162,other
KBi6IO9,-1.630468,-1.631701,1.233140,other
KBiF4,-2.848929,-2.852425,3.495550,halide_only
KBiF6,-2.524802,-2.524892,0.090105,halide_only
KBiO2,-1.722167,-1.727410,5.242677,other
KBiO3,-1.572585,-1.576779,4.194231,other
KBiS2,-0.920619,-1.043261,122.642037,other
KBiSe2,-0.906039,-0.911282,5.243166,other
KBr,-2.018192,-2.028678,10.485609,halide_only
KBr3,-1.026503,-1.031746,5.243084,halide_only
KBrF4,-1.972576,-1.976071,3.494654,halide_only
KBrO3,-1.044635,-1.048829,4.193805,other
KBrO4,-0.837874,-0.841370,3.495584,other
KCe3,0.716107,0.716107,0.000350,other
KCeF4,-3.940443,-3.914098,26.345394,halide_only
KCl,-2.247749,-2.258234,10.485241,halide_only
KCl3,-1.072044,-1.077287,5.242723,halide_only
KClO2,-1.035885,-1.041127,5.242413,other
KClO3,-1.148754,-1.152949,4.194590,other
KClO4,-1.083207,-1.086702,3.495239,other
KCo,0.810019,0.810019,0.000416,other
KCoF3,-2.441860,-2.451074,9.213567,halide_only
KCoF4,-2.496965,-2.452934,44.031075,halide_only
KCr(MoO4)2,-2.155061,-2.156809,1.747859,other
KCr20O40,-2.029406,-2.029749,0.343445,other
KCr2AgO7,-1.615763,-1.618613,2.849885,other
KCr3O8,-1.942798,-1.944546,1.747743,other
KCr3S5,-1.114640,-1.117497,2.856562,other
KCr4O8,-2.148051,-2.149664,1.612712,other
KCr5S8,-1.087462,-1.089501,2.039459,other
KCr5Se8,-0.910384,-0.911882,1.497760,other
KCrCl3,-1.681668,-1.733657,51.989111,halide_only
KCrClO3,-1.691023,-1.694519,3.495589,other
KCrF3,-2.927738,-2.931932,4.193798,halide_only
KCrF4,-3.101472,-3.104968,3.495624,halide_only
KCrF6,-2.618325,-2.620946,2.621172,halide_only
KCrIO6,-1.474562,-1.476892,2.330188,other
KCrO2,-2.118686,-2.123928,5.242388,other
KCrO3,-1.671608,-1.675802,4.194224,other
KCrO3F,-2.086253,-2.089748,3.495250,other
KCrS2,-1.181444,-1.187160,5.716137,other
KCrSnS4,-1.052219,-1.055757,3.537876,other
KCu2SbS3,-0.696549,-0.699951,3.401808,other
KCu3S2,-0.625478,-0.629289,3.810589,other
KCu4S3,-0.590321,-0.593298,2.977247,other
KCu4Se3,-0.534233,-0.536855,2.621744,other
KCu7S4,-0.452951,-0.455014,2.063094,other
KCuCl3,-1.458893,-1.463087,4.194215,halide_only
KCuF3,-2.356014,-2.360208,4.194324,halide_only
KCuO,-1.217806,-1.224797,6.990550,other
KCuO2,-1.374773,-1.380016,5.242517,other
KCuS,-0.921985,-0.929291,7.306375,other
KCuS3,-0.443322,-0.448085,4.763168,other
KCuSb3F18,-2.623435,-2.624347,0.911731,other
KCuSe,-0.830538,-0.837528,6.990028,other
KDy2Cl7,-2.668352,-2.672767,4.415254,halide_only
KEr2Cl7,-2.658999,-2.661096,2.096884,halide_only
KEu2Cl5,-2.659547,-2.669946,10.398598,halide_only
KEu2Cl7,-2.317051,-2.325370,8.319240,halide_only
KEu3,0.198343,0.198343,0.000216,other
KF,-2.923886,-2.934371,10.485379,halide_only
KF2,-2.116978,-2.123968,6.990194,halide_only
KF3,-1.638129,-1.643371,5.242404,halide_only
KF5,-0.989437,-0.992933,3.495580,halide_only
KFe,1.026204,1.015719,10.485129,other
KFe(MoO4)2,-2.008169,-2.009917,1.747914,other
KFe11O17,-1.628160,-1.628883,0.723021,other
KFe2(MoO5)2,-1.756024,-1.757422,1.398312,other
KFe2F6,-2.713195,-2.715525,2.329649,halide_only
KFe2S3,-0.924345,-0.928314,3.968590,other
KFe2Se3,-0.732007,-0.735502,3.495260,other
KFeBr3,-1.270768,-1.274962,4.194322,halide_only
KFeBr4,-1.316607,-1.320102,3.495126,halide_only
KFeCl3,-1.574582,-1.578776,4.193969,halide_only
KFeCl4,-1.632749,-1.636244,3.494873,halide_only
KFeF3,-2.503419,-2.507613,4.193728,halide_only
KFeF4,-2.837177,-2.840672,3.494790,halide_only
KFeI3,-0.736543,-0.740737,4.194039,halide_only
KFeO2,-1.731857,-1.737100,5.242655,other
KFeO3,-1.269862,-1.274057,4.194529,other
KFeS2,-0.995871,-1.001587,5.716217,other
KFeSe2,-0.884899,-0.890142,5.242786,other
KFeSn3O8,-2.021927,-2.023540,1.613181,other
KGa,-0.038284,-0.048770,10.485755,other
KGa2Cl7,-1.755781,-1.757878,2.096656,halide_only
KGa3,-0.172616,-0.177859,5.242719,other
KGaBr4,-1.569962,-1.573457,3.494757,halide_only
KGaCl4,-1.890638,-1.894134,3.495585,halide_only
KGaF4,-3.046909,-3.050405,3.495506,halide_only
KGaGe3O8,-2.186464,-2.188077,1.612988,other
KGaGeO4,-2.251453,-2.254449,2.996150,other
KGaI4,-1.128625,-1.132120,3.495074,halide_only
KGaO2,-2.187477,-2.192720,5.242715,other
KGaS2,-1.292719,-1.298436,5.716623,other
KGd2Cl7,-2.666276,-2.668373,2.097038,halide_only
KGe,-0.202145,-0.212630,10.485176,other
KGeBiS4,-0.907232,-0.910769,3.537286,other
KGeBr3,-1.387192,-1.391386,4.194177,halide_only
KGeCl3,-1.655681,-1.659875,4.193677,halide_only
KGeSbO5,-2.111481,-2.114102,2.620986,other
KHg,-0.261190,-0.247990,13.200112,other
KHg11,-0.100576,-0.082326,18.249859,other
KHg2,-0.296519,-0.280842,15.676831,other
KHg2Bi,0.466199,0.503724,37.525189,other
KHg3,-0.242266,-0.219947,22.318927,other
KHg5Br11,-0.952894,-0.955889,2.995434,halide_only
KHg5Cl11,-1.155105,-1.158101,2.996230,halide_only
KHg6,-0.166173,-0.152954,13.219477,other
KHgAs,-0.339322,-0.351977,12.655188,other
KHgF3,-2.198121,-2.203513,5.392095,halide_only
KHgI3,-0.991853,-0.997245,5.392435,halide_only
KHgSb,-0.454672,-0.424925,29.747111,other
KHoO2,-3.118592,-3.127652,9.060006,other
KHoO3,-2.306167,-2.313416,7.248570,other
KI,-1.669989,-1.680475,10.485679,halide_only
KI3F16,-2.100891,-2.101940,1.048879,halide_only
KIO2,-1.072630,-1.077873,5.242812,other
KIO3,-1.366623,-1.370817,4.194153,other
KIO4,-1.166622,-1.170117,3.494773,other
KIn(GeO3)2,-2.121083,-2.123929,2.846023,other
KIn(GeO3)4,-1.498128,-1.499709,1.580755,other
KIn(MoO4)2,-2.060741,-2.063113,2.371840,other
KIn(MoSe)6,-0.740690,-0.742723,2.032545,other
KIn(WO3)2,-1.863095,-1.865941,2.846021,other
KIn(WO3)4,-2.012550,-2.014131,1.581381,other
KIn(WO4)2,-2.135792,-2.138164,2.372101,other
KIn2F7,-2.900357,-2.903952,3.594818,halide_only
KIn3,-0.016859,-0.027719,10.860233,other
KIn4,-0.107645,-0.117831,10.185691,other
KIn5S8,-0.931459,-0.936174,4.714739,other
KIn7S8,-0.853801,-0.858862,5.061475,other
KInBr3,-1.519488,-1.525180,5.692329,halide_only
KInBr4,-1.534349,-1.539093,4.743694,halide_only
KInCl3,-1.722804,-1.728497,5.692535,halide_only
KInF3,-2.698433,-2.704125,5.692390,halide_only
KInI3,-1.049557,-1.055249,5.691820,halide_only
KInI4,-1.064429,-1.069172,4.743319,halide_only
KInO2,-1.911027,-1.918142,7.115393,other
KInO3,-1.274737,-1.280429,5.691896,other
KInS2,-1.182904,-1.190494,7.589541,other
KInSe2,-1.132914,-1.140029,7.114940,other
KInSnSe4,-0.941648,-0.945714,4.065794,other
KLa3,0.428275,0.428275,0.000225,other
KLaAu2,0.820681,0.815438,5.242617,other
KLu,0.569501,0.569501,0.000356,other
KLuO2,-3.180326,-3.185753,5.427176,other
KLuO3,-2.379097,-2.383438,4.341070,other
KMn(SeO4)2,-1.512845,-1.514593,1.747650,other
KMn16O32,-1.852636,-1.853064,0.428093,other
KMn2Cr2O10,-1.767815,-1.769213,1.397678,other
KMn2O4,-1.965231,-1.967759,2.527786,other
KMn3O6,-1.965371,-1.967468,2.096930,other
KMn4O8,-1.936673,-1.938286,1.612770,other
KMn5(SeO3)6,-1.655964,-1.656663,0.699228,other
KMn6O12,-1.920460,-1.921563,1.103477,other
KMn8O16,-1.899649,-1.900488,0.838725,other
KMnBi,-0.084200,-0.000169,84.030876,other
KMnBr3,-1.507498,-1.511692,4.194390,halide_only
KMnCl,-0.361074,-0.368064,6.989805,halide_only
KMnCl3,-1.814244,-1.818438,4.194226,halide_only
KMnCl3O2,-0.978834,-0.981830,2.996240,other
KMnF3,-3.015668,-3.019489,3.821384,halide_only
KMnF4,-2.947891,-2.951386,3.494744,halide_only
KMnIO6,-1.458062,-1.460393,2.330558,other
KMnO2,-1.946033,-1.951276,5.242665,other
KMnO3,-1.477517,-1.481711,4.194311,other
KMnO4,-1.453730,-1.457225,3.494633,other
KMnSb,-0.241651,-0.204368,37.283093,other
KMnSe2,-0.919266,-0.924509,5.243176,other
KMnVO4,-2.322389,-2.325385,2.995948,other
KMo2Cl7O2,-1.243334,-1.245082,1.747948,other
KMo3Br7,-1.223699,-1.225605,1.906219,halide_only
KMo5O13,-1.986945,-1.988049,1.103634,other
KMo6S7,-0.519576,-0.661026,141.450188,other
KMoCl4O,-1.354140,-1.357135,2.995408,other
KMoIO6,-1.633520,-1.635850,2.330121,other
KMoO3,-2.042556,-2.046750,4.194208,other
KMoO4,-1.796736,-1.800231,3.494982,other
KNb(CuS2)2,-1.082700,-1.085796,3.095611,other
KNb(CuSe2)2,-0.964864,-0.967485,2.620993,other
KNb13O33,-3.037137,-3.037583,0.446054,other
KNb2Cl11,-1.829764,-1.831262,1.497510,halide_only
KNb2O5,-2.819113,-2.821734,2.621221,other
KNb2Se,1.153556,1.148313,5.242914,other
KNb3CuO9,-2.656935,-2.658433,1.498404,other
KNb3F9,-2.779422,-2.781035,1.613256,halide_only
KNb3O8,-2.986959,-2.988706,1.747439,other
KNb4O5F,-2.608697,-2.610603,1.906058,other
KNb5O13,-3.000115,-3.001218,1.103255,other
KNb8O14,-2.761232,-2.762144,0.911522,other
KNbCl6,-1.892495,-1.895116,2.621454,halide_only
KNbF6,-3.413796,-3.416418,2.621790,halide_only
KNbO2F,-2.796389,-2.800583,4.193756,other
KNbO3,-2.852128,-2.856322,4.193836,other
KNbS2,-1.408758,-1.414475,5.716634,other
KNbSe2,-1.214663,-1.219905,5.242348,other
KNbV2O8,-2.583956,-2.585704,1.748019,other
KNd,0.438823,0.438823,0.000430,other
KNd2Br5,-1.980368,-1.982990,2.621707,halide_only
KNd3,0.447400,0.447400,0.000489,other
KNd3O6,-0.076302,-0.078399,2.097040,other
KNd3Te8,-1.338272,-1.425236,86.963847,other
KNdO2,-2.950170,-2.955413,5.243158,other
KNdTe2,-1.685043,-1.624005,61.037804,other
KNdTe4,-1.138163,-1.236088,97.924890,other
KNiF3,-2.635677,-2.639871,4.194488,halide_only
KO2,-0.997440,-0.987184,10.256232,other
KO2F,-0.559105,-0.564347,5.242225,other
KO3,-0.654829,-0.660071,5.242202,other
KO4F,-0.731846,-0.735341,3.494850,other
KOsO3,-1.625180,-1.629374,4.193726,other
KP,-0.536588,-0.412446,124.141892,other
KP15,-0.123339,-0.101146,22.193479,other
KPO3,-2.685668,-2.690296,4.628411,other
KPO4,-2.042663,-2.046520,3.856514,other
KPd2F5,-1.875603,-1.878224,2.620978,halide_only
KPdF3,-2.108685,-2.112879,4.193876,halide_only
KPr3,0.423983,0.423983,0.000259,other
KPr3Te8,-1.344888,-1.434056,89.168092,other
KPrO2,-2.913740,-2.922624,8.884422,other
KPrTe2,-1.684161,-1.626160,58.001280,other
KPrTe4,-1.140553,-1.239421,98.868440,other
KRhF6,-2.158974,-2.161595,2.621340,halide_only
KRuF6,-2.437449,-2.440070,2.621484,halide_only
KS,-1.099480,-1.183362,83.882291,other
KS2O3,-1.705522,-1.709333,3.811152,other
KS3,-0.618412,-0.896248,277.836158,other
KSO2,-1.745702,-1.751182,5.479535,other
KSO3,-2.075891,-2.080274,4.383469,other
KSO4,-1.840357,-1.844010,3.653075,other
KSO6,-0.757162,-0.759902,2.740038,other
KSb,-0.571137,-0.527035,44.102323,other
KSb(MoO4)2,-2.004925,-2.006673,1.747589,other
KSb(PO4)2,-2.456912,-2.459021,2.109084,other
KSb2,-0.391620,-0.427343,35.723156,other
KSb2F7,-2.805581,-2.807678,2.097274,other
KSb2PO8,-2.218783,-2.220711,1.928498,other
KSb3,0.143605,0.116813,26.791907,other
KSb3O5,-1.839133,-1.841463,2.330320,other
KSb4F13,-2.754385,-2.755550,1.165429,other
KSb5O13,-1.889657,-1.890761,1.103728,other
KSb5S8,-0.460628,-0.677034,216.406351,other
KSbCl6,-1.490856,-1.493477,2.621381,other
KSbClF3,-2.469872,-2.473368,3.495568,other
KSbF4,-2.871843,-2.875338,3.494750,other
KSbF6,-2.899663,-2.902284,2.620902,other
KSbMoO5,-2.036782,-2.039403,2.621103,other
KSbO2,-1.881456,-1.886699,5.243132,other
KSbO3,-2.049127,-2.053321,4.194329,other
KSbS2,-0.852868,-0.990554,137.685947,other
KSbSe2,-0.931564,-0.936806,5.242268,other
KSbWO6,-2.149048,-2.151378,2.329699,other
KSc2F7,-4.056073,-4.058170,2.096675,halide_only
KScF4,-3.909563,-3.913058,3.495338,halide_only
KScTl2F6,-3.129647,-3.133510,3.863274,halide_only
KSe,-1.167954,-1.178440,10.485808,other
KSe2O,-0.912311,-0.917554,5.242663,other
KSe3,-0.795693,-0.800936,5.242826,other
KSeO4,-1.277097,-1.280592,3.494875,other
KSm,0.469137,0.469137,0.000429,other
KSm2Cl5,-2.318136,-2.320757,2.621031,halide_only
KSm2Cl7,-2.671941,-2.674038,2.096834,halide_only
KSm3,0.481701,0.481701,0.000271,other
KSn,-0.280998,-0.291483,10.485226,other
KSn2,-0.151704,-0.158694,6.990104,other
KSn2Br5,-1.364867,-1.367488,2.621034,halide_only
KSn2Cl5,-1.635383,-1.638004,2.621421,halide_only
KSn2F5,-2.710867,-2.713489,2.621813,halide_only
KSn2I5,-0.961932,-0.964553,2.621372,halide_only
KSn3,-0.123304,-0.128547,5.242650,other
KSnBr3,-1.499010,-1.503205,4.194573,halide_only
KSnF3,-2.789307,-2.793501,4.193994,halide_only
KSnI3,-1.124101,-1.128295,4.193777,halide_only
KSnO2,-1.892574,-1.897816,5.242406,other
KSnS2,-0.944424,-0.950140,5.716311,other
KSnS4,-0.900028,-0.904155,4.126922,other
KSnSb,-0.391280,-0.398271,6.990659,other
KSnSe2,-0.910887,-0.916130,5.243029,other
KSr3,0.099260,0.099260,0.000394,other
KSrO3,-1.329765,-1.334546,4.781325,other
KTa(CuSe2)2,-0.968526,-0.972291,3.765333,other
KTa(GeO3)3,-2.480199,-2.482350,2.151474,other
KTa2O6,-2.946257,-2.950621,4.363706,other
KTa3CuO9,-2.904745,-2.908203,3.458459,other
KTa5O13,-3.291709,-3.295221,3.511588,other
KTaCl6,-1.980952,-1.984717,3.764592,halide_only
KTaF6,-3.595029,-3.598794,3.764779,halide_only
KTaGeO5,-2.748446,-2.752211,3.765288,other
KTaO3,-3.071588,-3.077612,6.023996,other
KTaS5,-1.165398,-1.170377,4.979489,other
KTaV2O8,-2.685779,-2.688289,2.510187,other
KTb2Cl7,-2.673096,-2.675893,2.796542,halide_only
KTe,-1.013553,-1.049812,36.258532,other
KTe2O9,-0.881860,-0.883607,1.747149,other
KTe3,-0.437425,-0.495675,58.249531,other
KTeO3,-1.638802,-1.642996,4.194297,other
KTeO4,-1.454653,-1.458148,3.494794,other
KTeO5,-0.864457,-0.867453,2.996002,other
KTeO7,-0.645271,-0.647601,2.329972,other
KTi16O32,-3.424676,-3.425104,0.428254,other
KTi2Bi,0.666152,0.732596,66.444435,other
KTi2BiO6,-2.731465,-2.733562,2.096596,other
KTi2F7,-3.532289,-3.534386,2.096931,halide_only
KTi3FeO8,-2.996780,-2.998393,1.612683,other
KTi4Cl11,-2.032575,-2.033886,1.310796,halide_only
KTi4O8,-3.327228,-3.328842,1.613587,other
KTi5Se8,-1.479307,-1.480805,1.497574,other
KTi6O12,-3.390187,-3.391290,1.103346,other
KTiBr3,-1.664500,-1.668694,4.193982,halide_only
KTiCl3,-2.008215,-2.012409,4.194291,halide_only
KTiF4,-3.495138,-3.498633,3.495164,halide_only
KTiI3,-1.198005,-1.202199,4.193707,halide_only
KTiO2F,-3.142114,-3.146308,4.193828,other
KTiO3,-2.662460,-2.666654,4.194352,other
KTiS2,-1.578426,-1.584142,5.716238,other
KTl,-0.101009,-0.115909,14.899973,other
KTl2,0.081590,0.068713,12.876712,other
KTl2Bi,-0.187777,-0.197434,9.657185,other
KTl2GaF6,-2.640400,-2.644263,3.862838,halide_only
KTl3,-0.068045,-0.079910,11.864762,other
KTlBr3,-1.342040,-1.348000,5.959573,halide_only
KTlBr4,-1.309054,-1.314021,4.966762,halide_only
KTlCl2,-1.784521,-1.791971,7.449685,halide_only
KTlCl3,-1.582051,-1.588011,5.960076,halide_only
KTlCl4,-1.544019,-1.548986,4.966648,halide_only
KTlF3,-2.438301,-2.444261,5.960415,halide_only
KTlF4,-2.493593,-2.498560,4.967091,halide_only
KTlHg2,0.487943,0.477497,10.445754,other
KTlI3,-0.973210,-0.979170,5.960403,halide_only
KTm,0.550622,0.550622,0.000315,other
KTm2Cl7,-2.653141,-2.656572,3.430514,halide_only
KV12O30,-2.233781,-2.234268,0.487202,other
KV13O20,-2.402938,-2.403555,0.617065,other
KV2(PO5)3,-2.114602,-2.115911,1.308624,other
KV2PO11,-1.562822,-1.564365,1.542564,other
KV2PO8,-2.493883,-2.495812,1.928658,other
KV2SbO8,-2.238696,-2.240443,1.747364,other
KV3(PO4)4,-2.654021,-2.655257,1.235757,other
KV3Cu5O13,-1.674848,-1.675801,0.953403,other
KV3Ge2O9,-2.378671,-2.380069,1.397845,other
KV3O7,-2.439887,-2.441793,1.906327,other
KV3O8,-2.361850,-2.363597,1.747219,other
KV3P4O17,-2.600049,-2.601236,1.186622,other
KV4O10,-2.360016,-2.361414,1.398153,other
KV4O8,-2.454623,-2.456236,1.612856,other
KV4P7O24,-2.696044,-2.697049,1.004662,other
KV5S8,-1.289077,-1.291116,2.039426,other
KV5Se8,-1.048844,-1.050342,1.498367,other
KV5ZnO22,-1.270966,-1.271689,0.722829,other
KV6O11,-2.472864,-2.474029,1.165466,other
KV6O14,-2.350084,-2.351082,0.998176,other
KVCl3,-1.839319,-1.843513,4.194067,halide_only
KVF3,-3.038636,-3.042831,4.194550,halide_only
KVF4,-3.224051,-3.227546,3.495492,halide_only
KVO2,-2.162612,-2.167855,5.242682,other
KVO3,-2.406671,-2.410865,4.194402,other
KVO4,-1.687827,-1.691322,3.494801,other
KVOF3,-2.978208,-2.981703,3.494983,other
KVOF4,-2.934741,-2.937737,2.996161,other
KVP2O7,-2.741560,-2.743861,2.301435,other
KVPO5,-2.651378,-2.654270,2.892364,other
KVPO6,-2.332273,-2.334844,2.570948,other
KW3Br7,-1.065319,-1.067226,1.906835,halide_only
KW5O13,-2.001990,-2.003093,1.103384,other
KWCl6,-1.591801,-1.594422,2.621027,halide_only
KWO3,-2.133689,-2.137883,4.193750,other
KY,0.499549,0.499549,0.000015,other
KZn13,-0.095411,-0.067203,28.208388,other
KZn4(SbO4)3,-1.920324,-1.921373,1.048678,other
KZn4SbO7,-1.877066,-1.878680,1.613617,other
KZnCl3O,-0.997256,-1.000751,3.495279,other
KZnCl3O2,-1.062248,-1.065244,2.995861,other
KZnF3,-2.811947,-2.816141,4.193958,halide_only
KZnO3,-0.938130,-0.942324,4.193910,other
KZnSb,-0.510801,-0.464237,46.564112,other
KZr2BiO6,-2.784352,-2.786449,2.097474,other
KZr4BiO12,-2.728004,-2.729169,1.165280,other
KZrF5,-3.802127,-3.805123,2.995887,halide_only
KZrO3,-2.795012,-2.799207,4.194554,other
KZrS2,-1.739138,-1.744855,5.716507,other
La14Au51,-0.663389,-0.663389,0.000483,other
La2Au,-0.553784,-0.553784,0.000210,other
La3Cl,-0.375472,-0.375472,0.000111,halide_only
LaAu,-0.824409,-0.824409,0.000465,other
LaAu2,-0.805863,-0.805863,0.000350,other
LaAu3,-0.683693,-0.683693,0.000155,other
LaCl,-1.794302,-1.794302,0.000112,halide_only
LaCl3,-2.867233,-2.867233,0.000115,halide_only
Li(WO2)2,-1.807185,-1.807185,0.000349,other
Li(WO3)2,-2.190926,-2.190926,0.000325,other
Li11V16O32,-2.476581,-2.476581,0.000458,other
Li11V8(PO4)12,-2.714358,-2.714688,0.329631,other
Li12(WO4)7,-2.219213,-2.219213,0.000295,other
Li12Cr5O16,-2.142771,-2.142771,0.000227,other
Li12Cu11As12,-0.441817,-0.374390,67.426715,other
Li13In3,-0.255295,-0.206057,49.238276,other
Li13V24O52,-2.420091,-2.420091,0.000245,other
Li14Cr9(P2O7)8,-2.589670,-2.590036,0.365953,other
Li14V9(P2O7)8,-2.634264,-2.634630,0.365594,other
Li14W7O32,-1.640373,-1.640373,0.000128,other
Li15Cr2O12,-2.064142,-2.064142,0.000417,other
Li15V6(P8O29)2,-2.701166,-2.701531,0.365351,other
Li17(WO3)19,-2.103150,-2.103150,0.000166,other
Li17Ag12F29,-2.252397,-2.254545,2.148203,halide_only
Li17Cr2O12,-2.076070,-2.076070,0.000305,other
Li17V16O32,-2.444152,-2.444152,0.000373,other
Li19V12O32,-2.441651,-2.441651,0.000251,other
Li21V20O40,-2.434278,-2.434278,0.000441,other
Li27As10,-0.795233,-0.668104,127.128718,other
Li27Sb10,-0.712865,-0.656133,56.732258,other
Li2Ag3F6,-1.920110,-1.922941,2.831051,halide_only
Li2AgF3,-2.482833,-2.484563,1.729985,halide_only
Li2AgF4,-2.388520,-2.390003,1.482864,halide_only
Li2AgF5,-2.240722,-2.242020,1.297696,halide_only
Li2AgF6,-2.070299,-2.071452,1.153186,halide_only
Li2Al,-0.181433,-0.162917,18.516164,other
Li2AlAg,-0.247168,-0.246353,0.814684,other
Li2AlAgF6,-2.772988,-2.774027,1.038617,halide_only
Li2Cr(PO3)4,-2.613525,-2.613982,0.457148,other
Li2Cr(PO3)5,-2.622655,-2.623127,0.472369,other
Li2Cr(PO3)8,-2.399690,-2.400186,0.496129,other
Li2Cr(PO4)2,-2.527643,-2.527977,0.334216,other
Li2Cr2(PO4)3,-2.567450,-2.567793,0.342773,other
Li2Cr2O7,-1.879422,-1.879422,0.000357,other
Li2Cr2O9,-1.193960,-1.193960,0.000339,other
Li2Cr2P2O9,-2.554942,-2.555232,0.289523,other
Li2Cr3(P2O7)2,-2.563970,-2.564348,0.377782,other
Li2Cr3O10,-1.704335,-1.704335,0.000493,other
Li2Cr3O6,-2.254454,-2.254454,0.000253,other
Li2Cr3P5O18,-2.559993,-2.560381,0.387508,other
Li2Cr3P9O28,-2.582763,-2.583228,0.465097,other
Li2Cr3TeO8,-2.171038,-2.171038,0.000471,other
Li2Cr3WO8,-2.342887,-2.342887,0.000431,other
Li2Cr4O13,-1.730490,-1.730490,0.000489,other
Li2Cr4P4O15,-2.460669,-2.461017,0.347660,other
Li2Cr5(PO4)4,-2.499005,-2.499327,0.321749,other
Li2Cr5O12,-1.987308,-1.987308,0.000299,other
Li2CrO2,-2.089189,-2.089189,0.000371,other
Li2CrO3,-2.248970,-2.248970,0.000233,other
Li2CrO4,-2.088274,-2.088274,0.000172,other
Li2CrP2O7,-2.659534,-2.659896,0.361692,other
Li2CrP3O10,-2.623973,-2.624380,0.407105,other
Li2CrP4O13,-2.546216,-2.546650,0.433861,other
Li2CrPO5,-2.556824,-2.557066,0.241502,other
Li2CrPO6,-2.319461,-2.319678,0.217351,other
Li2CrTeO6,-1.918175,-1.918175,0.000221,other
Li2CrWO6,-2.206563,-2.206563,0.000142,other
Li2Cu2F5,-2.266618,-2.266618,0.000341,halide_only
Li2Cu2F7,-2.267706,-2.267706,0.000095,halide_only
Li2Cu3F11,-2.006046,-2.006046,0.000426,halide_only
Li2Cu3F7,-2.122312,-2.122312,0.000179,halide_only
Li2Cu3F8,-2.188216,-2.188216,0.000206,halide_only
Li2Cu3F9,-2.140536,-2.140536,0.000448,halide_only
Li2Cu5F12,-2.074753,-2.074753,0.000142,halide_only
Li2Cu7F16,-1.944721,-1.944721,0.000337,halide_only
Li2CuAs,-0.606365,-0.518854,87.511358,other
Li2CuAsF6,-2.120763,-2.121863,1.100013,other
Li2CuF4,-2.587178,-2.569578,17.600344,halide_only
Li2CuF5,-2.453336,-2.453336,0.000374,halide_only
Li2CuF6,-2.222214,-2.222214,0.000112,halide_only
Li2CuSb,-0.485565,-0.468223,17.342188,other
Li2CuSbCl6,-1.235485,-1.235485,0.000161,other
Li2In,-0.369419,-0.287543,81.875996,other
Li2InCuCl6,-1.340918,-1.341667,0.749470,halide_only
Li2NiAgF6,-2.078132,-2.079171,1.038529,halide_only
Li2NiF4,-2.809083,-2.809083,0.000267,halide_only
Li2O,-2.061598,-2.061598,0.000086,other
Li2O2,-1.650170,-1.650170,0.000237,other
Li2Sb,-0.677205,-0.637174,40.031034,other
Li2Te,-1.178087,-1.178087,0.000076,other
Li2Te2O5,-1.849478,-1.849478,0.000042,other
Li2TeO3,-2.021366,-2.021366,0.000328,other
Li2TeO4,-1.949831,-1.949831,0.000426,other
Li2V(PO3)4,-2.642315,-2.642772,0.456723,other
Li2V(PO3)5,-2.646455,-2.646927,0.471857,other
Li2V(PO4)2,-2.658300,-2.658634,0.334481,other
Li2V12O29,-2.330590,-2.330590,0.000394,other
Li2V18O39,-2.408374,-2.408374,0.000320,other
Li2V2(PO4)3,-2.695738,-2.696081,0.343034,other
Li2V2P2O11,-2.515288,-2.515544,0.255713,other
Li2V2P2O9,-2.619034,-2.619323,0.289154,other
Li2V3(P2O7)2,-2.633850,-2.634227,0.377143,other
Li2V3(PO4)3,-2.602147,-2.602472,0.325257,other
Li2V3O6,-2.470884,-2.470884,0.000035,other
Li2V3O7,-2.429857,-2.429857,0.000302,other
Li2V3O8,-2.402316,-2.402316,0.000095,other
Li2V3P5O18,-2.636454,-2.636841,0.387421,other
Li2V3P9O28,-2.625360,-2.625825,0.464881,other
Li2V4P4O15,-2.559559,-2.559907,0.347755,other
Li2V5(PO4)4,-2.545081,-2.545402,0.321229,other
Li2V5O10,-2.456311,-2.456311,0.000347,other
Li2V5O12,-2.439174,-2.439174,0.000223,other
Li2V6O13,-2.427299,-2.427299,0.000235,other
Li2V6O15,-2.369821,-2.369821,0.000124,other
Li2VO2,-2.051847,-2.051847,0.000119,other
Li2VO3,-2.477306,-2.477306,0.000122,other
Li2VP2O7,-2.672170,-2.672532,0.362178,other
Li2VP3O10,-2.661731,-2.662138,0.406744,other
Li2VP4O13,-2.618939,-2.619373,0.434167,other
Li2VPO5,-2.626923,-2.627165,0.241658,other
Li2VPO6,-2.572075,-2.572292,0.217046,other
Li2W2O7,-2.281434,-2.281434,0.000158,other
Li2WO12,-0.750129,-0.750129,0.000073,other
Li2WO4,-2.352370,-2.352370,0.000270,other
Li3(WO3)8,-2.206383,-2.206383,0.000199,other
Li3Ag,-0.122345,-0.157022,34.676787,other
Li3Ag2,-0.144522,-0.196558,52.035969,other
Li3Ag2F5,-2.292707,-2.294784,2.076558,halide_only
Li3AgF4,-2.588944,-2.590242,1.297544,halide_only
Li3Al,-0.077579,-0.079682,2.103195,other
Li3Al2,-0.205847,-0.185178,20.668526,other
Li3AlF6,-3.480773,-3.480773,0.000371,halide_only
Li3As,-0.841233,-0.711879,129.354453,other
Li3As7,-0.352001,-0.290857,61.144032,other
Li3AsF6,-2.721629,-2.722729,1.100196,other
Li3Cr,0.388835,0.388835,0.000452,other
Li3Cr(PO3)8,-2.493898,-2.494381,0.482667,other
Li3Cr(PO4)2,-2.669190,-2.669501,0.310555,other
Li3Cr2(PO4)3,-2.667553,-2.667878,0.325246,other
Li3Cr2P5O16,-2.605252,-2.605669,0.417239,other
Li3Cr2P5O18,-2.492387,-2.492774,0.387188,other
Li3Cr3(PO4)4,-2.632813,-2.633147,0.334297,other
Li3Cr4(PO4)6,-2.512856,-2.513208,0.351563,other
Li3Cr4O8,-2.315753,-2.315753,0.000170,other
Li3Cr4P5O24,-2.265458,-2.265759,0.301195,other
Li3Cr4P9O32,-2.476605,-2.477012,0.407226,other
Li3Cr4PO19,-1.449356,-1.449436,0.080244,other
Li3Cr5O10,-2.241348,-2.241348,0.000413,other
Li3Cr5O8,-2.231450,-2.231450,0.000002,other
Li3CrO3,-2.191608,-2.191608,0.000054,other
Li3CrO4,-2.180160,-2.180160,0.000156,other
Li3CrP2O9,-2.448639,-2.448929,0.289923,other
Li3Cu,0.056219,0.010372,45.847172,other
Li3Cu2F7,-2.435407,-2.435407,0.000178,halide_only
Li3Cu2F8,-2.402542,-2.402542,0.000266,halide_only
Li3Cu4F15,-2.044748,-2.044748,0.000138,halide_only
Li3Cu4F9,-2.140388,-2.140388,0.000197,halide_only
Li3CuF4,-2.626062,-2.626062,0.000157,halide_only
Li3CuF5,-2.640572,-2.640572,0.000286,halide_only
Li3CuF6,-2.608482,-2.607972,0.509689,halide_only
Li3In,-0.299055,-0.240435,58.620095,other
Li3In2,-0.388714,-0.294131,94.583472,other
Li3InCl6,-1.872355,-1.873104,0.749493,halide_only
Li3Ni,0.093283,0.093283,0.000325,other
Li3NiF6,-2.680345,-2.680345,0.000026,halide_only
Li3P,-0.809361,-0.696573,112.787913,other
Li3P7,-0.426096,-0.359572,66.524005,other
Li3PO4,-2.753226,-2.753498,0.271560,other
Li3Sb,-0.752113,-0.679877,72.236225,other
Li3SbCl6,-1.520274,-1.520274,0.000468,other
Li3Te,-0.814818,-0.814818,0.000063,other
Li3V(PO4)2,-2.708453,-2.708764,0.310629,other
Li3V12O29,-2.373685,-2.373685,0.000415,other
Li3V2(PO4)3,-2.727607,-2.727932,0.325289,other
Li3V24O58,-2.340348,-2.340348,0.000043,other
Li3V2O6,-2.414966,-2.414966,0.000436,other
Li3V2P5O16,-2.644085,-2.644502,0.417080,other
Li3V2P5O18,-2.596222,-2.596609,0.387419,other
Li3V3(PO4)4,-2.710003,-2.710337,0.334085,other
Li3V3O8,-2.423795,-2.423795,0.000278,other
Li3V3P8O29,-2.532503,-2.532907,0.403593,other
Li3V4(PO4)6,-2.665296,-2.665648,0.352311,other
Li3V4O8,-2.466463,-2.466463,0.000083,other
Li3V4P9O32,-2.618812,-2.619219,0.406916,other
Li3V5(PO4)6,-2.659988,-2.660331,0.343245,other
Li3V5O10,-2.468909,-2.468909,0.000197,other
Li3V5O12,-2.460185,-2.460185,0.000432,other
Li3V5O14,-2.287017,-2.287017,0.000242,other
Li3V5O8,-2.365107,-2.365107,0.000411,other
Li3V5P7O29,-2.605574,-2.605919,0.345162,other
Li3V6O13,-2.419932,-2.419932,0.000427,other
Li3V6O16,-2.378692,-2.378692,0.000086,other
Li3V7O12,-2.430557,-2.430557,0.000024,other
Li3V8O11,-2.243434,-2.243434,0.000117,other
Li3V8O16,-2.460583,-2.460583,0.000140,other
Li3VO12,-0.775811,-0.775811,0.000391,other
Li3VO4,-2.502745,-2.502745,0.000246,other
Li3VP3O11,-2.620215,-2.620577,0.361636,other
Li3W,0.975248,0.975248,0.000205,other
Li4Cr(PO4)2,-2.624605,-2.624894,0.289343,other
Li4Cr(PO4)3,-2.482280,-2.482606,0.325860,other
Li4Cr(TeO4)3,-1.889487,-1.889487,0.000189,other
Li4Cr(WO4)3,-2.298027,-2.298027,0.000053,other
Li4Cr2(PO4)3,-2.624569,-2.624879,0.310067,other
Li4Cr3O8,-2.174675,-2.174675,0.000036,other
Li4Cr3P4O15,-2.565120,-2.565454,0.333845,other
Li4Cr5(P3O11)2,-2.532606,-2.532958,0.352308,other
Li4Cr5O10,-2.326938,-2.326938,0.000172,other
Li4Cr5WO12,-2.299219,-2.299219,0.000330,other
Li4Cr7(PO4)6,-2.471094,-2.471412,0.317530,other
Li4CrO4,-2.178241,-2.178241,0.000171,other
Li4CrO5,-2.059534,-2.059534,0.000435,other
Li4CrP2O9,-2.579133,-2.579404,0.271377,other
Li4Cu3F10,-2.363198,-2.363198,0.000382,halide_only
Li4Cu3F12,-2.271927,-2.271927,0.000396,halide_only
Li4Cu5F17,-2.164106,-2.164106,0.000040,halide_only
Li4CuF5,-2.696341,-2.696341,0.000432,halide_only
Li4CuF7,-2.662407,-2.662407,0.000241,halide_only
Li4P2O7,-2.743523,-2.743857,0.333606,other
Li4P4O17,-1.754768,-1.755115,0.347006,other
Li4TeO5,-2.104245,-2.104245,0.000064,other
Li4V(PO3)6,-2.608693,-2.609142,0.448717,other
Li4V(PO4)2,-2.653667,-2.653957,0.289545,other
Li4V11O22,-2.424378,-2.424378,0.000172,other
Li4V2(PO4)3,-2.683387,-2.683697,0.309839,other
Li4V3O8,-2.454901,-2.454901,0.000194,other
Li4V3P4O15,-2.605405,-2.605739,0.333698,other
Li4V3P8O29,-2.582965,-2.583360,0.394724,other
Li4V5(P3O11)2,-2.605321,-2.605673,0.352273,other
Li4V5O10,-2.457558,-2.457558,0.000102,other
Li4V5O12,-2.426930,-2.426930,0.000152,other
Li4V7(PO4)6,-2.537320,-2.537638,0.318018,other
Li4V7O12,-2.409875,-2.409875,0.000364,other
Li4V9O18,-2.434383,-2.434383,0.000311,other
Li4VP2O9,-2.637617,-2.637889,0.271509,other
Li4WO5,-2.370661,-2.370661,0.000099,other
Li4WO6,-1.989194,-1.989194,0.000012,other
Li5AgF8,-2.622019,-2.622760,0.741498,halide_only
Li5Cr(P2O7)2,-2.640868,-2.641229,0.361357,other
Li5Cr2O8,-2.073916,-2.073916,0.000146,other
Li5Cr2P5O18,-2.662172,-2.662534,0.361950,other
Li5Cr3(PO4)4,-2.633339,-2.633649,0.309868,other
Li5Cr4O8,-2.219202,-2.219202,0.000132,other
Li5Cr5O12,-2.164624,-2.164624,0.000152,other
Li5Cr6P5O24,-2.524692,-2.524964,0.271572,other
Li5CrO4,-2.098357,-2.098357,0.000120,other
Li5CrO5,-2.079469,-2.079469,0.000438,other
Li5Cu3F14,-2.301631,-2.301631,0.000444,halide_only
Li5CuF6,-2.770827,-2.770827,0.000146,halide_only
Li5CuF8,-2.766078,-2.766078,0.000119,halide_only
Li5In4,-0.387571,-0.282096,105.475419,other
Li5V(P2O7)2,-2.669056,-2.669418,0.361858,other
Li5V(PO4)3,-2.621365,-2.621675,0.309958,other
Li5V12O32,-2.360002,-2.360002,0.000474,other
Li5V18O44,-2.367652,-2.367652,0.000328,other
Li5V2P5O18,-2.707321,-2.707683,0.362281,other
Li5V3P8O29,-2.620356,-2.620742,0.386331,other
Li5V4(PO4)6,-2.709274,-2.709608,0.333931,other
Li5V4O8,-2.340223,-2.340223,0.000284,other
Li5V5O12,-2.452033,-2.452033,0.000081,other
Li5V7O12,-2.379099,-2.379099,0.000412,other
Li5VP2O9,-2.658293,-2.658548,0.255326,other
Li5VP3O11,-2.660752,-2.661078,0.325928,other
Li5W2O7,-2.210055,-2.210055,0.000266,other
Li6Ag3F10,-2.403736,-2.405375,1.639055,halide_only
Li6Cr2O7,-2.167338,-2.167338,0.000154,other
Li6Cr3P8O29,-2.556497,-2.556874,0.377194,other
Li6Cr5(P2O7)4,-2.572642,-2.573012,0.369995,other
Li6Cr5O12,-2.241557,-2.241557,0.000214,other
Li6Cr9(PO4)8,-2.530010,-2.530325,0.315323,other
Li6CrO4,-1.987594,-1.987594,0.000371,other
Li6CrO6,-1.994272,-1.994272,0.000323,other
Li6Cu5F14,-2.309382,-2.309382,0.000219,halide_only
Li6CuF8,-2.857244,-2.857244,0.000225,halide_only
Li6Te2O9,-1.946586,-1.946586,0.000233,other
Li6TeO6,-2.132091,-2.132091,0.000298,other
Li6V3P8O29,-2.662222,-2.662600,0.378039,other
Li6V5(P2O7)4,-2.619706,-2.620075,0.369243,other
Li6V5O12,-2.459062,-2.459062,0.000330,other
Li6V9(PO4)8,-2.556487,-2.556802,0.315461,other
Li6W2O9,-2.310243,-2.310243,0.000154,other
Li6WO6,-2.264167,-2.264167,0.000152,other
Li7Al6,1.577109,1.604037,26.928244,other
Li7Cr2O8,-2.134671,-2.134671,0.000467,other
Li7Cr2P7O24,-2.630208,-2.630588,0.379686,other
Li7Cr3(WO8)2,-2.211300,-2.211300,0.000163,other
Li7Cr4P9O32,-2.636862,-2.637237,0.375266,other
Li7Cr5O12,-2.298039,-2.298039,0.000270,other
Li7Cr7(P4O17)2,-2.544918,-2.545228,0.310464,other
Li7CrO6,-2.073353,-2.073353,0.000044,other
Li7V16(PO4)24,-2.627890,-2.628255,0.364840,other
Li7V2P7O24,-2.662604,-2.662984,0.380168,other
Li7V3P8O29,-2.692518,-2.692887,0.369443,other
Li7V4(PO4)6,-2.699123,-2.699441,0.317957,other
Li7V4P9O32,-2.687865,-2.688240,0.375305,other
Li7V5O12,-2.475637,-2.475637,0.000137,other
Li7V7(P4O17)2,-2.609505,-2.609815,0.309679,other
Li7V8(PO4)12,-2.687042,-2.687390,0.347687,other
Li7VP4,-0.322475,-0.225481,96.994298,other
Li7W5O16,-2.219586,-2.219586,0.000397,other
Li8Ag5,-0.165074,-0.202807,37.732745,other
Li8Cr2O9,-2.085890,-2.085890,0.000380,other
Li8Cr3TeO12,-2.149037,-2.149037,0.000045,other
Li8CrO6,-2.135592,-2.135592,0.000389,other
Li8PO3,-1.443971,-1.444152,0.180557,other
Li8Te2O9,-2.049378,-2.049378,0.000088,other
Li8TeO6,-1.969396,-1.969396,0.000036,other
Li8V11O22,-2.461486,-2.461486,0.000437,other
Li8V3P8O29,-2.726913,-2.727275,0.361844,other
Li8VO6,-2.209285,-2.209285,0.000109,other
Li8WO6,-2.117255,-2.117255,0.000040,other
Li9Ag4,-0.132651,-0.168638,35.986623,other
Li9Al4,-0.168604,-0.144831,23.772609,other
Li9Cr19O48,-1.974754,-1.974754,0.000468,other
Li9Cr3(WO4)7,-2.211536,-2.211536,0.000277,other
Li9Cr3P8O29,-2.701588,-2.701942,0.354374,other
Li9Cr5O12,-2.262725,-2.262725,0.000332,other
Li9V14O35,-2.420060,-2.420060,0.000315,other
Li9V19O48,-2.411680,-2.411680,0.000341,other
Li9V21O40,-2.507325,-2.507325,0.000243,other
Li9V3P8O29,-2.729611,-2.729965,0.354479,other
Li9V4(PO4)6,-2.646476,-2.646779,0.303185,other
Li9V6(P8O29)2,-2.593304,-2.593695,0.390646,other
LiAg,-0.180452,-0.221769,41.317010,other
LiAg2F4,-1.840840,-1.843806,2.966347,halide_only
LiAg2F5,-1.787291,-1.789887,2.595880,halide_only
LiAg2F6,-1.776904,-1.779211,2.306659,halide_only
LiAg3,-0.128798,-0.147963,19.165328,other
LiAg3F8,-1.636346,-1.638942,2.595907,halide_only
LiAg5F12,-1.581066,-1.583950,2.883865,halide_only
LiAgF2,-2.172412,-2.175007,2.595072,halide_only
LiAgF3,-2.077264,-2.079340,2.076031,halide_only
LiAgF4,-1.983872,-1.985602,1.730068,halide_only
LiAgF6,-1.512873,-1.514171,1.297622,halide_only
LiAl,-0.208479,-0.177639,30.840283,other
LiAl2,0.227010,0.240784,13.774096,other
LiAl3,-0.093290,-0.098998,5.707818,other
LiAlAg2,-0.237831,-0.250849,13.018477,other
LiAs,-0.588209,-0.486302,101.906908,other
LiAs3,-0.001993,0.048960,50.953430,other
LiAsF6,-2.692433,-2.693808,1.375382,other
LiCl,-2.136924,-2.136924,0.000284,halide_only
LiCr(PO3)3,-2.600927,-2.601392,0.465221,other
LiCr(PO3)4,-2.641371,-2.641853,0.482173,other
LiCr(PO3)5,-2.503408,-2.503902,0.493858,other
LiCr(PO4)2,-2.368053,-2.368415,0.361887,other
LiCr(WO4)2,-2.274192,-2.274192,0.000492,other
LiCr10O15,-2.234092,-2.234092,0.000045,other
LiCr2(PO3)5,-2.552454,-2.552926,0.472396,other
LiCr2(PO4)2,-2.536639,-2.536973,0.334199,other
LiCr2(PO4)3,-2.466843,-2.467205,0.361893,other
LiCr2(PO5)2,-2.306300,-2.306589,0.289122,other
LiCr2O3,-2.187621,-2.187621,0.000084,other
LiCr2O4,-2.258352,-2.258352,0.000125,other
LiCr2O5,-1.970943,-1.970943,0.000045,other
LiCr2P2O9,-2.517753,-2.518063,0.309924,other
LiCr2P3O10,-2.563864,-2.564271,0.406833,other
LiCr2P3O11,-2.597094,-2.597478,0.383556,other
LiCr2P3O13,-2.278649,-2.278992,0.342677,other
LiCr2P5O16,-2.631152,-2.631604,0.452493,other
LiCr3(P3O10)2,-2.558917,-2.559351,0.433741,other
LiCr3O4,-2.055588,-2.055588,0.000175,other
LiCr3O8,-1.908161,-1.908161,0.000301,other
LiCr3O9,-1.696575,-1.696575,0.000174,other
LiCr3P3O13,-2.520575,-2.520901,0.325702,other
LiCr3P4O15,-2.573797,-2.574175,0.377581,other
LiCr4(PO4)3,-2.498656,-2.498981,0.325428,other
LiCr4O12,-1.611580,-1.611580,0.000167,other
LiCr4P7O24,-2.594289,-2.594711,0.422405,other
LiCr6O11,-2.152000,-2.152000,0.000158,other
LiCr6P7O24,-2.530631,-2.531031,0.400126,other
LiCrO2,-2.408622,-2.408622,0.000147,other
LiCrO3,-1.666736,-1.666736,0.000376,other
LiCrP2O7,-2.674344,-2.674739,0.394966,other
LiCrP4O13,-2.407410,-2.407867,0.456779,other
LiCrPO4,-2.566351,-2.566662,0.310534,other
LiCrPO5,-2.451406,-2.451677,0.271279,other
LiCu2F4,-2.004385,-2.004385,0.000044,halide_only
LiCu2F5,-2.114117,-2.114117,0.000211,halide_only
LiCu2F6,-2.104888,-2.104888,0.000317,halide_only
LiCu2F7,-1.916864,-1.927755,10.890681,halide_only
LiCu3,-0.011275,-0.034679,23.403723,other
LiCu3F10,-1.806939,-1.806939,0.000481,halide_only
LiCu3F7,-2.028434,-2.028434,0.000148,halide_only
LiCu5F12,-1.959687,-1.959687,0.000416,halide_only
LiCuF2,-2.255026,-2.255026,0.000316,halide_only
LiCuF3,-2.340794,-2.340794,0.000136,halide_only
LiCuF4,-2.210320,-2.210320,0.000111,halide_only
LiF,-3.164395,-3.164395,0.000454,halide_only
LiF3,-1.430768,-1.430768,0.000243,halide_only
LiIn,-0.366300,-0.254931,111.368991,other
LiIn2,-0.068373,-0.033092,35.280967,other
LiIn2Cu,1.105336,1.180317,74.980827,other
LiIn3,-0.211122,-0.131632,79.490187,other
LiInCu2,1.241890,1.297008,55.117797,other
LiNi3,0.062328,0.021704,40.624066,other
LiNiF3,-2.645979,-2.645979,0.000110,halide_only
LiO2,-1.042903,-1.042903,0.000046,other
LiO3,-0.624859,-0.624859,0.000470,other
LiO8,-0.427069,-0.427069,0.000088,other
LiP,-0.616667,-0.523253,93.413980,other
LiP3,0.296449,0.354098,57.648702,other
LiP5,-0.239052,-0.193477,45.574802,other
LiP7,-0.190701,-0.155240,35.460875,other
LiPO3,-2.702727,-2.703161,0.434497,other
LiPO4,-1.845858,-1.846220,0.362101,other
LiSb3,-0.206544,-0.191533,15.011302,other
LiTe3,-0.697008,-0.697008,0.000481,other
LiTeO3,-1.750683,-1.750683,0.000213,other
LiV(PO3)3,-2.640005,-2.640470,0.465074,other
LiV(PO3)4,-2.671969,-2.672451,0.482138,other
LiV(PO3)5,-2.566719,-2.567213,0.493658,other
LiV(PO4)2,-2.551501,-2.551863,0.362255,other
LiV18O44,-2.294589,-2.294589,0.000301,other
LiV2(PO3)5,-2.392770,-2.588048,195.277749,other
LiV2(PO4)2,-2.656684,-2.657018,0.333562,other
LiV2(PO4)3,-2.654986,-2.655348,0.362154,other
LiV24O58,-2.302564,-2.302564,0.000145,other
LiV2O4,-2.507836,-2.507836,0.000168,other
LiV2O5,-2.454241,-2.454241,0.000289,other
LiV2P2O9,-2.670338,-2.670649,0.310521,other
LiV2P3O10,-2.624958,-2.625365,0.406763,other
LiV2P3O11,-2.673883,-2.674266,0.383462,other
LiV2P5O16,-2.683901,-2.684353,0.451846,other
LiV2PO7,-2.536439,-2.536636,0.197299,other
LiV3(P3O10)2,-2.644551,-2.644985,0.434098,other
LiV3O4,-2.288865,-2.288865,0.000376,other
LiV3O6,-2.483645,-2.483645,0.000459,other
LiV3O8,-2.343563,-2.343563,0.000037,other
LiV3P3O11,-2.545199,-2.545561,0.362125,other
LiV3P3O13,-2.671769,-2.672095,0.326060,other
LiV3P5O19,-2.565811,-2.566198,0.387196,other
LiV4(PO4)3,-2.543793,-2.544119,0.325683,other
LiV4O10,-2.352642,-2.352642,0.000369,other
LiV4O8,-2.442680,-2.442680,0.000138,other
LiV4P7O24,-2.674275,-2.674697,0.422156,other
LiV5O10,-2.432543,-2.432543,0.000037,other
LiV6O13,-2.415388,-2.415388,0.000121,other
LiV6O15,-2.327483,-2.327483,0.000293,other
LiV6P7O24,-2.595843,-2.596242,0.399443,other
LiV8O16,-2.360774,-2.360774,0.000143,other
LiV9O22,-2.308599,-2.308599,0.000109,other
LiVO2,-2.493781,-2.493781,0.000042,other
LiVO3,-2.427957,-2.427194,0.762599,other
LiVP2O7,-2.718354,-2.718748,0.394441,other
LiVP4O13,-2.524127,-2.524584,0.456879,other
LiVPO4,-2.642383,-2.642693,0.309960,other
LiVPO5,-2.666295,-2.666567,0.271671,other
LiW3,0.494703,0.494703,0.000219,other
LiWO2,-1.749118,-1.749118,0.000102,other
Lu11Te4,-0.732502,-0.733043,0.540740,other
Lu2(TeO3)3,-2.488985,-2.489090,0.105069,other
Lu2Au,-0.777441,-0.676162,101.279328,other
Lu2O3,-4.123784,-4.124078,0.294344,other
Lu2Te3,-1.594138,-1.594433,0.294845,other
Lu2Te4O11,-2.311377,-2.311463,0.086440,other
Lu2Te5O13,-2.206744,-2.206818,0.073837,other
Lu2TeO6,-3.062371,-3.062535,0.164210,other
Lu6TeO12,-3.651567,-3.651800,0.233170,other
Lu7Te,-0.355294,-0.355938,0.644350,other
Lu8Te,-0.326638,-0.327293,0.655039,other
LuAu,-0.986700,-0.904524,82.176030,other
LuAu2,-0.974849,-0.891509,83.339893,other
LuAu3,-0.788046,-0.722182,65.864486,other
LuAu4,-0.657346,-0.603987,53.358574,other
LuCl3,-2.657564,-2.657748,0.184317,halide_only
LuO2,-3.244072,-3.244318,0.245693,other
LuO3,-2.011762,-2.011946,0.184180,other
LuTe,-1.340312,-1.340680,0.368028,other
LuTe2,-1.298998,-1.299244,0.245739,other
LuTe3,-1.145173,-1.145357,0.184151,other
Mn(Bi3O5)4,-1.620599,-1.620599,0.000381,other
Mn(Bi5O8)5,-1.618435,-1.618435,0.000057,other
Mn(BiSe2)2,-0.595191,-0.653622,58.431207,other
Mn(ClO)2,-0.397276,-0.397276,0.000208,other
Mn(CrS2)2,-0.984722,-0.985264,0.542106,other
Mn(CuCl2)2,-1.010049,-1.010049,0.000433,halide_only
Mn(FeO2)2,-1.836117,-1.836117,0.000058,other
Mn(IO2)2,-0.811315,-0.811315,0.000063,other
Mn(IO3)2,-1.165003,-1.165003,0.000000,other
Mn(InS2)2,-0.888208,-0.855461,32.747394,other
Mn(NbS2)2,-1.046547,-1.047088,0.541242,other
Mn(NbS2)3,-1.365316,-1.365884,0.568360,other
Mn(NbS2)4,-1.375456,-1.376039,0.583129,other
Mn(NbSe2)3,-0.864075,-1.061597,197.522454,other
Mn(NbSe2)4,-1.039549,-1.137678,98.128974,other
Mn(O2F)2,-1.092573,-1.092573,0.000269,other
Mn(SO4)2,-1.706180,-1.706353,0.172810,other
Mn(SO6)2,-0.811237,-0.811364,0.126580,other
Mn(SbO2)2,-1.852239,-1.852239,0.000185,other
Mn(SbO3)2,-1.979092,-1.979092,0.000132,other
Mn(SbO3)4,-1.729143,-1.729143,0.000318,other
Mn(SbS2)2,-0.517674,-0.630338,112.663931,other
Mn(SbSe2)2,-0.495500,-0.579753,84.252633,other
Mn(SeO3)2,-1.427936,-1.427936,0.000081,other
Mn11Ge8,-0.103923,-0.103923,0.000383,other
Mn11In25O48,-1.987851,-1.990080,2.228981,other
Mn12O17F7,-2.071318,-2.071318,0.000277,other
Mn12O5F19,-2.662047,-2.662047,0.000464,other
Mn12O7F17,-2.577029,-2.577029,0.000490,other
Mn13Cr3O32,-1.776792,-1.776792,0.000019,other
Mn13Fe11O32,-1.849856,-1.849856,0.000212,other
Mn13Fe3O32,-1.653843,-1.653843,0.000374,other
Mn14Sb13,-0.279376,-0.107261,172.115440,other
Mn15(Br3O10)2,-1.749815,-1.749815,0.000472,other
Mn15CrO32,-1.771667,-1.771667,0.000020,other
Mn15O32,-1.627587,-1.627587,0.000334,other
Mn16Bi16O45,-1.792045,-1.792045,0.000080,other
Mn17Fe13O40,-1.861521,-1.861521,0.000330,other
Mn19Fe17O48,-1.830351,-1.830351,0.000314,other
Mn2(SO4)3,-1.880867,-1.881034,0.167308,other
Mn2(SeO4)3,-1.018950,-1.018950,0.000376,other
Mn20O43,-1.587591,-1.587591,0.000255,other
Mn21O40,-1.796275,-1.796275,0.000179,other
Mn23FeO32,-2.023489,-2.023489,0.000187,other
Mn27Nb13O60,-2.398243,-2.398243,0.000403,other
Mn27Sb26,-0.285899,-0.111273,174.625900,other
Mn2Au,-0.013939,0.180043,193.982011,other
Mn2Au5,-0.300842,-0.080595,220.246988,other
Mn2Bi2O5,-1.718143,-1.718143,0.000068,other
Mn2Bi3O7,-1.725212,-1.725212,0.000421,other
Mn2BiO5,-1.885386,-1.885386,0.000032,other
Mn2BrO3,-1.511250,-1.511250,0.000111,other
Mn2ClO3,-1.602098,-1.602098,0.000308,other
Mn2Cr13S20,-0.912423,-0.912965,0.541927,other
Mn2Cr3O12,-1.709367,-1.709367,0.000048,other
Mn2CrO4,-2.189481,-2.189481,0.000146,other
Mn2CrO6,-1.814109,-1.814109,0.000205,other
Mn2F5,-2.777558,-2.777558,0.000078,halide_only
Mn2F7,-2.544518,-2.544518,0.000201,halide_only
Mn2FeO3,-1.774977,-1.774977,0.000456,other
Mn2FeO4,-1.901438,-1.901438,0.000424,other
Mn2FeO6,-1.571856,-1.571856,0.000090,other
Mn2Ga5,-0.145956,-0.133739,12.217385,other
Mn2Ge,-0.043133,-0.043133,0.000128,other
Mn2Hg5,0.236202,0.236202,0.000066,other
Mn2In2O7,-1.900360,-1.901722,1.361670,other
Mn2InO5,-1.915703,-1.916639,0.936049,other
Mn2Nb,-0.081442,-0.142947,61.505134,other
Mn2Nb2O9,-2.256780,-2.256780,0.000347,other
Mn2O2F3,-2.272241,-2.272241,0.000211,other
Mn2O2F9,-1.974900,-1.974900,0.000357,other
Mn2O3,-2.013920,-2.013920,0.000156,other
Mn2O3F,-2.040978,-2.040978,0.000289,other
Mn2O5,-1.151075,-1.151075,0.000066,other
Mn2O7,-0.880407,-0.880407,0.000219,other
Mn2OF2,-2.519323,-2.519323,0.000170,other
Mn2OF3,-2.638896,-2.638896,0.000422,other
Mn2OF4,-2.531472,-2.531472,0.000451,other
Mn2S3,-0.903139,-0.844167,58.972163,other
Mn2Sb,-0.215410,-0.037753,177.656656,other
Mn2Sb2O7,-1.963357,-1.963357,0.000117,other
Mn2V2O7,-2.320085,-2.320085,0.000099,other
Mn2V3O12,-1.976086,-1.976086,0.000402,other
Mn2VO4,-2.200187,-2.200187,0.000375,other
Mn3(O2F)2,-2.147376,-2.147376,0.000351,other
Mn3(OF)2,-2.353909,-2.353909,0.000329,other
Mn3(OF2)2,-2.541224,-2.541224,0.000182,other
Mn3(OF3)2,-2.430908,-2.430908,0.000232,other
Mn3(SO6)2,-1.609228,-1.609340,0.111712,other
Mn3(SeO3)4,-1.518604,-1.518604,0.000330,other
Mn3Au,0.155351,0.300838,145.486912,other
Mn3Bi,0.393625,0.393625,0.000281,other
Mn3BiO8,-1.659581,-1.659581,0.000293,other
Mn3Br,0.549812,0.549812,0.000095,halide_only
Mn3Cr2O8,-1.902395,-1.902395,0.000447,other
Mn3Cr3O8,-2.254467,-2.254467,0.000164,other
Mn3Cr5O16,-1.880052,-1.880052,0.000482,other
Mn3CrO8,-1.822919,-1.822919,0.000147,other
Mn3F10,-2.547385,-2.547385,0.000128,halide_only
Mn3F8,-2.741139,-2.741139,0.000109,halide_only
Mn3Fe,0.118937,0.118937,0.000152,other
Mn3Fe3O8,-1.786943,-1.786943,0.000440,other
Mn3Fe5O12,-1.745054,-1.745054,0.000039,other
Mn3FeO8,-1.642681,-1.642681,0.000072,other
Mn3Ga,-0.085788,-0.019611,66.177400,other
Mn3Ge,-0.075111,-0.075111,0.000373,other
Mn3Ge5,-0.078274,-0.078274,0.000087,other
Mn3Hg,0.427678,0.427678,0.000212,other
Mn3I,0.712162,0.712162,0.000277,halide_only
Mn3In,0.221061,0.221061,0.000140,other
Mn3Nb2O9,-2.457464,-2.457464,0.000202,other
Mn3Nb6O11,-2.450766,-2.450766,0.000438,other
Mn3NbF6,-2.000684,-2.000684,0.000369,halide_only
Mn3NbO8,-2.139856,-2.139856,0.000193,other
Mn3O2F5,-2.475611,-2.475611,0.000297,other
Mn3O4,-2.050409,-2.050409,0.000241,other
Mn3O5F,-1.950481,-1.950481,0.000145,other
Mn3OF5,-2.746287,-2.746287,0.000294,other
Mn3OF6,-2.634479,-2.634479,0.000114,other
Mn3OF8,-2.543263,-2.543263,0.000214,other
Mn3S,-0.177906,0.024645,202.551456,other
Mn3Sb,-0.069139,0.029242,98.380507,other
Mn3Sb2,-0.131199,0.018398,149.597463,other
Mn3SbO8,-1.813636,-1.813636,0.000159,other
Mn3Se3O10,-1.632689,-1.632689,0.000340,other
Mn3Tl,0.487780,0.487780,0.000461,other
Mn3V2O10,-2.021413,-2.021413,0.000484,other
Mn3V2O8,-2.280838,-2.280838,0.000374,other
Mn3VO8,-1.939365,-1.939365,0.000342,other
Mn3Zn,0.164531,0.193250,28.718559,other
Mn4CrO8,-1.984990,-1.984990,0.000008,other
Mn4Cu,0.135450,0.135450,0.000012,other
Mn4FeO5,-1.837555,-1.837555,0.000393,other
Mn4FeO8,-1.814298,-1.814298,0.000198,other
Mn4Ga,0.055216,0.108158,52.941658,other
Mn4Nb2O9,-2.541548,-2.541548,0.000126,other
Mn4O3F5,-2.482182,-2.482182,0.000330,other
Mn4O7F,-1.890409,-1.890409,0.000289,other
Mn4OF6,-2.764930,-2.764930,0.000448,other
Mn4OF8,-2.694340,-2.694340,0.000118,other
Mn4Se4O15,-1.353937,-1.353937,0.000264,other
Mn4V4O13,-2.197098,-2.197098,0.000051,other
Mn4VSe5,-0.864923,-0.595564,269.359098,other
Mn5(FeO3)4,-1.858030,-1.858030,0.000225,other
Mn5(OF3)2,-2.565140,-2.565140,0.000467,other
Mn5(SO5)3,-1.593527,-1.593651,0.123607,other
Mn5(SeO3)8,-1.416527,-1.416527,0.000329,other
Mn5Cr2O12,-1.902879,-1.902879,0.000180,other
Mn5Cr3O16,-1.842689,-1.842689,0.000025,other
Mn5Cr4O12,-2.226036,-2.226036,0.000457,other
Mn5CrO12,-1.797175,-1.797175,0.000145,other
Mn5CrO8,-2.107726,-2.107726,0.000381,other
Mn5Fe3O16,-1.552760,-1.552760,0.000162,other
Mn5FeO12,-1.677891,-1.677891,0.000428,other
Mn5Ge2,-0.025948,-0.025948,0.000324,other
Mn5Ge3,-0.106724,-0.106724,0.000240,other
Mn5In3O12,-1.930162,-1.931285,1.123468,other
Mn5O3F5,-2.478012,-2.478012,0.000095,other
Mn5O5F,-2.082152,-2.082152,0.000009,other
Mn5O7,-1.800771,-1.800771,0.000118,other
Mn5O7F,-2.021233,-2.021233,0.000475,other
Mn5O8,-1.956561,-1.956561,0.000157,other
Mn5O9F,-1.852081,-1.852081,0.000263,other
Mn5OF11,-2.713273,-2.713273,0.000269,other
Mn5Sb3O16,-1.804586,-1.804586,0.000450,other
Mn5Sb4,-0.208770,-0.046890,161.880114,other
Mn5SbO12,-1.767985,-1.767985,0.000224,other
Mn5V4O12,-2.286468,-2.286468,0.000242,other
Mn5VO12,-1.870388,-1.870388,0.000305,other
Mn5VO8,-2.140813,-2.139715,1.098484,other
Mn6Cr9O20,-2.296773,-2.296773,0.000045,other
Mn6Ga29,-0.113235,-0.143953,30.717894,other
Mn6O11F,-1.858821,-1.858821,0.000489,other
Mn6O5F7,-2.440599,-2.440599,0.000444,other
Mn6O7F5,-2.242066,-2.242066,0.000460,other
Mn6OF11,-2.850129,-2.850129,0.000476,other
Mn7(OF3)3,-2.596072,-2.596072,0.000438,other
Mn7BiO12,-1.937204,-1.937204,0.000351,other
Mn7Cr12O48,-1.602826,-1.602826,0.000250,other
Mn7CrO16,-1.776020,-1.776020,0.000208,other
Mn7F16,-2.856235,-2.856235,0.000024,halide_only
Mn7F18,-2.795748,-2.795748,0.000257,halide_only
Mn7Fe3,0.087501,0.087501,0.000206,other
Mn7Fe3O20,-1.580263,-1.580263,0.000371,other
Mn7O12,-1.867478,-1.867478,0.000388,other
Mn7O7F,-2.032166,-2.032166,0.000430,other
Mn7Sb4,-0.056676,0.082872,139.547543,other
Mn7V5O16,-2.257403,-2.257403,0.000086,other
Mn8Cl3O10,-1.845453,-1.845453,0.000134,other
Mn8Ga5,-0.012833,0.088979,101.812258,other
Mn8O13F3,-1.974411,-1.974411,0.000292,other
Mn8O17,-1.640940,-1.640940,0.000195,other
Mn9(FeO6)4,-1.698370,-1.698370,0.000235,other
Mn9Au31,-0.238232,-0.061913,176.319319,other
Mn9FeO10,-1.894788,-1.894788,0.000031,other
Mn9O13,-1.797440,-1.797440,0.000038,other
MnAgF3,-1.339315,-1.341391,2.076146,halide_only
MnAu,-0.373968,-0.011334,362.634101,other
MnAu2,-0.357415,-0.110659,246.755904,other
MnAu3,-0.256872,-0.055238,201.634213,other
MnAu4,-0.239417,-0.079353,160.064352,other
MnBi,0.207830,0.207830,0.000464,other
MnBi2(IO)8,-0.544533,-0.544533,0.000329,other
MnBi2O5,-1.498501,-1.498501,0.000117,other
MnBi3,0.395178,0.395178,0.000454,other
MnBi4S7,-0.535858,-0.670736,134.878392,other
MnBiO3,-1.808454,-1.808454,0.000418,other
MnBiS2Br,-0.845953,-0.846332,0.378953,other
MnBiS2Cl,-0.938370,-0.938749,0.378877,other
MnBr2,-1.169033,-1.169033,0.000053,halide_only
MnCl2,-1.495015,-1.495015,0.000129,halide_only
MnClO3,-0.717492,-0.717492,0.000259,other
MnCr,0.234888,0.066858,168.030459,other
MnCr2O4,-2.337051,-2.337051,0.000029,other
MnCr3O8,-1.896715,-1.896715,0.000369,other
MnCrF5,-2.998668,-2.998668,0.000042,halide_only
MnCrO4,-1.867918,-1.867918,0.000190,other
MnCu3,0.092749,0.092749,0.000218,other
MnCuF6,-2.229149,-2.229149,0.000398,halide_only
MnF2,-2.966484,-2.966265,0.218694,halide_only
MnF3,-2.764287,-2.764287,0.000398,halide_only
MnF4,-2.395953,-2.395953,0.000162,halide_only
MnFe,0.092559,0.092559,0.000124,other
MnFe2O3,-1.614188,-1.614188,0.000194,other
MnFe3,0.051221,0.051221,0.000137,other
MnFe4,0.035551,0.035551,0.000132,other
MnFe4O5,-1.153611,-1.153611,0.000140,other
MnFe5O8,-1.616135,-1.616135,0.000247,other
MnFeO2,-1.435801,-1.435801,0.000359,other
MnFeO3,-1.824260,-1.824260,0.000386,other
MnFeO4,-1.511131,-1.511131,0.000330,other
MnGa,-0.272641,-0.140286,132.355172,other
MnGa4,-0.140400,-0.176237,35.836948,other
MnGa6,-0.003119,-0.028718,25.598508,other
MnGaO3,-2.060712,-2.060712,0.000347,other
MnGe,-0.122760,-0.122760,0.000291,other
MnGe2,-0.034348,-0.034348,0.000212,other
MnGe3,0.328354,0.328354,0.000196,other
MnHg,0.332728,0.332728,0.000126,other
MnHg3,0.294415,0.294415,0.000408,other
MnHg3F6,-1.860215,-1.862012,1.797338,halide_only
MnI2,-0.706381,-0.706381,0.000016,halide_only
MnIn2O4,-1.996881,-1.999021,2.140362,other
MnIn3,0.238397,0.238397,0.000003,other
MnInF3,-2.502358,-2.503856,1.498169,halide_only
MnInO3,-1.993213,-1.990935,2.278057,other
MnNb2O6,-2.871674,-2.871674,0.000278,other
MnNb3O6,-2.618162,-2.618162,0.000383,other
MnNb4O12,-2.761903,-2.761903,0.000159,other
MnNbO4,-2.557473,-2.557473,0.000099,other
MnO,-2.032570,-1.979201,53.368796,other
MnO2,-1.822528,-1.805830,16.698060,other
MnO3,-0.874236,-0.874236,0.000484,other
MnO3F,-1.126108,-1.126108,0.000123,other
MnO4,-0.573318,-0.573318,0.000438,other
MnOF,-2.365441,-2.365441,0.000340,other
MnOF2,-2.151785,-2.151785,0.000307,other
MnS,-1.140359,-0.735255,405.103839,other
MnS2,-0.799504,-0.889521,90.016518,other
MnSO3,-1.872218,-1.872407,0.189114,other
MnSO4,-2.044369,-2.044527,0.157750,other
MnSO5,-1.698612,-1.698747,0.135123,other
MnSO6,-1.080893,-1.081012,0.118683,other
MnSO8,-0.852826,-0.852921,0.094765,other
MnSb,-0.303588,-0.126354,177.233524,other
MnSb2(OF4)2,-2.120889,-2.120889,0.000455,other
MnSb2F12,-2.723516,-2.723516,0.000148,other
MnSb4,0.071545,0.142439,70.893634,other
MnSbO4,-1.903334,-1.903334,0.000132,other
MnSe,-0.949902,-0.593266,356.635745,other
MnSe2,-0.564060,-0.613622,49.562420,other
MnSe2O5,-1.496656,-1.496656,0.000061,other
MnSe2O9,-0.862171,-0.862171,0.000470,other
MnSe3O8,-1.317815,-1.317815,0.000093,other
MnSeO3,-1.650880,-1.650880,0.000065,other
MnSeO4,-1.525788,-1.525386,0.401977,other
MnSeO5,-1.253607,-1.253607,0.000214,other
MnTl3,0.390205,0.390205,0.000288,other
MnTlF3,-2.595556,-2.597322,1.766155,halide_only
MnTlF4,-2.582655,-2.584127,1.471741,halide_only
MnV,-0.198139,-0.284082,85.943054,other
MnV2O10,-1.364159,-1.364159,0.000461,other
MnV2O4,-2.368603,-2.368603,0.000111,other
MnV2O6,-2.333588,-2.333588,0.000347,other
MnV2O7,-2.007954,-2.007954,0.000090,other
MnV2O8,-1.719147,-1.719147,0.000029,other
MnV3,-0.080096,-0.146565,66.468939,other
MnV3O8,-2.312741,-2.312741,0.000054,other
MnV4O12,-2.147565,-2.147565,0.000118,other
MnV5O12,-2.345422,-2.345422,0.000408,other
MnV8O24,-1.882002,-1.882002,0.000438,other
MnVO2F5,-2.200965,-2.200965,0.000072,other
MnVO3,-2.284756,-2.284756,0.000146,other
MnVO4,-2.180544,-2.180544,0.000085,other
MnVS2,-0.800218,-0.800692,0.473564,other
MnZn,0.005057,0.062494,57.436686,other
MnZn13,-0.018656,-0.021535,2.879033,other
MnZn3,-0.117216,-0.031061,86.155116,other
MnZn3F6,-2.141961,-2.141961,0.000076,halide_only
MnZnF4,-2.713986,-2.713986,0.000015,halide_only
MnZnF5,-2.662784,-2.662784,0.000297,halide_only
MnZnF6,-2.547346,-2.547346,0.000010,halide_only
Mo(BrO)2,-1.179032,-1.179032,0.000318,other
Mo(SI)2,-0.600354,-0.600733,0.378844,other
Mo(SeCl6)2,-0.993712,-0.993712,0.000450,other
Mo(WO4)2,-2.043718,-2.043718,0.000430,other
Mo13O33,-1.911595,-1.911595,0.000034,other
Mo15S19,-0.727700,-0.925031,197.331122,other
Mo15Se19,-0.564810,-0.764128,199.318446,other
Mo17O47,-1.937682,-1.937682,0.000075,other
Mo21S8,-0.122767,-0.220180,97.412592,other
Mo2Cl4O,-0.784377,-0.784377,0.000058,other
Mo2Cl8O,-0.811803,-0.811803,0.000355,other
Mo2O,1.447113,1.447113,0.000328,other
Mo2O3,-1.490328,-1.490328,0.000339,other
Mo2O5,-1.888681,-1.888681,0.000216,other
Mo2O7,-1.371603,-1.371603,0.000179,other
Mo2S3,-0.773988,-0.985859,211.871236,other
Mo2SBr2,-1.010591,-1.010780,0.189327,other
Mo2W2O5,-0.248286,-0.248286,0.000299,other
Mo3Br6O,-0.262697,-0.262697,0.000001,other
Mo3Cl4O9,-0.386251,-0.386251,0.000052,other
Mo3Cl7O4,-0.327582,-0.327582,0.000108,other
Mo3I,0.871402,0.871402,0.000459,halide_only
Mo3O10,-1.624128,-1.624128,0.000150,other
Mo3O7,-1.768803,-1.768803,0.000337,other
Mo3O8,-1.698087,-1.698087,0.000054,other
Mo3S3Br,-0.977140,-0.977546,0.405866,other
Mo3S4,-0.763311,-0.965093,201.782131,other
Mo3S7Cl4,-1.137736,-1.138210,0.473747,other
Mo3Se,0.295194,0.206025,89.168717,other
Mo3Se4,-0.581932,-0.785746,203.813772,other
Mo4O11,-1.940047,-1.940047,0.000294,other
Mo4O5,-1.003489,-1.003489,0.000271,other
Mo4O9,-1.863807,-1.863807,0.000060,other
Mo5(O4F)3,-2.264483,-2.090992,173.491202,other
Mo5O14,-1.935371,-1.935371,0.000197,other
Mo7S8,-0.649493,-0.837823,188.330259,other
Mo8O23,-1.935220,-1.935220,0.000401,other
Mo9O25,-1.936496,-1.936496,0.000299,other
Mo9O26,-1.934029,-1.934029,0.000418,other
Mo9Se11,-0.553534,-0.749705,196.171178,other
MoBr2,-1.046118,-1.046118,0.000487,halide_only
MoBr3,-0.978278,-0.978278,0.000142,halide_only
MoBr3O,-0.830861,-0.830861,0.000423,other
MoCl2,-1.344211,-1.344211,0.000123,halide_only
MoCl2O,-1.219185,-1.219185,0.000264,other
MoCl2O3,-0.805203,-0.805203,0.000272,other
MoCl3,-1.289234,-1.289234,0.000006,halide_only
MoCl3O,-1.037985,-1.037985,0.000144,other
MoCl4,-1.306145,-1.306145,0.000027,halide_only
MoCl4O,-0.870849,-0.870849,0.000323,other
MoCl5,-1.303293,-1.303023,0.269884,halide_only
MoCl5O,-0.586238,-0.586238,0.000364,other
MoCl6,-1.254523,-1.254189,0.334178,halide_only
MoF3,-2.764088,-2.764088,0.000405,halide_only
MoF4,-2.566889,-2.638958,72.069023,halide_only
MoF5,-2.635121,-2.635121,0.000389,halide_only
MoF6,-2.588112,-2.588112,0.000045,halide_only
MoI2,-0.643119,-0.643119,0.000481,halide_only
MoI3,-0.258708,-0.258708,0.000106,halide_only
MoO2,-2.021555,-2.021555,0.000188,other
MoO3,-1.924642,-1.924572,0.070048,other
MoO4,-1.070325,-1.070325,0.000381,other
MoO5,-0.613904,-0.613904,0.000277,other
MoOF4,-2.505244,-2.505244,0.000369,other
MoS2,-0.966143,-1.201555,235.412499,other
MoS2Cl3,-1.148956,-1.149272,0.315945,other
MoS3,-0.421675,-0.598235,176.559876,other
MoS6,0.879622,0.778731,100.890871,other
MoSBr,-1.107187,-1.107503,0.316243,other
MoSCl,-1.251152,-1.251468,0.315774,other
MoSF4,-2.115643,-2.115801,0.158110,other
MoSI,-0.899990,-0.900306,0.315934,other
MoSe,0.056994,-0.121344,178.337541,other
MoSe2,-0.749937,-0.987720,237.783075,other
MoW,-0.000451,-0.005770,5.318960,other
MoW11,1.712474,1.711588,0.886413,other
MoW11O36,-2.152347,-2.152347,0.000314,other
MoWO6,-2.047223,-2.047223,0.000326,other
Na(Bi3O5)4,-1.543910,-1.544491,0.581273,other
Na(BiO2)2,-1.574787,-1.577529,2.742073,other
Na(CO)2,-1.279223,-1.283989,4.765678,other
Na(CO)3,-1.216025,-1.219760,3.735289,other
Na(CrS2)2,-1.081034,-1.084318,3.284228,other
Na(Cu2Sb)2,-0.120316,-0.154241,33.924754,other
Na(Cu3O4)2,-1.006201,-1.007480,1.279400,other
Na(CuO)2,-1.122537,-1.126376,3.839378,other
Na(Fe2O3)4,-1.601650,-1.602564,0.914105,other
Na(FeO2)2,-1.606661,-1.609403,2.742239,other
Na(FeSb3)4,-0.212856,-0.213985,1.129495,other
Na(Mo2O3)2,-1.439487,-1.441232,1.744650,other
Na(Mo2O7)2,-1.429543,-1.430553,1.010482,other
Na(MoO2)3,0.395279,0.393359,1.919901,other
Na(Nb3S4)2,-1.358208,-1.359993,1.785107,other
Na(NbS2)2,-1.410423,-1.413707,3.283694,other
Na(SO2)2,-1.080347,-1.083360,3.012770,other
Na(SO3)2,-1.643463,-1.645806,2.343290,other
Na(SnO2)2,-1.933846,-1.936588,2.741789,other
Na(WO3)10,-2.192703,-2.193171,0.467716,other
Na(WO3)2,-2.180620,-2.182753,2.133030,other
Na(WO3)3,-2.190923,-2.192400,1.476719,other
Na(WO3)8,-2.169498,-2.170080,0.582073,other
Na(WO3)9,-2.196743,-2.197261,0.518428,other
Na10(Ga2Sn)3,-0.183394,-0.193497,10.102975,other
Na10(WO3)13,-2.168319,-2.171415,3.095580,other
Na10Fe4O9,-1.494824,-1.503170,8.345778,other
Na10Mn2O9,-1.628959,-1.638100,9.140928,other
Na10Mn4O9,-1.642226,-1.650571,8.345480,other
Na10Zn4O9,-1.625249,-1.633595,8.345783,other
Na11(WO3)13,-2.174219,-2.177571,3.351602,other
Na11(WO3)16,-2.148788,-2.151603,2.814890,other
Na11Bi5O16,-1.651340,-1.657938,6.597962,other
Na11Mn13O32,-1.861939,-1.865710,3.770987,other
Na11Mn24O48,-1.929089,-1.931633,2.543742,other
Na11Ti10O21,-2.748843,-2.753870,5.027236,other
Na11Ti20O40,-3.029306,-3.032280,2.973829,other
Na12(CuO2)7,-1.358407,-1.365387,6.979782,other
Na12NbO7,-1.552419,-1.563936,11.517183,other
Na13Ti24O54,-3.191359,-3.194102,2.742535,other
Na14(WO3)19,-2.149030,-2.152016,2.985997,other
Na14Cu2O9,-1.336816,-1.347565,10.749443,other
Na14Fe2O9,-1.462356,-1.473105,10.749327,other
Na14Mn2O9,-1.545669,-1.556419,10.749745,other
Na15Sn4,-0.211508,-0.155162,56.345705,other
Na16(WO3)19,-2.166186,-2.169524,3.338289,other
Na17(Mo15S19)4,-1.007682,-1.010285,2.603454,other
Na17(WO3)19,-2.173623,-2.177132,3.508743,other
Na17(WO3)20,-2.143567,-2.146932,3.364514,other
Na17Pd15F48,-2.130880,-2.134959,4.078964,halide_only
Na19Zr11S30,-1.688063,-1.694616,6.552988,other
Na2(BiO2)21,-1.465917,-1.466507,0.590415,other
Na2(NbS2)3,-1.480370,-1.484377,4.007426,other
Na2(TaS2)3,-1.468625,-1.475127,6.502241,other
Na2(WO3)17,-2.191944,-2.192492,0.548353,other
Na2(WO3)3,-2.159439,-2.162181,2.741798,other
Na21In5O15,-1.473063,-1.483809,10.745522,other
Na22In5O15,-1.478318,-1.489265,10.946587,other
Na24In5O15,-1.443955,-1.455276,11.321349,other
Na26In4O19,-1.611360,-1.622157,10.796833,other
Na2AgF4,-2.308149,-2.315116,6.967084,halide_only
Na2AgIrF6,-1.970105,-1.974982,4.877023,halide_only
Na2AgMoF6,-2.380596,-2.385474,4.877731,halide_only
Na2AgPdF6,-1.984496,-1.989373,4.877107,halide_only
Na2AgSb,-0.447460,-0.410224,37.235616,other
Na2AgSbCl6,-1.376270,-1.381148,4.877701,other
Na2AlAgF6,-2.894296,-2.899174,4.877698,halide_only
Na2AlAuF6,-2.693726,-2.697565,3.838729,halide_only
Na2AlHgBr6,-1.250770,-1.255209,4.438695,halide_only
Na2AlHgCl6,-1.563043,-1.567481,4.438445,halide_only
Na2AlHgF6,-2.788587,-2.793025,4.437965,halide_only
Na2AsAu,-0.596101,-0.489472,106.628849,other
Na2AsAuF6,-2.049236,-2.054176,4.939727,other
Na2Au,-0.297318,-0.283101,14.217419,other
Na2Bi4O7,-1.677477,-1.680430,2.952758,other
Na2BiO3,-1.725451,-1.730781,5.330399,other
Na2BiWO6,-1.870818,-1.874657,3.838914,other
Na2C,1.273791,1.273791,0.000083,other
Na2CO3,-2.069265,-2.076050,6.784544,other
Na2CO5,-1.220164,-1.225253,5.088767,other
Na2CO6,-1.156343,-1.160866,4.522655,other
Na2Cl,-1.289473,-1.302270,12.796954,halide_only
Na2CoAuF6,-2.017724,-2.024073,6.348551,halide_only
Na2Cr2O5,-1.947787,-1.952052,4.265292,other
Na2Cr2O7,-1.852308,-1.855798,3.490085,other
Na2Cr3O9,-1.861425,-1.864168,2.742617,other
Na2Cr4O13,-1.682636,-1.684657,2.020596,other
Na2Cr7O14,-2.054028,-2.055697,1.669144,other
Na2CrAgF6,-2.556245,-2.561122,4.876856,halide_only
Na2CrAuF6,-2.360781,-2.364620,3.838784,halide_only
Na2CrCl4,-1.769557,-1.775042,5.484602,halide_only
Na2CrF4,-2.903349,-2.908833,5.483963,halide_only
Na2CrHgF6,-2.459581,-2.464019,4.438233,halide_only
Na2CrO4,-1.983149,-1.988633,5.483993,other
Na2Cu3O4,-1.147849,-1.152114,4.265288,other
Na2CuAs,-0.469449,-0.367480,101.969093,other
Na2CuAsF6,-2.241724,-2.246664,4.939752,other
Na2CuAuCl6,-1.193246,-1.197085,3.839233,halide_only
Na2CuF4,-2.496300,-2.501784,5.484243,halide_only
Na2CuO2,-1.329767,-1.337445,7.678217,other
Na2CuSbF6,-2.299456,-2.303296,3.839503,other
Na2ErCuCl6,-1.922899,-1.926738,3.839020,halide_only
Na2EuC(OF)3,-2.835990,-2.843171,7.181439,other
Na2EuCl5,-2.180972,-2.189660,8.687633,halide_only
Na2EuCuCl6,-1.819321,-1.826271,6.950359,halide_only
Na2Fe2F7,-2.715062,-2.772274,57.211533,halide_only
Na2Fe2O5,-1.498916,-1.503181,4.265255,other
Na2Fe3S4,-0.754485,-0.759172,4.686504,other
Na2Fe3SbO8,-1.796591,-1.799333,2.742273,other
Na2Fe4O7,-1.634047,-1.637000,2.953403,other
Na2FeAgF6,-2.388792,-2.393669,4.876813,halide_only
Na2FeCl4,-1.657161,-1.662645,5.484193,halide_only
Na2FeCuF7,-2.560435,-2.563925,3.489990,halide_only
Na2FeHgF6,-2.305843,-2.310281,4.437917,halide_only
Na2FeO2,-1.534904,-1.542582,7.678098,other
Na2FeO3,-1.651638,-1.637967,13.670815,other
Na2FeO4,-1.345641,-1.351126,5.484730,other
Na2Ga11O17,-2.195642,-2.196922,1.280046,other
Na2GaAgF6,-2.521330,-2.526207,4.877156,halide_only
Na2GaCuF6,-2.529936,-2.533775,3.839181,halide_only
Na2GaCuF7,-2.678799,-2.682289,3.489596,halide_only
Na2GaHgBr6,-1.147934,-1.152373,4.438681,halide_only
Na2GaHgF6,-2.434410,-2.438848,4.438058,halide_only
Na2Ge2O5,-2.134040,-2.138305,4.265266,other
Na2Ge2S5,-0.952313,-0.957105,4.792215,other
Na2Ge4O9,-2.131760,-2.134320,2.559880,other
Na2GeF6,-2.984145,-2.988411,4.265731,halide_only
Na2GeO10,-0.474131,-0.477084,2.953005,other
Na2GeO3,-2.132981,-2.139380,6.398938,other
Na2GeO9,-0.729939,-0.733138,3.199170,other
Na2GeS3,-1.084485,-1.091357,6.872410,other
Na2HgAsBr6,-1.023431,-1.028969,5.538304,other
Na2HgAsF6,-2.159008,-2.164546,5.538323,other
Na2HgAu,-0.294989,-0.276421,18.568335,other
Na2HgAuF6,-1.824022,-1.828460,4.438110,halide_only
Na2HgMoF6,-2.230202,-2.234640,4.438176,halide_only
Na2In,-0.175832,-0.109954,65.878098,other
Na2In2Mo5O16,-1.996829,-1.998964,2.134681,other
Na2InAgBr6,-1.201058,-1.206684,5.626114,halide_only
Na2InAgCl6,-1.481698,-1.487324,5.626158,halide_only
Na2InCuCl6,-1.470448,-1.475036,4.587767,halide_only
Na2InHgF6,-2.343672,-2.348859,5.187397,halide_only
Na2Mn(SO4)2,-2.134708,-2.137806,3.098495,other
Na2Mn2O3,-1.794531,-1.800015,5.484437,other
Na2Mn2S3,-1.220343,-1.012757,207.586044,other
Na2Mn3Cl8,-1.685211,-1.688164,2.952776,halide_only
Na2Mn3O7,-1.937155,-1.940354,3.199281,other
Na2MnAgF6,-2.431581,-2.436458,4.877477,halide_only
Na2MnCl4,-1.836422,-1.841906,5.484399,halide_only
Na2MnCrF7,-3.029657,-3.033147,3.490420,halide_only
Na2MnF5,-2.930138,-2.934937,4.798525,halide_only
Na2MnFeF7,-2.869972,-2.873462,3.489741,halide_only
Na2MnGaF7,-2.992253,-2.995743,3.489921,halide_only
Na2MnO2,-1.685245,-1.692923,7.678084,other
Na2MnO3,-1.902797,-1.909196,6.398908,other
Na2MnO4,-1.559046,-1.564531,5.484772,other
Na2MnSb2,0.866002,0.969900,103.898422,other
Na2MnVF7,-3.080369,-3.083860,3.490541,halide_only
Na2Mo2O5,-1.880718,-1.884983,4.265479,other
Na2Mo2O7,-2.104613,-2.108103,3.489913,other
Na2Mo3O13,-1.405050,-1.407183,2.133162,other
Na2MoAuF6,-2.182779,-2.186618,3.839048,halide_only
Na2MoO2,-0.964533,-0.972211,7.677821,other
Na2MoO4,-2.149706,-2.155191,5.484593,other
Na2MoO6,-1.385363,-1.389628,4.265447,other
Na2Nb2O7,-2.383423,-2.386914,3.490513,other
Na2Nb3O6,-2.651694,-2.655184,3.489631,other
Na2Nb4O11,-2.910097,-2.912356,2.258512,other
Na2NbBiO6,-2.089303,-2.093142,3.839261,other
Na2NbF6,-3.193696,-3.197962,4.265726,halide_only
Na2NbO3F5,-2.308025,-2.311515,3.490246,other
Na2NbO4F5,-1.904027,-1.907226,3.199466,other
Na2O,-1.425739,-1.438536,12.796676,other
Na2O2,-1.298096,-1.307694,9.598137,other
Na2O9,-0.481839,-0.485329,3.490383,other
Na2P2O13,-1.177737,-1.180251,2.513894,other
Na2P2O7,-2.278369,-2.282254,3.885085,other
Na2Pd3O4,-1.141165,-1.145431,4.265706,other
Na2PdAuF6,-1.838807,-1.842646,3.838628,halide_only
Na2PdF4,-2.361648,-2.367133,5.484536,halide_only
Na2PdF6,-2.329400,-2.333666,4.265926,halide_only
Na2PdO3,-1.357433,-1.363832,6.398976,other
Na2PdO6,-0.654925,-0.659191,4.265828,other
Na2PrO3,-2.307863,-2.316689,8.826156,other
Na2PrWO6,-2.405866,-2.411161,5.295212,other
Na2RuAuF6,-1.855969,-1.859808,3.838748,halide_only
Na2S,-1.269245,-1.231401,37.844348,other
Na2S2O3,-1.732221,-1.737976,5.754782,other
Na2S2O5,-1.921819,-1.926295,4.476210,other
Na2S2O7,-2.056864,-2.060527,3.662580,other
Na2S5,-0.607519,-0.852529,245.010044,other
Na2SO14,-0.493355,-0.495669,2.313750,other
Na2SO2,-1.074982,-1.082850,7.867685,other
Na2SO3,-2.020233,-2.026789,6.556262,other
Na2SO4,-2.205165,-2.210785,5.619697,other
Na2SO5,-0.982216,-0.987134,4.917608,other
Na2SO9,-0.766209,-0.769487,3.277898,other
Na2Sb3O8,-1.914226,-1.917179,2.953023,other
Na2Sb4O11,-1.926927,-1.929185,2.258252,other
Na2Sb4O7,-1.852827,-1.855780,2.952817,other
Na2SbAu,-0.549333,-0.461307,88.026087,other
Na2SbAuF6,-2.119484,-2.123323,3.839438,other
Na2SbF5,-2.874611,-2.879410,4.798804,other
Na2ScAuF6,-2.800651,-2.804490,3.839216,halide_only
Na2ScHgF6,-2.893643,-2.898081,4.438195,halide_only
Na2SmCl5,-2.404297,-2.409096,4.798515,halide_only
Na2SmCuCl6,-1.898991,-1.902830,3.838947,halide_only
Na2Sn,-0.133948,-0.071402,62.546246,other
Na2Sn2O3,-1.687175,-1.692660,5.484515,other
Na2Sn3O7,-2.063545,-2.066744,3.199003,other
Na2Sn4O9,-2.042354,-2.044913,2.559427,other
Na2SnF6,-2.988842,-2.993108,4.265720,halide_only
Na2SnO2,-1.720973,-1.728651,7.677760,other
Na2SnO3,-2.066409,-2.072808,6.398836,other
Na2SnO6,-1.109568,-1.113834,4.265594,other
Na2SnS,-0.517524,-0.489141,28.383321,other
Na2Ta2O5,-2.659747,-2.666046,6.298724,other
Na2Ta4O11,-3.184667,-3.189078,4.410820,other
Na2TaAgF6,-2.484752,-2.490544,5.792334,halide_only
Na2TbCuCl6,-1.915631,-1.919820,4.188562,halide_only
Na2Te,-1.127803,-1.069608,58.195450,other
Na2Te2O5,-1.743133,-1.747399,4.266083,other
Na2Te2O7,-1.681452,-1.684943,3.490560,other
Na2Te4O9,-1.654281,-1.656840,2.559115,other
Na2TeO3,-1.848554,-1.854952,6.398370,other
Na2TeO4,-1.809936,-1.814593,4.656612,other
Na2TeO5,-1.179167,-1.183966,4.799276,other
Na2Ti12O25,-3.392609,-3.393593,0.984060,other
Na2Ti2F7,-3.267670,-3.271160,3.489738,halide_only
Na2Ti2O5,-3.019909,-3.024175,4.265824,other
Na2Ti2Sb2O,-1.170381,-1.175865,5.484352,other
Na2Ti3Cl8,-1.922892,-1.925845,2.953389,halide_only
Na2Ti3O7,-3.160181,-3.163380,3.199287,other
Na2Ti4O9,-3.209948,-3.212508,2.559678,other
Na2Ti6O13,-3.314978,-3.316806,1.827719,other
Na2Ti7O15,-3.328410,-3.330009,1.599235,other
Na2Ti9O19,-3.337573,-3.338853,1.279970,other
Na2TiCl4,-1.937881,-1.943366,5.484574,halide_only
Na2TiF5,-3.327010,-3.331809,4.798909,halide_only
Na2TiF6,-3.492741,-3.497007,4.265593,halide_only
Na2TiO3,-2.739984,-2.746382,6.397996,other
Na2Tl,-0.137885,-0.112112,25.773448,other
Na2TlAs,0.776241,0.879997,103.756030,other
Na2TlAsF6,-2.330410,-2.336232,5.822220,other
Na2TlCrF6,-2.658374,-2.663096,4.721779,halide_only
Na2TlCuBr6,-1.076208,-1.080930,4.722211,halide_only
Na2TlCuF6,-2.217220,-2.221942,4.722256,halide_only
Na2TlHg,-0.212804,-0.180151,32.653407,other
Na2TlHgF6,-2.111874,-2.117195,5.321271,halide_only
Na2V(PO4)2,-2.627191,-2.630478,3.287066,other
Na2V13O22,-2.443630,-2.444668,1.037545,other
Na2V2(PO4)3,-2.640946,-2.643309,2.363495,other
Na2V2F7,-3.095607,-3.099097,3.490187,halide_only
Na2V2O5,-2.332028,-2.336294,4.265729,other
Na2V2ZnO7,-2.268500,-2.271699,3.198770,other
Na2V3O7,-2.421644,-2.424843,3.199320,other
Na2V3P2O13,-2.533525,-2.535661,2.136348,other
Na2V6O13,-2.406070,-2.407898,1.827964,other
Na2V6O15,-2.340349,-2.342018,1.669180,other
Na2VAuF6,-2.322747,-2.326586,3.839411,halide_only
Na2VCuF7,-2.764880,-2.768371,3.490552,halide_only
Na2VF5,-3.139617,-3.144416,4.799337,halide_only
Na2VFeF7,-2.960199,-2.963689,3.490363,halide_only
Na2VO3,-2.261552,-2.267950,6.398293,other
Na2VO4,-2.039799,-2.045284,5.484778,other
Na2VOF4,-2.958166,-2.962965,4.798584,other
Na2VPO6,-2.518587,-2.522643,4.055762,other
Na2W(OF2)2,-2.747822,-2.752088,4.266131,other
Na2W2O5,-1.844034,-1.848299,4.265371,other
Na2W2O7,-2.226846,-2.230336,3.490332,other
Na2W3O10,-2.125507,-2.128067,2.559570,other
Na2W4O13,-2.215550,-2.217571,2.021024,other
Na2WO12,-0.685007,-0.687567,2.559825,other
Na2WO4,-2.214919,-2.220403,5.484264,other
Na2WO6,-1.419443,-1.423709,4.265846,other
Na2YAgF6,-2.964623,-2.973763,9.139693,halide_only
Na2YCuBr6,-1.580670,-1.588772,8.101590,halide_only
Na2YCuCl6,-1.912112,-1.920213,8.100803,halide_only
Na2YCuF6,-2.957269,-2.965370,8.100886,halide_only
Na2YF6,-3.296083,-3.305084,9.000952,halide_only
Na2Zn2O3,-1.705382,-1.710867,5.484513,other
Na2Zn2S3,-1.115348,-1.152471,37.122647,other
Na2Zn3S4,-1.005992,-1.057184,51.192222,other
Na2ZnCl4,-1.893351,-1.898836,5.484700,halide_only
Na2ZnFeF7,-2.784767,-2.788257,3.490231,halide_only
Na2ZnGe,-0.201692,-0.148515,53.177388,other
Na2ZnO2,-1.646967,-1.654645,7.677925,other
Na2ZnS2,-1.168441,-1.185875,17.434231,other
Na2ZnSb2,0.746290,0.779225,32.934855,other
Na2Zr(MoO4)3,-2.328344,-2.330476,2.132492,other
Na2Zr(MoO5)2,-1.836507,-1.839066,2.559413,other
Na2Zr(WO4)3,-2.443865,-2.445997,2.132449,other
Na2Zr2O5,-3.016412,-3.020678,4.265930,other
Na2ZrF6,-3.625963,-3.630229,4.265716,halide_only
Na2ZrO3,-2.866204,-2.872603,6.398932,other
Na2ZrS3,-1.685298,-1.692170,6.871997,other
Na2ZrWO6,-2.681847,-2.685686,3.838749,other
Na3(CO3)2,-1.875786,-1.881443,5.656662,other
Na3(CO4)2,-1.360792,-1.365578,4.785760,other
Na3(CuO2)2,-1.377017,-1.383416,6.398724,other
Na3(FeS2)2,-0.851358,-0.858178,6.819575,other
Na3(Mo9O26)2,-1.283049,-1.283838,0.788908,other
Na3(PO3)4,-2.495330,-2.498818,3.487730,other
Na3(PO4)2,-2.121926,-2.126690,4.764109,other
Na3(TiS2)10,-1.637074,-1.639393,2.319497,other
Na3(W2O3)2,-0.851024,-0.855454,4.430058,other
Na3(W3O8)4,-2.105967,-2.107192,1.225044,other
Na3(WO3)10,-2.193638,-2.194977,1.339219,other
Na3(WO3)4,-2.160787,-2.163818,3.030988,other
Na3Ag,0.049963,0.007621,42.341669,other
Na3Ag3W2(OF)6,-2.142986,-2.147423,4.436551,other
Na3AgO2,-1.258433,-1.269761,11.327948,other
Na3AgS2,-1.024525,-1.033598,9.073346,other
Na3Al,0.180173,0.180173,0.000110,other
Na3AlCl6,-1.937167,-1.942926,5.759039,halide_only
Na3AlF6,-3.387251,-3.393010,5.758536,halide_only
Na3As,-0.552974,-0.414104,138.870425,other
Na3As7,-0.357266,-0.267420,89.845963,other
Na3AsBr6,-1.277048,-1.283907,6.859100,other
Na3AsF6,-2.631867,-2.638726,6.859347,other
Na3Au,-0.179823,-0.184355,4.532165,other
Na3AuCl6,-1.321835,-1.327593,5.758269,halide_only
Na3AuF6,-2.156383,-2.162142,5.758620,halide_only
Na3Bi,-0.498157,-0.369344,128.812551,other
Na3BiF6,-2.769574,-2.775332,5.758494,halide_only
Na3BiO3,-1.711621,-1.719847,8.226436,other
Na3BiO4,-1.718892,-1.726091,7.198516,other
Na3C,1.064513,1.064513,0.000474,other
Na3CO5,-1.377637,-1.384293,6.656055,other
Na3Cl,-0.904360,-0.918756,14.396132,halide_only
Na3Cl2,-1.507474,-1.518991,11.517368,halide_only
Na3ClO,-1.574811,-1.586328,11.517037,other
Na3Co,0.661498,0.661498,0.000431,other
Na3CoF6,-2.653799,-2.662068,8.268574,halide_only
Na3Cr,0.557598,0.557598,0.000030,other
Na3Cr(Mo3O16)2,-0.971995,-0.973366,1.371172,other
Na3CrCl6,-1.900433,-1.906191,5.758397,halide_only
Na3CrF6,-3.061636,-3.067394,5.758220,halide_only
Na3CrO4,-1.956457,-1.963655,7.198317,other
Na3CrO6,-0.093405,-0.099164,5.759055,other
Na3Cu,0.223885,0.223885,0.000345,other
Na3Cu2SbO6,-1.590456,-1.595255,4.799339,other
Na3Cu5O4,-1.053821,-1.058620,4.798524,other
Na3CuF6,-2.521574,-2.527333,5.758646,halide_only
Na3CuO2,-1.350923,-1.360521,9.597909,other
Na3CuO3,-1.442537,-1.450764,8.226519,other
Na3ErCl6,-2.360619,-2.366378,5.758953,halide_only
Na3Eu,0.115588,0.115588,0.000197,other
Na3Eu(CO3)3,-2.258814,-2.264792,5.978117,other
Na3Fe,0.685477,0.671081,14.396341,other
Na3Fe2(GeO4)3,-1.787809,-1.790688,2.879477,other
Na3Fe2(MoO4)3,-1.961530,-1.964409,2.879177,other
Na3Fe2Mo5O16,-1.940356,-1.942571,2.214742,other
Na3Fe5O8,-1.637897,-1.641496,3.599178,other
Na3Fe5O9,-1.762760,-1.766147,3.387210,other
Na3FeF6,-2.891800,-2.897559,5.758536,halide_only
Na3FeO3,-1.701577,-1.705645,4.067961,other
Na3FeO4,-1.543383,-1.550581,7.198354,other
Na3FeS3,-1.061405,-1.070038,8.632603,other
Na3Ga,0.047018,0.032621,14.396752,other
Na3Ga3Ge3O16,-1.639287,-1.641591,2.303605,other
Na3GaBr6,-1.407966,-1.413725,5.759000,halide_only
Na3GaF6,-2.945766,-2.951524,5.758201,halide_only
Na3Ge,-0.028742,0.001180,29.922454,other
Na3Hg,-0.137826,-0.143064,5.238419,other
Na3Hg2,-0.231264,-0.212207,19.056663,other
Na3In,-0.091509,-0.048123,43.386343,other
Na3In2Ag,-0.191838,-0.144117,47.721425,other
Na3InBr6,-1.437805,-1.444313,6.507836,halide_only
Na3InCl6,-1.899466,-1.905974,6.507924,halide_only
Na3InF6,-2.946670,-2.953177,6.507451,halide_only
Na3InS3,-1.179301,-1.195028,15.726852,other
Na3Ir,0.529465,0.529465,0.000350,other
Na3IrF6,-2.389800,-2.395559,5.758778,halide_only
Na3Mn,0.521118,0.521118,0.000036,other
Na3Mn20O40,-1.807324,-1.808238,0.913691,other
Na3Mn2SbO6,-2.031530,-2.036329,4.798514,other
Na3Mn2V3O12,-2.252680,-2.255559,2.878999,other
Na3Mn3O8,-1.840666,-1.844779,4.113062,other
Na3Mn5O12,-1.806843,-1.809723,2.879712,other
Na3Mn8O16,-1.876071,-1.878203,2.132428,other
Na3MnF6,-2.770843,-2.776602,5.759116,halide_only
Na3MnO3,-1.758222,-1.766449,8.226889,other
Na3MnO4,-1.789204,-1.796403,7.198648,other
Na3Mo,1.037157,1.037157,0.000193,other
Na3Mo(OF)3,-2.561546,-2.567305,5.758801,other
Na3MoCl6,-1.789891,-1.795650,5.758701,halide_only
Na3MoF6,-2.801289,-2.807048,5.759053,halide_only
Na3MoO4,-1.976660,-1.983859,7.198543,other
Na3MoO4F,-2.323350,-2.329749,6.398838,other
Na3Nb,0.980759,0.980759,0.000347,other
Na3Nb12O31,-2.910538,-2.911790,1.251734,other
Na3Nb6Bi5O24,-2.518849,-2.520364,1.515454,other
Na3Nb6O11,-2.537033,-2.539912,2.879343,other
Na3NbF6,-2.828798,-2.834557,5.758852,halide_only
Na3NbO4,-2.504653,-2.511852,7.198622,other
Na3NbOF6,-3.171958,-3.177193,5.235183,other
Na3P,-0.461604,-0.331796,129.808446,other
Na3P11,-0.298579,-0.236862,61.717213,other
Na3P3O10,-2.342639,-2.346645,4.005946,other
Na3PO12,-0.846933,-0.850668,3.735150,other
Na3PO4,-2.518011,-2.525480,7.469417,other
Na3Pd,0.005685,-0.022183,27.868295,other
Na3Pd5F12,-1.846968,-1.849847,2.878857,halide_only
Na3PdF6,-2.329113,-2.334872,5.758570,halide_only
Na3Pr,0.315254,0.315254,0.000239,other
Na3Ru,0.833860,0.833860,0.000478,other
Na3RuF6,-2.468018,-2.473777,5.758649,halide_only
Na3Sb,-0.569552,-0.476247,93.304823,other
Na3Sb5F18,-2.778993,-2.781208,2.215130,other
Na3Sb5O14,-1.911522,-1.914140,2.618037,other
Na3SbCl6,-1.633881,-1.639640,5.758931,other
Na3SbF6,-2.720374,-2.726133,5.759138,other
Na3SbO3,-1.851804,-1.860030,8.226177,other
Na3SbO4,-1.998511,-2.005709,7.197986,other
Na3SbS3,-1.032834,-1.081214,48.379514,other
Na3SbS4,-0.923062,-1.008142,85.080407,other
Na3Sc,0.426778,0.426778,0.000254,other
Na3ScF6,-3.516559,-3.522318,5.758892,halide_only
Na3Sm,0.347847,0.347847,0.000151,other
Na3Sm7Cl24,-2.605046,-2.606739,1.693267,halide_only
Na3SmCl6,-2.201465,-2.207224,5.758965,halide_only
Na3Sn,-0.188764,-0.136676,52.088069,other
Na3Ta,1.241105,1.241105,0.000283,other
Na3TaF6,-2.784547,-2.791220,6.673354,halide_only
Na3TaF8,-3.355001,-3.360563,5.561568,halide_only
Na3TaS4,-1.383992,-1.392808,8.816265,other
Na3TbCl6,-2.219572,-2.225680,6.108302,halide_only
Na3Ti,0.716613,0.716613,0.000198,other
Na3Ti6O13,-3.183446,-3.186064,2.617657,other
Na3Ti8O16,-3.204743,-3.206876,2.133273,other
Na3TiCl6,-2.059786,-2.065545,5.759001,halide_only
Na3TiF6,-3.255878,-3.261636,5.758185,halide_only
Na3TiF8,-3.120259,-3.125057,4.798404,halide_only
Na3TiFe3O8,-2.133860,-2.137699,3.839335,other
Na3TiO6,-0.562793,-0.568551,5.758165,other
Na3Tl,-0.094140,-0.078103,16.036762,other
Na3Tl4,-0.121669,-0.078701,42.967665,other
Na3TlBr6,-1.283740,-1.290382,6.642004,halide_only
Na3TlF6,-2.521814,-2.528455,6.641360,halide_only
Na3V2(GeO4)3,-2.207107,-2.209987,2.879601,other
Na3V2(PO4)3,-2.675393,-2.678598,3.204702,other
Na3V24O58,-2.335522,-2.336200,0.677586,other
Na3V2PO9,-2.463412,-2.467396,3.983637,other
Na3V3O8,-2.363580,-2.367693,4.113251,other
Na3V5O10,-2.400504,-2.403703,3.199391,other
Na3V5O23,-1.265207,-1.267065,1.857758,other
Na3VF6,-3.059883,-3.065642,5.759130,halide_only
Na3VO3,-1.921702,-1.929929,8.226623,other
Na3VO4,-2.287596,-2.294794,7.197831,other
Na3VP2O9,-2.527963,-2.532091,4.128293,other
Na3VP8O23,-2.619294,-2.621436,2.141599,other
Na3W,1.370425,1.370425,0.000380,other
Na3W2(ClO)4,-1.720593,-1.725023,4.430088,other
Na3W3Cl13,-1.559928,-1.562959,3.030837,halide_only
Na3WO4,-1.985490,-1.992688,7.197934,other
Na3WO4F,-2.368793,-2.375192,6.398875,other
Na3YBr6,-2.008347,-2.018368,10.020734,halide_only
Na3YCl6,-2.358545,-2.365664,7.118719,halide_only
Na3YF6,-3.375999,-3.386019,10.020482,halide_only
Na3Zn,0.059710,0.067059,7.349266,other
Na3Zr,0.772724,0.772724,0.000303,other
Na3ZrF7,-3.499266,-3.504501,5.234891,halide_only
Na3ZrF8,-3.198267,-3.203066,4.799183,halide_only
Na4(Fe2O3)5,-1.636052,-1.638699,2.647295,other
Na4(WO3)5,-2.164878,-2.168077,3.198948,other
Na4(WO3)9,-2.186686,-2.188605,1.919488,other
Na4Ag,0.174470,0.167996,6.473734,other
Na4AgCl5,-1.825590,-1.834306,8.716204,halide_only
Na4Au,0.027822,0.036353,8.531140,other
Na4Bi2O5,-1.699203,-1.706183,6.980002,other
Na4C2O5,-1.774176,-1.781577,7.401306,other
Na4CO4,-1.724984,-1.733773,8.788520,other
Na4CrO3,-1.548894,-1.558491,9.597371,other
Na4CrO4,-1.899032,-1.907563,8.531090,other
Na4Cu6O5,-1.063520,-1.068639,5.119170,other
Na4CuO3,-1.367014,-1.376612,9.598198,other
Na4Fe2O5,-1.698761,-1.705742,6.980548,other
Na4Fe6O13,-1.503937,-1.507275,3.338342,other
Na4FeO3,-1.525676,-1.535274,9.597515,other
Na4FeO4,-1.625666,-1.634198,8.531802,other
Na4FeO5,-1.481529,-1.489208,7.678563,other
Na4Ga3Ge3O16,-1.754229,-1.757182,2.952774,other
Na4Ga8Ge15,-0.036161,-0.039005,2.843714,other
Na4Ge5O12,-1.965125,-1.968781,3.656253,other
Na4Ge9O20,-2.152217,-2.154544,2.326638,other
Na4GeO4,-2.009036,-2.017568,8.531559,other
Na4Mn2O5,-1.877438,-1.884418,6.980023,other
Na4Mn5O12,-1.892449,-1.896106,3.656619,other
Na4Mn9O18,-1.959005,-1.961482,2.476878,other
Na4MnO3,-1.565395,-1.574993,9.598123,other
Na4MnO4,-1.743135,-1.751667,8.531763,other
Na4MnO5,-1.628026,-1.635704,7.678166,other
Na4MoO5,-2.013313,-2.020992,7.678631,other
Na4P2O17,-0.635263,-0.638791,3.527540,other
Na4P2O7,-2.603447,-2.609687,6.239868,other
Na4S2O5,-1.767176,-1.774329,7.152914,other
Na4Sn3F10,-2.771432,-2.775949,4.516544,halide_only
Na4Sn3O8,-2.062565,-2.067684,5.119111,other
Na4Sn3S8,-0.884843,-1.002999,118.155571,other
Na4Sn5O12,-2.028080,-2.031737,3.656537,other
Na4SnO3,-1.647478,-1.657075,9.597411,other
Na4SnO4,-1.859073,-1.867604,8.530921,other
Na4SnS4,-1.141972,-1.184749,42.777330,other
Na4TeO5,-1.873393,-1.881071,7.678325,other
Na4Ti11O24,-3.188091,-3.190060,1.969016,other
Na4Ti3O8,-2.846263,-2.851382,5.118871,other
Na4Ti5O12,-3.098680,-3.102336,3.656082,other
Na4Ti6O13,-3.006070,-3.009409,3.338690,other
Na4Ti7O16,-3.143087,-3.145930,2.843318,other
Na4TiO4,-2.421669,-2.430201,8.531740,other
Na4V20(CuO4)15,-1.916686,-1.917461,0.775288,other
Na4V2O5,-2.015438,-2.022418,6.980143,other
Na4V2O7,-2.316589,-2.322495,5.906405,other
Na4V3O8,-2.262387,-2.267506,5.118820,other
Na4VO4,-2.051262,-2.059793,8.531426,other
Na4VP2O9,-2.592804,-2.597875,5.070600,other
Na4W4O15,-2.043602,-2.046941,3.338518,other
Na4WO4,-1.844797,-1.853328,8.530982,other
Na4WO5,-2.135016,-2.142694,7.678434,other
Na4Zn3S5,-1.136848,-1.164584,27.735920,other
Na4Zr(MoO4)4,-2.305778,-2.308849,3.071350,other
Na5(CuO2)3,-1.363782,-1.370637,6.855138,other
Na5(W7O22)2,-2.184480,-2.186004,1.523566,other
Na5(WO3)13,-2.188296,-2.189980,1.684032,other
Na5(WO3)14,-2.198791,-2.200364,1.573198,other
Na5(WO3)6,-2.152305,-2.155615,3.309961,other
Na5(WO3)7,-2.170084,-2.172993,2.908539,other
Na5Al3F14,-3.509905,-3.514267,4.362268,halide_only
Na5As4,-0.530444,-0.390719,139.725041,other
Na5BiO5,-1.665673,-1.674398,8.725453,other
Na5Cr3F14,-3.056994,-3.061356,4.362477,halide_only
Na5CrO4,-1.670309,-1.679907,9.597558,other
Na5Cu7O13,-1.159433,-1.163272,3.839403,other
Na5CuO4,-1.357861,-1.367459,9.597835,other
Na5Fe11O16,-1.653154,-1.656154,2.999615,other
Na5Fe3F14,-2.834028,-2.838391,4.363073,halide_only
Na5FeO4,-1.630395,-1.639992,9.597398,other
Na5FeS4,-1.111993,-1.121970,9.976554,other
Na5Ga3F14,-3.008188,-3.012551,4.362962,halide_only
Na5GaGe2,-0.115840,-0.127838,11.997555,other
Na5GaO4,-1.805002,-1.814600,9.597769,other
Na5InO4,-1.673365,-1.683712,10.346567,other
Na5InS4,-1.221471,-1.214677,6.794164,other
Na5Mn11O24,-1.828318,-1.830717,2.399261,other
Na5Mn2O8,-1.666260,-1.672658,6.398014,other
Na5Mn3F14,-2.909086,-2.913448,4.362266,halide_only
Na5Mn7O15,-1.886158,-1.889713,3.555185,other
Na5Mn7O16,-1.911032,-1.914460,3.428130,other
Na5MnO4,-1.663827,-1.673425,9.597536,other
Na5MnO5,-1.648952,-1.657677,8.724797,other
Na5NbO5,-2.228965,-2.237690,8.724946,other
Na5P3O10,-2.615130,-2.620823,5.693451,other
Na5PrO6,-1.678752,-1.687964,9.212098,other
Na5SbO5,-1.841294,-1.850019,8.725243,other
Na5Sn13,-0.123301,-0.095532,27.768929,other
Na5Sn2,-0.240697,-0.177459,63.237975,other
Na5SnSb3,-0.415063,-0.425727,10.663928,other
Na5TaO5,-2.318986,-2.328543,9.557087,other
Na5Ti12O24,-3.137329,-3.139669,2.340430,other
Na5Ti16O32,-3.249687,-3.251498,1.811346,other
Na5Ti3F14,-3.350044,-3.354407,4.362857,halide_only
Na5Ti3O8,-2.716890,-2.722889,5.998887,other
Na5V12O32,-2.353700,-2.355658,1.958408,other
Na5V2(PO5)3,-2.423086,-2.427186,4.099980,other
Na5V36O88,-2.317045,-2.317789,0.743530,other
Na5V3O12,-1.912261,-1.917060,4.799122,other
Na5V4(PO4)6,-2.630486,-2.633281,2.795307,other
Na5V7O14,-2.370743,-2.374434,3.690959,other
Na5VO4,-1.791076,-1.800674,9.598146,other
Na5VO5,-2.050425,-2.059150,8.725088,other
Na5WO5,-1.862863,-1.871588,8.725358,other
Na5Zr2F13,-3.569311,-3.574110,4.799166,halide_only
Na6(WO3)7,-2.132159,-2.135546,3.386953,other
Na6CuO4,-1.330769,-1.341239,10.470237,other
Na6FeCl8,-1.891854,-1.899533,7.678677,halide_only
Na6FeO4,-1.451806,-1.462276,10.469862,other
Na6FeS4,-1.087876,-1.098691,10.815144,other
Na6Ge2S7,-1.148486,-1.156607,8.120855,other
Na6Mn(SO4)4,-2.178504,-2.182910,4.406026,other
Na6Mn2V4O15,-2.287314,-2.291579,4.265213,other
Na6Mn7O10,-1.734128,-1.739135,5.007104,other
Na6MnCl8,-1.988024,-1.995702,7.677872,halide_only
Na6MnO4,-1.546470,-1.556940,10.469943,other
Na6MnS4,-1.280418,-1.192553,87.864638,other
Na6Mo10O33,-2.024236,-2.026587,2.350929,other
Na6Mo11O36,-2.030995,-2.033168,2.172797,other
Na6O,-0.455599,-0.472053,16.453518,other
Na6S2O9,-2.087913,-2.094799,6.885900,other
Na6SbO5,-1.657938,-1.667536,9.597573,other
Na6Sn2O7,-1.869325,-1.877003,7.677771,other
Na6Sn2S7,-1.077306,-1.140244,62.938487,other
Na6Ti11O24,-3.120737,-3.123546,2.809322,other
Na6Ti2O7,-2.548764,-2.556443,7.678603,other
Na6Ti6O13,-2.701105,-2.705712,4.607033,other
Na6V2O7,-2.076663,-2.084341,7.678047,other
Na6W10O33,-2.144471,-2.146821,2.349993,other
Na6ZnO4,-1.541207,-1.551677,10.470364,other
Na6ZnS4,-1.242469,-1.223834,18.635388,other
Na7(CuO3)2,-1.378900,-1.387857,8.957420,other
Na7(FeO4)2,-1.540273,-1.548177,7.904425,other
Na7(WO3)12,-2.167654,-2.170097,2.442945,other
Na7(WO3)13,-2.185534,-2.187811,2.277104,other
Na7(WO3)20,-2.170869,-2.172413,1.544355,other
Na7(WO3)8,-2.128968,-2.132413,3.445386,other
Na7(WO3)9,-2.182249,-2.185374,3.125252,other
Na7Cr2O6,-1.662248,-1.671206,8.958388,other
Na7Cu3O8,-1.420506,-1.427971,7.465228,other
Na7Cu7O13,-1.293052,-1.298028,4.976343,other
Na7Fe3O8,-1.700986,-1.708451,7.465089,other
Na7Ga13,-0.169220,-0.175938,6.718255,other
Na7Mn10O24,-1.830882,-1.834159,3.277293,other
Na7Mn11O24,-1.934069,-1.937268,3.199272,other
Na7Mn16O32,-1.927842,-1.930285,2.442901,other
Na7NbO6,-1.963745,-1.973342,9.597277,other
Na7SbO6,-1.714788,-1.724386,9.597961,other
Na7Sn12,-0.187319,-0.151375,35.943787,other
Na7Ti11O24,-3.099408,-3.102608,3.199611,other
Na7Ti13O26,-3.089230,-3.092151,2.920655,other
Na7Ti16O32,-3.155197,-3.157640,2.443357,other
Na7V2O6,-1.769252,-1.778209,8.957494,other
Na7Zr6F31,-3.728810,-3.731864,3.054017,halide_only
Na8(CuO2)5,-1.371228,-1.377905,6.676794,other
Na8(WO3)19,-2.160953,-2.162781,1.827898,other
Na8Bi5O14,-1.641228,-1.646916,5.687983,other
Na8BiO3,-0.877699,-0.890496,12.796672,other
Na8Cu2O7,-1.336788,-1.345821,9.033039,other
Na8Fe2O7,-1.659875,-1.668908,9.033218,other
Na8Fe5O14,-1.587845,-1.593533,5.687913,other
Na8FeO6,-1.527176,-1.537414,10.238001,other
Na8Ga2O7,-1.866047,-1.875081,9.033592,other
Na8Ga42O67,-2.181055,-2.182367,1.312044,other
Na8Hg3,-0.165424,-0.165200,0.224009,other
Na8Nb5O14,-2.479611,-2.485299,5.688037,other
Na8NbO6,-1.842884,-1.853122,10.237568,other
Na8PO3,-0.981835,-0.994813,12.977739,other
Na8SbO3,-0.914796,-0.927593,12.797163,other
Na8SnO6,-1.680948,-1.691186,10.237763,other
Na8SnSb4,-0.434716,-0.446529,11.813087,other
Na8Ta7VO24,-2.937020,-2.942461,5.440524,other
Na8Ti5O14,-2.859623,-2.865310,5.687084,other
Na8TiO6,-1.962744,-1.972981,10.237391,other
Na8V2O7,-1.842297,-1.851330,9.032747,other
Na9(WO3)13,-2.174039,-2.176871,2.831972,other
Na9(WO3)16,-2.171394,-2.173761,2.366938,other
Na9Cu2O7,-1.347808,-1.357406,9.598025,other
Na9Fe(MoO4)6,-2.097596,-2.101915,4.318911,other
Na9Fe2O7,-1.567116,-1.576713,9.597374,other
Na9Hg,0.628067,0.628149,0.081926,other
Na9Mn15O32,-1.918529,-1.921614,3.084537,other
Na9Mn21O40,-1.953573,-1.956041,2.468435,other
Na9Sn4,-0.246933,-0.180194,66.739064,other
Na9Ti20O40,-3.151030,-3.153533,2.503368,other
Na9V14O35,-2.407224,-2.410202,2.978379,other
NaAg2,-0.078583,-0.100161,21.577518,other
NaAg2Pd,1.355082,1.403015,47.932653,other
NaAg3,0.013204,-0.002980,16.183542,other
NaAg3O2,-0.705777,-0.714167,8.389633,other
NaAg3S2,-0.453488,-0.514967,61.479081,other
NaAgF4,-1.973879,-1.978808,4.929111,halide_only
NaAgO,-1.036897,-1.046756,9.858802,other
NaAgO2,-1.003201,-1.010596,7.394746,other
NaAgO3,-0.406952,-0.412867,5.915294,other
NaAgPd2,1.589207,1.695206,105.998794,other
NaAl3,0.166475,0.166475,0.000473,other
NaAlBr4,-1.674232,-1.677431,3.199017,halide_only
NaAlCl4,-2.064718,-2.067917,3.199471,halide_only
NaAlF4,-3.609203,-3.612403,3.199604,halide_only
NaAs,-0.519340,-0.386723,132.616698,other
NaAs2,-0.158377,-0.061402,96.974836,other
NaAsF6,-2.692087,-2.695862,3.774835,other
NaAu2,-0.405351,-0.382912,22.438563,other
NaAu3,-0.212274,-0.195445,16.828938,other
NaAuCl4,-1.224315,-1.227515,3.199504,halide_only
NaAuF4,-2.002404,-2.005603,3.198929,halide_only
NaBi,-0.381194,-0.292242,88.951602,other
NaBi(MoO4)2,-1.997931,-1.999531,1.599547,other
NaBi(WO4)2,-2.078136,-2.079735,1.599217,other
NaBi3,-0.095077,-0.101951,6.874345,other
NaBi3(ClO2)2,-1.645162,-1.647082,1.919899,other
NaBi5O8,-1.632165,-1.633537,1.371541,other
NaBiF6,-2.479092,-2.481491,2.399195,halide_only
NaBiO2,-1.715463,-1.720262,4.798923,other
NaBiO3,-1.580261,-1.584100,3.838804,other
NaBiS2,-0.871484,-0.993683,122.198873,other
NaBr,-1.835072,-1.844670,9.597776,halide_only
NaC,0.231464,0.231464,0.000214,other
NaC2,1.140742,1.140742,0.000456,other
NaC64,0.013845,0.013845,0.000073,other
NaCO2,-1.876621,-1.881999,5.378302,other
NaCO3,-1.787249,-1.791551,4.302206,other
NaCl,-2.100019,-2.109617,9.597578,halide_only
NaCl3,-1.286849,-1.291648,4.798864,halide_only
NaCl7,-0.708083,-0.710482,2.399468,halide_only
NaClO2,-0.992561,-0.997359,4.798390,other
NaClO3,-1.083987,-1.087826,3.838750,other
NaClO4,-1.004300,-1.007500,3.199700,other
NaClO5,-0.229895,-0.232637,2.742112,other
NaCo3,0.641724,0.641724,0.000099,other
NaCoF3,-2.596380,-2.605239,8.858500,halide_only
NaCoF4,-2.408098,-2.415481,7.382574,halide_only
NaCr(GeO3)2,-2.208124,-2.210044,1.919550,other
NaCr(WO4)2,-2.245236,-2.246836,1.599543,other
NaCr2O4,-2.180644,-2.183387,2.742584,other
NaCr3O8,-1.903775,-1.905375,1.599864,other
NaCr4O12,-1.627743,-1.628873,1.129588,other
NaCr4O8,-2.104404,-2.105881,1.476590,other
NaCr6O11,-2.148412,-2.149478,1.065996,other
NaCrF4,-3.065994,-3.069193,3.198786,halide_only
NaCrF6,-2.563179,-2.565579,2.399569,halide_only
NaCrO2,-2.255811,-2.260610,4.799351,other
NaCrO3,-1.708140,-1.711979,3.839022,other
NaCrS2,-1.192344,-1.197616,5.272476,other
NaCu,0.389967,0.389967,0.000078,other
NaCu2O3,-1.184488,-1.187688,3.199639,other
NaCu3,0.315870,0.315870,0.000152,other
NaCu3F7,-2.044242,-2.045987,1.745388,halide_only
NaCu3O2,-0.908271,-0.911470,3.198792,other
NaCu3O4,-1.116964,-1.119363,2.398950,other
NaCuF3,-2.303532,-2.307372,3.839509,halide_only
NaCuO,-1.226059,-1.232458,6.398754,other
NaCuO2,-1.362516,-1.354620,7.896440,other
NaEr3,0.320382,0.320382,0.000389,other
NaErCl4,-2.532100,-2.535299,3.199276,halide_only
NaEu2Cl6,-2.510332,-2.519378,9.045963,halide_only
NaEu3,0.099303,0.099303,0.000434,other
NaEuCl4,-2.238090,-2.246474,8.384495,halide_only
NaEuF4,-3.529034,-3.537418,8.384048,halide_only
NaEuO2,-2.623262,-2.635838,12.576380,other
NaF,-2.927367,-2.936964,9.597411,halide_only
NaF3,-1.461452,-1.466251,4.798828,halide_only
NaFe(GeO3)2,-2.045677,-2.047597,1.919715,other
NaFe(MoO4)2,-1.975333,-1.976932,1.599206,other
NaFe(WO4)2,-2.106803,-2.108403,1.599865,other
NaFe11O17,-1.610169,-1.610831,0.661795,other
NaFe12O19,-1.590263,-1.590863,0.599852,other
NaFe2(MoO4)3,-1.942290,-1.943356,1.066243,other
NaFe2(MoO5)2,-1.724967,-1.726246,1.279206,other
NaFe2O3,-1.606165,-1.609365,3.199559,other
NaFe3O4,-1.482673,-1.485072,2.399102,other
NaFe3O5,-1.676120,-1.678253,2.133234,other
NaFe4(MoO4)5,-1.915588,-1.916228,0.639742,other
NaFe5O8,-1.649201,-1.650572,1.370865,other
NaFe8F24,-2.645487,-2.646069,0.581673,halide_only
NaFeCl4,-1.530819,-1.534018,3.198823,halide_only
NaFeF3,-2.737207,-2.740631,3.423764,halide_only
NaFeF4,-2.788836,-2.792036,3.199675,halide_only
NaFeO2,-1.797874,-1.802673,4.799304,other
NaFeO3,-1.383083,-1.386922,3.839380,other
NaFeS2,-0.842986,-0.848259,5.272927,other
NaFeSnO4,-1.939929,-1.942672,2.742708,other
NaGa,0.007440,-0.002158,9.598075,other
NaGa(GeO3)2,-2.173407,-2.175326,1.919357,other
NaGa(WO4)2,-2.212550,-2.214150,1.599779,other
NaGa11O18,-2.134418,-2.135058,0.640272,other
NaGa3,-0.013896,-0.018695,4.798620,other
NaGa4,-0.138768,-0.142607,3.839203,other
NaGa5O8,-2.146415,-2.147786,1.371306,other
NaGaBr4,-1.477206,-1.480405,3.199209,halide_only
NaGaGeO4,-2.223322,-2.226064,2.741910,other
NaGaHg2,0.627191,0.619397,7.794471,other
NaGaO2,-2.216684,-2.221482,4.798477,other
NaGe,-0.214526,-0.154681,59.844778,other
NaGeO3,-1.694647,-1.698486,3.839163,other
NaGeSb5O,-0.199094,-0.201494,2.399724,other
NaGeSbO5,-2.078461,-2.080861,2.399643,other
NaHg,-0.270937,-0.247131,23.806140,other
NaHg2,-0.264173,-0.235363,28.810284,other
NaHg2Au,0.292757,0.310611,17.854423,other
NaHg3,-0.212743,-0.193864,18.879252,other
NaHgCl3,-1.389519,-1.394556,5.037011,halide_only
NaIn,-0.249961,-0.135224,114.737307,other
NaIn(GeO3)2,-2.124901,-2.127570,2.668739,other
NaIn(GeO3)4,-1.538594,-1.540076,1.482315,other
NaIn(MoO4)2,-2.038271,-2.040495,2.224163,other
NaIn(WO3)2,-1.842622,-1.845291,2.668701,other
NaIn(WO4)2,-2.180769,-2.182993,2.223819,other
NaIn2,-0.008708,0.083500,92.208309,other
NaIn2Ag,0.927077,1.017615,90.537784,other
NaIn2Sn,0.854039,0.929124,75.084997,other
NaIn3,-0.155756,-0.074812,80.944078,other
NaIn3S5,-0.894725,-0.955462,60.736785,other
NaInAg2,-0.086257,-0.072212,14.044618,other
NaInBr4,-1.430797,-1.435245,4.448030,halide_only
NaInHg2,-0.210821,-0.179092,31.728928,other
NaInO2,-1.978898,-1.985569,6.671334,other
NaInO3,-1.174025,-1.179362,5.336976,other
NaInS2,-1.090385,-1.112969,22.583821,other
NaInSn2,-0.214260,-0.136737,77.522530,other
NaInSn4,0.022034,0.073716,51.681817,other
NaMn10O20,-1.794255,-1.794874,0.619421,other
NaMn16O32,-1.824943,-1.825335,0.391757,other
NaMn2(SO4)2,-1.703204,-1.704827,1.622645,other
NaMn2BiO6,-1.762297,-1.764216,1.919468,other
NaMn2O4,-1.978162,-1.980904,2.742360,other
NaMn3F10,-2.824237,-2.825608,1.371460,halide_only
NaMn3O4,-1.983499,-1.985899,2.399846,other
NaMn3O6,-1.885041,-1.886960,1.919345,other
NaMn3V4O12,-2.309675,-2.310635,0.960258,other
NaMn4O8,-1.912202,-1.913678,1.476278,other
NaMn7O12,-1.948566,-1.949526,0.959937,other
NaMn8O16,-1.876281,-1.877049,0.768244,other
NaMnBi,-0.034903,0.024397,59.300377,other
NaMnCl3,-1.735150,-1.738989,3.838638,halide_only
NaMnCrF6,-3.048598,-3.050731,2.132748,halide_only
NaMnF3,-2.963630,-2.967470,3.839518,halide_only
NaMnF4,-2.904851,-2.908050,3.198784,halide_only
NaMnFeF6,-2.857795,-2.859928,2.132973,halide_only
NaMnO2,-2.025652,-2.030451,4.798887,other
NaMnO3F4,-1.634819,-1.636952,2.132572,other
NaMnO4,-1.384149,-1.387348,3.198907,other
NaMnSb,-0.308380,-0.195230,113.150150,other
NaMnVO4,-2.308823,-2.311566,2.742649,other
NaMo3,0.930702,0.930702,0.000121,other
NaMo3O11,-1.591437,-1.592716,1.279247,other
NaMo6Cl13,-1.417585,-1.418545,0.959915,halide_only
NaMo6O17,-1.985373,-1.986173,0.799859,other
NaMoF6,-2.740753,-2.743152,2.398967,halide_only
NaMoO3,-2.023017,-2.026856,3.839139,other
NaMoO3F,-2.282941,-2.286141,3.199601,other
NaNb(OF)2,-3.151119,-3.154318,3.198818,other
NaNb10O18,-2.782984,-2.783646,0.661756,other
NaNb13O33,-3.040506,-3.040915,0.408767,other
NaNb14O36,-2.973789,-2.974165,0.376130,other
NaNb2Bi2O9,-2.364019,-2.365391,1.371600,other
NaNb2O4,-2.687940,-2.690682,2.741905,other
NaNb3,0.740278,0.740278,0.000413,other
NaNb3O8,-2.958649,-2.960248,1.599315,other
NaNb4Bi5O18,-2.423872,-2.424558,0.685916,other
NaNb6O15F,-2.972749,-2.973583,0.834159,other
NaNb6O16,-2.890560,-2.891394,0.834496,other
NaNb7V2O14,-2.621488,-2.622287,0.799412,other
NaNbCl6,-1.837704,-1.840103,2.399122,halide_only
NaNbGeO5,-2.578587,-2.580986,2.399087,other
NaNbO2,-2.522987,-2.527786,4.798560,other
NaNbO2F,-2.735328,-2.739167,3.839108,other
NaNbO3,-2.844823,-2.845520,0.696932,other
NaNbS2,-1.453704,-1.458977,5.273182,other
NaNbS6,-1.007746,-1.010856,3.110002,other
NaO2,-0.907729,-0.913231,5.501736,other
NaO3,-0.595980,-0.600779,4.798703,other
NaO5,-0.098451,-0.101651,3.199725,other
NaO8,-0.118000,-0.120133,2.132949,other
NaP,-0.499863,-0.380543,119.320004,other
NaP15,-0.096047,-0.072293,23.754357,other
NaP5,-0.231193,-0.175052,56.140762,other
NaP7,-0.190906,-0.151438,39.468383,other
NaPO,-0.818660,-0.825782,7.122350,other
NaPO3,-2.645570,-2.640983,4.587500,other
NaPO4,-1.972361,-1.975922,3.560914,other
NaPO6,-0.950799,-0.953470,2.671272,other
NaPd3,0.000253,0.001323,1.070383,other
NaPd3O4,-1.076333,-1.078733,2.399888,other
NaPdF3,-2.089036,-2.092875,3.838869,halide_only
NaPdO2,-1.173815,-1.178614,4.798644,other
NaPdO3,-0.768165,-0.772004,3.838734,other
NaPr3,0.233235,0.233235,0.000315,other
NaPrO2,-2.950143,-2.958584,8.440613,other
NaRu3,0.817024,0.817024,0.000373,other
NaS,-1.004271,-1.078382,74.111311,other
NaS2,-0.705851,-0.916671,210.819907,other
NaSO2,-1.793572,-1.798608,5.035601,other
NaSO4,-1.808147,-1.811504,3.357403,other
NaSb,-0.448723,-0.418877,29.845514,other
NaSb(OF2)2,-2.034102,-2.036501,2.398956,other
NaSb2(OF3)2,-2.311685,-2.313430,1.745369,other
NaSb3F10,-2.751176,-2.752548,1.371548,other
NaSb3O8,-1.894025,-1.895625,1.599545,other
NaSb5O13,-1.874252,-1.875262,1.009822,other
NaSb5O8,-1.798558,-1.799929,1.370674,other
NaSbCl6,-1.432753,-1.435153,2.399569,other
NaSbF4,-2.829313,-2.832512,3.199076,other
NaSbF6,-2.862341,-2.864740,2.399456,other
NaSbMoO5,-2.009563,-2.011963,2.399597,other
NaSbO12,-0.379241,-0.380613,1.371548,other
NaSbO2,-1.851743,-1.856542,4.798837,other
NaSbO3,-2.056833,-2.060672,3.838624,other
NaSbO6,-0.650096,-0.652495,2.398978,other
NaSbO7,-0.446576,-0.448708,2.132461,other
NaSbS2,-0.795516,-0.929834,134.317627,other
NaSbWO6,-2.102163,-2.104296,2.133207,other
NaSbWO7,-1.679463,-1.681382,1.919428,other
NaSc3,0.382292,0.382292,0.000240,other
NaSm2Cl6,-2.423438,-2.425571,2.133116,halide_only
NaSn,-0.265618,-0.219846,45.772071,other
NaSn2,-0.188917,-0.155595,33.322463,other
NaSn2Cl5,-1.586016,-1.588416,2.399689,halide_only
NaSn2F5,-2.691889,-2.694289,2.399735,halide_only
NaSn3,-0.038849,-0.096817,57.968364,other
NaSn5,-0.071926,-0.061404,10.522157,other
NaSnO,-1.348088,-1.354487,6.398677,other
NaSnS2,-0.812001,-0.934043,122.041962,other
NaSnSb,-0.290424,-0.296823,6.398672,other
NaTa3,0.801283,0.801283,0.000469,other
NaTa3O8,-3.205222,-3.209109,3.886616,other
NaTa4O8,-3.020695,-3.024987,4.291821,other
NaTa7O19,-3.140332,-3.143416,3.083603,other
NaTaCl6,-1.928384,-1.931927,3.543247,halide_only
NaTaGeO5,-2.727661,-2.731205,3.543617,other
NaTaO3,-3.062992,-3.068661,5.669376,other
NaTb3,0.303339,0.303339,0.000249,other
NaTbCl4,-2.525358,-2.529140,3.782021,halide_only
NaTe,-0.862433,-0.915230,52.796853,other
NaTe3,-0.476065,-0.700579,224.513660,other
NaTeO3,-1.583567,-1.587406,3.839248,other
NaTeO6,-0.559043,-0.561443,2.399580,other
NaTi2BiO6,-2.830934,-2.832853,1.919297,other
NaTi2Ga5O12,-2.630211,-2.631171,0.960216,other
NaTi2O3,-2.775376,-2.778575,3.199228,other
NaTi2O4,-3.136929,-3.139671,2.742040,other
NaTi3,0.668481,0.668481,0.000483,other
NaTi3F10,-3.561583,-3.562954,1.371045,halide_only
NaTi3F7,-2.941582,-2.943327,1.744682,halide_only
NaTi3FeO8,-2.991848,-2.993325,1.476840,other
NaTi3O6,-3.243978,-3.245897,1.919197,other
NaTi3O9,-2.140355,-2.141832,1.476516,other
NaTi4O8,-3.296113,-3.297589,1.476209,other
NaTi5O10,-3.359500,-3.360700,1.199736,other
NaTi6O12,-3.310095,-3.311105,1.009844,other
NaTi8(Bi3O10)3,-2.541538,-2.541937,0.399444,other
NaTi8O13,-3.245529,-3.246402,0.872842,other
NaTi8O16,-3.338882,-3.339650,0.767619,other
NaTiF3,-2.919284,-2.923123,3.838653,halide_only
NaTiF4,-3.448367,-3.451566,3.199017,halide_only
NaTiFeO4,-2.542697,-2.545440,2.742532,other
NaTiO2,-2.782784,-2.787583,4.798817,other
NaTiO3,-2.639809,-2.643648,3.838847,other
NaTiS2,-1.591595,-1.596868,5.272794,other
NaTl,-0.166129,-0.112678,53.451038,other
NaTl2,-0.012088,0.016901,28.989405,other
NaTl2Hg,0.775215,0.794398,19.183253,other
NaTl3,-0.097258,-0.080499,16.759171,other
NaTl3F6,-2.292690,-2.297259,4.568534,halide_only
NaTlHg2,-0.184694,-0.168076,16.618043,other
NaV(GeO3)2,-2.261893,-2.263813,1.919528,other
NaV(OF)2,-2.696657,-2.699856,3.199411,other
NaV(PO4)2,-2.525186,-2.527147,1.961165,other
NaV10O15,-2.421068,-2.421807,0.738634,other
NaV13O18,-2.342661,-2.343261,0.599739,other
NaV2(PO4)3,-2.609886,-2.611314,1.427834,other
NaV2(PO7)2,-1.717727,-1.718966,1.238613,other
NaV24O58,-2.299582,-2.299814,0.231649,other
NaV2O4,-2.428391,-2.431133,2.741981,other
NaV2O4F,-2.521689,-2.524089,2.399569,other
NaV2O5,-2.408837,-2.411236,2.398998,other
NaV2P2O9,-2.669754,-2.671436,1.681607,other
NaV3(FeO4)3,-2.117147,-2.118158,1.010600,other
NaV3(PO4)3,-2.673949,-2.675302,1.353232,other
NaV3F10,-3.197405,-3.198776,1.370834,halide_only
NaV3F7,-2.909287,-2.911032,1.745249,halide_only
NaV3O6,-2.360082,-2.362001,1.919161,other
NaV3O8,-2.340779,-2.342379,1.599897,other
NaV3P2O13,-2.473476,-2.474714,1.238387,other
NaV3P3O13,-2.671627,-2.672912,1.285374,other
NaV4(CuO4)3,-1.915296,-1.916256,0.959610,other
NaV4O10,-2.329391,-2.330671,1.279684,other
NaV5O10,-2.409595,-2.410795,1.199905,other
NaV5O8,-2.415079,-2.416450,1.371420,other
NaV6O11,-2.469372,-2.470439,1.066720,other
NaV6O13,-2.406724,-2.407684,0.959887,other
NaV6O14,-2.304735,-2.305649,0.914320,other
NaV6O15,-2.320302,-2.321175,0.872574,other
NaV8O20,-2.310940,-2.311602,0.662150,other
NaVF3,-2.990056,-2.993895,3.839434,halide_only
NaVF4,-3.177079,-3.180278,3.199004,halide_only
NaVF6,-2.938128,-2.940527,2.399342,halide_only
NaVO2,-2.340844,-2.345643,4.798863,other
NaVO3,-2.375748,-2.379587,3.838775,other
NaVP2O7,-2.710645,-2.712785,2.140019,other
NaVPO5,-2.630020,-2.632691,2.671105,other
NaVZnO4,-2.203540,-2.206283,2.742637,other
NaW(ClO)2,-1.667071,-1.670270,3.198939,other
NaWO2,-1.350405,-1.355204,4.799044,other
NaWO3,-2.106962,-2.110801,3.839462,other
NaWO4,-1.875200,-1.878399,3.198782,other
NaY2F7,-4.108303,-4.118747,10.443579,halide_only
NaY3,0.299119,0.299119,0.000197,other
NaY3F10,-4.082558,-4.093062,10.504240,halide_only
NaYCl4,-2.510426,-2.520729,10.302537,halide_only
NaYF4,-3.973818,-3.966524,7.293935,halide_only
NaZn13,-0.080990,-0.053695,27.295217,other
NaZn3,0.049049,0.071095,22.046008,other
NaZnF3,-2.763534,-2.767373,3.839116,halide_only
NaZnO3,-0.915008,-0.918847,3.839253,other
NaZnSb,-0.402564,-0.367570,34.994049,other
NaZr2FeF11,-3.637201,-3.638481,1.279683,halide_only
Nb(Br3O)2,-0.313504,-0.313504,0.000111,other
Nb(Cl2O)2,-1.059622,-1.059622,0.000056,other
Nb(Cu3O4)2,-1.313881,-1.313881,0.000354,other
Nb10Ge7,-0.456514,-0.456514,0.000242,other
Nb11S12,-0.708162,-0.708657,0.494630,other
Nb12O29,-3.039090,-3.039090,0.000290,other
Nb12ZnSe16,-1.061467,-1.061467,0.000151,other
Nb14S5,-0.659027,-0.659276,0.249134,other
Nb16Bi47,0.258300,0.268656,10.356439,other
Nb16Bi47O111,-1.613522,-1.613522,0.000102,other
Nb19Fe20,-0.108332,-0.108332,0.000016,other
Nb20(O13F7)3,-3.092504,-3.092504,0.000320,other
Nb21S8,-0.679892,-0.680153,0.261138,other
Nb24(CuS8)5,-1.279653,-1.280203,0.549793,other
Nb25S48,-1.365070,-1.365693,0.623002,other
Nb2Br5,-1.213503,-1.213503,0.000489,halide_only
Nb2Cu3O8,-2.002705,-2.002705,0.000248,other
Nb2CuO6,-2.529519,-2.529519,0.000173,other
Nb2CuS4,-1.201960,-1.202501,0.541269,other
Nb2CuSe4,-0.831275,-0.973247,141.972380,other
Nb2F5,-2.999602,-2.999602,0.000417,halide_only
Nb2Fe,0.609357,0.609357,0.000480,other
Nb2Fe4O9,-2.231730,-2.231730,0.000044,other
Nb2FeO6,-2.740847,-2.740847,0.000085,other
Nb2FeS4,-1.157866,-1.158408,0.541938,other
Nb2FeSe4,-0.834979,-0.834979,0.000271,other
Nb2Ge2O7,-2.429077,-2.429077,0.000337,other
Nb2O2F3,-3.059409,-3.059409,0.000235,other
Nb2O3,-2.572572,-2.572572,0.000489,other
Nb2O3F2,-3.031408,-3.031408,0.000299,other
Nb2O5,-3.034205,-3.034205,0.000275,other
Nb2OF8,-3.313100,-3.313100,0.000252,other
Nb2Sb,-0.027746,-0.030013,2.267122,other
Nb2SbO6,-2.630986,-2.630986,0.000244,other
Nb2Se3,-0.974626,-1.124044,149.417726,other
Nb2Se9,-0.581151,-0.897918,316.766573,other
Nb2SeF14,-2.990901,-2.990901,0.000347,other
Nb2Sn2O7,-2.456659,-2.456659,0.000464,other
Nb2SnO6,-2.746150,-2.746150,0.000120,other
Nb2Zn3O8,-2.442323,-2.442323,0.000447,other
Nb2Zn4O9,-2.327878,-2.327878,0.000004,other
Nb2ZnO6,-2.764787,-2.764787,0.000495,other
Nb3(BiO3)5,-2.310412,-2.310412,0.000379,other
Nb3(Cl3O4)2,-1.474584,-1.474584,0.000302,other
Nb3(CuS3)2,-1.098041,-1.098558,0.516911,other
Nb3(CuSe3)2,-0.814192,-0.954849,140.656681,other
Nb3(OF)5,-3.097349,-3.097349,0.000402,other
Nb3Au,-0.112583,-0.071436,41.146645,other
Nb3Au2,-0.185683,-0.147488,38.195128,other
Nb3Bi,-0.030584,0.032512,63.096354,other
Nb3Br8,-1.317601,-1.317601,0.000378,halide_only
Nb3Cl5O2,-1.773391,-1.773391,0.000090,other
Nb3Cl7,-1.677611,-1.677611,0.000441,halide_only
Nb3Cl8,-1.716098,-1.716098,0.000004,halide_only
Nb3ClO7,-2.850949,-2.850949,0.000437,other
Nb3Cu,0.171096,0.171096,0.000255,other
Nb3CuO8,-2.697001,-2.697001,0.000244,other
Nb3Fe,0.030735,0.030735,0.000325,other
Nb3FeS6,-1.305383,-1.305952,0.569098,other
Nb3FeSe10,-0.948806,-0.948806,0.000477,other
Nb3FeSe6,-1.037374,-1.037374,0.000213,other
Nb3Ge,-0.318060,-0.318060,0.000219,other
Nb3I,0.491525,0.491525,0.000294,halide_only
Nb3I8,-0.797844,-0.797844,0.000150,halide_only
Nb3O2F5,-2.883485,-2.883485,0.000339,other
Nb3O7F,-3.074675,-3.074675,0.000401,other
Nb3S4,-1.386860,-1.387402,0.541713,other
Nb3S5,-1.420108,-1.420700,0.592327,other
Nb3Sb,-0.345507,-0.325419,20.087630,other
Nb3Sb3O13,-2.474892,-2.474892,0.000347,other
Nb3Se,-0.032597,-0.092211,59.614376,other
Nb3Se4,-0.997861,-1.134123,136.261576,other
Nb3Sn,-0.219883,-0.163862,56.020934,other
Nb3SnS6,-1.329281,-1.329850,0.568692,other
Nb3Tl,0.208329,0.208329,0.000323,other
Nb4CuSe8,-0.892449,-1.069854,177.405361,other
Nb4FeS8,-1.323789,-1.324373,0.583757,other
Nb4FeSe8,-1.078660,-1.078660,0.000126,other
Nb4O5,-2.467337,-2.467337,0.000063,other
Nb4O9,-2.785877,-2.785877,0.000163,other
Nb4VO12,-2.885377,-2.885377,0.000018,other
Nb5Ge3,-0.479978,-0.479978,0.000189,other
Nb5Ge4,-0.398227,-0.398227,0.000119,other
Nb5O12F,-3.021116,-3.021116,0.000149,other
Nb5OF14,-2.988825,-2.988825,0.000286,other
Nb5S8,-1.403517,-1.404101,0.583730,other
Nb5Sb4,-0.360486,-0.392558,32.072214,other
Nb5Se4,-0.767630,-0.880569,112.938608,other
Nb5SnSe8,-0.869886,-0.996447,126.561182,other
Nb6CuSe8,-0.782620,-0.909797,127.177261,other
Nb6Fe7,-0.112549,-0.112549,0.000219,other
Nb6I11,-0.707107,-0.707107,0.000274,halide_only
Nb6O15F,-2.921501,-2.921501,0.000462,other
Nb6Sn5,-0.182847,-0.151186,31.660781,other
Nb6SnS8,-1.241843,-1.242349,0.505831,other
Nb6SnSe8,-0.871747,-0.998925,127.177951,other
Nb6Zn7,-0.137138,-0.137138,0.000462,other
Nb6ZnS8,-1.235724,-1.236229,0.505069,other
Nb7S8,-1.227522,-1.228028,0.505555,other
Nb8Cu2O21,-2.764711,-2.764711,0.000189,other
Nb9V2O25,-2.758270,-2.758270,0.000219,other
Nb9VO25,-2.970839,-2.970839,0.000277,other
NbAu2,-0.167149,-0.117249,49.899757,other
NbAu4,-0.027057,0.002883,29.940090,other
NbBi3O7,-2.097080,-2.097080,0.000188,other
NbBi7O13,-1.765678,-1.765678,0.000220,other
NbBiO3,-1.999816,-1.999816,0.000189,other
NbBiO4,-2.521130,-2.518023,3.106558,other
NbBr2O,-1.708614,-1.708614,0.000218,other
NbBr3O,-1.499082,-1.499082,0.000264,other
NbBr4,-1.326321,-1.326321,0.000304,halide_only
NbBr5,-1.318180,-1.318180,0.000330,halide_only
NbCl2O,-1.928419,-1.928419,0.000295,other
NbCl3O,-1.761262,-1.761262,0.000410,other
NbCl4,-1.746708,-1.746708,0.000374,halide_only
NbCl5,-1.742917,-1.742917,0.000340,halide_only
NbCu3S4,-0.847748,-0.848222,0.474039,other
NbCu3Se4,-0.596007,-0.751087,155.080279,other
NbCuO3,-2.299577,-2.299577,0.000138,other
NbCuO3F,-2.395963,-2.395963,0.000333,other
NbCuSe2,-0.683409,-0.809703,126.294496,other
NbF3,-2.939048,-2.939048,0.000261,halide_only
NbF4,-3.187387,-3.187387,0.000204,halide_only
NbF5,-3.354788,-3.354788,0.000146,halide_only
NbFe,-0.108203,-0.108203,0.000282,other
NbFe2,-0.134794,-0.134794,0.000020,other
NbFe3,-0.048552,-0.048552,0.000040,other
NbFeF6,-2.985495,-2.985495,0.000138,halide_only
NbFeO3,-1.910904,-1.910904,0.000075,other
NbFeO4,-2.493895,-2.493895,0.000478,other
NbFeSe5,-0.794549,-0.794549,0.000428,other
NbGe2,-0.343359,-0.343359,0.000236,other
NbI2O,-1.432374,-1.432374,0.000311,other
NbI3,-0.741900,-0.741900,0.000427,halide_only
NbI3O,-1.177962,-1.177962,0.000423,other
NbI4,-0.766925,-0.766925,0.000084,halide_only
NbI5,-0.747135,-0.747135,0.000398,halide_only
NbIO2,-2.261353,-2.261353,0.000289,other
NbO,-2.287661,-2.287661,0.000069,other
NbO2,-2.897628,-2.897628,0.000194,other
NbO2F,-3.167419,-3.167419,0.000244,other
NbO3,-2.466314,-2.466314,0.000309,other
NbOF2,-2.985781,-2.985781,0.000191,other
NbOF3,-3.292387,-3.292387,0.000479,other
NbS,-1.152486,-1.152960,0.474004,other
NbS2,-1.348541,-1.349172,0.631437,other
NbS3,-1.149458,-1.150169,0.711031,other
NbS6,0.684077,0.683265,0.812346,other
NbSb,-0.195818,-0.240877,45.059347,other
NbSb2,-0.314984,-0.399002,84.017612,other
NbSb3O8,-2.175504,-2.175504,0.000464,other
NbSbO4,-2.523133,-2.523133,0.000087,other
NbSe2,-0.983443,-1.156004,172.561316,other
NbSe3,-0.763965,-1.013238,249.273300,other
NbSe4,-0.605152,-0.904139,298.986778,other
NbSeF9,-2.789800,-2.789800,0.000286,other
NbSn2,-0.117157,-0.139109,21.951802,other
NbSn3,0.326472,0.310008,16.463885,other
NbSn6OF15,-2.737318,-2.737318,0.000229,other
NbSnS2,-1.108424,-1.108898,0.473692,other
NbV,0.090806,0.090806,0.000095,other
NbV2O7,-2.586425,-2.586425,0.000045,other
NbV3O10,-2.420245,-2.420245,0.000219,other
NbV3O8,-2.636219,-2.636219,0.000447,other
NbVO4,-2.822340,-2.822340,0.000060,other
NbVO5,-2.715484,-2.715484,0.000264,other
NbZn16,-0.046279,-0.046279,0.000311,other
NbZn2,-0.161792,-0.161792,0.000433,other
NbZn3,-0.163834,-0.163834,0.000115,other
Nd14Ag51,-0.253954,-0.248487,5.466921,other
Nd14Au51,-0.634579,-0.634579,0.000263,other
Nd14Cl33,-2.402274,-2.402274,0.000464,halide_only
Nd17Au36,-0.767525,-0.767525,0.000425,other
Nd2Au,-0.552289,-0.552289,0.000104,other
Nd2O3,-3.781547,-3.781547,0.000341,other
Nd2O5,-2.680035,-2.680035,0.000396,other
Nd2Te3,-1.732659,-1.717262,15.397214,other
Nd2Te4O11,-2.274414,-2.274414,0.000325,other
Nd2Te5,-1.286536,-1.379045,92.509416,other
Nd2TeO2,-3.158509,-3.158509,0.000266,other
Nd2TeO6,-2.947876,-2.947876,0.000488,other
Nd3Ag,0.005839,0.017818,11.978818,other
Nd3Au,-0.224432,-0.224432,0.000402,other
Nd3Au4,-0.808723,-0.808723,0.000338,other
Nd3Br,-0.256991,-0.256991,0.000292,halide_only
Nd3Cl,-0.254727,-0.254727,0.000018,halide_only
Nd3Cu,0.169491,0.152919,16.571968,other
Nd3I,-0.233260,-0.233260,0.000239,halide_only
Nd3Te4,-1.676374,-1.667218,9.156446,other
Nd4Br9,-1.981391,-1.981391,0.000137,halide_only
Nd4Te7,-1.339611,-1.369271,29.660320,other
NdAg,-0.279321,-0.255363,23.957538,other
NdAg2,-0.290639,-0.279656,10.983313,other
NdAg3,-0.195882,-0.194844,1.037627,other
NdAu,-0.810882,-0.808294,2.588247,other
NdAu3,-0.650295,-0.650295,0.000181,other
NdAu6,-0.415397,-0.415397,0.000096,other
NdBr2,-2.033403,-2.033403,0.000104,halide_only
NdBr3,-2.310551,-2.310551,0.000478,halide_only
NdCl2,-2.354771,-2.354771,0.000441,halide_only
NdCl3,-2.747943,-2.747943,0.000349,halide_only
NdCu,-0.183657,-0.182831,0.826015,other
NdCu2,-0.196884,-0.202477,5.593341,other
NdCu5,-0.161857,-0.157985,3.872497,other
NdCu6,-0.128073,-0.133661,5.587979,other
NdI2,-1.557796,-1.557796,0.000116,halide_only
NdI3,-1.690401,-1.690401,0.000188,halide_only
NdO,-3.073333,-3.073333,0.000109,other
NdO2,-3.159658,-3.159658,0.000076,other
NdO3,-2.194506,-2.194506,0.000223,other
NdTe,-1.661850,-1.631999,29.851228,other
NdTe2,-1.471921,-1.537221,65.299542,other
NdTe3,-1.144065,-1.317590,173.524782,other
Ni3Ag,0.233211,0.233211,0.000393,other
NiAg3,0.184967,0.184967,0.000158,other
NiAgF3,-1.855823,-1.857899,2.076394,halide_only
NiF2,-2.317284,-2.317284,0.000440,halide_only
NiF3,-1.836945,-1.829889,7.056471,halide_only
NiF4,-1.290192,-1.290192,0.000324,halide_only
OF,0.541269,0.541269,0.000418,other
OF2,-0.495572,-0.495572,0.000466,other
OF3,-0.156755,-0.156755,0.000259,other
Os3O,0.656792,0.656792,0.000394,other
OsO2,-1.343401,-1.343401,0.000130,other
OsO4,-1.529193,-1.528395,0.798233,other
P2O3,-1.959637,-1.960506,0.868652,other
P2O5,-2.449046,-2.438860,10.186058,other
P2O9,-1.014667,-1.015062,0.395193,other
P4O7,-2.130710,-2.131499,0.789381,other
P4O9,-2.357239,-2.357907,0.667616,other
PO2,-2.264104,-2.264828,0.723865,other
PO3,-1.939242,-1.939785,0.542637,other
PO4,-1.325146,-1.325581,0.434518,other
Pb5F8,-2.293659,-2.293659,0.000281,halide_only
PbF2,-2.680342,-2.680342,0.000483,halide_only
PbF3,-2.442290,-2.442290,0.000219,halide_only
PbF4,-2.196594,-2.196594,0.000156,halide_only
Pd(AuF4)2,-1.383416,-1.383416,0.000217,halide_only
Pd2O,-0.387882,-0.387882,0.000390,other
Pd3Au,-0.049388,-0.053700,4.311785,other
Pd3F,-0.081904,-0.081904,0.000066,halide_only
Pd7O8,-0.729964,-0.729964,0.000484,other
PdAu,-0.072377,-0.061692,10.685405,other
PdAu3,-0.096255,-0.078826,17.429400,other
PdF2,-1.372743,-1.372743,0.000240,halide_only
PdF3,-1.589594,-1.574890,14.703803,halide_only
PdF4,-1.496438,-1.496438,0.000244,halide_only
PdO,-0.789826,-0.789826,0.000405,other
PdO2,-0.727527,-0.727527,0.000265,other
Pr(WO3)2,-2.525339,-2.526957,1.618059,other
Pr(WO3)5,-2.174734,-2.175428,0.693781,other
Pr(WO4)2,-2.429071,-2.430395,1.324437,other
Pr11O20,-3.259381,-3.264549,5.168130,other
Pr14Ag51,-0.235480,-0.246763,11.282708,other
Pr2(WO4)3,-2.718854,-2.720567,1.713325,other
Pr2Br5,-2.226461,-2.230622,4.161339,halide_only
Pr2I5,-1.678733,-1.682895,4.161906,halide_only
Pr2O3,-3.729270,-3.735097,5.826651,other
Pr2Te2O7,-2.485601,-2.488249,2.648152,other
Pr2Te3,-1.716815,-1.711701,5.114305,other
Pr2Te4O11,-2.264978,-2.266691,1.713435,other
Pr2Te5,-1.260647,-1.389291,128.643782,other
Pr2TeO2,-3.130870,-3.136697,5.826533,other
Pr2TeO6,-2.926918,-2.930155,3.237227,other
Pr2W2O9,-2.918131,-2.920372,2.241324,other
Pr2WO6,-3.181993,-3.185230,3.237052,other
Pr3Ag,0.023751,0.010231,13.520163,other
Pr3Br,-0.268484,-0.279409,10.924700,halide_only
Pr3Cl,-0.283488,-0.294413,10.924534,halide_only
Pr3Cu,0.154554,0.157243,2.689246,other
Pr3I,-0.243663,-0.254588,10.924691,halide_only
Pr3Te4,-1.692802,-1.686400,6.401883,other
Pr5Cl12,-2.502242,-2.506527,4.284520,halide_only
Pr5O9,-3.254285,-3.259487,5.201634,other
Pr6O11,-3.236620,-3.241761,5.140546,other
Pr7O12,-3.400515,-3.405881,5.365813,other
Pr9O16,-3.308003,-3.313247,5.244142,other
PrAg,-0.231795,-0.244269,12.474131,other
PrAg2,-0.265721,-0.277497,11.775928,other
PrBr3,-2.306216,-2.309858,3.641561,halide_only
PrCl3,-2.754478,-2.758119,3.641031,halide_only
PrCu,-0.157140,-0.151761,5.379138,other
PrCu2,-0.173217,-0.193003,19.785823,other
PrCu5,-0.145316,-0.148227,2.910974,other
PrCu6,-0.114351,-0.124609,10.257871,other
PrF3,-4.405968,-4.409610,3.641701,halide_only
PrI2,-1.567806,-1.572662,4.855678,halide_only
PrI3,-1.689724,-1.693366,3.641624,halide_only
PrI6,-0.416796,-0.418877,2.080948,halide_only
PrO,-3.039014,-3.046297,7.282945,other
PrO2,-3.020819,-3.025674,4.855318,other
PrO3,-1.938388,-1.942029,3.641110,other
PrTe,-1.673009,-1.648675,24.333749,other
PrTe2,-1.485818,-1.552426,66.607774,other
PrTe3,-1.150842,-1.326012,175.170089,other
PrW3,0.765199,0.765199,0.000174,other
PrWO5,-2.576855,-2.578936,2.080910,other
Rb(CrS2)2,-1.121037,-1.121579,0.541934,other
Rb(CuO5)2,-0.250629,-0.250629,0.000038,other
Rb(IO3)3,-0.824145,-0.824145,0.000454,other
Rb(In3Au2)2,-0.247204,-0.251289,4.085359,other
Rb(InAu2)2,-0.264515,-0.266655,2.139726,other
Rb(MoS)3,-1.020205,-1.020611,0.405789,other
Rb(MoS)9,-0.879384,-0.879833,0.448547,other
Rb(MoSe)3,-0.917732,-0.917732,0.000246,other
Rb(Nb2Cl5)3,-1.751430,-1.751430,0.000332,halide_only
Rb(Nb3S4)2,-1.397279,-1.397785,0.505784,other
Rb(Nb3Se4)2,-1.147806,-1.147806,0.000074,other
Rb(NbS2)2,-1.341741,-1.342283,0.542006,other
Rb(OsO3)2,-1.662313,-1.662313,0.000256,other
Rb(SbSe2)2,-0.767053,-0.767053,0.000457,other
Rb(SeO3)2,-1.105070,-1.105070,0.000004,other
Rb(SnSe2)2,-0.876201,-0.876201,0.000388,other
Rb(Ti3Se4)2,-1.470685,-1.470685,0.000226,other
Rb(V3S4)2,-1.290753,-1.291258,0.505089,other
Rb(WCl3)3,-1.379901,-1.379901,0.000168,halide_only
Rb(WO3)2,-2.209892,-2.209892,0.000131,other
Rb(WO3)3,-2.357932,-2.241700,116.232415,other
Rb(WO3)4,-2.234418,-2.234418,0.000279,other
Rb(WO3)6,-2.229965,-2.229965,0.000135,other
Rb(WO4)8,-1.444347,-1.444347,0.000448,other
Rb11Cu18(Cl15O)2,-0.997681,-0.997681,0.000455,other
Rb11Mn8O16,-1.765461,-1.765461,0.000459,other
Rb12Sn2Bi6O,-0.448584,-0.448584,0.000234,other
Rb12Sn2Sb6O,-0.503085,-0.503085,0.000210,other
Rb14ZnGe16,-0.181604,-0.181604,0.000432,other
Rb15Hg16,-0.220794,-0.223887,3.092933,other
Rb16O3,-0.498471,-0.498471,0.000310,other
Rb16Sn16F47,-2.745333,-2.745333,0.000162,halide_only
Rb17Fe5O16,-1.555261,-1.555261,0.000184,other
Rb19O3,-0.450836,-0.450836,0.000465,other
Rb2(NbBr3)3,-1.518234,-1.518234,0.000019,halide_only
Rb2(NbCl3)3,-1.884429,-1.884429,0.000316,halide_only
Rb2(WO3)9,-2.231837,-2.231837,0.000224,other
Rb2(WO4)3,-1.667108,-1.667108,0.000444,other
Rb2Ag4S3,-0.630636,-0.635566,4.929744,other
Rb2AgAsF6,-2.428953,-2.431092,2.138716,other
Rb2AgAuBr6,-1.175397,-1.176435,1.037708,halide_only
Rb2AgAuF6,-2.028579,-2.029617,1.037935,halide_only
Rb2AgBiBr6,-1.413071,-1.414109,1.037787,halide_only
Rb2AgBiCl6,-1.665005,-1.666043,1.037859,halide_only
Rb2AgBiF6,-2.541658,-2.542696,1.038420,halide_only
Rb2AgBiI6,-1.038920,-1.039958,1.038110,halide_only
Rb2AgBr3,-1.576850,-1.578581,1.730528,halide_only
Rb2AgCl3,-1.764682,-1.766412,1.729782,halide_only
Rb2AgI3,-1.290396,-1.292127,1.730774,halide_only
Rb2AgIrF6,-2.165944,-2.166982,1.037905,halide_only
Rb2AgMoBr6,-1.299247,-1.300285,1.038000,halide_only
Rb2AgMoCl6,-1.596524,-1.597562,1.037877,halide_only
Rb2AgMoF6,-2.590172,-2.591211,1.038661,halide_only
Rb2AgMoI6,-0.891455,-0.892493,1.038049,halide_only
Rb2AgRuF6,-2.242717,-2.243755,1.038293,halide_only
Rb2AgSbBr6,-1.366275,-1.367313,1.038104,other
Rb2AgSbCl6,-1.615789,-1.616827,1.038227,other
Rb2AgSbF6,-2.512758,-2.513796,1.037982,other
Rb2AgSbI6,-0.998725,-0.999763,1.037990,other
Rb2AlAgCl6,-1.860688,-1.861726,1.037705,halide_only
Rb2AlAuBr6,-1.413173,-1.413173,0.000199,halide_only
Rb2AlAuCl6,-1.724264,-1.724264,0.000012,halide_only
Rb2AlHgBr6,-1.486221,-1.486820,0.599311,halide_only
Rb2AlInI6,-1.134807,-1.135556,0.748660,halide_only
Rb2AlTlF6,-3.190441,-3.191324,0.882682,halide_only
Rb2As3,-0.406986,-0.413589,6.602770,other
Rb2AsAuCl6,-1.425246,-1.426347,1.100715,other
Rb2AsAuF6,-2.256114,-2.257214,1.100329,other
Rb2AsAuI6,-0.875864,-0.876964,1.100442,other
Rb2Au3,-0.298639,-0.298639,0.000149,other
Rb2AuBr,-0.736682,-0.736682,0.000458,halide_only
Rb2AuI,-0.581081,-0.581081,0.000420,halide_only
Rb2Bi(ClO4)5,-0.805905,-0.805905,0.000351,other
Rb2Bi(IO3)5,-1.178713,-1.178713,0.000138,other
Rb2Bi2O5,-1.553811,-1.553811,0.000039,other
Rb2Bi3F11,-2.761035,-2.761035,0.000454,halide_only
Rb2Bi4O7,-1.692791,-1.692791,0.000418,other
Rb2Bi4Se7,-0.891964,-0.891964,0.000033,other
Rb2Bi8Se13,-0.790410,-0.790410,0.000275,other
Rb2BiF5,-2.891032,-2.891032,0.000463,halide_only
Rb2CeAgF6,-3.117869,-3.119294,1.424681,halide_only
Rb2CeBr5,-2.194874,-2.195356,0.482292,halide_only
Rb2CeCuBr6,-1.796529,-1.796915,0.385761,halide_only
Rb2CeCuF6,-3.086116,-3.086502,0.385863,halide_only
Rb2Cr(BrCl)2,-1.618577,-1.618577,0.000406,halide_only
Rb2Cr2O5,-1.838674,-1.838674,0.000209,other
Rb2Cr2O7,-1.935193,-1.933981,1.211685,other
Rb2Cr3O10,-1.821339,-1.821339,0.000393,other
Rb2Cr4O13,-1.758261,-1.758261,0.000323,other
Rb2Cr5F17,-3.052632,-3.052632,0.000132,halide_only
Rb2CrAgF6,-2.736344,-2.737383,1.038518,halide_only
Rb2CrBrCl3,-1.761090,-1.761090,0.000136,halide_only
Rb2CrCl4,-1.906376,-1.906376,0.000232,halide_only
Rb2CrCl5O,-1.386831,-1.386831,0.000265,other
Rb2CrF5,-3.101502,-3.101502,0.000303,halide_only
Rb2CrF6,-2.964470,-2.964470,0.000058,halide_only
Rb2CrHgF6,-2.569648,-2.570247,0.599158,halide_only
Rb2CrO4,-2.060843,-2.060843,0.000094,other
Rb2Cu(Cl2O)2,-0.802349,-0.802349,0.000104,other
Rb2Cu(ClF)2,-1.861272,-1.861272,0.000019,halide_only
Rb2Cu2Sb2S5,-0.797405,-0.797836,0.431116,other
Rb2CuBr3,-1.533088,-1.533088,0.000330,halide_only
Rb2CuCl3,-1.741428,-1.741428,0.000332,halide_only
Rb2CuCl4,-1.694722,-1.694722,0.000050,halide_only
Rb2CuF4,-2.510606,-2.510606,0.000325,halide_only
Rb2CuF6,-2.275410,-2.275410,0.000357,halide_only
Rb2CuMoI6,-0.831397,-0.831397,0.000474,halide_only
Rb2CuRuF6,-2.227582,-2.227582,0.000481,halide_only
Rb2CuSbBr6,-1.329702,-1.329702,0.000423,other
Rb2CuSbCl6,-1.588268,-1.588268,0.000084,other
Rb2CuSbF6,-2.478412,-2.478412,0.000259,other
Rb2DyAgCl6,-2.177880,-2.180077,2.197331,halide_only
Rb2DyCuCl6,-2.135853,-2.137012,1.159279,halide_only
Rb2ErCl5,-2.542473,-2.542473,0.000210,halide_only
Rb2ErCuCl6,-2.138553,-2.138553,0.000284,halide_only
Rb2EuAgCl6,-2.028010,-2.032160,4.149601,halide_only
Rb2EuCl5,-2.332085,-2.335974,3.888617,halide_only
Rb2EuCuCl6,-2.056442,-2.059553,3.111167,halide_only
Rb2Fe2O3,-1.497959,-1.497959,0.000138,other
Rb2Fe4O7,-1.647522,-1.647522,0.000417,other
Rb2FeCl5O,-1.114552,-1.114552,0.000363,other
Rb2FeCuF6,-2.537693,-2.537693,0.000304,halide_only
Rb2FeF4,-2.827274,-2.827274,0.000439,halide_only
Rb2FeF5,-2.897581,-2.897581,0.000125,halide_only
Rb2FeI4,-1.143363,-1.143363,0.000469,halide_only
Rb2FeO4,-1.431149,-1.431149,0.000211,other
Rb2FeOF5,-2.322596,-2.322596,0.000222,other
Rb2Ga2Ge3O10,-2.234889,-2.234889,0.000150,other
Rb2GaAgBr6,-1.397194,-1.398232,1.037805,halide_only
Rb2GaAgCl6,-1.686175,-1.687213,1.038417,halide_only
Rb2GaAgF6,-2.697005,-2.698043,1.037792,halide_only
Rb2GaAgI6,-0.992076,-0.993114,1.037811,halide_only
Rb2GaAuBr6,-1.304551,-1.304551,0.000341,halide_only
Rb2GaAuI6,-0.945515,-0.945515,0.000125,halide_only
Rb2GaHgCl6,-1.639718,-1.640317,0.598727,halide_only
Rb2GaHgF6,-2.623207,-2.623806,0.598796,halide_only
Rb2GdAgCl6,-2.172756,-2.173794,1.037684,halide_only
Rb2GdCl5,-2.546788,-2.546788,0.000076,halide_only
Rb2Ge2O5,-2.098879,-2.098879,0.000089,other
Rb2Ge2S5,-1.054963,-1.055490,0.526773,other
Rb2Ge2Se5,-0.960065,-0.960065,0.000381,other
Rb2Ge4O9,-2.152708,-2.152708,0.000218,other
Rb2GeF6,-3.047692,-3.042695,4.996922,halide_only
Rb2GeO3,-2.076389,-2.076389,0.000065,other
Rb2GeS3,-1.196571,-1.197045,0.474077,other
Rb2GeSe3,-1.110592,-1.110592,0.000219,other
Rb2Hg7,-0.211010,-0.215670,4.660463,other
Rb2HgAsBr6,-1.264039,-1.265739,1.699886,other
Rb2HgAsF6,-2.381093,-2.382792,1.699207,other
Rb2HgAsI6,-0.935898,-0.937597,1.699352,other
Rb2HgAu,-0.213561,-0.215059,1.498115,other
Rb2HgAuBr6,-1.185461,-1.186060,0.598720,halide_only
Rb2HgAuF6,-2.036591,-2.037190,0.599134,halide_only
Rb2HgBiF6,-2.470993,-2.471593,0.599629,halide_only
Rb2HgF4,-2.427427,-2.428283,0.855787,halide_only
Rb2HgMoF6,-2.481616,-2.482215,0.599407,halide_only
Rb2HgPdF6,-2.150698,-2.151297,0.598975,halide_only
Rb2IO,-1.216752,-1.216752,0.000033,other
Rb2In(IO3)6,-1.098673,-1.098950,0.277056,other
Rb2In2Sb3,-0.421848,-0.423988,2.140021,other
Rb2In3,-0.124513,-0.129007,4.494374,other
Rb2In3F11,-2.915714,-2.917118,1.404434,halide_only
Rb2In4O7,-1.894328,-1.896633,2.304946,other
Rb2InAgBr6,-1.437007,-1.438794,1.787299,halide_only
Rb2InAgCl6,-1.710747,-1.712534,1.786821,halide_only
Rb2InAgF6,-2.621294,-2.623081,1.787403,halide_only
Rb2InAgI6,-1.040269,-1.042056,1.787425,halide_only
Rb2InAuBr6,-1.338829,-1.339578,0.748693,halide_only
Rb2InCl5O,-1.228493,-1.229325,0.831983,other
Rb2InSbCl6,-1.670330,-1.671079,0.748719,other
Rb2InSbI6,-1.049155,-1.049904,0.748718,other
Rb2IrAuF6,-1.978464,-1.978464,0.000259,halide_only
Rb2IrF6,-2.479028,-2.479028,0.000379,halide_only
Rb2LuAuCl6,-2.042166,-2.042240,0.073769,halide_only
Rb2LuCl5,-2.542099,-2.542191,0.092395,halide_only
Rb2Mn(Cl2O)2,-1.172760,-1.172760,0.000322,other
Rb2Mn2(SO4)3,-2.147585,-2.147734,0.149463,other
Rb2Mn3O4,-1.754988,-1.754988,0.000468,other
Rb2Mn3S4,-1.005956,-1.006378,0.421547,other
Rb2Mn3Se4,-0.921309,-0.921309,0.000326,other
Rb2MnAuF6,-2.443465,-2.443465,0.000000,halide_only
Rb2MnBi2,0.525006,0.525006,0.000499,other
Rb2MnBr4,-1.662182,-1.662182,0.000246,halide_only
Rb2MnCl4,-1.954091,-1.954091,0.000317,halide_only
Rb2MnCl6,-1.839558,-1.839558,0.000212,halide_only
Rb2MnCuF6,-2.663995,-2.663995,0.000111,halide_only
Rb2MnF4,-2.984186,-2.984186,0.000034,halide_only
Rb2MnF5,-2.971679,-2.971679,0.000179,halide_only
Rb2MnF6,-2.901657,-2.900221,1.436356,halide_only
Rb2MnI4,-1.301133,-1.301133,0.000076,halide_only
Rb2MnO4,-1.721546,-1.721546,0.000100,other
Rb2MnOF5,-2.416599,-2.416599,0.000039,other
Rb2MnS2,-1.198132,-1.198511,0.378990,other
Rb2MnSb2,0.461804,0.461804,0.000183,other
Rb2MnSe2,-1.114751,-1.114751,0.000238,other
Rb2MnTlF6,-2.722112,-2.722995,0.882668,halide_only
Rb2MnV2(ClO3)2,-2.194380,-2.194380,0.000373,other
Rb2MnV2O7,-2.388964,-2.388964,0.000201,other
Rb2Mo,1.071104,1.071104,0.000385,other
Rb2Mo(IO3)6,-1.157499,-1.157499,0.000132,other
Rb2Mo(O2F)2,-1.950750,-1.950750,0.000285,other
Rb2Mo(OF2)2,-2.693968,-2.693968,0.000394,other
Rb2Mo15S19,-0.696724,-0.697224,0.500188,other
Rb2Mo15Se19,-0.853667,-0.853667,0.000030,other
Rb2Mo2O5,-1.719428,-1.719428,0.000417,other
Rb2Mo2O7,-2.134648,-2.134648,0.000254,other
Rb2Mo3O10,-2.109251,-2.109251,0.000237,other
Rb2Mo3O11,-1.813846,-1.813846,0.000248,other
Rb2Mo4O13,-2.059112,-2.059112,0.000364,other
Rb2Mo9S11,-1.032073,-1.032547,0.473911,other
Rb2Mo9Se10,-0.889815,-0.889815,0.000090,other
Rb2MoBr6,-1.483273,-1.483273,0.000248,halide_only
Rb2MoO4,-2.199642,-2.199642,0.000207,other
Rb2MoO8,-1.035632,-1.035632,0.000130,other
Rb2MoS4,-1.241346,-1.241888,0.542088,other
Rb2MoSe4,-1.099977,-1.099977,0.000281,other
Rb2Nb2O5,-2.438243,-2.438243,0.000380,other
Rb2Nb3Cl7O5,-2.208160,-2.208160,0.000156,other
Rb2NbAuF6,-2.611981,-2.611981,0.000398,halide_only
Rb2NbCl6,-2.021577,-2.021577,0.000061,halide_only
Rb2NbCuF6,-2.583126,-2.583126,0.000113,halide_only
Rb2NbCuS2,-0.500106,-0.500422,0.315859,other
Rb2NbCuS4,-1.316151,-1.316625,0.474008,other
Rb2NbCuSe4,-1.192567,-1.192567,0.000016,other
Rb2NbF6,-3.234930,-3.234930,0.000427,halide_only
Rb2NdAgCl6,-2.153738,-2.154777,1.038520,halide_only
Rb2NdAuCl6,-2.016025,-2.016025,0.000366,halide_only
Rb2NdCl5,-2.553507,-2.553507,0.000420,halide_only
Rb2NdCuI6,-1.355391,-1.355391,0.000318,halide_only
Rb2NdI5,-1.727240,-1.727240,0.000073,halide_only
Rb2NiAgF6,-2.335943,-2.336981,1.038134,halide_only
Rb2NiF4,-2.710478,-2.710478,0.000238,halide_only
Rb2NiF6,-2.389312,-2.389312,0.000449,halide_only
Rb2O,-1.133168,-1.133168,0.000373,other
Rb2O2,-1.232994,-1.232994,0.000439,other
Rb2O3,-1.023841,-1.023841,0.000265,other
Rb2Pd,0.100386,0.100386,0.000438,other
Rb2PdF6,-2.400922,-2.400922,0.000404,halide_only
Rb2PrAgBr6,-1.848100,-1.850595,2.494939,halide_only
Rb2PrAgF6,-3.113328,-3.115823,2.495128,halide_only
Rb2PrBr5,-2.215621,-2.217442,1.820547,halide_only
Rb2PrCuBr6,-1.800356,-1.801813,1.457053,halide_only
Rb2S,-1.160751,-1.161067,0.315713,other
Rb2S2O7,-2.116046,-2.115696,0.350488,other
Rb2S3,-1.086622,-1.087191,0.568600,other
Rb2S5,-0.955290,-0.955967,0.677074,other
Rb2SO4,-2.265060,-2.265195,0.134922,other
Rb2Sb2OF10,-2.832431,-2.832431,0.000458,other
Rb2Sb4O11,-1.982252,-1.982252,0.000222,other
Rb2Sb4S7,-0.822465,-0.822976,0.510728,other
Rb2Sb8O13,-1.811913,-1.811913,0.000315,other
Rb2SbAuBr6,-1.274948,-1.274948,0.000300,other
Rb2SbAuCl6,-1.500799,-1.500799,0.000176,other
Rb2SbAuF6,-2.340488,-2.340488,0.000282,other
Rb2SbAuI6,-0.939175,-0.939175,0.000301,other
Rb2SbBr6,-1.468267,-1.468267,0.000014,other
Rb2SbCl3F2,-2.062817,-2.062817,0.000201,other
Rb2SbCl6,-1.747992,-1.747992,0.000011,other
Rb2SbF5,-2.853933,-2.853933,0.000430,other
Rb2ScAgCl6,-2.120683,-2.121721,1.038094,halide_only
Rb2ScAgI6,-1.343710,-1.344749,1.038542,halide_only
Rb2ScAuI6,-1.252792,-1.252792,0.000255,halide_only
Rb2ScCuCl6,-2.079404,-2.079404,0.000062,halide_only
Rb2ScTlI6,-1.427645,-1.428528,0.882608,halide_only
Rb2Se,-1.207288,-1.207288,0.000049,other
Rb2Se2O7,-1.553559,-1.553559,0.000319,other
Rb2Se3,-1.080183,-1.080183,0.000160,other
Rb2Se5,-0.918578,-0.918578,0.000355,other
Rb2SeCl6,-1.534149,-1.534149,0.000193,other
Rb2SeO4,-1.802562,-1.802562,0.000072,other
Rb2SmAgCl6,-2.163510,-2.164548,1.038465,halide_only
Rb2SmCl5,-2.550694,-2.550694,0.000324,halide_only
Rb2SmCuCl6,-2.123315,-2.123315,0.000220,halide_only
Rb2Sn2O3,-1.720435,-1.720435,0.000254,other
Rb2Sn2Se5,-0.991024,-0.991024,0.000071,other
Rb2Sn3(SbS5)2,-0.849423,-0.849981,0.557824,other
Rb2Sn3O7,-2.051513,-2.051513,0.000311,other
Rb2Sn4S9,-0.907031,-0.907600,0.568984,other
Rb2SnBr6,-1.571369,-1.571369,0.000052,halide_only
Rb2SnCl6,-1.888470,-1.888470,0.000097,halide_only
Rb2SnF6,-3.031114,-3.031114,0.000412,halide_only
Rb2SnI6,-1.115195,-1.115195,0.000107,halide_only
Rb2SnO12,-0.547226,-0.547226,0.000320,other
Rb2SnO2,-1.644155,-1.644155,0.000352,other
Rb2SnO3,-1.923213,-1.923213,0.000445,other
Rb2SnSe3,-1.137569,-1.137569,0.000379,other
Rb2Ta15O32,-3.131064,-3.133865,2.801357,other
Rb2Ta2O5,-2.559320,-2.561353,2.033267,other
Rb2TaCuBr6,-1.271575,-1.272490,0.915125,halide_only
Rb2TaCuCl6,-1.589304,-1.590219,0.914946,halide_only
Rb2TaCuF6,-2.515931,-2.516846,0.914640,halide_only
Rb2TaCuS2,-0.303758,-0.305598,1.840476,other
Rb2TaCuS4,-1.348463,-1.350080,1.617353,other
Rb2TaCuSe2,-0.138916,-0.140440,1.524488,other
Rb2TaCuSe4,-1.203748,-1.204892,1.143576,other
Rb2TaF7,-3.502551,-3.503466,0.914715,halide_only
Rb2TbAuCl6,-2.038042,-2.038391,0.349483,halide_only
Rb2Ti(WO4)3,-2.492751,-2.492751,0.000170,other
Rb2Ti4O9,-3.249523,-3.249523,0.000202,other
Rb2Ti6O13,-3.332098,-3.332098,0.000468,other
Rb2TiAuF6,-2.846546,-2.846546,0.000348,halide_only
Rb2TiCl6,-2.212139,-2.212139,0.000244,halide_only
Rb2TiHgF6,-3.085599,-3.086198,0.598810,halide_only
Rb2TiO3,-2.751183,-2.751183,0.000317,other
Rb2TiOF5,-2.921802,-2.921802,0.000213,other
Rb2TiTlF6,-3.063017,-3.063900,0.882553,halide_only
Rb2TlAgCl6,-1.546816,-1.548737,1.921327,halide_only
Rb2TlAsBr6,-1.374339,-1.376323,1.983782,other
Rb2TlAu3,-0.275524,-0.276996,1.471899,other
Rb2TlAuBr6,-1.256675,-1.257558,0.883068,halide_only
Rb2TlAuI6,-0.940620,-0.941502,0.882476,halide_only
Rb2TlCrF6,-2.872347,-2.873230,0.882574,halide_only
Rb2TlCuCl6,-1.549226,-1.550109,0.882705,halide_only
Rb2TlCuF6,-2.388859,-2.389742,0.882815,halide_only
Rb2TlGaCl6,-1.783498,-1.784381,0.882760,halide_only
Rb2TlHgBr6,-1.335002,-1.336484,1.482008,halide_only
Rb2TlHgCl6,-1.553896,-1.555378,1.481780,halide_only
Rb2TlInBr6,-1.527621,-1.529253,1.631651,halide_only
Rb2TlInI6,-1.121704,-1.123336,1.631651,halide_only
Rb2TlSbBr6,-1.447817,-1.448700,0.882711,other
Rb2TlSbI6,-1.072368,-1.073251,0.882668,other
Rb2TlVF6,-2.840165,-2.841048,0.882895,halide_only
Rb2V(OF2)2,-2.561073,-2.561073,0.000238,other
Rb2V2O5,-2.199118,-2.199118,0.000419,other
Rb2V3O8,-2.452018,-2.452018,0.000032,other
Rb2V4O9,-2.458522,-2.458522,0.000248,other
Rb2VAgF6,-2.706077,-2.707115,1.038385,halide_only
Rb2VCl6,-1.955506,-1.955506,0.000187,halide_only
Rb2VCuF6,-2.683566,-2.683566,0.000040,halide_only
Rb2VF6,-3.105047,-3.074454,30.592688,halide_only
Rb2W(OF2)2,-2.681571,-2.681571,0.000263,other
Rb2W2O5,-1.680030,-1.680030,0.000097,other
Rb2W2O7,-2.276563,-2.276563,0.000036,other
Rb2WBr6,-1.430904,-1.430904,0.000369,halide_only
Rb2WCl6,-1.785060,-1.785060,0.000032,halide_only
Rb2WO4,-2.248734,-2.248734,0.000470,other
Rb2WS4,-1.282151,-1.282692,0.541421,other
Rb2WSO4,-1.468562,-1.468681,0.118951,other
Rb2WSe4,-1.108412,-1.108412,0.000197,other
Rb2YAuCl6,-2.033465,-2.037727,4.262108,halide_only
Rb2YCl5,-2.532512,-2.537840,5.327822,halide_only
Rb2YHgCl6,-2.074223,-2.079084,4.861205,halide_only
Rb2YInF6,-3.289041,-3.294052,5.011265,halide_only
Rb2Zn3O4,-1.678057,-1.678057,0.000366,other
Rb2Zn3S4,-1.181670,-1.182091,0.421149,other
Rb2Zn5Sb4,-0.292523,-0.292523,0.000433,other
Rb2ZnBr4,-1.745263,-1.745263,0.000051,halide_only
Rb2ZnCl3,-1.734019,-1.734019,0.000484,halide_only
Rb2ZnCl4,-2.016082,-2.016082,0.000221,halide_only
Rb2ZnF4,-2.839458,-2.839458,0.000201,halide_only
Rb2ZnI3,-1.119441,-1.119441,0.000470,halide_only
Rb2ZnI4,-1.363434,-1.363434,0.000428,halide_only
Rb2ZnO2,-1.548432,-1.548432,0.000250,other
Rb2Zr(IO3)6,-1.369478,-1.369478,0.000457,other
Rb2Zr(MoO4)3,-2.384656,-2.384656,0.000275,other
Rb2Zr2O5,-3.013763,-3.013763,0.000016,other
Rb2Zr3OF12,-3.857519,-3.857519,0.000302,other
Rb2ZrCl6,-2.356490,-2.356490,0.000248,halide_only
Rb2ZrF6,-3.659137,-3.659137,0.000461,halide_only
Rb2ZrO3,-2.750552,-2.750381,0.170983,other
Rb2ZrS4,-1.559197,-1.559738,0.541249,other
Rb3(Cr5Se8)4,-0.901888,-0.901888,0.000062,other
Rb3(Cu4S3)2,-0.658364,-0.658699,0.334530,other
Rb3(Cu4Se3)2,-0.617369,-0.617369,0.000165,other
Rb3(FeS2)2,-1.036669,-1.037091,0.421705,other
Rb3(FeSe2)2,-0.952661,-0.952661,0.000351,other
Rb3(MoCl4)2,-1.635283,-1.635283,0.000116,halide_only
Rb3(MoO3)10,-2.010198,-2.010198,0.000119,other
Rb3(SO4)2,-2.105272,-2.105418,0.146307,other
Rb3(SeO4)2,-1.595274,-1.595274,0.000427,other
Rb3Ag,0.138862,0.136266,2.595857,other
Rb3AgO2,-1.127836,-1.129567,1.730752,other
Rb3Al,0.353391,0.353391,0.000119,other
Rb3AlBr6,-1.790982,-1.790982,0.000424,halide_only
Rb3AlCl6,-2.143751,-2.143751,0.000348,halide_only
Rb3AlF6,-3.395192,-3.395192,0.000433,halide_only
Rb3AlI6,-1.309150,-1.309150,0.000069,halide_only
Rb3As,-0.246091,-0.248842,2.750748,other
Rb3As11,-0.267541,-0.276187,8.646465,other
Rb3As7,-0.356748,-0.364451,7.702595,other
Rb3AsBr6,-1.519303,-1.520403,1.100323,other
Rb3AsCl6,-1.785250,-1.786350,1.100473,other
Rb3AsF6,-2.750336,-2.751436,1.100204,other
Rb3AsI6,-1.134053,-1.135154,1.100520,other
Rb3Au3Br8,-1.198975,-1.198975,0.000306,halide_only
Rb3Au3Cl8,-1.393397,-1.393397,0.000103,halide_only
Rb3Au3I8,-0.930937,-0.930937,0.000392,halide_only
Rb3Au7,-0.276466,-0.276466,0.000496,other
Rb3AuBr6,-1.323843,-1.323843,0.000381,halide_only
Rb3AuCl6,-1.546095,-1.546095,0.000187,halide_only
Rb3AuF6,-2.292462,-2.292462,0.000453,halide_only
Rb3Ba,0.150171,0.150171,0.000456,other
Rb3Bi,-0.319146,-0.319146,0.000304,other
Rb3Bi2,-0.304667,-0.304667,0.000488,other
Rb3Bi2Br9,-1.577431,-1.577431,0.000056,halide_only
Rb3Bi2I9,-1.177800,-1.177800,0.000071,halide_only
Rb3BiBr6,-1.725257,-1.725257,0.000258,halide_only
Rb3BiCl6,-1.921171,-1.921171,0.000498,halide_only
Rb3BiF6,-2.868386,-2.868386,0.000138,halide_only
Rb3BiO3,-1.621196,-1.621196,0.000139,other
Rb3BiSe3,-1.143013,-1.143013,0.000033,other
Rb3Br2Cl,-1.917131,-1.917131,0.000078,halide_only
Rb3BrF12,-1.192212,-1.192212,0.000495,halide_only
Rb3BrO,-1.393606,-1.393606,0.000397,other
Rb3Ce,0.803881,0.802916,0.965484,other
Rb3CeF6,-3.447142,-3.447528,0.386492,halide_only
Rb3ClO,-1.471404,-1.471404,0.000288,other
Rb3Cr,0.691647,0.691647,0.000048,other
Rb3CrF6,-3.073011,-3.073011,0.000429,halide_only
Rb3CrF7,-2.942551,-2.942551,0.000189,halide_only
Rb3CrO8,-1.123869,-1.123869,0.000171,other
Rb3Cu2Cl7,-1.611629,-1.611629,0.000076,halide_only
Rb3Cu3Cl8O,-1.107243,-1.107243,0.000222,other
Rb3Cu5O4,-1.083095,-1.083095,0.000424,other
Rb3CuO2,-1.237838,-1.237838,0.000240,other
Rb3Dy,0.633603,0.630706,2.896953,other
Rb3DyCl6,-2.503524,-2.504683,1.159189,halide_only
Rb3Er,0.631119,0.631119,0.000444,other
Rb3ErCl6,-2.506357,-2.506357,0.000479,halide_only
Rb3EuCl6,-2.313438,-2.316549,3.111090,halide_only
Rb3FeCl5,-1.896983,-1.896983,0.000267,halide_only
Rb3FeF3,-1.930973,-1.930973,0.000210,halide_only
Rb3FeF6,-2.902380,-2.902380,0.000380,halide_only
Rb3FeMo4O15,-1.936756,-1.936756,0.000411,other
Rb3FeO3,-1.587311,-1.587311,0.000184,other
Rb3FeS3,-1.109423,-1.109829,0.406449,other
Rb3Ga,0.215421,0.215421,0.000332,other
Rb3GaBr6,-1.646787,-1.646787,0.000226,halide_only
Rb3GaCl6,-1.957375,-1.957375,0.000119,halide_only
Rb3GaF6,-3.035272,-3.035272,0.000276,halide_only
Rb3GaI6,-1.206887,-1.206887,0.000245,halide_only
Rb3GaO3,-1.829943,-1.829943,0.000027,other
Rb3Gd,0.722959,0.722959,0.000422,other
Rb3GdCl6,-2.440696,-2.440696,0.000102,halide_only
Rb3Ge,0.196879,0.196879,0.000071,other
Rb3Ge2Br7,-1.518547,-1.518547,0.000294,halide_only
Rb3GeF7,-3.008013,-3.008013,0.000418,halide_only
Rb3Hg,-0.043142,-0.044639,1.497427,other
Rb3Hg20,-0.120736,-0.125946,5.210478,other
Rb3IO,-1.326516,-1.326516,0.000398,other
Rb3IO5,-1.493134,-1.493134,0.000368,other
Rb3In,0.102853,0.100980,1.872661,other
Rb3In(IO3)6,-1.239729,-1.239997,0.267811,other
Rb3InBr6,-1.685311,-1.686060,0.748901,halide_only
Rb3InCl6,-1.978112,-1.978861,0.748946,halide_only
Rb3InF6,-2.954237,-2.954986,0.749183,halide_only
Rb3InI6,-1.258683,-1.259432,0.749348,halide_only
Rb3InO3,-1.641001,-1.642071,1.070470,other
Rb3InS3,-1.256923,-1.258400,1.476710,other
Rb3Ir,0.790551,0.790551,0.000454,other
Rb3IrF6,-2.505200,-2.505200,0.000035,halide_only
Rb3Lu,0.623896,0.623712,0.184088,other
Rb3LuCl6,-2.505187,-2.505261,0.073775,halide_only
Rb3Mn,0.683111,0.683111,0.000010,other
Rb3Mn16O32,-1.922244,-1.922244,0.000441,other
Rb3Mn2Br7,-1.594595,-1.594595,0.000364,halide_only
Rb3Mn2Cl7,-1.898142,-1.898142,0.000461,halide_only
Rb3MnBr5,-1.760336,-1.760336,0.000338,halide_only
Rb3MnF6,-2.895906,-2.895906,0.000401,halide_only
Rb3MnF7,-2.889452,-2.889452,0.000195,halide_only
Rb3MnO3,-1.655167,-1.655167,0.000024,other
Rb3Mo,1.204717,1.204717,0.000359,other
Rb3Mo15Se17,-0.877997,-0.877997,0.000142,other
Rb3Mo2Br9,-1.447568,-1.447568,0.000433,halide_only
Rb3Mo2Cl9,-1.778062,-1.778062,0.000264,halide_only
Rb3MoF6,-2.926571,-2.926571,0.000042,halide_only
Rb3Nb,1.181302,1.181302,0.000156,other
Rb3Nb20O34,-2.673855,-2.673855,0.000415,other
Rb3Nb2Br9,-1.632117,-1.632117,0.000167,halide_only
Rb3Nb2S11,-1.179776,-1.180427,0.651353,other
Rb3NbF12,-2.405466,-2.405466,0.000000,halide_only
Rb3NbF6,-2.954308,-2.954308,0.000371,halide_only
Rb3NbO8,-1.679316,-1.679316,0.000392,other
Rb3NbS4,-1.485389,-1.485863,0.473930,other
Rb3Nd,0.600768,0.600768,0.000380,other
Rb3NdCl6,-2.422248,-2.422248,0.000055,halide_only
Rb3NiF6,-2.565662,-2.565662,0.000056,halide_only
Rb3NiF7,-2.465774,-2.465774,0.000154,halide_only
Rb3Os,1.408671,1.408671,0.000127,other
Rb3Pd,0.192676,0.192676,0.000211,other
Rb3PdF5,-2.498423,-2.498423,0.000109,halide_only
Rb3PdF6,-2.446416,-2.446416,0.000360,halide_only
Rb3Pr,0.583858,0.580216,3.641599,other
Rb3PrF6,-3.444376,-3.445833,1.456584,halide_only
Rb3Ru,1.112439,1.112439,0.000011,other
Rb3RuF12,-1.732775,-1.732775,0.000327,halide_only
Rb3RuF6,-2.578037,-2.578037,0.000079,halide_only
Rb3Sb,-0.395675,-0.395675,0.000121,other
Rb3Sb2Au3,-0.461998,-0.461998,0.000391,other
Rb3Sb2Br9,-1.508563,-1.508563,0.000498,other
Rb3Sb2I9,-1.114255,-1.114255,0.000307,other
Rb3Sb5O14,-1.973021,-1.973021,0.000489,other
Rb3SbBr6,-1.597548,-1.597548,0.000097,other
Rb3SbCl6,-1.866396,-1.866396,0.000323,other
Rb3SbF12,-2.059569,-2.059569,0.000397,other
Rb3SbF6,-2.835207,-2.835207,0.000382,other
Rb3SbI6,-1.203271,-1.203271,0.000033,other
Rb3SbO3,-1.780475,-1.780475,0.000274,other
Rb3SbS3,-1.181015,-1.181421,0.406023,other
Rb3SbS4,-1.138582,-1.139056,0.474298,other
Rb3SbSe3,-1.155377,-1.155377,0.000459,other
Rb3SbSe4,-1.098475,-1.098475,0.000426,other
Rb3ScCl6,-2.390597,-2.390597,0.000200,halide_only
Rb3ScI6,-1.578094,-1.578094,0.000414,halide_only
Rb3Sm,0.610433,0.610433,0.000302,other
Rb3SmCl6,-2.367261,-2.432517,65.255508,halide_only
Rb3Sn,0.012934,0.012934,0.000338,other
Rb3Sr,0.135942,0.135209,0.733320,other
Rb3Ta,1.455524,1.453236,2.287788,other
Rb3Ta2S11,-1.203801,-1.205596,1.794889,other
Rb3Ta5O14,-3.160894,-3.162974,2.079878,other
Rb3TaF12,-2.396642,-2.397214,0.572230,halide_only
Rb3TaF6,-2.896236,-2.897151,0.914670,halide_only
Rb3TaO8,-1.749546,-1.750309,0.762943,other
Rb3TaS4,-1.527511,-1.529129,1.617630,other
Rb3Tb,0.639847,0.638973,0.874343,other
Rb3TbCl6,-2.503055,-2.503405,0.349610,halide_only
Rb3Ti,0.893218,0.893218,0.000276,other
Rb3TiF6,-3.261972,-3.261972,0.000225,halide_only
Rb3TiF7,-3.417418,-3.417418,0.000466,halide_only
Rb3Tl,0.063288,0.061080,2.207601,other
Rb3TlBr6,-1.535107,-1.535990,0.882642,halide_only
Rb3TlCl6,-1.856726,-1.857608,0.882408,halide_only
Rb3TlF6,-2.664509,-2.665392,0.883131,halide_only
Rb3TlI6,-1.144933,-1.145815,0.882452,halide_only
Rb3V,0.925049,0.925049,0.000322,other
Rb3V2Br9,-1.642577,-1.642577,0.000125,halide_only
Rb3V5O14,-2.409779,-2.409779,0.000218,other
Rb3VF6,-3.040672,-3.040672,0.000317,halide_only
Rb3VO8,-1.180708,-1.180708,0.000367,other
Rb3VS4,-1.424777,-1.425251,0.474002,other
Rb3W,1.544127,1.544127,0.000318,other
Rb3Y,0.630789,0.620134,10.655035,other
Rb3YCl6,-2.499953,-2.504215,4.261725,halide_only
Rb3YF6,-3.517939,-3.522201,4.262227,halide_only
Rb3Zn,0.188800,0.188800,0.000264,other
Rb3ZnBr5,-1.805250,-1.805250,0.000271,halide_only
Rb3Zr,1.022008,1.022008,0.000321,other
Rb4(Mo7Se8)3,-0.874064,-0.874064,0.000240,other
Rb4Bi,0.031694,0.031694,0.000404,other
Rb4Br2O,-1.507643,-1.507643,0.000196,other
Rb4Cl2O,-1.559474,-1.559474,0.000364,other
Rb4Cu5Cl9,-1.418872,-1.418872,0.000004,halide_only
Rb4Fe2O,0.506157,0.506157,0.000145,other
Rb4Fe2O5,-1.640588,-1.640588,0.000151,other
Rb4Fe2S5,-1.074620,-1.075051,0.430721,other
Rb4FeO4,-1.526747,-1.526747,0.000458,other
Rb4FeSbCl12,-1.699175,-1.699175,0.000291,other
Rb4Ge23,-0.083464,-0.083464,0.000201,other
Rb4GeO4,-1.896037,-1.896037,0.000449,other
Rb4I2O,-1.389644,-1.389644,0.000092,other
Rb4In2S5,-1.229741,-1.231534,1.793148,other
Rb4InSbCl12,-1.806345,-1.806761,0.415881,other
Rb4Mo21S25,-1.022409,-1.022883,0.474212,other
Rb4Nb11O30,-2.928154,-2.928154,0.000361,other
Rb4Sb2O5,-1.827763,-1.827763,0.000062,other
Rb4SbO4,-1.665992,-1.665992,0.000204,other
Rb4SnO3,-1.521761,-1.521761,0.000346,other
Rb4SnO4,-1.770764,-1.770764,0.000335,other
Rb4SnS4,-1.257260,-1.257681,0.420942,other
Rb4SnSb6,-0.419618,-0.419618,0.000287,other
Rb4Ta2S11,-1.257778,-1.259468,1.689833,other
Rb4Ti3S14,-1.337951,-1.338583,0.631686,other
Rb4TiO4,-2.320140,-2.320140,0.000468,other
Rb4V2O9,-1.800775,-1.800775,0.000339,other
Rb4WO5,-2.033217,-2.033217,0.000402,other
Rb4WS3O14,-2.173311,-2.173440,0.128829,other
Rb4Zr3Se14,-1.346294,-1.346294,0.000262,other
Rb5(FeO2)3,-1.553092,-1.553092,0.000329,other
Rb5(W4O15)2,-1.880779,-1.880779,0.000052,other
Rb5(WO3)18,-2.237185,-2.237185,0.000304,other
Rb5Bi(I5O)2,-0.717905,-0.717905,0.000122,other
Rb5Bi4,-0.335694,-0.335694,0.000027,other
Rb5FeO4,-1.473616,-1.473616,0.000044,other
Rb5GaO4,-1.642377,-1.642377,0.000377,other
Rb5Hg19,-0.209280,-0.214023,4.743220,other
Rb5In(MoO4)4,-2.146062,-2.146350,0.287579,other
Rb5Mo18S19,-1.017722,-1.018151,0.429107,other
Rb5Mo27Se31,-0.873360,-0.873360,0.000422,other
Rb5Mo2Br9O,-1.113710,-1.113710,0.000451,other
Rb5Mo3O3F14,-2.825741,-2.825741,0.000201,other
Rb5Nb3OF18,-3.366524,-3.366524,0.000322,other
Rb5Sb4,-0.494078,-0.494078,0.000152,other
Rb5TiSb7O22,-2.117266,-2.117266,0.000058,other
Rb5Tl9,-0.112730,-0.118406,5.676191,other
Rb5V3O10,-2.387890,-2.387890,0.000128,other
Rb5Zr4F21,-3.768681,-3.768681,0.000474,halide_only
Rb6Br4O,-1.611772,-1.611772,0.000314,other
Rb6Cl4O,-1.727945,-1.727945,0.000425,other
Rb6Fe2O5,-1.423414,-1.423414,0.000222,other
Rb6Ge2O7,-1.984543,-1.984543,0.000318,other
Rb6Mn2CrCl12,-1.936120,-1.936120,0.000223,halide_only
Rb6Mo27S31,-1.023771,-1.024230,0.458715,other
Rb6O,-0.515855,-0.515855,0.000404,other
Rb6Sn2S7,-1.228767,-1.229209,0.442101,other
Rb6Ta4S25,-1.143792,-1.145515,1.722679,other
Rb6Ti2O7,-2.509190,-2.509190,0.000043,other
Rb7(FeO4)2,-1.528816,-1.528816,0.000267,other
Rb8BiO3,-0.752867,-0.752867,0.000235,other
Rb8Fe2O7,-1.524185,-1.524185,0.000276,other
Rb8In11,-0.132622,-0.136958,4.336139,other
Rb8Mn5O10,-1.690023,-1.690023,0.000303,other
Rb8Mo33S37,-1.025118,-1.025567,0.449402,other
Rb8SbO3,-0.778876,-0.778876,0.000390,other
Rb8SnO6,-1.501181,-1.501181,0.000159,other
Rb8Ta6O19,-2.935660,-2.937324,1.664069,other
Rb8Ta6O23,-2.429874,-2.431358,1.483624,other
Rb8Tl11,-0.120512,-0.125623,5.111068,other
Rb8W13O43,-2.170843,-2.170843,0.000454,other
Rb8Zr(MoO4)6,-2.294840,-2.294840,0.000441,other
Rb9Fe2S7,-0.990088,-0.990457,0.368508,other
Rb9Fe2Se7,-0.944197,-0.944197,0.000216,other
Rb9O2,-0.657880,-0.657880,0.000106,other
RbAg3S2,-0.536818,-0.542325,5.506547,other
RbAg3Se2,-0.573176,-0.578367,5.190612,other
RbAg4I5,-0.678291,-0.682444,4.153078,halide_only
RbAg5S3,-0.470435,-0.476519,6.083519,other
RbAg5Se3,-0.454481,-0.460249,5.767798,other
RbAg7S4,-0.376827,-0.383199,6.371790,other
RbAgBr3,-1.209148,-1.211225,2.076754,halide_only
RbAgCl3,-1.418803,-1.420879,2.075949,halide_only
RbAgF3,-2.129280,-2.130202,0.922319,halide_only
RbAgO,-0.999708,-1.003169,3.460979,other
RbAgO2,-1.009309,-1.011905,2.595916,other
RbAgO3,-0.453736,-0.455812,2.075872,other
RbAgSe4,-0.696023,-0.697753,1.730279,other
RbAl,0.658536,0.658536,0.000436,other
RbAlBr4,-1.779086,-1.779086,0.000041,halide_only
RbAlCl4,-2.184874,-2.184874,0.000174,halide_only
RbAlF4,-3.636773,-3.636773,0.000327,halide_only
RbAs,-0.417557,-0.423059,5.502257,other
RbAsF6,-2.753253,-2.754628,1.375350,other
RbAu,-0.273816,-0.273816,0.000106,other
RbAu5,-0.189884,-0.189884,0.000002,other
RbAuBr3,-1.185199,-1.185199,0.000118,halide_only
RbAuBr4,-1.119264,-1.119264,0.000391,halide_only
RbAuCl3,-1.322808,-1.322808,0.000003,halide_only
RbAuCl4,-1.337110,-1.337110,0.000355,halide_only
RbAuF3,-1.912029,-1.912029,0.000132,halide_only
RbAuF4,-2.069449,-2.069449,0.000206,halide_only
RbAuI3,-0.910051,-0.910051,0.000422,halide_only
RbBa3,0.124393,0.124393,0.000138,other
RbBaO3,-1.279486,-1.279486,0.000323,other
RbBi,-0.341440,-0.341440,0.000302,other
RbBi(MoO4)2,-2.018268,-2.018268,0.000086,other
RbBi2,-0.323161,-0.323161,0.000061,other
RbBi2Br7,-1.342673,-1.342673,0.000198,halide_only
RbBi3,0.235937,0.235937,0.000271,other
RbBi3F10,-2.844797,-2.844797,0.000166,halide_only
RbBi3S5,-0.702209,-0.702736,0.527014,other
RbBi3Se5,-0.833793,-0.833793,0.000303,other
RbBi4Se7,-0.778808,-0.778808,0.000276,other
RbBiF3,-2.535216,-2.535216,0.000376,halide_only
RbBiF4,-2.813653,-2.813653,0.000460,halide_only
RbBiF6,-2.529724,-2.529724,0.000130,halide_only
RbBiO2,-1.694016,-1.694016,0.000416,other
RbBiO3,-1.447629,-1.447629,0.000433,other
RbBiS2,-1.017452,-1.017926,0.473991,other
RbBr,-2.028586,-2.028586,0.000376,halide_only
RbBr3,-1.014657,-1.014657,0.000263,halide_only
RbBrF4,-1.884388,-1.884388,0.000270,halide_only
RbBrO3,-1.052957,-1.052957,0.000117,other
RbBrO4,-0.839915,-0.839915,0.000005,other
RbCe3,0.788400,0.785504,2.895976,other
RbCeF4,-3.886400,-3.887044,0.643903,halide_only
RbCl,-2.244873,-2.244873,0.000486,halide_only
RbClO2,-1.036716,-1.036716,0.000032,other
RbClO3,-1.144270,-1.144270,0.000049,other
RbClO4,-1.094393,-1.094393,0.000235,other
RbCr3O8,-1.948669,-1.948669,0.000317,other
RbCr3S5,-1.110039,-1.110566,0.526786,other
RbCr4O8,-2.140791,-2.140791,0.000458,other
RbCr5S8,-1.090150,-1.090692,0.541664,other
RbCr5Se8,-0.916166,-0.916166,0.000162,other
RbCrCl3,-1.739992,-1.739992,0.000118,halide_only
RbCrClO3,-1.703327,-1.703327,0.000174,other
RbCrF3,-2.894208,-2.894208,0.000049,halide_only
RbCrF5,-2.874616,-2.874616,0.000189,halide_only
RbCrF6,-2.631403,-2.631403,0.000105,halide_only
RbCrI3,-1.000397,-1.000397,0.000069,halide_only
RbCrO2,-2.000040,-2.000040,0.000384,other
RbCrO3,-1.557712,-1.557712,0.000125,other
RbCrO3F,-2.091121,-2.091121,0.000393,other
RbCrSe2,-1.018216,-1.018216,0.000492,other
RbCu2Br3,-1.048001,-1.048001,0.000235,halide_only
RbCu2I3,-0.792670,-0.792670,0.000412,halide_only
RbCu3S2,-0.615274,-0.615590,0.316008,other
RbCu4S3,-0.588894,-0.589249,0.355482,other
RbCu4Se3,-0.534061,-0.534061,0.000026,other
RbCuBr3,-1.200787,-1.200787,0.000213,halide_only
RbCuCl3,-1.485603,-1.484715,0.887633,halide_only
RbCuF3,-2.336778,-2.336778,0.000060,halide_only
RbCuO,-1.188899,-1.188899,0.000179,other
RbCuO2,-1.357688,-1.357688,0.000483,other
RbCuO3,-0.659154,-0.659154,0.000047,other
RbCuS3,-0.418439,-0.419008,0.568857,other
RbCuSe4,-0.722637,-0.722637,0.000222,other
RbDy2Cl7,-2.684604,-2.686922,2.317917,halide_only
RbEr2Cl7,-2.676011,-2.676011,0.000318,halide_only
RbEu2Cl5,-2.665644,-2.673421,7.777164,halide_only
RbEu3,0.270459,0.247126,23.333024,other
RbEuCl3,-2.547820,-2.554042,6.221657,halide_only
RbF,-2.872989,-2.872989,0.000331,halide_only
RbF2,-2.114860,-2.114860,0.000309,halide_only
RbF3,-1.813217,-1.813217,0.000256,halide_only
RbFe(MoO4)2,-2.015125,-2.015125,0.000414,other
RbFe2F6,-2.758365,-2.758365,0.000488,halide_only
RbFe2S3,-0.936153,-0.936627,0.474208,other
RbFe2Se3,-0.742234,-0.742234,0.000188,other
RbFe3O5,-1.663570,-1.663570,0.000134,other
RbFe5O8,-1.593023,-1.593023,0.000299,other
RbFeAgF6,-2.352639,-2.353792,1.153200,halide_only
RbFeBr4,-1.332784,-1.332784,0.000445,halide_only
RbFeCl3,-1.548172,-1.548172,0.000373,halide_only
RbFeCl4,-1.649449,-1.649449,0.000171,halide_only
RbFeCuF6,-2.480341,-2.480341,0.000210,halide_only
RbFeF3,-2.489977,-2.489977,0.000423,halide_only
RbFeF4,-2.824320,-2.824320,0.000091,halide_only
RbFeI4,-0.901692,-0.901692,0.000283,halide_only
RbFeO2,-1.772249,-1.772249,0.000117,other
RbFeO3,-1.164507,-1.164507,0.000127,other
RbFeS2,-1.008359,-1.008833,0.474101,other
RbFeSe2,-0.896730,-0.896730,0.000214,other
RbGa2Au3,-0.334251,-0.334251,0.000085,other
RbGa3,-0.168807,-0.168807,0.000151,other
RbGa3S5,-1.144060,-1.144586,0.526233,other
RbGa7,-0.103526,-0.103526,0.000247,other
RbGaAgF6,-2.491189,-2.492343,1.153995,halide_only
RbGaBr4,-1.577991,-1.577991,0.000017,halide_only
RbGaCl4,-1.909635,-1.909635,0.000477,halide_only
RbGaO2,-2.050983,-2.050983,0.000059,other
RbGaS2,-1.295897,-1.296371,0.473586,other
RbGe,-0.191718,-0.191718,0.000121,other
RbGe3,0.002680,0.002680,0.000132,other
RbGeBiS4,-0.921699,-0.922240,0.541268,other
RbGeBr3,-1.418300,-1.416827,1.472833,halide_only
RbGeCl3,-1.691384,-1.691384,0.000104,halide_only
RbGeI3,-1.030275,-1.030275,0.000097,halide_only
RbGeIO6,-1.520279,-1.520279,0.000380,other
RbGeO3,-1.486983,-1.486983,0.000048,other
RbGeSbO5,-2.100330,-2.100330,0.000138,other
RbHg11,-0.087746,-0.093238,5.491947,other
RbHg2,-0.265565,-0.269560,3.994826,other
RbHg3,-0.212490,-0.216984,4.493541,other
RbHg5Cl11,-1.164682,-1.166445,1.762751,halide_only
RbHgF3,-2.229331,-2.230529,1.197887,halide_only
RbI,-1.695850,-1.695850,0.000451,halide_only
RbI3,-1.074113,-1.074113,0.000168,halide_only
RbIO2,-0.628641,-0.628641,0.000317,other
RbIO3,-1.372530,-1.372530,0.000457,other
RbIO4,-1.170053,-1.170053,0.000405,other
RbIn(MoO4)2,-2.078595,-2.079219,0.624163,other
RbIn(WO4)2,-2.145658,-2.146282,0.623949,other
RbIn3F10,-2.873364,-2.874969,1.604888,halide_only
RbIn3O5,-1.926215,-1.928712,2.496643,other
RbIn3S5,-0.994799,-0.997822,3.023398,other
RbIn4,-0.106576,-0.112568,5.992411,other
RbIn5S8,-0.936159,-0.939375,3.216138,other
RbInBr3,-1.499045,-1.500543,1.498157,halide_only
RbInBr4,-1.552597,-1.553846,1.248727,halide_only
RbInCl3,-1.769032,-1.770530,1.498330,halide_only
RbInF3,-2.730516,-2.732014,1.498143,halide_only
RbInI3,-1.098630,-1.100128,1.498021,halide_only
RbInI4,-1.142266,-1.143514,1.247906,halide_only
RbInO3,-1.251413,-1.252911,1.497656,other
RbInS2,-1.193292,-1.195638,2.345939,other
RbInSe2,-1.148963,-1.150836,1.872621,other
RbMn4O8,-1.924946,-1.924946,0.000439,other
RbMn6O12,-1.915280,-1.915280,0.000276,other
RbMnBi,0.022884,0.022884,0.000243,other
RbMnBr3,-1.533113,-1.533113,0.000185,halide_only
RbMnCl3,-1.823713,-1.823713,0.000347,halide_only
RbMnCl3O2,-1.094438,-1.094438,0.000028,other
RbMnF3,-3.013048,-3.013048,0.000050,halide_only
RbMnF4,-2.946245,-2.946245,0.000059,halide_only
RbMnO2,-1.925759,-1.925759,0.000428,other
RbMnO3,-1.378088,-1.378088,0.000158,other
RbMnO4,-1.469840,-1.469840,0.000427,other
RbMnSb,-0.173232,-0.173232,0.000448,other
RbMnSe2,-0.913695,-0.913695,0.000035,other
RbMnVO4,-2.341158,-2.341158,0.000203,other
RbMo3Br7,-1.226980,-1.226980,0.000428,halide_only
RbMo3Cl7,-1.524729,-1.524729,0.000095,halide_only
RbMo6Se7,-0.866790,-0.866790,0.000339,other
RbMoIO6,-1.636921,-1.636921,0.000128,other
RbMoO3,-1.952897,-1.952897,0.000124,other
RbNb(GeO3)3,-2.395324,-2.395324,0.000234,other
RbNb3CuCl9,-1.653956,-1.653956,0.000017,halide_only
RbNb4Br11,-1.383735,-1.383735,0.000235,halide_only
RbNb4Cl11,-1.773957,-1.773957,0.000395,halide_only
RbNbCl6,-1.912274,-1.912274,0.000238,halide_only
RbNbGeO5,-2.594551,-2.594551,0.000052,other
RbNbO3,-2.839051,-2.839051,0.000019,other
RbNbV2O8,-2.594878,-2.594878,0.000340,other
RbNd2I5,-1.457353,-1.457353,0.000348,halide_only
RbNi2F6,-2.334924,-2.334924,0.000296,halide_only
RbNiF3,-2.615333,-2.615333,0.000174,halide_only
RbO2,-0.972260,-0.972260,0.000296,other
RbO2F,-1.239927,-1.239927,0.000470,other
RbO3,-0.646435,-0.646435,0.000380,other
RbOs2O9,-1.486321,-1.486321,0.000344,other
RbOsO3,-1.610804,-1.610804,0.000352,other
RbPd2F5,-1.887535,-1.887535,0.000223,halide_only
RbPdF3,-2.117360,-2.117360,0.000099,halide_only
RbPr3,0.513183,0.502259,10.924233,other
RbPrF4,-3.946167,-3.948595,2.427759,halide_only
RbRuF6,-2.452656,-2.452656,0.000435,halide_only
RbS,-1.159465,-1.159939,0.473926,other
RbSF5,-2.321344,-2.321480,0.135795,other
RbSO2,-1.745502,-1.745739,0.236892,other
RbSO3,-2.077419,-2.077608,0.189237,other
RbSO4,-1.872840,-1.872998,0.157690,other
RbSb,-0.515136,-0.515136,0.000053,other
RbSb2,-0.409100,-0.409100,0.000008,other
RbSb2F7,-2.811962,-2.811962,0.000443,other
RbSb3,0.219131,0.219131,0.000484,other
RbSb3Se5,-0.715231,-0.715231,0.000363,other
RbSbBrF3,-2.421989,-2.421989,0.000373,other
RbSbCl6,-1.515107,-1.515107,0.000028,other
RbSbClF3,-2.469263,-2.469263,0.000257,other
RbSbF6,-2.907379,-2.907379,0.000375,other
RbSbMoO6,-2.039865,-2.039865,0.000492,other
RbSbO2,-1.864374,-1.864374,0.000421,other
RbSbO3,-1.799211,-1.799211,0.000039,other
RbSbS2,-0.965327,-0.965801,0.473900,other
RbSbSe2,-0.924863,-0.924863,0.000030,other
RbSbWO6,-2.164203,-2.164203,0.000018,other
RbScCl3,-2.302585,-2.302585,0.000364,halide_only
RbSe,-1.164229,-1.164229,0.000321,other
RbSeBr3,-1.095789,-1.095789,0.000011,other
RbSeO3,-1.433664,-1.433664,0.000398,other
RbSeO4,-1.291981,-1.291981,0.000043,other
RbSm2Cl5,-2.311115,-2.311115,0.000472,halide_only
RbSn,-0.278650,-0.278650,0.000136,other
RbSn2Br5,-1.381098,-1.381098,0.000448,halide_only
RbSn3,-0.123239,-0.123239,0.000356,other
RbSnBr3,-1.523624,-1.523624,0.000148,halide_only
RbSnCl3,-1.782789,-1.782789,0.000399,halide_only
RbSnF3,-2.784129,-2.784129,0.000123,halide_only
RbSnI3,-1.152262,-1.152262,0.000395,halide_only
RbSnIO6,-1.514797,-1.514797,0.000028,other
RbSnO3,-1.649811,-1.649811,0.000395,other
RbSnS2,-0.916331,-0.916805,0.473755,other
RbSnS4,-0.910763,-0.911395,0.632138,other
RbSr3,0.138702,0.136501,2.201152,other
RbSrO3,-1.358792,-1.359379,0.586728,other
RbTa(CuSe2)2,-0.986763,-0.987907,1.143506,other
RbTa(GeO3)3,-2.485811,-2.486465,0.653782,other
RbTa2O6,-2.972321,-2.974355,2.033520,other
RbTa7(CuO7)3,-2.787171,-2.789173,2.001632,other
RbTaCl6,-2.006595,-2.007739,1.144020,halide_only
RbTaGeO5,-2.743488,-2.744632,1.143504,other
RbTaO3,-3.032332,-3.034162,1.829962,other
RbTaV2O8,-2.697451,-2.698213,0.762437,other
RbTb2Cl7,-2.689849,-2.690549,0.699711,halide_only
RbTi3FeO8,-2.990404,-2.990404,0.000021,other
RbTi5Se8,-1.480373,-1.480373,0.000295,other
RbTiBr3,-1.687460,-1.687460,0.000090,halide_only
RbTiCl3,-2.029103,-2.029103,0.000173,halide_only
RbTiI3,-1.192082,-1.192082,0.000020,halide_only
RbTiS2,-1.520088,-1.520562,0.473889,other
RbTl3,-0.063524,-0.070146,6.622037,other
RbTlBr3,-1.393227,-1.394993,1.765781,halide_only
RbTlCl2,-1.782615,-1.784822,2.207475,halide_only
RbTlCl3,-1.630517,-1.632282,1.765429,halide_only
RbTlF3,-2.477919,-2.479685,1.765827,halide_only
RbTlF4,-2.496626,-2.498098,1.471669,halide_only
RbTlI3,-1.024052,-1.025818,1.765731,halide_only
RbV3O8,-2.368860,-2.368860,0.000059,other
RbV4O10,-2.359201,-2.359201,0.000385,other
RbV5S8,-1.281865,-1.282407,0.542047,other
RbV5Se8,-1.067541,-1.051392,16.148962,other
RbVBr3,-1.548973,-1.548910,0.062554,halide_only
RbVCl3,-1.871322,-1.871322,0.000429,halide_only
RbVCuF6,-2.731183,-2.731183,0.000353,halide_only
RbVF3,-3.034153,-3.034153,0.000261,halide_only
RbVO3,-2.409618,-2.409618,0.000442,other
RbVOF3,-2.974753,-2.974753,0.000190,other
RbVSe2,-1.162994,-1.162994,0.000152,other
RbW3Br7,-1.071260,-1.071260,0.000312,halide_only
RbWCl6,-1.614419,-1.614419,0.000305,halide_only
RbWO3,-2.040946,-2.040946,0.000155,other
RbWO7,-0.961518,-0.961518,0.000439,other
RbY2Cl7,-2.672094,-2.680618,8.524406,halide_only
RbZn13,-0.048061,-0.048061,0.000099,other
RbZnF3,-2.794742,-2.794742,0.000474,halide_only
RbZnO3,-0.881029,-0.881029,0.000198,other
RbZrF5,-3.799577,-3.799577,0.000435,halide_only
Rh3F,0.105812,0.105812,0.000079,halide_only
RhF3,-1.834993,-1.834993,0.000467,halide_only
RhF5,-1.678445,-1.678445,0.000247,halide_only
RhF6,-1.630543,-1.606047,24.496121,halide_only
Ru3F,0.241947,0.241947,0.000119,halide_only
RuAu3,0.365786,0.365786,0.000297,other
RuF3,-1.888094,-1.888094,0.000234,halide_only
RuF4,-1.981897,-1.981897,0.000346,halide_only
RuF5,-2.017774,-2.017774,0.000130,halide_only
RuF6,-1.904924,-1.904924,0.000317,halide_only
S3Br,0.462709,0.461998,0.711044,other
S3Cl,0.076690,0.075979,0.710807,other
S8O,-0.195858,-0.196700,0.842065,other
SBr,-0.311568,-0.312042,0.474402,other
SBr3,0.037628,0.037391,0.237252,other
SCl,-0.473547,-0.474021,0.473797,other
SCl2,-0.511604,-0.511920,0.316168,other
SCl4,-0.638096,-0.638286,0.190028,other
SF4,-1.994839,-1.995029,0.189578,other
SF6,-2.111517,-2.102731,8.785548,other
SO12,-0.213955,-0.214028,0.073210,other
SO2,-1.521880,-1.522196,0.316359,other
SO3,-1.580818,-1.577454,3.363876,other
SO4,-1.122321,-1.122511,0.189572,other
SO5,-0.808553,-0.808711,0.158410,other
SO6,-0.302854,-0.302990,0.135516,other
Sb(Cl2O)3,-0.183101,-0.183101,0.000199,other
Sb(Cl3O)2,-0.394112,-0.394112,0.000251,other
Sb(IF3)2,-2.054425,-2.054425,0.000150,other
Sb(Mo3S4)2,-0.672507,-0.857502,184.995226,other
Sb(MoO4)2,-1.759472,-1.759472,0.000095,other
Sb(MoS)2,-0.597665,-0.728907,131.241569,other
Sb(MoS2)6,1.494823,1.271801,223.022351,other
Sb(OF3)2,-1.461447,-1.461447,0.000072,other
Sb(PO3)4,-2.376533,-2.377044,0.510578,other
Sb(PO3)5,-2.303630,-2.304147,0.516867,other
Sb(WBr3)5,-0.892201,-0.892201,0.000132,other
Sb(WO3)5,-2.059780,-2.059780,0.000389,other
Sb(WO4)2,-1.953069,-1.953069,0.000249,other
Sb11F43,-2.660883,-2.660883,0.000300,other
Sb11S18,-0.212432,-0.462646,250.214082,other
Sb16Cl4O21,-1.574410,-1.574410,0.000309,other
Sb17S27,-0.225931,-0.480798,254.866514,other
Sb2(AuF6)3,-1.968624,-1.968624,0.000077,other
Sb2(PO4)3,-2.313648,-2.314031,0.383121,other
Sb24(Cl7F17)5,-2.039536,-2.039536,0.000290,other
Sb26O53,-1.407049,-1.407049,0.000391,other
Sb2Au,-0.068975,-0.073255,4.279589,other
Sb2Br9,-0.795271,-0.795271,0.000268,other
Sb2BrF15,-2.171702,-2.171702,0.000468,other
Sb2BrF17,-1.993271,-1.993271,0.000119,other
Sb2Cl5F4,-1.577913,-1.577913,0.000221,other
Sb2Cl7F3,-1.255074,-1.255074,0.000392,other
Sb2Cl7O6,-0.694747,-0.694747,0.000273,other
Sb2ClF17,-1.896368,-1.896368,0.000251,other
Sb2F13,-2.124840,-2.124840,0.000118,other
Sb2F7,-2.678806,-2.678806,0.000432,other
Sb2I2F11,-2.260362,-2.260362,0.000246,other
Sb2IF15,-2.386402,-2.386402,0.000227,other
Sb2Mo10O31,-1.923949,-1.923949,0.000107,other
Sb2MoO6,-1.851957,-1.851957,0.000444,other
Sb2MoS,-0.391292,-0.448779,57.486805,other
Sb2MoSe,-0.308467,-0.388751,80.283788,other
Sb2O3,-1.751738,-1.751738,0.000498,other
Sb2O5,-1.748034,-1.748034,0.000090,other
Sb2O7,-1.024536,-1.024536,0.000053,other
Sb2OF8,-2.423547,-2.423547,0.000051,other
Sb2P2O9,-2.188577,-2.188911,0.334224,other
Sb2P5O16,-2.388757,-2.389228,0.471470,other
Sb2S19F12,-1.419250,-1.419796,0.545770,other
Sb2S3,-0.287243,-0.551105,263.861986,other
Sb2S5,-0.125052,-0.313525,188.472514,other
Sb2Se3,-0.284495,-0.538749,254.254432,other
Sb2WO6,-1.961206,-1.961206,0.000209,other
Sb3(BrF8)2,-2.324275,-2.324275,0.000006,other
Sb3(PO4)4,-2.185074,-2.185452,0.377848,other
Sb3(WO3)20,-2.093217,-2.093217,0.000149,other
Sb3Au,0.051988,0.050815,1.173110,other
Sb3Au3F22,-2.117667,-2.117667,0.000392,other
Sb3Cl11F4,-1.195945,-1.195945,0.000424,other
Sb3ClO4,-1.632644,-1.632644,0.000394,other
Sb3IO4,-1.538741,-1.538741,0.000185,other
Sb3Mo,0.602997,0.591654,11.342933,other
Sb3O14,-0.217865,-0.217865,0.000386,other
Sb3O2F5,-2.402852,-2.402852,0.000092,other
Sb3O4F,-1.897936,-1.897936,0.000309,other
Sb3O7,-1.696428,-1.696428,0.000019,other
Sb3O7F,-1.798019,-1.798019,0.000071,other
Sb3O8,-1.615715,-1.615715,0.000322,other
Sb3P3O13,-2.229897,-2.230240,0.342911,other
Sb3PO7,-1.989571,-1.989769,0.197691,other
Sb3W,0.785387,0.785387,0.000135,other
Sb4Br2O5,-1.520448,-1.520448,0.000146,other
Sb4BrO6,-1.559525,-1.559525,0.000341,other
Sb4Cl13F7,-1.352969,-1.352969,0.000366,other
Sb4Cl2O5,-1.579364,-1.579364,0.000368,other
Sb4ClO6,-1.580795,-1.580795,0.000467,other
Sb4F15,-2.666589,-2.666589,0.000032,other
Sb4I2O5,-1.428804,-1.428804,0.000372,other
Sb4IO6,-1.532994,-1.532994,0.000065,other
Sb4O5F2,-1.971727,-1.971727,0.000010,other
Sb4O9,-1.564209,-1.564209,0.000182,other
Sb5(PO4)6,-2.274785,-2.275157,0.372316,other
Sb5IO7,-1.606112,-1.606112,0.000125,other
Sb5O14,-1.495127,-1.495127,0.000462,other
Sb5O7F,-1.802632,-1.802632,0.000234,other
Sb5PO10,-1.971115,-1.971251,0.135503,other
Sb6O13,-1.781462,-1.781462,0.000497,other
Sb6O5F8,-2.237916,-2.237916,0.000433,other
Sb7(O2F3)3,-2.233826,-2.233826,0.000000,other
Sb7F29,-2.644346,-2.644346,0.000384,other
Sb7Mo3,0.002706,-0.013611,16.317169,other
Sb7Se8F35,-2.262418,-2.262418,0.000040,other
Sb8Br2O11,-1.634705,-1.634705,0.000173,other
Sb8Cl27F13,-1.208793,-1.208793,0.000041,other
Sb8Cl2O11,-1.663473,-1.663473,0.000457,other
Sb8Cl2O15,-1.123534,-1.123534,0.000037,other
Sb8Cl2O21,-1.165990,-1.165990,0.000487,other
Sb8I2O11,-1.515107,-1.515107,0.000324,other
Sb8O11F2,-1.803674,-1.803674,0.000388,other
Sb9PO25,-1.769379,-1.769441,0.062427,other
Sb9S4F39,-2.494976,-2.495048,0.072433,other
Sb9Se4F39,-2.471764,-2.471764,0.000453,other
SbAu3,0.049951,0.048346,1.605253,other
SbBr3,-1.008689,-1.008689,0.000353,other
SbBr5F6,-1.492406,-1.492406,0.000334,other
SbBrF8,-2.082375,-2.082375,0.000029,other
SbBrO,-1.277119,-1.277119,0.000194,other
SbCl2F3,-1.839685,-1.839685,0.000357,other
SbCl3,-1.329273,-1.329273,0.000215,other
SbCl3F2,-1.457211,-1.457211,0.000142,other
SbCl4F,-1.060584,-1.060584,0.000204,other
SbCl5,-1.172695,-1.158881,13.814230,other
SbClF10,-1.792065,-1.792065,0.000429,other
SbClF8,-1.976816,-1.976816,0.000466,other
SbClO,-1.401298,-1.401298,0.000083,other
SbF3,-2.685284,-2.685284,0.000471,other
SbF4,-2.657857,-2.657857,0.000455,other
SbF5,-2.572728,-2.572728,0.000450,other
SbF6,-2.188101,-2.188101,0.000310,other
SbI3,-0.643452,-0.643452,0.000290,other
SbI3Cl8,-0.827111,-0.827111,0.000082,other
SbI5F6,-1.561750,-1.561750,0.000079,other
SbICl8,-0.962019,-0.962019,0.000014,other
SbIF10,-2.274540,-2.274540,0.000127,other
SbIF5,-2.276186,-2.276186,0.000479,other
SbMoOF9,-2.549339,-2.549339,0.000393,other
SbO2,-1.839007,-1.837492,1.515497,other
SbO2F,-1.986768,-1.986768,0.000378,other
SbO3,-1.331525,-1.331525,0.000480,other
SbO4,-0.736044,-0.736044,0.000123,other
SbOF,-2.200261,-2.200261,0.000379,other
SbOF3,-2.332782,-2.332782,0.000327,other
SbOF6,-1.791093,-1.791093,0.000135,other
SbP2O7,-2.387248,-2.387682,0.434338,other
SbPO4,-2.355047,-2.355409,0.362118,other
SbPO5,-2.257082,-2.257393,0.310510,other
SbPO6,-1.526739,-1.527010,0.271157,other
SbS,-0.060672,-0.280557,219.884699,other
SbS2,0.019166,-0.200719,219.885352,other
SbSe5F6,-1.589267,-1.589267,0.000030,other
SbWO7,-1.289452,-1.289452,0.000479,other
Sc12I25,-1.396164,-1.396164,0.000401,halide_only
Sc2Au,-0.716246,-0.650600,65.645795,other
Sc2In,-0.470411,-0.374364,96.046650,other
Sc3Hg,-0.270864,-0.224101,46.763395,other
Sc3In,-0.377049,-0.295438,81.611404,other
Sc3Tl,-0.279434,-0.208362,71.072013,other
Sc5Cl8,-2.155986,-2.155986,0.000329,halide_only
Sc7Cl10,-2.062785,-2.062785,0.000076,halide_only
Sc7Cl12,-2.158020,-2.158020,0.000101,halide_only
ScAg,-0.263373,-0.287013,23.640216,other
ScAg2,-0.290682,-0.307868,17.186216,other
ScAg3,-0.156942,-0.182603,25.660936,other
ScAg4,-0.186317,-0.201811,15.493700,other
ScAu,-0.857058,-0.808100,48.957862,other
ScAu2,-0.879586,-0.818794,60.791822,other
ScAu3,-0.630862,-0.590104,40.757929,other
ScAu4,-0.588138,-0.548937,39.201437,other
ScBr2,-1.796606,-1.796606,0.000147,halide_only
ScBr3,-2.068735,-2.068735,0.000380,halide_only
ScCl,-1.731978,-1.731978,0.000278,halide_only
ScCl3,-2.578592,-2.578592,0.000020,halide_only
ScCu,-0.256568,-0.280795,24.227278,other
ScCu2,-0.236416,-0.259520,23.103848,other
ScCu3,-0.145605,-0.164098,18.493071,other
ScF3,-4.296359,-4.296108,0.251245,halide_only
ScHg,-0.481826,-0.429537,52.289155,other
ScHg3,-0.257582,-0.231477,26.104664,other
ScI2,-1.261713,-1.261713,0.000468,halide_only
ScI3,-1.473446,-1.473446,0.000151,halide_only
ScIn,-0.550791,-0.432867,117.923953,other
ScIn2,-0.462924,-0.354589,108.335265,other
ScIn3,-0.384741,-0.298336,86.405356,other
ScTl3F6,-2.924360,-2.927009,2.648912,halide_only
ScTlF6,-3.194178,-3.195281,1.103431,halide_only
Se2O5,-1.022063,-1.022063,0.000350,other
Se3Br,0.146540,0.146540,0.000148,other
SeBr,-0.357322,-0.357322,0.000207,other
SeBr2,-0.391003,-0.391003,0.000209,other
SeBr3,-0.113518,-0.113518,0.000413,other
SeBr4,-0.575758,-0.575758,0.000315,other
SeCl,-0.500051,-0.500051,0.000404,other
SeCl4,-0.834709,-0.834709,0.000445,other
SeF4,-2.070591,-2.070591,0.000355,other
SeO2,-1.154144,-1.154144,0.000426,other
SeO3,-0.874018,-0.874018,0.000332,other
SeO4,-0.377298,-0.377298,0.000346,other
SeO5,-0.094046,-0.094046,0.000103,other
Sm14Ag51,-0.254334,-0.246306,8.028336,other
Sm3Ag,0.005057,0.017723,12.666105,other
SmAg,-0.302442,-0.277110,25.332209,other
SmAg3,-0.203213,-0.206200,2.986954,other
SmCl2,-2.335131,-2.335131,0.000367,halide_only
SmCl3,-2.660270,-2.660270,0.000434,halide_only
SmCu,-0.215817,-0.208071,7.745896,other
SmCu2,-0.223957,-0.231646,7.688532,other
SmCu5,-0.180468,-0.174725,5.743166,other
SmCu6,-0.142153,-0.144289,2.135986,other
Sn(ClO)2,-0.640633,-0.640633,0.000333,other
Sn(Mo2O3)2,-1.407954,-1.407954,0.000074,other
Sn(S4I)4,-0.544463,-0.545185,0.721809,other
Sn(WO3)18,-2.154879,-2.154879,0.000349,other
Sn(WO3)3,-2.045179,-2.045179,0.000445,other
Sn(WO4)2,-2.067070,-2.067070,0.000274,other
Sn13(O5F3)2,-1.881228,-1.881228,0.000094,other
Sn2Bi2O7,-1.936505,-1.936505,0.000229,other
Sn2Cl4O3,-0.812998,-0.812998,0.000044,other
Sn2Mo,0.060534,0.013736,46.797684,other
Sn2O,-0.683529,-0.683529,0.000492,other
Sn2O3,-1.650764,-1.650764,0.000019,other
Sn2OF2,-2.204973,-2.204973,0.000317,other
Sn2OF5,-2.634992,-2.634992,0.000191,other
Sn2S3,-0.473892,-0.697726,223.833560,other
Sn2SI2,-0.733144,-0.733333,0.189446,other
Sn2Sb2S5,-0.352256,-0.595069,242.813195,other
Sn2WO5,-1.930938,-1.930938,0.000474,other
Sn3(OF)2,-1.993573,-1.993573,0.000044,other
Sn3Bi,0.090191,0.090191,0.000041,other
Sn3F8,-2.706413,-2.706413,0.000313,halide_only
Sn3Mo,0.539920,0.539920,0.000256,other
Sn3O4,-1.579396,-1.579396,0.000349,other
Sn3O8,-1.270231,-1.270231,0.000411,other
Sn3S,0.080744,-0.027807,108.551147,other
Sn3S7,-0.156060,-0.368560,212.499993,other
Sn3Sb,0.080812,-0.009807,90.619419,other
Sn3SbF9,-2.606366,-2.606366,0.000158,other
Sn3Se,0.032882,-0.074620,107.501884,other
Sn3WO6,-1.858064,-1.858064,0.000255,other
Sn4Bi2Se7,-0.411042,-0.633870,222.827662,other
Sn4OF6,-2.403059,-2.403059,0.000454,other
Sn4SF6,-2.182190,-2.182276,0.085785,other
Sn4SI6,-0.738911,-0.738997,0.086106,other
Sn4Sb6S13,-0.292336,-0.539725,247.389012,other
Sn5(S2Cl)2,-0.844566,-0.844911,0.345064,other
Sn5(W4O11)2,-1.788975,-1.788975,0.000334,other
Sn5O6,-1.762199,-1.762199,0.000218,other
Sn5O7,-1.617972,-1.617972,0.000189,other
Sn5Sb2S9,-0.375935,-0.610778,234.842583,other
Sn5W8O23,-1.840292,-1.840292,0.000342,other
Sn7(SBr5)2,-0.960317,-0.960417,0.100221,other
Sn7(SI3)2,-0.559445,-0.559571,0.126068,other
Sn9(O2F5)2,-2.154096,-2.154096,0.000236,other
SnBi,0.095372,0.056517,38.855373,other
SnBi3,0.106890,0.106890,0.000421,other
SnBiO4,-1.694535,-1.694535,0.000004,other
SnBr2,-1.173347,-1.135942,37.405148,halide_only
SnBr4,-1.117423,-1.117423,0.000059,halide_only
SnCl,-0.810844,-0.810844,0.000160,halide_only
SnCl2,-1.402721,-1.402261,0.459931,halide_only
SnCl3O4,-0.269824,-0.269824,0.000248,other
SnCl4,-1.427199,-1.427199,0.000309,halide_only
SnCl4O5,0.113242,0.113242,0.000497,other
SnCl8O25,-0.350984,-0.350984,0.000271,other
SnF2,-2.573445,-2.567593,5.852009,halide_only
SnF3,-2.752300,-2.752300,0.000080,halide_only
SnF4,-2.707036,-2.707036,0.000085,halide_only
SnI2,-0.744750,-0.744750,0.000187,halide_only
SnI3,-0.558575,-0.558575,0.000129,halide_only
SnI4,-0.677352,-0.677352,0.000266,halide_only
SnMo3,0.055092,0.051922,3.169994,other
SnMo5O8,-1.482718,-1.482718,0.000196,other
SnO,-1.629702,-1.629702,0.000402,other
SnO2,-2.107482,-2.107482,0.000005,other
SnS,-0.472081,-0.689184,217.102760,other
SnS2,-0.473970,-0.710081,236.110877,other
SnSb,0.037634,-0.083913,121.547378,other
SnSb4S7,-0.310691,-0.566659,255.968467,other
SnSbO4,-1.881713,-1.881713,0.000074,other
SnSe,-0.453546,-0.668550,215.004067,other
SnSe2,-0.423897,-0.653763,229.866113,other
SnWO4,-2.020210,-2.020210,0.000413,other
Sr11(OsO6)4,-2.585759,-2.586586,0.827274,other
Sr2O3,-1.947884,-1.949058,1.173696,other
SrO,-3.075624,-3.077091,1.466846,other
SrO10,-0.538200,-0.538467,0.267049,other
SrO2,-2.204479,-2.205457,0.978346,other
SrO3,-1.293224,-1.293957,0.733432,other
SrO4,-0.439491,-0.440077,0.586433,other
SrO6,-0.867747,-0.868166,0.418902,other
SrOsO2,-1.478318,-1.479051,0.733203,other
SrOsO3,-2.102204,-2.102791,0.587277,other
Ta(Cu3O4)2,-1.378207,-1.378817,0.609889,other
Ta(SnS)2,-0.796543,-0.798752,2.209304,other
Ta10O9,-1.554089,-1.558905,4.815970,other
Ta11(FeSe4)2,-0.726053,-0.730846,4.793177,other
Ta11O2,-0.493307,-0.501049,7.742012,other
Ta14(CuS8)3,-1.301147,-1.304826,3.679320,other
Ta16(Cu3O16)3,-2.741855,-2.743861,2.005708,other
Ta22(CuS12)3,-1.276533,-1.280393,3.859654,other
Ta22O21,-1.724861,-1.729542,4.681282,other
Ta24Cu13O72,-2.753752,-2.755767,2.014699,other
Ta27S50,-1.394484,-1.398308,3.824343,other
Ta2AgF12,-3.156675,-3.158587,1.911896,halide_only
Ta2Au,-0.070430,-0.042201,28.228772,other
Ta2Br5,-1.287058,-1.289672,2.614115,halide_only
Ta2Cl5,-1.721029,-1.723643,2.614390,halide_only
Ta2CuO6,-2.774847,-2.776880,2.033382,other
Ta2Fe,0.289544,0.283444,6.099703,other
Ta2Fe4O9,-2.372604,-2.373824,1.219854,other
Ta2FeO6,-2.976410,-2.978443,2.033073,other
Ta2FeS4,-1.138005,-1.141161,3.156350,other
Ta2Ge2O7,-2.589612,-2.591275,1.663151,other
Ta2Hg2F11,-3.104659,-3.106678,2.018610,halide_only
Ta2I5,-0.302886,-0.305500,2.614312,halide_only
Ta2Mn2O7,-2.828615,-2.830279,1.663916,other
Ta2Mn3O8,-2.747085,-2.748493,1.407836,other
Ta2Mn4O9,-2.680466,-2.681686,1.220121,other
Ta2MnO6,-3.097177,-3.099210,2.033405,other
Ta2Nb3O12,-3.102705,-3.103782,1.076778,other
Ta2O,0.224601,0.218501,6.100398,other
Ta2O3,-2.594951,-2.598611,3.660256,other
Ta2O5,-3.346563,-3.335572,10.991039,other
Ta2O7,-2.103630,-2.105664,2.033729,other
Ta2S,-0.766324,-0.772740,6.416085,other
Ta2Se,-0.512051,-0.603155,91.103876,other
Ta2Se3,-0.842735,-1.014643,171.907822,other
Ta2Sn2O7,-2.659286,-2.660950,1.664097,other
Ta2Sn3,0.403146,0.418621,15.475144,other
Ta2SnO6,-2.983355,-2.985388,2.033339,other
Ta2SnO7,-2.780081,-2.781911,1.829925,other
Ta2VO6,-3.121902,-3.123936,2.033551,other
Ta2Zn3O8,-2.632185,-2.633592,1.407291,other
Ta2Zn4O9,-2.481727,-2.482947,1.219657,other
Ta2ZnO6,-2.991990,-2.994023,2.033402,other
Ta2ZnS4,-1.121390,-1.124546,3.156273,other
Ta3(Cl3O4)2,-1.186365,-1.187980,1.614861,other
Ta3(CuS3)2,-1.171007,-1.174019,3.012419,other
Ta3(OF)5,-3.369297,-3.371409,2.111915,other
Ta32Cu17O96,-2.756158,-2.758177,2.018894,other
Ta3Au,-0.054571,-0.022960,31.610901,other
Ta3Br7,-1.265141,-1.267886,2.745291,halide_only
Ta3Cu,0.164943,0.164943,0.000182,other
Ta3FeS6,-1.286854,-1.290168,3.314097,other
Ta3Ge,-0.319007,-0.275088,43.919097,other
Ta3I7,-0.738629,-0.741374,2.744974,halide_only
Ta3MnS6,-1.313679,-1.316993,3.313945,other
Ta3O7F,-3.373447,-3.375943,2.495523,other
Ta3O8,-3.154826,-3.157321,2.495010,other
Ta3S2,-0.952723,-0.958592,5.869415,other
Ta3Sb,-0.147627,-0.143317,4.310131,other
Ta3Sn,-0.076529,-0.032393,44.135875,other
Ta3SnS6,-1.316094,-1.319407,3.313496,other
Ta4Cu2O11,-2.818716,-2.820869,2.153369,other
Ta4FeS8,-1.315657,-1.319056,3.399041,other
Ta4Mn11O21,-2.541198,-2.542215,1.017044,other
Ta4MnS8,-1.368888,-1.372286,3.398180,other
Ta4O,-0.707217,-0.714537,7.320009,other
Ta4SnO12,-3.014640,-3.016793,2.153389,other
Ta4V,1.439091,1.441088,1.997156,other
Ta5Ge3,-0.409934,-0.362695,47.238761,other
Ta5S8,-1.354811,-1.358613,3.802145,other
Ta5Sb4,-0.192133,-0.248387,56.254242,other
Ta5Zn7O18,-2.465152,-2.466677,1.525291,other
Ta6Fe7,-0.189400,-0.193623,4.222670,other
Ta6O,-0.638053,-0.645896,7.842654,other
Ta6S,-0.328783,-0.336761,7.977925,other
Ta6Zn7,-0.138398,-0.085991,52.406881,other
Ta7Cu3O19,-2.883643,-2.885852,2.209032,other
Ta7Fe6,-0.177743,-0.182670,4.926723,other
Ta7S12,-1.380010,-1.383979,3.969260,other
Ta8(CuS8)3,-1.112554,-1.115295,2.741233,other
Ta9(FeS3)2,-0.918977,-0.924156,5.178662,other
Ta9Mn11O34,-2.152374,-2.153899,1.525089,other
Ta9V2O25,-3.019162,-3.021449,2.287327,other
Ta9VO25,-3.259644,-3.261997,2.353133,other
TaAgF6,-3.052434,-3.054876,2.441879,halide_only
TaAu,-0.034650,-0.019694,14.955845,other
TaBr5,-1.386690,-1.388032,1.341666,halide_only
TaCl3,-1.637576,-1.639864,2.287706,halide_only
TaCl3O,-1.913845,-1.915675,1.830139,other
TaCl4,-1.792022,-1.793852,1.829980,halide_only
TaCl5,-1.854503,-1.856028,1.524535,halide_only
TaCu3S4,-0.868033,-0.869651,1.617892,other
TaCu3Se4,-0.595983,-0.750735,154.752092,other
TaCuO3,-2.502866,-2.504696,1.829646,other
TaCuO4,-2.075501,-2.077026,1.525414,other
TaCuS2,-1.011596,-1.014357,2.761253,other
TaCuS3,-1.065124,-1.067523,2.398678,other
TaF3,-2.766685,-2.768972,2.287214,halide_only
TaF5,-3.569620,-3.571145,1.525153,halide_only
TaFe,-0.186262,-0.190837,4.574626,other
TaFe2,-0.192938,-0.195988,3.049587,other
TaFeO3,-2.140557,-2.142387,1.829633,other
TaFeO4,-2.673983,-2.669732,4.251207,other
TaGe2,-0.193197,-0.221976,28.778991,other
TaHg2F6,-2.627352,-2.629700,2.348183,halide_only
TaHg3F6,-2.481138,-2.483850,2.712447,halide_only
TaI2O,-1.492157,-1.494444,2.287300,other
TaI4,-0.756146,-0.757976,1.830217,halide_only
TaI5,-0.768700,-0.770225,1.524719,halide_only
TaMn2,-0.131317,-0.223572,92.254884,other
TaMn2O3,-1.316361,-1.317886,1.525378,other
TaMnO4,-2.778473,-2.779998,1.524591,other
TaNb,0.011210,0.000101,11.109230,other
TaNbO5,-3.144502,-3.145809,1.307362,other
TaO,-1.227449,-1.232024,4.575023,other
TaO10,-0.603350,-0.604182,0.831948,other
TaO2,-3.054669,-3.057719,3.049521,other
TaO2F,-3.345573,-3.347860,2.287316,other
TaO3,-2.781948,-2.784235,2.287034,other
TaOF3,-3.446707,-3.448537,1.830116,other
TaS,-0.918302,-0.923351,5.048577,other
TaS2,-1.381074,-1.383796,2.721855,other
TaS3,-1.173654,-1.176653,2.998688,other
TaSb2,-0.168086,-0.271705,103.618707,other
TaSb3,0.461805,0.384091,77.714315,other
TaSb3O8,-2.271911,-2.272674,0.762922,other
TaSbO4,-2.707047,-2.708572,1.524946,other
TaSe2,-0.932054,-1.133138,201.083702,other
TaSe3,-0.742955,-1.007309,264.354027,other
TaSe6,0.716759,0.565700,151.059481,other
TaSn2,0.012022,-0.023997,36.019169,other
TaSn3,0.453029,0.460540,7.511450,other
TaSnO3,-2.360064,-2.361894,1.829680,other
TaSnS2,-1.093356,-1.096118,2.761645,other
TaV,0.080268,0.085259,4.991380,other
TaV2,-0.110934,-0.104278,6.655733,other
TaVO4,-3.039437,-3.040962,1.524766,other
TaVO5,-2.889146,-2.890453,1.307065,other
TaZn2,-0.143207,-0.089282,53.925285,other
TaZn3,-0.090833,-0.065821,25.011750,other
Tb14Ag51,-0.238067,-0.246966,8.899112,other
Tb14Au51,-0.633785,-0.634538,0.753263,other
Tb2Au,-0.619824,-0.622156,2.331752,other
Tb2Cl3,-2.203441,-2.204840,1.398705,halide_only
Tb2In,-0.489019,-0.349708,139.311240,other
Tb3Ag,0.015671,0.010453,5.218349,other
Tb3Au,-0.243700,-0.246323,2.622870,other
Tb3In,-0.359123,-0.254338,104.784559,other
Tb3In5,-0.621954,-0.465509,156.444908,other
Tb5Br8,-1.827996,-1.829341,1.344788,halide_only
Tb6Br7,-1.572134,-1.573748,1.613927,halide_only
Tb6Cu23,-0.191759,-0.187521,4.237814,other
TbAg,-0.303777,-0.310717,6.939858,other
TbAg2,-0.313666,-0.321753,8.086944,other
TbAg3,-0.218350,-0.227010,8.660425,other
TbAu,-0.873150,-0.874898,1.748482,other
TbAu2,-0.857513,-0.858679,1.166320,other
TbAu3,-0.713654,-0.714528,0.874414,other
TbAu6,-0.411350,-0.411850,0.500057,other
TbBr,-1.490636,-1.492385,1.748668,halide_only
TbBr3,-2.253171,-2.254045,0.874148,halide_only
TbCl,-1.763797,-1.765546,1.749235,halide_only
TbCl3,-2.739325,-2.723705,15.619501,halide_only
TbCu,-0.253565,-0.239106,14.459455,other
TbCu2,-0.266978,-0.264680,2.297755,other
TbCu5,-0.202359,-0.188971,13.387715,other
TbIn3,-0.538213,-0.420219,117.993615,other
Te2O5,-1.417868,-1.417868,0.000103,other
Te2Pd,-0.344460,-0.334240,10.219669,other
Te2Pd3,-0.337654,-0.342257,4.602694,other
Te2Pd7,-0.131057,-0.144379,13.321602,other
Te3Pd10,-0.105895,-0.119761,13.865741,other
Te3Pd13,-0.212809,-0.223921,11.112131,other
Te3Pd5,0.129024,0.122247,6.777236,other
Te4O9,-1.452282,-1.452282,0.000214,other
Te4Pd9,-0.314602,-0.323566,8.964072,other
Te5Pd21,0.006591,-0.004826,11.417342,other
Te7Pd20,-0.280322,-0.296000,15.678431,other
TeO,-0.307746,-0.307746,0.000354,other
TeO2,-1.495060,-1.494703,0.357351,other
TeO3,-1.341681,-1.341681,0.000144,other
TeO4,-0.636292,-0.636292,0.000182,other
TeO6,-0.006474,-0.006474,0.000127,other
TePd,-0.353707,-0.365343,11.635668,other
TePd3,-0.220330,-0.235420,15.089879,other
TePd4,-0.000633,-0.012541,11.907766,other
TePdO3,-0.592522,-0.592522,0.000260,other
Ti(Bi3O5)4,-1.811292,-1.811292,0.000192,other
Ti(BiO3)2,-1.842582,-1.842582,0.000277,other
Ti(ClO4)4,-0.769986,-0.769986,0.000345,other
Ti(FeO2)2,-2.367247,-2.367247,0.000432,other
Ti(FeO2)3,-2.156463,-2.156463,0.000263,other
Ti(FeO2)4,-1.903960,-1.903960,0.000364,other
Ti(GaO2)4,-2.550849,-2.550849,0.000301,other
Ti(WO4)2,-2.433771,-2.433771,0.000467,other
Ti10O11,-2.856115,-2.856115,0.000499,other
Ti10O13,-3.137637,-3.137637,0.000335,other
Ti11Fe13O36,-2.624050,-2.624050,0.000362,other
Ti11Fe17O42,-2.471456,-2.471456,0.000215,other
Ti11O14,-3.098234,-3.098234,0.000317,other
Ti11O18,-3.349130,-3.349130,0.000259,other
Ti11Se4,-0.784794,-0.784794,0.000412,other
Ti12Fe5O32,-2.899922,-2.899922,0.000224,other
Ti13(Fe5O14)3,-2.286674,-2.286674,0.000195,other
Ti13O22,-3.379983,-3.379983,0.000055,other
Ti13S24,-1.639208,-1.639823,0.614896,other
Ti13Sb3,-0.274102,-0.282288,8.185531,other
Ti14O7F60,-3.043501,-3.043501,0.000096,other
Ti19O30,-3.330664,-3.330664,0.000135,other
Ti19Se20,-1.338326,-1.338326,0.000331,other
Ti2(InBr3)3,-1.151893,-1.327406,175.513014,halide_only
Ti2(InCl3)3,-1.654882,-1.656487,1.604609,halide_only
Ti20(Sb3Se)3,-0.638472,-0.638472,0.000020,other
Ti20Se19,-1.273788,-1.273788,0.000042,other
Ti2Bi,-0.173737,-0.131589,42.148478,other
Ti2Bi2O7,-2.668285,-2.668285,0.000174,other
Ti2Cr3O12,-2.291029,-2.291029,0.000483,other
Ti2CrO5,-3.091858,-3.091858,0.000371,other
Ti2Fe,-0.214870,-0.214870,0.000259,other
Ti2Fe4O9,-2.341758,-2.341758,0.000084,other
Ti2FeO5,-3.020799,-3.020799,0.000183,other
Ti2Ga,-0.402784,-0.402784,0.000319,other
Ti2Ga3,-0.459394,-0.459394,0.000409,other
Ti2In,0.538597,0.536100,2.496826,other
Ti2In5,0.040961,0.035611,5.350387,other
Ti2O,-2.035562,-2.035562,0.000334,other
Ti2O3,-3.303440,-3.303440,0.000366,other
Ti2O7,-1.839757,-1.839757,0.000052,other
Ti2S,-1.254497,-1.254813,0.316364,other
Ti2S3,-1.706255,-1.706824,0.568920,other
Ti2SCl12,-1.584072,-1.584135,0.062981,other
Ti2Sb,-0.526163,-0.532284,6.120521,other
Ti2Sb2O7,-2.631501,-2.631501,0.000136,other
Ti2Se,-0.986124,-0.986124,0.000140,other
Ti2Se3,-1.453851,-1.453851,0.000246,other
Ti3(BiO3)4,-2.548818,-2.548818,0.000417,other
Ti3(WO6)2,-2.842795,-2.842795,0.000002,other
Ti3Au,-0.386484,-0.353343,33.141486,other
Ti3Bi,-0.120436,-0.088825,31.611463,other
Ti3Br,0.163421,0.163421,0.000363,halide_only
Ti3Fe,0.041433,0.041433,0.000118,other
Ti3Fe3O,0.920251,0.920251,0.000144,other
Ti3Fe5O12,-2.433789,-2.433789,0.000124,other
Ti3Fe7O15,-2.268697,-2.268697,0.000453,other
Ti3Fe9O16,-2.162470,-2.162470,0.000100,other
Ti3FeO7,-2.917017,-2.917017,0.000173,other
Ti3Ga,-0.321385,-0.321385,0.000466,other
Ti3Hg,-0.128663,-0.102751,25.911550,other
Ti3In,-0.125065,-0.126937,1.872097,other
Ti3In4,-0.025798,-0.030078,4.280079,other
Ti3O,-1.569914,-1.569914,0.000038,other
Ti3O2,-2.352613,-2.352613,0.000252,other
Ti3O4,-3.163822,-3.163822,0.000183,other
Ti3O5,-3.382134,-3.379943,2.191008,other
Ti3O7,-2.913736,-2.913736,0.000123,other
Ti3O8,-2.492625,-2.492625,0.000366,other
Ti3S2,-1.141572,-1.141951,0.378711,other
Ti3S4,-1.607071,-1.607613,0.541759,other
Ti3Sb,-0.432556,-0.427777,4.779345,other
Ti3Se,-0.578376,-0.578376,0.000242,other
Ti3Se4,-1.483434,-1.483434,0.000300,other
Ti3Tl,-0.033875,0.007065,40.939644,other
Ti4(Fe2O5)3,-2.496963,-2.496963,0.000127,other
Ti4(FeO4)3,-2.658386,-2.658386,0.000251,other
Ti45Se16,-0.779011,-0.779011,0.000220,other
Ti4Bi2O11,-2.964462,-2.964462,0.000262,other
Ti4Cr,0.123426,0.091890,31.535687,other
Ti4Fe,-0.003614,-0.003614,0.000009,other
Ti4Fe2O,-0.394764,-0.394764,0.000452,other
Ti4O3,-2.435005,-2.435005,0.000327,other
Ti4O5,-3.091060,-3.091060,0.000168,other
Ti4O7,-3.408519,-3.408519,0.000309,other
Ti5Fe11O24,-2.301589,-2.301589,0.000378,other
Ti5Fe7O18,-2.533885,-2.533885,0.000435,other
Ti5Ga3,-0.425657,-0.425657,0.000158,other
Ti5Ga4,-0.439712,-0.439712,0.000225,other
Ti5InS8,-1.585953,-1.587030,1.076935,other
Ti5O7,-3.082518,-3.082518,0.000068,other
Ti5O8,-3.338724,-3.338724,0.000498,other
Ti5O9,-3.425320,-3.425320,0.000041,other
Ti5S8,-1.696053,-1.696636,0.583492,other
Ti5Sb3,-0.546713,-0.563114,16.400993,other
Ti5Sb5O17,-2.598169,-2.598169,0.000327,other
Ti5Se4,-1.269583,-1.269583,0.000420,other
Ti6Fe8O21,-2.553962,-2.553962,0.000067,other
Ti6FeO16,-2.622961,-2.622961,0.000438,other
Ti6O,-0.916695,-0.916695,0.000421,other
Ti6O11,-3.438300,-3.438300,0.000099,other
Ti7(Fe3O8)3,-2.579421,-2.579421,0.000091,other
Ti7(WO5)6,-2.738256,-2.738256,0.000174,other
Ti7Br16,-1.530997,-1.530997,0.000460,halide_only
Ti7Cl16,-1.928291,-1.928291,0.000479,halide_only
Ti7Cr12O48,-2.128388,-2.128388,0.000243,other
Ti7Fe13O30,-2.370079,-2.370079,0.000194,other
Ti7O13,-3.441072,-3.441072,0.000204,other
Ti7O8,-2.924001,-2.924001,0.000274,other
Ti7S12,-1.672311,-1.672910,0.599033,other
Ti8Bi9,-0.210500,-0.181417,29.083447,other
Ti8BiO7,-2.543513,-2.543513,0.000258,other
Ti8Fe35O64,-0.875458,-0.875458,0.000216,other
Ti8In5,-0.102393,-0.105274,2.880877,other
Ti8O13,-3.353443,-3.353443,0.000062,other
Ti8O15,-3.445267,-3.445267,0.000082,other
Ti8S3,-1.018810,-1.019069,0.258588,other
Ti8Se3,-0.803441,-0.803441,0.000159,other
Ti9Fe11O30,-2.260989,-2.260989,0.000212,other
Ti9O10,-2.815676,-2.815676,0.000357,other
Ti9O13,-3.126783,-3.126783,0.000475,other
Ti9O17,-3.448527,-3.448527,0.000105,other
Ti9O8,-2.591554,-2.591554,0.000101,other
Ti9S10,-1.676394,-1.676893,0.498949,other
Ti9Se2,-0.531307,-0.531307,0.000158,other
TiAu,-0.475908,-0.428169,47.739018,other
TiAu2,-0.483343,-0.423139,60.204322,other
TiAu3,-0.312751,-0.276990,35.760637,other
TiAu4,-0.311210,-0.278996,32.214297,other
TiBi2(O2F)2,-2.544531,-2.544531,0.000037,other
TiBi2O5,-2.371656,-2.371656,0.000010,other
TiBr2,-1.393762,-1.393762,0.000114,halide_only
TiBr3,-1.624886,-1.624886,0.000070,halide_only
TiBr4,-1.658769,-1.658769,0.000069,halide_only
TiBrO,-2.360048,-2.360048,0.000112,other
TiCl2,-1.805285,-1.805285,0.000182,halide_only
TiCl3,-2.087464,-2.071412,16.051899,halide_only
TiCl4,-2.081178,-2.081178,0.000085,halide_only
TiClO,-2.525456,-2.525456,0.000152,other
TiCr,0.222221,0.143381,78.840112,other
TiCr2,0.083971,-0.105120,189.090663,other
TiCr2O5,-2.730495,-2.730495,0.000087,other
TiCr7O12,-2.460198,-2.460198,0.000272,other
TiCrO3,-2.774804,-2.774804,0.000166,other
TiCrO4,-2.703238,-2.703238,0.000018,other
TiF2,-3.012866,-3.012866,0.000422,halide_only
TiF3,-3.669001,-3.669001,0.000300,halide_only
TiF4,-3.685606,-3.685606,0.000145,halide_only
TiF6,-2.378675,-2.378675,0.000482,halide_only
TiFe,-0.420830,-0.420830,0.000152,other
TiFe11O16,-1.768663,-1.768663,0.000095,other
TiFe2,-0.283385,-0.283385,0.000238,other
TiFe2O5,-2.355785,-2.355785,0.000093,other
TiFe4,0.125868,0.125868,0.000087,other
TiFe5O8,-1.962517,-1.962517,0.000440,other
TiFeO3,-2.729713,-2.729713,0.000207,other
TiFeO4,-2.357793,-2.357793,0.000393,other
TiGa,-0.471636,-0.471636,0.000285,other
TiGa2,-0.441406,-0.441406,0.000200,other
TiGa2O5,-2.693699,-2.693699,0.000102,other
TiGa3,-0.374128,-0.374128,0.000426,other
TiHg,-0.045858,-0.009245,36.613036,other
TiI,-0.080128,-0.080128,0.000372,halide_only
TiI2,-0.862857,-0.862857,0.000039,halide_only
TiI2O7,-1.588838,-1.588838,0.000095,other
TiI3,-1.089018,-1.089018,0.000133,halide_only
TiI4,-1.031189,-1.031189,0.000426,halide_only
TiIn,-0.139313,-0.143058,3.744697,other
TiIn2O5,-2.548112,-2.549984,1.872180,other
TiMo,-0.077604,-0.086114,8.509507,other
TiMo2,-0.058206,-0.087774,29.568258,other
TiMo3,-0.134486,-0.147251,12.764903,other
TiMoO4,-2.710972,-2.710972,0.000448,other
TiO,-2.907956,-2.907956,0.000279,other
TiO2,-3.508055,-3.501638,6.416946,other
TiOF,-3.462304,-3.462304,0.000292,other
TiOF2,-3.568372,-3.568372,0.000083,other
TiOF5,-2.459812,-2.459812,0.000071,other
TiS,-1.719363,-1.719837,0.473888,other
TiS2,-1.607514,-1.608146,0.631810,other
TiS3,-1.341742,-1.342453,0.711139,other
TiSCl,-1.866125,-1.866441,0.316434,other
TiSF,-2.388125,-2.388441,0.316201,other
TiSb,-0.553937,-0.555432,1.494809,other
TiSb2,-0.408971,-0.518994,110.022743,other
TiSb3,0.102539,0.020022,82.517483,other
TiSe,-1.349653,-1.349653,0.000227,other
TiSe2,-1.426345,-1.426345,0.000037,other
TiTl2F6,-3.053902,-3.055864,1.962041,halide_only
TiTl3,0.288851,0.300142,11.291149,other
TiTl3F6,-2.652790,-2.655438,2.648396,halide_only
TiTl5F9,-2.628827,-2.631770,2.943454,halide_only
TiW,0.022547,-0.020041,42.588022,other
TiWO4,-2.721983,-2.721983,0.000207,other
Tl10Hg3Cl16,-1.219156,-1.222821,3.664704,halide_only
Tl2AgI3,-0.706139,-0.710812,4.673157,halide_only
Tl2Au,-0.045777,-0.038164,7.612504,other
Tl2Br3,-1.051234,-1.054765,3.531091,halide_only
Tl2Cl3,-1.270178,-1.273710,3.532078,halide_only
Tl2CoF4,-2.101330,-2.107438,6.108327,halide_only
Tl2CrF6,-2.435620,-2.437582,1.962153,halide_only
Tl2CuF3,-1.673512,-1.676455,2.942821,halide_only
Tl2CuF4,-1.937944,-1.940467,2.522780,halide_only
Tl2F3,-1.996208,-1.999739,3.531426,halide_only
Tl2Pd,-0.158989,-0.124446,34.542864,other
Tl2SbF5,-2.389251,-2.391458,2.206934,other
Tl2VF6,-2.588445,-2.590407,1.962313,halide_only
Tl3Ag,0.107439,0.107439,0.000083,other
Tl3AgI5,-0.694790,-0.698886,4.096177,halide_only
Tl3As,0.018377,0.054382,36.005288,other
Tl3AsF6,-2.088725,-2.092474,3.749441,other
Tl3Au,0.035072,0.037464,2.391672,other
Tl3Bi,-0.032464,-0.035905,3.441429,other
Tl3Br,-0.424634,-0.431256,6.621669,halide_only
Tl3Cl,-0.464929,-0.471551,6.621613,halide_only
Tl3Co,0.509697,0.509697,0.000425,other
Tl3Cr,0.450161,0.450161,0.000440,other
Tl3CrF6,-2.446766,-2.449414,2.648225,halide_only
Tl3Cu,0.286394,0.286394,0.000303,other
Tl3F,-0.699601,-0.706222,6.621281,halide_only
Tl3Fe,0.599867,0.593246,6.621245,other
Tl3FeF6,-2.277662,-2.280310,2.648216,halide_only
Tl3Ga,0.097246,0.097246,0.000366,other
Tl3GaF6,-2.407741,-2.410390,2.648683,halide_only
Tl3Hg,0.018193,0.007963,10.229671,other
Tl3In,0.006199,0.010959,4.760162,other
Tl3Ru,0.652726,0.652726,0.000180,other
Tl3Sb,-0.004054,-0.057657,53.603422,other
Tl3V,0.508952,0.508952,0.000225,other
Tl3VF6,-2.416435,-2.419083,2.648316,halide_only
Tl4Bi,0.000855,-0.001898,2.753243,other
Tl4HgBr6,-1.049839,-1.053594,3.755053,halide_only
Tl4HgI6,-0.760932,-0.764687,3.754840,halide_only
Tl7Sb2,-0.022726,-0.058989,36.262919,other
Tl8Cu4F11,-1.560815,-1.563886,3.071240,halide_only
Tl9Pd13,-0.235760,-0.215304,20.456166,other
TlAgBr3,-0.820534,-0.824376,3.842415,halide_only
TlAgCl3,-0.769444,-1.014996,245.552004,halide_only
TlAgF3,-1.706480,-1.710323,3.842507,halide_only
TlAgI2,-0.634144,-0.638947,4.802609,halide_only
TlAs,0.116687,0.116687,0.000026,other
TlAsF6,-2.467917,-2.470396,2.478781,other
TlAu3,0.077673,0.080527,2.854349,other
TlAuCl4,-0.996169,-0.997640,1.471140,halide_only
TlBi,0.090246,0.087527,2.719032,other
TlBi2,0.015296,-0.016666,31.962251,other
TlBi3,0.082800,0.081122,1.678166,other
TlBi3F10,-2.686188,-2.686819,0.630505,halide_only
TlBiF4,-2.523300,-2.524771,1.471191,halide_only
TlBr,-1.151022,-1.150768,0.253846,halide_only
TlBr2,-1.009177,-1.012120,2.943384,halide_only
TlBr3,-0.791201,-0.793408,2.206966,halide_only
TlCl,-1.325821,-1.324002,1.818858,halide_only
TlCl2,-1.225647,-1.228590,2.942979,halide_only
TlCl3,-1.124476,-1.126683,2.207478,halide_only
TlCoF3,-1.992580,-1.999365,6.785473,halide_only
TlCuCl3,-1.079021,-1.080786,1.765386,halide_only
TlCuF3,-1.899639,-1.901405,1.766040,halide_only
TlF,-1.960845,-1.965259,4.414273,halide_only
TlF3,-2.095710,-2.097917,2.207298,halide_only
TlFeF3,-2.067050,-2.068816,1.766066,halide_only
TlGaBr4,-1.266563,-1.268034,1.471425,halide_only
TlGaCl4,-1.563594,-1.565065,1.471396,halide_only
TlGaF6,-2.523557,-2.524661,1.104053,halide_only
TlGaI4,-0.849845,-0.851316,1.471406,halide_only
TlHg,-0.003333,-0.022528,19.195099,other
TlHg3,-0.027267,-0.036684,9.417050,other
TlHg5Br11,-0.846322,-0.848604,2.282078,halide_only
TlHg5Cl11,-1.045989,-1.048271,2.281977,halide_only
TlHgCl3,-1.142199,-1.145163,2.963910,halide_only
TlHgF3,-1.837267,-1.840231,2.964253,halide_only
TlI,-0.866145,-0.870559,4.414099,halide_only
TlI3,-0.624703,-0.626911,2.207670,halide_only
TlIn,0.026936,0.037321,10.384578,other
TlIn3,0.008411,0.015702,7.290747,other
TlInF6,-2.470948,-2.472987,2.039475,halide_only
TlPd2,-0.229214,-0.211701,17.512896,other
TlPd3,-0.237091,-0.222815,14.275554,other
TlPdF3,-1.692719,-1.694485,1.765858,halide_only
TlSb,0.056416,0.032587,23.829047,other
TlSb3F18,-2.518974,-2.519376,0.401675,other
TlSbF4,-2.499324,-2.500795,1.471378,other
TlSbF6,-2.625483,-2.626587,1.103545,other
Tm2Au,-0.764342,-0.662499,101.842878,other
Tm7Cl15,-2.191131,-2.193252,2.120734,halide_only
TmAu,-1.006067,-0.905037,101.029619,other
TmAu2,-0.973589,-0.889623,83.966098,other
TmAu3,-0.794251,-0.725009,69.241987,other
TmAu4,-0.658681,-0.606254,52.426675,other
TmCl2,-2.134277,-2.136499,2.222025,halide_only
TmCl3,-2.704174,-2.705841,1.666887,halide_only
V(BrO2)3,-0.227152,-0.227152,0.000135,other
V(ClO2)3,-0.446100,-0.446100,0.000152,other
V(FeO2)2,-1.841528,-1.841528,0.000312,other
V(FeS2)2,-0.901953,-0.902495,0.541500,other
V(GeO3)2,-2.164593,-2.164593,0.000083,other
V(PO3)2,-1.688387,-1.688869,0.482284,other
V(PO3)3,-2.652632,-2.653133,0.501152,other
V(PO3)4,-2.544709,-2.545220,0.510705,other
V(PO3)5,-2.413366,-2.413883,0.517150,other
V(PO4)2,-2.167660,-2.168054,0.394448,other
V(SbO3)4,-1.843370,-1.843370,0.000031,other
V10O9,-1.788598,-1.788598,0.000017,other
V11Ge8,-0.349275,-0.349275,0.000115,other
V11S16,-0.959058,-0.959620,0.562161,other
V11Sb9O40,-2.206182,-2.206182,0.000077,other
V12Cu10O33,-1.768849,-1.768849,0.000410,other
V12Cu2O29,-2.223868,-2.223868,0.000269,other
V12Fe6O35,-2.162157,-2.162157,0.000262,other
V12O29,-2.283691,-2.283691,0.000208,other
V12P7,-0.891531,-0.835253,56.277524,other
V13O16,-1.653997,-1.653997,0.000174,other
V14Fe5O32,-2.253702,-2.253702,0.000144,other
V16(CuO8)5,-2.063545,-2.063545,0.000233,other
V16FeO41,-2.191924,-2.191924,0.000222,other
V16O3,0.729085,0.729085,0.000145,other
V17Ge31,-0.200119,-0.200119,0.000375,other
V18Cu20O57,-1.782539,-1.782539,0.000292,other
V18Cu2O45,-2.137595,-2.137595,0.000383,other
V2(CuO2)5,-1.477376,-1.477376,0.000324,other
V2(CuO3)3,-1.494754,-1.494754,0.000387,other
V2(OF)3,-2.655169,-2.655169,0.000479,other
V2(PO4)3,-2.559923,-2.560306,0.383062,other
V23Se40,-0.869185,-0.973755,104.570267,other
V25O32,-2.293716,-2.293716,0.000220,other
V2Cu2O7,-1.810231,-1.810231,0.000045,other
V2Cu3O11,-1.017604,-1.017604,0.000107,other
V2Cu3O8,-1.656074,-1.656074,0.000128,other
V2CuO6,-1.997068,-1.997068,0.000422,other
V2CuO8,-1.389107,-1.389107,0.000244,other
V2F7,-3.098338,-3.098338,0.000277,halide_only
V2F9,-2.830301,-2.830301,0.000069,halide_only
V2FeO4,-2.208468,-2.208468,0.000487,other
V2FeO6,-2.196908,-2.196908,0.000042,other
V2FeS4,-1.097303,-1.097844,0.541163,other
V2Ge(O2F)2,-2.632741,-2.632741,0.000300,other
V2Ge2O7,-2.262856,-2.262856,0.000224,other
V2O2F3,-2.842280,-2.842280,0.000047,other
V2O3,-2.534548,-2.534548,0.000307,other
V2O3F,-2.677438,-2.669813,7.624782,other
V2O3F2,-2.647883,-2.647883,0.000345,other
V2O5,-2.289022,-2.289022,0.000183,other
V2OF4,-2.957970,-2.957970,0.000044,other
V2OF5,-3.046278,-3.044635,1.643233,other
V2OF6,-2.848840,-2.848840,0.000094,other
V2OF7,-2.788114,-2.788114,0.000125,other
V2OF8,-2.749829,-2.749829,0.000122,other
V2P,-0.846723,-0.787083,59.640458,other
V2P2O7,-2.590186,-2.590581,0.394829,other
V2P2O9,-2.576944,-2.577278,0.333752,other
V2P3O10,-2.623460,-2.623895,0.434516,other
V2P3O11,-2.640753,-2.641160,0.407110,other
V2P5O16,-2.636637,-2.637109,0.471821,other
V2PO5,-2.605111,-2.605382,0.271483,other
V2S5,-0.858217,-0.858894,0.677374,other
V2Se9,-0.458510,-0.795646,337.135934,other
V2SnO7,-2.259000,-2.259000,0.000096,other
V2Zn2O5,-1.906772,-1.906772,0.000193,other
V2Zn2O7,-2.170509,-2.170509,0.000449,other
V2Zn3O11,-1.261199,-1.261199,0.000208,other
V2Zn3O7,-2.063067,-2.063067,0.000345,other
V2Zn3O8,-2.081534,-2.081534,0.000422,other
V2Zn4O9,-2.049997,-2.049997,0.000184,other
V2ZnO4,-2.341038,-2.341038,0.000291,other
V2ZnO5,-2.276977,-2.276977,0.000221,other
V2ZnO6,-2.197483,-2.197483,0.000241,other
V3(FeO4)2,-2.119568,-2.119568,0.000323,other
V3(FeO6)2,-1.762887,-1.762887,0.000469,other
V3(O2F)2,-2.716382,-2.716382,0.000456,other
V3(OF)4,-2.658005,-2.658005,0.000151,other
V3(OF3)2,-2.977300,-2.977300,0.000228,other
V3(P2O7)2,-2.631759,-2.632173,0.413632,other
V3(P3O10)2,-2.630178,-2.630627,0.448905,other
V3(PO10)2,-1.095034,-1.095208,0.173970,other
V3(PO4)2,-2.554087,-2.554421,0.333536,other
V3(PO4)4,-2.595342,-2.595719,0.377159,other
V30Cu34O95,-1.773482,-1.773482,0.000062,other
V3Ag,0.370583,0.370583,0.000223,other
V3Au,-0.088406,-0.036160,52.246310,other
V3Br,0.460672,0.460672,0.000404,halide_only
V3Cu,0.138323,0.147734,9.410957,other
V3CuO8,-2.063724,-2.063724,0.000037,other
V3F,0.606655,0.606655,0.000006,halide_only
V3F10,-3.064875,-3.064875,0.000185,halide_only
V3Fe,-0.171137,-0.171137,0.000114,other
V3FeO8,-2.238675,-2.238675,0.000313,other
V3FeS6,-1.120528,-1.121097,0.568589,other
V3Ge,-0.335025,-0.335025,0.000347,other
V3O10,-1.432554,-1.432554,0.000383,other
V3O2F5,-2.910330,-2.910330,0.000406,other
V3O5,-2.522346,-2.522346,0.000274,other
V3O5F,-2.604812,-2.604812,0.000227,other
V3O5F3,-2.571238,-2.571238,0.000129,other
V3O7,-2.338437,-2.338437,0.000483,other
V3O7F,-2.301292,-2.301292,0.000454,other
V3O8,-2.056858,-2.056858,0.000389,other
V3OF11,-2.897034,-2.897034,0.000330,other
V3OF7,-3.022540,-3.022540,0.000068,other
V3P,-0.714135,-0.664311,49.824214,other
V3P2O11,-2.509553,-2.509824,0.271356,other
V3P3O13,-2.555760,-2.556102,0.342353,other
V3P4O15,-2.653182,-2.653576,0.394284,other
V3S,-0.671404,-0.671641,0.237174,other
V3S4,-1.357068,-1.300639,56.428643,other
V3S5,-1.218118,-1.218710,0.592196,other
V3Sb,-0.263251,-0.263214,0.037137,other
V3Sb2,-0.201268,-0.222920,21.651642,other
V3Se4,-0.913764,-0.998899,85.135004,other
V3Sn,-0.100637,-0.065110,35.526913,other
V3SnO8,-2.317558,-2.317558,0.000145,other
V3Zn2O8,-2.244912,-2.244912,0.000372,other
V3ZnO7,-2.298497,-2.298497,0.000134,other
V3ZnO8,-2.275549,-2.275549,0.000156,other
V4(CuO4)3,-1.860656,-1.860656,0.000443,other
V4(OF3)3,-2.955047,-2.954917,0.130203,other
V4(P2O7)3,-2.561000,-2.561420,0.419953,other
V4(PO4)3,-2.576903,-2.577246,0.343279,other
V4(PO5)3,-2.600207,-2.600503,0.296191,other
V4Cu13(O13F2)2,-1.367270,-1.367270,0.000050,other
V4Cu3O10,-1.811526,-1.811526,0.000289,other
V4CuO11,-2.090231,-2.090231,0.000181,other
V4Fe2O13,-2.182783,-2.182783,0.000057,other
V4FeO12,-2.067060,-2.067060,0.000246,other
V4Ge13O36,-2.087840,-2.087840,0.000403,other
V4O3F5,-2.823097,-2.823097,0.000177,other
V4O5F7,-2.762670,-2.762670,0.000323,other
V4O7,-2.490850,-2.490850,0.000337,other
V4O7F5,-2.556285,-2.556285,0.000260,other
V4O9,-2.352025,-2.352025,0.000432,other
V4OF11,-3.130596,-3.130596,0.000009,other
V4OF12,-2.974086,-2.974086,0.000429,other
V4P2O13,-2.538367,-2.538596,0.228685,other
V4P3,-0.900740,-0.840974,59.765545,other
V4P7O24,-2.656296,-2.656731,0.434624,other
V4P9O32,-2.467255,-2.467689,0.434251,other
V4SnO12,-2.231771,-2.231771,0.000071,other
V4Zn5,-0.073210,-0.046390,26.819531,other
V4ZnO10,-2.272829,-2.272829,0.000188,other
V4ZnO6,-2.136724,-2.136724,0.000471,other
V4ZnO8,-2.317226,-2.317226,0.000319,other
V4ZnO9,-2.275279,-2.275279,0.000311,other
V5(FeO6)2,-2.077769,-2.077769,0.000121,other
V5(P3O11)2,-2.654537,-2.654932,0.394627,other
V5CuO12,-2.213106,-2.213106,0.000285,other
V5F11,-2.977880,-2.977880,0.000251,halide_only
V5Fe3O16,-2.127260,-2.127260,0.000332,other
V5FeO12,-2.284868,-2.284868,0.000457,other
V5Ge3,-0.370239,-0.370239,0.000306,other
V5O12,-2.320203,-2.320203,0.000241,other
V5O14,-1.904387,-1.904387,0.000331,other
V5O7,-2.282690,-2.282690,0.000323,other
V5O9,-2.496834,-2.496834,0.000361,other
V5P3,-0.826155,-0.787414,38.741331,other
V5S4,-1.136939,-1.137361,0.421692,other
V5S8,-1.247409,-1.247992,0.583250,other
V5Sb4,-0.166438,-0.218266,51.827629,other
V5Se4,-0.722309,-0.845104,122.795325,other
V5Se8,-0.943728,-1.006241,62.513081,other
V5ZnO7,-1.463287,-1.463287,0.000285,other
V6Cu11O26,-1.579166,-1.579166,0.000157,other
V6Cu2O15,-2.123107,-2.123107,0.000332,other
V6CuO15,-2.198725,-2.198725,0.000165,other
V6F13,-2.967986,-2.967986,0.000245,halide_only
V6O11,-2.486746,-2.486746,0.000045,other
V6O11F,-2.524821,-2.524821,0.000250,other
V6O13,-2.393452,-2.393452,0.000460,other
V6O5F19,-2.739774,-2.739774,0.000236,other
V6O5F8,-2.836899,-2.836899,0.000294,other
V6O7F5,-2.761776,-2.761776,0.000099,other
V6P7O24,-2.599643,-2.600054,0.410747,other
V7(O2F3)3,-2.832865,-2.832865,0.000316,other
V7(PO4)6,-2.634715,-2.635067,0.351674,other
V7O13,-2.480039,-2.480039,0.000049,other
V7O3,-0.443571,-0.443571,0.000224,other
V7O4,-0.888017,-0.888017,0.000006,other
V7S8,-1.173721,-1.174227,0.505694,other
V8CuO20,-2.213698,-2.213698,0.000012,other
V8O,0.908733,0.908733,0.000211,other
V8O15,-2.483572,-2.483572,0.000354,other
V8ZnO24,-1.826040,-1.826040,0.000024,other
V9(P2O7)8,-2.575866,-2.576294,0.428412,other
V9O13,-2.275753,-2.275753,0.000317,other
V9O17,-2.470415,-2.470415,0.000212,other
V9O20,-1.563205,-1.563205,0.000461,other
V9O22,-2.272453,-2.272453,0.000295,other
V9PO25,-2.277826,-2.277888,0.062002,other
V9Sb7O32,-2.261631,-2.261631,0.000457,other
VAg3F6,-1.828859,-1.831974,3.114600,halide_only
VAu,0.154708,0.214165,59.456745,other
VAu2,-0.052280,0.011983,64.263453,other
VAu3,-0.007468,0.059199,66.667149,other
VAu4,-0.077751,0.005321,83.072408,other
VBr2,-1.208907,-1.208907,0.000303,halide_only
VBr2O,-1.340646,-1.340646,0.000276,other
VBr3,-1.179513,-1.179513,0.000234,halide_only
VBrO,-1.810522,-1.810522,0.000312,other
VCl2,-1.563128,-1.563128,0.000483,halide_only
VCl2O,-1.564473,-1.564473,0.000069,other
VCl3,-1.699073,-1.699073,0.000045,halide_only
VCl3O,-1.252353,-1.252353,0.000142,other
VCl3O4,-0.549884,-0.549884,0.000070,other
VCl4,-1.638170,-1.638170,0.000206,halide_only
VCl5,-1.473963,-1.473963,0.000198,halide_only
VClO,-1.990108,-1.990108,0.000318,other
VCu3O4,-1.316397,-1.316397,0.000146,other
VCuO2,-1.846986,-1.846986,0.000385,other
VCuO3,-1.796338,-1.796338,0.000071,other
VCuO4,-1.644717,-1.644717,0.000103,other
VF2,-2.997887,-2.997887,0.000260,halide_only
VF3,-3.219730,-3.219730,0.000041,halide_only
VF4,-3.005016,-3.005016,0.000023,halide_only
VF5,-2.803901,-2.803901,0.000178,halide_only
VFe,-0.127012,-0.127012,0.000160,other
VFe3,-0.128307,-0.128307,0.000272,other
VFe4,-0.043636,-0.043636,0.000262,other
VFeO4,-2.066525,-2.066525,0.000278,other
VGe2,-0.168534,-0.168534,0.000333,other
VGe3,0.217071,0.217071,0.000057,other
VGeO3,-2.159676,-2.159676,0.000126,other
VGeO4,-2.181869,-2.181869,0.000345,other
VHg3,0.358282,0.358282,0.000354,other
VO,-2.090288,-2.090288,0.000240,other
VO2,-2.522468,-2.480276,42.192302,other
VO2F,-2.459987,-2.459987,0.000005,other
VO2F3,-1.811910,-1.811910,0.000458,other
VO3,-1.692008,-1.692008,0.000172,other
VOF,-2.852133,-2.844651,7.482312,other
VOF2,-2.858161,-2.858161,0.000110,other
VOF3,-2.712218,-2.712218,0.000204,other
VP,-0.861504,-0.814908,46.595758,other
VP2,-0.632633,-0.611338,21.295384,other
VP2O7,-2.626824,-2.627258,0.434255,other
VP4,-0.385612,-0.341526,44.086422,other
VPO4,-2.700695,-2.701057,0.361512,other
VPO5,-2.501775,-2.500061,1.713821,other
VPO7,-1.561352,-1.561593,0.241136,other
VS,-1.145506,-1.145980,0.474320,other
VS2,-1.200986,-1.201618,0.632135,other
VS4,-0.951063,-0.951821,0.757934,other
VSb,-0.056041,-0.100541,44.500185,other
VSb2,-0.060839,-0.191192,130.353383,other
VSb2O5,-2.021340,-2.021340,0.000187,other
VSbO4,-2.235131,-2.235131,0.000225,other
VSe,-0.682918,-0.789237,106.318834,other
VSe2,-0.833392,-1.006306,172.913565,other
VSn2,-0.018104,-0.054775,36.670522,other
VSn3,0.347172,0.339637,7.535109,other
VSnO3,-1.958240,-1.958240,0.000470,other
VSnO4,-2.278322,-2.278322,0.000382,other
VZn2O4,-2.067260,-2.067260,0.000141,other
VZn3,-0.073853,-0.051881,21.971565,other
VZnF4,-2.724154,-2.724154,0.000373,halide_only
VZnF5,-2.912810,-2.912810,0.000098,halide_only
VZnF6,-2.817536,-2.817536,0.000006,halide_only
VZnO2,-1.854979,-1.854979,0.000381,other
VZnO3,-2.124513,-2.124513,0.000157,other
W(BrO)2,-1.330072,-1.330072,0.000295,other
W(ClO)2,-1.492185,-1.492185,0.000374,other
W(OF)2,-2.483259,-2.483259,0.000476,other
W(S4Cl3)2,-0.914270,-0.914776,0.505724,other
W(SO4)2,-1.826408,-1.826581,0.172617,other
W10O29,-2.166002,-2.166002,0.000449,other
W11O12,-0.340157,-0.340157,0.000124,other
W15I47,-0.429690,-0.429690,0.000466,halide_only
W17O47,-2.148147,-2.148147,0.000159,other
W18O49,-2.153271,-2.153271,0.000052,other
W2(OF3)3,-2.151654,-2.151654,0.000028,other
W21S8,0.181771,0.069886,111.885227,other
W25O73,-2.169288,-2.169288,0.000065,other
W2Br5,-0.854211,-0.854211,0.000320,halide_only
W2Cl4O7,-0.687588,-0.687588,0.000271,other
W2O3,-0.959681,-0.959681,0.000428,other
W2O5,-2.048473,-2.048473,0.000411,other
W2O7,-1.643047,-1.643047,0.000025,other
W2OF8,-2.638059,-2.638059,0.000110,other
W2Se17Cl12,-0.615476,-0.615476,0.000262,other
W3Br7,-0.822904,-0.822904,0.000362,halide_only
W3Br8,-0.813504,-0.813504,0.000119,halide_only
W3I8,-0.393112,-0.393112,0.000004,halide_only
W3O,2.341757,2.341757,0.000324,other
W3O10,-1.839072,-1.839072,0.000318,other
W3O7,-1.999479,-1.999479,0.000248,other
W3O7F,-2.159844,-2.159844,0.000116,other
W3O8,-2.139503,-2.139503,0.000305,other
W4O9,-1.921863,-1.921863,0.000074,other
W5(O2F11)2,-2.697347,-2.697347,0.000324,other
W5I16,-0.437017,-0.437017,0.000253,halide_only
W5O12F,-2.117845,-2.117845,0.000472,other
W5O14,-1.395467,-1.395467,0.000417,other
W5O7,-0.927488,-0.927488,0.000375,other
W7(OF5)6,-2.687881,-2.687881,0.000264,other
W8O21,-2.135729,-2.135729,0.000149,other
W9O13,-1.035778,-1.035778,0.000422,other
WBr2,-0.848889,-0.848889,0.000398,halide_only
WBr4,-0.898332,-0.898332,0.000260,halide_only
WBr4O,-0.708982,-0.708982,0.000372,other
WBr5,-0.912357,-0.912357,0.000262,halide_only
WBr6,-0.934511,-0.934511,0.000277,halide_only
WCl2,-1.134383,-1.134383,0.000498,halide_only
WCl3,-1.240606,-1.240606,0.000306,halide_only
WCl3O,-1.148292,-1.148292,0.000035,other
WCl4,-1.319054,-1.319054,0.000379,halide_only
WCl4O,-0.994502,-0.994502,0.000058,other
WCl5,-1.337452,-1.337452,0.000007,halide_only
WCl6,-1.379525,-1.379525,0.000374,halide_only
WF4,-2.625350,-2.625350,0.000400,halide_only
WF5,-2.716811,-2.716811,0.000255,halide_only
WF6,-2.808761,-2.808761,0.000132,halide_only
WI2,-0.461928,-0.461928,0.000358,halide_only
WI3,-0.392902,-0.392902,0.000272,halide_only
WI3O,-0.582531,-0.582531,0.000368,other
WI4,-0.388384,-0.388384,0.000003,halide_only
WO2,-2.067518,-2.036667,30.851475,other
WO2F,-2.319871,-2.319871,0.000000,other
WO3,-2.190861,-2.190861,0.000393,other
WO4,-1.228083,-1.228083,0.000253,other
WO5,-1.026222,-1.026222,0.000012,other
WOF3,-2.610064,-2.610064,0.000214,other
WOF4,-2.682507,-2.682507,0.000078,other
WS,-0.231474,-0.434267,202.793077,other
WS2,-0.883580,-1.153970,270.390439,other
WS2O9,-1.799108,-1.799266,0.157964,other
WS9Cl4,-0.843308,-0.843917,0.609191,other
WSBr4,-0.940918,-0.941076,0.158140,other
WSCl4,-1.292609,-1.292767,0.157766,other
WSF4,-2.235039,-2.235197,0.158327,other
WSe2,-0.603620,-0.872211,268.591480,other
Y14Ag51,-0.243491,-0.249498,6.006522,other
Y2Au,-0.720264,-0.646644,73.619778,other
Y2Br3,-1.838593,-1.855641,17.048412,halide_only
Y2Cl3,-2.200796,-2.217844,17.047749,halide_only
Y2Cu3,0.360209,0.346416,13.793275,other
Y2In,-0.494576,-0.386818,107.757936,other
Y3Au2,-0.770849,-0.710237,60.612320,other
Y3In,-0.348461,-0.268387,80.074309,other
Y3In5,-0.614931,-0.480599,134.331695,other
Y3Tl,-0.254546,-0.187310,67.235750,other
Y3Tl5,-0.410584,-0.318701,91.882882,other
Y5Tl3,-0.471178,-0.352391,118.787034,other
YAg,-0.327412,-0.329853,2.441492,other
YAg2,-0.320844,-0.334271,13.427423,other
YAg3,-0.214797,-0.233563,18.766069,other
YAu,-0.971274,-0.885677,85.597272,other
YAu2,-0.933109,-0.861507,71.602374,other
YAu3,-0.772896,-0.713167,59.728900,other
YBr2,-1.890311,-1.904518,14.207147,halide_only
YBr3,-2.305373,-2.316028,10.654908,halide_only
YCl,-1.774573,-1.795883,21.310348,halide_only
YCl3,-2.733401,-2.744056,10.654677,halide_only
YCu,-0.245903,-0.258562,12.659188,other
YCu2,-0.246509,-0.261059,14.549999,other
YCu5,-0.192909,-0.190248,2.660574,other
YCuF5,-3.148776,-3.154865,6.088520,halide_only
YF3,-4.414996,-4.425651,10.654880,halide_only
YHg,-0.585944,-0.516281,69.662954,other
YHg2,-0.474425,-0.398870,75.555491,other
YHg3,-0.409520,-0.362329,47.191165,other
YI,-1.030210,-1.051520,21.310351,halide_only
YI3,-1.710966,-1.721621,10.654888,halide_only
YIn,-0.603586,-0.492590,110.995942,other
YIn3,-0.522485,-0.418481,104.004036,other
YTl,-0.462709,-0.368801,93.908275,other
YTl3,-0.300891,-0.250417,50.473553,other
Zn(BrO6)2,0.359428,0.359428,0.000422,other
Zn(ClO7)2,0.167042,0.167042,0.000199,other
Zn(OF)2,-1.456582,-1.456582,0.000366,other
Zn(SbO2)2,-1.749817,-1.749817,0.000181,other
Zn(SbO2)4,-1.677023,-1.677023,0.000276,other
Zn(SbO3)2,-1.884719,-1.884719,0.000062,other
Zn10Fe3,-0.033192,-0.033192,0.000022,other
Zn13Fe,-0.030846,-0.030846,0.000293,other
Zn13Sb10,-0.037694,-0.096804,59.110369,other
Zn2Cl5O2,-0.696465,-0.696465,0.000238,other
Zn2O3F,-1.183074,-1.183074,0.000018,other
Zn2Sb2O5,-1.509063,-1.509063,0.000127,other
Zn2Sb3O8,-1.625321,-1.625321,0.000085,other
Zn3Ge,0.187028,0.117591,69.437409,other
Zn3Sb,0.240259,0.111426,128.832745,other
Zn3Sb2O7,-1.676961,-1.676961,0.000078,other
Zn3Se,0.012875,0.012875,0.000486,other
Zn5Cl2O9,-0.623948,-0.623948,0.000283,other
Zn6Sb5,-0.026091,-0.090664,64.573345,other
Zn7(SbO6)2,-1.822193,-1.822193,0.000260,other
Zn9Fe4,-0.043228,-0.043228,0.000057,other
ZnBr2,-1.267659,-1.267659,0.000339,halide_only
ZnBr6,-0.162712,-0.162712,0.000079,halide_only
ZnCl2,-1.556900,-1.556900,0.000210,halide_only
ZnCl3,-0.991404,-0.991404,0.000286,halide_only
ZnClO,-0.897458,-0.897458,0.000115,other
ZnClO8,-0.182731,-0.182731,0.000357,other
ZnF2,-2.600935,-2.600935,0.000220,halide_only
ZnFe,-0.008659,-0.008659,0.000220,other
ZnFe3,0.019976,0.019976,0.000462,other
ZnFeF4,-2.500720,-2.500720,0.000249,halide_only
ZnFeF5,-2.576461,-2.576461,0.000428,halide_only
ZnFeF6,-2.326304,-2.326304,0.000309,halide_only
ZnGe,0.446245,0.446245,0.000189,other
ZnGe3,0.268870,0.268870,0.000359,other
ZnI2,-0.872177,-0.872177,0.000414,halide_only
ZnI6,0.071570,0.071570,0.000209,halide_only
ZnO,-1.790899,-1.790899,0.000112,other
ZnO2,-1.058444,-1.058444,0.000209,other
ZnOF,-1.588205,-1.588205,0.000438,other
ZnS,-0.962698,-1.063131,100.433414,other
ZnS2,-0.496377,-0.702703,206.325799,other
ZnSb,-0.061448,-0.123996,62.548398,other
ZnSb2,0.100394,-0.048850,149.244018,other
ZnSb2Cl2O3,-1.528550,-1.528550,0.000357,other
ZnSb2O5,-1.565133,-1.565133,0.000067,other
ZnSb3,0.402751,0.105402,297.348665,other
ZnSb3O7,-1.611951,-1.611951,0.000239,other
ZnSb4O9,-1.408047,-1.408047,0.000009,other
ZnSbF5,-2.587293,-2.587293,0.000126,other
ZnSbF6,-2.572873,-2.572873,0.000096,other
ZnSbO3,-1.662044,-1.662044,0.000270,other
ZnSe,-0.951561,-0.951561,0.000031,other
ZnSe2,-0.644162,-0.644162,0.000328,other
Zr(ClO4)4,-0.837846,-0.837846,0.000280,other
Zr(IO3)4,-1.329972,-1.329972,0.000494,other
Zr(InBr3)2,-1.446076,-1.447740,1.664338,halide_only
Zr(MoO4)2,-2.466229,-2.466072,0.156792,other
Zr(SO3)2,-1.800514,-1.800725,0.210537,other
Zr(SO4)2,-2.353294,-2.353467,0.172631,other
Zr(SO6)2,-1.215030,-1.215156,0.126209,other
Zr(Se2Cl3)2,-1.243875,-1.243870,0.005446,other
Zr(SeCl6)2,-1.314002,-1.314002,0.000022,other
Zr(WO4)2,-2.573635,-2.573635,0.000109,other
Zr11Sb18,-0.660848,-0.707478,46.629679,other
Zr19O40,-3.575846,-3.575846,0.000019,other
Zr2(SO6)3,-1.536409,-1.536533,0.124132,other
Zr21S8,-0.954137,-0.954398,0.261433,other
Zr23S32,-1.834789,-1.835341,0.551609,other
Zr27O49,-3.578150,-3.578150,0.000041,other
Zr2Bi2O7,-2.773154,-2.773154,0.000264,other
Zr2Cl5,-2.079850,-2.079850,0.000471,halide_only
Zr2Cr2F3,-1.442543,-1.442543,0.000337,halide_only
Zr2Fe,-0.139135,-0.139135,0.000275,other
Zr2Fe2F3,-1.218217,-1.218217,0.000245,halide_only
Zr2FeS4,-1.571744,-1.572285,0.541255,other
Zr2Ga,-0.538985,-0.464844,74.140566,other
Zr2Ga3,-0.691234,-0.614797,76.436549,other
Zr2In3,-0.099213,0.029302,128.515246,other
Zr2O,-1.990846,-1.990846,0.000132,other
Zr2S,-1.264284,-1.264600,0.315758,other
Zr2S2O,-0.773053,-0.773432,0.378980,other
Zr2SO3,-2.854349,-2.854507,0.157748,other
Zr2Sb,-0.741362,-0.709769,31.592702,other
Zr2Se,-1.062497,-1.086252,23.754809,other
Zr2Se3,-1.582649,-1.639717,57.068129,other
Zr3(Bi5Br9)2,-1.101893,-1.101893,0.000124,halide_only
Zr3Bi,-0.245045,-0.245045,0.000401,other
Zr3Bi5,-0.296631,-0.296631,0.000328,other
Zr3BiF15,-3.748796,-3.748796,0.000024,halide_only
Zr3Br,0.076962,0.076962,0.000342,halide_only
Zr3Cl,0.054575,0.054575,0.000136,halide_only
Zr3Fe,-0.109468,-0.109468,0.000405,other
Zr3FeF6,-1.951746,-1.951746,0.000068,halide_only
Zr3Ga,-0.360460,-0.336759,23.701436,other
Zr3Ga2,-0.618284,-0.546891,71.393028,other
Zr3Ga5,-0.677383,-0.602183,75.199734,other
Zr3I,0.080587,0.080587,0.000196,halide_only
Zr3In,-0.304235,-0.250719,53.515997,other
Zr3InF15,-3.755775,-3.756169,0.394300,halide_only
Zr3O,-1.546159,-1.545261,0.897899,other
Zr3S,-0.338659,-0.338896,0.236751,other
Zr3S2,-1.258442,-1.258821,0.379323,other
Zr3S4,-1.860781,-1.861322,0.541212,other
Zr3SO9,-3.058422,-3.058495,0.073130,other
Zr3Sb,-0.578757,-0.545590,33.167213,other
Zr3Se,-0.365944,-0.383760,17.816167,other
Zr3Se2,-0.989217,-1.013538,24.321177,other
Zr3Se4,-1.500631,-1.548586,47.954516,other
Zr3W5,0.447911,0.442042,5.869459,other
Zr40S27,-1.292167,-1.292549,0.382238,other
Zr4Br4O,-1.521902,-1.521902,0.000151,other
Zr4Cr,0.838685,0.828956,9.729311,other
Zr4Fe,0.562994,0.562994,0.000189,other
Zr4FeSe8,-1.466088,-1.466088,0.000351,other
Zr4Mo,0.909996,0.909926,0.070320,other
Zr4O,-1.240729,-1.240729,0.000299,other
Zr4W,1.074362,1.072484,1.878025,other
Zr5Bi3,-0.300633,-0.300633,0.000016,other
Zr5Ga3,-0.589608,-0.505777,83.830998,other
Zr5Ga4,-0.621367,-0.551758,69.608877,other
Zr5I18,-1.201642,-1.201642,0.000028,halide_only
Zr5S8,-1.762313,-1.762897,0.583510,other
Zr5Sb3,-0.774957,-0.747412,27.545010,other
Zr5Sb3O,-1.161838,-1.161838,0.000374,other
Zr5Sb3S,-0.993694,-0.993799,0.105322,other
Zr5Sb3Se,-0.953715,-0.890671,63.044335,other
Zr5Sb4,-0.769753,-0.761691,8.062334,other
Zr5Se8,-1.461646,-1.520089,58.442603,other
Zr63S128,-1.807449,-1.808084,0.634935,other
Zr64S127,-1.820977,-1.821607,0.630304,other
Zr6Fe23,-0.166571,-0.166571,0.000378,other
Zr6Fe2O,-0.292532,-0.292532,0.000213,other
Zr6FeCl14,-2.077570,-2.077570,0.000054,halide_only
Zr6FeCl15,-2.060224,-2.060224,0.000325,halide_only
Zr6FeS2,-0.904833,-0.905043,0.210236,other
Zr6FeSe2,-0.784253,-0.784253,0.000235,other
Zr6O11,-3.623043,-3.623043,0.000120,other
Zr7Sb4,-0.765011,-0.740043,24.967714,other
Zr8Bi13,-0.303920,-0.303920,0.000006,other
Zr9Mo4O3,-0.713339,-0.713339,0.000415,other
Zr9S2,-0.700928,-0.701101,0.172715,other
Zr9W4O3,-0.624458,-0.624458,0.000088,other
Zr9W4S,-0.301671,-0.301739,0.068183,other
ZrBi,-0.373876,-0.373876,0.000349,other
ZrBi2,-0.274915,-0.274915,0.000075,other
ZrBiO4,-2.609800,-2.609800,0.000037,other
ZrBr,-1.270966,-1.270966,0.000067,halide_only
ZrBr2,-1.591171,-1.591171,0.000382,halide_only
ZrBr3,-1.799130,-1.799130,0.000189,halide_only
ZrBr4,-1.791707,-1.791707,0.000441,halide_only
ZrBrO,-2.434899,-2.434899,0.000210,other
ZrCl,-1.590055,-1.590055,0.000340,halide_only
ZrCl2,-2.053710,-2.053710,0.000307,halide_only
ZrCl3,-2.214411,-2.203703,10.707551,halide_only
ZrCl4,-2.267714,-2.267714,0.000350,halide_only
ZrCr2,0.004494,-0.032432,36.925727,other
ZrCrF6,-3.592835,-3.592835,0.000341,halide_only
ZrCrO3,-2.991101,-2.991101,0.000049,other
ZrCrO4,-2.868531,-2.868531,0.000473,other
ZrCrS4,-1.291590,-1.292222,0.631940,other
ZrF4,-4.000017,-4.000017,0.000267,halide_only
ZrFe2,-0.280683,-0.280683,0.000423,other
ZrFeCl6,-1.642610,-1.829264,186.654470,halide_only
ZrFeF6,-3.497807,-3.497807,0.000106,halide_only
ZrFeSe,-0.691534,-0.691534,0.000181,other
ZrGa,-0.730120,-0.626410,103.709641,other
ZrGa2,-0.619017,-0.568053,50.964200,other
ZrGa3,-0.526327,-0.490053,36.274227,other
ZrI2,-1.145353,-1.145353,0.000003,halide_only
ZrI3,-1.246911,-1.246911,0.000015,halide_only
ZrI4,-1.227871,-1.227871,0.000009,halide_only
ZrIn,-0.439153,-0.314468,124.684740,other
ZrIn2,-0.398326,-0.267258,131.068488,other
ZrIn2O5,-2.557573,-2.559446,1.872578,other
ZrIn3,-0.329676,-0.211334,118.341860,other
ZrMo,0.104759,0.104582,0.177285,other
ZrMo2,-0.139093,-0.139329,0.235730,other
ZrMo2O11,-1.536239,-1.536239,0.000490,other
ZrMo3,0.227825,0.227648,0.177183,other
ZrO,-2.559905,-2.559905,0.000232,other
ZrO2,-3.813618,-3.813618,0.000245,other
ZrO2F5,-2.579672,-2.579672,0.000436,other
ZrO3F5,-2.094695,-2.094695,0.000348,other
ZrOF4,-2.908074,-2.908074,0.000241,other
ZrS,-1.684560,-1.685034,0.474342,other
ZrS2,-1.848309,-1.848941,0.631582,other
ZrS2O13,-1.144190,-1.144309,0.118733,other
ZrS2O15,-0.948200,-0.948305,0.105292,other
ZrS2O9,-1.993824,-1.993982,0.158031,other
ZrS3,-1.574734,-1.575444,0.710400,other
ZrSO,-2.847103,-2.847419,0.316424,other
ZrSO6,-2.189172,-2.189290,0.118365,other
ZrSO7,-1.417008,-1.417113,0.105224,other
ZrSO9,-0.814618,-0.814704,0.086435,other
ZrSb,-0.809809,-0.808470,1.339321,other
ZrSb2,-0.631527,-0.678605,47.077622,other
ZrSb3,-0.161342,-0.196650,35.308156,other
ZrSe,-1.557152,-1.582322,25.169796,other
ZrSe2,-1.580534,-1.643561,63.027235,other
ZrSe3,-1.236771,-1.402092,165.321157,other
ZrW2,-0.139601,-0.145862,6.260597,other
ZrW2O11,-1.622553,-1.622553,0.000328,other
