comp_name_full,element.B1,element.B2,element.X,bandgap,cond_type,spin_forbidden,geom_stable,p_semi,gap_pred_eV,gap_sigma_eV,gap_lo90_eV,gap_hi90_eV,p_gap_pv,key,in_training,in_v2_candidates,hse_nonmetal,hse_in_pv_window
Cs2AgLuCl6,Ag,Lu,Cl,5.33328,insulator,False,True,0.95947,3.62536,0.45984,2.71118,4.53954,0.00608,Cs2LuAgCl6,True,False,True,False
Cs2AuVCl6,Au,V,Cl,2.30000,semiconductor,False,False,0.48641,0.87076,0.54791,-0.21850,1.96002,0.36749,Cs2VAuCl6,False,False,True,False
Cs2NaPrCl6,Na,Pr,Cl,4.82282,insulator,False,True,0.98216,4.91080,0.23837,4.43692,5.38469,0.00008,Cs2NaPrCl6,True,False,True,False
Cs2AgDyCl6,Ag,Dy,Cl,4.36513,insulator,False,True,0.92549,3.67362,0.28750,3.10206,4.24519,0.00093,Cs2DyAgCl6,True,False,True,False
Cs2MgNdCl6,Mg,Nd,Cl,1.64193,semiconductor,False,False,0.54846,4.69096,0.47846,3.73978,5.64215,0.00110,Cs2NdMgCl6,False,False,True,True
Cs2VSmCl6,V,Sm,Cl,0.98352,semiconductor,True,True,0.69715,1.32998,0.51162,0.31286,2.34710,0.53866,Cs2SmVCl6,False,False,True,False
Cs2PtAmCl6,Pt,Am,Cl,0.38107,semiconductor,False,True,0.58336,0.67854,0.36046,-0.03807,1.39514,0.19320,Cs2AmPtCl6,False,False,True,False
Cs2AgYbCl6,Ag,Yb,Cl,2.30451,semiconductor,False,True,0.55639,3.23237,0.42632,2.38483,4.07990,0.01139,Cs2YbAgCl6,False,False,True,False
Cs2SmPtCl6,Sm,Pt,Cl,0.32006,semiconductor,False,True,0.82817,1.95717,0.34336,1.27455,2.63978,0.29372,Cs2SmPtCl6,False,False,True,False
Cs2KVCl6,K,V,Cl,2.85288,semiconductor,False,False,0.39004,1.80478,0.51766,0.77567,2.83390,0.37416,Cs2KVCl6,False,False,True,False
Cs2CaHgCl6,Ca,Hg,Cl,4.10495,insulator,False,True,0.82377,2.93104,0.47011,1.99645,3.86563,0.02996,Cs2CaHgCl6,False,False,True,False
Cs2CaYbCl6,Ca,Yb,Cl,3.02820,semiconductor,False,True,0.35971,5.46420,0.42939,4.61056,6.31784,0.00008,Cs2CaYbCl6,False,False,True,False
Cs2NaPuCl6,Na,Pu,Cl,3.54042,semiconductor,False,True,0.91763,4.61736,0.62069,3.38340,5.85132,0.00312,Cs2NaPuCl6,False,False,True,False
Cs2GeNdCl6,Ge,Nd,Cl,0.31524,semiconductor,False,False,0.95380,3.37705,0.42550,2.53115,4.22295,0.00802,Cs2NdGeCl6,False,False,True,False
Cs2CdDyCl6,Cd,Dy,Cl,0.46746,semiconductor,True,True,0.74470,3.40709,0.31338,2.78408,4.03011,0.00203,Cs2DyCdCl6,False,False,True,False
Cs2CuNdCl6,Cu,Nd,Cl,2.55431,semiconductor,False,False,0.94514,2.56768,0.31229,1.94685,3.18852,0.03241,Cs2NdCuCl6,False,False,True,False
Cs2NaNdCl6,Na,Nd,Cl,4.89981,insulator,False,True,0.97992,4.93920,0.21503,4.51171,5.36670,0.00008,Cs2NaNdCl6,True,False,True,False
Cs2AgAuCl6,Ag,Au,Cl,0.01286,metallic,False,True,0.32910,0.90417,0.43992,0.02959,1.77875,0.40429,Cs2AgAuCl6,True,False,False,False
Cs2KGaCl6,K,Ga,Cl,4.99854,insulator,False,False,0.97836,3.40041,0.17807,3.04639,3.75442,0.00008,Cs2KGaCl6,True,False,True,False
Cs2VAmCl6,V,Am,Cl,2.31174,semiconductor,False,True,0.40135,0.12586,0.58306,-1.03327,1.28499,0.07731,Cs2AmVCl6,False,False,True,False
Cs2PdEuCl6,Pd,Eu,Cl,0.15488,semiconductor,False,True,0.49161,0.70045,0.40403,-0.10277,1.50367,0.23304,Cs2EuPdCl6,False,False,True,False
Cs2TiEuCl6,Ti,Eu,Cl,1.95981,semiconductor,False,True,0.65383,0.90796,0.54899,-0.18346,1.99937,0.38766,Cs2EuTiCl6,False,False,True,False
Cs2NaNpCl6,Na,Np,Cl,3.09061,semiconductor,False,True,0.95636,2.89757,1.08146,0.74759,5.04755,0.10204,Cs2NaNpCl6,False,False,True,False
Cs2AgTmCl6,Ag,Tm,Cl,3.08591,semiconductor,False,True,0.91006,3.60226,0.30780,2.99034,4.21417,0.00135,Cs2TmAgCl6,True,False,True,False
Cs2ZnNdCl6,Zn,Nd,Cl,0.86676,semiconductor,True,False,0.64328,3.21193,0.32452,2.56677,3.85709,0.00506,Cs2NdZnCl6,False,False,True,False
Cs2NaCeCl6,Na,Ce,Cl,4.70959,insulator,False,True,0.94549,0.84862,1.21882,-1.57444,3.27167,0.24333,Cs2NaCeCl6,True,False,True,False
Cs2CaTmCl6,Ca,Tm,Cl,2.24542,semiconductor,True,True,0.52269,5.38048,0.40479,4.57574,6.18521,0.00008,Cs2CaTmCl6,False,False,True,False
Cs2NaAmCl6,Na,Am,Cl,3.01055,semiconductor,False,True,0.79735,1.70346,0.43865,0.83140,2.57551,0.46615,Cs2NaAmCl6,False,False,True,False
Cs2KCrCl6,K,Cr,Cl,4.16614,insulator,True,False,0.89216,1.57792,0.31204,0.95757,2.19826,0.67328,Cs2KCrCl6,True,False,True,False
Cs2KMnCl6,K,Mn,Cl,0.90037,semiconductor,False,False,0.80003,1.37243,0.28915,0.79758,1.94727,0.77380,Cs2KMnCl6,False,False,True,False
Cs2AgTlCl6,Ag,Tl,Cl,0.54576,semiconductor,False,True,0.28898,1.19547,0.38368,0.43270,1.95823,0.61994,Cs2TlAgCl6,True,False,True,False
Cs2AuRhCl6,Au,Rh,Cl,1.10259,semiconductor,False,False,0.75374,0.91710,0.43345,0.05539,1.77880,0.41501,Cs2RhAuCl6,False,False,True,True
Cs2TlAlCl6,Tl,Al,Cl,4.60158,insulator,False,False,0.94823,3.94134,0.70161,2.54651,5.33617,0.01215,Cs2AlTlCl6,True,False,True,False
Cs2PtPbCl6,Pt,Pb,Cl,0.44817,semiconductor,True,True,0.71669,1.58920,0.48275,0.62947,2.54893,0.49983,Cs2PtPbCl6,False,False,True,False
Cs2HgInCl6,Hg,In,Cl,0.01300,metallic,False,True,0.18199,1.76359,0.54866,0.67284,2.85434,0.37829,Cs2InHgCl6,True,False,False,False
Cs2NaCmCl6,Na,Cm,Cl,4.06026,insulator,True,True,0.97068,2.98139,0.53384,1.92011,4.04268,0.03874,Cs2NaCmCl6,False,False,True,False
Cs2AuGaCl6,Au,Ga,Cl,0.54537,semiconductor,False,False,0.30020,0.71431,0.49499,-0.26976,1.69837,0.27389,Cs2GaAuCl6,True,False,True,False
Cs2NaPmCl6,Na,Pm,Cl,4.29053,insulator,False,True,0.97589,4.79909,0.27116,4.26002,5.33817,0.00000,Cs2NaPmCl6,False,False,True,False
Cs2CoNdCl6,Co,Nd,Cl,1.17090,semiconductor,False,False,0.86978,1.65827,0.36032,0.94194,2.37459,0.55604,Cs2NdCoCl6,False,False,True,True
Cs2YbHgCl6,Yb,Hg,Cl,0.32074,semiconductor,True,True,0.40029,2.90965,0.57499,1.76656,4.05274,0.05208,Cs2YbHgCl6,False,False,True,False
Cs2NiBaCl6,Ni,Ba,Cl,4.35019,insulator,True,False,0.61759,1.69791,0.48525,0.73321,2.66260,0.44109,Cs2BaNiCl6,False,False,True,False
Cs2SrPdCl6,Sr,Pd,Cl,2.32817,semiconductor,True,True,0.79899,1.70949,0.34852,1.01662,2.40237,0.51806,Cs2SrPdCl6,False,False,True,False
Cs2AuTiCl6,Au,Ti,Cl,2.11734,semiconductor,False,False,0.41980,1.58771,0.54409,0.50605,2.66938,0.45695,Cs2TiAuCl6,False,False,True,False
Cs2TlCuCl6,Tl,Cu,Cl,0.01270,metallic,False,False,0.24614,0.57832,0.40159,-0.22005,1.37669,0.15429,Cs2TlCuCl6,True,False,False,False
Cs2TiSrCl6,Ti,Sr,Cl,2.24248,semiconductor,False,True,0.39857,2.07954,0.55023,0.98566,3.17341,0.23937,Cs2SrTiCl6,False,False,True,False
Cs2HgAuCl6,Hg,Au,Cl,0.01286,half-metal,False,True,0.40235,1.50696,0.45831,0.59582,2.41811,0.55199,Cs2HgAuCl6,False,False,False,False
Cs2AgErCl6,Ag,Er,Cl,3.92621,semiconductor,True,True,0.91274,3.65917,0.28514,3.09231,4.22603,0.00093,Cs2ErAgCl6,True,False,True,False
Cs2MnNdCl6,Mn,Nd,Cl,0.89761,semiconductor,False,True,0.82024,1.51190,0.45236,0.61260,2.41120,0.55528,Cs2NdMnCl6,False,False,True,False
Cs2AgNpCl6,Ag,Np,Cl,3.30636,semiconductor,False,True,0.94893,2.35460,0.72056,0.92209,3.78711,0.16872,Cs2NpAgCl6,False,False,True,False
Cs2AuCrCl6,Au,Cr,Cl,1.39418,semiconductor,False,False,0.61242,0.83118,0.45952,-0.08236,1.74472,0.34808,Cs2CrAuCl6,False,False,True,True
Cs2FeNdCl6,Fe,Nd,Cl,0.04390,half-metal,False,False,0.89838,1.51491,0.42396,0.67206,2.35777,0.58415,Cs2NdFeCl6,False,False,False,False
Cs2CrSmCl6,Cr,Sm,Cl,0.07275,half-metal,False,True,0.82535,1.29397,0.45784,0.38378,2.20417,0.58052,Cs2SmCrCl6,False,False,False,False
Cs2AuMnCl6,Au,Mn,Cl,0.02456,half-metal,False,False,0.58759,1.15509,0.47270,0.21534,2.09484,0.53300,Cs2MnAuCl6,False,False,False,False
Cs2NaUCl6,Na,U,Cl,2.72886,semiconductor,False,True,0.96247,2.89560,0.62349,1.65608,4.13511,0.06254,Cs2NaUCl6,False,False,True,False
Cs2FeBaCl6,Fe,Ba,Cl,3.65436,semiconductor,False,False,0.77371,1.39239,0.45182,0.49416,2.29061,0.58972,Cs2BaFeCl6,False,False,True,False
Cs2KRhCl6,K,Rh,Cl,3.51588,semiconductor,False,False,0.91567,1.61274,0.26870,1.07854,2.14693,0.69590,Cs2KRhCl6,False,False,True,False
Cs2NiNdCl6,Ni,Nd,Cl,1.40112,semiconductor,True,False,0.90810,2.02386,0.48265,1.06435,2.98338,0.26291,Cs2NdNiCl6,False,False,True,True
Cs2VPbCl6,V,Pb,Cl,3.19821,semiconductor,False,True,0.72316,1.57336,0.61992,0.34094,2.80579,0.41864,Cs2VPbCl6,False,False,True,False
Cs2SrPtCl6,Sr,Pt,Cl,2.18176,semiconductor,True,True,0.68718,2.10021,0.36666,1.37127,2.82915,0.20628,Cs2SrPtCl6,False,False,True,False
Cs2CdTmCl6,Cd,Tm,Cl,0.18390,semiconductor,False,True,0.64900,3.48212,0.32751,2.83101,4.13323,0.00203,Cs2TmCdCl6,False,False,True,False
Cs2CoBaCl6,Co,Ba,Cl,4.22468,insulator,True,False,0.81970,1.40777,0.42786,0.55717,2.25837,0.61209,Cs2BaCoCl6,False,False,True,False
Cs2CuThCl6,Cu,Th,Cl,0.01820,metallic,False,True,0.74096,1.88097,0.54276,0.80194,2.96000,0.33069,Cs2ThCuCl6,False,False,False,False
Cs2NaSmCl6,Na,Sm,Cl,3.50518,semiconductor,False,True,0.96596,5.15070,0.30758,4.53923,5.76218,0.00000,Cs2NaSmCl6,True,False,True,False
Cs2KFeCl6,K,Fe,Cl,3.25816,semiconductor,False,False,0.86672,1.42895,0.39855,0.63663,2.22128,0.63800,Cs2KFeCl6,False,False,True,False
Cs2TiPbCl6,Ti,Pb,Cl,1.82311,semiconductor,False,True,0.81667,2.18965,0.60001,0.99681,3.38250,0.20611,Cs2TiPbCl6,False,False,True,False
Cs2PdPbCl6,Pd,Pb,Cl,0.58795,semiconductor,True,True,0.73635,1.40362,0.41522,0.57815,2.22909,0.62466,Cs2PdPbCl6,False,False,True,False
Cs2AuRuCl6,Au,Ru,Cl,1.27942,semiconductor,True,False,0.56658,0.89827,0.45346,-0.00323,1.79977,0.39846,Cs2RuAuCl6,False,False,True,True
Cs2AuIrCl6,Au,Ir,Cl,1.45850,semiconductor,False,False,0.75309,1.15432,0.41025,0.33873,1.96992,0.57748,Cs2IrAuCl6,False,False,True,True
Cs2TmYbCl6,Tm,Yb,Cl,2.32440,semiconductor,True,True,0.40661,5.22701,0.45285,4.32673,6.12729,0.00025,Cs2YbTmCl6,False,False,True,False
Cs2TmHgCl6,Tm,Hg,Cl,0.41968,semiconductor,True,True,0.53243,2.84104,0.40942,2.02710,3.65499,0.02692,Cs2TmHgCl6,False,False,True,False
Cs2KTiCl6,K,Ti,Cl,2.53630,semiconductor,False,False,0.60000,1.88824,0.48098,0.93203,2.84444,0.33947,Cs2KTiCl6,False,False,True,False
Cs2NaBiCl6,Na,Bi,Cl,4.73528,insulator,False,True,0.98548,3.87258,0.24582,3.38388,4.36127,0.00008,Cs2NaBiCl6,True,False,True,False
Cs2AgYCl6,Ag,Y,Cl,5.46435,insulator,False,True,0.96583,3.70242,0.48621,2.73582,4.66903,0.00633,Cs2YAgCl6,True,False,True,False
Cs2HgLuCl6,Hg,Lu,Cl,0.36452,semiconductor,True,True,0.29622,2.86004,0.48540,1.89504,3.82504,0.04102,Cs2LuHgCl6,False,False,True,False
Cs2AgHoCl6,Ag,Ho,Cl,4.36367,insulator,True,True,0.96737,3.77778,0.26825,3.24449,4.31106,0.00034,Cs2HoAgCl6,True,False,True,False
Cs2NaLaCl6,Na,La,Cl,6.63980,insulator,False,True,0.99017,4.73156,0.21705,4.30005,5.16307,0.00008,Cs2NaLaCl6,True,False,True,False
Cs2CrAmCl6,Cr,Am,Cl,0.63257,semiconductor,True,True,0.54396,-0.11927,0.46680,-1.04728,0.80874,0.01781,Cs2AmCrCl6,False,False,True,False
Cs2CrNdCl6,Cr,Nd,Cl,0.92963,semiconductor,False,True,0.86869,1.10419,0.41984,0.26953,1.93885,0.54271,Cs2NdCrCl6,False,False,True,False
Cs2RbAlCl6,Rb,Al,Cl,6.26970,insulator,False,False,0.96990,4.56990,0.20153,4.16925,4.97055,0.00008,Cs2RbAlCl6,True,False,True,False
Cs2CdYbCl6,Cd,Yb,Cl,0.57916,semiconductor,False,True,0.34137,3.57889,0.45176,2.68077,4.47700,0.00633,Cs2YbCdCl6,False,False,True,False
Cs2CdHgCl6,Cd,Hg,Cl,1.81923,semiconductor,False,True,0.69006,2.50856,0.55975,1.39576,3.62137,0.11251,Cs2CdHgCl6,False,False,True,False
Cs2VSrCl6,V,Sr,Cl,4.17553,insulator,False,True,0.71868,2.05217,0.60955,0.84036,3.26397,0.25034,Cs2SrVCl6,False,False,True,False
Cs2EuPtCl6,Eu,Pt,Cl,0.03846,half-metal,False,True,0.48575,0.82799,0.38939,0.05386,1.60211,0.33449,Cs2EuPtCl6,False,False,False,False
Cs2LiThCl6,Li,Th,Cl,0.49933,semiconductor,False,True,0.87254,3.38959,0.55372,2.28877,4.49040,0.01756,Cs2LiThCl6,False,False,True,False
Cs2NaEuCl6,Na,Eu,Cl,2.43453,semiconductor,False,True,0.24853,1.02624,0.42709,0.17718,1.87530,0.49148,Cs2NaEuCl6,True,False,True,False
Cs2NaPaCl6,Na,Pa,Cl,1.35639,semiconductor,False,True,0.96545,3.16955,0.71798,1.74219,4.59692,0.04769,Cs2NaPaCl6,False,False,True,True
Cs2KIrCl6,K,Ir,Cl,3.58063,semiconductor,False,False,0.89946,2.08641,0.25289,1.58365,2.58918,0.15749,Cs2KIrCl6,False,False,True,False
Cs2RbCuCl6,Rb,Cu,Cl,1.74087,semiconductor,False,False,0.69069,0.83595,0.27561,0.28803,1.38388,0.29102,Cs2RbCuCl6,False,False,True,True
Cs2AuMoCl6,Au,Mo,Cl,1.91982,semiconductor,False,False,0.65095,0.97003,0.48727,0.00133,1.93873,0.43661,Cs2MoAuCl6,False,False,True,False
Cs2KRuCl6,K,Ru,Cl,1.99669,semiconductor,False,False,0.80768,1.32013,0.28935,0.74489,1.89538,0.76485,Cs2KRuCl6,False,False,True,False
Cs2KAsCl6,K,As,Cl,4.34972,insulator,False,False,0.99279,3.44286,0.17698,3.09101,3.79471,0.00008,Cs2KAsCl6,True,False,True,False
Cs2ZnSmCl6,Zn,Sm,Cl,0.02756,half-metal,False,False,0.64058,3.08722,0.44682,2.19893,3.97551,0.01933,Cs2SmZnCl6,False,False,False,False
Cs2RbPCl6,Rb,P,Cl,3.85065,semiconductor,False,False,0.99002,3.82126,0.14917,3.52470,4.11782,0.00008,Cs2RbPCl6,False,False,True,False
Cs2VEuCl6,V,Eu,Cl,2.95401,semiconductor,False,True,0.36156,0.16105,0.54399,-0.92042,1.24251,0.07360,Cs2EuVCl6,False,False,True,False
Cs2KNiCl6,K,Ni,Cl,0.59615,semiconductor,False,False,0.74695,1.34141,0.34234,0.66083,2.02198,0.70484,Cs2KNiCl6,False,False,True,False
Cs2PdNpCl6,Pd,Np,Cl,1.03455,semiconductor,False,True,0.81536,1.40061,0.61918,0.16966,2.63156,0.45282,Cs2NpPdCl6,False,False,True,True
Cs2FrNCl6,Fr,N,Cl,3.04769,semiconductor,False,False,0.97989,3.69199,0.32561,3.04468,4.33931,0.00143,FrCs2NCl6,False,False,True,False
Cs2AgHgCl6,Ag,Hg,Cl,0.01300,half-metal,False,True,0.42036,1.82387,0.41616,0.99653,2.65121,0.39585,Cs2AgHgCl6,False,False,False,False
Cs2TiNpCl6,Ti,Np,Cl,0.97693,semiconductor,False,True,0.82177,1.48988,0.72710,0.04438,2.93538,0.38125,Cs2NpTiCl6,False,False,True,False
Cs2NaGdCl6,Na,Gd,Cl,6.44541,insulator,True,True,0.97476,3.05780,0.47740,2.10872,4.00688,0.02338,Cs2NaGdCl6,True,False,True,False
Cs2KCoCl6,K,Co,Cl,3.43736,semiconductor,False,False,0.95284,1.28451,0.32441,0.63958,1.92944,0.71219,Cs2KCoCl6,False,False,True,False
Cs2TiAmCl6,Ti,Am,Cl,1.55081,semiconductor,False,True,0.65238,1.54052,0.58917,0.36924,2.71181,0.44370,Cs2AmTiCl6,False,False,True,True
Cs2KMoCl6,K,Mo,Cl,3.53787,semiconductor,True,False,0.91097,1.67230,0.31326,1.04954,2.29507,0.58466,Cs2KMoCl6,True,False,True,False
Cs2FrBCl6,Fr,B,Cl,4.71669,insulator,False,False,0.94440,3.89168,0.11926,3.65458,4.12877,0.00000,FrCs2BCl6,False,False,True,False
Cs2MgBaCl6,Mg,Ba,Cl,6.52742,insulator,False,False,0.96884,5.24457,0.35274,4.54332,5.94582,0.00008,Cs2BaMgCl6,False,False,True,False
Cs2PdAmCl6,Pd,Am,Cl,1.00340,semiconductor,False,True,0.60170,0.84902,0.42100,0.01206,1.68599,0.35685,Cs2AmPdCl6,False,False,True,True
Cs2CaDyCl6,Ca,Dy,Cl,1.02059,semiconductor,True,True,0.55420,5.30921,0.38929,4.53528,6.08313,0.00008,Cs2CaDyCl6,False,False,True,True
Cs2CrPbCl6,Cr,Pb,Cl,1.03441,semiconductor,False,True,0.83184,1.29747,0.50452,0.29447,2.30047,0.54296,Cs2CrPbCl6,False,False,True,True
Cs2AgTbCl6,Ag,Tb,Cl,3.39397,semiconductor,False,True,0.91954,3.64789,0.30443,3.04268,4.25310,0.00127,Cs2TbAgCl6,True,False,True,False
Cs2HgTlCl6,Hg,Tl,Cl,0.01276,metallic,False,True,0.19825,1.66233,0.51490,0.63869,2.68598,0.44261,Cs2TlHgCl6,True,False,False,False
Cs2ZnAmCl6,Zn,Am,Cl,1.38444,semiconductor,False,False,0.28723,1.50387,0.45551,0.59831,2.40943,0.55596,Cs2AmZnCl6,False,False,True,True
Cs2GeSmCl6,Ge,Sm,Cl,1.14431,semiconductor,False,False,0.93955,3.16342,0.46517,2.23864,4.08819,0.01789,Cs2SmGeCl6,False,False,True,True
Cs2AuNiCl6,Au,Ni,Cl,0.01298,half-metal,False,False,0.53500,0.92399,0.50564,-0.08124,1.92923,0.40522,Cs2NiAuCl6,False,False,False,False
Cs2AuAsCl6,Au,As,Cl,0.74699,semiconductor,False,False,0.89187,0.58273,0.58454,-0.57934,1.74481,0.22156,Cs2AsAuCl6,True,False,True,False
Cs2HgSbCl6,Hg,Sb,Cl,0.01124,metallic,False,True,0.23299,1.98962,0.52658,0.94276,3.03649,0.28114,Cs2HgSbCl6,True,False,False,False
Cs2HgPdCl6,Hg,Pd,Cl,0.01292,metallic,False,True,0.48750,1.33990,0.36999,0.60436,2.07544,0.67218,Cs2HgPdCl6,True,False,False,False
Cs2CaCdCl6,Ca,Cd,Cl,5.69539,insulator,False,True,0.90394,3.94541,0.45344,3.04396,4.84687,0.00245,Cs2CaCdCl6,False,False,True,False
Cs2CuSmCl6,Cu,Sm,Cl,1.28875,semiconductor,False,False,0.90226,2.54515,0.37930,1.79110,3.29921,0.05672,Cs2SmCuCl6,True,False,True,True
Cs2AgInCl6,Ag,In,Cl,2.31854,semiconductor,False,True,0.67994,1.38331,0.43659,0.51534,2.25127,0.60373,Cs2InAgCl6,True,True,True,False
Cs2TlCoCl6,Tl,Co,Cl,2.39058,semiconductor,False,False,0.55144,1.24490,0.42134,0.40726,2.08254,0.60230,Cs2TlCoCl6,False,False,True,False
Cs2AuCoCl6,Au,Co,Cl,0.01302,half-metal,False,False,0.81364,0.90692,0.40588,0.10001,1.71383,0.40775,Cs2CoAuCl6,False,False,False,False
Cs2VNdCl6,V,Nd,Cl,1.42575,semiconductor,True,True,0.77519,1.22138,0.46808,0.29083,2.15193,0.56026,Cs2NdVCl6,False,False,True,True
Cs2TlNiCl6,Tl,Ni,Cl,0.01296,metallic,False,False,0.31388,1.32941,0.52695,0.28181,2.37702,0.52574,Cs2TlNiCl6,False,False,False,False
Cs2GeBaCl6,Ge,Ba,Cl,4.57818,insulator,False,False,0.96237,3.32424,0.36435,2.59989,4.04858,0.00549,Cs2BaGeCl6,False,False,True,False
Cs2TlAsCl6,Tl,As,Cl,1.91390,semiconductor,False,False,0.90862,1.85878,0.51252,0.83987,2.87770,0.34985,Cs2TlAsCl6,True,False,True,False
Cs2CuBaCl6,Cu,Ba,Cl,1.83114,semiconductor,False,False,0.68709,2.10905,0.30758,1.49756,2.72053,0.17514,Cs2BaCuCl6,False,False,True,False
Cs2HgErCl6,Hg,Er,Cl,0.42479,semiconductor,True,True,0.53680,2.82138,0.38175,2.06244,3.58031,0.02524,Cs2ErHgCl6,False,False,True,False
Cs2TiSmCl6,Ti,Sm,Cl,1.48320,semiconductor,True,True,0.76861,2.29184,0.54328,1.21178,3.37190,0.16805,Cs2SmTiCl6,False,False,True,True
Cs2CrSrCl6,Cr,Sr,Cl,2.21088,semiconductor,False,True,0.76535,1.33674,0.40599,0.52963,2.14386,0.63504,Cs2SrCrCl6,False,False,True,False
Cs2NaTbCl6,Na,Tb,Cl,6.28222,insulator,False,True,0.96114,5.15109,0.20351,4.74650,5.55567,0.00000,Cs2NaTbCl6,True,False,True,False
Cs2GeAmCl6,Ge,Am,Cl,1.58331,semiconductor,False,False,0.69234,1.06402,0.49198,0.08595,2.04210,0.48076,Cs2AmGeCl6,False,False,True,True
Cs2CuAmCl6,Cu,Am,Cl,1.48980,semiconductor,False,False,0.66876,0.84438,0.43595,-0.02231,1.71107,0.35517,Cs2AmCuCl6,False,False,True,True
Cs2TlPCl6,Tl,P,Cl,1.54231,semiconductor,False,False,0.95069,2.16748,0.59245,0.98966,3.34529,0.21345,Cs2TlPCl6,False,False,True,True
Cs2MgSmCl6,Mg,Sm,Cl,2.69368,semiconductor,False,False,0.57383,4.94387,0.59137,3.76821,6.11954,0.00135,Cs2SmMgCl6,False,False,True,False
Cs2MnPbCl6,Mn,Pb,Cl,3.44070,semiconductor,False,True,0.74608,1.40403,0.56019,0.29035,2.51771,0.49190,Cs2MnPbCl6,False,False,True,False
Cs2AgGdCl6,Ag,Gd,Cl,5.30043,insulator,False,True,0.93306,2.55038,0.65428,1.24966,3.85111,0.12221,Cs2GdAgCl6,True,False,True,False
Cs2CaAgCl6,Ca,Ag,Cl,0.30673,semiconductor,False,True,0.75163,3.15649,0.36344,2.43395,3.87902,0.00819,Cs2CaAgCl6,False,False,True,False
Cs2AuNbCl6,Au,Nb,Cl,1.38538,semiconductor,False,False,0.39997,0.78565,0.47219,-0.15309,1.72439,0.31794,Cs2NbAuCl6,False,False,True,True
Cs2ZnBaCl6,Zn,Ba,Cl,6.13866,insulator,False,False,0.92341,3.85664,0.45709,2.94793,4.76536,0.00371,Cs2BaZnCl6,False,False,True,False
Cs2AuTaCl6,Au,Ta,Cl,0.01788,half-metal,False,False,0.52527,1.13379,0.54048,0.05930,2.20828,0.48388,Cs2TaAuCl6,False,False,False,False
Cs2DyHgCl6,Dy,Hg,Cl,0.49728,semiconductor,True,True,0.49648,2.84393,0.35904,2.13015,3.55772,0.02000,Cs2DyHgCl6,False,False,True,False
Cs2NdPtCl6,Nd,Pt,Cl,1.12407,semiconductor,False,True,0.89567,2.02128,0.28458,1.45553,2.58702,0.22595,Cs2NdPtCl6,False,False,True,True
Cs2HgYCl6,Hg,Y,Cl,0.54783,semiconductor,True,True,0.26890,2.98317,0.51035,1.96858,3.99776,0.03342,Cs2YHgCl6,True,False,True,False
Cs2DyYbCl6,Dy,Yb,Cl,0.12552,semiconductor,False,True,0.44752,5.00102,0.45946,4.08759,5.91445,0.00042,Cs2YbDyCl6,False,False,True,False
Cs2HgHoCl6,Hg,Ho,Cl,0.52033,semiconductor,True,True,0.45430,2.84807,0.36347,2.12549,3.57066,0.02043,Cs2HoHgCl6,False,False,True,False
Cs2CrEuCl6,Cr,Eu,Cl,0.66448,semiconductor,False,True,0.49269,-0.00579,0.54696,-1.09317,1.08158,0.04516,Cs2EuCrCl6,False,False,True,False
Cs2HgScCl6,Hg,Sc,Cl,0.48855,semiconductor,True,False,0.23643,2.42348,0.58591,1.25867,3.58829,0.13876,Cs2ScHgCl6,True,False,True,False
Cs2TiDyCl6,Ti,Dy,Cl,0.35382,semiconductor,False,True,0.80268,2.33202,0.46049,1.41655,3.24749,0.13766,Cs2DyTiCl6,False,False,True,False
Cs2NaDyCl6,Na,Dy,Cl,5.56270,insulator,True,True,0.96901,5.26910,0.25138,4.76935,5.76884,0.00008,Cs2NaDyCl6,True,False,True,False
Cs2BeRaCl6,Be,Ra,Cl,6.29425,insulator,False,False,0.94933,5.05960,0.34451,4.37469,5.74450,0.00008,Cs2RaBeCl6,False,False,True,False
Cs2MnSrCl6,Mn,Sr,Cl,5.35301,insulator,True,True,0.72259,1.86336,0.47000,0.92899,2.79772,0.35652,Cs2SrMnCl6,False,False,True,False
Cs2ZnPbCl6,Zn,Pb,Cl,3.56044,semiconductor,False,False,0.64547,2.58418,0.55483,1.48115,3.68720,0.09597,Cs2ZnPbCl6,False,False,True,False
Cs2PdDyCl6,Pd,Dy,Cl,1.71946,semiconductor,False,True,0.90883,2.09984,0.24673,1.60934,2.59035,0.14348,Cs2DyPdCl6,False,False,True,True
Cs2MgAmCl6,Mg,Am,Cl,2.48554,semiconductor,False,False,0.22542,1.61525,0.67835,0.26668,2.96382,0.37559,Cs2AmMgCl6,False,False,True,False
Cs2AgEuCl6,Ag,Eu,Cl,1.26021,semiconductor,False,True,0.44014,2.03263,0.41017,1.21719,2.84807,0.25633,Cs2EuAgCl6,True,False,True,True
Cs2RbCoCl6,Rb,Co,Cl,3.55467,semiconductor,False,False,0.95288,1.26407,0.34262,0.58292,1.94522,0.68298,Cs2RbCoCl6,False,False,True,False
Cs2TlFeCl6,Tl,Fe,Cl,1.63069,semiconductor,True,False,0.59328,1.30584,0.39130,0.52791,2.08377,0.64332,Cs2TlFeCl6,False,False,True,True
Cs2KTaCl6,K,Ta,Cl,1.21040,semiconductor,False,False,0.21301,1.96063,0.58114,0.80531,3.11595,0.28942,Cs2KTaCl6,True,False,True,True
Cs2CaNpCl6,Ca,Np,Cl,0.73736,semiconductor,False,True,0.55643,2.83048,0.74501,1.34938,4.31159,0.08955,Cs2CaNpCl6,False,False,True,False
Cs2RbAsCl6,Rb,As,Cl,4.31288,insulator,False,False,0.99300,3.48861,0.18954,3.11179,3.86543,0.00008,Cs2RbAsCl6,True,False,True,False
Cs2MnBaCl6,Mn,Ba,Cl,5.09597,insulator,True,True,0.70070,1.84057,0.46428,0.91757,2.76358,0.37196,Cs2BaMnCl6,False,False,True,False
Cs2RbNiCl6,Rb,Ni,Cl,0.62297,semiconductor,False,False,0.74713,1.28786,0.35641,0.57931,1.99641,0.67530,Cs2RbNiCl6,False,False,True,False
Cs2KNbCl6,K,Nb,Cl,1.56222,semiconductor,False,False,0.33570,1.87086,0.43146,1.01309,2.72862,0.35964,Cs2KNbCl6,False,False,True,True
Cs2NaHoCl6,Na,Ho,Cl,5.49474,insulator,False,True,0.98631,5.32696,0.23209,4.86556,5.78836,0.00008,Cs2NaHoCl6,True,False,True,False
Cs2KCuCl6,K,Cu,Cl,1.63228,semiconductor,False,False,0.69406,0.83731,0.27159,0.29738,1.37723,0.29018,Cs2KCuCl6,False,False,True,True
Cs2ZnSrCl6,Zn,Sr,Cl,5.95630,insulator,False,False,0.93084,4.03101,0.46774,3.10113,4.96090,0.00245,Cs2SrZnCl6,False,False,True,False
Cs2NaYCl6,Na,Y,Cl,6.60692,insulator,False,True,0.98907,4.93525,0.26731,4.40383,5.46667,0.00000,Cs2NaYCl6,True,False,True,False
Cs2MnEuCl6,Mn,Eu,Cl,2.50472,semiconductor,False,True,0.42492,0.11880,0.50720,-0.88954,1.12714,0.05469,Cs2EuMnCl6,False,False,True,False
Cs2GePbCl6,Ge,Pb,Cl,2.00931,semiconductor,False,False,0.90951,2.34379,0.59964,1.15168,3.53589,0.15952,Cs2GePbCl6,False,False,True,False
Cs2CuPbCl6,Cu,Pb,Cl,0.01302,metallic,False,False,0.59193,1.10541,0.47182,0.16743,2.04340,0.51156,Cs2CuPbCl6,False,False,False,False
Cs2AgSmCl6,Ag,Sm,Cl,2.31806,semiconductor,False,True,0.91917,3.74640,0.37591,2.99909,4.49371,0.00194,Cs2SmAgCl6,True,False,True,False
Cs2CoSmCl6,Co,Sm,Cl,0.25688,semiconductor,False,False,0.81190,1.60111,0.40228,0.80136,2.40087,0.55900,Cs2SmCoCl6,False,False,True,False
Cs2KAlCl6,K,Al,Cl,6.26979,insulator,False,False,0.96928,4.47759,0.21206,4.05600,4.89917,0.00008,Cs2KAlCl6,True,False,True,False
Cs2FeSmCl6,Fe,Sm,Cl,0.86279,semiconductor,False,False,0.86735,1.38380,0.46624,0.45690,2.31070,0.57546,Cs2SmFeCl6,False,False,True,False
Cs2TlMnCl6,Tl,Mn,Cl,0.02422,half-metal,False,False,0.50507,1.53427,0.59969,0.34206,2.72649,0.43915,Cs2MnTlCl6,False,False,False,False
Cs2HgTbCl6,Hg,Tb,Cl,0.52522,semiconductor,True,True,0.41817,2.83200,0.35224,2.13174,3.53227,0.01950,Cs2TbHgCl6,False,False,True,False
Cs2AuScCl6,Au,Sc,Cl,3.39173,semiconductor,False,False,0.95058,2.06693,0.50811,1.05680,3.07707,0.24485,Cs2ScAuCl6,True,False,True,False
Cs2TlCrCl6,Tl,Cr,Cl,3.00642,semiconductor,False,False,0.65361,1.81669,0.42446,0.97285,2.66053,0.39956,Cs2TlCrCl6,False,False,True,False
Cs2CrBaCl6,Cr,Ba,Cl,2.16085,semiconductor,False,True,0.77074,1.34803,0.39474,0.56327,2.13279,0.64762,Cs2BaCrCl6,False,False,True,False
Cs2AgSbCl6,Ag,Sb,Cl,2.13031,semiconductor,False,True,0.94865,1.53882,0.35740,0.82830,2.24934,0.64433,Cs2AgSbCl6,True,True,True,False
Cs2HgTaCl6,Hg,Ta,Cl,1.29274,semiconductor,False,False,0.26457,1.15876,0.67701,-0.18715,2.50468,0.42016,Cs2TaHgCl6,False,False,True,True
Cs2HgNbCl6,Hg,Nb,Cl,1.53484,semiconductor,False,False,0.28010,1.34131,0.50916,0.32908,2.35354,0.54051,Cs2NbHgCl6,False,False,True,True
Cs2ZnEuCl6,Zn,Eu,Cl,0.79326,semiconductor,False,False,0.17072,1.67644,0.46021,0.76154,2.59135,0.46725,Cs2EuZnCl6,False,False,True,False
Cs2MgPbCl6,Mg,Pb,Cl,4.80466,insulator,False,False,0.85099,2.82727,0.55039,1.73307,3.92146,0.05790,Cs2MgPbCl6,False,False,True,False
Cs2AuCuCl6,Au,Cu,Cl,0.01292,metallic,False,False,0.29858,0.52023,0.48442,-0.44281,1.48326,0.16155,Cs2CuAuCl6,True,False,False,False
Cs2GeSrCl6,Ge,Sr,Cl,4.67830,insulator,False,False,0.96171,3.41504,0.37273,2.67405,4.15603,0.00464,Cs2SrGeCl6,False,False,True,False
Cs2CuSrCl6,Cu,Sr,Cl,1.83188,semiconductor,False,False,0.68654,2.20517,0.31879,1.57141,2.83893,0.13040,Cs2SrCuCl6,False,False,True,False
Cs2NiSmCl6,Ni,Sm,Cl,0.06477,half-metal,False,False,0.84105,2.01646,0.50740,1.00773,3.02519,0.26882,Cs2SmNiCl6,False,False,False,False
Cs2AgPdCl6,Ag,Pd,Cl,0.01306,half-metal,False,True,0.53493,1.30018,0.35940,0.58567,2.01468,0.67640,Cs2AgPdCl6,False,False,False,False
Cs2NaErCl6,Na,Er,Cl,5.02580,insulator,True,True,0.96326,5.32531,0.26718,4.79415,5.85647,0.00008,Cs2NaErCl6,True,False,True,False
Cs2RbFeCl6,Rb,Fe,Cl,3.28074,semiconductor,True,False,0.86683,1.40769,0.41228,0.58806,2.22732,0.62686,Cs2RbFeCl6,False,False,True,False
Cs2CoAmCl6,Co,Am,Cl,0.77890,semiconductor,False,False,0.49076,0.29819,0.41688,-0.53059,1.12697,0.06237,Cs2AmCoCl6,False,False,True,False
Cs2AgPmCl6,Ag,Pm,Cl,3.03541,semiconductor,False,True,0.94661,3.69679,0.33789,3.02505,4.36852,0.00169,Cs2PmAgCl6,False,False,True,False
Cs2CdEuCl6,Cd,Eu,Cl,0.66968,semiconductor,False,True,0.17875,1.78310,0.46018,0.86824,2.69796,0.40513,Cs2EuCdCl6,False,False,True,False
Cs2HgNpCl6,Hg,Np,Cl,1.59916,semiconductor,True,True,0.50471,1.85372,0.90767,0.04925,3.65820,0.25945,Cs2NpHgCl6,False,False,True,True
Cs2SrAgCl6,Sr,Ag,Cl,0.29647,semiconductor,False,True,0.77323,3.06657,0.31709,2.43620,3.69695,0.00667,Cs2SrAgCl6,False,False,True,False
Cs2TlGaCl6,Tl,Ga,Cl,3.22694,semiconductor,False,False,0.93808,2.44577,0.54086,1.37052,3.52102,0.12424,Cs2TlGaCl6,True,False,True,False
Cs2AgCmCl6,Ag,Cm,Cl,4.77817,insulator,False,True,0.92939,2.46051,0.65568,1.15700,3.76402,0.13699,Cs2CmAgCl6,False,False,True,False
Cs2NaTlCl6,Na,Tl,Cl,3.26807,semiconductor,False,True,0.93119,2.10971,0.29462,1.52399,2.69544,0.16754,Cs2NaTlCl6,True,False,True,False
Cs2AuAlCl6,Au,Al,Cl,1.90517,semiconductor,False,False,0.57242,1.07739,0.54654,-0.00915,2.16393,0.46101,Cs2AlAuCl6,True,False,True,False
Cs2KScCl6,K,Sc,Cl,5.77848,insulator,False,False,0.99205,4.15503,0.22795,3.70185,4.60820,0.00000,Cs2KScCl6,True,False,True,False
Cs2AgAmCl6,Ag,Am,Cl,2.33291,semiconductor,False,True,0.67593,1.88176,0.46959,0.94820,2.81533,0.34521,Cs2AmAgCl6,False,False,True,False
Cs2PtNpCl6,Pt,Np,Cl,0.90334,semiconductor,False,True,0.88931,1.89800,0.64883,0.60810,3.18789,0.29997,Cs2NpPtCl6,False,False,True,False
Cs2MgSrCl6,Mg,Sr,Cl,6.77315,insulator,False,False,0.96911,5.36659,0.36160,4.64772,6.08546,0.00008,Cs2SrMgCl6,False,False,True,False
Cs2NaTmCl6,Na,Tm,Cl,4.18922,insulator,False,True,0.95730,5.35592,0.29462,4.77022,5.94163,0.00000,Cs2NaTmCl6,True,False,True,False
Cs2CuEuCl6,Cu,Eu,Cl,0.26962,semiconductor,False,False,0.50815,0.85756,0.40724,0.04796,1.66716,0.36285,Cs2EuCuCl6,True,False,True,False
Cs2NiAmCl6,Ni,Am,Cl,0.69361,semiconductor,False,False,0.50583,0.56969,0.60276,-0.62861,1.76799,0.21902,Cs2AmNiCl6,False,False,True,False
Cs2AgAgCl6,Ag,Ag,Cl,0.01132,metallic,False,True,0.45943,1.33153,0.47955,0.37816,2.28490,0.56288,CsAgCl3,True,False,False,False
Cs2GeEuCl6,Ge,Eu,Cl,1.73974,semiconductor,False,False,0.66113,1.83461,0.46456,0.91105,2.75817,0.37492,Cs2EuGeCl6,False,False,True,True
Cs2HgGdCl6,Hg,Gd,Cl,0.50794,semiconductor,True,True,0.42043,2.05712,0.66200,0.74104,3.37319,0.24426,Cs2GdHgCl6,False,False,True,False
Cs2AuSbCl6,Au,Sb,Cl,0.90282,semiconductor,False,True,0.87914,0.60962,0.42562,-0.23652,1.45576,0.18147,Cs2SbAuCl6,True,False,True,False
Cs2AgPbCl6,Ag,Pb,Cl,0.01292,metallic,False,True,0.64505,1.85460,0.43129,0.99718,2.71202,0.37112,Cs2AgPbCl6,False,False,False,False
Cs2SrCdCl6,Sr,Cd,Cl,5.83365,insulator,False,True,0.93476,3.91476,0.45555,3.00911,4.82040,0.00279,Cs2SrCdCl6,False,False,True,False
Cs2KAgCl6,K,Ag,Cl,1.30511,semiconductor,True,True,0.74174,1.63774,0.25408,1.13262,2.14286,0.68661,Cs2KAgCl6,False,False,True,True
Cs2AgScCl6,Ag,Sc,Cl,4.88079,insulator,False,False,0.96042,3.19475,0.54890,2.10352,4.28598,0.02405,Cs2ScAgCl6,True,False,True,False
Cs2RbMnCl6,Rb,Mn,Cl,0.88393,semiconductor,False,False,0.79641,1.38601,0.33734,0.71536,2.05666,0.71117,Cs2RbMnCl6,False,False,True,False
Cs2AgNdCl6,Ag,Nd,Cl,3.66474,semiconductor,True,True,0.95527,3.84595,0.31011,3.22945,4.46246,0.00076,Cs2NdAgCl6,True,False,True,False
Cs2RbCrCl6,Rb,Cr,Cl,4.27357,insulator,True,False,0.89225,1.57077,0.35625,0.86254,2.27900,0.62449,Cs2RbCrCl6,False,False,True,False
Cs2VNpCl6,V,Np,Cl,0.69524,semiconductor,False,True,0.73751,1.19644,0.76687,-0.32811,2.72099,0.38065,Cs2NpVCl6,False,False,True,False
Cs2MgEuCl6,Mg,Eu,Cl,3.46952,semiconductor,False,False,0.14561,1.22592,0.58514,0.06264,2.38919,0.48059,Cs2EuMgCl6,False,False,True,False
Cs2CuAcCl6,Cu,Ac,Cl,4.11875,insulator,False,True,0.90353,2.30656,0.41640,1.47874,3.13438,0.13099,Cs2AcCuCl6,False,False,True,False
Cs2AgCdCl6,Ag,Cd,Cl,0.01262,half-metal,False,True,0.62312,2.31184,0.40524,1.50621,3.11747,0.12542,Cs2CdAgCl6,False,False,False,False
Cs2HgEuCl6,Hg,Eu,Cl,0.01906,half-metal,False,True,0.08218,1.48499,0.58367,0.32464,2.64535,0.46219,Cs2EuHgCl6,False,False,False,False
Cs2NaYbCl6,Na,Yb,Cl,3.38010,semiconductor,False,True,0.32753,5.35166,0.26367,4.82748,5.87583,0.00008,Cs2NaYbCl6,True,False,True,False
Cs2CoPbCl6,Co,Pb,Cl,2.93373,semiconductor,True,False,0.65925,1.31443,0.49265,0.33501,2.29384,0.55208,Cs2CoPbCl6,False,False,True,False
Cs2NaAcCl6,Na,Ac,Cl,6.54808,insulator,False,True,0.97457,4.82668,0.32418,4.18220,5.47116,0.00008,Cs2NaAcCl6,False,False,True,False
Cs2AgPrCl6,Ag,Pr,Cl,3.88317,semiconductor,False,True,0.95404,3.80715,0.34690,3.11751,4.49679,0.00143,Cs2PrAgCl6,True,False,True,False
Cs2RbGaCl6,Rb,Ga,Cl,5.13375,insulator,False,False,0.97952,3.45051,0.17571,3.10119,3.79983,0.00008,Cs2RbGaCl6,True,False,True,False
Cs2VBaCl6,V,Ba,Cl,3.94038,semiconductor,True,True,0.71562,2.02125,0.60411,0.82026,3.22223,0.26106,Cs2BaVCl6,False,False,True,False
Cs2KSbCl6,K,Sb,Cl,4.23144,insulator,False,True,0.99308,3.41319,0.18314,3.04910,3.77727,0.00008,Cs2KSbCl6,True,False,True,False
Cs2KPdCl6,K,Pd,Cl,0.63059,semiconductor,False,True,0.79884,1.42314,0.24202,0.94201,1.90428,0.83879,Cs2KPdCl6,False,False,True,False
Cs2CdPbCl6,Cd,Pb,Cl,3.49455,semiconductor,False,True,0.67414,2.56985,0.54863,1.47917,3.66054,0.09732,Cs2CdPbCl6,False,False,True,False
Cs2TlVCl6,Tl,V,Cl,2.84114,semiconductor,True,False,0.62173,1.96465,0.48410,1.00224,2.92705,0.29549,Cs2TlVCl6,False,False,True,False
Cs2NaLuCl6,Na,Lu,Cl,6.98042,insulator,False,True,0.98044,5.38169,0.34497,4.69589,6.06750,0.00000,Cs2NaLuCl6,True,False,True,False
Cs2FePbCl6,Fe,Pb,Cl,3.33253,semiconductor,True,False,0.72767,1.21253,0.50261,0.21333,2.21174,0.53266,Cs2FePbCl6,False,False,True,False
Cs2LiAcCl6,Li,Ac,Cl,6.73348,insulator,False,True,0.97702,4.75537,0.39198,3.97611,5.53463,0.00025,Cs2LiAcCl6,False,False,True,False
Cs2NiPbCl6,Ni,Pb,Cl,2.64613,semiconductor,True,False,0.56603,1.39987,0.57455,0.25764,2.54209,0.48278,Cs2NiPbCl6,False,False,True,False
Cs2TiYbCl6,Ti,Yb,Cl,1.98717,semiconductor,False,True,0.63069,2.76179,0.55592,1.65660,3.86698,0.06744,Cs2YbTiCl6,False,False,True,False
Cs2TiHgCl6,Ti,Hg,Cl,1.43563,semiconductor,False,True,0.45540,1.74171,0.64650,0.45644,3.02697,0.34841,Cs2TiHgCl6,False,False,True,True
Cs2HgMoCl6,Hg,Mo,Cl,0.26841,semiconductor,False,False,0.48858,1.33488,0.47771,0.38518,2.28459,0.56440,Cs2HgMoCl6,False,False,True,False
Cs2HgSmCl6,Hg,Sm,Cl,0.64992,semiconductor,True,True,0.33386,2.66251,0.41872,1.83007,3.49494,0.05022,Cs2SmHgCl6,False,False,True,False
Cs2CoSrCl6,Co,Sr,Cl,4.33214,insulator,True,False,0.81949,1.44366,0.41535,0.61794,2.26938,0.61631,Cs2SrCoCl6,False,False,True,False
Cs2PdNdCl6,Pd,Nd,Cl,1.69076,semiconductor,False,True,0.86400,2.04227,0.27829,1.48902,2.59553,0.20442,Cs2NdPdCl6,False,False,True,True
Cs2BaPtCl6,Ba,Pt,Cl,2.18397,semiconductor,True,True,0.68628,2.08249,0.35605,1.37465,2.79033,0.21379,Cs2BaPtCl6,False,False,True,False
Cs2AgPuCl6,Ag,Pu,Cl,3.23675,semiconductor,False,True,0.91520,3.47750,0.52810,2.42762,4.52737,0.01274,Cs2PuAgCl6,False,False,True,False
Cs2FeSrCl6,Fe,Sr,Cl,3.70324,semiconductor,False,False,0.77347,1.38041,0.45668,0.47251,2.28830,0.58575,Cs2SrFeCl6,False,False,True,False
Cs2NaAuCl6,Na,Au,Cl,1.02935,semiconductor,True,True,0.56156,0.36125,0.38244,-0.39904,1.12155,0.06356,Cs2NaAuCl6,True,False,True,True
Cs2DyPtCl6,Dy,Pt,Cl,1.27714,semiconductor,False,True,0.84739,1.56683,0.27341,1.02329,2.11037,0.73194,Cs2DyPtCl6,False,False,True,True
Cs2NiSrCl6,Ni,Sr,Cl,4.33271,insulator,True,False,0.61501,1.65701,0.47764,0.70745,2.60657,0.46886,Cs2SrNiCl6,False,False,True,False
Cs2AgTaCl6,Ag,Ta,Cl,1.27342,semiconductor,False,False,0.42062,1.65129,0.54895,0.55996,2.74262,0.42725,Cs2TaAgCl6,True,False,True,True
Cs2AgNbCl6,Ag,Nb,Cl,1.58336,semiconductor,False,False,0.39747,1.38750,0.52086,0.35201,2.42298,0.52363,Cs2NbAgCl6,False,False,True,True
Cs2HgRuCl6,Hg,Ru,Cl,0.02128,metallic,False,False,0.65273,1.25535,0.41164,0.43699,2.07371,0.61183,Cs2HgRuCl6,False,False,False,False
Cs2HgIrCl6,Hg,Ir,Cl,0.01302,metallic,False,False,0.31847,1.79275,0.41861,0.96054,2.62497,0.41678,Cs2HgIrCl6,False,False,False,False
Cs2HgCmCl6,Hg,Cm,Cl,0.34195,semiconductor,True,True,0.50436,1.79759,0.64608,0.51316,3.08201,0.33466,Cs2CmHgCl6,False,False,True,False
Cs2AgCeCl6,Ag,Ce,Cl,4.62066,insulator,False,True,0.91800,2.63558,1.11082,0.42724,4.84393,0.13201,Cs2CeAgCl6,True,False,True,False
Cs2RbVCl6,Rb,V,Cl,2.94760,semiconductor,False,False,0.39027,1.79968,0.54601,0.71419,2.88517,0.36588,Cs2RbVCl6,False,False,True,False
Cs2HgPmCl6,Hg,Pm,Cl,0.58391,semiconductor,True,True,0.26085,2.56698,0.36086,1.84957,3.28439,0.04836,Cs2PmHgCl6,False,False,True,False
Cs2CdAmCl6,Cd,Am,Cl,1.07442,semiconductor,False,True,0.28415,1.60483,0.48789,0.63490,2.57477,0.48894,Cs2AmCdCl6,False,False,True,True
Cs2CrNpCl6,Cr,Np,Cl,1.64002,semiconductor,True,True,0.83346,1.43390,0.75050,-0.05812,2.92593,0.37846,Cs2NpCrCl6,False,False,True,True
Cs2FeEuCl6,Fe,Eu,Cl,1.65341,semiconductor,False,False,0.53265,0.08837,0.49513,-0.89596,1.07269,0.04600,Cs2EuFeCl6,False,False,True,True
Cs2TlRhCl6,Tl,Rh,Cl,2.70536,semiconductor,False,False,0.60943,1.31757,0.40753,0.50740,2.12775,0.62947,Cs2TlRhCl6,False,False,True,False
Cs2CaTiCl6,Ca,Ti,Cl,2.23181,semiconductor,False,True,0.41512,1.99593,0.57865,0.84554,3.14631,0.27313,Cs2CaTiCl6,False,False,True,False
Cs2NiEuCl6,Ni,Eu,Cl,1.01103,semiconductor,False,False,0.41864,0.63570,0.53871,-0.43528,1.70668,0.23793,Cs2EuNiCl6,False,False,True,True
Cs2CaPdCl6,Ca,Pd,Cl,2.30222,semiconductor,True,True,0.79122,1.63826,0.39044,0.86206,2.41446,0.54718,Cs2CaPdCl6,False,False,True,False
Cs2HgRhCl6,Hg,Rh,Cl,0.02228,metallic,False,False,0.48165,1.44955,0.37259,0.70883,2.19027,0.66247,Cs2HgRhCl6,False,False,False,False
Cs2CaEuCl6,Ca,Eu,Cl,3.04865,semiconductor,False,True,0.14054,1.53029,0.59418,0.34905,2.71153,0.44379,Cs2CaEuCl6,False,False,True,False
Cs2CdSmCl6,Cd,Sm,Cl,0.01848,half-metal,False,True,0.67166,3.33482,0.43924,2.46160,4.20804,0.00979,Cs2SmCdCl6,False,False,False,False
Cs2TlTiCl6,Tl,Ti,Cl,2.59804,semiconductor,False,False,0.68735,2.65246,0.59948,1.46069,3.84424,0.09251,Cs2TiTlCl6,False,False,True,False
Cs2NiRaCl6,Ni,Ra,Cl,4.25964,insulator,True,False,0.59646,1.68672,0.43771,0.81653,2.55690,0.47628,Cs2RaNiCl6,False,False,True,False
Cs2DyNpCl6,Dy,Np,Cl,0.53289,semiconductor,False,True,0.56764,2.67068,0.87968,0.92184,4.41951,0.12061,Cs2DyNpCl6,False,False,True,False
Cs2AuInCl6,Au,In,Cl,0.65595,semiconductor,False,True,0.30026,0.73850,0.47263,-0.20111,1.67810,0.28401,Cs2InAuCl6,True,False,True,False
Cs2HgNdCl6,Hg,Nd,Cl,0.55603,semiconductor,True,True,0.28103,2.64865,0.32278,2.00696,3.29035,0.02684,Cs2NdHgCl6,False,False,True,False
Cs2AgUCl6,Ag,U,Cl,2.36576,semiconductor,False,True,0.92887,2.11752,0.77856,0.56973,3.66532,0.21860,Cs2UAgCl6,False,False,True,False
Cs2FeRaCl6,Fe,Ra,Cl,3.68984,semiconductor,False,False,0.74677,1.29158,0.42047,0.45568,2.12748,0.61166,Cs2RaFeCl6,False,False,True,False
Cs2CoRaCl6,Co,Ra,Cl,4.19394,insulator,True,False,0.81203,1.53287,0.36898,0.79932,2.26641,0.63344,Cs2RaCoCl6,False,False,True,False
Cs2TlIrCl6,Tl,Ir,Cl,3.17877,semiconductor,False,False,0.44047,1.42968,0.45608,0.52298,2.33639,0.57849,Cs2TlIrCl6,False,False,True,False
Cs2TlRuCl6,Tl,Ru,Cl,2.02534,semiconductor,False,False,0.62630,1.25058,0.39902,0.45732,2.04385,0.62154,Cs2TlRuCl6,False,False,True,False
Cs2HgPrCl6,Hg,Pr,Cl,0.49752,semiconductor,True,True,0.22988,2.65828,0.45609,1.75156,3.56500,0.05967,Cs2PrHgCl6,False,False,True,False
Cs2CaSrCl6,Ca,Sr,Cl,6.68482,insulator,False,True,0.95094,5.49080,0.34515,4.80463,6.17698,0.00000,Cs2SrCaCl6,False,False,True,False
Cs2KInCl6,K,In,Cl,5.23712,insulator,False,True,0.97896,3.52961,0.22508,3.08215,3.97707,0.00034,Cs2KInCl6,True,False,True,False
Cs2AgBiCl6,Ag,Bi,Cl,2.75251,semiconductor,False,True,0.92447,1.81672,0.37324,1.07470,2.55873,0.41332,Cs2AgBiCl6,True,True,True,False
Cs2AgLaCl6,Ag,La,Cl,5.22924,insulator,False,True,0.96798,3.56256,0.39895,2.76944,4.35569,0.00422,Cs2LaAgCl6,True,False,True,False
Cs2ZnNpCl6,Zn,Np,Cl,0.81797,semiconductor,True,False,0.69673,2.20193,0.79574,0.61998,3.78388,0.19809,Cs2NpZnCl6,False,False,True,False
Cs2AgMoCl6,Ag,Mo,Cl,2.68501,semiconductor,False,False,0.74606,1.10417,0.43039,0.24855,1.95979,0.53629,Cs2AgMoCl6,True,False,True,False
Cs2RbRhCl6,Rb,Rh,Cl,3.61116,semiconductor,False,False,0.91528,1.59919,0.28327,1.03604,2.16234,0.69067,Cs2RbRhCl6,False,False,True,False
Cs2CrDyCl6,Cr,Dy,Cl,1.11840,semiconductor,False,True,0.80547,1.30513,0.37239,0.56481,2.04546,0.66315,Cs2DyCrCl6,False,False,True,True
Cs2RbTiCl6,Rb,Ti,Cl,2.53664,semiconductor,False,False,0.59942,1.93578,0.50320,0.93540,2.93617,0.31043,Cs2RbTiCl6,False,False,True,False
Cs2CaPbCl6,Ca,Pb,Cl,5.36640,insulator,False,True,0.83122,3.01597,0.53803,1.94634,4.08560,0.03663,Cs2CaPbCl6,False,False,True,False
Cs2AgPaCl6,Ag,Pa,Cl,0.55296,semiconductor,False,True,0.92318,2.13302,0.74946,0.64308,3.62297,0.21776,Cs2PaAgCl6,False,False,True,False
Cs2HgPuCl6,Hg,Pu,Cl,0.69599,semiconductor,True,True,0.48458,2.32423,0.67013,0.99200,3.65647,0.17252,Cs2PuHgCl6,False,False,True,False
Cs2EuYbCl6,Eu,Yb,Cl,2.72593,semiconductor,False,True,0.08849,1.61253,0.61384,0.39220,2.83287,0.40893,Cs2YbEuCl6,False,False,True,False
Cs2TlMoCl6,Tl,Mo,Cl,3.50998,semiconductor,False,False,0.70389,1.82781,0.42950,0.97394,2.68168,0.38910,Cs2TlMoCl6,False,False,True,False
Cs2CuNpCl6,Cu,Np,Cl,3.45773,semiconductor,False,False,0.92932,1.71640,0.73069,0.26376,3.16905,0.33052,Cs2NpCuCl6,False,False,True,False
Cs2AgIrCl6,Ag,Ir,Cl,2.19105,semiconductor,False,False,0.72754,1.38688,0.35378,0.68355,2.09021,0.69303,Cs2AgIrCl6,False,False,True,False
Cs2TmPtCl6,Tm,Pt,Cl,0.41081,semiconductor,False,True,0.82031,1.62607,0.29726,1.03511,2.21703,0.64694,Cs2TmPtCl6,False,False,True,False
Cs2GeNpCl6,Ge,Np,Cl,0.02998,half-metal,False,False,0.92695,2.17727,0.73160,0.72282,3.63172,0.20628,Cs2NpGeCl6,False,False,False,False
Cs2MgRaCl6,Mg,Ra,Cl,6.32184,insulator,False,False,0.95879,5.36546,0.36859,4.63268,6.09823,0.00008,Cs2RaMgCl6,False,False,True,False
Cs2AgRuCl6,Ag,Ru,Cl,1.94577,semiconductor,True,False,0.58887,0.94183,0.39695,0.15268,1.73099,0.43839,Cs2AgRuCl6,False,False,True,False
Cs2RbIrCl6,Rb,Ir,Cl,3.67673,semiconductor,False,False,0.89593,2.08801,0.27200,1.54727,2.62876,0.16805,Cs2RbIrCl6,False,False,True,False
Cs2SrHgCl6,Sr,Hg,Cl,4.21838,insulator,False,True,0.86373,2.89533,0.47370,1.95359,3.83707,0.03503,Cs2SrHgCl6,False,False,True,False
Cs2EuTmCl6,Eu,Tm,Cl,1.98232,semiconductor,True,True,0.25690,1.80906,0.57375,0.66843,2.94969,0.35314,Cs2EuTmCl6,False,False,True,False
Cs2RbRuCl6,Rb,Ru,Cl,2.02388,semiconductor,False,False,0.80435,1.30784,0.31496,0.68169,1.93398,0.73126,Cs2RbRuCl6,False,False,True,False
Cs2HgCeCl6,Hg,Ce,Cl,0.52732,semiconductor,True,True,0.35486,1.48204,1.28954,-1.08161,4.04570,0.22611,Cs2CeHgCl6,False,False,True,False
Cs2SrYbCl6,Sr,Yb,Cl,2.65198,semiconductor,False,True,0.26814,5.38697,0.40146,4.58886,6.18508,0.00008,Cs2SrYbCl6,False,False,True,False
Cs2MnDyCl6,Mn,Dy,Cl,0.61676,semiconductor,False,True,0.76537,1.65970,0.43434,0.79621,2.52319,0.49848,Cs2DyMnCl6,False,False,True,False
Cs2VTmCl6,V,Tm,Cl,1.72759,semiconductor,False,True,0.59034,1.56936,0.52340,0.52882,2.60989,0.47704,Cs2TmVCl6,False,False,True,True
Cs2MgNpCl6,Mg,Np,Cl,0.77228,semiconductor,False,False,0.55917,2.63486,0.78331,1.07761,4.19211,0.11825,Cs2MgNpCl6,False,False,True,False
Cs2YbPtCl6,Yb,Pt,Cl,0.10884,semiconductor,True,True,0.70286,1.89792,0.42051,1.06193,2.73391,0.34208,Cs2YbPtCl6,False,False,True,False
Cs2PtHgCl6,Pt,Hg,Cl,0.06465,half-metal,False,True,0.49248,1.69382,0.41124,0.87626,2.51138,0.48861,Cs2HgPtCl6,False,False,False,False
Cs2KPCl6,K,P,Cl,3.87928,semiconductor,False,False,0.99009,3.85883,0.15466,3.55135,4.16631,0.00008,Cs2KPCl6,False,False,True,False
Cs2AgTiCl6,Ag,Ti,Cl,2.55101,semiconductor,False,False,0.54257,2.16293,0.60868,0.95286,3.37301,0.21447,Cs2TiAgCl6,False,False,True,False
Cs2NaInCl6,Na,In,Cl,4.66101,insulator,False,True,0.97214,3.23168,0.27305,2.68885,3.77452,0.00203,Cs2NaInCl6,True,False,True,False
Cs2AgRhCl6,Ag,Rh,Cl,2.31815,semiconductor,False,False,0.79060,1.36873,0.38891,0.59557,2.14189,0.65522,Cs2AgRhCl6,False,False,True,False
Cs2RbMoCl6,Rb,Mo,Cl,3.54732,semiconductor,True,False,0.91040,1.60673,0.35378,0.90341,2.31005,0.60314,Cs2RbMoCl6,False,False,True,False
Cs2CaAmCl6,Ca,Am,Cl,2.31690,semiconductor,False,True,0.16402,1.74080,0.66543,0.41791,3.06369,0.34284,Cs2CaAmCl6,False,False,True,False
Cs2SrTmCl6,Sr,Tm,Cl,1.86859,semiconductor,False,True,0.51475,5.29625,0.37388,4.55296,6.03954,0.00008,Cs2SrTmCl6,False,False,True,False
Cs2GeRaCl6,Ge,Ra,Cl,4.44473,insulator,False,False,0.94807,3.45222,0.31414,2.82770,4.07674,0.00186,Cs2RaGeCl6,False,False,True,False
Cs2PdBaCl6,Pd,Ba,Cl,2.34306,semiconductor,True,True,0.79690,1.67718,0.28388,1.11282,2.24155,0.60744,Cs2BaPdCl6,False,False,True,False
Cs2CuRaCl6,Cu,Ra,Cl,1.75305,semiconductor,False,False,0.68507,2.17329,0.28371,1.60926,2.73732,0.12652,Cs2RaCuCl6,False,False,True,True
Cs2HgPbCl6,Hg,Pb,Cl,2.15673,semiconductor,False,True,0.69553,2.30462,0.55251,1.20621,3.40303,0.16568,Cs2HgPbCl6,False,False,True,False
Cs2TiBaCl6,Ti,Ba,Cl,2.08869,semiconductor,False,True,0.41231,2.19080,0.54832,1.10072,3.28089,0.20400,Cs2BaTiCl6,False,False,True,False
Cs2PdCdCl6,Pd,Cd,Cl,0.42736,semiconductor,False,True,0.63958,1.70720,0.39140,0.92907,2.48532,0.49249,Cs2CdPdCl6,False,False,True,False
Cs2ZnDyCl6,Zn,Dy,Cl,0.58130,semiconductor,True,False,0.72221,3.27925,0.30746,2.66802,3.89049,0.00287,Cs2DyZnCl6,False,False,True,False
Cs2VYbCl6,V,Yb,Cl,2.44221,semiconductor,False,True,0.39241,1.89495,0.63290,0.63671,3.15318,0.30486,Cs2YbVCl6,False,False,True,False
Cs2AuPCl6,Au,P,Cl,0.38594,semiconductor,False,False,0.91627,1.36440,0.56268,0.24578,2.48303,0.49561,Cs2PAuCl6,False,False,True,False
Cs2HgGaCl6,Hg,Ga,Cl,0.01270,metallic,False,False,0.16405,1.92337,0.55685,0.81634,3.03040,0.30858,Cs2GaHgCl6,True,False,False,False
Cs2TiCdCl6,Ti,Cd,Cl,0.70773,semiconductor,False,True,0.64850,2.30726,0.69334,0.92887,3.68565,0.18054,Cs2TiCdCl6,False,False,True,False
Cs2CuPaCl6,Cu,Pa,Cl,1.17358,semiconductor,False,True,0.91452,1.63517,0.75157,0.14102,3.12933,0.34191,Cs2PaCuCl6,False,False,True,True
Cs2VHgCl6,V,Hg,Cl,0.49454,semiconductor,True,True,0.30957,1.13758,0.60126,-0.05775,2.33291,0.45358,Cs2VHgCl6,False,False,True,False
Cs2HgUCl6,Hg,U,Cl,2.27760,semiconductor,False,True,0.37668,1.74883,0.66612,0.42456,3.07309,0.34056,Cs2UHgCl6,False,False,True,False
Cs2HgCrCl6,Hg,Cr,Cl,0.06580,half-metal,True,False,0.47140,0.99508,0.47435,0.05206,1.93810,0.45392,Cs2CrHgCl6,False,False,False,False
Cs2TlNbCl6,Tl,Nb,Cl,1.58179,semiconductor,False,False,0.58294,2.25015,0.51618,1.22396,3.27634,0.17699,Cs2NbTlCl6,False,False,True,True
Cs2CaSmCl6,Ca,Sm,Cl,2.22781,semiconductor,False,True,0.47103,5.13731,0.57578,3.99264,6.28198,0.00110,Cs2CaSmCl6,False,False,True,False
Cs2HgBiCl6,Hg,Bi,Cl,0.01328,metallic,False,True,0.27100,2.24568,0.58234,1.08797,3.40339,0.18796,Cs2HgBiCl6,True,False,False,False
Cs2ZnRaCl6,Zn,Ra,Cl,5.85279,insulator,False,False,0.90605,3.55401,0.44802,2.66332,4.44470,0.00650,Cs2RaZnCl6,False,False,True,False
Cs2TlTaCl6,Tl,Ta,Cl,1.20773,semiconductor,False,False,0.54779,2.26166,0.61059,1.04779,3.47554,0.18619,Cs2TaTlCl6,False,False,True,True
Cs2AuAuCl6,Au,Au,Cl,0.01122,metallic,False,True,0.39195,0.89234,0.43818,0.02122,1.76347,0.39543,CsAuCl3,True,False,False,False
Cs2TmPbCl6,Tm,Pb,Cl,0.93924,semiconductor,False,True,0.81776,2.59833,0.36723,1.86827,3.32839,0.04499,Cs2TmPbCl6,False,False,True,False
Cs2HgMnCl6,Hg,Mn,Cl,1.35274,semiconductor,False,False,0.42066,1.01554,0.52896,-0.03605,2.06713,0.44320,Cs2MnHgCl6,False,False,True,True
Cs2CuLaCl6,Cu,La,Cl,4.15271,insulator,False,True,0.95339,2.37695,0.39622,1.58925,3.16465,0.10289,Cs2LaCuCl6,True,False,True,False
Cs2HgLaCl6,Hg,La,Cl,0.54190,semiconductor,True,True,0.22874,2.81072,0.50048,1.81575,3.80569,0.04929,Cs2LaHgCl6,False,False,True,False
Cs2BeBaCl6,Be,Ba,Cl,6.54021,insulator,False,False,0.95217,5.20722,0.34601,4.51935,5.89510,0.00008,Cs2BaBeCl6,False,False,True,False
Cs2CaPtCl6,Ca,Pt,Cl,2.16998,semiconductor,True,True,0.66945,2.04575,0.44498,1.16112,2.93038,0.25338,Cs2CaPtCl6,False,False,True,False
Cs2CuBiCl6,Cu,Bi,Cl,2.05789,semiconductor,False,True,0.88564,1.01180,0.40652,0.20362,1.81997,0.49046,Cs2CuBiCl6,True,False,True,False
Cs2CuDyCl6,Cu,Dy,Cl,3.10858,semiconductor,False,False,0.92276,2.58667,0.27678,2.03643,3.13692,0.02262,Cs2DyCuCl6,True,False,True,False
Cs2GeDyCl6,Ge,Dy,Cl,0.44435,semiconductor,False,False,0.92591,3.16390,0.39356,2.38148,3.94632,0.01004,Cs2DyGeCl6,False,False,True,False
Cs2LiPaCl6,Li,Pa,Cl,1.33339,semiconductor,False,True,0.96255,3.14784,0.77205,1.61297,4.68271,0.05647,Cs2LiPaCl6,False,False,True,True
Cs2PdThCl6,Pd,Th,Cl,2.39427,semiconductor,False,False,0.64777,1.17007,0.54301,0.09055,2.24958,0.49544,Cs2ThPdCl6,False,False,True,False
Cs2CoNpCl6,Co,Np,Cl,2.66561,semiconductor,False,False,0.84478,1.41530,0.62285,0.17706,2.65354,0.44835,Cs2NpCoCl6,False,False,True,False
Cs2FeNpCl6,Fe,Np,Cl,2.35197,semiconductor,True,False,0.86706,1.41164,0.64622,0.12694,2.69635,0.43526,Cs2NpFeCl6,False,False,True,False
Cs2CuUCl6,Cu,U,Cl,2.79711,semiconductor,False,True,0.91795,1.71159,0.76977,0.18125,3.24193,0.31837,Cs2UCuCl6,False,False,True,False
Cs2NaThCl6,Na,Th,Cl,0.41565,semiconductor,False,True,0.88244,3.42231,0.44686,2.53393,4.31069,0.00844,Cs2NaThCl6,False,False,True,False
Cs2YbAmCl6,Yb,Am,Cl,2.29334,semiconductor,False,True,0.17949,1.73933,0.67804,0.39138,3.08729,0.33888,Cs2YbAmCl6,False,False,True,False
Cs2MnRaCl6,Mn,Ra,Cl,4.93420,insulator,False,True,0.65954,1.53473,0.45021,0.63971,2.42976,0.54946,Cs2RaMnCl6,False,False,True,False
Cs2HgPaCl6,Hg,Pa,Cl,3.32640,semiconductor,False,True,0.39272,1.89526,0.69862,0.50637,3.28414,0.29136,Cs2PaHgCl6,False,False,True,False
Cs2KAuCl6,K,Au,Cl,1.43064,semiconductor,True,True,0.65486,0.27410,0.34344,-0.40868,0.95687,0.02946,Cs2KAuCl6,True,False,True,True
Cs2LiLaCl6,Li,La,Cl,6.43024,insulator,False,True,0.99032,4.60780,0.25775,4.09538,5.12021,0.00000,Cs2LiLaCl6,True,False,True,False
Cs2AuLuCl6,Au,Lu,Cl,3.49426,semiconductor,False,True,0.95842,2.19637,0.43789,1.32584,3.06691,0.17961,Cs2LuAuCl6,False,False,True,False
Cs2MgDyCl6,Mg,Dy,Cl,1.33972,semiconductor,True,False,0.59272,5.16509,0.43882,4.29271,6.03748,0.00025,Cs2DyMgCl6,False,False,True,True
Cs2NiNpCl6,Ni,Np,Cl,2.38477,semiconductor,False,False,0.88700,1.63290,0.78407,0.07414,3.19166,0.32968,Cs2NpNiCl6,False,False,True,False
Cs2RbBCl6,Rb,B,Cl,4.58573,insulator,False,False,0.95782,4.17696,0.08728,4.00344,4.35048,0.00000,Cs2RbBCl6,False,False,True,False
Cs2LiBiCl6,Li,Bi,Cl,4.58033,insulator,False,True,0.98295,3.76888,0.23821,3.29530,4.24246,0.00008,Cs2LiBiCl6,True,False,True,False
Cs2AgVCl6,Ag,V,Cl,2.85741,semiconductor,False,False,0.41861,1.38880,0.59000,0.21586,2.56174,0.47502,Cs2VAgCl6,False,False,True,False
Cs2HgFeCl6,Hg,Fe,Cl,0.95852,semiconductor,True,False,0.47779,1.03214,0.45228,0.13299,1.93129,0.48295,Cs2FeHgCl6,False,False,True,False
Cs2CaVCl6,Ca,V,Cl,4.11383,insulator,False,True,0.71970,1.96044,0.64091,0.68628,3.23459,0.28148,Cs2CaVCl6,False,False,True,False
Cs2CrYbCl6,Cr,Yb,Cl,0.37797,semiconductor,False,True,0.57740,1.71992,0.45351,0.81832,2.62151,0.44632,Cs2YbCrCl6,False,False,True,False
Cs2LiUCl6,Li,U,Cl,2.75825,semiconductor,False,True,0.96063,2.96225,0.63863,1.69263,4.23187,0.05722,Cs2LiUCl6,False,False,True,False
Cs2AuYbCl6,Au,Yb,Cl,1.59177,semiconductor,False,True,0.72467,1.76727,0.42410,0.92415,2.61040,0.42936,Cs2YbAuCl6,False,False,True,True
Cs2FrPCl6,Fr,P,Cl,3.66543,semiconductor,False,False,0.98286,3.81567,0.32528,3.16900,4.46234,0.00101,FrCs2PCl6,False,False,True,False
Cs2RbNbCl6,Rb,Nb,Cl,1.58678,semiconductor,False,False,0.33487,1.80623,0.43548,0.94048,2.67198,0.40133,Cs2RbNbCl6,False,False,True,True
Cs2EuDyCl6,Eu,Dy,Cl,0.81150,semiconductor,False,True,0.24595,1.62809,0.57771,0.47957,2.77660,0.42243,Cs2EuDyCl6,False,False,True,False
Cs2RbTaCl6,Rb,Ta,Cl,1.25209,semiconductor,False,False,0.20872,2.00009,0.58989,0.82737,3.17281,0.27026,Cs2RbTaCl6,False,False,True,True
Cs2SmYbCl6,Sm,Yb,Cl,2.21186,semiconductor,False,True,0.29265,4.66351,0.61360,3.44365,5.88336,0.00228,Cs2YbSmCl6,False,False,True,False
Cs2CdNdCl6,Cd,Nd,Cl,0.75726,semiconductor,True,True,0.66639,3.28695,0.32691,2.63705,3.93685,0.00380,Cs2NdCdCl6,False,False,True,False
Cs2KLuCl6,K,Lu,Cl,6.71763,insulator,False,True,0.98338,5.18626,0.32111,4.54789,5.82463,0.00000,Cs2KLuCl6,True,False,True,False
Cs2CuCeCl6,Cu,Ce,Cl,3.99105,semiconductor,True,True,0.89027,1.53164,1.06722,-0.59002,3.65330,0.26680,Cs2CeCuCl6,True,False,True,False
Cs2MnTmCl6,Mn,Tm,Cl,1.70083,semiconductor,False,True,0.75826,1.70061,0.39264,0.92002,2.48119,0.49646,Cs2TmMnCl6,False,False,True,True
Cs2NaPdCl6,Na,Pd,Cl,0.36888,semiconductor,False,True,0.76325,1.48134,0.29845,0.88801,2.07468,0.74797,Cs2NaPdCl6,False,False,True,False
Cs2NaSbCl6,Na,Sb,Cl,3.91151,semiconductor,False,True,0.99104,3.22159,0.25090,2.72279,3.72039,0.00169,Cs2NaSbCl6,True,False,True,False
Cs2CrRaCl6,Cr,Ra,Cl,2.09434,semiconductor,False,True,0.73369,1.20343,0.37453,0.45885,1.94800,0.63015,Cs2RaCrCl6,False,False,True,False
Cs2TlScCl6,Tl,Sc,Cl,4.55618,insulator,False,False,0.92571,3.59780,0.51797,2.56806,4.62753,0.00945,Cs2ScTlCl6,True,False,True,False
Cs2KYbCl6,K,Yb,Cl,3.56041,semiconductor,False,True,0.34288,5.24005,0.25127,4.74051,5.73959,0.00008,Cs2KYbCl6,True,False,True,False
Cs2SrDyCl6,Sr,Dy,Cl,0.65662,semiconductor,True,True,0.54633,5.27048,0.35838,4.55800,5.98296,0.00008,Cs2SrDyCl6,False,False,True,False
Cs2AuTmCl6,Au,Tm,Cl,2.34041,semiconductor,False,True,0.91205,2.09210,0.29440,1.50682,2.67738,0.17817,Cs2TmAuCl6,False,False,True,False
Cs2AgGaCl6,Ag,Ga,Cl,2.24979,semiconductor,False,False,0.65847,1.41033,0.45829,0.49924,2.32141,0.57917,Cs2GaAgCl6,True,True,True,False
Cs2NaAgCl6,Na,Ag,Cl,0.90519,semiconductor,True,True,0.69503,1.72772,0.29963,1.13206,2.32339,0.53410,Cs2NaAgCl6,False,False,True,False
Cs2LiNpCl6,Li,Np,Cl,3.08397,semiconductor,False,True,0.95793,2.89349,1.09348,0.71961,5.06737,0.10263,Cs2LiNpCl6,False,False,True,False
Cs2MnYbCl6,Mn,Yb,Cl,2.45458,semiconductor,True,True,0.58079,1.97701,0.50759,0.96791,2.98612,0.28840,Cs2YbMnCl6,False,False,True,False
Cs2HgAsCl6,Hg,As,Cl,0.01130,metallic,False,False,0.25781,1.98704,0.51460,0.96400,3.01008,0.28401,Cs2HgAsCl6,True,False,False,False
Cs2TlBCl6,Tl,B,Cl,2.91798,semiconductor,False,False,0.92551,1.94714,0.49112,0.97077,2.92350,0.30520,Cs2TlBCl6,False,False,True,False
Cs2LiCeCl6,Li,Ce,Cl,6.27451,insulator,False,True,0.97268,1.14718,0.73560,-0.31521,2.60957,0.39407,Cs2LiCeCl6,True,False,True,False
Cs2HgNiCl6,Hg,Ni,Cl,1.55470,semiconductor,False,False,0.43824,1.23802,0.54299,0.15853,2.31751,0.50912,Cs2NiHgCl6,False,False,True,True
Cs2CuPuCl6,Cu,Pu,Cl,2.61042,semiconductor,False,True,0.89729,2.18002,0.50763,1.17083,3.18920,0.20383,Cs2PuCuCl6,False,False,True,False
Cs2ZnTmCl6,Zn,Tm,Cl,0.16115,semiconductor,False,False,0.64181,3.35850,0.32993,2.70259,4.01442,0.00304,Cs2TmZnCl6,False,False,True,False
Cs2CoDyCl6,Co,Dy,Cl,1.75441,semiconductor,False,False,0.78318,1.49980,0.30340,0.89663,2.10297,0.73354,Cs2DyCoCl6,False,False,True,True
Cs2HgCoCl6,Hg,Co,Cl,1.66325,semiconductor,False,False,0.41630,1.13303,0.50924,0.12064,2.14543,0.50042,Cs2CoHgCl6,False,False,True,True
Cs2AuTlCl6,Au,Tl,Cl,0.01300,metallic,False,True,0.27285,0.95860,0.40187,0.15968,1.75753,0.45333,Cs2TlAuCl6,True,False,False,False
Cs2NaScCl6,Na,Sc,Cl,5.64001,insulator,False,False,0.98915,4.18715,0.27279,3.64483,4.72946,0.00008,Cs2NaScCl6,True,False,True,False
Cs2AgCrCl6,Ag,Cr,Cl,2.59814,semiconductor,False,False,0.63791,1.16859,0.47080,0.23261,2.10456,0.54018,Cs2CrAgCl6,False,True,True,False
Cs2CaCrCl6,Ca,Cr,Cl,2.19323,semiconductor,False,True,0.73640,1.32203,0.45657,0.41435,2.22970,0.58162,Cs2CaCrCl6,False,False,True,False
Cs2AgMnCl6,Ag,Mn,Cl,0.02476,half-metal,False,False,0.61139,1.36615,0.51549,0.34133,2.39097,0.53064,Cs2MnAgCl6,False,False,False,False
Cs2DyPbCl6,Dy,Pb,Cl,0.17408,semiconductor,False,True,0.86587,2.62896,0.34562,1.94185,3.31607,0.03410,Cs2DyPbCl6,False,False,True,False
Cs2TlSbCl6,Tl,Sb,Cl,1.90855,semiconductor,False,True,0.92023,1.85675,0.51942,0.82411,2.88938,0.34867,Cs2TlSbCl6,True,False,True,False
Cs2TlPdCl6,Tl,Pd,Cl,0.01284,half-metal,False,True,0.26420,1.18424,0.36117,0.46622,1.90226,0.63344,Cs2TlPdCl6,False,False,False,False
Cs2AuErCl6,Au,Er,Cl,3.17716,semiconductor,False,True,0.91150,2.14942,0.27174,1.60919,2.68965,0.13099,Cs2ErAuCl6,True,False,True,False
Cs2KTmCl6,K,Tm,Cl,4.41727,insulator,False,True,0.96213,5.15432,0.27555,4.60651,5.70213,0.00000,Cs2KTmCl6,True,False,True,False
Cs2ZnHgCl6,Zn,Hg,Cl,1.70283,semiconductor,False,False,0.66267,2.56081,0.57794,1.41186,3.70977,0.10517,Cs2ZnHgCl6,False,False,True,True
Cs2NiDyCl6,Ni,Dy,Cl,1.63921,semiconductor,False,False,0.81581,1.96727,0.42778,1.11683,2.81771,0.29448,Cs2DyNiCl6,False,False,True,True
Cs2LiPuCl6,Li,Pu,Cl,3.49656,semiconductor,False,True,0.92306,4.69983,0.82042,3.06880,6.33086,0.00701,Cs2LiPuCl6,False,False,True,False
Cs2GeTmCl6,Ge,Tm,Cl,0.83224,semiconductor,False,False,0.91455,3.25175,0.39001,2.47640,4.02710,0.00810,Cs2TmGeCl6,False,False,True,False
Cs2CuTmCl6,Cu,Tm,Cl,1.79983,semiconductor,False,False,0.90973,2.52828,0.31075,1.91050,3.14606,0.03773,Cs2TmCuCl6,True,False,True,True
Cs2CuPrCl6,Cu,Pr,Cl,2.85944,semiconductor,False,True,0.94611,2.54134,0.34470,1.85606,3.22662,0.04743,Cs2PrCuCl6,True,False,True,False
Cs2RbScCl6,Rb,Sc,Cl,5.81228,insulator,False,False,0.99172,4.12232,0.23258,3.65994,4.58469,0.00008,Cs2RbScCl6,True,False,True,False
Cs2KTlCl6,K,Tl,Cl,3.80109,semiconductor,False,True,0.94773,2.38082,0.26795,1.84813,2.91351,0.04878,Cs2KTlCl6,True,False,True,False
Cs2KErCl6,K,Er,Cl,5.19948,insulator,False,True,0.96744,5.20281,0.26646,4.67309,5.73254,0.00000,Cs2KErCl6,True,False,True,False
Cs2EuNpCl6,Eu,Np,Cl,0.57365,semiconductor,False,True,0.52327,2.73308,0.94899,0.84645,4.61970,0.11487,Cs2EuNpCl6,False,False,True,False
Cs2VRaCl6,V,Ra,Cl,3.76101,semiconductor,False,True,0.66847,1.87374,0.59582,0.68924,3.05824,0.32166,Cs2RaVCl6,False,False,True,False
Cs2AgAcCl6,Ag,Ac,Cl,4.87812,insulator,False,True,0.93317,3.34665,0.41895,2.51375,4.17954,0.00819,Cs2AcAgCl6,False,False,True,False
Cs2AuYCl6,Au,Y,Cl,3.71059,semiconductor,False,True,0.95646,2.26308,0.45011,1.36826,3.15791,0.15623,Cs2YAuCl6,True,False,True,False
Cs2RbAgCl6,Rb,Ag,Cl,1.30469,semiconductor,True,True,0.73552,1.67485,0.25728,1.16336,2.18633,0.63462,Cs2RbAgCl6,False,False,True,True
Cs2AuHoCl6,Au,Ho,Cl,3.56441,semiconductor,False,True,0.96864,2.23703,0.24570,1.74857,2.72549,0.07681,Cs2HoAuCl6,False,False,True,False
Cs2GeYbCl6,Ge,Yb,Cl,1.62925,semiconductor,False,False,0.78883,2.96949,0.52088,1.93396,4.00503,0.03747,Cs2YbGeCl6,False,False,True,True
Cs2MgTmCl6,Mg,Tm,Cl,1.03034,semiconductor,False,False,0.55398,5.21105,0.47687,4.26300,6.15909,0.00034,Cs2TmMgCl6,False,False,True,True
Cs2GeHgCl6,Ge,Hg,Cl,1.22989,semiconductor,False,False,0.66143,2.05955,0.47154,1.12211,2.99698,0.24679,Cs2HgGeCl6,False,False,True,True
Cs2LiPrCl6,Li,Pr,Cl,4.76734,insulator,False,True,0.98188,4.80439,0.22334,4.36038,5.24840,0.00008,Cs2LiPrCl6,True,False,True,False
Cs2CuHgCl6,Cu,Hg,Cl,0.31646,semiconductor,False,False,0.35286,1.12611,0.45801,0.21556,2.03665,0.52870,Cs2CuHgCl6,False,False,True,False
Cs2CaMnCl6,Ca,Mn,Cl,5.41693,insulator,True,True,0.70199,1.83394,0.48273,0.87425,2.79363,0.36951,Cs2CaMnCl6,False,False,True,False
Cs2CuYbCl6,Cu,Yb,Cl,1.17002,semiconductor,False,False,0.57915,2.30327,0.42558,1.45719,3.14935,0.13707,Cs2YbCuCl6,False,False,True,True
Cs2CdPtCl6,Cd,Pt,Cl,0.01272,metallic,False,True,0.52608,1.84287,0.40040,1.04687,2.63887,0.38530,Cs2CdPtCl6,False,False,False,False
Cs2AgFeCl6,Ag,Fe,Cl,1.59062,semiconductor,True,False,0.63785,0.96644,0.46802,0.03599,1.89688,0.44218,Cs2FeAgCl6,False,True,True,True
Cs2LiNdCl6,Li,Nd,Cl,4.70824,insulator,False,True,0.97821,4.84218,0.21525,4.41425,5.27011,0.00008,Cs2LiNdCl6,True,False,True,False
Cs2SrNpCl6,Sr,Np,Cl,0.42344,semiconductor,False,True,0.64354,2.99114,0.64981,1.69929,4.28299,0.05630,Cs2SrNpCl6,False,False,True,False
Cs2KYCl6,K,Y,Cl,6.65004,insulator,False,True,0.99181,4.90142,0.24227,4.41979,5.38305,0.00000,Cs2KYCl6,True,False,True,False
Cs2PtRaCl6,Pt,Ra,Cl,2.08548,semiconductor,True,True,0.67646,2.23973,0.32277,1.59805,2.88141,0.11816,Cs2RaPtCl6,False,False,True,False
Cs2RbPdCl6,Rb,Pd,Cl,0.56906,semiconductor,False,True,0.79634,1.43844,0.26604,0.90955,1.96734,0.80284,Cs2RbPdCl6,False,False,True,False
Cs2RbSbCl6,Rb,Sb,Cl,4.18395,insulator,False,True,0.99317,3.44836,0.19563,3.05944,3.83728,0.00008,Cs2RbSbCl6,True,False,True,False
Cs2CuCmCl6,Cu,Cm,Cl,4.13156,insulator,False,True,0.92867,1.60400,0.65576,0.30033,2.90766,0.39070,Cs2CmCuCl6,False,False,True,False
Cs2CuPmCl6,Cu,Pm,Cl,1.94687,semiconductor,False,True,0.93798,2.60727,0.34809,1.91524,3.29929,0.03781,Cs2PmCuCl6,False,False,True,False
Cs2CaZnCl6,Ca,Zn,Cl,5.72408,insulator,False,False,0.89924,4.04043,0.46266,3.12063,4.96022,0.00228,Cs2CaZnCl6,False,False,True,False
Cs2BeNdCl6,Be,Nd,Cl,1.88741,semiconductor,False,False,0.49716,4.42754,0.46897,3.49521,5.35987,0.00152,Cs2NdBeCl6,False,False,True,False
Cs2VCdCl6,V,Cd,Cl,2.55209,semiconductor,False,True,0.51210,1.78164,0.67467,0.44037,3.12292,0.32909,Cs2VCdCl6,False,False,True,False
Cs2MgYbCl6,Mg,Yb,Cl,1.81019,semiconductor,False,False,0.32415,5.23857,0.47931,4.28569,6.19146,0.00034,Cs2YbMgCl6,False,False,True,False
Cs2NaTaCl6,Na,Ta,Cl,1.20541,semiconductor,False,False,0.21695,1.97297,0.61987,0.74065,3.20528,0.27844,Cs2NaTaCl6,True,False,True,True
Cs2AgPtCl6,Ag,Pt,Cl,0.01288,metallic,False,True,0.49482,1.47643,0.39297,0.69520,2.25766,0.63141,Cs2AgPtCl6,False,False,False,False
Cs2NaNbCl6,Na,Nb,Cl,1.50353,semiconductor,False,False,0.29150,1.88515,0.44463,1.00121,2.76908,0.34740,Cs2NaNbCl6,False,False,True,True
Cs2MgHgCl6,Mg,Hg,Cl,3.10337,semiconductor,False,False,0.85568,2.53720,0.70088,1.14382,3.93057,0.12728,Cs2MgHgCl6,False,False,True,False
Cs2KHoCl6,K,Ho,Cl,5.58780,insulator,True,True,0.98790,5.22181,0.23212,4.76035,5.68326,0.00008,Cs2KHoCl6,True,False,True,False
Cs2AuDyCl6,Au,Dy,Cl,3.61588,semiconductor,False,True,0.91891,2.14064,0.26639,1.61106,2.67022,0.13226,Cs2DyAuCl6,True,False,True,False
Cs2LiAmCl6,Li,Am,Cl,2.98144,semiconductor,False,True,0.78122,1.78341,0.56087,0.66839,2.89843,0.36664,Cs2LiAmCl6,False,False,True,False
Cs2CaNdCl6,Ca,Nd,Cl,1.21219,semiconductor,False,True,0.50389,4.94149,0.46419,4.01867,5.86431,0.00068,Cs2CaNdCl6,False,False,True,True
Cs2AgBaCl6,Ag,Ba,Cl,0.28796,semiconductor,False,True,0.77825,3.03015,0.30355,2.42669,3.63362,0.00658,Cs2BaAgCl6,False,False,True,False
Cs2PbNpCl6,Pb,Np,Cl,0.01982,half-metal,False,True,0.90594,2.12078,0.72407,0.68132,3.56025,0.22164,Cs2NpPbCl6,False,False,False,False
Cs2CaCuCl6,Ca,Cu,Cl,1.77477,semiconductor,False,False,0.67259,2.24014,0.36220,1.52007,2.96021,0.13547,Cs2CaCuCl6,False,False,True,True
Cs2CaGeCl6,Ca,Ge,Cl,4.73399,insulator,False,False,0.95859,3.38298,0.40721,2.57342,4.19253,0.00717,Cs2CaGeCl6,False,False,True,False
Cs2LiCmCl6,Li,Cm,Cl,5.99943,insulator,False,True,0.96922,3.01499,0.64059,1.74146,4.28851,0.05140,Cs2LiCmCl6,False,False,True,False
Cs2LiPmCl6,Li,Pm,Cl,4.10298,insulator,False,True,0.97316,4.72080,0.28139,4.16138,5.28021,0.00000,Cs2LiPmCl6,False,False,True,False
Cs2AgNiCl6,Ag,Ni,Cl,0.01318,half-metal,False,False,0.50465,1.04627,0.50541,0.04149,2.05105,0.46599,Cs2NiAgCl6,False,False,False,False
Cs2AgAsCl6,Ag,As,Cl,2.04005,semiconductor,False,False,0.94897,1.57927,0.37353,0.83667,2.32187,0.60154,Cs2AgAsCl6,True,False,True,False
Cs2KDyCl6,K,Dy,Cl,5.63767,insulator,True,True,0.97308,5.16633,0.25603,4.65734,5.67532,0.00008,Cs2KDyCl6,True,False,True,False
Cs2CoTmCl6,Co,Tm,Cl,0.43854,semiconductor,False,False,0.84099,1.11719,0.29944,0.52189,1.71249,0.63589,Cs2TmCoCl6,False,False,True,False
Cs2AgCoCl6,Ag,Co,Cl,2.08830,semiconductor,False,False,0.79490,0.99360,0.45778,0.08351,1.90369,0.45923,Cs2CoAgCl6,False,False,True,False
Cs2AuTbCl6,Au,Tb,Cl,3.59276,semiconductor,False,True,0.91381,2.12916,0.28500,1.56257,2.69575,0.15277,Cs2TbAuCl6,True,False,True,False
Cs2FeTmCl6,Fe,Tm,Cl,0.02348,half-metal,False,False,0.84111,1.05600,0.31822,0.42338,1.68863,0.56398,Cs2TmFeCl6,False,False,False,False
Cs2HgAlCl6,Hg,Al,Cl,0.01138,metallic,False,False,0.25254,2.09586,0.69755,0.70912,3.48261,0.23033,Cs2AlHgCl6,True,False,False,False
Cs2MgCaCl6,Mg,Ca,Cl,6.94238,insulator,False,False,0.96221,5.32414,0.42975,4.46978,6.17850,0.00000,Cs2CaMgCl6,False,False,True,False
Cs2NiTmCl6,Ni,Tm,Cl,0.57671,semiconductor,False,False,0.78379,1.60772,0.40768,0.79725,2.41820,0.55005,Cs2TmNiCl6,False,False,True,False
Cs2TlInCl6,Tl,In,Cl,3.23425,semiconductor,False,True,0.93987,2.40053,0.54541,1.31624,3.48482,0.13783,Cs2TlInCl6,True,False,True,False
Cs2CdBaCl6,Cd,Ba,Cl,5.79965,insulator,False,True,0.92667,3.77784,0.44489,2.89339,4.66230,0.00380,Cs2BaCdCl6,False,False,True,False
Cs2LiSmCl6,Li,Sm,Cl,3.33561,semiconductor,False,True,0.96287,5.10041,0.39515,4.31483,5.88599,0.00008,Cs2LiSmCl6,True,False,True,False
Cs2CoYbCl6,Co,Yb,Cl,0.82405,semiconductor,False,False,0.61892,1.61502,0.48886,0.64315,2.58690,0.48379,Cs2YbCoCl6,False,False,True,False
Cs2KTbCl6,K,Tb,Cl,6.29851,insulator,False,True,0.96404,5.08117,0.22108,4.64167,5.52068,0.00008,Cs2KTbCl6,True,False,True,False
Cs2FeYbCl6,Fe,Yb,Cl,1.51475,semiconductor,False,False,0.68086,1.60072,0.45358,0.69899,2.50246,0.51511,Cs2YbFeCl6,False,False,True,True
Cs2CrCdCl6,Cr,Cd,Cl,0.92299,semiconductor,False,True,0.67002,1.54155,0.52260,0.50261,2.58050,0.48793,Cs2CrCdCl6,False,False,True,False
Cs2AuGdCl6,Au,Gd,Cl,3.56244,semiconductor,False,True,0.93687,1.62364,0.65680,0.31789,2.92939,0.38412,Cs2GdAuCl6,True,False,True,False
Cs2NiYbCl6,Ni,Yb,Cl,0.74973,semiconductor,False,False,0.53614,1.90721,0.54160,0.83049,2.98394,0.31794,Cs2YbNiCl6,False,False,True,False
Cs2NaMoCl6,Na,Mo,Cl,3.52378,semiconductor,True,False,0.89492,1.70303,0.38476,0.93812,2.46794,0.49992,Cs2NaMoCl6,True,False,True,False
Cs2PdAcCl6,Pd,Ac,Cl,1.69972,semiconductor,False,False,0.69753,1.91804,0.43593,1.05140,2.78467,0.32740,Cs2AcPdCl6,False,False,True,True
Cs2HgAcCl6,Hg,Ac,Cl,0.54291,semiconductor,True,True,0.23996,2.65465,0.39105,1.87722,3.43208,0.04380,Cs2AcHgCl6,False,False,True,False
Cs2NpAmCl6,Np,Am,Cl,0.30806,semiconductor,False,True,0.58861,2.39863,1.13564,0.14094,4.65631,0.15361,Cs2AmNpCl6,False,False,True,False
Cs2NdYbCl6,Nd,Yb,Cl,1.25912,semiconductor,False,True,0.26523,4.54778,0.49666,3.56040,5.53516,0.00143,Cs2YbNdCl6,False,False,True,True
Cs2CuGdCl6,Cu,Gd,Cl,4.11621,insulator,False,True,0.93081,1.71538,0.65429,0.41463,3.01613,0.35559,Cs2GdCuCl6,False,False,True,False
Cs2LiEuCl6,Li,Eu,Cl,2.30505,semiconductor,False,True,0.24876,1.04660,0.38224,0.28670,1.80651,0.52524,Cs2LiEuCl6,True,False,True,False
Cs2AuEuCl6,Au,Eu,Cl,0.60914,semiconductor,False,True,0.48720,0.73098,0.44016,-0.14407,1.60604,0.27076,Cs2EuAuCl6,True,False,True,False
Cs2KGdCl6,K,Gd,Cl,6.57521,insulator,False,True,0.98063,3.25381,0.39549,2.46756,4.04006,0.00852,Cs2KGdCl6,True,False,True,False
Cs2NaIrCl6,Na,Ir,Cl,3.13562,semiconductor,False,False,0.87271,2.16775,0.28271,1.60570,2.72980,0.12838,Cs2NaIrCl6,True,False,True,False
Cs2MnCdCl6,Mn,Cd,Cl,3.02157,semiconductor,False,True,0.65327,1.79655,0.55702,0.68919,2.90392,0.36276,Cs2MnCdCl6,False,False,True,False
Cs2NaRuCl6,Na,Ru,Cl,1.94713,semiconductor,False,False,0.75293,1.27043,0.32072,0.63283,1.90802,0.71143,Cs2NaRuCl6,False,False,True,False
Cs2RbInCl6,Rb,In,Cl,5.33278,insulator,False,True,0.97923,3.55371,0.23593,3.08468,4.02274,0.00034,Cs2RbInCl6,True,False,True,False
Cs2LiGdCl6,Li,Gd,Cl,6.23920,insulator,True,True,0.97329,2.92275,0.57424,1.78113,4.06437,0.05064,Cs2LiGdCl6,True,False,True,False
Cs2CaCoCl6,Ca,Co,Cl,4.29027,insulator,False,False,0.81380,1.33729,0.42558,0.49122,2.18336,0.61386,Cs2CaCoCl6,False,False,True,False
Cs2CaFeCl6,Ca,Fe,Cl,3.68695,semiconductor,False,False,0.77061,1.31791,0.46613,0.39122,2.24459,0.57419,Cs2CaFeCl6,False,False,True,False
Cs2CuTbCl6,Cu,Tb,Cl,3.97891,semiconductor,True,True,0.91204,2.51134,0.29225,1.93034,3.09233,0.03393,Cs2TbCuCl6,True,False,True,False
Cs2KEuCl6,K,Eu,Cl,2.63255,semiconductor,False,True,0.25515,1.11973,0.44216,0.24071,1.99875,0.53621,Cs2KEuCl6,True,False,True,False
Cs2AuSmCl6,Au,Sm,Cl,1.66327,semiconductor,False,True,0.88137,2.22037,0.38924,1.44655,2.99419,0.15564,Cs2SmAuCl6,True,False,True,True
Cs2ZnCdCl6,Zn,Cd,Cl,3.20387,semiconductor,False,False,0.76411,3.28216,0.61194,2.06559,4.49872,0.02701,Cs2ZnCdCl6,False,False,True,False
Cs2AgCuCl6,Ag,Cu,Cl,0.01290,metallic,False,False,0.35809,0.74638,0.49001,-0.22778,1.72054,0.29482,Cs2CuAgCl6,False,False,False,False
Cs2CaNiCl6,Ca,Ni,Cl,4.23973,insulator,True,False,0.58624,1.60669,0.47134,0.66965,2.54374,0.50068,Cs2CaNiCl6,False,False,True,False
Cs2NaTiCl6,Na,Ti,Cl,2.54118,semiconductor,False,False,0.58945,1.81353,0.52338,0.77303,2.85403,0.36783,Cs2NaTiCl6,False,False,True,False
Cs2NaRhCl6,Na,Rh,Cl,3.12173,semiconductor,False,False,0.90122,1.57841,0.40634,0.77060,2.38622,0.56904,Cs2NaRhCl6,False,False,True,False
Cs2AgAlCl6,Ag,Al,Cl,3.71833,semiconductor,False,False,0.75298,2.13295,0.54901,1.04149,3.22440,0.22164,Cs2AlAgCl6,True,False,True,False
Cs2LiTbCl6,Li,Tb,Cl,6.25614,insulator,True,True,0.95810,5.03868,0.35555,4.33183,5.74553,0.00008,Cs2LiTbCl6,True,False,True,False
Cs2FrAlCl6,Fr,Al,Cl,5.99649,insulator,False,False,0.95022,4.50709,0.26601,3.97826,5.03592,0.00008,FrCs2AlCl6,False,False,True,False
Cs2CuCdCl6,Cu,Cd,Cl,0.89710,semiconductor,False,False,0.48631,1.86426,0.41055,1.04808,2.68044,0.36707,Cs2CdCuCl6,False,False,True,False
Cs2ZnAgCl6,Zn,Ag,Cl,0.01292,half-metal,False,False,0.53003,2.36218,0.41259,1.54195,3.18242,0.11268,Cs2ZnAgCl6,False,False,False,False
Cs2RbNCl6,Rb,N,Cl,3.02710,semiconductor,False,False,0.98263,3.03726,0.39601,2.24998,3.82454,0.01502,Cs2RbNCl6,False,False,True,False
Cs2GeCdCl6,Ge,Cd,Cl,2.65860,semiconductor,False,False,0.87832,2.40020,0.45709,1.49148,3.30892,0.11546,Cs2CdGeCl6,False,False,True,False
Cs2KSmCl6,K,Sm,Cl,3.67632,semiconductor,False,True,0.97090,5.08619,0.34890,4.39256,5.77981,0.00008,Cs2KSmCl6,True,False,True,False
Cs2TiRaCl6,Ti,Ra,Cl,2.18985,semiconductor,False,True,0.37461,2.51735,0.53424,1.45526,3.57944,0.10542,Cs2RaTiCl6,False,False,True,False
Cs2AuCmCl6,Au,Cm,Cl,3.16870,semiconductor,False,True,0.93057,1.76462,0.61763,0.53676,2.99249,0.35255,Cs2CmAuCl6,False,False,True,False
Cs2AuPmCl6,Au,Pm,Cl,2.32741,semiconductor,False,True,0.92629,2.24147,0.36643,1.51300,2.96994,0.13783,Cs2PmAuCl6,False,False,True,False
Cs2FrCuCl6,Fr,Cu,Cl,1.65229,semiconductor,True,False,0.72669,1.20766,0.31027,0.59083,1.82449,0.69294,FrCs2CuCl6,False,False,True,True
Cs2PdRaCl6,Pd,Ra,Cl,2.24002,semiconductor,True,True,0.77787,1.65376,0.26614,1.12467,2.18285,0.65437,Cs2RaPdCl6,False,False,True,False
Cs2AuAmCl6,Au,Am,Cl,1.67236,semiconductor,False,True,0.64336,0.89534,0.41160,0.07708,1.71361,0.39804,Cs2AmAuCl6,False,False,True,True
Cs2LiDyCl6,Li,Dy,Cl,5.39830,insulator,True,True,0.96590,5.17150,0.34754,4.48059,5.86242,0.00008,Cs2LiDyCl6,True,False,True,False
Cs2CuHoCl6,Cu,Ho,Cl,3.16530,semiconductor,False,True,0.96611,2.63572,0.25141,2.13590,3.13553,0.01283,Cs2HoCuCl6,False,False,True,False
Cs2MgCdCl6,Mg,Cd,Cl,4.46218,insulator,False,False,0.92089,3.73681,0.52105,2.70094,4.77268,0.00760,Cs2MgCdCl6,False,False,True,False
Cs2GeAgCl6,Ge,Ag,Cl,0.01522,metallic,False,False,0.86039,1.80275,0.42815,0.95158,2.65392,0.40657,Cs2AgGeCl6,False,False,False,False
Cs2CuYCl6,Cu,Y,Cl,4.36032,insulator,False,True,0.95691,2.49596,0.44004,1.62115,3.37078,0.08592,Cs2YCuCl6,True,False,True,False
Cs2BeSmCl6,Be,Sm,Cl,1.02515,semiconductor,True,False,0.51370,4.68923,0.60448,3.48750,5.89096,0.00203,Cs2SmBeCl6,False,False,True,True
Cs2KPmCl6,K,Pm,Cl,4.45597,insulator,False,True,0.98092,4.77913,0.32499,4.13304,5.42521,0.00008,Cs2KPmCl6,False,False,True,False
Cs2KCmCl6,K,Cm,Cl,5.97488,insulator,False,True,0.97727,3.15696,0.41491,2.33211,3.98181,0.01283,Cs2KCmCl6,False,False,True,False
Cs2CaBaCl6,Ca,Ba,Cl,6.41262,insulator,False,True,0.95004,5.42546,0.32545,4.77844,6.07247,0.00000,Cs2BaCaCl6,False,False,True,False
Cs2SrEuCl6,Sr,Eu,Cl,0.06220,half-metal,False,True,0.09748,1.30352,0.56701,0.17629,2.43075,0.49873,Cs2SrEuCl6,False,False,False,False
Cs2AuNdCl6,Au,Nd,Cl,2.92853,semiconductor,False,True,0.92516,2.24587,0.31263,1.62436,2.86738,0.11090,Cs2NdAuCl6,True,False,True,False
Cs2KAmCl6,K,Am,Cl,3.08288,semiconductor,False,True,0.81551,1.67450,0.45726,0.76544,2.58355,0.47063,Cs2KAmCl6,False,False,True,False
Cs2LiHoCl6,Li,Ho,Cl,5.40746,insulator,True,True,0.98505,5.21340,0.33427,4.54887,5.87794,0.00000,Cs2LiHoCl6,False,False,True,False
Cs2PdPtCl6,Pd,Pt,Cl,0.01306,half-metal,False,True,0.51243,1.18609,0.35288,0.48455,1.88764,0.64180,Cs2PdPtCl6,False,False,False,False
Cs2CuErCl6,Cu,Er,Cl,2.76089,semiconductor,False,True,0.91073,2.51037,0.28809,1.93765,3.08310,0.03266,Cs2ErCuCl6,True,False,True,False
Cs2MgAgCl6,Mg,Ag,Cl,0.01160,half-metal,False,False,0.80367,2.98485,0.48996,2.01079,3.95891,0.02937,Cs2MgAgCl6,False,False,False,False
Cs2TiPtCl6,Ti,Pt,Cl,0.93364,semiconductor,False,True,0.78916,1.36821,0.49897,0.37624,2.36018,0.54524,Cs2TiPtCl6,False,False,True,False
Cs2LiYCl6,Li,Y,Cl,6.42261,insulator,False,True,0.98890,4.81465,0.30860,4.20115,5.42816,0.00008,Cs2LiYCl6,True,False,True,False
Cs2BeAmCl6,Be,Am,Cl,2.44863,semiconductor,False,False,0.25190,1.65226,0.68554,0.28939,3.01513,0.36428,Cs2AmBeCl6,False,False,True,False
Cs2TlNCl6,Tl,N,Cl,0.01132,metallic,False,False,0.88972,1.43786,0.63183,0.18175,2.69396,0.43923,Cs2TlNCl6,False,False,False,False
Cs2NaVCl6,Na,V,Cl,2.85974,semiconductor,False,False,0.39144,1.81057,0.56833,0.68072,2.94043,0.35398,Cs2NaVCl6,False,False,True,False
Cs2AgThCl6,Ag,Th,Cl,0.07249,half-metal,True,True,0.77114,2.85143,0.55229,1.75346,3.94939,0.05402,Cs2ThAgCl6,False,False,False,False
Cs2EuPbCl6,Eu,Pb,Cl,1.89953,semiconductor,False,True,0.50557,1.66211,0.46519,0.73731,2.58692,0.47400,Cs2EuPbCl6,False,False,True,False
Cs2AuPrCl6,Au,Pr,Cl,2.98187,semiconductor,False,True,0.93852,2.18944,0.38173,1.43054,2.94833,0.16534,Cs2PrAuCl6,True,False,True,False
Cs2TlLuCl6,Tl,Lu,Cl,5.16423,insulator,False,True,0.93317,3.91865,0.48136,2.96170,4.87560,0.00388,Cs2LuTlCl6,False,False,True,False
Cs2KNdCl6,K,Nd,Cl,5.09108,insulator,False,True,0.98351,4.90259,0.28193,4.34211,5.46307,0.00000,Cs2KNdCl6,True,False,True,False
Cs2LiErCl6,Li,Er,Cl,4.91214,insulator,False,True,0.95894,5.23053,0.30478,4.62462,5.83645,0.00000,Cs2LiErCl6,True,False,True,False
Cs2KBCl6,K,B,Cl,4.41734,insulator,False,False,0.95932,3.98447,0.10191,3.78186,4.18708,0.00000,Cs2KBCl6,False,False,True,False
Cs2TiVCl6,Ti,V,Cl,2.11453,semiconductor,False,True,0.53843,0.44295,0.65531,-0.85982,1.74573,0.17969,Cs2TiVCl6,False,False,True,False
Cs2TlYbCl6,Tl,Yb,Cl,2.16628,semiconductor,False,True,0.64728,2.81962,0.46067,1.90379,3.73545,0.04077,Cs2YbTlCl6,False,False,True,False
Cs2CoCdCl6,Co,Cd,Cl,3.42356,semiconductor,False,False,0.66508,1.44096,0.47215,0.50231,2.37961,0.56043,Cs2CdCoCl6,False,False,True,False
Cs2AuPuCl6,Au,Pu,Cl,2.68596,semiconductor,False,True,0.89618,2.15813,0.44039,1.28262,3.03364,0.19885,Cs2PuAuCl6,False,False,True,False
Cs2SrPbCl6,Sr,Pb,Cl,5.29080,insulator,False,True,0.85667,3.17665,0.45979,2.26257,4.09073,0.01688,Cs2SrPbCl6,False,False,True,False
Cs2KPrCl6,K,Pr,Cl,4.85906,insulator,False,True,0.98514,4.91023,0.27501,4.36350,5.45697,0.00000,Cs2KPrCl6,True,False,True,False
Cs2RbAuCl6,Rb,Au,Cl,1.42068,semiconductor,True,True,0.65229,0.27136,0.37167,-0.46754,1.01026,0.03849,Cs2RbAuCl6,True,False,True,True
Cs2BaHgCl6,Ba,Hg,Cl,4.29589,insulator,False,True,0.87269,2.82582,0.46919,1.89306,3.75859,0.04144,Cs2BaHgCl6,False,False,True,False
Cs2BaYbCl6,Ba,Yb,Cl,2.13314,semiconductor,False,True,0.26503,5.28826,0.40346,4.48617,6.09035,0.00008,Cs2BaYbCl6,False,False,True,False
Cs2LiTlCl6,Li,Tl,Cl,2.96425,semiconductor,False,True,0.93123,1.67040,0.32349,1.02730,2.31350,0.57757,Cs2LiTlCl6,True,False,True,False
Cs2FeCdCl6,Fe,Cd,Cl,2.72557,semiconductor,True,False,0.72416,1.40934,0.50151,0.41233,2.40635,0.53925,Cs2CdFeCl6,False,False,True,False
Cs2BePbCl6,Be,Pb,Cl,4.14640,insulator,False,False,0.87699,2.72591,0.58146,1.56995,3.88188,0.07723,Cs2BePbCl6,False,False,True,False
Cs2AuBCl6,Au,B,Cl,0.26331,semiconductor,False,False,0.59034,1.26191,0.55767,0.15325,2.37058,0.50380,Cs2BAuCl6,False,False,True,False
Cs2LiTmCl6,Li,Tm,Cl,4.08734,insulator,False,True,0.95559,5.37150,0.39402,4.58818,6.15482,0.00008,Cs2LiTmCl6,True,False,True,False
Cs2NaGaCl6,Na,Ga,Cl,4.35435,insulator,False,False,0.97087,3.01266,0.23350,2.54845,3.47687,0.00211,Cs2NaGaCl6,True,False,True,False
Cs2NiCdCl6,Ni,Cd,Cl,2.87488,semiconductor,True,False,0.52379,1.79730,0.52101,0.76151,2.83309,0.37635,Cs2CdNiCl6,False,False,True,False
Cs2FrCoCl6,Fr,Co,Cl,3.70026,semiconductor,False,False,0.94573,1.41881,0.34449,0.73395,2.10366,0.70299,FrCs2CoCl6,False,False,True,False
Cs2NaCrCl6,Na,Cr,Cl,3.77484,semiconductor,True,False,0.87849,1.56748,0.32715,0.91709,2.21788,0.66231,Cs2NaCrCl6,True,False,True,False
Cs2EuAmCl6,Eu,Am,Cl,2.09914,semiconductor,False,True,0.17353,1.24233,0.74273,-0.23425,2.71890,0.39585,Cs2EuAmCl6,False,False,True,False
Cs2FrAsCl6,Fr,As,Cl,4.11726,insulator,False,False,0.98918,2.98429,0.23049,2.52608,3.44251,0.00228,FrCs2AsCl6,False,False,True,False
Cs2FrNiCl6,Fr,Ni,Cl,0.38076,semiconductor,False,False,0.77601,1.43533,0.40207,0.63600,2.23465,0.63285,FrCs2NiCl6,False,False,True,False
Cs2BaTmCl6,Ba,Tm,Cl,1.40671,semiconductor,False,True,0.51078,5.22894,0.38796,4.45765,6.00022,0.00008,Cs2BaTmCl6,False,False,True,True
Cs2KPuCl6,K,Pu,Cl,3.58829,semiconductor,False,True,0.92691,4.61660,0.48354,3.65532,5.57789,0.00118,Cs2KPuCl6,False,False,True,False
Cs2AuNpCl6,Au,Np,Cl,1.95837,semiconductor,False,True,0.92679,1.84141,0.67167,0.50611,3.17672,0.31364,Cs2NpAuCl6,False,False,True,False
Cs2TlTmCl6,Tl,Tm,Cl,2.93673,semiconductor,False,True,0.86173,2.93262,0.34924,2.23832,3.62692,0.01367,Cs2TmTlCl6,False,False,True,False
Cs2AuCeCl6,Au,Ce,Cl,3.65044,semiconductor,False,True,0.85780,1.31801,0.97614,-0.62259,3.25862,0.30528,Cs2CeAuCl6,False,False,True,False
Cs2RbLuCl6,Rb,Lu,Cl,6.50483,insulator,False,True,0.98306,5.07424,0.31458,4.44884,5.69965,0.00000,Cs2RbLuCl6,True,False,True,False
Cs2NaMnCl6,Na,Mn,Cl,0.61930,semiconductor,False,False,0.76132,1.34381,0.29009,0.76711,1.92051,0.76789,Cs2NaMnCl6,False,False,True,False
Cs2CuLuCl6,Cu,Lu,Cl,4.55899,insulator,False,True,0.95303,2.55195,0.46070,1.63606,3.46783,0.07959,Cs2LuCuCl6,False,False,True,False
Cs2HgPCl6,Hg,P,Cl,0.01132,metallic,False,False,0.34542,2.06659,0.61874,0.83652,3.29667,0.24409,Cs2HgPCl6,False,False,False,False
Cs2PdPaCl6,Pd,Pa,Cl,2.11203,semiconductor,False,False,0.79800,0.87911,0.72966,-0.57148,2.32970,0.33837,Cs2PaPdCl6,False,False,True,False
Cs2BeSrCl6,Be,Sr,Cl,6.58483,insulator,False,False,0.95150,5.25865,0.33415,4.59435,5.92296,0.00000,Cs2SrBeCl6,False,False,True,False
Cs2LiYbCl6,Li,Yb,Cl,3.24481,semiconductor,False,True,0.36342,5.34161,0.28171,4.78155,5.90167,0.00000,Cs2LiYbCl6,False,False,True,False
Cs2RbYbCl6,Rb,Yb,Cl,3.62070,semiconductor,False,True,0.37368,5.16777,0.26187,4.64715,5.68838,0.00000,Cs2RbYbCl6,False,False,True,False
Cs2TiCrCl6,Ti,Cr,Cl,0.60978,semiconductor,False,True,0.73392,0.67782,0.55543,-0.42639,1.78202,0.26350,Cs2TiCrCl6,False,False,True,False
Cs2SmEuCl6,Sm,Eu,Cl,1.95195,semiconductor,False,True,0.41430,3.31828,0.64474,2.03652,4.60004,0.02903,Cs2SmEuCl6,False,False,True,False
Cs2SrAmCl6,Sr,Am,Cl,2.00080,semiconductor,False,True,0.16104,1.91650,0.63466,0.65478,3.17823,0.29591,Cs2SrAmCl6,False,False,True,False
Cs2TlErCl6,Tl,Er,Cl,3.76571,semiconductor,False,True,0.86705,2.97195,0.33003,2.31583,3.62806,0.01030,Cs2ErTlCl6,False,False,True,False
Cs2KNpCl6,K,Np,Cl,2.96383,semiconductor,False,True,0.96435,3.27877,0.85255,1.58388,4.97365,0.05436,Cs2KNpCl6,False,False,True,False
Cs2NdNpCl6,Nd,Np,Cl,0.46109,semiconductor,False,True,0.57957,2.33231,0.84406,0.65429,4.01032,0.17438,Cs2NdNpCl6,False,False,True,False
Cs2KCeCl6,K,Ce,Cl,4.51268,insulator,False,True,0.97114,3.94373,1.08925,1.77826,6.10919,0.03536,Cs2KCeCl6,True,False,True,False
Cs2PdLaCl6,Pd,La,Cl,1.62766,semiconductor,False,False,0.82857,1.98293,0.42287,1.14225,2.82361,0.28604,Cs2LaPdCl6,False,False,True,True
Cs2LiLuCl6,Li,Lu,Cl,6.79455,insulator,False,True,0.98118,5.38014,0.42426,4.53671,6.22358,0.00008,Cs2LiLuCl6,True,False,True,False
Cs2PdBiCl6,Pd,Bi,Cl,0.01358,half-metal,False,False,0.55440,1.49033,0.37426,0.74629,2.23436,0.64728,Cs2BiPdCl6,False,False,False,False
Cs2BeEuCl6,Be,Eu,Cl,3.62554,semiconductor,False,False,0.23085,1.29343,0.57565,0.14902,2.43784,0.49375,Cs2EuBeCl6,False,False,True,False
Cs2AuUCl6,Au,U,Cl,0.61511,semiconductor,False,True,0.91401,1.74003,0.71785,0.31293,3.16714,0.32655,Cs2UAuCl6,False,False,True,False
Cs2NaFeCl6,Na,Fe,Cl,3.08993,semiconductor,False,False,0.83609,1.34909,0.35923,0.63493,2.06325,0.68619,Cs2NaFeCl6,False,False,True,False
Cs2FrFeCl6,Fr,Fe,Cl,3.35331,semiconductor,True,False,0.86588,1.28535,0.37681,0.53625,2.03445,0.65184,FrCs2FeCl6,False,False,True,False
Cs2PdUCl6,Pd,U,Cl,1.07276,semiconductor,False,False,0.78755,1.25131,0.65889,-0.05859,2.56121,0.43931,Cs2UPdCl6,False,False,True,True
Cs2HgThCl6,Hg,Th,Cl,3.69728,semiconductor,False,True,0.32612,2.39662,0.58087,1.24182,3.55141,0.14407,Cs2ThHgCl6,False,False,True,False
Cs2TlYCl6,Tl,Y,Cl,5.06067,insulator,False,True,0.93403,4.09966,0.46452,3.17618,5.02315,0.00194,Cs2YTlCl6,True,False,True,False
Cs2AuBiCl6,Au,Bi,Cl,1.45132,semiconductor,False,True,0.92223,1.04176,0.36962,0.30694,1.77658,0.52743,Cs2BiAuCl6,True,False,True,True
Cs2PbAmCl6,Pb,Am,Cl,1.64193,semiconductor,False,True,0.66345,0.97750,0.40310,0.17612,1.77889,0.46751,Cs2AmPbCl6,False,False,True,True
Cs2SrSmCl6,Sr,Sm,Cl,1.84284,semiconductor,False,True,0.49753,5.07362,0.54622,3.98771,6.15953,0.00101,Cs2SrSmCl6,False,False,True,False
Cs2RbTmCl6,Rb,Tm,Cl,4.44137,insulator,False,True,0.96185,5.04361,0.28745,4.47216,5.61506,0.00000,Cs2RbTmCl6,True,False,True,False
Cs2TlHoCl6,Tl,Ho,Cl,4.10641,insulator,True,True,0.87703,3.05587,0.34739,2.36525,3.74649,0.00920,Cs2HoTlCl6,False,False,True,False
Cs2AuLaCl6,Au,La,Cl,3.65119,semiconductor,False,True,0.94306,2.10402,0.47705,1.15562,3.05241,0.22966,Cs2LaAuCl6,True,False,True,False
Cs2LiAuCl6,Li,Au,Cl,0.26729,semiconductor,True,True,0.53016,0.88130,0.39502,0.09599,1.66662,0.38378,Cs2LiAuCl6,True,False,True,False
Cs2TiMnCl6,Ti,Mn,Cl,1.85539,semiconductor,False,True,0.67871,1.09564,0.53409,0.03384,2.15743,0.47443,Cs2TiMnCl6,False,False,True,False
Cs2RbTlCl6,Rb,Tl,Cl,3.86234,semiconductor,False,True,0.94940,2.41335,0.27579,1.86508,2.96163,0.04583,Cs2RbTlCl6,True,False,True,False
Cs2KUCl6,K,U,Cl,2.30790,semiconductor,False,True,0.96916,3.16079,0.55031,2.06677,4.25482,0.02676,Cs2KUCl6,False,False,True,False
Cs2RbErCl6,Rb,Er,Cl,5.24443,insulator,False,True,0.96720,5.06861,0.27835,4.51524,5.62198,0.00000,Cs2RbErCl6,True,False,True,False
Cs2SmPbCl6,Sm,Pb,Cl,1.10757,semiconductor,False,True,0.87260,2.79260,0.38062,2.03591,3.54929,0.02684,Cs2SmPbCl6,False,False,True,True
Cs2AuPaCl6,Au,Pa,Cl,0.73240,semiconductor,False,True,0.91419,1.75897,0.75011,0.26772,3.25022,0.31330,Cs2PaAuCl6,False,False,True,False
Cs2KBiCl6,K,Bi,Cl,5.03870,insulator,False,True,0.98779,4.01667,0.19901,3.62103,4.41232,0.00000,Cs2KBiCl6,True,False,True,False
Cs2KLaCl6,K,La,Cl,6.47106,insulator,False,True,0.99266,4.69685,0.21486,4.26971,5.12399,0.00008,Cs2KLaCl6,True,False,True,False
Cs2TlDyCl6,Tl,Dy,Cl,4.08917,insulator,False,True,0.88677,3.06681,0.34554,2.37987,3.75376,0.00878,Cs2DyTlCl6,False,False,True,False
Cs2FrMnCl6,Fr,Mn,Cl,0.72704,semiconductor,False,False,0.79438,1.34999,0.39510,0.56452,2.13545,0.64770,FrCs2MnCl6,False,False,True,False
Cs2NaAsCl6,Na,As,Cl,3.97322,semiconductor,False,False,0.99051,3.21383,0.22241,2.77168,3.65598,0.00093,Cs2NaAsCl6,True,False,True,False
Cs2ZnPdCl6,Zn,Pd,Cl,0.41788,semiconductor,False,False,0.60469,1.94320,0.40196,1.14409,2.74231,0.31170,Cs2ZnPdCl6,False,False,True,False
Cs2PdCeCl6,Pd,Ce,Cl,1.65063,semiconductor,False,False,0.82174,1.38807,0.86640,-0.33436,3.11050,0.33820,Cs2CePdCl6,False,False,True,True
Cs2NaNiCl6,Na,Ni,Cl,0.37185,semiconductor,False,False,0.70926,1.28893,0.33903,0.61493,1.96293,0.69649,Cs2NaNiCl6,False,False,True,False
Cs2TiZnCl6,Ti,Zn,Cl,1.06354,semiconductor,False,False,0.60832,2.34786,0.69272,0.97072,3.72500,0.16838,Cs2TiZnCl6,False,False,True,True
Cs2FrCrCl6,Fr,Cr,Cl,4.38318,insulator,True,False,0.88298,1.24025,0.38633,0.47221,2.00830,0.62990,FrCs2CrCl6,False,False,True,False
Cs2NaCoCl6,Na,Co,Cl,3.06755,semiconductor,False,False,0.94231,1.25142,0.29095,0.67301,1.82984,0.73886,Cs2NaCoCl6,False,False,True,False
Cs2AgRaCl6,Ag,Ra,Cl,0.18312,semiconductor,False,True,0.78658,3.07636,0.27621,2.52726,3.62547,0.00371,Cs2RaAgCl6,False,False,True,False
Cs2BaDyCl6,Ba,Dy,Cl,0.20079,semiconductor,False,True,0.54381,5.12219,0.36518,4.39619,5.84819,0.00008,Cs2BaDyCl6,False,False,True,False
Cs2RbYCl6,Rb,Y,Cl,6.46702,insulator,False,True,0.99172,4.72738,0.22835,4.27341,5.18136,0.00008,Cs2RbYCl6,True,False,True,False
Cs2FrGaCl6,Fr,Ga,Cl,5.19179,insulator,False,False,0.94859,2.71706,0.23473,2.25040,3.18372,0.00802,FrCs2GaCl6,False,False,True,False
Cs2RbHoCl6,Rb,Ho,Cl,5.64786,insulator,True,True,0.98781,5.06312,0.24401,4.57802,5.54822,0.00008,Cs2RbHoCl6,False,False,True,False
Cs2CuPdCl6,Cu,Pd,Cl,0.01310,half-metal,False,False,0.50989,1.20442,0.39910,0.41100,1.99785,0.60989,Cs2CuPdCl6,False,False,False,False
Cs2TiGeCl6,Ti,Ge,Cl,1.72629,semiconductor,False,False,0.90669,1.74789,0.58456,0.58576,2.91002,0.37137,Cs2TiGeCl6,False,False,True,True
Cs2AgPCl6,Ag,P,Cl,1.65244,semiconductor,False,False,0.95161,1.70912,0.36835,0.97682,2.44141,0.50641,Cs2AgPCl6,False,False,True,True
Cs2GePdCl6,Ge,Pd,Cl,0.01476,metallic,False,False,0.85518,1.65052,0.42186,0.81185,2.48918,0.51317,Cs2GePdCl6,False,False,False,False
Cs2PdPuCl6,Pd,Pu,Cl,1.65949,semiconductor,False,False,0.85718,1.89839,0.41716,1.06905,2.72772,0.34208,Cs2PuPdCl6,False,False,True,True
Cs2VPtCl6,V,Pt,Cl,0.27255,semiconductor,False,False,0.33295,0.82187,0.52866,-0.22913,1.87286,0.34149,Cs2VPtCl6,False,False,True,False
Cs2TlTbCl6,Tl,Tb,Cl,4.95352,insulator,True,True,0.87311,3.12120,0.36103,2.40347,3.83893,0.00878,Cs2TbTlCl6,False,False,True,False
Cs2CdRaCl6,Cd,Ra,Cl,5.53847,insulator,False,True,0.91668,3.50163,0.44335,2.62023,4.38303,0.00726,Cs2RaCdCl6,False,False,True,False
Cs2SmAmCl6,Sm,Am,Cl,1.74555,semiconductor,False,True,0.37582,3.34974,0.72401,1.91039,4.78908,0.03731,Cs2SmAmCl6,False,False,True,True
Cs2PdPrCl6,Pd,Pr,Cl,1.59320,semiconductor,False,False,0.84190,2.00384,0.35419,1.29970,2.70798,0.26249,Cs2PrPdCl6,False,False,True,True
Cs2MgPdCl6,Mg,Pd,Cl,1.64297,semiconductor,True,False,0.76047,1.52619,0.43436,0.66267,2.38971,0.56828,Cs2MgPdCl6,False,False,True,True
Cs2MgTiCl6,Mg,Ti,Cl,2.48761,semiconductor,False,False,0.39049,2.08124,0.67199,0.74530,3.41718,0.23658,Cs2MgTiCl6,False,False,True,False
Cs2RbDyCl6,Rb,Dy,Cl,5.68309,insulator,False,True,0.97288,5.02315,0.26578,4.49476,5.55153,0.00000,Cs2RbDyCl6,True,False,True,False
Cs2TlGdCl6,Tl,Gd,Cl,4.84365,insulator,False,True,0.88728,2.59859,0.69959,1.20778,3.98941,0.11774,Cs2GdTlCl6,False,False,True,False
Cs2FrVCl6,Fr,V,Cl,2.97966,semiconductor,False,False,0.36770,1.60491,0.55139,0.50873,2.70110,0.44640,FrCs2VCl6,False,False,True,False
Cs2CuInCl6,Cu,In,Cl,1.12351,semiconductor,False,False,0.51056,0.89798,0.43826,0.02670,1.76926,0.39948,Cs2InCuCl6,True,False,True,True
Cs2RbTbCl6,Rb,Tb,Cl,6.12728,insulator,False,True,0.96378,4.93911,0.23297,4.47596,5.40226,0.00008,Cs2RbTbCl6,True,False,True,False
Cs2CrPtCl6,Cr,Pt,Cl,0.02230,half-metal,False,False,0.56936,0.69127,0.47778,-0.25858,1.64112,0.25574,Cs2CrPtCl6,False,False,False,False
Cs2TlEuCl6,Tl,Eu,Cl,1.05850,semiconductor,False,True,0.57438,2.02540,0.43380,1.16299,2.88781,0.26182,Cs2EuTlCl6,False,False,True,True
Cs2NaCuCl6,Na,Cu,Cl,1.21593,semiconductor,False,False,0.63575,0.87450,0.30966,0.25888,1.49013,0.35550,Cs2NaCuCl6,False,False,True,True
Cs2PdPmCl6,Pd,Pm,Cl,1.35074,semiconductor,False,False,0.83736,2.01766,0.31756,1.38634,2.64898,0.24451,Cs2PmPdCl6,False,False,True,True
Cs2LiInCl6,Li,In,Cl,4.42148,insulator,False,False,0.96361,3.20915,0.33483,2.54349,3.87481,0.00557,Cs2LiInCl6,True,False,True,False
Cs2PdCmCl6,Pd,Cm,Cl,1.37229,semiconductor,False,False,0.83116,1.31840,0.59831,0.12893,2.50787,0.47620,Cs2CmPdCl6,False,False,True,True
Cs2BaNpCl6,Ba,Np,Cl,0.02002,metallic,False,True,0.65210,2.99406,0.57975,1.84150,4.14663,0.04516,Cs2BaNpCl6,False,False,False,False
Cs2TiCoCl6,Ti,Co,Cl,1.18616,semiconductor,False,False,0.75740,0.62723,0.58914,-0.54401,1.79846,0.24468,Cs2TiCoCl6,False,False,True,True
Cs2VCrCl6,V,Cr,Cl,1.79226,semiconductor,False,False,0.68673,0.60738,0.61262,-0.61054,1.82529,0.23894,Cs2VCrCl6,False,False,True,True
Cs2FePdCl6,Fe,Pd,Cl,0.96585,semiconductor,True,False,0.66543,0.73668,0.42609,-0.11040,1.58377,0.27076,Cs2FePdCl6,False,False,True,False
Cs2NaAlCl6,Na,Al,Cl,5.64385,insulator,False,False,0.96453,4.37913,0.25218,3.87779,4.88048,0.00000,Cs2NaAlCl6,True,False,True,False
Cs2RbGdCl6,Rb,Gd,Cl,6.42154,insulator,False,True,0.98059,3.19811,0.35858,2.48524,3.91099,0.00726,Cs2RbGdCl6,True,False,True,False
Cs2TlSmCl6,Tl,Sm,Cl,2.14798,semiconductor,True,True,0.84742,3.25371,0.36281,2.53244,3.97499,0.00658,Cs2SmTlCl6,False,False,True,False
Cs2MnPtCl6,Mn,Pt,Cl,1.54621,semiconductor,True,False,0.60597,0.95073,0.46895,0.01844,1.88302,0.43163,Cs2MnPtCl6,False,False,True,True
Cs2NiPdCl6,Ni,Pd,Cl,1.50917,semiconductor,True,False,0.51432,0.97015,0.45971,0.05622,1.88407,0.44640,Cs2NiPdCl6,False,False,True,True
Cs2TiNiCl6,Ti,Ni,Cl,1.05880,semiconductor,False,False,0.82668,1.24023,0.70949,-0.17025,2.65071,0.41180,Cs2TiNiCl6,False,False,True,True
Cs2BeNpCl6,Be,Np,Cl,0.62792,semiconductor,False,False,0.45224,2.74946,0.78227,1.19429,4.30463,0.10103,Cs2NpBeCl6,False,False,True,False
Cs2NdEuCl6,Nd,Eu,Cl,1.04431,semiconductor,False,True,0.50559,3.07807,0.59364,1.89790,4.25824,0.04026,Cs2NdEuCl6,False,False,True,True
Cs2FrRhCl6,Fr,Rh,Cl,3.69255,semiconductor,False,False,0.91695,1.51171,0.30051,0.91430,2.10913,0.73118,FrCs2RhCl6,False,False,True,False
Cs2RbEuCl6,Rb,Eu,Cl,2.68523,semiconductor,False,True,0.28144,1.02481,0.44060,0.14889,1.90073,0.48413,Cs2RbEuCl6,True,False,True,False
Cs2KNCl6,K,N,Cl,2.88613,semiconductor,False,False,0.98347,3.11839,0.41887,2.28567,3.95111,0.01426,Cs2KNCl6,False,False,True,False
Cs2ZnPtCl6,Zn,Pt,Cl,0.01992,metallic,False,False,0.49465,1.89190,0.40756,1.08166,2.70213,0.34782,Cs2ZnPtCl6,False,False,False,False
Cs2VMnCl6,V,Mn,Cl,3.72491,semiconductor,False,False,0.61384,0.66408,0.58471,-0.49834,1.82651,0.26072,Cs2MnVCl6,False,False,True,False
Cs2TlPmCl6,Tl,Pm,Cl,2.85964,semiconductor,False,True,0.87571,3.37518,0.35570,2.66804,4.08233,0.00447,Cs2PmTlCl6,False,False,True,False
Cs2TlCmCl6,Tl,Cm,Cl,4.56989,insulator,False,True,0.88535,2.29631,0.66750,0.96929,3.62333,0.18138,Cs2CmTlCl6,False,False,True,False
Cs2FrTiCl6,Fr,Ti,Cl,2.54337,semiconductor,False,False,0.41938,2.39094,0.50376,1.38946,3.39242,0.13032,FrCs2TiCl6,False,False,True,False
Cs2SrNdCl6,Sr,Nd,Cl,0.90673,semiconductor,False,True,0.51830,4.84053,0.43522,3.97531,5.70576,0.00042,Cs2SrNdCl6,False,False,True,False
Cs2TlAmCl6,Tl,Am,Cl,2.18516,semiconductor,False,True,0.61038,1.54970,0.39938,0.75572,2.34369,0.59023,Cs2AmTlCl6,False,False,True,False
Cs2CuSbCl6,Cu,Sb,Cl,1.62388,semiconductor,False,False,0.88543,0.84561,0.40743,0.03563,1.65559,0.35289,Cs2CuSbCl6,True,False,True,True
Cs2CuPtCl6,Cu,Pt,Cl,0.01286,metallic,False,False,0.48158,1.19244,0.43495,0.32775,2.05714,0.57495,Cs2CuPtCl6,False,False,False,False
Cs2VZnCl6,V,Zn,Cl,2.61771,semiconductor,False,False,0.50736,1.75690,0.68429,0.39650,3.11730,0.33221,Cs2VZnCl6,False,False,True,False
Cs2GePtCl6,Ge,Pt,Cl,0.01486,metallic,False,False,0.77859,1.35516,0.46499,0.43075,2.27957,0.57546,Cs2GePtCl6,False,False,False,False
Cs2AuNCl6,Au,N,Cl,0.01142,metallic,False,False,0.94112,1.22399,0.44982,0.32975,2.11824,0.57470,Cs2AuNCl6,False,False,False,False
Cs2RbSmCl6,Rb,Sm,Cl,3.72993,semiconductor,False,True,0.97305,4.99428,0.34734,4.30375,5.68480,0.00008,Cs2RbSmCl6,True,False,True,False
Cs2PdGdCl6,Pd,Gd,Cl,1.64467,semiconductor,False,False,0.83986,1.20601,0.60089,0.01143,2.40059,0.46801,Cs2GdPdCl6,False,False,True,True
Cs2CaRaCl6,Ca,Ra,Cl,6.26233,insulator,False,True,0.93414,5.54612,0.35042,4.84948,6.24276,0.00000,Cs2RaCaCl6,False,False,True,False
Cs2FrRuCl6,Fr,Ru,Cl,2.05790,semiconductor,False,False,0.75464,0.88859,0.36485,0.16326,1.61391,0.38732,FrCs2RuCl6,False,False,True,False
Cs2NdPbCl6,Nd,Pb,Cl,0.50578,semiconductor,False,True,0.88096,2.99914,0.33794,2.32730,3.67098,0.01030,Cs2NdPbCl6,False,False,True,False
Cs2FrIrCl6,Fr,Ir,Cl,3.74504,semiconductor,False,False,0.87870,1.84171,0.29851,1.24826,2.43516,0.40370,FrCs2IrCl6,False,False,True,False
Cs2TlNdCl6,Tl,Nd,Cl,3.49848,semiconductor,True,True,0.88432,3.50209,0.31812,2.86966,4.13453,0.00186,Cs2NdTlCl6,False,False,True,False
Cs2MgPtCl6,Mg,Pt,Cl,1.33002,semiconductor,True,False,0.64259,1.86106,0.41641,1.03322,2.68890,0.36833,Cs2MgPtCl6,False,False,True,True
Cs2LiPdCl6,Li,Pd,Cl,0.19317,semiconductor,False,False,0.73712,1.66797,0.36414,0.94405,2.39188,0.54566,Cs2LiPdCl6,False,False,True,False
Cs2VGeCl6,V,Ge,Cl,3.04232,semiconductor,False,False,0.83245,1.42744,0.60051,0.23362,2.62127,0.45805,Cs2VGeCl6,False,False,True,False
Cs2BeDyCl6,Be,Dy,Cl,0.02232,half-metal,False,False,0.57563,4.68263,0.45826,3.77160,5.59367,0.00093,Cs2DyBeCl6,False,False,False,False
Cs2LiSbCl6,Li,Sb,Cl,3.76882,semiconductor,False,False,0.98901,3.19874,0.24145,2.71873,3.67875,0.00143,Cs2LiSbCl6,True,False,True,False
Cs2RbPmCl6,Rb,Pm,Cl,4.49528,insulator,False,True,0.98078,4.69104,0.31372,4.06736,5.31472,0.00008,Cs2RbPmCl6,False,False,True,False
Cs2TlPrCl6,Tl,Pr,Cl,3.81510,semiconductor,True,True,0.88286,3.39838,0.35245,2.69770,4.09905,0.00397,Cs2PrTlCl6,False,False,True,False
Cs2AuAcCl6,Au,Ac,Cl,3.53096,semiconductor,False,True,0.89378,2.27718,0.44187,1.39874,3.15563,0.14990,Cs2AcAuCl6,False,False,True,False
Cs2RbCmCl6,Rb,Cm,Cl,5.79104,insulator,False,True,0.97710,3.21024,0.41742,2.38039,4.04009,0.01123,Cs2RbCmCl6,False,False,True,False
Cs2FrMoCl6,Fr,Mo,Cl,3.53060,semiconductor,True,False,0.90024,1.41360,0.44210,0.53470,2.29251,0.59554,FrCs2MoCl6,False,False,True,False
Cs2CuScCl6,Cu,Sc,Cl,3.71379,semiconductor,False,False,0.94908,2.28372,0.57814,1.13436,3.43308,0.17370,Cs2ScCuCl6,True,False,True,False
Cs2CrMnCl6,Cr,Mn,Cl,1.17319,semiconductor,False,False,0.65379,0.83892,0.57051,-0.29528,1.97311,0.34799,Cs2MnCrCl6,False,False,True,True
Cs2PdTbCl6,Pd,Tb,Cl,1.75669,semiconductor,False,False,0.82469,1.98555,0.28787,1.41325,2.55785,0.25675,Cs2TbPdCl6,False,False,True,True
Cs2RbAmCl6,Rb,Am,Cl,3.08363,semiconductor,False,True,0.81626,1.65408,0.43949,0.78035,2.52781,0.49840,Cs2RbAmCl6,False,False,True,False
Cs2MgVCl6,Mg,V,Cl,3.49222,semiconductor,False,False,0.71221,1.86190,0.72266,0.42523,3.29858,0.29516,Cs2MgVCl6,False,False,True,False
Cs2LiAgCl6,Li,Ag,Cl,0.61001,semiconductor,True,False,0.68261,1.82259,0.32619,1.17412,2.47106,0.42100,Cs2LiAgCl6,False,False,True,False
Cs2TlPuCl6,Tl,Pu,Cl,3.06415,semiconductor,False,True,0.86747,2.89085,0.52097,1.85514,3.92656,0.04516,Cs2PuTlCl6,False,False,True,False
Cs2YbRaCl6,Yb,Ra,Cl,1.96310,semiconductor,False,True,0.36577,5.23122,0.41149,4.41315,6.04928,0.00008,Cs2RaYbCl6,False,False,True,False
Cs2NdAmCl6,Nd,Am,Cl,0.94191,semiconductor,True,True,0.45365,3.26384,0.64282,1.98590,4.54178,0.03317,Cs2NdAmCl6,False,False,True,False
Cs2HgRaCl6,Hg,Ra,Cl,4.09922,insulator,False,True,0.86523,3.11645,0.46845,2.18516,4.04774,0.01992,Cs2RaHgCl6,False,False,True,False
Cs2KAcCl6,K,Ac,Cl,6.30806,insulator,False,True,0.97934,4.73011,0.24310,4.24682,5.21339,0.00000,Cs2KAcCl6,False,False,True,False
Cs2LiScCl6,Li,Sc,Cl,5.47112,insulator,False,False,0.98880,4.08649,0.36836,3.35418,4.81880,0.00101,Cs2LiScCl6,True,False,True,False
Cs2CrZnCl6,Cr,Zn,Cl,1.04862,semiconductor,False,False,0.66581,1.53731,0.53730,0.46914,2.60549,0.47881,Cs2ZnCrCl6,False,False,True,True
Cs2CoPtCl6,Co,Pt,Cl,1.34774,semiconductor,True,False,0.61123,0.78430,0.45363,-0.11752,1.68612,0.31406,Cs2CoPtCl6,False,False,True,True
Cs2RbNdCl6,Rb,Nd,Cl,5.14387,insulator,False,True,0.98362,4.82649,0.27066,4.28841,5.36456,0.00000,Cs2RbNdCl6,True,False,True,False
Cs2CrGeCl6,Cr,Ge,Cl,0.57316,semiconductor,False,False,0.89652,1.37461,0.49994,0.38071,2.36850,0.54321,Cs2CrGeCl6,False,False,True,False
Cs2TmRaCl6,Tm,Ra,Cl,1.13471,semiconductor,False,True,0.46187,5.14375,0.39531,4.35785,5.92965,0.00008,Cs2RaTmCl6,False,False,True,True
Cs2RbPrCl6,Rb,Pr,Cl,4.86164,insulator,False,True,0.98516,4.85480,0.26576,4.32646,5.38314,0.00000,Cs2RbPrCl6,True,False,True,False
Cs2TlNpCl6,Tl,Np,Cl,2.89021,semiconductor,False,True,0.90037,2.45333,0.73434,0.99344,3.91323,0.14711,Cs2NpTlCl6,False,False,True,False
Cs2TlCeCl6,Tl,Ce,Cl,4.55632,insulator,False,True,0.88230,2.13393,0.98223,0.18123,4.08663,0.19683,Cs2CeTlCl6,False,False,True,False
Cs2NdSmCl6,Nd,Sm,Cl,1.01993,semiconductor,False,True,0.48586,3.64270,0.64639,2.35766,4.92774,0.01688,Cs2NdSmCl6,False,False,True,True
Cs2PdHoCl6,Pd,Ho,Cl,1.71956,semiconductor,False,False,0.86180,1.94098,0.23445,1.47489,2.40707,0.27245,Cs2HoPdCl6,False,False,True,True
Cs2CuNbCl6,Cu,Nb,Cl,1.48560,semiconductor,False,False,0.35758,0.71213,0.52022,-0.32208,1.74635,0.27785,Cs2NbCuCl6,False,False,True,True
Cs2NiPtCl6,Ni,Pt,Cl,1.16435,semiconductor,True,False,0.80124,1.00122,0.49115,0.02481,1.97764,0.45071,Cs2NiPtCl6,False,False,True,True
Cs2PdYCl6,Pd,Y,Cl,1.73342,semiconductor,False,False,0.82203,1.46081,0.46931,0.52780,2.39382,0.55993,Cs2YPdCl6,False,False,True,True
Cs2CuTaCl6,Cu,Ta,Cl,1.15661,semiconductor,False,False,0.45647,0.92276,0.55587,-0.18233,2.02784,0.39382,Cs2TaCuCl6,True,False,True,True
Cs2MnZnCl6,Mn,Zn,Cl,3.12189,semiconductor,False,False,0.63756,1.72879,0.59778,0.54039,2.91718,0.37407,Cs2MnZnCl6,False,True,True,False
Cs2VCoCl6,V,Co,Cl,1.87239,semiconductor,False,False,0.79632,0.62005,0.57000,-0.51313,1.75322,0.23751,Cs2VCoCl6,False,False,True,False
Cs2MgCrCl6,Mg,Cr,Cl,1.85647,semiconductor,False,False,0.72442,1.12640,0.52303,0.08660,2.16620,0.49156,Cs2MgCrCl6,False,False,True,False
Cs2VFeCl6,V,Fe,Cl,2.74741,semiconductor,False,False,0.64188,0.40381,0.59907,-0.78715,1.59478,0.15260,Cs2VFeCl6,False,False,True,False
Cs2FrNbCl6,Fr,Nb,Cl,1.60597,semiconductor,False,False,0.32609,1.52150,0.40788,0.71063,2.33237,0.59757,FrCs2NbCl6,False,False,True,True
Cs2BaEuCl6,Ba,Eu,Cl,2.19705,semiconductor,False,True,0.10002,1.26423,0.55704,0.15682,2.37164,0.50388,Cs2BaEuCl6,False,False,True,False
Cs2FrTaCl6,Fr,Ta,Cl,1.25760,semiconductor,False,False,0.28899,1.91527,0.49821,0.92482,2.90573,0.32183,FrCs2TaCl6,False,False,True,True
Cs2RbPuCl6,Rb,Pu,Cl,3.60612,semiconductor,False,True,0.93208,4.66080,0.45529,3.75567,5.56592,0.00093,Cs2RbPuCl6,False,False,True,False
Cs2BeTmCl6,Be,Tm,Cl,0.71117,semiconductor,False,False,0.54508,4.80221,0.49415,3.81981,5.78460,0.00101,Cs2TmBeCl6,False,False,True,False
Cs2LiNbCl6,Li,Nb,Cl,1.43740,semiconductor,False,False,0.27201,1.85417,0.53522,0.79014,2.91820,0.34571,Cs2LiNbCl6,False,False,True,True
Cs2LiTaCl6,Li,Ta,Cl,1.09672,semiconductor,False,False,0.21660,1.94912,0.72448,0.50884,3.38940,0.26958,Cs2LiTaCl6,True,False,True,True
Cs2MnGeCl6,Mn,Ge,Cl,2.82319,semiconductor,False,False,0.84711,1.39475,0.55350,0.29438,2.49512,0.49730,Cs2MnGeCl6,False,True,True,False
Cs2VNiCl6,V,Ni,Cl,1.32664,semiconductor,True,False,0.41454,0.98799,0.69485,-0.39340,2.36937,0.37821,Cs2VNiCl6,False,False,True,True
Cs2TlUCl6,Tl,U,Cl,2.45388,semiconductor,False,True,0.85893,2.33008,0.65169,1.03450,3.62566,0.16931,Cs2UTlCl6,False,False,True,False
Cs2GeSrF6,Ge,Sr,F,5.79134,insulator,False,True,0.95307,4.95489,0.56975,3.82222,6.08757,0.00135,Cs2SrGeF6,False,False,True,False
Cs2NiSmF6,Ni,Sm,F,0.20839,semiconductor,False,True,0.83210,3.70474,0.81307,2.08832,5.32116,0.02676,Cs2SmNiF6,False,False,True,False
Cs2ZnEuF6,Zn,Eu,F,0.04957,half-metal,False,True,0.20368,2.96874,0.58533,1.80508,4.13240,0.04760,Cs2EuZnF6,False,False,False,False
Cs2AgSbF6,Ag,Sb,F,3.73494,semiconductor,False,True,0.92322,2.22420,0.42025,1.38873,3.05968,0.16222,Cs2AgSbF6,True,True,True,False
Cs2CuSrF6,Cu,Sr,F,3.71035,semiconductor,False,True,0.66147,1.85786,0.58278,0.69927,3.01645,0.33094,Cs2SrCuF6,False,False,True,False
Cs2TaHgF6,Ta,Hg,F,1.85011,semiconductor,False,True,0.17736,1.44666,0.96273,-0.46727,3.36059,0.30410,Cs2TaHgF6,True,False,True,False
Cs2NbHgF6,Nb,Hg,F,2.14551,semiconductor,False,True,0.16638,1.44818,1.03107,-0.60163,3.49799,0.28427,Cs2NbHgF6,False,False,True,False
Cs2MgPbF6,Mg,Pb,F,6.73405,insulator,False,True,0.84840,4.54832,0.71957,3.11779,5.97884,0.00633,Cs2MgPbF6,False,False,True,False
Cs2NaErF6,Na,Er,F,7.41701,insulator,False,True,0.93596,7.06776,0.31309,6.44533,7.69019,0.00000,Cs2NaErF6,True,False,True,False
Cs2AlKF6,Al,K,F,9.38586,insulator,False,False,0.96363,6.57718,0.34207,5.89713,7.25723,0.00008,Cs2KAlF6,True,False,True,False
Cs2CoSmF6,Co,Sm,F,0.62594,semiconductor,False,True,0.80741,3.06830,0.58945,1.89645,4.24014,0.04043,Cs2SmCoF6,False,False,True,False
Cs2AlAuF6,Al,Au,F,3.52355,semiconductor,False,False,0.74164,1.64139,0.80445,0.04211,3.24067,0.32183,Cs2AlAuF6,True,False,True,False
Cs2NaTlF6,Na,Tl,F,5.67628,insulator,False,True,0.94588,3.66295,0.38085,2.90581,4.42009,0.00245,Cs2NaTlF6,True,False,True,False
Cs2NaYF6,Na,Y,F,9.43003,insulator,False,True,0.96934,6.69811,0.38239,5.93790,7.45831,0.00000,Cs2NaYF6,True,False,True,False
Cs2CuPbF6,Cu,Pb,F,2.25776,semiconductor,False,True,0.56940,1.35984,0.53020,0.30579,2.41390,0.52017,Cs2CuPbF6,False,False,True,False
Cs2GePbF6,Ge,Pb,F,3.20591,semiconductor,False,True,0.93104,3.33224,0.73342,1.87418,4.79030,0.04001,Cs2GePbF6,False,False,True,False
Cs2MnEuF6,Mn,Eu,F,1.11727,semiconductor,True,True,0.41208,1.90797,0.72458,0.46748,3.34847,0.28258,Cs2EuMnF6,False,False,True,True
Cs2ZnSrF6,Zn,Sr,F,8.00731,insulator,False,True,0.89077,5.36288,0.62131,4.12768,6.59807,0.00101,Cs2SrZnF6,False,False,True,False
Cs2KCuF6,K,Cu,F,3.88732,semiconductor,True,False,0.71741,0.92779,0.51857,-0.10315,1.95873,0.40488,Cs2KCuF6,True,False,True,False
Cs2NaHoF6,Na,Ho,F,7.47049,insulator,False,True,0.97432,7.10717,0.33680,6.43760,7.77673,0.00008,Cs2NaHoF6,False,False,True,False
Cs2NaTmF6,Na,Tm,F,6.96166,insulator,False,True,0.92932,7.28943,0.32767,6.63802,7.94085,0.00000,Cs2NaTmF6,False,False,True,False
Cs2NiAmF6,Ni,Am,F,0.49854,semiconductor,False,True,0.54220,2.07929,0.80011,0.48864,3.66993,0.22603,Cs2AmNiF6,False,False,True,False
Cs2GeEuF6,Ge,Eu,F,0.02913,half-metal,False,True,0.64557,3.41258,0.60806,2.20374,4.62142,0.02135,Cs2EuGeF6,False,False,False,False
Cs2PtNpF6,Pt,Np,F,0.45875,semiconductor,False,True,0.84565,2.30128,1.02027,0.27295,4.32961,0.16990,Cs2NpPtF6,False,False,True,False
Cs2AgAgF6,Ag,Ag,F,0.62989,semiconductor,False,True,0.22822,1.36059,0.56699,0.23339,2.48779,0.49223,CsAgF3,True,False,True,False
Cs2MgSrF6,Mg,Sr,F,9.35926,insulator,False,True,0.93299,6.64766,0.52908,5.59583,7.69949,0.00008,Cs2SrMgF6,False,False,True,False
Cs2ScAgF6,Sc,Ag,F,5.72207,insulator,False,True,0.90316,2.93581,0.86509,1.21599,4.65563,0.08643,Cs2ScAgF6,True,False,True,False
Cs2MnSrF6,Mn,Sr,F,5.42017,insulator,False,True,0.66855,3.58988,0.82385,1.95204,5.22772,0.03368,Cs2SrMnF6,False,False,True,False
Cs2MgAmF6,Mg,Am,F,1.93146,semiconductor,False,True,0.17991,2.52311,0.70396,1.12361,3.92262,0.12998,Cs2AmMgF6,False,False,True,False
Cs2BeRaF6,Be,Ra,F,8.75233,insulator,False,False,0.94599,6.55306,0.59193,5.37628,7.72985,0.00008,Cs2RaBeF6,False,False,True,False
Cs2TiDyF6,Ti,Dy,F,0.09897,half-metal,False,True,0.72012,4.20201,0.75044,2.71012,5.69391,0.00996,Cs2DyTiF6,False,False,False,False
Cs2ZnPbF6,Zn,Pb,F,5.78574,insulator,False,True,0.69763,3.99303,0.66612,2.66876,5.31730,0.00996,Cs2ZnPbF6,False,False,True,False
Cs2NaDyF6,Na,Dy,F,6.43422,insulator,False,True,0.94626,7.34725,0.34642,6.65856,8.03593,0.00008,Cs2NaDyF6,False,False,True,False
Cs2VNpF6,V,Np,F,0.04305,half-metal,False,True,0.69262,2.61680,1.15554,0.31955,4.91406,0.13344,Cs2NpVF6,False,False,False,False
Cs2CuAcF6,Cu,Ac,F,2.95062,semiconductor,False,True,0.87599,2.63597,0.68834,1.26753,4.00442,0.10947,Cs2AcCuF6,False,False,True,False
Cs2TiTmF6,Ti,Tm,F,0.07658,half-metal,False,True,0.66063,4.47884,0.85699,2.77513,6.18256,0.01013,Cs2TmTiF6,False,False,False,False
Cs2MgEuF6,Mg,Eu,F,2.93396,semiconductor,False,True,0.13068,2.27252,0.68523,0.91026,3.63479,0.18695,Cs2EuMgF6,False,False,True,False
Cs2AgCdF6,Ag,Cd,F,0.77851,semiconductor,False,True,0.41445,2.37164,0.57663,1.22528,3.51800,0.14922,Cs2CdAgF6,False,False,True,False
Cs2CrEuF6,Cr,Eu,F,0.09302,half-metal,False,True,0.45314,1.82521,0.99294,-0.14879,3.79921,0.24671,Cs2EuCrF6,False,False,False,False
Cs2ScHgF6,Sc,Hg,F,1.17215,semiconductor,True,True,0.20128,2.27620,0.86073,0.56505,3.98736,0.18239,Cs2ScHgF6,True,False,True,True
Cs2NaYbF6,Na,Yb,F,6.42496,insulator,False,True,0.61841,7.09569,0.42545,6.24989,7.94150,0.00000,Cs2NaYbF6,False,False,True,False
Cs2CoPbF6,Co,Pb,F,4.89904,insulator,False,True,0.73507,2.56826,0.56346,1.44809,3.68843,0.10128,Cs2CoPbF6,False,False,True,False
Cs2FePbF6,Fe,Pb,F,3.52430,semiconductor,False,True,0.78322,2.72127,0.56806,1.59194,3.85059,0.07529,Cs2FePbF6,False,False,True,False
Cs2CaAgF6,Ca,Ag,F,1.54729,semiconductor,False,True,0.69149,2.23139,0.59950,1.03957,3.42321,0.19455,Cs2CaAgF6,False,False,True,True
Cs2MnPbF6,Mn,Pb,F,4.38622,insulator,False,True,0.69730,2.85658,0.76823,1.32932,4.38385,0.08845,Cs2MnPbF6,False,False,True,False
Cs2AgHgF6,Ag,Hg,F,0.35714,semiconductor,False,True,0.33899,1.38334,0.48605,0.41705,2.34963,0.55638,Cs2AgHgF6,False,False,True,False
Cs2GeAmF6,Ge,Am,F,1.42635,semiconductor,False,True,0.67748,2.09008,0.51777,1.06074,3.11942,0.23565,Cs2AmGeF6,False,False,True,True
Cs2PTlF6,P,Tl,F,2.97284,semiconductor,False,False,0.95691,4.04959,0.66190,2.73372,5.36546,0.00886,Cs2TlPF6,False,False,True,False
Cs2MgSmF6,Mg,Sm,F,2.24224,semiconductor,False,True,0.54087,7.29558,0.67181,5.96000,8.63117,0.00000,Cs2SmMgF6,False,False,True,False
Cs2NaTbF6,Na,Tb,F,5.93259,insulator,True,True,0.94103,7.29893,0.36033,6.58257,8.01529,0.00008,Cs2NaTbF6,True,False,True,False
Cs2NaLuF6,Na,Lu,F,9.16252,insulator,False,True,0.95614,7.84729,0.49197,6.86924,8.82533,0.00000,Cs2NaLuF6,True,False,True,False
Cs2LiAcF6,Li,Ac,F,8.65647,insulator,False,True,0.97762,6.45617,0.72274,5.01933,7.89301,0.00068,Cs2LiAcF6,False,False,True,False
Cs2NiPbF6,Ni,Pb,F,4.94059,insulator,True,True,0.68787,2.69535,0.77612,1.15239,4.23830,0.11048,Cs2NiPbF6,False,False,True,False
Cs2MoHgF6,Mo,Hg,F,2.28166,semiconductor,False,True,0.38100,1.52971,0.73313,0.07221,2.98720,0.36968,Cs2HgMoF6,True,False,True,False
Cs2TiYbF6,Ti,Yb,F,0.75206,semiconductor,False,True,0.51310,4.87630,0.90406,3.07900,6.67360,0.00709,Cs2YbTiF6,False,False,True,False
Cs2CrSrF6,Cr,Sr,F,2.98584,semiconductor,False,True,0.72265,2.98883,0.78247,1.43325,4.54440,0.07377,Cs2SrCrF6,False,False,True,False
Cs2CoAuF6,Co,Au,F,2.42977,semiconductor,False,True,0.79344,1.24824,0.36233,0.52791,1.96857,0.65598,Cs2CoAuF6,False,False,True,False
Cs2CoSrF6,Co,Sr,F,4.96485,insulator,False,True,0.77329,3.12564,0.55195,2.02835,4.22293,0.02853,Cs2SrCoF6,False,False,True,False
Cs2FeSrF6,Fe,Sr,F,3.62040,semiconductor,True,True,0.77612,3.63096,0.62612,2.38622,4.87571,0.01545,Cs2SrFeF6,False,False,True,False
Cs2SbHgF6,Sb,Hg,F,0.01296,metallic,False,True,0.25416,2.31956,0.57692,1.17263,3.46650,0.16340,Cs2HgSbF6,True,False,False,False
Cs2AsAuF6,As,Au,F,2.27629,semiconductor,False,True,0.93177,0.87068,0.33014,0.21436,1.52701,0.35989,Cs2AsAuF6,True,False,True,False
Cs2AgInF6,Ag,In,F,4.02121,insulator,False,True,0.72175,2.06249,0.63953,0.79108,3.33390,0.24527,Cs2InAgF6,True,True,True,False
Cs2CaCdF6,Ca,Cd,F,7.57337,insulator,False,True,0.85926,5.73936,0.61828,4.51021,6.96851,0.00068,Cs2CaCdF6,True,False,True,False
Cs2GeSmF6,Ge,Sm,F,0.14967,semiconductor,False,True,0.91751,4.05568,0.55909,2.94419,5.16717,0.00532,Cs2SmGeF6,False,False,True,False
Cs2PdHgF6,Pd,Hg,F,1.30629,semiconductor,True,True,0.25729,1.00200,0.43690,0.13343,1.87056,0.47147,Cs2HgPdF6,True,False,True,True
Cs2ZnAmF6,Zn,Am,F,1.10471,semiconductor,False,True,0.23192,1.91958,0.51970,0.88639,2.95277,0.31550,Cs2AmZnF6,False,False,True,True
Cs2NiAuF6,Ni,Au,F,0.29389,semiconductor,False,True,0.34483,1.61270,0.70626,0.20864,3.01676,0.36411,Cs2NiAuF6,False,False,True,False
Cs2RuHgF6,Ru,Hg,F,1.64229,semiconductor,True,True,0.36231,1.07936,0.40735,0.26954,1.88918,0.53570,Cs2HgRuF6,False,False,True,True
Cs2NbAgF6,Nb,Ag,F,1.97240,semiconductor,False,True,0.29961,1.25305,1.03769,-0.80991,3.31601,0.28866,Cs2NbAgF6,True,False,True,False
Cs2AgTaF6,Ag,Ta,F,0.71783,semiconductor,False,True,0.65612,0.37064,0.88879,-1.39630,2.13758,0.18265,Cs2TaAgF6,True,False,True,False
Cs2NiSrF6,Ni,Sr,F,6.36920,insulator,False,True,0.64928,3.35990,0.76923,1.83065,4.88915,0.04119,Cs2SrNiF6,False,False,True,False
Cs2IrHgF6,Ir,Hg,F,1.00776,semiconductor,True,True,0.17532,1.40195,0.45419,0.49901,2.30488,0.58558,Cs2HgIrF6,True,False,True,True
Cs2NaAuF6,Na,Au,F,2.73426,semiconductor,True,False,0.86962,0.60511,0.38548,-0.16123,1.37146,0.15977,Cs2NaAuF6,True,False,True,False
Cs2CrPbF6,Cr,Pb,F,1.51184,semiconductor,False,True,0.78867,3.16870,0.69018,1.79660,4.54080,0.04558,Cs2CrPbF6,False,False,True,True
Cs2NaGdF6,Na,Gd,F,8.93743,insulator,False,True,0.95826,5.49121,0.56451,4.36894,6.61347,0.00076,Cs2NaGdF6,False,False,True,False
Cs2KCoF6,K,Co,F,5.18076,insulator,False,True,0.91696,3.01185,0.39635,2.22389,3.79981,0.01595,Cs2KCoF6,True,False,True,False
Cs2FeEuF6,Fe,Eu,F,0.11360,semiconductor,True,False,0.55889,2.15764,0.69825,0.76951,3.54578,0.21286,Cs2EuFeF6,False,False,True,False
Cs2CrNpF6,Cr,Np,F,0.65596,semiconductor,False,False,0.76390,2.93611,1.28274,0.38599,5.48623,0.10373,Cs2NpCrF6,False,False,True,False
Cs2TiNpF6,Ti,Np,F,0.02464,half-metal,False,True,0.76361,3.13279,0.99843,1.14788,5.11769,0.07765,Cs2NpTiF6,False,False,False,False
Cs2PRbF6,P,Rb,F,5.31401,insulator,False,False,0.97880,3.63255,0.55876,2.52171,4.74338,0.01148,Cs2RbPF6,False,False,True,False
Cs2KNiF6,K,Ni,F,2.12419,semiconductor,False,True,0.57633,2.43668,0.59368,1.25642,3.61693,0.13673,Cs2KNiF6,True,False,True,False
Cs2KAsF6,K,As,F,6.08811,insulator,False,True,0.98331,4.30013,0.35850,3.58742,5.01285,0.00042,Cs2KAsF6,True,False,True,False
Cs2ZnSmF6,Zn,Sm,F,0.82737,semiconductor,False,True,0.65768,3.77135,0.63683,2.50532,5.03739,0.01224,Cs2SmZnF6,False,False,True,False
Cs2VEuF6,V,Eu,F,1.39138,semiconductor,False,True,0.34153,1.08991,0.99796,-0.89408,3.07389,0.29870,Cs2EuVF6,False,False,True,True
Cs2NFrF6,N,Fr,F,4.10965,insulator,False,False,0.97963,4.15128,0.50045,3.15637,5.14619,0.00245,FrCs2NF6,False,False,True,False
Cs2MnAmF6,Mn,Am,F,1.43267,semiconductor,False,True,0.47090,1.71828,0.68007,0.36628,3.07028,0.34571,Cs2AmMnF6,False,False,True,True
Cs2TiHgF6,Ti,Hg,F,3.23978,semiconductor,False,False,0.36239,2.31366,1.05993,0.20648,4.42084,0.16577,Cs2TiHgF6,False,False,True,False
Cs2CaTiF6,Ca,Ti,F,2.71678,semiconductor,False,False,0.24071,2.19504,0.94494,0.31648,4.07360,0.19185,Cs2CaTiF6,False,False,True,False
Cs2CaPdF6,Ca,Pd,F,4.06555,insulator,True,False,0.69374,1.62896,0.63588,0.36482,2.89310,0.39222,Cs2CaPdF6,False,False,True,False
Cs2NiEuF6,Ni,Eu,F,0.09988,half-metal,False,False,0.56383,2.28357,0.78103,0.73085,3.83629,0.18526,Cs2EuNiF6,False,False,False,False
Cs2NaEuF6,Na,Eu,F,5.08430,insulator,False,True,0.55756,2.90560,0.42052,2.06960,3.74161,0.02465,Cs2NaEuF6,False,False,True,False
Cs2FeAuF6,Fe,Au,F,2.68094,semiconductor,True,True,0.65532,1.32468,0.43834,0.45324,2.19613,0.59892,Cs2FeAuF6,False,False,True,False
Cs2RhHgF6,Rh,Hg,F,0.46346,semiconductor,True,False,0.31615,1.27803,0.40432,0.47423,2.08184,0.62365,Cs2HgRhF6,False,False,True,False
Cs2LiThF6,Li,Th,F,0.02286,metallic,False,True,0.80274,5.39031,1.03097,3.34070,7.43991,0.00574,Cs2LiThF6,False,False,False,False
Cs2VSrF6,V,Sr,F,3.53083,semiconductor,False,True,0.66242,2.95201,1.00035,0.96328,4.94074,0.09639,Cs2SrVF6,False,False,True,False
Cs2EuPtF6,Eu,Pt,F,0.40387,semiconductor,False,True,0.58224,0.84420,0.53490,-0.21920,1.90761,0.35525,Cs2EuPtF6,False,False,True,False
Cs2CdHgF6,Cd,Hg,F,3.76718,semiconductor,False,True,0.61909,1.87467,0.66112,0.56034,3.18900,0.30613,Cs2CdHgF6,False,False,True,False
Cs2CdYbF6,Cd,Yb,F,0.77428,semiconductor,True,True,0.33868,3.96505,0.60623,2.75984,5.17025,0.00836,Cs2YbCdF6,False,False,True,False
Cs2MnNpF6,Mn,Np,F,0.02356,metallic,False,False,0.64464,2.78839,1.17908,0.44434,5.13243,0.11614,Cs2NpMnF6,False,False,False,False
Cs2CrAmF6,Cr,Am,F,1.32749,semiconductor,False,True,0.50941,1.65814,0.94295,-0.21647,3.53275,0.27768,Cs2AmCrF6,False,False,True,True
Cs2KFeF6,K,Fe,F,5.23816,insulator,True,True,0.83918,4.02496,0.51814,2.99487,5.05505,0.00447,Cs2KFeF6,True,False,True,False
Cs2NaSmF6,Na,Sm,F,5.81274,insulator,False,True,0.96167,6.85829,0.42522,6.01293,7.70365,0.00000,Cs2NaSmF6,True,False,True,False
Cs2CuThF6,Cu,Th,F,0.46402,semiconductor,True,True,0.76142,2.60076,0.88839,0.83461,4.36690,0.13074,Cs2ThCuF6,False,False,True,False
Cs2VPbF6,V,Pb,F,2.69407,semiconductor,False,True,0.72329,3.44590,0.76748,1.92013,4.97168,0.03646,Cs2VPbF6,False,False,True,False
Cs2SrPtF6,Sr,Pt,F,3.80354,semiconductor,True,True,0.69449,2.28619,0.57859,1.13593,3.43644,0.17336,Cs2SrPtF6,False,False,True,False
Cs2CdTmF6,Cd,Tm,F,0.79691,semiconductor,True,True,0.55323,3.27162,0.48501,2.30740,4.23584,0.01570,Cs2TmCdF6,False,False,True,False
Cs2MnAuF6,Mn,Au,F,0.69386,semiconductor,False,True,0.47527,1.09533,0.61195,-0.12124,2.31190,0.43796,Cs2MnAuF6,False,False,True,False
Cs2NiNdF6,Ni,Nd,F,1.34019,semiconductor,False,True,0.89266,3.60717,0.79757,2.02159,5.19276,0.03098,Cs2NdNiF6,False,False,True,True
Cs2ZnNpF6,Zn,Np,F,2.01819,semiconductor,True,False,0.65242,3.61702,1.12930,1.37194,5.86210,0.05376,Cs2NpZnF6,False,False,True,False
Cs2MoAgF6,Mo,Ag,F,3.56367,semiconductor,False,False,0.70459,2.53907,0.73131,1.08520,3.99294,0.12930,Cs2AgMoF6,True,False,True,False
Cs2CrAuF6,Cr,Au,F,3.32567,semiconductor,False,True,0.58505,1.43217,0.68107,0.07817,2.78617,0.41307,Cs2CrAuF6,False,False,True,False
Cs2CrSmF6,Cr,Sm,F,0.13093,semiconductor,False,True,0.76521,3.24063,0.93881,1.37425,5.10701,0.06567,Cs2SmCrF6,False,False,True,False
Cs2FeNdF6,Fe,Nd,F,0.09968,half-metal,False,True,0.84428,3.27812,0.67279,1.94058,4.61565,0.03612,Cs2NdFeF6,False,False,False,False
Cs2CoNdF6,Co,Nd,F,0.80120,semiconductor,True,True,0.84584,3.16234,0.53753,2.09370,4.23097,0.02473,Cs2NdCoF6,False,False,True,False
Cs2NaPmF6,Na,Pm,F,5.87114,insulator,False,True,0.95355,6.53342,0.44665,5.64547,7.42138,0.00000,Cs2NaPmF6,False,False,True,False
Cs2NaCmF6,Na,Cm,F,6.17568,insulator,False,True,0.95969,4.59279,0.78773,3.02676,6.15882,0.00760,Cs2NaCmF6,False,False,True,False
Cs2GaAuF6,Ga,Au,F,2.83828,semiconductor,False,True,0.58201,0.86082,0.58253,-0.29728,2.01891,0.35854,Cs2GaAuF6,True,False,True,False
Cs2PtPbF6,Pt,Pb,F,2.50439,semiconductor,True,True,0.78629,1.84358,0.58271,0.68513,3.00203,0.33567,Cs2PtPbF6,False,False,True,False
Cs2InHgF6,In,Hg,F,0.02299,half-metal,True,True,0.16121,2.15451,0.67371,0.81515,3.49386,0.21472,Cs2InHgF6,True,False,False,False
Cs2KMnF6,K,Mn,F,2.38564,semiconductor,False,True,0.72545,1.94047,0.95203,0.04780,3.83314,0.23692,Cs2KMnF6,True,False,True,False
Cs2RuAgF6,Ru,Ag,F,2.73139,semiconductor,False,False,0.23877,1.60928,0.50151,0.61226,2.60631,0.47746,Cs2AgRuF6,False,False,True,False
Cs2GeNpF6,Ge,Np,F,0.87649,semiconductor,False,False,0.89412,3.88049,1.08082,1.73178,6.02920,0.03731,Cs2NpGeF6,False,False,True,False
Cs2VHgF6,V,Hg,F,1.90989,semiconductor,False,False,0.17011,1.54230,0.90238,-0.25166,3.33626,0.30765,Cs2VHgF6,False,False,True,False
Cs2AgIrF6,Ag,Ir,F,3.62267,semiconductor,False,False,0.70626,1.35141,0.39862,0.55893,2.14388,0.64348,Cs2AgIrF6,True,False,True,False
Cs2KCrF6,K,Cr,F,5.79557,insulator,False,True,0.87147,4.05333,0.96689,2.13111,5.97555,0.02481,Cs2KCrF6,True,False,True,False
Cs2NaAmF6,Na,Am,F,3.50448,semiconductor,False,True,0.80022,3.10422,0.73815,1.63675,4.57170,0.05655,Cs2NaAmF6,False,False,True,False
Cs2VAmF6,V,Am,F,1.73681,semiconductor,False,True,0.36342,0.99873,0.91749,-0.82526,2.82273,0.31524,Cs2AmVF6,False,False,True,True
Cs2KGaF6,K,Ga,F,8.75787,insulator,False,True,0.97051,5.83960,0.31772,5.20797,6.47124,0.00000,Cs2KGaF6,True,False,True,False
Cs2AgAuF6,Ag,Au,F,0.14057,semiconductor,False,True,0.32763,0.59289,0.46561,-0.33275,1.51854,0.18982,Cs2AgAuF6,True,False,True,False
Cs2PtHgF6,Pt,Hg,F,2.19267,semiconductor,False,False,0.30241,1.56158,0.43733,0.69216,2.43100,0.55022,Cs2HgPtF6,False,False,True,False
Cs2NaNdF6,Na,Nd,F,6.00129,insulator,False,True,0.97181,6.71959,0.47165,5.78195,7.65724,0.00000,Cs2NaNdF6,True,False,True,False
Cs2MnDyF6,Mn,Dy,F,0.02376,metallic,False,False,0.71996,3.29086,0.75724,1.78543,4.79628,0.04372,Cs2DyMnF6,False,False,False,False
Cs2NaInF6,Na,In,F,7.83825,insulator,False,False,0.97015,5.46451,0.37012,4.72870,6.20033,0.00008,Cs2NaInF6,True,False,True,False
Cs2MgNpF6,Mg,Np,F,0.23312,semiconductor,False,False,0.53367,5.80590,1.09021,3.63852,7.97328,0.00490,Cs2MgNpF6,False,False,True,False
Cs2TiAgF6,Ti,Ag,F,3.00682,semiconductor,False,False,0.36032,1.76796,1.02799,-0.27571,3.81163,0.24409,Cs2TiAgF6,False,False,True,False
Cs2YbPtF6,Yb,Pt,F,1.57937,semiconductor,False,False,0.69744,1.85550,0.58461,0.69327,3.01772,0.33179,Cs2YbPtF6,False,False,True,True
Cs2PKF6,P,K,F,5.49038,insulator,False,False,0.97863,3.48608,0.50475,2.48261,4.48954,0.01089,Cs2KPF6,False,False,True,False
Cs2RhAgF6,Rh,Ag,F,3.75280,semiconductor,False,False,0.71431,1.59338,0.41294,0.77244,2.41432,0.55275,Cs2AgRhF6,False,False,True,False
Cs2VAuF6,V,Au,F,2.87293,semiconductor,False,True,0.54626,1.03872,0.85553,-0.66210,2.73954,0.33677,Cs2VAuF6,False,False,True,False
Cs2VSmF6,V,Sm,F,0.69771,semiconductor,False,True,0.64670,2.72386,0.95510,0.82509,4.62263,0.11631,Cs2SmVF6,False,False,True,False
Cs2MgNdF6,Mg,Nd,F,1.34014,semiconductor,False,True,0.49454,6.85795,0.57099,5.72279,7.99310,0.00008,Cs2NdMgF6,False,False,True,True
Cs2PtAmF6,Pt,Am,F,1.37919,semiconductor,False,True,0.57057,1.31002,0.51982,0.27659,2.34344,0.53241,Cs2AmPtF6,False,False,True,True
Cs2NaPrF6,Na,Pr,F,5.00592,insulator,False,True,0.96537,6.53429,0.37573,5.78732,7.28126,0.00000,Cs2NaPrF6,True,False,True,False
Cs2AgLuF6,Ag,Lu,F,5.34682,insulator,False,True,0.92058,3.32291,0.80863,1.71534,4.93049,0.04651,Cs2LuAgF6,False,False,True,False
Cs2TiCdF6,Ti,Cd,F,1.96288,semiconductor,False,False,0.52146,3.48851,0.99736,1.50573,5.47129,0.05436,Cs2TiCdF6,False,False,True,False
Cs2ZnDyF6,Zn,Dy,F,1.02405,semiconductor,True,False,0.65264,3.93821,0.46015,3.02342,4.85301,0.00279,Cs2DyZnF6,False,False,True,True
Cs2PAuF6,P,Au,F,3.78996,semiconductor,False,False,0.95239,2.18469,0.39068,1.40801,2.96137,0.17016,Cs2PAuF6,False,False,True,False
Cs2PdCdF6,Pd,Cd,F,3.04994,semiconductor,True,False,0.39417,2.13631,0.52583,1.09094,3.18168,0.21970,Cs2CdPdF6,False,False,True,False
Cs2CuPaF6,Cu,Pa,F,0.81849,semiconductor,True,False,0.84994,2.38080,1.07691,0.23987,4.52173,0.15834,Cs2PaCuF6,False,False,True,False
Cs2VYbF6,V,Yb,F,0.88158,semiconductor,False,False,0.36162,3.18341,1.02579,1.14412,5.22271,0.07495,Cs2YbVF6,True,False,True,False
Cs2GaHgF6,Ga,Hg,F,0.31450,semiconductor,True,False,0.19500,2.22425,0.68256,0.86729,3.58121,0.19885,Cs2GaHgF6,True,False,True,False
Cs2AgYbF6,Ag,Yb,F,4.23561,insulator,False,True,0.63781,2.81154,0.60143,1.61588,4.00720,0.06803,Cs2YbAgF6,False,False,True,False
Cs2CaYbF6,Ca,Yb,F,1.06237,semiconductor,False,True,0.36540,7.21176,0.56633,6.08588,8.33765,0.00008,Cs2CaYbF6,False,False,True,True
Cs2KVF6,K,V,F,3.55840,semiconductor,False,True,0.25129,3.04383,0.98423,1.08716,5.00050,0.08440,Cs2KVF6,True,False,True,False
Cs2NaPuF6,Na,Pu,F,3.82799,semiconductor,False,True,0.89930,4.91334,0.71638,3.48915,6.33752,0.00354,Cs2NaPuF6,False,False,True,False
Cs2GeNdF6,Ge,Nd,F,0.79356,semiconductor,False,True,0.92184,4.43010,0.59652,3.24420,5.61599,0.00371,Cs2NdGeF6,False,False,True,False
Cs2CaHgF6,Ca,Hg,F,5.46701,insulator,False,True,0.78890,2.97733,0.65358,1.67800,4.27666,0.05722,Cs2CaHgF6,False,False,True,False
Cs2SmPtF6,Sm,Pt,F,1.35262,semiconductor,False,True,0.79566,2.15508,0.52598,1.10942,3.20073,0.21269,Cs2SmPtF6,False,False,True,True
Cs2CdDyF6,Cd,Dy,F,0.70478,semiconductor,True,True,0.67370,3.82591,0.43596,2.95921,4.69260,0.00279,Cs2DyCdF6,False,False,True,False
Cs2MnHgF6,Mn,Hg,F,0.33079,semiconductor,False,False,0.34072,0.57332,0.67821,-0.77499,1.92163,0.23135,Cs2MnHgF6,True,False,True,False
Cs2CuLaF6,Cu,La,F,3.49796,semiconductor,False,False,0.89315,2.61166,0.68358,1.25268,3.97065,0.11411,Cs2LaCuF6,False,False,True,False
Cs2CuBiF6,Cu,Bi,F,2.68250,semiconductor,False,False,0.88175,1.31077,0.35620,0.60264,2.01890,0.68231,Cs2CuBiF6,True,False,True,False
Cs2CaPtF6,Ca,Pt,F,3.83009,semiconductor,True,False,0.66566,2.08309,0.57602,0.93794,3.22824,0.23835,Cs2CaPtF6,False,False,True,False
Cs2BeBaF6,Be,Ba,F,9.16619,insulator,False,False,0.94644,6.90689,0.43810,6.03594,7.77784,0.00000,Cs2BaBeF6,False,False,True,False
Cs2LiPaF6,Li,Pa,F,0.83999,semiconductor,False,False,0.92811,6.06726,0.86745,4.34275,7.79177,0.00135,Cs2LiPaF6,False,False,True,False
Cs2PdAgF6,Pd,Ag,F,0.01560,half-metal,False,False,0.20332,1.53923,0.50414,0.53698,2.54148,0.50203,Cs2AgPdF6,False,False,False,False
Cs2PdThF6,Pd,Th,F,1.20873,semiconductor,False,False,0.66771,1.72053,0.95590,-0.17983,3.62088,0.26283,Cs2ThPdF6,False,False,True,True
Cs2CoNpF6,Co,Np,F,1.67570,semiconductor,True,False,0.83714,2.65656,0.86932,0.92832,4.38480,0.12188,Cs2NpCoF6,False,False,True,True
Cs2CrTmF6,Cr,Tm,F,0.90641,semiconductor,False,False,0.76829,2.96832,0.74740,1.48247,4.45417,0.07166,Cs2TmCrF6,False,False,True,False
Cs2CuUF6,Cu,U,F,0.39981,semiconductor,True,False,0.86127,2.40926,1.05981,0.30232,4.51621,0.15513,Cs2UCuF6,False,False,True,False
Cs2ZnNdF6,Zn,Nd,F,1.06587,semiconductor,True,True,0.61482,3.81371,0.53148,2.75711,4.87031,0.00734,Cs2NdZnF6,False,False,True,True
Cs2TiEuF6,Ti,Eu,F,1.70606,semiconductor,False,True,0.51081,1.65537,0.82964,0.00603,3.30472,0.31009,Cs2EuTiF6,False,False,True,True
Cs2AgTmF6,Ag,Tm,F,4.99448,insulator,False,True,0.85779,3.57586,0.50925,2.56345,4.58828,0.00928,Cs2TmAgF6,True,False,True,False
Cs2NaNpF6,Na,Np,F,2.57585,semiconductor,False,True,0.93621,5.35196,0.84285,3.67635,7.02758,0.00414,Cs2NaNpF6,False,False,True,False
Cs2NaCeF6,Na,Ce,F,4.37207,insulator,False,True,0.76820,0.52447,0.43147,-0.33331,1.38225,0.14137,Cs2NaCeF6,True,False,True,False
Cs2CaTmF6,Ca,Tm,F,0.42152,semiconductor,False,True,0.44105,6.95731,0.54156,5.88066,8.03396,0.00008,Cs2CaTmF6,False,False,True,False
Cs2LiLaF6,Li,La,F,9.36017,insulator,False,False,0.97796,6.65522,0.44464,5.77127,7.53917,0.00000,Cs2LiLaF6,False,False,True,False
Cs2BRbF6,B,Rb,F,8.91427,insulator,False,False,0.96155,6.70059,0.32728,6.04995,7.35123,0.00008,Cs2RbBF6,False,False,True,False
Cs2CaVF6,Ca,V,F,4.22029,insulator,False,False,0.65986,3.19081,1.04130,1.12067,5.26096,0.07579,Cs2CaVF6,False,False,True,False
Cs2VAgF6,V,Ag,F,3.55957,semiconductor,False,False,0.39719,1.83225,1.03196,-0.21932,3.88382,0.23818,Cs2VAgF6,True,False,True,False
Cs2MgDyF6,Mg,Dy,F,0.02236,metallic,False,False,0.56034,7.56603,0.50421,6.56364,8.56842,0.00000,Cs2DyMgF6,False,False,False,False
Cs2LiBiF6,Li,Bi,F,6.28705,insulator,False,False,0.98154,4.97671,0.30287,4.37459,5.57882,0.00000,Cs2LiBiF6,True,False,True,False
Cs2RhAuF6,Rh,Au,F,2.55552,semiconductor,False,True,0.77032,0.65316,0.37682,-0.09598,1.40230,0.18442,Cs2RhAuF6,True,False,True,False
Cs2AgTlF6,Ag,Tl,F,2.06617,semiconductor,False,True,0.47096,0.96794,0.63915,-0.30272,2.23860,0.38935,Cs2TlAgF6,True,False,True,False
Cs2AlTlF6,Al,Tl,F,6.77330,insulator,False,False,0.94640,5.41504,0.93988,3.54653,7.28356,0.00532,Cs2AlTlF6,True,False,True,False
Cs2FeHgF6,Fe,Hg,F,0.79494,semiconductor,True,False,0.36463,1.80614,0.49167,0.82868,2.78360,0.38251,Cs2FeHgF6,False,False,True,False
Cs2LiUF6,Li,U,F,2.27798,semiconductor,False,False,0.94534,5.91694,1.01952,3.89010,7.94378,0.00422,Cs2LiUF6,False,False,True,False
Cs2CrYbF6,Cr,Yb,F,0.25583,semiconductor,False,False,0.54162,3.25440,0.80025,1.66347,4.84533,0.05089,Cs2YbCrF6,False,False,True,False
Cs2SrPdF6,Sr,Pd,F,4.05572,insulator,True,True,0.70389,1.57486,0.57752,0.42672,2.72300,0.44218,Cs2SrPdF6,False,False,True,False
Cs2TiSrF6,Ti,Sr,F,2.08309,semiconductor,False,True,0.26698,1.91817,0.89988,0.12919,3.70716,0.24907,Cs2SrTiF6,False,False,True,False
Cs2MnNdF6,Mn,Nd,F,0.02420,half-metal,False,True,0.75755,3.38862,0.71341,1.97033,4.80691,0.03444,Cs2NdMnF6,False,False,False,False
Cs2TiAuF6,Ti,Au,F,1.16460,semiconductor,True,True,0.37361,1.71986,0.88136,-0.03231,3.47203,0.28317,Cs2TiAuF6,False,False,True,True
Cs2AuHgF6,Au,Hg,F,0.34095,semiconductor,False,True,0.31893,0.96359,0.46614,0.03689,1.89029,0.44033,Cs2HgAuF6,True,False,True,False
Cs2NiBaF6,Ni,Ba,F,6.34326,insulator,False,True,0.65091,3.28969,0.75079,1.79709,4.78229,0.04372,Cs2BaNiF6,False,False,True,False
Cs2AgErF6,Ag,Er,F,5.27029,insulator,False,True,0.83752,3.58657,0.49461,2.60327,4.56987,0.00852,Cs2ErAgF6,True,False,True,False
Cs2NaPdF6,Na,Pd,F,1.34902,semiconductor,False,False,0.48279,0.89411,0.46860,-0.03748,1.82570,0.39416,Cs2NaPdF6,False,False,True,True
Cs2NaSbF6,Na,Sb,F,5.51142,insulator,False,False,0.98300,4.17443,0.35000,3.47861,4.87024,0.00068,Cs2NaSbF6,True,False,True,False
Cs2CuNpF6,Cu,Np,F,2.36293,semiconductor,False,False,0.88071,2.26248,1.01492,0.24479,4.28017,0.17522,Cs2NpCuF6,False,False,True,False
Cs2CuCeF6,Cu,Ce,F,3.44949,semiconductor,False,False,0.51767,1.56308,1.05984,-0.54392,3.67007,0.26528,Cs2CeCuF6,False,False,True,False
Cs2KRhF6,K,Rh,F,4.65499,insulator,False,True,0.88563,2.11726,0.52313,1.07725,3.15726,0.22595,Cs2KRhF6,True,False,True,False
Cs2FeBaF6,Fe,Ba,F,3.54551,semiconductor,True,True,0.78766,3.78971,0.59551,2.60582,4.97360,0.01021,Cs2BaFeF6,False,False,True,False
Cs2NaUF6,Na,U,F,1.68868,semiconductor,False,True,0.95021,5.95727,0.82024,4.32660,7.58793,0.00127,Cs2NaUF6,False,False,True,True
Cs2CoBaF6,Co,Ba,F,4.92520,insulator,False,True,0.77804,3.11894,0.53589,2.05358,4.18431,0.02726,Cs2BaCoF6,False,False,True,False
Cs2IrAuF6,Ir,Au,F,2.65114,semiconductor,False,True,0.70742,0.71934,0.44235,-0.16007,1.59874,0.26350,Cs2IrAuF6,False,False,True,False
Cs2TiPbF6,Ti,Pb,F,0.02668,half-metal,False,True,0.71929,4.05837,0.85409,2.36042,5.75632,0.01781,Cs2TiPbF6,False,False,False,False
Cs2KTiF6,K,Ti,F,3.08794,semiconductor,False,True,0.21965,2.18245,0.79408,0.60379,3.76111,0.20231,Cs2KTiF6,True,False,True,False
Cs2NaBiF6,Na,Bi,F,6.50176,insulator,False,True,0.97959,4.88443,0.32082,4.24663,5.52223,0.00008,Cs2NaBiF6,True,False,True,False
Cs2YAgF6,Y,Ag,F,5.32220,insulator,False,True,0.91319,2.98966,0.80502,1.38924,4.59007,0.07723,Cs2YAgF6,True,False,True,False
Cs2CdNpF6,Cd,Np,F,1.87276,semiconductor,True,True,0.68663,3.58889,1.11972,1.36284,5.81493,0.05452,Cs2NpCdF6,False,False,True,False
Cs2PdPbF6,Pd,Pb,F,2.53107,semiconductor,True,True,0.72680,1.83357,0.54208,0.75590,2.91124,0.35255,Cs2PdPbF6,False,False,True,False
Cs2RuAuF6,Ru,Au,F,2.30625,semiconductor,True,True,0.27469,0.47726,0.47905,-0.47511,1.42964,0.14095,Cs2RuAuF6,True,False,True,False
Cs2TmYbF6,Tm,Yb,F,1.20797,semiconductor,True,True,0.35863,6.69040,0.55796,5.58115,7.79964,0.00008,Cs2YbTmF6,False,False,True,True
Cs2AgHoF6,Ag,Ho,F,5.26442,insulator,False,True,0.94745,3.82775,0.45638,2.92045,4.73506,0.00388,Cs2HoAgF6,False,False,True,False
Cs2LuHgF6,Lu,Hg,F,1.01903,semiconductor,True,True,0.23352,2.43742,0.70896,1.02798,3.84686,0.14863,Cs2LuHgF6,False,False,True,True
Cs2NaLaF6,Na,La,F,8.91877,insulator,False,True,0.97576,6.40452,0.37409,5.66082,7.14821,0.00000,Cs2NaLaF6,False,False,True,False
Cs2ZnTmF6,Zn,Tm,F,1.07679,semiconductor,True,False,0.53427,3.36405,0.48260,2.40463,4.32348,0.01266,Cs2TmZnF6,False,False,True,True
Cs2BTlF6,B,Tl,F,6.55346,insulator,False,False,0.95261,3.87831,0.67844,2.52956,5.22707,0.01190,Cs2TlBF6,False,False,True,False
Cs2NiHgF6,Ni,Hg,F,3.50224,semiconductor,False,False,0.35704,2.43242,0.68468,1.07124,3.79359,0.14635,Cs2NiHgF6,False,False,True,False
Cs2CuPuF6,Cu,Pu,F,3.04049,semiconductor,False,False,0.85613,2.43235,0.66434,1.11162,3.75307,0.14433,Cs2PuCuF6,False,False,True,False
Cs2LiNpF6,Li,Np,F,3.24472,semiconductor,False,False,0.93657,5.43230,1.05352,3.33786,7.52674,0.00625,Cs2LiNpF6,False,False,True,False
Cs2LiCeF6,Li,Ce,F,9.26143,insulator,False,False,0.87181,0.74097,0.52081,-0.29442,1.77636,0.29651,Cs2LiCeF6,True,False,True,False
Cs2NaAgF6,Na,Ag,F,2.64660,semiconductor,True,False,0.71690,1.29314,0.42529,0.44766,2.13863,0.60778,Cs2NaAgF6,False,False,True,False
Cs2GaAgF6,Ga,Ag,F,4.79497,insulator,False,False,0.70459,2.46990,0.66049,1.15682,3.78298,0.13563,Cs2GaAgF6,True,True,True,False
Cs2AsHgF6,As,Hg,F,0.01312,metallic,False,False,0.27690,2.34296,0.51582,1.31750,3.36842,0.14652,Cs2HgAsF6,True,False,False,False
Cs2AlRbF6,Al,Rb,F,9.09673,insulator,False,False,0.96416,7.43597,0.38772,6.66517,8.20677,0.00008,Cs2RbAlF6,True,False,True,False
Cs2CoDyF6,Co,Dy,F,1.81602,semiconductor,False,False,0.79513,3.13467,0.46622,2.20780,4.06154,0.01950,Cs2DyCoF6,False,False,True,False
Cs2CoHgF6,Co,Hg,F,2.20973,semiconductor,True,False,0.33346,1.77530,0.52333,0.73490,2.81570,0.38428,Cs2CoHgF6,True,False,True,False
Cs2NaScF6,Na,Sc,F,9.48970,insulator,False,False,0.96862,6.71420,0.32812,6.06188,7.36652,0.00008,Cs2NaScF6,True,False,True,False
Cs2CaCrF6,Ca,Cr,F,3.03481,semiconductor,False,False,0.69522,3.22905,0.82379,1.59133,4.86677,0.05520,Cs2CaCrF6,False,False,True,False
Cs2CrAgF6,Cr,Ag,F,4.83474,insulator,False,False,0.57755,2.31916,0.73675,0.85446,3.78385,0.17817,Cs2CrAgF6,False,True,True,False
Cs2YbHgF6,Yb,Hg,F,1.03810,semiconductor,True,True,0.40547,2.12231,0.62516,0.87946,3.36515,0.22493,Cs2YbHgF6,False,False,True,True
Cs2CuRbF6,Cu,Rb,F,3.81255,semiconductor,True,False,0.70741,0.84183,0.52356,-0.19903,1.88269,0.35517,Cs2RbCuF6,True,False,True,False
Cs2MoAuF6,Mo,Au,F,2.11556,semiconductor,False,True,0.70124,1.18062,0.69642,-0.20388,2.56512,0.41273,Cs2MoAuF6,False,False,True,False
Cs2KRuF6,K,Ru,F,2.69365,semiconductor,False,True,0.45601,1.96650,0.59021,0.79314,3.13985,0.28418,Cs2KRuF6,True,False,True,False
Cs2NaPaF6,Na,Pa,F,0.01960,metallic,False,True,0.93879,6.12567,0.63332,4.86662,7.38473,0.00042,Cs2NaPaF6,False,False,False,False
Cs2KIrF6,K,Ir,F,4.65633,insulator,False,True,0.89302,2.40952,0.38246,1.64917,3.16987,0.08769,Cs2KIrF6,False,False,True,False
Cs2MnAgF6,Mn,Ag,F,1.24125,semiconductor,False,False,0.47156,1.92028,0.71630,0.49626,3.34431,0.28055,Cs2MnAgF6,False,False,True,True
Cs2AgDyF6,Ag,Dy,F,5.15387,insulator,True,True,0.88820,3.83048,0.44310,2.94959,4.71137,0.00321,Cs2DyAgF6,False,False,True,False
Cs2LiPuF6,Li,Pu,F,3.85766,semiconductor,False,False,0.90056,5.09579,1.07606,2.95656,7.23502,0.00895,Cs2LiPuF6,False,False,True,False
Cs2CuPrF6,Cu,Pr,F,2.99872,semiconductor,False,False,0.89988,2.29984,0.59152,1.12388,3.47580,0.17075,Cs2PrCuF6,False,False,True,False
Cs2ZnHgF6,Zn,Hg,F,3.81663,semiconductor,False,False,0.64644,2.08776,0.79437,0.50852,3.66699,0.22468,Cs2ZnHgF6,False,False,True,False
Cs2GeTmF6,Ge,Tm,F,0.79274,semiconductor,False,False,0.88577,4.03437,0.51584,3.00886,5.05989,0.00422,Cs2TmGeF6,False,False,True,False
Cs2CuNdF6,Cu,Nd,F,2.78230,semiconductor,False,False,0.89817,2.29375,0.51920,1.26155,3.32595,0.16256,Cs2NdCuF6,False,False,True,False
Cs2ZnYbF6,Zn,Yb,F,0.96599,semiconductor,False,False,0.34218,4.12263,0.57753,2.97448,5.27078,0.00540,Cs2YbZnF6,False,False,True,False
Cs2CaDyF6,Ca,Dy,F,0.02052,metallic,False,True,0.49729,7.02448,0.52037,5.98997,8.05899,0.00008,Cs2CaDyF6,False,False,False,False
Cs2KMoF6,K,Mo,F,4.43382,insulator,False,True,0.91019,3.70742,0.74267,2.23098,5.18387,0.02085,Cs2KMoF6,True,False,True,False
Cs2TiAmF6,Ti,Am,F,1.72423,semiconductor,True,True,0.57489,2.16446,0.81402,0.54616,3.78277,0.20425,Cs2AmTiF6,False,False,True,True
Cs2MgBaF6,Mg,Ba,F,8.87495,insulator,False,True,0.93432,6.58461,0.50457,5.58151,7.58771,0.00008,Cs2BaMgF6,False,False,True,False
Cs2BFrF6,B,Fr,F,8.33539,insulator,False,False,0.96244,6.35759,0.48199,5.39938,7.31581,0.00008,FrCs2BF6,False,False,True,False
Cs2GeYbF6,Ge,Yb,F,0.36803,semiconductor,False,False,0.77267,4.31001,0.59347,3.13018,5.48985,0.00447,Cs2YbGeF6,False,False,True,False
Cs2CaMnF6,Ca,Mn,F,6.02888,insulator,False,False,0.64710,4.01276,0.77020,2.48158,5.54394,0.01511,Cs2CaMnF6,True,False,True,False
Cs2CdPtF6,Cd,Pt,F,2.68603,semiconductor,True,False,0.35166,1.86821,0.50852,0.85726,2.87916,0.34462,Cs2CdPtF6,False,False,True,False
Cs2GeHgF6,Ge,Hg,F,1.88372,semiconductor,False,False,0.63439,3.25772,0.47092,2.32152,4.19391,0.01452,Cs2HgGeF6,False,False,True,False
Cs2LiPrF6,Li,Pr,F,5.09646,insulator,False,False,0.97160,6.90860,0.45812,5.99784,7.81937,0.00000,Cs2LiPrF6,True,False,True,False
Cs2MgTmF6,Mg,Tm,F,0.02346,metallic,False,False,0.47701,7.39923,0.50870,6.38792,8.41053,0.00000,Cs2TmMgF6,False,False,False,False
Cs2AgTbF6,Ag,Tb,F,4.64971,insulator,True,True,0.86233,2.81231,0.52086,1.77683,3.84779,0.05326,Cs2TbAgF6,False,False,True,False
Cs2HgTlF6,Hg,Tl,F,0.01486,metallic,False,True,0.16684,2.39573,0.56201,1.27844,3.51302,0.14137,Cs2TlHgF6,True,False,False,False
Cs2CoTlF6,Co,Tl,F,4.03730,insulator,False,True,0.59749,2.80610,0.54398,1.72465,3.88755,0.05900,Cs2TlCoF6,True,False,True,False
Cs2CuAmF6,Cu,Am,F,1.42915,semiconductor,False,False,0.59454,1.21452,0.48502,0.25029,2.17876,0.54516,Cs2AmCuF6,False,False,True,True
Cs2LiNdF6,Li,Nd,F,5.99421,insulator,False,False,0.97411,7.00476,0.42318,6.16347,7.84604,0.00000,Cs2LiNdF6,True,False,True,False
Cs2GeBaF6,Ge,Ba,F,5.34218,insulator,False,True,0.95055,4.95899,0.53939,3.88667,6.03131,0.00110,Cs2BaGeF6,False,False,True,False
Cs2AsTlF6,As,Tl,F,3.52256,semiconductor,False,True,0.93486,2.92050,0.59178,1.74402,4.09698,0.05309,Cs2TlAsF6,True,False,True,False
Cs2NiTlF6,Ni,Tl,F,0.03091,half-metal,False,True,0.39184,3.11524,0.76624,1.59194,4.63855,0.05849,Cs2TlNiF6,False,False,False,False
Cs2TiSmF6,Ti,Sm,F,1.18841,semiconductor,False,True,0.68341,3.25533,0.78183,1.70104,4.80963,0.04921,Cs2SmTiF6,False,False,True,True
Cs2ErHgF6,Er,Hg,F,1.04708,semiconductor,True,True,0.40775,2.17881,0.55604,1.07338,3.28424,0.20721,Cs2ErHgF6,False,False,True,True
Cs2VNdF6,V,Nd,F,0.88471,semiconductor,False,True,0.71702,2.58320,0.89960,0.79477,4.37163,0.13302,Cs2NdVF6,False,False,True,False
Cs2CuBaF6,Cu,Ba,F,3.61389,semiconductor,False,True,0.67421,1.84624,0.52237,0.80776,2.88473,0.35280,Cs2BaCuF6,False,False,True,False
Cs2MgYbF6,Mg,Yb,F,0.31501,semiconductor,False,False,0.31235,7.38015,0.54815,6.29041,8.46989,0.00008,Cs2YbMgF6,False,False,True,False
Cs2CaZnF6,Ca,Zn,F,8.40798,insulator,False,False,0.85926,5.55826,0.61458,4.33646,6.78006,0.00093,Cs2CaZnF6,False,False,True,False
Cs2VCdF6,V,Cd,F,2.30584,semiconductor,False,False,0.42093,3.03902,0.93747,1.17530,4.90274,0.08229,Cs2VCdF6,False,False,True,False
Cs2NaNbF6,Na,Nb,F,2.10724,semiconductor,False,False,0.15854,2.76115,1.10573,0.56293,4.95938,0.11648,Cs2NaNbF6,False,False,True,False
Cs2MgHgF6,Mg,Hg,F,5.16581,insulator,False,False,0.83400,2.63692,0.85391,0.93932,4.33452,0.12323,Cs2MgHgF6,False,False,True,False
Cs2CuPmF6,Cu,Pm,F,2.16378,semiconductor,False,False,0.88674,2.46321,0.58121,1.30774,3.61869,0.12981,Cs2PmCuF6,False,False,True,False
Cs2AgPtF6,Ag,Pt,F,0.47978,semiconductor,False,False,0.32240,1.45683,0.46397,0.53445,2.37921,0.56533,Cs2AgPtF6,False,False,True,False
Cs2CuCmF6,Cu,Cm,F,3.13041,semiconductor,False,False,0.87251,2.60674,0.92906,0.75974,4.45373,0.13074,Cs2CmCuF6,False,False,True,False
Cs2NaTaF6,Na,Ta,F,1.80301,semiconductor,False,False,0.20536,2.62791,1.26381,0.11542,5.14040,0.12981,Cs2NaTaF6,True,False,True,False
Cs2BeNdF6,Be,Nd,F,2.34949,semiconductor,False,False,0.55356,7.08137,0.54578,5.99635,8.16639,0.00008,Cs2NdBeF6,False,False,True,False
Cs2LiAmF6,Li,Am,F,3.52062,semiconductor,False,False,0.76827,3.23662,0.99606,1.25642,5.21681,0.06972,Cs2LiAmF6,False,False,True,False
Cs2AgGdF6,Ag,Gd,F,5.15283,insulator,False,True,0.88014,2.55575,0.90403,0.75851,4.35299,0.13758,Cs2GdAgF6,False,False,True,False
Cs2DyYbF6,Dy,Yb,F,0.41410,semiconductor,True,True,0.39574,6.86573,0.54605,5.78017,7.95129,0.00008,Cs2YbDyF6,False,False,True,False
Cs2YHgF6,Y,Hg,F,1.11584,semiconductor,True,True,0.22395,2.49438,0.72773,1.04764,3.94112,0.13749,Cs2YHgF6,True,False,True,True
Cs2NbAuF6,Nb,Au,F,0.86468,semiconductor,False,True,0.41845,0.31695,0.91667,-1.50543,2.13933,0.17210,Cs2NbAuF6,True,False,True,False
Cs2ZnBaF6,Zn,Ba,F,7.48616,insulator,False,True,0.89321,5.26636,0.69007,3.89448,6.63824,0.00143,Cs2BaZnF6,False,False,True,False
Cs2NdPtF6,Nd,Pt,F,2.03229,semiconductor,True,True,0.85496,2.18567,0.49270,1.20617,3.16517,0.19851,Cs2NdPtF6,False,False,True,False
Cs2TaAuF6,Ta,Au,F,1.68557,semiconductor,False,True,0.62372,1.02325,0.83020,-0.62722,2.67372,0.34301,Cs2TaAuF6,True,False,True,True
Cs2HoHgF6,Ho,Hg,F,1.09807,semiconductor,True,True,0.38913,2.38771,0.56006,1.27429,3.50113,0.14281,Cs2HoHgF6,False,False,True,True
Cs2CaGeF6,Ca,Ge,F,6.09048,insulator,False,False,0.94870,5.08087,0.64415,3.80028,6.36146,0.00135,Cs2CaGeF6,False,False,True,False
Cs2CuHgF6,Cu,Hg,F,2.20756,semiconductor,False,False,0.28507,1.27300,0.48278,0.31322,2.23279,0.55866,Cs2CuHgF6,True,False,True,False
Cs2LiCmF6,Li,Cm,F,6.82954,insulator,False,False,0.95262,4.70845,1.08585,2.54975,6.86714,0.01578,Cs2LiCmF6,False,False,True,False
Cs2CaCuF6,Ca,Cu,F,3.71320,semiconductor,False,False,0.61475,1.93144,0.58879,0.76091,3.10196,0.29904,Cs2CaCuF6,False,False,True,False
Cs2AsAgF6,As,Ag,F,3.94343,semiconductor,False,False,0.92498,2.31124,0.38851,1.53888,3.08360,0.11994,Cs2AgAsF6,True,False,True,False
Cs2LiPmF6,Li,Pm,F,5.83537,insulator,False,False,0.95154,6.68583,0.52677,5.63860,7.73306,0.00008,Cs2LiPmF6,False,False,True,False
Cs2CuSmF6,Cu,Sm,F,1.59730,semiconductor,False,False,0.85113,2.44913,0.55514,1.34549,3.55276,0.12762,Cs2SmCuF6,False,False,True,True
Cs2CoTmF6,Co,Tm,F,0.81721,semiconductor,False,False,0.82615,3.17811,0.42480,2.33359,4.02263,0.01308,Cs2TmCoF6,False,False,True,False
Cs2AgEuF6,Ag,Eu,F,2.77874,semiconductor,False,True,0.58476,1.29317,0.57963,0.14085,2.44549,0.49114,Cs2EuAgF6,False,False,True,False
Cs2AlHgF6,Al,Hg,F,0.87647,semiconductor,True,False,0.24976,3.51873,0.93549,1.65896,5.37851,0.04516,Cs2AlHgF6,True,False,True,False
Cs2CoRbF6,Co,Rb,F,5.25867,insulator,False,True,0.91874,2.78848,0.44410,1.90559,3.67138,0.04077,Cs2RbCoF6,False,False,True,False
Cs2FeTlF6,Fe,Tl,F,3.62826,semiconductor,True,True,0.61460,2.98993,0.49834,1.99921,3.98065,0.03038,Cs2TlFeF6,True,False,True,False
Cs2KNbF6,K,Nb,F,2.10836,semiconductor,False,True,0.16158,2.83515,1.08737,0.67343,4.99688,0.10829,Cs2KNbF6,False,False,True,False
Cs2NiRbF6,Ni,Rb,F,2.07981,semiconductor,False,True,0.62826,2.00087,0.62093,0.76645,3.23529,0.26764,Cs2RbNiF6,False,False,True,False
Cs2MnBaF6,Mn,Ba,F,4.82859,insulator,False,True,0.66881,3.49073,0.82411,1.85237,5.12908,0.03866,Cs2BaMnF6,False,False,True,False
Cs2CaNpF6,Ca,Np,F,0.02042,metallic,False,True,0.46137,6.09945,0.85884,4.39204,7.80686,0.00127,Cs2CaNpF6,False,False,False,False
Cs2KTaF6,K,Ta,F,1.69629,semiconductor,False,True,0.21590,2.56161,1.19988,0.17620,4.94701,0.13766,Cs2KTaF6,True,False,True,True
Cs2AsRbF6,As,Rb,F,5.88876,insulator,False,True,0.98182,4.35182,0.37655,3.60323,5.10042,0.00068,Cs2RbAsF6,True,False,True,False
Cs2DyHgF6,Dy,Hg,F,1.06046,semiconductor,True,True,0.45238,2.42888,0.51197,1.41106,3.44669,0.12120,Cs2DyHgF6,False,False,True,True
Cs2NiTmF6,Ni,Tm,F,0.83100,semiconductor,False,False,0.76162,3.17536,0.66091,1.86144,4.48928,0.04186,Cs2TmNiF6,False,False,True,False
Cs2MgCaF6,Mg,Ca,F,9.66965,insulator,False,False,0.92853,6.81665,0.48840,5.84570,7.78760,0.00000,Cs2CaMgF6,False,False,True,False
Cs2LiSmF6,Li,Sm,F,5.70866,insulator,False,False,0.96362,6.88044,0.55617,5.77476,7.98611,0.00008,Cs2LiSmF6,False,False,True,False
Cs2CoYbF6,Co,Yb,F,0.24802,semiconductor,False,False,0.63223,3.12575,0.53522,2.06172,4.18978,0.02692,Cs2YbCoF6,False,False,True,False
Cs2CuEuF6,Cu,Eu,F,0.71892,semiconductor,False,False,0.54393,0.94464,0.58984,-0.22798,2.11726,0.39441,Cs2EuCuF6,False,False,True,False
Cs2FeYbF6,Fe,Yb,F,0.02342,half-metal,False,False,0.66412,3.31706,0.61597,2.09250,4.54163,0.02549,Cs2YbFeF6,False,False,False,False
Cs2CrCdF6,Cr,Cd,F,0.63294,semiconductor,True,False,0.55991,2.62717,0.73958,1.15687,4.09748,0.11614,Cs2CrCdF6,False,False,True,False
Cs2AgSmF6,Ag,Sm,F,3.75210,semiconductor,False,True,0.89328,2.77538,0.55221,1.67756,3.87320,0.06457,Cs2SmAgF6,False,False,True,False
Cs2NiYbF6,Ni,Yb,F,0.37252,semiconductor,False,False,0.61337,3.34390,0.73161,1.88943,4.79837,0.03883,Cs2YbNiF6,False,False,True,False
Cs2PdAcF6,Pd,Ac,F,2.57415,semiconductor,False,False,0.68266,1.77738,0.83168,0.12396,3.43079,0.28866,Cs2AcPdF6,False,False,True,False
Cs2NaMoF6,Na,Mo,F,4.50005,insulator,True,False,0.90466,3.46036,0.75523,1.95894,4.96178,0.03418,Cs2NaMoF6,True,False,True,False
Cs2MnTlF6,Mn,Tl,F,1.05334,semiconductor,False,True,0.43145,3.34432,0.75366,1.84602,4.84263,0.04085,Cs2MnTlF6,False,False,True,True
Cs2CuGdF6,Cu,Gd,F,3.69972,semiconductor,False,False,0.86223,2.52121,0.97433,0.58422,4.45821,0.14593,Cs2GdCuF6,False,False,True,False
Cs2CrBaF6,Cr,Ba,F,2.57172,semiconductor,False,True,0.73532,2.96242,0.76194,1.44765,4.47718,0.07419,Cs2BaCrF6,False,False,True,False
Cs2ScAuF6,Sc,Au,F,3.76565,semiconductor,False,True,0.92183,1.93809,0.76731,0.41265,3.46353,0.26629,Cs2ScAuF6,True,False,True,False
Cs2CrTlF6,Cr,Tl,F,5.42370,insulator,False,True,0.66219,4.00758,0.68324,2.64928,5.36588,0.01047,Cs2TlCrF6,True,False,True,False
Cs2LiEuF6,Li,Eu,F,4.93933,insulator,False,False,0.56985,2.73762,0.48617,1.77110,3.70415,0.05469,Cs2LiEuF6,False,False,True,False
Cs2FeRbF6,Fe,Rb,F,5.16524,insulator,True,True,0.84135,3.20470,0.58215,2.04737,4.36203,0.02743,Cs2RbFeF6,True,False,True,False
Cs2SrAgF6,Sr,Ag,F,1.54945,semiconductor,False,True,0.73875,2.13683,0.54838,1.04663,3.22702,0.22088,Cs2SrAgF6,False,False,True,True
Cs2AgPmF6,Ag,Pm,F,4.35835,insulator,False,True,0.89844,2.53363,0.57918,1.38220,3.68506,0.11166,Cs2PmAgF6,False,False,True,False
Cs2CdEuF6,Cd,Eu,F,0.12801,semiconductor,False,True,0.20635,2.86541,0.61393,1.64490,4.08593,0.06431,Cs2EuCdF6,False,False,True,False
Cs2AgCmF6,Ag,Cm,F,4.44178,insulator,False,True,0.87045,2.56011,0.87234,0.82587,4.29436,0.13597,Cs2CmAgF6,False,False,True,False
Cs2GaTlF6,Ga,Tl,F,6.06726,insulator,False,True,0.94970,4.39906,0.59187,3.22240,5.57571,0.00388,Cs2TlGaF6,True,False,True,False
Cs2NaIrF6,Na,Ir,F,4.43348,insulator,False,False,0.89794,2.42599,0.40095,1.62888,3.22310,0.08980,Cs2NaIrF6,True,False,True,False
Cs2NaRuF6,Na,Ru,F,2.55769,semiconductor,False,False,0.44618,2.14455,0.48724,1.17590,3.11319,0.21531,Cs2NaRuF6,True,False,True,False
Cs2MnCdF6,Mn,Cd,F,3.90399,semiconductor,False,False,0.53959,3.07023,0.67352,1.73125,4.40921,0.05157,Cs2MnCdF6,False,False,True,False
Cs2LiGdF6,Li,Gd,F,4.70642,insulator,True,False,0.95209,5.53831,0.65053,4.24504,6.83159,0.00101,Cs2LiGdF6,False,False,True,False
Cs2CaCoF6,Ca,Co,F,4.96490,insulator,False,False,0.76730,3.23847,0.55549,2.13415,4.34280,0.02296,Cs2CaCoF6,False,False,True,False
Cs2KScF6,K,Sc,F,9.30966,insulator,False,True,0.97228,6.55573,0.47112,5.61912,7.49234,0.00008,Cs2KScF6,True,False,True,False
Cs2AgAmF6,Ag,Am,F,3.24345,semiconductor,False,True,0.59011,1.20141,0.47640,0.25432,2.14850,0.54727,Cs2AmAgF6,False,False,True,False
Cs2CaFeF6,Ca,Fe,F,4.00040,insulator,False,False,0.76870,3.94827,0.60857,2.73842,5.15813,0.00878,Cs2CaFeF6,False,False,True,False
Cs2GdHgF6,Gd,Hg,F,1.07112,semiconductor,True,True,0.35703,1.99742,0.98797,0.03330,3.96154,0.22071,Cs2GdHgF6,False,False,True,True
Cs2CuTbF6,Cu,Tb,F,3.76130,semiconductor,False,False,0.84406,2.79782,0.55926,1.68599,3.90965,0.06229,Cs2TbCuF6,False,False,True,False
Cs2SrCdF6,Sr,Cd,F,7.26288,insulator,False,True,0.89225,5.36817,0.59152,4.19220,6.54413,0.00101,Cs2SrCdF6,False,False,True,False
Cs2KAgF6,K,Ag,F,2.81647,semiconductor,True,True,0.76420,0.97936,0.50752,-0.02960,1.98833,0.43535,Cs2KAgF6,True,False,True,False
Cs2SbAuF6,Sb,Au,F,2.17168,semiconductor,False,True,0.93920,0.91864,0.37926,0.16467,1.67261,0.41855,Cs2SbAuF6,True,False,True,False
Cs2AgPbF6,Ag,Pb,F,0.01522,metallic,False,True,0.70817,2.28941,0.51608,1.26343,3.31539,0.16349,Cs2AgPbF6,False,False,False,False
Cs2CaNiF6,Ca,Ni,F,6.31590,insulator,False,False,0.59939,3.63411,0.73427,2.17435,5.09386,0.02211,Cs2CaNiF6,False,False,True,False
Cs2ZnCdF6,Zn,Cd,F,5.80582,insulator,False,False,0.74890,4.35810,0.68006,3.00612,5.71008,0.00675,Cs2ZnCdF6,False,False,True,False
Cs2NaTiF6,Na,Ti,F,3.09266,semiconductor,False,False,0.22619,2.16551,0.70147,0.77097,3.56006,0.21126,Cs2NaTiF6,True,False,True,False
Cs2MnRbF6,Mn,Rb,F,2.34848,semiconductor,False,True,0.74281,1.90169,0.95726,-0.00138,3.80476,0.24291,Cs2RbMnF6,False,False,True,False
Cs2AgNdF6,Ag,Nd,F,5.05765,insulator,True,True,0.93054,3.13673,0.57181,1.99995,4.27351,0.03106,Cs2NdAgF6,True,False,True,False
Cs2CrRbF6,Cr,Rb,F,5.82556,insulator,False,True,0.86649,3.68871,0.96206,1.77610,5.60132,0.03899,Cs2RbCrF6,False,False,True,False
Cs2NaRhF6,Na,Rh,F,4.42972,insulator,False,False,0.88802,2.20143,0.40733,1.39165,3.01121,0.16821,Cs2NaRhF6,True,False,True,False
Cs2AlAgF6,Al,Ag,F,5.69756,insulator,False,False,0.70789,3.28346,1.03193,1.23194,5.33497,0.06870,Cs2AlAgF6,True,False,True,False
Cs2EuHgF6,Eu,Hg,F,1.03045,semiconductor,True,True,0.10921,1.27045,0.62542,0.02710,2.51381,0.45932,Cs2EuHgF6,False,False,True,True
Cs2LiTbF6,Li,Tb,F,6.46643,insulator,False,False,0.93570,7.02778,0.50534,6.02315,8.03242,0.00000,Cs2LiTbF6,False,False,True,False
Cs2CuDyF6,Cu,Dy,F,3.74255,semiconductor,False,False,0.86778,3.90150,0.48371,2.93986,4.86313,0.00430,Cs2DyCuF6,False,False,True,False
Cs2AgPrF6,Ag,Pr,F,4.63826,insulator,False,True,0.91797,3.14014,0.60298,1.94140,4.33887,0.03646,Cs2PrAgF6,True,False,True,False
Cs2NaAcF6,Na,Ac,F,8.22397,insulator,False,True,0.97507,6.13004,0.62683,4.88389,7.37620,0.00042,Cs2NaAcF6,False,False,True,False
Cs2GaRbF6,Ga,Rb,F,8.60084,insulator,False,True,0.97067,5.84864,0.24969,5.35225,6.34503,0.00000,Cs2RbGaF6,True,False,True,False
Cs2VBaF6,V,Ba,F,2.87738,semiconductor,False,True,0.67464,3.05688,1.09376,0.88245,5.23130,0.09090,Cs2BaVF6,False,False,True,False
Cs2KSbF6,K,Sb,F,5.42681,insulator,False,True,0.98473,4.07951,0.36407,3.35572,4.80329,0.00101,Cs2KSbF6,True,False,True,False
Cs2VTlF6,V,Tl,F,3.56027,semiconductor,False,True,0.48907,3.71765,0.71292,2.30033,5.13496,0.01933,Cs2TlVF6,True,False,True,False
Cs2KPdF6,K,Pd,F,1.48093,semiconductor,False,True,0.54791,0.67456,0.52512,-0.36940,1.71853,0.25793,Cs2KPdF6,True,False,True,True
Cs2CdPbF6,Cd,Pb,F,5.18653,insulator,False,True,0.67223,4.05922,0.58438,2.89744,5.22099,0.00658,Cs2CdPbF6,True,False,True,False
Cs2ZnAgF6,Zn,Ag,F,0.67452,semiconductor,False,False,0.38822,2.51684,0.58274,1.35833,3.67535,0.11580,Cs2ZnAgF6,False,False,True,False
Cs2CuCdF6,Cu,Cd,F,2.94472,semiconductor,False,False,0.27411,2.08161,0.56399,0.96038,3.20285,0.24012,Cs2CdCuF6,False,False,True,False
Cs2GeCdF6,Ge,Cd,F,4.35199,insulator,False,False,0.83304,4.03116,0.65158,2.73581,5.32652,0.00912,Cs2CdGeF6,False,False,True,False
Cs2NRbF6,N,Rb,F,4.39292,insulator,False,False,0.97845,2.87866,0.50318,1.87832,3.87900,0.04296,Cs2RbNF6,True,False,True,False
Cs2SmHgF6,Sm,Hg,F,1.08327,semiconductor,True,True,0.46080,2.08073,0.64948,0.78953,3.37192,0.23827,Cs2SmHgF6,False,False,True,True
Cs2LiDyF6,Li,Dy,F,6.38624,insulator,False,False,0.94221,7.34382,0.42767,6.49361,8.19404,0.00000,Cs2LiDyF6,False,False,True,False
Cs2TiNdF6,Ti,Nd,F,0.44394,semiconductor,False,True,0.77574,3.07343,0.73339,1.61542,4.53144,0.05883,Cs2NdTiF6,False,False,True,False
Cs2BaPtF6,Ba,Pt,F,3.67189,semiconductor,True,True,0.69694,2.35112,0.55130,1.25511,3.44713,0.15100,Cs2BaPtF6,False,False,True,False
Cs2CuHoF6,Cu,Ho,F,3.84124,semiconductor,False,False,0.93864,3.79589,0.47708,2.84744,4.74434,0.00506,Cs2HoCuF6,False,False,True,False
Cs2BeSmF6,Be,Sm,F,0.01990,half-metal,False,False,0.54956,7.48389,0.67224,6.14746,8.82032,0.00000,Cs2SmBeF6,False,False,False,False
Cs2MgCdF6,Mg,Cd,F,7.32713,insulator,False,False,0.89437,5.39430,0.70210,3.99850,6.79010,0.00127,Cs2MgCdF6,False,False,True,False
Cs2GeAgF6,Ge,Ag,F,0.01654,metallic,False,False,0.81810,2.55337,0.54200,1.47587,3.63088,0.09985,Cs2AgGeF6,False,False,False,False
Cs2CuAgF6,Cu,Ag,F,0.61675,semiconductor,True,False,0.15420,1.17362,0.57639,0.02773,2.31951,0.47637,Cs2CuAgF6,False,False,True,False
Cs2CuYF6,Cu,Y,F,3.85869,semiconductor,False,False,0.90892,2.17637,0.83684,0.51269,3.84004,0.20046,Cs2YCuF6,True,False,True,False
Cs2PmHgF6,Pm,Hg,F,1.05963,semiconductor,True,True,0.28098,1.81708,0.57760,0.66878,2.96537,0.34833,Cs2PmHgF6,False,False,True,True
Cs2AgNpF6,Ag,Np,F,1.38706,semiconductor,False,True,0.90026,2.75680,1.04672,0.67588,4.83771,0.11690,Cs2NpAgF6,False,False,True,True
Cs2HgCmF6,Hg,Cm,F,0.97546,semiconductor,True,True,0.41226,2.08948,1.00863,0.08429,4.09467,0.20273,Cs2CmHgF6,False,False,True,False
Cs2VRbF6,V,Rb,F,3.57345,semiconductor,False,True,0.25701,2.80929,0.98623,0.84863,4.76994,0.10795,Cs2RbVF6,False,False,True,False
Cs2CdAmF6,Cd,Am,F,0.04328,half-metal,True,True,0.25852,1.92604,0.57377,0.78537,3.06671,0.30376,Cs2AmCdF6,False,False,False,False
Cs2AgCeF6,Ag,Ce,F,3.34615,semiconductor,False,True,0.59031,2.17905,1.06327,0.06523,4.29286,0.18442,Cs2CeAgF6,True,False,True,False
Cs2LiHoF6,Li,Ho,F,7.45744,insulator,False,False,0.97186,7.23789,0.38543,6.47164,8.00415,0.00008,Cs2LiHoF6,False,False,True,False
Cs2CuErF6,Cu,Er,F,3.40704,semiconductor,False,False,0.80487,3.56069,0.49923,2.56820,4.55317,0.00945,Cs2ErCuF6,False,False,True,False
Cs2PdPtF6,Pd,Pt,F,0.67994,semiconductor,False,False,0.31135,1.08727,0.47830,0.13640,2.03814,0.49958,Cs2PdPtF6,False,False,True,False
Cs2NTlF6,N,Tl,F,2.17667,semiconductor,False,False,0.91691,3.09879,0.68894,1.72915,4.46843,0.05081,Cs2TlNF6,False,False,True,False
Cs2LiYF6,Li,Y,F,9.82035,insulator,False,False,0.96732,7.02545,0.41232,6.20575,7.84514,0.00000,Cs2LiYF6,True,False,True,False
Cs2TiPtF6,Ti,Pt,F,1.04577,semiconductor,True,False,0.75714,2.04190,0.89473,0.26315,3.82066,0.22341,Cs2TiPtF6,False,False,True,True
Cs2MgAgF6,Mg,Ag,F,1.29476,semiconductor,False,False,0.66160,2.14508,0.63692,0.87885,3.41130,0.21877,Cs2MgAgF6,False,False,True,True
Cs2NaVF6,Na,V,F,3.54359,semiconductor,False,False,0.26366,3.01664,0.74450,1.53654,4.49673,0.06457,Cs2NaVF6,True,False,True,False
Cs2BeAmF6,Be,Am,F,2.71292,semiconductor,False,False,0.26321,2.62669,0.74981,1.13606,4.11733,0.11799,Cs2AmBeF6,False,False,True,False
Cs2RhTlF6,Rh,Tl,F,4.35617,insulator,False,True,0.64504,1.84639,0.62458,0.60471,3.08807,0.32394,Cs2TlRhF6,True,False,True,False
Cs2HgAmF6,Hg,Am,F,0.65763,semiconductor,False,True,0.19463,0.79485,0.60734,-0.41257,2.00226,0.32233,Cs2AmHgF6,False,False,True,False
Cs2CuTlF6,Cu,Tl,F,0.01548,metallic,False,False,0.31709,0.73304,0.59921,-0.45822,1.92430,0.29549,Cs2TlCuF6,True,False,False,False
Cs2TiTlF6,Ti,Tl,F,3.01748,semiconductor,False,True,0.51692,4.24961,0.82206,2.61533,5.88390,0.01274,Cs2TiTlF6,False,False,True,False
Cs2NiRaF6,Ni,Ra,F,6.37485,insulator,False,True,0.67049,3.09845,0.82071,1.46685,4.73006,0.06744,Cs2RaNiF6,False,False,True,False
Cs2CdSmF6,Cd,Sm,F,0.83499,semiconductor,True,True,0.67411,3.66728,0.63425,2.40636,4.92819,0.01477,Cs2SmCdF6,False,False,True,False
Cs2InAuF6,In,Au,F,2.37221,semiconductor,False,True,0.62180,0.63632,0.54691,-0.45096,1.72359,0.24063,Cs2InAuF6,True,False,True,False
Cs2CaEuF6,Ca,Eu,F,1.69331,semiconductor,False,True,0.15235,2.92092,0.72125,1.48705,4.35478,0.07301,Cs2CaEuF6,False,False,True,True
Cs2LiErF6,Li,Er,F,7.36339,insulator,False,False,0.93372,7.09944,0.35176,6.40013,7.79874,0.00008,Cs2LiErF6,False,False,True,False
Cs2BKF6,B,K,F,9.07855,insulator,False,False,0.95982,6.35969,0.33717,5.68938,7.02999,0.00000,Cs2KBF6,False,False,True,False
Cs2CuTmF6,Cu,Tm,F,2.68373,semiconductor,False,False,0.84361,3.37977,0.51013,2.36561,4.39393,0.01401,Cs2TmCuF6,False,False,True,False
Cs2TiVF6,Ti,V,F,2.95703,semiconductor,False,False,0.51745,2.55822,0.93882,0.69183,4.42462,0.13960,Cs2TiVF6,False,False,True,False
Cs2CoCdF6,Co,Cd,F,4.27908,insulator,True,False,0.55188,3.36363,0.46181,2.44554,4.28172,0.01089,Cs2CdCoF6,False,False,True,False
Cs2NdHgF6,Nd,Hg,F,1.05487,semiconductor,True,True,0.39518,2.20189,0.59035,1.02826,3.37552,0.20248,Cs2NdHgF6,False,False,True,True
Cs2FeRaF6,Fe,Ra,F,2.59153,semiconductor,True,True,0.79313,3.41515,0.56600,2.28993,4.54037,0.01789,Cs2RaFeF6,False,False,True,False
Cs2LiTlF6,Li,Tl,F,5.45931,insulator,False,False,0.95338,3.60589,0.39189,2.82680,4.38497,0.00338,Cs2LiTlF6,True,False,True,False
Cs2FeCdF6,Fe,Cd,F,2.66827,semiconductor,True,False,0.62514,3.26503,0.48518,2.30048,4.22958,0.01621,Cs2CdFeF6,False,False,True,False
Cs2CoRaF6,Co,Ra,F,4.94086,insulator,False,True,0.79874,3.03526,0.47945,2.08210,3.98843,0.02465,Cs2RaCoF6,False,False,True,False
Cs2PrHgF6,Pr,Hg,F,1.06041,semiconductor,True,True,0.25028,2.59276,0.64346,1.31354,3.87198,0.11133,Cs2PrHgF6,False,False,True,True
Cs2KInF6,K,In,F,7.86568,insulator,False,True,0.96754,5.35500,0.36356,4.63223,6.07778,0.00008,Cs2KInF6,True,False,True,False
Cs2IrTlF6,Ir,Tl,F,4.21381,insulator,False,True,0.42552,2.01735,0.66263,0.70002,3.33467,0.25793,Cs2TlIrF6,False,False,True,False
Cs2AgBiF6,Ag,Bi,F,4.29582,insulator,False,True,0.92278,2.71960,0.33974,2.04418,3.39503,0.02541,Cs2AgBiF6,True,True,True,False
Cs2RuTlF6,Ru,Tl,F,2.72099,semiconductor,False,True,0.47203,1.02487,0.72634,-0.41912,2.46887,0.37584,Cs2TlRuF6,True,False,True,False
Cs2CaSrF6,Ca,Sr,F,8.94514,insulator,False,True,0.91858,6.62508,0.48173,5.66738,7.58279,0.00008,Cs2SrCaF6,False,False,True,False
Cs2BePbF6,Be,Pb,F,6.44822,insulator,False,False,0.88663,4.79543,0.50319,3.79506,5.79579,0.00101,Cs2BePbF6,False,False,True,False
Cs2LiTmF6,Li,Tm,F,7.07983,insulator,False,False,0.91261,7.11480,0.41498,6.28982,7.93979,0.00000,Cs2LiTmF6,False,False,True,False
Cs2NiCdF6,Ni,Cd,F,5.53526,insulator,True,False,0.38791,3.66270,0.69619,2.27865,5.04675,0.01958,Cs2CdNiF6,False,False,True,False
Cs2NaGaF6,Na,Ga,F,8.50948,insulator,False,False,0.97122,5.78665,0.27224,5.24544,6.32787,0.00008,Cs2NaGaF6,True,False,True,False
Cs2BAuF6,B,Au,F,3.15109,semiconductor,False,False,0.68304,2.55966,0.68179,1.20424,3.91507,0.12221,Cs2BAuF6,False,False,True,False
Cs2AgLaF6,Ag,La,F,4.99293,insulator,False,True,0.92168,3.03285,0.68471,1.67162,4.39407,0.05630,Cs2LaAgF6,False,False,True,False
Cs2CuYbF6,Cu,Yb,F,1.96116,semiconductor,False,False,0.61367,2.50251,0.58877,1.33201,3.67302,0.12162,Cs2YbCuF6,False,False,True,False
Cs2CoAgF6,Co,Ag,F,3.71706,semiconductor,False,False,0.73281,1.99018,0.49834,0.99947,2.98090,0.28174,Cs2CoAgF6,True,False,True,False
Cs2RbRhF6,Rb,Rh,F,4.70733,insulator,False,True,0.88295,2.12787,0.51495,1.10414,3.15160,0.22240,Cs2RbRhF6,False,False,True,False
Cs2NaCrF6,Na,Cr,F,5.57264,insulator,False,False,0.86574,4.05963,0.61094,2.84507,5.27419,0.00734,Cs2NaCrF6,True,False,True,False
Cs2FeAgF6,Fe,Ag,F,3.42958,semiconductor,True,False,0.60668,2.05521,0.60643,0.84960,3.26082,0.24848,Cs2FeAgF6,False,True,True,False
Cs2NaMnF6,Na,Mn,F,2.30320,semiconductor,False,False,0.70687,2.28735,0.88112,0.53565,4.03904,0.17885,Cs2NaMnF6,True,False,True,False
Cs2EuYbF6,Eu,Yb,F,0.69493,semiconductor,False,True,0.08906,3.17914,0.71306,1.76154,4.59673,0.04735,Cs2YbEuF6,False,False,True,False
Cs2HgPuF6,Hg,Pu,F,2.49951,semiconductor,True,True,0.58482,2.37494,0.99149,0.40382,4.34605,0.16180,Cs2PuHgF6,False,False,True,False
Cs2CaPbF6,Ca,Pb,F,6.46422,insulator,False,True,0.82510,4.28600,0.57256,3.14773,5.42428,0.00414,Cs2CaPbF6,False,False,True,False
Cs2MoTlF6,Mo,Tl,F,3.90237,semiconductor,False,True,0.69834,3.88144,0.85647,2.17874,5.58414,0.02279,Cs2TlMoF6,True,False,True,False
Cs2TiRbF6,Ti,Rb,F,3.07569,semiconductor,False,True,0.24918,1.96149,0.81240,0.34641,3.57658,0.25068,Cs2RbTiF6,False,False,True,False
Cs2CuLuF6,Cu,Lu,F,3.89218,semiconductor,False,False,0.90903,3.33855,0.83220,1.68411,4.99298,0.04828,Cs2LuCuF6,False,False,True,False
Cs2PHgF6,P,Hg,F,0.57378,semiconductor,True,False,0.37089,2.64141,0.69717,1.25541,4.02741,0.11048,Cs2HgPF6,False,False,True,False
Cs2NiAgF6,Ni,Ag,F,0.01610,half-metal,False,False,0.29319,2.54821,0.78318,0.99122,4.10519,0.13243,Cs2NiAgF6,False,False,False,False
Cs2PdPaF6,Pd,Pa,F,1.35206,semiconductor,False,False,0.67114,1.80164,1.06066,-0.30699,3.91027,0.23531,Cs2PaPdF6,False,False,True,True
Cs2BeSrF6,Be,Sr,F,9.60929,insulator,False,False,0.94644,6.99970,0.44874,6.10758,7.89181,0.00000,Cs2SrBeF6,False,False,True,False
Cs2LiYbF6,Li,Yb,F,6.26545,insulator,False,False,0.62478,6.84982,0.43503,5.98496,7.71468,0.00000,Cs2LiYbF6,False,False,True,False
Cs2PdLaF6,Pd,La,F,2.55735,semiconductor,False,False,0.72555,1.92243,0.80603,0.32001,3.52485,0.26258,Cs2LaPdF6,False,False,True,False
Cs2LiLuF6,Li,Lu,F,9.63758,insulator,False,False,0.95140,7.86931,0.60338,6.66977,9.06885,0.00008,Cs2LiLuF6,False,False,True,False
Cs2RbIrF6,Rb,Ir,F,4.69229,insulator,False,True,0.89244,2.46157,0.41320,1.64011,3.28303,0.08491,Cs2RbIrF6,True,False,True,False
Cs2HgNpF6,Hg,Np,F,3.22256,semiconductor,True,True,0.48798,2.29005,1.14811,0.00758,4.57252,0.16467,Cs2NpHgF6,False,False,True,False
Cs2CeHgF6,Ce,Hg,F,1.08508,semiconductor,False,True,0.24579,2.17287,1.16550,-0.14418,4.48993,0.17885,Cs2CeHgF6,False,False,True,True
Cs2SrYbF6,Sr,Yb,F,0.36821,semiconductor,False,True,0.25599,6.72092,0.59262,5.54278,7.89906,0.00000,Cs2SrYbF6,False,False,True,False
Cs2EuTmF6,Eu,Tm,F,0.05771,half-metal,False,True,0.21922,2.96460,0.74249,1.48852,4.44069,0.07149,Cs2EuTmF6,False,False,False,False
Cs2MgRaF6,Mg,Ra,F,8.42615,insulator,False,True,0.93172,6.32153,0.56220,5.20386,7.43920,0.00008,Cs2RaMgF6,False,False,True,False
Cs2SrHgF6,Sr,Hg,F,5.35613,insulator,False,True,0.82313,2.85904,0.66149,1.54398,4.17410,0.07216,Cs2SrHgF6,False,False,True,False
Cs2RbRuF6,Rb,Ru,F,2.70584,semiconductor,False,True,0.45413,1.98479,0.58763,0.81656,3.15301,0.27743,Cs2RbRuF6,True,False,True,False
Cs2CuAuF6,Cu,Au,F,0.80112,semiconductor,False,False,0.16070,0.52781,0.48054,-0.42753,1.48315,0.16307,Cs2CuAuF6,True,False,True,False
Cs2BeEuF6,Be,Eu,F,0.42969,semiconductor,False,False,0.22894,2.46550,0.63341,1.20627,3.72474,0.13445,Cs2EuBeF6,False,False,True,False
Cs2NaFeF6,Na,Fe,F,5.23158,insulator,True,False,0.82853,3.92680,0.42226,3.08733,4.76627,0.00211,Cs2NaFeF6,True,False,True,False
Cs2PdUF6,Pd,U,F,1.41844,semiconductor,False,False,0.72845,1.73791,1.04075,-0.33114,3.80696,0.24401,Cs2UPdF6,False,False,True,True
Cs2HgPbF6,Hg,Pb,F,3.42753,semiconductor,False,True,0.65158,2.59955,0.53565,1.53466,3.66444,0.08854,Cs2HgPbF6,True,False,True,False
Cs2PdBaF6,Pd,Ba,F,3.93481,semiconductor,True,True,0.73549,1.56111,0.58086,0.40635,2.71586,0.44548,Cs2BaPdF6,False,False,True,False
Cs2RbMoF6,Rb,Mo,F,4.09103,insulator,False,True,0.91019,3.54352,0.68920,2.17336,4.91368,0.02220,Cs2RbMoF6,False,False,True,False
Cs2SrTmF6,Sr,Tm,F,0.02254,metallic,False,True,0.42463,6.51302,0.58136,5.35726,7.66877,0.00000,Cs2SrTmF6,False,False,False,False
Cs2YbPbF6,Yb,Pb,F,0.09301,half-metal,False,True,0.67725,3.40101,0.60148,2.20524,4.59678,0.02127,Cs2YbPbF6,False,False,False,False
Cs2GeRaF6,Ge,Ra,F,5.11489,insulator,False,True,0.94248,4.85086,0.52733,3.80252,5.89920,0.00118,Cs2RaGeF6,False,False,True,False
Cs2CuRaF6,Cu,Ra,F,3.58306,semiconductor,False,True,0.71699,1.88929,0.63416,0.62855,3.15003,0.30655,Cs2RaCuF6,False,False,True,False
Cs2TiBaF6,Ti,Ba,F,1.27480,semiconductor,False,True,0.26910,2.04215,0.87666,0.29932,3.78498,0.22620,Cs2BaTiF6,False,False,True,True
Cs2CaAmF6,Ca,Am,F,1.22885,semiconductor,False,True,0.15496,2.43316,0.70865,1.02435,3.84198,0.14948,Cs2CaAmF6,False,False,True,True
Cs2LiAuF6,Li,Au,F,2.59521,semiconductor,True,False,0.87685,0.66560,0.36273,-0.05552,1.38673,0.18518,Cs2LiAuF6,True,False,True,False
Cs2TiMnF6,Ti,Mn,F,2.22054,semiconductor,False,False,0.53861,2.88881,0.89882,1.10192,4.67570,0.09343,Cs2TiMnF6,False,False,True,False
Cs2HgUF6,Hg,U,F,3.41505,semiconductor,False,True,0.39352,1.78267,1.20110,-0.60515,4.17049,0.21615,Cs2UHgF6,False,False,True,False
Cs2HgBiF6,Hg,Bi,F,0.13810,semiconductor,True,True,0.30675,2.16934,0.58013,1.01601,3.32266,0.21244,Cs2HgBiF6,True,False,True,False
Cs2CaSmF6,Ca,Sm,F,0.24395,semiconductor,False,True,0.47633,7.03710,0.71844,5.60882,8.46539,0.00025,Cs2CaSmF6,False,False,True,False
Cs2ZnRaF6,Zn,Ra,F,7.07164,insulator,False,True,0.88192,4.72425,0.65999,3.41217,6.03633,0.00338,Cs2RaZnF6,False,False,True,False
Cs2TaTlF6,Ta,Tl,F,0.82423,semiconductor,False,True,0.39492,3.40597,0.90994,1.59697,5.21497,0.05165,Cs2TaTlF6,True,False,True,False
Cs2TmPbF6,Tm,Pb,F,0.36008,semiconductor,False,True,0.76639,3.48626,0.47439,2.54316,4.42937,0.00937,Cs2TmPbF6,False,False,True,False
Cs2AuAuF6,Au,Au,F,0.01288,metallic,False,True,0.33447,0.51077,0.44485,-0.37360,1.39514,0.14154,CsAuF3,True,False,False,False
Cs2NbTlF6,Nb,Tl,F,2.11333,semiconductor,False,True,0.42795,3.91771,0.97253,1.98429,5.85112,0.03005,Cs2NbTlF6,True,False,True,False
Cs2NaNiF6,Na,Ni,F,1.98783,semiconductor,False,False,0.53551,2.49306,0.45719,1.58416,3.40197,0.09090,Cs2NaNiF6,True,False,True,False
Cs2NaAsF6,Na,As,F,6.04437,insulator,False,False,0.98255,4.32638,0.30602,3.71800,4.93476,0.00008,Cs2NaAsF6,True,False,True,False
Cs2TiZnF6,Ti,Zn,F,2.09046,semiconductor,False,False,0.52146,3.49095,1.02350,1.45620,5.52570,0.05452,Cs2TiZnF6,False,False,True,False
Cs2ZnPdF6,Zn,Pd,F,3.05579,semiconductor,True,False,0.40770,2.23982,0.58222,1.08236,3.39728,0.19016,Cs2ZnPdF6,False,False,True,False
Cs2PdCeF6,Pd,Ce,F,2.57433,semiconductor,False,False,0.55933,1.21108,0.88949,-0.55725,2.97941,0.33474,Cs2CePdF6,False,False,True,False
Cs2PdNpF6,Pd,Np,F,0.78551,semiconductor,False,False,0.73789,1.81728,0.96782,-0.10679,3.74134,0.25253,Cs2NpPdF6,False,False,True,False
Cs2LaHgF6,La,Hg,F,1.13809,semiconductor,True,True,0.20225,2.85626,0.65536,1.55339,4.15914,0.07107,Cs2LaHgF6,False,False,True,True
Cs2NaCoF6,Na,Co,F,4.88529,insulator,False,False,0.90690,2.95636,0.30958,2.34092,3.57181,0.00852,Cs2NaCoF6,True,False,True,False
Cs2MnRaF6,Mn,Ra,F,4.48561,insulator,False,True,0.62997,2.92981,0.80418,1.33107,4.52855,0.08339,Cs2RaMnF6,False,False,True,False
Cs2HgPaF6,Hg,Pa,F,2.82342,semiconductor,False,True,0.33388,2.11635,1.19166,-0.25272,4.48542,0.18459,Cs2PaHgF6,False,False,True,False
Cs2KAuF6,K,Au,F,2.89785,semiconductor,True,True,0.87469,0.68234,0.41926,-0.15117,1.51584,0.22713,Cs2KAuF6,True,False,True,False
Cs2YbAmF6,Yb,Am,F,0.05879,half-metal,True,True,0.18966,3.05507,0.69323,1.67690,4.43324,0.05528,Cs2YbAmF6,False,False,False,False
Cs2GePdF6,Ge,Pd,F,0.97384,semiconductor,False,False,0.83984,2.41394,0.50139,1.41716,3.41072,0.12255,Cs2GePdF6,False,False,True,False
Cs2PdPuF6,Pd,Pu,F,1.43329,semiconductor,False,False,0.81044,1.92391,0.68315,0.56579,3.28203,0.28486,Cs2PuPdF6,False,False,True,True
Cs2TiGeF6,Ti,Ge,F,0.85047,semiconductor,False,False,0.84261,3.32933,0.95653,1.42771,5.23094,0.06102,Cs2TiGeF6,False,False,True,False
Cs2PAgF6,P,Ag,F,3.32177,semiconductor,False,False,0.92105,2.05500,0.53163,0.99810,3.11189,0.25008,Cs2AgPF6,False,False,True,False
Cs2CuPdF6,Cu,Pd,F,1.92665,semiconductor,False,False,0.21443,1.50399,0.50958,0.49094,2.51705,0.51241,Cs2CuPdF6,False,False,True,False
Cs2LuAuF6,Lu,Au,F,3.54179,semiconductor,False,True,0.92427,2.14934,0.79588,0.56711,3.73157,0.20974,Cs2LuAuF6,False,False,True,False
Cs2YbAuF6,Yb,Au,F,3.48031,semiconductor,False,True,0.81494,1.30902,0.58314,0.14973,2.46831,0.48726,Cs2YbAuF6,False,False,True,False
Cs2SmYbF6,Sm,Yb,F,0.62106,semiconductor,False,True,0.35113,6.39637,0.71078,4.98331,7.80942,0.00068,Cs2YbSmF6,False,False,True,False
Cs2CdNdF6,Cd,Nd,F,0.80634,semiconductor,True,True,0.65433,3.73128,0.56442,2.60920,4.85337,0.00979,Cs2NdCdF6,False,False,True,False
Cs2PFrF6,P,Fr,F,4.70301,insulator,False,False,0.98047,4.79430,0.65092,3.50024,6.08836,0.00270,FrCs2PF6,False,False,True,False
Cs2RbTaF6,Rb,Ta,F,1.34828,semiconductor,False,True,0.21616,2.58367,1.16109,0.27539,4.89195,0.13521,Cs2RbTaF6,True,False,True,True
Cs2EuDyF6,Eu,Dy,F,0.02220,metallic,False,True,0.23334,3.13746,0.80168,1.54370,4.73123,0.06018,Cs2EuDyF6,False,False,False,False
Cs2RbNbF6,Rb,Nb,F,2.11669,semiconductor,False,True,0.17448,2.80256,1.06717,0.68100,4.92412,0.11099,Cs2RbNbF6,True,False,True,False
Cs2PdPrF6,Pd,Pr,F,2.53309,semiconductor,False,False,0.74802,1.78265,0.66511,0.46039,3.10492,0.33221,Cs2PrPdF6,False,False,True,False
Cs2MgTiF6,Mg,Ti,F,3.13520,semiconductor,False,False,0.27596,2.17889,1.04112,0.10911,4.24867,0.18678,Cs2MgTiF6,False,False,True,False
Cs2MgPdF6,Mg,Pd,F,3.84324,semiconductor,True,False,0.64307,1.36135,0.63129,0.10632,2.61638,0.45265,Cs2MgPdF6,False,False,True,False
Cs2KLuF6,K,Lu,F,8.56741,insulator,False,True,0.95540,7.38553,0.54830,6.29549,8.47556,0.00000,Cs2KLuF6,False,False,True,False
Cs2ScTlF6,Sc,Tl,F,6.25825,insulator,False,True,0.87883,5.13208,0.76908,3.60313,6.66104,0.00354,Cs2ScTlF6,True,False,True,False
Cs2CrRaF6,Cr,Ra,F,2.23970,semiconductor,False,True,0.74130,2.67519,0.75530,1.17363,4.17675,0.11124,Cs2RaCrF6,False,False,True,False
Cs2PdNdF6,Pd,Nd,F,2.57748,semiconductor,False,False,0.76958,1.71248,0.62906,0.46189,2.96307,0.36631,Cs2NdPdF6,False,False,True,False
Cs2KYbF6,K,Yb,F,6.49902,insulator,False,True,0.60535,6.77825,0.45118,5.88129,7.67520,0.00000,Cs2KYbF6,False,False,True,False
Cs2CuInF6,Cu,In,F,1.87924,semiconductor,False,False,0.55334,1.37957,0.61518,0.15657,2.60257,0.45881,Cs2InCuF6,True,False,True,False
Cs2SrDyF6,Sr,Dy,F,0.02076,metallic,False,True,0.48864,7.03137,0.52499,5.98767,8.07507,0.00008,Cs2SrDyF6,False,False,False,False
Cs2TmAuF6,Tm,Au,F,3.54690,semiconductor,False,True,0.83131,2.01876,0.49799,1.02875,3.00878,0.26739,Cs2TmAuF6,False,False,True,False
Cs2CrPtF6,Cr,Pt,F,1.33990,semiconductor,False,False,0.63237,1.16350,0.66987,-0.16821,2.49522,0.42421,Cs2CrPtF6,False,False,True,True
Cs2PdAmF6,Pd,Am,F,2.10326,semiconductor,False,False,0.54578,0.75378,0.55969,-0.35889,1.86646,0.30587,Cs2AmPdF6,False,False,True,False
Cs2AuTlF6,Au,Tl,F,0.03838,metallic,False,True,0.49189,0.87386,0.55178,-0.22310,1.97082,0.36918,Cs2TlAuF6,True,False,False,False
Cs2PdCmF6,Pd,Cm,F,2.36204,semiconductor,False,False,0.76560,1.45114,0.92823,-0.39422,3.29649,0.31431,Cs2CmPdF6,False,False,True,False
Cs2NaCuF6,Na,Cu,F,3.59506,semiconductor,False,False,0.66808,1.27429,0.40141,0.47627,2.07231,0.62576,Cs2NaCuF6,False,False,True,False
Cs2LiInF6,Li,In,F,7.71054,insulator,False,False,0.97287,5.45456,0.41454,4.63044,6.27869,0.00008,Cs2LiInF6,True,False,True,False
Cs2PdPmF6,Pd,Pm,F,2.35859,semiconductor,False,False,0.74756,1.67377,0.62563,0.43000,2.91754,0.38175,Cs2PmPdF6,False,False,True,False
Cs2ErAuF6,Er,Au,F,3.52040,semiconductor,False,True,0.82036,1.96642,0.47649,1.01913,2.91371,0.29549,Cs2ErAuF6,False,False,True,False
Cs2DyPbF6,Dy,Pb,F,0.47775,semiconductor,False,True,0.84173,3.53213,0.48617,2.56561,4.49865,0.00912,Cs2DyPbF6,False,False,True,False
Cs2SbTlF6,Sb,Tl,F,3.24277,semiconductor,False,True,0.94092,2.58185,0.61834,1.35256,3.81114,0.10947,Cs2TlSbF6,True,False,True,False
Cs2KTmF6,K,Tm,F,7.10587,insulator,False,True,0.92597,6.86739,0.39327,6.08555,7.64924,0.00000,Cs2KTmF6,False,False,True,False
Cs2TiCoF6,Ti,Co,F,1.02682,semiconductor,False,False,0.70813,2.56694,0.81832,0.94010,4.19378,0.13285,Cs2TiCoF6,False,False,True,True
Cs2VCrF6,V,Cr,F,2.04451,semiconductor,False,False,0.64175,1.83532,0.90078,0.04453,3.62611,0.26426,Cs2VCrF6,False,False,True,False
Cs2NaAlF6,Na,Al,F,9.36309,insulator,False,False,0.96314,6.57592,0.39863,5.78343,7.36840,0.00000,Cs2NaAlF6,True,False,True,False
Cs2KTlF6,K,Tl,F,5.84547,insulator,False,True,0.94708,3.72656,0.29627,3.13758,4.31555,0.00093,Cs2KTlF6,True,False,True,False
Cs2ScRbF6,Sc,Rb,F,8.97311,insulator,False,True,0.97232,6.55931,0.48893,5.58730,7.53131,0.00008,Cs2RbScF6,True,False,True,False
Cs2MnPtF6,Mn,Pt,F,2.32850,semiconductor,False,False,0.51119,1.58855,0.70542,0.18614,2.99095,0.37188,Cs2MnPtF6,False,False,True,False
Cs2NiPdF6,Ni,Pd,F,3.46642,semiconductor,True,False,0.27408,2.58456,0.68184,1.22903,3.94008,0.11935,Cs2NiPdF6,False,False,True,False
Cs2BeNpF6,Be,Np,F,1.13501,semiconductor,False,False,0.44912,6.19493,0.98648,4.23378,8.15608,0.00279,Cs2NpBeF6,False,False,True,True
Cs2AgAcF6,Ag,Ac,F,4.61522,insulator,False,True,0.92074,2.96315,0.68930,1.59279,4.33351,0.06372,Cs2AcAgF6,False,False,True,False
Cs2YAuF6,Y,Au,F,3.58938,semiconductor,False,True,0.93387,2.00769,0.74876,0.51913,3.49626,0.25084,Cs2YAuF6,True,False,True,False
Cs2RbAgF6,Rb,Ag,F,2.76214,semiconductor,True,True,0.76558,1.05862,0.46715,0.12990,1.98733,0.49063,Cs2RbAgF6,False,False,True,False
Cs2VRaF6,V,Ra,F,2.54328,semiconductor,False,True,0.66407,2.73534,1.08711,0.57414,4.89654,0.11951,Cs2RaVF6,False,False,True,False
Cs2KErF6,K,Er,F,7.42391,insulator,False,True,0.93610,6.70680,0.39643,5.91868,7.49492,0.00000,Cs2KErF6,False,False,True,False
Cs2EuNpF6,Eu,Np,F,0.02128,metallic,False,True,0.45593,4.95408,0.99357,2.97883,6.92932,0.00861,Cs2EuNpF6,False,False,False,False
Cs2HoAuF6,Ho,Au,F,3.53314,semiconductor,False,True,0.94056,1.99388,0.43324,1.13259,2.85516,0.27861,Cs2HoAuF6,False,False,True,False
Cs2PdSmF6,Pd,Sm,F,1.84201,semiconductor,False,False,0.79267,1.66611,0.66545,0.34317,2.98905,0.36816,Cs2SmPdF6,False,False,True,False
Cs2NKF6,N,K,F,4.43001,insulator,False,False,0.97824,2.95174,0.55977,1.83889,4.06458,0.04600,Cs2KNF6,True,False,True,False
Cs2VMnF6,V,Mn,F,4.06892,insulator,True,False,0.60025,2.56186,0.88611,0.80026,4.32347,0.13614,Cs2MnVF6,False,False,True,False
Cs2ZnPtF6,Zn,Pt,F,2.86147,semiconductor,True,False,0.33980,1.91673,0.51276,0.89734,2.93611,0.31870,Cs2ZnPtF6,False,False,True,False
Cs2KYF6,K,Y,F,8.91520,insulator,False,True,0.97252,6.32518,0.47449,5.38188,7.26849,0.00008,Cs2KYF6,True,False,True,False
Cs2RbSbF6,Rb,Sb,F,5.22199,insulator,False,True,0.98367,4.05517,0.32819,3.40272,4.70762,0.00042,Cs2RbSbF6,True,False,True,False
Cs2PtRaF6,Pt,Ra,F,3.67600,semiconductor,True,True,0.70080,2.34313,0.56889,1.21216,3.47411,0.15606,Cs2RaPtF6,False,False,True,False
Cs2SrNpF6,Sr,Np,F,0.02048,metallic,False,True,0.50559,5.62883,0.86650,3.90619,7.35146,0.00312,Cs2SrNpF6,False,False,False,False
Cs2RbPdF6,Rb,Pd,F,1.45600,semiconductor,False,True,0.57791,0.73763,0.50500,-0.26633,1.74159,0.29169,Cs2RbPdF6,True,False,True,True
Cs2DyAmF6,Dy,Am,F,0.02294,metallic,False,True,0.23152,3.31601,0.78153,1.76230,4.86972,0.04490,Cs2DyAmF6,False,False,False,False
Cs2KHoF6,K,Ho,F,7.13650,insulator,False,True,0.97554,6.70652,0.41687,5.87777,7.53527,0.00000,Cs2KHoF6,False,False,True,False
Cs2DyAuF6,Dy,Au,F,3.48871,semiconductor,False,True,0.86567,2.03739,0.42672,1.18906,2.88573,0.25582,Cs2DyAuF6,False,False,True,False
Cs2PdEuF6,Pd,Eu,F,0.85834,semiconductor,False,False,0.52753,0.57466,0.61672,-0.65140,1.80073,0.22384,Cs2EuPdF6,False,False,True,False
Cs2CuPtF6,Cu,Pt,F,0.67574,semiconductor,False,False,0.30534,1.43003,0.50827,0.41957,2.44049,0.53106,Cs2CuPtF6,False,False,True,False
Cs2GePtF6,Ge,Pt,F,1.68763,semiconductor,True,False,0.83797,1.91216,0.54610,0.82650,2.99782,0.31482,Cs2GePtF6,False,False,True,True
Cs2VZnF6,V,Zn,F,3.57287,semiconductor,False,False,0.42093,3.04031,0.96404,1.12377,4.95685,0.08297,Cs2VZnF6,False,False,True,False
Cs2CuSbF6,Cu,Sb,F,2.79182,semiconductor,False,False,0.87955,1.35378,0.42794,0.50303,2.20454,0.61242,Cs2CuSbF6,False,False,True,False
Cs2NAuF6,N,Au,F,0.98035,semiconductor,False,False,0.94846,1.94761,0.65045,0.65449,3.24073,0.28182,Cs2AuNF6,False,False,True,False
Cs2CaNdF6,Ca,Nd,F,0.10046,semiconductor,False,True,0.42414,6.62856,0.60443,5.42693,7.83018,0.00008,Cs2CaNdF6,False,False,True,False
Cs2AgBaF6,Ag,Ba,F,1.37380,semiconductor,False,True,0.76369,1.91409,0.57557,0.76985,3.05834,0.30790,Cs2BaAgF6,False,False,True,True
Cs2PbNpF6,Pb,Np,F,0.50398,semiconductor,False,True,0.87730,3.48430,1.23232,1.03440,5.93420,0.06685,Cs2NpPbF6,False,False,True,False
Cs2PdGdF6,Pd,Gd,F,2.60750,semiconductor,False,False,0.74517,1.37654,0.93189,-0.47608,3.22916,0.31617,Cs2GdPdF6,False,False,True,False
Cs2KDyF6,K,Dy,F,6.08082,insulator,False,True,0.94987,6.83098,0.41637,6.00322,7.65873,0.00000,Cs2KDyF6,False,False,True,False
Cs2TbAuF6,Tb,Au,F,3.50339,semiconductor,False,True,0.86704,2.00949,0.52969,0.95645,3.06253,0.27144,Cs2TbAuF6,False,False,True,False
Cs2MgPtF6,Mg,Pt,F,3.62126,semiconductor,True,False,0.64300,1.84476,0.65268,0.54722,3.14230,0.31761,Cs2MgPtF6,False,False,True,False
Cs2LiSbF6,Li,Sb,F,5.34809,insulator,False,False,0.98412,4.23436,0.34484,3.54880,4.91991,0.00034,Cs2LiSbF6,True,False,True,False
Cs2VGeF6,V,Ge,F,3.26836,semiconductor,False,False,0.86187,2.92631,0.96498,1.00790,4.84472,0.09698,Cs2VGeF6,False,False,True,False
Cs2BeDyF6,Be,Dy,F,1.07930,semiconductor,True,False,0.59306,7.68869,0.49550,6.70361,8.67377,0.00000,Cs2DyBeF6,False,False,True,True
Cs2LiPdF6,Li,Pd,F,1.29105,semiconductor,False,False,0.46942,1.12675,0.42719,0.27748,1.97603,0.55106,Cs2LiPdF6,True,False,True,True
Cs2InTlF6,In,Tl,F,5.17174,insulator,False,True,0.95026,3.93787,0.64936,2.64692,5.22882,0.01013,Cs2TlInF6,True,False,True,False
Cs2CdBaF6,Cd,Ba,F,6.83424,insulator,False,True,0.89665,5.12577,0.64857,3.83639,6.41515,0.00135,Cs2BaCdF6,False,False,True,False
Cs2KTbF6,K,Tb,F,5.17193,insulator,True,True,0.93984,6.42146,0.42681,5.57294,7.26997,0.00000,Cs2KTbF6,False,False,True,False
Cs2CrMnF6,Cr,Mn,F,2.40641,semiconductor,False,False,0.75105,2.46129,0.84500,0.78141,4.14118,0.15176,Cs2MnCrF6,False,False,True,False
Cs2ScCuF6,Sc,Cu,F,4.33821,insulator,False,False,0.90316,2.28603,0.85158,0.59306,3.97899,0.18138,Cs2ScCuF6,True,False,True,False
Cs2GdAuF6,Gd,Au,F,3.48448,semiconductor,False,True,0.88754,1.81989,0.89941,0.03184,3.60794,0.26578,Cs2GdAuF6,False,False,True,False
Cs2LiAgF6,Li,Ag,F,2.49079,semiconductor,True,False,0.74613,1.54450,0.40434,0.74066,2.34833,0.58871,Cs2LiAgF6,False,False,True,False
Cs2MgVF6,Mg,V,F,4.83800,insulator,False,False,0.64036,2.96610,1.16226,0.65550,5.27671,0.09833,Cs2MgVF6,False,False,True,False
Cs2NdYbF6,Nd,Yb,F,0.46939,semiconductor,False,True,0.32129,6.26115,0.70268,4.86420,7.65811,0.00068,Cs2YbNdF6,False,False,True,False
Cs2NpAmF6,Np,Am,F,0.02270,metallic,False,True,0.43230,4.43633,0.85503,2.73651,6.13615,0.01021,Cs2AmNpF6,False,False,False,False
Cs2HgAcF6,Hg,Ac,F,0.99994,semiconductor,True,True,0.26645,2.63328,0.69901,1.24361,4.02294,0.11285,Cs2AcHgF6,False,False,True,False
Cs2LiScF6,Li,Sc,F,9.12820,insulator,False,False,0.96673,6.89738,0.46221,5.97849,7.81627,0.00000,Cs2LiScF6,True,False,True,False
Cs2CrZnF6,Cr,Zn,F,2.30951,semiconductor,False,False,0.58493,2.69061,0.76497,1.16982,4.21141,0.11048,Cs2ZnCrF6,False,False,True,False
Cs2PdDyF6,Pd,Dy,F,2.63007,semiconductor,False,False,0.86238,2.65471,0.44828,1.76352,3.54590,0.05739,Cs2DyPdF6,False,False,True,False
Cs2EuAuF6,Eu,Au,F,2.15977,semiconductor,False,True,0.70211,0.44892,0.49736,-0.53984,1.43768,0.13648,Cs2EuAuF6,False,False,True,False
Cs2KGdF6,K,Gd,F,8.33163,insulator,False,True,0.95987,5.17864,0.59224,4.00125,6.35603,0.00118,Cs2KGdF6,False,False,True,False
Cs2RbInF6,Rb,In,F,7.60419,insulator,False,True,0.96778,5.39227,0.30911,4.77775,6.00679,0.00000,Cs2RbInF6,True,False,True,False
Cs2SmNpF6,Sm,Np,F,0.02144,metallic,False,True,0.56006,5.36180,0.80862,3.75423,6.96937,0.00312,Cs2SmNpF6,False,False,False,False
Cs2CrGeF6,Cr,Ge,F,1.74596,semiconductor,False,False,0.89191,3.21095,0.91033,1.40118,5.02072,0.06600,Cs2CrGeF6,False,False,True,True
Cs2PdHoF6,Pd,Ho,F,2.62900,semiconductor,False,False,0.78447,2.66974,0.46866,1.73803,3.60146,0.06119,Cs2HoPdF6,False,False,True,False
Cs2KEuF6,K,Eu,F,5.10042,insulator,False,True,0.53747,2.59390,0.48962,1.62053,3.56728,0.07934,Cs2KEuF6,False,False,True,False
Cs2CuNbF6,Cu,Nb,F,2.15316,semiconductor,False,False,0.29441,1.08588,1.01842,-0.93877,3.11052,0.29296,Cs2NbCuF6,True,False,True,False
Cs2CuTaF6,Cu,Ta,F,1.60130,semiconductor,False,False,0.67339,0.47322,0.91907,-1.35392,2.30037,0.20771,Cs2TaCuF6,True,False,True,True
Cs2MnZnF6,Mn,Zn,F,4.98500,insulator,False,False,0.53662,3.27570,0.66797,1.94776,4.60363,0.03570,Cs2MnZnF6,False,True,True,False
Cs2YPdF6,Y,Pd,F,2.60262,semiconductor,False,False,0.68560,1.62009,0.86711,-0.10377,3.34394,0.30275,Cs2YPdF6,False,False,True,False
Cs2NiPtF6,Ni,Pt,F,3.45331,semiconductor,True,False,0.80087,1.99122,0.64334,0.71223,3.27021,0.26865,Cs2NiPtF6,False,False,True,False
Cs2SmAuF6,Sm,Au,F,3.10636,semiconductor,False,True,0.88338,1.97417,0.45665,1.06633,2.88201,0.29051,Cs2SmAuF6,False,False,True,False
Cs2VCoF6,V,Co,F,1.03485,semiconductor,False,False,0.77195,2.06247,0.88476,0.30353,3.82141,0.22046,Cs2VCoF6,False,False,True,True
Cs2MgCrF6,Mg,Cr,F,2.96954,semiconductor,False,False,0.65325,2.87280,0.97963,0.92526,4.82035,0.10297,Cs2MgCrF6,False,False,True,False
Cs2AlFrF6,Al,Fr,F,8.37993,insulator,False,False,0.94889,6.08673,0.51294,5.06698,7.10647,0.00000,FrCs2AlF6,False,False,True,False
Cs2BeTmF6,Be,Tm,F,0.73295,semiconductor,False,False,0.51799,7.45913,0.52430,6.41680,8.50146,0.00000,Cs2TmBeF6,False,False,True,False
Cs2LiTaF6,Li,Ta,F,1.78984,semiconductor,False,False,0.20557,2.20163,1.33058,-0.44360,4.84687,0.16332,Cs2LiTaF6,True,False,True,True
Cs2MnGeF6,Mn,Ge,F,4.49876,insulator,False,False,0.81919,3.13835,0.81770,1.51274,4.76395,0.06237,Cs2MnGeF6,False,True,True,False
Cs2LiNbF6,Li,Nb,F,2.08153,semiconductor,False,False,0.16369,2.88499,1.05268,0.79223,4.97774,0.10297,Cs2LiNbF6,True,False,True,False
Cs2KSmF6,K,Sm,F,5.85174,insulator,False,True,0.95988,6.43082,0.51634,5.40432,7.45732,0.00008,Cs2KSmF6,False,False,True,False
Cs2PmAuF6,Pm,Au,F,3.41890,semiconductor,False,True,0.89664,1.83710,0.48148,0.87991,2.79429,0.36833,Cs2PmAuF6,False,False,True,False
Cs2CuFrF6,Cu,Fr,F,3.36434,semiconductor,True,False,0.67676,1.59123,0.59586,0.40663,2.77583,0.42725,FrCs2CuF6,False,False,True,False
Cs2TiRaF6,Ti,Ra,F,0.94307,semiconductor,False,True,0.26734,3.36447,0.84797,1.67867,5.05027,0.04786,Cs2RaTiF6,False,False,True,False
Cs2AuCmF6,Au,Cm,F,3.01041,semiconductor,False,True,0.87379,2.20521,0.94646,0.32363,4.08680,0.18940,Cs2CmAuF6,False,False,True,False
Cs2PdRaF6,Pd,Ra,F,3.90525,semiconductor,True,True,0.72320,1.64534,0.62703,0.39879,2.89190,0.39163,Cs2RaPdF6,False,False,True,False
Cs2PdTlF6,Pd,Tl,F,0.01534,half-metal,False,False,0.25369,1.56396,0.67347,0.22508,2.90285,0.39332,Cs2TlPdF6,True,False,False,False
Cs2AuAmF6,Au,Am,F,2.29324,semiconductor,False,True,0.58740,0.91636,0.46080,0.00028,1.83245,0.41053,Cs2AmAuF6,False,False,True,False
Cs2ZnGeF6,Zn,Ge,F,5.13887,insulator,False,False,0.84175,3.84921,0.80242,2.25397,5.44445,0.02000,Cs2ZnGeF6,False,True,True,False
Cs2BeYbF6,Be,Yb,F,0.17688,semiconductor,False,False,0.50394,7.18424,0.53213,6.12634,8.24214,0.00008,Cs2YbBeF6,False,False,True,False
Cs2BeHgF6,Be,Hg,F,4.50697,insulator,False,False,0.82839,2.94726,0.60736,1.73980,4.15472,0.05300,Cs2BeHgF6,False,False,True,False
Cs2MgMnF6,Mg,Mn,F,6.48349,insulator,False,False,0.63890,3.60958,0.84217,1.93533,5.28384,0.03460,Cs2MgMnF6,False,False,True,False
Cs2CuZnF6,Cu,Zn,F,2.86893,semiconductor,False,False,0.25776,1.95919,0.57471,0.81664,3.10174,0.29102,Cs2ZnCuF6,False,False,True,False
Cs2PdTmF6,Pd,Tm,F,2.60890,semiconductor,False,False,0.76931,2.23952,0.51038,1.22487,3.25417,0.18028,Cs2TmPdF6,False,False,True,False
Cs2KPmF6,K,Pm,F,5.87263,insulator,False,True,0.95520,6.17701,0.51704,5.14911,7.20491,0.00000,Cs2KPmF6,False,False,True,False
Cs2SrEuF6,Sr,Eu,F,0.75701,semiconductor,False,True,0.09571,2.52523,0.74839,1.03742,4.01305,0.13344,Cs2SrEuF6,False,False,True,False
Cs2CaBaF6,Ca,Ba,F,8.29626,insulator,False,True,0.92089,6.51939,0.42636,5.67177,7.36701,0.00000,Cs2BaCaF6,False,False,True,False
Cs2KCmF6,K,Cm,F,5.55756,insulator,False,True,0.96165,4.32691,0.63236,3.06976,5.58407,0.00557,Cs2KCmF6,False,False,True,False
Cs2NdAuF6,Nd,Au,F,3.50932,semiconductor,False,True,0.92151,2.12081,0.44598,1.23418,3.00744,0.21987,Cs2NdAuF6,False,False,True,False
Cs2CrCoF6,Cr,Co,F,0.02290,metallic,False,False,0.48635,2.24521,0.85233,0.55076,3.93967,0.18636,Cs2CrCoF6,False,False,False,False
Cs2KAmF6,K,Am,F,3.52184,semiconductor,False,True,0.78431,2.60970,0.55184,1.51261,3.70678,0.09141,Cs2KAmF6,False,False,True,False
Cs2BHgF6,B,Hg,F,0.43202,semiconductor,True,False,0.41175,3.09367,0.63596,1.82936,4.35799,0.04431,Cs2HgBF6,False,False,True,False
Cs2NaPF6,Na,P,F,5.37525,insulator,False,False,0.97972,3.65675,0.46272,2.73686,4.57665,0.00616,Cs2NaPF6,False,False,True,False
Cs2MgZnF6,Mg,Zn,F,7.83465,insulator,False,False,0.88463,5.42792,0.69510,4.04604,6.80980,0.00110,Cs2MgZnF6,False,False,True,False
Cs2CuMoF6,Cu,Mo,F,3.73619,semiconductor,False,False,0.70293,2.18536,0.75387,0.68663,3.68408,0.20316,Cs2CuMoF6,False,False,True,False
Cs2CuGeF6,Cu,Ge,F,0.16074,semiconductor,False,False,0.69220,1.54019,0.60849,0.33049,2.74990,0.43341,Cs2CuGeF6,False,True,True,False
Cs2PdYbF6,Pd,Yb,F,2.16301,semiconductor,False,False,0.70708,2.07932,0.57211,0.94194,3.21670,0.24097,Cs2YbPdF6,False,False,True,False
Cs2AgThF6,Ag,Th,F,0.26682,semiconductor,True,True,0.75830,2.50198,0.90137,0.71003,4.29392,0.14720,Cs2ThAgF6,False,False,True,False
Cs2EuPbF6,Eu,Pb,F,0.47319,semiconductor,False,True,0.50449,2.69581,0.60329,1.49644,3.89518,0.08567,Cs2EuPbF6,False,False,True,False
Cs2PrAuF6,Pr,Au,F,3.38158,semiconductor,False,True,0.93594,2.05526,0.54042,0.98089,3.12963,0.24975,Cs2PrAuF6,False,False,True,False
Cs2LuTlF6,Lu,Tl,F,6.02048,insulator,False,True,0.90460,4.43454,0.72829,2.98667,5.88242,0.00709,Cs2LuTlF6,False,False,True,False
Cs2KNdF6,K,Nd,F,6.03387,insulator,False,True,0.97147,6.31021,0.45163,5.41235,7.20807,0.00008,Cs2KNdF6,False,False,True,False
Cs2PdLuF6,Pd,Lu,F,2.61889,semiconductor,False,False,0.67894,2.09181,0.84093,0.42001,3.76361,0.21987,Cs2LuPdF6,False,False,True,False
Cs2BeCaF6,Be,Ca,F,9.81286,insulator,False,False,0.94596,6.99088,0.44337,6.10944,7.87232,0.00000,Cs2CaBeF6,False,False,True,False
Cs2MgCuF6,Mg,Cu,F,3.51205,semiconductor,False,False,0.60083,1.71065,0.61564,0.48674,2.93457,0.37230,Cs2MgCuF6,False,False,True,False
Cs2MgGeF6,Mg,Ge,F,6.25543,insulator,False,False,0.94020,5.16021,0.60131,3.96478,6.35564,0.00135,Cs2MgGeF6,False,False,True,False
Cs2CuRuF6,Cu,Ru,F,1.75775,semiconductor,True,False,0.21789,1.46557,0.50760,0.45644,2.47469,0.52287,Cs2CuRuF6,False,False,True,True
Cs2LiMoF6,Li,Mo,F,4.45730,insulator,True,False,0.90132,4.36395,0.83719,2.69959,6.02832,0.01063,Cs2LiMoF6,True,False,True,False
Cs2CuIrF6,Cu,Ir,F,2.47886,semiconductor,False,False,0.68161,1.13682,0.42594,0.29004,1.98360,0.55722,Cs2CuIrF6,False,False,True,False
Cs2YbTlF6,Yb,Tl,F,4.33300,insulator,False,True,0.66369,3.55633,0.62103,2.32170,4.79096,0.01747,Cs2YbTlF6,False,False,True,False
Cs2MnCoF6,Mn,Co,F,4.77427,insulator,False,False,0.63089,2.81304,0.81801,1.18681,4.43926,0.09715,Cs2MnCoF6,False,False,True,False
Cs2RbAuF6,Rb,Au,F,2.85338,semiconductor,True,True,0.88131,0.71051,0.43058,-0.14550,1.56651,0.25143,Cs2RbAuF6,True,False,True,False
Cs2BaYbF6,Ba,Yb,F,0.05552,metallic,False,True,0.25637,6.56812,0.57063,5.43370,7.70254,0.00000,Cs2BaYbF6,False,False,False,False
Cs2KPrF6,K,Pr,F,4.98520,insulator,False,True,0.96661,6.24461,0.46075,5.32863,7.16058,0.00008,Cs2KPrF6,True,False,True,False
Cs2AuPuF6,Au,Pu,F,0.64014,semiconductor,False,True,0.91550,2.25382,0.69323,0.87565,3.63199,0.19100,Cs2PuAuF6,False,False,True,False
Cs2SrPbF6,Sr,Pb,F,6.15444,insulator,False,True,0.83669,4.44994,0.59513,3.26681,5.63308,0.00338,Cs2SrPbF6,False,False,True,False
Cs2BaHgF6,Ba,Hg,F,5.17701,insulator,False,True,0.82523,2.80455,0.67366,1.46530,4.14380,0.08027,Cs2BaHgF6,False,False,True,False
Cs2MnFeF6,Mn,Fe,F,4.28776,insulator,False,False,0.54053,2.95779,0.83063,1.30646,4.60911,0.08305,Cs2MnFeF6,False,True,True,False
Cs2TiCuF6,Ti,Cu,F,3.12265,semiconductor,False,False,0.35793,1.94656,1.04574,-0.13240,4.02553,0.22105,Cs2TiCuF6,False,False,True,False
Cs2PdAuF6,Pd,Au,F,0.01584,half-metal,False,False,0.23971,0.86997,0.48970,-0.10356,1.84350,0.37627,Cs2PdAuF6,False,False,False,False
Cs2MnNiF6,Mn,Ni,F,4.20008,insulator,False,False,0.53405,3.78893,0.98383,1.83304,5.74483,0.03553,Cs2MnNiF6,True,False,True,False
Cs2LiIrF6,Li,Ir,F,4.38861,insulator,False,False,0.90036,2.57073,0.38452,1.80630,3.33517,0.05326,Cs2LiIrF6,False,False,True,False
Cs2LiRuF6,Li,Ru,F,2.62589,semiconductor,False,False,0.43500,2.07574,0.50518,1.07143,3.08005,0.24148,Cs2LiRuF6,False,False,True,False
Cs2CoFrF6,Co,Fr,F,5.32067,insulator,False,True,0.93790,2.73701,0.47167,1.79932,3.67469,0.05208,FrCs2CoF6,False,False,True,False
Cs2CoZnF6,Co,Zn,F,5.00766,insulator,False,False,0.55786,3.36582,0.48360,2.40441,4.32723,0.01266,Cs2ZnCoF6,False,False,True,False
Cs2BaTmF6,Ba,Tm,F,0.02228,metallic,False,True,0.42465,6.32473,0.55364,5.22408,7.42538,0.00000,Cs2BaTmF6,False,False,False,False
Cs2CeAuF6,Ce,Au,F,2.39533,semiconductor,False,True,0.72428,1.32605,1.08755,-0.83604,3.48815,0.27549,Cs2CeAuF6,False,False,True,False
Cs2AsFrF6,As,Fr,F,5.30109,insulator,False,True,0.98228,3.37186,0.43314,2.51077,4.23295,0.00844,FrCs2AsF6,False,False,True,False
Cs2KPuF6,K,Pu,F,3.10630,semiconductor,False,True,0.90086,4.61623,0.49534,3.63148,5.60098,0.00135,Cs2KPuF6,False,False,True,False
Cs2NiFrF6,Ni,Fr,F,1.82213,semiconductor,False,True,0.70584,2.78274,0.82241,1.14776,4.41773,0.10154,FrCs2NiF6,False,False,True,False
Cs2EuAmF6,Eu,Am,F,0.20568,semiconductor,True,True,0.17800,2.56872,0.77836,1.02131,4.11613,0.12905,Cs2EuAmF6,False,False,True,False
Cs2TmTlF6,Tm,Tl,F,5.12305,insulator,True,True,0.86053,3.78354,0.47895,2.83138,4.73571,0.00523,Cs2TmTlF6,False,False,True,False
Cs2RbLuF6,Rb,Lu,F,8.17771,insulator,False,True,0.96445,6.77870,0.53657,5.71198,7.84543,0.00008,Cs2RbLuF6,False,False,True,False
Cs2CuRhF6,Cu,Rh,F,1.71062,semiconductor,False,False,0.70994,1.38996,0.42638,0.54230,2.23762,0.61276,Cs2CuRhF6,False,False,True,True
Cs2FeZnF6,Fe,Zn,F,3.71944,semiconductor,True,False,0.63650,3.37631,0.52035,2.34183,4.41080,0.01519,Cs2ZnFeF6,False,True,True,False
Cs2LiTiF6,Li,Ti,F,3.08186,semiconductor,False,False,0.23913,2.47090,0.91462,0.65261,4.28920,0.15353,Cs2LiTiF6,False,False,True,False
Cs2NiZnF6,Ni,Zn,F,5.63522,insulator,False,False,0.35634,3.65888,0.69120,2.28475,5.03301,0.01975,Cs2ZnNiF6,False,False,True,False
Cs2RbYbF6,Rb,Yb,F,6.49041,insulator,False,True,0.58980,6.19873,0.49212,5.22039,7.17707,0.00008,Cs2RbYbF6,False,False,True,False
Cs2CoGeF6,Co,Ge,F,4.40600,insulator,True,False,0.84815,3.00231,0.63485,1.74020,4.26442,0.05174,Cs2CoGeF6,False,False,True,False
Cs2CoCuF6,Co,Cu,F,0.42241,semiconductor,True,False,0.72768,2.13500,0.49861,1.14375,3.12625,0.21767,Cs2CoCuF6,False,False,True,False
Cs2KNpF6,K,Np,F,1.87906,semiconductor,False,True,0.93708,5.01481,0.63205,3.75828,6.27134,0.00152,Cs2KNpF6,False,False,True,False
Cs2SmEuF6,Sm,Eu,F,1.11027,semiconductor,False,True,0.32730,4.22334,0.76143,2.70959,5.73709,0.00988,Cs2SmEuF6,False,False,True,True
Cs2ErTlF6,Er,Tl,F,5.77635,insulator,False,True,0.85305,3.80420,0.47892,2.85208,4.75631,0.00506,Cs2ErTlF6,False,False,True,False
Cs2NdNpF6,Nd,Np,F,0.02136,metallic,False,True,0.52783,5.20698,0.89541,3.42688,6.98707,0.00574,Cs2NdNpF6,False,False,False,False
Cs2SrAmF6,Sr,Am,F,0.68178,semiconductor,False,True,0.14215,2.54621,0.73902,1.07702,4.01541,0.12871,Cs2SrAmF6,False,False,True,False
Cs2KCeF6,K,Ce,F,3.64691,semiconductor,False,True,0.78092,0.46556,0.53969,-0.60737,1.53849,0.15758,Cs2KCeF6,True,False,True,False
Cs2LiRhF6,Li,Rh,F,4.33971,insulator,False,False,0.88336,2.36146,0.37624,1.61348,3.10943,0.09841,Cs2LiRhF6,False,False,True,False
Cs2FeGeF6,Fe,Ge,F,3.96400,semiconductor,False,False,0.86743,3.18191,0.74665,1.69754,4.66628,0.05089,Cs2FeGeF6,False,True,True,False
Cs2AuUF6,Au,U,F,0.67340,semiconductor,False,True,0.85631,2.04329,1.05800,-0.06005,4.14662,0.20662,Cs2UAuF6,False,False,True,False
Cs2NiCuF6,Ni,Cu,F,2.31613,semiconductor,False,False,0.28927,2.52879,0.78583,0.96653,4.09104,0.13639,Cs2CuNiF6,False,False,True,False
Cs2BAgF6,B,Ag,F,5.42178,insulator,False,False,0.73695,2.13659,0.55110,1.04099,3.23220,0.22097,Cs2AgBF6,False,False,True,False
Cs2NiGeF6,Ni,Ge,F,4.15981,insulator,True,False,0.81010,3.47052,0.90090,1.67951,5.26154,0.04558,Cs2NiGeF6,False,False,True,False
Cs2FeFrF6,Fe,Fr,F,4.89106,insulator,True,True,0.86210,3.09846,0.66342,1.77957,4.41736,0.04786,FrCs2FeF6,False,False,True,False
Cs2MgCoF6,Mg,Co,F,5.01786,insulator,False,False,0.74850,2.90913,0.54951,1.81668,4.00157,0.04777,Cs2MgCoF6,False,False,True,False
Cs2HgThF6,Hg,Th,F,4.35520,insulator,False,True,0.28123,2.69858,0.87342,0.96219,4.43497,0.11588,Cs2ThHgF6,False,False,True,False
Cs2PbAmF6,Pb,Am,F,0.75475,semiconductor,False,True,0.60338,1.88920,0.55425,0.78733,2.99107,0.32470,Cs2AmPbF6,False,False,True,False
Cs2YTlF6,Y,Tl,F,5.97764,insulator,False,True,0.89491,4.78637,0.69772,3.39928,6.17346,0.00388,Cs2YTlF6,True,False,True,False
Cs2AuBiF6,Au,Bi,F,2.75543,semiconductor,False,True,0.93423,1.28320,0.37777,0.53217,2.03423,0.64998,Cs2BiAuF6,True,False,True,False
Cs2SrSmF6,Sr,Sm,F,0.09336,half-metal,False,True,0.46277,6.89522,0.73841,5.42724,8.36321,0.00034,Cs2SrSmF6,False,False,False,False
Cs2RbTmF6,Rb,Tm,F,7.10341,insulator,False,True,0.92782,6.49353,0.43839,5.62199,7.36507,0.00000,Cs2RbTmF6,False,False,True,False
Cs2MgFeF6,Mg,Fe,F,4.31951,insulator,False,False,0.75890,3.62340,0.66161,2.30811,4.93870,0.01891,Cs2MgFeF6,False,False,True,False
Cs2HoTlF6,Ho,Tl,F,5.92342,insulator,False,True,0.87766,3.80063,0.53957,2.72794,4.87332,0.00768,Cs2HoTlF6,False,False,True,False
Cs2LaAuF6,La,Au,F,3.49255,semiconductor,False,True,0.94367,2.00017,0.61116,0.78516,3.21519,0.26933,Cs2LaAuF6,False,False,True,False
Cs2RbTlF6,Rb,Tl,F,5.72852,insulator,False,True,0.94538,3.80456,0.31160,3.18508,4.42404,0.00093,Cs2RbTlF6,True,False,True,False
Cs2MgNiF6,Mg,Ni,F,6.01465,insulator,False,False,0.55468,3.41041,0.69467,2.02937,4.79144,0.02996,Cs2MgNiF6,False,False,True,False
Cs2RbErF6,Rb,Er,F,7.22259,insulator,False,True,0.93833,6.39471,0.45467,5.49081,7.29862,0.00008,Cs2RbErF6,False,False,True,False
Cs2VCuF6,V,Cu,F,2.49553,semiconductor,False,False,0.39471,1.85493,1.02798,-0.18872,3.89859,0.23683,Cs2VCuF6,False,False,True,False
Cs2SmPbF6,Sm,Pb,F,0.01848,half-metal,False,True,0.86531,3.46449,0.54314,2.38471,4.54426,0.01350,Cs2SmPbF6,False,False,False,False
Cs2AuPaF6,Au,Pa,F,0.78622,semiconductor,False,True,0.84106,2.35816,1.12505,0.12152,4.59481,0.15775,Cs2PaAuF6,False,False,True,False
Cs2KBiF6,K,Bi,F,6.38423,insulator,False,True,0.98127,4.81982,0.23464,4.35334,5.28629,0.00008,Cs2KBiF6,True,False,True,False
Cs2KLaF6,K,La,F,8.20546,insulator,False,True,0.97830,6.15297,0.37617,5.40514,6.90080,0.00000,Cs2KLaF6,True,False,True,False
Cs2DyTlF6,Dy,Tl,F,5.71413,insulator,True,True,0.87431,3.84747,0.45828,2.93638,4.75855,0.00380,Cs2DyTlF6,False,False,True,False
Cs2MnFrF6,Mn,Fr,F,2.20885,semiconductor,False,True,0.74316,2.51042,0.79326,0.93339,4.08745,0.14112,FrCs2MnF6,False,False,True,False
Cs2CrFrF6,Cr,Fr,F,5.82874,insulator,False,True,0.87109,3.19823,0.89126,1.42638,4.97008,0.06567,FrCs2CrF6,False,False,True,False
Cs2BeCdF6,Be,Cd,F,6.48342,insulator,False,False,0.84957,4.74741,0.50263,3.74817,5.74665,0.00110,Cs2BeCdF6,False,False,True,False
Cs2LiVF6,Li,V,F,3.53445,semiconductor,False,False,0.27243,3.26340,0.94091,1.39283,5.13396,0.06482,Cs2LiVF6,False,False,True,False
Cs2AgRaF6,Ag,Ra,F,1.35948,semiconductor,False,True,0.78448,2.05071,0.64475,0.76893,3.33250,0.24789,Cs2RaAgF6,False,False,True,True
Cs2RbYF6,Rb,Y,F,8.54529,insulator,False,True,0.97419,6.22178,0.38492,5.45655,6.98701,0.00000,Cs2RbYF6,True,False,True,False
Cs2BaDyF6,Ba,Dy,F,0.02146,metallic,False,True,0.48995,6.40216,0.47574,5.45638,7.34795,0.00008,Cs2BaDyF6,False,False,False,False
Cs2KPaF6,K,Pa,F,0.01934,metallic,False,True,0.94019,5.74245,0.64202,4.46611,7.01880,0.00084,Cs2KPaF6,False,False,False,False
Cs2GaFrF6,Ga,Fr,F,7.66413,insulator,False,True,0.95868,3.58027,0.53761,2.51149,4.64905,0.01072,FrCs2GaF6,False,False,True,False
Cs2RbHoF6,Rb,Ho,F,6.79596,insulator,True,True,0.97474,6.58020,0.44567,5.69420,7.46620,0.00000,Cs2RbHoF6,False,False,True,False
Cs2FeCoF6,Fe,Co,F,2.56258,semiconductor,False,False,0.44916,3.07309,0.71077,1.66006,4.48611,0.05554,Cs2FeCoF6,False,False,True,False
Cs2TbTlF6,Tb,Tl,F,5.18465,insulator,True,True,0.85680,3.99267,0.60977,2.78043,5.20492,0.00802,Cs2TbTlF6,False,False,True,False
Cs2PdInF6,Pd,In,F,1.81652,semiconductor,False,False,0.44532,2.06537,0.59655,0.87940,3.25133,0.24570,Cs2InPdF6,False,False,True,False
Cs2CuGaF6,Cu,Ga,F,3.07277,semiconductor,False,False,0.51865,1.41981,0.69147,0.04514,2.79449,0.41036,Cs2GaCuF6,False,False,True,False
Cs2BeAgF6,Be,Ag,F,0.69358,semiconductor,False,False,0.71342,3.40378,0.57094,2.26872,4.53883,0.01832,Cs2BeAgF6,False,False,True,False
Cs2CoNiF6,Co,Ni,F,4.47181,insulator,True,False,0.54867,2.84161,0.55934,1.72963,3.95358,0.05739,Cs2CoNiF6,False,False,True,False
Cs2CrCuF6,Cr,Cu,F,2.53399,semiconductor,False,False,0.57272,2.33513,0.75028,0.84355,3.82671,0.17522,Cs2CrCuF6,False,False,True,False
Cs2CdRaF6,Cd,Ra,F,6.47419,insulator,False,True,0.87859,4.71866,0.64498,3.43643,6.00090,0.00312,Cs2RaCdF6,False,False,True,False
Cs2RbDyF6,Rb,Dy,F,5.68543,insulator,True,True,0.94829,6.64944,0.45589,5.74311,7.55576,0.00000,Cs2RbDyF6,False,False,True,False
Cs2MnCuF6,Mn,Cu,F,0.60132,semiconductor,False,False,0.47156,1.98728,0.73128,0.53348,3.44108,0.25954,Cs2MnCuF6,False,False,True,False
Cs2LiGaF6,Li,Ga,F,8.40900,insulator,False,False,0.97260,6.01092,0.47032,5.07591,6.94592,0.00008,Cs2LiGaF6,True,False,True,False
Cs2GdTlF6,Gd,Tl,F,5.78039,insulator,False,True,0.86785,3.73534,0.82347,2.09825,5.37242,0.02608,Cs2GdTlF6,False,False,True,False
Cs2LiCrF6,Li,Cr,F,5.50091,insulator,False,False,0.85902,4.38837,0.77106,2.85548,5.92125,0.00819,Cs2LiCrF6,True,False,True,False
Cs2VFrF6,V,Fr,F,3.57119,semiconductor,False,True,0.35576,2.51806,1.08781,0.35547,4.68066,0.14289,FrCs2VF6,False,False,True,False
Cs2LiMnF6,Li,Mn,F,2.16631,semiconductor,False,False,0.69043,2.62828,1.02180,0.59690,4.65966,0.13091,Cs2LiMnF6,False,False,True,False
Cs2RbTbF6,Rb,Tb,F,4.80410,insulator,True,True,0.93796,6.24320,0.44551,5.35751,7.12889,0.00008,Cs2RbTbF6,False,False,True,False
Cs2EuTlF6,Eu,Tl,F,2.89703,semiconductor,False,True,0.59145,2.84413,0.63897,1.57384,4.11442,0.06972,Cs2EuTlF6,False,False,True,False
Cs2LiFeF6,Li,Fe,F,5.20278,insulator,True,False,0.82816,4.03781,0.51248,3.01899,5.05663,0.00414,Cs2LiFeF6,False,False,True,False
Cs2SmTlF6,Sm,Tl,F,3.90209,semiconductor,False,True,0.88278,3.85426,0.57237,2.71637,4.99216,0.00836,Cs2SmTlF6,False,False,True,False
Cs2RbGdF6,Rb,Gd,F,7.92310,insulator,False,True,0.95858,5.16219,0.58726,3.99471,6.32968,0.00110,Cs2RbGdF6,False,False,True,False
Cs2NdEuF6,Nd,Eu,F,0.48503,semiconductor,False,True,0.43477,4.15767,0.88755,2.39319,5.92215,0.01764,Cs2NdEuF6,False,False,True,False
Cs2CuAsF6,Cu,As,F,2.89019,semiconductor,False,False,0.87747,1.17163,0.45074,0.27553,2.06772,0.55503,Cs2CuAsF6,False,False,True,False
Cs2PdSbF6,Pd,Sb,F,1.45566,semiconductor,False,False,0.59048,2.03518,0.51321,1.01489,3.05546,0.25895,Cs2SbPdF6,False,False,True,True
Cs2NHgF6,N,Hg,F,0.81182,semiconductor,False,False,0.40387,2.61268,0.70356,1.21397,4.01139,0.11648,Cs2HgNF6,False,False,True,False
Cs2PdPdF6,Pd,Pd,F,3.59739,semiconductor,False,False,0.35054,1.66864,0.47467,0.72498,2.61230,0.46303,CsPdF3,True,False,True,False
Cs2RhFrF6,Rh,Fr,F,4.71997,insulator,False,True,0.89014,2.34258,0.50753,1.33359,3.35157,0.14500,FrCs2RhF6,False,False,True,False
Cs2RbEuF6,Rb,Eu,F,5.10466,insulator,False,True,0.52008,1.88250,0.53949,0.80998,2.95502,0.33128,Cs2RbEuF6,False,False,True,False
Cs2SrNdF6,Sr,Nd,F,0.01742,metallic,False,True,0.40066,6.44693,0.61858,5.21718,7.67667,0.00025,Cs2SrNdF6,False,False,False,False
Cs2TiFrF6,Ti,Fr,F,2.92570,semiconductor,False,True,0.27534,3.07702,0.86333,1.36070,4.79334,0.07461,FrCs2TiF6,False,False,True,False
Cs2PmTlF6,Pm,Tl,F,4.46644,insulator,False,True,0.85519,3.62701,0.59669,2.44078,4.81324,0.01300,Cs2PmTlF6,False,False,True,False
Cs2TlCmF6,Tl,Cm,F,5.03561,insulator,False,True,0.86295,3.81827,0.84649,2.13543,5.50111,0.02448,Cs2CmTlF6,False,False,True,False
Cs2LiNiF6,Li,Ni,F,1.84446,semiconductor,False,False,0.53750,2.82904,0.48735,1.86017,3.79790,0.04524,Cs2LiNiF6,False,False,True,False
Cs2LiAsF6,Li,As,F,5.87051,insulator,False,False,0.98480,4.50426,0.31585,3.87634,5.13218,0.00008,Cs2LiAsF6,False,False,True,False
Cs2TlAmF6,Tl,Am,F,3.21514,semiconductor,False,True,0.60442,2.19899,0.51535,1.17447,3.22352,0.19657,Cs2AmTlF6,False,False,True,False
Cs2ScPdF6,Sc,Pd,F,2.58779,semiconductor,False,False,0.66921,1.49796,0.91932,-0.32969,3.32560,0.31077,Cs2ScPdF6,False,False,True,False
Cs2LiCoF6,Li,Co,F,4.71303,insulator,False,False,0.91128,3.23101,0.31590,2.60299,3.85903,0.00422,Cs2LiCoF6,False,False,True,False
Cs2RbSmF6,Rb,Sm,F,5.63496,insulator,False,True,0.95980,6.25950,0.53510,5.19570,7.32330,0.00000,Cs2RbSmF6,False,False,True,False
Cs2IrFrF6,Ir,Fr,F,4.47210,insulator,False,True,0.86222,2.08918,0.51785,1.05968,3.11868,0.23633,FrCs2IrF6,False,False,True,False
Cs2NdPbF6,Nd,Pb,F,0.39083,semiconductor,False,True,0.87053,3.78976,0.61673,2.56369,5.01583,0.01123,Cs2NdPbF6,False,False,True,False
Cs2CaRaF6,Ca,Ra,F,7.79384,insulator,False,True,0.92099,5.92983,0.56344,4.80968,7.04997,0.00025,Cs2RaCaF6,False,False,True,False
Cs2RuFrF6,Ru,Fr,F,2.72713,semiconductor,False,True,0.55072,1.66099,0.68177,0.30561,3.01636,0.36361,FrCs2RuF6,False,False,True,False
Cs2NdTlF6,Nd,Tl,F,5.24534,insulator,True,True,0.90447,3.94687,0.59466,2.76466,5.12908,0.00793,Cs2NdTlF6,False,False,True,False
Cs2MoFrF6,Mo,Fr,F,3.43416,semiconductor,False,True,0.89613,3.08250,0.77578,1.54023,4.62478,0.06195,FrCs2MoF6,False,False,True,False
Cs2PrTlF6,Pr,Tl,F,5.01945,insulator,False,True,0.87448,4.34977,0.62774,3.10181,5.59773,0.00515,Cs2PrTlF6,False,False,True,False
Cs2RbCmF6,Rb,Cm,F,5.24170,insulator,False,True,0.96068,4.31021,0.61357,3.09042,5.53000,0.00506,Cs2RbCmF6,False,False,True,False
Cs2RbPmF6,Rb,Pm,F,5.87284,insulator,False,True,0.95512,5.95948,0.66793,4.63161,7.28735,0.00076,Cs2RbPmF6,False,False,True,False
Cs2AuAcF6,Au,Ac,F,3.23733,semiconductor,False,True,0.93134,2.49967,0.61104,1.28491,3.71444,0.12652,Cs2AcAuF6,False,False,True,False
Cs2YbRaF6,Yb,Ra,F,0.02236,metallic,False,True,0.38627,6.53065,0.62700,5.28415,7.77715,0.00025,Cs2RaYbF6,False,False,False,False
Cs2RbAmF6,Rb,Am,F,3.57214,semiconductor,False,True,0.77759,2.45284,0.65509,1.15050,3.75517,0.13876,Cs2RbAmF6,False,False,True,False
Cs2HgRaF6,Hg,Ra,F,4.94450,insulator,False,True,0.81435,3.00476,0.65246,1.70764,4.30188,0.05520,Cs2RaHgF6,False,False,True,False
Cs2NdAmF6,Nd,Am,F,0.02306,metallic,False,True,0.39477,4.43525,0.79350,2.85775,6.01276,0.00827,Cs2NdAmF6,False,False,False,False
Cs2KAcF6,K,Ac,F,7.62373,insulator,False,True,0.97631,5.69349,0.46899,4.76111,6.62586,0.00000,Cs2KAcF6,False,False,True,False
Cs2TlPuF6,Tl,Pu,F,3.25023,semiconductor,False,True,0.87369,3.90558,0.80684,2.30155,5.50960,0.01950,Cs2PuTlF6,False,False,True,False
Cs2NAgF6,N,Ag,F,1.93648,semiconductor,False,False,0.92490,1.59903,0.67110,0.26486,2.93319,0.38471,Cs2AgNF6,False,False,True,False
Cs2CuCuF6,Cu,Cu,F,2.95993,semiconductor,False,False,0.16244,1.25881,0.58287,0.10005,2.41758,0.48633,CsCuF3,False,False,True,False
Cs2BeTiF6,Be,Ti,F,3.14871,semiconductor,False,False,0.29114,2.76162,1.02541,0.72308,4.80017,0.11470,Cs2TiBeF6,False,False,True,False
Cs2BePdF6,Be,Pd,F,3.39683,semiconductor,True,False,0.67038,2.55681,0.62819,1.30794,3.80568,0.11656,Cs2BePdF6,False,False,True,False
Cs2PdTaF6,Pd,Ta,F,0.80502,semiconductor,False,False,0.39943,0.49055,0.98049,-1.45869,2.43980,0.21421,Cs2TaPdF6,False,False,True,False
Cs2NbPdF6,Nb,Pd,F,1.15957,semiconductor,False,False,0.29193,1.10729,0.94146,-0.76437,2.97895,0.31499,Cs2NbPdF6,False,False,True,True
Cs2RbNdF6,Rb,Nd,F,5.96714,insulator,False,True,0.97141,6.06981,0.50549,5.06487,7.07475,0.00000,Cs2RbNdF6,False,False,True,False
Cs2AlCuF6,Al,Cu,F,4.14131,insulator,False,False,0.59476,2.47112,0.91006,0.66189,4.28035,0.15260,Cs2AlCuF6,False,False,True,False
Cs2CeTlF6,Ce,Tl,F,3.83881,semiconductor,False,True,0.79722,3.26085,1.07199,1.12969,5.39201,0.07216,Cs2CeTlF6,False,False,True,False
Cs2TlNpF6,Tl,Np,F,2.05973,semiconductor,False,True,0.89242,3.82367,1.23750,1.36348,6.28386,0.04786,Cs2NpTlF6,False,False,True,False
Cs2TmRaF6,Tm,Ra,F,0.02240,metallic,False,True,0.42016,6.47280,0.56706,5.34546,7.60013,0.00000,Cs2RaTmF6,False,False,False,False
Cs2RbPrF6,Rb,Pr,F,4.71139,insulator,False,True,0.96588,6.05402,0.50769,5.04472,7.06333,0.00000,Cs2RbPrF6,False,False,True,False
Cs2LiCuF6,Li,Cu,F,3.23757,semiconductor,False,False,0.69282,1.70944,0.42824,0.85809,2.56079,0.46860,Cs2LiCuF6,True,False,True,False
Cs2LiAlF6,Li,Al,F,9.50754,insulator,False,False,0.96699,6.91688,0.54449,5.83442,7.99934,0.00008,Cs2LiAlF6,True,False,True,False
Cs2NbFrF6,Nb,Fr,F,1.78226,semiconductor,False,True,0.23154,2.48785,1.17257,0.15674,4.81895,0.14357,FrCs2NbF6,False,False,True,True
Cs2RbPuF6,Rb,Pu,F,2.79393,semiconductor,False,True,0.89729,4.41879,0.66088,3.10495,5.73263,0.00540,Cs2RbPuF6,False,False,True,False
Cs2BaEuF6,Ba,Eu,F,0.09618,half-metal,False,True,0.10289,1.45075,0.75472,-0.04967,2.95117,0.37525,Cs2BaEuF6,False,False,False,False
Cs2TaFrF6,Ta,Fr,F,0.39002,semiconductor,False,True,0.31071,2.25522,1.21251,-0.15529,4.66573,0.16568,FrCs2TaF6,False,False,True,False
Cs2BNaF6,B,Na,F,8.51727,insulator,False,False,0.95988,6.49612,0.30897,5.88188,7.11035,0.00008,Cs2NaBF6,False,False,True,False
Cs2TlUF6,Tl,U,F,0.63709,semiconductor,False,True,0.84000,2.92026,1.16151,0.61114,5.22939,0.10246,Cs2UTlF6,False,False,True,False
Cs2RbCeF6,Rb,Ce,F,3.32224,semiconductor,False,True,0.74921,0.41118,0.55496,-0.69210,1.51446,0.14163,Cs2RbCeF6,False,False,True,False
Cs2SrBaF6,Sr,Ba,F,7.78878,insulator,False,True,0.91396,6.36153,0.45676,5.45347,7.26958,0.00008,Cs2BaSrF6,False,False,True,False
Cs2TlBiF6,Tl,Bi,F,3.89113,semiconductor,False,True,0.93523,3.11745,0.61791,1.88902,4.34588,0.04060,Cs2TlBiF6,True,False,True,False
Cs2RbNpF6,Rb,Np,F,1.53158,semiconductor,False,True,0.94018,4.89955,0.71876,3.47063,6.32848,0.00371,Cs2RbNpF6,False,False,True,True
Cs2MoPdF6,Mo,Pd,F,1.49476,semiconductor,True,False,0.70694,1.55985,0.65407,0.25955,2.86016,0.40378,Cs2MoPdF6,False,False,True,True
Cs2LaTlF6,La,Tl,F,5.60566,insulator,False,True,0.89795,4.61948,0.63936,3.34842,5.89054,0.00346,Cs2LaTlF6,False,False,True,False
Cs2BaPbF6,Ba,Pb,F,5.75187,insulator,False,True,0.84237,4.46745,0.58355,3.30733,5.62756,0.00287,Cs2BaPbF6,False,False,True,False
Cs2TlPaF6,Tl,Pa,F,0.01908,metallic,False,True,0.85220,3.54029,1.08188,1.38949,5.69109,0.05562,Cs2PaTlF6,False,False,False,False
Cs2RuPdF6,Ru,Pd,F,2.28769,semiconductor,False,False,0.47586,1.32688,0.46103,0.41033,2.24342,0.57909,Cs2PdRuF6,False,False,True,False
Cs2PdIrF6,Pd,Ir,F,1.86454,semiconductor,False,False,0.34348,0.61574,0.45495,-0.28873,1.52020,0.19936,Cs2IrPdF6,False,False,True,False
Cs2ScFrF6,Sc,Fr,F,7.87347,insulator,False,True,0.96503,6.40540,0.56017,5.29177,7.51903,0.00000,FrCs2ScF6,False,False,True,False
Cs2AgFrF6,Ag,Fr,F,2.40283,semiconductor,True,True,0.72745,1.61928,0.61937,0.38796,2.85061,0.40446,FrCs2AgF6,False,False,True,False
Cs2RbBiF6,Rb,Bi,F,6.17462,insulator,False,True,0.98065,4.74623,0.23629,4.27648,5.21599,0.00000,Cs2RbBiF6,True,False,True,False
Cs2DyRaF6,Dy,Ra,F,0.02148,metallic,False,True,0.48347,6.27891,0.40282,5.47810,7.07972,0.00000,Cs2RaDyF6,False,False,False,False
Cs2TiPdF6,Ti,Pd,F,1.04700,semiconductor,False,False,0.66122,1.71260,1.08032,-0.43511,3.86032,0.24088,Cs2TiPdF6,False,False,True,True
Cs2RbLaF6,Rb,La,F,7.80379,insulator,False,True,0.97857,5.91829,0.42486,5.07366,6.76292,0.00008,Cs2RbLaF6,False,False,True,False
Cs2RhPdF6,Rh,Pd,F,1.07012,semiconductor,False,False,0.43556,1.27838,0.50779,0.26887,2.28789,0.54009,Cs2PdRhF6,False,False,True,True
Cs2BePtF6,Be,Pt,F,3.29773,semiconductor,True,False,0.65248,2.31486,0.60488,1.11235,3.51738,0.16779,Cs2BePtF6,False,False,True,False
Cs2PdFrF6,Pd,Fr,F,1.29159,semiconductor,False,True,0.65938,1.69089,0.63012,0.43820,2.94358,0.37373,FrCs2PdF6,False,False,True,True
Cs2SbFrF6,Sb,Fr,F,4.72276,insulator,False,True,0.98172,3.34965,0.37020,2.61368,4.08562,0.00540,FrCs2SbF6,False,False,True,False
Cs2BeVF6,Be,V,F,4.75431,insulator,False,False,0.69520,2.95885,1.03334,0.90454,5.01316,0.09681,Cs2BeVF6,False,False,True,False
Cs2BaSmF6,Ba,Sm,F,0.01860,metallic,False,True,0.46490,5.88470,0.72500,4.44337,7.32602,0.00110,Cs2BaSmF6,False,False,False,False
Cs2AuThF6,Au,Th,F,0.97932,semiconductor,True,True,0.76189,2.36594,0.84187,0.69228,4.03960,0.16805,Cs2ThAuF6,False,False,True,False
Cs2RaNpF6,Ra,Np,F,0.02106,metallic,False,True,0.52636,5.32093,0.64023,4.04814,6.59372,0.00127,Cs2RaNpF6,False,False,False,False
Cs2KThF6,K,Th,F,0.01926,metallic,False,True,0.80178,5.12610,0.69144,3.75150,6.50070,0.00186,Cs2KThF6,False,False,False,False
Cs2BeCrF6,Be,Cr,F,2.79870,semiconductor,False,False,0.70824,2.66875,0.88687,0.90561,4.43188,0.11994,Cs2BeCrF6,False,False,True,False
Cs2TiSrBr6,Ti,Sr,Br,2.24931,semiconductor,False,True,0.48143,1.25327,0.47006,0.31877,2.18776,0.56600,Cs2SrTiBr6,False,False,True,False
Cs2AuHgBr6,Au,Hg,Br,0.01252,metallic,False,True,0.39537,1.16367,0.33782,0.49208,1.83526,0.64348,Cs2HgAuBr6,True,False,False,False
Cs2AgErBr6,Ag,Er,Br,3.36694,semiconductor,True,True,0.90395,2.39121,0.28353,1.82755,2.95487,0.05351,Cs2ErAgBr6,False,False,True,False
Cs2NiBaBr6,Ni,Ba,Br,3.54206,semiconductor,True,False,0.72647,1.87442,0.40024,1.07873,2.67011,0.36150,Cs2BaNiBr6,False,False,True,False
Cs2SrPdBr6,Sr,Pd,Br,1.72418,semiconductor,True,True,0.77922,1.60100,0.31586,0.97305,2.22894,0.64922,Cs2SrPdBr6,False,False,True,True
Cs2TiAuBr6,Ti,Au,Br,1.82511,semiconductor,False,False,0.37156,1.12743,0.41079,0.31076,1.94409,0.56305,Cs2TiAuBr6,False,False,True,False
Cs2MnNdBr6,Mn,Nd,Br,0.88420,semiconductor,True,False,0.88379,2.02100,0.41466,1.19664,2.84536,0.26258,Cs2NdMnBr6,False,False,True,False
Cs2FeBaBr6,Fe,Ba,Br,3.62867,semiconductor,False,False,0.79799,1.68855,0.42299,0.84763,2.52947,0.48447,Cs2BaFeBr6,False,False,True,False
Cs2KRhBr6,K,Rh,Br,3.01412,semiconductor,False,False,0.92695,1.97085,0.27608,1.42200,2.51970,0.26536,Cs2KRhBr6,False,False,True,False
Cs2NaUBr6,Na,U,Br,2.62958,semiconductor,False,True,0.96708,2.54324,0.59860,1.35320,3.73327,0.11437,Cs2NaUBr6,False,False,True,False
Cs2AgTlBr6,Ag,Tl,Br,0.03815,metallic,False,True,0.25258,0.77418,0.36206,0.05439,1.49398,0.27633,Cs2TlAgBr6,True,False,False,False
Cs2RhAuBr6,Rh,Au,Br,0.49271,semiconductor,False,False,0.63377,0.85733,0.31350,0.23407,1.48058,0.33879,Cs2RhAuBr6,False,False,True,False
Cs2AlTlBr6,Al,Tl,Br,3.40868,semiconductor,False,False,0.92988,2.84287,0.43649,1.97511,3.71063,0.03165,Cs2AlTlBr6,True,False,True,False
Cs2CoBaBr6,Co,Ba,Br,3.64261,semiconductor,True,False,0.84779,1.95201,0.37772,1.20109,2.70293,0.30495,Cs2BaCoBr6,False,False,True,False
Cs2NaBiBr6,Na,Bi,Br,3.91780,semiconductor,False,True,0.98560,3.27313,0.20791,2.85979,3.68646,0.00042,Cs2NaBiBr6,True,False,True,False
Cs2YAgBr6,Y,Ag,Br,4.71760,insulator,False,True,0.96137,2.92830,0.35740,2.21777,3.63883,0.01460,Cs2YAgBr6,True,False,True,False
Cs2KTiBr6,K,Ti,Br,2.41428,semiconductor,False,False,0.75091,1.58939,0.51193,0.57165,2.60713,0.47738,Cs2KTiBr6,False,False,True,False
Cs2TiPbBr6,Ti,Pb,Br,1.75554,semiconductor,False,True,0.81423,1.87285,0.42854,1.02090,2.72480,0.35787,Cs2TiPbBr6,False,False,True,True
Cs2IrAuBr6,Ir,Au,Br,0.89744,semiconductor,False,False,0.69320,0.87137,0.29777,0.27940,1.46335,0.34841,Cs2IrAuBr6,False,False,True,False
Cs2PdPbBr6,Pd,Pb,Br,0.01240,metallic,False,True,0.66553,0.98236,0.31640,0.35334,1.61137,0.48692,Cs2PdPbBr6,False,False,False,False
Cs2RuAuBr6,Ru,Au,Br,0.75497,semiconductor,True,False,0.54471,0.92275,0.34503,0.23681,1.60868,0.42049,Cs2RuAuBr6,False,False,True,False
Cs2TmYbBr6,Tm,Yb,Br,2.29987,semiconductor,False,True,0.25595,3.83149,0.36104,3.11374,4.54924,0.00160,Cs2YbTmBr6,False,False,True,False
Cs2AgHoBr6,Ag,Ho,Br,3.81476,semiconductor,True,True,0.95741,2.55713,0.25643,2.04734,3.06692,0.01975,Cs2HoAgBr6,False,False,True,False
Cs2LuHgBr6,Lu,Hg,Br,0.02486,metallic,False,True,0.27227,2.66231,0.38829,1.89039,3.43424,0.04237,Cs2LuHgBr6,False,False,False,False
Cs2NaLaBr6,Na,La,Br,5.61135,insulator,False,True,0.98729,4.07569,0.35561,3.36873,4.78264,0.00093,Cs2NaLaBr6,True,False,True,False
Cs2CaTmBr6,Ca,Tm,Br,2.13200,semiconductor,False,True,0.39924,3.87530,0.32988,3.21949,4.53112,0.00101,Cs2CaTmBr6,False,False,True,False
Cs2TiEuBr6,Ti,Eu,Br,2.02103,semiconductor,False,True,0.72688,0.68785,0.40222,-0.11177,1.48747,0.22375,Cs2EuTiBr6,False,False,True,False
Cs2ZnNdBr6,Zn,Nd,Br,0.56444,semiconductor,True,False,0.64522,2.60434,0.36111,1.88644,3.32224,0.04321,Cs2NdZnBr6,False,False,True,False
Cs2NaNpBr6,Na,Np,Br,3.51040,semiconductor,False,True,0.96911,2.47354,0.77041,0.94193,4.00515,0.14652,Cs2NaNpBr6,False,False,True,False
Cs2AgTmBr6,Ag,Tm,Br,2.40720,semiconductor,False,True,0.91496,2.38121,0.29766,1.78945,2.97298,0.06085,Cs2TmAgBr6,False,False,True,False
Cs2NaCeBr6,Na,Ce,Br,4.62080,insulator,False,True,0.97450,2.69688,1.10102,0.50802,4.88574,0.12432,Cs2NaCeBr6,True,False,True,False
Cs2CrNdBr6,Cr,Nd,Br,0.69387,semiconductor,False,False,0.86753,1.18234,0.33831,0.50976,1.85492,0.65319,Cs2NdCrBr6,False,False,True,False
Cs2AlRbBr6,Al,Rb,Br,4.71510,insulator,False,False,0.97052,3.21326,0.27804,2.66050,3.76602,0.00228,Cs2RbAlBr6,True,False,True,False
Cs2YbHgBr6,Yb,Hg,Br,0.02366,half-metal,False,True,0.44365,2.42392,0.40467,1.61942,3.22842,0.09141,Cs2YbHgBr6,False,False,False,False
Cs2KRuBr6,K,Ru,Br,1.79417,semiconductor,False,False,0.85685,1.47283,0.28988,0.89655,2.04912,0.76266,Cs2KRuBr6,False,False,True,True
Cs2NaPaBr6,Na,Pa,Br,1.19653,semiconductor,False,True,0.96565,2.75120,0.65437,1.45029,4.05210,0.08643,Cs2NaPaBr6,False,False,True,True
Cs2MoAuBr6,Mo,Au,Br,1.45714,semiconductor,False,False,0.55737,0.64255,0.31934,0.00770,1.27740,0.14298,Cs2MoAuBr6,False,False,True,True
Cs2KIrBr6,K,Ir,Br,3.05799,semiconductor,False,False,0.90167,1.71942,0.27528,1.17216,2.26669,0.56069,Cs2KIrBr6,False,False,True,False
Cs2CuRbBr6,Cu,Rb,Br,1.05573,semiconductor,False,False,0.74675,1.02824,0.29170,0.44833,1.60814,0.54186,Cs2RbCuBr6,False,False,True,True
Cs2AgDyBr6,Ag,Dy,Br,3.76571,semiconductor,False,True,0.92716,2.56341,0.27743,2.01187,3.11494,0.02490,Cs2DyAgBr6,False,False,True,False
Cs2CaHgBr6,Ca,Hg,Br,3.03150,semiconductor,False,True,0.77509,2.47259,0.38785,1.70152,3.24366,0.07385,Cs2CaHgBr6,False,False,True,False
Cs2SmPtBr6,Sm,Pt,Br,0.07384,half-metal,False,False,0.80923,1.43261,0.27530,0.88531,1.97991,0.79136,Cs2SmPtBr6,False,False,False,False
Cs2CdDyBr6,Cd,Dy,Br,0.03231,half-metal,True,True,0.72689,2.47542,0.30577,1.86754,3.08330,0.04558,Cs2DyCdBr6,False,False,False,False
Cs2NaPuBr6,Na,Pu,Br,3.36317,semiconductor,False,True,0.94637,3.18693,0.38838,2.41482,3.95904,0.00945,Cs2NaPuBr6,False,False,True,False
Cs2CaYbBr6,Ca,Yb,Br,2.94065,semiconductor,False,True,0.48456,4.01247,0.38544,3.24620,4.77873,0.00127,Cs2CaYbBr6,False,False,True,False
Cs2GeNdBr6,Ge,Nd,Br,0.57978,semiconductor,False,False,0.94895,2.60407,0.35998,1.88842,3.31972,0.04262,Cs2NdGeBr6,False,False,True,False
Cs2KVBr6,K,V,Br,2.73145,semiconductor,False,False,0.48107,1.84472,0.46377,0.92273,2.76671,0.36985,Cs2KVBr6,False,False,True,False
Cs2CaDyBr6,Ca,Dy,Br,0.92337,semiconductor,True,True,0.42710,3.75457,0.30914,3.13998,4.36915,0.00101,Cs2CaDyBr6,False,False,True,False
Cs2AgYbBr6,Ag,Yb,Br,1.74243,semiconductor,False,True,0.53799,2.51418,0.35655,1.80534,3.22302,0.05461,Cs2YbAgBr6,False,False,True,True
Cs2TiAmBr6,Ti,Am,Br,1.84380,semiconductor,True,True,0.65020,0.65102,0.37364,-0.09179,1.39383,0.18180,Cs2AmTiBr6,False,False,True,False
Cs2BFrBr6,B,Fr,Br,3.16547,semiconductor,False,False,0.88451,1.25432,0.27045,0.71667,1.79198,0.76553,FrCs2BBr6,False,False,True,False
Cs2MgBaBr6,Mg,Ba,Br,5.42338,insulator,False,False,0.96913,4.72837,0.41239,3.90852,5.54822,0.00034,Cs2BaMgBr6,False,False,True,False
Cs2KMoBr6,K,Mo,Br,3.39038,semiconductor,True,False,0.91662,1.52570,0.28659,0.95596,2.09544,0.74266,Cs2KMoBr6,True,False,True,False
Cs2TmHgBr6,Tm,Hg,Br,0.02322,half-metal,False,True,0.52923,2.33426,0.34332,1.65173,3.01679,0.09318,Cs2TmHgBr6,False,False,False,False
Cs2AgLuBr6,Ag,Lu,Br,4.46870,insulator,False,True,0.95199,2.64714,0.33803,1.97512,3.31916,0.02996,Cs2LuAgBr6,False,False,True,False
Cs2VAuBr6,V,Au,Br,1.68024,semiconductor,False,False,0.41843,0.76324,0.38139,0.00502,1.52146,0.27507,Cs2VAuBr6,False,False,True,True
Cs2PtAmBr6,Pt,Am,Br,0.23841,semiconductor,False,False,0.65453,0.79514,0.30435,0.19008,1.40021,0.26317,Cs2AmPtBr6,False,False,True,False
Cs2NaPrBr6,Na,Pr,Br,4.31339,insulator,False,True,0.98285,4.11218,0.30339,3.50902,4.71534,0.00034,Cs2NaPrBr6,True,False,True,False
Cs2VSmBr6,V,Sm,Br,2.00712,semiconductor,True,False,0.70345,0.97186,0.38001,0.21639,1.72734,0.46793,Cs2SmVBr6,False,False,True,False
Cs2MgNdBr6,Mg,Nd,Br,1.41665,semiconductor,False,False,0.63333,3.04760,0.37771,2.29670,3.79849,0.01232,Cs2NdMgBr6,False,False,True,True
Cs2AgTbBr6,Ag,Tb,Br,4.59990,insulator,False,True,0.90625,2.65647,0.32870,2.00301,3.30993,0.02777,Cs2TbAgBr6,False,False,True,False
Cs2HgTlBr6,Hg,Tl,Br,0.01278,metallic,False,True,0.20069,1.23383,0.45391,0.33143,2.13622,0.57411,Cs2TlHgBr6,True,False,False,False
Cs2CoTlBr6,Co,Tl,Br,1.92472,semiconductor,False,False,0.52130,1.13503,0.36693,0.40556,1.86450,0.59985,Cs2TlCoBr6,False,False,True,False
Cs2NaNdBr6,Na,Nd,Br,3.96484,semiconductor,False,True,0.98132,4.33867,0.25776,3.82625,4.85110,0.00008,Cs2NaNdBr6,True,False,True,False
Cs2NiTlBr6,Ni,Tl,Br,0.01266,metallic,False,False,0.32423,1.18259,0.40267,0.38207,1.98311,0.59748,Cs2TlNiBr6,False,False,False,False
Cs2VNdBr6,V,Nd,Br,1.19056,semiconductor,False,False,0.79557,1.07469,0.35136,0.37618,1.77321,0.56592,Cs2NdVBr6,False,False,True,True
Cs2ErHgBr6,Er,Hg,Br,0.02300,half-metal,True,True,0.50780,2.21745,0.32357,1.57418,2.86072,0.12719,Cs2ErHgBr6,False,False,False,False
Cs2CuBaBr6,Cu,Ba,Br,1.15709,semiconductor,False,False,0.74383,2.10796,0.32402,1.46379,2.75213,0.18341,Cs2BaCuBr6,False,False,True,True
Cs2GeBaBr6,Ge,Ba,Br,4.01944,insulator,False,False,0.95722,2.69687,0.35285,1.99540,3.39834,0.02853,Cs2BaGeBr6,False,False,True,False
Cs2TiSmBr6,Ti,Sm,Br,1.36848,semiconductor,False,True,0.82214,1.14620,0.40833,0.33444,1.95796,0.57419,Cs2SmTiBr6,False,False,True,True
Cs2AsTlBr6,As,Tl,Br,1.36814,semiconductor,False,False,0.91109,1.21766,0.39439,0.43361,2.00171,0.61698,Cs2TlAsBr6,True,False,True,True
Cs2AgAuBr6,Ag,Au,Br,0.01284,metallic,False,True,0.31678,0.74988,0.33240,0.08906,1.41071,0.23624,Cs2AgAuBr6,True,False,False,False
Cs2VAmBr6,V,Am,Br,2.31870,semiconductor,False,False,0.40963,0.76600,0.37814,0.01425,1.51775,0.27600,Cs2AmVBr6,False,False,True,False
Cs2KGaBr6,K,Ga,Br,3.44248,semiconductor,False,False,0.97679,2.22132,0.28860,1.64758,2.79506,0.10829,Cs2KGaBr6,True,False,True,False
Cs2KCrBr6,K,Cr,Br,3.03261,semiconductor,True,False,0.90104,1.91327,0.30850,1.29995,2.52658,0.32765,Cs2KCrBr6,False,False,True,False
Cs2NaAmBr6,Na,Am,Br,2.65937,semiconductor,False,True,0.82053,2.87418,0.33150,2.21515,3.53322,0.01384,Cs2NaAmBr6,False,False,True,False
Cs2AgGdBr6,Ag,Gd,Br,4.60025,insulator,False,True,0.93550,2.32937,0.60914,1.11838,3.54037,0.16433,Cs2GdAgBr6,False,False,True,False
Cs2KMnBr6,K,Mn,Br,0.37693,semiconductor,False,False,0.87620,2.16979,0.27119,1.63065,2.70893,0.12112,Cs2KMnBr6,False,False,True,False
Cs2NbAuBr6,Nb,Au,Br,1.08535,semiconductor,False,False,0.41025,0.60528,0.34902,-0.08857,1.29913,0.14011,Cs2NbAuBr6,False,False,True,True
Cs2ZnBaBr6,Zn,Ba,Br,4.76954,insulator,False,False,0.93415,3.65094,0.39352,2.86860,4.43327,0.00279,Cs2BaZnBr6,False,False,True,False
Cs2NdPtBr6,Nd,Pt,Br,1.00396,semiconductor,False,False,0.89293,1.52567,0.24291,1.04275,2.00859,0.80486,Cs2NdPtBr6,False,False,True,True
Cs2TaAuBr6,Ta,Au,Br,0.13995,semiconductor,False,False,0.43951,0.78959,0.40938,-0.02427,1.60346,0.30756,Cs2TaAuBr6,False,False,True,False
Cs2YHgBr6,Y,Hg,Br,0.13575,semiconductor,True,True,0.22300,2.62808,0.35022,1.93184,3.32432,0.03562,Cs2YHgBr6,True,False,True,False
Cs2PCuF6,P,Cu,F,2.96837,semiconductor,False,False,0.91462,1.34992,0.46407,0.42733,2.27251,0.57638,Cs2CuPF6,False,False,True,False
Cs2GaPdF6,Ga,Pd,F,2.20587,semiconductor,False,False,0.52845,2.44962,0.62812,1.20090,3.69834,0.13741,Cs2GaPdF6,False,False,True,False
Cs2HoHgBr6,Ho,Hg,Br,0.10077,semiconductor,True,True,0.42774,2.25339,0.29900,1.65897,2.84780,0.09934,Cs2HoHgBr6,False,False,True,False
Cs2GaAuBr6,Ga,Au,Br,0.03160,metallic,False,False,0.25764,0.39314,0.36180,-0.32613,1.11242,0.06322,Cs2GaAuBr6,True,False,False,False
Cs2NaCmBr6,Na,Cm,Br,5.40671,insulator,False,True,0.96521,2.45509,0.62185,1.21884,3.69134,0.13623,Cs2NaCmBr6,False,False,True,False
Cs2PtPbBr6,Pt,Pb,Br,0.01250,half-metal,True,False,0.72880,1.14577,0.35285,0.44428,1.84725,0.61749,Cs2PtPbBr6,False,False,False,False
Cs2NaPmBr6,Na,Pm,Br,3.36000,semiconductor,False,True,0.97864,4.48285,0.27037,3.94535,5.02036,0.00008,Cs2NaPmBr6,False,False,True,False
Cs2InHgBr6,In,Hg,Br,0.01282,metallic,False,False,0.15779,0.98819,0.40295,0.18712,1.78926,0.47468,Cs2InHgBr6,True,False,False,False
Cs2CrAuBr6,Cr,Au,Br,0.70621,semiconductor,False,False,0.52624,0.69542,0.32443,0.05044,1.34040,0.18358,Cs2CrAuBr6,False,False,True,False
Cs2CoNdBr6,Co,Nd,Br,1.23553,semiconductor,False,False,0.89057,1.38771,0.36734,0.65743,2.11798,0.67843,Cs2NdCoBr6,False,False,True,True
Cs2FeNdBr6,Fe,Nd,Br,0.04326,half-metal,False,False,0.91221,1.54448,0.37169,0.80555,2.28341,0.62348,Cs2NdFeBr6,False,False,False,False
Cs2AgEuBr6,Ag,Eu,Br,0.83080,semiconductor,False,True,0.57534,1.55040,0.43959,0.67647,2.42433,0.55284,Cs2EuAgBr6,False,False,True,False
Cs2CoRbBr6,Co,Rb,Br,2.66576,semiconductor,False,False,0.96282,1.77348,0.39079,0.99658,2.55038,0.43923,Cs2RbCoBr6,False,False,True,False
Cs2FeTlBr6,Fe,Tl,Br,0.85233,semiconductor,True,False,0.53708,1.23619,0.34001,0.56023,1.91216,0.67463,Cs2TlFeBr6,False,False,True,False
Cs2MnAuBr6,Mn,Au,Br,0.02438,half-metal,False,False,0.52223,1.05822,0.37589,0.31094,1.80550,0.53823,Cs2MnAuBr6,False,False,False,False
Cs2KNbBr6,K,Nb,Br,1.46612,semiconductor,False,False,0.57695,1.29715,0.38740,0.52699,2.06731,0.64483,Cs2KNbBr6,False,False,True,True
Cs2NiRbBr6,Ni,Rb,Br,0.13119,semiconductor,False,False,0.87673,1.91214,0.34184,1.23254,2.59174,0.33271,Cs2RbNiBr6,False,False,True,False
Cs2KTaBr6,K,Ta,Br,1.14654,semiconductor,False,False,0.36170,1.19443,0.41083,0.37769,2.01118,0.59554,Cs2KTaBr6,True,False,True,True
Cs2MnBaBr6,Mn,Ba,Br,4.71308,insulator,True,False,0.77369,2.42473,0.39675,1.63598,3.21348,0.08888,Cs2BaMnBr6,False,False,True,False
Cs2AsRbBr6,As,Rb,Br,3.70460,semiconductor,False,False,0.99275,3.00722,0.19769,2.61420,3.40023,0.00118,Cs2RbAsBr6,True,False,True,False
Cs2VPbBr6,V,Pb,Br,3.05793,semiconductor,False,False,0.75995,1.36730,0.41669,0.53891,2.19569,0.62416,Cs2VPbBr6,False,False,True,False
Cs2NiNdBr6,Ni,Nd,Br,1.08500,semiconductor,False,False,0.92942,1.76019,0.38557,0.99365,2.52672,0.45198,Cs2NdNiBr6,False,False,True,True
Cs2CdTmBr6,Cd,Tm,Br,0.02284,half-metal,False,True,0.67441,2.73137,0.33309,2.06917,3.39356,0.02296,Cs2TmCdBr6,False,False,False,False
Cs2SrPtBr6,Sr,Pt,Br,1.63395,semiconductor,True,False,0.66777,1.53793,0.30856,0.92451,2.15135,0.70527,Cs2SrPtBr6,False,False,True,True
Cs2DyHgBr6,Dy,Hg,Br,0.03286,half-metal,True,True,0.46224,2.17246,0.26707,1.64152,2.70341,0.11740,Cs2DyHgBr6,False,False,False,False
Cs2CuThBr6,Cu,Th,Br,0.25411,semiconductor,False,False,0.71457,1.42570,0.41708,0.59654,2.25487,0.61985,Cs2ThCuBr6,False,False,True,False
Cs2NaSmBr6,Na,Sm,Br,2.58042,semiconductor,False,True,0.97052,4.60062,0.31790,3.96863,5.23262,0.00008,Cs2NaSmBr6,False,False,True,False
Cs2KFeBr6,K,Fe,Br,2.60573,semiconductor,False,False,0.89445,1.56093,0.39932,0.76708,2.35479,0.58558,Cs2KFeBr6,False,False,True,False
Cs2CrAmBr6,Cr,Am,Br,0.44233,semiconductor,True,False,0.57247,0.72576,0.35134,0.02729,1.42423,0.22654,Cs2AmCrBr6,False,False,True,False
Cs2AgSmBr6,Ag,Sm,Br,1.91372,semiconductor,False,True,0.92131,2.78112,0.38647,2.01280,3.54943,0.02760,Cs2SmAgBr6,False,False,True,False
Cs2CdHgBr6,Cd,Hg,Br,0.75377,semiconductor,False,True,0.67533,1.89638,0.49274,0.91679,2.87596,0.33238,Cs2CdHgBr6,False,False,True,False
Cs2EuPtBr6,Eu,Pt,Br,0.22751,semiconductor,False,False,0.55327,0.75549,0.31263,0.13397,1.37700,0.22848,Cs2EuPtBr6,False,False,True,False
Cs2VSrBr6,V,Sr,Br,3.85619,semiconductor,False,False,0.74437,1.54392,0.42534,0.69834,2.38951,0.56938,Cs2SrVBr6,False,False,True,False
Cs2CdYbBr6,Cd,Yb,Br,0.59041,semiconductor,False,True,0.36585,2.94058,0.40560,2.13423,3.74692,0.02127,Cs2YbCdBr6,False,False,True,False
Cs2MnSmBr6,Mn,Sm,Br,1.83858,semiconductor,False,False,0.83646,2.04134,0.44967,1.14738,2.93531,0.25456,Cs2SmMnBr6,False,False,True,False
Cs2MnTlBr6,Mn,Tl,Br,0.02392,half-metal,False,False,0.46469,1.14628,0.44261,0.26636,2.02621,0.54980,Cs2MnTlBr6,False,False,False,False
Cs2LiThBr6,Li,Th,Br,0.22275,semiconductor,False,False,0.90295,2.74565,0.62165,1.50979,3.98150,0.08060,Cs2LiThBr6,False,False,True,False
Cs2TbHgBr6,Tb,Hg,Br,0.10703,semiconductor,True,True,0.40484,2.18453,0.28994,1.60812,2.76095,0.12492,Cs2TbHgBr6,False,False,True,False
Cs2InFrF6,In,Fr,F,6.75446,insulator,False,True,0.95591,3.52428,0.48606,2.55798,4.49059,0.00962,FrCs2InF6,False,False,True,False
Cs2NaEuBr6,Na,Eu,Br,1.53361,semiconductor,False,True,0.42402,2.21806,0.44195,1.33945,3.09667,0.17049,Cs2NaEuBr6,False,False,True,True
Cs2ScAuBr6,Sc,Au,Br,2.84802,semiconductor,False,False,0.92879,1.79535,0.35758,1.08447,2.50622,0.43501,Cs2ScAuBr6,True,False,True,False
Cs2CrTlBr6,Cr,Tl,Br,2.29942,semiconductor,False,False,0.58735,1.48943,0.34839,0.79683,2.18204,0.67944,Cs2TlCrBr6,False,False,True,False
Cs2CrBaBr6,Cr,Ba,Br,1.86272,semiconductor,False,False,0.77780,1.50281,0.32393,0.85883,2.14680,0.70586,Cs2BaCrBr6,False,False,True,False
Cs2FeRbBr6,Fe,Rb,Br,2.68797,semiconductor,False,False,0.89533,1.49450,0.44254,0.61471,2.37429,0.57259,Cs2RbFeBr6,False,False,True,False
Cs2YbNpBr6,Yb,Np,Br,0.68156,semiconductor,False,True,0.44679,1.60932,0.66418,0.28890,2.92974,0.38412,Cs2YbNpBr6,False,False,True,False
Cs2CdEuBr6,Cd,Eu,Br,0.83123,semiconductor,False,True,0.29050,1.20678,0.49176,0.22915,2.18441,0.53781,Cs2EuCdBr6,False,False,True,False
Cs2GaTlBr6,Ga,Tl,Br,2.06274,semiconductor,False,False,0.94273,1.74782,0.36082,1.03049,2.46516,0.47561,Cs2TlGaBr6,True,False,True,False
Cs2SrAgBr6,Sr,Ag,Br,0.01602,half-metal,False,True,0.83465,2.58561,0.35691,1.87606,3.29516,0.04414,Cs2SrAgBr6,False,False,False,False
Cs2AgPmBr6,Ag,Pm,Br,2.60817,semiconductor,False,True,0.94470,2.91955,0.35507,2.21366,3.62543,0.01460,Cs2PmAgBr6,False,False,True,False
Cs2AgCmBr6,Ag,Cm,Br,3.26617,semiconductor,True,True,0.91878,2.33627,0.53013,1.28236,3.39018,0.15184,Cs2CmAgBr6,False,False,True,False
Cs2VEuBr6,V,Eu,Br,2.65192,semiconductor,False,False,0.46462,0.49687,0.41320,-0.32459,1.31833,0.12323,Cs2EuVBr6,False,False,True,False
Cs2ZnSmBr6,Zn,Sm,Br,0.18655,semiconductor,True,False,0.68451,2.51414,0.45188,1.61579,3.41248,0.08567,Cs2SmZnBr6,False,False,True,False
Cs2KNiBr6,K,Ni,Br,0.11608,semiconductor,False,False,0.87487,1.93658,0.33120,1.27815,2.59500,0.30993,Cs2KNiBr6,False,False,True,False
Cs2NFrBr6,N,Fr,Br,2.38740,semiconductor,False,False,0.98133,2.30961,0.25000,1.81260,2.80661,0.05680,FrCs2Br6N,False,False,True,False
Cs2KAsBr6,K,As,Br,3.71974,semiconductor,False,False,0.99299,2.92811,0.20669,2.51720,3.33902,0.00203,Cs2KAsBr6,True,False,True,False
Cs2PRbBr6,P,Rb,Br,3.32196,semiconductor,False,False,0.99295,2.98498,0.21556,2.55645,3.41352,0.00194,Cs2RbPBr6,False,False,True,False
Cs2MnAmBr6,Mn,Am,Br,1.95666,semiconductor,False,False,0.58614,0.84016,0.43793,-0.03045,1.71078,0.35246,Cs2AmMnBr6,False,False,True,False
Cs2TiNpBr6,Ti,Np,Br,0.97250,semiconductor,False,True,0.79931,1.55310,0.50272,0.55368,2.55253,0.49696,Cs2NpTiBr6,False,False,True,False
Cs2NaGdBr6,Na,Gd,Br,5.37205,insulator,False,True,0.97620,3.22995,0.61154,2.01420,4.44571,0.03047,Cs2NaGdBr6,False,False,True,False
Cs2KCoBr6,K,Co,Br,2.52746,semiconductor,False,False,0.96248,1.74324,0.36990,1.00786,2.47862,0.47620,Cs2KCoBr6,False,False,True,False
Cs2KScBr6,K,Sc,Br,4.77190,insulator,False,False,0.99027,3.37974,0.28268,2.81776,3.94172,0.00177,Cs2KScBr6,True,False,True,False
Cs2AgAmBr6,Ag,Am,Br,1.96630,semiconductor,False,True,0.69980,1.49959,0.40406,0.69631,2.30287,0.61040,Cs2AmAgBr6,False,False,True,False
Cs2CrPbBr6,Cr,Pb,Br,0.73941,semiconductor,False,False,0.78595,1.21536,0.37015,0.47949,1.95122,0.63808,Cs2CrPbBr6,False,False,True,False
Cs2GdHgBr6,Gd,Hg,Br,0.14338,semiconductor,True,True,0.38314,2.17471,0.62639,0.92944,3.41999,0.20991,Cs2GdHgBr6,False,False,True,False
Cs2SbAuBr6,Sb,Au,Br,0.30775,semiconductor,False,False,0.80605,0.37386,0.30389,-0.23029,0.97801,0.03233,Cs2SbAuBr6,True,False,True,False
Cs2SrCdBr6,Sr,Cd,Br,4.52387,insulator,False,True,0.95183,3.43347,0.40789,2.62258,4.24436,0.00633,Cs2SrCdBr6,False,False,True,False
Cs2KAgBr6,K,Ag,Br,0.79425,semiconductor,True,False,0.80156,1.76659,0.29913,1.17192,2.36127,0.48776,Cs2KAgBr6,False,False,True,False
Cs2AgPbBr6,Ag,Pb,Br,0.01284,metallic,False,True,0.66275,1.30276,0.36604,0.57506,2.03047,0.66948,Cs2AgPbBr6,False,False,False,False
Cs2PdHgBr6,Pd,Hg,Br,0.01278,metallic,False,False,0.42452,1.01283,0.28742,0.44143,1.58424,0.52541,Cs2HgPdBr6,False,False,False,False
Cs2AgInBr6,Ag,In,Br,1.22419,semiconductor,False,False,0.50285,0.60855,0.38081,-0.14851,1.36561,0.15960,Cs2InAgBr6,True,True,True,True
Cs2SbHgBr6,Sb,Hg,Br,0.01118,metallic,False,False,0.21870,1.47231,0.39815,0.68078,2.26385,0.62551,Cs2HgSbBr6,True,False,False,False
Cs2CaCdBr6,Ca,Cd,Br,4.29273,insulator,False,True,0.93226,3.33962,0.40812,2.52827,4.15097,0.00793,Cs2CaCdBr6,False,False,True,False
Cs2ZnAmBr6,Zn,Am,Br,0.81398,semiconductor,False,False,0.29076,1.44917,0.42228,0.60966,2.28869,0.60702,Cs2AmZnBr6,False,False,True,False
Cs2AsAuBr6,As,Au,Br,0.18438,semiconductor,False,False,0.74105,0.55169,0.34587,-0.13592,1.23930,0.11285,Cs2AsAuBr6,True,False,True,False
Cs2NiAuBr6,Ni,Au,Br,0.01268,half-metal,False,False,0.51790,0.76172,0.35709,0.05182,1.47162,0.26072,Cs2NiAuBr6,False,False,False,False
Cs2GeSmBr6,Ge,Sm,Br,1.19143,semiconductor,False,False,0.94030,2.24631,0.39364,1.46375,3.02888,0.14686,Cs2SmGeBr6,False,False,True,True
Cs2MnRbBr6,Mn,Rb,Br,0.36415,semiconductor,False,False,0.86469,2.19608,0.29339,1.61281,2.77935,0.12137,Cs2RbMnBr6,False,False,True,False
Cs2AgNdBr6,Ag,Nd,Br,3.23146,semiconductor,True,True,0.95203,3.14388,0.33791,2.47211,3.81566,0.00658,Cs2NdAgBr6,True,False,True,False
Cs2CoAuBr6,Co,Au,Br,0.01276,half-metal,False,False,0.72021,0.60562,0.32935,-0.04914,1.26039,0.12981,Cs2CoAuBr6,False,False,False,False
Cs2CrRbBr6,Cr,Rb,Br,3.16017,semiconductor,True,False,0.89794,1.84737,0.33472,1.18194,2.51281,0.39543,Cs2RbCrBr6,False,False,True,False
Cs2CrSrBr6,Cr,Sr,Br,1.87414,semiconductor,False,False,0.77361,1.46046,0.33709,0.79030,2.13061,0.70299,Cs2SrCrBr6,False,False,True,False
Cs2EuHgBr6,Eu,Hg,Br,0.01918,half-metal,False,True,0.13269,1.19225,0.45061,0.29643,2.08807,0.56347,Cs2EuHgBr6,False,False,False,False
Cs2NaTbBr6,Na,Tb,Br,5.34193,insulator,True,True,0.95327,4.86127,0.24707,4.37009,5.35245,0.00000,Cs2NaTbBr6,False,False,True,False
Cs2KSbBr6,K,Sb,Br,3.62572,semiconductor,False,False,0.99361,3.08862,0.20486,2.68136,3.49588,0.00110,Cs2KSbBr6,True,False,True,False
Cs2AgPrBr6,Ag,Pr,Br,3.32877,semiconductor,False,True,0.94563,3.21417,0.39296,2.43296,3.99538,0.00895,Cs2PrAgBr6,False,False,True,False
Cs2VBaBr6,V,Ba,Br,3.89758,semiconductor,False,False,0.74489,1.64084,0.41571,0.81438,2.46729,0.52372,Cs2BaVBr6,False,False,True,False
Cs2GaRbBr6,Ga,Rb,Br,3.59957,semiconductor,False,False,0.97773,2.26417,0.25392,1.75937,2.76897,0.07200,Cs2RbGaBr6,True,False,True,False
Cs2NaAcBr6,Na,Ac,Br,5.52866,insulator,False,True,0.97237,4.11318,0.32013,3.47675,4.74961,0.00034,Cs2NaAcBr6,False,False,True,False
Cs2VTlBr6,V,Tl,Br,2.35702,semiconductor,False,False,0.60810,1.60487,0.37283,0.86366,2.34607,0.58406,Cs2TlVBr6,False,False,True,False
Cs2KPdBr6,K,Pd,Br,0.35485,semiconductor,False,False,0.85174,1.98757,0.25349,1.48363,2.49150,0.23877,Cs2KPdBr6,False,False,True,False
Cs2CdPbBr6,Cd,Pb,Br,2.64535,semiconductor,False,True,0.71604,1.67573,0.42321,0.83437,2.51709,0.49392,Cs2CdPbBr6,False,False,True,False
Cs2AgHgBr6,Ag,Hg,Br,0.01250,metallic,False,False,0.36599,1.44606,0.32399,0.80196,2.09015,0.72274,Cs2AgHgBr6,False,False,False,False
Cs2CaAgBr6,Ca,Ag,Br,0.01850,half-metal,False,True,0.82747,2.57913,0.35443,1.87452,3.28375,0.04448,Cs2CaAgBr6,False,False,False,False
Cs2MgSmBr6,Mg,Sm,Br,2.29752,semiconductor,False,False,0.67449,2.85658,0.46001,1.94206,3.77110,0.03612,Cs2SmMgBr6,False,False,True,False
Cs2PTlBr6,P,Tl,Br,1.05016,semiconductor,False,False,0.95344,1.57154,0.40822,0.75998,2.38310,0.57140,Cs2TlPBr6,False,False,True,True
Cs2MnPbBr6,Mn,Pb,Br,2.75344,semiconductor,False,False,0.72856,1.29608,0.45013,0.40121,2.19095,0.58837,Cs2MnPbBr6,False,False,True,False
Cs2GeAmBr6,Ge,Am,Br,1.39301,semiconductor,False,False,0.77426,1.19995,0.40786,0.38912,2.01078,0.60002,Cs2AmGeBr6,False,False,True,True
Cs2CrPdF6,Cr,Pd,F,2.02311,semiconductor,False,False,0.50109,1.59889,0.70845,0.19047,3.00731,0.36732,Cs2CrPdF6,False,False,True,False
Cs2ScHgBr6,Sc,Hg,Br,0.07116,half-metal,True,False,0.16823,2.33849,0.34896,1.64475,3.03223,0.09394,Cs2ScHgBr6,True,False,False,False
Cs2CrEuBr6,Cr,Eu,Br,0.71507,semiconductor,False,False,0.61310,0.50997,0.38762,-0.26062,1.28057,0.11664,Cs2EuCrBr6,False,False,True,False
Cs2SmHgBr6,Sm,Hg,Br,0.32143,semiconductor,True,True,0.31688,2.11657,0.37025,1.38049,2.85265,0.19767,Cs2SmHgBr6,False,False,True,False
Cs2NaDyBr6,Na,Dy,Br,4.46354,insulator,False,True,0.96026,4.88850,0.20406,4.48283,5.29418,0.00008,Cs2NaDyBr6,False,False,True,False
Cs2AgPuBr6,Ag,Pu,Br,2.94835,semiconductor,False,True,0.90474,2.66074,0.47016,1.72604,3.59544,0.06271,Cs2PuAgBr6,False,False,True,False
Cs2TiNdBr6,Ti,Nd,Br,0.60211,semiconductor,True,True,0.89576,1.16238,0.34354,0.47942,1.84535,0.63749,Cs2NdTiBr6,False,False,True,False
Cs2BaPtBr6,Ba,Pt,Br,1.67637,semiconductor,True,False,0.67309,1.44793,0.30554,0.84051,2.05534,0.74713,Cs2BaPtBr6,False,False,True,True
Cs2BeRaBr6,Be,Ra,Br,5.03501,insulator,False,False,0.88307,4.34813,0.32392,3.70416,4.99210,0.00025,Cs2RaBeBr6,False,False,True,False
Cs2MnSrBr6,Mn,Sr,Br,4.90709,insulator,True,False,0.80990,2.35706,0.40993,1.54212,3.17201,0.11377,Cs2SrMnBr6,False,False,True,False
Cs2TiDyBr6,Ti,Dy,Br,0.15348,semiconductor,True,True,0.80204,1.39248,0.31036,0.77547,2.00949,0.74654,Cs2DyTiBr6,False,False,True,False
Cs2MgAmBr6,Mg,Am,Br,2.04470,semiconductor,False,False,0.28487,1.50521,0.38910,0.73166,2.27875,0.62458,Cs2AmMgBr6,False,False,True,False
Cs2ZnPbBr6,Zn,Pb,Br,2.62618,semiconductor,False,False,0.62713,1.66222,0.43474,0.79795,2.52649,0.49612,Cs2ZnPbBr6,False,False,True,False
Cs2MnPdF6,Mn,Pd,F,1.14494,semiconductor,False,False,0.44390,2.10596,0.70920,0.69605,3.51587,0.22662,Cs2MnPdF6,False,False,True,True
Cs2NaHoBr6,Na,Ho,Br,4.36841,insulator,False,True,0.97671,4.98447,0.19944,4.58798,5.38096,0.00008,Cs2NaHoBr6,False,False,True,False
Cs2HgCmBr6,Hg,Cm,Br,0.02270,metallic,False,True,0.48826,2.10336,0.57970,0.95090,3.25582,0.23287,Cs2CmHgBr6,False,False,False,False
Cs2PmHgBr6,Pm,Hg,Br,0.22033,semiconductor,True,True,0.25279,2.18344,0.32083,1.54562,2.82126,0.14256,Cs2PmHgBr6,False,False,True,False
Cs2VRbBr6,V,Rb,Br,2.77208,semiconductor,False,False,0.50446,1.78725,0.42156,0.94918,2.62531,0.41796,Cs2RbVBr6,False,False,True,False
Cs2AgNpBr6,Ag,Np,Br,3.06026,semiconductor,False,True,0.93052,2.24271,0.63561,0.97909,3.50633,0.19353,Cs2NpAgBr6,False,False,True,False
Cs2AgCeBr6,Ag,Ce,Br,4.57581,insulator,False,True,0.94590,2.36090,0.98962,0.39349,4.32831,0.16374,Cs2CeAgBr6,True,False,True,False
Cs2CdAmBr6,Cd,Am,Br,0.74660,semiconductor,False,True,0.29902,1.35936,0.39896,0.56622,2.15251,0.64289,Cs2AmCdBr6,False,False,True,False
Cs2GePbBr6,Ge,Pb,Br,1.56298,semiconductor,False,False,0.92875,1.91330,0.44894,1.02080,2.80580,0.33001,Cs2GePbBr6,False,False,True,True
Cs2NaYBr6,Na,Y,Br,5.53120,insulator,False,True,0.98627,4.24457,0.33357,3.58141,4.90772,0.00025,Cs2NaYBr6,True,False,True,False
Cs2KCuBr6,K,Cu,Br,0.90778,semiconductor,False,False,0.74587,1.04477,0.27785,0.49241,1.59714,0.56718,Cs2KCuBr6,False,False,True,False
Cs2ZnSrBr6,Zn,Sr,Br,4.42595,insulator,False,False,0.94451,3.64443,0.40649,2.83630,4.45255,0.00363,Cs2SrZnBr6,False,False,True,False
Cs2MnEuBr6,Mn,Eu,Br,2.53341,semiconductor,False,False,0.61753,1.03626,0.48127,0.07948,1.99305,0.47308,Cs2EuMnBr6,False,False,True,False
Cs2CuPbBr6,Cu,Pb,Br,0.01240,metallic,False,False,0.59826,0.83472,0.35127,0.13639,1.53306,0.32984,Cs2CuPbBr6,False,False,False,False
Cs2RhTlBr6,Rh,Tl,Br,2.11870,semiconductor,False,False,0.58892,1.09767,0.35097,0.39993,1.79542,0.58373,Cs2TlRhBr6,False,False,True,False
Cs2AlKBr6,Al,K,Br,4.59436,insulator,False,False,0.97102,3.22008,0.30718,2.60939,3.83076,0.00363,Cs2KAlBr6,True,False,True,False
Cs2FeSmBr6,Fe,Sm,Br,0.94430,semiconductor,True,False,0.88727,1.28778,0.39736,0.49781,2.07775,0.63209,Cs2SmFeBr6,False,False,True,False
Cs2DyNpBr6,Dy,Np,Br,0.58189,semiconductor,False,True,0.55159,1.74623,0.59501,0.56333,2.92913,0.36732,Cs2DyNpBr6,False,False,True,False
Cs2InAuBr6,In,Au,Br,0.05662,metallic,False,False,0.22755,0.37251,0.34484,-0.31304,1.05805,0.04971,Cs2InAuBr6,True,False,False,False
Cs2NiRaBr6,Ni,Ra,Br,3.47337,semiconductor,True,False,0.59373,1.65678,0.39651,0.86850,2.44506,0.52920,Cs2RaNiBr6,False,False,True,False
Cs2TiTlBr6,Ti,Tl,Br,2.46195,semiconductor,False,False,0.63126,1.77481,0.40930,0.96110,2.58852,0.43130,Cs2TiTlBr6,False,False,True,False
Cs2CdSmBr6,Cd,Sm,Br,0.08280,half-metal,False,True,0.69986,2.54501,0.42806,1.69401,3.39601,0.07225,Cs2SmCdBr6,False,False,False,False
Cs2CaEuBr6,Ca,Eu,Br,2.93519,semiconductor,False,True,0.35100,1.77737,0.46450,0.85393,2.70080,0.40699,Cs2CaEuBr6,False,False,True,False
Cs2ZnEuBr6,Zn,Eu,Br,0.87740,semiconductor,False,False,0.29258,1.25733,0.51793,0.22766,2.28699,0.53005,Cs2EuZnBr6,False,False,True,False
Cs2GeSrBr6,Ge,Sr,Br,4.05819,insulator,False,False,0.95907,2.75945,0.35338,2.05692,3.46197,0.02524,Cs2SrGeBr6,False,False,True,False
Cs2NaErBr6,Na,Er,Br,3.98817,semiconductor,False,True,0.94860,5.01632,0.24554,4.52817,5.50447,0.00008,Cs2NaErBr6,False,False,True,False
Cs2CuSrBr6,Cu,Sr,Br,1.11130,semiconductor,False,False,0.75132,2.10882,0.34717,1.41865,2.79900,0.19379,Cs2SrCuBr6,False,False,True,True
Cs2AgSbBr6,Ag,Sb,Br,1.47071,semiconductor,False,False,0.94025,1.11561,0.31268,0.49399,1.73723,0.62517,Cs2AgSbBr6,True,True,True,True
Cs2TaHgBr6,Ta,Hg,Br,1.19734,semiconductor,False,False,0.29911,0.76911,0.43715,-0.09995,1.63817,0.29862,Cs2TaHgBr6,False,False,True,True
Cs2MgPbBr6,Mg,Pb,Br,3.85819,semiconductor,False,False,0.83742,2.03833,0.39304,1.25696,2.81971,0.25025,Cs2MgPbBr6,False,False,True,False
Cs2NbHgBr6,Nb,Hg,Br,1.09844,semiconductor,True,False,0.37062,0.93028,0.35257,0.22936,1.63121,0.42860,Cs2NbHgBr6,False,False,True,True
Cs2NdHgBr6,Nd,Hg,Br,0.33579,semiconductor,True,True,0.25972,2.16759,0.31871,1.53399,2.80118,0.15041,Cs2NdHgBr6,False,False,True,False
Cs2BeMnF6,Be,Mn,F,6.76540,insulator,False,False,0.67684,4.02094,0.84570,2.33966,5.70222,0.01832,Cs2MnBeF6,False,False,True,False
Cs2LiPF6,Li,P,F,5.33130,insulator,False,False,0.98181,3.93623,0.69987,2.54486,5.32759,0.01224,Cs2LiPF6,False,False,True,False
Cs2AgUBr6,Ag,U,Br,2.15092,semiconductor,False,True,0.90650,2.18980,0.63770,0.92202,3.45758,0.20679,Cs2UAgBr6,False,False,True,False
Cs2FeRaBr6,Fe,Ra,Br,3.68399,semiconductor,False,False,0.66571,1.45860,0.38933,0.68460,2.23261,0.64028,Cs2RaFeBr6,False,False,True,False
Cs2AlAuBr6,Al,Au,Br,0.75739,semiconductor,False,False,0.32808,0.92669,0.39988,0.13172,1.72166,0.42539,Cs2AlAuBr6,True,False,True,False
Cs2NaTlBr6,Na,Tl,Br,2.01262,semiconductor,False,True,0.93029,1.09476,0.31359,0.47134,1.71819,0.60424,Cs2NaTlBr6,True,False,True,False
Cs2CoRaBr6,Co,Ra,Br,3.64172,semiconductor,True,False,0.76881,1.75575,0.32964,1.10040,2.41109,0.48388,Cs2RaCoBr6,False,False,True,False
Cs2IrTlBr6,Ir,Tl,Br,2.73601,semiconductor,False,False,0.56637,1.07778,0.43789,0.20724,1.94832,0.51756,Cs2TlIrBr6,False,False,True,False
Cs2PrHgBr6,Pr,Hg,Br,0.16862,semiconductor,True,True,0.19969,2.26028,0.40512,1.45488,3.06567,0.14551,Cs2PrHgBr6,False,False,True,False
Cs2KInBr6,K,In,Br,3.82131,semiconductor,False,False,0.97776,2.39300,0.31731,1.76217,3.02382,0.06600,Cs2KInBr6,True,False,True,False
Cs2CaSrBr6,Ca,Sr,Br,5.62864,insulator,False,True,0.96414,4.83345,0.40325,4.03177,5.63513,0.00025,Cs2SrCaBr6,False,False,True,False
Cs2RuTlBr6,Ru,Tl,Br,1.90844,semiconductor,False,False,0.61779,0.93400,0.33960,0.25886,1.60914,0.43273,Cs2TlRuBr6,False,False,True,False
Cs2AgBiBr6,Ag,Bi,Br,2.07415,semiconductor,False,True,0.90334,1.28506,0.31660,0.65565,1.91447,0.72181,Cs2AgBiBr6,True,True,True,False
Cs2NaTmBr6,Na,Tm,Br,3.21095,semiconductor,True,True,0.93976,5.01803,0.27393,4.47345,5.56260,0.00000,Cs2NaTmBr6,False,False,True,False
Cs2NiAmBr6,Ni,Am,Br,0.55074,semiconductor,False,False,0.61582,0.59826,0.41415,-0.22508,1.42160,0.17049,Cs2AmNiBr6,False,False,True,False
Cs2GeEuBr6,Ge,Eu,Br,1.89720,semiconductor,False,False,0.76831,1.39108,0.44384,0.50871,2.27345,0.59706,Cs2EuGeBr6,False,False,True,False
Cs2MgSrBr6,Mg,Sr,Br,5.48106,insulator,False,False,0.97242,4.74175,0.44279,3.86148,5.62202,0.00076,Cs2SrMgBr6,False,False,True,False
Cs2PtNpBr6,Pt,Np,Br,0.66930,semiconductor,False,False,0.88594,1.40806,0.54137,0.33180,2.48432,0.50574,Cs2NpPtBr6,False,False,True,False
Cs2AgAgBr6,Ag,Ag,Br,0.01116,metallic,False,False,0.56338,1.13836,0.36487,0.41298,1.86374,0.60339,CsAgBr3,True,False,False,False
Cs2AgLaBr6,Ag,La,Br,4.69050,insulator,False,True,0.97287,3.06080,0.40026,2.26507,3.85653,0.01452,Cs2LaAgBr6,False,False,True,False
Cs2RbRhBr6,Rb,Rh,Br,3.12605,semiconductor,False,False,0.93205,1.91389,0.29404,1.32932,2.49845,0.32402,Cs2RbRhBr6,False,False,True,False
Cs2ScAgBr6,Sc,Ag,Br,4.16116,insulator,False,False,0.95254,2.73463,0.36593,2.00714,3.46212,0.02819,Cs2ScAgBr6,True,False,True,False
Cs2AgCdBr6,Ag,Cd,Br,0.01262,half-metal,False,True,0.63236,2.00329,0.35150,1.30449,2.70209,0.26232,Cs2CdAgBr6,False,False,False,False
Cs2MgEuBr6,Mg,Eu,Br,3.07475,semiconductor,False,False,0.27122,1.41843,0.49937,0.42568,2.41119,0.53967,Cs2EuMgBr6,False,False,True,False
Cs2CuAcBr6,Cu,Ac,Br,3.84039,semiconductor,False,False,0.90290,2.41397,0.40023,1.61829,3.20964,0.09200,Cs2AcCuBr6,False,False,True,False
Cs2TiTmBr6,Ti,Tm,Br,1.29308,semiconductor,False,True,0.72867,1.41915,0.43302,0.55828,2.28002,0.60424,Cs2TmTiBr6,False,False,True,True
Cs2VNpBr6,V,Np,Br,0.57999,semiconductor,True,False,0.69474,1.22368,0.53324,0.16358,2.28378,0.51334,Cs2NpVBr6,False,False,True,False
Cs2AgPaBr6,Ag,Pa,Br,0.60035,semiconductor,False,True,0.90585,1.66628,0.65769,0.35878,2.97378,0.37171,Cs2PaAgBr6,False,False,True,False
Cs2EuYbBr6,Eu,Yb,Br,2.75356,semiconductor,False,True,0.14239,1.77616,0.53788,0.70683,2.84549,0.37779,Cs2YbEuBr6,False,False,True,False
Cs2CaPbBr6,Ca,Pb,Br,4.67104,insulator,False,True,0.85603,2.84609,0.34415,2.16191,3.53027,0.01680,Cs2CaPbBr6,False,False,True,False
Cs2TiRbBr6,Ti,Rb,Br,2.53257,semiconductor,False,False,0.74603,1.62069,0.43679,0.75233,2.48905,0.51865,Cs2RbTiBr6,False,False,True,False
Cs2MoTlBr6,Mo,Tl,Br,3.12453,semiconductor,False,False,0.64952,1.35645,0.33962,0.68128,2.03161,0.70898,Cs2TlMoBr6,False,False,True,False
Cs2NaYbBr6,Na,Yb,Br,2.32963,semiconductor,False,True,0.48287,4.49595,0.31110,3.87747,5.11443,0.00008,Cs2NaYbBr6,False,False,True,False
Cs2CoPbBr6,Co,Pb,Br,2.43132,semiconductor,True,False,0.71741,1.11828,0.39813,0.32679,1.90977,0.56550,Cs2CoPbBr6,False,False,True,False
Cs2FePbBr6,Fe,Pb,Br,2.77840,semiconductor,True,False,0.73810,1.11919,0.40931,0.30548,1.93291,0.55950,Cs2FePbBr6,False,False,True,False
Cs2NaLuBr6,Na,Lu,Br,5.80938,insulator,False,True,0.97586,4.85479,0.37392,4.11142,5.59816,0.00008,Cs2NaLuBr6,True,False,True,False
Cs2MoHgBr6,Mo,Hg,Br,0.02790,half-metal,False,False,0.40571,1.02945,0.31752,0.39821,1.66069,0.53460,Cs2HgMoBr6,False,False,False,False
Cs2NiPbBr6,Ni,Pb,Br,1.98234,semiconductor,True,False,0.62718,1.23693,0.42182,0.39833,2.07552,0.60103,Cs2NiPbBr6,False,False,True,False
Cs2LiAcBr6,Li,Ac,Br,5.64649,insulator,False,False,0.97151,3.57561,0.50711,2.56746,4.58377,0.00937,Cs2LiAcBr6,False,False,True,False
Cs2TiYbBr6,Ti,Yb,Br,2.04644,semiconductor,False,True,0.57269,1.60936,0.45618,0.70245,2.51626,0.50996,Cs2YbTiBr6,False,False,True,False
Cs2RbIrBr6,Rb,Ir,Br,3.17066,semiconductor,False,False,0.91187,1.67695,0.28266,1.11500,2.23889,0.60879,Cs2RbIrBr6,False,False,True,False
Cs2SrYbBr6,Sr,Yb,Br,2.62551,semiconductor,False,True,0.36198,4.13830,0.38514,3.37264,4.90396,0.00127,Cs2SrYbBr6,False,False,True,False
Cs2HgNpBr6,Hg,Np,Br,1.10448,semiconductor,True,True,0.46818,1.78497,0.67871,0.43566,3.13427,0.32698,Cs2NpHgBr6,False,False,True,True
Cs2RbRuBr6,Rb,Ru,Br,1.82523,semiconductor,False,False,0.87846,1.41613,0.30936,0.80112,2.03114,0.74654,Cs2RbRuBr6,False,False,True,False
Cs2MgRaBr6,Mg,Ra,Br,5.25746,insulator,False,False,0.93850,4.32653,0.36530,3.60030,5.05277,0.00042,Cs2RaMgBr6,False,False,True,False
Cs2EuTmBr6,Eu,Tm,Br,2.00619,semiconductor,True,True,0.28179,2.31751,0.39810,1.52608,3.10894,0.12137,Cs2EuTmBr6,False,False,True,False
Cs2SrHgBr6,Sr,Hg,Br,3.23427,semiconductor,False,True,0.87055,2.48726,0.38267,1.72649,3.24803,0.06853,Cs2SrHgBr6,False,False,True,False
Cs2CeHgBr6,Ce,Hg,Br,0.29786,semiconductor,True,True,0.43880,1.42578,1.02170,-0.60540,3.45696,0.28781,Cs2CeHgBr6,False,False,True,False
Cs2CoSrBr6,Co,Sr,Br,3.62602,semiconductor,True,False,0.84466,1.96679,0.40426,1.16312,2.77047,0.29659,Cs2SrCoBr6,False,False,True,False
Cs2FeSrBr6,Fe,Sr,Br,3.54276,semiconductor,False,False,0.79408,1.63980,0.42004,0.80476,2.47485,0.52127,Cs2SrFeBr6,False,False,True,False
Cs2RuHgBr6,Ru,Hg,Br,0.02102,metallic,False,False,0.57064,1.07250,0.29530,0.48543,1.65957,0.59115,Cs2HgRuBr6,False,False,False,False
Cs2NaAuBr6,Na,Au,Br,0.42551,semiconductor,True,True,0.50868,0.71597,0.24839,0.22216,1.20977,0.13960,Cs2NaAuBr6,True,False,True,False
Cs2AgTaBr6,Ag,Ta,Br,1.18035,semiconductor,False,False,0.41978,1.04393,0.35847,0.33128,1.75657,0.53368,Cs2TaAgBr6,True,False,True,True
Cs2DyPtBr6,Dy,Pt,Br,0.91436,semiconductor,False,False,0.82355,1.30135,0.23449,0.83518,1.76752,0.83238,Cs2DyPtBr6,False,False,True,False
Cs2NbAgBr6,Nb,Ag,Br,1.44434,semiconductor,False,False,0.49657,0.90167,0.36672,0.17261,1.63073,0.40167,Cs2NbAgBr6,False,False,True,True
Cs2NiSrBr6,Ni,Sr,Br,3.39105,semiconductor,False,False,0.72606,1.90973,0.36923,1.17570,2.64377,0.33710,Cs2SrNiBr6,False,False,True,False
Cs2IrHgBr6,Ir,Hg,Br,0.01284,metallic,False,False,0.40769,1.10714,0.37847,0.35474,1.85954,0.57377,Cs2HgIrBr6,False,False,False,False
Cs2HgPbBr6,Hg,Pb,Br,1.45750,semiconductor,False,True,0.69515,1.58688,0.43276,0.72655,2.44722,0.53891,Cs2HgPbBr6,False,False,True,True
Cs2PdBaBr6,Pd,Ba,Br,1.76453,semiconductor,True,True,0.78420,1.63824,0.30010,1.04164,2.23484,0.63125,Cs2BaPdBr6,False,False,True,True
Cs2GeRaBr6,Ge,Ra,Br,3.87411,semiconductor,False,False,0.92450,2.72746,0.32793,2.07552,3.37941,0.02228,Cs2RaGeBr6,False,False,True,False
Cs2CuRaBr6,Cu,Ra,Br,1.07101,semiconductor,False,False,0.63822,2.04078,0.31921,1.40618,2.67538,0.22881,Cs2RaCuBr6,False,False,True,True
Cs2RbMoBr6,Rb,Mo,Br,3.40806,semiconductor,True,False,0.90890,1.48800,0.28177,0.92783,2.04817,0.76756,Cs2RbMoBr6,False,False,True,False
Cs2TiBaBr6,Ti,Ba,Br,2.13931,semiconductor,False,True,0.48384,1.62760,0.46664,0.69991,2.55528,0.49308,Cs2BaTiBr6,False,False,True,False
Cs2CaAmBr6,Ca,Am,Br,2.20899,semiconductor,False,True,0.23643,1.77642,0.42661,0.92831,2.62453,0.42269,Cs2CaAmBr6,False,False,True,False
Cs2YbPbBr6,Yb,Pb,Br,1.81474,semiconductor,False,True,0.73353,2.17605,0.43066,1.31988,3.03221,0.18619,Cs2YbPbBr6,False,False,True,False
Cs2CoEuBr6,Co,Eu,Br,1.17299,semiconductor,False,False,0.61853,0.72678,0.42924,-0.12656,1.58012,0.26469,Cs2EuCoBr6,False,False,True,True
Cs2CrNpBr6,Cr,Np,Br,1.67694,semiconductor,True,False,0.81859,1.27293,0.58480,0.11033,2.43552,0.48793,Cs2NpCrBr6,False,False,True,True
Cs2FeEuBr6,Fe,Eu,Br,1.74215,semiconductor,False,False,0.65179,0.67582,0.41807,-0.15532,1.50696,0.22248,Cs2EuFeBr6,False,False,True,True
Cs2HgUBr6,Hg,U,Br,1.74547,semiconductor,False,True,0.33498,1.85731,0.58573,0.69286,3.02176,0.33035,Cs2UHgBr6,False,False,True,True
Cs2CaPdBr6,Ca,Pd,Br,1.65664,semiconductor,True,True,0.74629,1.42882,0.32761,0.77753,2.08012,0.72291,Cs2CaPdBr6,False,False,True,True
Cs2TiHgBr6,Ti,Hg,Br,1.11774,semiconductor,False,False,0.39257,1.48705,0.45073,0.59099,2.38311,0.56769,Cs2TiHgBr6,False,False,True,True
Cs2NiEuBr6,Ni,Eu,Br,0.97735,semiconductor,False,False,0.57844,0.93345,0.43036,0.07789,1.78901,0.42708,Cs2EuNiBr6,False,False,True,False
Cs2CaTiBr6,Ca,Ti,Br,2.23317,semiconductor,False,True,0.48508,1.19457,0.47858,0.24313,2.14601,0.54279,Cs2CaTiBr6,False,False,True,False
Cs2CaSmBr6,Ca,Sm,Br,2.13895,semiconductor,False,True,0.56886,3.47516,0.47067,2.53945,4.41088,0.00920,Cs2CaSmBr6,False,False,True,False
Cs2NbTlBr6,Nb,Tl,Br,1.48065,semiconductor,False,False,0.69839,1.45059,0.34876,0.75724,2.14393,0.69227,Cs2NbTlBr6,False,False,True,True
Cs2TmPbBr6,Tm,Pb,Br,1.03269,semiconductor,True,True,0.84446,2.82158,0.37790,2.07030,3.57286,0.02490,Cs2TmPbBr6,False,False,True,True
Cs2TaTlBr6,Ta,Tl,Br,1.07428,semiconductor,False,False,0.62668,1.46595,0.44669,0.57792,2.35398,0.57875,Cs2TaTlBr6,False,False,True,True
Cs2AuAuBr6,Au,Au,Br,0.01116,metallic,False,True,0.42702,0.62078,0.34022,-0.05559,1.29716,0.14374,CsAuBr3,True,False,False,False
Cs2HgBiBr6,Hg,Bi,Br,0.01298,metallic,False,True,0.27189,1.75350,0.45543,0.84810,2.65891,0.42438,Cs2HgBiBr6,True,False,False,False
Cs2ZnRaBr6,Zn,Ra,Br,4.61655,insulator,False,False,0.87914,3.35674,0.37774,2.60578,4.10771,0.00582,Cs2RaZnBr6,False,False,True,False
Cs2LaHgBr6,La,Hg,Br,0.24722,semiconductor,True,True,0.20281,2.44208,0.38085,1.68494,3.19922,0.07858,Cs2LaHgBr6,False,False,True,False
Cs2BeZnF6,Be,Zn,F,6.65039,insulator,False,False,0.85500,4.77178,0.54626,3.68579,5.85777,0.00160,Cs2BeZnF6,False,False,True,False
Cs2RhHgBr6,Rh,Hg,Br,0.02192,metallic,False,False,0.45592,1.17521,0.29196,0.59478,1.75564,0.69024,Cs2HgRhBr6,False,False,False,False
Cs2NaThBr6,Na,Th,Br,0.32472,semiconductor,False,True,0.89074,3.51997,0.40283,2.71913,4.32081,0.00490,Cs2NaThBr6,False,False,True,False
Cs2KAuBr6,K,Au,Br,0.94439,semiconductor,True,True,0.51708,0.58825,0.28057,0.03046,1.14603,0.08955,Cs2KAuBr6,True,False,True,False
Cs2YbAmBr6,Yb,Am,Br,2.25286,semiconductor,False,True,0.24838,1.53994,0.45708,0.63126,2.44862,0.54085,Cs2YbAmBr6,False,False,True,False
Cs2MnRaBr6,Mn,Ra,Br,4.46164,insulator,False,False,0.62883,2.00434,0.35983,1.28899,2.71969,0.26350,Cs2RaMnBr6,False,False,True,False
Cs2HgPaBr6,Hg,Pa,Br,2.87136,semiconductor,True,True,0.39549,2.00946,0.63970,0.73773,3.28120,0.26249,Cs2PaHgBr6,False,False,True,False
Cs2LuAuBr6,Lu,Au,Br,2.80345,semiconductor,False,True,0.94770,1.83879,0.35857,1.12594,2.55164,0.39931,Cs2LuAuBr6,False,False,True,False
Cs2TlAcF6,Tl,Ac,F,5.32134,insulator,False,True,0.91819,4.01399,0.66755,2.68688,5.34109,0.00920,Cs2AcTlF6,False,False,True,False
Cs2YbAuBr6,Yb,Au,Br,0.81045,semiconductor,False,True,0.70598,1.51021,0.34462,0.82509,2.19534,0.67395,Cs2YbAuBr6,False,False,True,False
Cs2MoAgBr6,Mo,Ag,Br,2.14859,semiconductor,False,False,0.70825,0.73052,0.31187,0.11051,1.35052,0.20375,Cs2AgMoBr6,True,False,True,False
Cs2ZnNpBr6,Zn,Np,Br,0.42126,semiconductor,True,False,0.63267,1.99468,0.65222,0.69804,3.29131,0.26654,Cs2NpZnBr6,False,False,True,False
Cs2EuDyBr6,Eu,Dy,Br,0.03310,half-metal,False,True,0.25650,2.40867,0.41953,1.57463,3.24271,0.10213,Cs2EuDyBr6,False,False,False,False
Cs2PFrBr6,P,Fr,Br,3.16182,semiconductor,False,False,0.98185,2.70783,0.23885,2.23299,3.18267,0.00895,FrCs2PBr6,False,False,True,False
Cs2RbTaBr6,Rb,Ta,Br,1.20383,semiconductor,False,False,0.37896,1.21825,0.41772,0.38782,2.04869,0.59808,Cs2RbTaBr6,False,False,True,True
Cs2RbNbBr6,Rb,Nb,Br,1.48880,semiconductor,False,False,0.58188,1.26162,0.36426,0.53746,1.98578,0.65766,Cs2RbNbBr6,False,False,True,True
Cs2CdNdBr6,Cd,Nd,Br,0.46589,semiconductor,True,True,0.66154,2.61532,0.33101,1.95727,3.27337,0.03199,Cs2NdCdBr6,False,False,True,False
Cs2SmYbBr6,Sm,Yb,Br,2.19694,semiconductor,False,True,0.28468,3.53603,0.48541,2.57102,4.50103,0.00920,Cs2YbSmBr6,False,False,True,False
Cs2KLuBr6,K,Lu,Br,5.65063,insulator,False,True,0.98269,4.73124,0.36759,4.00046,5.46202,0.00017,Cs2KLuBr6,False,False,True,False
Cs2CrDyBr6,Cr,Dy,Br,1.04924,semiconductor,False,False,0.81370,1.30326,0.32568,0.65580,1.95072,0.71573,Cs2DyCrBr6,False,False,True,True
Cs2ScTlBr6,Sc,Tl,Br,3.97836,semiconductor,False,False,0.90219,3.06990,0.37733,2.31976,3.82003,0.01139,Cs2ScTlBr6,True,False,True,False
Cs2CrRaBr6,Cr,Ra,Br,1.80429,semiconductor,False,False,0.67008,1.45087,0.32575,0.80327,2.09847,0.71928,Cs2RaCrBr6,False,False,True,False
Cs2GeNpBr6,Ge,Np,Br,0.01998,half-metal,False,False,0.91852,2.01316,0.63459,0.75158,3.27474,0.26106,Cs2NpGeBr6,False,False,False,False
Cs2RuAgBr6,Ru,Ag,Br,1.40457,semiconductor,True,False,0.64581,0.80514,0.31444,0.18003,1.43025,0.28174,Cs2AgRuBr6,False,False,True,True
Cs2VHgBr6,V,Hg,Br,0.02948,metallic,False,False,0.27180,1.00411,0.41064,0.18774,1.82049,0.48304,Cs2VHgBr6,False,False,False,False
Cs2AgIrBr6,Ag,Ir,Br,1.60034,semiconductor,False,False,0.76693,1.13668,0.27253,0.59487,1.67849,0.67514,Cs2AgIrBr6,False,False,True,True
Cs2KYbBr6,K,Yb,Br,2.51405,semiconductor,False,True,0.48916,4.55253,0.29614,3.96380,5.14127,0.00008,Cs2KYbBr6,False,False,True,False
Cs2TmPtBr6,Tm,Pt,Br,0.27982,semiconductor,False,False,0.81122,1.27003,0.28226,0.70888,1.83117,0.75928,Cs2TmPtBr6,False,False,True,False
Cs2SrDyBr6,Sr,Dy,Br,0.51517,semiconductor,True,True,0.44235,3.78535,0.31116,3.16676,4.40394,0.00093,Cs2SrDyBr6,False,False,True,False
Cs2TmAuBr6,Tm,Au,Br,1.93227,semiconductor,False,True,0.90266,1.72261,0.29744,1.13128,2.31394,0.54085,Cs2TmAuBr6,False,False,True,False
Cs2AuTlBr6,Au,Tl,Br,0.01316,metallic,False,True,0.25665,0.65519,0.38720,-0.11458,1.42496,0.19117,Cs2TlAuBr6,True,False,False,False
Cs2TiAgBr6,Ti,Ag,Br,2.30201,semiconductor,False,False,0.57598,1.54352,0.43486,0.67901,2.40803,0.56001,Cs2TiAgBr6,False,False,True,False
Cs2YbPtBr6,Yb,Pt,Br,0.02260,half-metal,False,False,0.70095,1.35002,0.32433,0.70524,1.99480,0.72535,Cs2YbPtBr6,False,False,False,False
Cs2VTmBr6,V,Tm,Br,1.54553,semiconductor,True,False,0.63670,1.20393,0.39039,0.42782,1.98005,0.61622,Cs2TmVBr6,False,False,True,True
Cs2NaInBr6,Na,In,Br,3.18228,semiconductor,False,False,0.97219,2.07260,0.30556,1.46513,2.68007,0.19759,Cs2NaInBr6,True,False,True,False
Cs2MnDyBr6,Mn,Dy,Br,0.56006,semiconductor,False,False,0.80895,1.43703,0.37226,0.69696,2.17710,0.66509,Cs2DyMnBr6,False,False,True,False
Cs2MgNpBr6,Mg,Np,Br,0.20027,semiconductor,False,False,0.59673,1.40225,0.62559,0.15856,2.64595,0.44860,Cs2MgNpBr6,False,False,True,False
Cs2PKBr6,P,K,Br,3.33099,semiconductor,False,False,0.99325,2.87938,0.20753,2.46680,3.29196,0.00211,Cs2KPBr6,False,False,True,False
Cs2PtHgBr6,Pt,Hg,Br,0.05085,metallic,False,False,0.48065,1.25758,0.31238,0.63656,1.87860,0.71582,Cs2HgPtBr6,False,False,False,False
Cs2KTmBr6,K,Tm,Br,3.34383,semiconductor,False,True,0.95125,5.01081,0.26550,4.48299,5.53863,0.00000,Cs2KTmBr6,False,False,True,False
Cs2SbTlBr6,Sb,Tl,Br,1.36145,semiconductor,False,False,0.93336,1.22158,0.39290,0.44048,2.00267,0.61977,Cs2TlSbBr6,True,False,True,True
Cs2ErAuBr6,Er,Au,Br,2.74011,semiconductor,True,True,0.88817,1.69600,0.28470,1.13002,2.26199,0.58508,Cs2ErAuBr6,False,False,True,False
Cs2BeCuF6,Be,Cu,F,2.98547,semiconductor,False,False,0.71871,3.33738,0.61114,2.12242,4.55235,0.02363,Cs2BeCuF6,False,False,True,False
Cs2BeGeF6,Be,Ge,F,5.94015,insulator,False,False,0.93601,4.68723,0.63609,3.42267,5.95180,0.00312,Cs2BeGeF6,False,False,True,False
Cs2NNaF6,N,Na,F,4.22299,insulator,False,False,0.97767,2.79518,0.74308,1.31792,4.27244,0.09343,Cs2NaNF6,True,False,True,False
Cs2RhAgBr6,Rh,Ag,Br,1.55683,semiconductor,False,False,0.80029,1.01966,0.30930,0.40476,1.63455,0.52785,Cs2AgRhBr6,False,False,True,True
Cs2ScRbBr6,Sc,Rb,Br,4.82002,insulator,False,False,0.99017,3.36667,0.29462,2.78095,3.95239,0.00194,Cs2RbScBr6,True,False,True,False
Cs2KTlBr6,K,Tl,Br,2.64593,semiconductor,False,True,0.93716,1.52703,0.31176,0.90724,2.14682,0.70805,Cs2KTlBr6,True,False,True,False
Cs2CuPaBr6,Cu,Pa,Br,0.94842,semiconductor,False,False,0.90349,1.27181,0.65223,-0.02484,2.56846,0.44235,Cs2PaCuBr6,False,False,True,False
Cs2GaHgBr6,Ga,Hg,Br,0.01264,metallic,False,False,0.16296,1.07327,0.38897,0.30000,1.84655,0.54279,Cs2GaHgBr6,True,False,False,False
Cs2ZnDyBr6,Zn,Dy,Br,0.18310,semiconductor,True,False,0.72000,2.47866,0.33616,1.81036,3.14696,0.05461,Cs2DyZnBr6,False,False,True,False
Cs2VYbBr6,V,Yb,Br,2.28975,semiconductor,False,False,0.39211,1.40139,0.43160,0.54335,2.25943,0.60846,Cs2YbVBr6,False,False,True,False
Cs2PdCdBr6,Pd,Cd,Br,0.01252,metallic,False,True,0.65353,1.19216,0.31630,0.56335,1.82096,0.67809,Cs2CdPdBr6,False,False,False,False
Cs2PAuBr6,P,Au,Br,0.01118,metallic,False,False,0.86761,1.07892,0.33430,0.41433,1.74351,0.57740,Cs2PAuBr6,False,False,False,False
Cs2TiCdBr6,Ti,Cd,Br,0.53524,semiconductor,False,True,0.59394,1.66499,0.49982,0.67132,2.65865,0.44986,Cs2TiCdBr6,False,False,True,False
Cs2EuNpBr6,Eu,Np,Br,0.48179,semiconductor,False,True,0.59410,1.80484,0.64639,0.51979,3.08990,0.33238,Cs2EuNpBr6,False,False,True,False
Cs2RbAgBr6,Rb,Ag,Br,0.84359,semiconductor,True,False,0.79878,1.69445,0.31820,1.06187,2.32703,0.55773,Cs2RbAgBr6,False,False,True,False
Cs2AgAcBr6,Ag,Ac,Br,4.37469,insulator,False,True,0.93295,2.94872,0.38267,2.18796,3.70949,0.01772,Cs2AcAgBr6,False,False,True,False
Cs2KErBr6,K,Er,Br,4.16468,insulator,True,True,0.95863,5.01587,0.23711,4.54448,5.48725,0.00008,Cs2KErBr6,False,False,True,False
Cs2YAuBr6,Y,Au,Br,3.09976,semiconductor,False,True,0.93909,2.02963,0.34438,1.34499,2.71426,0.24333,Cs2YAuBr6,True,False,True,False
Cs2VRaBr6,V,Ra,Br,3.71411,semiconductor,False,False,0.61791,1.58931,0.41600,0.76228,2.41633,0.55157,Cs2RaVBr6,False,False,True,False
Cs2HoAuBr6,Ho,Au,Br,2.93965,semiconductor,False,True,0.94549,1.76904,0.25650,1.25910,2.27897,0.50177,Cs2HoAuBr6,False,False,True,False
Cs2CrHgBr6,Cr,Hg,Br,0.02170,metallic,False,False,0.36630,1.00177,0.33979,0.32626,1.67729,0.50101,Cs2CrHgBr6,False,False,False,False
Cs2MnHgBr6,Mn,Hg,Br,0.55332,semiconductor,False,False,0.40529,1.00117,0.40785,0.19035,1.81200,0.48126,Cs2MnHgBr6,False,False,True,False
Cs2CuLaBr6,Cu,La,Br,3.98501,semiconductor,False,False,0.95685,2.31609,0.38780,1.54512,3.08706,0.11825,Cs2LaCuBr6,False,False,True,False
Cs2GeDyBr6,Ge,Dy,Br,0.24799,semiconductor,False,False,0.92857,2.32212,0.32564,1.67474,2.96951,0.08913,Cs2DyGeBr6,False,False,True,False
Cs2CuBiBr6,Cu,Bi,Br,1.59407,semiconductor,False,False,0.86316,0.70321,0.29277,0.12117,1.28526,0.16627,Cs2CuBiBr6,True,False,True,True
Cs2PdAgBr6,Pd,Ag,Br,0.01266,metallic,False,True,0.55916,0.95714,0.29412,0.37241,1.54187,0.45780,Cs2AgPdBr6,False,False,False,False
Cs2CaPtBr6,Ca,Pt,Br,1.59170,semiconductor,True,False,0.60814,1.51739,0.31466,0.89184,2.14294,0.71101,Cs2CaPtBr6,False,False,True,True
Cs2BeBaBr6,Be,Ba,Br,5.24204,insulator,False,False,0.92364,4.72880,0.38355,3.96628,5.49131,0.00025,Cs2BaBeBr6,False,False,True,False
Cs2PdThBr6,Pd,Th,Br,2.20044,semiconductor,False,False,0.58575,1.07608,0.42664,0.22791,1.92425,0.52178,Cs2ThPdBr6,False,False,True,False
Cs2RbPdBr6,Rb,Pd,Br,0.28837,semiconductor,False,False,0.85679,1.93949,0.26559,1.41149,2.46749,0.28840,Cs2RbPdBr6,False,False,True,False
Cs2PtRaBr6,Pt,Ra,Br,1.56150,semiconductor,True,False,0.65296,1.60439,0.29658,1.01478,2.19399,0.66838,Cs2RaPtBr6,False,False,True,True
Cs2RbSbBr6,Rb,Sb,Br,3.59968,semiconductor,False,False,0.99345,3.15992,0.20131,2.75971,3.56013,0.00076,Cs2RbSbBr6,True,False,True,False
Cs2SrNpBr6,Sr,Np,Br,0.37170,semiconductor,False,True,0.71800,1.84881,0.62324,0.60978,3.08784,0.32385,Cs2SrNpBr6,False,False,True,False
Cs2KYBr6,K,Y,Br,5.60500,insulator,False,True,0.99052,4.13690,0.30932,3.52197,4.75183,0.00025,Cs2KYBr6,True,False,True,False
Cs2KHoBr6,K,Ho,Br,4.64494,insulator,True,True,0.98136,4.96407,0.20496,4.55661,5.37153,0.00008,Cs2KHoBr6,True,False,True,False
Cs2CuUBr6,Cu,U,Br,2.53034,semiconductor,False,False,0.89700,1.80748,0.61119,0.59240,3.02255,0.34191,Cs2UCuBr6,False,False,True,False
Cs2CrTmBr6,Cr,Tm,Br,0.53280,semiconductor,True,False,0.81371,1.35000,0.30979,0.73413,1.96587,0.74249,Cs2TmCrBr6,False,False,True,False
Cs2FeNpBr6,Fe,Np,Br,1.45030,semiconductor,False,False,0.84923,1.74831,0.54530,0.66424,2.83238,0.38631,Cs2NpFeBr6,False,False,True,True
Cs2DyAuBr6,Dy,Au,Br,2.90682,semiconductor,True,True,0.90796,1.75325,0.28055,1.19551,2.31100,0.51266,Cs2DyAuBr6,False,False,True,False
Cs2LiLaBr6,Li,La,Br,5.41548,insulator,False,False,0.98531,3.88398,0.52884,2.83262,4.93534,0.00582,Cs2LiLaBr6,True,False,True,False
Cs2MgDyBr6,Mg,Dy,Br,0.10195,semiconductor,True,False,0.46220,2.85770,0.31784,2.22582,3.48959,0.01232,Cs2DyMgBr6,False,False,True,False
Cs2BRbBr6,B,Rb,Br,2.98911,semiconductor,False,False,0.95020,1.73954,0.22049,1.30120,2.17788,0.56921,Cs2RbBBr6,False,False,True,False
Cs2VAgBr6,V,Ag,Br,2.46275,semiconductor,False,False,0.49099,0.91963,0.41654,0.09154,1.74772,0.41872,Cs2VAgBr6,False,False,True,False
Cs2CaVBr6,Ca,V,Br,3.76880,semiconductor,False,False,0.73941,1.50378,0.42903,0.65084,2.35671,0.58179,Cs2CaVBr6,False,False,True,False
Cs2LiBiBr6,Li,Bi,Br,3.74233,semiconductor,False,False,0.97929,2.90768,0.26034,2.39011,3.42525,0.00582,Cs2LiBiBr6,True,False,True,False
Cs2FeHgBr6,Fe,Hg,Br,0.01264,metallic,False,False,0.41747,0.97653,0.39598,0.18931,1.76376,0.46860,Cs2FeHgBr6,False,False,False,False
Cs2CaNdBr6,Ca,Nd,Br,1.14615,semiconductor,False,True,0.63434,3.54829,0.36580,2.82106,4.27552,0.00279,Cs2CaNdBr6,False,False,True,True
Cs2AgBaBr6,Ag,Ba,Br,0.01308,half-metal,False,True,0.82942,2.64914,0.32584,2.00136,3.29691,0.02777,Cs2BaAgBr6,False,False,False,False
Cs2PbNpBr6,Pb,Np,Br,0.01978,half-metal,False,True,0.88276,1.73665,0.68947,0.36597,3.10734,0.33634,Cs2NpPbBr6,False,False,False,False
Cs2CrYbBr6,Cr,Yb,Br,0.40511,semiconductor,False,False,0.55541,1.42047,0.36387,0.69707,2.14386,0.67674,Cs2YbCrBr6,False,False,True,False
Cs2LiUBr6,Li,U,Br,2.72987,semiconductor,False,False,0.96357,2.29861,0.71775,0.87171,3.72551,0.18222,Cs2LiUBr6,False,False,True,False
Cs2KDyBr6,K,Dy,Br,4.62411,insulator,True,True,0.96835,4.85263,0.18810,4.47868,5.22657,0.00000,Cs2KDyBr6,False,False,True,False
Cs2TbAuBr6,Tb,Au,Br,2.98717,semiconductor,False,True,0.87802,1.79122,0.32652,1.14210,2.44035,0.45214,Cs2TbAuBr6,False,False,True,False
Cs2BeMgF6,Be,Mg,F,8.67229,insulator,False,False,0.94337,7.05976,0.56681,5.93292,8.18661,0.00008,Cs2MgBeF6,False,False,True,False
Cs2AsPdF6,As,Pd,F,1.70578,semiconductor,False,False,0.65621,2.15716,0.42055,1.32110,2.99322,0.19210,Cs2AsPdF6,False,False,True,True
Cs2MnTmBr6,Mn,Tm,Br,1.65085,semiconductor,True,False,0.80955,1.55804,0.33436,0.89332,2.22275,0.66096,Cs2TmMnBr6,False,False,True,True
Cs2CuNpBr6,Cu,Np,Br,3.20074,semiconductor,False,False,0.92044,1.80374,0.60157,0.60781,2.99968,0.34647,Cs2NpCuBr6,False,False,True,False
Cs2NaSbBr6,Na,Sb,Br,3.19869,semiconductor,False,False,0.99187,2.78376,0.20663,2.37298,3.19454,0.00338,Cs2NaSbBr6,True,False,True,False
Cs2CuCeBr6,Cu,Ce,Br,3.90672,semiconductor,True,False,0.93564,1.52904,1.03764,-0.53382,3.59190,0.27397,Cs2CeCuBr6,False,False,True,False
Cs2NaPdBr6,Na,Pd,Br,0.01262,half-metal,False,False,0.82645,1.85759,0.27066,1.31950,2.39567,0.38504,Cs2NaPdBr6,False,False,False,False
Cs2CdBaBr6,Cd,Ba,Br,4.79578,insulator,False,True,0.94157,3.43482,0.38226,2.67487,4.19477,0.00498,Cs2BaCdBr6,False,False,True,False
Cs2InTlBr6,In,Tl,Br,2.25296,semiconductor,False,False,0.94431,1.73403,0.35539,1.02751,2.44055,0.49063,Cs2TlInBr6,True,False,True,False
Cs2KTbBr6,K,Tb,Br,5.52803,insulator,True,True,0.95950,4.80301,0.23405,4.33772,5.26830,0.00008,Cs2KTbBr6,True,False,True,False
Cs2BTlBr6,B,Tl,Br,1.58153,semiconductor,False,False,0.92140,1.42101,0.36111,0.70312,2.13891,0.67995,Cs2TlBBr6,False,False,True,True
Cs2ZnTmBr6,Zn,Tm,Br,0.02218,metallic,False,False,0.65792,2.71804,0.33314,2.05574,3.38033,0.02431,Cs2TmZnBr6,False,False,False,False
Cs2MnYbBr6,Mn,Yb,Br,2.43522,semiconductor,True,False,0.59578,2.16948,0.40670,1.36095,2.97801,0.18298,Cs2YbMnBr6,False,False,True,False
Cs2AsHgBr6,As,Hg,Br,0.01116,metallic,False,False,0.25061,1.50871,0.39133,0.73073,2.28669,0.62095,Cs2HgAsBr6,True,False,False,False
Cs2NiHgBr6,Ni,Hg,Br,0.54866,semiconductor,False,False,0.39848,1.11326,0.41047,0.29724,1.92928,0.55385,Cs2NiHgBr6,False,False,True,False
Cs2NaAgBr6,Na,Ag,Br,0.14385,semiconductor,True,False,0.78228,1.52011,0.31349,0.89688,2.14334,0.71109,Cs2NaAgBr6,False,False,True,False
Cs2GaAgBr6,Ga,Ag,Br,0.98379,semiconductor,False,False,0.53646,0.66835,0.39342,-0.11378,1.45048,0.20484,Cs2GaAgBr6,True,True,True,False
Cs2LiNpBr6,Li,Np,Br,3.02784,semiconductor,False,False,0.96639,2.10764,0.89899,0.32043,3.89486,0.21033,Cs2LiNpBr6,False,False,True,False
Cs2CuPuBr6,Cu,Pu,Br,2.67583,semiconductor,False,False,0.88205,2.00777,0.43905,1.13493,2.88061,0.27068,Cs2PuCuBr6,False,False,True,False
Cs2LiCeBr6,Li,Ce,Br,5.26970,insulator,False,False,0.98000,0.63951,1.17412,-1.69468,2.97369,0.22780,Cs2LiCeBr6,True,False,True,False
Cs2BaNdF6,Ba,Nd,F,0.01732,metallic,False,True,0.40393,5.71287,0.67016,4.38058,7.04516,0.00101,Cs2BaNdF6,False,False,False,False
Cs2RbAcF6,Rb,Ac,F,7.27883,insulator,False,True,0.97539,5.40259,0.49504,4.41844,6.38675,0.00025,Cs2RbAcF6,False,False,True,False
Cs2CoHgBr6,Co,Hg,Br,0.68262,semiconductor,False,False,0.38075,0.87302,0.40784,0.06223,1.68381,0.37719,Cs2CoHgBr6,False,False,True,False
Cs2CoDyBr6,Co,Dy,Br,1.68586,semiconductor,False,False,0.79568,1.00347,0.26868,0.46932,1.53762,0.51680,Cs2DyCoBr6,False,False,True,True
Cs2GdAuBr6,Gd,Au,Br,2.99522,semiconductor,False,True,0.91612,1.63864,0.60759,0.43072,2.84656,0.40243,Cs2GdAuBr6,False,False,True,False
Cs2CaCrBr6,Ca,Cr,Br,1.91781,semiconductor,False,False,0.77126,1.47138,0.34567,0.78417,2.15859,0.68856,Cs2CaCrBr6,False,False,True,False
Cs2FeDyBr6,Fe,Dy,Br,0.79570,semiconductor,False,False,0.81811,1.16085,0.32140,0.52190,1.79979,0.65606,Cs2DyFeBr6,False,False,True,False
Cs2CrAgBr6,Cr,Ag,Br,1.72980,semiconductor,False,False,0.62853,0.79398,0.32701,0.14388,1.44409,0.27650,Cs2CrAgBr6,False,True,True,True
Cs2NaScBr6,Na,Sc,Br,4.62270,insulator,False,False,0.98588,3.26155,0.32556,2.61433,3.90876,0.00430,Cs2NaScBr6,True,False,True,False
Cs2NdYbBr6,Nd,Yb,Br,1.22100,semiconductor,False,True,0.23951,3.49379,0.39645,2.70563,4.28195,0.00490,Cs2YbNdBr6,False,False,True,True
Cs2NpAmBr6,Np,Am,Br,0.02164,half-metal,False,True,0.61447,1.96651,0.59161,0.79037,3.14265,0.28486,Cs2AmNpBr6,False,False,False,False
Cs2HgAcBr6,Hg,Ac,Br,0.16394,semiconductor,True,True,0.22947,2.62706,0.34291,1.94535,3.30877,0.03342,Cs2AcHgBr6,False,False,True,False
Cs2MnAgBr6,Mn,Ag,Br,0.02448,half-metal,False,False,0.63624,1.29968,0.38263,0.53899,2.06036,0.65083,Cs2MnAgBr6,False,False,False,False
Cs2ZnYbBr6,Zn,Yb,Br,0.62681,semiconductor,False,False,0.36113,3.07452,0.40637,2.26665,3.88239,0.01452,Cs2YbZnBr6,False,False,True,False
Cs2ZnHgBr6,Zn,Hg,Br,0.58710,semiconductor,False,False,0.63153,1.78272,0.48854,0.81148,2.75395,0.39424,Cs2ZnHgBr6,False,False,True,False
Cs2CuPrBr6,Cu,Pr,Br,2.59168,semiconductor,False,False,0.93858,2.37209,0.39345,1.58989,3.15429,0.10322,Cs2PrCuBr6,True,False,True,False
Cs2NiDyBr6,Ni,Dy,Br,1.61178,semiconductor,False,False,0.84952,1.49309,0.33851,0.82012,2.16605,0.69024,Cs2DyNiBr6,False,False,True,True
Cs2LiPuBr6,Li,Pu,Br,3.26868,semiconductor,False,False,0.95030,3.12425,0.58823,1.95483,4.29368,0.03612,Cs2LiPuBr6,False,False,True,False
Cs2GeTmBr6,Ge,Tm,Br,0.97340,semiconductor,False,False,0.92892,2.14676,0.33970,1.47142,2.82210,0.16914,Cs2TmGeBr6,False,False,True,False
Cs2EuAuBr6,Eu,Au,Br,0.26676,semiconductor,False,True,0.56526,1.00476,0.40874,0.19217,1.81735,0.48379,Cs2EuAuBr6,False,False,True,False
Cs2KGdBr6,K,Gd,Br,5.51682,insulator,False,True,0.98136,2.99227,0.49724,2.00373,3.98080,0.02996,Cs2KGdBr6,False,False,True,False
Cs2RbInBr6,Rb,In,Br,3.96354,semiconductor,False,False,0.97779,2.55700,0.31380,1.93314,3.18085,0.03418,Cs2RbInBr6,True,False,True,False
Cs2SmNpBr6,Sm,Np,Br,0.02118,half-metal,False,True,0.69703,1.97267,0.62680,0.72658,3.21877,0.27836,Cs2SmNpBr6,False,False,False,False
Cs2CuNdBr6,Cu,Nd,Br,2.49516,semiconductor,True,False,0.94461,2.38767,0.36659,1.65887,3.11647,0.08693,Cs2NdCuBr6,True,False,True,False
Cs2CaMnBr6,Ca,Mn,Br,4.91208,insulator,True,False,0.79129,2.19855,0.41850,1.36655,3.03055,0.17243,Cs2CaMnBr6,False,False,True,False
Cs2GeYbBr6,Ge,Yb,Br,1.67941,semiconductor,False,False,0.76382,2.24586,0.38200,1.48643,3.00529,0.14306,Cs2YbGeBr6,False,False,True,True
Cs2CdPtBr6,Cd,Pt,Br,0.01260,metallic,False,False,0.49758,1.44948,0.30501,0.84310,2.05585,0.74755,Cs2CdPtBr6,False,False,False,False
Cs2GeHgBr6,Ge,Hg,Br,0.56772,semiconductor,False,False,0.66661,1.53436,0.39271,0.75363,2.31509,0.60643,Cs2HgGeBr6,False,False,True,False
Cs2MgTmBr6,Mg,Tm,Br,1.09118,semiconductor,True,False,0.41738,3.29580,0.34485,2.61022,3.98137,0.00481,Cs2TmMgBr6,False,False,True,True
Cs2LiPrBr6,Li,Pr,Br,4.19962,insulator,True,False,0.98129,4.00352,0.42150,3.16557,4.84148,0.00169,Cs2LiPrBr6,True,False,True,False
Cs2KEuBr6,K,Eu,Br,1.69650,semiconductor,False,True,0.50495,2.21251,0.42173,1.37411,3.05091,0.16729,Cs2KEuBr6,False,False,True,True
Cs2SmAuBr6,Sm,Au,Br,1.36405,semiconductor,False,True,0.86234,2.13847,0.38179,1.37945,2.89749,0.19007,Cs2SmAuBr6,False,False,True,True
Cs2CuAmBr6,Cu,Am,Br,1.35037,semiconductor,False,False,0.68871,1.02603,0.37721,0.27612,1.77593,0.51283,Cs2AmCuBr6,False,False,True,True
Cs2LiNdBr6,Li,Nd,Br,3.76516,semiconductor,False,False,0.97797,3.99334,0.36999,3.25779,4.72889,0.00135,Cs2LiNdBr6,True,False,True,False
Cs2MgHgBr6,Mg,Hg,Br,1.87497,semiconductor,False,False,0.83999,2.38591,0.45000,1.49129,3.28053,0.11707,Cs2MgHgBr6,False,False,True,False
Cs2MgYbBr6,Mg,Yb,Br,0.02412,metallic,False,False,0.33315,3.58342,0.41120,2.76594,4.40089,0.00456,Cs2YbMgBr6,False,False,False,False
Cs2CaZnBr6,Ca,Zn,Br,4.14454,insulator,False,False,0.92287,3.68405,0.40960,2.86974,4.49835,0.00329,Cs2CaZnBr6,False,False,True,False
Cs2VCdBr6,V,Cd,Br,2.08812,semiconductor,False,False,0.51819,1.41485,0.43832,0.54346,2.28623,0.59968,Cs2VCdBr6,False,False,True,False
Cs2AgPtBr6,Ag,Pt,Br,0.01234,metallic,False,False,0.45842,0.99969,0.30252,0.39828,1.60110,0.50658,Cs2AgPtBr6,False,False,False,False
Cs2NaTaBr6,Na,Ta,Br,1.12479,semiconductor,False,False,0.34784,1.08264,0.42441,0.23889,1.92639,0.52760,Cs2NaTaBr6,True,False,True,True
Cs2BeNdBr6,Be,Nd,Br,0.84763,semiconductor,False,False,0.45619,2.86119,0.42203,2.02217,3.70020,0.02760,Cs2NdBeBr6,False,False,True,False
Cs2CuCmBr6,Cu,Cm,Br,3.58181,semiconductor,False,False,0.91806,1.36331,0.53198,0.30573,2.42090,0.51823,Cs2CmCuBr6,False,False,True,False
Cs2NaNbBr6,Na,Nb,Br,1.39053,semiconductor,False,False,0.53371,1.02979,0.43702,0.16098,1.89859,0.48962,Cs2NaNbBr6,False,False,True,True
Cs2CuPmBr6,Cu,Pm,Br,1.86714,semiconductor,False,False,0.94060,2.39029,0.38447,1.62595,3.15463,0.09318,Cs2PmCuBr6,False,False,True,False
Cs2AlFrBr6,Al,Fr,Br,4.71762,insulator,False,False,0.91347,2.36917,0.31205,1.74880,2.98954,0.06946,FrCs2AlBr6,False,False,True,False
Cs2EuRaF6,Eu,Ra,F,0.01852,metallic,False,True,0.12750,2.32295,0.66296,1.00497,3.64093,0.17269,Cs2RaEuF6,False,False,False,False
Cs2AuFrF6,Au,Fr,F,2.63289,semiconductor,True,True,0.75408,1.60161,0.49994,0.60771,2.59551,0.48093,FrCs2AuF6,False,False,True,False
Cs2LiAmBr6,Li,Am,Br,2.55269,semiconductor,False,False,0.82320,2.79843,0.49559,1.81318,3.78367,0.04938,Cs2LiAmBr6,False,False,True,False
Cs2KSmBr6,K,Sm,Br,2.75371,semiconductor,False,True,0.97799,4.58149,0.32677,3.93186,5.23111,0.00008,Cs2KSmBr6,False,False,True,False
Cs2CuFrBr6,Cu,Fr,Br,1.09420,semiconductor,True,False,0.61792,1.33451,0.35225,0.63423,2.03480,0.69210,FrCs2CuBr6,False,False,True,True
Cs2AuCmBr6,Au,Cm,Br,2.55685,semiconductor,False,True,0.92066,1.55637,0.62797,0.30795,2.80479,0.41754,Cs2CmAuBr6,False,False,True,False
Cs2PdRaBr6,Pd,Ra,Br,1.66262,semiconductor,True,True,0.64342,1.61242,0.29373,1.02847,2.19637,0.66307,Cs2RaPdBr6,False,False,True,True
Cs2TiRaBr6,Ti,Ra,Br,2.19697,semiconductor,False,True,0.34933,1.59763,0.45739,0.68832,2.50693,0.51460,Cs2RaTiBr6,False,False,True,False
Cs2PmAuBr6,Pm,Au,Br,1.99163,semiconductor,False,True,0.90994,2.14445,0.35294,1.44279,2.84611,0.17522,Cs2PmAuBr6,False,False,True,False
Cs2AsAgBr6,As,Ag,Br,1.38534,semiconductor,False,False,0.93870,1.09740,0.32212,0.45700,1.73779,0.60162,Cs2AgAsBr6,True,False,True,True
Cs2LiCmBr6,Li,Cm,Br,5.24185,insulator,False,False,0.96776,2.28161,0.77508,0.74073,3.82250,0.18577,Cs2LiCmBr6,False,False,True,False
Cs2CuHgBr6,Cu,Hg,Br,0.01226,half-metal,False,False,0.34775,0.90772,0.31447,0.28255,1.53289,0.39922,Cs2CuHgBr6,False,False,False,False
Cs2CaGeBr6,Ca,Ge,Br,4.08029,insulator,False,False,0.95703,2.71425,0.36067,1.99723,3.43127,0.02878,Cs2CaGeBr6,False,False,True,False
Cs2CaCuBr6,Ca,Cu,Br,0.96786,semiconductor,False,False,0.71733,2.07774,0.35469,1.37259,2.78288,0.21666,Cs2CaCuBr6,False,False,True,False
Cs2LiPmBr6,Li,Pm,Br,3.17517,semiconductor,False,False,0.97494,4.00077,0.42912,3.14766,4.85388,0.00186,Cs2LiPmBr6,False,False,True,False
Cs2CuSmBr6,Cu,Sm,Br,1.23523,semiconductor,False,False,0.91245,2.15020,0.41686,1.32147,2.97893,0.19514,Cs2SmCuBr6,False,False,True,True
Cs2AuAmBr6,Au,Am,Br,1.29580,semiconductor,False,True,0.70153,1.14200,0.41270,0.32153,1.96247,0.56955,Cs2AmAuBr6,False,False,True,True
Cs2CoTmBr6,Co,Tm,Br,0.49412,semiconductor,True,False,0.83369,1.10099,0.30231,0.50000,1.70198,0.61850,Cs2TmCoBr6,False,False,True,False
Cs2AlHgBr6,Al,Hg,Br,0.01124,metallic,False,False,0.17162,1.67288,0.46373,0.75097,2.59478,0.46717,Cs2AlHgBr6,True,False,False,False
Cs2CaBaBr6,Ca,Ba,Br,5.46304,insulator,False,True,0.96259,4.86581,0.37032,4.12960,5.60203,0.00008,Cs2BaCaBr6,False,False,True,False
Cs2KPmBr6,K,Pm,Br,3.51441,semiconductor,False,True,0.98439,4.44724,0.24360,3.96295,4.93154,0.00000,Cs2KPmBr6,False,False,True,False
Cs2KCmBr6,K,Cm,Br,5.32743,insulator,False,True,0.97508,2.30638,0.43076,1.45000,3.16275,0.13707,Cs2KCmBr6,False,False,True,False
Cs2SrEuBr6,Sr,Eu,Br,2.64132,semiconductor,False,True,0.22815,1.63044,0.53616,0.56454,2.69634,0.44438,Cs2SrEuBr6,False,False,True,False
Cs2NiTmBr6,Ni,Tm,Br,0.52674,semiconductor,False,False,0.83074,1.49881,0.31623,0.87013,2.12749,0.71632,Cs2TmNiBr6,False,False,True,False
Cs2MgCaBr6,Mg,Ca,Br,5.44381,insulator,False,False,0.96232,4.69423,0.44961,3.80040,5.58806,0.00093,Cs2CaMgBr6,False,False,True,False
Cs2NdAuBr6,Nd,Au,Br,2.47497,semiconductor,False,True,0.90550,2.18124,0.33506,1.51512,2.84736,0.15091,Cs2NdAuBr6,False,False,True,False
Cs2LiSmBr6,Li,Sm,Br,2.40298,semiconductor,False,False,0.96904,4.14883,0.53477,3.08570,5.21196,0.00388,Cs2LiSmBr6,False,False,True,False
Cs2CoYbBr6,Co,Yb,Br,0.95202,semiconductor,False,False,0.60798,1.63972,0.39894,0.84662,2.43282,0.53840,Cs2YbCoBr6,False,False,True,False
Cs2CuEuBr6,Cu,Eu,Br,0.22528,semiconductor,False,False,0.60556,0.93894,0.40486,0.13407,1.74382,0.43450,Cs2EuCuBr6,False,False,True,False
Cs2KAmBr6,K,Am,Br,2.74728,semiconductor,False,True,0.83067,2.89209,0.33792,2.22029,3.56390,0.01384,Cs2KAmBr6,False,False,True,False
Cs2FeYbBr6,Fe,Yb,Br,1.60349,semiconductor,False,False,0.63530,1.72992,0.40472,0.92532,2.53451,0.46675,Cs2YbFeBr6,False,False,True,True
Cs2CrCdBr6,Cr,Cd,Br,0.53126,semiconductor,False,False,0.55379,1.31788,0.34313,0.63574,2.00003,0.69868,Cs2CrCdBr6,False,False,True,False
Cs2BeCoF6,Be,Co,F,4.98906,insulator,False,False,0.76776,2.72688,0.53438,1.66452,3.78925,0.06752,Cs2BeCoF6,False,False,True,False
Cs2AgThBr6,Ag,Th,Br,0.01808,metallic,False,True,0.78272,1.85466,0.42509,1.00956,2.69977,0.37297,Cs2ThAgBr6,False,False,False,False
Cs2PrAuBr6,Pr,Au,Br,2.69808,semiconductor,False,True,0.90713,2.15617,0.36005,1.44038,2.87196,0.17260,Cs2PrAuBr6,False,False,True,False
Cs2EuPbBr6,Eu,Pb,Br,2.05845,semiconductor,False,True,0.63063,1.81624,0.47780,0.86637,2.76612,0.38184,Cs2EuPbBr6,False,False,True,False
Cs2LuTlBr6,Lu,Tl,Br,4.53796,insulator,False,True,0.92635,3.52596,0.40939,2.71209,4.33984,0.00523,Cs2LuTlBr6,False,False,True,False
Cs2PdAcBr6,Pd,Ac,Br,1.31301,semiconductor,False,False,0.64316,1.70608,0.34616,1.01790,2.39426,0.52313,Cs2AcPdBr6,False,False,True,True
Cs2NaMoBr6,Na,Mo,Br,3.05258,semiconductor,False,False,0.90397,1.41282,0.29422,0.82789,1.99774,0.76654,Cs2NaMoBr6,True,False,True,False
Cs2SrRaF6,Sr,Ra,F,7.33460,insulator,False,True,0.92305,5.84929,0.53476,4.78618,6.91240,0.00025,Cs2RaSrF6,False,False,True,False
Cs2KNdBr6,K,Nd,Br,4.15058,insulator,False,True,0.98605,4.31714,0.21202,3.89564,4.73865,0.00000,Cs2KNdBr6,True,False,True,False
Cs2CuGdBr6,Cu,Gd,Br,3.90907,semiconductor,False,False,0.93681,1.39089,0.60376,0.19059,2.59118,0.46514,Cs2GdCuBr6,False,False,True,False
Cs2BeFeF6,Be,Fe,F,4.28997,insulator,False,False,0.77015,3.44539,0.60238,2.24785,4.64294,0.02009,Cs2BeFeF6,False,False,True,False
Cs2LiEuBr6,Li,Eu,Br,1.37007,semiconductor,False,False,0.43640,2.26811,0.57433,1.12632,3.40990,0.17868,Cs2LiEuBr6,False,False,True,True
Cs2LuFrF6,Lu,Fr,F,7.19290,insulator,False,True,0.94852,6.70617,0.64508,5.42374,7.98860,0.00025,FrCs2LuF6,False,False,True,False
Cs2YbTlBr6,Yb,Tl,Br,1.20075,semiconductor,True,True,0.69413,1.82149,0.44562,0.93558,2.70741,0.38884,Cs2YbTlBr6,False,False,True,True
Cs2RbAuBr6,Rb,Au,Br,0.96501,semiconductor,True,True,0.57058,0.53574,0.29836,-0.05741,1.12890,0.07782,Cs2RbAuBr6,True,False,True,False
Cs2SrPbBr6,Sr,Pb,Br,4.64096,insulator,False,True,0.87608,2.78059,0.34832,2.08812,3.47305,0.02211,Cs2SrPbBr6,False,False,True,False
Cs2BaYbBr6,Ba,Yb,Br,2.30295,semiconductor,False,True,0.35187,4.07173,0.35365,3.36867,4.77480,0.00093,Cs2BaYbBr6,False,False,True,False
Cs2BaHgBr6,Ba,Hg,Br,3.42028,semiconductor,False,True,0.86614,2.48261,0.36588,1.75522,3.21000,0.06457,Cs2BaHgBr6,False,False,True,False
Cs2KPrBr6,K,Pr,Br,4.44403,insulator,False,True,0.98701,4.09617,0.26460,3.57013,4.62221,0.00008,Cs2KPrBr6,True,False,True,False
Cs2AuPuBr6,Au,Pu,Br,2.32575,semiconductor,False,True,0.87089,2.05243,0.47011,1.11784,2.98702,0.24975,Cs2PuAuBr6,False,False,True,False
Cs2NaIrBr6,Na,Ir,Br,2.57927,semiconductor,False,False,0.89559,1.72862,0.25146,1.22872,2.22853,0.56474,Cs2NaIrBr6,False,False,True,False
Cs2MnCdBr6,Mn,Cd,Br,2.05199,semiconductor,False,False,0.67663,1.56605,0.42419,0.72273,2.40936,0.55950,Cs2MnCdBr6,False,False,True,False
Cs2NaRuBr6,Na,Ru,Br,1.72295,semiconductor,False,False,0.81772,1.46275,0.29871,0.86891,2.05660,0.75346,Cs2NaRuBr6,False,False,True,True
Cs2LiGdBr6,Li,Gd,Br,5.16464,insulator,False,False,0.97375,2.56399,0.75816,1.05674,4.07125,0.12745,Cs2LiGdBr6,False,False,True,False
Cs2CaCoBr6,Ca,Co,Br,3.57259,semiconductor,False,False,0.83722,1.79226,0.39629,1.00443,2.58009,0.42522,Cs2CaCoBr6,False,False,True,False
Cs2CaFeBr6,Ca,Fe,Br,3.60653,semiconductor,False,False,0.78484,1.32160,0.43821,0.45044,2.19277,0.59858,Cs2CaFeBr6,False,False,True,False
Cs2BeNiF6,Be,Ni,F,5.26415,insulator,False,False,0.62001,3.62321,0.83919,1.95489,5.29154,0.03317,Cs2BeNiF6,False,False,True,False
Cs2CuTbBr6,Cu,Tb,Br,3.84109,semiconductor,True,False,0.90339,1.81706,0.32218,1.17655,2.45757,0.42775,Cs2TbCuBr6,False,False,True,False
Cs2CoFrBr6,Co,Fr,Br,2.80779,semiconductor,False,False,0.92032,1.49029,0.37271,0.74933,2.23124,0.64897,FrCs2CoBr6,False,False,True,False
Cs2TmTlBr6,Tm,Tl,Br,2.17131,semiconductor,False,True,0.86752,2.37762,0.34415,1.69344,3.06181,0.08052,Cs2TmTlBr6,False,False,True,False
Cs2CeAuBr6,Ce,Au,Br,3.13503,semiconductor,False,True,0.88418,1.40373,1.00033,-0.58497,3.39243,0.29499,Cs2CeAuBr6,False,False,True,False
Cs2NiFrBr6,Ni,Fr,Br,0.01166,half-metal,False,False,0.77852,1.48606,0.41719,0.65667,2.31544,0.59951,FrCs2NiBr6,False,False,False,False
Cs2KPuBr6,K,Pu,Br,3.44839,semiconductor,False,True,0.95373,3.12592,0.40792,2.31497,3.93687,0.01317,Cs2KPuBr6,False,False,True,False
Cs2BaTmBr6,Ba,Tm,Br,1.49679,semiconductor,False,True,0.42376,4.08269,0.29508,3.49607,4.66931,0.00025,Cs2BaTmBr6,False,False,True,True
Cs2AuNpBr6,Au,Np,Br,1.88558,semiconductor,False,True,0.90593,1.82315,0.70187,0.42781,3.21848,0.31069,Cs2NpAuBr6,False,False,True,False
Cs2AsFrBr6,As,Fr,Br,3.53529,semiconductor,False,False,0.98336,2.56634,0.26848,2.03260,3.10008,0.02245,FrCs2AsBr6,False,False,True,False
Cs2EuAmBr6,Eu,Am,Br,2.07569,semiconductor,False,True,0.27621,1.41728,0.46322,0.49639,2.33818,0.57309,Cs2EuAmBr6,False,False,True,False
Cs2NaTiBr6,Na,Ti,Br,2.36469,semiconductor,False,False,0.71596,1.44239,0.56502,0.31910,2.56567,0.48202,Cs2NaTiBr6,False,False,True,False
Cs2ZnCdBr6,Zn,Cd,Br,1.85257,semiconductor,False,False,0.76496,2.70585,0.45805,1.79524,3.61646,0.05326,Cs2ZnCdBr6,False,False,True,False
Cs2CaNiBr6,Ca,Ni,Br,3.18402,semiconductor,False,False,0.69502,1.82709,0.37291,1.08573,2.56844,0.40437,Cs2CaNiBr6,False,False,True,False
Cs2RbLuBr6,Rb,Lu,Br,5.50818,insulator,False,True,0.98529,4.65076,0.32576,4.00313,5.29838,0.00008,Cs2RbLuBr6,False,False,True,False
Cs2YbFrF6,Yb,Fr,F,6.27134,insulator,False,True,0.90084,6.32337,0.59542,5.13965,7.50708,0.00025,FrCs2YbF6,False,False,True,False
Cs2AlAgBr6,Al,Ag,Br,2.39171,semiconductor,False,False,0.64628,1.57802,0.40650,0.76989,2.38615,0.56879,Cs2AlAgBr6,True,False,True,False
Cs2NaRhBr6,Na,Rh,Br,2.57115,semiconductor,False,False,0.91297,1.92315,0.27910,1.36829,2.47801,0.31085,Cs2NaRhBr6,False,False,True,False
Cs2LiTbBr6,Li,Tb,Br,5.23303,insulator,False,False,0.94436,4.17043,0.41343,3.34851,4.99234,0.00118,Cs2LiTbBr6,False,False,True,False
Cs2CuDyBr6,Cu,Dy,Br,2.97660,semiconductor,False,False,0.92453,1.86787,0.27329,1.32457,2.41117,0.37348,Cs2DyCuBr6,False,False,True,False
Cs2PbRaF6,Pb,Ra,F,5.53057,insulator,False,True,0.86084,4.33529,0.53684,3.26804,5.40255,0.00236,Cs2RaPbF6,False,False,True,False
Cs2CuCdBr6,Cu,Cd,Br,0.16345,semiconductor,False,False,0.51281,1.65683,0.32312,1.01446,2.29921,0.58972,Cs2CdCuBr6,False,False,True,False
Cs2RbYbBr6,Rb,Yb,Br,2.56513,semiconductor,False,True,0.57701,4.58241,0.29057,4.00475,5.16007,0.00008,Cs2RbYbBr6,False,False,True,False
Cs2NRbBr6,N,Rb,Br,2.20901,semiconductor,False,False,0.98704,2.82473,0.38847,2.05245,3.59702,0.02566,Cs2RbBr6N,False,False,True,False
Cs2GeCdBr6,Ge,Cd,Br,1.90308,semiconductor,False,False,0.89678,1.92826,0.39965,1.13375,2.72277,0.32208,Cs2CdGeBr6,False,False,True,False
Cs2ZnAgBr6,Zn,Ag,Br,0.01280,half-metal,False,False,0.52507,1.94906,0.36471,1.22400,2.67413,0.30520,Cs2ZnAgBr6,False,False,False,False
Cs2KNpBr6,K,Np,Br,2.98208,semiconductor,False,True,0.97736,2.24741,0.61133,1.03208,3.46275,0.19126,Cs2KNpBr6,False,False,True,False
Cs2ErTlBr6,Er,Tl,Br,3.17731,semiconductor,True,True,0.85958,2.35792,0.31930,1.72314,2.99270,0.07596,Cs2ErTlBr6,False,False,True,False
Cs2NdNpBr6,Nd,Np,Br,0.02112,half-metal,False,True,0.66167,1.91629,0.56172,0.79956,3.03301,0.30984,Cs2NdNpBr6,False,False,False,False
Cs2KCeBr6,K,Ce,Br,4.48213,insulator,False,True,0.98712,1.27236,0.74716,-0.21302,2.75773,0.39374,Cs2KCeBr6,True,False,True,False
Cs2SrAmBr6,Sr,Am,Br,1.97051,semiconductor,False,True,0.26003,1.89709,0.42345,1.05525,2.73893,0.34183,Cs2SrAmBr6,False,False,True,False
Cs2SmEuBr6,Sm,Eu,Br,1.95405,semiconductor,False,True,0.47139,2.68022,0.50300,1.68025,3.68019,0.06837,Cs2SmEuBr6,False,False,True,False
Cs2AuUBr6,Au,U,Br,0.96831,semiconductor,False,True,0.88953,1.82103,0.71149,0.40656,3.23550,0.30773,Cs2UAuBr6,False,False,True,False
Cs2LiDyBr6,Li,Dy,Br,4.39069,insulator,False,False,0.95041,4.20295,0.34799,3.51112,4.89477,0.00042,Cs2LiDyBr6,False,False,True,False
Cs2FeFrBr6,Fe,Fr,Br,2.72352,semiconductor,True,False,0.85568,1.10591,0.38961,0.33135,1.88046,0.56322,FrCs2FeBr6,False,False,True,False
Cs2BeSmBr6,Be,Sm,Br,1.56397,semiconductor,False,False,0.49563,2.69102,0.52471,1.64789,3.73415,0.07073,Cs2SmBeBr6,False,False,True,True
Cs2CuHoBr6,Cu,Ho,Br,3.04272,semiconductor,True,False,0.95582,1.91297,0.25342,1.40917,2.41678,0.31237,Cs2HoCuBr6,False,False,True,False
Cs2CuAgBr6,Cu,Ag,Br,0.01258,metallic,False,False,0.45153,0.56373,0.35071,-0.13350,1.26096,0.12070,Cs2CuAgBr6,False,False,False,False
Cs2MgCdBr6,Mg,Cd,Br,2.94498,semiconductor,False,False,0.93586,3.12855,0.42084,2.29190,3.96519,0.01410,Cs2MgCdBr6,False,False,True,False
Cs2GeAgBr6,Ge,Ag,Br,0.01510,metallic,False,False,0.86327,1.34615,0.37263,0.60534,2.08695,0.67016,Cs2AgGeBr6,False,False,False,False
Cs2CuYBr6,Cu,Y,Br,4.14285,insulator,False,False,0.95485,2.16521,0.35887,1.45177,2.87865,0.16771,Cs2YCuBr6,True,False,True,False
Cs2HgThBr6,Hg,Th,Br,3.19254,semiconductor,False,True,0.30730,2.49276,0.43609,1.62580,3.35972,0.08558,Cs2ThHgBr6,False,False,True,False
Cs2YTlBr6,Y,Tl,Br,4.44928,insulator,False,True,0.93060,3.73625,0.36502,3.01058,4.46192,0.00177,Cs2YTlBr6,True,False,True,False
Cs2SrSmBr6,Sr,Sm,Br,1.84575,semiconductor,False,True,0.62085,3.54860,0.48852,2.57740,4.51979,0.00920,Cs2SrSmBr6,False,False,True,False
Cs2PbAmBr6,Pb,Am,Br,1.54450,semiconductor,False,True,0.71686,0.95575,0.40976,0.14114,1.77036,0.44936,Cs2AmPbBr6,False,False,True,True
Cs2AuBiBr6,Au,Bi,Br,0.87153,semiconductor,False,True,0.90124,0.59644,0.30798,-0.01584,1.20871,0.11116,Cs2BiAuBr6,True,False,True,False
Cs2RbTmBr6,Rb,Tm,Br,3.45576,semiconductor,True,True,0.95636,4.92943,0.24770,4.43699,5.42187,0.00000,Cs2RbTmBr6,False,False,True,False
Cs2HoTlBr6,Ho,Tl,Br,3.52490,semiconductor,True,True,0.86390,2.45621,0.31599,1.82801,3.08440,0.05241,Cs2HoTlBr6,False,False,True,False
Cs2LaAuBr6,La,Au,Br,3.14381,semiconductor,False,True,0.92920,2.15102,0.37541,1.40470,2.89735,0.18189,Cs2LaAuBr6,False,False,True,False
Cs2KUBr6,K,U,Br,2.39421,semiconductor,False,True,0.97430,2.38170,0.43367,1.51955,3.24384,0.11394,Cs2KUBr6,False,False,True,False
Cs2RbTlBr6,Rb,Tl,Br,2.80261,semiconductor,False,True,0.94418,1.64642,0.29098,1.06793,2.22491,0.63192,Cs2RbTlBr6,True,False,True,False
Cs2LiHoBr6,Li,Ho,Br,4.37142,insulator,False,False,0.97585,4.30803,0.34090,3.63032,4.98575,0.00025,Cs2LiHoBr6,False,False,True,False
Cs2MgAgBr6,Mg,Ag,Br,0.01142,half-metal,False,False,0.84872,2.39990,0.37307,1.65822,3.14158,0.08643,Cs2MgAgBr6,False,False,False,False
Cs2PdPtBr6,Pd,Pt,Br,0.01260,half-metal,False,False,0.49506,0.84564,0.27356,0.30180,1.38949,0.30216,Cs2PdPtBr6,False,False,False,False
Cs2NTlBr6,N,Tl,Br,0.01120,metallic,False,False,0.89687,1.01249,0.65644,-0.29254,2.31752,0.39585,Cs2TlBr6N,False,False,False,False
Cs2CuErBr6,Cu,Er,Br,2.60276,semiconductor,False,False,0.90181,1.78203,0.28595,1.21356,2.35050,0.47291,Cs2ErCuBr6,False,False,True,False
Cs2NaVBr6,Na,V,Br,2.64575,semiconductor,False,False,0.46126,1.71820,0.48465,0.75471,2.68170,0.43104,Cs2NaVBr6,False,False,True,False
Cs2BeAmBr6,Be,Am,Br,1.72103,semiconductor,False,False,0.25838,1.07856,0.40972,0.26403,1.89309,0.53385,Cs2AmBeBr6,False,False,True,True
Cs2TiPtBr6,Ti,Pt,Br,0.26200,semiconductor,False,False,0.77556,1.28587,0.37698,0.53641,2.03532,0.65192,Cs2TiPtBr6,False,False,True,False
Cs2LiYBr6,Li,Y,Br,5.34839,insulator,False,False,0.98338,3.84926,0.51092,2.83354,4.86498,0.00582,Cs2LiYBr6,True,False,True,False
Cs2SmPbBr6,Sm,Pb,Br,1.35196,semiconductor,False,True,0.87212,2.97194,0.36300,2.25029,3.69359,0.01367,Cs2SmPbBr6,False,False,True,True
Cs2RbErBr6,Rb,Er,Br,4.22373,insulator,True,True,0.96286,4.95339,0.22726,4.50158,5.40520,0.00008,Cs2RbErBr6,False,False,True,False
Cs2AuPaBr6,Au,Pa,Br,0.53845,semiconductor,True,True,0.90463,1.48590,0.72334,0.04787,2.92393,0.38336,Cs2PaAuBr6,False,False,True,False
Cs2KBiBr6,K,Bi,Br,4.33455,insulator,False,True,0.98651,3.54260,0.20459,3.13587,3.94934,0.00008,Cs2KBiBr6,True,False,True,False
Cs2AlPdF6,Al,Pd,F,2.59140,semiconductor,False,False,0.51536,2.67080,0.75441,1.17101,4.17059,0.11200,Cs2AlPdF6,False,False,True,False
Cs2TmFrF6,Tm,Fr,F,6.90366,insulator,False,True,0.89808,6.51929,0.64899,5.22907,7.80950,0.00025,FrCs2TmF6,False,False,True,False
Cs2DyTlBr6,Dy,Tl,Br,3.60641,semiconductor,True,True,0.87408,2.53007,0.31608,1.90169,3.15844,0.03967,Cs2DyTlBr6,False,False,True,False
Cs2KLaBr6,K,La,Br,5.52461,insulator,False,True,0.99213,4.11016,0.29877,3.51619,4.70412,0.00025,Cs2KLaBr6,False,False,True,False
Cs2MnFrBr6,Mn,Fr,Br,0.22586,semiconductor,False,False,0.78016,2.10458,0.31874,1.47091,2.73824,0.18349,FrCs2MnBr6,False,False,True,False
Cs2CuTlBr6,Cu,Tl,Br,0.01254,metallic,False,False,0.21152,0.55111,0.33260,-0.11011,1.21233,0.10441,Cs2TlCuBr6,True,False,False,False
Cs2CrFrBr6,Cr,Fr,Br,3.29058,semiconductor,True,False,0.84934,1.53394,0.26700,1.00313,2.06474,0.76536,FrCs2CrBr6,False,False,True,False
Cs2TiVBr6,Ti,V,Br,2.16272,semiconductor,False,False,0.57977,0.60868,0.40184,-0.19020,1.40755,0.17007,Cs2TiVBr6,False,False,True,False
Cs2BKBr6,B,K,Br,2.81241,semiconductor,False,False,0.95121,1.77179,0.25150,1.27180,2.27178,0.50127,Cs2KBBr6,False,False,True,False
Cs2LiErBr6,Li,Er,Br,3.89091,semiconductor,True,False,0.94971,4.35825,0.38231,3.59821,5.11829,0.00068,Cs2LiErBr6,False,False,True,False
Cs2CuTmBr6,Cu,Tm,Br,1.77788,semiconductor,False,False,0.91470,1.77862,0.29771,1.18675,2.37048,0.47299,Cs2TmCuBr6,False,False,True,True
Cs2CoCdBr6,Co,Cd,Br,2.25226,semiconductor,False,False,0.65874,1.29433,0.40926,0.48071,2.10795,0.62171,Cs2CdCoBr6,False,False,True,False
Cs2GaFrBr6,Ga,Fr,Br,3.74399,semiconductor,False,False,0.92386,1.77930,0.31135,1.16032,2.39828,0.46852,FrCs2GaBr6,False,False,True,False
Cs2AgRaBr6,Ag,Ra,Br,0.01358,half-metal,False,True,0.75856,2.47473,0.32535,1.82793,3.12153,0.05216,Cs2RaAgBr6,False,False,False,False
Cs2RbYBr6,Rb,Y,Br,5.48044,insulator,False,True,0.99085,4.12641,0.25846,3.61258,4.64023,0.00008,Cs2RbYBr6,True,False,True,False
Cs2BaDyBr6,Ba,Dy,Br,0.03159,half-metal,False,True,0.44983,3.73020,0.27011,3.19322,4.26718,0.00034,Cs2BaDyBr6,False,False,False,False
Cs2RbHoBr6,Rb,Ho,Br,4.60272,insulator,False,True,0.98351,4.87997,0.19511,4.49209,5.26785,0.00008,Cs2RbHoBr6,False,False,True,False
Cs2LiTlBr6,Li,Tl,Br,1.67479,semiconductor,False,False,0.91723,0.82710,0.39717,0.03752,1.61668,0.33525,Cs2LiTlBr6,True,False,True,True
Cs2FeCdBr6,Fe,Cd,Br,2.07870,semiconductor,False,False,0.71809,1.35625,0.41082,0.53952,2.17297,0.63040,Cs2CdFeBr6,False,False,True,False
Cs2TlFrF6,Tl,Fr,F,5.18708,insulator,False,True,0.91879,2.82166,0.44887,1.92929,3.71402,0.03764,FrCs2TlF6,False,False,True,False
Cs2TbTlBr6,Tb,Tl,Br,4.34372,insulator,False,True,0.86200,2.61065,0.35431,1.90626,3.31503,0.03992,Cs2TbTlBr6,False,False,True,False
Cs2NaGaBr6,Na,Ga,Br,2.77297,semiconductor,False,False,0.97091,1.78591,0.30432,1.18090,2.39091,0.46447,Cs2NaGaBr6,True,False,True,False
Cs2BAuBr6,B,Au,Br,0.01126,metallic,False,False,0.45448,1.21887,0.34811,0.52682,1.91091,0.65952,Cs2BAuBr6,False,False,False,False
Cs2NiCdBr6,Ni,Cd,Br,1.99675,semiconductor,True,False,0.58327,1.62550,0.38351,0.86307,2.38792,0.56035,Cs2CdNiBr6,False,False,True,False
Cs2LiTmBr6,Li,Tm,Br,2.99569,semiconductor,True,False,0.94230,4.39117,0.40125,3.59348,5.18887,0.00093,Cs2LiTmBr6,False,False,True,False
Cs2BePbBr6,Be,Pb,Br,3.14470,semiconductor,False,False,0.85222,2.35633,0.51226,1.33795,3.37471,0.14239,Cs2BePbBr6,False,False,True,False
Cs2CuYbBr6,Cu,Yb,Br,0.99588,semiconductor,False,False,0.53820,1.94260,0.34489,1.25694,2.62826,0.30689,Cs2YbCuBr6,False,False,True,False
Cs2CdRaBr6,Cd,Ra,Br,4.59815,insulator,False,True,0.89859,3.15014,0.37925,2.39618,3.90410,0.00954,Cs2RaCdBr6,False,False,True,False
Cs2CoAgBr6,Co,Ag,Br,1.21000,semiconductor,False,False,0.80292,0.68084,0.39301,-0.10048,1.46217,0.21413,Cs2CoAgBr6,False,False,True,True
Cs2SmAmBr6,Sm,Am,Br,0.66423,semiconductor,True,True,0.40176,1.98345,0.45043,1.08799,2.87892,0.28612,Cs2SmAmBr6,False,False,True,False
Cs2FeAgBr6,Fe,Ag,Br,0.92175,semiconductor,True,False,0.67776,0.78600,0.41396,-0.03697,1.60898,0.30587,Cs2FeAgBr6,False,True,True,False
Cs2NaCrBr6,Na,Cr,Br,2.62091,semiconductor,True,False,0.88667,1.85024,0.30692,1.24008,2.46039,0.39332,Cs2NaCrBr6,False,False,True,False
Cs2RbDyBr6,Rb,Dy,Br,4.67297,insulator,False,True,0.97213,4.80684,0.18544,4.43818,5.17550,0.00000,Cs2RbDyBr6,False,False,True,False
Cs2NaMnBr6,Na,Mn,Br,0.11509,semiconductor,False,False,0.85529,1.78389,0.30154,1.18442,2.38336,0.46666,Cs2NaMnBr6,False,False,True,False
Cs2ErFrF6,Er,Fr,F,6.54375,insulator,True,True,0.90693,6.36609,0.59723,5.17877,7.55341,0.00025,FrCs2ErF6,False,False,True,False
Cs2CuLuBr6,Cu,Lu,Br,3.85843,semiconductor,False,False,0.94867,1.90572,0.34208,1.22564,2.58579,0.33845,Cs2LuCuBr6,False,False,True,False
Cs2PdPaBr6,Pd,Pa,Br,1.94548,semiconductor,True,False,0.72883,0.97471,0.67718,-0.37156,2.32097,0.38023,Cs2PaPdBr6,False,False,True,False
Cs2NiAgBr6,Ni,Ag,Br,0.01276,half-metal,False,False,0.59675,0.94468,0.37430,0.20057,1.68880,0.44278,Cs2NiAgBr6,False,False,False,False
Cs2PHgBr6,P,Hg,Br,0.01114,metallic,False,False,0.36007,1.61220,0.38264,0.85150,2.37290,0.56921,Cs2HgPBr6,False,False,False,False
Cs2BeSrBr6,Be,Sr,Br,4.97553,insulator,False,False,0.90455,4.76226,0.43748,3.89253,5.63198,0.00068,Cs2SrBeBr6,False,False,True,False
Cs2LiYbBr6,Li,Yb,Br,2.20790,semiconductor,True,False,0.50468,4.29984,0.43111,3.44279,5.15690,0.00118,Cs2LiYbBr6,False,False,True,False
Cs2GdTlBr6,Gd,Tl,Br,4.23203,insulator,False,True,0.87778,2.74696,0.61121,1.53185,3.96208,0.07849,Cs2GdTlBr6,False,False,True,False
Cs2GeBaI6,Ge,Ba,I,3.46125,semiconductor,False,False,0.94946,2.03141,0.28234,1.47011,2.59272,0.21615,Cs2BaGeI6,False,False,True,False
Cs2TiSmI6,Ti,Sm,I,1.50871,semiconductor,True,False,0.76760,1.14041,0.27576,0.59219,1.68863,0.67657,Cs2SmTiI6,False,False,True,True
Cs2CuBaI6,Cu,Ba,I,0.31433,semiconductor,False,False,0.68017,2.46199,0.23616,1.99250,2.93149,0.02380,Cs2BaCuI6,False,False,True,False
Cs2NiTlI6,Ni,Tl,I,0.01234,half-metal,False,False,0.29741,1.07539,0.32914,0.42105,1.72973,0.57706,Cs2TlNiI6,False,False,False,False
Cs2ErHgI6,Er,Hg,I,0.02260,metallic,False,False,0.61407,1.69759,0.18536,1.32908,2.06609,0.68138,Cs2ErHgI6,False,False,False,False
Cs2AsTlI6,As,Tl,I,1.03140,semiconductor,False,False,0.91068,0.81133,0.29430,0.22625,1.39642,0.27583,Cs2TlAsI6,True,False,True,True
Cs2VNdI6,V,Nd,I,0.87331,semiconductor,False,False,0.73451,1.18900,0.19634,0.79866,1.57933,0.80047,Cs2NdVI6,False,False,True,False
Cs2CoTlI6,Co,Tl,I,1.67383,semiconductor,False,False,0.48730,0.89753,0.33653,0.22849,1.56656,0.39154,Cs2TlCoI6,False,False,True,True
Cs2AgGdI6,Ag,Gd,I,3.62005,semiconductor,False,True,0.87924,1.42732,0.37792,0.67600,2.17864,0.65986,Cs2GdAgI6,False,False,True,False
Cs2HgTlI6,Hg,Tl,I,0.01270,metallic,False,False,0.32176,0.64744,0.35475,-0.05783,1.35270,0.16956,Cs2TlHgI6,True,False,False,False
Cs2DyYbI6,Dy,Yb,I,0.10080,semiconductor,False,True,0.24615,2.77380,0.23063,2.31529,3.23231,0.00599,Cs2YbDyI6,False,False,True,False
Cs2ZnBaI6,Zn,Ba,I,3.25291,semiconductor,False,False,0.90801,2.97976,0.28639,2.41039,3.54912,0.00641,Cs2BaZnI6,False,False,True,False
Cs2YHgI6,Y,Hg,I,0.02040,metallic,False,False,0.30440,1.85085,0.24178,1.37019,2.33152,0.39070,Cs2YHgI6,True,False,False,False
Cs2NdPtI6,Nd,Pt,I,0.41091,semiconductor,False,False,0.84361,1.56614,0.14000,1.28783,1.84446,0.92657,Cs2NdPtI6,False,False,True,False
Cs2TaAuI6,Ta,Au,I,0.01708,metallic,False,False,0.46553,0.62112,0.31569,-0.00647,1.24872,0.12922,Cs2TaAuI6,False,False,False,False
Cs2NbAuI6,Nb,Au,I,0.77535,semiconductor,False,False,0.41292,0.56241,0.26745,0.03071,1.09410,0.06896,Cs2NbAuI6,False,False,True,False
Cs2AgTbI6,Ag,Tb,I,3.62411,semiconductor,False,True,0.88601,2.10270,0.22563,1.65414,2.55126,0.12703,Cs2TbAgI6,False,False,True,False
Cs2HoHgI6,Ho,Hg,I,0.02234,metallic,False,False,0.55842,1.70567,0.17140,1.36492,2.04642,0.68282,Cs2HoHgI6,False,False,False,False
Cs2CaDyI6,Ca,Dy,I,0.98136,semiconductor,True,True,0.40362,2.73891,0.18296,2.37518,3.10263,0.00228,Cs2CaDyI6,False,False,True,False
Cs2BFrI6,B,Fr,I,1.58334,semiconductor,False,False,0.86773,1.06889,0.21610,0.63927,1.49851,0.63184,FrCs2BI6,False,False,True,True
Cs2KMoI6,K,Mo,I,2.96620,semiconductor,False,False,0.90548,1.41824,0.19560,1.02938,1.80709,0.90640,Cs2KMoI6,True,False,True,False
Cs2TiAmI6,Ti,Am,I,1.71221,semiconductor,True,False,0.68968,0.98646,0.26641,0.45683,1.51610,0.49696,Cs2AmTiI6,False,False,True,True
Cs2MgBaI6,Mg,Ba,I,4.46050,insulator,False,False,0.96322,3.69938,0.31046,3.08218,4.31658,0.00118,Cs2BaMgI6,False,False,True,False
Cs2AgEuI6,Ag,Eu,I,0.28249,semiconductor,False,True,0.55932,1.60688,0.31503,0.98060,2.23316,0.64458,Cs2EuAgI6,False,False,True,False
Cs2FeTlI6,Fe,Tl,I,0.01270,half-metal,False,False,0.56992,1.02180,0.32946,0.36683,1.67678,0.52414,Cs2TlFeI6,False,False,False,False
Cs2CoRbI6,Co,Rb,I,1.79595,semiconductor,False,False,0.95467,1.70885,0.30223,1.10801,2.30969,0.55427,Cs2RbCoI6,False,False,True,True
Cs2AsRbI6,As,Rb,I,3.10907,semiconductor,False,False,0.99291,2.29441,0.16597,1.96446,2.62435,0.02026,Cs2RbAsI6,True,False,True,False
Cs2CaNpI6,Ca,Np,I,0.34984,semiconductor,False,True,0.63793,1.25355,0.38144,0.49523,2.01187,0.63985,Cs2CaNpI6,False,False,True,False
Cs2KNbI6,K,Nb,I,1.26028,semiconductor,False,False,0.52987,0.95179,0.29723,0.36088,1.54270,0.45071,Cs2KNbI6,False,False,True,True
Cs2KTaI6,K,Ta,I,0.97269,semiconductor,False,False,0.39127,0.78283,0.31074,0.16507,1.40059,0.25414,Cs2KTaI6,True,False,True,False
Cs2MnBaI6,Mn,Ba,I,3.92567,semiconductor,True,False,0.78845,2.22593,0.33225,1.56542,2.88645,0.12795,Cs2BaMnI6,False,False,True,False
Cs2NiRbI6,Ni,Rb,I,0.01292,half-metal,False,False,0.86326,1.89456,0.24197,1.41352,2.37560,0.33069,Cs2RbNiI6,False,False,False,False
Cs2AgDyI6,Ag,Dy,I,2.95628,semiconductor,False,True,0.92267,2.08938,0.21047,1.67095,2.50780,0.12297,Cs2DyAgI6,False,False,True,False
Cs2DyHgI6,Dy,Hg,I,0.02132,metallic,False,True,0.52965,1.74926,0.18001,1.39138,2.10713,0.58001,Cs2DyHgI6,False,False,False,False
Cs2KRuI6,K,Ru,I,1.56609,semiconductor,False,False,0.82156,1.37157,0.21698,0.94020,1.80294,0.87593,Cs2KRuI6,False,False,True,True
Cs2KIrI6,K,Ir,I,2.53003,semiconductor,False,False,0.87695,1.75593,0.19904,1.36024,2.15162,0.55343,Cs2KIrI6,False,False,True,False
Cs2CuRbI6,Cu,Rb,I,0.36762,semiconductor,False,False,0.74099,1.27760,0.20167,0.87668,1.67853,0.85998,Cs2RbCuI6,False,False,True,False
Cs2MoAuI6,Mo,Au,I,0.80409,semiconductor,False,False,0.55131,0.53985,0.22662,0.08933,0.99038,0.03477,Cs2MoAuI6,False,False,True,False
Cs2YbHgI6,Yb,Hg,I,0.02250,metallic,False,False,0.54468,1.85911,0.31975,1.22343,2.49479,0.38327,Cs2YbHgI6,False,False,False,False
Cs2AgSmI6,Ag,Sm,I,1.30129,semiconductor,False,True,0.91973,2.29822,0.28259,1.73642,2.86003,0.07655,Cs2SmAgI6,False,False,True,True
Cs2CrNdI6,Cr,Nd,I,0.77698,semiconductor,False,False,0.82022,1.36184,0.19229,0.97957,1.74411,0.90623,Cs2NdCrI6,False,False,True,False
Cs2AlRbI6,Al,Rb,I,2.99651,semiconductor,False,False,0.96847,1.94880,0.25738,1.43712,2.46048,0.27625,Cs2RbAlI6,True,False,True,False
Cs2NaLaI6,Na,La,I,4.29790,insulator,False,True,0.98527,3.20965,0.31316,2.58708,3.83222,0.00439,Cs2NaLaI6,False,False,True,False
Cs2MnTlI6,Mn,Tl,I,0.02362,half-metal,False,False,0.47380,1.26367,0.36541,0.53723,1.99012,0.65690,Cs2MnTlI6,False,False,False,False
Cs2AgHoI6,Ag,Ho,I,3.02260,semiconductor,True,False,0.94887,2.05712,0.16848,1.72218,2.39206,0.10398,Cs2HoAgI6,False,False,True,False
Cs2LuHgI6,Lu,Hg,I,0.02494,metallic,False,False,0.41681,1.92476,0.27197,1.38407,2.46544,0.30571,Cs2LuHgI6,False,False,False,False
Cs2TbHgI6,Tb,Hg,I,0.02090,metallic,False,True,0.55452,1.77506,0.18178,1.41368,2.13643,0.52279,Cs2TbHgI6,False,False,False,False
Cs2IrAuI6,Ir,Au,I,0.10562,semiconductor,False,False,0.69559,0.75895,0.23615,0.28948,1.22841,0.16551,Cs2IrAuI6,False,False,True,False
Cs2TiPbI6,Ti,Pb,I,1.67585,semiconductor,False,False,0.85480,1.21079,0.30629,0.60188,1.81970,0.69784,Cs2TiPbI6,False,False,True,True
Cs2YAgI6,Y,Ag,I,3.72184,semiconductor,False,False,0.95024,2.41752,0.26312,1.89443,2.94061,0.03840,Cs2YAgI6,True,False,True,False
Cs2NaBiI6,Na,Bi,I,3.06704,semiconductor,False,True,0.98394,2.33855,0.19412,1.95263,2.72446,0.02557,Cs2NaBiI6,True,False,True,False
Cs2KTiI6,K,Ti,I,2.23343,semiconductor,False,False,0.72662,1.31449,0.35924,0.60031,2.02868,0.68020,Cs2KTiI6,False,False,True,False
Cs2RuAuI6,Ru,Au,I,0.06260,half-metal,False,False,0.59235,0.68513,0.21530,0.25711,1.11314,0.09124,Cs2RuAuI6,False,False,False,False
Cs2PdPbI6,Pd,Pb,I,0.01206,metallic,False,False,0.65574,1.14537,0.25272,0.64295,1.64778,0.69843,Cs2PdPbI6,False,False,False,False
Cs2TmYbI6,Tm,Yb,I,2.16079,semiconductor,True,True,0.21889,2.49134,0.24048,2.01325,2.96943,0.02211,Cs2YbTmI6,False,False,True,False
Cs2VFrBr6,V,Fr,Br,2.82304,semiconductor,False,False,0.39326,1.13594,0.38753,0.36552,1.90637,0.58381,FrCs2VBr6,False,False,True,False
Cs2ScAuI6,Sc,Au,I,2.08453,semiconductor,False,False,0.92254,1.27384,0.24659,0.78361,1.76407,0.80250,Cs2ScAuI6,True,False,True,False
Cs2CrBaI6,Cr,Ba,I,1.38579,semiconductor,False,False,0.68366,1.54841,0.23873,1.07380,2.02302,0.79625,Cs2BaCrI6,False,False,True,True
Cs2CrTlI6,Cr,Tl,I,1.69261,semiconductor,False,False,0.56030,1.26760,0.29538,0.68037,1.85483,0.74038,Cs2TlCrI6,False,False,True,True
Cs2CoBaI6,Co,Ba,I,2.78141,semiconductor,False,False,0.78242,1.72221,0.30480,1.11627,2.32816,0.53621,Cs2BaCoI6,False,False,True,False
Cs2FeRbI6,Fe,Rb,I,1.73481,semiconductor,False,False,0.88579,1.55479,0.33788,0.88309,2.22650,0.65817,Cs2RbFeI6,False,False,True,True
Cs2TiCrBr6,Ti,Cr,Br,0.56381,semiconductor,False,False,0.75098,0.91923,0.39791,0.12817,1.71029,0.41855,Cs2TiCrBr6,False,False,True,False
Cs2KRhI6,K,Rh,I,2.00974,semiconductor,False,False,0.90796,1.67373,0.21169,1.25288,2.09457,0.69016,Cs2KRhI6,False,False,True,False
Cs2NaUI6,Na,U,I,2.53599,semiconductor,False,True,0.96766,1.93515,0.42207,1.09606,2.77424,0.31575,Cs2NaUI6,False,False,True,False
Cs2FeBaI6,Fe,Ba,I,3.21105,semiconductor,True,False,0.73979,1.52304,0.34964,0.82795,2.21814,0.66172,Cs2BaFeI6,False,False,True,False
Cs2YbNpI6,Yb,Np,I,0.28042,semiconductor,False,True,0.44411,1.42893,0.49528,0.44430,2.41356,0.54245,Cs2YbNpI6,False,False,True,False
Cs2AgPmI6,Ag,Pm,I,1.96988,semiconductor,False,True,0.93300,2.46320,0.22982,2.00630,2.92010,0.02186,Cs2PmAgI6,False,False,True,False
Cs2SrAgI6,Sr,Ag,I,0.01594,half-metal,False,True,0.79894,2.86289,0.26151,2.34299,3.38278,0.00684,Cs2SrAgI6,False,False,False,False
Cs2AgCmI6,Ag,Cm,I,3.17494,semiconductor,False,True,0.89429,1.69028,0.36821,0.95825,2.42230,0.52296,Cs2CmAgI6,False,False,True,False
Cs2GaTlI6,Ga,Tl,I,0.85691,semiconductor,False,False,0.94115,1.13235,0.27026,0.59506,1.66963,0.67260,Cs2TlGaI6,True,False,True,False
Cs2CdEuI6,Cd,Eu,I,0.99085,semiconductor,False,True,0.27892,1.28034,0.37433,0.53616,2.02453,0.65302,Cs2EuCdI6,False,False,True,False
Cs2TiAuI6,Ti,Au,I,1.44343,semiconductor,False,False,0.48974,0.94158,0.29467,0.35577,1.52740,0.43771,Cs2TiAuI6,False,False,True,True
Cs2TiSrI6,Ti,Sr,I,2.11765,semiconductor,False,False,0.40675,1.37606,0.38484,0.61097,2.14114,0.65918,Cs2SrTiI6,False,False,True,False
Cs2AuHgI6,Au,Hg,I,0.01268,metallic,False,False,0.44008,1.05654,0.28767,0.48465,1.62843,0.57790,Cs2HgAuI6,False,False,False,False
Cs2SrPdI6,Sr,Pd,I,0.93995,semiconductor,True,False,0.68670,1.88782,0.21405,1.46229,2.31336,0.32833,Cs2SrPdI6,False,False,True,False
Cs2AgErI6,Ag,Er,I,2.57891,semiconductor,True,False,0.89184,2.05255,0.18137,1.69198,2.41311,0.12162,Cs2ErAgI6,False,False,True,False
Cs2MnNdI6,Mn,Nd,I,0.79786,semiconductor,True,False,0.83772,1.76376,0.25854,1.24977,2.27775,0.50912,Cs2NdMnI6,False,False,True,False
Cs2NiBaI6,Ni,Ba,I,2.47093,semiconductor,False,False,0.64729,1.62913,0.30863,1.01556,2.24269,0.63201,Cs2BaNiI6,False,False,True,False
Cs2AgAmI6,Ag,Am,I,1.33208,semiconductor,False,True,0.70083,1.73464,0.28500,1.16806,2.30122,0.53477,Cs2AmAgI6,False,False,True,True
Cs2KScI6,K,Sc,I,3.60851,semiconductor,False,False,0.98833,2.48361,0.22002,2.04621,2.92101,0.01688,Cs2KScI6,True,False,True,False
Cs2GdHgI6,Gd,Hg,I,0.02086,metallic,False,True,0.41956,1.44814,0.38717,0.67844,2.21785,0.64627,Cs2GdHgI6,False,False,False,False
Cs2AlTlI6,Al,Tl,I,2.04481,semiconductor,False,False,0.95515,1.83032,0.29578,1.24231,2.41833,0.41771,Cs2AlTlI6,True,False,True,False
Cs2AgTlI6,Ag,Tl,I,0.01264,metallic,False,False,0.21552,0.81572,0.29564,0.22798,1.40347,0.28190,Cs2TlAgI6,True,False,False,False
Cs2RhAuI6,Rh,Au,I,0.02174,metallic,False,False,0.56746,0.63851,0.21488,0.21133,1.06568,0.06482,Cs2RhAuI6,False,False,False,False
Cs2SbAuI6,Sb,Au,I,0.01110,metallic,False,False,0.78434,0.51418,0.23585,0.04529,0.98306,0.03292,Cs2SbAuI6,True,False,False,False
Cs2KAgI6,K,Ag,I,0.01420,half-metal,True,False,0.75906,1.70292,0.21912,1.26730,2.13854,0.63277,Cs2KAgI6,False,False,False,False
Cs2AgPbI6,Ag,Pb,I,0.01252,metallic,False,True,0.68218,1.36850,0.29155,0.78888,1.94812,0.77009,Cs2AgPbI6,False,False,False,False
Cs2SrCdI6,Sr,Cd,I,3.10530,semiconductor,False,True,0.93709,2.76110,0.29407,2.17648,3.34571,0.01367,Cs2SrCdI6,False,False,True,False
Cs2MnRbI6,Mn,Rb,I,0.02246,half-metal,False,False,0.86516,2.16177,0.24184,1.68099,2.64255,0.10517,Cs2RbMnI6,False,False,False,False
Cs2AgNdI6,Ag,Nd,I,2.54938,semiconductor,False,True,0.94171,2.67111,0.21125,2.25115,3.09107,0.00667,Cs2NdAgI6,True,False,True,False
Cs2ZnNdI6,Zn,Nd,I,0.02666,half-metal,True,False,0.56287,2.26026,0.19628,1.87006,2.65047,0.03958,Cs2NdZnI6,False,False,False,False
Cs2TiEuI6,Ti,Eu,I,1.95258,semiconductor,False,False,0.67516,0.91439,0.26078,0.39594,1.43283,0.38985,Cs2EuTiI6,False,False,True,False
Cs2NaNpI6,Na,Np,I,3.31856,semiconductor,False,True,0.97346,1.84407,0.54951,0.75162,2.93652,0.34647,Cs2NaNpI6,False,False,True,False
Cs2AgTmI6,Ag,Tm,I,1.77788,semiconductor,False,False,0.89335,2.02523,0.19032,1.64686,2.40360,0.15319,Cs2TmAgI6,False,False,True,True
Cs2CaTmI6,Ca,Tm,I,2.24539,semiconductor,True,True,0.33046,2.80853,0.18169,2.44732,3.16973,0.00177,Cs2CaTmI6,False,False,True,False
Cs2CrRbI6,Cr,Rb,I,2.01890,semiconductor,True,False,0.89663,1.64893,0.19665,1.25798,2.03989,0.74789,Cs2RbCrI6,False,False,True,False
Cs2NaCeI6,Na,Ce,I,4.19989,insulator,False,True,0.97109,1.98633,0.66120,0.67184,3.30082,0.26823,Cs2NaCeI6,True,False,True,False
Cs2EuHgI6,Eu,Hg,I,0.11356,semiconductor,False,True,0.15940,1.14575,0.34398,0.46190,1.82961,0.62525,Cs2EuHgI6,False,False,True,False
Cs2KSbI6,K,Sb,I,3.00001,semiconductor,False,False,0.99278,2.43617,0.17720,2.08389,2.78845,0.01089,Cs2KSbI6,True,False,True,False
Cs2NaAcI6,Na,Ac,I,4.71454,insulator,False,True,0.97524,3.25206,0.28818,2.67914,3.82498,0.00236,Cs2NaAcI6,False,False,True,False
Cs2GaRbI6,Ga,Rb,I,2.03354,semiconductor,False,False,0.97631,1.18000,0.23641,0.71001,1.65000,0.74418,Cs2RbGaI6,True,False,True,False
Cs2KPdI6,K,Pd,I,0.02856,half-metal,False,False,0.81173,2.24224,0.17790,1.88856,2.59592,0.03351,Cs2KPdI6,False,False,False,False
Cs2AgPrI6,Ag,Pr,I,2.69826,semiconductor,False,True,0.94134,2.68806,0.27147,2.14837,3.22774,0.01393,Cs2PrAgI6,True,False,True,False
Cs2CdPbI6,Cd,Pb,I,1.76924,semiconductor,False,True,0.72767,1.32937,0.28878,0.75526,1.90349,0.76739,Cs2CdPbI6,False,False,True,True
Cs2VBaI6,V,Ba,I,3.64251,semiconductor,False,False,0.68084,1.59879,0.31550,0.97156,2.22602,0.65100,Cs2BaVI6,False,False,True,False
Cs2VTlI6,V,Tl,I,1.86974,semiconductor,False,False,0.59309,1.31578,0.31217,0.69517,1.93639,0.73574,Cs2TlVI6,False,False,True,False
Cs2PdLaBr6,Pd,La,Br,1.31990,semiconductor,False,False,0.79921,1.65671,0.34747,0.96592,2.34750,0.56972,Cs2LaPdBr6,False,False,True,True
Cs2RbTbBr6,Rb,Tb,Br,5.46582,insulator,False,True,0.96503,4.76436,0.22420,4.31864,5.21007,0.00008,Cs2RbTbBr6,False,False,True,False
Cs2CdDyI6,Cd,Dy,I,0.02144,metallic,False,True,0.76629,1.99928,0.20366,1.59439,2.40417,0.18746,Cs2DyCdI6,False,False,False,False
Cs2CaHgI6,Ca,Hg,I,1.78759,semiconductor,False,True,0.75952,1.94145,0.29471,1.35557,2.52734,0.29634,Cs2CaHgI6,False,False,True,True
Cs2SmPtI6,Sm,Pt,I,0.01834,half-metal,False,False,0.79776,1.37823,0.18564,1.00917,1.74729,0.91729,Cs2SmPtI6,False,False,False,False
Cs2GeNdI6,Ge,Nd,I,0.44596,semiconductor,False,False,0.92060,1.90245,0.25672,1.39208,2.41282,0.32647,Cs2NdGeI6,False,False,True,False
Cs2CaYbI6,Ca,Yb,I,3.05173,semiconductor,False,True,0.44069,3.73337,0.29306,3.15075,4.31600,0.00076,Cs2CaYbI6,False,False,True,False
Cs2KVI6,K,V,I,1.84762,semiconductor,True,False,0.49496,1.53329,0.32302,0.89111,2.17547,0.68982,Cs2KVI6,False,False,True,False
Cs2NaPuI6,Na,Pu,I,2.92635,semiconductor,False,True,0.96005,2.47204,0.38119,1.71422,3.22987,0.07208,Cs2NaPuI6,False,False,True,False
Cs2AgYbI6,Ag,Yb,I,0.98136,semiconductor,False,False,0.55566,2.40192,0.26913,1.86689,2.93695,0.04516,Cs2YbAgI6,False,False,True,False
Cs2SmHgI6,Sm,Hg,I,0.01838,metallic,False,True,0.35866,1.70146,0.25383,1.19683,2.20608,0.60170,Cs2SmHgI6,False,False,False,False
Cs2LiLuBr6,Li,Lu,Br,5.67097,insulator,False,False,0.97227,3.97622,0.57980,2.82356,5.12889,0.00717,Cs2LiLuBr6,False,False,True,False
Cs2BaPtI6,Ba,Pt,I,0.99665,semiconductor,True,False,0.56777,1.58094,0.23040,1.12289,2.03899,0.78300,Cs2BaPtI6,False,False,True,False
Cs2AgPuI6,Ag,Pu,I,2.50654,semiconductor,False,True,0.91310,2.33500,0.38822,1.56320,3.10680,0.11217,Cs2PuAgI6,False,False,True,False
Cs2TiNdI6,Ti,Nd,I,0.25431,semiconductor,True,False,0.83213,0.90991,0.20940,0.49363,1.32619,0.35365,Cs2NdTiI6,False,False,True,False
Cs2AgLuI6,Ag,Lu,I,3.31490,semiconductor,False,False,0.94499,2.33067,0.24516,1.84328,2.81806,0.04912,Cs2LuAgI6,False,False,True,False
Cs2VSmI6,V,Sm,I,1.90657,semiconductor,True,False,0.67006,1.04407,0.22180,0.60313,1.48501,0.59031,Cs2SmVI6,False,False,True,False
Cs2NaPrI6,Na,Pr,I,3.25611,semiconductor,False,True,0.98006,3.30169,0.21953,2.86525,3.73812,0.00051,Cs2NaPrI6,True,False,True,False
Cs2VAuI6,V,Au,I,0.89418,semiconductor,False,False,0.44808,0.77353,0.29696,0.18317,1.36390,0.23548,Cs2VAuI6,False,False,True,False
Cs2MgNdI6,Mg,Nd,I,1.10549,semiconductor,False,False,0.57448,2.30728,0.21508,1.87968,2.73487,0.03840,Cs2NdMgI6,False,False,True,True
Cs2PtAmI6,Pt,Am,I,0.02138,half-metal,False,False,0.65857,1.12292,0.21510,0.69529,1.55055,0.70662,Cs2AmPtI6,False,False,False,False
Cs2CuAuBr6,Cu,Au,Br,0.01264,metallic,False,False,0.30846,0.45367,0.33175,-0.20586,1.11319,0.06685,Cs2CuAuBr6,False,False,False,False
Cs2BeEuBr6,Be,Eu,Br,1.86961,semiconductor,False,False,0.26500,1.77395,0.49916,0.78161,2.76629,0.39416,Cs2EuBeBr6,False,False,True,False
Cs2PdBiBr6,Pd,Bi,Br,0.01334,half-metal,False,False,0.58822,1.04290,0.29770,0.45106,1.63474,0.55722,Cs2BiPdBr6,False,False,False,False
Cs2CdAmI6,Cd,Am,I,0.52807,semiconductor,False,True,0.36463,1.32262,0.28764,0.75079,1.89445,0.76772,Cs2AmCdI6,False,False,True,False
Cs2VRbI6,V,Rb,I,1.93954,semiconductor,True,False,0.52356,1.53774,0.29466,0.95194,2.12355,0.72502,Cs2RbVI6,False,False,True,False
Cs2AgCeI6,Ag,Ce,I,3.80738,semiconductor,False,True,0.91781,0.54244,0.66855,-0.78666,1.87154,0.21810,Cs2CeAgI6,True,False,True,False
Cs2PmHgI6,Pm,Hg,I,0.01858,metallic,False,True,0.35173,1.77061,0.17872,1.41532,2.12591,0.53460,Cs2PmHgI6,False,False,False,False
Cs2AgNpI6,Ag,Np,I,2.78942,semiconductor,False,True,0.93572,1.90860,0.40260,1.10822,2.70899,0.33601,Cs2NpAgI6,False,False,True,False
Cs2HgCmI6,Hg,Cm,I,0.02304,metallic,False,True,0.48996,1.49306,0.40154,0.69478,2.29133,0.61529,Cs2CmHgI6,False,False,False,False
Cs2NaNdI6,Na,Nd,I,2.90665,semiconductor,False,True,0.97905,3.26074,0.20165,2.85986,3.66163,0.00042,Cs2NaNdI6,False,False,True,False
Cs2AgAuI6,Ag,Au,I,0.01242,metallic,False,False,0.42795,0.81227,0.26019,0.29500,1.32954,0.24823,Cs2AgAuI6,False,False,False,False
Cs2KGaI6,K,Ga,I,1.85188,semiconductor,False,False,0.97055,1.00991,0.24694,0.51899,1.50083,0.52920,Cs2KGaI6,True,False,True,False
Cs2VAmI6,V,Am,I,2.07062,semiconductor,True,False,0.41442,1.02220,0.22664,0.57164,1.47276,0.55241,Cs2AmVI6,False,False,True,False
Cs2RhTlI6,Rh,Tl,I,1.68944,semiconductor,False,False,0.56471,0.97278,0.29235,0.39158,1.55399,0.47898,Cs2TlRhI6,False,False,True,True
Cs2EuTlBr6,Eu,Tl,Br,0.58615,semiconductor,False,True,0.66110,1.64684,0.46954,0.71337,2.58030,0.48017,Cs2EuTlBr6,False,False,True,False
Cs2NaFeBr6,Na,Fe,Br,2.25991,semiconductor,False,False,0.86525,1.41980,0.38273,0.65891,2.18069,0.65581,Cs2NaFeBr6,False,False,True,False
Cs2NaAmI6,Na,Am,I,1.92988,semiconductor,False,True,0.83687,2.03841,0.22282,1.59543,2.48139,0.17032,Cs2NaAmI6,False,False,True,False
Cs2KCrI6,K,Cr,I,1.89530,semiconductor,True,False,0.89529,1.59567,0.20643,1.18527,2.00607,0.80191,Cs2KCrI6,False,False,True,False
Cs2CaEuI6,Ca,Eu,I,2.95624,semiconductor,False,True,0.30524,1.58945,0.27215,1.04841,2.13049,0.71345,Cs2CaEuI6,False,False,True,False
Cs2InAuI6,In,Au,I,0.01226,metallic,False,False,0.24081,0.48236,0.30297,-0.11995,1.08467,0.06161,Cs2InAuI6,True,False,False,False
Cs2CdSmI6,Cd,Sm,I,0.35001,semiconductor,False,True,0.66710,2.22553,0.31689,1.59554,2.85551,0.12086,Cs2SmCdI6,False,False,True,False
Cs2NiRaI6,Ni,Ra,I,2.47982,semiconductor,False,False,0.56199,1.53105,0.29394,0.94669,2.11540,0.73101,Cs2RaNiI6,False,False,True,False
Cs2TiTlI6,Ti,Tl,I,2.35191,semiconductor,False,False,0.69638,1.27833,0.31142,0.65921,1.89745,0.72510,Cs2TiTlI6,False,False,True,False
Cs2DyNpI6,Dy,Np,I,0.10189,semiconductor,False,True,0.67791,1.36650,0.41733,0.53684,2.19616,0.62348,Cs2DyNpI6,False,False,True,False
Cs2KMnI6,K,Mn,I,0.02252,half-metal,False,False,0.85855,2.15738,0.26972,1.62116,2.69359,0.12652,Cs2KMnI6,False,False,False,False
Cs2BCsF6,B,Cs,F,8.83503,insulator,False,False,0.94550,6.69562,0.45954,5.78204,7.60920,0.00000,Cs3BF6,False,False,True,False
Cs2BCsCl6,B,Cs,Cl,4.85142,insulator,False,False,0.94210,4.31292,0.32037,3.67602,4.94981,0.00025,Cs3BCl6,False,False,True,False
Cs2BCsBr6,B,Cs,Br,3.26362,semiconductor,False,False,0.92546,2.22890,0.29178,1.64884,2.80896,0.10677,Cs3BBr6,False,False,True,False
Cs2NCsF6,N,Cs,F,4.26947,insulator,False,False,0.97568,2.64380,0.81694,1.01970,4.26791,0.12044,Cs3NF6,False,False,True,False
Cs2NCsCl6,N,Cs,Cl,3.24031,semiconductor,False,False,0.98032,2.87562,0.59200,1.69871,4.05254,0.05891,Cs3NCl6,False,False,True,False
Cs2NCsBr6,N,Cs,Br,2.43916,semiconductor,False,False,0.98751,2.78972,0.39491,2.00462,3.57482,0.02827,Cs3Br6N,False,False,True,False
Cs2AlCsF6,Al,Cs,F,8.86660,insulator,False,False,0.95967,7.24550,0.50759,6.23640,8.25460,0.00000,Cs3AlF6,True,False,True,False
Cs2AlCsCl6,Al,Cs,Cl,6.22886,insulator,False,False,0.96401,4.74823,0.33587,4.08051,5.41595,0.00008,Cs3AlCl6,True,False,True,False
Cs2AlCsBr6,Al,Cs,Br,4.89054,insulator,False,False,0.96222,3.34740,0.36642,2.61895,4.07586,0.00532,Cs3AlBr6,True,False,True,False
Cs2PCsF6,P,Cs,F,5.03625,insulator,False,False,0.97768,3.56761,0.61630,2.34238,4.79285,0.01688,Cs3PF6,False,False,True,False
Cs2PCsCl6,P,Cs,Cl,3.84493,semiconductor,False,False,0.98523,3.67731,0.38626,2.90941,4.44520,0.00245,Cs3PCl6,False,False,True,False
Cs2PCsBr6,P,Cs,Br,3.33572,semiconductor,False,False,0.98883,2.95298,0.33972,2.27761,3.62836,0.01165,Cs3PBr6,False,False,True,False
Cs2PCsI6,P,Cs,I,2.86878,semiconductor,False,False,0.98659,2.11311,0.24713,1.62179,2.60442,0.13589,Cs3PI6,False,False,True,False
Cs2ScCsF6,Sc,Cs,F,8.44791,insulator,False,True,0.96959,6.96248,0.53531,5.89828,8.02669,0.00008,Cs3ScF6,True,False,True,False
Cs2ScCsCl6,Sc,Cs,Cl,5.83297,insulator,False,False,0.98980,4.38877,0.34369,3.70551,5.07204,0.00025,Cs3ScCl6,True,False,True,False
Cs2ScCsBr6,Sc,Cs,Br,4.85687,insulator,False,False,0.98668,3.45405,0.35764,2.74305,4.16505,0.00354,Cs3ScBr6,True,False,True,False
Cs2TiCsF6,Ti,Cs,F,3.03764,semiconductor,False,True,0.24343,2.10322,0.92318,0.26792,3.93852,0.20890,Cs3TiF6,True,False,True,False
Cs2TiCsCl6,Ti,Cs,Cl,2.52615,semiconductor,False,False,0.54906,1.98701,0.60137,0.79147,3.18255,0.27490,Cs3TiCl6,False,False,True,False
Cs2TiCsBr6,Ti,Cs,Br,2.49959,semiconductor,False,False,0.68429,1.80219,0.56502,0.67890,2.92547,0.35896,Cs3TiBr6,False,False,True,False
Cs2VCsF6,V,Cs,F,3.56595,semiconductor,False,True,0.27422,3.01552,1.05738,0.91342,5.11762,0.09360,Cs3VF6,True,False,True,False
Cs2VCsCl6,V,Cs,Cl,2.95886,semiconductor,False,False,0.36389,1.79422,0.68126,0.43986,3.14858,0.32301,Cs3VCl6,False,False,True,False
Cs2VCsBr6,V,Cs,Br,2.80143,semiconductor,False,False,0.47599,1.76080,0.51390,0.73916,2.78245,0.39374,Cs3VBr6,False,False,True,False
Cs2CrCsF6,Cr,Cs,F,5.85309,insulator,False,True,0.84192,3.97613,1.06091,1.86701,6.08525,0.03351,Cs3CrF6,False,False,True,False
Cs2CrCsCl6,Cr,Cs,Cl,4.42075,insulator,True,False,0.87140,1.47580,0.40983,0.66103,2.29056,0.61040,Cs3CrCl6,False,False,True,False
Cs2CrCsBr6,Cr,Cs,Br,3.32594,semiconductor,True,False,0.88399,1.75008,0.33061,1.09282,2.40734,0.48953,Cs3CrBr6,False,False,True,False
Cs2MnCsF6,Mn,Cs,F,2.28214,semiconductor,False,True,0.71482,2.22465,0.98061,0.27517,4.17413,0.18358,Cs3MnF6,False,False,True,False
Cs2MnCsCl6,Mn,Cs,Cl,0.84201,semiconductor,False,False,0.76281,1.35211,0.40546,0.54603,2.15818,0.63614,Cs3MnCl6,False,False,True,False
Cs2MnCsBr6,Mn,Cs,Br,0.35070,semiconductor,False,False,0.85320,2.11060,0.38877,1.33771,2.88349,0.20712,Cs3MnBr6,False,False,True,False
Cs2FeCsF6,Fe,Cs,F,5.01290,insulator,True,True,0.83048,3.85410,0.66182,2.53838,5.16981,0.01190,Cs3FeF6,True,False,True,False
Cs2FeCsCl6,Fe,Cs,Cl,3.40590,semiconductor,True,False,0.83443,1.26859,0.47778,0.31876,2.21843,0.56204,Cs3FeCl6,False,False,True,False
Cs2FeCsBr6,Fe,Cs,Br,2.77574,semiconductor,True,False,0.86829,1.31445,0.48496,0.35034,2.27856,0.55917,Cs3FeBr6,False,False,True,False
Cs2CoCsF6,Co,Cs,F,5.30672,insulator,False,True,0.91169,2.89158,0.40753,2.08141,3.70176,0.02490,Cs3CoF6,True,False,True,False
Cs2CoCsCl6,Co,Cs,Cl,3.70603,semiconductor,False,False,0.94066,1.07917,0.45724,0.17017,1.98818,0.50734,Cs3CoCl6,False,False,True,False
Cs2CoCsBr6,Co,Cs,Br,2.83164,semiconductor,False,False,0.95067,1.38408,0.41227,0.56448,2.20368,0.62922,Cs3CoBr6,False,False,True,False
Cs2NiCsF6,Ni,Cs,F,1.93742,semiconductor,False,True,0.60799,2.24976,0.61861,1.01995,3.47958,0.19134,Cs3NiF6,False,False,True,False
Cs2NiCsCl6,Ni,Cs,Cl,0.53864,semiconductor,False,False,0.72035,1.22651,0.44543,0.34099,2.11204,0.58001,Cs3NiCl6,False,False,True,False
Cs2NiCsBr6,Ni,Cs,Br,0.06101,half-metal,False,False,0.86323,1.77198,0.34128,1.09349,2.45046,0.46067,Cs3NiBr6,False,False,False,False
Cs2CuCsF6,Cu,Cs,F,3.57556,semiconductor,True,False,0.67583,1.17311,0.51901,0.14130,2.20492,0.51004,Cs3CuF6,False,False,True,False
Cs2CuCsCl6,Cu,Cs,Cl,1.81026,semiconductor,True,False,0.66094,0.81311,0.40371,0.01053,1.61570,0.32537,Cs3CuCl6,False,False,True,False
Cs2CuCsBr6,Cu,Cs,Br,1.22673,semiconductor,False,False,0.73929,0.97817,0.32570,0.33067,1.62567,0.48228,Cs3CuBr6,False,False,True,True
Cs2GaCsF6,Ga,Cs,F,8.21296,insulator,False,True,0.96844,5.88680,0.46723,4.95793,6.81566,0.00008,Cs3GaF6,True,False,True,False
Cs2GaCsCl6,Ga,Cs,Cl,5.33384,insulator,False,False,0.96812,3.49138,0.34241,2.81066,4.17210,0.00236,Cs3GaCl6,True,False,True,False
Cs2GaCsBr6,Ga,Cs,Br,3.84358,semiconductor,False,False,0.97076,2.35754,0.31815,1.72505,2.99003,0.07588,Cs3GaBr6,True,False,True,False
Cs2AsCsF6,As,Cs,F,5.61863,insulator,False,True,0.98258,4.54526,0.41670,3.71684,5.37368,0.00076,Cs3AsF6,True,False,True,False
Cs2AsCsCl6,As,Cs,Cl,4.29186,insulator,False,False,0.99086,3.49212,0.42965,2.63796,4.34629,0.00641,Cs3AsCl6,True,False,True,False
Cs2AsCsBr6,As,Cs,Br,3.70830,semiconductor,False,False,0.98786,3.13314,0.32086,2.49525,3.77103,0.00582,Cs3AsBr6,True,False,True,False
Cs2YCsF6,Y,Cs,F,7.91490,insulator,False,True,0.97177,6.21560,0.50017,5.22125,7.20995,0.00008,Cs3YF6,True,False,True,False
Cs2NbCsF6,Nb,Cs,F,2.08306,semiconductor,False,True,0.16307,2.63489,1.30732,0.03590,5.23389,0.12795,Cs3NbF6,False,False,True,False
Cs2NbCsCl6,Nb,Cs,Cl,1.58452,semiconductor,False,False,0.27870,1.77852,0.57432,0.63674,2.92029,0.36344,Cs3NbCl6,False,False,True,True
Cs2NbCsBr6,Nb,Cs,Br,1.51035,semiconductor,False,False,0.52931,1.26592,0.43430,0.40252,2.12932,0.59504,Cs3NbBr6,False,False,True,True
Cs2MoCsF6,Mo,Cs,F,3.73960,semiconductor,False,True,0.88240,3.34752,0.94059,1.47761,5.21744,0.05815,Cs3MoF6,False,False,True,False
Cs2MoCsCl6,Mo,Cs,Cl,3.52126,semiconductor,True,False,0.88285,1.52279,0.49946,0.52985,2.51572,0.51350,Cs3MoCl6,False,False,True,False
Cs2MoCsBr6,Mo,Cs,Br,3.41369,semiconductor,True,False,0.87989,1.43370,0.31763,0.80223,2.06517,0.73422,Cs3MoBr6,False,False,True,False
Cs2RuCsF6,Ru,Cs,F,2.60922,semiconductor,False,True,0.40204,1.96566,0.69756,0.57889,3.35242,0.26899,Cs3RuF6,False,False,True,False
Cs2RuCsCl6,Ru,Cs,Cl,2.03882,semiconductor,False,False,0.74447,1.37371,0.43499,0.50893,2.23848,0.60550,Cs3RuCl6,False,False,True,False
Cs2RuCsBr6,Ru,Cs,Br,1.92772,semiconductor,False,False,0.83898,1.55086,0.37023,0.81483,2.28690,0.62297,Cs3RuBr6,False,False,True,False
Cs2RhCsF6,Rh,Cs,F,4.72456,insulator,False,True,0.87935,2.24211,0.55276,1.14320,3.34102,0.18400,Cs3RhF6,False,False,True,False
Cs2RhCsCl6,Rh,Cs,Cl,3.76045,semiconductor,False,False,0.88473,1.59434,0.41248,0.77432,2.41436,0.55275,Cs3RhCl6,False,False,True,False
Cs2RhCsBr6,Rh,Cs,Br,3.28774,semiconductor,False,False,0.90919,1.84410,0.33544,1.17723,2.51096,0.39914,Cs3RhBr6,False,False,True,False
Cs2PdCsF6,Pd,Cs,F,1.34609,semiconductor,False,True,0.54732,1.37122,0.56217,0.25361,2.48883,0.49561,Cs3PdF6,True,False,True,True
Cs2PdCsCl6,Pd,Cs,Cl,0.50340,semiconductor,False,True,0.76104,1.62571,0.31911,0.99130,2.26012,0.62373,Cs3PdCl6,False,False,True,False
Cs2PdCsBr6,Pd,Cs,Br,0.22225,semiconductor,False,False,0.83343,1.91672,0.31991,1.28072,2.55271,0.32630,Cs3PdBr6,False,False,True,False
Cs2AgCsF6,Ag,Cs,F,2.56361,semiconductor,True,True,0.74111,1.19519,0.51771,0.16597,2.22442,0.51832,Cs3AgF6,False,False,True,False
Cs2AgCsCl6,Ag,Cs,Cl,1.23073,semiconductor,True,True,0.72405,1.80106,0.32536,1.15424,2.44788,0.44362,Cs3AgCl6,False,False,True,True
Cs2AgCsBr6,Ag,Cs,Br,0.82324,semiconductor,True,False,0.79141,1.71091,0.35836,0.99848,2.42335,0.51072,Cs3AgBr6,False,False,True,False
Cs2InCsF6,In,Cs,F,7.21325,insulator,False,True,0.96744,5.32474,0.51105,4.30875,6.34073,0.00042,Cs3InF6,True,False,True,False
Cs2InCsCl6,In,Cs,Cl,5.47558,insulator,False,True,0.97355,3.49949,0.37088,2.76217,4.23681,0.00346,Cs3InCl6,True,False,True,False
Cs2SbCsF6,Sb,Cs,F,4.94730,insulator,False,True,0.98286,3.99558,0.48395,3.03346,4.95769,0.00354,Cs3SbF6,True,False,True,False
Cs2SbCsCl6,Sb,Cs,Cl,4.15349,insulator,False,True,0.98945,3.37162,0.30882,2.75768,3.98556,0.00219,Cs3SbCl6,True,False,True,False
Cs2SbCsBr6,Sb,Cs,Br,3.59489,semiconductor,False,False,0.99142,3.08916,0.26914,2.55410,3.62422,0.00304,Cs3SbBr6,True,False,True,False
Cs2CsCeF6,Cs,Ce,F,3.01455,semiconductor,False,True,0.69244,0.57121,0.80878,-1.03667,2.17909,0.23447,Cs3CeF6,True,False,True,False
Cs2CsPrF6,Cs,Pr,F,4.02856,insulator,True,True,0.96268,5.61622,0.52258,4.57731,6.65512,0.00025,Cs3PrF6,True,False,True,False
Cs2CsNdF6,Cs,Nd,F,5.68297,insulator,False,True,0.96921,5.48839,0.51538,4.46379,6.51299,0.00034,Cs3NdF6,False,False,True,False
Cs2CsPmF6,Cs,Pm,F,5.85584,insulator,False,True,0.94932,5.66874,0.68657,4.30382,7.03366,0.00118,Cs3PmF6,False,False,True,False
Cs2CsSmF6,Cs,Sm,F,5.70827,insulator,False,True,0.95674,5.46321,0.55783,4.35424,6.57219,0.00068,Cs3SmF6,False,False,True,False
Cs2CsEuF6,Cs,Eu,F,5.01411,insulator,False,True,0.53228,0.67271,0.60455,-0.52915,1.87458,0.26696,Cs3EuF6,True,False,True,False
Cs2CsGdF6,Cs,Gd,F,7.38779,insulator,False,True,0.95681,4.75499,0.78107,3.20221,6.30778,0.00625,Cs3GdF6,False,False,True,False
Cs2CsTbF6,Cs,Tb,F,4.49217,insulator,True,True,0.93109,5.84422,0.56403,4.72291,6.96553,0.00034,Cs3TbF6,True,False,True,False
Cs2CsDyF6,Cs,Dy,F,5.37124,insulator,True,True,0.94958,6.36078,0.43816,5.48972,7.23185,0.00000,Cs3DyF6,False,False,True,False
Cs2CsHoF6,Cs,Ho,F,6.46710,insulator,True,True,0.97492,6.34565,0.48895,5.37360,7.31769,0.00008,Cs3HoF6,False,False,True,False
Cs2CsErF6,Cs,Er,F,6.87156,insulator,False,True,0.92944,6.30723,0.44592,5.42073,7.19374,0.00008,Cs3ErF6,False,False,True,False
Cs2CsYbF6,Cs,Yb,F,6.38929,insulator,False,True,0.58541,6.31784,0.50481,5.31427,7.32141,0.00008,Cs3YbF6,False,False,True,False
Cs2CsLuF6,Cs,Lu,F,7.65889,insulator,False,True,0.96015,7.03303,0.65062,5.73956,8.32649,0.00008,Cs3LuF6,False,False,True,False
Cs2CsTaF6,Cs,Ta,F,0.73980,semiconductor,False,True,0.20840,2.37459,1.42437,-0.45711,5.20628,0.14416,Cs3TaF6,False,False,True,False
Cs2CsTaCl6,Cs,Ta,Cl,1.23022,semiconductor,False,False,0.21009,1.97505,0.76340,0.45739,3.49270,0.25751,Cs3TaCl6,False,False,True,True
Cs2CsTaBr6,Cs,Ta,Br,1.20861,semiconductor,False,False,0.36477,1.12195,0.47258,0.18244,2.06147,0.51696,Cs3TaBr6,False,False,True,True
Cs2CsIrF6,Cs,Ir,F,4.67521,insulator,False,True,0.88640,2.43998,0.53972,1.36700,3.51297,0.12584,Cs3IrF6,False,False,True,False
Cs2CsIrCl6,Cs,Ir,Cl,3.82549,semiconductor,False,False,0.88092,2.05328,0.39810,1.26183,2.84472,0.24342,Cs3IrCl6,False,False,True,False
Cs2CsIrBr6,Cs,Ir,Br,3.35305,semiconductor,False,False,0.89013,1.53207,0.30154,0.93259,2.13155,0.71894,Cs3IrBr6,False,False,True,False
Cs2CsAuF6,Cs,Au,F,2.72277,semiconductor,True,True,0.86974,0.90092,0.47058,-0.03461,1.83646,0.39779,Cs3AuF6,True,False,True,False
Cs2CsAuCl6,Cs,Au,Cl,1.38050,semiconductor,True,True,0.63771,0.36933,0.44842,-0.52215,1.26081,0.09386,Cs3AuCl6,False,False,True,True
Cs2CsTlF6,Cs,Tl,F,5.51150,insulator,False,True,0.94121,4.11413,0.35394,3.41047,4.81778,0.00093,Cs3TlF6,True,False,True,False
Cs2CsNpF6,Cs,Np,F,1.20506,semiconductor,False,True,0.93467,4.71604,1.09433,2.54047,6.89162,0.01578,Cs3NpF6,False,False,True,True
Cs2CsAmF6,Cs,Am,F,3.50718,semiconductor,False,True,0.79669,2.69004,0.76243,1.17430,4.20578,0.10981,Cs3AmF6,False,False,True,False
