Formula,Predicted_Bandgap_eV,Predicted_Ef_eV_atom,Active_Material_Cost_m2,Panel_Lifetime_Years,Derate_Factor,Delta_Chi,Tolerance_Factor,Mu_Ratio,PCE_Median,LCOE_Median,LCOE_Q10_Best,LCOE_Q90_Worst,PCE_Old_Median,LCOE_Old_Median,Rank_Old,Rank_New,Rank_Delta
Na2WSbS3Br3,1.40335,-1.04672,0.17802,30.00000,0.82502,0.38000,0.93055,0.31579,24.60707,0.03733,0.03327,0.05210,25.39983,0.03670,1.00000,349.00000,-348.00000
Na2FeMnO3S3,1.40325,-1.59867,0.02606,30.00000,0.85000,0.86000,0.93969,0.39815,25.37279,0.03672,0.03280,0.05102,25.37202,0.03671,2.00000,1.00000,1.00000
Na2SbZnO3Br3,1.37211,-1.37409,0.12808,30.00000,0.85000,0.48000,0.92375,0.39881,25.39563,0.03674,0.03280,0.05385,25.36451,0.03672,3.00000,5.00000,-2.00000
Na2VCuO3F3,1.39063,-2.38833,0.12086,30.00000,0.85000,0.54000,0.97538,0.46863,25.38722,0.03673,0.03281,0.05191,25.38258,0.03672,3.00000,2.00000,1.00000
Na2NbCuO3Cl3,1.35483,-1.85969,0.14049,30.00000,0.85000,0.28000,0.92480,0.42679,25.40717,0.03677,0.03281,0.05613,25.42195,0.03672,3.00000,21.00000,-18.00000
Na2VNbS6,1.37031,-1.38843,0.19800,30.00000,0.85000,0.00000,0.93990,0.32065,25.39761,0.03675,0.03281,0.05409,25.37129,0.03673,6.00000,11.00000,-5.00000
K2VCuO3Cl3,1.39743,-1.92962,0.11313,30.00000,0.85000,0.28000,1.02436,0.39564,25.37112,0.03673,0.03281,0.05148,25.35503,0.03674,7.00000,3.00000,4.00000
Na2ZrMoS6,1.37281,-1.47890,0.22136,30.00000,0.85000,0.00000,0.91541,0.35598,25.39449,0.03676,0.03282,0.05379,25.40262,0.03674,7.00000,12.00000,-5.00000
Na2WMnS3Se3,1.39736,-1.07485,0.26574,30.00000,0.85000,0.03000,0.92140,0.32592,25.37101,0.03676,0.03283,0.05154,25.38535,0.03674,7.00000,15.00000,-8.00000
K2SnCuO3S3,1.41042,-1.66604,0.14210,30.00000,0.85000,0.86000,0.98934,0.43827,25.36246,0.03674,0.03282,0.05053,25.37845,0.03674,7.00000,9.00000,-2.00000
Na2SnMnO3Se3,1.39570,-1.42458,0.28241,30.00000,0.84566,0.89000,0.92381,0.39497,25.24334,0.03686,0.03291,0.05180,25.38405,0.03675,11.00000,100.00000,-89.00000
Na2FeMnO6,1.44129,-1.79380,0.00953,30.00000,0.85000,0.00000,0.96471,0.46071,25.28267,0.03676,0.03282,0.04930,25.29939,0.03675,11.00000,16.00000,-5.00000
K2NbCuO3Br3,1.34365,-1.81616,0.12489,30.00000,0.85000,0.48000,0.99264,0.40774,25.40269,0.03677,0.03281,0.05795,25.38380,0.03675,11.00000,20.00000,-9.00000
Li2VCuSe3F3,1.38372,-1.87144,0.32509,30.00000,0.57927,1.43000,0.74587,0.38602,17.10333,0.04592,0.03970,0.07050,25.40426,0.03675,11.00000,2056.00000,-2045.00000
Na2VCuO3Cl3,1.37650,-1.86000,0.10041,30.00000,0.85000,0.28000,0.94544,0.39564,25.38953,0.03673,0.03280,0.05333,25.32276,0.03675,11.00000,4.00000,7.00000
Na2WSbSe3Cl3,1.38700,-1.08759,0.30789,30.00000,0.80321,0.61000,0.93100,0.31662,23.95070,0.03789,0.03371,0.05445,25.40405,0.03675,11.00000,619.00000,-608.00000
Na2SnNbSe3Cl3,1.37021,-1.40577,0.30457,30.00000,0.82663,0.61000,0.90736,0.35092,24.68013,0.03732,0.03325,0.05525,25.38039,0.03676,17.00000,339.00000,-322.00000
Na2SbZnSe3Br3,1.40190,-1.12324,0.24115,30.00000,0.83076,0.41000,0.89995,0.34010,24.78221,0.03720,0.03318,0.05199,25.34678,0.03676,17.00000,273.00000,-256.00000
K2CrWS3Se3,1.42621,-1.17858,0.27013,30.00000,0.85000,0.03000,0.99711,0.31806,25.33101,0.03678,0.03284,0.04990,25.32325,0.03677,19.00000,27.00000,-8.00000
K2MoSbSe3F3,1.35250,-1.86986,0.39572,30.00000,0.78004,1.43000,1.03698,0.36170,23.25488,0.03855,0.03419,0.06014,25.41208,0.03677,19.00000,851.00000,-832.00000
Na2NbCuO3F3,1.36022,-2.44936,0.16458,30.00000,0.85000,0.54000,0.95147,0.50554,25.40802,0.03676,0.03281,0.05532,25.36078,0.03677,19.00000,14.00000,5.00000
K2FeMnO3S3,1.44035,-1.62011,0.04650,30.00000,0.85000,0.86000,1.01773,0.39815,25.28946,0.03677,0.03283,0.04933,25.28225,0.03677,19.00000,23.00000,-4.00000
Na2CrWSe3I3,1.40084,-1.07097,0.47266,30.00000,0.81057,0.11000,0.91223,0.29067,24.16782,0.03774,0.03359,0.05308,25.36728,0.03677,19.00000,553.00000,-534.00000
K2VSbS6,1.35304,-1.08260,0.22106,30.00000,0.85000,0.00000,1.02105,0.30978,25.40773,0.03678,0.03282,0.05644,25.33082,0.03677,19.00000,25.00000,-6.00000
Na2TiMoS6,1.43017,-1.35568,0.20613,30.00000,0.85000,0.00000,0.93701,0.32473,25.32254,0.03678,0.03284,0.04974,25.32305,0.03677,19.00000,26.00000,-7.00000
K2VCuSe3F3,1.36627,-1.96727,0.29631,30.00000,0.80406,1.43000,1.01879,0.38602,23.99538,0.03788,0.03368,0.05689,25.37615,0.03678,26.00000,614.00000,-588.00000
Na2WFeS3Br3,1.43847,-1.11708,0.10756,30.00000,0.83427,0.38000,0.92225,0.32763,24.81672,0.03714,0.03311,0.05006,25.30039,0.03678,26.00000,236.00000,-210.00000
K2MnBiO6,1.39173,-1.86184,0.18543,30.00000,0.85000,0.00000,1.02240,0.50179,25.38592,0.03674,0.03282,0.05184,25.35921,0.03678,26.00000,6.00000,20.00000
K2WSbSe3Br3,1.38124,-1.12396,0.26621,30.00000,0.82518,0.41000,0.99325,0.30457,24.63070,0.03734,0.03328,0.05401,25.38472,0.03678,26.00000,355.00000,-329.00000
Na2MnZnCl3I3,1.37934,-1.26171,0.41007,30.00000,0.81980,0.50000,0.88995,0.34539,24.46821,0.03750,0.03340,0.05451,25.37745,0.03678,26.00000,424.00000,-398.00000
K2CrWSe3Br3,1.42038,-1.28817,0.22425,30.00000,0.82969,0.41000,0.99036,0.30838,24.72459,0.03724,0.03320,0.05096,25.30542,0.03678,26.00000,296.00000,-270.00000
Na2ZrSbSe3Br3,1.37588,-1.38969,0.25558,30.00000,0.82778,0.41000,0.90338,0.33503,24.71360,0.03728,0.03322,0.05446,25.34368,0.03678,26.00000,322.00000,-296.00000
Na2VSbS6,1.37917,-1.06589,0.21977,30.00000,0.85000,0.00000,0.94770,0.30978,25.38918,0.03675,0.03282,0.05310,25.36238,0.03678,26.00000,10.00000,16.00000
K2WSbS3Br3,1.44229,-1.16566,0.18068,30.00000,0.84189,0.38000,1.00126,0.31579,25.03306,0.03698,0.03299,0.04961,25.27371,0.03678,26.00000,160.00000,-134.00000
Na2WFeSe3Cl3,1.42858,-1.21910,0.25187,30.00000,0.81245,0.61000,0.92268,0.32850,24.17603,0.03768,0.03354,0.05140,25.31966,0.03678,26.00000,529.00000,-503.00000
Na2VCuO3Br3,1.33198,-1.70489,0.08718,30.00000,0.85000,0.48000,0.93772,0.37798,25.36999,0.03679,0.03282,0.06039,25.33804,0.03678,26.00000,29.00000,-3.00000
Na2SnSbSe3I3,1.38453,-0.86406,0.50948,30.00000,0.82511,0.11000,0.89972,0.30861,24.62759,0.03739,0.03331,0.05374,25.37774,0.03679,37.00000,381.00000,-344.00000
K2ZrMoS6,1.33318,-1.50570,0.22249,30.00000,0.85000,0.00000,0.98627,0.35598,25.37368,0.03681,0.03283,0.06018,25.34301,0.03679,37.00000,49.00000,-12.00000
K2NbZnSe3Br3,1.37682,-1.41109,0.23017,30.00000,0.85000,0.41000,0.95964,0.35025,25.38874,0.03676,0.03282,0.05335,25.36817,0.03679,37.00000,13.00000,24.00000
K2MnBiO3Se3,1.38653,-1.36237,0.29615,30.00000,0.85000,0.89000,0.98419,0.41568,25.39199,0.03677,0.03283,0.05239,25.34220,0.03679,37.00000,22.00000,15.00000
Na2SnCuO3S3,1.40714,-1.64730,0.13386,30.00000,0.85000,0.86000,0.91347,0.43827,25.37048,0.03674,0.03282,0.05075,25.30881,0.03679,37.00000,7.00000,30.00000
K2SnZnBr3I3,1.33843,-1.22836,0.36008,30.00000,0.85000,0.30000,0.94112,0.34375,25.39281,0.03683,0.03285,0.05914,25.39529,0.03679,37.00000,73.00000,-36.00000
K2TaFeS3Br3,1.37689,-1.41427,0.54720,30.00000,0.85000,0.38000,0.98453,0.33816,25.38801,0.03681,0.03287,0.05345,25.40995,0.03679,37.00000,56.00000,-19.00000
K2NbFeS3I3,1.35898,-1.19378,0.45314,30.00000,0.85000,0.08000,0.97202,0.31807,25.41013,0.03681,0.03285,0.05560,25.37720,0.03680,44.00000,54.00000,-10.00000
Na2NbZnSe3Cl3,1.39008,-1.31847,0.27218,30.00000,0.83302,0.61000,0.89859,0.36412,24.86247,0.03715,0.03313,0.05275,25.35438,0.03680,44.00000,243.00000,-199.00000
K2NbCuO3I3,1.40399,-1.66747,0.48346,30.00000,0.85000,0.78000,0.97885,0.38056,25.37292,0.03680,0.03286,0.05107,25.36385,0.03680,44.00000,40.00000,4.00000
K2FeSbO3Br3,1.45398,-1.49598,0.13376,30.00000,0.85000,0.48000,1.01959,0.37054,25.24110,0.03680,0.03285,0.04896,25.22051,0.03680,44.00000,46.00000,-2.00000
Na2MnBiO3I3,1.34330,-1.27669,0.45625,30.00000,0.83949,0.78000,0.90137,0.39028,25.07671,0.03707,0.03304,0.05863,25.37324,0.03680,44.00000,203.00000,-159.00000
Na2NbFeS3I3,1.35755,-1.08023,0.46348,30.00000,0.84339,0.08000,0.90563,0.31807,25.21130,0.03697,0.03297,0.05612,25.40413,0.03680,44.00000,151.00000,-107.00000
Na2SnCuS3Se3,1.34838,-0.81460,0.27488,30.00000,0.85000,0.03000,0.89063,0.37173,25.40413,0.03679,0.03283,0.05716,25.35295,0.03680,44.00000,30.00000,14.00000
K2ZrWSe6,1.35275,-1.32080,0.34887,30.00000,0.85000,0.00000,0.96959,0.33333,25.40605,0.03680,0.03284,0.05653,25.37962,0.03680,44.00000,43.00000,1.00000
K2FeMnO6,1.42560,-1.75551,0.03529,30.00000,0.85000,0.00000,1.05115,0.46071,25.33159,0.03674,0.03281,0.04987,25.26091,0.03680,44.00000,8.00000,36.00000
Na2SnZnF3I3,1.38220,-1.92590,0.45405,30.00000,0.79673,1.32000,0.90034,0.40741,23.76409,0.03808,0.03385,0.05535,25.36544,0.03680,44.00000,703.00000,-659.00000
K2MnSbO3Se3,1.32686,-1.40098,0.31500,30.00000,0.84360,0.89000,1.01823,0.36834,25.16436,0.03698,0.03297,0.06201,25.38353,0.03680,44.00000,163.00000,-119.00000
Na2ZrFeO3Br3,1.46339,-2.01599,0.05829,30.00000,0.85000,0.48000,0.91886,0.40625,25.21222,0.03681,0.03285,0.04863,25.23225,0.03680,44.00000,53.00000,-9.00000
Na2MnSbO3Br3,1.34447,-1.52597,0.12905,30.00000,0.85000,0.48000,0.94281,0.37054,25.40141,0.03676,0.03281,0.05780,25.35366,0.03680,44.00000,18.00000,26.00000
K2VTaS3Se3,1.41486,-1.32090,0.73859,30.00000,0.85000,0.03000,1.00409,0.30890,25.36092,0.03685,0.03291,0.05051,25.37530,0.03680,44.00000,94.00000,-50.00000
K2VSbO3Se3,1.43514,-1.53401,0.35754,30.00000,0.80870,0.89000,1.04189,0.33728,24.04560,0.03781,0.03363,0.05136,25.33178,0.03680,44.00000,584.00000,-540.00000
K2WBiSe3I3,1.38106,-1.03675,0.45945,30.00000,0.85000,0.11000,0.95217,0.32536,25.39023,0.03679,0.03286,0.05297,25.34786,0.03680,44.00000,34.00000,10.00000
K2NbZnSe3Cl3,1.43650,-1.44838,0.27025,30.00000,0.85000,0.61000,0.96697,0.36412,25.29964,0.03680,0.03285,0.04953,25.29239,0.03680,44.00000,41.00000,3.00000
Na2SnNbSe3I3,1.37649,-1.00883,0.50952,30.00000,0.83176,0.11000,0.89319,0.31818,24.83240,0.03723,0.03318,0.05429,25.37811,0.03680,44.00000,289.00000,-245.00000
Na2CrMoO3I3,1.39304,-1.49936,0.53324,30.00000,0.81006,0.78000,0.93888,0.33472,24.15414,0.03776,0.03361,0.05365,25.35919,0.03681,62.00000,561.00000,-499.00000
Na2ZrSbS3I3,1.41591,-1.22823,0.46810,30.00000,0.84923,0.08000,0.89971,0.32673,25.33356,0.03682,0.03288,0.05044,25.32477,0.03681,62.00000,66.00000,-4.00000
Na2NbZnS3I3,1.35064,-1.12727,0.45941,30.00000,0.85000,0.08000,0.88975,0.34158,25.40482,0.03682,0.03285,0.05687,25.37730,0.03681,62.00000,65.00000,-3.00000
Na2WBiO3I3,1.39777,-1.37097,0.44734,30.00000,0.83511,0.78000,0.90954,0.37778,24.91388,0.03714,0.03312,0.05219,25.39420,0.03681,62.00000,231.00000,-169.00000
Na2MoWS3Se3,1.35445,-1.03571,0.34394,30.00000,0.85000,0.03000,0.93152,0.31152,25.40839,0.03680,0.03284,0.05626,25.35705,0.03681,62.00000,42.00000,20.00000
Na2ZrWS6,1.43065,-1.48907,0.16139,30.00000,0.85000,0.00000,0.91358,0.35870,25.32194,0.03677,0.03283,0.04971,25.26713,0.03681,62.00000,24.00000,38.00000
K2ZrSbSe3I3,1.40365,-1.32848,0.49640,30.00000,0.85000,0.11000,0.95909,0.31579,25.37393,0.03680,0.03287,0.05112,25.33770,0.03681,62.00000,45.00000,17.00000
Na2MnSbO6,1.44927,-2.07355,0.18180,30.00000,0.85000,0.00000,0.97544,0.44464,25.25328,0.03680,0.03285,0.04911,25.21520,0.03681,62.00000,44.00000,18.00000
Na2SbZnSe3I3,1.35880,-0.89472,0.50147,30.00000,0.83331,0.11000,0.89157,0.32057,24.89800,0.03721,0.03316,0.05644,25.37040,0.03681,62.00000,278.00000,-216.00000
Na2SnZnCl3I3,1.36029,-1.20798,0.42214,30.00000,0.82486,0.50000,0.88258,0.35661,24.63436,0.03739,0.03331,0.05658,25.37521,0.03681,62.00000,384.00000,-322.00000
K2MoWS3Se3,1.43828,-1.10336,0.33897,30.00000,0.85000,0.03000,1.00209,0.31152,25.29360,0.03681,0.03286,0.04952,25.31584,0.03681,62.00000,60.00000,2.00000
K2SnNbSe3I3,1.35785,-1.14346,0.49986,30.00000,0.85000,0.11000,0.95735,0.31818,25.41368,0.03682,0.03286,0.05576,25.34628,0.03681,62.00000,68.00000,-6.00000
Na2NbCuO3Br3,1.31875,-1.76265,0.11749,30.00000,0.85000,0.48000,0.91789,0.40774,25.33176,0.03682,0.03283,0.06362,25.27099,0.03681,62.00000,67.00000,-5.00000
K2CrMnS3I3,1.39360,-1.17874,0.42698,30.00000,0.85000,0.08000,0.97661,0.31188,25.38268,0.03678,0.03285,0.05179,25.33529,0.03681,62.00000,28.00000,34.00000
K2MnSbO3Cl3,1.45448,-1.80086,0.16141,30.00000,0.85000,0.28000,1.03011,0.38785,25.23986,0.03681,0.03285,0.04896,25.25470,0.03681,62.00000,52.00000,10.00000
Na2SnSbSe3Br3,1.42078,-1.03436,0.26882,30.00000,0.82291,0.41000,0.90856,0.32741,24.51458,0.03741,0.03334,0.05124,25.28296,0.03681,62.00000,392.00000,-330.00000
K2SnSbSe3I3,1.34924,-0.97694,0.50011,30.00000,0.85000,0.11000,0.96435,0.30861,25.40585,0.03682,0.03286,0.05708,25.36384,0.03681,62.00000,71.00000,-9.00000
Na2SnTaSe3Br3,1.40497,-1.35629,0.58762,30.00000,0.82930,0.41000,0.90166,0.33756,24.73744,0.03731,0.03325,0.05187,25.35578,0.03682,79.00000,332.00000,-253.00000
Na2MnBiO3Br3,1.44676,-1.47111,0.13641,30.00000,0.85000,0.48000,0.91115,0.41815,25.26336,0.03679,0.03285,0.04913,25.24221,0.03682,79.00000,37.00000,42.00000
Na2SnMoS3Se3,1.34271,-0.96463,0.35426,30.00000,0.85000,0.03000,0.91508,0.33508,25.40254,0.03681,0.03284,0.05823,25.38617,0.03682,79.00000,51.00000,28.00000
Na2MnBiO6,1.30416,-1.91652,0.18130,30.00000,0.85000,0.00000,0.93832,0.50179,25.30321,0.03685,0.03285,0.06783,25.29394,0.03682,79.00000,97.00000,-18.00000
Na2ZrWS3Se3,1.33288,-1.32692,0.27804,30.00000,0.85000,0.03000,0.90796,0.34555,25.37396,0.03682,0.03284,0.06026,25.33326,0.03682,79.00000,63.00000,16.00000
Na2CrMnS3I3,1.31627,-1.11437,0.43668,30.00000,0.83884,0.08000,0.90990,0.31188,24.98840,0.03714,0.03308,0.06503,25.33651,0.03682,79.00000,232.00000,-153.00000
Na2MnBiO3Se3,1.38689,-1.32574,0.29933,30.00000,0.85000,0.89000,0.91030,0.41568,25.39264,0.03676,0.03283,0.05235,25.31796,0.03682,79.00000,19.00000,60.00000
Na2MoMnS6,1.32422,-1.13131,0.19656,30.00000,0.85000,0.00000,0.92938,0.33560,25.34860,0.03682,0.03284,0.06230,25.32396,0.03682,79.00000,70.00000,9.00000
K2SnCrS3Se3,1.31892,-1.05457,0.27240,30.00000,0.85000,0.03000,0.97960,0.34162,25.33430,0.03685,0.03286,0.06364,25.34162,0.03682,79.00000,92.00000,-13.00000
K2VCuO3Br3,1.31551,-1.73822,0.09726,30.00000,0.85000,0.48000,1.01408,0.37798,25.32809,0.03682,0.03284,0.06447,25.30286,0.03682,79.00000,64.00000,15.00000
K2SnMnO3Se3,1.34405,-1.49674,0.27971,30.00000,0.85000,0.89000,0.99880,0.39497,25.40066,0.03679,0.03283,0.05795,25.32102,0.03682,79.00000,35.00000,44.00000
K2SnBiSe3I3,1.39124,-0.99726,0.47279,30.00000,0.85000,0.11000,0.93695,0.34689,25.38652,0.03679,0.03286,0.05195,25.35868,0.03682,79.00000,33.00000,46.00000
K2CrMnSe3I3,1.35025,-1.17631,0.47549,30.00000,0.84820,0.11000,0.96967,0.30144,25.35105,0.03686,0.03289,0.05701,25.34026,0.03682,79.00000,102.00000,-23.00000
K2SnFeO3Br3,1.46187,-1.43156,0.09769,30.00000,0.85000,0.48000,1.00004,0.39732,25.21391,0.03682,0.03285,0.04868,25.25067,0.03682,79.00000,62.00000,17.00000
K2MnBiO3Br3,1.30877,-1.51921,0.14158,30.00000,0.85000,0.48000,0.98535,0.41815,25.31556,0.03684,0.03284,0.06635,25.30747,0.03682,79.00000,80.00000,-1.00000
Na2SnNbS3Br3,1.35965,-1.23322,0.15408,30.00000,0.84848,0.38000,0.90697,0.35000,25.36135,0.03679,0.03284,0.05547,25.33240,0.03682,79.00000,38.00000,41.00000
Na2TiWS6,1.44485,-1.36134,0.14348,30.00000,0.85000,0.00000,0.93509,0.32745,25.27475,0.03679,0.03284,0.04920,25.26155,0.03682,79.00000,36.00000,43.00000
Na2SnFeF3I3,1.35503,-1.93153,0.45813,30.00000,0.78829,1.32000,0.91800,0.38034,23.50565,0.03834,0.03403,0.05930,25.35104,0.03682,79.00000,789.00000,-710.00000
K2ZrSbSe3Br3,1.46591,-1.50889,0.25482,30.00000,0.85000,0.41000,0.97059,0.33503,25.20624,0.03685,0.03288,0.04863,25.25809,0.03682,79.00000,95.00000,-16.00000
K2MnZnCl3I3,1.41619,-1.35971,0.40196,30.00000,0.85000,0.50000,0.95548,0.34539,25.35794,0.03679,0.03286,0.05037,25.32106,0.03682,79.00000,32.00000,47.00000
K2SnNbSe3Cl3,1.38008,-1.60567,0.30115,30.00000,0.85000,0.61000,0.97642,0.35092,25.39177,0.03676,0.03283,0.05302,25.31842,0.03682,79.00000,17.00000,62.00000
K2SnTaSe3Br3,1.40028,-1.44714,0.57441,30.00000,0.85000,0.41000,0.96875,0.33756,25.37367,0.03681,0.03287,0.05142,25.36052,0.03683,100.00000,61.00000,39.00000
Na2SnCrS3Se3,1.32677,-1.02529,0.27445,30.00000,0.85000,0.03000,0.91062,0.34162,25.35940,0.03683,0.03285,0.06170,25.32747,0.03683,100.00000,78.00000,22.00000
Na2VFeO3Br3,1.45944,-1.82482,0.07236,30.00000,0.85000,0.48000,0.95526,0.35268,25.21986,0.03681,0.03285,0.04875,25.21146,0.03683,100.00000,50.00000,50.00000
Na2WSbO3I3,1.42951,-1.36491,0.47728,30.00000,0.80899,0.78000,0.93986,0.33333,24.06874,0.03781,0.03364,0.05159,25.31838,0.03683,100.00000,585.00000,-485.00000
K2NbMnS3I3,1.34179,-1.20950,0.45488,30.00000,0.85000,0.08000,0.97202,0.31807,25.40083,0.03683,0.03286,0.05845,25.35162,0.03683,100.00000,77.00000,23.00000
K2TaCuS3Br3,1.38744,-1.32639,0.55174,30.00000,0.85000,0.38000,0.96834,0.36053,25.39458,0.03681,0.03287,0.05235,25.35944,0.03683,100.00000,48.00000,52.00000
Na2WBiSe3I3,1.41861,-0.95031,0.46622,30.00000,0.83626,0.11000,0.88835,0.32536,24.93218,0.03712,0.03312,0.05086,25.29707,0.03683,100.00000,228.00000,-128.00000
K2FeSbO3I3,1.36235,-1.33126,0.47942,30.00000,0.83458,0.78000,1.00411,0.34583,24.93495,0.03716,0.03313,0.05588,25.38406,0.03683,100.00000,252.00000,-152.00000
K2SbZnO3I3,1.36540,-1.28184,0.47521,30.00000,0.85000,0.78000,0.98480,0.37222,25.40104,0.03681,0.03286,0.05477,25.33093,0.03683,100.00000,57.00000,43.00000
K2NbSbS3Se3,1.45056,-1.04631,0.34430,30.00000,0.85000,0.03000,0.99219,0.32461,25.25134,0.03683,0.03288,0.04914,25.26321,0.03683,100.00000,79.00000,21.00000
K2VTaSe6,1.36402,-1.30199,0.73234,30.00000,0.85000,0.00000,0.99600,0.29798,25.40439,0.03685,0.03289,0.05503,25.34197,0.03683,100.00000,98.00000,2.00000
K2TaFeSe3Cl3,1.38521,-1.52526,0.68019,30.00000,0.84392,0.61000,0.98507,0.33905,25.20527,0.03697,0.03299,0.05290,25.35638,0.03683,100.00000,155.00000,-55.00000
K2NbFeSe3I3,1.39724,-1.20079,0.49488,30.00000,0.85000,0.11000,0.96524,0.30742,25.37191,0.03680,0.03286,0.05162,25.28991,0.03683,100.00000,39.00000,61.00000
Na2ZrSbSe3I3,1.40163,-1.14534,0.50592,30.00000,0.83017,0.11000,0.89481,0.31579,24.76387,0.03727,0.03322,0.05213,25.35163,0.03683,100.00000,315.00000,-215.00000
Na2SnFeO3I3,1.39333,-1.31316,0.46303,30.00000,0.83212,0.78000,0.91415,0.37083,24.83290,0.03720,0.03318,0.05258,25.32320,0.03683,100.00000,272.00000,-172.00000
Na2TiSbS3I3,1.33278,-1.06462,0.47514,30.00000,0.82769,0.08000,0.91944,0.29827,24.68911,0.03738,0.03328,0.06158,25.34248,0.03683,100.00000,376.00000,-276.00000
Na2TaZnSe3Br3,1.38374,-1.30210,0.58418,30.00000,0.83609,0.41000,0.89319,0.35025,24.96424,0.03714,0.03312,0.05341,25.36936,0.03683,100.00000,233.00000,-133.00000
K2TaCuO3Br3,1.33853,-1.82898,0.58640,30.00000,0.85000,0.48000,0.99264,0.40774,25.39379,0.03686,0.03288,0.05920,25.32140,0.03684,117.00000,105.00000,12.00000
Na2MnSbO3Se3,1.32792,-1.35606,0.31992,30.00000,0.83290,0.89000,0.94179,0.36834,24.83757,0.03723,0.03316,0.06236,25.32834,0.03684,117.00000,292.00000,-175.00000
Na2VMnO3Br3,1.46950,-1.94915,0.07437,30.00000,0.85000,0.48000,0.95526,0.35268,25.19460,0.03683,0.03286,0.04850,25.16411,0.03684,117.00000,76.00000,41.00000
K2ZrWS3Se3,1.46061,-1.34468,0.27613,30.00000,0.85000,0.03000,0.97674,0.34555,25.21763,0.03684,0.03288,0.04878,25.18449,0.03684,117.00000,88.00000,29.00000
Na2VSbO3Se3,1.41724,-1.52550,0.36522,30.00000,0.81022,0.89000,0.96367,0.33728,24.13238,0.03774,0.03360,0.05199,25.28577,0.03684,117.00000,554.00000,-437.00000
K2TaFeSe3Br3,1.37753,-1.43541,0.57503,30.00000,0.84893,0.41000,0.97709,0.32614,25.35522,0.03684,0.03289,0.05342,25.31511,0.03684,117.00000,82.00000,35.00000
Na2CrWSe3Br3,1.32777,-1.21738,0.22369,30.00000,0.80860,0.41000,0.92178,0.30838,24.09059,0.03782,0.03361,0.06375,25.32441,0.03684,117.00000,592.00000,-475.00000
K2SnZnCl3I3,1.44596,-1.33910,0.41420,30.00000,0.85000,0.50000,0.94758,0.35661,25.26936,0.03684,0.03288,0.04924,25.26002,0.03684,117.00000,81.00000,36.00000
K2NbMnSe3Br3,1.30541,-1.45398,0.23241,30.00000,0.84893,0.41000,0.97709,0.32614,25.27625,0.03688,0.03288,0.06747,25.28618,0.03684,117.00000,119.00000,-2.00000
Na2VCuO3I3,1.32612,-1.51842,0.49992,30.00000,0.82248,0.78000,0.92635,0.35278,24.51250,0.03752,0.03339,0.06343,25.33171,0.03684,117.00000,438.00000,-321.00000
K2MnBiO3I3,1.43121,-1.40814,0.44710,30.00000,0.85000,0.78000,0.97201,0.39028,25.32054,0.03682,0.03288,0.04977,25.27374,0.03685,127.00000,69.00000,58.00000
Na2TaFeSe3Cl3,1.34929,-1.42775,0.70297,30.00000,0.81965,0.61000,0.91541,0.33905,24.47106,0.03759,0.03345,0.05866,25.37692,0.03685,127.00000,469.00000,-342.00000
Na2TaZnSe3I3,1.38151,-1.13313,0.77441,30.00000,0.83903,0.11000,0.88516,0.33014,25.05384,0.03710,0.03309,0.05352,25.35166,0.03685,127.00000,221.00000,-94.00000
K2SnFeF3I3,1.36186,-1.98118,0.44783,30.00000,0.81154,1.32000,0.99097,0.38034,24.22746,0.03773,0.03356,0.05705,25.36993,0.03685,127.00000,550.00000,-423.00000
K2MnZnF3I3,1.44228,-2.08598,0.43389,30.00000,0.82142,1.32000,0.98085,0.39459,24.41136,0.03751,0.03340,0.05052,25.27108,0.03685,127.00000,433.00000,-306.00000
Na2MoBiO3I3,1.43365,-1.31826,0.51231,30.00000,0.83396,0.78000,0.91138,0.37500,24.82317,0.03721,0.03318,0.05036,25.31072,0.03685,127.00000,274.00000,-147.00000
Na2NbMnS3I3,1.33407,-1.15267,0.46533,30.00000,0.84339,0.08000,0.90563,0.31807,25.17548,0.03700,0.03298,0.06040,25.33825,0.03685,127.00000,175.00000,-48.00000
K2TaMnSe3I3,1.34863,-1.24149,0.76364,30.00000,0.85000,0.11000,0.96524,0.30742,25.40457,0.03687,0.03290,0.05728,25.37038,0.03685,127.00000,112.00000,15.00000
K2TaCuSe3Cl3,1.36551,-1.41121,0.68313,30.00000,0.85000,0.61000,0.96885,0.36148,25.40129,0.03685,0.03288,0.05482,25.35679,0.03685,127.00000,91.00000,36.00000
K2SnFeO3I3,1.44201,-1.32003,0.45236,30.00000,0.85000,0.78000,0.98579,0.37083,25.27991,0.03684,0.03289,0.04938,25.23913,0.03685,127.00000,83.00000,44.00000
K2WSbSe3I3,1.35191,-0.91036,0.48384,30.00000,0.83142,0.11000,0.98049,0.28708,24.83969,0.03726,0.03319,0.05758,25.34809,0.03685,127.00000,311.00000,-184.00000
K2TiMoS6,1.31012,-1.48533,0.20856,30.00000,0.85000,0.00000,1.00953,0.32473,25.32328,0.03685,0.03285,0.06600,25.34078,0.03685,127.00000,93.00000,34.00000
K2TaZnSe3Br3,1.33341,-1.43102,0.57023,30.00000,0.85000,0.41000,0.95964,0.35025,25.37418,0.03687,0.03288,0.06025,25.33816,0.03685,127.00000,110.00000,17.00000
K2CrMnO3S3,1.46331,-1.70145,0.05854,30.00000,0.85000,0.86000,1.02452,0.38889,25.21194,0.03681,0.03285,0.04864,25.19713,0.03685,127.00000,55.00000,72.00000
Na2SbZnS3I3,1.44573,-0.88880,0.46140,30.00000,0.85000,0.08000,0.89637,0.33168,25.27115,0.03684,0.03289,0.04926,25.25085,0.03685,127.00000,90.00000,37.00000
K2NbMnSe3I3,1.34466,-1.22141,0.49638,30.00000,0.85000,0.11000,0.96524,0.30742,25.40204,0.03683,0.03286,0.05789,25.32648,0.03685,127.00000,72.00000,55.00000
Na2MnSbO3I3,1.33435,-1.32940,0.49331,30.00000,0.81804,0.78000,0.93113,0.34583,24.39468,0.03761,0.03346,0.06175,25.33735,0.03686,143.00000,483.00000,-340.00000
Na2SnNbS3I3,1.44116,-1.03193,0.47232,30.00000,0.85000,0.08000,0.89804,0.32921,25.28339,0.03684,0.03289,0.04943,25.27353,0.03686,143.00000,84.00000,59.00000
Na2CrMnO3S3,1.48058,-1.65130,0.03914,30.00000,0.85000,0.86000,0.94595,0.38889,25.15864,0.03686,0.03287,0.04830,25.11787,0.03686,143.00000,99.00000,44.00000
K2TiBiSe3I3,1.45303,-1.23002,0.47379,30.00000,0.85000,0.11000,0.95131,0.32656,25.24464,0.03686,0.03290,0.04911,25.27040,0.03686,143.00000,101.00000,42.00000
K2WSbSe3Cl3,1.45092,-1.25480,0.30477,30.00000,0.81986,0.61000,1.00185,0.31662,24.33536,0.03754,0.03343,0.05033,25.22664,0.03686,143.00000,454.00000,-311.00000
K2TaCuSe3I3,1.34402,-1.15949,0.76344,30.00000,0.85000,0.11000,0.95045,0.32775,25.40073,0.03687,0.03290,0.05813,25.33837,0.03686,143.00000,116.00000,27.00000
Na2WSbS3I3,1.44269,-0.94374,0.45608,30.00000,0.82660,0.08000,0.92032,0.29703,24.56500,0.03739,0.03331,0.05030,25.28999,0.03686,143.00000,383.00000,-240.00000
Na2VMnO3I3,1.45430,-1.86982,0.49634,30.00000,0.80567,0.78000,0.94281,0.32917,23.89372,0.03794,0.03374,0.05088,25.27053,0.03686,143.00000,643.00000,-500.00000
Na2MnCuF3I3,1.43814,-1.91976,0.45494,30.00000,0.79257,1.32000,0.91048,0.39174,23.54903,0.03824,0.03397,0.05198,25.23915,0.03686,143.00000,763.00000,-620.00000
Na2NbTaS6,1.42714,-1.41601,0.75532,30.00000,0.85000,0.00000,0.92095,0.34783,25.32905,0.03687,0.03292,0.05001,25.32668,0.03686,143.00000,111.00000,32.00000
K2NbZnSe3I3,1.36485,-1.19301,0.49128,30.00000,0.85000,0.11000,0.94874,0.33014,25.40186,0.03681,0.03286,0.05485,25.33369,0.03686,143.00000,59.00000,84.00000
K2WSbS3I3,1.45925,-1.02050,0.44789,30.00000,0.84830,0.08000,0.98779,0.29703,25.16828,0.03691,0.03293,0.04893,25.23535,0.03686,143.00000,130.00000,13.00000
K2TaMnSe3Cl3,1.41213,-1.56983,0.68237,30.00000,0.84392,0.61000,0.98507,0.33905,25.17702,0.03697,0.03300,0.05088,25.28290,0.03686,143.00000,156.00000,-13.00000
K2SnSbSe3Br3,1.46092,-1.13466,0.26755,30.00000,0.85000,0.41000,0.97616,0.32741,25.21727,0.03684,0.03287,0.04878,25.22231,0.03686,143.00000,87.00000,56.00000
Na2TaCuO3I3,1.35467,-1.67856,0.84228,30.00000,0.83619,0.78000,0.90771,0.38056,24.98318,0.03721,0.03316,0.05706,25.38284,0.03686,143.00000,275.00000,-132.00000
Na2MoSbSe3F3,1.44506,-1.76115,0.40487,30.00000,0.77868,1.43000,0.95807,0.36170,23.10409,0.03862,0.03426,0.05234,25.26479,0.03686,143.00000,873.00000,-730.00000
Na2CrWS3I3,1.43725,-1.08216,0.42982,30.00000,0.82984,0.08000,0.91769,0.30074,24.68359,0.03730,0.03324,0.05039,25.26854,0.03686,143.00000,331.00000,-188.00000
K2SbZnSe3Br3,1.47107,-1.17415,0.24099,30.00000,0.85000,0.41000,0.96691,0.34010,25.18656,0.03686,0.03288,0.04850,25.12481,0.03686,143.00000,103.00000,40.00000
K2MoMnS6,1.43720,-1.23351,0.19969,30.00000,0.85000,0.00000,1.00131,0.33560,25.29746,0.03679,0.03284,0.04949,25.22966,0.03687,161.00000,31.00000,130.00000
K2NbZnS3I3,1.44414,-1.20868,0.44939,30.00000,0.85000,0.08000,0.95499,0.34158,25.27368,0.03684,0.03289,0.04931,25.24549,0.03687,161.00000,85.00000,76.00000
K2MnBiO3S3,1.45341,-1.70073,0.17823,30.00000,0.85000,0.86000,0.99254,0.43364,25.24326,0.03681,0.03286,0.04900,25.20867,0.03687,161.00000,58.00000,103.00000
K2SnZnF3I3,1.45636,-2.03691,0.44408,30.00000,0.82873,1.32000,0.97191,0.40741,24.58925,0.03736,0.03328,0.04981,25.24534,0.03687,161.00000,368.00000,-207.00000
Na2NbTaS3Se3,1.38225,-1.24349,0.74421,30.00000,0.85000,0.03000,0.91508,0.33508,25.39259,0.03684,0.03289,0.05293,25.36016,0.03687,161.00000,86.00000,75.00000
Li2MoWS3Se3,1.44212,-1.02639,0.36274,30.00000,0.65947,0.03000,0.75368,0.31152,19.47608,0.04246,0.03717,0.05918,25.24690,0.03687,161.00000,1715.00000,-1554.00000
Na2NbSbS3Se3,1.44786,-0.99883,0.35010,30.00000,0.85000,0.03000,0.92231,0.32461,25.25709,0.03683,0.03288,0.04918,25.22767,0.03687,161.00000,75.00000,86.00000
K2SnMoS3Se3,1.31419,-1.01362,0.34825,30.00000,0.85000,0.03000,0.98440,0.33508,25.32625,0.03686,0.03287,0.06492,25.31297,0.03687,161.00000,106.00000,55.00000
K2TaMnSe3Br3,1.34285,-1.52318,0.57672,30.00000,0.84893,0.41000,0.97709,0.32614,25.36864,0.03687,0.03289,0.05834,25.28606,0.03687,161.00000,113.00000,48.00000
K2MnSbO3Br3,1.29181,-1.59825,0.13549,30.00000,0.85000,0.48000,1.01959,0.37054,25.26753,0.03688,0.03285,0.07214,25.25534,0.03687,161.00000,118.00000,43.00000
Na2TaZnO3I3,1.42055,-1.71633,0.83242,30.00000,0.83721,0.78000,0.90589,0.38333,24.95524,0.03717,0.03315,0.05083,25.33058,0.03688,171.00000,255.00000,-84.00000
K2TiSbSe3Cl3,1.46643,-1.65373,0.29229,30.00000,0.82141,0.61000,1.00085,0.31794,24.33487,0.03753,0.03341,0.04974,25.16908,0.03688,171.00000,447.00000,-276.00000
K2WSbSe3F3,1.46994,-1.83119,0.32767,30.00000,0.78337,1.43000,1.03468,0.36474,23.16863,0.03853,0.03419,0.05137,25.14916,0.03688,171.00000,842.00000,-671.00000
Na2NbCuO3I3,1.31287,-1.58531,0.49601,30.00000,0.83619,0.78000,0.90771,0.38056,24.90024,0.03721,0.03314,0.06611,25.29574,0.03688,171.00000,277.00000,-106.00000
K2SnMnCl3I3,1.31293,-1.33185,0.41893,30.00000,0.84477,0.50000,0.96442,0.33292,25.16386,0.03700,0.03297,0.06561,25.29464,0.03688,171.00000,173.00000,-2.00000
Na2MnCuCl3I3,1.29535,-1.22066,0.41975,30.00000,0.81853,0.50000,0.89160,0.34289,24.31215,0.03768,0.03346,0.07295,25.28841,0.03688,171.00000,525.00000,-354.00000
K2MoSbO3I3,1.43874,-1.39830,0.54015,30.00000,0.81778,0.78000,1.01564,0.33056,24.31156,0.03762,0.03348,0.05083,25.26001,0.03688,171.00000,485.00000,-314.00000
K2MoFeSe3Cl3,1.29908,-1.31249,0.30945,30.00000,0.83036,0.61000,0.99487,0.32586,24.68633,0.03735,0.03323,0.07082,25.27577,0.03688,171.00000,363.00000,-192.00000
Na2TaCuO3Br3,1.44905,-1.82298,0.60584,30.00000,0.85000,0.48000,0.91789,0.40774,25.25377,0.03687,0.03291,0.04924,25.26660,0.03688,171.00000,115.00000,56.00000
Na2MoSbO3I3,1.45296,-1.35755,0.55424,30.00000,0.80679,0.78000,0.94182,0.33056,23.93090,0.03792,0.03372,0.05091,25.24519,0.03688,171.00000,635.00000,-464.00000
K2MnBiO3Cl3,1.46200,-1.71376,0.16458,30.00000,0.85000,0.28000,0.99439,0.43769,25.21371,0.03683,0.03286,0.04870,25.18213,0.03688,171.00000,74.00000,97.00000
Na2NbMnSe3I3,1.30625,-1.13824,0.50666,30.00000,0.82423,0.11000,0.90054,0.30742,24.52337,0.03752,0.03337,0.06886,25.33665,0.03688,171.00000,435.00000,-264.00000
Na2MnZnBr3I3,1.30060,-1.18169,0.35005,30.00000,0.82293,0.30000,0.88500,0.33293,24.46011,0.03753,0.03337,0.07079,25.29841,0.03688,171.00000,443.00000,-272.00000
Na2TiSbSe3Cl3,1.46558,-1.43468,0.29546,30.00000,0.80430,0.61000,0.93007,0.31794,23.82249,0.03796,0.03374,0.05049,25.15465,0.03688,171.00000,652.00000,-481.00000
K2TiWS3Se3,1.46468,-1.35486,0.27077,30.00000,0.85000,0.03000,0.99910,0.31545,25.20830,0.03685,0.03288,0.04866,25.15794,0.03688,171.00000,96.00000,75.00000
Na2TaZnO3F3,1.41313,-2.53978,0.85007,30.00000,0.85000,0.54000,0.94915,0.50923,25.36224,0.03686,0.03292,0.05065,25.30658,0.03689,186.00000,104.00000,82.00000
K2SbZnSe3I3,1.41200,-1.01062,0.49184,30.00000,0.85000,0.11000,0.95562,0.32057,25.36482,0.03680,0.03287,0.05058,25.29876,0.03689,186.00000,47.00000,139.00000
K2FeMnF3I3,1.45255,-2.02858,0.43786,30.00000,0.80104,1.32000,1.00026,0.36752,23.75903,0.03804,0.03382,0.05114,25.23479,0.03689,186.00000,685.00000,-499.00000
Na2TaCuS3I3,1.36134,-1.04736,0.79647,30.00000,0.85000,0.08000,0.89140,0.33911,25.40700,0.03686,0.03290,0.05538,25.34458,0.03689,186.00000,107.00000,79.00000
K2NbTaSe6,1.42891,-1.28026,0.71754,30.00000,0.85000,0.00000,0.97699,0.32323,25.32339,0.03686,0.03291,0.04994,25.27913,0.03689,186.00000,108.00000,78.00000
Na2FeSbO3I3,1.45072,-1.30963,0.49137,30.00000,0.81804,0.78000,0.93113,0.34583,24.27933,0.03762,0.03349,0.05047,25.23318,0.03689,186.00000,488.00000,-302.00000
K2TaZnSe3I3,1.38487,-1.22488,0.75605,30.00000,0.85000,0.11000,0.94874,0.33014,25.39219,0.03684,0.03290,0.05270,25.34700,0.03689,186.00000,89.00000,97.00000
K2MnSbO3I3,1.34501,-1.44963,0.48125,30.00000,0.83458,0.78000,1.00411,0.34583,24.92500,0.03718,0.03313,0.05859,25.32261,0.03689,186.00000,262.00000,-76.00000
Na2TaMnS3I3,1.40458,-1.18157,0.79709,30.00000,0.84339,0.08000,0.90563,0.31807,25.17243,0.03701,0.03302,0.05138,25.32047,0.03689,186.00000,179.00000,7.00000
K2MnCuF3I3,1.47178,-2.00256,0.44389,30.00000,0.81959,1.32000,0.98286,0.39174,24.26391,0.03763,0.03347,0.04977,25.16785,0.03690,195.00000,494.00000,-299.00000
Na2TaCuO3F3,1.40039,-2.64734,0.86808,30.00000,0.85000,0.54000,0.95147,0.50554,25.37364,0.03686,0.03292,0.05149,25.33654,0.03690,195.00000,109.00000,86.00000
K2TiCrS3I3,1.30221,-1.33841,0.43505,30.00000,0.85000,0.08000,0.98403,0.30198,25.29655,0.03690,0.03289,0.06858,25.28499,0.03690,195.00000,127.00000,68.00000
K2CrWSe6,1.28747,-1.15215,0.34756,30.00000,0.85000,0.00000,0.98927,0.30682,25.24941,0.03693,0.03288,0.07391,25.26471,0.03690,195.00000,140.00000,55.00000
Na2TaMnSe3Cl3,1.31008,-1.47230,0.70530,30.00000,0.81965,0.61000,0.91541,0.33905,24.39384,0.03765,0.03348,0.06801,25.30371,0.03690,195.00000,511.00000,-316.00000
Na2TiWS3Se3,1.30266,-1.19286,0.27253,30.00000,0.85000,0.03000,0.92874,0.31545,25.29653,0.03687,0.03286,0.06834,25.26850,0.03690,195.00000,114.00000,81.00000
Na2SnMnCl3I3,1.31061,-1.26763,0.42721,30.00000,0.81298,0.50000,0.89827,0.33292,24.18833,0.03777,0.03357,0.06814,25.30280,0.03690,195.00000,573.00000,-378.00000
K2TiCrO3S3,1.28719,-2.04867,0.06686,30.00000,0.85000,0.86000,1.03371,0.37654,25.24764,0.03689,0.03284,0.07388,25.23067,0.03690,195.00000,124.00000,71.00000
K2TiSbS3I3,1.46130,-1.25205,0.46457,30.00000,0.84980,0.08000,0.98685,0.29827,25.20732,0.03688,0.03291,0.04882,25.22002,0.03690,195.00000,120.00000,75.00000
Na2CrWS3Se3,1.29741,-1.12865,0.27184,30.00000,0.85000,0.03000,0.92689,0.31806,25.28575,0.03689,0.03287,0.07017,25.26178,0.03690,195.00000,123.00000,72.00000
Na2TaFeS3Br3,1.32586,-1.26688,0.56334,30.00000,0.84148,0.38000,0.91500,0.33816,25.09374,0.03708,0.03304,0.06246,25.31841,0.03690,195.00000,210.00000,-15.00000
Na2FeMnF3I3,1.44690,-1.97804,0.44872,30.00000,0.78219,1.32000,0.92660,0.36752,23.20657,0.03854,0.03419,0.05214,25.23169,0.03690,195.00000,845.00000,-650.00000
Na2SnBiSe3I3,1.44692,-0.88123,0.48044,30.00000,0.84726,0.11000,0.87415,0.34689,25.17875,0.03691,0.03294,0.04934,25.23199,0.03691,207.00000,131.00000,76.00000
Na2TaCuS3Br3,1.31583,-1.17601,0.56790,30.00000,0.85000,0.38000,0.89995,0.36053,25.32885,0.03690,0.03290,0.06457,25.28260,0.03691,207.00000,126.00000,81.00000
Na2TiCrO3S3,1.48592,-2.03913,0.04791,30.00000,0.84746,0.86000,0.95444,0.37654,25.05776,0.03693,0.03292,0.04840,25.07827,0.03691,207.00000,141.00000,66.00000
Na2FeZnF3I3,1.30235,-1.93753,0.44235,30.00000,0.79348,1.32000,0.90862,0.39459,23.56311,0.03830,0.03396,0.07217,25.27056,0.03691,207.00000,780.00000,-573.00000
K2VCuO3I3,1.44306,-1.60736,0.48631,30.00000,0.84146,0.78000,0.99895,0.35278,25.01699,0.03704,0.03304,0.04970,25.23542,0.03691,207.00000,196.00000,11.00000
Na2TaCuO3Cl3,1.46037,-2.02018,0.77069,30.00000,0.85000,0.28000,0.92480,0.42679,25.21908,0.03693,0.03295,0.04893,25.23782,0.03691,207.00000,138.00000,69.00000
Na2VZnSe3Cl3,1.27703,-1.34387,0.25816,30.00000,0.81881,0.61000,0.91631,0.33773,24.25833,0.03770,0.03344,0.08045,25.20235,0.03691,207.00000,540.00000,-333.00000
K2SnWSe6,1.30330,-0.99256,0.35769,30.00000,0.85000,0.00000,0.97513,0.32576,25.29764,0.03689,0.03288,0.06816,25.23773,0.03691,207.00000,121.00000,86.00000
K2TaCuO3I3,1.43976,-1.75300,0.81635,30.00000,0.85000,0.78000,0.97885,0.38056,25.29246,0.03690,0.03293,0.04959,25.24304,0.03691,207.00000,128.00000,79.00000
K2VNbS6,1.28500,-1.45017,0.20107,30.00000,0.85000,0.00000,1.01265,0.32065,25.24244,0.03692,0.03286,0.07477,25.23134,0.03692,216.00000,133.00000,83.00000
K2MnSbF3I3,1.47185,-2.09072,0.47636,30.00000,0.78898,1.32000,1.00973,0.35470,23.33447,0.03842,0.03409,0.05110,25.20523,0.03692,216.00000,805.00000,-589.00000
K2NbCuO3Cl3,1.49395,-1.99637,0.14852,30.00000,0.85000,0.28000,1.00199,0.42679,25.08811,0.03692,0.03291,0.04821,25.10601,0.03692,216.00000,134.00000,82.00000
Na2MnSbF3I3,1.46135,-2.00622,0.48802,30.00000,0.77469,1.32000,0.93537,0.35470,22.92907,0.03878,0.03438,0.05203,25.18193,0.03692,216.00000,911.00000,-695.00000
Na2TaFeSe3I3,1.43727,-1.08128,0.78079,30.00000,0.82423,0.11000,0.90054,0.30742,24.51369,0.03750,0.03339,0.05073,25.28449,0.03692,216.00000,429.00000,-213.00000
K2WSbO3I3,1.49111,-1.39015,0.46777,30.00000,0.82101,0.78000,1.01352,0.33333,24.23044,0.03766,0.03348,0.04948,25.11118,0.03692,216.00000,514.00000,-298.00000
Na2CuZnF3I3,1.29146,-1.90049,0.44854,30.00000,0.79852,1.32000,0.89311,0.41880,23.68527,0.03820,0.03386,0.07565,25.30093,0.03692,216.00000,748.00000,-532.00000
K2SnVS3I3,1.29592,-1.15407,0.46368,30.00000,0.85000,0.08000,0.98217,0.30446,25.28126,0.03693,0.03289,0.07081,25.26988,0.03692,216.00000,136.00000,80.00000
Na2WSbSe3I3,1.29711,-0.90424,0.49203,30.00000,0.80733,0.11000,0.91477,0.28708,23.97187,0.03797,0.03370,0.07306,25.29656,0.03692,216.00000,658.00000,-442.00000
Na2TaZnO3Br3,1.45822,-1.84257,0.59435,30.00000,0.85000,0.48000,0.91596,0.41071,25.22236,0.03689,0.03292,0.04893,25.21053,0.03693,225.00000,125.00000,100.00000
Na2WFeSe3I3,1.46721,-0.96019,0.46646,30.00000,0.81671,0.11000,0.90718,0.29785,24.18894,0.03768,0.03353,0.04998,25.17183,0.03693,225.00000,531.00000,-306.00000
Na2SnMnS3Se3,1.29188,-0.98559,0.26762,30.00000,0.85000,0.03000,0.90532,0.34948,25.26701,0.03690,0.03287,0.07218,25.25681,0.03693,225.00000,129.00000,96.00000
Na2SnSbS3I3,1.47138,-0.87256,0.47367,30.00000,0.84427,0.08000,0.90478,0.31931,25.00966,0.03703,0.03302,0.04879,25.14022,0.03693,225.00000,189.00000,36.00000
Na2TaCuSe3Cl3,1.31728,-1.28614,0.70579,30.00000,0.83186,0.61000,0.90033,0.36148,24.77351,0.03735,0.03325,0.06526,25.30573,0.03693,225.00000,361.00000,-136.00000
Na2MoFeO3Cl3,1.49633,-1.59708,0.18543,30.00000,0.85000,0.28000,0.95288,0.38474,25.07510,0.03694,0.03292,0.04824,25.08233,0.03693,225.00000,142.00000,83.00000
K2TaCuS3I3,1.43819,-1.17098,0.77394,30.00000,0.85000,0.08000,0.95675,0.33911,25.29329,0.03689,0.03293,0.04965,25.23006,0.03694,231.00000,122.00000,109.00000
K2SbZnO3Br3,1.26804,-1.44814,0.13445,30.00000,0.85000,0.48000,0.99898,0.39881,25.17803,0.03695,0.03286,0.08258,25.16339,0.03694,231.00000,145.00000,86.00000
K2WFeSe3I3,1.49094,-1.03444,0.45857,30.00000,0.84419,0.11000,0.97235,0.29785,24.93077,0.03710,0.03305,0.04857,25.12745,0.03694,231.00000,220.00000,11.00000
K2MoMnS3Se3,1.27810,-1.10247,0.32583,30.00000,0.85000,0.03000,0.99317,0.32330,25.22192,0.03696,0.03288,0.07775,25.24113,0.03694,231.00000,147.00000,84.00000
Na2SnSbO3I3,1.47851,-1.27618,0.49799,30.00000,0.82574,0.78000,0.92256,0.35833,24.42699,0.03750,0.03338,0.04939,25.16928,0.03694,231.00000,430.00000,-199.00000
Na2MoBiS3I3,1.30106,-0.92724,0.48905,30.00000,0.85000,0.08000,0.89471,0.33416,25.29180,0.03691,0.03289,0.06901,25.24652,0.03694,231.00000,132.00000,99.00000
K2TiWSe6,1.30449,-1.27723,0.34850,30.00000,0.85000,0.00000,0.99118,0.30429,25.30470,0.03688,0.03287,0.06777,25.26055,0.03694,231.00000,117.00000,114.00000
Na2TiSbSe3I3,1.28463,-1.03900,0.51374,30.00000,0.80842,0.11000,0.91392,0.28828,23.97124,0.03798,0.03368,0.07786,25.23698,0.03694,231.00000,666.00000,-435.00000
Na2SnWSe6,1.27832,-0.98066,0.36240,30.00000,0.85000,0.00000,0.90779,0.32576,25.22349,0.03697,0.03288,0.07767,25.24492,0.03694,231.00000,150.00000,81.00000
Na2TaMnSe3I3,1.31917,-1.14547,0.78249,30.00000,0.82423,0.11000,0.90054,0.30742,24.54422,0.03754,0.03341,0.06527,25.31690,0.03694,231.00000,453.00000,-222.00000
Na2CrMoO3Br3,1.49264,-1.62139,0.15892,30.00000,0.85000,0.48000,0.95107,0.35863,25.09357,0.03692,0.03291,0.04823,25.08168,0.03694,231.00000,135.00000,96.00000
K2TaFeSe3I3,1.47377,-1.22280,0.76202,30.00000,0.85000,0.11000,0.96524,0.30742,25.17947,0.03696,0.03296,0.04859,25.18166,0.03694,231.00000,148.00000,83.00000
Na2WFeSe3Br3,1.28012,-1.09351,0.21759,30.00000,0.81470,0.41000,0.91644,0.31599,24.14502,0.03778,0.03351,0.07926,25.23986,0.03694,231.00000,578.00000,-347.00000
K2WFeSe3Br3,1.49817,-1.24039,0.21840,30.00000,0.83831,0.41000,0.98463,0.31599,24.71484,0.03722,0.03314,0.04868,25.04111,0.03695,244.00000,285.00000,-41.00000
Na2NbZnSe3I3,1.28233,-1.09935,0.50124,30.00000,0.83903,0.11000,0.88516,0.33014,24.89970,0.03724,0.03310,0.07684,25.26899,0.03695,244.00000,295.00000,-51.00000
Na2VFeSe3F3,1.48269,-2.14973,0.28955,30.00000,0.77760,1.43000,0.95914,0.36018,22.95079,0.03872,0.03431,0.05136,25.10431,0.03695,244.00000,900.00000,-656.00000
K2TiInSe3I3,1.39709,-1.35323,1.37254,30.00000,0.85000,0.11000,0.94450,0.33612,25.37214,0.03695,0.03299,0.05188,25.39177,0.03696,247.00000,143.00000,104.00000
Na2MnBiO3Cl3,1.50312,-1.69781,0.15953,30.00000,0.85000,0.28000,0.91778,0.43769,25.04569,0.03695,0.03293,0.04819,25.00877,0.03696,247.00000,146.00000,101.00000
Na2TiInSe3Br3,1.41995,-1.42738,1.33552,30.00000,0.83899,0.41000,0.88901,0.35660,25.01184,0.03721,0.03319,0.05094,25.28901,0.03696,247.00000,279.00000,-32.00000
Na2MoSbO3Br3,1.49898,-1.43216,0.23265,30.00000,0.85000,0.48000,0.95421,0.35417,25.06692,0.03695,0.03294,0.04823,25.03536,0.03696,247.00000,144.00000,103.00000
K2SnTaSe3I3,1.46317,-1.26578,0.74969,30.00000,0.85000,0.11000,0.95735,0.31818,25.21292,0.03693,0.03295,0.04885,25.18548,0.03696,247.00000,139.00000,108.00000
Na2SnMnF3I3,1.48944,-2.00086,0.46000,30.00000,0.78829,1.32000,0.91800,0.38034,23.24554,0.03849,0.03413,0.05091,25.08906,0.03696,247.00000,836.00000,-589.00000
K2TiCrO3Se3,1.50744,-2.08241,0.26040,30.00000,0.83616,0.89000,1.02377,0.36095,24.60820,0.03732,0.03320,0.04871,25.02075,0.03697,253.00000,337.00000,-84.00000
Na2FeMnO3Se3,1.49964,-1.38603,0.24194,30.00000,0.84003,0.89000,0.93271,0.38166,24.75937,0.03719,0.03312,0.04861,25.03865,0.03697,253.00000,264.00000,-11.00000
Na2NbFeO3Cl3,1.51191,-2.07475,0.12297,30.00000,0.85000,0.28000,0.94228,0.40031,25.00672,0.03698,0.03294,0.04815,24.99175,0.03697,253.00000,159.00000,94.00000
K2VMnSe3Br3,1.27477,-1.44874,0.21914,30.00000,0.82052,0.41000,0.99616,0.30076,24.30279,0.03766,0.03341,0.08144,25.22679,0.03697,253.00000,515.00000,-262.00000
Na2SnMnBr3I3,1.27306,-1.17429,0.36827,30.00000,0.81582,0.30000,0.89305,0.32091,24.15455,0.03780,0.03352,0.08275,25.18228,0.03697,253.00000,583.00000,-330.00000
K2WSbO3Br3,1.49362,-1.43042,0.18555,30.00000,0.85000,0.48000,1.02965,0.35714,25.09009,0.03693,0.03292,0.04823,25.03381,0.03697,253.00000,137.00000,116.00000
Na2VZnO3I3,1.48315,-1.55712,0.48897,30.00000,0.82414,0.78000,0.92446,0.35556,24.36324,0.03755,0.03341,0.04945,25.11718,0.03697,253.00000,461.00000,-208.00000
K2VFeO3Br3,1.50989,-1.87138,0.08361,30.00000,0.85000,0.48000,1.03304,0.35268,25.01615,0.03697,0.03293,0.04813,24.96788,0.03697,253.00000,153.00000,100.00000
Na2MoInS3I3,1.35778,-0.97930,1.54269,30.00000,0.85000,0.08000,0.88812,0.34406,25.41419,0.03700,0.03301,0.05614,25.36681,0.03698,261.00000,176.00000,85.00000
K2MnInO3Br3,1.41430,-1.67158,1.52356,30.00000,0.85000,0.48000,0.97715,0.43006,25.36070,0.03698,0.03302,0.05077,25.31783,0.03698,261.00000,161.00000,100.00000
K2WMnSe6,1.27081,-1.09176,0.34252,30.00000,0.85000,0.00000,0.98356,0.31439,25.18899,0.03699,0.03289,0.08125,25.16686,0.03698,261.00000,165.00000,96.00000
Na2TaMnO3I3,1.46513,-1.94983,0.84350,30.00000,0.82495,0.78000,0.92351,0.35694,24.44861,0.03755,0.03342,0.04980,25.14907,0.03698,261.00000,456.00000,-195.00000
Na2VTaS3Se3,1.29597,-1.25253,0.76502,30.00000,0.85000,0.03000,0.93338,0.30890,25.28110,0.03698,0.03294,0.07093,25.26727,0.03698,261.00000,158.00000,103.00000
K2VMnS3Br3,1.26179,-1.48314,0.08803,30.00000,0.83715,0.38000,1.00428,0.31184,24.75087,0.03727,0.03309,0.08720,25.12560,0.03698,261.00000,317.00000,-56.00000
K2NbMnSe3Cl3,1.26904,-1.55268,0.27374,30.00000,0.84392,0.61000,0.98507,0.33905,24.99507,0.03712,0.03299,0.08260,25.17990,0.03698,261.00000,226.00000,35.00000
Li2MoWSe6,1.26997,-0.97691,0.42525,30.00000,0.64671,0.00000,0.75242,0.30051,18.96699,0.04323,0.03758,0.10277,25.17356,0.03699,268.00000,1798.00000,-1530.00000
K2VZnS3I3,1.27259,-1.17974,0.44990,30.00000,0.85000,0.08000,0.97294,0.31683,25.19298,0.03700,0.03290,0.08041,25.18057,0.03699,268.00000,174.00000,94.00000
Na2MoGaS3I3,1.39498,-0.98259,1.67414,30.00000,0.82877,0.08000,0.91857,0.29950,24.72785,0.03750,0.03342,0.05301,25.36716,0.03699,268.00000,428.00000,-160.00000
Na2TaCuSe3I3,1.30522,-1.01161,0.78210,30.00000,0.83767,0.11000,0.88675,0.32775,24.92933,0.03725,0.03316,0.06847,25.25919,0.03699,268.00000,303.00000,-35.00000
Na2TaSbS3Se3,1.48322,-1.04996,0.73422,30.00000,0.85000,0.03000,0.92231,0.32461,25.14669,0.03699,0.03298,0.04850,25.13403,0.03699,268.00000,164.00000,104.00000
K2VSbS3Se3,1.26631,-1.05108,0.33734,30.00000,0.85000,0.03000,1.01219,0.29843,25.17109,0.03699,0.03289,0.08370,25.18282,0.03699,268.00000,170.00000,98.00000
Na2TaFeSe3Br3,1.27989,-1.28755,0.58935,30.00000,0.82206,0.41000,0.90943,0.32614,24.37134,0.03767,0.03343,0.07905,25.22797,0.03699,268.00000,522.00000,-254.00000
K2CrWS3I3,1.50237,-1.16807,0.42198,30.00000,0.85000,0.08000,0.98497,0.30074,25.04914,0.03699,0.03297,0.04826,25.04073,0.03699,268.00000,171.00000,97.00000
K2MoInS3I3,1.39265,-1.10686,1.48778,30.00000,0.85000,0.08000,0.95323,0.34406,25.38382,0.03696,0.03300,0.05215,25.32186,0.03699,268.00000,149.00000,119.00000
K2MoGaSe3Br3,1.37138,-1.33573,1.39345,30.00000,0.82820,0.41000,0.99132,0.30711,24.72909,0.03747,0.03338,0.05536,25.32187,0.03699,268.00000,414.00000,-146.00000
Na2TaZnSe3Cl3,1.48904,-1.38842,0.69501,30.00000,0.83302,0.61000,0.89859,0.36412,24.60522,0.03740,0.03329,0.04909,25.09758,0.03699,268.00000,386.00000,-118.00000
K2MnZnBr3I3,1.27081,-1.29980,0.34562,30.00000,0.85000,0.30000,0.94876,0.33293,25.18899,0.03699,0.03289,0.08125,25.17508,0.03699,268.00000,166.00000,102.00000
Na2MoSbS3Br3,1.26382,-1.02008,0.22302,30.00000,0.82280,0.38000,0.93242,0.31316,24.32386,0.03763,0.03338,0.08729,25.18647,0.03700,280.00000,499.00000,-219.00000
K2SnNbS3I3,1.49765,-1.22319,0.46245,30.00000,0.85000,0.08000,0.96388,0.32921,25.06940,0.03699,0.03297,0.04830,25.05802,0.03700,280.00000,168.00000,112.00000
K2VMnS3I3,1.26331,-1.22640,0.45575,30.00000,0.84370,0.08000,0.99063,0.29332,24.96013,0.03718,0.03303,0.08605,25.21318,0.03701,282.00000,257.00000,25.00000
Li2MoGaSe3Br3,1.41113,-1.17514,1.51951,30.00000,0.60914,0.41000,0.74967,0.30711,17.99815,0.04480,0.03891,0.06529,25.29225,0.03701,282.00000,1966.00000,-1684.00000
K2TiSbSe3I3,1.28313,-1.15165,0.50345,30.00000,0.83290,0.11000,0.97958,0.28828,24.71301,0.03738,0.03321,0.07686,25.18409,0.03701,282.00000,375.00000,-93.00000
K2MoSbO3Br3,1.50628,-1.53785,0.23291,30.00000,0.85000,0.48000,1.03191,0.35417,25.02692,0.03698,0.03295,0.04819,24.97565,0.03701,282.00000,162.00000,120.00000
Na2NbMnO3Br3,1.50800,-1.98458,0.10634,30.00000,0.85000,0.48000,0.93469,0.38244,25.02075,0.03697,0.03293,0.04814,24.97225,0.03701,282.00000,152.00000,130.00000
K2TaMnS3I3,1.47659,-1.24273,0.77430,30.00000,0.85000,0.08000,0.97202,0.31807,25.17267,0.03697,0.03297,0.04852,25.14403,0.03701,282.00000,154.00000,128.00000
Na2WAgSe3I3,1.39216,-0.90796,1.94140,30.00000,0.85000,0.11000,0.85889,0.37081,25.38478,0.03704,0.03307,0.05235,25.35806,0.03701,282.00000,195.00000,87.00000
Na2TiInS3I3,1.41461,-1.29728,1.56313,30.00000,0.85000,0.08000,0.88567,0.34777,25.36186,0.03699,0.03302,0.05077,25.28156,0.03701,282.00000,167.00000,115.00000
K2SnFeO3Se3,1.52561,-1.35240,0.27772,30.00000,0.85000,0.89000,0.99880,0.39497,24.93894,0.03706,0.03298,0.04819,24.94675,0.03701,282.00000,199.00000,83.00000
Na2MnInO3Br3,1.36354,-1.66148,1.60587,30.00000,0.85000,0.48000,0.90357,0.43006,25.40508,0.03700,0.03302,0.05536,25.35797,0.03702,291.00000,177.00000,114.00000
K2MnInO3Se3,1.36159,-1.55652,1.71279,30.00000,0.85000,0.89000,0.97603,0.42751,25.40764,0.03702,0.03303,0.05566,25.37307,0.03702,291.00000,183.00000,108.00000
Na2WSbSe3Br3,1.24555,-1.01250,0.26732,30.00000,0.80537,0.41000,0.92447,0.30457,23.70608,0.03819,0.03373,0.10200,25.11305,0.03702,291.00000,743.00000,-452.00000
K2MoInSe3Br3,1.31360,-1.32869,1.28401,30.00000,0.85000,0.41000,0.95784,0.35279,25.32678,0.03702,0.03301,0.06548,25.33658,0.03702,291.00000,186.00000,105.00000
K2MoBiS3I3,1.27216,-1.02867,0.47963,30.00000,0.85000,0.08000,0.96030,0.33416,25.18910,0.03701,0.03291,0.08063,25.20837,0.03702,291.00000,178.00000,113.00000
K2TaSbSe6,1.27901,-1.03366,0.71048,30.00000,0.85000,0.00000,0.98451,0.31313,25.22507,0.03702,0.03293,0.07754,25.22028,0.03702,291.00000,187.00000,104.00000
K2CrMnO3Se3,1.51700,-1.61218,0.25167,30.00000,0.84780,0.89000,1.01494,0.37278,24.91385,0.03707,0.03301,0.04825,24.96689,0.03702,291.00000,206.00000,85.00000
Na2MnZnI6,1.27117,-1.04871,0.57221,30.00000,0.82628,0.00000,0.87762,0.31477,24.46442,0.03759,0.03335,0.08310,25.17183,0.03702,291.00000,468.00000,-177.00000
K2TaZnO3Br3,1.48724,-1.87065,0.57556,30.00000,0.85000,0.48000,0.99055,0.41071,25.13108,0.03697,0.03296,0.04843,25.05912,0.03702,291.00000,157.00000,134.00000
Na2SnInO3I3,1.43167,-1.39545,1.55142,30.00000,0.84434,0.78000,0.88631,0.41389,25.14474,0.03714,0.03314,0.05029,25.28955,0.03702,291.00000,237.00000,54.00000
K2MoBiO3I3,1.50355,-1.36263,0.50140,30.00000,0.85000,0.78000,0.98281,0.37500,25.04179,0.03702,0.03298,0.04828,25.02936,0.03702,291.00000,181.00000,110.00000
Na2NbMnO3I3,1.50453,-1.90939,0.49262,30.00000,0.82495,0.78000,0.92351,0.35694,24.28128,0.03761,0.03345,0.04925,25.07923,0.03703,302.00000,482.00000,-180.00000
K2MnGaO3Br3,1.34469,-1.67127,1.70630,30.00000,0.85000,0.48000,1.01518,0.37649,25.40224,0.03703,0.03303,0.05831,25.35349,0.03703,302.00000,188.00000,114.00000
Na2ZrGaSe3Br3,1.43673,-1.46971,1.39211,30.00000,0.83076,0.41000,0.89995,0.34010,24.71501,0.03745,0.03336,0.05069,25.24912,0.03703,302.00000,403.00000,-101.00000
Na2CrMoO3Se3,1.51335,-1.62312,0.36143,30.00000,0.82527,0.89000,0.95001,0.35651,24.26090,0.03762,0.03343,0.04917,25.00278,0.03703,302.00000,484.00000,-182.00000
Na2TiInSe3I3,1.36016,-1.23300,1.41680,30.00000,0.84222,0.11000,0.88119,0.33612,25.16866,0.03715,0.03313,0.05610,25.35970,0.03703,302.00000,248.00000,54.00000
Na2MoFeSe3F3,1.50089,-1.91105,0.34620,30.00000,0.78750,1.43000,0.94854,0.37538,23.17359,0.03853,0.03416,0.05082,24.98278,0.03703,302.00000,844.00000,-542.00000
K2TiInSe3Br3,1.32092,-1.57253,1.28621,30.00000,0.85000,0.41000,0.95516,0.35660,25.34155,0.03701,0.03300,0.06353,25.31318,0.03703,302.00000,180.00000,122.00000
K2WFeS3Br3,1.52809,-1.25491,0.11396,30.00000,0.85000,0.38000,0.99233,0.32763,24.92708,0.03704,0.03296,0.04812,24.91958,0.03703,302.00000,194.00000,108.00000
Na2TiGaSe3I3,1.39004,-1.22912,1.52540,30.00000,0.81267,0.11000,0.91054,0.29306,24.23855,0.03787,0.03371,0.05411,25.33625,0.03703,302.00000,609.00000,-307.00000
K2SnMnF3I3,1.50429,-2.10690,0.44960,30.00000,0.81154,1.32000,0.99097,0.38034,23.87803,0.03794,0.03370,0.04978,25.00978,0.03703,302.00000,641.00000,-339.00000
Na2TiFeO3Br3,1.52997,-1.99314,0.02882,30.00000,0.85000,0.48000,0.94179,0.37202,24.91288,0.03704,0.03295,0.04811,24.89635,0.03703,302.00000,192.00000,110.00000
Na2MnInO3I3,1.34139,-1.51700,1.65093,30.00000,0.84232,0.78000,0.89422,0.40139,25.16251,0.03721,0.03316,0.05936,25.33327,0.03703,302.00000,276.00000,26.00000
K2VFeSe3F3,1.51113,-2.17848,0.28605,30.00000,0.77835,1.43000,1.03814,0.36018,22.85683,0.03881,0.03436,0.05115,24.98759,0.03704,314.00000,924.00000,-610.00000
Na2SnInSe3I3,1.45966,-0.94011,1.34120,30.00000,0.85000,0.11000,0.86798,0.35646,25.21879,0.03702,0.03303,0.04911,25.20832,0.03704,314.00000,185.00000,129.00000
K2WAgSe3I3,1.38284,-0.98846,1.88581,30.00000,0.85000,0.11000,0.92060,0.37081,25.39024,0.03704,0.03306,0.05324,25.37835,0.03704,314.00000,191.00000,123.00000
Na2VCuSe3F3,1.25750,-1.93759,0.30049,30.00000,0.79322,1.43000,0.94126,0.38602,23.39327,0.03844,0.03397,0.09415,25.16639,0.03704,314.00000,815.00000,-501.00000
Na2NbFeSe3I3,1.25806,-1.06233,0.50509,30.00000,0.82423,0.11000,0.90054,0.30742,24.34088,0.03768,0.03339,0.09105,25.12154,0.03704,314.00000,530.00000,-216.00000
K2MoGaS3Br3,1.44002,-1.28587,1.56081,30.00000,0.84497,0.38000,0.99926,0.31842,25.13670,0.03714,0.03313,0.04999,25.27849,0.03704,314.00000,239.00000,75.00000
K2WFeSe3Cl3,1.52454,-1.32164,0.25117,30.00000,0.83320,0.61000,0.99290,0.32850,24.43823,0.03744,0.03328,0.04880,24.91026,0.03705,320.00000,402.00000,-82.00000
Na2MoGaSe3Cl3,1.42811,-1.28949,1.78201,30.00000,0.80537,0.61000,0.92914,0.31926,23.96047,0.03814,0.03391,0.05219,25.31050,0.03705,320.00000,723.00000,-403.00000
Li2MoGaSe3I3,1.42833,-0.96487,1.57122,30.00000,0.61329,0.11000,0.74778,0.28947,18.09795,0.04462,0.03880,0.06378,25.31260,0.03705,320.00000,1950.00000,-1630.00000
Na2MoFeSe3Cl3,1.24954,-1.21115,0.31374,30.00000,0.81051,0.61000,0.92452,0.32586,23.88006,0.03803,0.03363,0.09824,25.07248,0.03705,320.00000,682.00000,-362.00000
Na2MnBiO3S3,1.51491,-1.62952,0.17403,30.00000,0.85000,0.86000,0.91642,0.43364,24.99288,0.03700,0.03295,0.04815,24.93409,0.03705,320.00000,172.00000,148.00000
Na2TiSbSe3Br3,1.25056,-1.36030,0.24931,30.00000,0.80646,0.41000,0.92357,0.30584,23.76192,0.03812,0.03370,0.09781,25.11136,0.03705,320.00000,717.00000,-397.00000
Na2FeCuF3I3,1.26979,-1.87883,0.45290,30.00000,0.79257,1.32000,0.91048,0.39174,23.42930,0.03843,0.03399,0.08660,25.11277,0.03706,326.00000,812.00000,-486.00000
Na2ZrInSe3Br3,1.45622,-1.51238,1.27721,30.00000,0.84823,0.41000,0.87029,0.38579,25.17717,0.03704,0.03305,0.04926,25.16998,0.03706,326.00000,198.00000,128.00000
K2SnInSe3I3,1.48348,-0.97825,1.30293,30.00000,0.85000,0.11000,0.93034,0.35646,25.14508,0.03708,0.03306,0.04864,25.13955,0.03706,326.00000,213.00000,113.00000
K2SnNbS3Br3,1.26015,-1.35285,0.15838,30.00000,0.85000,0.38000,0.97589,0.35000,25.13705,0.03699,0.03287,0.08720,25.09098,0.03706,326.00000,169.00000,157.00000
Na2SnCrS3I3,1.26818,-0.99930,0.44672,30.00000,0.84680,0.08000,0.90224,0.32302,25.08081,0.03708,0.03297,0.08295,25.12578,0.03706,326.00000,211.00000,115.00000
K2MnInO3I3,1.44533,-1.54795,1.58363,30.00000,0.85000,0.78000,0.96430,0.40139,25.27212,0.03704,0.03305,0.04958,25.25703,0.03706,326.00000,193.00000,133.00000
K2MnGaO3I3,1.44087,-1.55175,1.72986,30.00000,0.84012,0.78000,0.99998,0.35139,24.98311,0.03729,0.03324,0.05019,25.27965,0.03706,326.00000,325.00000,1.00000
Na2NbZnO3I3,1.50977,-1.66897,0.48580,30.00000,0.83721,0.78000,0.90589,0.38333,24.63339,0.03734,0.03322,0.04875,24.97307,0.03706,326.00000,351.00000,-25.00000
K2ZrInSe3I3,1.46717,-1.39951,1.32366,30.00000,0.85000,0.11000,0.92544,0.36364,25.20338,0.03704,0.03303,0.04891,25.17463,0.03706,326.00000,190.00000,136.00000
K2SbZnS3I3,1.51437,-1.04360,0.45167,30.00000,0.85000,0.08000,0.96209,0.33168,24.99487,0.03704,0.03299,0.04823,24.95371,0.03706,326.00000,197.00000,129.00000
K2SnNbSe3Br3,1.24813,-1.44185,0.25849,30.00000,0.85000,0.41000,0.96875,0.33756,25.07965,0.03707,0.03289,0.09562,25.09114,0.03706,326.00000,208.00000,118.00000
K2FeMnO3Se3,1.53563,-1.45251,0.24163,30.00000,0.85000,0.89000,1.00842,0.38166,24.87865,0.03711,0.03299,0.04820,24.89295,0.03707,337.00000,222.00000,115.00000
K2MnGaO3Se3,1.39582,-1.51902,1.91409,30.00000,0.84916,0.89000,1.01385,0.37426,25.34912,0.03706,0.03308,0.05215,25.36117,0.03707,337.00000,200.00000,137.00000
K2CrMoO3I3,1.50261,-1.51364,0.51868,30.00000,0.82259,0.78000,1.01247,0.33472,24.21743,0.03767,0.03349,0.04936,25.04613,0.03707,337.00000,519.00000,-182.00000
Na2SnInS3I3,1.44642,-0.92852,1.45976,30.00000,0.85000,0.08000,0.87206,0.36881,25.26599,0.03702,0.03304,0.04953,25.23781,0.03707,337.00000,182.00000,155.00000
Na2ZrFeO3I3,1.51802,-1.92115,0.45595,30.00000,0.83566,0.78000,0.90863,0.37917,24.54285,0.03740,0.03326,0.04877,24.92342,0.03707,337.00000,387.00000,-50.00000
Na2MnInO3Se3,1.44553,-1.44679,1.80774,30.00000,0.85000,0.89000,0.90275,0.42751,25.27075,0.03708,0.03308,0.04964,25.28747,0.03707,337.00000,209.00000,128.00000
Na2WInSe3Br3,1.47974,-1.12002,1.17384,30.00000,0.83843,0.41000,0.88984,0.35533,24.81357,0.03732,0.03324,0.04906,25.12679,0.03707,337.00000,341.00000,-4.00000
Na2WMnS6,1.53373,-1.17076,0.13660,30.00000,0.85000,0.00000,0.92749,0.33832,24.89082,0.03707,0.03297,0.04815,24.89349,0.03707,337.00000,207.00000,130.00000
K2VFeSe3I3,1.24991,-1.17846,0.49769,30.00000,0.82692,0.11000,0.98323,0.28349,24.38347,0.03766,0.03334,0.09649,25.10970,0.03707,337.00000,513.00000,-176.00000
Na2SnNbSe3Br3,1.25358,-1.31688,0.25941,30.00000,0.82930,0.41000,0.90166,0.33756,24.47542,0.03754,0.03326,0.09346,25.08603,0.03708,346.00000,451.00000,-105.00000
Na2SnFeO3Br3,1.52523,-1.42239,0.08883,30.00000,0.85000,0.48000,0.92474,0.39732,24.93963,0.03702,0.03295,0.04813,24.90223,0.03708,346.00000,184.00000,162.00000
Na2ZrInSe3I3,1.47365,-1.31476,1.36390,30.00000,0.85000,0.11000,0.86341,0.36364,25.17992,0.03706,0.03305,0.04876,25.18191,0.03708,346.00000,202.00000,144.00000
K2MoGaS3I3,1.46431,-1.10313,1.60992,30.00000,0.85000,0.08000,0.98591,0.29950,25.20906,0.03708,0.03308,0.04903,25.22190,0.03708,346.00000,212.00000,134.00000
Na2TiBiSe3I3,1.52456,-1.05954,0.48206,30.00000,0.83697,0.11000,0.88755,0.32656,24.55090,0.03739,0.03324,0.04872,24.90831,0.03708,346.00000,385.00000,-39.00000
K2TaCuSe3Br3,1.24930,-1.34197,0.57849,30.00000,0.85000,0.41000,0.96145,0.34772,25.08947,0.03712,0.03293,0.09497,25.08987,0.03708,346.00000,227.00000,119.00000
Na2SnZnBr3I3,1.25165,-1.15326,0.36473,30.00000,0.82833,0.30000,0.87787,0.34375,24.43551,0.03759,0.03330,0.09509,25.08383,0.03708,346.00000,471.00000,-125.00000
K2FeZnF3I3,1.25750,-2.00778,0.43199,30.00000,0.82142,1.32000,0.98085,0.39459,24.25088,0.03774,0.03344,0.09160,25.08082,0.03709,353.00000,556.00000,-203.00000
K2SbAgCl3I3,1.38005,-1.16726,2.21651,30.00000,0.85000,0.50000,0.92712,0.38653,25.39205,0.03709,0.03311,0.05364,25.37148,0.03709,353.00000,218.00000,135.00000
Na2CrMnSe3I3,1.25495,-1.12248,0.48544,30.00000,0.81962,0.11000,0.90468,0.30144,24.18336,0.03781,0.03348,0.09354,25.11915,0.03709,353.00000,589.00000,-236.00000
Na2SnVS3Br3,1.24090,-1.25460,0.13224,30.00000,0.83132,0.38000,0.92500,0.32368,24.46560,0.03753,0.03322,0.10343,25.01206,0.03709,353.00000,441.00000,-88.00000
K2MnCuCl3I3,1.25169,-1.30617,0.41116,30.00000,0.85000,0.50000,0.95725,0.34289,25.09948,0.03708,0.03291,0.09300,25.11167,0.03709,353.00000,214.00000,139.00000
Na2SnVS3I3,1.25841,-1.01890,0.47420,30.00000,0.83296,0.08000,0.91508,0.30446,24.60905,0.03746,0.03322,0.08993,25.10517,0.03710,358.00000,410.00000,-52.00000
Na2MnGaO3I3,1.40780,-1.52643,1.81008,30.00000,0.82163,0.78000,0.92731,0.35139,24.49611,0.03770,0.03358,0.05242,25.29490,0.03710,358.00000,542.00000,-184.00000
K2TaZnSe3Cl3,1.50941,-1.48344,0.67293,30.00000,0.85000,0.61000,0.96697,0.36412,25.01787,0.03707,0.03302,0.04830,24.97622,0.03710,358.00000,205.00000,153.00000
Na2MnGaS3Se3,1.45166,-1.00753,1.84897,30.00000,0.85000,0.03000,0.91778,0.33115,25.24961,0.03709,0.03310,0.04952,25.25503,0.03710,358.00000,217.00000,141.00000
K2TaMnO3Br3,1.52130,-2.04968,0.58418,30.00000,0.85000,0.48000,1.01080,0.38244,24.95995,0.03709,0.03302,0.04827,24.91893,0.03710,358.00000,216.00000,142.00000
K2VZnO3Br3,1.54888,-1.77416,0.08539,30.00000,0.85000,0.48000,1.01189,0.38095,24.78364,0.03714,0.03298,0.04825,24.75523,0.03711,363.00000,238.00000,125.00000
K2SnTaS3Br3,1.51449,-1.38603,0.54892,30.00000,0.85000,0.38000,0.97589,0.35000,24.99503,0.03706,0.03301,0.04826,24.93554,0.03711,363.00000,201.00000,162.00000
Na2SnVSe3F3,1.53110,-2.09046,0.32375,30.00000,0.78660,1.43000,0.94959,0.37386,23.00348,0.03868,0.03421,0.05076,24.86080,0.03711,363.00000,887.00000,-524.00000
K2NbSbO3Se3,1.52983,-1.68133,0.36361,30.00000,0.84215,0.89000,1.01934,0.36686,24.68090,0.03727,0.03314,0.04850,24.86895,0.03711,363.00000,318.00000,45.00000
K2TiGaSe3I3,1.47287,-1.38213,1.47438,30.00000,0.83865,0.11000,0.97595,0.29306,24.83833,0.03735,0.03327,0.04926,25.17161,0.03711,363.00000,360.00000,3.00000
Na2MoWO3Se3,1.52619,-1.48326,0.36218,30.00000,0.82209,0.89000,0.95312,0.35207,24.09694,0.03774,0.03351,0.04926,24.88659,0.03711,363.00000,555.00000,-192.00000
Na2SnTaSe3I3,1.51485,-1.04757,0.76682,30.00000,0.83176,0.11000,0.89319,0.31818,24.44505,0.03753,0.03337,0.04903,24.94143,0.03711,363.00000,446.00000,-83.00000
Na2MoWS6,1.54273,-1.16526,0.24625,30.00000,0.85000,0.00000,0.93797,0.32337,24.82916,0.03715,0.03300,0.04826,24.83604,0.03711,363.00000,240.00000,123.00000
Na2VSbS3Se3,1.23902,-1.00753,0.34317,30.00000,0.84339,0.03000,0.94091,0.29843,24.81925,0.03728,0.03303,0.10426,25.03047,0.03711,363.00000,323.00000,40.00000
Li2WSbSe3F3,1.53056,-1.65422,0.35077,30.00000,0.58176,1.43000,0.75750,0.36474,16.86827,0.04622,0.03984,0.06336,24.87887,0.03711,363.00000,2069.00000,-1706.00000
Na2TaFeS3I3,1.52060,-1.16105,0.79506,30.00000,0.84339,0.08000,0.90563,0.31807,24.76586,0.03728,0.03317,0.04858,24.93518,0.03712,373.00000,321.00000,52.00000
K2FeMnO3Br3,1.54041,-1.70038,0.03774,30.00000,0.85000,0.48000,1.00972,0.38393,24.84465,0.03710,0.03296,0.04817,24.80334,0.03712,373.00000,219.00000,154.00000
Na2TaSbO3Se3,1.52377,-1.66234,0.78149,30.00000,0.83201,0.89000,0.94281,0.36686,24.40734,0.03756,0.03338,0.04899,24.94407,0.03712,373.00000,463.00000,-90.00000
K2CrWSe3I3,1.52830,-1.12495,0.46453,30.00000,0.83580,0.11000,0.97776,0.29067,24.49769,0.03744,0.03326,0.04876,24.92292,0.03712,373.00000,400.00000,-27.00000
K2VMnSe3I3,1.25230,-1.21434,0.49927,30.00000,0.82692,0.11000,0.98323,0.28349,24.39443,0.03765,0.03334,0.09481,25.04296,0.03712,373.00000,507.00000,-134.00000
Na2TaZnO3Cl3,1.50568,-2.06649,0.75508,30.00000,0.85000,0.28000,0.92278,0.42991,25.02924,0.03707,0.03302,0.04833,24.99859,0.03712,373.00000,204.00000,169.00000
Na2MoGaS3Br3,1.46452,-1.15146,1.63868,30.00000,0.82718,0.38000,0.92870,0.31842,24.51686,0.03763,0.03350,0.04995,25.18038,0.03712,373.00000,496.00000,-123.00000
K2MnInS3I3,1.28555,-1.11178,1.48583,30.00000,0.85000,0.08000,0.94367,0.35767,25.24373,0.03714,0.03304,0.07523,25.26969,0.03713,380.00000,234.00000,146.00000
Na2MnGaS3Br3,1.31720,-1.17827,1.64811,30.00000,0.83799,0.38000,0.91861,0.33289,24.96372,0.03737,0.03328,0.06535,25.31235,0.03713,380.00000,370.00000,10.00000
K2ZrMoS3Se3,1.23803,-1.34807,0.33563,30.00000,0.85000,0.03000,0.97865,0.34293,25.01520,0.03713,0.03291,0.10444,25.02628,0.03713,380.00000,230.00000,150.00000
Na2TiFeO3I3,1.53997,-1.92243,0.46347,30.00000,0.81896,0.78000,0.93017,0.34722,23.91879,0.03792,0.03360,0.04949,24.85464,0.03714,383.00000,636.00000,-253.00000
Na2WAgO3I3,1.42291,-1.33843,2.28359,30.00000,0.84513,0.78000,0.87599,0.43056,25.19056,0.03723,0.03322,0.05082,25.32793,0.03714,383.00000,291.00000,92.00000
Na2MoMnS3Se3,1.23312,-1.06562,0.33121,30.00000,0.85000,0.03000,0.92323,0.32330,24.98999,0.03716,0.03292,0.10894,25.01310,0.03714,383.00000,251.00000,132.00000
Na2MnBiS3I3,1.23777,-0.88544,0.43521,30.00000,0.85000,0.08000,0.88567,0.34777,25.01393,0.03715,0.03293,0.10475,25.01091,0.03714,383.00000,244.00000,139.00000
K2TiGaSe3Br3,1.50786,-1.59836,1.40362,30.00000,0.83263,0.41000,0.98844,0.31091,24.49888,0.03760,0.03344,0.04918,25.06566,0.03715,387.00000,477.00000,-90.00000
Na2WSbSe3F3,1.54680,-1.76152,0.33217,30.00000,0.78078,1.43000,0.95593,0.36474,22.73411,0.03893,0.03435,0.05117,24.75814,0.03715,387.00000,961.00000,-574.00000
Na2VZnS3Br3,1.22013,-1.25331,0.07822,30.00000,0.84063,0.38000,0.91590,0.33684,24.60752,0.03742,0.03307,0.12515,24.97073,0.03715,387.00000,395.00000,-8.00000
K2MnGaS3Se3,1.28833,-1.12166,1.75209,30.00000,0.85000,0.03000,0.98731,0.33115,25.25361,0.03718,0.03308,0.07426,25.30879,0.03715,387.00000,256.00000,131.00000
K2NbFeSe3Br3,1.23608,-1.37820,0.23094,30.00000,0.84893,0.41000,0.97709,0.32614,24.96773,0.03715,0.03292,0.10625,24.97658,0.03715,387.00000,242.00000,145.00000
K2SnVSe3F3,1.54057,-2.13903,0.31861,30.00000,0.79279,1.43000,1.02781,0.37386,23.12958,0.03857,0.03409,0.05057,24.81025,0.03715,387.00000,858.00000,-471.00000
Na2VFeO3I3,1.53056,-1.73019,0.49416,30.00000,0.80567,0.78000,0.94281,0.32917,23.57857,0.03820,0.03385,0.05000,24.86416,0.03715,387.00000,750.00000,-363.00000
Na2WBiS3I3,1.53548,-0.96432,0.42973,30.00000,0.85000,0.08000,0.89305,0.33663,24.87963,0.03714,0.03301,0.04825,24.84682,0.03715,387.00000,235.00000,152.00000
Na2ZrSbO3Br3,1.54809,-1.97345,0.15284,30.00000,0.85000,0.48000,0.92770,0.39286,24.78885,0.03715,0.03299,0.04827,24.77414,0.03715,387.00000,245.00000,142.00000
K2WMnS3Se3,1.54317,-1.12299,0.26434,30.00000,0.85000,0.03000,0.99121,0.32592,24.82557,0.03715,0.03300,0.04826,24.77011,0.03715,387.00000,247.00000,140.00000
Na2SnBiO3I3,1.54301,-1.27072,0.46337,30.00000,0.84260,0.78000,0.89333,0.40278,24.60449,0.03736,0.03316,0.04859,24.79797,0.03715,387.00000,367.00000,20.00000
K2WAgO3Br3,1.41844,-1.49225,2.28450,30.00000,0.85000,0.48000,0.95625,0.46131,25.35386,0.03711,0.03313,0.05083,25.29032,0.03715,387.00000,224.00000,163.00000
K2MoWSe6,1.24619,-1.07038,0.40067,30.00000,0.85000,0.00000,0.99407,0.30051,25.06812,0.03711,0.03291,0.09740,25.05552,0.03715,387.00000,223.00000,164.00000
Na2SnVSe3I3,1.24622,-0.98815,0.51296,30.00000,0.81370,0.11000,0.90970,0.29426,23.96625,0.03802,0.03360,0.10085,25.05941,0.03715,387.00000,679.00000,-292.00000
Na2FeSbO3Br3,1.54365,-1.43673,0.12723,30.00000,0.85000,0.48000,0.94281,0.37054,24.82432,0.03713,0.03298,0.04823,24.76018,0.03716,401.00000,229.00000,172.00000
Na2ZrWSe6,1.24885,-1.26358,0.35339,30.00000,0.85000,0.00000,0.90263,0.33333,25.08372,0.03709,0.03290,0.09512,25.00906,0.03716,401.00000,215.00000,186.00000
Na2NbSbO3Se3,1.53030,-1.60629,0.37107,30.00000,0.83201,0.89000,0.94281,0.36686,24.37207,0.03752,0.03333,0.04890,24.84241,0.03716,401.00000,437.00000,-36.00000
Na2SbAgCl3I3,1.32602,-1.01711,2.30011,30.00000,0.83352,0.50000,0.86354,0.38653,24.84979,0.03757,0.03344,0.06358,25.35177,0.03716,401.00000,464.00000,-63.00000
Na2MnGaO3Br3,1.46688,-1.65184,1.80955,30.00000,0.85000,0.48000,0.93873,0.37649,25.20411,0.03712,0.03310,0.04904,25.17512,0.03716,401.00000,225.00000,176.00000
Na2MoSbSe3Cl3,1.22984,-1.12372,0.37116,30.00000,0.80099,0.61000,0.93287,0.31398,23.48295,0.03841,0.03386,0.11786,24.99276,0.03717,406.00000,802.00000,-396.00000
K2TiCrO3Cl3,1.55172,-2.20473,0.04987,30.00000,0.85000,0.28000,1.03592,0.38006,24.76640,0.03715,0.03298,0.04825,24.73215,0.03717,406.00000,246.00000,160.00000
K2MnSbCl3I3,1.23896,-1.33977,0.44403,30.00000,0.82229,0.50000,0.98093,0.31047,24.17639,0.03781,0.03344,0.10633,24.99622,0.03717,406.00000,590.00000,-184.00000
Na2TiGaS3I3,1.48903,-1.25540,1.70588,30.00000,0.83193,0.08000,0.91595,0.30322,24.57308,0.03761,0.03346,0.04942,25.12171,0.03717,406.00000,479.00000,-73.00000
K2MoGaSe3I3,1.28019,-1.04454,1.46193,30.00000,0.83436,0.11000,0.97867,0.28947,24.75019,0.03752,0.03333,0.07854,25.18252,0.03717,406.00000,439.00000,-33.00000
K2WBiS3I3,1.53916,-1.08884,0.42320,30.00000,0.85000,0.08000,0.95852,0.33663,24.85397,0.03716,0.03302,0.04827,24.80970,0.03717,406.00000,250.00000,156.00000
K2MoSbS3I3,1.24554,-0.98366,0.51350,30.00000,0.84525,0.08000,0.98968,0.29455,24.91798,0.03724,0.03301,0.09833,25.04253,0.03717,406.00000,300.00000,106.00000
K2VCuSe3Br3,1.23356,-1.28615,0.22586,30.00000,0.84506,0.41000,0.97991,0.32234,24.84208,0.03725,0.03300,0.10892,24.95068,0.03717,406.00000,306.00000,100.00000
Na2TaZnS3I3,1.53215,-1.15683,0.78734,30.00000,0.85000,0.08000,0.88975,0.34158,24.89938,0.03718,0.03306,0.04833,24.88484,0.03717,406.00000,258.00000,148.00000
K2MoGaSe3Cl3,1.48686,-1.40279,1.69725,30.00000,0.82295,0.61000,0.99985,0.31926,24.31295,0.03781,0.03362,0.04979,25.11384,0.03718,415.00000,591.00000,-176.00000
Na2WAgO3Br3,1.43004,-1.39499,2.38996,30.00000,0.85000,0.48000,0.88424,0.46131,25.32253,0.03716,0.03315,0.05037,25.27827,0.03718,415.00000,249.00000,166.00000
K2TaZnO3I3,1.52876,-1.79243,0.80698,30.00000,0.85000,0.78000,0.97689,0.38333,24.92133,0.03716,0.03306,0.04831,24.92208,0.03718,415.00000,253.00000,162.00000
Na2MnGaSe3Cl3,1.28794,-1.30415,1.80274,30.00000,0.81617,0.61000,0.91903,0.33377,24.21145,0.03800,0.03372,0.07660,25.24990,0.03718,415.00000,674.00000,-259.00000
K2ZrGaSe3I3,1.51014,-1.40192,1.41777,30.00000,0.85000,0.11000,0.95562,0.32057,25.01588,0.03720,0.03312,0.04850,24.98796,0.03718,415.00000,270.00000,145.00000
Li2MoGaS3Br3,1.47961,-1.18356,1.74216,30.00000,0.62773,0.38000,0.75086,0.31842,18.42936,0.04417,0.03845,0.06089,25.14483,0.03718,415.00000,1906.00000,-1491.00000
K2NbFeSe3Cl3,1.23005,-1.51412,0.27187,30.00000,0.84392,0.61000,0.98507,0.33905,24.78646,0.03732,0.03303,0.11267,24.98967,0.03719,421.00000,338.00000,83.00000
K2SbAgO3Se3,1.41651,-1.22506,2.70366,30.00000,0.85000,0.89000,0.95524,0.45858,25.35891,0.03718,0.03319,0.05104,25.33019,0.03719,421.00000,263.00000,158.00000
Na2NbFeSe3Cl3,1.22527,-1.36198,0.27394,30.00000,0.81965,0.61000,0.91541,0.33905,24.00978,0.03794,0.03349,0.12101,24.95993,0.03719,421.00000,645.00000,-224.00000
K2ZrGaSe3Br3,1.50459,-1.64643,1.34014,30.00000,0.85000,0.41000,0.96691,0.34010,25.03680,0.03717,0.03311,0.04850,25.01528,0.03719,421.00000,254.00000,167.00000
Na2WGaSe3Br3,1.50989,-1.14439,1.26902,30.00000,0.80965,0.41000,0.92088,0.30964,23.80362,0.03816,0.03387,0.05009,24.94531,0.03719,421.00000,731.00000,-310.00000
Na2VZnO3Br3,1.55789,-1.73462,0.07451,30.00000,0.85000,0.48000,0.93570,0.38095,24.72685,0.03719,0.03300,0.04832,24.70704,0.03719,421.00000,265.00000,156.00000
Na2SnTaSe3Cl3,1.53744,-1.46008,0.69054,30.00000,0.82663,0.61000,0.90736,0.35092,24.16484,0.03775,0.03348,0.04926,24.82651,0.03719,421.00000,560.00000,-139.00000
Na2ZrCrO3Cl3,1.55900,-2.12918,0.07088,30.00000,0.85000,0.28000,0.93192,0.41589,24.71644,0.03719,0.03300,0.04832,24.67584,0.03719,421.00000,267.00000,154.00000
Na2VMnSe3Cl3,1.23217,-1.42923,0.26191,30.00000,0.79986,0.61000,0.93381,0.31266,23.46576,0.03839,0.03386,0.11540,24.94292,0.03719,421.00000,801.00000,-380.00000
K2CrAgO3I3,1.39197,-1.40529,2.56412,30.00000,0.85000,0.78000,0.94190,0.43472,25.38612,0.03715,0.03316,0.05253,25.31481,0.03720,430.00000,241.00000,189.00000
K2ZrBiSe3I3,1.54931,-1.35764,0.46865,30.00000,0.85000,0.11000,0.93198,0.35407,24.78268,0.03721,0.03304,0.04836,24.76438,0.03720,430.00000,281.00000,149.00000
K2MoAgO3I3,1.34104,-1.33602,2.48922,30.00000,0.85000,0.78000,0.94648,0.42778,25.39942,0.03718,0.03315,0.05934,25.31664,0.03720,430.00000,259.00000,171.00000
K2VMnSe3Cl3,1.22477,-1.54861,0.26042,30.00000,0.81511,0.61000,1.00487,0.31266,23.86884,0.03806,0.03357,0.12215,24.94136,0.03720,430.00000,691.00000,-261.00000
Na2MnZnF3I3,1.54496,-2.02362,0.44436,30.00000,0.79348,1.32000,0.90862,0.39459,23.12389,0.03860,0.03411,0.05061,24.78238,0.03720,430.00000,867.00000,-437.00000
Na2NbFeSe3Br3,1.22568,-1.26413,0.23063,30.00000,0.82206,0.41000,0.90943,0.32614,24.08700,0.03787,0.03344,0.12024,24.91541,0.03720,430.00000,610.00000,-180.00000
Na2MoFeS3I3,1.23001,-0.97186,0.49455,30.00000,0.83397,0.08000,0.91421,0.30569,24.48138,0.03759,0.03324,0.11409,24.96282,0.03721,436.00000,472.00000,-36.00000
K2CrAgO3Br3,1.39461,-1.57428,2.76586,30.00000,0.85000,0.48000,0.95334,0.46577,25.37979,0.03718,0.03319,0.05241,25.33943,0.03721,436.00000,260.00000,176.00000
K2FeCuF3I3,1.23333,-1.94588,0.44197,30.00000,0.81959,1.32000,0.98286,0.39174,24.06928,0.03791,0.03350,0.11192,24.98584,0.03721,436.00000,630.00000,-194.00000
Na2TiBiS3I3,1.55074,-1.05964,0.44206,30.00000,0.85000,0.08000,0.89222,0.33787,24.77239,0.03722,0.03304,0.04837,24.78470,0.03721,436.00000,283.00000,153.00000
Na2CrMnO3Br3,1.56101,-1.72278,0.03206,30.00000,0.85000,0.48000,0.93975,0.37500,24.69812,0.03719,0.03300,0.04834,24.65815,0.03721,436.00000,266.00000,170.00000
K2MnZnI6,1.23378,-1.10856,0.56098,30.00000,0.85000,0.00000,0.93873,0.31477,24.99084,0.03720,0.03296,0.10850,24.97832,0.03721,436.00000,269.00000,167.00000
Na2MoAgO3I3,1.32635,-1.30851,2.59614,30.00000,0.84515,0.78000,0.87769,0.42778,25.20927,0.03734,0.03327,0.06296,25.34802,0.03721,436.00000,356.00000,80.00000
Na2TiCrS3I3,1.22797,-1.31102,0.44528,30.00000,0.83089,0.08000,0.91682,0.30198,24.37201,0.03767,0.03330,0.11661,24.93071,0.03721,436.00000,523.00000,-87.00000
K2VNbS3Se3,1.21816,-1.29046,0.32846,30.00000,0.85000,0.03000,1.00409,0.30890,24.88004,0.03725,0.03294,0.12728,24.91777,0.03721,436.00000,305.00000,131.00000
Na2TaMnSe3Br3,1.23728,-1.39283,0.59113,30.00000,0.82206,0.41000,0.90943,0.32614,24.16333,0.03785,0.03347,0.10778,24.99938,0.03721,436.00000,604.00000,-168.00000
K2VCuS3I3,1.22459,-1.13909,0.45943,30.00000,0.85000,0.08000,0.97477,0.31436,24.92576,0.03724,0.03296,0.11867,24.93030,0.03721,436.00000,297.00000,139.00000
Na2SnTaS3Br3,1.54876,-1.27722,0.56365,30.00000,0.84848,0.38000,0.90697,0.35000,24.73881,0.03726,0.03308,0.04843,24.75877,0.03722,447.00000,313.00000,134.00000
Na2WSbO3Br3,1.55517,-1.40960,0.18294,30.00000,0.85000,0.48000,0.95211,0.35714,24.74356,0.03719,0.03301,0.04832,24.72751,0.03722,447.00000,268.00000,179.00000
Na2CrWO3I3,1.55226,-1.53287,0.45132,30.00000,0.81216,0.78000,0.93693,0.33750,23.63684,0.03815,0.03375,0.04987,24.72011,0.03722,447.00000,728.00000,-281.00000
K2ZrCrS3I3,1.22610,-1.35844,0.43012,30.00000,0.85000,0.08000,0.96298,0.33045,24.94060,0.03723,0.03295,0.11691,24.97920,0.03722,447.00000,287.00000,160.00000
Na2WFeS3I3,1.54923,-1.01896,0.42268,30.00000,0.83596,0.08000,0.91248,0.30817,24.36511,0.03754,0.03329,0.04889,24.72138,0.03722,447.00000,450.00000,-3.00000
K2CuZnF3I3,1.22102,-1.96043,0.43799,30.00000,0.83400,1.32000,0.96411,0.41880,24.41358,0.03764,0.03324,0.12490,24.94258,0.03723,452.00000,503.00000,-51.00000
K2MoWO3Se3,1.55062,-1.49693,0.35593,30.00000,0.82653,0.89000,1.03049,0.35207,24.07428,0.03776,0.03345,0.04924,24.76362,0.03723,452.00000,562.00000,-110.00000
Na2ZrBiSe3I3,1.55837,-1.21266,0.47637,30.00000,0.85000,0.11000,0.86952,0.35407,24.72193,0.03726,0.03306,0.04843,24.69919,0.03723,452.00000,314.00000,138.00000
Na2SnGaSe3I3,1.50323,-0.92315,1.43676,30.00000,0.82853,0.11000,0.89644,0.31340,24.39646,0.03769,0.03351,0.04938,25.02405,0.03723,452.00000,533.00000,-81.00000
Na2VTaS6,1.53805,-1.41261,0.78336,30.00000,0.85000,0.00000,0.93990,0.32065,24.86428,0.03722,0.03307,0.04837,24.80756,0.03723,452.00000,284.00000,168.00000
K2SnSbS3Br3,1.56513,-1.05601,0.17380,30.00000,0.85000,0.38000,0.98356,0.33947,24.67441,0.03724,0.03303,0.04838,24.65037,0.03723,452.00000,293.00000,159.00000
K2VCuSe3I3,1.22759,-1.07588,0.50185,30.00000,0.85000,0.11000,0.96789,0.30383,24.95135,0.03723,0.03296,0.11524,24.92487,0.03724,458.00000,290.00000,168.00000
Na2ZrInS3I3,1.52170,-1.35252,1.49131,30.00000,0.85000,0.08000,0.86735,0.37624,24.95755,0.03725,0.03315,0.04851,24.91722,0.03724,458.00000,307.00000,151.00000
K2MoFeSe3Br3,1.22416,-1.22738,0.26161,30.00000,0.83550,0.41000,0.98653,0.31345,24.48171,0.03755,0.03319,0.12066,24.93557,0.03724,458.00000,460.00000,-2.00000
K2MnGaS3Br3,1.26531,-1.29411,1.56375,30.00000,0.85000,0.38000,0.98841,0.33289,25.16352,0.03721,0.03307,0.08503,25.13134,0.03724,458.00000,282.00000,176.00000
Na2MoGaSe3I3,1.26731,-0.95974,1.50950,30.00000,0.80950,0.11000,0.91307,0.28947,23.93600,0.03819,0.03382,0.08713,25.14593,0.03724,458.00000,742.00000,-284.00000
K2CrMoO3Br3,1.56032,-1.66726,0.16384,30.00000,0.85000,0.48000,1.02852,0.35863,24.70447,0.03721,0.03302,0.04837,24.65555,0.03724,458.00000,280.00000,178.00000
Na2VMnS3I3,1.22893,-1.16765,0.46694,30.00000,0.82324,0.08000,0.92296,0.29332,24.15002,0.03786,0.03344,0.11651,24.93430,0.03724,458.00000,606.00000,-148.00000
K2VMnO3Br3,1.57053,-2.00401,0.08550,30.00000,0.85000,0.48000,1.03304,0.35268,24.63196,0.03725,0.03303,0.04842,24.64934,0.03724,458.00000,308.00000,150.00000
K2MnGaSe6,1.25889,-1.07541,1.53412,30.00000,0.85000,0.00000,0.97980,0.31944,25.12942,0.03724,0.03307,0.08889,25.12431,0.03724,458.00000,294.00000,164.00000
Na2MnSbCl3I3,1.22654,-1.23235,0.45341,30.00000,0.79747,0.50000,0.91365,0.31047,23.35411,0.03854,0.03395,0.12214,24.95015,0.03724,458.00000,847.00000,-389.00000
Na2CrMnO6,1.55846,-2.03263,0.02488,30.00000,0.85000,0.00000,0.97184,0.45000,24.72072,0.03718,0.03299,0.04831,24.63795,0.03725,468.00000,261.00000,207.00000
Na2NbZnSe3Br3,1.21707,-1.23265,0.22983,30.00000,0.83609,0.41000,0.89319,0.35025,24.44592,0.03758,0.03318,0.12997,24.91843,0.03725,468.00000,465.00000,3.00000
Na2MoSbS3I3,1.22316,-0.90632,0.52551,30.00000,0.82437,0.08000,0.92208,0.29455,24.14244,0.03788,0.03344,0.12332,24.95133,0.03725,468.00000,613.00000,-145.00000
K2TaCuO3Cl3,1.54463,-2.04291,0.73468,30.00000,0.85000,0.28000,1.00199,0.42679,24.81677,0.03724,0.03307,0.04841,24.79467,0.03725,468.00000,299.00000,169.00000
Na2VCuSe3Cl3,1.21682,-1.26941,0.27011,30.00000,0.81707,0.61000,0.91812,0.33509,23.87177,0.03806,0.03355,0.13246,24.88203,0.03725,468.00000,690.00000,-222.00000
K2MoSbS3Br3,1.22315,-1.15931,0.22375,30.00000,0.83875,0.38000,1.00327,0.31316,24.57458,0.03747,0.03313,0.12151,24.85471,0.03725,468.00000,417.00000,51.00000
K2NbFeS3Br3,1.21745,-1.38661,0.11277,30.00000,0.85000,0.38000,0.98453,0.33816,24.87191,0.03722,0.03291,0.12805,24.85688,0.03725,468.00000,286.00000,182.00000
K2MoAgO3Br3,1.31411,-1.45872,2.65687,30.00000,0.85000,0.48000,0.95820,0.45833,25.32579,0.03726,0.03320,0.06590,25.31062,0.03726,475.00000,309.00000,166.00000
K2SnCrS3I3,1.22260,-1.05602,0.43743,30.00000,0.85000,0.08000,0.96839,0.32302,24.91365,0.03725,0.03295,0.12104,24.92815,0.03726,475.00000,304.00000,171.00000
Na2SnBiS3I3,1.55940,-0.90073,0.44351,30.00000,0.85000,0.08000,0.87841,0.35891,24.71310,0.03726,0.03305,0.04843,24.68092,0.03726,475.00000,310.00000,165.00000
Na2TiGaSe3Br3,1.52199,-1.43445,1.46231,30.00000,0.81069,0.41000,0.91999,0.31091,23.77301,0.03821,0.03389,0.05006,24.92498,0.03726,475.00000,757.00000,-282.00000
Na2CrMnO3I3,1.56283,-1.59062,0.46352,30.00000,0.82075,0.78000,0.92826,0.35000,23.82237,0.03799,0.03361,0.04963,24.70555,0.03726,475.00000,669.00000,-194.00000
Na2SbAgO3Se3,1.43851,-1.20211,2.84542,30.00000,0.85000,0.89000,0.88352,0.45858,25.29352,0.03724,0.03322,0.05022,25.27012,0.03726,475.00000,301.00000,174.00000
Na2MnGaSe3Br3,1.25496,-1.22286,1.44284,30.00000,0.81849,0.41000,0.91292,0.32107,24.14761,0.03802,0.03364,0.09428,25.07283,0.03726,475.00000,680.00000,-205.00000
Na2ZrCrO3S3,1.56920,-2.03271,0.08793,30.00000,0.85000,0.86000,0.93044,0.41204,24.64397,0.03724,0.03303,0.04839,24.62243,0.03726,475.00000,302.00000,173.00000
K2ZrSbS3I3,1.55912,-1.32795,0.45842,30.00000,0.85000,0.08000,0.96568,0.32673,24.71591,0.03726,0.03306,0.04843,24.70162,0.03726,475.00000,312.00000,163.00000
K2ZrCrO3Se3,1.55452,-2.05955,0.26856,30.00000,0.85000,0.89000,0.99880,0.39497,24.74660,0.03720,0.03302,0.04834,24.66188,0.03727,484.00000,271.00000,213.00000
Na2CrAgO3Br3,1.36564,-1.52014,2.93091,30.00000,0.85000,0.48000,0.88155,0.46577,25.40209,0.03723,0.03321,0.05555,25.33604,0.03727,484.00000,288.00000,196.00000
Na2MoAgO3Br3,1.30884,-1.39274,2.80189,30.00000,0.85000,0.48000,0.88605,0.45833,25.31587,0.03730,0.03322,0.06750,25.27687,0.03727,484.00000,330.00000,154.00000
Na2NbTaSe6,1.23161,-1.15316,0.73703,30.00000,0.85000,0.00000,0.90952,0.32323,24.98097,0.03724,0.03299,0.11084,24.94491,0.03727,484.00000,298.00000,186.00000
Na2SnCuO3Se3,1.21057,-1.33623,0.29011,30.00000,0.85000,0.89000,0.90745,0.42012,24.81954,0.03729,0.03295,0.13706,24.81952,0.03727,484.00000,328.00000,156.00000
Na2NbFeS3Br3,1.20636,-1.24944,0.10520,30.00000,0.84148,0.38000,0.91500,0.33816,24.53092,0.03749,0.03309,0.14428,24.79844,0.03727,484.00000,423.00000,61.00000
Na2WInSe3I3,1.52581,-1.00238,1.26733,30.00000,0.84161,0.11000,0.88198,0.33493,24.68533,0.03743,0.03327,0.04875,24.89179,0.03727,484.00000,398.00000,86.00000
Li2MoWS6,1.56670,-1.09854,0.26404,30.00000,0.67860,0.00000,0.75502,0.32337,19.58081,0.04230,0.03685,0.05672,24.65784,0.03728,491.00000,1695.00000,-1204.00000
K2VCuO3F3,1.20883,-2.60697,0.13347,30.00000,0.85000,0.54000,1.06421,0.46863,24.80439,0.03728,0.03293,0.13940,24.81272,0.03728,491.00000,319.00000,172.00000
K2MnGaS3I3,1.25454,-1.13246,1.61521,30.00000,0.85000,0.08000,0.97569,0.31312,25.11029,0.03728,0.03308,0.09179,25.11498,0.03728,491.00000,320.00000,171.00000
K2NbMnO3I3,1.56525,-2.03292,0.48006,30.00000,0.84537,0.78000,0.99588,0.35694,24.53544,0.03740,0.03316,0.04864,24.68168,0.03728,491.00000,388.00000,103.00000
Na2SnVSe3Cl3,1.21682,-1.38235,0.29431,30.00000,0.80951,0.61000,0.92544,0.32454,23.64501,0.03826,0.03370,0.13343,24.85861,0.03728,491.00000,768.00000,-277.00000
Na2VMnS3Br3,1.20628,-1.34162,0.07817,30.00000,0.82166,0.38000,0.93335,0.31184,23.93304,0.03798,0.03346,0.14704,24.81065,0.03728,491.00000,665.00000,-174.00000
Na2MoGaSe3Br3,1.24431,-1.13460,1.44757,30.00000,0.80754,0.41000,0.92267,0.30711,23.76715,0.03835,0.03387,0.10374,25.09161,0.03728,491.00000,791.00000,-300.00000
Na2MnInO6,1.47998,-2.09610,2.56803,30.00000,0.85000,0.00000,0.92948,0.51607,25.16082,0.03729,0.03323,0.04898,25.09233,0.03729,498.00000,326.00000,172.00000
Na2FeMnO3Cl3,1.57913,-1.67729,0.00925,30.00000,0.85000,0.28000,0.94124,0.40187,24.54930,0.03730,0.03304,0.04848,24.53844,0.03729,498.00000,329.00000,169.00000
Na2SnCrSe3I3,1.21965,-0.98505,0.49006,30.00000,0.82770,0.11000,0.89726,0.31220,24.21005,0.03781,0.03337,0.12746,24.89617,0.03729,498.00000,587.00000,-89.00000
K2NbSbS6,1.56842,-1.07260,0.24009,30.00000,0.85000,0.00000,1.00030,0.33696,24.65190,0.03727,0.03305,0.04843,24.58762,0.03729,498.00000,316.00000,182.00000
K2VTaS6,1.55506,-1.43739,0.74835,30.00000,0.85000,0.00000,1.01265,0.32065,24.74437,0.03729,0.03309,0.04848,24.69066,0.03730,502.00000,327.00000,175.00000
K2SnTaSe3Cl3,1.55704,-1.60332,0.67029,30.00000,0.85000,0.61000,0.97642,0.35092,24.73333,0.03729,0.03308,0.04848,24.71798,0.03730,502.00000,324.00000,178.00000
Na2ZrCrO3I3,1.57329,-2.00858,0.46492,30.00000,0.83212,0.78000,0.91415,0.37083,24.07561,0.03777,0.03342,0.04927,24.59746,0.03730,502.00000,568.00000,-66.00000
Na2MoWSe6,1.21046,-0.99799,0.40725,30.00000,0.84178,0.00000,0.92542,0.30051,24.56869,0.03751,0.03312,0.13819,24.85374,0.03730,502.00000,431.00000,71.00000
Na2ZrGaSe3I3,1.54023,-1.30215,1.46389,30.00000,0.83331,0.11000,0.89157,0.32057,24.34847,0.03774,0.03347,0.04919,24.86408,0.03730,502.00000,557.00000,-55.00000
Na2CrMnO3Se3,1.57593,-1.55948,0.25271,30.00000,0.83545,0.89000,0.93875,0.37278,24.14659,0.03766,0.03333,0.04910,24.56463,0.03730,502.00000,517.00000,-15.00000
K2VZnS3Br3,1.20303,-1.37460,0.08788,30.00000,0.85000,0.38000,0.98550,0.33684,24.76955,0.03731,0.03294,0.14896,24.80094,0.03731,508.00000,334.00000,174.00000
Na2NbMnSe3Cl3,1.21002,-1.41400,0.27592,30.00000,0.81965,0.61000,0.91541,0.33905,23.89281,0.03804,0.03351,0.14135,24.82672,0.03731,508.00000,683.00000,-175.00000
K2TiFeSe3Br3,1.20016,-1.45307,0.18936,30.00000,0.83969,0.41000,0.98368,0.31726,24.43969,0.03759,0.03314,0.15545,24.78526,0.03731,508.00000,473.00000,35.00000
Na2ZrCrO3Se3,1.57308,-2.12149,0.27068,30.00000,0.84566,0.89000,0.92381,0.39497,24.47586,0.03740,0.03314,0.04867,24.60694,0.03731,508.00000,389.00000,119.00000
K2SnVSe3I3,1.21292,-1.07908,0.50270,30.00000,0.84006,0.11000,0.97505,0.29426,24.53479,0.03755,0.03316,0.13538,24.84451,0.03732,512.00000,459.00000,53.00000
K2VFeO3Cl3,1.57926,-1.99708,0.09448,30.00000,0.85000,0.28000,1.04417,0.36916,24.54958,0.03731,0.03305,0.04850,24.52366,0.03732,512.00000,335.00000,177.00000
K2TiInS3I3,1.53887,-1.35779,1.50363,30.00000,0.85000,0.08000,0.95060,0.34777,24.85674,0.03735,0.03317,0.04857,24.82928,0.03732,512.00000,358.00000,154.00000
Na2MnInS3I3,1.24143,-1.04695,1.54390,30.00000,0.85000,0.08000,0.87921,0.35767,25.03579,0.03733,0.03308,0.10228,25.05279,0.03732,512.00000,347.00000,165.00000
K2TaSbS6,1.56380,-1.12697,0.71378,30.00000,0.85000,0.00000,1.00030,0.33696,24.68033,0.03732,0.03311,0.04852,24.68484,0.03732,512.00000,345.00000,167.00000
Na2SnFeO3Se3,1.57370,-1.36757,0.28028,30.00000,0.84566,0.89000,0.92381,0.39497,24.47121,0.03741,0.03315,0.04869,24.58773,0.03733,517.00000,391.00000,126.00000
Na2MoFeO3Br3,1.58193,-1.55537,0.14986,30.00000,0.85000,0.48000,0.94486,0.36756,24.52667,0.03734,0.03307,0.04855,24.53744,0.03733,517.00000,350.00000,167.00000
Na2NbSbS6,1.57499,-1.06236,0.24028,30.00000,0.85000,0.00000,0.92844,0.33696,24.58689,0.03731,0.03307,0.04853,24.53950,0.03733,517.00000,333.00000,184.00000
Na2SbZnO3I3,1.20531,-1.18253,0.48678,30.00000,0.83275,0.78000,0.91323,0.37222,24.25940,0.03778,0.03331,0.14767,24.82491,0.03733,517.00000,577.00000,-60.00000
Na2SnGaO3I3,1.53490,-1.40661,1.68850,30.00000,0.82874,0.78000,0.91881,0.36389,24.24502,0.03786,0.03359,0.04943,24.85450,0.03733,517.00000,607.00000,-90.00000
K2ZrInSe3Br3,1.54175,-1.64960,1.23318,30.00000,0.85000,0.41000,0.93504,0.38579,24.83518,0.03731,0.03314,0.04852,24.77989,0.03733,517.00000,336.00000,181.00000
K2ZrFeO3Br3,1.59033,-2.05173,0.06954,30.00000,0.85000,0.48000,0.99369,0.40625,24.45621,0.03738,0.03307,0.04861,24.47619,0.03733,517.00000,377.00000,140.00000
Na2MoFeSe3Br3,1.20487,-1.08680,0.26276,30.00000,0.81272,0.41000,0.91821,0.31345,23.65099,0.03825,0.03366,0.15021,24.83582,0.03733,517.00000,764.00000,-247.00000
K2NbZnO3I3,1.57839,-1.78047,0.47377,30.00000,0.85000,0.78000,0.97689,0.38333,24.55419,0.03737,0.03311,0.04862,24.57416,0.03733,517.00000,371.00000,146.00000
K2MnGaS6,1.51630,-1.17675,2.12525,30.00000,0.85000,0.00000,0.99524,0.34375,24.98603,0.03734,0.03324,0.04867,24.96975,0.03734,526.00000,357.00000,169.00000
Na2SnWS3Se3,1.57543,-1.00745,0.29195,30.00000,0.85000,0.03000,0.91329,0.33770,24.58286,0.03732,0.03307,0.04854,24.54767,0.03734,526.00000,343.00000,183.00000
K2NbTaS3Se3,1.56284,-1.27925,0.72038,30.00000,0.85000,0.03000,0.98440,0.33508,24.68645,0.03732,0.03311,0.04854,24.66692,0.03734,526.00000,340.00000,186.00000
K2TiWS6,1.58636,-1.48914,0.14950,30.00000,0.85000,0.00000,1.00746,0.32745,24.49398,0.03737,0.03307,0.04859,24.53812,0.03734,526.00000,369.00000,157.00000
K2ZrFeSe3I3,1.21073,-1.30684,0.46934,30.00000,0.85000,0.11000,0.95131,0.32656,24.82031,0.03732,0.03298,0.13712,24.81237,0.03734,526.00000,342.00000,184.00000
Na2SnCrO3I3,1.56678,-1.45421,0.47165,30.00000,0.82801,0.78000,0.91974,0.36250,24.00895,0.03783,0.03348,0.04934,24.58151,0.03735,531.00000,596.00000,-65.00000
Na2WBiO3Br3,1.57870,-1.41624,0.18252,30.00000,0.85000,0.48000,0.91984,0.40476,24.55073,0.03732,0.03307,0.04854,24.51131,0.03735,531.00000,344.00000,187.00000
Na2VCuS3Br3,1.19688,-1.19566,0.08967,30.00000,0.83889,0.38000,0.91770,0.33421,24.39254,0.03762,0.03315,0.16032,24.68755,0.03735,531.00000,486.00000,45.00000
K2TiMoS3Se3,1.20652,-1.37623,0.33406,30.00000,0.85000,0.03000,1.00109,0.31283,24.79272,0.03733,0.03297,0.14375,24.79756,0.03735,531.00000,348.00000,183.00000
K2NbTaO6,1.55802,-2.95062,0.85632,30.00000,0.85000,0.00000,1.05373,0.45714,24.72562,0.03733,0.03311,0.04855,24.66585,0.03735,531.00000,346.00000,185.00000
Na2MnInO3Cl3,1.52425,-1.82849,2.16434,30.00000,0.85000,0.28000,0.90990,0.45016,24.94578,0.03738,0.03325,0.04867,24.94684,0.03735,531.00000,380.00000,151.00000
Na2SnCrO3Br3,1.58991,-1.65080,0.09701,30.00000,0.85000,0.48000,0.93068,0.38839,24.45888,0.03738,0.03307,0.04861,24.45488,0.03736,537.00000,378.00000,159.00000
K2ZrCrO3S3,1.58556,-2.07101,0.10110,30.00000,0.85000,0.86000,1.00772,0.41204,24.49991,0.03735,0.03306,0.04858,24.51692,0.03736,537.00000,365.00000,172.00000
Na2NbZnO3Br3,1.58349,-1.81068,0.10579,30.00000,0.85000,0.48000,0.91596,0.41071,24.51587,0.03734,0.03306,0.04856,24.48275,0.03736,537.00000,353.00000,184.00000
K2WAgO3I3,1.51352,-1.37022,2.20105,30.00000,0.85000,0.78000,0.94464,0.43056,24.99757,0.03735,0.03324,0.04872,24.96190,0.03736,537.00000,359.00000,178.00000
K2CrMoS3Se3,1.20529,-1.18829,0.33286,30.00000,0.85000,0.03000,0.99910,0.31545,24.78492,0.03734,0.03297,0.14501,24.77363,0.03736,537.00000,352.00000,185.00000
Na2CrWSe6,1.20857,-1.08663,0.35226,30.00000,0.84724,0.00000,0.92095,0.30682,24.71867,0.03738,0.03302,0.14033,24.80011,0.03736,537.00000,379.00000,158.00000
Na2TiGaS3Br3,1.52631,-1.39952,1.67597,30.00000,0.83031,0.38000,0.92592,0.32237,24.34168,0.03778,0.03355,0.04931,24.86724,0.03737,543.00000,576.00000,-33.00000
Na2SnVSe3Br3,1.20077,-1.31963,0.24839,30.00000,0.81171,0.41000,0.91910,0.31218,23.59846,0.03830,0.03369,0.15759,24.74043,0.03737,543.00000,781.00000,-238.00000
Na2ZrInO3I3,1.54231,-2.04310,1.58891,30.00000,0.84500,0.78000,0.88112,0.42222,24.68171,0.03750,0.03328,0.04881,24.83224,0.03737,543.00000,426.00000,117.00000
K2SnGaSe3Br3,1.54724,-1.24194,1.31362,30.00000,0.85000,0.41000,0.97244,0.33249,24.79693,0.03735,0.03315,0.04858,24.73757,0.03738,546.00000,362.00000,184.00000
Na2VMnSe3I3,1.21062,-1.16220,0.51024,30.00000,0.80398,0.11000,0.91733,0.28349,23.42455,0.03848,0.03386,0.14296,24.81710,0.03738,546.00000,831.00000,-285.00000
Na2NbMnSe3Br3,1.20044,-1.33628,0.23216,30.00000,0.82206,0.41000,0.90943,0.32614,23.90923,0.03804,0.03348,0.15681,24.71170,0.03738,546.00000,684.00000,-138.00000
Na2MnSbS3I3,1.20646,-0.88275,0.46710,30.00000,0.83596,0.08000,0.91248,0.30817,24.36708,0.03769,0.03324,0.14531,24.77964,0.03738,546.00000,536.00000,10.00000
K2VCuSe3Cl3,1.19706,-1.40287,0.26814,30.00000,0.84003,0.61000,0.98799,0.33509,24.42747,0.03762,0.03315,0.15992,24.73456,0.03738,546.00000,489.00000,57.00000
Na2ZrFeO3Cl3,1.58627,-2.09069,0.05919,30.00000,0.85000,0.28000,0.92581,0.42523,24.49448,0.03735,0.03306,0.04857,24.43462,0.03738,546.00000,364.00000,182.00000
K2VCuS3Br3,1.19837,-1.29741,0.09867,30.00000,0.85000,0.38000,0.98744,0.33421,24.73631,0.03734,0.03295,0.15665,24.71644,0.03739,552.00000,354.00000,198.00000
K2MnGaSe3Br3,1.23595,-1.30970,1.38568,30.00000,0.84374,0.41000,0.98085,0.32107,24.80977,0.03747,0.03318,0.10772,25.00154,0.03739,552.00000,415.00000,137.00000
K2SnGaO3Br3,1.55233,-1.60506,1.57280,30.00000,0.85000,0.48000,1.00539,0.38988,24.76299,0.03742,0.03320,0.04866,24.73859,0.03739,552.00000,397.00000,155.00000
Na2TaCuSe3Br3,1.20593,-1.21281,0.59282,30.00000,0.83483,0.41000,0.89487,0.34772,24.32715,0.03774,0.03329,0.14644,24.82365,0.03739,552.00000,558.00000,-6.00000
K2MoFeS3Br3,1.19507,-1.26609,0.15169,30.00000,0.85000,0.38000,0.99430,0.32500,24.70945,0.03737,0.03296,0.16201,24.66610,0.03740,556.00000,372.00000,184.00000
K2WInSe3I3,1.55461,-1.04081,1.23396,30.00000,0.85000,0.11000,0.94534,0.33493,24.74767,0.03737,0.03316,0.04861,24.70619,0.03741,557.00000,373.00000,184.00000
K2WBiO3I3,1.58980,-1.42851,0.43982,30.00000,0.85000,0.78000,0.98083,0.37778,24.45850,0.03744,0.03312,0.04871,24.48685,0.03741,557.00000,401.00000,156.00000
Na2TiCrSe3Br3,1.18650,-1.42415,0.19413,30.00000,0.80965,0.41000,0.92088,0.30964,23.42953,0.03846,0.03374,0.18323,24.63649,0.03741,557.00000,824.00000,-267.00000
Na2MnGaS6,1.51254,-1.10609,2.29278,30.00000,0.85000,0.00000,0.92374,0.34375,25.00249,0.03736,0.03325,0.04873,24.93800,0.03741,557.00000,366.00000,191.00000
Na2MoFeSe3I3,1.20398,-0.94629,0.53064,30.00000,0.81471,0.11000,0.90886,0.29545,23.70975,0.03826,0.03366,0.15191,24.72277,0.03741,557.00000,767.00000,-210.00000
K2MoInSe3I3,1.22840,-1.04782,1.36611,30.00000,0.85000,0.11000,0.94704,0.33254,24.95440,0.03738,0.03308,0.11513,24.92654,0.03741,557.00000,374.00000,183.00000
K2TiFeO3Br3,1.60126,-2.03046,0.04313,30.00000,0.85000,0.48000,1.01848,0.37202,24.35711,0.03745,0.03309,0.04879,24.38168,0.03741,557.00000,405.00000,152.00000
Li2WGaS3Br3,1.55560,-1.15322,1.46957,30.00000,0.62815,0.38000,0.74936,0.32105,18.15067,0.04452,0.03855,0.06041,24.70220,0.03741,557.00000,1940.00000,-1383.00000
K2ZrCrO3Cl3,1.59398,-2.21236,0.08516,30.00000,0.85000,0.28000,1.00971,0.41589,24.42434,0.03741,0.03308,0.04868,24.40232,0.03741,557.00000,390.00000,167.00000
K2VZnSe3Cl3,1.19221,-1.46586,0.25691,30.00000,0.84264,0.61000,0.98604,0.33773,24.46472,0.03760,0.03311,0.16908,24.68572,0.03742,566.00000,475.00000,91.00000
K2ZrGaS3I3,1.55260,-1.37867,1.55806,30.00000,0.85000,0.08000,0.96209,0.33168,24.76099,0.03742,0.03320,0.04866,24.69718,0.03742,566.00000,396.00000,170.00000
K2NbCuO3F3,1.59852,-2.61829,0.17149,30.00000,0.85000,0.54000,1.03813,0.50554,24.38399,0.03745,0.03310,0.04877,24.38290,0.03743,568.00000,407.00000,161.00000
Li2MoGaSe3Cl3,1.53847,-1.31433,1.89284,30.00000,0.60585,0.61000,0.75095,0.31926,17.55679,0.04550,0.03934,0.06199,24.83718,0.03743,568.00000,2015.00000,-1447.00000
Na2AgInBr3I3,1.27122,-1.14610,2.81670,30.00000,0.84084,0.30000,0.83034,0.42067,24.91190,0.03763,0.03341,0.08316,25.15216,0.03743,568.00000,498.00000,70.00000
K2TaZnS3I3,1.57869,-1.23327,0.76523,30.00000,0.85000,0.08000,0.95499,0.34158,24.55088,0.03743,0.03315,0.04869,24.53467,0.03743,568.00000,399.00000,169.00000
K2CrMoO3Se3,1.59446,-1.62139,0.35361,30.00000,0.83145,0.89000,1.02712,0.35651,23.87845,0.03791,0.03346,0.04949,24.42903,0.03743,568.00000,629.00000,-61.00000
Na2VZnSe3I3,1.19671,-1.10820,0.50447,30.00000,0.82333,0.11000,0.90137,0.30622,23.91852,0.03808,0.03350,0.16298,24.72987,0.03744,573.00000,701.00000,-128.00000
K2SnZnO3Se3,1.59063,-1.32981,0.27590,30.00000,0.85000,0.89000,0.97907,0.42308,24.45400,0.03742,0.03310,0.04867,24.38251,0.03744,573.00000,394.00000,179.00000
K2TaSbS3Se3,1.58344,-1.11986,0.71180,30.00000,0.85000,0.03000,0.99219,0.32461,24.51626,0.03745,0.03315,0.04872,24.49216,0.03744,573.00000,404.00000,169.00000
K2ZrWS6,1.60155,-1.47928,0.16588,30.00000,0.85000,0.00000,0.98429,0.35870,24.35707,0.03747,0.03311,0.04883,24.36282,0.03744,573.00000,416.00000,157.00000
K2TiSbSe3Br3,1.19513,-1.45586,0.24879,30.00000,0.82670,0.41000,0.99229,0.30584,24.00626,0.03796,0.03340,0.16560,24.64250,0.03745,577.00000,656.00000,-79.00000
K2GeBiSe3I3,1.41101,-0.97388,3.92549,30.00000,0.85000,0.11000,0.96435,0.30861,25.36264,0.03739,0.03336,0.05164,25.28290,0.03745,577.00000,382.00000,195.00000
K2ZrFeS3I3,1.19554,-1.32929,0.42237,30.00000,0.85000,0.08000,0.95764,0.33787,24.71402,0.03742,0.03300,0.16178,24.66489,0.03745,577.00000,393.00000,184.00000
Na2VCuSe3I3,1.19735,-0.95950,0.51279,30.00000,0.82150,0.11000,0.90302,0.30383,23.86868,0.03813,0.03354,0.16232,24.69760,0.03745,577.00000,721.00000,-144.00000
Na2MnGaS3I3,1.22775,-1.00694,1.68376,30.00000,0.83978,0.08000,0.90904,0.31312,24.64212,0.03768,0.03331,0.11716,24.94167,0.03746,581.00000,528.00000,53.00000
K2FeMnO3I3,1.59188,-1.57756,0.44271,30.00000,0.84664,0.78000,0.99487,0.35833,24.34392,0.03754,0.03319,0.04888,24.42728,0.03746,581.00000,449.00000,132.00000
Na2WAgO3Cl3,1.51150,-1.56342,3.02252,30.00000,0.85000,0.28000,0.88983,0.48287,25.00909,0.03748,0.03335,0.04893,25.00303,0.03746,581.00000,419.00000,162.00000
Na2MoAgO3Cl3,1.47143,-1.57950,3.70795,30.00000,0.85000,0.28000,0.89170,0.47975,25.18483,0.03746,0.03338,0.04946,25.18576,0.03746,581.00000,411.00000,170.00000
K2WGaSe3Br3,1.56835,-1.34251,1.22791,30.00000,0.83117,0.41000,0.98940,0.30964,24.09300,0.03790,0.03354,0.04943,24.64736,0.03746,581.00000,622.00000,-41.00000
Na2SnCrO3Se3,1.60075,-1.47922,0.28998,30.00000,0.84208,0.89000,0.92973,0.38609,24.13340,0.03768,0.03327,0.04915,24.34792,0.03746,581.00000,527.00000,54.00000
Na2ZrSbO3I3,1.58527,-1.88380,0.49300,30.00000,0.83014,0.78000,0.91694,0.36667,23.91389,0.03790,0.03348,0.04946,24.49036,0.03746,581.00000,623.00000,-42.00000
Na2WAgO3F3,1.49020,-2.30799,3.36063,30.00000,0.85000,0.54000,0.91127,0.57196,25.11379,0.03746,0.03337,0.04913,25.08037,0.03746,581.00000,412.00000,169.00000
Na2CuZnCl3I3,1.18183,-1.14018,0.41438,30.00000,0.82852,0.50000,0.87614,0.36658,23.94981,0.03806,0.03342,0.19055,24.68660,0.03747,589.00000,689.00000,-100.00000
K2NbFeO3Br3,1.60435,-2.01442,0.11277,30.00000,0.85000,0.48000,1.01080,0.38244,24.32539,0.03748,0.03311,0.04884,24.31918,0.03747,589.00000,420.00000,169.00000
Na2ZrGaS3Br3,1.56718,-1.51300,1.57052,30.00000,0.84987,0.38000,0.90521,0.35263,24.65461,0.03750,0.03324,0.04879,24.61321,0.03748,591.00000,425.00000,166.00000
K2GeSbSe3I3,1.41011,-0.93556,4.29252,30.00000,0.80933,0.11000,0.99341,0.27033,24.11947,0.03846,0.03419,0.05362,25.33395,0.03748,591.00000,822.00000,-231.00000
Na2WAgS3I3,1.53788,-0.93292,2.15516,30.00000,0.85000,0.08000,0.86270,0.38366,24.86491,0.03745,0.03326,0.04875,24.82293,0.03748,591.00000,408.00000,183.00000
K2TaZnO3Cl3,1.58831,-2.08487,0.72025,30.00000,0.85000,0.28000,0.99981,0.42991,24.47582,0.03748,0.03316,0.04877,24.44427,0.03748,591.00000,418.00000,173.00000
K2MnGaSe3I3,1.21800,-1.14414,1.45892,30.00000,0.84951,0.11000,0.96878,0.30263,24.86135,0.03746,0.03311,0.12866,24.88077,0.03748,591.00000,413.00000,178.00000
K2SnVSe3Cl3,1.18894,-1.57808,0.29121,30.00000,0.82891,0.61000,0.99587,0.32454,24.02477,0.03797,0.03338,0.17637,24.65042,0.03748,591.00000,659.00000,-68.00000
Na2ZrCrS3I3,1.19201,-1.33119,0.43944,30.00000,0.85000,0.08000,0.89720,0.33045,24.68514,0.03745,0.03300,0.16874,24.66018,0.03748,591.00000,406.00000,185.00000
K2NbMnO3Br3,1.61012,-2.08279,0.11456,30.00000,0.85000,0.48000,1.01080,0.38244,24.27150,0.03753,0.03313,0.04892,24.25960,0.03748,591.00000,448.00000,143.00000
Na2GeSbSe3I3,1.38688,-0.82018,4.44479,30.00000,0.79074,0.11000,0.92683,0.27033,23.57103,0.03898,0.03459,0.05646,25.37427,0.03749,599.00000,970.00000,-371.00000
Li2MoWO3Se3,1.59164,-1.52430,0.38356,30.00000,0.62509,0.89000,0.75817,0.35207,17.84650,0.04470,0.03854,0.06075,24.39054,0.03749,599.00000,1953.00000,-1354.00000
K2SnGaSe3F3,1.55034,-2.05744,1.72937,30.00000,0.81391,1.43000,1.00993,0.39818,23.70184,0.03833,0.03390,0.05016,24.74687,0.03749,599.00000,785.00000,-186.00000
Na2TiMoO3Se3,1.59606,-2.00240,0.36309,30.00000,0.82317,0.89000,0.95208,0.35355,23.61933,0.03813,0.03363,0.04985,24.40580,0.03749,599.00000,722.00000,-123.00000
K2MoFeSe3F3,1.59690,-2.05725,0.33951,30.00000,0.79427,1.43000,1.02667,0.37538,22.76259,0.03889,0.03420,0.05109,24.38056,0.03749,599.00000,948.00000,-349.00000
Na2CrAgO3I3,1.24887,-1.30695,2.68224,30.00000,0.84500,0.78000,0.87344,0.43472,24.93142,0.03761,0.03332,0.09723,25.07834,0.03749,599.00000,480.00000,119.00000
Na2TaMnO3Cl3,1.59264,-2.12723,0.77127,30.00000,0.85000,0.28000,0.94228,0.40031,24.43820,0.03752,0.03318,0.04885,24.46034,0.03749,599.00000,436.00000,163.00000
K2FeMnSe3I3,1.18857,-1.12990,0.46853,30.00000,0.85000,0.11000,0.96435,0.30861,24.65266,0.03749,0.03301,0.17491,24.65851,0.03750,606.00000,421.00000,185.00000
Na2VTaSe6,1.20443,-1.18659,0.75355,30.00000,0.83950,0.00000,0.92722,0.29798,24.45897,0.03767,0.03323,0.14856,24.74175,0.03750,606.00000,521.00000,85.00000
Na2SnInSe3Br3,1.58083,-1.15717,1.25343,30.00000,0.84646,0.41000,0.87509,0.37817,24.43247,0.03761,0.03329,0.04897,24.55364,0.03751,608.00000,481.00000,127.00000
Na2SnSbS3Br3,1.60421,-1.00107,0.17050,30.00000,0.84231,0.38000,0.91410,0.33947,24.10226,0.03768,0.03326,0.04914,24.29263,0.03751,608.00000,524.00000,84.00000
Na2MoFeS3Br3,1.18299,-1.13150,0.14651,30.00000,0.83232,0.38000,0.92408,0.32500,24.08114,0.03791,0.03331,0.18712,24.54744,0.03751,608.00000,627.00000,-19.00000
Na2ZrGaS3I3,1.56879,-1.33469,1.62027,30.00000,0.85000,0.08000,0.89637,0.33168,24.64821,0.03751,0.03326,0.04881,24.57358,0.03751,608.00000,434.00000,174.00000
Na2SnGaSe3F3,1.56353,-1.83249,1.82035,30.00000,0.79858,1.43000,0.93307,0.39818,23.16162,0.03881,0.03426,0.05095,24.63036,0.03751,608.00000,925.00000,-317.00000
K2ZrSbSe3Cl3,1.59597,-1.66140,0.29662,30.00000,0.85000,0.61000,0.97833,0.34828,24.40984,0.03746,0.03312,0.04877,24.30436,0.03752,613.00000,409.00000,204.00000
K2SnMnBr3I3,1.18155,-1.26040,0.36344,30.00000,0.84950,0.30000,0.95739,0.32091,24.58210,0.03753,0.03302,0.18796,24.64676,0.03752,613.00000,445.00000,168.00000
K2SnVS3Br3,1.17934,-1.35648,0.13805,30.00000,0.85000,0.38000,0.99529,0.32368,24.57483,0.03750,0.03299,0.19206,24.53041,0.03753,615.00000,427.00000,188.00000
K2CrMoSe3Br3,1.17564,-1.29089,0.26843,30.00000,0.82670,0.41000,0.99229,0.30584,23.83020,0.03812,0.03344,0.20611,24.59420,0.03753,615.00000,719.00000,-104.00000
Na2VCuS3I3,1.18151,-1.03368,0.47065,30.00000,0.84070,0.08000,0.90819,0.31436,24.31663,0.03777,0.03320,0.18943,24.56557,0.03753,615.00000,569.00000,46.00000
K2TiFeO3Cl3,1.60681,-2.13238,0.03805,30.00000,0.85000,0.28000,1.02895,0.38941,24.30048,0.03749,0.03311,0.04885,24.21399,0.03754,618.00000,422.00000,196.00000
Na2VFeS3I3,1.18278,-1.06074,0.46497,30.00000,0.82324,0.08000,0.92296,0.29332,23.80414,0.03820,0.03353,0.18932,24.62337,0.03754,618.00000,745.00000,-127.00000
K2CuZnCl3I3,1.17808,-1.25724,0.40617,30.00000,0.85000,0.50000,0.94066,0.36658,24.56377,0.03755,0.03303,0.19482,24.57046,0.03754,618.00000,458.00000,160.00000
Na2FeMnO3I3,1.61029,-1.53928,0.45401,30.00000,0.82574,0.78000,0.92256,0.35833,23.56138,0.03819,0.03363,0.04997,24.30825,0.03755,621.00000,741.00000,-120.00000
K2SnGeCl3I3,1.42761,-1.29892,4.88659,30.00000,0.81520,0.50000,0.98562,0.30424,24.25973,0.03844,0.03418,0.05267,25.31713,0.03755,621.00000,814.00000,-193.00000
Na2GeTaSe3Br3,1.44784,-1.27674,4.94238,30.00000,0.79852,0.41000,0.92989,0.29695,23.70278,0.03892,0.03455,0.05274,25.32650,0.03755,621.00000,960.00000,-339.00000
Na2VZnS3I3,1.18111,-1.13532,0.46061,30.00000,0.84251,0.08000,0.90648,0.31683,24.36463,0.03772,0.03317,0.19014,24.57171,0.03755,621.00000,549.00000,72.00000
K2SnInO3Br3,1.58677,-1.57103,1.41955,30.00000,0.85000,0.48000,0.96808,0.44345,24.48971,0.03759,0.03326,0.04896,24.51915,0.03755,621.00000,474.00000,147.00000
K2GeTaSe3I3,1.45993,-1.17829,4.31777,30.00000,0.82229,0.11000,0.98598,0.27990,24.38169,0.03821,0.03398,0.05107,25.21714,0.03755,621.00000,754.00000,-133.00000
Na2SnGeBr6,1.39313,-1.22266,4.80169,30.00000,0.85000,0.00000,0.92172,0.31122,25.38366,0.03753,0.03348,0.05317,25.33085,0.03755,621.00000,442.00000,179.00000
Li2GeWSe6,1.37600,-0.94748,4.90734,30.00000,0.64198,0.00000,0.76129,0.28535,19.03016,0.04414,0.03849,0.06785,25.34677,0.03755,621.00000,1903.00000,-1282.00000
K2ZrFeSe3Br3,1.17009,-1.56738,0.19964,30.00000,0.85000,0.41000,0.96236,0.34645,24.47005,0.03759,0.03301,0.21475,24.54272,0.03755,621.00000,470.00000,151.00000
K2SnSbS3I3,1.61022,-0.97601,0.46411,30.00000,0.85000,0.08000,0.97111,0.31931,24.26996,0.03760,0.03318,0.04902,24.26836,0.03755,621.00000,476.00000,145.00000
K2GeZnBr6,1.40334,-1.41837,4.90938,30.00000,0.85000,0.00000,0.98096,0.32398,25.37365,0.03756,0.03349,0.05246,25.32493,0.03756,631.00000,462.00000,169.00000
Na2CrWO3F3,1.61982,-2.58078,0.15050,30.00000,0.85000,0.54000,0.98905,0.44834,24.17942,0.03762,0.03316,0.04907,24.18103,0.03756,631.00000,487.00000,144.00000
Na2FeMnO3Br3,1.61239,-1.68713,0.02326,30.00000,0.85000,0.48000,0.93369,0.38393,24.24798,0.03753,0.03312,0.04892,24.15788,0.03756,631.00000,444.00000,187.00000
K2SnSbO3I3,1.60419,-1.29551,0.48676,30.00000,0.84664,0.78000,0.99487,0.35833,24.23066,0.03763,0.03323,0.04906,24.30047,0.03756,631.00000,495.00000,136.00000
K2GeSbSe3Br3,1.38613,-1.09715,4.75940,30.00000,0.80221,0.41000,1.00696,0.28680,23.92380,0.03873,0.03440,0.05606,25.33592,0.03756,631.00000,902.00000,-271.00000
Li2GeVSe3I3,1.35216,-0.98646,5.00767,30.00000,0.59940,0.11000,0.76772,0.25598,17.71260,0.04611,0.03991,0.07657,25.37970,0.03756,631.00000,2065.00000,-1434.00000
K2MnInO3Cl3,1.55768,-1.87154,2.01003,30.00000,0.85000,0.28000,0.98585,0.45016,24.72897,0.03753,0.03328,0.04885,24.65998,0.03756,631.00000,440.00000,191.00000
K2SnCuS3Se3,1.18090,-0.90781,0.27285,30.00000,0.85000,0.03000,0.95810,0.37173,24.58976,0.03751,0.03300,0.18912,24.51591,0.03757,638.00000,432.00000,206.00000
Na2TiCrO3Se3,1.61095,-2.08298,0.26212,30.00000,0.82828,0.89000,0.94691,0.36095,23.62926,0.03809,0.03355,0.04984,24.22985,0.03757,638.00000,707.00000,-69.00000
Na2GeSbSe3Br3,1.37084,-0.99042,4.96259,30.00000,0.78859,0.41000,0.93723,0.28680,23.51592,0.03915,0.03471,0.05870,25.35701,0.03757,638.00000,1010.00000,-372.00000
K2WAgS3I3,1.55998,-1.04378,2.08220,30.00000,0.85000,0.08000,0.92594,0.38366,24.70700,0.03755,0.03329,0.04890,24.64795,0.03758,641.00000,455.00000,186.00000
Na2AgGaCl3I3,1.25960,-1.19542,3.54297,30.00000,0.83429,0.50000,0.86044,0.39152,24.65549,0.03796,0.03365,0.09105,25.18303,0.03758,641.00000,654.00000,-13.00000
Na2MnSbO3Cl3,1.62004,-1.76167,0.15491,30.00000,0.85000,0.28000,0.95075,0.38785,24.17760,0.03762,0.03316,0.04908,24.20361,0.03758,641.00000,491.00000,150.00000
Na2ZrGaSe3Cl3,1.57561,-1.59679,1.71598,30.00000,0.82802,0.61000,0.90559,0.35356,23.93332,0.03811,0.03369,0.04980,24.58989,0.03758,641.00000,712.00000,-71.00000
Na2GeNbSe3I3,1.30709,-1.00982,4.58178,30.00000,0.80052,0.11000,0.91990,0.27990,23.79920,0.03886,0.03444,0.07207,25.33740,0.03758,641.00000,935.00000,-294.00000
K2MoBiO3Br3,1.61446,-1.47217,0.22597,30.00000,0.85000,0.48000,0.99686,0.40179,24.22744,0.03758,0.03316,0.04902,24.21370,0.03758,641.00000,466.00000,175.00000
K2WFeS3I3,1.60604,-1.07439,0.41517,30.00000,0.85000,0.08000,0.97938,0.30817,24.31050,0.03755,0.03316,0.04895,24.28803,0.03758,641.00000,457.00000,184.00000
K2GeTaSe3Br3,1.32387,-1.35522,4.75487,30.00000,0.81572,0.41000,0.99908,0.29695,24.29825,0.03845,0.03415,0.06616,25.32771,0.03758,641.00000,821.00000,-180.00000
K2GeZnBr3I3,1.29091,-1.22272,4.38736,30.00000,0.83383,0.30000,0.96885,0.30529,24.76837,0.03801,0.03376,0.07562,25.29885,0.03759,649.00000,678.00000,-29.00000
Na2SnGeCl3I3,1.40662,-1.17685,5.09335,30.00000,0.79241,0.50000,0.91802,0.30424,23.60115,0.03906,0.03466,0.05488,25.33283,0.03759,649.00000,997.00000,-348.00000
Na2ZrSbSe3Cl3,1.62208,-1.52735,0.29979,30.00000,0.82518,0.61000,0.90914,0.34828,23.43544,0.03827,0.03365,0.05015,24.19012,0.03759,649.00000,772.00000,-123.00000
Na2WGaSe3Cl3,1.58553,-1.31334,1.52069,30.00000,0.80747,0.61000,0.92728,0.32190,23.24632,0.03866,0.03408,0.05071,24.50507,0.03759,649.00000,882.00000,-233.00000
K2MoFeS3I3,1.18161,-1.07407,0.48283,30.00000,0.85000,0.08000,0.98124,0.30569,24.59783,0.03754,0.03303,0.18811,24.54421,0.03760,653.00000,452.00000,201.00000
K2ZrCrO3Br3,1.61948,-2.08860,0.07750,30.00000,0.85000,0.48000,1.00004,0.39732,24.18021,0.03760,0.03315,0.04905,24.16948,0.03760,653.00000,478.00000,175.00000
Na2CrWO3Se3,1.61653,-1.59736,0.28537,30.00000,0.82729,0.89000,0.94794,0.35947,23.54939,0.03817,0.03359,0.04996,24.22899,0.03760,653.00000,736.00000,-83.00000
K2FeMnO3Cl3,1.61833,-1.72974,0.03066,30.00000,0.85000,0.28000,1.01981,0.40187,24.19355,0.03758,0.03314,0.04901,24.17625,0.03760,653.00000,467.00000,186.00000
Na2WGaS3I3,1.58792,-1.05475,1.47002,30.00000,0.83089,0.08000,0.91682,0.30198,23.91799,0.03807,0.03362,0.04974,24.42604,0.03761,657.00000,698.00000,-41.00000
K2SnGeF3I3,1.35387,-1.99029,5.22832,30.00000,0.78159,1.32000,1.01506,0.34758,23.30096,0.03941,0.03490,0.06168,25.38003,0.03761,657.00000,1063.00000,-406.00000
K2FeMnSe3Br3,1.16624,-1.29614,0.18395,30.00000,0.85000,0.41000,0.97616,0.32741,24.43004,0.03763,0.03302,0.22569,24.44222,0.03761,657.00000,497.00000,160.00000
K2NbTaS6,1.60882,-1.43495,0.72468,30.00000,0.85000,0.00000,0.99223,0.34783,24.28222,0.03763,0.03321,0.04907,24.27511,0.03762,660.00000,500.00000,160.00000
K2VFeO3I3,1.61589,-1.76941,0.48068,30.00000,0.81614,0.78000,1.01670,0.32917,23.23405,0.03848,0.03384,0.05046,24.18062,0.03762,660.00000,833.00000,-173.00000
Na2TaSbS6,1.61053,-1.10481,0.74215,30.00000,0.85000,0.00000,0.92844,0.33696,24.26593,0.03765,0.03322,0.04910,24.28518,0.03762,660.00000,508.00000,152.00000
K2CrMnO3Br3,1.62652,-1.74900,0.04605,30.00000,0.85000,0.48000,1.01627,0.37500,24.11134,0.03765,0.03317,0.04918,24.10553,0.03762,660.00000,509.00000,151.00000
K2GeWSe6,1.32458,-1.00326,4.52549,30.00000,0.84131,0.00000,1.00579,0.28535,25.08586,0.03777,0.03362,0.06437,25.29386,0.03763,664.00000,572.00000,92.00000
Na2MoInSe3Br3,1.19242,-1.15116,1.32999,30.00000,0.83729,0.41000,0.89151,0.35279,24.30475,0.03792,0.03337,0.17063,24.66388,0.03763,664.00000,634.00000,30.00000
K2MnSbO3S3,1.62388,-1.62756,0.17796,30.00000,0.85000,0.86000,1.02795,0.38426,24.13898,0.03765,0.03318,0.04916,24.12262,0.03763,664.00000,510.00000,154.00000
Na2TiFeO3Cl3,1.62616,-2.08802,0.01692,30.00000,0.85000,0.28000,0.94968,0.38941,24.11587,0.03764,0.03316,0.04916,24.09631,0.03763,664.00000,506.00000,158.00000
Na2GeWSe6,1.29093,-0.95469,4.70346,30.00000,0.82724,0.00000,0.93633,0.28535,24.56427,0.03823,0.03393,0.07618,25.26318,0.03763,664.00000,759.00000,-95.00000
K2SnGaSe3I3,1.59842,-0.99177,1.39306,30.00000,0.85000,0.11000,0.96084,0.31340,24.38540,0.03767,0.03328,0.04912,24.40307,0.03763,664.00000,520.00000,144.00000
K2VFeS3I3,1.17874,-1.18032,0.45389,30.00000,0.84370,0.08000,0.99063,0.29332,24.38029,0.03771,0.03315,0.19426,24.49602,0.03763,664.00000,543.00000,121.00000
K2GeNbS3I3,1.40752,-1.19473,5.14463,30.00000,0.83897,0.08000,0.99348,0.28960,25.03066,0.03786,0.03374,0.05268,25.30747,0.03764,671.00000,605.00000,66.00000
Na2WGaS3Br3,1.59563,-1.15365,1.39417,30.00000,0.82928,0.38000,0.92685,0.32105,23.80450,0.03816,0.03366,0.04989,24.40808,0.03764,671.00000,732.00000,-61.00000
Na2FeSbO3Cl3,1.63112,-1.76268,0.15238,30.00000,0.85000,0.28000,0.95075,0.38785,24.05682,0.03770,0.03319,0.04927,24.05739,0.03764,671.00000,541.00000,130.00000
Na2MnGaSe6,1.19196,-0.95574,1.59895,30.00000,0.85000,0.00000,0.91213,0.31944,24.68462,0.03766,0.03317,0.17050,24.71643,0.03764,671.00000,512.00000,159.00000
K2TiCrSe3Br3,1.16917,-1.58321,0.19626,30.00000,0.83117,0.41000,0.98940,0.30964,23.89522,0.03806,0.03336,0.21984,24.36768,0.03764,671.00000,692.00000,-21.00000
Na2GeZnCl3I3,1.36305,-1.20605,5.44727,30.00000,0.80220,0.50000,0.90933,0.31671,23.94132,0.03887,0.03450,0.05920,25.39266,0.03765,676.00000,940.00000,-264.00000
K2VMnO3I3,1.61908,-1.96994,0.48273,30.00000,0.81614,0.78000,1.01670,0.32917,23.19974,0.03851,0.03384,0.05053,24.20640,0.03765,676.00000,841.00000,-165.00000
K2SnCrO3Br3,1.63341,-1.64800,0.10544,30.00000,0.85000,0.48000,1.00647,0.38839,24.03529,0.03771,0.03318,0.04930,24.05785,0.03765,676.00000,544.00000,132.00000
Na2WInS3I3,1.60520,-1.04923,1.36384,30.00000,0.85000,0.08000,0.88648,0.34653,24.31969,0.03771,0.03329,0.04920,24.37786,0.03765,676.00000,546.00000,130.00000
K2GeNbSe3I3,1.29638,-1.12006,4.41929,30.00000,0.82229,0.11000,0.98598,0.27990,24.43016,0.03830,0.03399,0.07424,25.23643,0.03765,676.00000,778.00000,-102.00000
Na2SnVO3Br3,1.62048,-1.83518,0.13410,30.00000,0.85000,0.48000,0.94589,0.36607,24.17282,0.03762,0.03316,0.04909,24.11064,0.03765,676.00000,490.00000,186.00000
Na2GeNbS3I3,1.40741,-1.05285,5.37428,30.00000,0.81976,0.08000,0.92562,0.28960,24.43806,0.03838,0.03414,0.05362,25.31146,0.03765,676.00000,797.00000,-121.00000
K2MnGaSe3Cl3,1.20115,-1.46021,1.71039,30.00000,0.83869,0.61000,0.98897,0.33377,24.41547,0.03788,0.03338,0.15575,24.74411,0.03765,676.00000,615.00000,61.00000
Na2SnGeF3I3,1.32247,-1.82152,5.46651,30.00000,0.76991,1.32000,0.94032,0.34758,22.88937,0.03985,0.03523,0.06981,25.36250,0.03766,684.00000,1155.00000,-471.00000
Na2ZrCrO3Br3,1.63272,-2.05373,0.06670,30.00000,0.85000,0.48000,0.92474,0.39732,24.04178,0.03770,0.03318,0.04928,24.07847,0.03766,684.00000,538.00000,146.00000
K2MoFeO3Cl3,1.62777,-1.73425,0.18979,30.00000,0.85000,0.28000,1.03242,0.38474,24.09487,0.03769,0.03319,0.04924,24.05295,0.03766,684.00000,532.00000,152.00000
Na2GeTaSe3I3,1.48875,-1.01125,4.46110,30.00000,0.80052,0.11000,0.91990,0.27990,23.62539,0.03890,0.03449,0.05153,25.09752,0.03767,687.00000,953.00000,-266.00000
K2SnTaO3Br3,1.61341,-2.01414,0.58050,30.00000,0.85000,0.48000,1.00111,0.39583,24.23957,0.03764,0.03321,0.04910,24.17200,0.03767,687.00000,504.00000,183.00000
K2TaMnO3Cl3,1.60773,-2.19091,0.73455,30.00000,0.85000,0.28000,1.02094,0.40031,24.29281,0.03762,0.03321,0.04906,24.30983,0.03767,687.00000,493.00000,194.00000
Na2MnGaO6,1.54808,-2.09274,3.08088,30.00000,0.85000,0.00000,0.97064,0.45179,24.78901,0.03766,0.03341,0.04906,24.75801,0.03767,687.00000,518.00000,169.00000
Na2WMnSe6,1.16607,-1.05334,0.34698,30.00000,0.85000,0.00000,0.91564,0.31439,24.42524,0.03766,0.03304,0.22661,24.45484,0.03767,687.00000,516.00000,171.00000
K2NbSbSe6,1.16942,-1.02823,0.41026,30.00000,0.85000,0.00000,0.98451,0.31313,24.45974,0.03763,0.03304,0.21696,24.41683,0.03767,687.00000,501.00000,186.00000
Na2VCuSe3Br3,1.15880,-1.21297,0.22528,30.00000,0.81940,0.41000,0.91205,0.32234,23.43878,0.03849,0.03361,0.25182,24.34803,0.03768,693.00000,834.00000,-141.00000
Li2WGaSe3Br3,1.60076,-1.10580,1.32476,30.00000,0.60968,0.41000,0.74822,0.30964,17.33666,0.04573,0.03926,0.06249,24.34785,0.03768,693.00000,2037.00000,-1344.00000
K2MnInSe3I3,1.17991,-1.15390,1.35871,30.00000,0.85000,0.11000,0.93778,0.34569,24.57918,0.03771,0.03316,0.19360,24.63669,0.03768,693.00000,545.00000,148.00000
K2AgGaCl3I3,1.24748,-1.31716,3.39961,30.00000,0.85000,0.50000,0.92380,0.39152,25.07499,0.03762,0.03334,0.09840,24.98728,0.03768,693.00000,492.00000,201.00000
Na2MoInSe3I3,1.18310,-0.95882,1.40770,30.00000,0.84034,0.11000,0.88357,0.33254,24.32295,0.03793,0.03334,0.18769,24.65774,0.03768,693.00000,640.00000,53.00000
Na2AgGaBr3I3,1.22202,-1.15931,2.99201,30.00000,0.83929,0.30000,0.85643,0.37740,24.58508,0.03796,0.03352,0.12526,24.90120,0.03768,693.00000,653.00000,40.00000
Na2MnGaO3Se3,1.57417,-1.44195,2.03267,30.00000,0.83626,0.89000,0.93773,0.37426,24.18955,0.03795,0.03357,0.04955,24.51033,0.03768,693.00000,648.00000,45.00000
Na2TiInO3I3,1.59519,-2.03616,1.67280,30.00000,0.83949,0.78000,0.90137,0.39028,24.10452,0.03795,0.03351,0.04955,24.39610,0.03768,693.00000,650.00000,43.00000
Na2ZrFeS3I3,1.15742,-1.29748,0.43127,30.00000,0.85000,0.08000,0.89222,0.33787,24.32758,0.03776,0.03308,0.25212,24.42790,0.03768,693.00000,564.00000,129.00000
Na2TaMnO3Br3,1.62412,-2.00560,0.60379,30.00000,0.85000,0.48000,0.93469,0.38244,24.13595,0.03773,0.03324,0.04929,24.14175,0.03768,693.00000,551.00000,142.00000
K2SnCrO3Se3,1.62689,-1.50837,0.28681,30.00000,0.85000,0.89000,1.00519,0.38609,24.10610,0.03770,0.03320,0.04926,24.10578,0.03768,693.00000,537.00000,156.00000
Na2MnGaO3Cl3,1.56244,-1.78090,2.52909,30.00000,0.85000,0.28000,0.94650,0.39408,24.69012,0.03764,0.03337,0.04903,24.65466,0.03769,704.00000,502.00000,202.00000
K2TiGaS3I3,1.59331,-1.34544,1.63555,30.00000,0.85000,0.08000,0.98310,0.30322,24.43092,0.03768,0.03330,0.04909,24.39595,0.03769,704.00000,526.00000,178.00000
Na2VMnSe3Br3,1.16536,-1.33737,0.21821,30.00000,0.80201,0.41000,0.92717,0.30076,22.98547,0.03886,0.03394,0.23519,24.38407,0.03769,704.00000,937.00000,-233.00000
Li2MoGaS3I3,1.59865,-0.98229,1.75713,30.00000,0.63123,0.08000,0.74886,0.29950,17.97640,0.04483,0.03863,0.06096,24.39724,0.03769,704.00000,1968.00000,-1264.00000
K2MoSbSe3Cl3,1.16508,-1.21988,0.36442,30.00000,0.81671,0.61000,1.00386,0.31398,23.42706,0.03851,0.03367,0.23412,24.39153,0.03769,704.00000,839.00000,-135.00000
Na2MoSbO3F3,1.62905,-2.31737,0.32900,30.00000,0.85000,0.54000,0.99539,0.43911,24.08079,0.03772,0.03321,0.04929,24.09837,0.03769,704.00000,548.00000,156.00000
K2TaSbO3Se3,1.60770,-1.69299,0.75517,30.00000,0.84215,0.89000,1.01934,0.36686,24.06479,0.03781,0.03336,0.04937,24.22543,0.03770,710.00000,588.00000,122.00000
K2GeNbSe3Br3,1.28494,-1.35362,4.92968,30.00000,0.81572,0.41000,0.99908,0.29695,24.19227,0.03859,0.03420,0.07954,25.26881,0.03770,710.00000,865.00000,-155.00000
K2MoGaSe3F3,1.59194,-2.02671,1.85393,30.00000,0.78660,1.43000,1.03238,0.36778,22.58071,0.03934,0.03458,0.05182,24.46132,0.03770,710.00000,1050.00000,-340.00000
K2NbCuS3I3,1.16905,-1.12948,0.45835,30.00000,0.85000,0.08000,0.95675,0.33911,24.45498,0.03764,0.03305,0.21805,24.43023,0.03771,713.00000,505.00000,208.00000
K2SnMoS6,1.62697,-1.06476,0.24518,30.00000,0.85000,0.00000,0.99223,0.34783,24.10493,0.03769,0.03319,0.04925,24.04549,0.03771,713.00000,534.00000,179.00000
K2WGaSe3I3,1.60388,-1.05082,1.31463,30.00000,0.83724,0.11000,0.97685,0.29187,23.96040,0.03800,0.03352,0.04966,24.35053,0.03771,713.00000,673.00000,40.00000
Na2SnMnI6,1.17501,-1.04217,0.57574,30.00000,0.81882,0.00000,0.88527,0.30341,23.58751,0.03838,0.03364,0.20887,24.41647,0.03771,713.00000,798.00000,-85.00000
K2WInS3I3,1.61019,-1.11671,1.32133,30.00000,0.85000,0.08000,0.95147,0.34653,24.27025,0.03775,0.03331,0.04925,24.27980,0.03771,713.00000,559.00000,154.00000
K2MnBiS3I3,1.16381,-1.04376,0.42743,30.00000,0.85000,0.08000,0.95060,0.34777,24.40292,0.03770,0.03306,0.23278,24.42357,0.03772,718.00000,539.00000,179.00000
K2SnMnO3S3,1.62945,-1.79687,0.12908,30.00000,0.85000,0.86000,1.00772,0.41204,24.07754,0.03769,0.03318,0.04924,24.04817,0.03772,718.00000,535.00000,183.00000
Na2WMnO3Se3,1.62838,-1.56977,0.27868,30.00000,0.83290,0.89000,0.94179,0.36834,23.59615,0.03812,0.03352,0.04996,24.06769,0.03772,718.00000,720.00000,-2.00000
Na2GeSbS3I3,1.46399,-0.83878,5.17854,30.00000,0.80989,0.08000,0.93278,0.27970,23.99503,0.03870,0.03437,0.05172,25.20339,0.03772,718.00000,893.00000,-175.00000
Na2ZrFeSe3I3,1.16534,-1.25211,0.47856,30.00000,0.83697,0.11000,0.88755,0.32656,24.03191,0.03801,0.03330,0.23057,24.40645,0.03772,718.00000,677.00000,41.00000
Na2GeZnBr6,1.28677,-1.28213,5.13625,30.00000,0.85000,0.00000,0.91284,0.32398,25.24543,0.03776,0.03357,0.07652,25.24634,0.03772,718.00000,566.00000,152.00000
Na2SnFeO3Cl3,1.63669,-1.70977,0.10053,30.00000,0.85000,0.28000,0.93192,0.41589,24.00494,0.03774,0.03320,0.04938,23.99876,0.03773,724.00000,552.00000,172.00000
Na2WGaSe3I3,1.61173,-1.01154,1.35247,30.00000,0.81162,0.11000,0.91138,0.29187,23.13673,0.03873,0.03404,0.05085,24.28392,0.03773,724.00000,904.00000,-180.00000
K2TaMnO3I3,1.61645,-2.02057,0.81722,30.00000,0.84537,0.78000,0.99588,0.35694,24.07717,0.03782,0.03333,0.04939,24.18043,0.03773,724.00000,595.00000,129.00000
K2ZrInS3I3,1.61003,-1.39925,1.43824,30.00000,0.85000,0.08000,0.93094,0.37624,24.27235,0.03777,0.03332,0.04928,24.29936,0.03774,727.00000,571.00000,156.00000
Na2TiCrO3I3,1.62379,-2.01582,0.47317,30.00000,0.81318,0.78000,0.93596,0.33889,23.07681,0.03863,0.03391,0.05075,24.05469,0.03774,727.00000,875.00000,-148.00000
Na2MnSbO3S3,1.63973,-1.56518,0.17274,30.00000,0.85000,0.86000,0.94912,0.38426,23.97432,0.03777,0.03321,0.04945,23.97668,0.03774,727.00000,574.00000,153.00000
K2MoSbSe3Br3,1.15830,-1.11942,0.31117,30.00000,0.82209,0.41000,0.99519,0.30203,23.51296,0.03844,0.03357,0.25260,24.38674,0.03774,727.00000,813.00000,-86.00000
Na2CrMoSe6,1.15854,-1.06896,0.41561,30.00000,0.84510,0.00000,0.92273,0.30429,24.19824,0.03787,0.03316,0.25049,24.30641,0.03775,731.00000,608.00000,123.00000
Na2SnTaO3Br3,1.62845,-2.00374,0.59796,30.00000,0.85000,0.48000,0.92572,0.39583,24.08730,0.03776,0.03325,0.04936,24.04675,0.03775,731.00000,567.00000,164.00000
K2GeZnCl3I3,1.47516,-1.35155,5.20862,30.00000,0.82901,0.50000,0.97629,0.31671,24.53737,0.03825,0.03400,0.05063,25.14114,0.03776,733.00000,765.00000,-32.00000
K2ZrFeO3Cl3,1.64183,-2.14196,0.07432,30.00000,0.85000,0.28000,1.00309,0.42523,23.95476,0.03777,0.03321,0.04948,23.94036,0.03776,733.00000,575.00000,158.00000
K2GeFeF3I3,1.32681,-1.98366,5.68309,30.00000,0.76702,1.32000,1.02481,0.33476,22.81480,0.03996,0.03532,0.06887,25.33834,0.03776,733.00000,1176.00000,-443.00000
K2TaFeS3I3,1.62794,-1.22401,0.77238,30.00000,0.85000,0.08000,0.97202,0.31807,24.09404,0.03779,0.03327,0.04941,24.07279,0.03776,733.00000,580.00000,153.00000
Na2GeZnF3I3,1.44938,-1.98997,5.88052,30.00000,0.77903,1.32000,0.93048,0.36182,23.10539,0.03965,0.03511,0.05391,25.29084,0.03776,733.00000,1110.00000,-377.00000
Na2MnSbBr3I3,1.15737,-1.15424,0.39054,30.00000,0.80002,0.30000,0.90792,0.29928,22.84652,0.03905,0.03402,0.25848,24.33420,0.03776,733.00000,991.00000,-258.00000
Li2GeVS3I3,1.37379,-1.04342,5.99322,30.00000,0.61835,0.08000,0.76938,0.26485,18.30962,0.04544,0.03946,0.07073,25.37699,0.03776,733.00000,2007.00000,-1274.00000
Na2SnSbSe3Cl3,1.63986,-1.10452,0.31390,30.00000,0.82049,0.61000,0.91451,0.34037,23.13169,0.03854,0.03379,0.05071,23.92271,0.03777,740.00000,846.00000,-106.00000
K2GeFeO3I3,1.34084,-1.40164,5.76208,30.00000,0.81280,0.78000,1.01883,0.32639,24.25231,0.03868,0.03434,0.06263,25.35453,0.03777,740.00000,886.00000,-146.00000
Na2MoFeO3I3,1.63019,-1.47272,0.52392,30.00000,0.81615,0.78000,0.93306,0.34306,23.10509,0.03861,0.03388,0.05076,24.03801,0.03777,740.00000,871.00000,-131.00000
Na2MoMnO3Se3,1.63743,-1.55919,0.35306,30.00000,0.83111,0.89000,0.94383,0.36538,23.45673,0.03825,0.03358,0.05023,23.98461,0.03777,740.00000,766.00000,-26.00000
Na2GeFeF3I3,1.36149,-1.91692,5.96968,30.00000,0.76019,1.32000,0.94935,0.33476,22.64956,0.04017,0.03550,0.06209,25.32270,0.03778,744.00000,1226.00000,-482.00000
Li2WGaSe3Cl3,1.60426,-1.25306,1.60183,30.00000,0.60626,0.61000,0.74945,0.32190,17.21476,0.04600,0.03944,0.06295,24.29170,0.03778,744.00000,2061.00000,-1317.00000
K2SnInSe3Br3,1.61397,-1.23424,1.21191,30.00000,0.85000,0.41000,0.94020,0.37817,24.23374,0.03776,0.03330,0.04929,24.21195,0.03778,744.00000,563.00000,181.00000
K2AgInBr3I3,1.20397,-1.18440,2.72651,30.00000,0.85000,0.30000,0.89016,0.42067,24.77523,0.03777,0.03332,0.15016,24.79434,0.03778,744.00000,570.00000,174.00000
Na2SnGeBr3I3,1.25429,-1.14817,4.31020,30.00000,0.79493,0.30000,0.91214,0.29327,23.42406,0.03916,0.03455,0.09907,25.10748,0.03778,744.00000,1011.00000,-267.00000
Na2AgGaI6,1.20319,-0.93227,2.82307,30.00000,0.84500,0.00000,0.85042,0.35682,24.62071,0.03791,0.03342,0.15229,24.79375,0.03778,744.00000,631.00000,113.00000
K2SnBiO3I3,1.64077,-1.31166,0.45465,30.00000,0.85000,0.78000,0.96335,0.40278,23.96240,0.03783,0.03326,0.04955,23.95916,0.03779,750.00000,597.00000,153.00000
K2VZnO3I3,1.63508,-1.65658,0.47597,30.00000,0.84409,0.78000,0.99690,0.35556,23.84637,0.03794,0.03335,0.04968,23.99428,0.03779,750.00000,642.00000,108.00000
K2WInSe3Br3,1.62282,-1.34743,1.13849,30.00000,0.85000,0.41000,0.95605,0.35533,24.14926,0.03782,0.03332,0.04940,24.12045,0.03779,750.00000,594.00000,156.00000
Na2GeFeO3I3,1.41693,-1.40182,6.05717,30.00000,0.80337,0.78000,0.94478,0.32639,23.92254,0.03895,0.03459,0.05407,25.31732,0.03779,750.00000,966.00000,-216.00000
K2TaFeO3Cl3,1.63448,-2.14320,0.73139,30.00000,0.85000,0.28000,1.02094,0.40031,24.02220,0.03784,0.03328,0.04950,24.02357,0.03779,750.00000,598.00000,152.00000
K2SnGaO3I3,1.59867,-1.44334,1.62127,30.00000,0.85000,0.78000,0.99081,0.36389,24.38316,0.03771,0.03331,0.04919,24.31888,0.03779,750.00000,547.00000,203.00000
K2ZrInO3I3,1.61164,-2.02121,1.52784,30.00000,0.85000,0.78000,0.95017,0.42222,24.25448,0.03780,0.03334,0.04933,24.24806,0.03779,750.00000,581.00000,169.00000
Na2GeBiSe3I3,1.53625,-0.84430,4.05119,30.00000,0.82511,0.11000,0.89972,0.30861,24.12578,0.03839,0.03401,0.05024,24.83755,0.03780,757.00000,799.00000,-42.00000
K2GeMoS3Se3,1.35843,-1.02125,6.15829,30.00000,0.84792,0.03000,1.01629,0.29319,25.34735,0.03784,0.03370,0.05775,25.38458,0.03780,757.00000,600.00000,157.00000
K2WMnO3Se3,1.64301,-1.59846,0.27647,30.00000,0.84360,0.89000,1.01823,0.36834,23.76235,0.03797,0.03336,0.04982,23.87476,0.03780,757.00000,663.00000,94.00000
K2VZnSe3I3,1.15857,-1.17145,0.49387,30.00000,0.85000,0.11000,0.96612,0.30622,24.34535,0.03776,0.03309,0.24960,24.28694,0.03781,760.00000,565.00000,195.00000
Na2SnGaSe3Br3,1.61886,-1.17040,1.36238,30.00000,0.82621,0.41000,0.90510,0.33249,23.49480,0.03842,0.03378,0.05035,24.12943,0.03781,760.00000,806.00000,-46.00000
Na2VFeO3Cl3,1.64514,-1.96310,0.07949,30.00000,0.85000,0.28000,0.96372,0.36916,23.92344,0.03780,0.03322,0.04957,23.88637,0.03782,762.00000,582.00000,180.00000
K2GeMnF3I3,1.47800,-2.06116,5.69237,30.00000,0.76702,1.32000,1.02481,0.33476,22.65053,0.04004,0.03539,0.05359,25.15701,0.03782,762.00000,1196.00000,-434.00000
K2TiFeO3I3,1.64349,-1.95425,0.45155,30.00000,0.83599,0.78000,1.00307,0.34722,23.54024,0.03820,0.03353,0.05020,23.89527,0.03782,762.00000,747.00000,15.00000
K2GeCrS3Se3,1.40856,-1.05997,6.55234,30.00000,0.85000,0.03000,1.01117,0.29974,25.36317,0.03784,0.03373,0.05259,25.36552,0.03782,762.00000,599.00000,163.00000
Na2MoBiO3Br3,1.64328,-1.38269,0.22539,30.00000,0.85000,0.48000,0.92179,0.40179,23.94189,0.03781,0.03323,0.04956,23.90874,0.03782,762.00000,586.00000,176.00000
K2CrWO3I3,1.64286,-1.56534,0.44204,30.00000,0.82570,0.78000,1.01036,0.33750,23.25135,0.03845,0.03372,0.05059,23.93140,0.03783,767.00000,819.00000,-52.00000
K2GeNbSe3Cl3,1.31456,-1.47825,6.03692,30.00000,0.81020,0.61000,1.00791,0.30871,24.10399,0.03884,0.03446,0.06971,25.32131,0.03783,767.00000,931.00000,-164.00000
K2GeVSe3I3,1.25074,-1.06915,4.62303,30.00000,0.78817,0.11000,1.00477,0.25598,23.20444,0.03942,0.03474,0.10264,25.03896,0.03783,767.00000,1067.00000,-300.00000
K2SnCrO3I3,1.63551,-1.49935,0.46052,30.00000,0.85000,0.78000,0.99182,0.36250,24.01192,0.03779,0.03324,0.04946,23.95663,0.03783,767.00000,579.00000,188.00000
Na2VFeSe3Br3,1.15132,-1.28107,0.21659,30.00000,0.80201,0.41000,0.92717,0.30076,22.82948,0.03904,0.03397,0.27551,24.23097,0.03783,767.00000,986.00000,-219.00000
K2ZrGaSe3F3,1.60296,-2.30025,1.78642,30.00000,0.82038,1.43000,1.00339,0.40729,23.47918,0.03851,0.03391,0.05046,24.24725,0.03783,767.00000,840.00000,-73.00000
K2GeTaS3Br3,1.48496,-1.37581,5.60846,30.00000,0.83225,0.38000,1.00731,0.30789,24.59799,0.03827,0.03402,0.05053,25.17141,0.03783,767.00000,770.00000,-3.00000
Na2SnMoS6,1.65025,-1.04887,0.24573,30.00000,0.85000,0.00000,0.92095,0.34783,23.87070,0.03788,0.03326,0.04971,23.87901,0.03784,774.00000,612.00000,162.00000
Na2GeTaS3Br3,1.47779,-1.27180,5.88076,30.00000,0.81817,0.38000,0.93617,0.30789,24.19945,0.03865,0.03432,0.05124,25.17888,0.03784,774.00000,880.00000,-106.00000
K2CrWO3Se3,1.64107,-1.65020,0.28279,30.00000,0.83461,0.89000,1.02488,0.35947,23.52128,0.03818,0.03352,0.05013,23.89799,0.03784,774.00000,740.00000,34.00000
K2SnCuO3Se3,1.14983,-1.30990,0.28700,30.00000,0.85000,0.89000,0.98111,0.42012,24.22758,0.03782,0.03307,0.27080,24.14865,0.03784,774.00000,593.00000,181.00000
Na2NbFeO3Br3,1.64991,-1.94359,0.10444,30.00000,0.85000,0.48000,0.93469,0.38244,23.87526,0.03785,0.03324,0.04967,23.84206,0.03784,774.00000,601.00000,173.00000
K2SnSbSe3Cl3,1.64860,-1.14942,0.31018,30.00000,0.84519,0.61000,0.98410,0.34037,23.75304,0.03799,0.03335,0.04989,23.83991,0.03785,779.00000,670.00000,109.00000
K2SnGeBr6,1.24410,-1.39749,4.60535,30.00000,0.85000,0.00000,0.99050,0.31122,25.05805,0.03785,0.03351,0.10218,25.05237,0.03785,779.00000,602.00000,177.00000
K2NbZnO3Br3,1.65441,-1.87249,0.11388,30.00000,0.85000,0.48000,0.99055,0.41071,23.82207,0.03789,0.03326,0.04978,23.81331,0.03785,779.00000,618.00000,161.00000
Na2GeMoS3Se3,1.33766,-0.94214,6.50661,30.00000,0.83815,0.03000,0.94472,0.29319,25.02519,0.03817,0.03395,0.06217,25.35837,0.03786,782.00000,734.00000,48.00000
Na2GeNbSe3Cl3,1.31765,-1.29628,6.37372,30.00000,0.79637,0.61000,0.93663,0.30871,23.68905,0.03928,0.03479,0.06981,25.32042,0.03786,782.00000,1039.00000,-257.00000
K2AgGaBr3I3,1.19276,-1.19473,2.89073,30.00000,0.85000,0.30000,0.91813,0.37740,24.69348,0.03788,0.03336,0.17042,24.68583,0.03786,782.00000,611.00000,171.00000
Na2SbZnO3Cl3,1.65309,-1.75367,0.15290,30.00000,0.85000,0.28000,0.93089,0.41745,23.83671,0.03789,0.03326,0.04976,23.80230,0.03786,782.00000,617.00000,165.00000
Na2GeZnBr3I3,1.24080,-1.14122,4.55356,30.00000,0.80480,0.30000,0.90374,0.30529,23.65813,0.03901,0.03439,0.10965,25.03348,0.03787,786.00000,975.00000,-189.00000
K2GeZnF3I3,1.49910,-2.08150,5.60252,30.00000,0.79587,1.32000,1.00445,0.36182,23.43398,0.03927,0.03479,0.05200,25.02636,0.03787,786.00000,1037.00000,-251.00000
Na2TiSbO3I3,1.64735,-1.76815,0.50224,30.00000,0.81006,0.78000,0.93888,0.33472,22.75754,0.03891,0.03405,0.05140,23.88151,0.03787,786.00000,956.00000,-170.00000
K2CrMoSe6,1.14850,-1.17392,0.40741,30.00000,0.85000,0.00000,0.99118,0.30429,24.21034,0.03785,0.03309,0.27628,24.21383,0.03787,786.00000,603.00000,183.00000
Na2GeCrO3I3,1.46758,-1.41221,6.10238,30.00000,0.79606,0.78000,0.95076,0.31806,23.56023,0.03925,0.03480,0.05256,25.20091,0.03787,786.00000,1029.00000,-243.00000
K2ZrMoO3Se3,1.65194,-2.07146,0.35515,30.00000,0.85000,0.89000,1.00412,0.38757,23.84921,0.03791,0.03328,0.04978,23.83114,0.03787,786.00000,632.00000,154.00000
Na2SnVO3I3,1.64344,-1.72376,0.50124,30.00000,0.81517,0.78000,0.93403,0.34167,22.94070,0.03874,0.03394,0.05108,23.88234,0.03788,792.00000,906.00000,-114.00000
Na2GeInSe3I3,1.50799,-0.93124,5.35363,30.00000,0.83176,0.11000,0.89319,0.31818,24.47178,0.03832,0.03403,0.05033,25.02101,0.03788,792.00000,783.00000,9.00000
K2SnMnI6,1.14709,-1.12164,0.56499,30.00000,0.85000,0.00000,0.94692,0.30341,24.19566,0.03790,0.03312,0.28060,24.22214,0.03789,794.00000,625.00000,169.00000
K2AgGaF3I3,1.20945,-1.98613,3.64228,30.00000,0.84224,1.32000,0.94513,0.44729,24.57268,0.03807,0.03358,0.14317,24.81128,0.03789,794.00000,699.00000,95.00000
K2WMnS6,1.65778,-1.22683,0.14298,30.00000,0.85000,0.00000,0.99928,0.33832,23.78233,0.03792,0.03327,0.04986,23.79204,0.03789,794.00000,637.00000,157.00000
K2GeSbS3I3,1.53924,-0.94894,4.96615,30.00000,0.82570,0.08000,1.00116,0.27970,24.12584,0.03856,0.03414,0.05050,24.88833,0.03789,794.00000,853.00000,-59.00000
Na2MnCuBr3I3,1.14743,-1.12411,0.35794,30.00000,0.82160,0.30000,0.88660,0.33053,23.36557,0.03858,0.03361,0.28462,24.13419,0.03789,794.00000,861.00000,-67.00000
K2TiFeSe3I3,1.14514,-1.27032,0.47550,30.00000,0.84554,0.11000,0.97146,0.29904,24.04591,0.03803,0.03319,0.28943,24.18078,0.03789,794.00000,681.00000,113.00000
Na2GeGaSe3I3,1.50148,-0.93715,5.67917,30.00000,0.79573,0.11000,0.92335,0.27512,23.41869,0.03930,0.03481,0.05203,25.05425,0.03789,794.00000,1043.00000,-249.00000
Na2TiCrO3Br3,1.65891,-2.03326,0.03780,30.00000,0.85000,0.48000,0.94796,0.36310,23.76795,0.03791,0.03326,0.04985,23.75065,0.03790,801.00000,633.00000,168.00000
Na2VFeSe3Cl3,1.14813,-1.37095,0.25979,30.00000,0.79986,0.61000,0.93381,0.31266,22.72462,0.03914,0.03403,0.28626,24.13612,0.03790,801.00000,1009.00000,-208.00000
Na2GeNbS3Br3,1.29838,-1.23367,6.29186,30.00000,0.81817,0.38000,0.93617,0.30789,24.31250,0.03873,0.03435,0.07470,25.30282,0.03790,801.00000,901.00000,-100.00000
K2GeCuS3Se3,1.32508,-0.85612,6.42034,30.00000,0.85000,0.03000,0.98828,0.32984,25.35074,0.03789,0.03373,0.06451,25.32163,0.03790,801.00000,616.00000,185.00000
Na2GeMnF3I3,1.48197,-1.94325,5.97988,30.00000,0.76019,1.32000,0.94935,0.33476,22.42982,0.04031,0.03560,0.05395,25.16847,0.03791,805.00000,1259.00000,-454.00000
K2VFeSe3Cl3,1.14337,-1.52880,0.25842,30.00000,0.81511,0.61000,1.00487,0.31266,23.11534,0.03879,0.03373,0.30098,24.15558,0.03791,805.00000,916.00000,-111.00000
Na2SnGeI6,1.21426,-0.94217,3.95749,30.00000,0.79765,0.00000,0.90339,0.27727,23.26790,0.03927,0.03450,0.14202,24.88689,0.03791,805.00000,1035.00000,-230.00000
Na2ZrBiO3I3,1.65253,-1.89526,0.45771,30.00000,0.84399,0.78000,0.88806,0.41111,23.67103,0.03809,0.03341,0.05007,23.83079,0.03791,805.00000,704.00000,101.00000
K2MnCuBr3I3,1.14230,-1.20653,0.35318,30.00000,0.85000,0.30000,0.95047,0.33053,24.14224,0.03793,0.03310,0.29798,24.14990,0.03791,805.00000,639.00000,166.00000
Na2GeMnBr6,1.25476,-1.32247,5.21732,30.00000,0.84306,0.00000,0.92986,0.29974,24.89821,0.03807,0.03373,0.09466,25.11904,0.03791,805.00000,697.00000,108.00000
K2TiCrSe3I3,1.15197,-1.29060,0.48256,30.00000,0.83724,0.11000,0.97685,0.29187,23.87850,0.03814,0.03333,0.26681,24.17167,0.03791,805.00000,727.00000,78.00000
K2FeMnS3I3,1.14561,-1.13971,0.41883,30.00000,0.85000,0.08000,0.97111,0.31931,24.18398,0.03790,0.03310,0.28595,24.15496,0.03792,812.00000,624.00000,188.00000
K2MoFeSe3I3,1.15080,-1.02363,0.51950,30.00000,0.84145,0.11000,0.97415,0.29545,23.98551,0.03806,0.03326,0.27012,24.18288,0.03792,812.00000,694.00000,118.00000
Na2WGaS3Cl3,1.62325,-1.26400,1.74959,30.00000,0.82720,0.58000,0.93361,0.33425,23.48718,0.03850,0.03383,0.05052,24.11971,0.03792,812.00000,838.00000,-26.00000
K2TiCrO3Br3,1.65808,-2.11458,0.05161,30.00000,0.85000,0.48000,1.02515,0.36310,23.77720,0.03791,0.03326,0.04984,23.72996,0.03792,812.00000,626.00000,186.00000
Na2ZrMoO3Se3,1.65881,-1.99496,0.36247,30.00000,0.84272,0.89000,0.92874,0.38757,23.56388,0.03815,0.03345,0.05022,23.75056,0.03793,816.00000,729.00000,87.00000
Na2GeCrS3Se3,1.43135,-1.02416,6.95626,30.00000,0.84466,0.03000,0.93996,0.29974,25.15728,0.03807,0.03390,0.05185,25.31094,0.03793,816.00000,696.00000,120.00000
K2GeFeO3Br3,1.33020,-1.55010,6.88870,30.00000,0.85000,0.48000,1.03532,0.34970,25.36889,0.03795,0.03379,0.06346,25.38296,0.03793,816.00000,651.00000,165.00000
Na2GeTaS3I3,1.53056,-1.11044,5.14187,30.00000,0.81976,0.08000,0.92562,0.28960,24.00032,0.03869,0.03427,0.05072,24.85986,0.03793,816.00000,892.00000,-76.00000
K2FeMnO3F3,1.65663,-2.40619,0.03742,30.00000,0.85000,0.54000,1.05889,0.47601,23.79539,0.03790,0.03325,0.04980,23.69624,0.03794,820.00000,620.00000,200.00000
Na2CrMoO3Cl3,1.66180,-1.68163,0.19835,30.00000,0.85000,0.28000,0.95936,0.37539,23.73100,0.03797,0.03329,0.04996,23.73178,0.03794,820.00000,661.00000,159.00000
K2TiGaSe3F3,1.61981,-2.31767,1.91311,30.00000,0.79127,1.43000,1.02895,0.37234,22.47667,0.03946,0.03457,0.05206,24.14540,0.03794,820.00000,1073.00000,-253.00000
Na2GeMnS3Se3,1.39880,-0.98461,6.91000,30.00000,0.85000,0.03000,0.93432,0.30759,25.37359,0.03790,0.03378,0.05342,25.35502,0.03794,820.00000,621.00000,199.00000
Na2ZrGaO3I3,1.62776,-2.03945,1.73458,30.00000,0.83275,0.78000,0.91323,0.37222,23.59945,0.03839,0.03374,0.05036,24.07947,0.03794,820.00000,800.00000,20.00000
Li2GeMoS3Se3,1.42485,-0.96071,6.91316,30.00000,0.65451,0.03000,0.76436,0.29319,19.35944,0.04409,0.03850,0.06284,25.31896,0.03794,820.00000,1897.00000,-1077.00000
K2GeVSe3F3,1.40664,-2.12950,7.11288,30.00000,0.73272,1.43000,1.06553,0.32523,21.77834,0.04123,0.03636,0.05893,25.33223,0.03794,820.00000,1503.00000,-683.00000
K2WGaSe3F3,1.62808,-2.02759,1.57535,30.00000,0.78974,1.43000,1.03009,0.37082,22.35716,0.03951,0.03457,0.05222,24.04168,0.03794,820.00000,1084.00000,-264.00000
K2VFeSe3Br3,1.13742,-1.35390,0.21761,30.00000,0.82052,0.41000,0.99616,0.30076,23.19372,0.03871,0.03364,0.32462,24.10116,0.03795,828.00000,896.00000,-68.00000
Na2GeVO3I3,1.49193,-1.63904,6.14417,30.00000,0.77503,0.78000,0.96603,0.29722,22.83389,0.03994,0.03531,0.05317,25.09717,0.03796,829.00000,1169.00000,-340.00000
K2GeMnO3Se3,1.34884,-1.42640,7.13956,30.00000,0.82142,0.89000,1.03388,0.34763,24.52346,0.03868,0.03436,0.06099,25.32212,0.03796,829.00000,890.00000,-61.00000
Na2ZrBiO3Br3,1.66436,-1.97466,0.15650,30.00000,0.85000,0.48000,0.89703,0.44048,23.69858,0.03799,0.03329,0.05001,23.68288,0.03796,829.00000,668.00000,161.00000
Li2GeNbSe3Cl3,1.43224,-1.27311,6.76655,30.00000,0.60376,0.61000,0.75700,0.30871,17.80240,0.04633,0.04016,0.06643,25.27827,0.03797,832.00000,2072.00000,-1240.00000
K2SbCuO3F3,1.13511,-2.22923,0.19786,30.00000,0.85000,0.54000,1.04841,0.49077,24.01587,0.03800,0.03309,0.32801,24.03855,0.03797,832.00000,671.00000,161.00000
K2VZnSe3Br3,1.13849,-1.38335,0.21698,30.00000,0.84766,0.41000,0.97803,0.32487,24.00432,0.03800,0.03313,0.31499,24.07182,0.03797,832.00000,675.00000,157.00000
Na2AgInI6,1.17749,-0.99405,2.67915,30.00000,0.85000,0.00000,0.82553,0.39773,24.55770,0.03796,0.03336,0.20022,24.54532,0.03797,832.00000,655.00000,177.00000
Na2TaSbSe6,1.14866,-1.01655,0.72901,30.00000,0.85000,0.00000,0.91652,0.31313,24.21155,0.03791,0.03314,0.27630,24.16341,0.03797,832.00000,628.00000,204.00000
Na2GeMnCl3I3,1.24737,-1.25959,5.53233,30.00000,0.78245,0.50000,0.92599,0.29302,23.01391,0.03979,0.03501,0.10681,25.10048,0.03798,837.00000,1144.00000,-307.00000
Na2MoBiSe3I3,1.13920,-0.93155,0.52024,30.00000,0.83481,0.11000,0.88996,0.32297,23.64022,0.03837,0.03341,0.31401,24.08922,0.03798,837.00000,796.00000,41.00000
K2CrMnO3I3,1.65650,-1.64892,0.45165,30.00000,0.83876,0.78000,1.00101,0.35000,23.47549,0.03824,0.03353,0.05038,23.80062,0.03798,837.00000,762.00000,75.00000
K2SnFeO3Cl3,1.66423,-1.80015,0.11136,30.00000,0.85000,0.28000,1.00971,0.41589,23.70082,0.03798,0.03329,0.05000,23.66751,0.03798,837.00000,664.00000,173.00000
K2GeMnBr6,1.24031,-1.43460,4.98318,30.00000,0.85000,0.00000,0.99925,0.29974,25.02608,0.03793,0.03357,0.10599,24.97059,0.03798,837.00000,638.00000,199.00000
Na2GeFeO3Br3,1.41705,-1.50628,7.35234,30.00000,0.85000,0.48000,0.95736,0.34970,25.35794,0.03798,0.03386,0.05236,25.36219,0.03798,837.00000,667.00000,170.00000
Na2TiGaSe3Cl3,1.62688,-1.59624,1.83236,30.00000,0.80850,0.61000,0.92636,0.32322,22.90955,0.03903,0.03422,0.05140,24.07446,0.03798,837.00000,985.00000,-148.00000
Na2TiSbO3Br3,1.66306,-1.92211,0.13537,30.00000,0.85000,0.48000,0.95107,0.35863,23.71585,0.03797,0.03329,0.04997,23.67903,0.03798,837.00000,662.00000,175.00000
K2VMnO3Cl3,1.66378,-2.07013,0.09715,30.00000,0.85000,0.28000,1.04417,0.36916,23.70542,0.03797,0.03328,0.04997,23.66401,0.03798,837.00000,660.00000,177.00000
K2MnInSe6,1.15592,-1.07229,1.40925,30.00000,0.85000,0.00000,0.94717,0.36490,24.30317,0.03795,0.03322,0.25719,24.24844,0.03799,846.00000,649.00000,197.00000
K2MnSbO6,1.65962,-2.00392,0.18691,30.00000,0.85000,0.00000,1.06285,0.44464,23.75970,0.03795,0.03329,0.04990,23.69736,0.03799,846.00000,646.00000,200.00000
K2GeCrO3I3,1.51357,-1.46634,5.80319,30.00000,0.80231,0.78000,1.02527,0.31806,23.57004,0.03919,0.03471,0.05169,24.97756,0.03799,846.00000,1016.00000,-170.00000
K2SnInS3I3,1.63275,-1.05500,1.40982,30.00000,0.85000,0.08000,0.93599,0.36881,24.04132,0.03794,0.03337,0.04966,23.96306,0.03799,846.00000,644.00000,202.00000
Na2GeCuS3Se3,1.45366,-0.81082,6.80695,30.00000,0.85000,0.03000,0.91868,0.32984,25.24282,0.03795,0.03381,0.05085,25.19492,0.03800,850.00000,647.00000,203.00000
Na2MoWO3S3,1.66386,-1.60985,0.25993,30.00000,0.84148,0.86000,0.96090,0.36728,23.46201,0.03821,0.03347,0.05038,23.65566,0.03800,850.00000,756.00000,94.00000
Na2GeVSe3F3,1.37461,-2.07785,7.59084,30.00000,0.74690,1.43000,0.98444,0.32523,22.23717,0.04088,0.03607,0.06167,25.38298,0.03800,850.00000,1416.00000,-566.00000
K2ZrMoSe6,1.13742,-1.34427,0.40570,30.00000,0.85000,0.00000,0.97143,0.33081,24.05109,0.03800,0.03311,0.32036,24.06814,0.03800,850.00000,672.00000,178.00000
Na2VFeSe3I3,1.13340,-1.03876,0.50857,30.00000,0.80398,0.11000,0.91733,0.28349,22.64383,0.03928,0.03401,0.34797,24.00321,0.03801,854.00000,1040.00000,-186.00000
K2NbCuSe3Cl3,1.13814,-1.38624,0.28071,30.00000,0.85000,0.61000,0.96885,0.36148,24.06387,0.03796,0.03309,0.31611,24.01081,0.03801,854.00000,657.00000,197.00000
K2CrMoS3I3,1.13250,-1.13186,0.49086,30.00000,0.84980,0.08000,0.98685,0.29827,23.97486,0.03809,0.03314,0.34111,24.03084,0.03801,854.00000,706.00000,148.00000
Li2GeTaS3Br3,1.50618,-1.23049,6.19482,30.00000,0.62560,0.38000,0.75690,0.30789,18.27693,0.04545,0.03944,0.06218,25.01675,0.03802,857.00000,2008.00000,-1151.00000
Na2SnMoO3Se3,1.66737,-1.46655,0.37559,30.00000,0.83858,0.89000,0.93472,0.37870,23.33518,0.03833,0.03355,0.05063,23.67314,0.03802,857.00000,787.00000,70.00000
K2TiBiS3I3,1.66097,-1.34134,0.43394,30.00000,0.85000,0.08000,0.95764,0.33787,23.74500,0.03801,0.03333,0.05000,23.71523,0.03803,859.00000,676.00000,183.00000
K2MoWS6,1.67055,-1.18264,0.24573,30.00000,0.85000,0.00000,1.01057,0.32337,23.61881,0.03806,0.03333,0.05021,23.59872,0.03803,859.00000,693.00000,166.00000
Li2GeNbS3Br3,1.29387,-1.25015,6.68518,30.00000,0.62560,0.38000,0.75690,0.30789,18.39529,0.04548,0.03939,0.09571,25.25036,0.03803,859.00000,2010.00000,-1151.00000
Na2GeSbO3I3,1.53359,-1.28331,5.54344,30.00000,0.79217,0.78000,0.95377,0.31389,23.15498,0.03952,0.03491,0.05207,24.84109,0.03803,859.00000,1088.00000,-229.00000
Na2ZrCrSe3Br3,1.13196,-1.51026,0.20465,30.00000,0.83004,0.41000,0.90081,0.33883,23.38858,0.03854,0.03346,0.34774,23.97966,0.03804,863.00000,850.00000,13.00000
Na2MnInSe3I3,1.14440,-1.01978,1.40206,30.00000,0.84675,0.11000,0.87493,0.34569,24.07258,0.03817,0.03330,0.29346,24.23953,0.03805,864.00000,738.00000,126.00000
Na2SnCrSe3Br3,1.13147,-1.18855,0.22123,30.00000,0.82541,0.41000,0.90596,0.33122,23.24429,0.03867,0.03355,0.35043,23.96963,0.03805,864.00000,885.00000,-21.00000
Na2SnTaS3I3,1.65882,-1.09880,0.77761,30.00000,0.85000,0.08000,0.89804,0.32921,23.76924,0.03805,0.03337,0.05006,23.68144,0.03805,864.00000,687.00000,177.00000
K2TiGaS3Br3,1.64013,-1.60487,1.58881,30.00000,0.84946,0.38000,0.99628,0.32237,23.95510,0.03804,0.03343,0.04988,23.92995,0.03805,864.00000,686.00000,178.00000
K2GeTaO3Br3,1.52143,-1.95019,6.03602,30.00000,0.85000,0.48000,1.03647,0.34821,24.95886,0.03805,0.03381,0.04974,24.93840,0.03806,868.00000,688.00000,180.00000
K2SnVSe3Br3,1.13179,-1.40249,0.24790,30.00000,0.83407,0.41000,0.98749,0.31218,23.50543,0.03845,0.03340,0.34782,23.93404,0.03806,868.00000,816.00000,52.00000
Na2CrMoS3Se3,1.12861,-1.08738,0.33869,30.00000,0.85000,0.03000,0.92874,0.31545,23.92002,0.03811,0.03312,0.35918,23.94179,0.03807,870.00000,714.00000,156.00000
Na2ZrBiS3I3,1.67196,-1.24922,0.43751,30.00000,0.85000,0.08000,0.87364,0.36634,23.60176,0.03811,0.03336,0.05031,23.62307,0.03807,870.00000,713.00000,157.00000
Na2VZnSe3Br3,1.13107,-1.25842,0.21595,30.00000,0.82118,0.41000,0.91030,0.32487,23.11727,0.03879,0.03364,0.35400,23.97022,0.03807,870.00000,918.00000,-48.00000
Na2GeFeSe3F3,1.32037,-1.78280,7.46364,30.00000,0.77537,1.43000,0.96129,0.35714,23.04955,0.04007,0.03542,0.07096,25.31974,0.03808,873.00000,1201.00000,-328.00000
Na2GeTaSe3F3,1.50884,-2.19286,6.45233,30.00000,0.77423,1.43000,0.96236,0.35562,22.74072,0.04009,0.03541,0.05325,24.96919,0.03808,873.00000,1204.00000,-331.00000
K2WBiO3Br3,1.67372,-1.45866,0.18485,30.00000,0.85000,0.48000,0.99474,0.40476,23.57905,0.03808,0.03333,0.05028,23.50546,0.03809,875.00000,700.00000,175.00000
K2SnTaS3I3,1.66384,-1.23262,0.75725,30.00000,0.85000,0.08000,0.96388,0.32921,23.70548,0.03809,0.03338,0.05016,23.70802,0.03809,875.00000,705.00000,170.00000
K2SnVO3Br3,1.67649,-1.89063,0.14032,30.00000,0.85000,0.48000,1.02292,0.36607,23.54097,0.03810,0.03333,0.05034,23.50825,0.03809,875.00000,709.00000,166.00000
K2ZrFeO3I3,1.67150,-1.98064,0.44519,30.00000,0.85000,0.78000,0.97984,0.37917,23.60537,0.03810,0.03336,0.05030,23.55730,0.03810,878.00000,711.00000,167.00000
K2SnCrSe3I3,1.13374,-1.04808,0.48067,30.00000,0.85000,0.11000,0.96172,0.31220,23.99946,0.03807,0.03313,0.33531,23.96818,0.03810,878.00000,695.00000,183.00000
K2GeInSe3I3,1.56163,-0.97207,5.16702,30.00000,0.85000,0.11000,0.95735,0.31818,24.69645,0.03810,0.03375,0.04976,24.65629,0.03810,878.00000,708.00000,170.00000
Na2CrMoS3I3,1.13037,-1.04547,0.50303,30.00000,0.82769,0.08000,0.91944,0.29827,23.29397,0.03868,0.03356,0.35730,23.91255,0.03811,881.00000,889.00000,-8.00000
Na2TiWO3Se3,1.67914,-1.92936,0.28621,30.00000,0.82527,0.89000,0.95001,0.35651,22.81163,0.03878,0.03383,0.05150,23.54881,0.03811,881.00000,912.00000,-31.00000
Na2SnZnS3Se3,1.67235,-0.95123,0.26414,30.00000,0.85000,0.03000,0.88893,0.37435,23.59828,0.03808,0.03334,0.05027,23.54103,0.03811,881.00000,702.00000,179.00000
K2WFeSe3F3,1.67550,-1.97796,0.27220,30.00000,0.79719,1.43000,1.02441,0.37842,22.06461,0.03949,0.03438,0.05266,23.53303,0.03811,881.00000,1082.00000,-201.00000
Na2TiCrO3Cl3,1.68072,-2.14397,0.02975,30.00000,0.85000,0.28000,0.95611,0.38006,23.48901,0.03812,0.03333,0.05041,23.47970,0.03811,881.00000,718.00000,163.00000
Na2VNbO3Se3,1.67505,-2.11064,0.35653,30.00000,0.81988,0.89000,0.95521,0.34911,22.70876,0.03889,0.03393,0.05163,23.53556,0.03811,881.00000,950.00000,-69.00000
Na2GeInSe3Br3,1.53457,-1.16901,6.05699,30.00000,0.82930,0.41000,0.90166,0.33756,24.26381,0.03863,0.03422,0.05060,24.84652,0.03812,887.00000,876.00000,11.00000
K2GeNbS3Br3,1.23268,-1.34880,5.95535,30.00000,0.83225,0.38000,1.00731,0.30789,24.44891,0.03858,0.03407,0.11603,25.05851,0.03812,887.00000,864.00000,23.00000
Li2GeMoSe6,1.22887,-0.91110,5.58194,30.00000,0.64105,0.00000,0.76278,0.28283,18.62173,0.04495,0.03878,0.14910,24.95784,0.03812,887.00000,1972.00000,-1085.00000
Na2ZrMoS3Se3,1.12448,-1.24595,0.34122,30.00000,0.85000,0.03000,0.90973,0.34293,23.85615,0.03817,0.03313,0.37585,23.88732,0.03812,887.00000,735.00000,152.00000
K2SnMoO3Se3,1.67423,-1.50919,0.36789,30.00000,0.85000,0.89000,1.01059,0.37870,23.57259,0.03812,0.03336,0.05036,23.53945,0.03812,887.00000,715.00000,172.00000
K2GeTaSe3F3,1.53191,-2.19750,6.13230,30.00000,0.77312,1.43000,1.04163,0.35562,22.59224,0.04017,0.03541,0.05312,24.90251,0.03813,892.00000,1225.00000,-333.00000
Na2TaSbO6,1.66853,-2.40128,0.87857,30.00000,0.85000,0.00000,0.97665,0.44286,23.64171,0.03815,0.03342,0.05034,23.63133,0.03813,892.00000,730.00000,162.00000
K2WGaS3I3,1.65643,-1.11384,1.42091,30.00000,0.85000,0.08000,0.98403,0.30198,23.79845,0.03814,0.03346,0.05020,23.74193,0.03814,894.00000,726.00000,168.00000
K2VNbSe6,1.12742,-1.28088,0.40434,30.00000,0.85000,0.00000,0.99600,0.29798,23.89968,0.03814,0.03314,0.36310,23.90332,0.03814,894.00000,724.00000,170.00000
Li2GeVSe3Cl3,1.27393,-1.32068,7.31875,30.00000,0.59529,0.61000,0.77258,0.28232,17.41162,0.04720,0.04061,0.11338,25.23574,0.03814,894.00000,2129.00000,-1235.00000
Na2MoGaS3Cl3,1.64371,-1.26253,2.14825,30.00000,0.82513,0.58000,0.93553,0.33151,23.22630,0.03879,0.03399,0.05115,23.94921,0.03814,894.00000,917.00000,-23.00000
K2GeVO3Br3,1.51049,-1.84725,7.00337,30.00000,0.82247,0.48000,1.05986,0.31845,24.19045,0.03886,0.03447,0.05118,24.98177,0.03815,898.00000,936.00000,-38.00000
Na2WFeO3F3,1.67814,-2.50750,0.13933,30.00000,0.85000,0.54000,0.98155,0.45941,23.52192,0.03812,0.03333,0.05037,23.49641,0.03815,898.00000,716.00000,182.00000
K2GeTaSe3Cl3,1.55682,-1.50943,5.68316,30.00000,0.81020,0.61000,1.00791,0.30871,23.54953,0.03918,0.03459,0.05150,24.73873,0.03816,900.00000,1012.00000,-112.00000
K2GeSbO3I3,1.57355,-1.31688,5.29969,30.00000,0.79681,0.78000,1.02852,0.31389,23.02442,0.03958,0.03486,0.05216,24.61107,0.03816,900.00000,1097.00000,-197.00000
Na2SnSbO3Br3,1.68021,-1.37589,0.17535,30.00000,0.85000,0.48000,0.93369,0.38393,23.49576,0.03814,0.03335,0.05043,23.46742,0.03817,902.00000,725.00000,177.00000
K2ZrCrSe3Br3,1.12194,-1.58935,0.20616,30.00000,0.85000,0.41000,0.96783,0.33883,23.80573,0.03818,0.03312,0.38632,23.85572,0.03818,903.00000,739.00000,164.00000
Na2VNbS3Se3,1.12923,-1.18986,0.33407,30.00000,0.85000,0.03000,0.93338,0.30890,23.92679,0.03810,0.03312,0.35720,23.86800,0.03818,903.00000,710.00000,193.00000
K2ZrGaS3Br3,1.65843,-1.62503,1.49583,30.00000,0.85000,0.38000,0.97399,0.35263,23.77322,0.03817,0.03348,0.05025,23.75533,0.03818,903.00000,737.00000,166.00000
Na2GeBiO3I3,1.57937,-1.24580,4.92485,30.00000,0.82574,0.78000,0.92256,0.35833,23.83505,0.03877,0.03421,0.05082,24.51379,0.03818,903.00000,910.00000,-7.00000
K2VFeS3Br3,1.11678,-1.37807,0.08631,30.00000,0.83715,0.38000,1.00428,0.31184,23.34959,0.03856,0.03335,0.41040,23.78041,0.03819,907.00000,855.00000,52.00000
Li2GeVO3Br3,1.46937,-1.71824,8.04650,30.00000,0.66397,0.48000,0.77893,0.31845,19.55265,0.04406,0.03848,0.06076,25.18895,0.03819,907.00000,1895.00000,-988.00000
Na2MnSbSe3Br3,1.12253,-1.15259,0.24355,30.00000,0.81470,0.41000,0.91644,0.31599,22.79578,0.03909,0.03379,0.39247,23.80715,0.03819,907.00000,1003.00000,-96.00000
Na2SnGaO3Br3,1.65883,-1.55246,1.65520,30.00000,0.85000,0.48000,0.92969,0.38988,23.76905,0.03821,0.03350,0.05031,23.72098,0.03820,910.00000,753.00000,157.00000
Na2TiCrS3Se3,1.12059,-1.28229,0.24709,30.00000,0.85000,0.03000,0.92597,0.31937,23.77994,0.03820,0.03313,0.39378,23.78425,0.03820,910.00000,752.00000,158.00000
K2CrWO3Br3,1.68819,-1.68455,0.12107,30.00000,0.85000,0.48000,1.02627,0.36161,23.39053,0.03822,0.03337,0.05063,23.40017,0.03821,912.00000,758.00000,154.00000
K2MnSbS3I3,1.12100,-1.00580,0.45698,30.00000,0.85000,0.08000,0.97938,0.30817,23.78933,0.03824,0.03316,0.39223,23.84669,0.03821,912.00000,760.00000,152.00000
K2GeNbSe3F3,1.53099,-2.18115,6.59210,30.00000,0.77312,1.43000,1.04163,0.35562,22.59831,0.04025,0.03549,0.05325,24.92427,0.03821,912.00000,1239.00000,-327.00000
Na2SnGaS3I3,1.66293,-0.94476,1.58174,30.00000,0.84762,0.08000,0.90140,0.32426,23.65095,0.03829,0.03355,0.05047,23.65741,0.03821,912.00000,777.00000,135.00000
K2GeSbS3Br3,1.57404,-1.02098,5.69706,30.00000,0.81841,0.38000,1.01548,0.29737,23.66292,0.03907,0.03447,0.05132,24.64028,0.03821,912.00000,999.00000,-87.00000
K2MoFeO3Br3,1.68483,-1.64204,0.15531,30.00000,0.85000,0.48000,1.02180,0.36756,23.43506,0.03819,0.03336,0.05054,23.42617,0.03822,917.00000,744.00000,173.00000
K2ZrCrSe3I3,1.12683,-1.31214,0.47600,30.00000,0.85000,0.11000,0.95649,0.31938,23.89290,0.03816,0.03315,0.36511,23.80409,0.03822,917.00000,733.00000,184.00000
K2GeInSe3Br3,1.56025,-1.21874,5.80439,30.00000,0.85000,0.41000,0.96875,0.33756,24.70510,0.03820,0.03383,0.04991,24.68258,0.03822,917.00000,749.00000,168.00000
K2SnSbO3Br3,1.68969,-1.48735,0.17864,30.00000,0.85000,0.48000,1.00972,0.38393,23.37131,0.03824,0.03338,0.05068,23.36692,0.03823,920.00000,761.00000,159.00000
K2GeGaSe3I3,1.57338,-0.98037,5.47000,30.00000,0.81592,0.11000,0.98968,0.27512,23.59512,0.03909,0.03448,0.05136,24.56926,0.03823,920.00000,1002.00000,-82.00000
Na2ZrCrSe3I3,1.12251,-1.24733,0.48553,30.00000,0.83254,0.11000,0.89238,0.31938,23.31105,0.03867,0.03348,0.38938,23.83228,0.03823,920.00000,884.00000,36.00000
Na2TiMoS3Se3,1.12131,-1.17821,0.34002,30.00000,0.85000,0.03000,0.93059,0.31283,23.79263,0.03821,0.03314,0.38962,23.75049,0.03824,923.00000,755.00000,168.00000
K2SnGaSe3Cl3,1.65894,-1.35234,1.58862,30.00000,0.85000,0.61000,0.98024,0.34565,23.76737,0.03820,0.03349,0.05029,23.69323,0.03824,923.00000,746.00000,177.00000
Na2SnInO3Br3,1.66138,-1.53651,1.48669,30.00000,0.85000,0.48000,0.89518,0.44345,23.73810,0.03820,0.03348,0.05031,23.67901,0.03824,923.00000,751.00000,172.00000
K2SnMnS3Se3,1.11567,-1.06688,0.26595,30.00000,0.85000,0.03000,0.97390,0.34948,23.69845,0.03828,0.03314,0.41207,23.78538,0.03824,923.00000,774.00000,149.00000
K2MnGaO3Cl3,1.65071,-1.81408,2.32240,30.00000,0.85000,0.28000,1.02550,0.39408,23.86359,0.03826,0.03357,0.05032,23.83460,0.03824,923.00000,769.00000,154.00000
K2GeBiO3I3,1.59375,-1.29559,4.73333,30.00000,0.84664,0.78000,0.99487,0.35833,24.32697,0.03831,0.03382,0.05010,24.35358,0.03825,928.00000,782.00000,146.00000
Na2GeNbSe3Br3,1.19860,-1.23631,5.14937,30.00000,0.79852,0.41000,0.92989,0.29695,23.18392,0.03959,0.03470,0.16942,24.71374,0.03825,928.00000,1101.00000,-173.00000
Na2GeVSe3I3,1.18955,-0.98293,4.80253,30.00000,0.77454,0.11000,0.93742,0.25598,22.39251,0.04030,0.03518,0.18911,24.65513,0.03826,930.00000,1253.00000,-323.00000
K2NbCuS3Br3,1.11489,-1.31651,0.12387,30.00000,0.85000,0.38000,0.96834,0.36053,23.68844,0.03827,0.03313,0.41372,23.68368,0.03827,931.00000,771.00000,160.00000
Na2TiWSe6,1.11652,-1.15581,0.35326,30.00000,0.84510,0.00000,0.92273,0.30429,23.57345,0.03841,0.03324,0.41110,23.71867,0.03827,931.00000,803.00000,128.00000
Na2GeMnO3Se3,1.50137,-1.44886,7.62461,30.00000,0.81874,0.89000,0.95626,0.34763,24.11087,0.03904,0.03462,0.05155,25.01744,0.03827,931.00000,987.00000,-56.00000
K2GeCrO3Br3,1.53743,-1.61827,6.95047,30.00000,0.85000,0.48000,1.04222,0.34077,24.86761,0.03829,0.03396,0.05003,24.87991,0.03828,934.00000,776.00000,158.00000
Na2GeSbS3Br3,1.57483,-0.94896,6.00228,30.00000,0.80819,0.38000,0.94377,0.29737,23.35180,0.03941,0.03473,0.05187,24.63926,0.03828,934.00000,1064.00000,-130.00000
K2FeSbO3Cl3,1.69393,-1.79037,0.15906,30.00000,0.85000,0.28000,1.03011,0.38785,23.31650,0.03829,0.03339,0.05079,23.27449,0.03830,936.00000,775.00000,161.00000
Li2GeVSe3F3,1.47922,-1.91972,8.15743,30.00000,0.57848,1.43000,0.78009,0.32523,16.94376,0.04813,0.04146,0.06761,25.09433,0.03830,936.00000,2160.00000,-1224.00000
K2GeSbSe3F3,1.55232,-1.90801,6.28222,30.00000,0.75812,1.43000,1.05106,0.34347,22.02646,0.04078,0.03582,0.05411,24.68860,0.03831,938.00000,1388.00000,-450.00000
K2WGaS3Br3,1.67681,-1.29915,1.33835,30.00000,0.84798,0.38000,0.99727,0.32105,23.48182,0.03837,0.03355,0.05077,23.53782,0.03831,938.00000,795.00000,143.00000
K2GeFeO3Se3,1.54361,-1.38949,7.12472,30.00000,0.82142,0.89000,1.03388,0.34763,23.96663,0.03908,0.03455,0.05131,24.82032,0.03831,938.00000,1000.00000,-62.00000
K2MoAgS3I3,1.13897,-1.03057,2.33830,30.00000,0.85000,0.08000,0.92760,0.38119,24.08034,0.03832,0.03339,0.31790,24.10933,0.03831,938.00000,784.00000,154.00000
K2MnSbBr3I3,1.11562,-1.25413,0.38491,30.00000,0.82720,0.30000,0.97333,0.29928,23.03460,0.03889,0.03358,0.41487,23.68482,0.03832,942.00000,951.00000,-9.00000
K2GeVS3I3,1.19313,-1.15924,5.43546,30.00000,0.80393,0.08000,1.01292,0.26485,23.30805,0.03953,0.03464,0.17898,24.70543,0.03832,942.00000,1089.00000,-147.00000
Li2WGaO3Br3,1.67353,-1.60412,1.58736,30.00000,0.66830,0.48000,0.75342,0.36310,18.45183,0.04407,0.03776,0.06033,23.56008,0.03832,942.00000,1896.00000,-954.00000
Na2NbCuS3I3,1.11254,-1.03927,0.46883,30.00000,0.85000,0.08000,0.89140,0.33911,23.64254,0.03836,0.03318,0.41950,23.67529,0.03833,945.00000,793.00000,152.00000
K2ZrCrO3I3,1.69549,-2.02929,0.45365,30.00000,0.85000,0.78000,0.98579,0.37083,23.29884,0.03835,0.03344,0.05092,23.27750,0.03833,945.00000,792.00000,153.00000
Na2GeTaSe3Cl3,1.57617,-1.39029,5.95609,30.00000,0.79637,0.61000,0.93663,0.30871,22.99186,0.03974,0.03497,0.05239,24.57000,0.03833,945.00000,1134.00000,-189.00000
Na2MoAgS3I3,1.14409,-0.92961,2.43143,30.00000,0.85000,0.08000,0.86424,0.38119,24.16302,0.03828,0.03339,0.29700,24.10026,0.03834,948.00000,773.00000,175.00000
K2MnSbI6,1.11269,-1.10126,0.58287,30.00000,0.83312,0.00000,0.96202,0.28295,23.15544,0.03881,0.03351,0.42043,23.69997,0.03834,948.00000,923.00000,25.00000
K2TiCrO3I3,1.69455,-2.05863,0.46065,30.00000,0.82723,0.78000,1.00931,0.33889,22.67396,0.03892,0.03387,0.05186,23.25007,0.03834,948.00000,957.00000,-9.00000
Na2WMnO6,1.69890,-2.15468,0.14263,30.00000,0.85000,0.00000,0.97544,0.44464,23.25242,0.03833,0.03341,0.05092,23.18830,0.03835,951.00000,788.00000,163.00000
Na2SnFeS3Se3,1.10941,-0.87816,0.26570,30.00000,0.85000,0.03000,0.90532,0.34948,23.58779,0.03837,0.03316,0.42428,23.62424,0.03835,951.00000,794.00000,157.00000
Na2MoGaSe3F3,1.66564,-1.86775,1.95695,30.00000,0.78280,1.43000,0.95381,0.36778,21.76954,0.04013,0.03491,0.05358,23.66928,0.03835,951.00000,1217.00000,-266.00000
K2TiWO3Se3,1.69865,-1.99774,0.28357,30.00000,0.83145,0.89000,1.02712,0.35651,22.74258,0.03882,0.03378,0.05174,23.25284,0.03836,954.00000,928.00000,26.00000
K2GeCrO3Se3,1.53517,-1.53213,7.18871,30.00000,0.81059,0.89000,1.04074,0.33876,23.70006,0.03933,0.03477,0.05174,24.81729,0.03836,954.00000,1047.00000,-93.00000
K2SnWS3Se3,1.69285,-1.03153,0.28949,30.00000,0.85000,0.03000,0.98248,0.33770,23.32859,0.03830,0.03341,0.05080,23.28088,0.03836,954.00000,779.00000,175.00000
K2VNbO3Se3,1.69860,-2.15005,0.34896,30.00000,0.82314,0.89000,1.03275,0.34911,22.51060,0.03905,0.03395,0.05211,23.24035,0.03836,954.00000,992.00000,-38.00000
Na2GeVO3Br3,1.52508,-1.76198,7.48007,30.00000,0.83362,0.48000,0.98005,0.31845,24.44737,0.03873,0.03433,0.05078,24.89460,0.03836,954.00000,903.00000,51.00000
K2TiMoO3Se3,1.69486,-2.02887,0.35510,30.00000,0.82819,0.89000,1.02936,0.35355,22.69729,0.03888,0.03384,0.05179,23.22459,0.03837,959.00000,944.00000,15.00000
K2MoSbSe3I3,1.11347,-0.92110,0.54280,30.00000,0.82844,0.11000,0.98231,0.28469,23.03023,0.03891,0.03359,0.41990,23.68822,0.03837,959.00000,954.00000,5.00000
Na2TaFeO3F3,1.68762,-2.81296,0.86676,30.00000,0.85000,0.54000,0.97172,0.47417,23.39990,0.03835,0.03348,0.05083,23.35506,0.03837,959.00000,790.00000,169.00000
Na2GeCrS3I3,1.19826,-1.01217,5.65656,30.00000,0.81369,0.08000,0.93008,0.28342,23.64282,0.03927,0.03446,0.16855,24.70407,0.03837,959.00000,1033.00000,-74.00000
K2GeVO3I3,1.58260,-1.77827,5.84234,30.00000,0.77297,0.78000,1.04173,0.29722,22.24491,0.04044,0.03548,0.05352,24.50196,0.03838,963.00000,1299.00000,-336.00000
K2CrMoSe3I3,1.11292,-1.06022,0.52636,30.00000,0.83290,0.11000,0.97958,0.28828,23.15176,0.03880,0.03351,0.42001,23.59776,0.03838,963.00000,919.00000,44.00000
K2GeWS3Se3,1.60409,-1.02587,5.33067,30.00000,0.85000,0.03000,1.01423,0.29581,24.32913,0.03841,0.03387,0.05029,24.31390,0.03839,965.00000,804.00000,161.00000
K2CuZnBr3I3,1.11266,-1.18741,0.34973,30.00000,0.85000,0.30000,0.93444,0.35337,23.64398,0.03833,0.03316,0.41885,23.54277,0.03839,965.00000,786.00000,179.00000
Na2WFeO3I3,1.70165,-1.48573,0.44359,30.00000,0.81804,0.78000,0.93113,0.34583,22.33127,0.03924,0.03408,0.05246,23.24200,0.03839,965.00000,1027.00000,-62.00000
Na2GeInO3I3,1.55464,-1.36967,6.72306,30.00000,0.83148,0.78000,0.91508,0.36944,24.19660,0.03880,0.03431,0.05088,24.63906,0.03839,965.00000,920.00000,45.00000
Na2TaMnO3F3,1.69533,-2.87093,0.87090,30.00000,0.85000,0.54000,0.97172,0.47417,23.30107,0.03843,0.03351,0.05104,23.28481,0.03840,969.00000,810.00000,159.00000
Na2TaFeO3Cl3,1.69905,-2.10296,0.76780,30.00000,0.85000,0.28000,0.94228,0.40031,23.25052,0.03845,0.03350,0.05111,23.25995,0.03841,970.00000,818.00000,152.00000
Na2SnGeS3Se3,1.58834,-0.85382,6.19848,30.00000,0.85000,0.03000,0.92597,0.31937,24.47529,0.03845,0.03396,0.05029,24.46975,0.03841,970.00000,817.00000,153.00000
Na2FeMnSe3Br3,1.10512,-1.19328,0.18123,30.00000,0.82291,0.41000,0.90856,0.32741,22.72390,0.03912,0.03366,0.43154,23.56450,0.03842,972.00000,1007.00000,-35.00000
K2SbCuO3Cl3,1.10510,-1.78245,0.17336,30.00000,0.85000,0.28000,1.01082,0.41433,23.50036,0.03842,0.03315,0.42996,23.47749,0.03842,972.00000,807.00000,165.00000
K2ZrInO3Br3,1.68523,-2.08664,1.45783,30.00000,0.85000,0.48000,0.96213,0.45238,23.42960,0.03843,0.03356,0.05094,23.40074,0.03842,972.00000,811.00000,161.00000
Na2GeWS3Se3,1.60398,-1.00046,5.58886,30.00000,0.84080,0.03000,0.94281,0.29581,24.06152,0.03868,0.03408,0.05073,24.32927,0.03842,972.00000,891.00000,81.00000
Li2GeVO3I3,1.58183,-1.62662,6.49381,30.00000,0.60226,0.78000,0.77524,0.29722,17.23695,0.04718,0.04049,0.06481,24.56791,0.03843,976.00000,2124.00000,-1148.00000
Na2VFeS3Br3,1.10214,-1.26847,0.07635,30.00000,0.82166,0.38000,0.93335,0.31184,22.63561,0.03919,0.03368,0.43481,23.47033,0.03844,977.00000,1015.00000,-38.00000
Na2GeFeS3Se3,1.21455,-0.85638,6.89604,30.00000,0.85000,0.03000,0.93432,0.30759,24.84895,0.03842,0.03389,0.13877,24.81187,0.03844,977.00000,809.00000,168.00000
K2SbZnO3Cl3,1.70975,-1.83816,0.15939,30.00000,0.85000,0.28000,1.00860,0.41745,23.10399,0.03847,0.03346,0.05120,23.10023,0.03844,977.00000,826.00000,151.00000
K2NbCuSe3I3,1.10528,-1.12950,0.49886,30.00000,0.85000,0.11000,0.95045,0.32775,23.50645,0.03848,0.03320,0.43088,23.57246,0.03845,980.00000,830.00000,150.00000
K2SnGeBr3I3,1.15512,-1.21903,4.16276,30.00000,0.82023,0.30000,0.97786,0.29327,23.40978,0.03923,0.03419,0.26930,24.36343,0.03845,980.00000,1025.00000,-45.00000
Na2CrWO3Br3,1.70694,-1.60874,0.11449,30.00000,0.85000,0.48000,0.94899,0.36161,23.14326,0.03842,0.03344,0.05111,23.08358,0.03846,982.00000,808.00000,174.00000
K2MoFeO3I3,1.70133,-1.49816,0.50991,30.00000,0.83170,0.78000,1.00618,0.34306,22.71306,0.03889,0.03382,0.05187,23.18793,0.03846,982.00000,952.00000,30.00000
K2WAgO3Cl3,1.66177,-1.72198,2.85137,30.00000,0.85000,0.28000,0.96410,0.48287,23.73156,0.03845,0.03368,0.05072,23.67275,0.03846,982.00000,820.00000,162.00000
K2GeMnCl3I3,1.18253,-1.36299,5.28612,30.00000,0.80150,0.50000,0.99418,0.29302,23.14240,0.03967,0.03469,0.20100,24.52282,0.03846,982.00000,1115.00000,-133.00000
K2WGaSe3Cl3,1.68959,-1.41771,1.45944,30.00000,0.82596,0.61000,0.99785,0.32190,22.70164,0.03909,0.03403,0.05208,23.35332,0.03846,982.00000,1001.00000,-19.00000
Na2SnMnO3S3,1.71010,-1.74902,0.11948,30.00000,0.85000,0.86000,0.93044,0.41204,23.09860,0.03846,0.03345,0.05121,23.07391,0.03846,982.00000,823.00000,159.00000
Na2ZrInO3Br3,1.68836,-2.08397,1.53067,30.00000,0.85000,0.48000,0.88968,0.45238,23.38744,0.03847,0.03358,0.05105,23.39703,0.03847,988.00000,828.00000,160.00000
K2GeCuO3S3,1.47639,-1.62982,9.51102,30.00000,0.85000,0.86000,1.02452,0.38889,25.17344,0.03848,0.03422,0.05093,25.12980,0.03847,988.00000,829.00000,159.00000
K2SnInO3I3,1.69067,-1.43216,1.49425,30.00000,0.85000,0.78000,0.95577,0.41389,23.35925,0.03850,0.03358,0.05110,23.33141,0.03847,988.00000,837.00000,151.00000
Na2GeVSe3Br3,1.17652,-1.24610,5.45515,30.00000,0.77196,0.41000,0.94845,0.27157,22.19109,0.04062,0.03538,0.22211,24.53657,0.03848,991.00000,1345.00000,-354.00000
K2ZrGaSe3Cl3,1.68815,-1.78973,1.63419,30.00000,0.85000,0.61000,0.97451,0.35356,23.39110,0.03849,0.03359,0.05107,23.38526,0.03848,991.00000,835.00000,156.00000
Na2WFeO3Cl3,1.71047,-1.59660,0.12263,30.00000,0.85000,0.28000,0.95075,0.38785,23.09296,0.03846,0.03345,0.05122,23.05180,0.03848,991.00000,825.00000,166.00000
Na2TiFeSe3Br3,1.10082,-1.36536,0.18689,30.00000,0.81567,0.41000,0.91556,0.31726,22.43673,0.03940,0.03381,0.43647,23.43524,0.03848,991.00000,1060.00000,-69.00000
Na2NbFeO3I3,1.70667,-1.85414,0.49059,30.00000,0.82495,0.78000,0.92351,0.35694,22.45491,0.03913,0.03397,0.05229,23.14549,0.03848,991.00000,1008.00000,-17.00000
Na2MnSbS3Se3,1.10008,-0.91464,0.30196,30.00000,0.85000,0.03000,0.92140,0.32592,23.41140,0.03853,0.03318,0.43637,23.48757,0.03848,991.00000,843.00000,148.00000
Na2GeVSe3Cl3,1.19923,-1.30407,6.85921,30.00000,0.76950,0.61000,0.95590,0.28232,22.31434,0.04077,0.03560,0.17487,24.76489,0.03848,991.00000,1386.00000,-395.00000
Li2SnGaSe3F3,1.68193,-1.76469,1.93960,30.00000,0.57654,1.43000,0.73939,0.39818,15.80425,0.04855,0.04093,0.06829,23.45524,0.03849,998.00000,2175.00000,-1177.00000
Li2GeVS3Cl3,1.45481,-1.27751,10.05577,30.00000,0.61585,0.58000,0.77452,0.29315,18.12906,0.04660,0.04041,0.06571,25.28002,0.03850,999.00000,2097.00000,-1098.00000
Li2WGaSe3I3,1.69033,-0.95670,1.40236,30.00000,0.61400,0.11000,0.74639,0.29187,16.77463,0.04662,0.03950,0.06497,23.36113,0.03850,999.00000,2098.00000,-1099.00000
K2ZrGaO3Br3,1.68644,-2.08148,1.62235,30.00000,0.85000,0.48000,0.99898,0.39881,23.41372,0.03847,0.03359,0.05102,23.36967,0.03851,1001.00000,827.00000,174.00000
Na2MoAgO3F3,1.64412,-2.30314,4.22519,30.00000,0.85000,0.54000,0.91342,0.56827,23.93303,0.03854,0.03382,0.05073,23.91340,0.03851,1001.00000,849.00000,152.00000
Li2GeTaSe3Cl3,1.59909,-1.30459,6.27035,30.00000,0.60376,0.61000,0.75700,0.30871,17.17262,0.04724,0.04045,0.06492,24.37582,0.03852,1003.00000,2131.00000,-1128.00000
K2SnBiS3I3,1.70692,-1.01492,0.43599,30.00000,0.85000,0.08000,0.94281,0.35891,23.14364,0.03848,0.03349,0.05121,23.08218,0.03852,1003.00000,832.00000,171.00000
Na2GeVS3Cl3,1.50424,-1.32728,9.18639,30.00000,0.78908,0.58000,0.96328,0.29315,23.20129,0.04015,0.03550,0.05337,25.07216,0.03852,1003.00000,1222.00000,-219.00000
Na2ZrGaSe3F3,1.68705,-2.32458,1.88607,30.00000,0.80178,1.43000,0.92703,0.40729,22.05684,0.03980,0.03458,0.05323,23.42933,0.03853,1006.00000,1146.00000,-140.00000
Na2MnGaSe3I3,1.11564,-1.02450,1.50884,30.00000,0.82057,0.11000,0.90385,0.30263,22.84580,0.03927,0.03388,0.41956,23.69031,0.03854,1007.00000,1036.00000,-29.00000
K2MoAgO3Cl3,1.66118,-1.69991,3.45171,30.00000,0.85000,0.28000,0.96613,0.47975,23.74184,0.03856,0.03377,0.05087,23.70685,0.03854,1007.00000,854.00000,153.00000
Li2GeTaSe3F3,1.58727,-2.14499,6.82259,30.00000,0.58192,1.43000,0.76260,0.35562,16.60460,0.04838,0.04134,0.06684,24.48494,0.03854,1007.00000,2169.00000,-1162.00000
Na2GeTaO3Br3,1.59712,-1.90629,6.35412,30.00000,0.85000,0.48000,0.95842,0.34821,24.40005,0.03854,0.03400,0.05049,24.36535,0.03854,1007.00000,848.00000,159.00000
K2ZrSbO3I3,1.71334,-1.85896,0.48156,30.00000,0.85000,0.78000,0.98880,0.36667,23.05277,0.03857,0.03352,0.05142,23.03679,0.03854,1007.00000,859.00000,148.00000
Na2ZrWO3Se3,1.71167,-1.93273,0.29118,30.00000,0.84395,0.89000,0.92676,0.39053,22.90879,0.03866,0.03360,0.05157,23.01672,0.03854,1007.00000,881.00000,126.00000
Na2WSbO3F3,1.71805,-2.31395,0.24084,30.00000,0.85000,0.54000,0.99284,0.44280,22.98772,0.03858,0.03350,0.05149,22.96450,0.03854,1007.00000,862.00000,145.00000
Na2VMnO3Cl3,1.72285,-2.00775,0.08239,30.00000,0.85000,0.28000,0.96372,0.36916,22.91834,0.03861,0.03349,0.05160,22.94414,0.03856,1014.00000,870.00000,144.00000
K2TaFeO3Br3,1.71080,-1.98128,0.58194,30.00000,0.85000,0.48000,1.01080,0.38244,23.08721,0.03856,0.03352,0.05137,23.05417,0.03856,1014.00000,852.00000,162.00000
K2GeMoSe6,1.16091,-0.99728,5.09329,30.00000,0.83779,0.00000,1.00777,0.28283,24.00883,0.03887,0.03397,0.25305,24.37814,0.03856,1014.00000,941.00000,73.00000
Na2GeGaO3I3,1.58246,-1.38562,7.24832,30.00000,0.79732,0.78000,0.94976,0.31944,22.96805,0.04000,0.03517,0.05280,24.51082,0.03856,1014.00000,1183.00000,-169.00000
Na2GeCuO3Se3,1.21689,-1.35727,7.49775,30.00000,0.83545,0.89000,0.93875,0.37278,24.42524,0.03888,0.03426,0.13754,24.83529,0.03857,1018.00000,945.00000,73.00000
Na2SnNbO3Br3,1.71943,-1.96213,0.15773,30.00000,0.85000,0.48000,0.92572,0.39583,22.96713,0.03858,0.03349,0.05151,22.95587,0.03857,1018.00000,863.00000,155.00000
K2GeCrS3I3,1.17165,-1.09565,5.39972,30.00000,0.83079,0.08000,0.99827,0.28342,23.91368,0.03899,0.03413,0.22299,24.41809,0.03858,1020.00000,972.00000,48.00000
Li2GeVSe3Br3,1.16493,-1.25431,5.74151,30.00000,0.59710,0.41000,0.77062,0.27157,16.86052,0.04785,0.04047,0.29164,24.43961,0.03858,1020.00000,2153.00000,-1133.00000
Na2GeVS3I3,1.16667,-1.03683,5.69451,30.00000,0.79343,0.08000,0.94373,0.26485,22.74918,0.04014,0.03495,0.24305,24.44029,0.03859,1022.00000,1219.00000,-197.00000
K2ZrSbO3Br3,1.71808,-1.95882,0.15755,30.00000,0.85000,0.48000,1.00325,0.39286,22.98725,0.03856,0.03349,0.05147,22.93866,0.03859,1022.00000,857.00000,165.00000
K2SnGeS3Se3,1.61433,-0.91750,5.87979,30.00000,0.85000,0.03000,0.99612,0.31937,24.22961,0.03860,0.03398,0.05058,24.19372,0.03860,1024.00000,868.00000,156.00000
K2ZrGaO3I3,1.69822,-2.03374,1.66235,30.00000,0.85000,0.78000,0.98480,0.37222,23.26211,0.03861,0.03364,0.05135,23.23317,0.03860,1024.00000,872.00000,152.00000
Na2NbCuSe3I3,1.10032,-0.96690,0.50913,30.00000,0.83767,0.11000,0.88675,0.32775,23.06275,0.03889,0.03344,0.43743,23.39038,0.03860,1024.00000,949.00000,75.00000
K2MnSbO3F3,1.72065,-2.35227,0.18486,30.00000,0.85000,0.54000,1.07094,0.45941,22.95150,0.03860,0.03350,0.05155,22.92812,0.03860,1024.00000,869.00000,155.00000
Na2GeCuO3S3,1.45467,-1.59964,10.42648,30.00000,0.85000,0.86000,0.94595,0.38889,25.23964,0.03857,0.03433,0.05184,25.20554,0.03860,1024.00000,860.00000,164.00000
K2GeNbO3Br3,1.60603,-1.95201,6.48520,30.00000,0.85000,0.48000,1.03647,0.34821,24.31037,0.03864,0.03404,0.05063,24.33705,0.03861,1029.00000,877.00000,152.00000
Na2MnBiSe3I3,1.09579,-0.87434,0.47594,30.00000,0.84222,0.11000,0.88119,0.33612,23.09882,0.03883,0.03337,0.44041,23.41101,0.03862,1030.00000,929.00000,101.00000
K2TiFeS3I3,1.09781,-1.28852,0.42676,30.00000,0.85000,0.08000,0.97845,0.30941,23.36525,0.03859,0.03321,0.43838,23.37994,0.03863,1031.00000,866.00000,165.00000
Na2SbCuO3Cl3,1.09313,-1.72655,0.16800,30.00000,0.85000,0.28000,0.93294,0.41433,23.26669,0.03864,0.03319,0.44110,23.26178,0.03863,1031.00000,878.00000,153.00000
Na2NbTaO3Se3,1.71389,-2.16359,0.79453,30.00000,0.83858,0.89000,0.93472,0.37870,22.73152,0.03892,0.03378,0.05202,22.99309,0.03863,1031.00000,958.00000,73.00000
K2ZrBiO3Br3,1.72438,-1.95168,0.16042,30.00000,0.85000,0.48000,0.97008,0.44048,22.89432,0.03864,0.03351,0.05168,22.91262,0.03863,1031.00000,879.00000,152.00000
K2TiCrS3Se3,1.09718,-1.34496,0.24648,30.00000,0.85000,0.03000,0.99612,0.31937,23.35411,0.03856,0.03319,0.43814,23.32655,0.03863,1031.00000,856.00000,175.00000
K2ZrWO3Se3,1.72064,-2.00770,0.28847,30.00000,0.85000,0.89000,1.00199,0.39053,22.95169,0.03862,0.03352,0.05158,22.91527,0.03863,1031.00000,874.00000,157.00000
Na2GeBiS3I3,1.64983,-0.84316,4.63657,30.00000,0.84427,0.08000,0.90478,0.31931,23.71256,0.03882,0.03402,0.05120,23.85082,0.03864,1037.00000,926.00000,111.00000
Na2SnZnI6,1.09548,-0.97084,0.57051,30.00000,0.83210,0.00000,0.87085,0.32500,22.80525,0.03912,0.03357,0.44120,23.33080,0.03864,1037.00000,1006.00000,31.00000
Na2CrMoSe3I3,1.09483,-1.03142,0.53783,30.00000,0.80842,0.11000,0.91392,0.28828,22.11739,0.03978,0.03403,0.44269,23.32225,0.03864,1037.00000,1142.00000,-105.00000
K2GeTaS3I3,1.64238,-1.23452,4.94649,30.00000,0.83897,0.08000,0.99348,0.28960,23.63527,0.03894,0.03414,0.05135,23.87805,0.03866,1040.00000,964.00000,76.00000
K2GeVS3Cl3,1.55905,-1.46652,8.47334,30.00000,0.78869,0.58000,1.03819,0.29315,22.89465,0.04032,0.03548,0.05335,24.72666,0.03866,1040.00000,1262.00000,-222.00000
K2SnGeI6,1.13837,-0.99001,3.84124,30.00000,0.82634,0.00000,0.96630,0.27727,23.37983,0.03922,0.03406,0.32967,24.00689,0.03866,1040.00000,1023.00000,17.00000
Na2MnSbO3F3,1.72874,-2.38700,0.17969,30.00000,0.85000,0.54000,0.98155,0.45941,22.82383,0.03871,0.03353,0.05183,22.89332,0.03866,1040.00000,895.00000,145.00000
K2MoMnO3Se3,1.72445,-1.56799,0.34581,30.00000,0.84069,0.89000,1.02044,0.36538,22.64244,0.03891,0.03372,0.05216,22.83685,0.03866,1040.00000,955.00000,85.00000
K2GeFeSe3F3,1.18972,-1.95944,6.99855,30.00000,0.77488,1.43000,1.04047,0.35714,22.40232,0.04071,0.03552,0.19208,24.61593,0.03866,1040.00000,1373.00000,-333.00000
Na2TaFeO3I3,1.71652,-1.84823,0.84128,30.00000,0.82495,0.78000,0.92351,0.35694,22.32339,0.03932,0.03407,0.05275,22.99074,0.03867,1046.00000,1046.00000,0.00000
K2WFeO3Cl3,1.73145,-1.70720,0.13046,30.00000,0.85000,0.28000,1.03011,0.38785,22.78277,0.03873,0.03354,0.05191,22.80838,0.03867,1046.00000,905.00000,141.00000
Li2GeWS3Se3,1.62839,-0.99157,5.88737,30.00000,0.65536,0.03000,0.76282,0.29581,18.46813,0.04508,0.03876,0.06148,24.09279,0.03868,1048.00000,1983.00000,-935.00000
K2TiInO3I3,1.70411,-2.03619,1.60374,30.00000,0.85000,0.78000,0.97201,0.39028,23.18410,0.03867,0.03365,0.05148,23.13863,0.03868,1048.00000,883.00000,165.00000
K2MoInO3I3,1.70583,-1.55473,1.58012,30.00000,0.85000,0.78000,0.97493,0.38611,23.15966,0.03868,0.03365,0.05153,23.10819,0.03868,1048.00000,888.00000,160.00000
K2NbFeO3Cl3,1.72927,-2.15555,0.13264,30.00000,0.85000,0.28000,1.02094,0.40031,22.81550,0.03870,0.03353,0.05183,22.85298,0.03869,1051.00000,894.00000,157.00000
Na2MnCuI6,1.09271,-1.00806,0.57935,30.00000,0.82487,0.00000,0.87914,0.31250,22.53780,0.03938,0.03372,0.44418,23.31516,0.03869,1051.00000,1057.00000,-6.00000
K2GeZnI6,1.13623,-1.09578,4.01591,30.00000,0.83960,0.00000,0.95777,0.28864,23.72806,0.03894,0.03383,0.33569,24.01356,0.03872,1053.00000,963.00000,90.00000
Na2SnTaO3I3,1.72158,-1.92268,0.81899,30.00000,0.83148,0.78000,0.91508,0.36944,22.43552,0.03920,0.03396,0.05259,22.94507,0.03872,1053.00000,1019.00000,34.00000
Na2TaSbO3S3,1.72008,-1.80942,0.80369,30.00000,0.85000,0.86000,0.95017,0.38272,22.95886,0.03871,0.03359,0.05172,22.90609,0.03872,1053.00000,897.00000,156.00000
Na2MoMnO3S3,1.73241,-1.65528,0.20840,30.00000,0.85000,0.86000,0.95124,0.38117,22.76909,0.03876,0.03355,0.05197,22.79316,0.03873,1056.00000,908.00000,148.00000
K2WInO3Br3,1.71825,-1.68704,1.30491,30.00000,0.85000,0.48000,0.98638,0.41667,22.98467,0.03878,0.03366,0.05182,22.98381,0.03874,1057.00000,915.00000,142.00000
Na2GeCrO3Br3,1.59562,-1.59931,7.42235,30.00000,0.85000,0.48000,0.96374,0.34077,24.41328,0.03872,0.03415,0.05076,24.37041,0.03874,1057.00000,898.00000,159.00000
Na2NbTaO6,1.72298,-2.89002,0.90427,30.00000,0.85000,0.00000,0.96707,0.45714,22.91598,0.03876,0.03362,0.05185,22.92470,0.03874,1057.00000,909.00000,148.00000
K2MnGaO6,1.69503,-2.04201,2.77435,30.00000,0.85000,0.00000,1.05762,0.45179,23.30513,0.03878,0.03379,0.05159,23.33230,0.03875,1060.00000,914.00000,146.00000
Li2WGaS3I3,1.71308,-0.98981,1.53440,30.00000,0.63185,0.08000,0.74744,0.30198,17.06103,0.04616,0.03906,0.06452,23.03943,0.03875,1060.00000,2067.00000,-1007.00000
K2GeMnS3Se3,1.16921,-1.01870,6.51106,30.00000,0.85000,0.03000,1.00510,0.30759,24.45829,0.03872,0.03393,0.22839,24.44047,0.03876,1062.00000,899.00000,163.00000
K2SnVO3I3,1.73208,-1.82421,0.48868,30.00000,0.83023,0.78000,1.00722,0.34167,22.24382,0.03932,0.03396,0.05291,22.78683,0.03877,1063.00000,1045.00000,18.00000
Na2WGaO3I3,1.71354,-1.54673,1.55984,30.00000,0.81318,0.78000,0.93596,0.33889,22.04373,0.03974,0.03440,0.05341,23.04093,0.03877,1063.00000,1135.00000,-72.00000
Na2MoInO3I3,1.70605,-1.55363,1.64323,30.00000,0.83817,0.78000,0.90408,0.38611,22.82940,0.03900,0.03389,0.05205,23.06175,0.03877,1063.00000,973.00000,90.00000
Na2GeNbO3Br3,1.62349,-1.85187,6.88839,30.00000,0.85000,0.48000,0.95842,0.34821,24.14308,0.03885,0.03415,0.05106,24.16654,0.03877,1063.00000,934.00000,129.00000
Na2CuZnBr3I3,1.08007,-1.10185,0.35428,30.00000,0.83236,0.30000,0.87164,0.35337,22.47533,0.03937,0.03358,0.45097,23.06770,0.03878,1067.00000,1056.00000,11.00000
K2GeCrSe3I3,1.13741,-1.03890,4.59446,30.00000,0.81430,0.11000,0.99061,0.27392,23.01072,0.03970,0.03442,0.33772,23.99307,0.03879,1068.00000,1121.00000,-53.00000
K2SnMoSe6,1.08251,-0.98855,0.41349,30.00000,0.85000,0.00000,0.97699,0.32323,23.03031,0.03887,0.03326,0.44986,23.09279,0.03880,1069.00000,939.00000,130.00000
K2SnZnI6,1.09056,-1.10583,0.56003,30.00000,0.85000,0.00000,0.93149,0.32500,23.20859,0.03876,0.03325,0.44469,23.16121,0.03880,1069.00000,907.00000,162.00000
K2MnInO3S3,1.70624,-1.86643,2.07479,30.00000,0.85000,0.86000,0.98406,0.44599,23.15439,0.03878,0.03373,0.05168,23.09785,0.03880,1069.00000,913.00000,156.00000
K2FeMnSe6,1.08464,-1.03518,0.33036,30.00000,0.85000,0.00000,0.97513,0.32576,23.07547,0.03882,0.03324,0.44750,23.06786,0.03880,1069.00000,927.00000,142.00000
Na2CrMoO3S3,1.73727,-1.70893,0.21899,30.00000,0.84457,0.86000,0.95766,0.37191,22.55311,0.03896,0.03367,0.05237,22.68857,0.03881,1073.00000,967.00000,106.00000
K2ZrBiS3I3,1.73256,-1.37960,0.42998,30.00000,0.85000,0.08000,0.93769,0.36634,22.76765,0.03880,0.03358,0.05204,22.75025,0.03881,1073.00000,922.00000,151.00000
Na2ZrFeSe3Br3,1.08109,-1.44188,0.19782,30.00000,0.83419,0.41000,0.89571,0.34645,22.55290,0.03927,0.03352,0.45002,23.01397,0.03882,1075.00000,1034.00000,41.00000
K2MnInO6,1.70405,-2.04152,2.34972,30.00000,0.85000,0.00000,1.01277,0.51607,23.18527,0.03880,0.03376,0.05170,23.10439,0.03882,1075.00000,921.00000,154.00000
Na2ZrMoO3S3,1.73899,-2.01680,0.23523,30.00000,0.85000,0.86000,0.93556,0.40432,22.66747,0.03885,0.03358,0.05221,22.66016,0.03882,1075.00000,932.00000,143.00000
K2TiSbO3I3,1.73359,-1.86406,0.48963,30.00000,0.82259,0.78000,1.01247,0.33472,22.01755,0.03954,0.03412,0.05330,22.73032,0.03882,1075.00000,1090.00000,-15.00000
Na2WMnO3S3,1.74178,-1.65891,0.13928,30.00000,0.85000,0.86000,0.94912,0.38426,22.62866,0.03887,0.03358,0.05227,22.59648,0.03883,1079.00000,938.00000,141.00000
K2GeSbSe3Cl3,1.65183,-1.10158,5.77788,30.00000,0.79635,0.61000,1.01611,0.29815,22.31659,0.04035,0.03517,0.05374,23.84223,0.03884,1080.00000,1275.00000,-195.00000
K2MoMnSe6,1.08414,-1.06734,0.40148,30.00000,0.85000,0.00000,0.98546,0.31187,23.06374,0.03884,0.03325,0.44820,23.04617,0.03884,1080.00000,930.00000,150.00000
Na2GeMnBr3I3,1.12530,-1.15533,4.61255,30.00000,0.78499,0.30000,0.91984,0.28245,21.97208,0.04076,0.03506,0.40104,23.95561,0.03885,1082.00000,1384.00000,-302.00000
Na2GeFeO3Se3,1.60704,-1.43579,7.60778,30.00000,0.81874,0.89000,0.95626,0.34763,23.39067,0.03966,0.03484,0.05229,24.28960,0.03885,1082.00000,1113.00000,-31.00000
Na2GeZnI6,1.12285,-0.95433,4.14467,30.00000,0.80756,0.00000,0.89542,0.28864,22.59014,0.04004,0.03452,0.40521,23.87382,0.03885,1082.00000,1194.00000,-112.00000
Na2GeCrSe3I3,1.13192,-0.98608,4.77255,30.00000,0.79451,0.11000,0.92422,0.27392,22.34809,0.04040,0.03487,0.36883,23.94298,0.03886,1085.00000,1289.00000,-204.00000
Na2SnGaS3Br3,1.72503,-1.19503,1.52485,30.00000,0.84551,0.38000,0.91052,0.34474,22.76365,0.03902,0.03380,0.05233,22.90008,0.03887,1086.00000,979.00000,107.00000
Na2WGaSe3F3,1.71845,-1.83055,1.64798,30.00000,0.78474,1.43000,0.95169,0.37082,21.20155,0.04063,0.03503,0.05499,22.93766,0.03887,1086.00000,1347.00000,-261.00000
Na2GeMoO3Se3,1.62106,-1.47453,7.12363,30.00000,0.80492,0.89000,0.96795,0.33136,22.85397,0.04008,0.03510,0.05303,24.13454,0.03887,1086.00000,1202.00000,-116.00000
Na2MnInO3S3,1.71157,-1.78767,2.23926,30.00000,0.85000,0.86000,0.90860,0.44599,23.07750,0.03887,0.03377,0.05188,23.02222,0.03887,1086.00000,942.00000,144.00000
K2ZrWO3S3,1.74233,-2.02156,0.17102,30.00000,0.85000,0.86000,1.01104,0.40741,22.62006,0.03888,0.03358,0.05229,22.57092,0.03887,1086.00000,946.00000,140.00000
Na2TiBiO3I3,1.73780,-1.77914,0.46376,30.00000,0.83566,0.78000,0.90863,0.37917,22.30479,0.03925,0.03388,0.05286,22.65312,0.03888,1091.00000,1028.00000,63.00000
K2GeCrSe6,1.13511,-1.04691,5.33623,30.00000,0.84648,0.00000,1.00283,0.28914,23.91272,0.03901,0.03390,0.34281,24.03825,0.03888,1091.00000,976.00000,115.00000
K2GeInO3Br3,1.61796,-1.58000,7.59688,30.00000,0.85000,0.48000,1.00111,0.39583,24.19789,0.03894,0.03424,0.05114,24.22177,0.03888,1091.00000,965.00000,126.00000
Na2CrMoSe3Br3,1.08238,-1.21950,0.26992,30.00000,0.80646,0.41000,0.92357,0.30584,21.80705,0.04003,0.03406,0.45050,22.97057,0.03889,1094.00000,1191.00000,-97.00000
Li2GeVS3Br3,1.16907,-1.23300,7.23872,30.00000,0.61705,0.38000,0.77245,0.28158,17.49103,0.04715,0.04004,0.27813,24.42945,0.03889,1094.00000,2121.00000,-1027.00000
K2TiInO3Br3,1.72018,-2.07360,1.54823,30.00000,0.85000,0.48000,0.98535,0.41815,22.95759,0.03885,0.03370,0.05194,22.90736,0.03890,1096.00000,933.00000,163.00000
K2NbFeO3I3,1.74241,-1.89872,0.47815,30.00000,0.84537,0.78000,0.99588,0.35694,22.49447,0.03906,0.03372,0.05259,22.65534,0.03890,1096.00000,996.00000,100.00000
K2CrAgS3I3,1.10216,-1.04175,2.39887,30.00000,0.85000,0.08000,0.92347,0.38738,23.44532,0.03888,0.03348,0.44256,23.43042,0.03890,1096.00000,947.00000,149.00000
Na2TiInO3Br3,1.72077,-2.05612,1.63331,30.00000,0.85000,0.48000,0.91115,0.41815,22.95002,0.03888,0.03372,0.05200,22.91221,0.03891,1099.00000,943.00000,156.00000
K2SnGaS3Br3,1.72747,-1.26444,1.45602,30.00000,0.85000,0.38000,0.97971,0.34474,22.84603,0.03893,0.03372,0.05218,22.83189,0.03891,1099.00000,962.00000,137.00000
K2TiMoSe6,1.07863,-1.23583,0.40881,30.00000,0.85000,0.00000,0.99310,0.30177,22.92612,0.03896,0.03327,0.45154,22.98841,0.03891,1099.00000,968.00000,131.00000
K2TiGaO3Br3,1.72334,-2.08976,1.73594,30.00000,0.85000,0.48000,1.02403,0.36458,22.91067,0.03892,0.03374,0.05212,22.89428,0.03892,1102.00000,959.00000,143.00000
K2GeGaSe3F3,1.60207,-2.02832,8.40192,30.00000,0.76581,1.43000,1.04633,0.34954,21.88433,0.04132,0.03612,0.05500,24.39276,0.03893,1103.00000,1527.00000,-424.00000
Na2SnFeSe3Cl3,1.08080,-1.17283,0.25211,30.00000,0.82734,0.61000,0.90648,0.35224,22.35267,0.03947,0.03366,0.45046,22.98317,0.03894,1104.00000,1074.00000,30.00000
Na2GeCrO3Se3,1.62193,-1.54202,7.68038,30.00000,0.81150,0.89000,0.96260,0.33876,23.03746,0.04001,0.03504,0.05293,24.14906,0.03895,1105.00000,1184.00000,-79.00000
Na2GeVS3Br3,1.15562,-1.25727,6.77759,30.00000,0.79132,0.38000,0.95539,0.28158,22.56500,0.04054,0.03519,0.27959,24.31695,0.03895,1105.00000,1322.00000,-217.00000
Na2GeSbSe3F3,1.64666,-1.72543,6.64673,30.00000,0.76432,1.43000,0.97107,0.34347,21.46003,0.04144,0.03602,0.05552,23.91570,0.03896,1107.00000,1548.00000,-441.00000
K2SnBiO3Br3,1.75006,-1.47433,0.17875,30.00000,0.85000,0.48000,0.97613,0.43155,22.49377,0.03898,0.03362,0.05257,22.48679,0.03897,1108.00000,971.00000,137.00000
Na2SnWS6,1.75289,-1.08104,0.18485,30.00000,0.85000,0.00000,0.91910,0.35054,22.45189,0.03902,0.03363,0.05267,22.48037,0.03899,1109.00000,977.00000,132.00000
Na2WFeSe3F3,1.75288,-1.86857,0.27414,30.00000,0.78923,1.43000,0.94645,0.37842,20.84034,0.04070,0.03486,0.05561,22.47800,0.03899,1109.00000,1372.00000,-263.00000
K2MoInO3Br3,1.73367,-1.67855,1.52347,30.00000,0.85000,0.48000,0.98846,0.41369,22.75570,0.03902,0.03375,0.05240,22.71696,0.03899,1109.00000,981.00000,128.00000
Na2VZnO3Cl3,1.75469,-1.90072,0.08233,30.00000,0.85000,0.28000,0.94333,0.39875,22.42294,0.03902,0.03362,0.05271,22.40840,0.03900,1112.00000,978.00000,134.00000
Na2TiGaSe3F3,1.72805,-2.26702,2.03112,30.00000,0.78568,1.43000,0.95064,0.37234,21.09973,0.04081,0.03511,0.05540,22.87630,0.03900,1112.00000,1400.00000,-288.00000
K2SnZnS3Se3,1.74805,-1.00272,0.26269,30.00000,0.85000,0.03000,0.95628,0.37435,22.52628,0.03897,0.03362,0.05252,22.51460,0.03900,1112.00000,969.00000,143.00000
K2CrMnO6,1.75537,-1.99105,0.04924,30.00000,0.85000,0.00000,1.05892,0.45000,22.41110,0.03902,0.03362,0.05273,22.41450,0.03901,1115.00000,982.00000,133.00000
Na2VNbSe6,1.07954,-1.17977,0.41244,30.00000,0.83950,0.00000,0.92722,0.29798,22.66700,0.03921,0.03346,0.45128,22.91967,0.03901,1115.00000,1020.00000,95.00000
Na2VSbO6,1.75402,-2.18804,0.25254,30.00000,0.85000,0.00000,1.00144,0.40714,22.43358,0.03905,0.03364,0.05274,22.46875,0.03901,1115.00000,989.00000,126.00000
K2GeVSe3Cl3,1.14838,-1.48662,6.46778,30.00000,0.77343,0.61000,1.02865,0.28232,21.94373,0.04113,0.03556,0.30600,24.10792,0.03901,1115.00000,1475.00000,-360.00000
Rb2WBiSe3I3,1.35434,-1.05213,13.45121,30.00000,0.85000,0.11000,0.97259,0.32536,25.40838,0.03904,0.03471,0.06081,25.37518,0.03902,1119.00000,988.00000,131.00000
Na2SnGeO3Se3,1.64742,-1.31567,6.76015,30.00000,0.82828,0.89000,0.94691,0.36095,23.27986,0.03960,0.03464,0.05246,23.82848,0.03903,1120.00000,1102.00000,18.00000
Na2ZrWO3S3,1.75600,-1.99541,0.16643,30.00000,0.85000,0.86000,0.93351,0.40741,22.40266,0.03906,0.03363,0.05279,22.37703,0.03903,1120.00000,995.00000,125.00000
Na2WInO3Br3,1.73776,-1.56815,1.35930,30.00000,0.85000,0.48000,0.91211,0.41667,22.68684,0.03905,0.03374,0.05250,22.64788,0.03904,1122.00000,990.00000,132.00000
Na2NbCuSe3Cl3,1.07325,-1.24267,0.28326,30.00000,0.83186,0.61000,0.90033,0.36148,22.27767,0.03955,0.03361,0.45424,22.84780,0.03904,1122.00000,1091.00000,31.00000
K2SnCrSe6,1.07543,-1.02711,0.35637,30.00000,0.85000,0.00000,0.97236,0.32955,22.84065,0.03903,0.03327,0.45250,22.87559,0.03905,1124.00000,984.00000,140.00000
K2SbZnO3F3,1.75198,-2.31477,0.18191,30.00000,0.85000,0.54000,1.04582,0.49446,22.46644,0.03900,0.03362,0.05263,22.40214,0.03905,1124.00000,974.00000,150.00000
Na2SnZnO3Se3,1.75239,-1.30514,0.27830,30.00000,0.85000,0.89000,0.90557,0.42308,22.45963,0.03903,0.03364,0.05268,22.40935,0.03906,1126.00000,983.00000,143.00000
Na2NbSbSe6,1.07445,-0.95959,0.41785,30.00000,0.85000,0.00000,0.91652,0.31313,22.81461,0.03907,0.03328,0.45372,22.82692,0.03906,1126.00000,998.00000,128.00000
K2SnTaO3I3,1.74653,-1.95582,0.79576,30.00000,0.85000,0.78000,0.98679,0.36944,22.55258,0.03906,0.03369,0.05263,22.48468,0.03908,1128.00000,994.00000,134.00000
Na2GeNbSe3F3,1.64755,-2.13145,6.99719,30.00000,0.77423,1.43000,0.96236,0.35562,21.73549,0.04121,0.03585,0.05513,23.84858,0.03909,1129.00000,1495.00000,-366.00000
K2SnNbO3Br3,1.75943,-2.01828,0.16218,30.00000,0.85000,0.48000,1.00111,0.39583,22.35691,0.03910,0.03365,0.05291,22.32864,0.03909,1129.00000,1004.00000,125.00000
K2SbAgO3S3,1.71449,-1.52510,3.32610,30.00000,0.85000,0.86000,0.96249,0.47840,23.03681,0.03912,0.03395,0.05231,23.01968,0.03910,1131.00000,1005.00000,126.00000
Na2ZrMoSe6,1.07508,-1.18490,0.41336,30.00000,0.85000,0.00000,0.90435,0.33081,22.82987,0.03905,0.03328,0.45337,22.76418,0.03911,1132.00000,993.00000,139.00000
K2SnGeO3Se3,1.66154,-1.37806,6.38112,30.00000,0.83616,0.89000,1.02377,0.36095,23.34306,0.03946,0.03447,0.05235,23.65728,0.03913,1133.00000,1072.00000,61.00000
K2TiSbO3Br3,1.76650,-1.95605,0.14151,30.00000,0.85000,0.48000,1.02852,0.35863,22.24641,0.03920,0.03368,0.05317,22.27104,0.03914,1134.00000,1018.00000,116.00000
Li2GeMoO3Se3,1.64012,-1.51126,7.61448,30.00000,0.62330,0.89000,0.76996,0.33136,17.46023,0.04709,0.04019,0.06495,23.93802,0.03915,1135.00000,2119.00000,-984.00000
Na2MoSbSe3Br3,1.06841,-0.99933,0.31438,30.00000,0.80314,0.41000,0.92627,0.30203,21.34774,0.04049,0.03419,0.45785,22.67062,0.03915,1135.00000,1310.00000,-175.00000
Na2SnFeCl3I3,1.07288,-1.19309,0.42550,30.00000,0.81298,0.50000,0.89827,0.33292,21.73929,0.04011,0.03399,0.45539,22.77547,0.03916,1137.00000,1211.00000,-74.00000
Na2SbAgO3S3,1.71700,-1.47647,3.56314,30.00000,0.85000,0.86000,0.88868,0.47840,23.00082,0.03919,0.03399,0.05247,23.02196,0.03916,1137.00000,1014.00000,123.00000
Na2NbTaO3S3,1.75882,-2.12609,0.82206,30.00000,0.85000,0.86000,0.94177,0.39506,22.36400,0.03922,0.03375,0.05310,22.37466,0.03916,1137.00000,1022.00000,115.00000
Na2CrMnO3Cl3,1.76780,-1.71363,0.02169,30.00000,0.85000,0.28000,0.94755,0.39252,22.22552,0.03920,0.03366,0.05319,22.18943,0.03916,1137.00000,1017.00000,120.00000
Na2MnSbI6,1.06855,-0.98302,0.59418,30.00000,0.80274,0.00000,0.89938,0.28295,21.34151,0.04056,0.03424,0.45876,22.78086,0.03916,1137.00000,1326.00000,-189.00000
Na2GeGaSe3Br3,1.66363,-1.17692,6.49925,30.00000,0.79367,0.41000,0.93355,0.29188,22.10438,0.04069,0.03539,0.05443,23.65977,0.03917,1142.00000,1368.00000,-226.00000
K2MoBiSe3I3,1.07682,-0.97059,0.51113,30.00000,0.85000,0.11000,0.95389,0.32297,22.88037,0.03902,0.03329,0.45251,22.74397,0.03917,1142.00000,980.00000,162.00000
Na2GeWO3Se3,1.67483,-1.43183,6.03822,30.00000,0.80761,0.89000,0.96580,0.33432,22.36698,0.04031,0.03505,0.05392,23.57678,0.03917,1142.00000,1258.00000,-116.00000
K2GeTaO3I3,1.68677,-1.87398,5.25282,30.00000,0.81110,0.78000,1.01989,0.32500,22.32028,0.04019,0.03490,0.05384,23.39469,0.03918,1145.00000,1232.00000,-87.00000
K2MoGaS3Cl3,1.74140,-1.35556,2.01035,30.00000,0.83943,0.58000,1.00828,0.33151,22.35127,0.03949,0.03406,0.05329,22.65025,0.03919,1146.00000,1081.00000,65.00000
Li2SnGaS3Br3,1.74918,-1.15731,1.61717,30.00000,0.62991,0.38000,0.73617,0.34474,16.63277,0.04689,0.03933,0.06645,22.54521,0.03920,1147.00000,2109.00000,-962.00000
Na2WFeO3Br3,1.76901,-1.50822,0.10712,30.00000,0.85000,0.48000,0.94281,0.37054,22.20502,0.03923,0.03368,0.05327,22.21001,0.03921,1148.00000,1024.00000,124.00000
Na2TiGaO3I3,1.74489,-2.03423,1.83552,30.00000,0.81419,0.78000,0.93499,0.34028,21.62471,0.04019,0.03455,0.05457,22.55071,0.03921,1148.00000,1233.00000,-85.00000
Na2NbMnO3Cl3,1.76704,-2.07144,0.12564,30.00000,0.85000,0.28000,0.94228,0.40031,22.23790,0.03921,0.03368,0.05319,22.20991,0.03922,1150.00000,1021.00000,129.00000
Na2GeTaO3I3,1.69427,-1.80485,5.47469,30.00000,0.80220,0.78000,0.94577,0.32500,21.97869,0.04057,0.03516,0.05456,23.32983,0.03923,1151.00000,1331.00000,-180.00000
Na2TiFeS3I3,1.06648,-1.21070,0.43650,30.00000,0.83693,0.08000,0.91162,0.30941,22.22234,0.03961,0.03355,0.45848,22.63070,0.03924,1152.00000,1104.00000,48.00000
K2GeCrSe3Br3,1.11432,-1.22935,5.17194,30.00000,0.80740,0.41000,1.00399,0.29061,22.43807,0.04035,0.03470,0.43746,23.67490,0.03924,1152.00000,1274.00000,-122.00000
K2TiGaSe3Cl3,1.75039,-1.76584,1.73703,30.00000,0.82744,0.61000,0.99686,0.32322,21.88987,0.03988,0.03428,0.05412,22.48948,0.03925,1154.00000,1159.00000,-5.00000
Na2WInO3I3,1.75531,-1.50925,1.44181,30.00000,0.83906,0.78000,0.90227,0.38889,22.12457,0.03958,0.03403,0.05366,22.43162,0.03926,1155.00000,1096.00000,59.00000
K2GeGaO3I3,1.67443,-1.41998,6.90044,30.00000,0.80411,0.78000,1.02419,0.31944,22.27256,0.04057,0.03526,0.05435,23.58556,0.03926,1155.00000,1332.00000,-177.00000
K2SnGaS3I3,1.75211,-1.07269,1.52349,30.00000,0.85000,0.08000,0.96748,0.32426,22.46477,0.03926,0.03382,0.05306,22.43501,0.03927,1157.00000,1032.00000,125.00000
K2MnCuI6,1.07049,-1.04929,0.56785,30.00000,0.85000,0.00000,0.94036,0.31250,22.70441,0.03919,0.03332,0.45645,22.68584,0.03928,1158.00000,1013.00000,145.00000
K2SbCuS3I3,1.06747,-0.88302,0.46029,30.00000,0.85000,0.08000,0.96388,0.32921,22.60902,0.03925,0.03331,0.45766,22.61554,0.03929,1159.00000,1030.00000,129.00000
Na2GeCrSe3Br3,1.10996,-1.14451,5.41757,30.00000,0.79242,0.41000,0.93447,0.29061,21.93492,0.04092,0.03507,0.44665,23.64229,0.03929,1159.00000,1422.00000,-263.00000
Rb2SnTaSe3I3,1.40522,-1.29886,14.82897,30.00000,0.85000,0.11000,0.97789,0.31818,25.37378,0.03926,0.03491,0.05523,25.33619,0.03930,1161.00000,1031.00000,130.00000
Li2GeNbSe3F3,1.66338,-2.11833,7.47328,30.00000,0.58192,1.43000,0.76260,0.35562,16.09695,0.04948,0.04181,0.06942,23.71417,0.03930,1161.00000,2217.00000,-1056.00000
K2GeWO3Se3,1.69761,-1.46964,5.73658,30.00000,0.80487,0.89000,1.04420,0.33432,22.01520,0.04059,0.03516,0.05461,23.29078,0.03930,1161.00000,1335.00000,-174.00000
Na2CrAgS3I3,1.08421,-0.95168,2.50086,30.00000,0.85000,0.08000,0.86039,0.38738,23.06540,0.03923,0.03355,0.45647,23.05701,0.03931,1164.00000,1026.00000,138.00000
K2GeMoO3Se3,1.67684,-1.52174,6.70634,30.00000,0.80094,0.89000,1.04652,0.33136,22.15441,0.04066,0.03530,0.05452,23.55286,0.03931,1164.00000,1356.00000,-192.00000
K2CrMnO3Cl3,1.77535,-1.73829,0.04216,30.00000,0.85000,0.28000,1.02665,0.39252,22.09967,0.03931,0.03371,0.05349,22.09223,0.03931,1164.00000,1044.00000,120.00000
Rb2SnBiSe3I3,1.29638,-1.01021,14.22150,30.00000,0.85000,0.11000,0.95704,0.34689,25.28333,0.03929,0.03486,0.07715,25.27199,0.03931,1164.00000,1041.00000,123.00000
K2CrMoO3Cl3,1.77878,-1.72928,0.20166,30.00000,0.85000,0.28000,1.03944,0.37539,22.04397,0.03939,0.03375,0.05368,22.10221,0.03932,1168.00000,1059.00000,109.00000
K2MoGaO3I3,1.75595,-1.60094,1.71720,30.00000,0.82416,0.78000,1.01141,0.33611,21.71985,0.04004,0.03437,0.05449,22.40795,0.03933,1169.00000,1195.00000,-26.00000
K2SnWS6,1.77651,-1.10471,0.18780,30.00000,0.85000,0.00000,0.99023,0.35054,22.08032,0.03935,0.03373,0.05359,22.07848,0.03933,1169.00000,1051.00000,118.00000
Na2GeFeO3Cl3,1.60172,-1.67683,10.31139,30.00000,0.85000,0.28000,0.96592,0.36604,24.35492,0.03928,0.03459,0.05163,24.31826,0.03933,1169.00000,1038.00000,131.00000
Li2WGaS3Cl3,1.75213,-1.24179,1.87066,30.00000,0.62504,0.58000,0.75067,0.33425,16.46989,0.04724,0.03956,0.06714,22.42902,0.03933,1169.00000,2132.00000,-963.00000
Na2GeGaS3I3,1.68028,-0.94185,6.73136,30.00000,0.81493,0.08000,0.92918,0.28465,22.50510,0.04029,0.03502,0.05394,23.49715,0.03934,1173.00000,1252.00000,-79.00000
K2WGaO3I3,1.76070,-1.59140,1.50381,30.00000,0.82723,0.78000,1.00931,0.33889,21.73055,0.03998,0.03430,0.05444,22.32637,0.03935,1174.00000,1180.00000,-6.00000
K2CrMnSe6,1.06296,-1.15216,0.33803,30.00000,0.85000,0.00000,0.98074,0.31818,22.48025,0.03934,0.03330,0.45933,22.46936,0.03935,1174.00000,1049.00000,125.00000
Na2NbCuS3Br3,1.06073,-1.17918,0.11707,30.00000,0.85000,0.38000,0.89995,0.36053,22.40277,0.03935,0.03328,0.45966,22.39360,0.03936,1176.00000,1053.00000,123.00000
K2GeVSe3Br3,1.10534,-1.34947,5.20735,30.00000,0.77999,0.41000,1.01902,0.27157,21.49494,0.04134,0.03532,0.45307,23.51628,0.03936,1176.00000,1537.00000,-361.00000
Li2GeGaO3Br3,1.62638,-1.47957,9.50069,30.00000,0.66792,0.48000,0.76512,0.34226,18.84218,0.04536,0.03904,0.06188,24.08434,0.03936,1176.00000,2003.00000,-827.00000
Na2NbZnO3Cl3,1.78074,-1.94444,0.12432,30.00000,0.85000,0.28000,0.92278,0.42991,22.01318,0.03941,0.03374,0.05374,22.03428,0.03937,1179.00000,1061.00000,118.00000
K2FeMnS3Se3,1.06354,-1.07062,0.22974,30.00000,0.85000,0.03000,0.98248,0.33770,22.49188,0.03930,0.03329,0.45873,22.43106,0.03937,1179.00000,1042.00000,137.00000
Rb2SnSbSe3I3,1.37763,-0.99483,15.41173,30.00000,0.85000,0.11000,0.98504,0.30861,25.38738,0.03935,0.03498,0.05810,25.36016,0.03937,1179.00000,1052.00000,127.00000
K2TaCuO3F3,1.76664,-2.65990,0.82058,30.00000,0.85000,0.54000,1.03813,0.50554,22.24436,0.03933,0.03378,0.05340,22.17489,0.03938,1182.00000,1048.00000,134.00000
Rb2WSbSe3I3,1.27776,-0.96258,14.50919,30.00000,0.83275,0.11000,1.00152,0.28708,24.68833,0.03986,0.03527,0.08701,25.21727,0.03938,1182.00000,1157.00000,25.00000
K2GeNbO3I3,1.69888,-1.88884,5.50528,30.00000,0.81110,0.78000,1.01989,0.32500,22.17457,0.04038,0.03500,0.05429,23.18595,0.03938,1182.00000,1279.00000,-97.00000
K2TaFeO3I3,1.77111,-1.87057,0.81512,30.00000,0.84537,0.78000,0.99588,0.35694,22.04481,0.03951,0.03389,0.05378,22.17696,0.03938,1182.00000,1086.00000,96.00000
K2VTaO3Se3,1.77555,-2.13107,0.78929,30.00000,0.82314,0.89000,1.03275,0.34911,21.39522,0.04017,0.03434,0.05498,22.13848,0.03940,1186.00000,1227.00000,-41.00000
Rb2TiBiSe3I3,1.44924,-1.26130,15.15413,30.00000,0.85000,0.11000,0.97171,0.32656,25.25331,0.03937,0.03500,0.05335,25.25587,0.03940,1186.00000,1055.00000,131.00000
Na2SnNbO3I3,1.78160,-1.83198,0.49757,30.00000,0.83148,0.78000,0.91508,0.36944,21.51622,0.03998,0.03416,0.05473,22.01553,0.03942,1188.00000,1179.00000,9.00000
K2GeInS3I3,1.69907,-0.99935,6.01262,30.00000,0.85000,0.08000,0.96388,0.32921,23.25027,0.03943,0.03429,0.05267,23.25464,0.03942,1188.00000,1068.00000,120.00000
K2GeFeO3Cl3,1.64063,-1.69461,9.41244,30.00000,0.85000,0.28000,1.04655,0.36604,23.96419,0.03945,0.03457,0.05212,23.95289,0.03942,1188.00000,1070.00000,118.00000
Na2TaFeO3Br3,1.77483,-1.95197,0.60140,30.00000,0.85000,0.48000,0.93469,0.38244,22.10806,0.03941,0.03379,0.05365,22.09087,0.03943,1191.00000,1062.00000,129.00000
Na2GeTaO3F3,1.64489,-2.53526,9.20664,30.00000,0.85000,0.54000,1.00052,0.43173,23.92636,0.03945,0.03455,0.05216,23.93511,0.03943,1191.00000,1071.00000,120.00000
Rb2CrWSe3I3,1.45999,-1.15895,15.44682,30.00000,0.83753,0.11000,0.99873,0.29067,24.84073,0.03978,0.03531,0.05358,25.24169,0.03943,1191.00000,1143.00000,48.00000
Rb2ZrSbSe3I3,1.40407,-1.34998,15.81760,30.00000,0.85000,0.11000,0.97966,0.31579,25.37381,0.03942,0.03505,0.05562,25.35546,0.03943,1191.00000,1066.00000,125.00000
K2SnNbO3I3,1.77399,-1.97328,0.48590,30.00000,0.85000,0.78000,0.98679,0.36944,22.12177,0.03937,0.03377,0.05358,22.06330,0.03943,1191.00000,1054.00000,137.00000
Rb2WAgSe3I3,1.34058,-1.03248,15.97117,30.00000,0.85000,0.11000,0.94034,0.37081,25.39878,0.03949,0.03508,0.06439,25.35967,0.03944,1196.00000,1080.00000,116.00000
K2WInO3I3,1.76289,-1.53820,1.39364,30.00000,0.85000,0.78000,0.97298,0.38889,22.30078,0.03939,0.03385,0.05343,22.23208,0.03944,1196.00000,1058.00000,138.00000
Rb2TaFeSe3I3,1.41645,-1.23158,15.70343,30.00000,0.85000,0.11000,0.98594,0.30742,25.35790,0.03941,0.03504,0.05481,25.32647,0.03945,1198.00000,1065.00000,133.00000
Na2GeNbO3I3,1.70657,-1.73776,5.77036,30.00000,0.80220,0.78000,0.94577,0.32500,21.83046,0.04078,0.03526,0.05502,23.11879,0.03945,1198.00000,1389.00000,-191.00000
Rb2ZrBiSe3I3,1.50058,-1.37162,14.56480,30.00000,0.85000,0.11000,0.95197,0.35407,25.05593,0.03944,0.03500,0.05212,25.06493,0.03946,1200.00000,1069.00000,131.00000
Na2FeSbO3F3,1.78542,-2.27731,0.17670,30.00000,0.85000,0.54000,0.98155,0.45941,21.93465,0.03949,0.03377,0.05395,21.96417,0.03946,1200.00000,1078.00000,122.00000
K2TaZnO3F3,1.77915,-2.75799,0.80412,30.00000,0.85000,0.54000,1.03559,0.50923,22.03744,0.03952,0.03384,0.05389,22.10732,0.03946,1200.00000,1087.00000,113.00000
K2GeMnO3S3,1.63451,-1.66499,9.72672,30.00000,0.83585,0.86000,1.04424,0.36265,23.61786,0.03983,0.03488,0.05266,23.98310,0.03947,1203.00000,1151.00000,52.00000
K2SnSbO3Cl3,1.78462,-1.74825,0.21323,30.00000,0.85000,0.28000,1.01981,0.40187,21.94874,0.03948,0.03377,0.05393,21.89838,0.03948,1204.00000,1076.00000,128.00000
Rb2TaZnSe3I3,1.31322,-1.25173,15.55991,30.00000,0.85000,0.11000,0.96909,0.33014,25.32637,0.03947,0.03504,0.07165,25.29467,0.03948,1204.00000,1075.00000,129.00000
Na2VTaO3Se3,1.77723,-2.14451,0.82088,30.00000,0.81988,0.89000,0.95521,0.34911,21.28378,0.04030,0.03442,0.05523,22.07484,0.03948,1204.00000,1254.00000,-50.00000
Na2SnWO3Se3,1.78579,-1.41377,0.30558,30.00000,0.84003,0.89000,0.93271,0.38166,21.67358,0.03978,0.03398,0.05445,21.92628,0.03950,1207.00000,1141.00000,66.00000
K2GeGaSe3Br3,1.69845,-1.23068,6.20988,30.00000,0.80909,0.41000,1.00301,0.29188,22.12364,0.04056,0.03515,0.05459,23.17559,0.03950,1207.00000,1328.00000,-121.00000
Rb2SnNbSe3I3,1.33292,-1.20035,15.84169,30.00000,0.85000,0.11000,0.97789,0.31818,25.37358,0.03949,0.03507,0.06618,25.30878,0.03951,1209.00000,1077.00000,132.00000
Na2GeFeS3Br3,1.11089,-1.12106,6.66868,30.00000,0.81935,0.38000,0.93523,0.30921,22.72686,0.04036,0.03469,0.44855,23.64095,0.03951,1209.00000,1276.00000,-67.00000
Rb2SbZnSe3I3,1.37617,-1.05621,16.21884,30.00000,0.85000,0.11000,0.97611,0.32057,25.39163,0.03949,0.03510,0.05857,25.37274,0.03951,1209.00000,1079.00000,130.00000
Na2TiMoO3S3,1.78463,-2.00886,0.21960,30.00000,0.84253,0.86000,0.95982,0.36883,21.75659,0.03968,0.03392,0.05426,21.91411,0.03951,1209.00000,1117.00000,92.00000
Na2GeInS3I3,1.70130,-0.95092,6.27455,30.00000,0.85000,0.08000,0.89804,0.32921,23.22268,0.03950,0.03433,0.05281,23.17926,0.03951,1209.00000,1083.00000,126.00000
Na2GeFeSe3Cl3,1.11380,-1.18960,6.75106,30.00000,0.79755,0.61000,0.93569,0.31003,22.14799,0.04096,0.03515,0.44515,23.63914,0.03951,1209.00000,1439.00000,-230.00000
Na2MnInSe6,1.06279,-0.95522,1.46400,30.00000,0.85000,0.00000,0.88176,0.36490,22.47548,0.03956,0.03347,0.46406,22.52760,0.03952,1215.00000,1095.00000,120.00000
Na2GeSbSe3Cl3,1.70761,-1.04753,6.08373,30.00000,0.78638,0.61000,0.94425,0.29815,21.37821,0.04133,0.03566,0.05598,23.13794,0.03952,1215.00000,1536.00000,-321.00000
Rb2WFeSe3I3,1.47050,-1.04671,15.38532,30.00000,0.84670,0.11000,0.99321,0.29785,25.08952,0.03956,0.03513,0.05286,25.16365,0.03953,1217.00000,1092.00000,125.00000
K2CrMoO3S3,1.78579,-1.73868,0.22060,30.00000,0.84600,0.86000,1.03720,0.37191,21.82748,0.03960,0.03386,0.05416,21.87427,0.03953,1217.00000,1103.00000,114.00000
Rb2TaCuSe3I3,1.30387,-1.18281,15.59333,30.00000,0.85000,0.11000,0.97084,0.32775,25.30227,0.03951,0.03505,0.07486,25.31559,0.03953,1217.00000,1085.00000,132.00000
Rb2TaMnSe3I3,1.28628,-1.26148,15.71813,30.00000,0.85000,0.11000,0.98594,0.30742,25.24474,0.03959,0.03508,0.08209,25.26198,0.03956,1220.00000,1100.00000,120.00000
K2WFeO3Br3,1.79122,-1.59935,0.11405,30.00000,0.85000,0.48000,1.01959,0.37054,21.83838,0.03956,0.03379,0.05418,21.82684,0.03957,1221.00000,1094.00000,127.00000
Na2GeMoS6,1.66943,-1.04302,8.51270,30.00000,0.85000,0.00000,0.95165,0.30435,23.63027,0.03956,0.03454,0.05258,23.59854,0.03958,1222.00000,1093.00000,129.00000
K2NbTaO3Se3,1.78774,-2.11587,0.76635,30.00000,0.85000,0.89000,1.01059,0.37870,21.89977,0.03964,0.03387,0.05424,21.92513,0.03959,1223.00000,1108.00000,115.00000
Li2SnGaSe3Cl3,1.76966,-1.23248,1.76324,30.00000,0.60793,0.61000,0.73622,0.34565,15.82869,0.04840,0.04025,0.06962,22.10347,0.03960,1224.00000,2170.00000,-946.00000
Na2FeMnCl3I3,1.05523,-1.28529,0.41359,30.00000,0.80575,0.50000,0.90590,0.32170,21.05103,0.04081,0.03420,0.46337,22.20385,0.03961,1225.00000,1399.00000,-174.00000
Na2WGaO3Br3,1.77490,-1.57742,1.49934,30.00000,0.85000,0.48000,0.94796,0.36310,22.10675,0.03958,0.03392,0.05395,22.06995,0.03961,1225.00000,1098.00000,127.00000
Rb2WSbSe3Br3,1.30510,-1.14692,16.38759,30.00000,0.82452,0.41000,1.01526,0.30457,24.52775,0.04033,0.03569,0.07649,25.29929,0.03961,1225.00000,1266.00000,-41.00000
Rb2SnWSe6,1.34253,-1.00611,16.57022,30.00000,0.85000,0.00000,0.99668,0.32576,25.40180,0.03959,0.03516,0.06416,25.32277,0.03962,1228.00000,1099.00000,129.00000
Rb2MnZnI6,1.25296,-1.14977,15.13137,30.00000,0.85000,0.00000,0.95829,0.31477,25.10406,0.03962,0.03502,0.10226,25.12130,0.03963,1229.00000,1105.00000,124.00000
Rb2NbZnSe3I3,1.32247,-1.23101,16.69760,30.00000,0.85000,0.11000,0.96909,0.33014,25.34392,0.03966,0.03520,0.06938,25.35111,0.03964,1230.00000,1114.00000,116.00000
Na2TiCrSe3I3,1.05260,-1.25251,0.49291,30.00000,0.81162,0.11000,0.91138,0.29187,21.13441,0.04073,0.03410,0.46490,22.21626,0.03965,1231.00000,1378.00000,-147.00000
Rb2AgInI6,1.27259,-1.14566,15.72042,30.00000,0.85000,0.00000,0.90142,0.39773,25.19298,0.03963,0.03509,0.08909,25.17592,0.03965,1231.00000,1106.00000,125.00000
K2GeBiO3Br3,1.72590,-1.48651,5.36950,30.00000,0.85000,0.48000,1.00972,0.38393,22.87122,0.03965,0.03430,0.05333,22.79984,0.03965,1231.00000,1111.00000,120.00000
Rb2NbMnSe3I3,1.36116,-1.25946,16.88342,30.00000,0.85000,0.11000,0.98594,0.30742,25.40737,0.03963,0.03519,0.06092,25.38040,0.03965,1231.00000,1107.00000,124.00000
Na2SnBiO3Br3,1.80049,-1.41772,0.17589,30.00000,0.85000,0.48000,0.90263,0.43155,21.69343,0.03973,0.03384,0.05460,21.72167,0.03965,1231.00000,1130.00000,101.00000
Na2SnGaSe3Cl3,1.77683,-1.26224,1.66398,30.00000,0.82368,0.61000,0.91092,0.34565,21.39036,0.04036,0.03447,0.05530,22.08220,0.03966,1236.00000,1277.00000,-41.00000
K2NbTaO3S3,1.78764,-2.12286,0.78410,30.00000,0.85000,0.86000,1.01999,0.39506,21.90140,0.03964,0.03387,0.05424,21.84915,0.03966,1236.00000,1109.00000,127.00000
Rb2WSbS3I3,1.46023,-1.03614,16.54625,30.00000,0.84851,0.08000,1.00938,0.29703,25.17350,0.03968,0.03524,0.05340,25.21082,0.03966,1236.00000,1118.00000,118.00000
K2MoBiO3Cl3,1.79920,-1.76503,0.26815,30.00000,0.85000,0.28000,1.00639,0.42056,21.71690,0.03972,0.03384,0.05457,21.68654,0.03968,1239.00000,1129.00000,110.00000
Rb2NbFeSe3I3,1.31930,-1.22017,16.86621,30.00000,0.85000,0.11000,0.98594,0.30742,25.33524,0.03969,0.03522,0.07035,25.30231,0.03968,1239.00000,1120.00000,119.00000
K2MnSbSe3Br3,1.04759,-1.21219,0.24328,30.00000,0.83831,0.41000,0.98463,0.31599,21.70393,0.04009,0.03357,0.46492,22.06042,0.03970,1241.00000,1207.00000,34.00000
Rb2ZrWSe6,1.32307,-1.32994,17.04679,30.00000,0.85000,0.00000,0.99102,0.33333,25.34622,0.03972,0.03525,0.06935,25.35852,0.03970,1241.00000,1127.00000,114.00000
Na2ZrGaO3Br3,1.78060,-2.10227,1.71256,30.00000,0.85000,0.48000,0.92375,0.39881,22.01592,0.03972,0.03398,0.05424,21.99930,0.03970,1241.00000,1126.00000,115.00000
Na2MoSbO3Cl3,1.79615,-1.72956,0.28902,30.00000,0.85000,0.28000,0.96263,0.37072,21.76352,0.03967,0.03383,0.05445,21.70677,0.03970,1241.00000,1116.00000,125.00000
Rb2NbTaSe6,1.37124,-1.27614,17.40023,30.00000,0.85000,0.00000,0.99859,0.32323,25.39715,0.03971,0.03526,0.05957,25.35605,0.03971,1245.00000,1122.00000,123.00000
Rb2SnSbSe3Br3,1.38725,-1.14382,17.57121,30.00000,0.85000,0.41000,0.99779,0.32741,25.39412,0.03971,0.03530,0.05764,25.38367,0.03971,1245.00000,1125.00000,120.00000
Rb2TiInSe3I3,1.37132,-1.39588,17.41849,30.00000,0.85000,0.11000,0.96475,0.33612,25.39714,0.03971,0.03527,0.05956,25.36387,0.03972,1247.00000,1123.00000,124.00000
K2GeGaO3Br3,1.68547,-1.57514,8.31209,30.00000,0.85000,0.48000,1.04106,0.34226,23.42599,0.03969,0.03457,0.05296,23.38608,0.03972,1247.00000,1119.00000,128.00000
Rb2WInSe3I3,1.51990,-1.08815,15.28489,30.00000,0.85000,0.11000,0.96562,0.33493,24.96545,0.03965,0.03514,0.05226,24.90842,0.03973,1249.00000,1112.00000,137.00000
K2WGaS3Cl3,1.78117,-1.35801,1.65842,30.00000,0.84249,0.58000,1.00621,0.33425,21.80937,0.03991,0.03412,0.05458,22.01253,0.03973,1249.00000,1163.00000,86.00000
Rb2SnTaSe3Br3,1.30305,-1.45211,16.76675,30.00000,0.85000,0.41000,0.99022,0.33756,25.29635,0.03971,0.03522,0.07570,25.25467,0.03974,1251.00000,1124.00000,127.00000
K2SnWO3Se3,1.80076,-1.50371,0.30228,30.00000,0.85000,0.89000,1.00842,0.38166,21.68876,0.03976,0.03386,0.05465,21.71119,0.03974,1251.00000,1138.00000,113.00000
Na2CrWO3Cl3,1.80166,-1.66920,0.13239,30.00000,0.85000,0.28000,0.95719,0.37850,21.67253,0.03974,0.03384,0.05463,21.64704,0.03975,1253.00000,1133.00000,120.00000
Na2AgGaF3I3,1.07587,-1.87637,3.80816,30.00000,0.79855,1.32000,0.87553,0.44729,21.42757,0.04113,0.03480,0.46825,22.82517,0.03975,1253.00000,1473.00000,-220.00000
Na2NbZnO3F3,1.80231,-2.46518,0.14568,30.00000,0.85000,0.54000,0.94915,0.50923,21.66181,0.03975,0.03384,0.05466,21.64768,0.03975,1253.00000,1136.00000,117.00000
Rb2CrMnSe3I3,1.34700,-1.20610,17.61335,30.00000,0.85000,0.11000,0.99047,0.30144,25.40246,0.03976,0.03531,0.06367,25.37218,0.03976,1256.00000,1139.00000,117.00000
Rb2ZrInSe3I3,1.48276,-1.41602,16.67466,30.00000,0.85000,0.11000,0.94529,0.36364,25.14932,0.03974,0.03527,0.05287,25.11785,0.03976,1256.00000,1132.00000,124.00000
Na2VSbO3S3,1.80624,-1.66090,0.23398,30.00000,0.82980,0.86000,0.97187,0.35185,21.07664,0.04038,0.03427,0.05582,21.66096,0.03977,1258.00000,1280.00000,-22.00000
K2SnCrSe3Br3,1.04879,-1.25943,0.22195,30.00000,0.85000,0.41000,0.97337,0.33122,22.05846,0.03974,0.03334,0.46446,22.05975,0.03977,1258.00000,1131.00000,127.00000
K2GeInO3I3,1.72439,-1.39601,6.42214,30.00000,0.85000,0.78000,0.98679,0.36944,22.89412,0.03983,0.03445,0.05358,22.89685,0.03978,1260.00000,1150.00000,110.00000
Li2GeGaO3I3,1.70684,-1.40552,7.64732,30.00000,0.60822,0.78000,0.76219,0.31944,16.47144,0.04880,0.04106,0.06880,23.09830,0.03978,1260.00000,2181.00000,-921.00000
K2GeMnBr3I3,1.07866,-1.25217,4.44195,30.00000,0.80681,0.30000,0.98611,0.28245,21.72286,0.04094,0.03471,0.46860,22.84552,0.03978,1260.00000,1432.00000,-172.00000
Na2SbCuS3I3,1.04962,-0.76510,0.47043,30.00000,0.85000,0.08000,0.89804,0.32921,22.08418,0.03976,0.03337,0.46514,22.07071,0.03978,1260.00000,1137.00000,123.00000
Rb2ZrGaSe3I3,1.44480,-1.42360,17.48867,30.00000,0.85000,0.11000,0.97611,0.32057,25.27471,0.03977,0.03532,0.05411,25.23910,0.03978,1260.00000,1140.00000,120.00000
K2ZrBiO3I3,1.79700,-1.86921,0.44892,30.00000,0.85000,0.78000,0.95766,0.41111,21.75161,0.03972,0.03386,0.05454,21.66806,0.03979,1265.00000,1128.00000,137.00000
Na2SbAgBr3I3,1.06230,-1.03920,1.96612,30.00000,0.83826,0.30000,0.85943,0.37260,22.13565,0.03999,0.03377,0.46672,22.34846,0.03979,1265.00000,1181.00000,84.00000
K2MoWO3S3,1.80226,-1.63110,0.25849,30.00000,0.84103,0.86000,1.04071,0.36728,21.43313,0.04001,0.03403,0.05511,21.58901,0.03980,1267.00000,1187.00000,80.00000
Rb2CrWSe3Br3,1.44332,-1.30513,17.62323,30.00000,0.82949,0.41000,1.01231,0.30838,24.65092,0.04034,0.03577,0.05514,25.24493,0.03981,1268.00000,1271.00000,-3.00000
Na2WSbO3Cl3,1.80660,-1.68801,0.21641,30.00000,0.85000,0.28000,0.96045,0.37383,21.59011,0.03984,0.03388,0.05488,21.59810,0.03981,1268.00000,1153.00000,115.00000
Rb2MoBiS3I3,1.26449,-1.05000,16.58638,30.00000,0.85000,0.08000,0.98129,0.33416,25.15950,0.03981,0.03522,0.09464,25.14973,0.03982,1270.00000,1147.00000,123.00000
K2GeBiS3I3,1.75197,-0.98522,4.46718,30.00000,0.85000,0.08000,0.97111,0.31931,22.46664,0.03983,0.03426,0.05397,22.43671,0.03982,1270.00000,1149.00000,121.00000
Rb2WFeSe3Br3,1.46351,-1.25612,17.54251,30.00000,0.83899,0.41000,1.00645,0.31599,24.87857,0.04011,0.03559,0.05399,25.21200,0.03982,1270.00000,1213.00000,57.00000
Rb2TaZnSe3Br3,1.30234,-1.44499,17.72853,30.00000,0.85000,0.41000,0.98091,0.35025,25.29621,0.03988,0.03536,0.07643,25.32081,0.03982,1270.00000,1161.00000,109.00000
K2WGaO3Br3,1.78933,-1.70921,1.43371,30.00000,0.85000,0.48000,1.02515,0.36310,21.87166,0.03979,0.03398,0.05453,21.80342,0.03984,1274.00000,1145.00000,129.00000
Na2SbZnO3F3,1.80745,-2.23479,0.17662,30.00000,0.85000,0.54000,0.95852,0.49446,21.57562,0.03984,0.03388,0.05490,21.56114,0.03985,1275.00000,1154.00000,121.00000
Rb2GeBiSe3I3,1.35292,-0.99022,17.96687,30.00000,0.85000,0.11000,0.98504,0.30861,25.40678,0.03981,0.03535,0.06266,25.33026,0.03985,1275.00000,1148.00000,127.00000
Li2GeWO3Se3,1.72572,-1.49720,6.38862,30.00000,0.62373,0.89000,0.76825,0.33432,16.71398,0.04799,0.04036,0.06779,22.82730,0.03986,1277.00000,2156.00000,-879.00000
Rb2SnSbS3I3,1.45528,-0.99167,17.74108,30.00000,0.85000,0.08000,0.99234,0.31931,25.23563,0.03984,0.03538,0.05385,25.20115,0.03988,1278.00000,1152.00000,126.00000
K2GeCuO3Se3,1.09540,-1.32013,7.02925,30.00000,0.84780,0.89000,1.01494,0.37278,23.24698,0.03993,0.03422,0.46654,23.26618,0.03989,1279.00000,1166.00000,113.00000
Rb2WMnSe6,1.30829,-1.08822,17.72691,30.00000,0.85000,0.00000,1.00530,0.31439,25.31391,0.03986,0.03535,0.07424,25.28026,0.03989,1279.00000,1158.00000,121.00000
Rb2GeTaSe3I3,1.38099,-1.20106,18.70195,30.00000,0.82280,0.11000,1.00713,0.27990,24.55715,0.04066,0.03603,0.06022,25.39958,0.03989,1279.00000,1354.00000,-75.00000
Rb2TaMnSe3Br3,1.29918,-1.52206,17.93771,30.00000,0.85000,0.41000,0.99875,0.32614,25.28781,0.03993,0.03539,0.07774,25.29829,0.03990,1282.00000,1167.00000,115.00000
Rb2TaFeSe3Br3,1.29183,-1.43544,17.91839,30.00000,0.85000,0.41000,0.99875,0.32614,25.26721,0.03995,0.03540,0.08079,25.30485,0.03990,1282.00000,1170.00000,112.00000
Rb2CrWSe6,1.29466,-1.14178,17.78951,30.00000,0.85000,0.00000,1.01113,0.30682,25.27565,0.03992,0.03538,0.07954,25.26401,0.03990,1282.00000,1164.00000,118.00000
Na2MoInO3Br3,1.79408,-1.67542,1.59957,30.00000,0.85000,0.48000,0.91403,0.41369,21.79254,0.03990,0.03402,0.05479,21.79439,0.03990,1282.00000,1162.00000,120.00000
Rb2SnInSe3I3,1.52683,-1.00609,16.24299,30.00000,0.85000,0.11000,0.95029,0.35646,24.93372,0.03985,0.03528,0.05249,24.86617,0.03991,1286.00000,1156.00000,130.00000
Rb2TiGaSe3I3,1.41364,-1.40946,18.30847,30.00000,0.84064,0.11000,0.99688,0.29306,25.07599,0.04010,0.03561,0.05617,25.29436,0.03992,1287.00000,1210.00000,77.00000
Rb2TaMnS3I3,1.46474,-1.26625,18.10834,30.00000,0.85000,0.08000,0.99327,0.31807,25.20792,0.03992,0.03544,0.05361,25.20619,0.03993,1288.00000,1165.00000,123.00000
Rb2NbSbSe6,1.32211,-1.03523,18.27511,30.00000,0.85000,0.00000,1.00627,0.31313,25.34363,0.03993,0.03542,0.07012,25.33721,0.03994,1289.00000,1168.00000,121.00000
Na2MnSbSe3I3,1.04363,-0.89032,0.50672,30.00000,0.81671,0.11000,0.90718,0.29785,20.98898,0.04090,0.03404,0.46792,21.92499,0.03995,1290.00000,1419.00000,-129.00000
K2TaSbO3S3,1.81032,-1.79818,0.76894,30.00000,0.85000,0.86000,1.02909,0.38272,21.52912,0.04001,0.03398,0.05523,21.53338,0.03996,1291.00000,1185.00000,106.00000
Rb2WGaSe3I3,1.55538,-1.07692,15.96641,30.00000,0.83909,0.11000,0.99781,0.29187,24.41559,0.04025,0.03552,0.05315,24.73658,0.03996,1291.00000,1241.00000,50.00000
Rb2WSbO3I3,1.49827,-1.40027,17.42119,30.00000,0.81683,0.78000,1.03709,0.33333,24.06861,0.04084,0.03611,0.05445,25.06667,0.03996,1291.00000,1405.00000,-114.00000
Na2MoGaO3Br3,1.79030,-1.70629,1.78596,30.00000,0.85000,0.48000,0.95003,0.36012,21.85597,0.03988,0.03403,0.05470,21.79927,0.03997,1294.00000,1160.00000,134.00000
Rb2MoWSe6,1.24996,-1.06465,17.00821,30.00000,0.85000,0.00000,1.01604,0.30051,25.09255,0.03996,0.03529,0.10604,25.10891,0.03997,1294.00000,1175.00000,119.00000
Rb2TiSbSe3I3,1.23458,-1.19854,16.51726,30.00000,0.83436,0.11000,1.00059,0.28828,24.52122,0.04039,0.03557,0.12245,24.99110,0.03997,1294.00000,1285.00000,9.00000
Li2WGaSe3F3,1.79629,-1.85707,1.74354,30.00000,0.58135,1.43000,0.75414,0.37082,14.84732,0.05039,0.04143,0.07397,21.76322,0.03998,1297.00000,2249.00000,-952.00000
Rb2NbZnSe3Br3,1.35076,-1.40574,19.30222,30.00000,0.85000,0.41000,0.98091,0.35025,25.40420,0.04005,0.03554,0.06348,25.42336,0.03999,1298.00000,1198.00000,100.00000
Rb2TaSbSe6,1.24689,-1.04386,16.88577,30.00000,0.85000,0.00000,1.00627,0.31313,25.07452,0.03996,0.03527,0.10870,25.04901,0.03999,1298.00000,1173.00000,125.00000
Rb2SnZnCl3I3,1.44212,-1.40842,18.64424,30.00000,0.85000,0.50000,0.96837,0.35661,25.27966,0.03996,0.03549,0.05454,25.24239,0.03999,1298.00000,1174.00000,124.00000
Li2MoGaS3Cl3,1.78779,-1.25632,2.33066,30.00000,0.62478,0.58000,0.75221,0.33151,16.05848,0.04807,0.03990,0.06941,21.85499,0.03999,1298.00000,2158.00000,-860.00000
Rb2TaCuS3I3,1.48601,-1.18449,17.94081,30.00000,0.85000,0.08000,0.97766,0.33911,25.13529,0.03997,0.03545,0.05316,25.09847,0.03999,1298.00000,1177.00000,121.00000
Rb2WBiS3I3,1.57886,-1.09959,15.17452,30.00000,0.85000,0.08000,0.97947,0.33663,24.54894,0.03997,0.03524,0.05266,24.54676,0.04000,1303.00000,1178.00000,125.00000
Rb2VTaSe6,1.29399,-1.30106,18.21211,30.00000,0.85000,0.00000,1.01801,0.29798,25.27427,0.04000,0.03544,0.08001,25.23595,0.04000,1303.00000,1182.00000,121.00000
K2VZnO3Cl3,1.81989,-1.95047,0.09665,30.00000,0.85000,0.28000,1.02208,0.39875,21.36700,0.04003,0.03393,0.05544,21.38044,0.04000,1303.00000,1190.00000,113.00000
Rb2MoInS3I3,1.41475,-1.14030,19.25206,30.00000,0.85000,0.08000,0.97406,0.34406,25.36160,0.04001,0.03555,0.05593,25.35723,0.04002,1306.00000,1186.00000,120.00000
Rb2MnBiO3I3,1.47009,-1.40630,18.22104,30.00000,0.85000,0.78000,0.99461,0.39028,25.19006,0.03996,0.03547,0.05349,25.15810,0.04002,1306.00000,1172.00000,134.00000
Rb2SnNbS3I3,1.48588,-1.23380,18.31962,30.00000,0.85000,0.08000,0.98495,0.32921,25.13583,0.04003,0.03551,0.05326,25.11855,0.04002,1306.00000,1192.00000,114.00000
Rb2TiWSe6,1.28809,-1.28783,17.87252,30.00000,0.85000,0.00000,1.01309,0.30429,25.25164,0.03995,0.03539,0.08237,25.19128,0.04002,1306.00000,1171.00000,135.00000
Rb2MnBiS3I3,1.24054,-1.05814,17.26381,30.00000,0.85000,0.08000,0.97138,0.34777,25.02867,0.04006,0.03534,0.11496,25.10809,0.04003,1310.00000,1199.00000,111.00000
Na2SbCuS3Br3,1.04058,-1.01263,0.13697,30.00000,0.84848,0.38000,0.90697,0.35000,21.73556,0.04004,0.03339,0.46707,21.70936,0.04004,1311.00000,1193.00000,118.00000
K2VZnO3F3,1.81915,-2.68025,0.11415,30.00000,0.85000,0.54000,1.06155,0.47232,21.37686,0.04002,0.03393,0.05541,21.33497,0.04004,1311.00000,1189.00000,122.00000
Rb2VMnSe3I3,1.25610,-1.24236,17.65488,30.00000,0.82784,0.11000,1.00432,0.28349,24.43598,0.04065,0.03584,0.10358,25.10440,0.04005,1313.00000,1352.00000,-39.00000
K2MnGaO3S3,1.79310,-1.83838,2.40473,30.00000,0.85000,0.86000,1.02338,0.39043,21.81001,0.04004,0.03414,0.05500,21.78423,0.04005,1313.00000,1197.00000,116.00000
Rb2NbMnSe3Br3,1.36256,-1.46578,19.55527,30.00000,0.85000,0.41000,0.99875,0.32614,25.40689,0.04009,0.03558,0.06160,25.35687,0.04006,1315.00000,1203.00000,112.00000
K2WMnO3S3,1.82124,-1.68942,0.14613,30.00000,0.85000,0.86000,1.02795,0.38426,21.34285,0.04006,0.03395,0.05553,21.35249,0.04006,1315.00000,1200.00000,115.00000
Rb2SbAgCl3I3,1.38227,-1.25390,19.32359,30.00000,0.85000,0.50000,0.94747,0.38653,25.39263,0.04002,0.03555,0.05881,25.33625,0.04008,1317.00000,1188.00000,129.00000
Rb2TiSbS3I3,1.45410,-1.28354,19.23874,30.00000,0.85000,0.08000,1.00842,0.29827,25.23983,0.04009,0.03559,0.05432,25.22897,0.04009,1318.00000,1205.00000,113.00000
Rb2GeSbSe3I3,1.37298,-0.95080,19.54523,30.00000,0.80872,0.11000,1.01472,0.27033,24.13301,0.04123,0.03647,0.06228,25.36348,0.04010,1319.00000,1504.00000,-185.00000
Rb2NbFeS3I3,1.39923,-1.21937,19.72063,30.00000,0.85000,0.08000,0.99327,0.31807,25.37437,0.04009,0.03561,0.05726,25.34516,0.04010,1319.00000,1206.00000,113.00000
Li2GeGaSe3I3,1.75442,-0.90229,5.91569,30.00000,0.60825,0.11000,0.75619,0.27512,15.99929,0.04920,0.04100,0.07058,22.41563,0.04011,1321.00000,2200.00000,-879.00000
Rb2TaCuO3I3,1.47401,-1.80534,18.95871,30.00000,0.85000,0.78000,1.00162,0.38056,25.17894,0.04010,0.03558,0.05362,25.18099,0.04011,1321.00000,1209.00000,112.00000
Na2GeGaO3Br3,1.71119,-1.48871,8.85855,30.00000,0.85000,0.48000,0.96267,0.34226,23.08143,0.04011,0.03475,0.05387,23.03476,0.04011,1321.00000,1212.00000,109.00000
Rb2TiSbSe3Br3,1.29679,-1.46484,19.05471,30.00000,0.82619,0.41000,1.01428,0.30584,24.55146,0.04079,0.03606,0.08101,25.28515,0.04012,1324.00000,1391.00000,-67.00000
K2GeSbO3Br3,1.74715,-1.46882,6.17741,30.00000,0.84751,0.48000,1.04570,0.33631,22.47589,0.04016,0.03455,0.05443,22.49005,0.04012,1324.00000,1223.00000,101.00000
Rb2SnZnBr3I3,1.19623,-1.30730,16.10313,30.00000,0.85000,0.30000,0.96136,0.34375,24.72178,0.04018,0.03525,0.18081,24.81151,0.04012,1324.00000,1229.00000,95.00000
K2NbCuSe3Br3,1.03259,-1.31274,0.23857,30.00000,0.85000,0.41000,0.96145,0.34772,21.45284,0.04034,0.03340,0.47000,21.68857,0.04012,1324.00000,1269.00000,55.00000
Na2CrMoO3F3,1.82427,-2.56716,0.23268,30.00000,0.85000,0.54000,0.99158,0.44465,21.28843,0.04014,0.03398,0.05569,21.26004,0.04013,1328.00000,1218.00000,110.00000
K2TiBiO3Br3,1.82589,-1.94628,0.14682,30.00000,0.85000,0.48000,0.99369,0.40625,21.26062,0.04015,0.03398,0.05572,21.26137,0.04013,1328.00000,1220.00000,108.00000
Rb2NbZnS3I3,1.45155,-1.23228,19.48873,30.00000,0.85000,0.08000,0.97586,0.34158,25.24964,0.04012,0.03562,0.05448,25.25081,0.04013,1328.00000,1215.00000,113.00000
Na2GeInO3Br3,1.72553,-1.52874,8.05184,30.00000,0.85000,0.48000,0.92572,0.39583,22.87631,0.04015,0.03469,0.05412,22.79940,0.04013,1328.00000,1221.00000,107.00000
Na2MoSbSe3I3,1.04243,-0.89888,0.55396,30.00000,0.80511,0.11000,0.91647,0.28469,20.63713,0.04130,0.03428,0.46873,21.67598,0.04014,1332.00000,1521.00000,-189.00000
Rb2NbMnS3I3,1.41221,-1.24735,19.74414,30.00000,0.85000,0.08000,0.99327,0.31807,25.36395,0.04010,0.03562,0.05626,25.33750,0.04014,1332.00000,1208.00000,124.00000
Na2MoBiO3Cl3,1.82355,-1.71126,0.27011,30.00000,0.85000,0.28000,0.92885,0.42056,21.30156,0.04013,0.03398,0.05567,21.29416,0.04015,1334.00000,1216.00000,118.00000
Na2MoGaO3I3,1.80499,-1.58386,1.79165,30.00000,0.81112,0.78000,0.93791,0.33611,20.61824,0.04121,0.03489,0.05726,21.63477,0.04015,1334.00000,1494.00000,-160.00000
K2NbMnO3Cl3,1.82741,-2.15401,0.13510,30.00000,0.85000,0.28000,1.02094,0.40031,21.23440,0.04017,0.03398,0.05579,21.20068,0.04015,1334.00000,1228.00000,106.00000
Rb2SnFeF3I3,1.38254,-1.94200,20.04551,30.00000,0.81111,1.32000,1.01432,0.38034,24.20008,0.04124,0.03649,0.06111,25.38311,0.04015,1334.00000,1509.00000,-175.00000
Rb2MnSbO3I3,1.37870,-1.43681,20.24796,30.00000,0.83200,0.78000,1.02746,0.34583,24.83770,0.04068,0.03605,0.06049,25.39158,0.04016,1338.00000,1365.00000,-27.00000
Na2SnCuCl3I3,1.03744,-1.10381,0.43099,30.00000,0.82382,0.50000,0.88421,0.35411,20.95360,0.04092,0.03391,0.46944,21.63729,0.04016,1338.00000,1421.00000,-83.00000
K2AgGaI6,1.04968,-1.07633,2.74118,30.00000,0.85000,0.00000,0.90964,0.35682,22.08465,0.04020,0.03371,0.47445,22.10953,0.04017,1340.00000,1234.00000,106.00000
Rb2MoInSe3Br3,1.27342,-1.32752,19.07686,30.00000,0.85000,0.41000,0.97907,0.35279,25.19583,0.04020,0.03557,0.09051,25.21542,0.04017,1340.00000,1235.00000,105.00000
Rb2MoFeSe3Br3,1.30317,-1.22947,19.48582,30.00000,0.83589,0.41000,1.00840,0.31345,24.86773,0.04057,0.03591,0.07785,25.30622,0.04017,1340.00000,1329.00000,11.00000
K2MnSbSe3I3,1.03658,-0.98779,0.49677,30.00000,0.84419,0.11000,0.97235,0.29785,21.46235,0.04038,0.03353,0.46982,21.67864,0.04017,1340.00000,1282.00000,58.00000
Rb2NbFeSe3Br3,1.31190,-1.37581,19.53197,30.00000,0.85000,0.41000,0.99875,0.32614,25.32628,0.04016,0.03560,0.07378,25.28851,0.04018,1344.00000,1224.00000,120.00000
Na2GeSbO3Br3,1.75659,-1.38397,6.53979,30.00000,0.85000,0.48000,0.96696,0.33631,22.39387,0.04029,0.03460,0.05480,22.47029,0.04018,1344.00000,1250.00000,94.00000
Rb2FeSbO3I3,1.38173,-1.31755,20.22328,30.00000,0.83200,0.78000,1.02746,0.34583,24.83922,0.04067,0.03605,0.06012,25.36502,0.04018,1344.00000,1360.00000,-16.00000
Rb2SnMnI6,1.17024,-1.15072,14.43287,30.00000,0.85000,0.00000,0.96665,0.30341,24.47247,0.04012,0.03507,0.23940,24.45546,0.04019,1347.00000,1214.00000,133.00000
Rb2MoWS3Se3,1.45110,-1.12675,19.93475,30.00000,0.85000,0.03000,1.02467,0.31152,25.25161,0.04020,0.03569,0.05462,25.25301,0.04019,1347.00000,1236.00000,111.00000
Rb2ZrFeSe3I3,1.21115,-1.32470,16.87264,30.00000,0.85000,0.11000,0.97171,0.32656,24.82134,0.04018,0.03533,0.15418,24.84119,0.04020,1349.00000,1231.00000,118.00000
Na2TiFeSe3I3,1.03430,-1.15297,0.48550,30.00000,0.81769,0.11000,0.90635,0.29904,20.67560,0.04124,0.03405,0.47096,21.64786,0.04020,1349.00000,1506.00000,-157.00000
Na2TiGaO3Br3,1.80776,-2.08050,1.84292,30.00000,0.85000,0.48000,0.94692,0.36458,21.57044,0.04018,0.03413,0.05546,21.53660,0.04020,1349.00000,1230.00000,119.00000
Na2GeWO6,1.72605,-2.07616,8.63843,30.00000,0.85000,0.00000,1.00398,0.40357,22.86838,0.04027,0.03478,0.05431,22.89947,0.04021,1352.00000,1247.00000,105.00000
Rb2MnZnCl3I3,1.32234,-1.42329,20.12707,30.00000,0.85000,0.50000,0.97645,0.34539,25.34449,0.04025,0.03569,0.07081,25.38081,0.04022,1353.00000,1240.00000,113.00000
K2MnSbS3Se3,1.03465,-0.95574,0.29842,30.00000,0.85000,0.03000,0.99121,0.32592,21.53552,0.04026,0.03340,0.46948,21.52582,0.04022,1353.00000,1244.00000,109.00000
Rb2AgInBr3I3,1.22748,-1.24619,17.65438,30.00000,0.85000,0.30000,0.90931,0.42067,24.95125,0.04021,0.03542,0.13061,24.91531,0.04024,1355.00000,1237.00000,118.00000
K2GeZnO3Se3,1.75135,-1.31549,6.99206,30.00000,0.85000,0.89000,1.01276,0.37574,22.47415,0.04030,0.03464,0.05474,22.51294,0.04024,1355.00000,1256.00000,99.00000
Rb2SnMnCl3I3,1.26318,-1.39554,18.87797,30.00000,0.84847,0.50000,0.98558,0.33292,25.10132,0.04026,0.03557,0.09706,25.10107,0.04025,1357.00000,1245.00000,112.00000
K2SbAgI6,1.04303,-0.91778,1.89368,30.00000,0.85000,0.00000,0.91270,0.35227,21.85667,0.04026,0.03360,0.47323,21.87593,0.04026,1358.00000,1242.00000,116.00000
Rb2ZrWS3Se3,1.46809,-1.39092,19.99801,30.00000,0.85000,0.03000,0.99875,0.34555,25.20005,0.04026,0.03572,0.05402,25.24358,0.04026,1358.00000,1243.00000,115.00000
Rb2CrWS3I3,1.55408,-1.19582,17.79397,30.00000,0.85000,0.08000,1.00650,0.30074,24.75036,0.04027,0.03555,0.05315,24.73374,0.04027,1360.00000,1248.00000,112.00000
Na2TiWO3S3,1.83640,-1.96104,0.14698,30.00000,0.84457,0.86000,0.95766,0.37191,20.94680,0.04049,0.03414,0.05649,21.11367,0.04027,1360.00000,1306.00000,54.00000
Na2NbCuSe3Br3,1.02881,-1.20777,0.23862,30.00000,0.83483,0.41000,0.89487,0.34772,20.91634,0.04093,0.03370,0.47184,21.43469,0.04028,1362.00000,1428.00000,-66.00000
Rb2SbZnSe3Br3,1.52873,-1.19666,18.65255,30.00000,0.85000,0.41000,0.98834,0.34010,24.92151,0.04028,0.03564,0.05314,24.88714,0.04028,1362.00000,1249.00000,113.00000
K2MnBiSe3I3,1.03105,-1.05244,0.46794,30.00000,0.85000,0.11000,0.94450,0.33612,21.38921,0.04045,0.03344,0.47147,21.54651,0.04028,1362.00000,1300.00000,62.00000
Rb2SnGaSe3I3,1.57815,-1.01617,17.01417,30.00000,0.85000,0.11000,0.98145,0.31340,24.55718,0.04029,0.03550,0.05315,24.52516,0.04028,1362.00000,1251.00000,111.00000
Rb2MoSbO3I3,1.50292,-1.38801,19.30859,30.00000,0.81325,0.78000,1.03926,0.33056,23.93518,0.04131,0.03649,0.05515,25.02010,0.04029,1366.00000,1523.00000,-157.00000
Rb2MoGaSe3I3,1.21181,-1.09209,17.44911,30.00000,0.83595,0.11000,0.99966,0.28947,24.40525,0.04067,0.03571,0.15558,24.87046,0.04030,1367.00000,1359.00000,8.00000
Rb2TaCuSe3Cl3,1.36944,-1.44075,20.88572,30.00000,0.85000,0.61000,0.99077,0.36148,25.39951,0.04031,0.03576,0.06097,25.39528,0.04030,1367.00000,1257.00000,110.00000
Rb2SnNbSe3Br3,1.23662,-1.42376,18.14425,30.00000,0.85000,0.41000,0.99022,0.33756,25.00533,0.04023,0.03547,0.11981,24.97190,0.04030,1367.00000,1238.00000,129.00000
Rb2WSbS3Br3,1.51520,-1.21222,19.10345,30.00000,0.83990,0.38000,1.02389,0.31579,24.68470,0.04056,0.03589,0.05377,24.94559,0.04030,1367.00000,1327.00000,40.00000
Rb2WSbSe3F3,1.46007,-1.83229,20.26512,30.00000,0.77503,1.43000,1.05987,0.36474,22.94388,0.04250,0.03746,0.05813,25.19638,0.04030,1367.00000,1721.00000,-354.00000
Rb2MoInSe3I3,1.19719,-1.09380,16.64073,30.00000,0.85000,0.11000,0.96735,0.33254,24.73004,0.04026,0.03533,0.17946,24.68349,0.04030,1367.00000,1246.00000,121.00000
Rb2TaCuS3Br3,1.42487,-1.38360,20.96769,30.00000,0.85000,0.38000,0.99022,0.36053,25.33349,0.04033,0.03581,0.05591,25.33116,0.04031,1373.00000,1267.00000,106.00000
Rb2SnZnF3I3,1.48222,-2.01832,19.80577,30.00000,0.83140,1.32000,0.99482,0.40741,24.58803,0.04079,0.03612,0.05461,25.11763,0.04031,1373.00000,1394.00000,-21.00000
Rb2SnInSe3Br3,1.53571,-1.24733,18.55251,30.00000,0.85000,0.41000,0.96104,0.37817,24.87931,0.04030,0.03563,0.05316,24.85713,0.04031,1373.00000,1255.00000,118.00000
Rb2MoGaSe3Br3,1.29715,-1.33700,20.16051,30.00000,0.82785,0.41000,1.01329,0.30711,24.60345,0.04093,0.03619,0.08124,25.29954,0.04031,1373.00000,1431.00000,-58.00000
Rb2TiCrS3I3,1.36632,-1.40353,20.96458,30.00000,0.85000,0.08000,1.00554,0.30198,25.40343,0.04032,0.03577,0.06144,25.37958,0.04031,1373.00000,1265.00000,108.00000
Rb2SnVSe3Br3,1.25704,-1.42002,19.05336,30.00000,0.83431,0.41000,1.00937,0.31218,24.63831,0.04071,0.03591,0.10305,25.10979,0.04032,1378.00000,1374.00000,4.00000
Rb2TaFeSe3Cl3,1.39178,-1.53997,21.09031,30.00000,0.84451,0.61000,1.00737,0.33905,25.21638,0.04047,0.03592,0.05852,25.33998,0.04032,1378.00000,1302.00000,76.00000
Rb2TaFeS3Br3,1.39522,-1.46265,21.17515,30.00000,0.85000,0.38000,1.00678,0.33816,25.37788,0.04034,0.03582,0.05799,25.38249,0.04032,1378.00000,1268.00000,110.00000
Rb2ZrCrS3I3,1.27887,-1.39685,19.83504,30.00000,0.85000,0.08000,0.98403,0.33045,25.22527,0.04032,0.03568,0.08779,25.25748,0.04033,1381.00000,1261.00000,120.00000
Rb2CrMnS3I3,1.43678,-1.22781,20.76518,30.00000,0.85000,0.08000,0.99795,0.31188,25.29859,0.04032,0.03579,0.05535,25.28198,0.04033,1381.00000,1260.00000,121.00000
Rb2VFeSe3I3,1.20724,-1.20999,17.63608,30.00000,0.82784,0.11000,1.00432,0.28349,24.12385,0.04097,0.03592,0.16488,24.82199,0.04033,1381.00000,1446.00000,-65.00000
Rb2WSbSe3Cl3,1.52141,-1.26978,19.04426,30.00000,0.81777,0.61000,1.02453,0.31662,23.98869,0.04121,0.03638,0.05474,24.92350,0.04033,1381.00000,1497.00000,-116.00000
Rb2VMnSe3Br3,1.31260,-1.45840,20.61993,30.00000,0.81941,0.41000,1.01823,0.30076,24.38340,0.04121,0.03642,0.07619,25.35624,0.04033,1381.00000,1496.00000,-115.00000
Rb2SbZnS3I3,1.53039,-1.07107,18.83286,30.00000,0.85000,0.08000,0.98312,0.33168,24.90976,0.04032,0.03566,0.05321,24.89697,0.04034,1386.00000,1263.00000,123.00000
Rb2WInSe3Br3,1.57548,-1.36137,17.29265,30.00000,0.85000,0.41000,0.97724,0.35533,24.58196,0.04032,0.03553,0.05320,24.55398,0.04035,1387.00000,1264.00000,123.00000
Li2MoGaSe3F3,1.81413,-1.85458,2.09120,30.00000,0.58158,1.43000,0.75582,0.36778,14.65516,0.05091,0.04162,0.07533,21.42414,0.04035,1387.00000,2271.00000,-884.00000
Rb2ZrInSe3Br3,1.53406,-1.65487,19.12986,30.00000,0.85000,0.41000,0.95576,0.38579,24.89139,0.04039,0.03571,0.05332,24.90513,0.04035,1387.00000,1286.00000,101.00000
Li2WGaO3I3,1.82062,-1.56638,1.63282,30.00000,0.61073,0.78000,0.75112,0.33889,15.32775,0.04934,0.04047,0.07255,21.31656,0.04035,1387.00000,2207.00000,-820.00000
Li2GeMoS6,1.73001,-1.01808,9.24360,30.00000,0.67447,0.00000,0.76603,0.30435,18.04656,0.04644,0.03926,0.06502,22.84629,0.04035,1387.00000,2084.00000,-697.00000
Rb2SnGaSe3Br3,1.50799,-1.24941,19.57835,30.00000,0.85000,0.41000,0.99399,0.33249,25.02086,0.04034,0.03574,0.05350,24.99989,0.04036,1392.00000,1270.00000,122.00000
Rb2WAgO3I3,1.52130,-1.39725,19.23836,30.00000,0.85000,0.78000,0.96661,0.43056,24.95995,0.04034,0.03571,0.05332,24.94014,0.04036,1392.00000,1273.00000,119.00000
Rb2MoGaS3I3,1.47570,-1.12694,20.34500,30.00000,0.85000,0.08000,1.00746,0.29950,25.17318,0.04034,0.03578,0.05393,25.15192,0.04037,1394.00000,1272.00000,122.00000
Rb2SnFeO3I3,1.48741,-1.29895,20.27724,30.00000,0.85000,0.78000,1.00872,0.37083,25.13003,0.04038,0.03579,0.05377,25.11276,0.04038,1395.00000,1283.00000,112.00000
Rb2TaZnS3I3,1.56923,-1.24510,17.89724,30.00000,0.85000,0.08000,0.97586,0.34158,24.64394,0.04039,0.03560,0.05328,24.64685,0.04038,1395.00000,1284.00000,111.00000
K2CrWO3Cl3,1.83959,-1.80212,0.13962,30.00000,0.85000,0.28000,1.03709,0.37850,21.02813,0.04039,0.03406,0.05639,21.00560,0.04038,1395.00000,1288.00000,107.00000
Rb2SnVS3I3,1.24292,-1.17626,19.23738,30.00000,0.85000,0.08000,1.00364,0.30446,25.04701,0.04039,0.03562,0.11400,25.07673,0.04039,1398.00000,1287.00000,111.00000
Rb2MnSbF3I3,1.48512,-2.07432,20.01719,30.00000,0.78537,1.32000,1.03352,0.35470,23.17492,0.04222,0.03722,0.05686,25.02891,0.04039,1398.00000,1686.00000,-288.00000
Rb2VMnS3I3,1.30841,-1.26614,20.81886,30.00000,0.84348,0.08000,1.01228,0.29332,25.12056,0.04057,0.03593,0.07601,25.28864,0.04039,1398.00000,1330.00000,68.00000
Rb2CrWS3Se3,1.44362,-1.19539,21.03844,30.00000,0.85000,0.03000,1.01958,0.31806,25.27397,0.04038,0.03583,0.05517,25.28624,0.04039,1398.00000,1281.00000,117.00000
Rb2GeWSe6,1.33967,-1.00255,21.13793,30.00000,0.83868,0.00000,1.02801,0.28535,25.04847,0.04069,0.03606,0.06721,25.34653,0.04039,1398.00000,1367.00000,31.00000
Rb2TaMnSe3Cl3,1.41654,-1.60551,21.11691,30.00000,0.84451,0.61000,1.00737,0.33905,25.19093,0.04049,0.03593,0.05664,25.32490,0.04039,1398.00000,1307.00000,91.00000
Rb2WGaSe3Br3,1.56173,-1.34910,18.18130,30.00000,0.83111,0.41000,1.01133,0.30964,24.13412,0.04091,0.03603,0.05416,24.66680,0.04041,1404.00000,1420.00000,-16.00000
Rb2SbZnO3I3,1.49539,-1.27544,19.97957,30.00000,0.85000,0.78000,1.00770,0.37222,25.08236,0.04036,0.03577,0.05365,25.05170,0.04041,1404.00000,1278.00000,126.00000
K2WSbO3Cl3,1.83923,-1.78522,0.21767,30.00000,0.85000,0.28000,1.04062,0.37383,21.03396,0.04040,0.03407,0.05640,20.98932,0.04042,1406.00000,1290.00000,116.00000
Rb2TiWS3Se3,1.45683,-1.38063,21.15556,30.00000,0.85000,0.03000,1.02161,0.31545,25.22817,0.04043,0.03587,0.05472,25.23525,0.04043,1407.00000,1294.00000,113.00000
Rb2TaZnSe3Cl3,1.48085,-1.51304,20.82728,30.00000,0.85000,0.61000,0.98886,0.36412,25.15642,0.04045,0.03586,0.05405,25.10571,0.04043,1407.00000,1301.00000,106.00000
K2TiMoO3S3,1.84114,-2.07741,0.22116,30.00000,0.84271,0.86000,1.03953,0.36883,20.82429,0.04064,0.03422,0.05685,20.94288,0.04044,1409.00000,1350.00000,59.00000
Rb2MnCuF3I3,1.42702,-1.99301,21.55331,30.00000,0.82049,1.32000,1.00602,0.39174,24.42157,0.04127,0.03654,0.05739,25.29185,0.04045,1410.00000,1516.00000,-106.00000
Rb2NbCuO3I3,1.47337,-1.68074,20.77918,30.00000,0.85000,0.78000,1.00162,0.38056,25.18157,0.04041,0.03584,0.05413,25.18074,0.04045,1410.00000,1291.00000,119.00000
Rb2WAgS3I3,1.57463,-1.07999,18.25726,30.00000,0.85000,0.08000,0.94618,0.38366,24.59073,0.04049,0.03567,0.05345,24.54307,0.04046,1412.00000,1309.00000,103.00000
Rb2MnZnF3I3,1.42572,-2.07588,21.49063,30.00000,0.82265,1.32000,1.00396,0.39459,24.49052,0.04119,0.03648,0.05735,25.30445,0.04046,1412.00000,1486.00000,-74.00000
K2GeTaO3Cl3,1.75522,-2.01273,7.67641,30.00000,0.85000,0.28000,1.04774,0.36449,22.41296,0.04049,0.03476,0.05510,22.38520,0.04046,1412.00000,1308.00000,104.00000
Rb2VTaS3Se3,1.34637,-1.32833,21.55926,30.00000,0.85000,0.03000,1.02672,0.30890,25.40337,0.04044,0.03587,0.06515,25.37961,0.04046,1412.00000,1298.00000,114.00000
Rb2TiInSe3Br3,1.50614,-1.62205,20.13452,30.00000,0.85000,0.41000,0.97632,0.35660,25.02771,0.04043,0.03581,0.05366,25.02204,0.04046,1412.00000,1295.00000,117.00000
Rb2FeMnF3I3,1.41115,-2.02016,21.77402,30.00000,0.79905,1.32000,1.02383,0.36752,23.80496,0.04192,0.03705,0.05952,25.33995,0.04046,1412.00000,1636.00000,-224.00000
Rb2MoAgO3I3,1.44180,-1.34634,21.35719,30.00000,0.85000,0.78000,0.96849,0.42778,25.27988,0.04043,0.03588,0.05532,25.24068,0.04047,1418.00000,1296.00000,122.00000
Rb2AgGaCl3I3,1.30601,-1.38232,21.44073,30.00000,0.85000,0.50000,0.94408,0.39152,25.30903,0.04051,0.03588,0.07666,25.29574,0.04047,1418.00000,1313.00000,105.00000
Rb2MnBiO3Se3,1.41394,-1.38420,21.64152,30.00000,0.85000,0.89000,1.00783,0.41568,25.36209,0.04042,0.03589,0.05668,25.30000,0.04047,1418.00000,1292.00000,126.00000
Na2GeTaO3Cl3,1.74791,-1.99751,8.20439,30.00000,0.85000,0.28000,0.96703,0.36449,22.52890,0.04049,0.03480,0.05498,22.55526,0.04048,1421.00000,1304.00000,117.00000
Rb2SnNbS3Br3,1.32688,-1.38286,21.55936,30.00000,0.85000,0.38000,0.99794,0.35000,25.36027,0.04049,0.03589,0.07007,25.32080,0.04048,1421.00000,1305.00000,116.00000
Na2MnGaO3S3,1.81911,-1.76718,2.62651,30.00000,0.85000,0.86000,0.94490,0.39043,21.37749,0.04053,0.03431,0.05624,21.41022,0.04048,1421.00000,1319.00000,102.00000
Rb2VCuSe3Br3,1.26630,-1.29947,20.39538,30.00000,0.84647,0.41000,1.00162,0.32234,25.06149,0.04056,0.03583,0.09607,25.12949,0.04049,1424.00000,1325.00000,99.00000
Rb2SnNbSe3Cl3,1.43571,-1.63906,21.46770,30.00000,0.85000,0.61000,0.99851,0.35092,25.29991,0.04044,0.03588,0.05561,25.24485,0.04049,1424.00000,1297.00000,127.00000
Na2SnTaO3Cl3,1.84095,-2.10114,0.74252,30.00000,0.85000,0.28000,0.93294,0.41433,21.00469,0.04054,0.03416,0.05666,20.95734,0.04049,1424.00000,1321.00000,103.00000
Rb2SnMoS3Se3,1.39001,-1.02432,21.71873,30.00000,0.85000,0.03000,1.00659,0.33508,25.38748,0.04043,0.03590,0.05871,25.31125,0.04049,1424.00000,1293.00000,131.00000
Na2NbSbO6,1.84448,-2.31737,0.27474,30.00000,0.85000,0.00000,0.97665,0.44286,20.94368,0.04051,0.03410,0.05668,20.92378,0.04049,1424.00000,1314.00000,110.00000
K2CrWO3S3,1.84381,-1.74327,0.15355,30.00000,0.84919,0.86000,1.03487,0.37500,20.93478,0.04050,0.03410,0.05664,20.92337,0.04050,1429.00000,1312.00000,117.00000
Li2GeGaSe3Br3,1.76967,-1.14198,6.83007,30.00000,0.60501,0.41000,0.75851,0.29188,15.75125,0.04993,0.04141,0.07221,22.19488,0.04050,1429.00000,2227.00000,-798.00000
Rb2MnBiO3Br3,1.30120,-1.53709,21.42313,30.00000,0.85000,0.48000,1.00909,0.41815,25.29185,0.04052,0.03589,0.07857,25.29189,0.04050,1429.00000,1315.00000,114.00000
Rb2GeInSe3I3,1.51516,-0.99937,20.44513,30.00000,0.85000,0.11000,0.97789,0.31818,24.99095,0.04052,0.03587,0.05367,24.95648,0.04051,1432.00000,1316.00000,116.00000
Rb2MoBiO3I3,1.59832,-1.37279,17.46412,30.00000,0.85000,0.78000,1.00566,0.37500,24.38685,0.04053,0.03562,0.05357,24.37889,0.04052,1433.00000,1318.00000,115.00000
Rb2ZrGaSe3Br3,1.52223,-1.66758,20.22278,30.00000,0.85000,0.41000,0.98834,0.34010,24.95646,0.04052,0.03585,0.05357,24.96329,0.04052,1433.00000,1317.00000,116.00000
Rb2SnGeCl3I3,1.40000,-1.35000,22.47310,30.00000,0.81574,0.50000,1.00726,0.30424,24.32432,0.04154,0.03676,0.05975,25.35417,0.04053,1435.00000,1570.00000,-135.00000
Rb2WFeSe3Cl3,1.50882,-1.34324,20.63577,30.00000,0.83255,0.61000,1.01537,0.32850,24.49323,0.04101,0.03626,0.05458,24.98485,0.04053,1435.00000,1451.00000,-16.00000
Na2ZrMoO6,1.84314,-2.73930,0.25316,30.00000,0.85000,0.00000,0.96001,0.46786,20.96660,0.04048,0.03409,0.05661,20.90648,0.04053,1435.00000,1303.00000,132.00000
Rb2SnCrS3I3,1.21806,-1.10459,19.18992,30.00000,0.85000,0.08000,0.98955,0.32302,24.87704,0.04055,0.03565,0.14605,24.93235,0.04054,1438.00000,1324.00000,114.00000
Rb2VZnS3I3,1.25481,-1.20867,20.53471,30.00000,0.85000,0.08000,0.99420,0.31683,25.10879,0.04054,0.03579,0.10440,25.10106,0.04054,1438.00000,1320.00000,118.00000
Rb2TaCuO3Br3,1.38830,-1.84426,22.39720,30.00000,0.85000,0.48000,1.01656,0.40774,25.39151,0.04055,0.03599,0.05903,25.36386,0.04055,1440.00000,1323.00000,117.00000
Rb2VCuO3I3,1.44492,-1.61479,21.97430,30.00000,0.83974,0.78000,1.02218,0.35278,24.95913,0.04082,0.03619,0.05585,25.29803,0.04055,1440.00000,1403.00000,37.00000
Na2CrWO6,1.85129,-2.17266,0.15159,30.00000,0.85000,0.00000,0.98273,0.43393,20.81908,0.04061,0.03413,0.05697,20.79847,0.04056,1442.00000,1341.00000,101.00000
K2GeFeS3Se3,1.06383,-0.94431,6.49860,30.00000,0.85000,0.03000,1.00510,0.30759,22.49983,0.04049,0.03420,0.48423,22.47679,0.04056,1442.00000,1311.00000,131.00000
Rb2WBiO3I3,1.63850,-1.40972,15.90595,30.00000,0.85000,0.78000,1.00364,0.37778,23.98863,0.04061,0.03551,0.05392,23.98692,0.04056,1442.00000,1338.00000,104.00000
Rb2ZrFeSe3Br3,1.21654,-1.56176,19.54518,30.00000,0.85000,0.41000,0.98368,0.34645,24.86305,0.04062,0.03571,0.14847,24.90008,0.04057,1445.00000,1344.00000,101.00000
Rb2MnGaSe6,1.27683,-1.08187,21.35347,30.00000,0.85000,0.00000,1.00145,0.31944,25.21533,0.04059,0.03590,0.08980,25.20633,0.04059,1446.00000,1336.00000,110.00000
Rb2CrMoSe6,1.22798,-1.16536,19.77660,30.00000,0.85000,0.00000,1.01309,0.30429,24.95165,0.04058,0.03572,0.13184,24.95379,0.04060,1447.00000,1333.00000,114.00000
Rb2GeGaSe3I3,1.48051,-0.99932,21.45804,30.00000,0.81588,0.11000,1.01091,0.27512,24.11924,0.04153,0.03671,0.05584,25.13037,0.04060,1447.00000,1566.00000,-119.00000
Rb2GeTaSe3Br3,1.26689,-1.36877,21.34482,30.00000,0.81415,0.41000,1.02122,0.29695,24.07470,0.04165,0.03668,0.09953,25.18048,0.04061,1449.00000,1588.00000,-139.00000
Rb2MoSbS3I3,1.19882,-1.00616,18.23969,30.00000,0.84517,0.08000,1.01131,0.29455,24.59578,0.04066,0.03565,0.17960,24.67668,0.04061,1449.00000,1355.00000,94.00000
Rb2CrAgO3I3,1.44778,-1.43076,22.51461,30.00000,0.85000,0.78000,0.96380,0.43472,25.25804,0.04064,0.03605,0.05542,25.28910,0.04061,1449.00000,1349.00000,100.00000
Rb2MnInS3I3,1.23156,-1.15308,20.14120,30.00000,0.85000,0.08000,0.96430,0.35767,24.97983,0.04062,0.03577,0.12754,25.01919,0.04062,1452.00000,1342.00000,110.00000
K2CuZnI6,1.02765,-1.07724,0.56258,30.00000,0.85000,0.00000,0.92514,0.33409,21.25607,0.04062,0.03346,0.47334,21.23953,0.04062,1452.00000,1343.00000,109.00000
Rb2VCuS3I3,1.25072,-1.16387,20.59215,30.00000,0.85000,0.08000,0.99608,0.31436,25.09676,0.04058,0.03580,0.10793,25.05145,0.04062,1452.00000,1334.00000,118.00000
Rb2TaCuSe3Br3,1.18021,-1.35212,17.77177,30.00000,0.85000,0.41000,0.98276,0.34772,24.58217,0.04060,0.03553,0.21871,24.54241,0.04063,1455.00000,1337.00000,118.00000
Rb2MoSbSe3F3,1.36423,-1.87422,22.89166,30.00000,0.77127,1.43000,1.06224,0.36170,22.99153,0.04304,0.03789,0.06729,25.38894,0.04063,1455.00000,1777.00000,-322.00000
Rb2MoFeS3I3,1.22184,-1.08949,19.67378,30.00000,0.85000,0.08000,1.00268,0.30569,24.90682,0.04061,0.03572,0.14036,24.91264,0.04063,1455.00000,1339.00000,116.00000
Rb2MnZnBr3I3,1.16830,-1.37531,17.19133,30.00000,0.85000,0.30000,0.96916,0.33293,24.44853,0.04063,0.03547,0.25055,24.43299,0.04063,1455.00000,1348.00000,107.00000
Rb2ZrFeS3I3,1.21966,-1.35341,19.73424,30.00000,0.85000,0.08000,0.97857,0.33787,24.89133,0.04063,0.03573,0.14373,24.87838,0.04063,1455.00000,1346.00000,109.00000
K2GeMoS6,1.76424,-1.07232,7.90563,30.00000,0.85000,0.00000,1.02530,0.30435,22.28072,0.04067,0.03484,0.05556,22.30012,0.04063,1455.00000,1358.00000,97.00000
Rb2TaZnO3I3,1.57596,-1.83434,18.91041,30.00000,0.85000,0.78000,0.99960,0.38333,24.57750,0.04061,0.03577,0.05365,24.53519,0.04064,1461.00000,1340.00000,121.00000
Rb2GeSbSe3Br3,1.43730,-1.10909,22.51513,30.00000,0.79938,0.41000,1.02928,0.28680,23.75456,0.04209,0.03718,0.05841,25.28030,0.04065,1462.00000,1666.00000,-204.00000
Li2MoWO3S3,1.85070,-1.74359,0.28068,30.00000,0.64486,0.86000,0.75978,0.36728,15.79617,0.04799,0.03927,0.07073,20.77565,0.04065,1462.00000,2155.00000,-693.00000
Rb2MnGaO3I3,1.43042,-1.53855,22.75681,30.00000,0.83823,0.78000,1.02323,0.35139,24.96228,0.04097,0.03632,0.05667,25.34059,0.04065,1462.00000,1444.00000,18.00000
Rb2MnSbCl3I3,1.19691,-1.41779,18.83283,30.00000,0.82354,0.50000,1.00246,0.31047,23.92780,0.04141,0.03621,0.18645,24.74956,0.04065,1462.00000,1544.00000,-82.00000
Rb2GeNbSe3I3,1.21893,-1.15402,20.12096,30.00000,0.82280,0.11000,1.00713,0.27990,24.05682,0.04148,0.03637,0.14868,24.96072,0.04066,1466.00000,1555.00000,-89.00000
Rb2SnTaS3I3,1.62487,-1.24595,16.92629,30.00000,0.85000,0.08000,0.98495,0.32921,24.12753,0.04066,0.03562,0.05392,24.08634,0.04066,1466.00000,1357.00000,109.00000
Rb2ZrSbSe3Br3,1.60196,-1.50502,18.11256,30.00000,0.85000,0.41000,0.99210,0.33503,24.35274,0.04067,0.03573,0.05380,24.34276,0.04066,1466.00000,1363.00000,103.00000
Na2GeGaSe3F3,1.74900,-1.81510,8.94739,30.00000,0.76944,1.43000,0.96670,0.34954,20.36529,0.04307,0.03670,0.05952,22.48255,0.04067,1469.00000,1780.00000,-311.00000
Rb2ZrSbS3I3,1.59608,-1.34548,18.28766,30.00000,0.85000,0.08000,0.98678,0.32673,24.40912,0.04065,0.03574,0.05377,24.38717,0.04067,1469.00000,1353.00000,116.00000
Rb2SnMnF3I3,1.55585,-2.08066,20.06980,30.00000,0.81111,1.32000,1.01432,0.38034,23.58212,0.04180,0.03675,0.05559,24.75479,0.04067,1469.00000,1614.00000,-145.00000
Rb2NbCuS3I3,1.20925,-1.15693,19.54076,30.00000,0.85000,0.08000,0.97766,0.33911,24.80708,0.04067,0.03572,0.16035,24.83538,0.04067,1469.00000,1361.00000,108.00000
Na2SnZnO3S3,1.85566,-1.68100,0.11839,30.00000,0.85000,0.86000,0.91152,0.44136,20.74209,0.04069,0.03415,0.05719,20.77970,0.04067,1469.00000,1370.00000,99.00000
Rb2VFeSe3Br3,1.23616,-1.36023,20.59405,30.00000,0.81941,0.41000,1.01823,0.30076,24.07485,0.04154,0.03649,0.12591,24.98205,0.04067,1469.00000,1571.00000,-102.00000
Rb2ZrCrSe3Br3,1.20893,-1.60769,19.64511,30.00000,0.85000,0.41000,0.98928,0.33883,24.80412,0.04069,0.03574,0.16116,24.84035,0.04069,1475.00000,1369.00000,106.00000
Na2TiBiO3Br3,1.85542,-1.92187,0.14188,30.00000,0.85000,0.48000,0.91886,0.40625,20.74567,0.04069,0.03415,0.05718,20.75113,0.04069,1475.00000,1371.00000,104.00000
Rb2SnCrS3Se3,1.32458,-1.05954,23.04515,30.00000,0.85000,0.03000,1.00168,0.34162,25.34946,0.04075,0.03610,0.07130,25.35478,0.04069,1475.00000,1381.00000,94.00000
Rb2MnInO3I3,1.50532,-1.53244,21.39581,30.00000,0.85000,0.78000,0.98673,0.40139,25.03077,0.04064,0.03599,0.05399,24.95599,0.04069,1475.00000,1351.00000,124.00000
Rb2CuZnF3I3,1.25343,-1.95714,21.24848,30.00000,0.83790,1.32000,0.98683,0.41880,24.73507,0.04102,0.03615,0.10718,25.10591,0.04069,1475.00000,1452.00000,23.00000
Rb2VZnSe3Br3,1.22491,-1.38498,20.33838,30.00000,0.84935,0.41000,0.99970,0.32487,24.90911,0.04072,0.03582,0.13651,24.95450,0.04069,1475.00000,1376.00000,99.00000
Rb2FeZnF3I3,1.25500,-1.97753,21.46281,30.00000,0.82265,1.32000,1.00396,0.39459,24.27694,0.04149,0.03652,0.10777,25.14155,0.04070,1481.00000,1556.00000,-75.00000
K2GeVS3Br3,1.05962,-1.35665,6.38572,30.00000,0.79555,0.38000,1.02799,0.28158,20.89593,0.04222,0.03532,0.48647,22.36144,0.04070,1481.00000,1687.00000,-206.00000
Na2GeCrSe6,1.05229,-0.96193,5.59116,30.00000,0.83107,0.00000,0.93357,0.28914,21.65814,0.04120,0.03448,0.48528,22.07946,0.04070,1481.00000,1493.00000,-12.00000
Rb2SnVSe3I3,1.15696,-1.12047,16.51618,30.00000,0.84218,0.11000,0.99596,0.29426,24.09086,0.04086,0.03556,0.28822,24.25797,0.04070,1481.00000,1411.00000,70.00000
K2TiGaO3I3,1.83759,-2.06073,1.75307,30.00000,0.82874,0.78000,1.00827,0.34028,20.53362,0.04128,0.03471,0.05791,21.04812,0.04071,1485.00000,1518.00000,-33.00000
Rb2MnCuCl3I3,1.22545,-1.36573,20.18250,30.00000,0.85000,0.50000,0.97826,0.34289,24.93333,0.04067,0.03578,0.13554,24.92833,0.04071,1485.00000,1362.00000,123.00000
Rb2WSbO3Br3,1.55878,-1.46208,20.30108,30.00000,0.85000,0.48000,1.05446,0.35714,24.71928,0.04074,0.03592,0.05386,24.73458,0.04072,1487.00000,1379.00000,108.00000
Rb2ZrMoS3Se3,1.30137,-1.38260,22.55765,30.00000,0.85000,0.03000,1.00070,0.34293,25.29378,0.04072,0.03605,0.07903,25.26233,0.04073,1488.00000,1375.00000,113.00000
K2MoMnO3S3,1.85372,-1.69123,0.21091,30.00000,0.85000,0.86000,1.03024,0.38117,20.77643,0.04067,0.03416,0.05711,20.69403,0.04073,1488.00000,1364.00000,124.00000
Li2GeGaSe3F3,1.74162,-1.75464,9.58707,30.00000,0.58173,1.43000,0.76603,0.34954,15.41496,0.05142,0.04270,0.07423,22.55976,0.04074,1490.00000,2296.00000,-806.00000
Rb2TaFeS3I3,1.60372,-1.23234,18.08885,30.00000,0.85000,0.08000,0.99327,0.31807,24.33420,0.04068,0.03573,0.05383,24.25059,0.04074,1490.00000,1366.00000,124.00000
Rb2MoSbSe3Cl3,1.24298,-1.24613,21.34701,30.00000,0.81429,0.61000,1.02658,0.31398,23.96468,0.04179,0.03670,0.11954,25.06091,0.04074,1490.00000,1610.00000,-120.00000
Rb2VSbS3Se3,1.30380,-1.05905,23.03405,30.00000,0.85000,0.03000,1.03500,0.29843,25.30209,0.04079,0.03611,0.07826,25.29099,0.04074,1490.00000,1393.00000,97.00000
Rb2MoFeSe3Cl3,1.35690,-1.33236,23.37650,30.00000,0.82939,0.61000,1.01739,0.32586,24.77636,0.04133,0.03658,0.06498,25.36516,0.04075,1494.00000,1534.00000,-40.00000
Na2CrMnSe6,1.02356,-1.09611,0.34321,30.00000,0.85000,0.00000,0.91301,0.31818,21.08731,0.04075,0.03345,0.47382,21.01015,0.04075,1494.00000,1382.00000,112.00000
Rb2MnInSe3I3,1.15598,-1.19313,17.28760,30.00000,0.85000,0.11000,0.95789,0.34569,24.30400,0.04079,0.03551,0.29090,24.39643,0.04075,1494.00000,1390.00000,104.00000
Rb2NbZnSe3Cl3,1.44019,-1.46717,23.11871,30.00000,0.85000,0.61000,0.98886,0.36412,25.29039,0.04073,0.03612,0.05590,25.27891,0.04076,1497.00000,1377.00000,120.00000
Na2SbCuO3F3,1.01876,-2.19033,0.19407,30.00000,0.85000,0.54000,0.96090,0.49077,20.88220,0.04093,0.03345,0.47494,20.97811,0.04076,1497.00000,1425.00000,72.00000
Rb2WFeS3I3,1.62081,-1.08615,17.71254,30.00000,0.85000,0.08000,1.00079,0.30817,24.16879,0.04077,0.03573,0.05404,24.16352,0.04076,1497.00000,1387.00000,110.00000
Rb2TiSbSe3Cl3,1.47684,-1.68105,22.75980,30.00000,0.81948,0.61000,1.02350,0.31794,24.24235,0.04164,0.03681,0.05605,25.15993,0.04076,1497.00000,1587.00000,-90.00000
Rb2SnTaS3Br3,1.57749,-1.43932,19.56877,30.00000,0.85000,0.38000,0.99794,0.35000,24.56249,0.04074,0.03587,0.05386,24.52925,0.04076,1497.00000,1380.00000,117.00000
K2AgInI6,1.03167,-1.09435,2.60510,30.00000,0.85000,0.00000,0.88302,0.39773,21.41923,0.04085,0.03375,0.48008,21.45337,0.04077,1502.00000,1408.00000,94.00000
Rb2SnMoSe6,1.17422,-0.99086,18.27833,30.00000,0.85000,0.00000,0.99859,0.32323,24.51606,0.04076,0.03562,0.23537,24.51438,0.04077,1502.00000,1383.00000,119.00000
Rb2MnSbSe3Br3,1.18831,-1.23455,18.88849,30.00000,0.83899,0.41000,1.00645,0.31599,24.32237,0.04104,0.03590,0.20301,24.62477,0.04078,1504.00000,1455.00000,49.00000
K2SnCuCl3I3,1.01948,-1.24978,0.42265,30.00000,0.85000,0.50000,0.94932,0.35411,20.92050,0.04093,0.03348,0.47571,20.99862,0.04078,1504.00000,1430.00000,74.00000
Rb2MnGaS3I3,1.23643,-1.16019,21.34405,30.00000,0.85000,0.08000,0.99701,0.31312,25.00424,0.04079,0.03593,0.12261,25.04982,0.04079,1506.00000,1392.00000,114.00000
K2GeGaS3I3,1.79001,-0.99867,6.43139,30.00000,0.83246,0.08000,0.99731,0.28465,21.41104,0.04128,0.03509,0.05705,21.84071,0.04079,1506.00000,1517.00000,-11.00000
Rb2GeNbS3I3,1.45620,-1.20218,23.47939,30.00000,0.83831,0.08000,1.01519,0.28960,24.87986,0.04115,0.03645,0.05596,25.26166,0.04079,1506.00000,1476.00000,30.00000
Rb2NbMnSe3Cl3,1.32277,-1.57418,23.48310,30.00000,0.84451,0.61000,1.00737,0.33905,25.17836,0.04098,0.03628,0.07239,25.33459,0.04080,1509.00000,1447.00000,62.00000
Na2GeMnO3S3,1.73564,-1.60556,10.68885,30.00000,0.83820,0.86000,0.96416,0.36265,22.40691,0.04111,0.03536,0.05583,22.66233,0.04081,1510.00000,1469.00000,41.00000
Li2MoGaO3Br3,1.84357,-1.64307,1.91023,30.00000,0.66842,0.48000,0.75507,0.36012,16.47611,0.04718,0.03879,0.06888,20.95361,0.04081,1510.00000,2125.00000,-615.00000
Rb2TaMnO3I3,1.59291,-2.02278,19.14639,30.00000,0.84416,0.78000,1.01904,0.35694,24.26292,0.04094,0.03598,0.05421,24.38130,0.04081,1510.00000,1436.00000,74.00000
Rb2TaSbS3Se3,1.58279,-1.13306,19.70778,30.00000,0.85000,0.03000,1.01454,0.32461,24.52218,0.04081,0.03591,0.05399,24.51702,0.04082,1513.00000,1397.00000,116.00000
Rb2VCuSe3I3,1.15666,-1.12803,17.49365,30.00000,0.85000,0.11000,0.98865,0.30383,24.31635,0.04081,0.03554,0.29001,24.32576,0.04082,1513.00000,1401.00000,112.00000
Rb2VFeS3I3,1.22373,-1.20062,20.79276,30.00000,0.84348,0.08000,1.01228,0.29332,24.72111,0.04097,0.03601,0.13946,24.89425,0.04082,1513.00000,1443.00000,70.00000
Rb2GeZnBr6,1.39263,-1.46263,23.85277,30.00000,0.85000,0.00000,1.00276,0.32398,25.38400,0.04079,0.03620,0.05903,25.35546,0.04083,1516.00000,1395.00000,121.00000
Rb2ZrGaS3I3,1.56619,-1.40830,20.40832,30.00000,0.85000,0.08000,0.98312,0.33168,24.66800,0.04080,0.03596,0.05396,24.60695,0.04083,1516.00000,1396.00000,120.00000
Na2CrWO3S3,1.86319,-1.69724,0.14721,30.00000,0.84652,0.86000,0.95551,0.37500,20.52170,0.04094,0.03427,0.05778,20.59657,0.04084,1518.00000,1437.00000,81.00000
Rb2ZrInS3I3,1.59302,-1.41458,19.30601,30.00000,0.85000,0.08000,0.95129,0.37624,24.43461,0.04081,0.03588,0.05400,24.36881,0.04084,1518.00000,1398.00000,120.00000
K2MoSbO3Cl3,1.86069,-1.83955,0.28533,30.00000,0.85000,0.28000,1.04298,0.37072,20.65106,0.04082,0.03421,0.05751,20.60708,0.04084,1518.00000,1404.00000,114.00000
Rb2SbZnO3Br3,1.33870,-1.46994,23.94615,30.00000,0.85000,0.48000,1.02305,0.39881,25.39341,0.04086,0.03622,0.06784,25.34745,0.04085,1521.00000,1410.00000,111.00000
Rb2NbTaS3Se3,1.56824,-1.29247,20.41996,30.00000,0.85000,0.03000,1.00659,0.33508,24.65250,0.04082,0.03597,0.05396,24.60270,0.04086,1522.00000,1402.00000,120.00000
Rb2MoWO3Se3,1.55273,-1.50263,21.23350,30.00000,0.81910,0.89000,1.05524,0.35207,23.83889,0.04175,0.03673,0.05551,24.73688,0.04087,1523.00000,1605.00000,-82.00000
Na2MoMnSe6,1.02341,-1.03636,0.40936,30.00000,0.85000,0.00000,0.91740,0.31187,21.08029,0.04076,0.03346,0.47416,20.95159,0.04088,1524.00000,1385.00000,139.00000
Rb2SnMnBr3I3,1.13666,-1.29995,16.27698,30.00000,0.85000,0.30000,0.97798,0.32091,24.03883,0.04088,0.03541,0.36618,24.05879,0.04088,1524.00000,1414.00000,110.00000
Rb2MnSbI6,1.11390,-1.13741,14.41112,30.00000,0.83704,0.00000,0.98206,0.28295,23.29258,0.04126,0.03546,0.46981,23.68415,0.04088,1524.00000,1514.00000,10.00000
Rb2NbSbS3Se3,1.53426,-1.06933,21.71481,30.00000,0.85000,0.03000,1.01454,0.32461,24.88819,0.04084,0.03608,0.05402,24.84160,0.04088,1524.00000,1406.00000,118.00000
Rb2SnTaSe3Cl3,1.59391,-1.64466,19.50495,30.00000,0.85000,0.61000,0.99851,0.35092,24.42515,0.04085,0.03591,0.05406,24.41443,0.04089,1528.00000,1409.00000,119.00000
K2TaFeO3F3,1.85675,-2.83130,0.81848,30.00000,0.85000,0.54000,1.06022,0.47417,20.72192,0.04086,0.03427,0.05749,20.67192,0.04089,1528.00000,1412.00000,116.00000
Rb2MnGaSe3I3,1.16501,-1.19367,18.16423,30.00000,0.85000,0.11000,0.98956,0.30263,24.41757,0.04084,0.03562,0.26345,24.36424,0.04089,1528.00000,1407.00000,121.00000
Rb2FeSbO3Br3,1.40842,-1.50376,24.30350,30.00000,0.85000,0.48000,1.04415,0.37054,25.36501,0.04087,0.03627,0.05785,25.35412,0.04090,1531.00000,1413.00000,118.00000
Rb2FeMnS3I3,1.20722,-1.16797,20.65483,30.00000,0.85000,0.08000,0.99234,0.31931,24.79470,0.04088,0.03589,0.16500,24.77526,0.04090,1531.00000,1415.00000,116.00000
Rb2WMnS3Se3,1.57046,-1.13292,20.95112,30.00000,0.85000,0.03000,1.01354,0.32592,24.63282,0.04093,0.03605,0.05414,24.62034,0.04091,1533.00000,1426.00000,107.00000
Na2FeMnS3Se3,1.01545,-0.97222,0.22923,30.00000,0.85000,0.03000,0.91329,0.33770,20.71508,0.04110,0.03347,0.47613,20.92563,0.04091,1533.00000,1467.00000,66.00000
Rb2MnInSe6,1.19231,-1.08172,20.14544,30.00000,0.85000,0.00000,0.96810,0.36490,24.68965,0.04092,0.03584,0.19445,24.67160,0.04091,1533.00000,1423.00000,110.00000
Li2MoGaO3I3,1.84920,-1.57800,1.88742,30.00000,0.61053,0.78000,0.75268,0.33611,14.97145,0.05014,0.04077,0.07471,20.86139,0.04091,1533.00000,2239.00000,-706.00000
Rb2GeSbS3I3,1.51608,-0.96648,22.69244,30.00000,0.82384,0.08000,1.02305,0.27970,24.20138,0.04166,0.03677,0.05549,24.99144,0.04092,1537.00000,1589.00000,-52.00000
K2ZrMoO3S3,1.86788,-2.06918,0.23540,30.00000,0.85000,0.86000,1.01326,0.40432,20.52111,0.04096,0.03425,0.05788,20.51806,0.04092,1537.00000,1440.00000,97.00000
Rb2WFeS3Br3,1.57006,-1.27838,20.71581,30.00000,0.85000,0.38000,1.01476,0.32763,24.63704,0.04089,0.03602,0.05407,24.57995,0.04092,1537.00000,1417.00000,120.00000
Rb2AgGaF3I3,1.25904,-1.98316,22.78748,30.00000,0.84906,1.32000,0.96740,0.44729,25.10070,0.04094,0.03613,0.10253,25.15066,0.04092,1537.00000,1434.00000,103.00000
Na2VNbO3S3,1.86447,-2.06472,0.21030,30.00000,0.83932,0.86000,0.96307,0.36420,20.32576,0.04118,0.03443,0.05824,20.53839,0.04092,1537.00000,1484.00000,53.00000
Rb2MoSbS3Br3,1.21885,-1.19397,21.43668,30.00000,0.83643,0.38000,1.02594,0.31316,24.47225,0.04132,0.03626,0.14849,24.90527,0.04093,1542.00000,1528.00000,14.00000
Rb2SnCrSe3Br3,1.17122,-1.29833,19.00612,30.00000,0.85000,0.41000,0.99494,0.33122,24.48135,0.04092,0.03573,0.24519,24.44660,0.04094,1543.00000,1424.00000,119.00000
Rb2NbFeSe3Cl3,1.28553,-1.52594,23.44974,30.00000,0.84451,0.61000,1.00737,0.33905,25.07433,0.04108,0.03631,0.08674,25.23099,0.04094,1543.00000,1462.00000,81.00000
K2SbAgBr3I3,1.02644,-1.13482,1.90612,30.00000,0.85000,0.30000,0.92134,0.37260,21.21369,0.04094,0.03367,0.47941,21.21567,0.04094,1543.00000,1435.00000,108.00000
Rb2SnGeF3I3,1.47042,-1.99196,23.86039,30.00000,0.77706,1.32000,1.03898,0.34758,22.97500,0.04315,0.03800,0.05878,25.19231,0.04094,1543.00000,1785.00000,-242.00000
Rb2MoGaSe3Cl3,1.44920,-1.39334,24.10410,30.00000,0.82118,0.61000,1.02248,0.31926,24.38045,0.04174,0.03692,0.05730,25.23525,0.04094,1543.00000,1599.00000,-56.00000
Rb2SnSbS3Br3,1.58195,-1.08239,20.74658,30.00000,0.85000,0.38000,1.00579,0.33947,24.52637,0.04098,0.03605,0.05425,24.52437,0.04094,1543.00000,1448.00000,95.00000
Rb2MnSbO3Se3,1.33142,-1.39385,24.60104,30.00000,0.83838,0.89000,1.04270,0.36834,25.01220,0.04133,0.03657,0.07075,25.33010,0.04094,1543.00000,1529.00000,14.00000
Rb2TiCrSe3Br3,1.20500,-1.60772,20.76411,30.00000,0.83111,0.41000,1.01133,0.30964,24.20570,0.04146,0.03631,0.17221,24.75006,0.04095,1550.00000,1552.00000,-2.00000
Na2GeWS6,1.79265,-1.06083,6.97769,30.00000,0.85000,0.00000,0.94967,0.30707,21.81673,0.04095,0.03483,0.05648,21.78405,0.04095,1550.00000,1438.00000,112.00000
Rb2MoMnS3Se3,1.29765,-1.10817,23.78051,30.00000,0.85000,0.03000,1.01555,0.32330,25.28663,0.04094,0.03623,0.08111,25.25340,0.04095,1550.00000,1433.00000,117.00000
Rb2SnFeO3Br3,1.45492,-1.43894,24.38913,30.00000,0.85000,0.48000,1.02414,0.39732,25.23766,0.04097,0.03633,0.05573,25.22667,0.04096,1553.00000,1445.00000,108.00000
Rb2SnMnO3Se3,1.38724,-1.49154,24.68862,30.00000,0.85000,0.89000,1.02279,0.39497,25.39415,0.04093,0.03632,0.05990,25.38167,0.04096,1553.00000,1429.00000,124.00000
Rb2MoAgS3I3,1.18654,-1.06744,20.15492,30.00000,0.85000,0.08000,0.94788,0.38119,24.64020,0.04097,0.03586,0.20697,24.64544,0.04097,1555.00000,1442.00000,113.00000
K2SbCuO3Br3,1.01910,-1.41617,0.14495,30.00000,0.85000,0.48000,1.00111,0.39583,20.90157,0.04090,0.03344,0.47467,20.79853,0.04097,1555.00000,1418.00000,137.00000
Rb2TiMoS3Se3,1.29017,-1.39655,24.04358,30.00000,0.85000,0.03000,1.02365,0.31283,25.26433,0.04101,0.03627,0.08449,25.24730,0.04098,1557.00000,1450.00000,107.00000
Rb2MnSbO3Br3,1.32575,-1.60002,24.33948,30.00000,0.85000,0.48000,1.04415,0.37054,25.35558,0.04097,0.03628,0.07150,25.35445,0.04099,1558.00000,1441.00000,117.00000
Na2FeMnO3F3,1.86882,-2.42105,0.01280,30.00000,0.85000,0.54000,0.97050,0.47601,20.50420,0.04093,0.03422,0.05785,20.47110,0.04099,1558.00000,1427.00000,131.00000
Na2ZrCrSe6,1.01619,-1.30803,0.35110,30.00000,0.85000,0.00000,0.90008,0.33712,20.74587,0.04110,0.03348,0.47639,20.79238,0.04099,1558.00000,1465.00000,93.00000
Rb2MoSbSe3Br3,1.15262,-1.15092,18.06553,30.00000,0.82113,0.41000,1.01724,0.30203,23.41071,0.04182,0.03625,0.30661,24.24450,0.04100,1561.00000,1617.00000,-56.00000
Rb2SnSbO3I3,1.62353,-1.30336,18.75240,30.00000,0.84559,0.78000,1.01800,0.35833,24.01510,0.04110,0.03598,0.05462,24.06769,0.04101,1562.00000,1468.00000,94.00000
Rb2GeZnCl3I3,1.49744,-1.39192,23.93514,30.00000,0.83096,0.50000,0.99772,0.31671,24.50116,0.04160,0.03676,0.05561,25.08399,0.04101,1562.00000,1582.00000,-20.00000
Rb2TiInS3I3,1.59840,-1.39205,20.31970,30.00000,0.85000,0.08000,0.97138,0.34777,24.38578,0.04103,0.03604,0.05436,24.40169,0.04101,1562.00000,1453.00000,109.00000
Rb2CrMoO3I3,1.57508,-1.52412,21.04124,30.00000,0.81860,0.78000,1.03601,0.33472,23.65829,0.04189,0.03678,0.05574,24.57577,0.04101,1562.00000,1627.00000,-65.00000
Rb2TiCrSe3I3,1.14341,-1.33902,17.75609,30.00000,0.83909,0.11000,0.99781,0.29187,23.83292,0.04136,0.03584,0.33925,24.15652,0.04102,1566.00000,1540.00000,26.00000
Rb2AgGaBr3I3,1.15657,-1.27423,18.49763,30.00000,0.85000,0.30000,0.93787,0.37740,24.31509,0.04099,0.03569,0.29244,24.32830,0.04102,1566.00000,1449.00000,117.00000
Na2SbCuSe3Cl3,1.01949,-1.07753,0.29456,30.00000,0.82663,0.61000,0.90736,0.35092,20.32640,0.04158,0.03390,0.47541,20.81250,0.04102,1566.00000,1580.00000,-14.00000
Na2SnSbO3Cl3,1.87311,-1.68138,0.21147,30.00000,0.85000,0.28000,0.94124,0.40187,20.42589,0.04106,0.03428,0.05815,20.44474,0.04103,1569.00000,1457.00000,112.00000
Na2NbSbO3S3,1.87175,-1.66365,0.25546,30.00000,0.85000,0.86000,0.95017,0.38272,20.45088,0.04104,0.03427,0.05811,20.41890,0.04103,1569.00000,1454.00000,115.00000
Rb2MoGaS3Br3,1.48291,-1.30956,24.23077,30.00000,0.84330,0.38000,1.02185,0.31842,24.94470,0.04123,0.03650,0.05529,25.13790,0.04103,1569.00000,1505.00000,64.00000
K2WAgO3F3,1.84251,-2.33189,3.14875,30.00000,0.85000,0.54000,0.99427,0.57196,20.97858,0.04107,0.03454,0.05758,20.96811,0.04104,1572.00000,1460.00000,112.00000
Rb2VNbS3Se3,1.27201,-1.31070,24.03728,30.00000,0.85000,0.03000,1.02672,0.30890,25.18966,0.04106,0.03628,0.09420,25.22085,0.04105,1573.00000,1458.00000,115.00000
K2SbCuO3I3,1.01398,-1.25153,0.48449,30.00000,0.85000,0.78000,0.98679,0.36944,20.64252,0.04123,0.03351,0.47759,20.77326,0.04105,1573.00000,1499.00000,74.00000
Rb2NbFeS3Br3,1.25235,-1.41131,23.57235,30.00000,0.85000,0.38000,1.00678,0.33816,25.10151,0.04109,0.03622,0.10858,25.11060,0.04105,1573.00000,1464.00000,109.00000
K2ZrCrSe6,1.01309,-1.35482,0.34583,30.00000,0.85000,0.00000,0.96685,0.33712,20.61178,0.04124,0.03349,0.47713,20.71752,0.04106,1576.00000,1508.00000,68.00000
Rb2CuZnCl3I3,1.17300,-1.32372,19.91503,30.00000,0.85000,0.50000,0.96130,0.36658,24.50166,0.04106,0.03586,0.24244,24.49539,0.04108,1577.00000,1459.00000,118.00000
Rb2ZrMoSe6,1.15358,-1.35222,18.86169,30.00000,0.85000,0.00000,0.99290,0.33081,24.27884,0.04110,0.03575,0.30037,24.33220,0.04109,1578.00000,1466.00000,112.00000
Na2FeSbSe3Cl3,1.01324,-1.16418,0.28586,30.00000,0.81245,0.61000,0.92268,0.32850,19.68033,0.04233,0.03420,0.47758,20.66276,0.04110,1579.00000,1698.00000,-119.00000
Rb2CrMoS3I3,1.16997,-1.17521,19.77370,30.00000,0.85000,0.08000,1.00842,0.29827,24.46683,0.04107,0.03584,0.24973,24.45859,0.04112,1580.00000,1461.00000,119.00000
Rb2FeMnO3I3,1.56369,-1.58773,22.04844,30.00000,0.84559,0.78000,1.01800,0.35833,24.54981,0.04120,0.03629,0.05459,24.65717,0.04112,1580.00000,1490.00000,90.00000
Na2SnCrO3Cl3,1.87804,-1.79770,0.11178,30.00000,0.85000,0.28000,0.93811,0.40654,20.33891,0.04113,0.03429,0.05839,20.29441,0.04112,1580.00000,1472.00000,108.00000
Rb2CrMoS3Se3,1.25018,-1.19812,23.89238,30.00000,0.85000,0.03000,1.02161,0.31545,25.09420,0.04115,0.03627,0.11068,25.12535,0.04113,1583.00000,1478.00000,105.00000
Na2GeBiO3Br3,1.82164,-1.39296,5.63821,30.00000,0.85000,0.48000,0.93369,0.38393,21.33549,0.04118,0.03479,0.05739,21.31620,0.04113,1583.00000,1485.00000,98.00000
Rb2CrMnSe6,1.18649,-1.15867,20.77239,30.00000,0.85000,0.00000,1.00241,0.31818,24.64002,0.04108,0.03595,0.20786,24.64198,0.04113,1583.00000,1463.00000,120.00000
Rb2MnInO3Br3,1.40450,-1.68260,25.79009,30.00000,0.85000,0.48000,1.00069,0.43006,25.37378,0.04113,0.03648,0.05854,25.34688,0.04113,1583.00000,1471.00000,112.00000
Rb2WAgO3Br3,1.54749,-1.51704,22.51303,30.00000,0.85000,0.48000,0.97929,0.46131,24.79407,0.04106,0.03623,0.05437,24.68559,0.04114,1587.00000,1456.00000,131.00000
Rb2VFeO3I3,1.56696,-1.77580,22.20366,30.00000,0.81142,0.78000,1.04034,0.32917,23.51667,0.04226,0.03710,0.05627,24.62172,0.04114,1587.00000,1691.00000,-104.00000
Rb2SnVSe3Cl3,1.23276,-1.58942,22.75805,30.00000,0.82778,0.61000,1.01840,0.32454,24.31568,0.04170,0.03662,0.13072,24.94433,0.04114,1587.00000,1593.00000,-6.00000
Rb2TaMnO3Br3,1.55872,-2.08098,22.66559,30.00000,0.85000,0.48000,1.03516,0.38244,24.71978,0.04115,0.03627,0.05452,24.70126,0.04114,1587.00000,1477.00000,110.00000
Rb2SnCrSe6,1.15667,-1.03540,19.19049,30.00000,0.85000,0.00000,0.99384,0.32955,24.31645,0.04112,0.03579,0.29370,24.26819,0.04114,1587.00000,1470.00000,117.00000
Rb2MoFeS3Br3,1.24342,-1.28652,23.49774,30.00000,0.85000,0.38000,1.01677,0.32500,25.05297,0.04113,0.03623,0.11659,25.06049,0.04115,1592.00000,1474.00000,118.00000
Rb2GeZnBr3I3,1.17470,-1.30797,20.50892,30.00000,0.83686,0.30000,0.98969,0.30529,24.12834,0.04152,0.03623,0.24112,24.49334,0.04115,1592.00000,1564.00000,28.00000
Rb2TiFeSe3Br3,1.17775,-1.46039,20.65269,30.00000,0.84052,0.41000,1.00548,0.31726,24.27522,0.04141,0.03615,0.23036,24.55819,0.04115,1592.00000,1546.00000,46.00000
Rb2MnGaSe3Br3,1.18152,-1.33303,21.15017,30.00000,0.84500,0.41000,1.00258,0.32107,24.44725,0.04133,0.03612,0.22069,24.59307,0.04115,1592.00000,1535.00000,57.00000
Rb2VNbSe6,1.16426,-1.28787,19.87431,30.00000,0.85000,0.00000,1.01801,0.29798,24.40869,0.04116,0.03587,0.26923,24.45734,0.04116,1596.00000,1480.00000,116.00000
K2FeSbO3F3,1.88036,-2.26073,0.18213,30.00000,0.85000,0.54000,1.07094,0.45941,20.29939,0.04119,0.03432,0.05853,20.26516,0.04117,1597.00000,1487.00000,110.00000
Rb2NbZnO3I3,1.61178,-1.78562,20.72079,30.00000,0.85000,0.78000,0.99960,0.38333,24.25242,0.04123,0.03614,0.05470,24.24172,0.04117,1597.00000,1500.00000,97.00000
Rb2WInS3I3,1.66909,-1.13944,17.45218,30.00000,0.85000,0.08000,0.97227,0.34653,23.63494,0.04119,0.03585,0.05517,23.61582,0.04119,1599.00000,1488.00000,111.00000
Na2ZrCrO6,1.87967,-2.61195,0.08373,30.00000,0.85000,0.00000,0.95421,0.47679,20.31195,0.04115,0.03430,0.05846,20.30256,0.04120,1600.00000,1479.00000,121.00000
Rb2TiGaS3I3,1.58829,-1.39447,21.54418,30.00000,0.85000,0.08000,1.00459,0.30322,24.47618,0.04117,0.03619,0.05455,24.45646,0.04120,1600.00000,1482.00000,118.00000
Rb2TaSbO3Se3,1.60880,-1.73088,20.95286,30.00000,0.83674,0.89000,1.04382,0.36686,23.89908,0.04162,0.03645,0.05533,24.27075,0.04121,1602.00000,1584.00000,18.00000
Rb2VCuSe3Cl3,1.27459,-1.43027,24.70982,30.00000,0.84016,0.61000,1.01035,0.33509,24.90085,0.04145,0.03659,0.09388,25.16552,0.04122,1603.00000,1550.00000,53.00000
Rb2TaZnO3Br3,1.57696,-1.89423,22.33015,30.00000,0.85000,0.48000,1.01441,0.41071,24.56730,0.04123,0.03627,0.05462,24.56720,0.04122,1603.00000,1501.00000,102.00000
Rb2MoMnSe6,1.16173,-1.07272,19.69974,30.00000,0.85000,0.00000,1.00724,0.31187,24.37850,0.04116,0.03585,0.27713,24.34297,0.04122,1603.00000,1481.00000,122.00000
Rb2NbCuO3Br3,1.47893,-1.83592,25.12714,30.00000,0.85000,0.48000,1.01656,0.40774,25.16477,0.04118,0.03648,0.05521,25.17679,0.04123,1606.00000,1483.00000,123.00000
Rb2FeMnSe3I3,1.13079,-1.15930,17.53376,30.00000,0.85000,0.11000,0.98504,0.30861,23.94965,0.04120,0.03560,0.40103,23.92436,0.04123,1606.00000,1492.00000,114.00000
Rb2MoAgO3Br3,1.46952,-1.47727,25.51736,30.00000,0.85000,0.48000,0.98129,0.45833,25.19458,0.04121,0.03651,0.05550,25.17470,0.04124,1608.00000,1498.00000,110.00000
K2SnInO3Cl3,1.86929,-1.80237,1.80969,30.00000,0.85000,0.28000,0.97641,0.46417,20.49512,0.04131,0.03450,0.05854,20.51542,0.04124,1608.00000,1525.00000,83.00000
Rb2MnInO3Se3,1.42355,-1.55867,26.06112,30.00000,0.85000,0.89000,0.99948,0.42751,25.33661,0.04120,0.03653,0.05745,25.33339,0.04124,1608.00000,1491.00000,117.00000
Rb2MnGaS3Se3,1.31610,-1.12117,25.97449,30.00000,0.85000,0.03000,1.00956,0.33115,25.32951,0.04127,0.03652,0.07508,25.32544,0.04125,1611.00000,1515.00000,96.00000
Rb2TiMoSe6,1.15549,-1.24803,19.87927,30.00000,0.85000,0.00000,1.01505,0.30177,24.29996,0.04126,0.03589,0.29744,24.28918,0.04125,1611.00000,1511.00000,100.00000
Rb2GeFeO3I3,1.33304,-1.38589,26.16504,30.00000,0.80771,0.78000,1.04252,0.32639,24.07240,0.04252,0.03751,0.07301,25.37287,0.04125,1611.00000,1724.00000,-113.00000
Rb2WFeSe3F3,1.59047,-1.95523,22.08238,30.00000,0.79074,1.43000,1.04936,0.37842,22.71699,0.04307,0.03764,0.05763,24.45770,0.04125,1611.00000,1781.00000,-170.00000
Rb2GeVSe3I3,1.17425,-1.12271,21.02640,30.00000,0.78582,0.11000,1.02631,0.25598,22.58453,0.04322,0.03749,0.25224,24.52218,0.04126,1615.00000,1795.00000,-180.00000
Rb2SnBiS3I3,1.69017,-1.02586,16.17094,30.00000,0.85000,0.08000,0.96342,0.35891,23.36462,0.04120,0.03575,0.05540,23.30918,0.04126,1615.00000,1489.00000,126.00000
Rb2ZrSbSe3Cl3,1.60635,-1.71055,21.42394,30.00000,0.85000,0.61000,1.00047,0.34828,24.30724,0.04130,0.03623,0.05478,24.31867,0.04126,1615.00000,1522.00000,93.00000
Rb2WGaSe3F3,1.56899,-2.01001,22.79595,30.00000,0.78225,1.43000,1.05517,0.37082,22.63191,0.04332,0.03791,0.05800,24.60708,0.04126,1615.00000,1811.00000,-196.00000
K2FeSbSe3Cl3,1.01016,-1.25400,0.28326,30.00000,0.83320,0.61000,0.99290,0.32850,20.06076,0.04186,0.03381,0.47833,20.54322,0.04127,1619.00000,1623.00000,-4.00000
Rb2SbAgI6,1.09835,-0.96763,14.98742,30.00000,0.85000,0.00000,0.93172,0.35227,23.37946,0.04129,0.03533,0.49543,23.38173,0.04128,1620.00000,1520.00000,100.00000
Rb2SbAgO3Se3,1.50514,-1.23421,24.79114,30.00000,0.85000,0.89000,0.97819,0.45858,25.03270,0.04123,0.03648,0.05492,25.03021,0.04128,1620.00000,1502.00000,118.00000
K2NbFeO3F3,1.88869,-2.78508,0.15378,30.00000,0.85000,0.54000,1.06022,0.47417,20.14411,0.04136,0.03437,0.05898,20.20552,0.04128,1620.00000,1538.00000,82.00000
Rb2GeMnF3I3,1.45411,-2.03580,25.87991,30.00000,0.76078,1.32000,1.04896,0.33476,22.53159,0.04404,0.03871,0.06094,25.22048,0.04128,1620.00000,1894.00000,-274.00000
Rb2VSbO3Se3,1.51995,-1.55309,24.79173,30.00000,0.79917,0.89000,1.06692,0.33728,23.43948,0.04283,0.03769,0.05729,24.95269,0.04129,1624.00000,1753.00000,-129.00000
Rb2ZrCrSe3I3,1.12187,-1.33626,16.94640,30.00000,0.85000,0.11000,0.97700,0.31938,23.80432,0.04124,0.03554,0.44239,23.71944,0.04129,1624.00000,1507.00000,117.00000
Na2GeMoO6,1.76149,-2.09818,11.11995,30.00000,0.85000,0.00000,1.00654,0.40000,22.32307,0.04124,0.03531,0.05646,22.29465,0.04129,1624.00000,1510.00000,114.00000
Rb2VZnS3Br3,1.25816,-1.41754,24.77088,30.00000,0.85000,0.38000,1.00777,0.33684,25.12435,0.04126,0.03639,0.10443,25.12400,0.04130,1627.00000,1512.00000,115.00000
Rb2MnSbS3I3,1.14077,-1.04260,19.07100,30.00000,0.85000,0.08000,1.00079,0.30817,24.11306,0.04133,0.03581,0.35279,24.12767,0.04131,1628.00000,1531.00000,97.00000
Rb2VCuS3Br3,1.25609,-1.33358,24.85406,30.00000,0.85000,0.38000,1.00975,0.33421,25.11425,0.04128,0.03640,0.10620,25.12130,0.04131,1628.00000,1519.00000,109.00000
Rb2MoSbO3Br3,1.56755,-1.55706,22.95623,30.00000,0.85000,0.48000,1.05677,0.35417,24.65576,0.04126,0.03634,0.05465,24.58332,0.04131,1628.00000,1513.00000,115.00000
Rb2SnFeO3Se3,1.52919,-1.33429,24.65180,30.00000,0.85000,0.89000,1.02279,0.39497,24.91891,0.04133,0.03650,0.05479,24.89476,0.04131,1628.00000,1533.00000,95.00000
Rb2VZnO3I3,1.60106,-1.64797,21.90939,30.00000,0.84271,0.78000,1.02009,0.35556,24.14923,0.04155,0.03644,0.05518,24.36174,0.04133,1632.00000,1573.00000,59.00000
Rb2SnGaSe3F3,1.51818,-2.01323,25.04385,30.00000,0.81009,1.43000,1.03453,0.39818,23.77720,0.04251,0.03745,0.05684,24.95965,0.04133,1632.00000,1723.00000,-91.00000
Rb2VMnS3Br3,1.25584,-1.50368,25.19282,30.00000,0.83466,0.38000,1.02697,0.31184,24.64641,0.04179,0.03679,0.10821,25.13437,0.04134,1634.00000,1609.00000,25.00000
Rb2WGaS3I3,1.66897,-1.12735,18.34850,30.00000,0.85000,0.08000,1.00554,0.30198,23.63623,0.04136,0.03598,0.05544,23.61183,0.04134,1634.00000,1539.00000,95.00000
K2WFeO3I3,1.88458,-1.50007,0.43469,30.00000,0.83458,0.78000,1.00411,0.34583,19.85393,0.04176,0.03469,0.05968,20.23659,0.04134,1634.00000,1606.00000,28.00000
Na2GeZnS3Se3,1.81724,-0.93701,6.77171,30.00000,0.85000,0.03000,0.91688,0.33246,21.40846,0.04133,0.03493,0.05756,21.38116,0.04135,1637.00000,1532.00000,105.00000
Rb2NbMnO3I3,1.61346,-2.03941,21.00993,30.00000,0.84416,0.78000,1.01904,0.35694,24.06661,0.04146,0.03632,0.05507,24.14889,0.04136,1638.00000,1551.00000,87.00000
Rb2GeInSe3Br3,1.55774,-1.24196,23.59167,30.00000,0.85000,0.41000,0.99022,0.33756,24.72830,0.04131,0.03640,0.05478,24.65397,0.04136,1638.00000,1524.00000,114.00000
Na2MnInO3F3,1.86272,-2.41803,2.49893,30.00000,0.85000,0.54000,0.93430,0.53321,20.61341,0.04133,0.03457,0.05842,20.58557,0.04138,1640.00000,1530.00000,110.00000
Rb2VMnSe3Cl3,1.25204,-1.55964,25.04256,30.00000,0.81253,0.61000,1.02761,0.31266,23.95314,0.04246,0.03728,0.11391,25.06138,0.04138,1640.00000,1714.00000,-74.00000
Rb2ZrInO3I3,1.63257,-2.03440,20.45416,30.00000,0.85000,0.78000,0.97227,0.42222,24.04356,0.04136,0.03616,0.05506,24.03028,0.04138,1640.00000,1541.00000,99.00000
K2VTaO3S3,1.88347,-2.12523,0.81578,30.00000,0.83760,0.86000,1.04306,0.36420,19.94336,0.04174,0.03468,0.05960,20.22741,0.04138,1640.00000,1598.00000,42.00000
Rb2SnCuS3Se3,1.18913,-0.92904,22.66228,30.00000,0.85000,0.03000,0.97969,0.37173,24.65749,0.04139,0.03621,0.20524,24.64723,0.04139,1644.00000,1543.00000,101.00000
Rb2SbAgBr3I3,1.10644,-1.20803,16.80701,30.00000,0.85000,0.30000,0.94116,0.37260,23.52793,0.04147,0.03557,0.49225,23.57247,0.04139,1644.00000,1553.00000,91.00000
Na2GeZnO3Se3,1.81293,-1.32816,7.45615,30.00000,0.83705,0.89000,0.93673,0.37574,21.15105,0.04177,0.03527,0.05824,21.45502,0.04139,1644.00000,1607.00000,37.00000
Rb2SnVS3Br3,1.19155,-1.38263,22.86939,30.00000,0.84990,0.38000,1.01778,0.32368,24.67548,0.04141,0.03623,0.20009,24.71042,0.04140,1647.00000,1545.00000,102.00000
Rb2GeFeF3I3,1.27644,-1.95514,25.84696,30.00000,0.76078,1.32000,1.04896,0.33476,22.48062,0.04419,0.03870,0.10150,25.20997,0.04140,1647.00000,1911.00000,-264.00000
Rb2CrMoSe3I3,1.10811,-1.09860,16.90882,30.00000,0.83436,0.11000,1.00059,0.28828,23.10753,0.04191,0.03590,0.49176,23.60169,0.04141,1649.00000,1634.00000,15.00000
Rb2MoFeSe3F3,1.52402,-2.03554,25.24875,30.00000,0.78742,1.43000,1.05167,0.37538,23.05793,0.04332,0.03805,0.05803,24.91135,0.04142,1650.00000,1812.00000,-162.00000
Rb2CuZnI6,1.09237,-1.11314,15.01466,30.00000,0.85000,0.00000,0.94442,0.33409,23.25384,0.04141,0.03535,0.50068,23.22312,0.04142,1650.00000,1547.00000,103.00000
Rb2MoBiO3Br3,1.64235,-1.51005,20.35450,30.00000,0.85000,0.48000,1.02088,0.40179,23.95204,0.04145,0.03618,0.05532,23.91658,0.04143,1652.00000,1549.00000,103.00000
Rb2VCuSe3F3,1.45500,-1.98220,26.81623,30.00000,0.79865,1.43000,1.04360,0.38602,23.67857,0.04294,0.03787,0.05902,25.19018,0.04143,1652.00000,1762.00000,-110.00000
K2SbCuSe3Cl3,1.00734,-1.17248,0.29153,30.00000,0.85000,0.61000,0.97642,0.35092,20.32619,0.04153,0.03351,0.47902,20.38027,0.04146,1654.00000,1569.00000,85.00000
Na2GeMoSe6,1.03144,-0.90157,5.32057,30.00000,0.82462,0.00000,0.93817,0.28283,20.75155,0.04217,0.03466,0.49189,21.35619,0.04147,1655.00000,1680.00000,-25.00000
K2TiCrSe6,1.01042,-1.33025,0.34518,30.00000,0.85000,0.00000,0.98831,0.30808,20.47881,0.04137,0.03350,0.47831,20.31738,0.04147,1655.00000,1542.00000,113.00000
Rb2GeZnF3I3,1.52092,-2.03065,25.51812,30.00000,0.79318,1.32000,1.02812,0.36182,23.25342,0.04316,0.03794,0.05782,24.89453,0.04148,1657.00000,1787.00000,-130.00000
Rb2WBiO3Br3,1.68651,-1.49758,18.23992,30.00000,0.85000,0.48000,1.01871,0.40476,23.41318,0.04153,0.03604,0.05591,23.42551,0.04149,1658.00000,1568.00000,90.00000
Na2WBiO3F3,1.89558,-2.29164,0.23099,30.00000,0.85000,0.54000,0.95381,0.50185,20.01424,0.04152,0.03442,0.05938,20.02617,0.04149,1658.00000,1562.00000,96.00000
Rb2TaFeO3I3,1.67031,-1.88017,19.12465,30.00000,0.84416,0.78000,1.01904,0.35694,23.45696,0.04168,0.03623,0.05599,23.61095,0.04149,1658.00000,1591.00000,67.00000
K2NbZnO3Cl3,1.89580,-2.07134,0.13364,30.00000,0.85000,0.28000,0.99981,0.42991,20.01025,0.04150,0.03441,0.05936,20.04018,0.04150,1661.00000,1557.00000,104.00000
Na2MoFeO3F3,1.89556,-2.42486,0.21722,30.00000,0.85000,0.54000,0.98403,0.45572,20.01462,0.04151,0.03442,0.05937,20.00186,0.04150,1661.00000,1561.00000,100.00000
Rb2MnGaS3Br3,1.24861,-1.31229,25.70518,30.00000,0.85000,0.38000,1.01075,0.33289,25.08195,0.04148,0.03653,0.11335,25.02952,0.04151,1663.00000,1554.00000,109.00000
Rb2GeNbSe3Cl3,1.37133,-1.49153,27.85552,30.00000,0.80712,0.61000,1.03072,0.30871,24.08655,0.04279,0.03776,0.06552,25.34925,0.04151,1663.00000,1750.00000,-87.00000
K2TiWO3S3,1.89342,-2.02487,0.15340,30.00000,0.84600,0.86000,1.03720,0.37191,19.95816,0.04157,0.03448,0.05946,20.03789,0.04152,1665.00000,1577.00000,88.00000
Rb2GeTaSe3F3,1.49513,-2.23550,26.76391,30.00000,0.76347,1.43000,1.06700,0.35562,22.47319,0.04427,0.03886,0.06001,25.06385,0.04152,1665.00000,1916.00000,-251.00000
K2SnFeS3Se3,1.01121,-0.94452,0.26415,30.00000,0.85000,0.03000,0.97390,0.34948,20.52695,0.04132,0.03349,0.47758,20.29574,0.04153,1667.00000,1526.00000,141.00000
Rb2SnInO3Br3,1.59613,-1.59186,23.46426,30.00000,0.85000,0.48000,0.99141,0.44345,24.40848,0.04157,0.03649,0.05521,24.42801,0.04154,1668.00000,1578.00000,90.00000
K2GeFeO3F3,1.78322,-2.28202,10.90472,30.00000,0.85000,0.54000,1.09024,0.43358,21.97099,0.04156,0.03538,0.05735,21.93374,0.04154,1668.00000,1575.00000,93.00000
Na2SnFeO3S3,1.90039,-1.59748,0.11694,30.00000,0.85000,0.86000,0.93044,0.41204,19.92925,0.04160,0.03444,0.05962,19.99531,0.04155,1670.00000,1583.00000,87.00000
Rb2SnInO3I3,1.66934,-1.44142,19.79994,30.00000,0.85000,0.78000,0.97800,0.41389,23.63203,0.04162,0.03619,0.05586,23.68351,0.04155,1670.00000,1585.00000,85.00000
Rb2GeCrS3I3,1.21262,-1.11900,24.67485,30.00000,0.82939,0.08000,1.02009,0.28342,24.21161,0.04215,0.03691,0.16270,24.85798,0.04155,1670.00000,1676.00000,-6.00000
Rb2FeCuF3I3,1.15577,-1.90729,21.52534,30.00000,0.82049,1.32000,1.00602,0.39174,23.42814,0.04243,0.03678,0.30535,24.30990,0.04156,1673.00000,1710.00000,-37.00000
Rb2TiFeS3I3,1.14926,-1.33911,20.85218,30.00000,0.85000,0.08000,0.99984,0.30941,24.22032,0.04152,0.03603,0.32009,24.20127,0.04156,1673.00000,1563.00000,110.00000
Rb2MnBiO3Cl3,1.51328,-1.73808,26.25906,30.00000,0.85000,0.28000,1.01891,0.43769,24.99905,0.04153,0.03671,0.05525,24.94406,0.04157,1675.00000,1565.00000,110.00000
Rb2SnVSe3F3,1.56839,-2.16964,24.52947,30.00000,0.78572,1.43000,1.05284,0.37386,22.74084,0.04353,0.03808,0.05834,24.58692,0.04158,1676.00000,1833.00000,-157.00000
Na2SnBiO3Cl3,1.89544,-1.63995,0.20618,30.00000,0.85000,0.28000,0.90892,0.45171,20.01686,0.04151,0.03442,0.05936,19.98590,0.04158,1676.00000,1559.00000,117.00000
K2SnZnO3S3,1.89837,-1.71300,0.12783,30.00000,0.85000,0.86000,0.98722,0.44136,19.96485,0.04155,0.03443,0.05950,19.93758,0.04159,1678.00000,1574.00000,104.00000
Rb2GeNbS3Br3,1.29914,-1.38705,28.02312,30.00000,0.82927,0.38000,1.03007,0.30789,24.65301,0.04228,0.03730,0.08409,25.32682,0.04160,1679.00000,1694.00000,-15.00000
K2TaSbO6,1.88880,-2.58020,0.83525,30.00000,0.85000,0.00000,1.06416,0.44286,20.14207,0.04150,0.03448,0.05925,20.11477,0.04160,1679.00000,1558.00000,121.00000
Rb2ZrMoS6,1.38965,-1.52978,28.14271,30.00000,0.85000,0.00000,1.00894,0.35598,25.38962,0.04153,0.03681,0.06069,25.34979,0.04160,1679.00000,1567.00000,112.00000
Rb2GeTaS3Br3,1.55776,-1.42821,25.16356,30.00000,0.82927,0.38000,1.03007,0.30789,24.11038,0.04219,0.03709,0.05617,24.69674,0.04160,1679.00000,1683.00000,-4.00000
Rb2GeMoS3Se3,1.39624,-1.02930,28.19147,30.00000,0.84347,0.03000,1.03919,0.29319,25.17286,0.04172,0.03696,0.06041,25.33263,0.04160,1679.00000,1596.00000,83.00000
Rb2MnGaO3Br3,1.45454,-1.68584,27.81980,30.00000,0.85000,0.48000,1.03964,0.37649,25.24067,0.04156,0.03682,0.05671,25.26474,0.04160,1679.00000,1576.00000,103.00000
K2NbZnO3F3,1.89609,-2.70620,0.15434,30.00000,0.85000,0.54000,1.03559,0.50923,20.00548,0.04151,0.03442,0.05938,19.93935,0.04161,1685.00000,1560.00000,125.00000
Li2MoWO6,1.89997,-2.23041,0.30145,30.00000,0.78169,0.00000,0.76559,0.42500,18.33612,0.04373,0.03592,0.06359,19.92367,0.04163,1686.00000,1865.00000,-179.00000
Rb2VZnSe3I3,1.10418,-1.21442,17.45151,30.00000,0.85000,0.11000,0.98684,0.30622,23.48281,0.04164,0.03566,0.49918,23.48207,0.04163,1686.00000,1586.00000,100.00000
Rb2SnSbSe3Cl3,1.65526,-1.18394,20.66632,30.00000,0.84593,0.61000,1.00637,0.34037,23.69322,0.04175,0.03636,0.05591,23.78797,0.04163,1686.00000,1603.00000,83.00000
Rb2SnCrSe3I3,1.09798,-1.09004,16.47867,30.00000,0.85000,0.11000,0.98234,0.31220,23.36907,0.04158,0.03555,0.50157,23.33876,0.04163,1686.00000,1579.00000,107.00000
Rb2CrMoSe3Br3,1.12636,-1.29173,19.58487,30.00000,0.82619,0.41000,1.01428,0.30584,23.19497,0.04235,0.03643,0.43393,23.86453,0.04164,1690.00000,1700.00000,-10.00000
Rb2SnGaO3Br3,1.55932,-1.62491,25.13185,30.00000,0.85000,0.48000,1.02962,0.38988,24.71380,0.04159,0.03662,0.05521,24.64617,0.04164,1690.00000,1581.00000,109.00000
Na2FeMnSe6,1.00750,-0.95544,0.33511,30.00000,0.85000,0.00000,0.90779,0.32576,20.33417,0.04154,0.03351,0.47919,20.24550,0.04165,1692.00000,1572.00000,120.00000
Rb2ZrWS6,1.59008,-1.50678,24.24998,30.00000,0.85000,0.00000,1.00692,0.35870,24.45860,0.04167,0.03659,0.05532,24.43943,0.04165,1692.00000,1590.00000,102.00000
Rb2GeTaS3I3,1.63871,-1.24852,21.51090,30.00000,0.83831,0.08000,1.01519,0.28960,23.65231,0.04196,0.03659,0.05608,23.90477,0.04166,1694.00000,1641.00000,53.00000
K2MoGaO3Br3,1.88965,-1.70837,1.69210,30.00000,0.85000,0.48000,1.02739,0.36012,20.12594,0.04170,0.03462,0.05961,20.15930,0.04166,1694.00000,1592.00000,102.00000
Rb2TiFeSe3I3,1.10355,-1.30483,17.67525,30.00000,0.84818,0.11000,0.99229,0.29904,23.42280,0.04174,0.03573,0.50112,23.48899,0.04166,1694.00000,1600.00000,94.00000
Na2VZnO3F3,1.90750,-2.44923,0.09930,30.00000,0.85000,0.54000,0.97294,0.47232,19.79679,0.04175,0.03449,0.06000,19.83198,0.04168,1697.00000,1602.00000,95.00000
Rb2TaSbS6,1.60745,-1.14031,23.72197,30.00000,0.85000,0.00000,1.02329,0.33696,24.29450,0.04172,0.03656,0.05544,24.34445,0.04169,1698.00000,1594.00000,104.00000
Rb2GeVS3I3,1.20035,-1.17793,24.73265,30.00000,0.80021,0.08000,1.03506,0.26485,23.24819,0.04318,0.03764,0.19103,24.75295,0.04169,1698.00000,1791.00000,-93.00000
Rb2ZrFeO3I3,1.65807,-1.99267,21.00070,30.00000,0.85000,0.78000,1.00262,0.37917,23.77739,0.04172,0.03633,0.05591,23.71160,0.04169,1698.00000,1595.00000,103.00000
Na2CuZnI6,0.99996,-0.94578,0.57377,30.00000,0.83659,0.00000,0.86491,0.33409,19.60985,0.04244,0.03383,0.48233,20.17713,0.04169,1698.00000,1711.00000,-13.00000
Rb2CrWO3I3,1.68839,-1.57545,18.81395,30.00000,0.82207,0.78000,1.03386,0.33750,22.60873,0.04248,0.03675,0.05755,23.36046,0.04170,1702.00000,1718.00000,-16.00000
Rb2MoGaSe3F3,1.54370,-1.99384,25.99211,30.00000,0.77869,1.43000,1.05752,0.36778,22.68797,0.04387,0.03844,0.05893,24.77723,0.04170,1702.00000,1872.00000,-170.00000
Li2GeMoO6,1.77245,-2.19521,12.40440,30.00000,0.78799,0.00000,0.77926,0.40000,20.51885,0.04358,0.03694,0.06069,22.13001,0.04172,1704.00000,1840.00000,-136.00000
Rb2NbSbO3Se3,1.61898,-1.68886,23.26765,30.00000,0.83674,0.89000,1.04382,0.36686,23.80171,0.04213,0.03683,0.05617,24.17338,0.04172,1704.00000,1672.00000,32.00000
Rb2GeMnCl3I3,1.18122,-1.41209,24.25310,30.00000,0.80072,0.50000,1.01600,0.29302,23.10792,0.04327,0.03760,0.23408,24.61464,0.04172,1704.00000,1801.00000,-97.00000
Rb2MnBiO6,1.36242,-1.89090,29.14504,30.00000,0.85000,0.00000,1.04931,0.50179,25.40693,0.04174,0.03694,0.06482,25.38356,0.04173,1707.00000,1597.00000,110.00000
Rb2VZnSe3Cl3,1.19444,-1.49495,24.62802,30.00000,0.84308,0.61000,1.00836,0.33773,24.49707,0.04189,0.03663,0.19637,24.65050,0.04174,1708.00000,1630.00000,78.00000
Rb2GeCrSe3I3,1.13209,-1.08970,20.98179,30.00000,0.81411,0.11000,1.01186,0.27392,22.92339,0.04290,0.03690,0.41268,24.00922,0.04174,1708.00000,1757.00000,-49.00000
K2GeMnI6,1.02140,-1.10824,4.05852,30.00000,0.81337,0.00000,0.97410,0.26705,20.06574,0.04271,0.03474,0.49041,20.81828,0.04175,1710.00000,1741.00000,-31.00000
K2SnFeSe3Cl3,1.00004,-1.26065,0.25131,30.00000,0.85000,0.61000,0.97546,0.35224,19.94619,0.04195,0.03353,0.48089,20.14593,0.04175,1710.00000,1640.00000,70.00000
Rb2SnGaO3I3,1.66558,-1.43278,20.95949,30.00000,0.85000,0.78000,1.01386,0.36389,23.67991,0.04180,0.03635,0.05610,23.75850,0.04175,1710.00000,1612.00000,98.00000
Rb2CrAgS3I3,1.13672,-1.09294,21.17787,30.00000,0.85000,0.08000,0.94365,0.38738,24.03928,0.04177,0.03612,0.37936,24.06430,0.04177,1713.00000,1608.00000,105.00000
Rb2VSbS6,1.32555,-1.09395,28.89483,30.00000,0.85000,0.00000,1.04452,0.30978,25.35280,0.04175,0.03693,0.07336,25.28389,0.04178,1714.00000,1604.00000,110.00000
Rb2MnGaSe3Cl3,1.21041,-1.46380,25.55346,30.00000,0.83867,0.61000,1.01135,0.33377,24.47385,0.04204,0.03683,0.16618,24.78446,0.04178,1714.00000,1652.00000,62.00000
Rb2NbCuSe3Cl3,1.15871,-1.40854,23.19119,30.00000,0.85000,0.61000,0.99077,0.36148,24.34717,0.04181,0.03636,0.29612,24.35508,0.04179,1716.00000,1615.00000,101.00000
Rb2MnBiO3S3,1.55297,-1.70526,26.72855,30.00000,0.85000,0.86000,1.01689,0.43364,24.75733,0.04183,0.03684,0.05555,24.79909,0.04180,1717.00000,1618.00000,99.00000
Rb2CrAgO3Br3,1.53417,-1.58675,27.23421,30.00000,0.85000,0.48000,0.97631,0.46577,24.88972,0.04180,0.03688,0.05551,24.87493,0.04180,1717.00000,1613.00000,104.00000
K2TiBiO3I3,1.90607,-1.84508,0.45421,30.00000,0.85000,0.78000,0.97984,0.37917,19.82277,0.04180,0.03453,0.06005,19.83314,0.04181,1719.00000,1611.00000,108.00000
Rb2SnCuO3Se3,1.18405,-1.31304,24.36556,30.00000,0.85000,0.89000,1.00468,0.42012,24.62286,0.04174,0.03647,0.21896,24.58443,0.04181,1719.00000,1601.00000,118.00000
K2SbCuS3Br3,0.99876,-1.13258,0.14237,30.00000,0.85000,0.38000,0.97589,0.35000,19.87693,0.04202,0.03352,0.48089,20.03040,0.04182,1721.00000,1649.00000,72.00000
Rb2ZrGaSe3Cl3,1.60931,-1.80059,24.20622,30.00000,0.85000,0.61000,0.99657,0.35356,24.27972,0.04183,0.03664,0.05562,24.22242,0.04185,1722.00000,1619.00000,103.00000
Na2MoBiO3F3,1.91171,-2.25846,0.30039,30.00000,0.85000,0.54000,0.95616,0.49815,19.71888,0.04189,0.03455,0.06032,19.74265,0.04185,1722.00000,1628.00000,94.00000
Rb2VCuO3Br3,1.54882,-1.74860,26.93465,30.00000,0.85000,0.48000,1.03852,0.37798,24.78356,0.04184,0.03687,0.05557,24.77646,0.04185,1722.00000,1620.00000,102.00000
Rb2NbTaS6,1.60338,-1.43895,24.77317,30.00000,0.85000,0.00000,1.01504,0.34783,24.33828,0.04187,0.03670,0.05567,24.35113,0.04186,1725.00000,1624.00000,101.00000
Rb2GeCrS3Se3,1.40567,-1.07137,30.06756,30.00000,0.85000,0.03000,1.03396,0.29974,25.37257,0.04186,0.03709,0.05972,25.34296,0.04187,1726.00000,1622.00000,104.00000
Na2SbAgI6,1.00479,-0.86636,1.94514,30.00000,0.84364,0.00000,0.85328,0.35227,20.04170,0.04224,0.03388,0.48672,20.30291,0.04187,1726.00000,1690.00000,36.00000
Rb2ZrWO3Se3,1.66693,-2.08889,21.30931,30.00000,0.85000,0.89000,1.02606,0.39053,23.66091,0.04188,0.03641,0.05624,23.64908,0.04187,1726.00000,1625.00000,101.00000
Rb2GeTaO3Br3,1.54782,-1.97756,26.85875,30.00000,0.85000,0.48000,1.06144,0.34821,24.79088,0.04182,0.03686,0.05555,24.76869,0.04188,1729.00000,1616.00000,113.00000
Rb2SnInS3I3,1.70408,-1.08176,18.72337,30.00000,0.85000,0.08000,0.95645,0.36881,23.18468,0.04185,0.03619,0.05660,23.11899,0.04189,1730.00000,1621.00000,109.00000
K2GeZnS3Se3,1.85389,-0.97723,6.38848,30.00000,0.85000,0.03000,0.98634,0.33246,20.77311,0.04196,0.03511,0.05933,20.82850,0.04191,1731.00000,1643.00000,88.00000
Rb2GeNbSe3Br3,1.15161,-1.35071,23.29609,30.00000,0.81415,0.41000,1.02122,0.29695,23.19440,0.04302,0.03720,0.32426,24.28602,0.04191,1731.00000,1774.00000,-43.00000
Rb2TaFeO3Br3,1.64564,-1.98768,22.63486,30.00000,0.85000,0.48000,1.03516,0.38244,23.92001,0.04189,0.03652,0.05604,23.86238,0.04191,1731.00000,1629.00000,102.00000
Rb2ZrGaS3Br3,1.61600,-1.66007,24.33491,30.00000,0.85000,0.38000,0.99600,0.35263,24.21403,0.04191,0.03668,0.05578,24.16874,0.04192,1734.00000,1632.00000,102.00000
Rb2TiGaS3Br3,1.58679,-1.64325,25.99989,30.00000,0.84828,0.38000,1.01880,0.32237,24.43831,0.04200,0.03687,0.05583,24.45799,0.04192,1734.00000,1647.00000,87.00000
Rb2NbCuS3Br3,1.15512,-1.34651,23.30953,30.00000,0.85000,0.38000,0.99022,0.36053,24.29423,0.04188,0.03638,0.30613,24.28973,0.04192,1734.00000,1626.00000,108.00000
Rb2GeCrO3I3,1.57552,-1.46371,26.30931,30.00000,0.79611,0.78000,1.04911,0.31806,22.98974,0.04359,0.03812,0.05841,24.52054,0.04192,1734.00000,1841.00000,-107.00000
Rb2SnWS3Se3,1.70306,-1.03875,19.33774,30.00000,0.85000,0.03000,1.00462,0.33770,23.19841,0.04195,0.03628,0.05676,23.20532,0.04194,1738.00000,1639.00000,99.00000
Rb2SnZnO3Se3,1.61837,-1.33040,24.28597,30.00000,0.85000,0.89000,1.00259,0.42308,24.19291,0.04193,0.03668,0.05582,24.16889,0.04194,1738.00000,1637.00000,101.00000
Rb2SbCuO3I3,1.11164,-1.24388,20.03405,30.00000,0.85000,0.78000,1.00974,0.36944,23.62846,0.04196,0.03602,0.49481,23.68366,0.04194,1738.00000,1644.00000,94.00000
Rb2MoMnS6,1.43728,-1.24955,30.09427,30.00000,0.85000,0.00000,1.02433,0.33560,25.29616,0.04192,0.03712,0.05798,25.30285,0.04194,1738.00000,1635.00000,103.00000
Rb2TiBiS3I3,1.72914,-1.34686,17.40125,30.00000,0.85000,0.08000,0.97857,0.33787,22.81688,0.04196,0.03610,0.05706,22.82566,0.04195,1742.00000,1642.00000,100.00000
Rb2SnCrO3I3,1.68376,-1.47997,20.38347,30.00000,0.84978,0.78000,1.01489,0.36250,23.44365,0.04190,0.03635,0.05647,23.38547,0.04195,1742.00000,1631.00000,111.00000
Rb2GeTaSe3Cl3,1.61143,-1.53154,25.04249,30.00000,0.80712,0.61000,1.03072,0.30871,23.00783,0.04331,0.03777,0.05805,24.23628,0.04197,1744.00000,1808.00000,-64.00000
K2SnFeCl3I3,1.00140,-1.30132,0.41731,30.00000,0.84477,0.50000,0.96442,0.33292,19.88510,0.04207,0.03364,0.48115,19.95773,0.04197,1744.00000,1658.00000,86.00000
Rb2VFeSe3Cl3,1.16946,-1.53873,25.00467,30.00000,0.81253,0.61000,1.02761,0.31266,23.33706,0.04316,0.03746,0.26807,24.50363,0.04198,1746.00000,1786.00000,-40.00000
Rb2TiFeO3I3,1.66424,-1.95593,22.27332,30.00000,0.83359,0.78000,1.02640,0.34722,23.23477,0.04251,0.03691,0.05727,23.72257,0.04199,1747.00000,1722.00000,25.00000
Na2MoAgSe3I3,1.00766,-0.90435,2.15121,30.00000,0.85000,0.11000,0.86040,0.36842,20.34235,0.04191,0.03378,0.48672,20.20838,0.04199,1747.00000,1633.00000,114.00000
Rb2GeSbSe3F3,1.53565,-1.89087,28.74516,30.00000,0.74668,1.43000,1.07666,0.34347,21.77438,0.04551,0.03974,0.06153,24.87524,0.04200,1749.00000,2016.00000,-267.00000
Rb2TiWS6,1.59999,-1.51474,25.99104,30.00000,0.85000,0.00000,1.03062,0.32745,24.37132,0.04206,0.03687,0.05596,24.38092,0.04200,1749.00000,1656.00000,93.00000
Na2CrAgSe3I3,1.00506,-0.93713,2.19382,30.00000,0.85000,0.11000,0.85665,0.37440,20.21488,0.04209,0.03380,0.48762,20.22359,0.04201,1751.00000,1664.00000,87.00000
Rb2MoFeSe3I3,1.08350,-1.05153,16.83558,30.00000,0.84370,0.11000,0.99504,0.29545,22.87474,0.04213,0.03577,0.51441,23.03036,0.04201,1751.00000,1674.00000,77.00000
Rb2SnCuO3S3,1.39330,-1.65631,31.05829,30.00000,0.85000,0.86000,1.01362,0.43827,25.38368,0.04203,0.03722,0.06120,25.37802,0.04201,1751.00000,1650.00000,101.00000
Rb2GeCrSe3Br3,1.16318,-1.24608,24.48233,30.00000,0.80504,0.41000,1.02624,0.29061,23.05340,0.04339,0.03757,0.29096,24.40676,0.04201,1751.00000,1821.00000,-70.00000
Na2MoWO6,1.91825,-2.08784,0.27675,30.00000,0.85000,0.00000,0.98889,0.42500,19.60148,0.04203,0.03460,0.06070,19.56844,0.04202,1755.00000,1651.00000,104.00000
Rb2GeVO3I3,1.58269,-1.77587,26.37334,30.00000,0.76384,0.78000,1.06596,0.29722,21.97561,0.04477,0.03900,0.06033,24.48075,0.04202,1755.00000,1959.00000,-204.00000
Rb2MoFeO3I3,1.68437,-1.50602,20.92842,30.00000,0.82877,0.78000,1.02958,0.34306,22.84949,0.04263,0.03690,0.05772,23.40800,0.04203,1757.00000,1735.00000,22.00000
Na2GeFeO3F3,1.79130,-2.28148,12.13449,30.00000,0.85000,0.54000,0.99923,0.43358,21.83698,0.04194,0.03560,0.05814,21.71462,0.04204,1758.00000,1638.00000,120.00000
Rb2SnMnS3Se3,1.14214,-1.07572,22.94073,30.00000,0.85000,0.03000,0.99585,0.34948,24.13870,0.04200,0.03636,0.35524,24.06409,0.04205,1759.00000,1648.00000,111.00000
Rb2ZrCrSe6,1.10394,-1.35840,19.83820,30.00000,0.85000,0.00000,0.98821,0.33712,23.47522,0.04208,0.03601,0.50909,23.50120,0.04205,1759.00000,1660.00000,99.00000
Rb2GeCuS3Se3,1.26127,-0.87733,29.53044,30.00000,0.85000,0.03000,1.01055,0.32984,25.14338,0.04206,0.03707,0.10496,25.16633,0.04206,1761.00000,1657.00000,104.00000
Na2SnSbO3F3,1.92063,-2.29421,0.23934,30.00000,0.85000,0.54000,0.97050,0.47601,19.55941,0.04208,0.03461,0.06082,19.54164,0.04206,1761.00000,1659.00000,102.00000
Rb2GeCrSe6,1.16310,-1.04641,24.69790,30.00000,0.84432,0.00000,1.02499,0.28914,24.22815,0.04220,0.03669,0.28291,24.41331,0.04206,1761.00000,1685.00000,76.00000
Rb2MnGaO3Se3,1.54430,-1.57244,28.12178,30.00000,0.84472,0.89000,1.03821,0.37426,24.66005,0.04216,0.03714,0.05612,24.78771,0.04206,1761.00000,1679.00000,82.00000
Rb2VFeO3Br3,1.56978,-1.91023,27.28875,30.00000,0.85000,0.48000,1.05794,0.35268,24.63925,0.04205,0.03697,0.05586,24.57829,0.04206,1761.00000,1653.00000,108.00000
K2WSbO3F3,1.91677,-2.31639,0.24061,30.00000,0.85000,0.54000,1.08327,0.44280,19.62806,0.04199,0.03458,0.06060,19.56525,0.04207,1766.00000,1646.00000,120.00000
Na2VTaO3S3,1.91268,-2.07426,0.85993,30.00000,0.83932,0.86000,0.96307,0.36420,19.45833,0.04235,0.03486,0.06115,19.69270,0.04208,1767.00000,1699.00000,68.00000
Rb2SnGeS3Se3,1.57869,-0.91649,27.22862,30.00000,0.85000,0.03000,1.01857,0.31937,24.55088,0.04211,0.03698,0.05599,24.56744,0.04208,1767.00000,1669.00000,98.00000
Rb2TiMoS6,1.31319,-1.51797,30.51834,30.00000,0.85000,0.00000,1.03274,0.32473,25.32629,0.04205,0.03717,0.07802,25.29573,0.04208,1767.00000,1654.00000,113.00000
Rb2VTaS6,1.59456,-1.45519,26.48866,30.00000,0.85000,0.00000,1.03593,0.32065,24.42149,0.04209,0.03693,0.05602,24.41905,0.04208,1767.00000,1665.00000,102.00000
Rb2VNbS6,1.30272,-1.46498,30.50978,30.00000,0.85000,0.00000,1.03593,0.32065,25.29625,0.04208,0.03718,0.08209,25.25966,0.04209,1771.00000,1662.00000,109.00000
Rb2GeSbS3Br3,1.58503,-1.05510,26.89098,30.00000,0.81408,0.38000,1.03843,0.29737,23.44260,0.04318,0.03779,0.05772,24.47828,0.04209,1771.00000,1790.00000,-19.00000
Rb2GeBiO3I3,1.67737,-1.30021,21.69919,30.00000,0.84559,0.78000,1.01800,0.35833,23.40720,0.04219,0.03660,0.05688,23.52063,0.04209,1771.00000,1682.00000,89.00000
Rb2TiCrS3Se3,1.17342,-1.36808,25.69479,30.00000,0.85000,0.03000,1.01857,0.31937,24.50648,0.04209,0.03669,0.25083,24.47899,0.04210,1774.00000,1663.00000,111.00000
Na2SnMoO6,1.91923,-2.10307,0.28166,30.00000,0.85000,0.00000,0.96707,0.45714,19.58406,0.04205,0.03460,0.06075,19.53638,0.04211,1775.00000,1655.00000,120.00000
Rb2ZrGaO3I3,1.68058,-2.05477,21.69440,30.00000,0.85000,0.78000,1.00770,0.37222,23.49070,0.04210,0.03653,0.05676,23.45363,0.04211,1775.00000,1667.00000,108.00000
Rb2MnCuI6,1.06433,-1.08717,15.16347,30.00000,0.85000,0.00000,0.95995,0.31250,22.51694,0.04214,0.03546,0.51883,22.57648,0.04212,1777.00000,1675.00000,102.00000
Na2SbCuO3Br3,0.99945,-1.34692,0.13921,30.00000,0.85000,0.48000,0.92572,0.39583,19.91466,0.04197,0.03352,0.48047,19.78328,0.04212,1777.00000,1645.00000,132.00000
Rb2VMnO3I3,1.67385,-1.97864,22.23336,30.00000,0.81142,0.78000,1.04034,0.32917,22.48726,0.04331,0.03746,0.05870,23.54461,0.04213,1779.00000,1807.00000,-28.00000
Rb2SnTaO3Br3,1.69475,-2.06326,20.80536,30.00000,0.85000,0.48000,1.02523,0.39583,23.30896,0.04211,0.03646,0.05693,23.28762,0.04213,1779.00000,1670.00000,109.00000
K2VNbO3S3,1.92331,-2.09948,0.21268,30.00000,0.83760,0.86000,1.04306,0.36420,19.22643,0.04250,0.03487,0.06164,19.54845,0.04214,1781.00000,1720.00000,61.00000
Na2MoMnO6,1.92277,-2.01783,0.22414,30.00000,0.85000,0.00000,0.97786,0.44107,19.52064,0.04212,0.03462,0.06093,19.49459,0.04214,1781.00000,1671.00000,110.00000
Rb2CrMnO3I3,1.67734,-1.65941,22.17390,30.00000,0.83670,0.78000,1.02429,0.35000,23.15820,0.04254,0.03688,0.05748,23.51166,0.04215,1783.00000,1727.00000,56.00000
Rb2SnCuF3I3,1.10296,-1.91078,19.85943,30.00000,0.82958,1.32000,0.99683,0.40456,22.88054,0.04272,0.03646,0.51124,23.39558,0.04215,1783.00000,1743.00000,40.00000
Na2WInO3Cl3,1.90891,-1.73595,1.70761,30.00000,0.85000,0.28000,0.91878,0.43614,19.76998,0.04213,0.03475,0.06069,19.76259,0.04215,1783.00000,1673.00000,110.00000
Rb2SnZnI6,1.05856,-1.13217,14.29827,30.00000,0.85000,0.00000,0.95089,0.32500,22.34255,0.04216,0.03536,0.51826,22.41060,0.04215,1783.00000,1678.00000,105.00000
Rb2MnSbSe3I3,1.07016,-1.01881,16.39391,30.00000,0.84670,0.11000,0.99321,0.29785,22.60289,0.04232,0.03569,0.52064,22.78052,0.04216,1787.00000,1697.00000,90.00000
Rb2GeMnBr6,1.15156,-1.46261,24.17274,30.00000,0.85000,0.00000,1.02145,0.29974,24.25001,0.04208,0.03651,0.31901,24.19139,0.04216,1787.00000,1661.00000,126.00000
Rb2MnSbO3Cl3,1.46448,-1.81564,30.79036,30.00000,0.85000,0.28000,1.05550,0.38785,25.20773,0.04210,0.03726,0.05714,25.17957,0.04216,1787.00000,1668.00000,119.00000
Rb2TiInO3I3,1.68830,-2.03495,21.59724,30.00000,0.85000,0.78000,0.99461,0.39028,23.38861,0.04217,0.03655,0.05697,23.37446,0.04217,1790.00000,1681.00000,109.00000
K2WFeO3F3,1.92992,-2.53913,0.14680,30.00000,0.85000,0.54000,1.07094,0.45941,19.39007,0.04227,0.03466,0.06133,19.45430,0.04218,1791.00000,1693.00000,98.00000
Rb2TiGaSe3Br3,1.69277,-1.61187,21.34859,30.00000,0.83272,0.41000,1.01035,0.31091,22.84560,0.04270,0.03691,0.05792,23.32019,0.04220,1792.00000,1739.00000,53.00000
Rb2GeVSe3Br3,1.15055,-1.35523,24.53989,30.00000,0.77520,0.41000,1.04161,0.27157,22.02550,0.04460,0.03836,0.34212,24.20042,0.04220,1792.00000,1947.00000,-155.00000
Rb2CrMoO3Se3,1.61592,-1.62817,25.79068,30.00000,0.82463,0.89000,1.05179,0.35651,23.47782,0.04293,0.03747,0.05742,24.18360,0.04221,1794.00000,1761.00000,33.00000
K2GeWS6,1.86132,-1.08134,6.56569,30.00000,0.85000,0.00000,1.02317,0.30707,20.63902,0.04215,0.03518,0.05981,20.55953,0.04224,1795.00000,1677.00000,118.00000
Rb2CrWO3Se3,1.67941,-1.65408,22.49662,30.00000,0.82820,0.89000,1.04950,0.35947,22.89186,0.04289,0.03713,0.05808,23.47455,0.04224,1795.00000,1756.00000,39.00000
Rb2WFeO3Br3,1.68522,-1.60744,22.13777,30.00000,0.85000,0.48000,1.04415,0.37054,23.42978,0.04223,0.03661,0.05702,23.40685,0.04224,1795.00000,1688.00000,107.00000
Rb2VFeSe3F3,1.59210,-2.17927,27.16492,30.00000,0.76936,1.43000,1.06343,0.36018,22.07251,0.04480,0.03901,0.06040,24.38515,0.04225,1798.00000,1967.00000,-169.00000
Rb2GeTaO3I3,1.67475,-1.89119,22.71962,30.00000,0.80583,0.78000,1.04361,0.32500,22.31629,0.04359,0.03768,0.05918,23.52259,0.04225,1798.00000,1842.00000,-44.00000
Na2GeCrO3Cl3,1.82400,-1.68064,10.44516,30.00000,0.85000,0.28000,0.97258,0.35670,21.29371,0.04220,0.03553,0.05916,21.23838,0.04226,1800.00000,1684.00000,116.00000
Rb2GeFeO3Br3,1.34121,-1.56000,32.01354,30.00000,0.85000,0.48000,1.06027,0.34970,25.39999,0.04224,0.03737,0.07022,25.33511,0.04227,1801.00000,1689.00000,112.00000
Rb2GeNbSe3F3,1.52591,-2.19054,30.03766,30.00000,0.76347,1.43000,1.06700,0.35562,22.33175,0.04508,0.03945,0.06081,24.85716,0.04228,1802.00000,1982.00000,-180.00000
Rb2GeMnO3Se3,1.43394,-1.46797,32.38555,30.00000,0.81337,0.89000,1.05872,0.34763,24.19005,0.04343,0.03832,0.06071,25.29171,0.04228,1802.00000,1825.00000,-23.00000
Na2GeFeCl3I3,1.01497,-1.19786,5.52351,30.00000,0.78245,0.50000,0.92599,0.29302,19.00470,0.04440,0.03567,0.49935,20.55167,0.04229,1804.00000,1929.00000,-125.00000
Rb2MoWS6,1.65541,-1.19681,24.14170,30.00000,0.85000,0.00000,1.03380,0.32337,23.81003,0.04227,0.03678,0.05673,23.77941,0.04230,1805.00000,1692.00000,113.00000
K2VSbO3S3,1.93145,-1.69232,0.23426,30.00000,0.82289,0.86000,1.05259,0.35185,18.74307,0.04314,0.03523,0.06301,19.37481,0.04230,1805.00000,1784.00000,21.00000
Rb2GeBiS3I3,1.71194,-0.99757,20.57984,30.00000,0.85000,0.08000,0.99234,0.31931,23.07192,0.04231,0.03649,0.05743,23.03234,0.04231,1807.00000,1696.00000,111.00000
Rb2MoSbSe3I3,1.06132,-0.96768,15.78792,30.00000,0.82949,0.11000,1.00338,0.28469,21.86120,0.04299,0.03600,0.52335,22.49957,0.04233,1808.00000,1767.00000,41.00000
Rb2GeWS3Se3,1.64499,-1.03889,24.91810,30.00000,0.84744,0.03000,1.03709,0.29581,23.85077,0.04237,0.03691,0.05680,23.84646,0.04234,1809.00000,1703.00000,106.00000
Rb2CrMnO3Se3,1.59904,-1.65043,27.55888,30.00000,0.84317,0.89000,1.03933,0.37278,24.18082,0.04253,0.03725,0.05672,24.31400,0.04236,1810.00000,1725.00000,85.00000
Rb2ZrCrO3Se3,1.63448,-2.08541,25.91905,30.00000,0.85000,0.89000,1.02279,0.39497,24.02220,0.04237,0.03696,0.05668,24.00576,0.04236,1810.00000,1702.00000,108.00000
K2MoSbO3F3,1.93214,-2.31604,0.32164,30.00000,0.85000,0.54000,1.08604,0.43911,19.35164,0.04236,0.03470,0.06154,19.37391,0.04236,1810.00000,1701.00000,109.00000
Rb2GeSbO3I3,1.66613,-1.28435,24.06297,30.00000,0.79003,0.78000,1.05244,0.31389,21.96879,0.04429,0.03825,0.06016,23.64587,0.04238,1813.00000,1918.00000,-105.00000
Li2GeVO3F3,1.79340,-2.34476,14.08156,30.00000,0.74842,0.54000,0.79129,0.39483,19.18449,0.04574,0.03836,0.06486,21.80272,0.04238,1813.00000,2038.00000,-225.00000
Rb2NbSbS6,1.61824,-1.08961,26.82896,30.00000,0.85000,0.00000,1.02329,0.33696,24.19400,0.04238,0.03705,0.05653,24.16779,0.04239,1815.00000,1704.00000,111.00000
Rb2ZrGaSe3F3,1.63374,-2.29503,26.11652,30.00000,0.81771,1.43000,1.02782,0.40729,23.10903,0.04339,0.03774,0.05833,24.03527,0.04239,1815.00000,1822.00000,-7.00000
Rb2MoFeO3Br3,1.64937,-1.65433,25.34411,30.00000,0.85000,0.48000,1.04643,0.36756,23.88204,0.04242,0.03693,0.05689,23.85246,0.04243,1817.00000,1708.00000,109.00000
Rb2SnTaO3I3,1.75381,-1.94237,17.82738,30.00000,0.85000,0.78000,1.00974,0.36944,22.43724,0.04243,0.03627,0.05825,22.36294,0.04244,1818.00000,1709.00000,109.00000
Rb2NbCuSe3I3,1.06448,-1.17236,16.73638,30.00000,0.85000,0.11000,0.97084,0.32775,22.52215,0.04245,0.03569,0.52507,22.56795,0.04244,1818.00000,1712.00000,106.00000
Rb2MnCuBr3I3,1.06361,-1.28223,17.23262,30.00000,0.85000,0.30000,0.97091,0.33053,22.49326,0.04256,0.03577,0.52749,22.61869,0.04245,1820.00000,1729.00000,91.00000
Rb2TiFeO3Br3,1.61787,-2.06579,27.40368,30.00000,0.85000,0.48000,1.04302,0.37202,24.19869,0.04248,0.03713,0.05668,24.23805,0.04245,1820.00000,1717.00000,103.00000
Rb2SnGaSe3Cl3,1.68261,-1.32707,23.28365,30.00000,0.85000,0.61000,1.00243,0.34565,23.46322,0.04242,0.03677,0.05728,23.40140,0.04246,1822.00000,1706.00000,116.00000
Rb2MnGaS6,1.43413,-1.17703,33.25997,30.00000,0.85000,0.00000,1.01812,0.34375,25.30607,0.04245,0.03757,0.05896,25.30662,0.04246,1822.00000,1713.00000,109.00000
Rb2SnBiO3I3,1.76372,-1.32629,17.00553,30.00000,0.85000,0.78000,0.98575,0.40278,22.28884,0.04242,0.03620,0.05843,22.27773,0.04246,1822.00000,1707.00000,115.00000
Na2GeCrO6,1.80970,-2.15830,12.72981,30.00000,0.85000,0.00000,1.00017,0.40893,21.53789,0.04239,0.03579,0.05921,21.50309,0.04246,1822.00000,1705.00000,117.00000
Rb2FeMnO3Se3,1.62028,-1.50126,27.36499,30.00000,0.85000,0.89000,1.03265,0.38166,24.17541,0.04250,0.03713,0.05675,24.12759,0.04251,1826.00000,1719.00000,107.00000
Rb2WMnS6,1.65595,-1.23567,25.68204,30.00000,0.85000,0.00000,1.02225,0.33832,23.80360,0.04256,0.03701,0.05720,23.79437,0.04251,1826.00000,1728.00000,98.00000
Li2WGaO3F3,1.91783,-2.39652,2.34735,30.00000,0.73218,0.54000,0.76108,0.45018,16.88798,0.04649,0.03765,0.06910,19.58197,0.04252,1828.00000,2089.00000,-261.00000
Rb2VFeS3Br3,1.13698,-1.40133,25.15425,30.00000,0.83466,0.38000,1.02697,0.31184,23.59535,0.04296,0.03704,0.39263,24.03222,0.04253,1829.00000,1764.00000,65.00000
Rb2WGaS3Br3,1.71334,-1.32590,21.41488,30.00000,0.84664,0.38000,1.01981,0.32105,22.96120,0.04259,0.03670,0.05790,23.00030,0.04253,1829.00000,1730.00000,99.00000
Rb2GeFeSe3F3,1.26168,-1.91485,31.84514,30.00000,0.76546,1.43000,1.06581,0.35714,22.56453,0.04527,0.03954,0.11571,25.11624,0.04254,1831.00000,1998.00000,-167.00000
Rb2GeMnS3Se3,1.21155,-1.02623,29.92280,30.00000,0.85000,0.03000,1.02775,0.30759,24.82649,0.04246,0.03721,0.16739,24.79439,0.04255,1832.00000,1716.00000,116.00000
Rb2TiGaSe3F3,1.62304,-2.31005,28.03429,30.00000,0.78400,1.43000,1.05400,0.37234,22.23763,0.04477,0.03885,0.06051,24.17822,0.04256,1833.00000,1961.00000,-128.00000
Rb2VZnO3Br3,1.64283,-1.74014,26.83774,30.00000,0.85000,0.48000,1.03628,0.38095,23.94667,0.04263,0.03712,0.05716,23.88357,0.04260,1834.00000,1734.00000,100.00000
Rb2SnCrO3Br3,1.67843,-1.66467,24.54430,30.00000,0.85000,0.48000,1.03072,0.38839,23.51832,0.04260,0.03693,0.05752,23.47759,0.04260,1834.00000,1732.00000,102.00000
Li2GeWO6,1.85708,-2.17144,9.39729,30.00000,0.78734,0.00000,0.77728,0.40357,19.18270,0.04465,0.03699,0.06417,20.75147,0.04260,1834.00000,1951.00000,-117.00000
Na2GeNbO3Cl3,1.85161,-1.92321,9.37860,30.00000,0.85000,0.28000,0.96703,0.36449,20.81327,0.04254,0.03555,0.06026,20.73431,0.04261,1837.00000,1726.00000,111.00000
K2GeFeSe3Cl3,1.00995,-1.28109,6.36946,30.00000,0.81186,0.61000,1.00690,0.31003,19.51231,0.04388,0.03517,0.50418,20.43979,0.04263,1838.00000,1876.00000,-38.00000
Li2WGaO3Cl3,1.92680,-1.82444,2.07152,30.00000,0.70550,0.28000,0.75499,0.38006,16.13957,0.04774,0.03842,0.07176,19.43844,0.04264,1839.00000,2146.00000,-307.00000
K2TaMnO3F3,1.93704,-2.96093,0.82220,30.00000,0.85000,0.54000,1.06022,0.47417,19.26213,0.04259,0.03482,0.06204,19.21573,0.04264,1839.00000,1731.00000,108.00000
Rb2CrMoO3Br3,1.66592,-1.66788,25.51116,30.00000,0.85000,0.48000,1.05330,0.35863,23.67538,0.04263,0.03702,0.05743,23.61864,0.04265,1841.00000,1736.00000,105.00000
Rb2ZrBiS3I3,1.78468,-1.35557,16.62171,30.00000,0.85000,0.08000,0.95818,0.36634,21.94759,0.04270,0.03625,0.05927,21.98455,0.04266,1842.00000,1740.00000,102.00000
Na2CrMoO6,1.94439,-2.08325,0.23665,30.00000,0.85000,0.00000,0.98518,0.43036,19.12506,0.04264,0.03478,0.06227,19.08759,0.04267,1843.00000,1737.00000,106.00000
Rb2NbFeO3Br3,1.67572,-2.01602,25.43386,30.00000,0.85000,0.48000,1.03516,0.38244,23.55319,0.04273,0.03705,0.05770,23.59766,0.04268,1844.00000,1744.00000,100.00000
Rb2GeVSe3F3,1.54401,-2.12734,32.14852,30.00000,0.71846,1.43000,1.09147,0.32523,20.88952,0.04738,0.04117,0.06454,24.81707,0.04271,1845.00000,2134.00000,-289.00000
K2MnGaO3F3,1.92501,-2.42718,2.69633,30.00000,0.85000,0.54000,1.06555,0.46679,19.47951,0.04272,0.03503,0.06203,19.48738,0.04271,1845.00000,1742.00000,103.00000
Rb2WGaSe3Cl3,1.73002,-1.41869,21.32961,30.00000,0.82452,0.61000,1.02044,0.32190,22.11583,0.04350,0.03726,0.05963,22.79966,0.04272,1847.00000,1830.00000,17.00000
Na2ZrWO6,1.94496,-2.77892,0.17262,30.00000,0.85000,0.00000,0.95768,0.47143,19.11446,0.04264,0.03478,0.06229,19.05525,0.04273,1848.00000,1738.00000,110.00000
K2FeSbS3I3,0.99108,-0.92182,0.45530,30.00000,0.85000,0.08000,0.97938,0.30817,19.43180,0.04261,0.03360,0.48408,19.25878,0.04273,1848.00000,1733.00000,115.00000
Rb2WInO3I3,1.76748,-1.54439,18.38249,30.00000,0.85000,0.78000,0.99561,0.38889,22.23129,0.04276,0.03642,0.05904,22.20181,0.04274,1850.00000,1746.00000,104.00000
K2CrWO6,1.94974,-2.20930,0.15834,30.00000,0.85000,0.00000,1.07079,0.43393,19.02450,0.04275,0.03481,0.06259,19.06481,0.04274,1850.00000,1745.00000,105.00000
Rb2SnMoO3Se3,1.70828,-1.51878,23.27189,30.00000,0.84924,0.89000,1.03486,0.37870,23.10219,0.04278,0.03689,0.05814,23.13159,0.04274,1850.00000,1749.00000,101.00000
Rb2ZrInO3Br3,1.69417,-2.13938,24.40879,30.00000,0.85000,0.48000,0.98531,0.45238,23.31322,0.04277,0.03699,0.05799,23.26299,0.04275,1853.00000,1748.00000,105.00000
K2CrAgSe3I3,0.99055,-0.99684,2.12016,30.00000,0.85000,0.11000,0.91819,0.37440,19.39686,0.04302,0.03385,0.49130,19.58248,0.04276,1854.00000,1772.00000,82.00000
Rb2GeVO3Br3,1.53935,-1.88621,32.32155,30.00000,0.80948,0.48000,1.08540,0.31845,23.63746,0.04399,0.03860,0.05902,24.79975,0.04277,1855.00000,1888.00000,-33.00000
Rb2MnInO3Cl3,1.53984,-1.89657,32.72218,30.00000,0.85000,0.28000,1.01015,0.45016,24.84727,0.04279,0.03768,0.05705,24.84203,0.04279,1856.00000,1751.00000,105.00000
Rb2SnMoS6,1.65675,-1.07948,26.83399,30.00000,0.85000,0.00000,1.01504,0.34783,23.79367,0.04277,0.03718,0.05756,23.72238,0.04282,1857.00000,1747.00000,110.00000
Rb2GeVSe3Cl3,1.16955,-1.50275,29.65941,30.00000,0.76687,0.61000,1.05193,0.28232,21.98117,0.04564,0.03935,0.28598,24.45758,0.04283,1858.00000,2030.00000,-172.00000
Rb2TiGaSe3Cl3,1.67817,-1.77508,25.84305,30.00000,0.82616,0.61000,1.01942,0.32322,22.84981,0.04357,0.03768,0.05916,23.49109,0.04286,1859.00000,1837.00000,22.00000
Rb2GeSbSe3Cl3,1.66876,-1.12003,26.74192,30.00000,0.79191,0.61000,1.03910,0.29815,21.99184,0.04477,0.03864,0.06099,23.64256,0.04286,1859.00000,1962.00000,-103.00000
Rb2SnSbO3Br3,1.72647,-1.53164,22.16907,30.00000,0.85000,0.48000,1.03405,0.38393,22.86126,0.04282,0.03680,0.05844,22.82210,0.04288,1861.00000,1752.00000,109.00000
Rb2MnSbO6,1.48920,-1.99953,34.83985,30.00000,0.85000,0.00000,1.09081,0.44464,25.11724,0.04290,0.03788,0.05773,25.08368,0.04289,1862.00000,1759.00000,103.00000
Na2GeGaS3Br3,1.88047,-1.15554,8.05451,30.00000,0.81330,0.38000,0.93995,0.30263,19.41375,0.04401,0.03634,0.06349,20.30385,0.04289,1862.00000,1891.00000,-29.00000
Rb2CrWO3Br3,1.72777,-1.70018,22.26592,30.00000,0.85000,0.48000,1.05100,0.36161,22.84082,0.04286,0.03682,0.05850,22.81265,0.04289,1862.00000,1755.00000,107.00000
Rb2ZrFeO3Br3,1.68943,-2.09054,25.46759,30.00000,0.85000,0.48000,1.01764,0.40625,23.37453,0.04290,0.03712,0.05817,23.36744,0.04290,1865.00000,1758.00000,107.00000
Rb2GeFeO3Se3,1.56059,-1.39910,32.33388,30.00000,0.81337,0.89000,1.05872,0.34763,23.61549,0.04401,0.03856,0.05904,24.65294,0.04290,1865.00000,1890.00000,-25.00000
Rb2GeInO3Br3,1.61280,-1.60649,30.32681,30.00000,0.85000,0.48000,1.02523,0.39583,24.24401,0.04295,0.03754,0.05740,24.26417,0.04291,1867.00000,1763.00000,104.00000
Rb2GeGaSe3Br3,1.69015,-1.24919,24.96504,30.00000,0.80690,0.41000,1.02524,0.29188,22.15950,0.04418,0.03807,0.06033,23.29880,0.04291,1867.00000,1907.00000,-40.00000
Rb2GeMoSe6,1.09474,-0.99809,23.43648,30.00000,0.83484,0.00000,1.03004,0.28283,22.86566,0.04339,0.03690,0.53248,23.33255,0.04291,1867.00000,1823.00000,44.00000
Rb2SnMnO3S3,1.59010,-1.79022,31.59221,30.00000,0.85000,0.86000,1.03245,0.41204,24.45838,0.04296,0.03766,0.05734,24.44560,0.04293,1870.00000,1765.00000,105.00000
Rb2SnCrO3Se3,1.69974,-1.50957,24.80929,30.00000,0.85000,0.89000,1.02934,0.38609,23.24466,0.04292,0.03707,0.05829,23.22863,0.04293,1870.00000,1760.00000,110.00000
Rb2MnBiSe3I3,1.04334,-1.07988,15.05016,30.00000,0.85000,0.11000,0.96475,0.33612,21.86917,0.04285,0.03553,0.52719,21.79584,0.04294,1872.00000,1754.00000,118.00000
Rb2MnSbO3S3,1.59400,-1.61345,31.43676,30.00000,0.85000,0.86000,1.05317,0.38426,24.42421,0.04297,0.03765,0.05738,24.42726,0.04296,1873.00000,1766.00000,107.00000
Rb2SnVO3I3,1.75519,-1.82270,20.43554,30.00000,0.82712,0.78000,1.03065,0.34167,21.81021,0.04366,0.03718,0.06035,22.40584,0.04297,1874.00000,1854.00000,20.00000
Rb2ZrMoO3Se3,1.71266,-2.11569,24.24008,30.00000,0.85000,0.89000,1.02824,0.38757,23.06076,0.04300,0.03704,0.05856,23.08321,0.04297,1874.00000,1768.00000,106.00000
Na2SnCrSe6,0.98575,-0.99463,0.36192,30.00000,0.85000,0.00000,0.90520,0.32955,19.10972,0.04301,0.03360,0.48518,19.13213,0.04297,1874.00000,1770.00000,104.00000
Rb2WMnO3Se3,1.73668,-1.59138,22.39706,30.00000,0.83838,0.89000,1.04270,0.36834,22.39490,0.04338,0.03713,0.05952,22.72060,0.04298,1877.00000,1820.00000,57.00000
Rb2NbTaO3Se3,1.74139,-2.16971,21.76131,30.00000,0.84924,0.89000,1.03486,0.37870,22.61284,0.04301,0.03681,0.05895,22.60905,0.04299,1878.00000,1769.00000,109.00000
Na2NbFeO3F3,1.96117,-2.67270,0.14479,30.00000,0.85000,0.54000,0.97172,0.47417,18.81672,0.04302,0.03491,0.06334,18.83964,0.04300,1879.00000,1773.00000,106.00000
Na2SnWO3S3,1.96016,-1.64030,0.19190,30.00000,0.85000,0.86000,0.93969,0.39815,18.83523,0.04301,0.03491,0.06329,18.83922,0.04300,1879.00000,1771.00000,108.00000
Rb2MnSbBr3I3,1.04669,-1.29471,16.24626,30.00000,0.82958,0.30000,0.99427,0.29928,21.44028,0.04360,0.03614,0.53088,21.90666,0.04300,1879.00000,1843.00000,36.00000
Rb2NbTaO6,1.64179,-2.88472,29.16881,30.00000,0.85000,0.00000,1.08146,0.45714,23.95422,0.04304,0.03746,0.05779,23.97702,0.04301,1882.00000,1776.00000,106.00000
Rb2SnFeO3Cl3,1.61560,-1.83536,30.88091,30.00000,0.85000,0.28000,1.03460,0.41589,24.21706,0.04308,0.03763,0.05760,24.26472,0.04302,1883.00000,1782.00000,101.00000
Rb2GeCuO3Se3,1.18817,-1.36036,31.92543,30.00000,0.84317,0.89000,1.03933,0.37278,24.44644,0.04324,0.03770,0.22128,24.64608,0.04303,1884.00000,1799.00000,85.00000
Rb2NbFeO3I3,1.75213,-1.90450,20.98337,30.00000,0.84416,0.78000,1.01904,0.35694,22.30905,0.04318,0.03686,0.05947,22.41969,0.04304,1885.00000,1788.00000,97.00000
K2WBiO3Cl3,1.96135,-1.76572,0.21234,30.00000,0.85000,0.28000,1.00418,0.42368,18.81346,0.04304,0.03492,0.06338,18.75595,0.04305,1886.00000,1778.00000,108.00000
K2FeMnCl3I3,0.98341,-1.36589,0.40519,30.00000,0.83412,0.50000,0.97261,0.32170,18.59550,0.04372,0.03392,0.48605,19.06528,0.04305,1886.00000,1862.00000,24.00000
Rb2GeGaO3I3,1.68322,-1.40946,26.77952,30.00000,0.79809,0.78000,1.04801,0.31944,21.99950,0.04474,0.03854,0.06116,23.45815,0.04305,1886.00000,1957.00000,-71.00000
Rb2TiCrSe6,1.07223,-1.34005,20.97271,30.00000,0.85000,0.00000,1.01015,0.30808,22.75497,0.04303,0.03629,0.53786,22.70875,0.04308,1889.00000,1775.00000,114.00000
Na2SnInO3Cl3,1.94647,-1.74863,1.92645,30.00000,0.85000,0.28000,0.90119,0.46417,19.08606,0.04307,0.03507,0.06309,19.02360,0.04310,1890.00000,1779.00000,111.00000
Rb2FeMnO3S3,1.47908,-1.65364,36.17160,30.00000,0.85000,0.86000,1.04271,0.39815,25.16444,0.04310,0.03806,0.05826,25.17181,0.04310,1890.00000,1783.00000,107.00000
Rb2GeCrO3Br3,1.59455,-1.64803,32.23128,30.00000,0.84362,0.48000,1.06733,0.34077,24.22980,0.04331,0.03791,0.05792,24.40545,0.04312,1892.00000,1809.00000,83.00000
Rb2WFeO3I3,1.78584,-1.50559,18.72317,30.00000,0.83200,0.78000,1.02746,0.34583,21.46350,0.04370,0.03698,0.06100,21.93369,0.04313,1893.00000,1858.00000,35.00000
Na2GeMnI6,0.99356,-1.01053,4.19018,30.00000,0.78780,0.00000,0.91068,0.26705,18.10550,0.04533,0.03543,0.49984,19.65127,0.04317,1894.00000,2002.00000,-108.00000
Rb2MoInO3Br3,1.72413,-1.69975,24.30364,30.00000,0.85000,0.48000,1.01228,0.41369,22.89814,0.04319,0.03710,0.05900,22.86617,0.04317,1894.00000,1792.00000,102.00000
Rb2GeGaSe3F3,1.59709,-2.00204,32.46625,30.00000,0.75527,1.43000,1.07181,0.34954,21.61638,0.04643,0.04028,0.06302,24.37004,0.04318,1896.00000,2082.00000,-186.00000
K2ZrWO6,1.96797,-2.78937,0.17727,30.00000,0.85000,0.00000,1.04350,0.47143,18.69146,0.04320,0.03498,0.06382,18.66090,0.04318,1896.00000,1794.00000,102.00000
Rb2ZrBiO3I3,1.80142,-1.88158,17.50594,30.00000,0.85000,0.78000,0.97993,0.41111,21.67720,0.04319,0.03647,0.06038,21.67951,0.04319,1898.00000,1793.00000,105.00000
Rb2GeCrO3Se3,1.59901,-1.54548,32.55481,30.00000,0.80127,0.89000,1.06574,0.33876,22.95319,0.04479,0.03903,0.06033,24.38509,0.04319,1898.00000,1965.00000,-67.00000
Na2ZrBiO3Cl3,1.96909,-2.05595,0.18330,30.00000,0.85000,0.28000,0.90311,0.46106,18.67016,0.04323,0.03499,0.06390,18.67892,0.04321,1900.00000,1796.00000,104.00000
Rb2FeSbO3Cl3,1.62861,-1.80655,30.73320,30.00000,0.85000,0.28000,1.05550,0.38785,24.08536,0.04318,0.03765,0.05791,24.04361,0.04322,1901.00000,1789.00000,112.00000
Rb2FeMnO3Br3,1.69281,-1.73078,27.05941,30.00000,0.85000,0.48000,1.03405,0.38393,23.32937,0.04325,0.03737,0.05875,23.33335,0.04323,1902.00000,1800.00000,102.00000
Rb2TiMoO3Se3,1.70501,-2.05042,25.96710,30.00000,0.82097,0.89000,1.05409,0.35355,22.36629,0.04413,0.03794,0.06033,23.12432,0.04323,1902.00000,1901.00000,1.00000
Rb2GeNbO3I3,1.72424,-1.90276,24.95117,30.00000,0.80583,0.78000,1.04361,0.32500,21.69646,0.04474,0.03825,0.06162,22.92395,0.04324,1904.00000,1955.00000,-51.00000
K2CrMoO3F3,1.97367,-2.60322,0.23314,30.00000,0.85000,0.54000,1.08188,0.44465,18.58659,0.04335,0.03504,0.06424,18.63389,0.04324,1904.00000,1816.00000,88.00000
Rb2GeVS3Cl3,1.42162,-1.48766,37.85467,30.00000,0.78027,0.58000,1.06216,0.29315,23.20269,0.04554,0.04001,0.06499,25.31672,0.04324,1904.00000,2018.00000,-114.00000
Rb2SnZnS3Se3,1.74722,-1.00477,22.59287,30.00000,0.85000,0.03000,0.97783,0.37435,22.54127,0.04323,0.03695,0.05945,22.52350,0.04324,1904.00000,1797.00000,107.00000
Rb2TiWO3Se3,1.74639,-2.05018,22.63071,30.00000,0.82463,0.89000,1.05179,0.35651,21.87732,0.04402,0.03754,0.06080,22.54281,0.04324,1904.00000,1892.00000,12.00000
Rb2SnGeO3Se3,1.65759,-1.37837,29.24804,30.00000,0.82996,0.89000,1.04836,0.36095,23.21244,0.04384,0.03801,0.05931,23.71364,0.04325,1909.00000,1871.00000,38.00000
K2VFeO3F3,1.97218,-2.65257,0.11219,30.00000,0.85000,0.54000,1.08744,0.43727,18.61394,0.04328,0.03500,0.06408,18.63236,0.04326,1910.00000,1804.00000,106.00000
Na2SnFeO3F3,1.97379,-2.28392,0.11722,30.00000,0.85000,0.54000,0.95971,0.49262,18.58434,0.04333,0.03502,0.06420,18.62249,0.04326,1910.00000,1813.00000,97.00000
Rb2TiCrO3Se3,1.68366,-2.10723,27.91365,30.00000,0.82996,0.89000,1.04836,0.36095,22.89317,0.04391,0.03792,0.05974,23.43569,0.04328,1912.00000,1879.00000,33.00000
Na2SnMoSe6,0.97872,-0.91214,0.42121,30.00000,0.85000,0.00000,0.90952,0.32323,18.64406,0.04364,0.03364,0.48722,18.81981,0.04329,1913.00000,1849.00000,64.00000
Na2WBiO3Cl3,1.97319,-1.67271,0.21098,30.00000,0.85000,0.28000,0.92682,0.42368,18.59548,0.04333,0.03503,0.06419,18.55922,0.04330,1914.00000,1814.00000,100.00000
Rb2TaMnO3Cl3,1.68804,-2.20321,28.03833,30.00000,0.85000,0.28000,1.04611,0.40031,23.39261,0.04336,0.03749,0.05886,23.39219,0.04330,1914.00000,1817.00000,97.00000
K2MoFeO3F3,1.97062,-2.39272,0.21916,30.00000,0.85000,0.54000,1.07366,0.45572,18.64312,0.04327,0.03501,0.06401,18.65852,0.04331,1916.00000,1802.00000,114.00000
Rb2FeMnSe3Br3,1.05554,-1.30137,20.45712,30.00000,0.85000,0.41000,0.99779,0.32741,22.25720,0.04345,0.03627,0.54468,22.38033,0.04332,1917.00000,1828.00000,89.00000
Rb2MoInO3I3,1.77580,-1.55106,20.39032,30.00000,0.85000,0.78000,0.99760,0.38611,22.09170,0.04329,0.03676,0.06009,22.02448,0.04332,1917.00000,1805.00000,112.00000
Rb2NbCuO3Cl3,1.61364,-2.11187,32.06715,30.00000,0.85000,0.28000,1.02669,0.42679,24.23739,0.04327,0.03780,0.05790,24.17879,0.04333,1919.00000,1803.00000,116.00000
Rb2ZrCrO3S3,1.58511,-2.08299,33.65861,30.00000,0.85000,0.86000,1.03245,0.41204,24.50355,0.04329,0.03793,0.05785,24.45367,0.04333,1919.00000,1806.00000,113.00000
Rb2SnGaS3Br3,1.74260,-1.24935,23.39752,30.00000,0.85000,0.38000,1.00185,0.34474,22.61514,0.04332,0.03705,0.05948,22.59588,0.04336,1921.00000,1810.00000,111.00000
Rb2VMnO3Br3,1.69897,-2.03851,27.33404,30.00000,0.85000,0.48000,1.05794,0.35268,23.25188,0.04338,0.03744,0.05902,23.24006,0.04336,1921.00000,1819.00000,102.00000
Na2GeGaSe3Cl3,1.89795,-1.23946,8.11563,30.00000,0.79150,0.61000,0.94042,0.30343,18.59795,0.04518,0.03699,0.06602,19.86045,0.04338,1923.00000,1994.00000,-71.00000
Rb2ZrBiO3Br3,1.78433,-2.07324,20.42205,30.00000,0.85000,0.48000,0.99346,0.44048,21.95267,0.04344,0.03682,0.06051,22.01088,0.04339,1924.00000,1827.00000,97.00000
Rb2SnBiO3Br3,1.78801,-1.48236,19.72998,30.00000,0.85000,0.48000,0.99965,0.43155,21.89496,0.04337,0.03673,0.06046,21.85456,0.04340,1925.00000,1818.00000,107.00000
Rb2VCuO3Cl3,1.57185,-2.07173,35.08498,30.00000,0.85000,0.28000,1.04961,0.39564,24.61733,0.04344,0.03810,0.05805,24.61302,0.04342,1926.00000,1826.00000,100.00000
Rb2TiCrO3S3,1.50670,-2.10060,37.13799,30.00000,0.84252,0.86000,1.05907,0.37654,24.80014,0.04361,0.03844,0.05865,24.98542,0.04343,1927.00000,1845.00000,82.00000
Rb2GeVS3Br3,1.13007,-1.39266,29.85915,30.00000,0.78910,0.38000,1.05122,0.28158,22.16263,0.04551,0.03888,0.45341,23.95914,0.04344,1928.00000,2017.00000,-89.00000
K2SnFeO3S3,1.97433,-1.62604,0.12672,30.00000,0.85000,0.86000,1.00772,0.41204,18.57425,0.04334,0.03502,0.06424,18.55417,0.04344,1928.00000,1815.00000,113.00000
Rb2TiCrO3I3,1.76343,-2.06950,22.40128,30.00000,0.82377,0.78000,1.03279,0.33889,21.60024,0.04429,0.03761,0.06159,22.28661,0.04344,1928.00000,1919.00000,9.00000
K2WGaO3Cl3,1.96113,-1.82426,1.81166,30.00000,0.85000,0.28000,1.03592,0.38006,18.81749,0.04340,0.03518,0.06404,18.79915,0.04346,1931.00000,1824.00000,107.00000
Rb2GeSbO3Br3,1.68536,-1.49441,28.86729,30.00000,0.83723,0.48000,1.07090,0.33631,23.07486,0.04387,0.03790,0.05969,23.42308,0.04348,1932.00000,1874.00000,58.00000
Rb2VCuO3F3,1.37556,-2.63385,39.52229,30.00000,0.85000,0.54000,1.09264,0.46863,25.39189,0.04349,0.03843,0.06611,25.38595,0.04348,1932.00000,1829.00000,103.00000
Rb2MnGaO3Cl3,1.55982,-1.90240,36.04818,30.00000,0.85000,0.28000,1.05078,0.39408,24.70880,0.04351,0.03820,0.05819,24.70107,0.04348,1932.00000,1832.00000,100.00000
Rb2FeMnS3Se3,1.08437,-1.08662,25.22856,30.00000,0.85000,0.03000,1.00462,0.33770,23.06855,0.04350,0.03686,0.54662,23.11064,0.04349,1935.00000,1831.00000,104.00000
Li2GeGaSe3Cl3,1.90136,-1.21016,8.63864,30.00000,0.60244,0.61000,0.76007,0.30343,14.11281,0.05415,0.04300,0.08349,19.89487,0.04349,1935.00000,2457.00000,-522.00000
K2SnTaO3Cl3,1.97714,-2.07211,0.71194,30.00000,0.85000,0.28000,1.01082,0.41433,18.52304,0.04355,0.03515,0.06467,18.53735,0.04349,1935.00000,1834.00000,101.00000
Rb2VSbSe6,1.04808,-1.02850,19.19070,30.00000,0.84246,0.00000,1.02600,0.28788,21.83183,0.04372,0.03628,0.54244,22.00968,0.04349,1935.00000,1863.00000,72.00000
Rb2TiInO3Br3,1.72694,-2.12499,26.08724,30.00000,0.85000,0.48000,1.00909,0.41815,22.85486,0.04357,0.03738,0.05965,22.88834,0.04353,1939.00000,1836.00000,103.00000
Rb2ZrCrO3I3,1.78390,-2.05197,21.11460,30.00000,0.85000,0.78000,1.00872,0.37083,21.96002,0.04357,0.03692,0.06071,21.93329,0.04355,1940.00000,1838.00000,102.00000
Rb2MoGaO3I3,1.77314,-1.57492,21.61916,30.00000,0.82034,0.78000,1.03493,0.33611,21.35780,0.04442,0.03762,0.06199,22.07474,0.04355,1940.00000,1932.00000,8.00000
Na2TiCrSe6,0.97914,-1.28155,0.35078,30.00000,0.84829,0.00000,0.92006,0.30808,18.63051,0.04364,0.03366,0.48682,18.68485,0.04356,1942.00000,1848.00000,94.00000
Na2TiMoSe6,0.97554,-1.17652,0.41714,30.00000,0.84290,0.00000,0.92452,0.30177,18.25281,0.04417,0.03379,0.48814,18.62325,0.04356,1942.00000,1905.00000,37.00000
Rb2AgGaI6,1.03039,-1.11445,16.37797,30.00000,0.85000,0.00000,0.92860,0.35682,21.36505,0.04370,0.03579,0.53758,21.43352,0.04356,1942.00000,1859.00000,83.00000
Na2GeCuCl3I3,0.99356,-1.11156,5.47071,30.00000,0.80035,0.50000,0.91105,0.31421,18.39993,0.04519,0.03536,0.50509,19.52731,0.04357,1945.00000,1995.00000,-50.00000
Rb2GeInS3I3,1.75849,-1.01163,23.77005,30.00000,0.85000,0.08000,0.98495,0.32921,22.36981,0.04365,0.03718,0.06033,22.42067,0.04357,1945.00000,1853.00000,92.00000
Na2SnVO3Cl3,1.98562,-1.89736,0.16227,30.00000,0.85000,0.28000,0.95396,0.38318,18.36949,0.04364,0.03514,0.06503,18.42752,0.04357,1945.00000,1851.00000,94.00000
Rb2WGaO3I3,1.80118,-1.60623,19.37861,30.00000,0.82377,0.78000,1.03279,0.33889,21.00366,0.04439,0.03735,0.06247,21.61837,0.04358,1948.00000,1927.00000,21.00000
Rb2SbAgO3S3,1.66609,-1.52369,31.01177,30.00000,0.85000,0.86000,0.98611,0.47840,23.67322,0.04364,0.03783,0.05905,23.66108,0.04360,1949.00000,1850.00000,99.00000
K2SnBiO3Cl3,1.98196,-1.69859,0.20798,30.00000,0.85000,0.28000,0.98479,0.45171,18.43638,0.04356,0.03511,0.06479,18.39333,0.04360,1949.00000,1835.00000,114.00000
K2GeCrO3Cl3,1.89879,-1.72399,9.52446,30.00000,0.85000,0.28000,1.05376,0.35670,19.95714,0.04360,0.03590,0.06306,19.95765,0.04360,1949.00000,1844.00000,105.00000
Rb2GeInO3I3,1.73690,-1.39086,25.21866,30.00000,0.85000,0.78000,1.00974,0.36944,22.70190,0.04357,0.03729,0.05980,22.65039,0.04360,1949.00000,1839.00000,110.00000
Rb2NbMnO3Br3,1.74112,-2.10042,25.47324,30.00000,0.85000,0.48000,1.03516,0.38244,22.63581,0.04368,0.03735,0.06006,22.66782,0.04362,1953.00000,1856.00000,97.00000
Rb2FeMnO3Cl3,1.58882,-1.78594,35.31713,30.00000,0.85000,0.28000,1.04495,0.40187,24.47012,0.04361,0.03819,0.05835,24.47128,0.04362,1953.00000,1846.00000,107.00000
Rb2GeGaO3Br3,1.63562,-1.61256,32.63714,30.00000,0.84570,0.48000,1.06615,0.34226,23.88830,0.04373,0.03805,0.05881,23.99454,0.04362,1953.00000,1864.00000,89.00000
Rb2ZrCrO3Cl3,1.63553,-2.20878,32.91781,30.00000,0.85000,0.28000,1.03460,0.41589,24.01153,0.04365,0.03799,0.05867,23.97159,0.04365,1956.00000,1852.00000,104.00000
Rb2SnGaS3I3,1.80263,-1.08644,19.75804,30.00000,0.85000,0.08000,0.98863,0.32426,21.65867,0.04366,0.03682,0.06121,21.63531,0.04365,1956.00000,1855.00000,101.00000
Li2GeWS6,1.92233,-1.06405,7.46329,30.00000,0.67521,0.00000,0.76444,0.30707,15.51046,0.05048,0.04034,0.07681,19.55113,0.04368,1958.00000,2251.00000,-293.00000
Rb2SbCuO3F3,1.15508,-2.26366,33.52592,30.00000,0.85000,0.54000,1.07641,0.49077,24.29412,0.04370,0.03786,0.32799,24.35874,0.04369,1959.00000,1860.00000,99.00000
Rb2FeMnO6,1.36872,-1.85299,40.77274,30.00000,0.85000,0.00000,1.07881,0.46071,25.40196,0.04371,0.03860,0.06767,25.36717,0.04369,1959.00000,1861.00000,98.00000
Na2GeVO3Cl3,1.89021,-1.85277,10.53648,30.00000,0.85000,0.28000,0.98962,0.33333,20.11507,0.04361,0.03599,0.06292,20.02193,0.04371,1961.00000,1847.00000,114.00000
Rb2GeZnI6,1.03752,-1.14393,18.04602,30.00000,0.84410,0.00000,0.97773,0.28864,21.49087,0.04388,0.03613,0.54149,21.66002,0.04371,1961.00000,1875.00000,86.00000
Na2ZrCrO3F3,1.98822,-2.80222,0.08437,30.00000,0.85000,0.54000,0.95971,0.49262,18.31990,0.04369,0.03515,0.06519,18.29869,0.04372,1963.00000,1857.00000,106.00000
Rb2MnInO6,1.56513,-2.03931,37.09423,30.00000,0.85000,0.00000,1.03942,0.51607,24.67441,0.04374,0.03837,0.05855,24.64508,0.04372,1963.00000,1866.00000,97.00000
Rb2GeZnO3Se3,1.66079,-1.35584,31.81595,30.00000,0.84625,0.89000,1.03709,0.37574,23.63971,0.04384,0.03801,0.05931,23.66725,0.04374,1965.00000,1870.00000,95.00000
K2GeGaS3Br3,1.92482,-1.23490,7.60193,30.00000,0.82547,0.38000,1.01138,0.30263,18.92021,0.04459,0.03632,0.06538,19.48311,0.04376,1966.00000,1945.00000,21.00000
K2SnFeS3I3,0.97264,-0.95558,0.42993,30.00000,0.85000,0.08000,0.96298,0.33045,18.19044,0.04425,0.03368,0.48864,18.40879,0.04377,1967.00000,1914.00000,53.00000
Rb2SbCuO3Cl3,1.11502,-1.81970,30.28378,30.00000,0.85000,0.28000,1.03574,0.41433,23.68957,0.04380,0.03749,0.52691,23.65264,0.04383,1968.00000,1867.00000,101.00000
Li2GeGaS3Br3,1.91708,-1.14456,8.58132,30.00000,0.62426,0.38000,0.75996,0.30263,14.41253,0.05334,0.04230,0.08235,19.59834,0.04384,1969.00000,2397.00000,-428.00000
Na2GeCrO3F3,1.88313,-2.35660,12.31768,30.00000,0.85000,0.54000,1.00701,0.42251,20.24754,0.04383,0.03622,0.06317,20.21051,0.04387,1970.00000,1869.00000,101.00000
Rb2MnInO3S3,1.65051,-1.86313,33.41833,30.00000,0.85000,0.86000,1.00821,0.44599,23.86696,0.04390,0.03811,0.05927,23.80891,0.04387,1970.00000,1878.00000,92.00000
Rb2VTaO3Se3,1.78440,-2.16580,23.06230,30.00000,0.81530,0.89000,1.05756,0.34911,21.05259,0.04510,0.03804,0.06335,21.97986,0.04390,1972.00000,1984.00000,-12.00000
Rb2GeNbO3Br3,1.69272,-2.00281,30.17821,30.00000,0.85000,0.48000,1.06144,0.34821,23.33101,0.04382,0.03783,0.05966,23.31388,0.04391,1973.00000,1868.00000,105.00000
Rb2CuZnBr3I3,1.02521,-1.25245,17.03747,30.00000,0.85000,0.30000,0.95453,0.35337,21.15854,0.04409,0.03591,0.54214,21.34337,0.04392,1974.00000,1898.00000,76.00000
Rb2FeMnCl3I3,1.04347,-1.41789,20.37530,30.00000,0.83662,0.50000,0.99395,0.32170,21.51897,0.04432,0.03661,0.54911,21.85251,0.04392,1974.00000,1922.00000,52.00000
K2SnWO3S3,1.99699,-1.74102,0.19469,30.00000,0.85000,0.86000,1.01773,0.39815,18.15829,0.04395,0.03525,0.06589,18.14266,0.04392,1974.00000,1883.00000,91.00000
Rb2GeMoO3Se3,1.69358,-1.52225,30.35885,30.00000,0.79054,0.89000,1.07166,0.33136,21.66321,0.04586,0.03935,0.06312,23.29689,0.04392,1974.00000,2049.00000,-75.00000
K2SnCrO3Cl3,1.99471,-1.83801,0.12181,30.00000,0.85000,0.28000,1.01642,0.40654,18.20153,0.04387,0.03521,0.06569,18.18188,0.04393,1978.00000,1873.00000,105.00000
Rb2GeBiO3Br3,1.75346,-1.51100,25.48721,30.00000,0.85000,0.48000,1.03405,0.38393,22.44379,0.04389,0.03740,0.06063,22.38023,0.04394,1979.00000,1877.00000,102.00000
K2WInO3Cl3,1.98522,-1.82590,1.61845,30.00000,0.85000,0.28000,0.99547,0.43614,18.37642,0.04397,0.03537,0.06564,18.42087,0.04394,1979.00000,1884.00000,95.00000
Rb2ZrSbO3I3,1.82267,-1.87317,19.36560,30.00000,0.85000,0.78000,1.01180,0.36667,21.31742,0.04398,0.03688,0.06213,21.29488,0.04396,1981.00000,1887.00000,94.00000
Rb2SnVO3Br3,1.76539,-1.92584,24.61505,30.00000,0.85000,0.48000,1.04757,0.36607,22.26481,0.04393,0.03734,0.06092,22.21923,0.04396,1981.00000,1881.00000,100.00000
Rb2GeCuO3S3,1.45754,-1.63124,41.65793,30.00000,0.85000,0.86000,1.04966,0.38889,25.22715,0.04395,0.03880,0.06042,25.20527,0.04398,1983.00000,1882.00000,101.00000
Rb2SnWO3Se3,1.81319,-1.49457,20.55956,30.00000,0.85000,0.89000,1.03265,0.38166,21.47920,0.04403,0.03700,0.06202,21.46116,0.04399,1984.00000,1893.00000,91.00000
Rb2TiGaO3I3,1.78719,-2.07638,22.98432,30.00000,0.82546,0.78000,1.03172,0.34028,21.27003,0.04479,0.03780,0.06286,21.91464,0.04400,1985.00000,1964.00000,21.00000
Rb2NbZnO3Br3,1.76338,-1.89911,25.04228,30.00000,0.85000,0.48000,1.01441,0.41071,22.29537,0.04398,0.03740,0.06097,22.28415,0.04402,1986.00000,1886.00000,100.00000
K2VTaO6,1.99179,-2.91617,0.89922,30.00000,0.85000,0.00000,1.08020,0.42143,18.25458,0.04398,0.03531,0.06582,18.21773,0.04402,1986.00000,1885.00000,101.00000
Na2SnInO3F3,1.97866,-2.29906,2.17499,30.00000,0.85000,0.54000,0.92429,0.54982,18.49483,0.04393,0.03540,0.06539,18.42476,0.04403,1988.00000,1880.00000,108.00000
Rb2ZrFeO3Cl3,1.67894,-2.16575,32.64158,30.00000,0.85000,0.28000,1.02782,0.42523,23.51123,0.04409,0.03813,0.05991,23.57592,0.04404,1989.00000,1899.00000,90.00000
Rb2SnNbO3Br3,1.78639,-2.04153,23.10153,30.00000,0.85000,0.48000,1.02523,0.39583,21.91936,0.04400,0.03723,0.06148,21.89418,0.04407,1990.00000,1889.00000,101.00000
Rb2CrMnO3Br3,1.74656,-1.77405,27.25025,30.00000,0.85000,0.48000,1.04076,0.37500,22.55204,0.04411,0.03764,0.06086,22.55808,0.04407,1990.00000,1900.00000,90.00000
Rb2MoBiSe3I3,1.01454,-0.98723,14.54289,30.00000,0.85000,0.11000,0.97435,0.32297,20.66794,0.04414,0.03559,0.53585,20.68608,0.04412,1992.00000,1904.00000,88.00000
Rb2SnGeBr6,1.04393,-1.43184,22.38265,30.00000,0.85000,0.00000,1.01251,0.31122,21.88978,0.04426,0.03661,0.55704,22.01203,0.04412,1992.00000,1915.00000,77.00000
Rb2TiBiO3Br3,1.80719,-2.03081,21.63802,30.00000,0.85000,0.48000,1.01764,0.40625,21.57970,0.04413,0.03713,0.06206,21.59292,0.04413,1994.00000,1902.00000,92.00000
Li2GeGaS3I3,1.94138,-0.90170,7.07378,30.00000,0.62669,0.08000,0.75752,0.28465,14.14106,0.05355,0.04217,0.08351,19.13316,0.04415,1995.00000,2411.00000,-416.00000
Rb2SbCuO3Br3,1.05435,-1.42509,24.02403,30.00000,0.85000,0.48000,1.02523,0.39583,22.22808,0.04419,0.03680,0.55988,22.24090,0.04416,1996.00000,1909.00000,87.00000
Rb2MoGaS3Cl3,1.71411,-1.38037,30.21013,30.00000,0.83619,0.58000,1.03156,0.33151,22.66265,0.04459,0.03825,0.06116,22.98068,0.04416,1996.00000,1944.00000,52.00000
K2ZrCrO6,2.00682,-2.66545,0.09933,30.00000,0.85000,0.00000,1.03971,0.47679,17.98043,0.04419,0.03533,0.06659,17.99032,0.04417,1998.00000,1910.00000,88.00000
Rb2WGaO3Br3,1.79994,-1.75716,22.85644,30.00000,0.85000,0.48000,1.04985,0.36310,21.70387,0.04422,0.03727,0.06208,21.71391,0.04421,1999.00000,1912.00000,87.00000
Rb2ZrGaO3Br3,1.76199,-2.14892,26.21910,30.00000,0.85000,0.48000,1.02305,0.39881,22.31519,0.04418,0.03756,0.06128,22.27526,0.04422,2000.00000,1908.00000,92.00000
Rb2ZrWO3S3,1.76650,-2.06076,26.22109,30.00000,0.85000,0.86000,1.03585,0.40741,22.24641,0.04427,0.03759,0.06148,22.24495,0.04423,2001.00000,1917.00000,84.00000
Na2NbMnO3F3,2.01061,-2.81778,0.14797,30.00000,0.85000,0.54000,0.97172,0.47417,17.91097,0.04430,0.03537,0.06689,17.92794,0.04424,2002.00000,1920.00000,82.00000
K2TiCrO6,2.01251,-2.65510,0.05878,30.00000,0.85000,0.00000,1.06946,0.43571,17.87566,0.04433,0.03538,0.06700,17.91670,0.04425,2003.00000,1923.00000,80.00000
Rb2SbZnO3Cl3,1.72039,-1.86430,30.16287,30.00000,0.85000,0.28000,1.03346,0.41745,22.95379,0.04424,0.03795,0.06061,22.89206,0.04427,2004.00000,1913.00000,91.00000
Li2GeCuBr6,0.98031,-1.19809,5.42333,30.00000,0.65455,0.00000,0.74260,0.32143,14.29356,0.05298,0.03930,0.51037,18.98149,0.04431,2005.00000,2371.00000,-366.00000
Rb2TaCuO3Cl3,1.75521,-2.15654,27.62595,30.00000,0.85000,0.28000,1.02669,0.42679,22.41310,0.04434,0.03773,0.06139,22.44388,0.04431,2005.00000,1924.00000,81.00000
Rb2CrMnO3S3,1.64015,-1.73792,36.51043,30.00000,0.85000,0.86000,1.04966,0.38889,23.96980,0.04434,0.03853,0.05984,23.94728,0.04436,2007.00000,1925.00000,82.00000
K2GeVO3Cl3,1.93299,-1.90016,9.60480,30.00000,0.85000,0.28000,1.07223,0.33333,19.33586,0.04446,0.03617,0.06525,19.39392,0.04436,2007.00000,1935.00000,72.00000
Rb2ZrSbO3Br3,1.80514,-2.05169,23.05083,30.00000,0.85000,0.48000,1.02742,0.39286,21.61579,0.04437,0.03733,0.06243,21.62158,0.04436,2007.00000,1926.00000,81.00000
Rb2ZrCrO3Br3,1.78158,-2.13907,25.63674,30.00000,0.85000,0.48000,1.02414,0.39732,21.99796,0.04442,0.03759,0.06205,22.04402,0.04437,2010.00000,1931.00000,79.00000
Na2SnGaO3Cl3,1.99308,-1.74666,2.20376,30.00000,0.85000,0.28000,0.93707,0.40810,18.23185,0.04432,0.03554,0.06647,18.18584,0.04438,2011.00000,1921.00000,90.00000
Na2GeVO3F3,1.90500,-2.41294,12.43261,30.00000,0.85000,0.54000,1.02699,0.39483,19.84291,0.04439,0.03641,0.06453,19.86804,0.04438,2011.00000,1928.00000,83.00000
Rb2VNbO3Se3,1.77743,-2.19609,25.96017,30.00000,0.81530,0.89000,1.05756,0.34911,21.16290,0.04556,0.03845,0.06396,22.10121,0.04440,2013.00000,2021.00000,-8.00000
K2NbSbO3S3,2.01360,-1.76047,0.25413,30.00000,0.85000,0.86000,1.02909,0.38272,17.85671,0.04441,0.03542,0.06717,17.84266,0.04441,2014.00000,1930.00000,84.00000
K2GeBiO3Cl3,1.96021,-1.68881,6.74759,30.00000,0.85000,0.28000,1.01981,0.40187,18.83474,0.04451,0.03596,0.06600,18.88644,0.04444,2015.00000,1939.00000,76.00000
Rb2GeGaS3I3,1.78855,-1.00971,25.15304,30.00000,0.83120,0.08000,1.01911,0.28465,21.40116,0.04506,0.03800,0.06333,21.87027,0.04446,2016.00000,1977.00000,39.00000
Rb2TiCrO3Cl3,1.65192,-2.25150,36.23847,30.00000,0.85000,0.28000,1.06146,0.38006,23.84950,0.04443,0.03853,0.06012,23.79199,0.04447,2017.00000,1933.00000,84.00000
Rb2MoFeO3Cl3,1.70694,-1.75768,32.41266,30.00000,0.85000,0.28000,1.05788,0.38474,23.14326,0.04445,0.03822,0.06078,23.12264,0.04447,2017.00000,1934.00000,83.00000
Rb2GeFeO3Cl3,1.56111,-1.77405,41.40502,30.00000,0.85000,0.28000,1.07235,0.36604,24.69719,0.04447,0.03898,0.05967,24.64864,0.04448,2019.00000,1936.00000,83.00000
Na2GeNbO3F3,1.92474,-2.49862,10.84276,30.00000,0.85000,0.54000,1.00052,0.43173,19.48467,0.04452,0.03630,0.06520,19.47970,0.04448,2019.00000,1941.00000,78.00000
K2GeCuCl3I3,0.98315,-1.23704,5.23035,30.00000,0.82637,0.50000,0.97814,0.31421,18.39920,0.04512,0.03481,0.50658,18.72179,0.04449,2021.00000,1987.00000,34.00000
Rb2NbFeO3Cl3,1.70669,-2.17966,32.57291,30.00000,0.85000,0.28000,1.04611,0.40031,23.14660,0.04447,0.03824,0.06083,23.10399,0.04449,2021.00000,1938.00000,83.00000
K2GeGaSe3Cl3,1.95425,-1.31435,7.66545,30.00000,0.80342,0.61000,1.01199,0.30343,17.90421,0.04613,0.03710,0.06898,18.97494,0.04451,2023.00000,2066.00000,-43.00000
Rb2GeWO3Se3,1.77509,-1.47948,26.59653,30.00000,0.79490,0.89000,1.06928,0.33432,20.66360,0.04636,0.03906,0.06531,22.09129,0.04452,2024.00000,2075.00000,-51.00000
Rb2MnGaO3S3,1.65375,-1.85489,36.89258,30.00000,0.85000,0.86000,1.04850,0.39043,23.82846,0.04457,0.03863,0.06037,23.82244,0.04456,2025.00000,1942.00000,83.00000
K2CrMoO6,2.01606,-2.11521,0.23673,30.00000,0.85000,0.00000,1.07346,0.43036,17.81281,0.04447,0.03544,0.06735,17.74783,0.04456,2025.00000,1937.00000,88.00000
Rb2WInO3Br3,1.83237,-1.69386,21.46776,30.00000,0.85000,0.48000,1.01015,0.41667,21.15284,0.04462,0.03727,0.06338,21.15551,0.04457,2027.00000,1949.00000,78.00000
Rb2SnWS6,1.81366,-1.11323,23.27470,30.00000,0.85000,0.00000,1.01300,0.35054,21.47097,0.04459,0.03741,0.06297,21.43716,0.04461,2028.00000,1943.00000,85.00000
Rb2MoMnO3Se3,1.78949,-1.56089,25.66072,30.00000,0.83508,0.89000,1.04496,0.36538,21.48646,0.04505,0.03799,0.06331,21.82975,0.04462,2029.00000,1976.00000,53.00000
Rb2WGaS3Cl3,1.78753,-1.38774,25.95721,30.00000,0.83959,0.58000,1.02944,0.33425,21.63480,0.04492,0.03791,0.06305,21.91266,0.04462,2029.00000,1970.00000,59.00000
K2GeWO3S3,1.96216,-1.61052,7.21516,30.00000,0.81897,0.86000,1.05500,0.34877,18.11258,0.04569,0.03674,0.06830,18.76646,0.04462,2029.00000,2033.00000,-4.00000
K2MoWO6,2.02019,-2.13708,0.27396,30.00000,0.85000,0.00000,1.07750,0.42500,17.73592,0.04459,0.03548,0.06769,17.70980,0.04464,2032.00000,1946.00000,86.00000
Rb2SnFeSe3Cl3,1.03698,-1.25084,22.56357,30.00000,0.85000,0.61000,0.99754,0.35224,21.62753,0.04462,0.03666,0.56021,21.59732,0.04465,2033.00000,1948.00000,85.00000
K2MnInO3F3,2.00934,-2.43341,2.29250,30.00000,0.85000,0.54000,1.01939,0.53321,17.93434,0.04478,0.03571,0.06773,17.97031,0.04471,2034.00000,1963.00000,71.00000
Rb2NbCuO3F3,1.68473,-2.61973,35.72926,30.00000,0.85000,0.54000,1.06586,0.50554,23.43631,0.04473,0.03860,0.06099,23.41770,0.04471,2034.00000,1954.00000,80.00000
Na2VFeO3F3,2.02692,-2.62106,0.09654,30.00000,0.85000,0.54000,0.99667,0.43727,17.61283,0.04474,0.03553,0.06814,17.56873,0.04471,2034.00000,1956.00000,78.00000
Rb2TiSbO3I3,1.84683,-1.86320,20.43702,30.00000,0.81860,0.78000,1.03601,0.33472,20.12603,0.04577,0.03795,0.06575,20.88882,0.04472,2037.00000,2040.00000,-3.00000
Rb2GeMnO3S3,1.56480,-1.67677,42.45351,30.00000,0.82561,0.86000,1.06987,0.36265,23.95012,0.04549,0.03977,0.06130,24.63461,0.04472,2037.00000,2012.00000,25.00000
K2SnCuF3I3,0.96911,-1.94093,0.45320,30.00000,0.82723,1.32000,0.97389,0.40456,17.43732,0.04538,0.03414,0.48976,17.79113,0.04474,2039.00000,2004.00000,35.00000
Rb2GeFeS3Se3,1.07455,-0.96150,29.87860,30.00000,0.85000,0.03000,1.02775,0.30759,22.81748,0.04465,0.03758,0.57227,22.78114,0.04475,2040.00000,1952.00000,88.00000
Li2GeVO3Cl3,1.93157,-1.90785,11.69794,30.00000,0.70448,0.28000,0.78145,0.33333,16.04467,0.05051,0.04031,0.07684,19.47465,0.04476,2041.00000,2254.00000,-213.00000
K2MoAgO3F3,1.99454,-2.32119,3.89322,30.00000,0.85000,0.54000,0.99660,0.56827,18.20485,0.04476,0.03582,0.06731,18.16077,0.04478,2042.00000,1958.00000,84.00000
Rb2MnSbS3Se3,1.03039,-0.96996,22.86718,30.00000,0.85000,0.03000,1.01354,0.32592,21.36505,0.04500,0.03675,0.56419,21.53008,0.04484,2043.00000,1974.00000,69.00000
Rb2TiCrO3Br3,1.78900,-2.14049,27.59931,30.00000,0.85000,0.48000,1.04985,0.36310,21.87773,0.04494,0.03793,0.06307,21.89085,0.04489,2044.00000,1971.00000,73.00000
K2ZrMoO6,2.03071,-2.76580,0.25175,30.00000,0.85000,0.00000,1.04604,0.46786,17.54312,0.04488,0.03559,0.06850,17.49829,0.04489,2044.00000,1969.00000,75.00000
K2ZrBiO3Cl3,2.02720,-2.21794,0.18657,30.00000,0.85000,0.28000,0.97849,0.46106,17.60772,0.04477,0.03554,0.06820,17.53686,0.04491,2046.00000,1960.00000,86.00000
Rb2MnGaO6,1.61912,-2.03786,41.41939,30.00000,0.85000,0.00000,1.08545,0.45179,24.18474,0.04500,0.03917,0.06063,24.19074,0.04496,2047.00000,1973.00000,74.00000
Rb2FeSbSe3Cl3,1.03082,-1.27808,22.49286,30.00000,0.83255,0.61000,1.01537,0.32850,20.92917,0.04549,0.03708,0.56280,21.32656,0.04499,2048.00000,2013.00000,35.00000
Rb2VFeO3Cl3,1.70508,-2.06736,35.69364,30.00000,0.85000,0.28000,1.06991,0.36916,23.16947,0.04504,0.03870,0.06170,23.17658,0.04501,2049.00000,1975.00000,74.00000
Na2GeFeO3S3,1.94662,-1.56791,10.65586,30.00000,0.83820,0.86000,0.96416,0.36265,18.81839,0.04544,0.03671,0.06735,19.06687,0.04502,2050.00000,2005.00000,45.00000
Rb2GeZnS3Se3,1.77649,-0.98869,29.43612,30.00000,0.85000,0.03000,1.00856,0.33246,22.08070,0.04507,0.03813,0.06302,22.10431,0.04502,2050.00000,1980.00000,70.00000
Rb2SbCuSe3Cl3,1.02612,-1.17919,22.25552,30.00000,0.85000,0.61000,0.99851,0.35092,21.20018,0.04511,0.03667,0.56340,21.18448,0.04505,2052.00000,1985.00000,67.00000
K2VSbO6,2.03718,-2.34824,0.25114,30.00000,0.85000,0.00000,1.09117,0.40714,17.42598,0.04507,0.03565,0.06905,17.41261,0.04506,2053.00000,1978.00000,75.00000
Rb2SnNbO3I3,1.87200,-1.97218,19.40128,30.00000,0.85000,0.78000,1.00974,0.36944,20.44639,0.04507,0.03723,0.06505,20.39361,0.04507,2054.00000,1981.00000,73.00000
Rb2GeMnI6,1.00795,-1.14315,18.22350,30.00000,0.81561,0.00000,0.99439,0.26705,19.51022,0.04651,0.03693,0.55384,20.49321,0.04508,2055.00000,2092.00000,-37.00000
Rb2TiFeO3Cl3,1.70785,-2.18273,35.90453,30.00000,0.85000,0.28000,1.05432,0.38941,23.13008,0.04511,0.03874,0.06186,23.09084,0.04511,2056.00000,1986.00000,70.00000
Na2SnCrO3S3,2.04300,-1.72891,0.12868,30.00000,0.85000,0.86000,0.93659,0.40278,17.31975,0.04520,0.03570,0.06947,17.35270,0.04512,2057.00000,1996.00000,61.00000
Rb2TiBiO3I3,1.88359,-1.85372,18.37411,30.00000,0.85000,0.78000,1.00262,0.37917,20.23982,0.04514,0.03716,0.06542,20.24911,0.04514,2058.00000,1990.00000,68.00000
Rb2TaFeO3Cl3,1.79674,-2.16670,27.99164,30.00000,0.85000,0.28000,1.04611,0.40031,21.75637,0.04517,0.03803,0.06361,21.76000,0.04515,2059.00000,1993.00000,66.00000
Rb2TiSbO3Br3,1.82798,-1.99682,24.61702,30.00000,0.85000,0.48000,1.05330,0.35863,21.22515,0.04516,0.03771,0.06422,21.22566,0.04518,2060.00000,1991.00000,69.00000
Na2TiCrO3F3,2.03920,-2.82694,0.03748,30.00000,0.85000,0.54000,0.98779,0.45018,17.38933,0.04507,0.03564,0.06911,17.32449,0.04518,2060.00000,1979.00000,81.00000
K2SnSbO3F3,2.03969,-2.35184,0.23919,30.00000,0.85000,0.54000,1.05889,0.47601,17.38037,0.04513,0.03568,0.06924,17.33259,0.04521,2062.00000,1989.00000,73.00000
Na2SnMoO3S3,2.03898,-1.73396,0.26156,30.00000,0.85000,0.86000,0.94177,0.39506,17.39271,0.04512,0.03568,0.06919,17.31283,0.04522,2063.00000,1988.00000,75.00000
K2VSbSe6,0.95940,-1.01849,0.40847,30.00000,0.84477,0.00000,1.00381,0.28788,17.06281,0.04593,0.03384,0.49164,17.48889,0.04523,2064.00000,2057.00000,7.00000
Li2GeMoO3S3,1.95471,-1.61044,10.59082,30.00000,0.64451,0.86000,0.77198,0.34568,14.36142,0.05406,0.04239,0.08469,18.88369,0.04526,2065.00000,2450.00000,-385.00000
Rb2GeFeSe3Cl3,1.05801,-1.29719,29.39833,30.00000,0.80894,0.61000,1.02968,0.31003,21.21614,0.04654,0.03856,0.58109,22.22005,0.04526,2065.00000,2094.00000,-29.00000
Rb2SnCuCl3I3,1.00933,-1.31237,18.69217,30.00000,0.85000,0.50000,0.97016,0.35411,20.42850,0.04532,0.03622,0.55508,20.49509,0.04526,2065.00000,2001.00000,64.00000
Na2SnNbO3Cl3,2.04250,-2.02465,0.19068,30.00000,0.85000,0.28000,0.93294,0.41433,17.32901,0.04520,0.03570,0.06946,17.28694,0.04528,2068.00000,1997.00000,71.00000
K2MoBiO3F3,2.04026,-2.27251,0.29623,30.00000,0.85000,0.54000,1.04324,0.49815,17.37000,0.04516,0.03570,0.06932,17.25684,0.04529,2069.00000,1992.00000,77.00000
Na2MnGaO3F3,2.02101,-2.41694,2.98373,30.00000,0.85000,0.54000,0.97661,0.46679,17.72110,0.04528,0.03594,0.06897,17.71478,0.04530,2070.00000,1999.00000,71.00000
Rb2SnSbO3Cl3,1.80904,-1.78753,27.38124,30.00000,0.85000,0.28000,1.04495,0.40187,21.54901,0.04531,0.03801,0.06410,21.54097,0.04530,2070.00000,2000.00000,70.00000
Na2GeMoO3S3,1.96256,-1.58862,9.64119,30.00000,0.82452,0.86000,0.97633,0.34568,18.22923,0.04609,0.03702,0.06899,18.71100,0.04532,2072.00000,2064.00000,8.00000
Rb2GeMnBr3I3,1.01856,-1.31016,20.74170,30.00000,0.80730,0.30000,1.00731,0.28245,19.79839,0.04669,0.03747,0.56104,20.73336,0.04534,2073.00000,2100.00000,-27.00000
Na2VTaO6,2.04400,-2.85585,0.95625,30.00000,0.85000,0.00000,0.99137,0.42143,17.30164,0.04544,0.03585,0.06994,17.28694,0.04539,2074.00000,2006.00000,68.00000
Rb2TiGaO3Br3,1.81048,-2.13628,28.16511,30.00000,0.85000,0.48000,1.04871,0.36458,21.52599,0.04550,0.03814,0.06443,21.53426,0.04544,2075.00000,2014.00000,61.00000
Rb2GeCuF3I3,1.02965,-1.93510,25.58939,30.00000,0.79012,1.32000,1.03027,0.35897,19.78739,0.04776,0.03860,0.57684,21.40123,0.04546,2076.00000,2148.00000,-72.00000
K2NbSbO6,2.05336,-2.57505,0.27165,30.00000,0.85000,0.00000,1.06416,0.44286,17.13193,0.04554,0.03584,0.07043,17.15426,0.04547,2077.00000,2019.00000,58.00000
Rb2VMnO3Cl3,1.73135,-2.12603,35.77061,30.00000,0.85000,0.28000,1.06991,0.36916,22.78457,0.04547,0.03883,0.06283,22.80533,0.04548,2078.00000,2009.00000,69.00000
Li2GeWO3S3,1.98624,-1.64385,8.31786,30.00000,0.64475,0.86000,0.77021,0.34877,13.92987,0.05449,0.04230,0.08666,18.36346,0.04554,2079.00000,2476.00000,-397.00000
Na2SnCrO3F3,2.05690,-2.38016,0.13039,30.00000,0.85000,0.54000,0.96688,0.48155,17.06788,0.04561,0.03585,0.07067,17.07349,0.04556,2080.00000,2025.00000,55.00000
Rb2GeMoS6,1.73549,-1.08928,35.46176,30.00000,0.85000,0.00000,1.04888,0.30435,22.72564,0.04549,0.03880,0.06292,22.65586,0.04557,2081.00000,2011.00000,70.00000
Rb2TaZnO3Cl3,1.81868,-2.19631,27.52622,30.00000,0.85000,0.28000,1.02446,0.42991,21.38501,0.04555,0.03809,0.06468,21.34208,0.04559,2082.00000,2020.00000,62.00000
Rb2MnSbO3F3,1.75698,-2.37039,34.14941,30.00000,0.85000,0.54000,1.09955,0.45941,22.38714,0.04562,0.03872,0.06352,22.41919,0.04560,2083.00000,2028.00000,55.00000
Na2SnVO3F3,2.05605,-2.46192,0.18872,30.00000,0.85000,0.54000,0.98528,0.45387,17.08270,0.04560,0.03585,0.07063,17.07258,0.04561,2084.00000,2024.00000,60.00000
Rb2WBiO3Cl3,1.87515,-1.82574,21.61666,30.00000,0.85000,0.28000,1.02894,0.42368,20.38913,0.04562,0.03759,0.06607,20.33873,0.04561,2084.00000,2026.00000,58.00000
K2SnGaO3F3,2.03687,-2.39264,2.32730,30.00000,0.85000,0.54000,1.05362,0.48339,17.43177,0.04557,0.03600,0.06998,17.40100,0.04562,2086.00000,2023.00000,63.00000
Na2SnCrO6,2.05772,-2.11319,0.13113,30.00000,0.85000,0.00000,0.96118,0.46607,17.05279,0.04564,0.03586,0.07075,17.06183,0.04562,2086.00000,2029.00000,57.00000
K2SnFeO3F3,2.06050,-2.26732,0.12805,30.00000,0.85000,0.54000,1.04711,0.49262,17.00134,0.04572,0.03589,0.07098,17.02908,0.04566,2088.00000,2035.00000,53.00000
Na2SnWO6,2.05482,-2.08941,0.20047,30.00000,0.85000,0.00000,0.96471,0.46071,17.10534,0.04557,0.03584,0.07052,17.06704,0.04567,2089.00000,2022.00000,67.00000
Rb2SbCuS3I3,1.00464,-0.92562,18.88162,30.00000,0.85000,0.08000,0.98495,0.32921,20.18914,0.04567,0.03628,0.55731,20.19333,0.04569,2090.00000,2032.00000,58.00000
Rb2ZrMoO3S3,1.79583,-2.06188,30.83228,30.00000,0.85000,0.86000,1.03813,0.40432,21.76936,0.04572,0.03845,0.06450,21.76988,0.04569,2090.00000,2034.00000,56.00000
Na2ZrInO3Cl3,2.04632,-2.19770,2.01461,30.00000,0.85000,0.28000,0.89547,0.47352,17.26064,0.04577,0.03606,0.07063,17.24908,0.04572,2092.00000,2042.00000,50.00000
Na2WGaO3Cl3,2.04671,-1.72352,1.92340,30.00000,0.85000,0.28000,0.95611,0.38006,17.25384,0.04576,0.03605,0.07062,17.23803,0.04573,2093.00000,2039.00000,54.00000
Rb2GeWS6,1.80232,-1.09038,30.41434,30.00000,0.85000,0.00000,1.04669,0.30707,21.66173,0.04578,0.03843,0.06473,21.65335,0.04574,2094.00000,2043.00000,51.00000
Rb2SnZnO3S3,1.79231,-1.70634,30.93130,30.00000,0.85000,0.86000,1.01145,0.44136,21.82161,0.04566,0.03845,0.06434,21.77628,0.04575,2095.00000,2031.00000,64.00000
Na2GeWO3S3,1.99735,-1.54382,7.71846,30.00000,0.82721,0.86000,0.97409,0.34877,17.66758,0.04652,0.03699,0.07073,18.10010,0.04575,2095.00000,2093.00000,2.00000
Na2FeMnSe3I3,0.95806,-0.99622,0.47814,30.00000,0.82511,0.11000,0.89972,0.30861,16.56056,0.04679,0.03424,0.49225,17.15244,0.04576,2097.00000,2105.00000,-8.00000
K2TiFeO3F3,2.06146,-2.68825,0.04623,30.00000,0.85000,0.54000,1.06959,0.46125,16.98425,0.04573,0.03589,0.07103,16.94269,0.04578,2098.00000,2036.00000,62.00000
Rb2WAgO3Cl3,1.83463,-1.73799,27.36670,30.00000,0.85000,0.28000,0.98787,0.48287,21.11439,0.04587,0.03818,0.06556,21.11907,0.04579,2099.00000,2050.00000,49.00000
Na2VMnO3F3,2.06237,-2.67891,0.10006,30.00000,0.85000,0.54000,0.99667,0.43727,16.96772,0.04577,0.03591,0.07114,16.92527,0.04580,2100.00000,2041.00000,59.00000
Rb2NbTaO3S3,1.83671,-2.13440,26.79114,30.00000,0.85000,0.86000,1.04502,0.39506,21.07856,0.04580,0.03811,0.06548,21.05115,0.04580,2100.00000,2045.00000,55.00000
Na2CrMnO3F3,2.06345,-2.52681,0.02767,30.00000,0.85000,0.54000,0.97784,0.46494,16.94858,0.04579,0.03591,0.07121,16.89829,0.04582,2102.00000,2044.00000,58.00000
K2SnWO6,2.06369,-2.05383,0.20297,30.00000,0.85000,0.00000,1.05115,0.46071,16.94419,0.04584,0.03594,0.07131,16.96922,0.04582,2102.00000,2046.00000,56.00000
Rb2SnGeI6,0.99430,-1.02911,17.22027,30.00000,0.82968,0.00000,0.98643,0.27727,19.14130,0.04678,0.03652,0.55419,19.75130,0.04583,2104.00000,2104.00000,0.00000
K2GeTaO3F3,1.99581,-2.68212,8.54506,30.00000,0.85000,0.54000,1.09164,0.43173,18.18048,0.04590,0.03659,0.06940,18.20591,0.04583,2104.00000,2053.00000,51.00000
Na2GeBiO3Cl3,2.00726,-1.62458,7.18278,30.00000,0.85000,0.28000,0.94124,0.40187,17.97239,0.04589,0.03649,0.06973,17.99439,0.04587,2106.00000,2051.00000,55.00000
Rb2NbCuSe3Br3,1.00695,-1.30512,19.35384,30.00000,0.85000,0.41000,0.98276,0.34772,20.30411,0.04562,0.03634,0.55841,20.13187,0.04587,2106.00000,2027.00000,79.00000
Na2ZrInO3F3,2.04649,-2.78081,2.29448,30.00000,0.85000,0.54000,0.91773,0.56089,17.25768,0.04585,0.03611,0.07077,17.21205,0.04589,2108.00000,2047.00000,61.00000
Rb2SbZnO3F3,1.77745,-2.35621,33.37909,30.00000,0.85000,0.54000,1.07375,0.49446,22.06483,0.04586,0.03873,0.06433,22.00135,0.04589,2108.00000,2048.00000,60.00000
K2WMnO6,2.06732,-2.17915,0.15002,30.00000,0.85000,0.00000,1.06285,0.44464,16.87862,0.04594,0.03597,0.07162,16.86836,0.04591,2110.00000,2059.00000,51.00000
Na2GeInO3Cl3,1.97724,-1.78395,10.80143,30.00000,0.85000,0.28000,0.93294,0.41433,18.52117,0.04591,0.03678,0.06893,18.47079,0.04592,2111.00000,2055.00000,56.00000
K2SnCrO3S3,2.06944,-1.78186,0.13759,30.00000,0.85000,0.86000,1.01438,0.40278,16.83920,0.04600,0.03599,0.07180,16.85884,0.04592,2111.00000,2062.00000,49.00000
K2VMnO3F3,2.06647,-2.75476,0.11537,30.00000,0.85000,0.54000,1.08744,0.43727,16.89361,0.04590,0.03595,0.07153,16.87961,0.04594,2113.00000,2054.00000,59.00000
Na2WGaO3F3,2.04942,-2.34240,2.15926,30.00000,0.85000,0.54000,0.98779,0.45018,17.20413,0.04590,0.03612,0.07098,17.16715,0.04595,2114.00000,2052.00000,62.00000
Rb2CrMnO3Cl3,1.75893,-1.79263,35.64038,30.00000,0.85000,0.28000,1.05196,0.39252,22.36328,0.04595,0.03896,0.06409,22.32779,0.04597,2115.00000,2060.00000,55.00000
Rb2TaCuO3F3,1.81114,-2.67330,30.24726,30.00000,0.85000,0.54000,1.06586,0.50554,21.51369,0.04593,0.03845,0.06519,21.47851,0.04598,2116.00000,2058.00000,58.00000
Rb2TiWO3S3,1.83701,-2.01747,28.27188,30.00000,0.83711,0.86000,1.06265,0.37191,20.74909,0.04655,0.03865,0.06682,21.04580,0.04614,2117.00000,2095.00000,22.00000
Rb2SnFeCl3I3,0.99587,-1.35202,18.85642,30.00000,0.84847,0.50000,0.98558,0.33292,19.67962,0.04639,0.03635,0.56016,19.82093,0.04615,2118.00000,2079.00000,39.00000
Rb2MoGaO3Br3,1.85458,-1.71212,26.09268,30.00000,0.85000,0.48000,1.05215,0.36012,20.76146,0.04607,0.03813,0.06634,20.73323,0.04615,2118.00000,2063.00000,55.00000
Rb2SbCuSe3Br3,0.99695,-1.15192,18.70093,30.00000,0.85000,0.41000,0.99022,0.33756,19.77944,0.04621,0.03629,0.55900,19.75513,0.04620,2120.00000,2068.00000,52.00000
Na2SnGeO3S3,2.00585,-1.61902,8.99343,30.00000,0.84746,0.86000,0.95444,0.37654,17.94328,0.04637,0.03683,0.07058,18.00104,0.04624,2121.00000,2078.00000,43.00000
Rb2SbCuS3Br3,1.00526,-1.15479,22.35901,30.00000,0.85000,0.38000,0.99794,0.35000,20.22567,0.04637,0.03679,0.57147,20.30015,0.04625,2122.00000,2076.00000,46.00000
K2MoAgSe3I3,0.95667,-0.96916,2.08267,30.00000,0.85000,0.11000,0.92221,0.36842,16.95860,0.04650,0.03401,0.49922,17.03701,0.04627,2123.00000,2090.00000,33.00000
Rb2WSbO3Cl3,1.87846,-1.79885,24.58034,30.00000,0.85000,0.28000,1.06627,0.37383,20.33173,0.04633,0.03808,0.06735,20.37834,0.04627,2123.00000,2073.00000,50.00000
Na2GeCrO3S3,1.98981,-1.58508,10.79817,30.00000,0.83107,0.86000,0.97076,0.35340,17.88530,0.04691,0.03733,0.07119,18.22041,0.04632,2125.00000,2110.00000,15.00000
K2GeNbO3Cl3,2.00936,-2.03635,8.63883,30.00000,0.85000,0.28000,1.04774,0.36449,17.93396,0.04630,0.03675,0.07053,17.91662,0.04633,2126.00000,2070.00000,56.00000
Na2SnTaO3F3,2.07428,-2.75140,0.82490,30.00000,0.85000,0.54000,0.96090,0.49077,16.74965,0.04633,0.03617,0.07257,16.71793,0.04635,2127.00000,2071.00000,56.00000
Rb2VTaO3S3,1.84207,-2.10456,28.81260,30.00000,0.82759,0.86000,1.06866,0.36420,20.43175,0.04711,0.03900,0.06793,20.94990,0.04637,2128.00000,2120.00000,8.00000
K2ZrInO3Cl3,2.06816,-2.26553,1.88406,30.00000,0.85000,0.28000,0.97022,0.47352,16.86302,0.04640,0.03628,0.07253,16.84971,0.04637,2128.00000,2080.00000,48.00000
K2GeFeS3I3,0.96630,-0.96299,5.36378,30.00000,0.84057,0.08000,0.99253,0.29084,17.51118,0.04646,0.03463,0.51124,17.52357,0.04639,2130.00000,2088.00000,42.00000
Rb2FeMnO3F3,1.73853,-2.42260,39.82658,30.00000,0.85000,0.54000,1.08718,0.47601,22.67477,0.04637,0.03947,0.06443,22.62251,0.04640,2131.00000,2077.00000,54.00000
K2MoMnO6,2.08215,-2.04475,0.22545,30.00000,0.85000,0.00000,1.06548,0.44107,16.60647,0.04642,0.03615,0.07298,16.55771,0.04640,2131.00000,2081.00000,50.00000
Rb2MoAgO3Cl3,1.82199,-1.69861,31.93458,30.00000,0.85000,0.28000,0.98995,0.47975,21.32893,0.04651,0.03878,0.06638,21.36948,0.04641,2133.00000,2091.00000,42.00000
K2GeFeO3S3,2.00720,-1.61546,9.69925,30.00000,0.83585,0.86000,1.04424,0.36265,17.67460,0.04699,0.03723,0.07182,18.00479,0.04641,2133.00000,2114.00000,19.00000
Na2GeSbO3Cl3,2.01033,-1.70901,8.73021,30.00000,0.85000,0.28000,0.97594,0.35202,17.91632,0.04635,0.03678,0.07065,17.87254,0.04642,2135.00000,2074.00000,61.00000
K2SnGaO3Cl3,2.06829,-1.82997,2.05328,30.00000,0.85000,0.28000,1.01529,0.40810,16.86058,0.04645,0.03631,0.07262,16.85739,0.04643,2136.00000,2087.00000,49.00000
K2CrWO3F3,2.08359,-2.62366,0.15719,30.00000,0.85000,0.54000,1.07913,0.44834,16.57962,0.04644,0.03616,0.07309,16.58288,0.04646,2137.00000,2086.00000,51.00000
Na2TiWO6,2.08315,-2.77811,0.15139,30.00000,0.85000,0.00000,0.98518,0.43036,16.58780,0.04643,0.03615,0.07304,16.56413,0.04649,2138.00000,2083.00000,55.00000
K2GeVO3F3,1.99338,-2.61830,11.15188,30.00000,0.85000,0.54000,1.12052,0.39483,18.22649,0.04644,0.03700,0.07033,18.19716,0.04651,2139.00000,2085.00000,54.00000
Rb2WMnO3S3,1.86092,-1.69338,27.90688,30.00000,0.85000,0.86000,1.05317,0.38426,20.64673,0.04659,0.03845,0.06740,20.60525,0.04659,2140.00000,2096.00000,44.00000
Na2SnCuF3I3,0.94990,-1.83512,0.46364,30.00000,0.79612,1.32000,0.90217,0.40456,15.36851,0.04895,0.03490,0.49409,16.67402,0.04660,2141.00000,2191.00000,-50.00000
Na2TiFeO3F3,2.09277,-2.69098,0.02205,30.00000,0.85000,0.54000,0.98031,0.46125,16.41214,0.04670,0.03624,0.07387,16.44526,0.04660,2141.00000,2101.00000,40.00000
Rb2TaSbO3S3,1.88215,-1.91009,25.56370,30.00000,0.84938,0.86000,1.05435,0.38272,20.25183,0.04666,0.03828,0.06799,20.28193,0.04667,2143.00000,2099.00000,44.00000
K2GeWO6,2.02862,-2.06094,8.00998,30.00000,0.85000,0.00000,1.09395,0.40357,17.58191,0.04672,0.03686,0.07190,17.57343,0.04668,2144.00000,2103.00000,41.00000
Rb2MoBiO3Cl3,1.89776,-1.81484,24.64967,30.00000,0.85000,0.28000,1.03120,0.42056,19.97529,0.04684,0.03825,0.06867,20.01103,0.04672,2145.00000,2108.00000,37.00000
Rb2WSbO3F3,1.87591,-2.31833,26.66768,30.00000,0.85000,0.54000,1.11220,0.44280,20.37594,0.04671,0.03838,0.06793,20.30637,0.04678,2146.00000,2102.00000,44.00000
Rb2SnBiO3Cl3,1.90436,-1.73721,23.74784,30.00000,0.85000,0.28000,1.00907,0.45171,19.85448,0.04683,0.03816,0.06878,19.87935,0.04678,2146.00000,2107.00000,39.00000
K2WBiO3F3,2.09466,-2.31197,0.23135,30.00000,0.85000,0.54000,1.04068,0.50185,16.37819,0.04682,0.03630,0.07414,16.36768,0.04685,2148.00000,2106.00000,42.00000
Rb2FeMnSe6,0.99171,-1.03147,20.66155,30.00000,0.85000,0.00000,0.99668,0.32576,19.47233,0.04706,0.03659,0.56917,19.55404,0.04687,2149.00000,2115.00000,34.00000
Na2ZrGaO3Cl3,2.08572,-2.19079,2.32403,30.00000,0.85000,0.28000,0.93089,0.41745,16.54011,0.04707,0.03655,0.07436,16.59840,0.04691,2150.00000,2118.00000,32.00000
K2SnNbO3Cl3,2.09899,-2.08673,0.19407,30.00000,0.85000,0.28000,1.01082,0.41433,16.30000,0.04694,0.03635,0.07456,16.32914,0.04694,2151.00000,2112.00000,39.00000
Na2TiSbO3Cl3,2.09847,-2.00866,0.16400,30.00000,0.85000,0.28000,0.95936,0.37539,16.30950,0.04692,0.03634,0.07449,16.30127,0.04697,2152.00000,2111.00000,41.00000
K2CrMnO3F3,2.10019,-2.55246,0.05096,30.00000,0.85000,0.54000,1.06689,0.46494,16.27891,0.04695,0.03634,0.07460,16.28256,0.04700,2153.00000,2113.00000,40.00000
Rb2SnFeS3Se3,0.99621,-0.94884,22.90886,30.00000,0.85000,0.03000,0.99585,0.34948,19.73955,0.04719,0.03691,0.57716,19.89343,0.04701,2154.00000,2127.00000,27.00000
Rb2TiMoO3S3,1.83133,-2.06325,33.71149,30.00000,0.83337,0.86000,1.06504,0.36883,20.75526,0.04768,0.03954,0.06864,21.17408,0.04704,2155.00000,2144.00000,11.00000
Rb2SnInO3Cl3,1.87046,-1.83478,29.05025,30.00000,0.85000,0.28000,1.00048,0.46417,20.47457,0.04707,0.03871,0.06845,20.47019,0.04707,2156.00000,2117.00000,39.00000
K2GeSbO3Cl3,2.04251,-1.77313,8.08936,30.00000,0.85000,0.28000,1.05740,0.35202,17.32882,0.04717,0.03703,0.07312,17.40850,0.04708,2157.00000,2122.00000,35.00000
Na2MoInO3Cl3,2.09070,-1.80201,2.10030,30.00000,0.85000,0.28000,0.92078,0.43302,16.44934,0.04717,0.03657,0.07472,16.51621,0.04709,2158.00000,2123.00000,35.00000
Rb2VNbO3S3,1.82832,-2.11544,33.70174,30.00000,0.82759,0.86000,1.06866,0.36420,20.65741,0.04781,0.03967,0.06882,21.17549,0.04710,2159.00000,2151.00000,8.00000
K2SnVO3Cl3,2.10287,-1.93042,0.16829,30.00000,0.85000,0.28000,1.03359,0.38318,16.23113,0.04707,0.03639,0.07490,16.16525,0.04721,2160.00000,2116.00000,44.00000
Na2MoInO3F3,2.09019,-2.37699,2.38822,30.00000,0.85000,0.54000,0.94683,0.51292,16.45882,0.04723,0.03662,0.07482,16.44956,0.04722,2161.00000,2130.00000,31.00000
K2GeCrO3S3,2.03244,-1.64793,9.81773,30.00000,0.82482,0.86000,1.05139,0.35340,16.99028,0.04819,0.03779,0.07493,17.52936,0.04723,2162.00000,2162.00000,0.00000
K2TiGaO3Cl3,2.09155,-2.19320,2.37577,30.00000,0.85000,0.28000,1.03475,0.38162,16.43396,0.04728,0.03663,0.07494,16.43180,0.04728,2163.00000,2133.00000,30.00000
K2ZrCrO3F3,2.10703,-2.80170,0.09948,30.00000,0.85000,0.54000,1.04711,0.49262,16.15489,0.04718,0.03643,0.07526,16.13381,0.04731,2164.00000,2126.00000,38.00000
Na2ZrSbO3Cl3,2.10677,-2.05549,0.18410,30.00000,0.85000,0.28000,0.93500,0.41121,16.15975,0.04719,0.03644,0.07528,16.08689,0.04737,2165.00000,2128.00000,37.00000
K2SnInO3F3,2.09788,-2.40128,2.02520,30.00000,0.85000,0.54000,1.00847,0.54982,16.32009,0.04739,0.03665,0.07539,16.29547,0.04747,2166.00000,2135.00000,31.00000
Rb2WFeO3Cl3,1.90128,-1.71596,27.34980,30.00000,0.85000,0.28000,1.05550,0.38785,19.91247,0.04752,0.03869,0.06993,19.94575,0.04747,2166.00000,2137.00000,29.00000
Rb2MoSbO3Cl3,1.89135,-1.85154,28.58029,30.00000,0.85000,0.28000,1.06870,0.37072,20.09334,0.04752,0.03881,0.06970,20.07556,0.04750,2168.00000,2138.00000,30.00000
Na2GeCuBr6,0.95449,-1.19082,5.15909,30.00000,0.85000,0.00000,0.91460,0.32143,16.78862,0.04756,0.03449,0.51274,16.73602,0.04754,2169.00000,2139.00000,30.00000
Rb2CrAgSe3I3,0.98201,-1.03205,18.14073,30.00000,0.85000,0.11000,0.93789,0.37440,18.87276,0.04742,0.03626,0.56089,18.75442,0.04755,2170.00000,2136.00000,34.00000
K2SnMoO3S3,2.11843,-1.76569,0.25978,30.00000,0.85000,0.86000,1.01999,0.39506,15.95003,0.04761,0.03661,0.07646,15.97368,0.04757,2171.00000,2141.00000,30.00000
K2TiBiO3Cl3,2.11782,-2.08967,0.17159,30.00000,0.85000,0.28000,1.00309,0.42523,15.96092,0.04756,0.03658,0.07635,15.92539,0.04759,2172.00000,2140.00000,32.00000
Li2MoGaO3Cl3,2.09952,-1.82116,2.65079,30.00000,0.70588,0.28000,0.75670,0.37695,13.53758,0.05373,0.04060,0.08918,16.23994,0.04767,2173.00000,2426.00000,-253.00000
Na2TiInO3Cl3,2.10481,-2.15071,2.21274,30.00000,0.85000,0.28000,0.91778,0.43769,16.19566,0.04767,0.03677,0.07613,16.16312,0.04776,2174.00000,2143.00000,31.00000
Na2WInO3F3,2.10678,-2.34548,1.89613,30.00000,0.85000,0.54000,0.94453,0.51661,16.15957,0.04765,0.03674,0.07617,16.12029,0.04778,2175.00000,2142.00000,33.00000
K2SnGeO3S3,2.05950,-1.62947,8.31162,30.00000,0.85000,0.86000,1.03371,0.37654,17.01964,0.04777,0.03727,0.07478,17.00765,0.04778,2175.00000,2149.00000,26.00000
Na2ZrFeO3F3,2.12641,-2.74728,0.07058,30.00000,0.85000,0.54000,0.95264,0.50369,15.80486,0.04783,0.03668,0.07716,15.83221,0.04778,2175.00000,2152.00000,23.00000
Na2FeMnS3I3,0.94627,-1.01398,0.42805,30.00000,0.84427,0.08000,0.90478,0.31931,16.02100,0.04768,0.03393,0.49442,15.90252,0.04782,2178.00000,2145.00000,33.00000
Rb2CrMnO6,1.79616,-2.00829,41.20262,30.00000,0.85000,0.00000,1.08678,0.45000,21.76333,0.04778,0.04002,0.06795,21.73360,0.04785,2179.00000,2150.00000,29.00000
K2SbCuSe3Br3,0.93732,-1.13042,0.24908,30.00000,0.85000,0.41000,0.96875,0.33756,15.39283,0.04881,0.03383,0.49557,15.75470,0.04789,2180.00000,2182.00000,-2.00000
K2ZrFeO3F3,2.12830,-2.77343,0.08685,30.00000,0.85000,0.54000,1.03940,0.50369,15.77007,0.04790,0.03671,0.07736,15.76235,0.04791,2181.00000,2154.00000,27.00000
Rb2SnSbO3F3,1.88889,-2.37411,29.99959,30.00000,0.85000,0.54000,1.08718,0.47601,20.14035,0.04776,0.03901,0.07007,20.09836,0.04792,2182.00000,2147.00000,35.00000
Rb2MoWO3S3,1.92779,-1.62719,26.08841,30.00000,0.83147,0.86000,1.06625,0.36728,19.00400,0.04865,0.03918,0.07265,19.42985,0.04795,2183.00000,2178.00000,5.00000
Na2TiCrO6,2.13369,-2.65147,0.03498,30.00000,0.85000,0.00000,0.98151,0.43571,15.67337,0.04808,0.03677,0.07789,15.70484,0.04798,2184.00000,2159.00000,25.00000
K2GeInO3Cl3,2.05409,-1.83374,9.99111,30.00000,0.85000,0.28000,1.01082,0.41433,17.11883,0.04802,0.03749,0.07507,17.12835,0.04801,2185.00000,2157.00000,28.00000
Rb2SnGeBr3I3,0.98012,-1.28927,19.43111,30.00000,0.82194,0.30000,0.99889,0.29327,18.11689,0.04897,0.03710,0.56734,18.65369,0.04803,2186.00000,2193.00000,-7.00000
Rb2CrMoO3S3,1.87171,-1.74902,33.41241,30.00000,0.83711,0.86000,1.06265,0.37191,20.14009,0.04849,0.03972,0.07094,20.37452,0.04809,2187.00000,2172.00000,15.00000
K2TiInO3Cl3,2.12073,-2.22540,2.05173,30.00000,0.85000,0.28000,0.99439,0.43769,15.90833,0.04818,0.03695,0.07765,15.91391,0.04813,2188.00000,2161.00000,27.00000
K2TiMoO6,2.13731,-2.76802,0.23759,30.00000,0.85000,0.00000,1.07615,0.42679,15.60991,0.04826,0.03685,0.07838,15.61183,0.04819,2189.00000,2165.00000,24.00000
Na2SbCuSe3I3,0.94168,-0.77865,0.50910,30.00000,0.83176,0.11000,0.89319,0.31818,15.41228,0.04885,0.03421,0.49589,15.68104,0.04823,2190.00000,2186.00000,4.00000
Rb2GeGaSe3Cl3,1.90512,-1.30333,30.02446,30.00000,0.79966,0.61000,1.03490,0.30343,18.66604,0.05013,0.04047,0.07476,19.84419,0.04824,2191.00000,2238.00000,-47.00000
K2SnBiO3F3,2.13632,-2.34732,0.22900,30.00000,0.85000,0.54000,1.01817,0.53506,15.62626,0.04823,0.03683,0.07828,15.63048,0.04824,2191.00000,2164.00000,27.00000
K2SnVO3F3,2.13651,-2.67238,0.19317,30.00000,0.85000,0.54000,1.07502,0.45387,15.62279,0.04822,0.03683,0.07828,15.64379,0.04825,2193.00000,2163.00000,30.00000
K2GeMoO3S3,2.06676,-1.65250,8.86629,30.00000,0.81494,0.86000,1.05742,0.34568,16.19143,0.04947,0.03828,0.07850,16.84110,0.04825,2193.00000,2214.00000,-21.00000
Na2MoGaO3Cl3,2.12265,-1.78762,2.41629,30.00000,0.85000,0.28000,0.95827,0.37695,15.87376,0.04835,0.03704,0.07803,15.90291,0.04835,2195.00000,2167.00000,28.00000
Rb2GeGaS3Br3,1.91020,-1.26495,30.22254,30.00000,0.82182,0.38000,1.03423,0.30263,19.09308,0.04944,0.03993,0.07359,19.76638,0.04836,2196.00000,2213.00000,-17.00000
Rb2TaFeO3F3,1.90281,-2.81408,30.68753,30.00000,0.85000,0.54000,1.08854,0.47417,19.88423,0.04829,0.03922,0.07127,19.81824,0.04836,2196.00000,2166.00000,30.00000
Li2MoGaO3F3,2.11908,-2.34626,3.11232,30.00000,0.73389,0.54000,0.76303,0.44649,13.76470,0.05326,0.04013,0.08871,15.94303,0.04837,2198.00000,2390.00000,-192.00000
Cs2WBiSe3I3,1.36680,-1.05184,68.37245,30.00000,0.85000,0.11000,1.01343,0.32536,25.40342,0.04844,0.04254,0.07712,25.40452,0.04844,2199.00000,2171.00000,28.00000
Rb2TaZnO3F3,1.91502,-2.76836,30.12876,30.00000,0.85000,0.54000,1.06325,0.50923,19.66055,0.04851,0.03924,0.07197,19.66073,0.04844,2199.00000,2173.00000,26.00000
Na2SnBiO3F3,2.14005,-2.25027,0.22843,30.00000,0.85000,0.54000,0.93318,0.53506,15.56360,0.04836,0.03688,0.07866,15.50564,0.04853,2201.00000,2168.00000,33.00000
K2SnTaO3F3,2.14284,-2.72406,0.78570,30.00000,0.85000,0.54000,1.04841,0.49077,15.51300,0.04861,0.03702,0.07927,15.52314,0.04862,2202.00000,2177.00000,25.00000
Rb2NbMnO3Cl3,1.89818,-2.20538,32.63707,30.00000,0.85000,0.28000,1.04611,0.40031,19.96743,0.04858,0.03950,0.07169,19.93340,0.04863,2203.00000,2176.00000,27.00000
K2GeCrO3F3,2.06208,-2.41154,11.05336,30.00000,0.85000,0.54000,1.09872,0.42251,16.97302,0.04855,0.03775,0.07635,16.87007,0.04869,2204.00000,2174.00000,30.00000
Rb2SnFeO3S3,1.91624,-1.60380,31.53203,30.00000,0.85000,0.86000,1.03245,0.41204,19.63759,0.04886,0.03947,0.07260,19.66879,0.04871,2205.00000,2187.00000,18.00000
Na2TiMoO6,2.15166,-2.67059,0.23761,30.00000,0.85000,0.00000,0.98765,0.42679,15.35541,0.04877,0.03706,0.07989,15.36482,0.04873,2206.00000,2180.00000,26.00000
K2GeCuBr6,0.94293,-1.35647,4.93055,30.00000,0.85000,0.00000,0.98285,0.32143,15.85658,0.04922,0.03451,0.51438,16.07694,0.04876,2207.00000,2201.00000,6.00000
Na2SbCuO3I3,0.93547,-1.20613,0.49655,30.00000,0.83148,0.78000,0.91508,0.36944,14.91421,0.04987,0.03424,0.49715,15.38622,0.04878,2208.00000,2225.00000,-17.00000
Rb2CrWO6,1.91809,-2.19554,30.74050,30.00000,0.85000,0.00000,1.09897,0.43393,19.60401,0.04874,0.03936,0.07244,19.57094,0.04880,2209.00000,2179.00000,30.00000
Rb2CrWO3Cl3,1.94578,-1.79935,27.54414,30.00000,0.85000,0.28000,1.06266,0.37850,19.09899,0.04884,0.03913,0.07334,19.10028,0.04884,2210.00000,2185.00000,25.00000
Na2TiBiO3Cl3,2.15750,-1.98966,0.16695,30.00000,0.85000,0.28000,0.92581,0.42523,15.25249,0.04897,0.03713,0.08049,15.29085,0.04889,2211.00000,2192.00000,19.00000
Rb2GeTaO3Cl3,1.90681,-2.17048,33.03313,30.00000,0.85000,0.28000,1.07358,0.36449,19.80884,0.04891,0.03962,0.07244,19.76697,0.04892,2212.00000,2190.00000,22.00000
K2ZrGaO3Cl3,2.13813,-2.21161,2.15319,30.00000,0.85000,0.28000,1.00860,0.41745,15.59682,0.04882,0.03720,0.07950,15.56912,0.04892,2212.00000,2183.00000,29.00000
Na2GeFeBr6,0.94433,-1.25013,5.20884,30.00000,0.84306,0.00000,0.92986,0.29974,15.84383,0.04933,0.03468,0.51535,15.99248,0.04893,2214.00000,2205.00000,9.00000
Rb2GeFeO3F3,1.79761,-2.30573,46.46018,30.00000,0.85000,0.54000,1.11936,0.43358,21.74090,0.04886,0.04082,0.06976,21.73854,0.04893,2214.00000,2189.00000,25.00000
Rb2CrMoO3Cl3,1.90759,-1.74837,32.68428,30.00000,0.85000,0.28000,1.06506,0.37539,19.79503,0.04886,0.03958,0.07236,19.71080,0.04896,2216.00000,2188.00000,28.00000
Rb2CrWO3S3,1.94629,-1.75049,28.06128,30.00000,0.84074,0.86000,1.06026,0.37500,18.88061,0.04931,0.03945,0.07424,19.07613,0.04897,2217.00000,2204.00000,13.00000
Na2GeInO3F3,2.06562,-2.28619,12.37832,30.00000,0.85000,0.54000,0.96090,0.49077,16.90913,0.04900,0.03802,0.07732,16.90541,0.04898,2218.00000,2194.00000,24.00000
K2TiWO6,2.15408,-2.80450,0.15822,30.00000,0.85000,0.00000,1.07346,0.43036,15.31265,0.04884,0.03708,0.08011,15.25273,0.04899,2219.00000,2184.00000,35.00000
Rb2ZrWO6,1.94649,-2.78362,28.54276,30.00000,0.85000,0.00000,1.07096,0.47143,19.08568,0.04909,0.03930,0.07379,19.09679,0.04904,2220.00000,2197.00000,23.00000
Na2GeZnO3S3,2.08361,-1.61689,10.35042,30.00000,0.85000,0.86000,0.94385,0.39198,16.57924,0.04910,0.03790,0.07815,16.57163,0.04907,2221.00000,2198.00000,23.00000
Rb2MnInO3F3,1.88694,-2.45896,36.34752,30.00000,0.85000,0.54000,1.04662,0.53321,20.17694,0.04906,0.03998,0.07225,20.11607,0.04909,2222.00000,2196.00000,26.00000
Rb2SnInO3F3,1.92009,-2.41998,31.86600,30.00000,0.85000,0.54000,1.03541,0.54982,19.56904,0.04904,0.03955,0.07303,19.53171,0.04911,2223.00000,2195.00000,28.00000
Cs2AgInI6,1.28893,-1.16812,71.62506,30.00000,0.85000,0.00000,0.93821,0.39773,25.25657,0.04922,0.04305,0.10894,25.27098,0.04921,2224.00000,2202.00000,22.00000
Rb2WMnO6,1.93667,-2.15316,30.55580,30.00000,0.85000,0.00000,1.09081,0.44464,19.26914,0.04924,0.03951,0.07378,19.23832,0.04926,2225.00000,2203.00000,22.00000
Na2ZrSbO3F3,2.16892,-2.75678,0.21036,30.00000,0.85000,0.54000,0.96328,0.48708,15.05129,0.04940,0.03730,0.08183,15.08399,0.04932,2226.00000,2210.00000,16.00000
Rb2GeBiO3Cl3,1.93619,-1.72457,31.07505,30.00000,0.85000,0.28000,1.04495,0.40187,19.27773,0.04933,0.03959,0.07395,19.28433,0.04937,2227.00000,2206.00000,21.00000
Rb2MoAgSe3I3,0.96603,-1.00649,17.39730,30.00000,0.85000,0.11000,0.94198,0.36842,17.69168,0.04912,0.03624,0.56227,17.46054,0.04940,2228.00000,2199.00000,29.00000
Rb2NbFeO3F3,1.89854,-2.77289,36.36021,30.00000,0.85000,0.54000,1.08854,0.47417,19.96174,0.04939,0.04007,0.07310,19.94792,0.04941,2229.00000,2209.00000,20.00000
Rb2GeCuCl3I3,0.97430,-1.30249,23.99826,30.00000,0.82804,0.50000,0.99961,0.31421,17.83389,0.05054,0.03769,0.58829,18.35608,0.04941,2229.00000,2255.00000,-26.00000
Cs2WSbSe3I3,1.31272,-1.01121,73.37481,30.00000,0.82611,0.11000,1.04357,0.28708,24.58942,0.05035,0.04400,0.09887,25.30590,0.04943,2231.00000,2247.00000,-16.00000
Cs2SnBiSe3I3,1.26644,-1.00493,72.03594,30.00000,0.85000,0.11000,0.99723,0.34689,25.17079,0.04939,0.04313,0.12674,25.17454,0.04943,2231.00000,2208.00000,23.00000
Rb2NbSbO3S3,1.95199,-1.87390,29.25940,30.00000,0.84938,0.86000,1.05435,0.38272,18.96932,0.04943,0.03949,0.07459,19.02517,0.04944,2233.00000,2212.00000,21.00000
Cs2SnTaSe3I3,1.42302,-1.28453,73.96460,30.00000,0.85000,0.11000,1.01895,0.31818,25.33969,0.04942,0.04336,0.07134,25.31369,0.04948,2234.00000,2211.00000,23.00000
Na2SnGaO3F3,2.15333,-2.31666,2.52567,30.00000,0.85000,0.54000,0.96568,0.48339,15.32579,0.04948,0.03749,0.08138,15.30706,0.04950,2235.00000,2216.00000,19.00000
K2VNbO6,2.17084,-2.76790,0.22782,30.00000,0.85000,0.00000,1.08020,0.42143,15.01738,0.04947,0.03734,0.08207,14.97563,0.04956,2236.00000,2215.00000,21.00000
Na2MoGaO3F3,2.15335,-2.38634,2.79448,30.00000,0.85000,0.54000,0.99031,0.44649,15.32544,0.04955,0.03754,0.08153,15.32278,0.04959,2237.00000,2218.00000,19.00000
Na2SnNbO3F3,2.17707,-2.70542,0.21794,30.00000,0.85000,0.54000,0.96090,0.49077,14.90904,0.04970,0.03742,0.08281,14.90834,0.04962,2238.00000,2221.00000,17.00000
Cs2WAgSe3I3,1.40618,-1.03069,75.41464,30.00000,0.85000,0.11000,0.97983,0.37081,25.37194,0.04964,0.04355,0.07326,25.35008,0.04967,2239.00000,2219.00000,20.00000
Rb2MoSbO3F3,1.94518,-2.32836,31.43932,30.00000,0.85000,0.54000,1.11505,0.43911,19.11034,0.04970,0.03974,0.07484,19.14109,0.04971,2240.00000,2220.00000,20.00000
Cs2SbAgI6,1.19729,-1.05472,70.63862,30.00000,0.85000,0.00000,0.96975,0.35227,24.73037,0.04974,0.04307,0.24867,24.72894,0.04980,2241.00000,2222.00000,19.00000
K2TiCrO3F3,2.18325,-2.81603,0.06024,30.00000,0.85000,0.54000,1.07775,0.45018,14.80152,0.04989,0.03750,0.08346,14.82467,0.04984,2242.00000,2226.00000,16.00000
Rb2FeSbO3F3,1.92776,-2.29436,34.07932,30.00000,0.85000,0.54000,1.09955,0.45941,19.42942,0.04975,0.03998,0.07448,19.35816,0.04989,2243.00000,2223.00000,20.00000
Cs2ZrBiSe3I3,1.52697,-1.36558,73.69430,30.00000,0.85000,0.11000,0.99195,0.35407,24.93283,0.04986,0.04355,0.06813,24.88808,0.04991,2244.00000,2224.00000,20.00000
Rb2WAgO3F3,1.96640,-2.35958,29.74744,30.00000,0.85000,0.54000,1.02082,0.57196,18.71975,0.04998,0.03971,0.07592,18.75550,0.04994,2245.00000,2229.00000,16.00000
Rb2VZnO3F3,1.89948,-2.69979,39.32047,30.00000,0.85000,0.54000,1.08990,0.47232,19.94478,0.05006,0.04054,0.07429,19.98267,0.04997,2246.00000,2233.00000,13.00000
Rb2ZrCrO6,1.91121,-2.64382,37.60056,30.00000,0.85000,0.00000,1.06707,0.47679,19.72738,0.05004,0.04037,0.07453,19.70035,0.04998,2247.00000,2230.00000,17.00000
Rb2SnTaO3Cl3,2.00247,-2.20216,25.23291,30.00000,0.85000,0.28000,1.03574,0.41433,18.05901,0.05008,0.03940,0.07720,18.09504,0.04999,2248.00000,2235.00000,13.00000
Cs2GeBiSe3I3,1.37296,-0.99308,77.76252,30.00000,0.85000,0.11000,1.02640,0.30861,25.39450,0.05004,0.04386,0.07900,25.37682,0.05002,2249.00000,2231.00000,18.00000
Cs2TaZnSe3I3,1.32187,-1.25552,77.42411,30.00000,0.85000,0.11000,1.00979,0.33014,25.34288,0.05008,0.04385,0.09430,25.34047,0.05004,2250.00000,2234.00000,16.00000
Cs2TiBiSe3I3,1.45455,-1.35583,76.48294,30.00000,0.85000,0.11000,1.01252,0.32656,25.24051,0.04993,0.04378,0.07027,25.16103,0.05006,2251.00000,2228.00000,23.00000
Cs2SnSbSe3I3,1.34661,-0.99333,77.61249,30.00000,0.85000,0.11000,1.02640,0.30861,25.40361,0.05005,0.04385,0.08522,25.34747,0.05008,2252.00000,2232.00000,20.00000
Rb2VSbO3S3,1.95770,-1.76114,31.73845,30.00000,0.81105,0.86000,1.07842,0.35185,18.01328,0.05172,0.04099,0.07901,18.89800,0.05008,2252.00000,2307.00000,-55.00000
Na2VSbSe6,0.92402,-0.96785,0.41643,30.00000,0.82980,0.00000,0.93449,0.28788,13.98979,0.05195,0.03432,0.49858,14.73184,0.05012,2254.00000,2316.00000,-62.00000
Rb2TaMnO3F3,1.96654,-2.95652,30.74351,30.00000,0.85000,0.54000,1.08854,0.47417,18.71745,0.05021,0.03987,0.07634,18.76667,0.05013,2255.00000,2241.00000,14.00000
Cs2TaFeSe3I3,1.42026,-1.22824,78.08366,30.00000,0.85000,0.11000,1.02734,0.30742,25.35024,0.05012,0.04395,0.07264,25.30375,0.05014,2256.00000,2237.00000,19.00000
K2GeCuF3I3,0.93645,-1.97106,5.62702,30.00000,0.79317,1.32000,1.00655,0.35897,14.30959,0.05280,0.03585,0.51917,15.36867,0.05015,2257.00000,2356.00000,-99.00000
K2GeBiO3F3,2.13288,-2.29321,7.46521,30.00000,0.85000,0.54000,1.05889,0.47601,15.68852,0.05010,0.03806,0.08180,15.68294,0.05015,2257.00000,2236.00000,21.00000
Na2GeFeSe3Br3,0.94062,-1.12583,5.37973,30.00000,0.79970,0.41000,0.92898,0.29822,14.73985,0.05170,0.03564,0.51730,15.42610,0.05016,2259.00000,2306.00000,-47.00000
Cs2TaMnSe3I3,1.32544,-1.26096,78.14766,30.00000,0.85000,0.11000,1.02734,0.30742,25.35250,0.05020,0.04394,0.09304,25.36195,0.05018,2260.00000,2240.00000,20.00000
Cs2WInSe3I3,1.55836,-1.13686,74.43394,30.00000,0.85000,0.11000,1.00617,0.33493,24.72180,0.05025,0.04374,0.06869,24.65889,0.05027,2261.00000,2242.00000,19.00000
Rb2MoWO6,1.98686,-2.12366,28.37836,30.00000,0.85000,0.00000,1.10585,0.42500,18.34568,0.05031,0.03972,0.07714,18.40037,0.05027,2261.00000,2243.00000,18.00000
Cs2SnMnI6,1.18186,-1.16067,72.72210,30.00000,0.85000,0.00000,1.00610,0.30341,24.60014,0.05031,0.04341,0.29769,24.56403,0.05031,2263.00000,2244.00000,19.00000
Cs2ZrSbSe3I3,1.37971,-1.35170,79.54259,30.00000,0.85000,0.11000,1.02081,0.31579,25.39285,0.05034,0.04412,0.07819,25.37291,0.05033,2264.00000,2245.00000,19.00000
Na2TiGaO3Cl3,2.17626,-2.13621,2.59246,30.00000,0.85000,0.28000,0.95503,0.38162,14.92275,0.05036,0.03785,0.08410,14.88768,0.05038,2265.00000,2248.00000,17.00000
Rb2GeInO3Cl3,1.91758,-1.85769,38.19946,30.00000,0.85000,0.28000,1.03574,0.41433,19.61355,0.05035,0.04053,0.07525,19.59533,0.05043,2266.00000,2246.00000,20.00000
Cs2GeTaSe3I3,1.35289,-1.24617,79.91053,30.00000,0.81443,0.11000,1.04943,0.27990,24.31663,0.05189,0.04529,0.08736,25.32970,0.05045,2267.00000,2312.00000,-45.00000
Rb2GeFeO3S3,1.88984,-1.62417,42.36487,30.00000,0.82561,0.86000,1.06987,0.36265,19.54148,0.05141,0.04161,0.07647,20.08308,0.05048,2268.00000,2293.00000,-25.00000
Cs2WGaSe3I3,1.51830,-1.08350,77.40460,30.00000,0.83359,0.11000,1.03971,0.29187,24.48067,0.05110,0.04457,0.07025,24.92476,0.05048,2268.00000,2277.00000,-9.00000
Cs2CrWSe3I3,1.50028,-1.19490,77.90213,30.00000,0.83174,0.11000,1.04067,0.29067,24.50604,0.05114,0.04464,0.07064,25.02934,0.05049,2270.00000,2280.00000,-10.00000
Rb2VZnO3Cl3,1.94504,-2.03736,34.92443,30.00000,0.85000,0.28000,1.04727,0.39875,19.11296,0.05048,0.04030,0.07622,19.10839,0.05050,2271.00000,2252.00000,19.00000
K2MoInO3Cl3,2.18564,-1.85137,1.96492,30.00000,0.85000,0.28000,0.99764,0.43302,14.75986,0.05054,0.03788,0.08491,14.78309,0.05051,2272.00000,2256.00000,16.00000
Rb2MoMnO3S3,1.95785,-1.69823,33.19510,30.00000,0.84770,0.86000,1.05552,0.38117,18.82524,0.05059,0.04022,0.07677,18.86497,0.05052,2273.00000,2259.00000,14.00000
Cs2SnNbSe3I3,1.33006,-1.29291,79.64418,30.00000,0.85000,0.11000,1.01895,0.31818,25.36907,0.05044,0.04416,0.09179,25.29451,0.05053,2274.00000,2250.00000,24.00000
Cs2TaCuSe3I3,1.24535,-1.18473,77.55691,30.00000,0.85000,0.11000,1.01161,0.32775,25.06080,0.05049,0.04395,0.15368,25.06417,0.05055,2275.00000,2253.00000,22.00000
Cs2MoInSe3I3,1.32574,-1.10696,80.42398,30.00000,0.85000,0.11000,1.00798,0.33254,25.35554,0.05059,0.04427,0.09381,25.35342,0.05057,2276.00000,2258.00000,18.00000
Cs2WFeSe3I3,1.51795,-1.06432,77.63179,30.00000,0.84260,0.11000,1.03492,0.29785,24.75394,0.05077,0.04432,0.06974,24.93473,0.05057,2276.00000,2266.00000,10.00000
K2ZrSbO3Cl3,2.20188,-2.08259,0.18796,30.00000,0.85000,0.28000,1.01305,0.41121,14.47424,0.05066,0.03781,0.08583,14.48402,0.05058,2278.00000,2262.00000,16.00000
Rb2SnGeO3S3,1.93355,-1.60562,37.17681,30.00000,0.84252,0.86000,1.05907,0.37654,19.15272,0.05091,0.04073,0.07671,19.30536,0.05059,2279.00000,2269.00000,10.00000
Cs2ZrInSe3I3,1.39844,-1.40754,80.73107,30.00000,0.85000,0.11000,0.98499,0.36364,25.37061,0.05054,0.04430,0.07577,25.32662,0.05063,2280.00000,2257.00000,23.00000
Cs2MoBiSe3I3,1.17222,-0.98339,73.43948,30.00000,0.85000,0.11000,1.01527,0.32297,24.49050,0.05060,0.04355,0.33755,24.51555,0.05064,2281.00000,2260.00000,21.00000
Rb2SnCrO3Cl3,1.97710,-1.88444,31.12818,30.00000,0.85000,0.28000,1.04148,0.40654,18.52379,0.05064,0.04006,0.07744,18.48535,0.05069,2282.00000,2261.00000,21.00000
Rb2NbSbO6,1.97238,-2.53495,32.17630,30.00000,0.85000,0.00000,1.09216,0.44286,18.61020,0.05072,0.04017,0.07745,18.60841,0.05074,2283.00000,2264.00000,19.00000
Rb2SnWO3S3,2.02279,-1.72788,25.08200,30.00000,0.85000,0.86000,1.04271,0.39815,17.68892,0.05072,0.03961,0.07903,17.69513,0.05075,2284.00000,2263.00000,21.00000
Rb2NbZnO3Cl3,1.97527,-2.18025,31.93217,30.00000,0.85000,0.28000,1.02446,0.42991,18.55704,0.05076,0.04016,0.07761,18.54167,0.05075,2284.00000,2265.00000,19.00000
Na2GeGaO3Cl3,2.11786,-1.73655,12.28386,30.00000,0.85000,0.28000,0.97146,0.35826,15.96045,0.05085,0.03870,0.08271,15.98071,0.05084,2286.00000,2268.00000,18.00000
K2GeZnO3S3,2.14274,-1.66531,9.44649,30.00000,0.85000,0.86000,1.02225,0.39198,15.51479,0.05102,0.03856,0.08400,15.51407,0.05088,2287.00000,2274.00000,13.00000
Cs2SnInSe3I3,1.54122,-1.07771,78.75973,30.00000,0.85000,0.11000,0.99020,0.35646,24.83935,0.05084,0.04431,0.06962,24.74751,0.05091,2288.00000,2267.00000,21.00000
Cs2SnGaSe3I3,1.45696,-1.07745,82.09290,30.00000,0.85000,0.11000,1.02266,0.31340,25.22933,0.05091,0.04458,0.07179,25.24598,0.05095,2289.00000,2270.00000,19.00000
K2SnMoO6,2.20971,-2.08966,0.27800,30.00000,0.85000,0.00000,1.05373,0.45714,14.33718,0.05100,0.03795,0.08691,14.32827,0.05097,2290.00000,2273.00000,17.00000
Cs2SbZnSe3I3,1.26927,-1.05462,81.44489,30.00000,0.85000,0.11000,1.01711,0.32057,25.18061,0.05099,0.04448,0.12980,25.16677,0.05099,2291.00000,2272.00000,19.00000
Rb2GeFeCl3I3,0.96332,-1.34787,24.22409,30.00000,0.80072,0.50000,1.01600,0.29302,16.46151,0.05325,0.03845,0.59267,17.52388,0.05106,2292.00000,2389.00000,-97.00000
Cs2SnTaSe3Br3,1.35369,-1.47749,83.72761,30.00000,0.85000,0.41000,1.03315,0.33756,25.40892,0.05108,0.04471,0.08548,25.37135,0.05107,2293.00000,2276.00000,17.00000
K2NbMnO3F3,2.21537,-2.89253,0.15667,30.00000,0.85000,0.54000,1.06022,0.47417,14.24004,0.05119,0.03802,0.08758,14.26781,0.05108,2294.00000,2283.00000,11.00000
K2GeCrO6,2.12930,-2.11689,11.38300,30.00000,0.85000,0.00000,1.08979,0.40893,15.75281,0.05104,0.03870,0.08349,15.70431,0.05111,2295.00000,2275.00000,20.00000
Cs2MnZnI6,1.16904,-1.17145,76.07017,30.00000,0.85000,0.00000,0.99741,0.31477,24.45469,0.05111,0.04394,0.35459,24.44243,0.05112,2296.00000,2278.00000,18.00000
Cs2TiInSe3I3,1.35041,-1.38887,84.06237,30.00000,0.85000,0.11000,1.00527,0.33612,25.40611,0.05115,0.04476,0.08643,25.36302,0.05113,2297.00000,2282.00000,15.00000
Cs2NbZnSe3I3,1.33101,-1.22976,83.68668,30.00000,0.85000,0.11000,1.00979,0.33014,25.36875,0.05113,0.04473,0.09295,25.36783,0.05116,2298.00000,2279.00000,19.00000
Rb2GeCuBr6,0.96078,-1.40392,23.91631,30.00000,0.85000,0.00000,1.00469,0.32143,17.28069,0.05144,0.03724,0.59133,17.41027,0.05116,2298.00000,2297.00000,1.00000
Cs2AgInBr3I3,1.22082,-1.28789,80.50193,30.00000,0.85000,0.30000,0.94759,0.42067,24.89877,0.05124,0.04443,0.19927,24.96930,0.05118,2300.00000,2286.00000,14.00000
Cs2GeSbSe3I3,1.31994,-0.96789,84.04087,30.00000,0.79798,0.11000,1.05733,0.27033,23.73813,0.05345,0.04651,0.10312,25.37083,0.05119,2301.00000,2404.00000,-103.00000
Cs2NbMnSe3I3,1.33175,-1.26689,84.53559,30.00000,0.85000,0.11000,1.02734,0.30742,25.36839,0.05128,0.04485,0.09292,25.36642,0.05120,2302.00000,2289.00000,13.00000
Cs2ZrGaSe3I3,1.40198,-1.41043,84.23708,30.00000,0.85000,0.11000,1.01711,0.32057,25.36983,0.05115,0.04480,0.07636,25.30053,0.05123,2303.00000,2281.00000,22.00000
Rb2GeSbO3Cl3,1.95811,-1.77559,36.26028,30.00000,0.85000,0.28000,1.08347,0.35202,18.87253,0.05121,0.04065,0.07786,18.85444,0.05123,2303.00000,2284.00000,19.00000
Cs2MoBiS3I3,1.48591,-1.08159,83.20698,30.00000,0.85000,0.08000,1.02327,0.33416,25.13606,0.05124,0.04481,0.07112,25.13225,0.05126,2305.00000,2287.00000,18.00000
Cs2SnWSe6,1.29560,-0.99595,83.54510,30.00000,0.85000,0.00000,1.03978,0.32576,25.28177,0.05125,0.04474,0.11059,25.25253,0.05126,2305.00000,2288.00000,17.00000
Cs2NbFeSe3I3,1.32408,-1.22207,84.46051,30.00000,0.85000,0.11000,1.02734,0.30742,25.34879,0.05128,0.04484,0.09611,25.32206,0.05131,2307.00000,2290.00000,17.00000
Cs2WSbSe3Br3,1.26361,-1.17609,83.00310,30.00000,0.81304,0.41000,1.05928,0.30457,24.02499,0.05287,0.04590,0.14130,25.16194,0.05132,2308.00000,2363.00000,-55.00000
K2SnCrO3F3,2.21650,-2.38916,0.14014,30.00000,0.85000,0.54000,1.05494,0.48155,14.22077,0.05124,0.03804,0.08774,14.17261,0.05132,2308.00000,2285.00000,23.00000
Rb2VSbO6,1.97075,-2.36831,35.20555,30.00000,0.85000,0.00000,1.11988,0.40714,18.64064,0.05137,0.04063,0.07856,18.66930,0.05132,2308.00000,2291.00000,17.00000
Rb2SnGaO3Cl3,1.99663,-1.85267,31.64105,30.00000,0.85000,0.28000,1.04032,0.40810,18.16512,0.05140,0.04037,0.07943,18.17543,0.05138,2311.00000,2292.00000,19.00000
Na2VNbO6,2.22391,-2.74710,0.22674,30.00000,0.85000,0.00000,0.99137,0.42143,14.09102,0.05157,0.03818,0.08879,14.11877,0.05145,2312.00000,2303.00000,9.00000
Cs2ZrWSe6,1.36511,-1.34065,85.79143,30.00000,0.85000,0.00000,1.03388,0.33333,25.40091,0.05142,0.04501,0.08325,25.38082,0.05146,2313.00000,2295.00000,18.00000
Cs2MoGaSe3I3,1.26664,-1.08465,83.90103,30.00000,0.82988,0.11000,1.04164,0.28947,24.55359,0.05227,0.04547,0.13658,25.13285,0.05148,2314.00000,2327.00000,-13.00000
K2GeNbO3F3,2.15063,-2.65046,9.86302,30.00000,0.85000,0.54000,1.09164,0.43173,15.37356,0.05144,0.03876,0.08513,15.34687,0.05150,2315.00000,2298.00000,17.00000
Cs2GeInSe3I3,1.44285,-0.99992,85.27913,30.00000,0.85000,0.11000,1.01895,0.31818,25.27708,0.05142,0.04502,0.07338,25.23901,0.05151,2316.00000,2294.00000,22.00000
Rb2GeWO6,1.96751,-2.06166,35.99479,30.00000,0.85000,0.00000,1.12273,0.40357,18.69971,0.05145,0.04072,0.07858,18.66117,0.05151,2316.00000,2299.00000,17.00000
Cs2NbTaSe6,1.37286,-1.25082,86.19384,30.00000,0.85000,0.00000,1.04177,0.32323,25.39407,0.05149,0.04506,0.08179,25.35201,0.05151,2316.00000,2301.00000,15.00000
Cs2TiSbSe3I3,1.22499,-1.25755,82.80299,30.00000,0.82800,0.11000,1.04260,0.28828,24.26176,0.05252,0.04545,0.19678,24.99365,0.05155,2319.00000,2340.00000,-21.00000
Na2TiSbO3F3,2.22419,-2.74092,0.19072,30.00000,0.85000,0.54000,0.99158,0.44465,14.08626,0.05157,0.03818,0.08881,14.07280,0.05156,2320.00000,2304.00000,16.00000
Rb2TiCrO6,1.92585,-2.63086,42.00309,30.00000,0.85000,0.00000,1.09760,0.43571,19.46514,0.05145,0.04121,0.07739,19.39874,0.05159,2321.00000,2300.00000,21.00000
Cs2TaSbSe6,1.25136,-1.08157,83.82179,30.00000,0.85000,0.00000,1.04978,0.31313,25.09817,0.05154,0.04483,0.15049,25.07642,0.05161,2322.00000,2302.00000,20.00000
Rb2SnGaO3F3,1.98128,-2.40923,35.00566,30.00000,0.85000,0.54000,1.08177,0.48339,18.44828,0.05167,0.04073,0.07943,18.43842,0.05167,2323.00000,2305.00000,18.00000
Li2GeGaS3Cl3,2.14468,-1.24203,11.74991,30.00000,0.62215,0.58000,0.76161,0.31507,11.35448,0.06417,0.04659,0.11460,15.49799,0.05169,2324.00000,2922.00000,-598.00000
Cs2CrMnSe3I3,1.39840,-1.23854,87.99026,30.00000,0.84782,0.11000,1.03206,0.30144,25.30392,0.05188,0.04541,0.07811,25.38846,0.05177,2325.00000,2310.00000,15.00000
Cs2TiGaSe3I3,1.34612,-1.40147,87.87031,30.00000,0.83542,0.11000,1.03875,0.29306,24.95295,0.05241,0.04577,0.09031,25.39548,0.05180,2326.00000,2334.00000,-8.00000
Rb2ZrBiO3Cl3,2.05832,-2.25526,24.76401,30.00000,0.85000,0.28000,1.00261,0.46106,17.04171,0.05190,0.04000,0.08250,17.05159,0.05181,2327.00000,2313.00000,14.00000
Rb2MoFeO3F3,1.97581,-2.40102,36.15461,30.00000,0.85000,0.54000,1.10233,0.45572,18.54738,0.05175,0.04085,0.07940,18.53058,0.05182,2328.00000,2308.00000,20.00000
Cs2MnBiS3I3,1.27033,-1.09352,86.53413,30.00000,0.85000,0.08000,1.01294,0.34777,25.18640,0.05187,0.04520,0.13179,25.20722,0.05186,2329.00000,2309.00000,20.00000
Cs2TaZnSe3Br3,1.32945,-1.49153,88.20675,30.00000,0.85000,0.41000,1.02344,0.35025,25.36744,0.05191,0.04537,0.09539,25.33668,0.05190,2330.00000,2314.00000,16.00000
Rb2VTaO6,2.01402,-2.83467,31.58561,30.00000,0.85000,0.00000,1.10863,0.42143,17.84868,0.05199,0.04057,0.08107,17.86025,0.05192,2331.00000,2319.00000,12.00000
Rb2VFeO3F3,1.95402,-2.67441,40.29874,30.00000,0.85000,0.54000,1.11648,0.43727,18.94613,0.05199,0.04125,0.07915,18.96068,0.05192,2331.00000,2317.00000,14.00000
Cs2ZrFeSe3I3,1.22793,-1.32561,84.57670,30.00000,0.85000,0.11000,1.01252,0.32656,24.95180,0.05188,0.04499,0.18788,24.95209,0.05193,2333.00000,2311.00000,22.00000
Cs2SnSbSe3Br3,1.41408,-1.15758,88.48674,30.00000,0.84628,0.41000,1.04106,0.32741,25.24675,0.05205,0.04554,0.07654,25.30567,0.05194,2334.00000,2320.00000,14.00000
Cs2VMnSe3I3,1.30476,-1.27279,88.10282,30.00000,0.82034,0.11000,1.04649,0.28349,24.39892,0.05325,0.04637,0.11048,25.32975,0.05195,2335.00000,2388.00000,-53.00000
Rb2GeCrO3Cl3,1.94388,-1.82126,41.76763,30.00000,0.85000,0.28000,1.07974,0.35670,19.13464,0.05199,0.04137,0.07887,19.16557,0.05195,2335.00000,2318.00000,17.00000
Cs2WSbS3I3,1.58089,-1.05217,83.12730,30.00000,0.83915,0.08000,1.05256,0.29703,24.21455,0.05243,0.04542,0.07221,24.57555,0.05197,2337.00000,2336.00000,1.00000
Cs2WInSe3Br3,1.55402,-1.35273,84.26989,30.00000,0.85000,0.41000,1.01961,0.35533,24.75016,0.05194,0.04514,0.07135,24.70988,0.05197,2337.00000,2315.00000,22.00000
Cs2TaFeSe3Br3,1.37600,-1.45729,89.06659,30.00000,0.84458,0.41000,1.04205,0.32614,25.22534,0.05220,0.04564,0.08238,25.35080,0.05200,2339.00000,2323.00000,16.00000
Cs2TaMnSe3Br3,1.34572,-1.53845,89.15000,30.00000,0.84458,0.41000,1.04205,0.32614,25.23455,0.05225,0.04566,0.09015,25.38236,0.05206,2340.00000,2325.00000,15.00000
Cs2GeGaSe3I3,1.42813,-1.01014,89.04860,30.00000,0.80633,0.11000,1.05336,0.27512,23.98979,0.05392,0.04699,0.07853,25.31799,0.05206,2340.00000,2442.00000,-102.00000
Cs2CrMoSe3I3,1.21090,-1.13782,84.55264,30.00000,0.82800,0.11000,1.04260,0.28828,24.15432,0.05298,0.04573,0.23176,24.84527,0.05209,2342.00000,2370.00000,-28.00000
Cs2MoFeSe3I3,1.20049,-1.04949,84.23461,30.00000,0.83904,0.11000,1.03683,0.29545,24.42158,0.05256,0.04536,0.25930,24.77642,0.05211,2343.00000,2343.00000,0.00000
Cs2GeNbSe3I3,1.23690,-1.19540,86.33861,30.00000,0.81443,0.11000,1.04943,0.27990,23.93203,0.05363,0.04640,0.17925,24.99297,0.05211,2343.00000,2419.00000,-76.00000
Cs2CrWSe3Br3,1.44789,-1.34514,88.86964,30.00000,0.81896,0.41000,1.05620,0.30838,24.31684,0.05337,0.04656,0.07645,25.22319,0.05213,2345.00000,2401.00000,-56.00000
Cs2TaCuSe3Br3,1.28713,-1.38239,88.37888,30.00000,0.85000,0.41000,1.02537,0.34772,25.24745,0.05212,0.04545,0.11864,25.21983,0.05214,2346.00000,2321.00000,25.00000
K2GeSbO3F3,2.17405,-2.30880,9.14817,30.00000,0.85000,0.54000,1.10301,0.41697,14.96076,0.05217,0.03901,0.08765,14.96720,0.05215,2347.00000,2322.00000,25.00000
Cs2MnSbI6,1.09210,-1.14997,72.55440,30.00000,0.83646,0.00000,1.02214,0.28295,22.86128,0.05274,0.04410,0.72952,23.20843,0.05218,2348.00000,2351.00000,-3.00000
Cs2VTaSe6,1.33216,-1.27827,89.89816,30.00000,0.84457,0.00000,1.06204,0.29798,25.20541,0.05242,0.04579,0.09538,25.32039,0.05218,2348.00000,2335.00000,13.00000
Cs2WFeSe3Br3,1.50233,-1.27803,88.51750,30.00000,0.83035,0.41000,1.05009,0.31599,24.45264,0.05309,0.04625,0.07369,25.06747,0.05220,2350.00000,2378.00000,-28.00000
Cs2MoSbS3I3,1.41549,-1.01507,90.74712,30.00000,0.83520,0.08000,1.05458,0.29455,24.90487,0.05291,0.04623,0.07790,25.34438,0.05225,2351.00000,2364.00000,-13.00000
Na2SnCuBr6,0.91627,-1.19475,0.08518,30.00000,0.85000,0.00000,0.88719,0.36224,13.71109,0.05246,0.03392,0.49828,13.83997,0.05228,2352.00000,2338.00000,14.00000
Rb2WInO3Cl3,2.06174,-1.86498,26.04397,30.00000,0.85000,0.28000,1.02001,0.43614,16.97910,0.05234,0.04026,0.08346,17.00514,0.05229,2353.00000,2329.00000,24.00000
Cs2SbAgCl3I3,1.44873,-1.25613,90.09599,30.00000,0.85000,0.50000,0.98817,0.38653,25.25510,0.05225,0.04571,0.07448,25.24214,0.05229,2353.00000,2324.00000,29.00000
Cs2SnSbS3I3,1.49801,-0.98353,88.61740,30.00000,0.85000,0.08000,1.03479,0.31931,25.06906,0.05225,0.04561,0.07241,25.06137,0.05230,2355.00000,2326.00000,29.00000
Cs2MnBiO3I3,1.42675,-1.44055,90.87998,30.00000,0.85000,0.78000,1.03982,0.39028,25.33085,0.05234,0.04577,0.07588,25.34150,0.05234,2356.00000,2330.00000,26.00000
K2GeInO3F3,2.16361,-2.38689,11.32302,30.00000,0.85000,0.54000,1.04841,0.49077,15.14586,0.05237,0.03922,0.08757,15.12336,0.05234,2356.00000,2331.00000,25.00000
Cs2SnGeI6,1.09900,-1.09931,74.44574,30.00000,0.82783,0.00000,1.02669,0.27727,22.75642,0.05329,0.04462,0.72911,23.38863,0.05236,2358.00000,2392.00000,-34.00000
Cs2MnInSe3I3,1.17199,-1.18622,83.49581,30.00000,0.85000,0.11000,0.99812,0.34569,24.48884,0.05239,0.04499,0.35564,24.47807,0.05237,2359.00000,2333.00000,26.00000
Rb2WBiO3F3,2.08381,-2.28966,23.21300,30.00000,0.85000,0.54000,1.06848,0.50185,16.57550,0.05244,0.04010,0.08451,16.61177,0.05237,2359.00000,2337.00000,22.00000
Cs2MoSbSe3I3,1.12859,-0.98281,79.24253,30.00000,0.82228,0.11000,1.04552,0.28469,23.11227,0.05368,0.04540,0.60730,23.98982,0.05238,2361.00000,2422.00000,-61.00000
K2WGaO3F3,2.22776,-2.37860,2.01750,30.00000,0.85000,0.54000,1.07775,0.45018,14.02544,0.05229,0.03859,0.09049,13.97913,0.05241,2362.00000,2328.00000,34.00000
Cs2GeWSe6,1.29838,-0.99160,90.77550,30.00000,0.82305,0.00000,1.07247,0.28535,24.45889,0.05365,0.04667,0.11531,25.26141,0.05243,2363.00000,2421.00000,-58.00000
Cs2TiWSe6,1.27350,-1.30241,89.60520,30.00000,0.85000,0.00000,1.05690,0.30429,25.19519,0.05238,0.04563,0.13059,25.17427,0.05244,2364.00000,2332.00000,32.00000
Cs2ZrSbSe3Br3,1.46178,-1.59565,91.01453,30.00000,0.85000,0.41000,1.03512,0.33503,25.21258,0.05247,0.04587,0.07396,25.19633,0.05247,2365.00000,2339.00000,26.00000
Cs2WSbO3I3,1.55820,-1.44085,87.12784,30.00000,0.79682,0.78000,1.08423,0.33333,23.14149,0.05483,0.04738,0.07607,24.69114,0.05250,2366.00000,2499.00000,-133.00000
Cs2TiFeSe3I3,1.23341,-1.30597,88.27594,30.00000,0.84436,0.11000,1.03396,0.29904,24.82017,0.05270,0.04569,0.18163,25.00336,0.05252,2367.00000,2350.00000,17.00000
Cs2GeTaSe3Br3,1.28360,-1.40769,90.96688,30.00000,0.80070,0.41000,1.06550,0.29695,23.73068,0.05477,0.04751,0.12924,25.23889,0.05254,2368.00000,2494.00000,-126.00000
Cs2ZrInSe3Br3,1.39181,-1.70196,92.46367,30.00000,0.85000,0.41000,0.99720,0.38579,25.38519,0.05255,0.04596,0.08024,25.34369,0.05258,2369.00000,2341.00000,28.00000
Cs2SnInSe3Br3,1.51443,-1.24964,89.87708,30.00000,0.85000,0.41000,1.00271,0.37817,24.99488,0.05258,0.04585,0.07259,25.02614,0.05259,2370.00000,2345.00000,25.00000
K2ZrGaO3F3,2.23070,-2.79961,2.46342,30.00000,0.85000,0.54000,1.04582,0.49446,13.97559,0.05256,0.03872,0.09119,13.94474,0.05261,2371.00000,2342.00000,29.00000
Cs2WBiO3I3,1.66653,-1.48057,80.15334,30.00000,0.85000,0.78000,1.04926,0.37778,23.66666,0.05264,0.04503,0.07334,23.65897,0.05264,2372.00000,2346.00000,26.00000
Cs2WMnSe6,1.22595,-1.07972,88.95526,30.00000,0.85000,0.00000,1.04877,0.31439,24.93927,0.05266,0.04563,0.19586,24.94218,0.05264,2372.00000,2348.00000,24.00000
K2GeGaO3Cl3,2.16896,-1.84014,11.24870,30.00000,0.85000,0.28000,1.05255,0.35826,15.05059,0.05257,0.03930,0.08821,15.02303,0.05266,2374.00000,2344.00000,30.00000
Cs2VCuSe3I3,1.19802,-1.16485,87.34923,30.00000,0.85000,0.11000,1.03017,0.30383,24.73536,0.05267,0.04546,0.26831,24.77593,0.05268,2375.00000,2349.00000,26.00000
Rb2MoMnO6,2.00064,-2.03016,37.01134,30.00000,0.85000,0.00000,1.09352,0.44107,18.09224,0.05281,0.04129,0.08214,18.11027,0.05270,2376.00000,2358.00000,18.00000
Cs2SnMnBr3I3,1.13932,-1.33389,82.15563,30.00000,0.85000,0.30000,1.01916,0.32091,24.08839,0.05276,0.04489,0.52662,24.09280,0.05273,2377.00000,2353.00000,24.00000
Li2GeGaO3Cl3,2.15639,-1.74140,13.55566,30.00000,0.70683,0.28000,0.76711,0.35826,12.71050,0.05978,0.04384,0.10423,15.22706,0.05276,2378.00000,2770.00000,-392.00000
Rb2SnFeO3F3,2.01802,-2.30027,34.26587,30.00000,0.85000,0.54000,1.07508,0.49262,17.77672,0.05277,0.04106,0.08269,17.80424,0.05282,2379.00000,2354.00000,25.00000
Cs2ZrCrSe3I3,1.17153,-1.34658,84.89748,30.00000,0.85000,0.11000,1.01803,0.31938,24.48302,0.05265,0.04519,0.36035,24.40350,0.05283,2380.00000,2347.00000,33.00000
Rb2TiFeO3F3,1.97608,-2.71939,40.57434,30.00000,0.85000,0.54000,1.09816,0.46125,18.54260,0.05279,0.04156,0.08126,18.54236,0.05283,2380.00000,2355.00000,25.00000
Cs2WBiS3I3,1.71131,-1.11984,76.75611,30.00000,0.85000,0.08000,1.02138,0.33663,23.08120,0.05283,0.04478,0.07436,23.07205,0.05284,2382.00000,2360.00000,22.00000
Cs2SbZnSe3Br3,1.33254,-1.23168,93.52397,30.00000,0.85000,0.41000,1.03120,0.34010,25.37211,0.05282,0.04612,0.09610,25.33672,0.05286,2383.00000,2359.00000,24.00000
Cs2MoAgS3I3,1.35971,-1.07366,93.53454,30.00000,0.85000,0.08000,0.98843,0.38119,25.40884,0.05275,0.04611,0.08731,25.29367,0.05286,2383.00000,2352.00000,31.00000
Cs2SnVSe3I3,1.14304,-1.17224,82.80046,30.00000,0.83724,0.11000,1.03779,0.29426,23.77291,0.05335,0.04538,0.50610,24.07687,0.05287,2385.00000,2398.00000,-13.00000
Cs2MoInSe3Br3,1.27159,-1.35078,92.05311,30.00000,0.85000,0.41000,1.02152,0.35279,25.18832,0.05281,0.04598,0.13384,25.18424,0.05288,2386.00000,2357.00000,29.00000
Cs2AgGaBr3I3,1.14486,-1.29145,83.93404,30.00000,0.85000,0.30000,0.97736,0.37740,24.16993,0.05297,0.04514,0.49437,24.16449,0.05289,2387.00000,2369.00000,18.00000
Rb2TiWO6,2.04148,-2.79143,30.99365,30.00000,0.85000,0.00000,1.10171,0.43036,17.34761,0.05284,0.04082,0.08361,17.31772,0.05290,2388.00000,2361.00000,27.00000
Cs2VFeSe3I3,1.18836,-1.20979,88.02130,30.00000,0.82034,0.11000,1.04649,0.28349,23.76579,0.05424,0.04657,0.30691,24.69249,0.05292,2389.00000,2464.00000,-75.00000
Cs2SnZnCl3I3,1.47049,-1.40249,92.92277,30.00000,0.85000,0.50000,1.00997,0.35661,25.18799,0.05284,0.04615,0.07422,25.12056,0.05292,2389.00000,2362.00000,27.00000
Cs2SnBiS3I3,1.67022,-1.01659,81.41120,30.00000,0.85000,0.08000,1.00463,0.35891,23.62188,0.05293,0.04523,0.07387,23.54406,0.05292,2389.00000,2365.00000,24.00000
K2GeGaS3Cl3,2.18829,-1.37578,9.98021,30.00000,0.81952,0.58000,1.02089,0.31507,14.18716,0.05431,0.04018,0.09302,14.75753,0.05293,2392.00000,2468.00000,-76.00000
Cs2WGaSe3Br3,1.58039,-1.36334,88.10646,30.00000,0.82091,0.41000,1.05518,0.30964,23.68165,0.05412,0.04676,0.07490,24.45788,0.05295,2393.00000,2454.00000,-61.00000
Rb2CrMoO6,2.00295,-2.11515,37.28095,30.00000,0.85000,0.00000,1.10171,0.43036,18.05018,0.05295,0.04137,0.08249,18.03615,0.05296,2394.00000,2368.00000,26.00000
Cs2WAgO3I3,1.56663,-1.42023,89.75207,30.00000,0.85000,0.78000,1.01054,0.43056,24.66249,0.05302,0.04598,0.07304,24.65119,0.05300,2395.00000,2373.00000,22.00000
K2SnCrO6,2.25633,-2.07151,0.14106,30.00000,0.85000,0.00000,1.04731,0.46607,13.53263,0.05295,0.03873,0.09352,13.50047,0.05300,2395.00000,2366.00000,29.00000
Cs2ZrMoSe6,1.28343,-1.35617,93.94090,30.00000,0.85000,0.00000,1.03584,0.33081,25.23900,0.05309,0.04624,0.12436,25.25189,0.05302,2397.00000,2379.00000,18.00000
Cs2MoWSe6,1.15217,-1.05257,85.43839,30.00000,0.84866,0.00000,1.05997,0.30051,24.21724,0.05314,0.04537,0.45060,24.31347,0.05303,2398.00000,2382.00000,16.00000
K2MoGaO3Cl3,2.24665,-1.84778,2.24001,30.00000,0.85000,0.28000,1.03826,0.37695,13.70138,0.05318,0.03895,0.09339,13.72962,0.05303,2398.00000,2384.00000,14.00000
Cs2TaCuO3I3,1.50167,-1.92344,93.04615,30.00000,0.85000,0.78000,1.04714,0.38056,25.05195,0.05304,0.04626,0.07356,25.07421,0.05303,2398.00000,2375.00000,23.00000
Cs2SbAgBr3I3,1.10236,-1.22607,79.33562,30.00000,0.85000,0.30000,0.98079,0.37260,23.44928,0.05314,0.04463,0.74308,23.56068,0.05304,2401.00000,2381.00000,20.00000
Cs2MoBiO3I3,1.60339,-1.42037,87.21409,30.00000,0.85000,0.78000,1.05137,0.37500,24.33811,0.05298,0.04575,0.07307,24.30125,0.05304,2401.00000,2372.00000,29.00000
Na2GeSbO3F3,2.18726,-2.24810,9.97938,30.00000,0.85000,0.54000,1.01094,0.41697,14.73081,0.05295,0.03937,0.08983,14.69113,0.05305,2403.00000,2367.00000,36.00000
Cs2MnGaSe3I3,1.17472,-1.19306,87.25170,30.00000,0.84953,0.11000,1.03112,0.30263,24.50758,0.05304,0.04553,0.34956,24.46808,0.05307,2404.00000,2374.00000,30.00000
Cs2SnCrS3I3,1.36015,-1.15377,95.32901,30.00000,0.85000,0.08000,1.03189,0.32302,25.40903,0.05306,0.04637,0.08773,25.35458,0.05310,2405.00000,2377.00000,28.00000
Cs2SnGeCl3I3,1.38562,-1.34107,95.79808,30.00000,0.80700,0.50000,1.05052,0.30424,24.07231,0.05505,0.04791,0.08606,25.34819,0.05312,2406.00000,2512.00000,-106.00000
Cs2SbZnS3I3,1.48538,-1.06061,93.66041,30.00000,0.85000,0.08000,1.02517,0.33168,25.13884,0.05305,0.04630,0.07400,25.10598,0.05313,2407.00000,2376.00000,31.00000
K2GeFeCl3I3,0.92028,-1.28989,5.27803,30.00000,0.80150,0.50000,0.99418,0.29302,13.23515,0.05544,0.03571,0.52056,14.08235,0.05314,2408.00000,2535.00000,-127.00000
Cs2GeZnBr3I3,1.17891,-1.32657,88.28519,30.00000,0.83379,0.30000,1.03136,0.30529,24.08164,0.05384,0.04618,0.33709,24.59426,0.05315,2409.00000,2435.00000,-26.00000
Cs2SnVS3I3,1.34945,-1.23078,95.45955,30.00000,0.85000,0.08000,1.04657,0.30446,25.40590,0.05310,0.04638,0.09075,25.31949,0.05316,2410.00000,2380.00000,30.00000
Cs2SnMnCl3I3,1.27553,-1.40310,93.97200,30.00000,0.84647,0.50000,1.02792,0.33292,25.10009,0.05327,0.04637,0.13167,25.18840,0.05317,2411.00000,2391.00000,20.00000
Cs2AgGaCl3I3,1.35686,-1.38176,95.95522,30.00000,0.85000,0.50000,0.98463,0.39152,25.41034,0.05318,0.04645,0.08885,25.38441,0.05318,2412.00000,2383.00000,29.00000
Cs2TiCrSe3I3,1.17724,-1.37062,88.62533,30.00000,0.83359,0.11000,1.03971,0.29187,24.06235,0.05394,0.04625,0.34569,24.56229,0.05319,2413.00000,2443.00000,-30.00000
K2GeMoO6,2.19250,-2.07927,10.09711,30.00000,0.85000,0.00000,1.09674,0.40000,14.63964,0.05321,0.03948,0.09063,14.65315,0.05324,2414.00000,2386.00000,28.00000
Rb2WGaO3Cl3,2.07411,-1.87787,28.10907,30.00000,0.85000,0.28000,1.06146,0.38006,16.75268,0.05334,0.04079,0.08580,16.77872,0.05326,2415.00000,2396.00000,19.00000
Cs2MnInS3I3,1.32138,-1.15885,96.26065,30.00000,0.85000,0.08000,1.00555,0.35767,25.34282,0.05332,0.04653,0.10217,25.33715,0.05331,2416.00000,2394.00000,22.00000
Cs2NbCuS3I3,1.38151,-1.15973,96.84979,30.00000,0.85000,0.08000,1.01949,0.33911,25.39086,0.05330,0.04658,0.08337,25.33579,0.05331,2416.00000,2393.00000,23.00000
Rb2SnNbO3Cl3,2.06529,-2.22413,28.82540,30.00000,0.85000,0.28000,1.03574,0.41433,16.91441,0.05319,0.04078,0.08516,16.87031,0.05332,2418.00000,2385.00000,33.00000
Rb2MnGaO3F3,1.98867,-2.47058,40.49149,30.00000,0.85000,0.54000,1.09401,0.46679,18.31149,0.05322,0.04170,0.08245,18.28450,0.05332,2418.00000,2387.00000,31.00000
Cs2SnCrSe3I3,1.11783,-1.12397,82.70001,30.00000,0.85000,0.11000,1.02360,0.31220,23.73698,0.05336,0.04505,0.69878,23.73637,0.05334,2420.00000,2399.00000,21.00000
Cs2NbSbSe6,1.20099,-1.04446,91.24876,30.00000,0.85000,0.00000,1.04978,0.31313,24.75776,0.05334,0.04601,0.26340,24.78025,0.05335,2421.00000,2395.00000,26.00000
Cs2SnNbS3I3,1.57634,-1.23387,91.28132,30.00000,0.85000,0.08000,1.02708,0.32921,24.57351,0.05337,0.04623,0.07366,24.56616,0.05339,2422.00000,2400.00000,22.00000
Cs2MnSbCl3I3,1.23470,-1.41969,93.68508,30.00000,0.81631,0.50000,1.04552,0.31047,23.97652,0.05490,0.04743,0.18893,25.00537,0.05340,2423.00000,2502.00000,-79.00000
Cs2ZrGaSe3Br3,1.34811,-1.69449,97.10261,30.00000,0.85000,0.41000,1.03120,0.34010,25.40341,0.05339,0.04661,0.09177,25.35270,0.05341,2424.00000,2402.00000,22.00000
Cs2GeSbSe3Br3,1.46265,-1.11300,96.41744,30.00000,0.78326,0.41000,1.07391,0.28680,23.18621,0.05650,0.04905,0.08067,25.21013,0.05343,2425.00000,2598.00000,-173.00000
Cs2TaZnO3I3,1.55412,-1.97099,92.85602,30.00000,0.85000,0.78000,1.04504,0.38333,24.75009,0.05345,0.04638,0.07370,24.75548,0.05344,2426.00000,2403.00000,23.00000
Cs2BiAgI6,1.03387,-1.07502,66.06639,30.00000,0.85000,0.00000,0.94435,0.38864,21.50332,0.05353,0.04305,0.74053,21.54259,0.05345,2427.00000,2410.00000,17.00000
Rb2GeWO3S3,2.04792,-1.61984,32.96930,30.00000,0.80666,0.86000,1.08089,0.34877,16.35489,0.05552,0.04247,0.08925,17.27677,0.05347,2428.00000,2539.00000,-111.00000
Rb2NbZnO3F3,2.02820,-2.71816,35.56322,30.00000,0.85000,0.54000,1.06325,0.50923,17.58985,0.05348,0.04140,0.08430,17.59098,0.05348,2429.00000,2407.00000,22.00000
Cs2MoFeS3I3,1.42623,-1.10531,97.37209,30.00000,0.85000,0.08000,1.04558,0.30569,25.33118,0.05346,0.04670,0.07781,25.26818,0.05353,2430.00000,2405.00000,25.00000
K2ZrSbO3F3,2.26739,-2.75422,0.21256,30.00000,0.85000,0.54000,1.05101,0.48708,13.34295,0.05346,0.03894,0.09525,13.30417,0.05353,2430.00000,2406.00000,24.00000
Cs2ZrFeS3I3,1.36728,-1.38140,97.83791,30.00000,0.85000,0.08000,1.02043,0.33787,25.40473,0.05348,0.04672,0.08681,25.35656,0.05355,2432.00000,2409.00000,23.00000
Cs2CrWSe6,1.16281,-1.16580,89.22661,30.00000,0.85000,0.00000,1.05485,0.30682,24.39292,0.05356,0.04584,0.40917,24.36820,0.05357,2433.00000,2412.00000,21.00000
Cs2MoGaSe3Br3,1.27479,-1.35368,96.64757,30.00000,0.81701,0.41000,1.05723,0.30711,24.19417,0.05506,0.04778,0.13800,25.24154,0.05357,2433.00000,2513.00000,-80.00000
Cs2TiInSe3Br3,1.28802,-1.67603,96.87598,30.00000,0.85000,0.41000,1.01866,0.35660,25.25060,0.05359,0.04665,0.12223,25.19532,0.05359,2435.00000,2414.00000,21.00000
Cs2GeVSe3I3,1.17125,-1.16582,89.91828,30.00000,0.77138,0.11000,1.06941,0.25598,22.12879,0.05730,0.04872,0.39110,24.49179,0.05359,2435.00000,2659.00000,-224.00000
Cs2CrMoS3I3,1.40693,-1.18550,97.79713,30.00000,0.84110,0.08000,1.05156,0.29827,25.09806,0.05387,0.04703,0.08051,25.30594,0.05360,2437.00000,2439.00000,-2.00000
Cs2SnGaSe3Br3,1.54637,-1.24102,94.25373,30.00000,0.85000,0.41000,1.03709,0.33249,24.80231,0.05361,0.04655,0.07400,24.79658,0.05362,2438.00000,2416.00000,22.00000
Cs2NbZnSe3Br3,1.25567,-1.45788,96.50364,30.00000,0.85000,0.41000,1.02344,0.35025,25.11195,0.05371,0.04664,0.15364,25.14218,0.05363,2439.00000,2423.00000,16.00000
Cs2MnBiSe3I3,1.06933,-1.09824,76.00959,30.00000,0.85000,0.11000,1.00527,0.33612,22.66263,0.05365,0.04430,0.76072,22.66885,0.05363,2439.00000,2420.00000,19.00000
Cs2ZrCrS3I3,1.41475,-1.44328,98.26723,30.00000,0.85000,0.08000,1.02613,0.33045,25.36160,0.05357,0.04681,0.07906,25.29374,0.05363,2439.00000,2413.00000,26.00000
K2TiSbO3Cl3,2.26794,-2.07730,0.16988,30.00000,0.85000,0.28000,1.03944,0.37539,13.33360,0.05348,0.03894,0.09532,13.28352,0.05364,2442.00000,2408.00000,34.00000
Rb2MoBiO3F3,2.09026,-2.28653,26.74534,30.00000,0.85000,0.54000,1.07111,0.49815,16.45751,0.05362,0.04080,0.08699,16.46862,0.05365,2443.00000,2418.00000,25.00000
Cs2SnNbSe3Br3,1.18098,-1.44896,91.14759,30.00000,0.85000,0.41000,1.03315,0.33756,24.59052,0.05360,0.04605,0.32978,24.53873,0.05369,2444.00000,2415.00000,29.00000
Cs2GeInSe3Br3,1.47274,-1.24902,97.93587,30.00000,0.85000,0.41000,1.03315,0.33756,25.18402,0.05372,0.04687,0.07553,25.17935,0.05372,2445.00000,2424.00000,21.00000
Cs2TiSbSe3Br3,1.24302,-1.48128,95.32437,30.00000,0.81503,0.41000,1.05826,0.30584,23.98657,0.05518,0.04770,0.17615,24.98336,0.05374,2446.00000,2518.00000,-72.00000
Cs2SnFeF3I3,1.39188,-1.95068,99.15748,30.00000,0.79879,1.32000,1.06103,0.38034,23.80856,0.05606,0.04873,0.08672,25.39046,0.05374,2446.00000,2565.00000,-119.00000
Cs2NbMnS3I3,1.45850,-1.26343,97.77875,30.00000,0.85000,0.08000,1.03576,0.31807,25.22259,0.05362,0.04682,0.07601,25.19124,0.05375,2448.00000,2417.00000,31.00000
Rb2GeTaO3F3,2.03311,-2.68420,36.11351,30.00000,0.85000,0.54000,1.12080,0.43173,17.49948,0.05380,0.04155,0.08507,17.47582,0.05375,2448.00000,2431.00000,17.00000
Cs2CrAgS3I3,1.29994,-1.12334,98.02257,30.00000,0.85000,0.08000,0.98402,0.38738,25.28745,0.05373,0.04681,0.11464,25.30941,0.05376,2450.00000,2425.00000,25.00000
Cs2TaMnS3I3,1.63167,-1.27094,89.28106,30.00000,0.85000,0.08000,1.03576,0.31807,24.05084,0.05377,0.04617,0.07451,24.02539,0.05376,2450.00000,2428.00000,22.00000
Cs2SbZnO3I3,1.45078,-1.34476,98.77409,30.00000,0.84909,0.78000,1.05350,0.37222,25.22459,0.05379,0.04698,0.07685,25.27316,0.05377,2452.00000,2429.00000,23.00000
Rb2SnMoO6,2.06017,-2.08165,32.18251,30.00000,0.85000,0.00000,1.08146,0.45714,17.00728,0.05384,0.04127,0.08619,17.03616,0.05378,2453.00000,2437.00000,16.00000
Cs2MnZnCl3I3,1.36683,-1.52183,99.66905,30.00000,0.85000,0.50000,1.01839,0.34539,25.40410,0.05380,0.04698,0.08751,25.39693,0.05378,2453.00000,2430.00000,23.00000
Rb2WFeO3F3,2.07280,-2.53444,29.96912,30.00000,0.85000,0.54000,1.09955,0.45941,16.77687,0.05377,0.04109,0.08655,16.79843,0.05379,2455.00000,2427.00000,28.00000
Cs2FeSbO3I3,1.39836,-1.34287,99.85537,30.00000,0.81539,0.78000,1.07416,0.34583,24.31202,0.05539,0.04824,0.08438,25.35403,0.05381,2456.00000,2531.00000,-75.00000
Cs2SnZnBr3I3,1.09285,-1.32609,81.35271,30.00000,0.85000,0.30000,1.00184,0.34375,23.26035,0.05380,0.04496,0.76279,23.23873,0.05381,2456.00000,2432.00000,24.00000
Cs2TiSbS3I3,1.54382,-1.33967,95.46281,30.00000,0.84110,0.08000,1.05156,0.29827,24.55618,0.05419,0.04701,0.07487,24.77554,0.05382,2458.00000,2459.00000,-1.00000
Cs2NbFeSe3Br3,1.26909,-1.41997,97.53746,30.00000,0.84458,0.41000,1.04205,0.32614,25.01464,0.05401,0.04695,0.14011,25.17569,0.05382,2458.00000,2446.00000,12.00000
Cs2MnSbF3I3,1.46070,-2.04798,98.93961,30.00000,0.76628,1.32000,1.08111,0.35470,22.67805,0.05785,0.05011,0.08309,25.23394,0.05383,2460.00000,2683.00000,-223.00000
Cs2NbMnSe3Br3,1.27319,-1.52804,97.63775,30.00000,0.84458,0.41000,1.04205,0.32614,25.02946,0.05400,0.04696,0.13615,25.19671,0.05383,2460.00000,2445.00000,15.00000
Cs2MoSbO3I3,1.55338,-1.41860,95.53574,30.00000,0.79245,0.78000,1.08649,0.33056,23.04360,0.05657,0.04881,0.07877,24.73736,0.05384,2462.00000,2605.00000,-143.00000
Cs2MoInS3I3,1.60139,-1.13588,92.18666,30.00000,0.85000,0.08000,1.01573,0.34406,24.35676,0.05384,0.04646,0.07439,24.35758,0.05385,2463.00000,2436.00000,27.00000
Cs2MoAgO3I3,1.47100,-1.36304,98.54676,30.00000,0.85000,0.78000,1.01251,0.42778,25.18736,0.05382,0.04696,0.07578,25.13100,0.05389,2464.00000,2433.00000,31.00000
Cs2AgGaI6,1.05805,-1.15847,74.32326,30.00000,0.85000,0.00000,0.96650,0.35682,22.32666,0.05383,0.04412,0.76207,22.36017,0.05389,2464.00000,2434.00000,30.00000
Cs2MoFeSe3Br3,1.25111,-1.25482,97.23157,30.00000,0.82663,0.41000,1.05212,0.31345,24.37871,0.05491,0.04755,0.16353,25.07844,0.05390,2466.00000,2504.00000,-38.00000
Cs2MnSbO3I3,1.40924,-1.46228,99.96026,30.00000,0.81539,0.78000,1.07416,0.34583,24.30098,0.05542,0.04825,0.08307,25.31682,0.05392,2467.00000,2533.00000,-66.00000
Rb2SnMoO3S3,2.07938,-1.75791,29.26496,30.00000,0.85000,0.86000,1.04502,0.39506,16.65714,0.05385,0.04106,0.08696,16.61746,0.05394,2468.00000,2438.00000,30.00000
Cs2GeSbS3I3,1.53316,-0.98471,96.55185,30.00000,0.81008,0.08000,1.06681,0.27970,23.69498,0.05571,0.04824,0.07736,24.79571,0.05399,2469.00000,2546.00000,-77.00000
Rb2ZrGaO3Cl3,2.05685,-2.33778,33.39443,30.00000,0.85000,0.28000,1.03346,0.41745,17.06875,0.05402,0.04142,0.08641,17.06293,0.05400,2470.00000,2447.00000,23.00000
Rb2ZrFeO3F3,2.03337,-2.76286,36.45196,30.00000,0.85000,0.54000,1.06717,0.50369,17.49456,0.05389,0.04161,0.08525,17.45217,0.05400,2470.00000,2441.00000,29.00000
Cs2SnSbO3I3,1.59550,-1.34195,93.17962,30.00000,0.83227,0.78000,1.06428,0.35833,23.89322,0.05474,0.04719,0.07581,24.39323,0.05403,2472.00000,2489.00000,-17.00000
Cs2ZrFeSe3Br3,1.24628,-1.60627,97.69681,30.00000,0.85000,0.41000,1.02634,0.34645,25.06896,0.05399,0.04683,0.16677,25.01911,0.05404,2473.00000,2444.00000,29.00000
Rb2TaSbO6,2.09005,-2.58574,27.71708,30.00000,0.85000,0.00000,1.09216,0.44286,16.46144,0.05387,0.04096,0.08744,16.36178,0.05405,2474.00000,2440.00000,34.00000
Cs2VZnS3I3,1.38564,-1.21144,101.34280,30.00000,0.85000,0.08000,1.03674,0.31683,25.39386,0.05407,0.04722,0.08411,25.36518,0.05406,2475.00000,2451.00000,24.00000
Cs2NbFeS3I3,1.52596,-1.23332,97.67836,30.00000,0.85000,0.08000,1.03576,0.31807,24.93749,0.05403,0.04698,0.07471,24.89186,0.05406,2475.00000,2448.00000,27.00000
Cs2SnInS3I3,1.64177,-1.06985,90.00822,30.00000,0.85000,0.08000,0.99737,0.36881,23.95378,0.05406,0.04633,0.07513,23.91500,0.05406,2475.00000,2449.00000,26.00000
Cs2MnCuCl3I3,1.28653,-1.36506,99.88850,30.00000,0.85000,0.50000,1.02028,0.34289,25.24430,0.05411,0.04709,0.12494,25.23869,0.05411,2478.00000,2453.00000,25.00000
Cs2GeCrSe3I3,1.13707,-1.09785,89.80579,30.00000,0.80427,0.11000,1.05435,0.27392,22.71109,0.05635,0.04758,0.58164,24.04883,0.05412,2479.00000,2585.00000,-106.00000
Cs2CrMoSe3Br3,1.22298,-1.32388,97.65615,30.00000,0.81503,0.41000,1.05826,0.30584,23.85860,0.05582,0.04810,0.21782,24.98078,0.05412,2479.00000,2552.00000,-73.00000
Cs2TaMnO3I3,1.59699,-2.03313,93.90013,30.00000,0.83048,0.78000,1.06536,0.35694,23.82801,0.05497,0.04736,0.07618,24.37925,0.05413,2481.00000,2508.00000,-27.00000
Cs2MoWS3Se3,1.51070,-1.11823,99.00543,30.00000,0.85000,0.03000,1.06983,0.31152,25.01223,0.05414,0.04715,0.07504,25.00508,0.05415,2482.00000,2456.00000,26.00000
Cs2VCuS3I3,1.41665,-1.16824,101.56951,30.00000,0.85000,0.08000,1.03869,0.31436,25.35994,0.05414,0.04729,0.07982,25.34737,0.05415,2482.00000,2455.00000,27.00000
Cs2FeMnSe3I3,1.12160,-1.16412,87.64580,30.00000,0.85000,0.11000,1.02640,0.30861,23.79905,0.05417,0.04575,0.68017,23.80581,0.05419,2484.00000,2458.00000,26.00000
K2GeFeS3Br3,0.91687,-1.20664,6.28681,30.00000,0.83390,0.38000,1.00629,0.30921,13.49619,0.05499,0.03519,0.52526,13.79424,0.05420,2485.00000,2509.00000,-24.00000
Cs2SnFeO3I3,1.49592,-1.29892,100.18291,30.00000,0.84750,0.78000,1.05457,0.37083,25.00536,0.05435,0.04734,0.07580,25.09299,0.05420,2485.00000,2471.00000,14.00000
Cs2MnGaS3I3,1.30989,-1.16047,101.28937,30.00000,0.85000,0.08000,1.03967,0.31312,25.32253,0.05422,0.04726,0.11021,25.29600,0.05422,2487.00000,2462.00000,25.00000
Rb2GeZnO3S3,2.00674,-1.66450,41.47446,30.00000,0.85000,0.86000,1.04733,0.39198,17.98143,0.05410,0.04209,0.08469,17.91599,0.05424,2488.00000,2452.00000,36.00000
Cs2AgGaF3I3,1.45424,-1.97329,101.33160,30.00000,0.85000,1.32000,1.01194,0.44729,25.24037,0.05421,0.04732,0.07727,25.21161,0.05425,2489.00000,2460.00000,29.00000
Cs2WAgS3I3,1.69827,-1.08267,85.57553,30.00000,0.85000,0.08000,0.98666,0.38366,23.26175,0.05421,0.04600,0.07636,23.21291,0.05426,2490.00000,2461.00000,29.00000
Cs2TaCuSe3Cl3,1.41667,-1.43007,102.17797,30.00000,0.85000,0.61000,1.03462,0.36148,25.35985,0.05425,0.04738,0.07999,25.31512,0.05427,2491.00000,2467.00000,24.00000
Cs2TiGaSe3Br3,1.36901,-1.63590,101.98016,30.00000,0.82283,0.41000,1.05416,0.31091,24.56411,0.05542,0.04826,0.09026,25.33549,0.05430,2492.00000,2534.00000,-42.00000
Rb2SnBiO3F3,2.11208,-2.36704,25.69071,30.00000,0.85000,0.54000,1.04536,0.53506,16.06343,0.05423,0.04095,0.08897,16.02521,0.05431,2493.00000,2463.00000,30.00000
Rb2FeSbS3I3,0.93669,-0.95080,19.04906,30.00000,0.85000,0.08000,1.00079,0.30817,15.34118,0.05424,0.03666,0.57648,15.24654,0.05433,2494.00000,2465.00000,29.00000
Cs2SnMnF3I3,1.52797,-2.06549,99.26094,30.00000,0.79879,1.32000,1.06103,0.38034,23.39275,0.05671,0.04906,0.07895,24.89534,0.05433,2494.00000,2618.00000,-124.00000
Cs2NbCuO3I3,1.44753,-1.84200,102.32870,30.00000,0.85000,0.78000,1.04714,0.38056,25.26025,0.05435,0.04745,0.07803,25.29642,0.05435,2496.00000,2472.00000,24.00000
Cs2ZrWS3Se3,1.52307,-1.39283,99.48851,30.00000,0.85000,0.03000,1.04278,0.34555,24.95115,0.05432,0.04724,0.07522,24.90511,0.05435,2496.00000,2469.00000,27.00000
K2MnBiSe6,0.90286,-0.95489,0.35560,30.00000,0.85000,0.00000,0.95423,0.35480,12.70965,0.05530,0.03405,0.50201,12.95590,0.05435,2496.00000,2525.00000,-29.00000
Cs2VMnS3I3,1.41675,-1.27337,102.59229,30.00000,0.83320,0.08000,1.05559,0.29332,24.84204,0.05507,0.04802,0.08139,25.35311,0.05436,2499.00000,2514.00000,-15.00000
K2SnNbO3F3,2.28610,-2.70953,0.21953,30.00000,0.85000,0.54000,1.04841,0.49077,13.02918,0.05434,0.03930,0.09845,13.01294,0.05436,2499.00000,2470.00000,29.00000
Cs2SnZnF3I3,1.54735,-2.03443,98.09097,30.00000,0.82571,1.32000,1.04062,0.40741,24.07484,0.05539,0.04794,0.07679,24.74816,0.05438,2501.00000,2532.00000,-31.00000
Cs2SnInO3I3,1.61505,-1.45558,94.67679,30.00000,0.85000,0.78000,1.02246,0.41389,24.22220,0.05449,0.04688,0.07545,24.26291,0.05439,2502.00000,2477.00000,25.00000
Cs2VZnSe3I3,1.10701,-1.21604,87.18092,30.00000,0.85000,0.11000,1.02828,0.30622,23.54031,0.05445,0.04574,0.76462,23.53844,0.05444,2503.00000,2473.00000,30.00000
Cs2TiFeS3I3,1.31229,-1.34850,102.83127,30.00000,0.85000,0.08000,1.04261,0.30941,25.32506,0.05448,0.04747,0.10948,25.32021,0.05448,2504.00000,2475.00000,29.00000
Rb2ZrMoO6,2.05794,-2.73992,34.09278,30.00000,0.85000,0.00000,1.07356,0.46786,17.04867,0.05424,0.04156,0.08686,16.96312,0.05449,2505.00000,2466.00000,39.00000
Cs2VFeS3I3,1.30965,-1.21738,102.48179,30.00000,0.83320,0.08000,1.05559,0.29332,24.81222,0.05518,0.04801,0.11273,25.27351,0.05452,2506.00000,2519.00000,-13.00000
Cs2TiMoSe6,1.21052,-1.32062,98.53415,30.00000,0.85000,0.00000,1.05895,0.30177,24.81950,0.05450,0.04703,0.24282,24.80525,0.05453,2507.00000,2478.00000,29.00000
Rb2SnCrO3S3,2.07832,-1.76953,31.78962,30.00000,0.85000,0.86000,1.03927,0.40278,16.67633,0.05446,0.04148,0.08807,16.61652,0.05453,2507.00000,2474.00000,33.00000
Cs2TaFeSe3Cl3,1.45766,-1.54257,103.09974,30.00000,0.83525,0.61000,1.05195,0.33905,24.77914,0.05519,0.04809,0.07868,25.21933,0.05454,2509.00000,2520.00000,-11.00000
Cs2CrWS3Se3,1.41346,-1.25064,104.14635,30.00000,0.85000,0.03000,1.06452,0.31806,25.36256,0.05458,0.04765,0.08096,25.33226,0.05454,2509.00000,2480.00000,29.00000
Cs2MnSbS3I3,1.16416,-1.10054,94.72616,30.00000,0.85000,0.08000,1.04360,0.30817,24.40763,0.05451,0.04663,0.41337,24.36826,0.05459,2511.00000,2479.00000,32.00000
Cs2GeVS3I3,1.38384,-1.19871,104.40649,30.00000,0.78248,0.08000,1.07934,0.26485,23.32405,0.05785,0.05016,0.09163,25.40853,0.05459,2511.00000,2684.00000,-173.00000
Cs2TiCrS3I3,1.45412,-1.42373,103.30550,30.00000,0.84685,0.08000,1.04856,0.30198,25.14597,0.05469,0.04771,0.07806,25.22366,0.05460,2513.00000,2484.00000,29.00000
Cs2TaCuS3I3,1.69121,-1.19183,88.50904,30.00000,0.85000,0.08000,1.01949,0.33911,23.35207,0.05462,0.04639,0.07688,23.36555,0.05462,2514.00000,2481.00000,33.00000
Cs2TaMnSe3Cl3,1.47590,-1.59604,103.21137,30.00000,0.83525,0.61000,1.05195,0.33905,24.72387,0.05531,0.04815,0.07797,25.19201,0.05465,2515.00000,2526.00000,-11.00000
Cs2GeCrS3I3,1.39338,-1.12772,104.25814,30.00000,0.81659,0.08000,1.06373,0.28342,24.35378,0.05611,0.04884,0.08652,25.33395,0.05465,2515.00000,2569.00000,-54.00000
Cs2MnInO3I3,1.51487,-1.57488,101.62237,30.00000,0.85000,0.78000,1.03158,0.40139,24.99299,0.05463,0.04753,0.07580,25.01511,0.05466,2517.00000,2482.00000,35.00000
Cs2CrWO3I3,1.63939,-1.59193,93.60560,30.00000,0.80320,0.78000,1.08085,0.33750,22.64093,0.05684,0.04850,0.07972,23.96795,0.05467,2518.00000,2627.00000,-109.00000
Cs2TaZnSe3Cl3,1.50768,-1.50353,101.94896,30.00000,0.85000,0.61000,1.03262,0.36412,25.02189,0.05463,0.04755,0.07592,24.97218,0.05471,2519.00000,2483.00000,36.00000
Cs2SnBiO3I3,1.72399,-1.38035,85.24437,30.00000,0.85000,0.78000,1.03056,0.40278,22.90063,0.05470,0.04612,0.07765,22.84944,0.05471,2519.00000,2485.00000,34.00000
Cs2TaCuS3Br3,1.49575,-1.36871,102.95511,30.00000,0.85000,0.38000,1.03399,0.36053,25.07970,0.05471,0.04765,0.07639,25.09295,0.05473,2521.00000,2486.00000,35.00000
Cs2TaFeS3Br3,1.46885,-1.46573,103.89207,30.00000,0.85000,0.38000,1.05127,0.33816,25.19655,0.05473,0.04772,0.07726,25.19040,0.05474,2522.00000,2487.00000,35.00000
Cs2VNbSe6,1.19050,-1.27252,98.52608,30.00000,0.84457,0.00000,1.06204,0.29798,24.50661,0.05500,0.04727,0.30859,24.67276,0.05474,2522.00000,2511.00000,11.00000
Cs2CrMoSe6,1.18690,-1.16888,98.07651,30.00000,0.85000,0.00000,1.05690,0.30429,24.64205,0.05473,0.04703,0.31947,24.61133,0.05476,2524.00000,2488.00000,36.00000
Cs2VTaS3Se3,1.33940,-1.32249,105.00250,30.00000,0.85000,0.03000,1.07197,0.30890,25.39485,0.05477,0.04776,0.09773,25.37269,0.05476,2524.00000,2495.00000,29.00000
Cs2TiInS3I3,1.60435,-1.39767,97.01493,30.00000,0.85000,0.08000,1.01294,0.34777,24.32539,0.05475,0.04717,0.07586,24.33049,0.05477,2526.00000,2491.00000,35.00000
Cs2GeMnCl3I3,1.24349,-1.41739,102.69721,30.00000,0.78917,0.50000,1.05964,0.29302,23.20128,0.05781,0.04979,0.18639,25.10978,0.05477,2526.00000,2682.00000,-156.00000
Cs2GeBiS3I3,1.69908,-1.00659,88.34594,30.00000,0.85000,0.08000,1.03479,0.31931,23.25008,0.05474,0.04642,0.07723,23.22581,0.05478,2528.00000,2490.00000,38.00000
Cs2CrAgO3I3,1.48528,-1.43704,103.54576,30.00000,0.85000,0.78000,1.00761,0.43472,25.13829,0.05476,0.04770,0.07671,25.12756,0.05479,2529.00000,2493.00000,36.00000
Cs2TiWS3Se3,1.45913,-1.38939,104.66325,30.00000,0.85000,0.03000,1.06664,0.31545,25.22032,0.05481,0.04780,0.07789,25.23978,0.05480,2530.00000,2497.00000,33.00000
Cs2MoMnSe6,1.18193,-1.09937,97.74914,30.00000,0.85000,0.00000,1.05079,0.31187,24.60081,0.05475,0.04700,0.33500,24.58534,0.05481,2531.00000,2492.00000,39.00000
Cs2ZrInS3I3,1.66034,-1.42440,92.59775,30.00000,0.85000,0.08000,0.99198,0.37624,23.75195,0.05482,0.04680,0.07669,23.75788,0.05482,2532.00000,2498.00000,34.00000
Rb2MoAgO3F3,2.06656,-2.34398,35.22155,30.00000,0.85000,0.54000,1.02323,0.56827,16.89200,0.05487,0.04188,0.08837,16.91125,0.05482,2532.00000,2500.00000,32.00000
Cs2MoWO3Se3,1.45468,-1.49066,104.74473,30.00000,0.79137,0.89000,1.10476,0.35207,23.46001,0.05760,0.04997,0.08294,25.18898,0.05483,2534.00000,2673.00000,-139.00000
Cs2MoSbSe3Cl3,1.44276,-1.22969,105.22089,30.00000,0.79861,0.61000,1.07202,0.31398,23.71963,0.05727,0.04974,0.08327,25.26341,0.05484,2535.00000,2656.00000,-121.00000
Cs2MnBiO3Br3,1.37930,-1.55926,106.24348,30.00000,0.85000,0.48000,1.05658,0.41815,25.39026,0.05491,0.04791,0.08680,25.39611,0.05486,2536.00000,2503.00000,33.00000
Cs2MnZnF3I3,1.37200,-2.06525,105.64151,30.00000,0.81389,1.32000,1.05019,0.39459,24.29295,0.05650,0.04913,0.09157,25.35321,0.05487,2537.00000,2597.00000,-60.00000
Cs2GeTaO3I3,1.62925,-1.94254,95.72008,30.00000,0.78347,0.78000,1.09105,0.32500,22.16658,0.05809,0.04953,0.08153,24.08768,0.05488,2538.00000,2697.00000,-159.00000
Cs2MoSbSe3Br3,1.11473,-1.18292,90.61406,30.00000,0.80900,0.41000,1.06135,0.30203,22.49110,0.05683,0.04763,0.76094,23.68285,0.05489,2539.00000,2624.00000,-85.00000
Cs2MoGaS3I3,1.61111,-1.12287,96.78615,30.00000,0.84303,0.08000,1.05056,0.29950,24.05847,0.05513,0.04740,0.07647,24.22141,0.05489,2539.00000,2516.00000,23.00000
Cs2SnMoSe6,1.11764,-0.99067,91.25291,30.00000,0.85000,0.00000,1.04177,0.32323,23.73352,0.05493,0.04629,0.73029,23.76304,0.05490,2541.00000,2506.00000,35.00000
Cs2WSbSe3F3,1.57178,-1.83761,100.52224,30.00000,0.74502,1.43000,1.11027,0.36474,21.50600,0.06030,0.05164,0.08480,24.60615,0.05490,2541.00000,2793.00000,-252.00000
Cs2MoSbS3Br3,1.42410,-1.20906,106.05067,30.00000,0.82100,0.38000,1.07129,0.31316,24.44112,0.05628,0.04897,0.08281,25.30039,0.05491,2543.00000,2580.00000,-37.00000
Cs2GeBiO3I3,1.66306,-1.36071,92.70243,30.00000,0.83227,0.78000,1.06428,0.35833,23.21123,0.05569,0.04744,0.07812,23.65467,0.05491,2543.00000,2545.00000,-2.00000
Cs2GeZnBr6,1.23932,-1.47215,102.08921,30.00000,0.85000,0.00000,1.04635,0.32398,25.02389,0.05480,0.04747,0.18113,24.97110,0.05491,2543.00000,2496.00000,47.00000
Cs2MnCuF3I3,1.36723,-1.97177,105.88768,30.00000,0.81103,1.32000,1.05234,0.39174,24.20576,0.05669,0.04928,0.09319,25.35387,0.05492,2546.00000,2616.00000,-70.00000
Cs2CrMnS3I3,1.53338,-1.23046,102.44310,30.00000,0.85000,0.08000,1.04065,0.31188,24.89148,0.05492,0.04769,0.07603,24.87833,0.05493,2547.00000,2505.00000,42.00000
Cs2NbZnS3I3,1.62044,-1.24363,96.64340,30.00000,0.85000,0.08000,1.01761,0.34158,24.17354,0.05493,0.04718,0.07620,24.13126,0.05494,2548.00000,2507.00000,41.00000
Cs2WInS3I3,1.73960,-1.17730,84.39454,30.00000,0.85000,0.08000,1.01387,0.34653,22.65700,0.05489,0.04610,0.07829,22.62811,0.05495,2549.00000,2501.00000,48.00000
Cs2TaFeO3I3,1.66157,-1.93216,93.80781,30.00000,0.83048,0.78000,1.06536,0.35694,23.17795,0.05596,0.04766,0.07854,23.75504,0.05500,2550.00000,2558.00000,-8.00000
Cs2WSbO3Br3,1.56647,-1.47676,101.13015,30.00000,0.83770,0.48000,1.10408,0.35714,24.29962,0.05557,0.04805,0.07708,24.63179,0.05501,2551.00000,2540.00000,11.00000
Cs2WMnS3Se3,1.51349,-1.14826,103.77704,30.00000,0.85000,0.03000,1.05822,0.32592,24.99790,0.05499,0.04783,0.07634,24.93509,0.05505,2552.00000,2510.00000,42.00000
Cs2GeZnCl3I3,1.55911,-1.40570,101.49118,30.00000,0.82522,0.50000,1.04057,0.31671,23.97810,0.05614,0.04852,0.07804,24.65363,0.05508,2553.00000,2572.00000,-19.00000
Cs2GeNbS3I3,1.59451,-1.24505,99.60295,30.00000,0.82709,0.08000,1.05862,0.28960,23.74973,0.05613,0.04832,0.07801,24.37887,0.05508,2553.00000,2571.00000,-18.00000
Cs2FeMnF3I3,1.41041,-1.99721,106.88024,30.00000,0.78341,1.32000,1.07097,0.36752,23.32422,0.05828,0.05054,0.08795,25.34504,0.05512,2555.00000,2705.00000,-150.00000
Cs2MnGaO3I3,1.41412,-1.57981,107.24211,30.00000,0.82310,0.78000,1.06974,0.35139,24.53841,0.05636,0.04905,0.08394,25.33737,0.05512,2555.00000,2586.00000,-31.00000
Cs2VMnSe3Br3,1.21575,-1.49877,102.44610,30.00000,0.80695,0.41000,1.06238,0.30076,23.55875,0.05716,0.04913,0.24278,24.87845,0.05514,2557.00000,2648.00000,-91.00000
Cs2SnGeF3I3,1.57990,-1.99236,101.08312,30.00000,0.75600,1.32000,1.08682,0.34758,21.76559,0.05989,0.05129,0.08409,24.57416,0.05515,2558.00000,2778.00000,-220.00000
Cs2MnZnBr3I3,1.08347,-1.39410,86.47222,30.00000,0.85000,0.30000,1.00997,0.33293,23.04774,0.05510,0.04574,0.79178,22.95562,0.05518,2559.00000,2515.00000,44.00000
Cs2MnBiO3Se3,1.45308,-1.43303,106.73131,30.00000,0.85000,0.89000,1.05512,0.41568,25.24451,0.05514,0.04809,0.07883,25.26552,0.05519,2560.00000,2517.00000,43.00000
Rb2CrMnO3F3,2.04493,-2.55262,40.23684,30.00000,0.85000,0.54000,1.09539,0.46494,17.28563,0.05527,0.04239,0.08826,17.28824,0.05520,2561.00000,2523.00000,38.00000
Cs2ZrSbS3I3,1.69876,-1.34849,91.14812,30.00000,0.85000,0.08000,1.02900,0.32673,23.25448,0.05526,0.04683,0.07806,23.27745,0.05521,2562.00000,2521.00000,41.00000
Cs2MnSbSe3I3,1.06239,-1.06761,82.24855,30.00000,0.84260,0.11000,1.03492,0.29785,22.25688,0.05552,0.04549,0.79120,22.44974,0.05523,2563.00000,2538.00000,25.00000
Cs2CuZnCl3I3,1.15769,-1.31563,98.70338,30.00000,0.85000,0.50000,1.00259,0.36658,24.33389,0.05537,0.04722,0.45667,24.40091,0.05528,2564.00000,2530.00000,34.00000
Na2ZrGaO3F3,2.28923,-2.68847,2.69333,30.00000,0.85000,0.54000,0.95852,0.49446,12.97670,0.05531,0.03985,0.10086,12.96175,0.05529,2565.00000,2527.00000,38.00000
Cs2NbZnO3I3,1.57463,-1.94813,102.09867,30.00000,0.85000,0.78000,1.04504,0.38333,24.59073,0.05527,0.04778,0.07660,24.55422,0.05530,2566.00000,2522.00000,44.00000
Cs2GeGaSe3Br3,1.56797,-1.23312,102.95116,30.00000,0.79213,0.41000,1.06969,0.29188,22.93316,0.05815,0.05003,0.08128,24.64824,0.05531,2567.00000,2698.00000,-131.00000
Cs2WFeSe3Cl3,1.57277,-1.34543,102.41655,30.00000,0.82065,0.61000,1.06031,0.32850,23.74087,0.05666,0.04887,0.07886,24.56841,0.05533,2568.00000,2613.00000,-45.00000
Cs2MnSbBr3I3,1.05689,-1.31827,81.93861,30.00000,0.82512,0.30000,1.03613,0.29928,21.62218,0.05654,0.04605,0.79422,22.32548,0.05534,2569.00000,2601.00000,-32.00000
Cs2MoAgSe3I3,1.05366,-1.02564,81.52226,30.00000,0.85000,0.11000,0.98154,0.36842,22.20449,0.05546,0.04519,0.79345,22.30890,0.05534,2569.00000,2536.00000,33.00000
Cs2SnTaS3I3,1.76019,-1.24948,83.85229,30.00000,0.85000,0.08000,1.02708,0.32921,22.34403,0.05529,0.04617,0.07943,22.30486,0.05534,2569.00000,2524.00000,45.00000
Cs2SnCuF3I3,1.15572,-1.94164,98.30353,30.00000,0.82323,1.32000,1.04273,0.40456,23.50874,0.05658,0.04810,0.47038,24.29293,0.05537,2572.00000,2606.00000,-34.00000
Cs2NbCuSe3I3,1.06186,-1.16964,83.84194,30.00000,0.85000,0.11000,1.01161,0.32775,22.44048,0.05550,0.04549,0.79766,22.48887,0.05540,2573.00000,2537.00000,36.00000
Cs2TiFeSe3Br3,1.18859,-1.51958,102.68481,30.00000,0.83219,0.41000,1.04908,0.31726,24.12267,0.05634,0.04831,0.32460,24.72696,0.05545,2574.00000,2584.00000,-10.00000
Rb2GeNbO3Cl3,2.06584,-2.17252,38.36194,30.00000,0.85000,0.28000,1.07358,0.36449,16.90511,0.05564,0.04240,0.08979,16.94039,0.05546,2575.00000,2543.00000,32.00000
Cs2NbMnO3I3,1.56782,-2.05730,103.36680,30.00000,0.83048,0.78000,1.06536,0.35694,24.07680,0.05632,0.04864,0.07829,24.63131,0.05548,2576.00000,2581.00000,-5.00000
Cs2GeSbO3I3,1.59679,-1.32444,101.78071,30.00000,0.76446,0.78000,1.10028,0.31389,21.88893,0.05979,0.05111,0.08398,24.39594,0.05548,2576.00000,2773.00000,-197.00000
Na2GeBiO3F3,2.25328,-2.18328,8.00350,30.00000,0.85000,0.54000,0.97050,0.47601,13.58644,0.05531,0.04020,0.09828,13.50719,0.05551,2578.00000,2528.00000,50.00000
Rb2ZrInO3Cl3,2.10804,-2.28362,30.52080,30.00000,0.85000,0.28000,0.99414,0.47352,16.13650,0.05535,0.04171,0.09100,16.05171,0.05553,2579.00000,2529.00000,50.00000
Cs2WSbS3Br3,1.66894,-1.20826,95.76410,30.00000,0.82516,0.38000,1.06915,0.31579,22.93361,0.05669,0.04820,0.07988,23.62499,0.05556,2580.00000,2617.00000,-37.00000
Cs2CrMoO3I3,1.58268,-1.55668,103.38562,30.00000,0.79896,0.78000,1.08310,0.33472,23.01487,0.05804,0.04989,0.08110,24.53895,0.05556,2580.00000,2694.00000,-114.00000
Cs2GeFeF3I3,1.29973,-1.95288,108.67799,30.00000,0.73607,1.32000,1.09726,0.33476,21.80105,0.06156,0.05290,0.13643,25.27708,0.05557,2582.00000,2837.00000,-255.00000
Cs2ZrInO3I3,1.65465,-2.09511,97.54740,30.00000,0.85000,0.78000,1.01647,0.42222,23.81913,0.05562,0.04749,0.07782,23.85013,0.05558,2583.00000,2542.00000,41.00000
Cs2GeFeO3I3,1.32120,-1.39133,109.86490,30.00000,0.78575,0.78000,1.08991,0.32639,23.36918,0.05882,0.05090,0.11548,25.35455,0.05559,2584.00000,2726.00000,-142.00000
Cs2TiCrSe3Br3,1.18627,-1.63108,103.15854,30.00000,0.82091,0.41000,1.05518,0.30964,23.76062,0.05702,0.04880,0.33439,24.64729,0.05563,2585.00000,2640.00000,-55.00000
Cs2GeNbSe3Br3,1.15145,-1.36939,99.46533,30.00000,0.80070,0.41000,1.06550,0.29695,22.79215,0.05802,0.04912,0.50348,24.23319,0.05564,2586.00000,2693.00000,-107.00000
Cs2ZrCrSe3Br3,1.14177,-1.64074,98.12567,30.00000,0.85000,0.41000,1.03217,0.33883,24.12987,0.05559,0.04719,0.54903,24.05389,0.05565,2587.00000,2541.00000,46.00000
Cs2WSbSe3Cl3,1.67889,-1.25803,95.09653,30.00000,0.80279,0.61000,1.06987,0.31662,22.17997,0.05786,0.04898,0.08200,23.48541,0.05567,2588.00000,2685.00000,-97.00000
Cs2SnNbS3Br3,1.53210,-1.38678,106.79194,30.00000,0.85000,0.38000,1.04205,0.35000,24.89944,0.05567,0.04831,0.07719,24.88890,0.05567,2588.00000,2544.00000,44.00000
Cs2GeMoSe6,1.15279,-0.99856,99.57415,30.00000,0.81853,0.00000,1.07458,0.28283,23.33692,0.05712,0.04846,0.49084,24.22857,0.05567,2588.00000,2645.00000,-57.00000
Cs2VCuO3I3,1.51854,-1.71363,107.61380,30.00000,0.82497,0.78000,1.06865,0.35278,24.22081,0.05687,0.04930,0.07934,24.93826,0.05572,2591.00000,2631.00000,-40.00000
Cs2SnCuS3Se3,1.36891,-0.90135,111.27350,30.00000,0.85000,0.03000,1.02288,0.37173,25.40149,0.05579,0.04863,0.09085,25.39887,0.05573,2592.00000,2551.00000,41.00000
Cs2TaSbS3Se3,1.67211,-1.12192,96.79155,30.00000,0.85000,0.03000,1.05926,0.32461,23.60050,0.05578,0.04749,0.07843,23.55033,0.05579,2593.00000,2549.00000,44.00000
Rb2MoInO3Cl3,2.11862,-1.90215,30.33573,30.00000,0.85000,0.28000,1.02223,0.43302,15.94664,0.05576,0.04186,0.09221,15.94418,0.05581,2594.00000,2548.00000,46.00000
Cs2WInO3I3,1.74689,-1.57236,88.48454,30.00000,0.85000,0.78000,1.04086,0.38889,22.54665,0.05586,0.04676,0.08003,22.49737,0.05582,2595.00000,2553.00000,42.00000
Cs2WGaS3I3,1.74880,-1.16792,88.23553,30.00000,0.84685,0.08000,1.04856,0.30198,22.43318,0.05600,0.04685,0.08032,22.50936,0.05582,2595.00000,2562.00000,33.00000
Cs2SnVSe3Cl3,1.39178,-1.57684,111.63532,30.00000,0.81487,0.61000,1.06348,0.32454,24.30489,0.05752,0.04999,0.08928,25.35017,0.05585,2597.00000,2669.00000,-72.00000
Cs2FeMnS3I3,1.16748,-1.17325,101.97669,30.00000,0.85000,0.08000,1.03479,0.31931,24.44178,0.05575,0.04766,0.41029,24.38996,0.05587,2598.00000,2547.00000,51.00000
Cs2GeMnF3I3,1.51900,-2.02526,108.79757,30.00000,0.73607,1.32000,1.09726,0.33476,21.55158,0.06192,0.05318,0.08765,24.96741,0.05587,2598.00000,2847.00000,-249.00000
Na2GeCuF3I3,0.90884,-1.85992,5.90713,30.00000,0.77734,1.32000,0.93243,0.35897,12.04305,0.05933,0.03645,0.52541,13.10738,0.05589,2600.00000,2755.00000,-155.00000
Rb2VNbO6,2.07379,-2.72891,37.64273,30.00000,0.85000,0.00000,1.10863,0.42143,16.75856,0.05579,0.04240,0.09038,16.72263,0.05589,2600.00000,2550.00000,50.00000
Cs2WAgO3Br3,1.59486,-1.55086,104.42228,30.00000,0.85000,0.48000,1.02538,0.46131,24.41855,0.05594,0.04821,0.07765,24.38937,0.05590,2602.00000,2557.00000,45.00000
Rb2GeBiO3F3,2.10184,-2.31969,33.82719,30.00000,0.85000,0.54000,1.08718,0.47601,16.25011,0.05598,0.04218,0.09191,16.27962,0.05590,2602.00000,2561.00000,41.00000
Cs2TaFeS3I3,1.74283,-1.23987,89.19756,30.00000,0.85000,0.08000,1.03576,0.31807,22.61343,0.05589,0.04683,0.08001,22.59041,0.05591,2604.00000,2555.00000,49.00000
Na2SbCuSe3Br3,0.89925,-1.01403,0.24961,30.00000,0.82930,0.41000,0.90166,0.33756,12.15981,0.05695,0.03446,0.50229,12.42288,0.05592,2605.00000,2635.00000,-30.00000
Cs2WFeS3I3,1.74613,-1.10211,88.64825,30.00000,0.85000,0.08000,1.04360,0.30817,22.55904,0.05587,0.04678,0.08003,22.51966,0.05594,2606.00000,2554.00000,52.00000
Cs2ZrCrSe6,1.12922,-1.32564,98.54978,30.00000,0.85000,0.00000,1.03095,0.33712,23.92674,0.05596,0.04730,0.65438,23.91857,0.05594,2606.00000,2559.00000,47.00000
Cs2VSbS3Se3,1.38435,-1.04653,112.69682,30.00000,0.83286,0.03000,1.08062,0.29843,24.86284,0.05682,0.04945,0.08945,25.38112,0.05599,2608.00000,2623.00000,-15.00000
Cs2ZrMoS3Se3,1.47749,-1.38596,110.62822,30.00000,0.85000,0.03000,1.04481,0.34293,25.17027,0.05592,0.04870,0.07885,25.15592,0.05599,2608.00000,2556.00000,52.00000
Cs2MoSbSe3F3,1.33555,-1.92012,111.90299,30.00000,0.74034,1.43000,1.11275,0.36170,22.00694,0.06175,0.05319,0.11509,25.34813,0.05599,2608.00000,2842.00000,-234.00000
Cs2TaCuO3Br3,1.51877,-2.00484,109.16635,30.00000,0.85000,0.48000,1.06440,0.40774,24.97389,0.05597,0.04862,0.07786,24.92059,0.05604,2611.00000,2560.00000,51.00000
Rb2TiInO3Cl3,2.10761,-2.33052,33.20098,30.00000,0.85000,0.28000,1.01891,0.43769,16.14418,0.05606,0.04217,0.09231,16.14494,0.05604,2611.00000,2564.00000,47.00000
Cs2ZrGaS3I3,1.67935,-1.42177,97.24176,30.00000,0.85000,0.08000,1.02517,0.33168,23.50513,0.05601,0.04760,0.07891,23.48168,0.05606,2613.00000,2563.00000,50.00000
Cs2SnVS3Br3,1.33320,-1.37044,112.57775,30.00000,0.83722,0.38000,1.06277,0.32368,24.98610,0.05668,0.04929,0.10467,25.36010,0.05608,2614.00000,2615.00000,-1.00000
Cs2SnTaS3Br3,1.68799,-1.45772,96.68581,30.00000,0.85000,0.38000,1.04205,0.35000,23.39334,0.05607,0.04757,0.07914,23.37308,0.05610,2615.00000,2566.00000,49.00000
K2SbCuSe3I3,0.89686,-0.87776,0.49916,30.00000,0.85000,0.11000,0.95735,0.31818,12.27484,0.05665,0.03410,0.50364,12.46095,0.05611,2616.00000,2612.00000,4.00000
Cs2SnCrS3Se3,1.42171,-1.04795,112.93904,30.00000,0.85000,0.03000,1.04583,0.34162,25.34652,0.05611,0.04891,0.08271,25.31787,0.05612,2617.00000,2568.00000,49.00000
Cs2ZrBiS3I3,1.79276,-1.36809,83.54035,30.00000,0.85000,0.08000,0.99917,0.36634,21.81457,0.05608,0.04637,0.08161,21.82760,0.05612,2617.00000,2567.00000,50.00000
K2TiGaO3F3,2.30640,-2.80848,2.76725,30.00000,0.85000,0.54000,1.07638,0.45203,12.68894,0.05619,0.04021,0.10411,12.67729,0.05612,2617.00000,2577.00000,40.00000
Cs2CrWS3I3,1.75411,-1.22136,89.00080,30.00000,0.84495,0.08000,1.04956,0.30074,22.29803,0.05637,0.04705,0.08108,22.38513,0.05614,2620.00000,2588.00000,32.00000
Cs2TiBiS3I3,1.76753,-1.35192,87.14855,30.00000,0.85000,0.08000,1.02043,0.33787,22.23036,0.05612,0.04672,0.08096,22.22504,0.05614,2620.00000,2570.00000,50.00000
Cs2CuZnF3I3,1.16815,-1.95688,104.55683,30.00000,0.83486,1.32000,1.03226,0.41880,23.99697,0.05693,0.04856,0.41569,24.46153,0.05619,2622.00000,2634.00000,-12.00000
Cs2TaMnO3Br3,1.51646,-2.08485,110.34866,30.00000,0.85000,0.48000,1.08388,0.38244,24.98499,0.05616,0.04878,0.07817,24.92532,0.05619,2622.00000,2573.00000,49.00000
Cs2WBiO3Br3,1.73375,-1.55610,91.82594,30.00000,0.85000,0.48000,1.06665,0.40476,22.75421,0.05618,0.04716,0.08023,22.70071,0.05620,2624.00000,2576.00000,48.00000
Cs2SnTaO3I3,1.76518,-2.01404,87.91190,30.00000,0.84588,0.78000,1.05564,0.36944,22.15550,0.05639,0.04696,0.08137,22.19881,0.05620,2624.00000,2590.00000,34.00000
Rb2SnVO3Cl3,2.12244,-2.08639,31.23202,30.00000,0.85000,0.28000,1.05907,0.38318,15.87760,0.05617,0.04208,0.09318,15.87049,0.05623,2626.00000,2575.00000,51.00000
Cs2MnInSe6,1.10607,-1.10544,96.52801,30.00000,0.85000,0.00000,1.00997,0.36490,23.51890,0.05621,0.04710,0.80280,23.51446,0.05624,2627.00000,2578.00000,49.00000
Cs2SnCrO3I3,1.66165,-1.52087,100.63294,30.00000,0.83753,0.78000,1.06102,0.36250,23.38125,0.05690,0.04842,0.08002,23.72658,0.05628,2628.00000,2632.00000,-4.00000
Rb2CrWO3F3,2.12850,-2.61255,30.20191,30.00000,0.85000,0.54000,1.10795,0.44834,15.76650,0.05616,0.04201,0.09345,15.73698,0.05628,2628.00000,2574.00000,54.00000
Rb2CrMoO3F3,2.09356,-2.60279,36.49184,30.00000,0.85000,0.54000,1.11078,0.44465,16.39810,0.05633,0.04251,0.09223,16.43589,0.05629,2630.00000,2583.00000,47.00000
K2GeGaO3F3,2.24282,-2.41274,12.95579,30.00000,0.85000,0.54000,1.09730,0.42435,13.76673,0.05638,0.04095,0.09989,13.76047,0.05631,2631.00000,2589.00000,42.00000
Cs2NbTaS3Se3,1.66661,-1.28996,99.97477,30.00000,0.85000,0.03000,1.05095,0.33508,23.66604,0.05627,0.04792,0.07911,23.62120,0.05632,2632.00000,2579.00000,53.00000
Cs2WFeS3Br3,1.63393,-1.28317,103.20021,30.00000,0.84299,0.38000,1.05961,0.32763,23.82673,0.05664,0.04845,0.07910,23.99212,0.05633,2633.00000,2611.00000,22.00000
Cs2FeMnO3I3,1.57482,-1.59178,108.07315,30.00000,0.83227,0.78000,1.06428,0.35833,24.06612,0.05715,0.04929,0.07959,24.61467,0.05633,2633.00000,2646.00000,-13.00000
Cs2TiGaS3I3,1.64757,-1.40289,102.12452,30.00000,0.84874,0.08000,1.04757,0.30322,23.86480,0.05640,0.04818,0.07895,23.85621,0.05634,2635.00000,2591.00000,44.00000
Cs2GeCuF3I3,1.18862,-1.93603,107.68987,30.00000,0.77219,1.32000,1.07771,0.35897,22.31059,0.06042,0.05142,0.34539,24.67963,0.05634,2635.00000,2802.00000,-167.00000
Cs2GeZnF3I3,1.58028,-2.01984,107.44489,30.00000,0.77602,1.32000,1.07545,0.36182,22.35432,0.06001,0.05145,0.08423,24.49901,0.05636,2637.00000,2783.00000,-146.00000
Na2GeGaS3Cl3,2.25605,-1.25409,10.78319,30.00000,0.81130,0.58000,0.94723,0.31507,12.92281,0.05816,0.04187,0.10522,13.52886,0.05636,2637.00000,2699.00000,-62.00000
Cs2GeInS3I3,1.68789,-1.06530,98.07077,30.00000,0.85000,0.08000,1.02708,0.32921,23.39510,0.05632,0.04778,0.07955,23.38278,0.05638,2639.00000,2582.00000,57.00000
Cs2ZrFeO3I3,1.64146,-2.00070,103.43450,30.00000,0.85000,0.78000,1.04820,0.37917,23.95573,0.05648,0.04828,0.07896,23.98187,0.05639,2640.00000,2595.00000,45.00000
Cs2FeZnF3I3,1.16698,-1.96792,105.52435,30.00000,0.81389,1.32000,1.05019,0.39459,23.36015,0.05817,0.04948,0.43023,24.40049,0.05642,2641.00000,2702.00000,-61.00000
Rb2GeSbO3F3,2.07359,-2.33431,40.06701,30.00000,0.85000,0.54000,1.13248,0.41697,16.76221,0.05640,0.04281,0.09152,16.72031,0.05643,2642.00000,2592.00000,50.00000
Cs2NbMnSe3Cl3,1.32658,-1.58279,114.83015,30.00000,0.83525,0.61000,1.05195,0.33905,24.90469,0.05719,0.04970,0.10868,25.33649,0.05645,2643.00000,2650.00000,-7.00000
Cs2SbCuO3I3,1.11517,-1.30910,98.98954,30.00000,0.84588,0.78000,1.05564,0.36944,23.57309,0.05660,0.04756,0.78364,23.69285,0.05645,2643.00000,2607.00000,36.00000
Cs2SnMoS3Se3,1.60199,-1.01655,106.91160,30.00000,0.85000,0.03000,1.05095,0.33508,24.35257,0.05648,0.04859,0.07851,24.36714,0.05645,2643.00000,2594.00000,49.00000
Cs2SnTaO3Br3,1.65904,-2.09289,102.14130,30.00000,0.85000,0.48000,1.07348,0.39583,23.76668,0.05654,0.04819,0.07935,23.76432,0.05645,2643.00000,2599.00000,44.00000
Cs2MoFeSe3Cl3,1.43154,-1.30362,114.26373,30.00000,0.81681,0.61000,1.06242,0.32586,24.30381,0.05797,0.05036,0.08502,25.25340,0.05646,2647.00000,2689.00000,-42.00000
Cs2SnTaSe3Cl3,1.70811,-1.60023,96.00644,30.00000,0.85000,0.61000,1.04271,0.35092,23.12603,0.05637,0.04759,0.08002,23.05326,0.05646,2647.00000,2587.00000,60.00000
Cs2NbFeSe3Cl3,1.31856,-1.51755,114.69164,30.00000,0.83525,0.61000,1.05195,0.33905,24.88014,0.05720,0.04969,0.11283,25.32554,0.05648,2649.00000,2651.00000,-2.00000
Cs2MoFeS3Br3,1.40967,-1.27708,115.25409,30.00000,0.83916,0.38000,1.06171,0.32500,25.03195,0.05700,0.04962,0.08562,25.35385,0.05648,2649.00000,2637.00000,12.00000
K2ZrInO3F3,2.31631,-2.79748,2.12422,30.00000,0.85000,0.54000,1.00132,0.56089,12.52384,0.05647,0.04029,0.10556,12.49070,0.05649,2651.00000,2593.00000,58.00000
Cs2VCuSe3Br3,1.12910,-1.31003,101.42442,30.00000,0.83937,0.41000,1.04505,0.32234,23.61967,0.05700,0.04809,0.66828,23.92067,0.05650,2652.00000,2638.00000,14.00000
Cs2MoMnS3Se3,1.41766,-1.13531,115.95865,30.00000,0.85000,0.03000,1.06031,0.32330,25.35398,0.05662,0.04934,0.08388,25.37226,0.05652,2653.00000,2610.00000,43.00000
Cs2NbFeS3Br3,1.37324,-1.41307,115.69018,30.00000,0.85000,0.38000,1.05127,0.33816,25.39325,0.05654,0.04925,0.09127,25.38496,0.05654,2654.00000,2600.00000,54.00000
Cs2FeCuF3I3,1.15674,-1.91315,105.76998,30.00000,0.81103,1.32000,1.05234,0.39174,23.16361,0.05855,0.04966,0.48497,24.36761,0.05656,2655.00000,2716.00000,-61.00000
Cs2SbAgO3Se3,1.49599,-1.27374,113.23716,30.00000,0.85000,0.89000,1.02409,0.45858,25.07785,0.05650,0.04912,0.07922,25.07913,0.05656,2655.00000,2596.00000,59.00000
Rb2GeGaO3Cl3,2.06598,-1.85966,41.92773,30.00000,0.85000,0.28000,1.07850,0.35826,16.90255,0.05656,0.04300,0.09150,16.92536,0.05656,2655.00000,2603.00000,52.00000
Cs2MoFeO3I3,1.65458,-1.51915,102.91096,30.00000,0.81141,0.78000,1.07638,0.34306,22.71501,0.05849,0.04970,0.08248,23.81269,0.05657,2658.00000,2711.00000,-53.00000
Cs2SnNbSe3Cl3,1.61863,-1.61038,105.94939,30.00000,0.85000,0.61000,1.04271,0.35092,24.18972,0.05657,0.04853,0.07876,24.14973,0.05660,2659.00000,2604.00000,55.00000
K2GeFeSe3Br3,0.90065,-1.20402,5.13727,30.00000,0.81733,0.41000,0.99811,0.29822,12.08189,0.05893,0.03546,0.52332,12.81306,0.05661,2660.00000,2734.00000,-74.00000
Cs2MoBiO3Br3,1.66946,-1.55210,101.24165,30.00000,0.85000,0.48000,1.06892,0.40179,23.62969,0.05655,0.04813,0.07961,23.59851,0.05661,2660.00000,2602.00000,58.00000
Cs2SnZnI6,1.00318,-1.16187,72.09419,30.00000,0.85000,0.00000,0.98971,0.32500,20.11355,0.05730,0.04413,0.77971,20.38203,0.05664,2662.00000,2657.00000,5.00000
Cs2NbCuS3Br3,1.27631,-1.33511,114.52457,30.00000,0.85000,0.38000,1.03399,0.36053,25.21415,0.05667,0.04918,0.14176,25.20811,0.05666,2663.00000,2614.00000,49.00000
Cs2NbCuSe3Cl3,1.24346,-1.40271,113.54724,30.00000,0.85000,0.61000,1.03462,0.36148,25.05305,0.05675,0.04910,0.18277,25.10315,0.05667,2664.00000,2619.00000,45.00000
Cs2SnSbS3Br3,1.65330,-1.07058,103.15063,30.00000,0.85000,0.38000,1.05024,0.33947,23.83402,0.05662,0.04830,0.07937,23.76369,0.05667,2664.00000,2609.00000,55.00000
Cs2GeTaS3I3,1.76000,-1.24887,91.09504,30.00000,0.82709,0.08000,1.05862,0.28960,21.73974,0.05779,0.04805,0.08363,22.34361,0.05668,2666.00000,2679.00000,-13.00000
Cs2MoSbO3Br3,1.53810,-1.54198,112.67117,30.00000,0.83310,0.48000,1.10651,0.35417,24.35538,0.05756,0.04978,0.08018,24.87039,0.05671,2667.00000,2672.00000,-5.00000
Cs2GeTaO3Br3,1.54506,-2.01294,112.12579,30.00000,0.82358,0.48000,1.11139,0.34821,24.02358,0.05800,0.05009,0.08090,24.78076,0.05671,2667.00000,2690.00000,-23.00000
Cs2SnGaO3I3,1.69269,-1.49676,99.53592,30.00000,0.83924,0.78000,1.05994,0.36389,23.03076,0.05721,0.04841,0.08106,23.30552,0.05671,2667.00000,2652.00000,15.00000
Cs2VFeSe3Br3,1.12668,-1.37704,102.33573,30.00000,0.80695,0.41000,1.06238,0.30076,22.63598,0.05887,0.04943,0.70453,23.87251,0.05672,2670.00000,2729.00000,-59.00000
Cs2MoInO3I3,1.71856,-1.59472,97.08864,30.00000,0.85000,0.78000,1.04295,0.38611,22.98015,0.05681,0.04783,0.08095,22.99896,0.05673,2671.00000,2621.00000,50.00000
Cs2TaSbO3Se3,1.66406,-1.88130,102.25162,30.00000,0.81332,0.89000,1.09280,0.36686,22.66005,0.05842,0.04958,0.08256,23.60480,0.05674,2672.00000,2708.00000,-36.00000
Rb2GeVO3Cl3,2.06983,-1.99472,41.90712,30.00000,0.83758,0.28000,1.09866,0.33333,16.58002,0.05730,0.04343,0.09321,16.81606,0.05675,2673.00000,2658.00000,15.00000
Cs2SnMnS3Se3,1.22640,-1.06627,112.50510,30.00000,0.85000,0.03000,1.03974,0.34948,24.94418,0.05676,0.04899,0.21549,24.98536,0.05676,2674.00000,2620.00000,54.00000
Cs2WGaO3I3,1.75501,-1.61295,92.71533,30.00000,0.80528,0.78000,1.07973,0.33889,21.23399,0.05908,0.04906,0.08573,22.38461,0.05683,2675.00000,2744.00000,-69.00000
Cs2NbTaO3Se3,1.63463,-2.13170,105.81198,30.00000,0.82914,0.89000,1.08342,0.37870,23.42736,0.05780,0.04935,0.08097,24.01365,0.05685,2676.00000,2680.00000,-4.00000
Cs2CrMoS3Se3,1.30869,-1.19087,116.41942,30.00000,0.85000,0.03000,1.06664,0.31545,25.31557,0.05683,0.04941,0.11760,25.28625,0.05685,2676.00000,2625.00000,51.00000
Cs2NbZnSe3Cl3,1.53682,-1.46909,113.26435,30.00000,0.85000,0.61000,1.03262,0.36412,24.87267,0.05684,0.04924,0.07903,24.84850,0.05687,2678.00000,2628.00000,50.00000
Rb2GeMoO3S3,2.09023,-1.62801,38.98394,30.00000,0.80216,0.86000,1.08337,0.34568,15.53670,0.05918,0.04436,0.09803,16.39950,0.05688,2679.00000,2750.00000,-71.00000
Cs2NbSbS3Se3,1.62619,-1.06132,106.90642,30.00000,0.85000,0.03000,1.05926,0.32461,24.11588,0.05686,0.04870,0.07930,24.10966,0.05688,2679.00000,2630.00000,49.00000
Rb2GeInO3F3,2.07029,-2.40294,42.26980,30.00000,0.85000,0.54000,1.07641,0.49077,16.82330,0.05683,0.04313,0.09218,16.78657,0.05689,2681.00000,2626.00000,55.00000
Cs2TiMoS3Se3,1.41884,-1.38984,117.06572,30.00000,0.85000,0.03000,1.06877,0.31283,25.35399,0.05682,0.04949,0.08411,25.28953,0.05689,2681.00000,2622.00000,59.00000
Cs2GeTaSe3F3,1.56860,-2.23600,111.39565,30.00000,0.73067,1.43000,1.11774,0.35562,21.10752,0.06337,0.05406,0.08973,24.61797,0.05690,2683.00000,2896.00000,-213.00000
Cs2GeCrO3I3,1.59314,-1.48632,110.38573,30.00000,0.77175,0.78000,1.09680,0.31806,22.13583,0.06102,0.05216,0.08578,24.45503,0.05691,2684.00000,2822.00000,-138.00000
Cs2SbZnO3Br3,1.42002,-1.53284,117.23231,30.00000,0.85000,0.48000,1.07119,0.39881,25.35044,0.05684,0.04952,0.08410,25.31767,0.05691,2684.00000,2629.00000,55.00000
Cs2MnCuBr3I3,1.05025,-1.31227,86.63808,30.00000,0.85000,0.30000,1.01180,0.33053,22.10431,0.05662,0.04596,0.81568,21.89400,0.05695,2686.00000,2608.00000,78.00000
Cs2ZrWO3Se3,1.64786,-2.08147,105.28878,30.00000,0.84346,0.89000,1.07420,0.39053,23.71308,0.05723,0.04883,0.08028,23.81053,0.05699,2687.00000,2654.00000,33.00000
Cs2VNbS3Se3,1.31669,-1.28277,117.05511,30.00000,0.85000,0.03000,1.07197,0.30890,25.33209,0.05691,0.04949,0.11318,25.26766,0.05700,2688.00000,2633.00000,55.00000
Cs2CrWO3Br3,1.59767,-1.68947,110.00255,30.00000,0.84442,0.48000,1.10046,0.36161,24.22964,0.05724,0.04923,0.07967,24.33673,0.05704,2689.00000,2655.00000,34.00000
Cs2SnWS3Se3,1.73624,-1.06040,96.47396,30.00000,0.85000,0.03000,1.04890,0.33770,22.71329,0.05712,0.04787,0.08187,22.73197,0.05705,2690.00000,2644.00000,46.00000
Cs2MnGaSe6,1.11072,-1.07901,101.58900,30.00000,0.85000,0.00000,1.04476,0.31944,23.61309,0.05701,0.04781,0.81058,23.53342,0.05706,2691.00000,2639.00000,52.00000
Cs2GeTaS3Br3,1.64919,-1.41560,105.81382,30.00000,0.81243,0.38000,1.07560,0.30789,22.80734,0.05889,0.05007,0.08301,23.79814,0.05708,2692.00000,2730.00000,-38.00000
Cs2SnInO3Br3,1.58744,-1.58962,111.31374,30.00000,0.85000,0.48000,1.03806,0.44345,24.48548,0.05706,0.04917,0.07940,24.46767,0.05708,2692.00000,2642.00000,50.00000
Cs2MoAgO3Br3,1.47919,-1.50702,116.55710,30.00000,0.85000,0.48000,1.02747,0.45833,25.16368,0.05696,0.04955,0.08048,25.09445,0.05708,2692.00000,2636.00000,56.00000
Cs2SnGaS3I3,1.74958,-1.07364,94.38974,30.00000,0.85000,0.08000,1.03092,0.32426,22.50161,0.05706,0.04766,0.08205,22.48617,0.05713,2695.00000,2641.00000,54.00000
Cs2GeTaSe3Cl3,1.66130,-1.51780,105.02057,30.00000,0.79002,0.61000,1.07634,0.30871,22.02804,0.06015,0.05092,0.08535,23.70573,0.05714,2696.00000,2787.00000,-91.00000
Rb2GeCrO3S3,2.07056,-1.66443,42.74427,30.00000,0.81321,0.86000,1.07719,0.35340,16.09275,0.05876,0.04435,0.09625,16.75492,0.05715,2697.00000,2722.00000,-25.00000
Cs2FeSbO3Br3,1.41431,-1.50479,118.76357,30.00000,0.85000,0.48000,1.09329,0.37054,25.36053,0.05709,0.04973,0.08513,25.30524,0.05716,2698.00000,2643.00000,55.00000
Cs2GeZnI6,1.01586,-1.14411,77.82179,30.00000,0.84475,0.00000,1.01764,0.28864,20.60657,0.05750,0.04507,0.79773,20.76806,0.05718,2699.00000,2666.00000,33.00000
Cs2GeNbS3Br3,1.48736,-1.38054,117.57418,30.00000,0.81243,0.38000,1.07560,0.30789,23.99170,0.05904,0.05116,0.08362,25.12291,0.05721,2700.00000,2740.00000,-40.00000
Cs2VFeO3I3,1.63201,-1.82143,108.63904,30.00000,0.79024,0.78000,1.08763,0.32917,22.33609,0.06029,0.05129,0.08502,24.04611,0.05724,2701.00000,2791.00000,-90.00000
Cs2TaZnS3I3,1.79898,-1.24622,88.33673,30.00000,0.85000,0.08000,1.01761,0.34158,21.72113,0.05721,0.04714,0.08364,21.70531,0.05724,2701.00000,2653.00000,48.00000
Cs2SnFeO3Br3,1.40153,-1.44256,119.23375,30.00000,0.85000,0.48000,1.07233,0.39732,25.36832,0.05716,0.04979,0.08691,25.30907,0.05726,2703.00000,2647.00000,56.00000
Cs2MnSbO3Se3,1.38182,-1.41999,119.50785,30.00000,0.81538,0.89000,1.09162,0.36834,24.33015,0.05890,0.05112,0.09375,25.37509,0.05728,2704.00000,2732.00000,-28.00000
Cs2TiCrSe6,1.11183,-1.33210,103.62154,30.00000,0.85000,0.00000,1.05383,0.30808,23.63136,0.05734,0.04810,0.81326,23.67357,0.05729,2705.00000,2660.00000,45.00000
Cs2SnVSe3Br3,1.06729,-1.43521,95.32111,30.00000,0.82474,0.41000,1.05314,0.31218,21.91185,0.05873,0.04800,0.84067,22.71979,0.05730,2706.00000,2721.00000,-15.00000
Cs2MnSbO3Br3,1.44096,-1.58652,118.91220,30.00000,0.85000,0.48000,1.09329,0.37054,25.28430,0.05718,0.04980,0.08297,25.23712,0.05730,2706.00000,2649.00000,57.00000
Cs2VCuSe3Cl3,1.36983,-1.41391,120.10734,30.00000,0.82992,0.61000,1.05507,0.33509,24.78152,0.05829,0.05064,0.09549,25.37967,0.05731,2708.00000,2706.00000,2.00000
Cs2VZnSe3Cl3,1.34614,-1.47662,119.79124,30.00000,0.83349,0.61000,1.05299,0.33773,24.89413,0.05808,0.05046,0.10218,25.34407,0.05732,2709.00000,2695.00000,14.00000
Cs2WFeSe3F3,1.63979,-1.97888,108.74170,30.00000,0.76479,1.43000,1.09925,0.37842,21.53607,0.06191,0.05245,0.08779,23.96068,0.05738,2710.00000,2846.00000,-136.00000
Rb2GeFeS3Br3,0.93244,-1.22118,29.59351,30.00000,0.83108,0.38000,1.02904,0.30921,14.67487,0.05908,0.03873,0.62291,15.18025,0.05738,2710.00000,2742.00000,-32.00000
Cs2NbFeO3I3,1.69761,-1.94308,103.25466,30.00000,0.83048,0.78000,1.06536,0.35694,22.72790,0.05844,0.04931,0.08318,23.28331,0.05745,2712.00000,2709.00000,3.00000
Cs2SnMnO3Se3,1.44307,-1.47176,119.98360,30.00000,0.84844,0.89000,1.07078,0.39497,25.22814,0.05745,0.05001,0.08336,25.26584,0.05746,2713.00000,2663.00000,50.00000
Cs2SbCuS3I3,1.06100,-0.91470,93.85440,30.00000,0.85000,0.08000,1.02708,0.32921,22.40987,0.05748,0.04695,0.83897,22.45998,0.05746,2713.00000,2665.00000,48.00000
Cs2VZnO3I3,1.65865,-1.79992,107.35972,30.00000,0.82866,0.78000,1.06646,0.35556,23.16384,0.05853,0.04973,0.08255,23.70928,0.05748,2715.00000,2714.00000,1.00000
Cs2TiSbSe3Cl3,1.61405,-1.69451,111.63965,30.00000,0.80485,0.61000,1.06880,0.31794,22.92060,0.05978,0.05106,0.08390,24.26330,0.05748,2715.00000,2771.00000,-56.00000
Cs2GeInO3I3,1.69353,-1.46578,103.42379,30.00000,0.84588,0.78000,1.05564,0.36944,23.20660,0.05764,0.04875,0.08176,23.27768,0.05748,2715.00000,2675.00000,40.00000
Cs2CrMnSe6,1.10493,-1.15365,102.75329,30.00000,0.85000,0.00000,1.04576,0.31818,23.49583,0.05739,0.04800,0.83001,23.46966,0.05748,2715.00000,2661.00000,54.00000
Cs2TaZnO3Br3,1.63870,-2.05320,108.90517,30.00000,0.85000,0.48000,1.06215,0.41071,23.98561,0.05743,0.04906,0.08038,23.94405,0.05750,2719.00000,2662.00000,57.00000
Cs2CrWO3Se3,1.62533,-1.63477,110.52134,30.00000,0.80265,0.89000,1.09875,0.35947,22.75406,0.05987,0.05103,0.08416,24.06701,0.05750,2719.00000,2776.00000,-57.00000
Cs2VCuS3Br3,1.35847,-1.32800,121.20909,30.00000,0.85000,0.38000,1.05438,0.33421,25.41192,0.05750,0.05003,0.09698,25.37645,0.05750,2719.00000,2667.00000,52.00000
Li2GeGaO3F3,2.24965,-2.21915,16.11895,30.00000,0.74229,0.54000,0.77489,0.42435,11.92699,0.06346,0.04508,0.11803,13.69425,0.05750,2719.00000,2902.00000,-183.00000
Cs2GeVO3I3,1.62267,-1.86044,110.55072,30.00000,0.73325,0.78000,1.11441,0.29722,20.77255,0.06389,0.05408,0.09076,24.11879,0.05753,2723.00000,2916.00000,-193.00000
Cs2ZrGaO3I3,1.69961,-2.12516,102.71396,30.00000,0.84909,0.78000,1.05350,0.37222,23.21910,0.05748,0.04856,0.08163,23.17768,0.05753,2723.00000,2664.00000,59.00000
Cs2VFeSe3Cl3,1.33265,-1.52298,121.38940,30.00000,0.79649,0.61000,1.07310,0.31266,23.72921,0.06034,0.05221,0.11317,25.37892,0.05754,2725.00000,2796.00000,-71.00000
Cs2GeGaO3I3,1.64454,-1.43817,109.02173,30.00000,0.77414,0.78000,1.09564,0.31944,21.75972,0.06150,0.05211,0.08724,23.91402,0.05755,2726.00000,2834.00000,-108.00000
Cs2NbSbO3Se3,1.58545,-1.88496,113.63154,30.00000,0.81332,0.89000,1.09280,0.36686,23.41636,0.05926,0.05089,0.08296,24.41847,0.05756,2727.00000,2753.00000,-26.00000
Cs2MnGaSe3Cl3,1.27982,-1.46782,119.51912,30.00000,0.82810,0.61000,1.05611,0.33377,24.55830,0.05860,0.05070,0.14444,25.17899,0.05759,2728.00000,2717.00000,11.00000
Cs2MnGaS3Se3,1.40849,-1.11803,121.20493,30.00000,0.85000,0.03000,1.05405,0.33115,25.36420,0.05751,0.05007,0.08659,25.29490,0.05760,2729.00000,2668.00000,61.00000
Rb2TiBiO3Cl3,2.18099,-2.27148,26.58191,30.00000,0.85000,0.28000,1.02782,0.42523,14.84146,0.05753,0.04230,0.09880,14.79425,0.05762,2730.00000,2670.00000,60.00000
Cs2VZnS3Br3,1.31938,-1.40909,120.88691,30.00000,0.85000,0.38000,1.05231,0.33684,25.33515,0.05755,0.05003,0.11330,25.29512,0.05762,2730.00000,2671.00000,59.00000
Cs2VMnSe3Cl3,1.35568,-1.58005,121.54454,30.00000,0.79649,0.61000,1.07310,0.31266,23.76106,0.06029,0.05221,0.10356,25.31988,0.05764,2732.00000,2792.00000,-60.00000
Cs2GeNbSe3Cl3,1.56060,-1.49141,116.57946,30.00000,0.79002,0.61000,1.07634,0.30871,22.92584,0.06076,0.05219,0.08539,24.67575,0.05768,2733.00000,2812.00000,-79.00000
Cs2TiFeO3I3,1.65119,-1.99704,109.03334,30.00000,0.81735,0.78000,1.07305,0.34722,22.92216,0.05929,0.05038,0.08364,23.81335,0.05769,2734.00000,2754.00000,-20.00000
Cs2MnInO3Br3,1.46860,-1.68678,121.08024,30.00000,0.85000,0.48000,1.04778,0.43006,25.19920,0.05769,0.05017,0.08204,25.22562,0.05770,2735.00000,2677.00000,58.00000
Cs2NbCuO3Br3,1.38644,-1.95828,122.29145,30.00000,0.85000,0.48000,1.06440,0.40774,25.39159,0.05766,0.05020,0.09050,25.37109,0.05773,2736.00000,2676.00000,60.00000
Cs2GeMoS3Se3,1.54541,-1.01556,117.69819,30.00000,0.82357,0.03000,1.08499,0.29319,24.02106,0.05901,0.05091,0.08249,24.77437,0.05773,2736.00000,2739.00000,-3.00000
Cs2ZrBiO3I3,1.81785,-2.02143,87.58261,30.00000,0.85000,0.78000,1.02447,0.41111,21.39880,0.05762,0.04719,0.08492,21.35079,0.05774,2738.00000,2674.00000,64.00000
Cs2GeCrSe6,1.09991,-1.03849,104.56859,30.00000,0.82969,0.00000,1.06932,0.28914,22.82751,0.05892,0.04901,0.84611,23.46280,0.05774,2738.00000,2733.00000,5.00000
Cs2GeWS3Se3,1.69103,-1.02530,105.58991,30.00000,0.82825,0.03000,1.08280,0.29581,22.74749,0.05885,0.04971,0.08369,23.33739,0.05777,2740.00000,2727.00000,13.00000
Cs2GeCuS3Se3,1.36751,-0.90504,122.80882,30.00000,0.85000,0.03000,1.05509,0.32984,25.40712,0.05777,0.05027,0.09495,25.38162,0.05779,2741.00000,2678.00000,63.00000
Cs2MnGaS3Br3,1.26543,-1.34027,120.59951,30.00000,0.85000,0.38000,1.05542,0.33289,25.16398,0.05780,0.05006,0.15685,25.14171,0.05783,2742.00000,2681.00000,61.00000
Rb2TiMoO6,2.12251,-2.76654,37.65402,30.00000,0.85000,0.00000,1.10447,0.42679,15.87632,0.05792,0.04321,0.09661,15.91954,0.05785,2743.00000,2688.00000,55.00000
Cs2GeVSe3Cl3,1.36113,-1.48606,123.23182,30.00000,0.74236,0.61000,1.09849,0.28232,22.09968,0.06378,0.05491,0.10907,25.40842,0.05788,2744.00000,2911.00000,-167.00000
Cs2SnCrSe6,1.05993,-1.03372,95.59286,30.00000,0.85000,0.00000,1.03682,0.32955,22.38127,0.05788,0.04721,0.84686,22.39240,0.05788,2744.00000,2686.00000,58.00000
Rb2SbCuSe3I3,0.91016,-0.92126,16.25556,30.00000,0.85000,0.11000,0.97789,0.31818,13.24335,0.05895,0.03641,0.56952,13.53587,0.05791,2746.00000,2736.00000,10.00000
Cs2MoFeSe3F3,1.47421,-2.02683,122.19232,30.00000,0.76058,1.43000,1.10168,0.37538,22.46775,0.06271,0.05406,0.09026,25.17096,0.05792,2747.00000,2879.00000,-132.00000
Cs2GeSbS3Br3,1.62791,-1.05213,113.33137,30.00000,0.79437,0.38000,1.08433,0.29737,22.49195,0.06090,0.05183,0.08591,24.08270,0.05799,2748.00000,2818.00000,-70.00000
Cs2MnGaSe3Br3,1.08239,-1.36346,101.14588,30.00000,0.83760,0.41000,1.04606,0.32107,22.67659,0.05853,0.04830,0.85144,23.00144,0.05799,2748.00000,2715.00000,33.00000
K2TiSbO3F3,2.35804,-2.77481,0.19498,30.00000,0.85000,0.54000,1.08188,0.44465,11.83757,0.05801,0.04077,0.11349,11.83458,0.05801,2750.00000,2691.00000,59.00000
Rb2ZrCrO3F3,2.12939,-2.83720,36.79571,30.00000,0.85000,0.54000,1.07508,0.49262,15.75120,0.05801,0.04318,0.09705,15.73563,0.05802,2751.00000,2692.00000,59.00000
Cs2VMnS3Br3,1.28425,-1.50781,122.67459,30.00000,0.81888,0.38000,1.07236,0.31184,24.28744,0.05963,0.05153,0.14335,25.23047,0.05803,2752.00000,2762.00000,-10.00000
Cs2TaFeO3Br3,1.66333,-2.03740,110.22099,30.00000,0.85000,0.48000,1.08388,0.38244,23.71116,0.05809,0.04940,0.08191,23.71890,0.05803,2752.00000,2696.00000,56.00000
Cs2CrAgSe3I3,1.02597,-1.07027,84.89911,30.00000,0.85000,0.11000,0.97727,0.37440,21.19379,0.05791,0.04587,0.82174,21.10636,0.05806,2754.00000,2687.00000,67.00000
K2TiInO3F3,2.34668,-2.80705,2.34591,30.00000,0.85000,0.54000,1.02930,0.51845,12.02339,0.05817,0.04097,0.11253,12.01201,0.05807,2755.00000,2700.00000,55.00000
Cs2WFeO3I3,1.79751,-1.51622,93.21589,30.00000,0.81539,0.78000,1.07416,0.34583,20.84749,0.05988,0.04913,0.08820,21.74361,0.05813,2756.00000,2777.00000,-21.00000
Cs2GeMnBr3I3,1.03670,-1.32010,89.19620,30.00000,0.79883,0.30000,1.04973,0.28245,20.25962,0.06066,0.04823,0.83499,21.64072,0.05816,2757.00000,2810.00000,-53.00000
Cs2SnCuO3Se3,1.19915,-1.29517,118.58318,30.00000,0.85000,0.89000,1.05182,0.42012,24.74489,0.05817,0.04993,0.30381,24.77154,0.05820,2758.00000,2701.00000,57.00000
Na2SnFeSe3Br3,0.88769,-1.12503,0.21458,30.00000,0.83004,0.41000,0.90081,0.33883,11.36682,0.05970,0.03451,0.50388,11.75100,0.05823,2759.00000,2766.00000,-7.00000
Cs2TaSbS6,1.62352,-1.12817,114.55730,30.00000,0.85000,0.00000,1.06928,0.33696,24.14255,0.05819,0.04980,0.08135,24.09946,0.05827,2760.00000,2703.00000,57.00000
Cs2ZrWS6,1.58451,-1.51042,118.44146,30.00000,0.85000,0.00000,1.05217,0.35870,24.50586,0.05828,0.05019,0.08132,24.50637,0.05829,2761.00000,2704.00000,57.00000
Cs2ZrSbO3I3,1.78827,-1.99943,95.98292,30.00000,0.84260,0.78000,1.05779,0.36667,21.69973,0.05877,0.04847,0.08594,21.90675,0.05842,2762.00000,2724.00000,38.00000
Rb2GeGaO3F3,2.08133,-2.40141,46.87686,30.00000,0.85000,0.54000,1.12661,0.42435,16.62181,0.05850,0.04408,0.09583,16.66168,0.05844,2763.00000,2712.00000,51.00000
Cs2GeMnS3Se3,1.26613,-1.06808,124.25521,30.00000,0.84839,0.03000,1.07305,0.30759,25.11937,0.05851,0.05064,0.15837,25.15809,0.05844,2763.00000,2713.00000,50.00000
Cs2GeVS3Br3,1.26130,-1.36651,124.35134,30.00000,0.76489,0.38000,1.09769,0.28158,22.54699,0.06314,0.05416,0.18060,25.17042,0.05845,2765.00000,2891.00000,-126.00000
Cs2VMnO3I3,1.69154,-1.99225,108.76316,30.00000,0.79024,0.78000,1.08763,0.32917,21.67786,0.06150,0.05170,0.08810,23.29855,0.05845,2765.00000,2835.00000,-70.00000
Cs2NbCuSe3Br3,1.05381,-1.35910,96.70982,30.00000,0.85000,0.41000,1.02537,0.34772,22.21068,0.05841,0.04740,0.85459,22.19604,0.05845,2765.00000,2707.00000,58.00000
Cs2SnFeO3Se3,1.57608,-1.32043,119.83242,30.00000,0.84844,0.89000,1.07078,0.39497,24.52933,0.05848,0.05041,0.08162,24.55376,0.05847,2768.00000,2710.00000,58.00000
Cs2VFeS3Br3,1.22641,-1.41366,122.51640,30.00000,0.81888,0.38000,1.07236,0.31184,23.99998,0.06010,0.05163,0.23224,24.95715,0.05852,2769.00000,2785.00000,-16.00000
Cs2SnVSe3F3,1.58656,-2.20925,119.19178,30.00000,0.75843,1.43000,1.10290,0.37386,21.79303,0.06344,0.05413,0.08967,24.44234,0.05852,2769.00000,2900.00000,-131.00000
Cs2VZnSe3Br3,1.06400,-1.41333,101.19794,30.00000,0.84286,0.41000,1.04305,0.32487,22.31242,0.05912,0.04824,0.86627,22.62724,0.05857,2771.00000,2747.00000,24.00000
Cs2CrMnO3I3,1.69631,-1.70477,108.59688,30.00000,0.82120,0.78000,1.07084,0.35000,22.48619,0.05991,0.05046,0.08555,23.20264,0.05858,2772.00000,2779.00000,-7.00000
Cs2SnMoO3Se3,1.65936,-1.48507,113.63720,30.00000,0.82914,0.89000,1.08342,0.37870,23.16857,0.05969,0.05066,0.08440,23.75320,0.05862,2773.00000,2765.00000,8.00000
Cs2TiCrS3Se3,1.24273,-1.38296,124.34284,30.00000,0.85000,0.03000,1.06347,0.31937,25.04650,0.05863,0.05064,0.19195,25.04912,0.05862,2773.00000,2718.00000,55.00000
Cs2GeCrS3Se3,1.51574,-1.04912,124.76455,30.00000,0.83514,0.03000,1.07953,0.29974,24.54055,0.05939,0.05141,0.08334,25.03473,0.05862,2773.00000,2758.00000,15.00000
Cs2MnInO3Se3,1.56823,-1.55621,121.69015,30.00000,0.85000,0.89000,1.04637,0.42751,24.65269,0.05864,0.05059,0.08189,24.64245,0.05867,2776.00000,2719.00000,57.00000
Cs2SbCuO3Br3,1.15575,-1.44589,117.53541,30.00000,0.85000,0.48000,1.07348,0.39583,24.30076,0.05877,0.04992,0.50641,24.31097,0.05871,2777.00000,2725.00000,52.00000
Cs2TiInO3I3,1.75311,-2.07683,102.46329,30.00000,0.85000,0.78000,1.03982,0.39028,22.44832,0.05871,0.04888,0.08483,22.43510,0.05871,2777.00000,2720.00000,57.00000
Cs2MnBiO3Cl3,1.47997,-1.77861,126.94324,30.00000,0.85000,0.28000,1.06794,0.43769,25.16099,0.05876,0.05104,0.08331,25.11956,0.05880,2779.00000,2723.00000,56.00000
Cs2VSbSe6,1.03720,-1.02768,95.42594,30.00000,0.82750,0.00000,1.07037,0.28788,21.04353,0.06036,0.04812,0.85948,21.88222,0.05881,2780.00000,2799.00000,-19.00000
Cs2MnGaO3Br3,1.40954,-1.70960,129.16221,30.00000,0.85000,0.48000,1.08856,0.37649,25.36346,0.05887,0.05121,0.08881,25.33596,0.05886,2781.00000,2728.00000,53.00000
Cs2VSbO3Se3,1.60614,-1.74273,120.19787,30.00000,0.76695,0.89000,1.11698,0.33728,21.87885,0.06346,0.05399,0.08978,24.31888,0.05888,2782.00000,2901.00000,-119.00000
Cs2SnWO3Se3,1.76787,-1.50772,101.91710,30.00000,0.83286,0.89000,1.08110,0.38166,21.76568,0.05985,0.04956,0.08718,22.24883,0.05891,2783.00000,2774.00000,9.00000
Cs2GeNbO3I3,1.74094,-1.96727,105.17820,30.00000,0.78347,0.78000,1.09105,0.32500,20.86159,0.06244,0.05181,0.09090,22.62925,0.05893,2784.00000,2866.00000,-82.00000
Cs2SnCuCl3I3,1.03430,-1.30840,93.11381,30.00000,0.85000,0.50000,1.01183,0.35411,21.52118,0.05895,0.04701,0.85102,21.60625,0.05893,2784.00000,2735.00000,49.00000
Cs2MoFeO3Br3,1.56842,-1.64387,123.12222,30.00000,0.85000,0.48000,1.09567,0.36756,24.65190,0.05890,0.05079,0.08228,24.60599,0.05894,2786.00000,2731.00000,55.00000
Cs2CrAgO3Br3,1.56508,-1.59237,123.65358,30.00000,0.85000,0.48000,1.02225,0.46577,24.67474,0.05896,0.05085,0.08239,24.65719,0.05896,2787.00000,2737.00000,50.00000
Cs2ZrSbSe3Cl3,1.74235,-1.68498,105.77013,30.00000,0.84707,0.61000,1.04475,0.34828,22.54239,0.05919,0.04940,0.08538,22.64330,0.05901,2788.00000,2751.00000,37.00000
Cs2ZrInO3Br3,1.66683,-2.15636,115.31926,30.00000,0.85000,0.48000,1.03168,0.45238,23.66287,0.05908,0.05017,0.08357,23.66907,0.05904,2789.00000,2743.00000,46.00000
Cs2SnVO3I3,1.77516,-1.85082,100.77724,30.00000,0.80939,0.78000,1.07750,0.34167,21.04105,0.06106,0.05034,0.08955,22.10968,0.05904,2789.00000,2824.00000,-35.00000
Cs2NbFeO3Br3,1.56932,-2.03801,123.62222,30.00000,0.85000,0.48000,1.08388,0.38244,24.64261,0.05900,0.05087,0.08244,24.62505,0.05904,2789.00000,2738.00000,51.00000
Cs2SnSbO3Br3,1.71756,-1.51743,109.40523,30.00000,0.85000,0.48000,1.08271,0.38393,22.99301,0.05911,0.04964,0.08460,23.03917,0.05906,2792.00000,2745.00000,47.00000
Na2TiInO3F3,2.36267,-2.77495,2.56249,30.00000,0.85000,0.54000,0.94338,0.51845,11.76211,0.05913,0.04137,0.11680,11.78301,0.05909,2793.00000,2748.00000,45.00000
Cs2SbCuSe3Cl3,1.09250,-1.16320,109.44129,30.00000,0.85000,0.61000,1.04271,0.35092,23.25507,0.05907,0.04902,0.87365,23.23680,0.05915,2794.00000,2741.00000,53.00000
Cs2ZrFeO3Br3,1.58161,-2.06231,123.88717,30.00000,0.85000,0.48000,1.06552,0.40625,24.52996,0.05920,0.05096,0.08275,24.50699,0.05916,2795.00000,2752.00000,43.00000
Cs2CrMoO3Br3,1.58171,-1.68129,123.80319,30.00000,0.83997,0.48000,1.10287,0.35863,24.23122,0.05969,0.05134,0.08353,24.53398,0.05917,2796.00000,2764.00000,32.00000
Cs2SnFeSe3Cl3,1.09895,-1.27800,110.90823,30.00000,0.85000,0.61000,1.04169,0.35224,23.39322,0.05912,0.04921,0.87068,23.41901,0.05918,2797.00000,2746.00000,51.00000
Cs2NbMnO3Br3,1.57917,-2.10489,123.78325,30.00000,0.85000,0.48000,1.08388,0.38244,24.54928,0.05915,0.05094,0.08266,24.53854,0.05918,2797.00000,2749.00000,48.00000
Rb2SnCrO3F3,2.17078,-2.41230,34.56964,30.00000,0.85000,0.54000,1.08311,0.48155,15.01847,0.05934,0.04355,0.10184,15.05732,0.05920,2799.00000,2756.00000,43.00000
Cs2GeNbSe3F3,1.58658,-2.23238,124.51522,30.00000,0.73067,1.43000,1.11774,0.35562,20.97138,0.06632,0.05636,0.09427,24.50749,0.05935,2800.00000,2966.00000,-166.00000
Cs2VCuSe3F3,1.50923,-2.19513,128.90244,30.00000,0.77488,1.43000,1.09322,0.38602,22.75777,0.06342,0.05457,0.08996,24.99013,0.05939,2801.00000,2899.00000,-98.00000
Na2TiGaO3F3,2.36515,-2.65983,3.07073,30.00000,0.85000,0.54000,0.98654,0.45203,11.72304,0.05945,0.04154,0.11794,11.73519,0.05944,2802.00000,2759.00000,43.00000
Cs2VCuO3Br3,1.49487,-1.89518,129.94619,30.00000,0.85000,0.48000,1.08739,0.37798,25.08399,0.05937,0.05151,0.08378,25.03086,0.05945,2803.00000,2757.00000,46.00000
Cs2VTaS6,1.56957,-1.45218,126.26533,30.00000,0.85000,0.00000,1.08248,0.32065,24.64154,0.05946,0.05126,0.08317,24.59948,0.05953,2804.00000,2760.00000,44.00000
Cs2GeWO3Se3,1.71190,-1.48246,111.88805,30.00000,0.76176,0.89000,1.11946,0.33432,20.65274,0.06433,0.05359,0.09333,23.00560,0.05954,2805.00000,2926.00000,-121.00000
Cs2GeFeO3Br3,1.30270,-1.57467,132.20434,30.00000,0.82600,0.48000,1.11017,0.34970,24.56368,0.06084,0.05262,0.13191,25.30412,0.05958,2806.00000,2815.00000,-9.00000
K2BiAgI6,0.88204,-0.95910,1.76440,30.00000,0.85000,0.00000,0.88880,0.38864,11.26060,0.06072,0.03439,0.51148,11.50984,0.05958,2806.00000,2811.00000,-5.00000
Cs2SnZnO3Se3,1.66503,-1.32272,118.27499,30.00000,0.85000,0.89000,1.04963,0.42308,23.68810,0.05958,0.05059,0.08434,23.64665,0.05964,2808.00000,2761.00000,47.00000
Cs2SnGaO3Br3,1.66920,-1.63390,118.10746,30.00000,0.85000,0.48000,1.07807,0.38988,23.63423,0.05964,0.05059,0.08451,23.63298,0.05964,2808.00000,2763.00000,45.00000
Cs2ZrGaSe3F3,1.63787,-2.29323,121.71332,30.00000,0.79983,1.43000,1.07670,0.40729,22.56035,0.06239,0.05294,0.08840,24.02281,0.05965,2810.00000,2864.00000,-54.00000
Cs2SnNbO3I3,1.82869,-1.99988,96.13050,30.00000,0.84588,0.78000,1.05564,0.36944,21.10963,0.05992,0.04875,0.08915,21.22809,0.05965,2810.00000,2780.00000,30.00000
Cs2WMnO3Se3,1.73311,-1.59191,110.10572,30.00000,0.81538,0.89000,1.09162,0.36834,21.83081,0.06143,0.05120,0.08893,22.77435,0.05965,2810.00000,2832.00000,-22.00000
Cs2GeBiO3Br3,1.75185,-1.55867,108.04798,30.00000,0.85000,0.48000,1.08271,0.38393,22.46824,0.05974,0.04970,0.08648,22.45671,0.05970,2813.00000,2769.00000,44.00000
Cs2CrMoO3Se3,1.61069,-1.60268,124.44319,30.00000,0.79821,0.89000,1.10114,0.35651,22.75404,0.06253,0.05328,0.08817,24.26319,0.05971,2814.00000,2871.00000,-57.00000
Cs2TiWS6,1.59241,-1.51853,125.86251,30.00000,0.85000,0.00000,1.07694,0.32745,24.43977,0.05973,0.05130,0.08355,24.42162,0.05972,2815.00000,2768.00000,47.00000
Cs2SnSbSe3Cl3,1.78810,-1.20806,102.36812,30.00000,0.83700,0.61000,1.05092,0.34037,21.55930,0.06032,0.04965,0.08854,21.84651,0.05976,2816.00000,2795.00000,21.00000
Cs2SnBiO3Br3,1.81377,-1.52016,98.59430,30.00000,0.85000,0.48000,1.04669,0.43155,21.46887,0.05971,0.04881,0.08829,21.46002,0.05976,2816.00000,2767.00000,49.00000
Cs2FeMnS3Se3,1.14685,-1.12577,122.42101,30.00000,0.85000,0.03000,1.04890,0.33770,24.19364,0.05987,0.05066,0.57489,24.17078,0.05984,2818.00000,2775.00000,43.00000
Cs2GeFeS3Se3,1.15999,-0.95009,124.09915,30.00000,0.84839,0.03000,1.07305,0.30759,24.31358,0.05994,0.05091,0.49785,24.37555,0.05987,2819.00000,2781.00000,38.00000
Cs2GeGaS3I3,1.79080,-1.07204,103.09114,30.00000,0.81872,0.08000,1.06270,0.28465,21.03853,0.06152,0.05049,0.09071,21.84646,0.05988,2820.00000,2836.00000,-16.00000
Cs2VFeO3Br3,1.51568,-1.93430,131.45081,30.00000,0.83076,0.48000,1.10772,0.35268,24.41001,0.06081,0.05256,0.08556,24.96438,0.05993,2821.00000,2814.00000,7.00000
Cs2SnGaSe3F3,1.68741,-2.00309,117.26444,30.00000,0.78973,1.43000,1.08372,0.39818,21.71777,0.06313,0.05302,0.09067,23.36071,0.05993,2821.00000,2890.00000,-69.00000
Cs2GeCuO3Se3,1.24484,-1.36544,131.41818,30.00000,0.82142,0.89000,1.08809,0.37278,24.19285,0.06134,0.05280,0.19901,25.03326,0.05994,2823.00000,2831.00000,-8.00000
Cs2SnGeBr3I3,0.99639,-1.31150,83.94984,30.00000,0.81608,0.30000,1.04095,0.29327,18.93409,0.06244,0.04706,0.83281,20.08300,0.05995,2824.00000,2867.00000,-43.00000
Cs2MnSbS3Se3,1.08314,-1.01347,112.08834,30.00000,0.85000,0.03000,1.05822,0.32592,23.04067,0.05996,0.04945,0.89334,23.03089,0.05996,2825.00000,2782.00000,43.00000
K2MoGaO3F3,2.37422,-2.38790,2.55833,30.00000,0.85000,0.54000,1.08050,0.44649,11.57401,0.05979,0.04164,0.11998,11.50877,0.05996,2825.00000,2772.00000,53.00000
Cs2GeSbSe3F3,1.67294,-1.89807,119.77034,30.00000,0.71004,1.43000,1.12785,0.34347,19.63406,0.06848,0.05719,0.09942,23.60691,0.05997,2827.00000,2998.00000,-171.00000
Cs2ZrCrO3Se3,1.62289,-2.10364,125.22448,30.00000,0.84844,0.89000,1.07078,0.39497,24.10421,0.06017,0.05141,0.08444,24.17479,0.06007,2828.00000,2788.00000,40.00000
Cs2GeMnO3Se3,1.50473,-1.48854,133.07661,30.00000,0.78431,0.89000,1.10840,0.34763,23.05540,0.06360,0.05477,0.09027,25.00487,0.06007,2828.00000,2906.00000,-78.00000
Cs2NbTaS6,1.68246,-1.43509,119.05250,30.00000,0.85000,0.00000,1.06066,0.34783,23.46553,0.06010,0.05082,0.08546,23.46969,0.06014,2830.00000,2784.00000,46.00000
Cs2SnCrSe3Br3,1.02443,-1.31281,95.19069,30.00000,0.85000,0.41000,1.03808,0.33122,21.12634,0.06014,0.04738,0.86474,21.09998,0.06016,2831.00000,2786.00000,45.00000
Cs2ZrCrO3I3,1.79339,-2.05439,103.91423,30.00000,0.84750,0.78000,1.05457,0.37083,21.73864,0.06025,0.04953,0.08854,21.77234,0.06017,2832.00000,2790.00000,42.00000
Cs2MoGaO3I3,1.80008,-1.60147,102.20283,30.00000,0.80109,0.78000,1.08198,0.33611,20.44155,0.06261,0.05113,0.09299,21.63662,0.06018,2833.00000,2876.00000,-43.00000
Cs2TiGaS3Br3,1.66892,-1.66265,121.78819,30.00000,0.83525,0.38000,1.06383,0.32237,23.21890,0.06107,0.05170,0.08680,23.65385,0.06021,2834.00000,2825.00000,9.00000
Cs2MnGaO3Se3,1.57923,-1.56800,129.84674,30.00000,0.82339,0.89000,1.08692,0.37426,23.76576,0.06162,0.05288,0.08661,24.53258,0.06023,2835.00000,2839.00000,-4.00000
Cs2FeMnO3Br3,1.56776,-1.73927,130.62757,30.00000,0.85000,0.48000,1.08271,0.38393,24.65489,0.06021,0.05187,0.08436,24.60963,0.06028,2836.00000,2789.00000,47.00000
Cs2ZrGaS3Br3,1.72619,-1.65927,114.88483,30.00000,0.85000,0.38000,1.04002,0.35263,22.86583,0.06035,0.05051,0.08685,22.86394,0.06031,2837.00000,2797.00000,40.00000
Cs2WMnS6,1.64445,-1.25662,124.58235,30.00000,0.85000,0.00000,1.06820,0.33832,23.93046,0.06035,0.05138,0.08515,23.87972,0.06034,2838.00000,2798.00000,40.00000
Cs2FeMnSe6,1.03788,-1.05032,102.28375,30.00000,0.85000,0.00000,1.03978,0.32576,21.66052,0.06052,0.04832,0.88690,21.72517,0.06034,2838.00000,2805.00000,33.00000
Rb2WGaO3F3,2.21530,-2.39576,30.73053,30.00000,0.85000,0.54000,1.10654,0.45018,14.24116,0.06047,0.04375,0.10668,14.27930,0.06035,2840.00000,2804.00000,36.00000
Cs2SnFeS3Se3,1.07386,-0.93823,112.37212,30.00000,0.85000,0.03000,1.03974,0.34948,22.79761,0.06039,0.04955,0.90219,22.82635,0.06035,2840.00000,2800.00000,40.00000
Cs2TiBiO3I3,1.87244,-1.97392,91.55782,30.00000,0.85000,0.78000,1.04820,0.37917,20.43797,0.06031,0.04835,0.09120,20.39876,0.06037,2842.00000,2794.00000,48.00000
Cs2GeFeSe3F3,1.19554,-1.92239,131.16159,30.00000,0.73313,1.43000,1.11648,0.35714,21.18693,0.06746,0.05699,0.36777,24.72132,0.06038,2843.00000,2983.00000,-140.00000
Cs2SnCrO3Br3,1.69089,-1.67170,119.87265,30.00000,0.85000,0.48000,1.07923,0.38839,23.35696,0.06043,0.05099,0.08618,23.35523,0.06040,2844.00000,2803.00000,41.00000
Cs2FeMnO3Se3,1.57330,-1.49440,131.33274,30.00000,0.83286,0.89000,1.08110,0.38166,24.09652,0.06130,0.05268,0.08607,24.59773,0.06043,2845.00000,2830.00000,15.00000
Cs2ZrMoS6,1.52171,-1.51913,134.59098,30.00000,0.85000,0.00000,1.05428,0.35598,24.95770,0.06042,0.05227,0.08482,24.94795,0.06043,2845.00000,2801.00000,44.00000
Cs2VTaO3Se3,1.75177,-2.11695,111.46237,30.00000,0.78669,0.89000,1.10718,0.34911,20.79024,0.06386,0.05275,0.09358,22.43040,0.06047,2847.00000,2914.00000,-67.00000
Cs2TiSbO3I3,1.81943,-1.95884,100.78083,30.00000,0.79896,0.78000,1.08310,0.33472,20.08327,0.06308,0.05118,0.09448,21.28819,0.06048,2848.00000,2889.00000,-41.00000
Cs2VFeSe3F3,1.59546,-2.24778,130.38109,30.00000,0.73796,1.43000,1.11399,0.36018,21.12693,0.06718,0.05701,0.09570,24.42750,0.06054,2849.00000,2979.00000,-130.00000
Rb2GeVO3F3,2.12280,-2.63453,47.08637,30.00000,0.82166,0.54000,1.15045,0.39483,15.34599,0.06196,0.04578,0.10487,15.83225,0.06056,2850.00000,2849.00000,1.00000
Rb2GeGaS3Cl3,2.17772,-1.38186,38.02090,30.00000,0.81413,0.58000,1.04446,0.31507,14.27278,0.06257,0.04546,0.10929,14.90913,0.06058,2851.00000,2874.00000,-23.00000
Cs2SnGeS3Se3,1.73757,-0.89449,114.27188,30.00000,0.85000,0.03000,1.06347,0.31937,22.69016,0.06054,0.05052,0.08747,22.66764,0.06058,2851.00000,2806.00000,45.00000
Cs2TiWO3Se3,1.76069,-2.05970,111.10371,30.00000,0.79821,0.89000,1.10114,0.35651,20.96064,0.06338,0.05228,0.09300,22.27040,0.06061,2853.00000,2897.00000,-44.00000
Cs2GeMnBr6,1.04232,-1.47858,103.31299,30.00000,0.84510,0.00000,1.06586,0.29974,21.70180,0.06065,0.04862,0.88869,21.72787,0.06062,2854.00000,2809.00000,45.00000
Cs2MoInO3Br3,1.73672,-1.71541,114.66620,30.00000,0.85000,0.48000,1.05992,0.41369,22.70527,0.06059,0.05057,0.08754,22.65186,0.06068,2855.00000,2808.00000,47.00000
Cs2GeInO3Br3,1.68187,-1.60336,122.75960,30.00000,0.85000,0.48000,1.07348,0.39583,23.47245,0.06077,0.05135,0.08652,23.45387,0.06071,2856.00000,2813.00000,43.00000
Cs2GeFeO3Se3,1.57252,-1.38916,132.89770,30.00000,0.78431,0.89000,1.10840,0.34763,22.66439,0.06434,0.05504,0.09099,24.56920,0.06072,2857.00000,2927.00000,-70.00000
Cs2CrMnO3Se3,1.58852,-1.63529,132.10715,30.00000,0.82142,0.89000,1.08809,0.37278,23.63432,0.06228,0.05333,0.08765,24.50480,0.06075,2858.00000,2861.00000,-3.00000
Rb2TiGaO3Cl3,2.18914,-2.39373,36.62884,30.00000,0.85000,0.28000,1.06026,0.38162,14.69725,0.06087,0.04428,0.10598,14.69477,0.06076,2859.00000,2816.00000,43.00000
Cs2VZnO3Br3,1.62498,-1.92251,129.57652,30.00000,0.85000,0.48000,1.08504,0.38095,24.12700,0.06091,0.05199,0.08564,24.18198,0.06077,2860.00000,2820.00000,40.00000
K2WInO3F3,2.39203,-2.39256,1.78523,30.00000,0.85000,0.54000,1.03055,0.51661,11.29418,0.06055,0.04189,0.12480,11.26308,0.06081,2861.00000,2807.00000,54.00000
K2SnCuBr6,0.87759,-1.36213,0.09181,30.00000,0.85000,0.00000,0.95340,0.36224,10.96920,0.06128,0.03416,0.50468,10.98334,0.06086,2862.00000,2829.00000,33.00000
Cs2NbTaO6,1.52316,-2.77954,137.08886,30.00000,0.85000,0.00000,1.13692,0.45714,24.95095,0.06088,0.05263,0.08547,24.93974,0.06090,2863.00000,2817.00000,46.00000
Rb2SnVO3F3,2.20319,-2.67484,34.69312,30.00000,0.85000,0.54000,1.10373,0.45387,14.45072,0.06103,0.04423,0.10716,14.46877,0.06093,2864.00000,2823.00000,41.00000
Na2FeZnCl3I3,0.87941,-1.22150,0.40825,30.00000,0.81980,0.50000,0.88995,0.34539,10.69162,0.06247,0.03480,0.50599,11.09300,0.06097,2865.00000,2869.00000,-4.00000
Cs2MnBiO6,1.49657,-1.88236,138.78235,30.00000,0.85000,0.00000,1.10312,0.50179,25.07526,0.06093,0.05278,0.08619,25.05073,0.06100,2866.00000,2821.00000,45.00000
Cs2VSbS6,1.51528,-1.07914,137.67017,30.00000,0.84345,0.00000,1.09147,0.30978,24.78984,0.06124,0.05295,0.08615,24.94991,0.06100,2866.00000,2828.00000,38.00000
Rb2GeCrO6,2.12611,-2.11321,47.99163,30.00000,0.85000,0.00000,1.11847,0.40893,15.81047,0.06091,0.04508,0.10262,15.79059,0.06104,2868.00000,2819.00000,49.00000
Cs2TiFeO3Br3,1.60920,-2.05581,132.03642,30.00000,0.85000,0.48000,1.09210,0.37202,24.28033,0.06108,0.05225,0.08577,24.26546,0.06104,2868.00000,2826.00000,42.00000
Cs2TiGaO3I3,1.79555,-2.13008,108.17866,30.00000,0.80735,0.78000,1.07861,0.34028,20.67298,0.06335,0.05178,0.09402,21.71168,0.06118,2870.00000,2895.00000,-25.00000
Cs2GeFeCl3I3,1.02920,-1.36158,102.59060,30.00000,0.78917,0.50000,1.05964,0.29302,19.74503,0.06476,0.05075,0.89400,21.38152,0.06119,2871.00000,2935.00000,-64.00000
Na2SnCuBr3I3,0.87875,-1.09708,0.37206,30.00000,0.82721,0.30000,0.87945,0.34135,10.74849,0.06225,0.03465,0.50586,11.02377,0.06121,2872.00000,2859.00000,13.00000
Cs2WFeO3Br3,1.79112,-1.61919,109.46401,30.00000,0.85000,0.48000,1.09329,0.37054,21.84027,0.06116,0.05025,0.08993,21.79484,0.06124,2873.00000,2827.00000,46.00000
Cs2FeSbSe3Cl3,1.05207,-1.27899,110.50351,30.00000,0.82065,0.61000,1.06031,0.32850,21.36376,0.06281,0.05054,0.91230,22.14108,0.06130,2874.00000,2884.00000,-10.00000
Cs2MnSbSe3Br3,1.00665,-1.24289,94.58853,30.00000,0.83035,0.41000,1.05009,0.31599,19.81320,0.06283,0.04811,0.87172,20.48607,0.06131,2875.00000,2885.00000,-10.00000
Cs2GeCrO3Br3,1.61225,-1.63914,132.96025,30.00000,0.81112,0.48000,1.11756,0.34077,23.11474,0.06342,0.05403,0.08959,24.23881,0.06141,2876.00000,2898.00000,-22.00000
Cs2VNbS6,1.36615,-1.43392,144.24376,30.00000,0.85000,0.00000,1.08248,0.32065,25.40357,0.06143,0.05331,0.10249,25.37907,0.06143,2877.00000,2833.00000,44.00000
Cs2GeVSe3Br3,1.03387,-1.35058,104.26396,30.00000,0.75491,0.41000,1.08677,0.27157,19.00873,0.06693,0.05246,0.89916,21.41086,0.06145,2878.00000,2977.00000,-99.00000
Cs2ZrMoO3Se3,1.74592,-2.10584,117.84712,30.00000,0.84002,0.89000,1.07649,0.38757,22.29807,0.06198,0.05150,0.09003,22.53496,0.06146,2879.00000,2850.00000,29.00000
Cs2TiCrO3I3,1.79791,-2.11176,109.56638,30.00000,0.80528,0.78000,1.07973,0.33889,20.58523,0.06384,0.05210,0.09495,21.70840,0.06149,2880.00000,2913.00000,-33.00000
Rb2VMnO3F3,2.18415,-2.76517,40.39661,30.00000,0.85000,0.54000,1.11648,0.43727,14.78589,0.06172,0.04487,0.10737,14.84617,0.06149,2880.00000,2841.00000,39.00000
Cs2GeCuCl3I3,1.02439,-1.31818,101.71008,30.00000,0.82170,0.50000,1.04255,0.31421,20.40269,0.06303,0.04937,0.89234,21.06809,0.06158,2882.00000,2887.00000,-5.00000
Cs2VNbO3Se3,1.69763,-2.14724,125.17022,30.00000,0.78669,0.89000,1.10718,0.34911,21.51142,0.06514,0.05449,0.09416,23.23685,0.06161,2883.00000,2945.00000,-62.00000
Rb2SnCrO6,2.21007,-2.07079,35.27817,30.00000,0.85000,0.00000,1.07487,0.46607,14.33128,0.06157,0.04449,0.10868,14.28474,0.06162,2884.00000,2838.00000,46.00000
Cs2GeCrO3Se3,1.62174,-1.50759,133.66074,30.00000,0.76951,0.89000,1.11574,0.33876,21.83216,0.06625,0.05610,0.09432,24.09678,0.06163,2885.00000,2963.00000,-78.00000
Cs2SnCrO3Se3,1.73527,-1.49079,120.47702,30.00000,0.83826,0.89000,1.07764,0.38609,22.41424,0.06228,0.05188,0.09026,22.72004,0.06164,2886.00000,2860.00000,26.00000
Cs2SnGeBr6,1.00710,-1.46438,96.31559,30.00000,0.85000,0.00000,1.05653,0.31122,20.31210,0.06207,0.04767,0.87841,20.47407,0.06165,2887.00000,2853.00000,34.00000
Cs2NbZnO3Br3,1.72369,-2.04535,121.96361,30.00000,0.85000,0.48000,1.06215,0.41071,22.90538,0.06162,0.05153,0.08884,22.86172,0.06168,2888.00000,2840.00000,48.00000
Cs2GeGaO3Br3,1.65258,-1.62935,130.74481,30.00000,0.81366,0.48000,1.11632,0.34226,22.80339,0.06363,0.05383,0.09052,23.75437,0.06170,2889.00000,2907.00000,-18.00000
Cs2SbCuS3Br3,1.04186,-1.13340,110.34453,30.00000,0.85000,0.38000,1.04205,0.35000,21.81825,0.06183,0.04947,0.91711,21.90679,0.06171,2890.00000,2845.00000,45.00000
Cs2SnNbO3Br3,1.78663,-2.09794,113.51177,30.00000,0.85000,0.48000,1.07348,0.39583,21.91698,0.06182,0.05083,0.09088,21.96825,0.06174,2891.00000,2844.00000,47.00000
Cs2SnGeO3Se3,1.72707,-1.35695,121.68672,30.00000,0.80483,0.89000,1.09755,0.36095,21.63152,0.06416,0.05339,0.09325,22.77567,0.06181,2892.00000,2921.00000,-29.00000
Cs2TiMoS6,1.48528,-1.50282,144.25870,30.00000,0.85000,0.00000,1.07915,0.32473,25.13829,0.06179,0.05353,0.08789,25.12311,0.06185,2893.00000,2843.00000,50.00000
Rb2BiAgI6,0.89257,-1.00893,13.95353,30.00000,0.85000,0.00000,0.90732,0.38864,11.98031,0.06247,0.03617,0.56282,12.09493,0.06185,2893.00000,2868.00000,25.00000
Cs2MnBiO3S3,1.68477,-1.72869,128.86514,30.00000,0.85000,0.86000,1.06561,0.43364,23.43560,0.06196,0.05226,0.08850,23.39567,0.06191,2895.00000,2848.00000,47.00000
Rb2FeZnCl3I3,0.90207,-1.36876,20.10260,30.00000,0.85000,0.50000,0.97645,0.34539,12.65495,0.06217,0.03704,0.58799,12.68103,0.06193,2896.00000,2857.00000,39.00000
Cs2ZrBiO3Br3,1.86044,-2.10649,101.74852,30.00000,0.85000,0.48000,1.04021,0.44048,20.65563,0.06200,0.04978,0.09371,20.63300,0.06196,2897.00000,2851.00000,46.00000
K2FeZnCl3I3,0.87503,-1.30194,0.40024,30.00000,0.85000,0.50000,0.95548,0.34539,10.78906,0.06208,0.03423,0.50648,10.83348,0.06201,2898.00000,2854.00000,44.00000
Cs2TiCrO3Se3,1.65114,-2.11664,133.54655,30.00000,0.80483,0.89000,1.09755,0.36095,22.56569,0.06465,0.05464,0.09214,23.85016,0.06205,2899.00000,2932.00000,-33.00000
Cs2GeVO3Br3,1.65281,-1.94503,133.19476,30.00000,0.76982,0.48000,1.13648,0.31845,21.54911,0.06678,0.05623,0.09575,23.81018,0.06207,2900.00000,2974.00000,-74.00000
Cs2CrMnO3Br3,1.66662,-1.76222,131.39456,30.00000,0.85000,0.48000,1.08974,0.37500,23.66591,0.06203,0.05251,0.08823,23.62819,0.06208,2901.00000,2852.00000,49.00000
Cs2MoMnS6,1.54873,-1.23502,142.58022,30.00000,0.85000,0.00000,1.07037,0.33560,24.78498,0.06209,0.05351,0.08725,24.77968,0.06212,2902.00000,2855.00000,47.00000
Cs2WInO3Br3,1.85878,-1.72229,102.82539,30.00000,0.85000,0.48000,1.05769,0.41667,20.68519,0.06216,0.04993,0.09393,20.64083,0.06220,2903.00000,2856.00000,47.00000
Cs2GeMoO3Se3,1.72057,-1.49607,125.57735,30.00000,0.75647,0.89000,1.12194,0.33136,20.39664,0.06781,0.05617,0.09923,22.92581,0.06228,2904.00000,2988.00000,-84.00000
Cs2GeZnO3Se3,1.67389,-1.34465,131.05466,30.00000,0.82533,0.89000,1.08575,0.37574,22.87875,0.06347,0.05352,0.09075,23.47827,0.06229,2905.00000,2903.00000,2.00000
Cs2VMnO3Br3,1.67081,-2.04141,131.63285,30.00000,0.83076,0.48000,1.10772,0.35268,23.07114,0.06320,0.05336,0.09022,23.52236,0.06229,2905.00000,2892.00000,13.00000
Rb2SnTaO3F3,2.26693,-2.73094,27.39776,30.00000,0.85000,0.54000,1.07641,0.49077,13.35077,0.06222,0.04427,0.11402,13.33813,0.06231,2907.00000,2858.00000,49.00000
Cs2SnZnS3Se3,1.81904,-1.02978,111.00167,30.00000,0.85000,0.03000,1.02093,0.37435,21.37838,0.06240,0.05075,0.09295,21.37687,0.06234,2908.00000,2865.00000,43.00000
Cs2SnCuO3S3,1.50623,-1.64557,146.58416,30.00000,0.85000,0.86000,1.06218,0.43827,25.02710,0.06237,0.05393,0.08812,25.01160,0.06234,2908.00000,2863.00000,45.00000
Cs2GeNbO3Br3,1.72706,-2.02955,125.44724,30.00000,0.82358,0.48000,1.11139,0.34821,22.13676,0.06383,0.05316,0.09262,22.84681,0.06238,2910.00000,2912.00000,-2.00000
Cs2SbCuO3Cl3,1.21393,-1.82638,143.40975,30.00000,0.85000,0.28000,1.08558,0.41433,24.84438,0.06233,0.05344,0.28001,24.84014,0.06240,2911.00000,2862.00000,49.00000
Cs2SnGaS3Br3,1.82236,-1.24674,110.91015,30.00000,0.85000,0.38000,1.04613,0.34474,21.32246,0.06249,0.05078,0.09322,21.35798,0.06247,2912.00000,2870.00000,42.00000
Cs2ZrGaO3Br3,1.75257,-2.20376,122.62716,30.00000,0.85000,0.48000,1.07119,0.39881,22.45681,0.06256,0.05187,0.09111,22.51738,0.06248,2913.00000,2873.00000,40.00000
Cs2MoMnO3Se3,1.74329,-1.56658,123.91712,30.00000,0.81123,0.89000,1.09399,0.36538,21.56982,0.06469,0.05359,0.09458,22.60981,0.06249,2914.00000,2933.00000,-19.00000
Cs2WGaO3Br3,1.83268,-1.75613,108.59660,30.00000,0.84661,0.48000,1.09926,0.36310,21.06189,0.06258,0.05066,0.09372,21.11882,0.06250,2915.00000,2875.00000,40.00000
Cs2GeSbO3Br3,1.76174,-1.47317,120.62729,30.00000,0.80333,0.48000,1.12129,0.33631,21.08053,0.06508,0.05358,0.09578,22.27123,0.06254,2916.00000,2942.00000,-26.00000
Rb2ZrSbO3F3,2.24886,-2.76686,31.65110,30.00000,0.85000,0.54000,1.07908,0.48708,13.66248,0.06256,0.04467,0.11339,13.62842,0.06258,2917.00000,2872.00000,45.00000
Cs2TiGaSe3F3,1.71210,-2.29987,129.48224,30.00000,0.75626,1.43000,1.10412,0.37234,20.49803,0.06839,0.05674,0.09999,23.09320,0.06264,2918.00000,2996.00000,-78.00000
Rb2GeCrO3F3,2.16584,-2.41423,46.91605,30.00000,0.85000,0.54000,1.12807,0.42251,15.10621,0.06264,0.04567,0.10818,15.06368,0.06267,2919.00000,2877.00000,42.00000
Rb2ZrSbO3Cl3,2.26867,-2.23067,28.74759,30.00000,0.85000,0.28000,1.03803,0.41121,13.32132,0.06276,0.04457,0.11534,13.31644,0.06278,2920.00000,2881.00000,39.00000
Cs2MnGaS6,1.47085,-1.14857,150.29022,30.00000,0.85000,0.00000,1.06388,0.34375,25.18641,0.06275,0.05435,0.09008,25.18936,0.06280,2921.00000,2880.00000,41.00000
Cs2CuZnBr3I3,0.98037,-1.27571,85.74530,30.00000,0.85000,0.30000,0.99472,0.35337,18.76226,0.06327,0.04630,0.84734,18.89655,0.06281,2922.00000,2893.00000,29.00000
Cs2ZrSbO3Br3,1.81743,-2.09975,113.30603,30.00000,0.85000,0.48000,1.07577,0.39286,21.40499,0.06280,0.05108,0.09357,21.33510,0.06281,2922.00000,2883.00000,39.00000
Cs2MnSbO3Cl3,1.55777,-1.83435,145.46730,30.00000,0.85000,0.28000,1.10629,0.38785,24.72798,0.06271,0.05397,0.08824,24.66684,0.06284,2924.00000,2878.00000,46.00000
Cs2SnVO3Br3,1.77659,-1.99673,120.07313,30.00000,0.85000,0.48000,1.09686,0.36607,22.07913,0.06279,0.05171,0.09219,22.04682,0.06290,2925.00000,2882.00000,43.00000
Cs2WAgO3Cl3,1.75578,-1.73346,123.97282,30.00000,0.85000,0.28000,1.03541,0.48287,22.40543,0.06292,0.05210,0.09179,22.35992,0.06298,2926.00000,2886.00000,40.00000
Cs2TiMoO3Se3,1.75261,-2.09970,125.18205,30.00000,0.79368,0.89000,1.10355,0.35355,20.96265,0.06631,0.05464,0.09755,22.46004,0.06300,2927.00000,2965.00000,-38.00000
Rb2SnWO6,2.28275,-2.05937,27.19521,30.00000,0.85000,0.00000,1.07881,0.46071,13.08390,0.06307,0.04459,0.11726,13.11261,0.06300,2927.00000,2888.00000,39.00000
Cs2GeSbSe3Cl3,1.83164,-1.11895,112.41109,30.00000,0.77192,0.61000,1.08509,0.29815,19.21887,0.06775,0.05442,0.10294,21.12898,0.06316,2929.00000,2987.00000,-58.00000
Cs2GeZnS3Se3,1.77736,-0.97450,122.49084,30.00000,0.85000,0.03000,1.05302,0.33246,22.06651,0.06328,0.05209,0.09302,22.01706,0.06330,2930.00000,2894.00000,36.00000
Rb2SnFeSe3Br3,0.89401,-1.19782,18.91253,30.00000,0.85000,0.41000,0.98928,0.33883,12.08009,0.06387,0.03692,0.58415,12.15667,0.06340,2931.00000,2915.00000,16.00000
Cs2WSbO3F3,1.74281,-2.30913,128.43806,30.00000,0.82760,0.54000,1.17007,0.44280,22.01356,0.06463,0.05358,0.09437,22.59070,0.06341,2932.00000,2931.00000,1.00000
Cs2SbCuO3F3,1.36973,-2.27503,156.14053,30.00000,0.85000,0.54000,1.13242,0.49077,25.39824,0.06347,0.05500,0.10538,25.39387,0.06343,2933.00000,2904.00000,29.00000
K2GeFeBr6,0.87591,-1.39485,4.97540,30.00000,0.85000,0.00000,0.99925,0.29974,10.84921,0.06366,0.03493,0.52642,10.84566,0.06347,2934.00000,2908.00000,26.00000
Rb2SnNbO3F3,2.26575,-2.70663,31.74493,30.00000,0.85000,0.54000,1.07641,0.49077,13.37098,0.06357,0.04508,0.11681,13.32169,0.06370,2935.00000,2905.00000,30.00000
Cs2MoGaO3Br3,1.79165,-1.75386,121.88523,30.00000,0.84221,0.48000,1.10166,0.36012,21.63436,0.06407,0.05244,0.09483,21.79869,0.06376,2936.00000,2919.00000,17.00000
Rb2GeFeS3I3,0.90327,-0.97901,24.54764,30.00000,0.84005,0.08000,1.01422,0.29084,12.59427,0.06391,0.03794,0.60717,12.62574,0.06376,2936.00000,2917.00000,19.00000
Rb2NbMnO3F3,2.24348,-2.87558,36.43995,30.00000,0.85000,0.54000,1.08854,0.47417,13.75551,0.06377,0.04546,0.11555,13.73396,0.06377,2938.00000,2910.00000,28.00000
Cs2TiInO3Br3,1.79253,-2.17225,122.27881,30.00000,0.85000,0.48000,1.05658,0.41815,21.81836,0.06375,0.05219,0.09429,21.76234,0.06380,2939.00000,2909.00000,30.00000
Cs2SnFeCl3I3,0.98704,-1.36501,93.87922,30.00000,0.84647,0.50000,1.02792,0.33292,19.10022,0.06432,0.04756,0.87872,19.15097,0.06405,2940.00000,2925.00000,15.00000
Cs2GeCrSe3Br3,1.00326,-1.27225,104.11573,30.00000,0.78994,0.41000,1.07074,0.29061,18.64890,0.06784,0.05117,0.91422,20.13599,0.06414,2941.00000,2989.00000,-48.00000
Cs2SnWS6,1.84947,-1.10422,114.18467,30.00000,0.85000,0.00000,1.05853,0.35054,20.85289,0.06416,0.05157,0.09703,20.81276,0.06424,2942.00000,2920.00000,22.00000
Cs2MnInO3Cl3,1.62334,-1.90467,148.43791,30.00000,0.85000,0.28000,1.05876,0.45016,24.14504,0.06427,0.05472,0.09088,24.11955,0.06424,2942.00000,2924.00000,18.00000
Rb2SnFeS3I3,0.89360,-0.98648,19.09550,30.00000,0.85000,0.08000,0.98403,0.33045,12.05122,0.06405,0.03695,0.58497,12.00841,0.06443,2944.00000,2918.00000,26.00000
Na2GeGaO3F3,2.37542,-2.32691,14.35265,30.00000,0.85000,0.54000,1.00570,0.42435,11.55503,0.06426,0.04421,0.13094,11.55681,0.06445,2945.00000,2923.00000,22.00000
Cs2ZrCrO3S3,1.54151,-2.06131,156.89013,30.00000,0.85000,0.86000,1.08191,0.41204,24.83700,0.06452,0.05552,0.09099,24.84040,0.06453,2946.00000,2930.00000,16.00000
Cs2GeFeSe3Cl3,1.04029,-1.29857,122.38221,30.00000,0.79220,0.61000,1.07526,0.31003,20.21810,0.06789,0.05363,0.96893,21.69138,0.06455,2947.00000,2990.00000,-43.00000
Cs2TiGaSe3Cl3,1.82691,-1.78350,120.68530,30.00000,0.81290,0.61000,1.06454,0.32322,20.31591,0.06679,0.05386,0.10088,21.23867,0.06464,2948.00000,2975.00000,-27.00000
Cs2SnGaSe3Cl3,1.88310,-1.34198,110.00524,30.00000,0.84379,0.61000,1.04680,0.34565,20.09584,0.06498,0.05156,0.09970,20.22027,0.06469,2949.00000,2940.00000,9.00000
Rb2TiCrO3F3,2.23174,-2.80940,40.99998,30.00000,0.85000,0.54000,1.10654,0.45018,13.95709,0.06451,0.04606,0.11629,13.85800,0.06470,2950.00000,2928.00000,22.00000
Cs2NbSbS6,1.77537,-1.11870,129.11158,30.00000,0.85000,0.00000,1.06928,0.33696,22.09928,0.06452,0.05306,0.09501,22.00887,0.06475,2951.00000,2929.00000,22.00000
Rb2TiSbO3Cl3,2.28892,-2.25397,31.23484,30.00000,0.85000,0.28000,1.06506,0.37539,12.98216,0.06477,0.04554,0.12154,12.96304,0.06479,2952.00000,2936.00000,16.00000
Rb2MnSbSe6,0.89121,-0.96094,19.07111,30.00000,0.85000,0.00000,1.00530,0.31439,11.88636,0.06470,0.03696,0.58521,11.83449,0.06479,2952.00000,2934.00000,18.00000
Cs2ZrWO3S3,1.80095,-2.03822,126.76627,30.00000,0.85000,0.86000,1.08547,0.40741,21.68586,0.06493,0.05294,0.09651,21.71232,0.06492,2954.00000,2939.00000,15.00000
Cs2TaMnO3Cl3,1.77469,-2.19947,132.76733,30.00000,0.85000,0.28000,1.09645,0.40031,22.11068,0.06521,0.05360,0.09614,22.21797,0.06497,2955.00000,2946.00000,9.00000
Cs2ZrGaSe3Cl3,1.86757,-1.81324,113.90978,30.00000,0.85000,0.61000,1.04067,0.35356,20.52685,0.06483,0.05173,0.09884,20.43302,0.06501,2956.00000,2937.00000,19.00000
Cs2WBiO3Cl3,1.90852,-1.86373,106.87881,30.00000,0.85000,0.28000,1.07845,0.42368,19.77744,0.06508,0.05118,0.10068,19.79618,0.06505,2957.00000,2941.00000,16.00000
Cs2ZrCrO3Br3,1.81233,-2.09947,124.57697,30.00000,0.85000,0.48000,1.07233,0.39732,21.49410,0.06489,0.05273,0.09688,21.44154,0.06506,2958.00000,2938.00000,20.00000
Cs2TiBiO3Br3,1.91013,-2.09362,107.17332,30.00000,0.85000,0.48000,1.06552,0.40625,19.74698,0.06522,0.05124,0.10097,19.79416,0.06508,2959.00000,2947.00000,12.00000
Cs2GeCuO3S3,1.39078,-1.61105,165.08697,30.00000,0.82953,0.86000,1.09994,0.38889,24.75558,0.06620,0.05720,0.10505,25.32970,0.06509,2960.00000,2961.00000,-1.00000
Cs2FeSbO3Cl3,1.68969,-1.82521,145.24523,30.00000,0.85000,0.28000,1.10629,0.38785,23.37131,0.06510,0.05470,0.09365,23.32714,0.06518,2961.00000,2943.00000,18.00000
Cs2TaCuO3Cl3,1.78545,-2.15651,131.05748,30.00000,0.85000,0.28000,1.07610,0.42679,21.93407,0.06522,0.05345,0.09648,21.92987,0.06521,2962.00000,2948.00000,14.00000
Cs2GeFeS3I3,0.99252,-0.99251,103.79319,30.00000,0.82914,0.08000,1.05761,0.29084,19.03269,0.06677,0.04963,0.91796,19.63435,0.06527,2963.00000,2973.00000,-10.00000
Cs2MoAgO3Cl3,1.72462,-1.72401,141.45513,30.00000,0.85000,0.28000,1.03759,0.47975,22.89026,0.06534,0.05442,0.09482,22.86967,0.06529,2964.00000,2950.00000,14.00000
Cs2WSbO3Cl3,1.84440,-1.81957,119.70158,30.00000,0.85000,0.28000,1.11758,0.37383,20.94524,0.06511,0.05236,0.09843,20.85863,0.06529,2964.00000,2944.00000,20.00000
Cs2NbCuO3Cl3,1.65550,-2.10198,150.56043,30.00000,0.85000,0.28000,1.07610,0.42679,23.80888,0.06530,0.05523,0.09308,23.75297,0.06530,2966.00000,2949.00000,17.00000
Cs2TiSbO3Br3,1.85068,-2.11492,120.07808,30.00000,0.83997,0.48000,1.10287,0.35863,20.58709,0.06601,0.05289,0.10024,20.87219,0.06536,2967.00000,2960.00000,7.00000
Cs2FeMnO3S3,1.42441,-1.61138,166.62075,30.00000,0.84119,0.86000,1.09266,0.39815,25.06317,0.06584,0.05695,0.09884,25.27233,0.06548,2968.00000,2957.00000,11.00000
Cs2FeMnSe3Br3,0.98929,-1.34074,101.83112,30.00000,0.84628,0.41000,1.04106,0.32741,19.23887,0.06581,0.04872,0.91089,19.30354,0.06549,2969.00000,2955.00000,14.00000
K2SnFeSe3Br3,0.86008,-1.20055,0.21559,30.00000,0.85000,0.41000,0.96783,0.33883,9.83438,0.06640,0.03430,0.50798,10.01542,0.06551,2970.00000,2967.00000,3.00000
Cs2SnSbO3Cl3,1.79372,-1.83098,131.47791,30.00000,0.85000,0.28000,1.09523,0.40187,21.79927,0.06561,0.05358,0.09743,21.81341,0.06552,2971.00000,2951.00000,20.00000
Cs2TiCrO3Br3,1.78305,-2.11839,132.82000,30.00000,0.84661,0.48000,1.09926,0.36310,21.88600,0.06568,0.05383,0.09719,21.98818,0.06553,2972.00000,2953.00000,19.00000
Na2CrAgBr3I3,0.86401,-1.06795,2.06950,30.00000,0.83905,0.30000,0.85717,0.37620,9.95774,0.06662,0.03478,0.51565,10.15631,0.06560,2973.00000,2971.00000,2.00000
Rb2MnBiSe6,0.88267,-0.97240,17.25765,30.00000,0.85000,0.00000,0.97532,0.35480,11.30130,0.06647,0.03674,0.57921,11.49862,0.06567,2974.00000,2970.00000,4.00000
Rb2GeNbO3F3,2.24264,-2.65870,42.65246,30.00000,0.85000,0.54000,1.12080,0.43173,13.76970,0.06567,0.04663,0.11953,13.72944,0.06573,2975.00000,2952.00000,23.00000
Cs2WBiO3F3,1.89028,-2.26670,113.78850,30.00000,0.85000,0.54000,1.12407,0.50185,20.11373,0.06576,0.05200,0.10128,20.07308,0.06583,2976.00000,2954.00000,22.00000
Cs2SnMnO3S3,1.69592,-1.80683,148.73512,30.00000,0.85000,0.86000,1.08191,0.41204,23.29243,0.06591,0.05526,0.09505,23.30126,0.06590,2977.00000,2959.00000,18.00000
Cs2NbTaO3S3,1.81877,-2.11323,127.43510,30.00000,0.83741,0.86000,1.09508,0.39506,21.06282,0.06644,0.05377,0.09977,21.28687,0.06590,2977.00000,2969.00000,8.00000
Cs2SnFeO3Cl3,1.71328,-1.83810,145.95664,30.00000,0.85000,0.28000,1.08439,0.41589,23.05344,0.06586,0.05500,0.09540,22.96649,0.06592,2979.00000,2958.00000,21.00000
Cs2MnSbO6,1.58205,-2.00171,161.23152,30.00000,0.85000,0.00000,1.14675,0.44464,24.52667,0.06584,0.05634,0.09307,24.46092,0.06593,2980.00000,2956.00000,24.00000
Cs2MnGaO3Cl3,1.61050,-1.90514,160.76241,30.00000,0.85000,0.28000,1.10135,0.39408,24.26649,0.06623,0.05640,0.09388,24.26097,0.06618,2981.00000,2962.00000,19.00000
Cs2TiCrO3S3,1.46780,-2.04951,170.20117,30.00000,0.81253,0.86000,1.10981,0.37654,24.06218,0.06842,0.05894,0.09955,25.18248,0.06623,2982.00000,2997.00000,-15.00000
Cs2MoWO3S3,1.84035,-1.65694,125.96442,30.00000,0.79865,0.86000,1.11732,0.36728,19.74109,0.06937,0.05551,0.10582,20.99119,0.06629,2983.00000,3008.00000,-25.00000
Cs2FeMnO3Cl3,1.58629,-1.77009,163.42177,30.00000,0.85000,0.28000,1.09523,0.40187,24.49464,0.06630,0.05668,0.09382,24.45926,0.06634,2984.00000,2964.00000,20.00000
Cs2TiGaO3Br3,1.81962,-2.20049,130.52648,30.00000,0.84878,0.48000,1.09806,0.36458,21.33961,0.06643,0.05377,0.09974,21.30932,0.06649,2985.00000,2968.00000,17.00000
Cs2GeMnI6,0.95558,-1.16043,78.52669,30.00000,0.81144,0.00000,1.03498,0.26705,16.08992,0.06851,0.04671,0.82665,16.75798,0.06650,2986.00000,2999.00000,-13.00000
Cs2TiWO3S3,1.80372,-2.03258,135.30716,30.00000,0.80571,0.86000,1.11355,0.37191,20.50360,0.06944,0.05622,0.10452,21.62148,0.06682,2987.00000,3010.00000,-23.00000
Cs2SbAgO3S3,1.79106,-1.53945,137.98851,30.00000,0.85000,0.86000,1.03335,0.47840,21.84143,0.06679,0.05453,0.09929,21.83480,0.06684,2988.00000,2976.00000,12.00000
Rb2MoGaO3Cl3,2.30956,-1.90648,33.16476,30.00000,0.85000,0.28000,1.06386,0.37695,12.63656,0.06672,0.04644,0.12787,12.58307,0.06685,2989.00000,2972.00000,17.00000
Cs2ZrCrO3Cl3,1.70057,-2.21903,154.05088,30.00000,0.85000,0.28000,1.08439,0.41589,23.23212,0.06702,0.05608,0.09698,23.23445,0.06698,2990.00000,2978.00000,12.00000
Cs2CrMnO3S3,1.58815,-1.73310,167.86866,30.00000,0.82953,0.86000,1.09994,0.38889,23.87566,0.06835,0.05827,0.09712,24.48774,0.06705,2991.00000,2995.00000,-4.00000
Na2SnCuI6,0.85860,-0.88497,0.57719,30.00000,0.83088,0.00000,0.87234,0.32273,9.52412,0.06812,0.03476,0.50996,9.68286,0.06707,2992.00000,2991.00000,1.00000
Cs2MnInO6,1.62625,-2.03051,164.73415,30.00000,0.85000,0.00000,1.09273,0.51607,24.11494,0.06726,0.05711,0.09562,24.12314,0.06725,2993.00000,2980.00000,13.00000
Cs2TaZnO3Cl3,1.84253,-2.19500,130.68285,30.00000,0.85000,0.28000,1.07375,0.42991,20.97819,0.06730,0.05402,0.10206,20.94682,0.06732,2994.00000,2982.00000,12.00000
Na2GeCuBr3I3,0.86174,-1.09748,4.57103,30.00000,0.80292,0.30000,0.90541,0.30288,9.39943,0.07066,0.03597,0.52727,9.95585,0.06749,2995.00000,3026.00000,-31.00000
Cs2GeFeO3Cl3,1.63090,-1.76709,164.32370,30.00000,0.84996,0.28000,1.12395,0.36604,24.05869,0.06729,0.05707,0.09578,23.95057,0.06749,2995.00000,2981.00000,14.00000
Rb2ZrInO3F3,2.32044,-2.78304,33.64774,30.00000,0.85000,0.54000,1.02806,0.56089,12.45419,0.06760,0.04683,0.13109,12.47398,0.06751,2997.00000,2985.00000,12.00000
Cs2SbZnO3Cl3,1.78679,-1.85552,142.96072,30.00000,0.85000,0.28000,1.08319,0.41745,21.91493,0.06762,0.05525,0.10049,21.86049,0.06774,2998.00000,2986.00000,12.00000
Cs2MnSbO3S3,1.76471,-1.62335,147.99583,30.00000,0.82335,0.86000,1.10362,0.38426,21.56899,0.06948,0.05697,0.10302,22.25672,0.06776,2999.00000,3012.00000,-13.00000
Rb2GeMoO6,2.26879,-2.08574,43.28569,30.00000,0.85000,0.00000,1.12560,0.40000,13.31934,0.06748,0.04741,0.12558,13.25849,0.06778,3000.00000,2984.00000,16.00000
Cs2WMnO3S3,1.83947,-1.68331,133.82896,30.00000,0.82335,0.86000,1.10362,0.38426,20.36830,0.06945,0.05563,0.10574,21.01321,0.06780,3001.00000,3011.00000,-10.00000
Cs2GeMnO3S3,1.63406,-1.65970,167.71853,30.00000,0.79135,0.86000,1.12112,0.36265,22.35258,0.07173,0.06043,0.10308,24.04645,0.06793,3002.00000,3034.00000,-32.00000
Cs2MnGaO3S3,1.66276,-1.86244,163.82780,30.00000,0.83154,0.86000,1.09872,0.39043,23.19308,0.06902,0.05808,0.09923,23.64301,0.06796,3003.00000,3004.00000,-1.00000
Cs2CuZnI6,0.94278,-1.12042,75.50934,30.00000,0.85000,0.00000,0.98296,0.33409,15.84383,0.06854,0.04505,0.81769,15.93119,0.06802,3004.00000,3000.00000,4.00000
K2CrAgBr3I3,0.85490,-1.13641,2.00075,30.00000,0.85000,0.30000,0.91893,0.37620,9.51007,0.06886,0.03462,0.51683,9.60641,0.06823,3005.00000,3002.00000,3.00000
Cs2MnCuI6,0.93766,-1.12734,76.19870,30.00000,0.85000,0.00000,0.99913,0.31250,15.41920,0.07007,0.04520,0.82230,15.87081,0.06830,3006.00000,3018.00000,-12.00000
Rb2ZrGaO3F3,2.31222,-2.80362,37.16884,30.00000,0.85000,0.54000,1.07375,0.49446,12.59162,0.06826,0.04733,0.13157,12.55755,0.06832,3007.00000,2993.00000,14.00000
Cs2FeMnO6,1.31857,-1.84962,183.60194,30.00000,0.85000,0.00000,1.13414,0.46071,25.33104,0.06834,0.05896,0.13987,25.30414,0.06833,3008.00000,2994.00000,14.00000
Cs2VTaO3S3,1.84317,-2.09221,135.73754,30.00000,0.79381,0.86000,1.11985,0.36420,19.57775,0.07198,0.05736,0.11036,20.95981,0.06835,3009.00000,3038.00000,-29.00000
Cs2MoBiO3Cl3,1.91624,-1.85232,119.85099,30.00000,0.85000,0.28000,1.08082,0.42056,19.63759,0.06825,0.05333,0.10652,19.60091,0.06837,3010.00000,2992.00000,18.00000
K2FeMnBr3I3,0.85102,-1.26989,0.34765,30.00000,0.83889,0.30000,0.96530,0.31010,9.14518,0.07013,0.03461,0.51014,9.39838,0.06850,3011.00000,3020.00000,-9.00000
Cs2TaFeO3Cl3,1.86392,-2.16328,132.58280,30.00000,0.85000,0.28000,1.09645,0.40031,20.59270,0.06858,0.05456,0.10512,20.59063,0.06859,3012.00000,3001.00000,11.00000
Rb2TiGaO3F3,2.30152,-2.84977,41.22483,30.00000,0.85000,0.54000,1.10514,0.45203,12.77075,0.06893,0.04786,0.13192,12.76350,0.06886,3013.00000,3003.00000,10.00000
Cs2VCuO3Cl3,1.71711,-2.05322,162.34322,30.00000,0.85000,0.28000,1.10012,0.39564,22.99891,0.06906,0.05745,0.10066,22.96354,0.06911,3014.00000,3005.00000,9.00000
Cs2WFeO3Cl3,1.88135,-1.76453,131.57483,30.00000,0.85000,0.28000,1.10629,0.38785,20.28144,0.06915,0.05462,0.10679,20.30577,0.06916,3015.00000,3007.00000,8.00000
Cs2ZrMoO6,1.74355,-2.66283,158.20394,30.00000,0.85000,0.00000,1.12862,0.46786,22.60270,0.06911,0.05708,0.10151,22.53021,0.06922,3016.00000,3006.00000,10.00000
Cs2MnInO3S3,1.79565,-1.87088,151.04880,30.00000,0.85000,0.86000,1.05651,0.44599,21.77075,0.06955,0.05654,0.10403,21.82150,0.06940,3017.00000,3013.00000,4.00000
Cs2ZrMoO3S3,1.81776,-2.09041,145.44457,30.00000,0.84845,0.86000,1.08786,0.40432,21.36241,0.06939,0.05601,0.10466,21.32494,0.06953,3018.00000,3009.00000,9.00000
Cs2TiCrO3Cl3,1.71215,-2.23719,166.86504,30.00000,0.85000,0.28000,1.11254,0.38006,23.06817,0.06975,0.05806,0.10164,23.08225,0.06962,3019.00000,3015.00000,4.00000
Cs2VFeO3Cl3,1.72287,-2.04985,164.70207,30.00000,0.85000,0.28000,1.12140,0.36916,22.91805,0.06968,0.05785,0.10179,22.84880,0.06968,3020.00000,3014.00000,6.00000
Na2FeMnBr3I3,0.84559,-1.16146,0.35222,30.00000,0.80841,0.30000,0.90043,0.31010,8.50628,0.07421,0.03530,0.51107,9.18559,0.06981,3021.00000,3057.00000,-36.00000
Cs2VNbO3S3,1.76955,-2.08166,156.78619,30.00000,0.79381,0.86000,1.11985,0.36420,20.71641,0.07344,0.05986,0.10992,22.12618,0.06983,3022.00000,3049.00000,-27.00000
Cs2MnGaO6,1.61632,-2.03741,180.04784,30.00000,0.85000,0.00000,1.14111,0.45179,24.21209,0.06980,0.05925,0.09948,24.17231,0.06989,3023.00000,3016.00000,7.00000
Cs2TiMoO3S3,1.77672,-2.05572,156.80336,30.00000,0.80103,0.86000,1.11606,0.36883,20.79673,0.07320,0.05956,0.10970,22.05685,0.06998,3024.00000,3046.00000,-22.00000
Cs2TaCuO3F3,1.85193,-2.69349,141.57265,30.00000,0.85000,0.54000,1.12132,0.50554,20.80737,0.06994,0.05579,0.10694,20.75733,0.07004,3025.00000,3017.00000,8.00000
Cs2MnSbO3F3,1.77183,-2.37265,158.58375,30.00000,0.84942,0.54000,1.15676,0.45941,22.14229,0.07018,0.05744,0.10427,22.17673,0.07011,3026.00000,3021.00000,5.00000
Cs2CrMnO6,1.59063,-1.98338,185.11760,30.00000,0.85000,0.00000,1.14252,0.45000,24.45400,0.07022,0.05982,0.10001,24.48320,0.07018,3027.00000,3023.00000,4.00000
Cs2SnZnO3S3,1.83581,-1.72154,146.11519,30.00000,0.85000,0.86000,1.05990,0.44136,21.09430,0.07018,0.05627,0.10670,21.07549,0.07023,3028.00000,3022.00000,6.00000
Cs2MoWO6,1.88477,-2.09131,135.41854,30.00000,0.85000,0.00000,1.16256,0.42500,20.21839,0.07012,0.05527,0.10862,20.16557,0.07030,3029.00000,3019.00000,10.00000
Cs2NbFeO3Cl3,1.80669,-2.16850,152.58579,30.00000,0.85000,0.28000,1.09645,0.40031,21.58898,0.07029,0.05689,0.10570,21.52764,0.07046,3030.00000,3024.00000,6.00000
Cs2VNbO6,1.70942,-2.65589,171.71960,30.00000,0.85000,0.00000,1.16548,0.42143,23.10956,0.07059,0.05876,0.10293,23.11300,0.07060,3031.00000,3025.00000,6.00000
Na2MnBiSe6,0.84677,-0.88295,0.36046,30.00000,0.85000,0.00000,0.88833,0.35480,9.00098,0.07100,0.03443,0.51066,9.06283,0.07072,3032.00000,3028.00000,4.00000
Cs2SnMoS6,1.92777,-1.06199,129.11838,30.00000,0.85000,0.00000,1.06066,0.34783,19.42924,0.07085,0.05496,0.11162,19.45706,0.07078,3033.00000,3027.00000,6.00000
Cs2SnInO3Cl3,1.91178,-1.84857,134.01015,30.00000,0.85000,0.28000,1.04862,0.46417,19.71755,0.07114,0.05547,0.11143,19.69587,0.07113,3034.00000,3030.00000,4.00000
Cs2SnFeS3I3,0.95082,-1.03832,94.92488,30.00000,0.85000,0.08000,1.02613,0.33045,16.50611,0.07160,0.04788,0.89793,16.57166,0.07118,3035.00000,3033.00000,2.00000
Cs2CrWO3S3,1.91150,-1.73343,134.44318,30.00000,0.81028,0.86000,1.11105,0.37500,18.80267,0.07385,0.05734,0.11638,19.75127,0.07122,3036.00000,3053.00000,-17.00000
Cs2TiFeO3Cl3,1.76129,-2.16471,165.63187,30.00000,0.85000,0.28000,1.10505,0.38941,22.32607,0.07114,0.05835,0.10544,22.29809,0.07124,3037.00000,3029.00000,8.00000
Cs2FeMnCl3I3,0.95788,-1.42458,100.77083,30.00000,0.83205,0.50000,1.03665,0.32170,16.68871,0.07253,0.04935,0.92039,17.09917,0.07128,3038.00000,3042.00000,-4.00000
Cs2NbMnO3Cl3,1.83130,-2.17908,152.83086,30.00000,0.85000,0.28000,1.09645,0.40031,21.17211,0.07137,0.05723,0.10852,21.13184,0.07145,3039.00000,3031.00000,8.00000
Cs2CrWO6,1.86699,-2.17836,145.27622,30.00000,0.85000,0.00000,1.15532,0.43393,20.53786,0.07138,0.05655,0.11005,20.50478,0.07154,3040.00000,3032.00000,8.00000
Cs2GeFeO3F3,1.69000,-2.32165,180.57101,30.00000,0.81409,0.54000,1.17760,0.43358,22.36695,0.07407,0.06169,0.10816,23.36038,0.07173,3041.00000,3054.00000,-13.00000
Cs2FeMnO3F3,1.70283,-2.41830,180.17385,30.00000,0.85000,0.54000,1.14375,0.47601,23.20129,0.07196,0.05993,0.10497,23.19173,0.07190,3042.00000,3037.00000,5.00000
Cs2ZrCrO6,1.74886,-2.60350,171.85202,30.00000,0.85000,0.00000,1.12179,0.47679,22.51423,0.07191,0.05915,0.10620,22.48086,0.07200,3043.00000,3036.00000,7.00000
Cs2GeBiO3Cl3,1.95036,-1.75902,128.56849,30.00000,0.85000,0.28000,1.09523,0.40187,19.01314,0.07189,0.05523,0.11448,18.98069,0.07203,3044.00000,3035.00000,9.00000
Cs2GeTaO3Cl3,1.92711,-2.15991,134.30719,30.00000,0.84745,0.28000,1.12524,0.36449,19.38329,0.07214,0.05587,0.11385,19.38870,0.07206,3045.00000,3040.00000,5.00000
Cs2CrMnO3Cl3,1.79182,-1.77426,164.62226,30.00000,0.85000,0.28000,1.10258,0.39252,21.83016,0.07208,0.05854,0.10813,21.84529,0.07209,3046.00000,3039.00000,7.00000
Cs2MoFeO3Cl3,1.85707,-1.76090,151.81558,30.00000,0.85000,0.28000,1.10878,0.38474,20.71618,0.07230,0.05743,0.11118,20.70732,0.07232,3047.00000,3041.00000,6.00000
K2FeSbSe3Br3,0.83838,-1.17678,0.24187,30.00000,0.83831,0.41000,0.98463,0.31599,8.36700,0.07512,0.03472,0.51118,8.70761,0.07243,3048.00000,3063.00000,-15.00000
Cs2TaSbO3S3,1.98990,-1.89298,122.29656,30.00000,0.82124,0.86000,1.10485,0.38272,17.66981,0.07449,0.05617,0.12132,18.26983,0.07258,3049.00000,3060.00000,-11.00000
Cs2VMnO3Cl3,1.80113,-2.09497,164.98758,30.00000,0.85000,0.28000,1.12140,0.36916,21.68234,0.07253,0.05870,0.10922,21.64609,0.07264,3050.00000,3043.00000,7.00000
Cs2CrWO3Cl3,1.95449,-1.80807,132.35257,30.00000,0.85000,0.28000,1.11379,0.37850,18.93735,0.07298,0.05591,0.11659,18.99991,0.07270,3051.00000,3045.00000,6.00000
Cs2SnBiO3Cl3,2.02087,-1.74887,116.16498,30.00000,0.85000,0.28000,1.05763,0.45171,17.72366,0.07284,0.05449,0.11967,17.71391,0.07282,3052.00000,3044.00000,8.00000
Na2FeCuCl3I3,0.83832,-1.12454,0.41791,30.00000,0.81853,0.50000,0.89160,0.34289,8.17665,0.07654,0.03515,0.51207,8.63715,0.07309,3053.00000,3069.00000,-16.00000
Cs2VCuO3F3,1.75262,-2.62281,178.85771,30.00000,0.85000,0.54000,1.14949,0.46863,22.45674,0.07339,0.06023,0.10876,22.42637,0.07342,3054.00000,3048.00000,6.00000
Cs2CrMoO3S3,1.86125,-1.74035,155.64418,30.00000,0.80571,0.86000,1.11355,0.37191,19.56120,0.07637,0.06023,0.11858,20.59041,0.07344,3055.00000,3066.00000,-11.00000
Cs2WAgO3F3,1.95680,-2.35400,133.21074,30.00000,0.85000,0.54000,1.07394,0.57196,18.89665,0.07329,0.05608,0.11729,18.88320,0.07344,3055.00000,3047.00000,8.00000
Cs2TaMnO3F3,1.91714,-2.95692,143.57082,30.00000,0.85000,0.54000,1.14518,0.47417,19.62178,0.07352,0.05706,0.11578,19.61250,0.07352,3057.00000,3050.00000,7.00000
Cs2CrMoO3Cl3,1.88099,-1.75275,152.85079,30.00000,0.85000,0.28000,1.11632,0.37539,20.28832,0.07365,0.05791,0.11453,20.29818,0.07358,3058.00000,3052.00000,6.00000
K2GeFeSe3I3,0.84271,-0.92114,4.56841,30.00000,0.82385,0.11000,0.98506,0.28110,8.49047,0.07647,0.03566,0.52989,8.89066,0.07371,3059.00000,3067.00000,-8.00000
Cs2MoSbO3Cl3,1.95041,-1.87248,136.21456,30.00000,0.85000,0.28000,1.12012,0.37072,19.01220,0.07364,0.05645,0.11755,18.99592,0.07373,3060.00000,3051.00000,9.00000
Na2FeMnI6,0.84048,-1.05805,0.57636,30.00000,0.81122,0.00000,0.89227,0.29318,8.23369,0.07623,0.03532,0.51256,8.53101,0.07423,3061.00000,3065.00000,-4.00000
Cs2WInO3Cl3,2.01959,-1.89117,121.89066,30.00000,0.85000,0.28000,1.06910,0.43614,17.74726,0.07416,0.05541,0.12203,17.70249,0.07423,3061.00000,3056.00000,5.00000
Cs2SnTaO3Cl3,2.02845,-2.20275,121.05336,30.00000,0.85000,0.28000,1.08558,0.41433,17.58516,0.07448,0.05546,0.12308,17.60063,0.07434,3063.00000,3059.00000,4.00000
Cs2ZrFeO3Cl3,1.88954,-2.16209,152.99892,30.00000,0.85000,0.28000,1.07728,0.42523,20.12805,0.07412,0.05807,0.11576,20.06315,0.07438,3064.00000,3055.00000,9.00000
Cs2TaSbO6,1.98511,-2.52722,131.15845,30.00000,0.85000,0.00000,1.14817,0.44286,18.37843,0.07439,0.05624,0.12064,18.30894,0.07459,3065.00000,3058.00000,7.00000
Rb2TiInO3F3,2.40240,-2.80601,36.93866,30.00000,0.85000,0.54000,1.05679,0.51845,11.13407,0.07482,0.04991,0.16234,11.14427,0.07470,3066.00000,3062.00000,4.00000
Cs2ZrWO6,1.97053,-2.70674,136.35108,30.00000,0.85000,0.00000,1.12588,0.47143,18.64480,0.07477,0.05681,0.12063,18.59656,0.07493,3067.00000,3061.00000,6.00000
Cs2VTaO6,1.94371,-2.76758,146.74767,30.00000,0.85000,0.00000,1.16548,0.42143,19.13783,0.07566,0.05799,0.12079,19.11978,0.07579,3068.00000,3064.00000,4.00000
Cs2GeZnO3S3,1.87778,-1.63646,164.51569,30.00000,0.83352,0.86000,1.09750,0.39198,19.94385,0.07712,0.06047,0.12052,20.36870,0.07585,3069.00000,3072.00000,-3.00000
Na2FeSbSe3Br3,0.83571,-1.11602,0.24207,30.00000,0.81470,0.41000,0.91644,0.31599,7.98311,0.07790,0.03523,0.51167,8.13812,0.07637,3070.00000,3076.00000,-6.00000
Rb2MoGaO3F3,2.42780,-2.39678,36.87318,30.00000,0.85000,0.54000,1.10936,0.44649,10.73563,0.07694,0.05073,0.17493,10.77832,0.07655,3071.00000,3071.00000,0.00000
Cs2MnInO3F3,1.89793,-2.44011,161.99408,30.00000,0.85000,0.54000,1.10108,0.53321,19.97211,0.07650,0.05959,0.12015,19.95569,0.07663,3072.00000,3068.00000,4.00000
Cs2CrMoO6,1.86582,-2.10172,170.34984,30.00000,0.85000,0.00000,1.15821,0.43036,20.55930,0.07659,0.06039,0.11889,20.51473,0.07677,3073.00000,3070.00000,3.00000
Cs2MoMnO3S3,1.93397,-1.68051,154.82250,30.00000,0.81910,0.86000,1.10609,0.38117,18.61178,0.07915,0.06062,0.12674,19.28701,0.07703,3074.00000,3085.00000,-11.00000
Cs2NbZnO3Cl3,1.96028,-2.17014,150.06597,30.00000,0.85000,0.28000,1.07375,0.42991,18.83376,0.07734,0.05881,0.12468,18.88151,0.07720,3075.00000,3073.00000,2.00000
Cs2GeWO3S3,2.01846,-1.60424,135.35742,30.00000,0.76795,0.86000,1.13267,0.34877,16.05339,0.08368,0.06176,0.14075,17.74194,0.07738,3076.00000,3116.00000,-40.00000
Cs2TaZnO3F3,1.99976,-2.75387,141.13632,30.00000,0.85000,0.54000,1.11858,0.50923,18.10800,0.07761,0.05815,0.12725,18.18897,0.07741,3077.00000,3075.00000,2.00000
Rb2TiSbO3F3,2.44475,-2.78788,34.69645,30.00000,0.85000,0.54000,1.11078,0.44465,10.47169,0.07751,0.05079,0.18277,10.43927,0.07765,3078.00000,3074.00000,4.00000
K2GeCuI6,0.83293,-0.97163,4.02926,30.00000,0.83704,0.00000,0.95947,0.28636,8.02242,0.07963,0.03538,0.52871,8.19772,0.07775,3079.00000,3087.00000,-8.00000
Rb2FeAgCl3I3,0.85226,-1.32297,20.80607,30.00000,0.85000,0.50000,0.93987,0.39776,9.34198,0.07848,0.03753,0.60028,9.39521,0.07792,3080.00000,3081.00000,-1.00000
Cs2GeInO3Cl3,1.97184,-1.84685,149.68882,30.00000,0.85000,0.28000,1.08558,0.41433,18.62014,0.07794,0.05896,0.12640,18.60015,0.07798,3081.00000,3077.00000,4.00000
Cs2FeSbS3I3,0.92851,-0.96614,94.63192,30.00000,0.85000,0.08000,1.04360,0.30817,14.67715,0.07806,0.04803,0.90449,14.59771,0.07799,3082.00000,3078.00000,4.00000
Rb2WInO3F3,2.48465,-2.41434,28.28228,30.00000,0.85000,0.54000,1.05808,0.51661,9.87931,0.07832,0.05063,0.20522,9.86426,0.07827,3083.00000,3079.00000,4.00000
Cs2SnFeO3S3,1.98378,-1.60476,148.50295,30.00000,0.85000,0.86000,1.08191,0.41204,18.40277,0.07838,0.05899,0.12783,18.41183,0.07827,3083.00000,3080.00000,3.00000
Cs2SbZnO3F3,1.96047,-2.35321,155.60927,30.00000,0.85000,0.54000,1.12962,0.49446,18.83013,0.07862,0.05969,0.12696,18.83468,0.07859,3085.00000,3082.00000,3.00000
Cs2GeSbO3Cl3,2.00404,-1.77960,146.78965,30.00000,0.82638,0.28000,1.13561,0.35202,17.52876,0.08097,0.06032,0.13395,18.12149,0.07891,3086.00000,3101.00000,-15.00000
Cs2TiCrO6,1.84101,-2.60430,187.95781,30.00000,0.85000,0.00000,1.15389,0.43571,21.00366,0.07899,0.06274,0.12183,20.98835,0.07902,3087.00000,3083.00000,4.00000
Cs2SnWO3S3,2.09932,-1.73607,121.90043,30.00000,0.84119,0.86000,1.09266,0.39815,16.12467,0.07985,0.05767,0.13777,16.32020,0.07915,3088.00000,3092.00000,-4.00000
Cs2MoMnO6,1.91492,-2.01511,169.36653,30.00000,0.85000,0.00000,1.14960,0.44107,19.66250,0.07905,0.06104,0.12531,19.59938,0.07922,3089.00000,3084.00000,5.00000
Na2SnFeS3I3,0.82528,-0.88287,0.43882,30.00000,0.85000,0.08000,0.89720,0.33045,7.67124,0.08044,0.03463,0.51363,7.73322,0.07941,3090.00000,3094.00000,-4.00000
Cs2MoFeO3F3,1.93004,-2.40178,166.15698,30.00000,0.84485,0.54000,1.15969,0.45572,19.27055,0.07959,0.06107,0.12711,19.27023,0.07942,3091.00000,3086.00000,5.00000
Cs2WMnO6,2.01924,-2.14993,144.55965,30.00000,0.85000,0.00000,1.14675,0.44464,17.75391,0.07965,0.05913,0.13216,17.74520,0.07956,3092.00000,3088.00000,4.00000
Cs2NbFeO3F3,1.93507,-2.76649,167.08410,30.00000,0.85000,0.54000,1.14518,0.47417,19.29801,0.07972,0.06105,0.12755,19.30317,0.07959,3093.00000,3089.00000,4.00000
Cs2TiWO6,2.01415,-2.73550,146.28573,30.00000,0.85000,0.00000,1.15821,0.43036,17.84620,0.07974,0.05929,0.13200,17.84650,0.07972,3094.00000,3090.00000,4.00000
Cs2SnCrO3Cl3,2.01222,-1.90200,146.91380,30.00000,0.85000,0.28000,1.09159,0.40654,17.88108,0.07977,0.05935,0.13193,17.87899,0.07984,3095.00000,3091.00000,4.00000
Na2FeSbS3I3,0.82443,-0.85625,0.46532,30.00000,0.83596,0.08000,0.91248,0.30817,7.49631,0.08189,0.03493,0.51389,7.65080,0.07992,3096.00000,3108.00000,-12.00000
Cs2SnSbO3F3,2.03249,-2.36149,142.09625,30.00000,0.85000,0.54000,1.14375,0.47601,17.51081,0.07991,0.05902,0.13348,17.49537,0.07993,3097.00000,3093.00000,4.00000
Cs2GeFeO3S3,1.94367,-1.60700,167.43453,30.00000,0.79135,0.86000,1.12112,0.36265,17.81747,0.08495,0.06442,0.13792,19.15592,0.08025,3098.00000,3123.00000,-25.00000
Cs2VZnO3Cl3,1.96698,-2.06828,161.76918,30.00000,0.85000,0.28000,1.09767,0.39875,18.70909,0.08044,0.06080,0.13062,18.70434,0.08038,3099.00000,3095.00000,4.00000
Cs2MoSbO3F3,2.01994,-2.33443,147.64104,30.00000,0.82232,0.54000,1.17307,0.43911,17.16065,0.08256,0.06102,0.13795,17.72184,0.08051,3100.00000,3112.00000,-12.00000
Cs2SnInO3F3,2.03361,-2.40020,144.95731,30.00000,0.85000,0.54000,1.08928,0.54982,17.48997,0.08068,0.05952,0.13497,17.48358,0.08057,3101.00000,3098.00000,3.00000
Cs2MnBiSe6,0.91407,-0.96803,86.74589,30.00000,0.85000,0.00000,1.01750,0.35480,13.53653,0.08053,0.04700,0.87437,13.49789,0.08061,3102.00000,3096.00000,6.00000
Cs2TiMoO6,1.93275,-2.71751,171.73961,30.00000,0.85000,0.00000,1.16111,0.42679,19.34021,0.08062,0.06174,0.12902,19.34989,0.08069,3103.00000,3097.00000,6.00000
Cs2TiFeO3F3,1.89280,-2.69757,182.86350,30.00000,0.85000,0.54000,1.15530,0.46125,20.06613,0.08071,0.06275,0.12722,19.99295,0.08076,3104.00000,3099.00000,5.00000
K2FeAgCl3I3,0.82631,-1.24310,2.34075,30.00000,0.85000,0.50000,0.91968,0.39776,7.73472,0.08096,0.03491,0.52195,7.70681,0.08107,3105.00000,3100.00000,5.00000
Cs2WGaO3Cl3,2.09708,-1.92311,130.08028,30.00000,0.85000,0.28000,1.11254,0.38006,16.33403,0.08122,0.05861,0.14013,16.33280,0.08116,3106.00000,3103.00000,3.00000
Rb2MoInO3F3,2.49309,-2.39851,33.41359,30.00000,0.85000,0.54000,1.06066,0.51292,9.75462,0.08137,0.05218,0.22252,9.77459,0.08130,3107.00000,3104.00000,3.00000
K2GeCuBr3I3,0.82679,-1.15651,4.40379,30.00000,0.83122,0.30000,0.97064,0.30288,7.59636,0.08331,0.03562,0.53119,7.74385,0.08141,3108.00000,3114.00000,-6.00000
Cs2CrMnO3F3,1.90874,-2.54715,181.63335,30.00000,0.85000,0.54000,1.15239,0.46494,19.77323,0.08138,0.06283,0.12907,19.76796,0.08144,3109.00000,3105.00000,4.00000
Rb2FeSbSe3Br3,0.84596,-1.18521,18.86674,30.00000,0.83899,0.41000,1.00645,0.31599,8.83754,0.08111,0.03755,0.59261,8.74204,0.08154,3110.00000,3102.00000,8.00000
Cs2TaFeO3F3,2.05528,-2.80763,143.35517,30.00000,0.85000,0.54000,1.14518,0.47417,17.09677,0.08173,0.05978,0.13837,17.04784,0.08183,3111.00000,3106.00000,5.00000
Cs2MnGaO3F3,1.93449,-2.43909,176.78031,30.00000,0.85000,0.54000,1.15094,0.46679,19.30780,0.08185,0.06256,0.13127,19.28193,0.08187,3112.00000,3107.00000,5.00000
Cs2NbSbO3S3,2.07417,-1.92564,139.06455,30.00000,0.82124,0.86000,1.10485,0.38272,16.18516,0.08421,0.06098,0.14461,16.74146,0.08199,3113.00000,3120.00000,-7.00000
Cs2CrWO3F3,2.06207,-2.60892,143.12320,30.00000,0.83523,0.54000,1.16560,0.44834,16.67095,0.08329,0.06064,0.14185,16.96048,0.08209,3114.00000,3113.00000,1.00000
Cs2SnFeO3F3,2.00472,-2.28691,159.16893,30.00000,0.85000,0.54000,1.13102,0.49262,18.01822,0.08222,0.06119,0.13597,18.00726,0.08223,3115.00000,3109.00000,6.00000
Na2CrAgI6,0.82100,-0.93590,2.03194,30.00000,0.84468,0.00000,0.85114,0.35568,7.36747,0.08403,0.03502,0.52108,7.50031,0.08247,3116.00000,3118.00000,-2.00000
Cs2FeSbO3F3,2.01148,-2.29581,158.32000,30.00000,0.84942,0.54000,1.15676,0.45941,17.88160,0.08251,0.06123,0.13691,17.88500,0.08250,3117.00000,3111.00000,6.00000
K2SnFeSe3I3,0.82187,-0.92514,0.47419,30.00000,0.85000,0.11000,0.95649,0.31938,7.46156,0.08225,0.03466,0.51409,7.42497,0.08260,3118.00000,3110.00000,8.00000
Cs2SnGeO3S3,2.04509,-1.63592,149.99033,30.00000,0.81253,0.86000,1.10981,0.37654,16.52055,0.08569,0.06257,0.14553,17.26447,0.08271,3119.00000,3128.00000,-9.00000
K2FeCuCl3I3,0.81795,-1.24876,0.40942,30.00000,0.85000,0.50000,0.95725,0.34289,7.22495,0.08434,0.03469,0.51436,7.39483,0.08284,3120.00000,3121.00000,-1.00000
Cs2SbCuSe3Br3,0.91105,-1.13608,93.71775,30.00000,0.85000,0.41000,1.03315,0.33756,13.30798,0.08389,0.04808,0.90550,13.44204,0.08295,3121.00000,3117.00000,4.00000
Cs2ZrBiO3Cl3,2.16122,-2.25829,120.57352,30.00000,0.85000,0.28000,1.05086,0.46106,15.18794,0.08333,0.05877,0.14917,15.22381,0.08319,3122.00000,3115.00000,7.00000
Cs2GeCrO3Cl3,1.99953,-1.81194,165.49155,30.00000,0.83449,0.28000,1.13170,0.35670,17.78295,0.08462,0.06291,0.14015,18.11871,0.08330,3123.00000,3122.00000,1.00000
K2SnCuBr3I3,0.81560,-1.15985,0.36713,30.00000,0.85000,0.30000,0.94281,0.34135,7.08134,0.08559,0.03470,0.51446,7.23554,0.08356,3124.00000,3125.00000,-1.00000
K2MnSbSe6,0.81512,-0.93469,0.37668,30.00000,0.85000,0.00000,0.98356,0.31439,7.05176,0.08586,0.03471,0.51455,7.23241,0.08385,3125.00000,3129.00000,-4.00000
Rb2SnCuBr6,0.83332,-1.39970,18.56601,30.00000,0.85000,0.00000,0.97459,0.36224,8.16716,0.08616,0.03735,0.59309,8.43483,0.08406,3126.00000,3131.00000,-5.00000
Cs2ZrFeO3F3,2.00271,-2.73174,167.58372,30.00000,0.85000,0.54000,1.12269,0.50369,18.05446,0.08410,0.06251,0.13933,18.06863,0.08410,3127.00000,3119.00000,8.00000
Na2SnFeBr3I3,0.81850,-1.11212,0.36690,30.00000,0.81582,0.30000,0.89305,0.32091,6.97720,0.08666,0.03539,0.51433,7.17260,0.08439,3128.00000,3134.00000,-6.00000
Cs2SnMoO3S3,2.11070,-1.74514,139.07214,30.00000,0.83741,0.86000,1.09508,0.39506,15.85107,0.08561,0.06117,0.14972,16.04912,0.08459,3129.00000,3126.00000,3.00000
Na2GeFeBr3I3,0.81759,-1.10845,4.60626,30.00000,0.78499,0.30000,0.91984,0.28245,6.65510,0.09256,0.03680,0.53337,7.43713,0.08468,3130.00000,3159.00000,-29.00000
Cs2VSbO3S3,2.07894,-1.80490,149.04783,30.00000,0.77335,0.86000,1.13008,0.35185,15.16470,0.09148,0.06557,0.15993,16.63227,0.08496,3131.00000,3155.00000,-24.00000
Cs2VFeO3F3,1.96528,-2.66268,181.72666,30.00000,0.81962,0.54000,1.17458,0.43727,18.07091,0.08742,0.06563,0.14324,18.69965,0.08502,3132.00000,3139.00000,-7.00000
Cs2MoBiO3F3,2.15858,-2.26713,128.60717,30.00000,0.85000,0.54000,1.12684,0.49815,15.23362,0.08541,0.06013,0.15312,15.21597,0.08537,3133.00000,3124.00000,9.00000
Cs2CrMoO3F3,2.02702,-2.58010,167.39712,30.00000,0.83018,0.54000,1.16858,0.44465,17.19683,0.08737,0.06413,0.14725,17.52760,0.08591,3134.00000,3138.00000,-4.00000
K2FeMnI6,0.81649,-1.09046,0.56487,30.00000,0.84456,0.00000,0.95441,0.29318,7.09263,0.08566,0.03484,0.51518,7.02372,0.08596,3135.00000,3127.00000,8.00000
Cs2GeTaO3F3,2.10926,-2.70372,144.92613,30.00000,0.81127,0.54000,1.17912,0.43173,15.38564,0.08931,0.06354,0.15740,16.13105,0.08602,3136.00000,3146.00000,-10.00000
Cs2SnGaO3Cl3,2.11305,-1.87091,143.97420,30.00000,0.85000,0.28000,1.09038,0.40810,16.04615,0.08610,0.06145,0.15070,16.00559,0.08616,3137.00000,3130.00000,7.00000
Cs2MoInO3Cl3,2.13173,-1.92455,138.89031,30.00000,0.85000,0.28000,1.07142,0.43302,15.70940,0.08617,0.06112,0.15231,15.70684,0.08621,3138.00000,3132.00000,6.00000
Cs2VMnO3F3,1.98412,-2.76610,182.07413,30.00000,0.81962,0.54000,1.17458,0.43727,17.73960,0.08882,0.06609,0.14698,18.40297,0.08638,3139.00000,3142.00000,-3.00000
Cs2SnCrO3S3,2.09959,-1.77877,149.49374,30.00000,0.84667,0.86000,1.08905,0.40278,16.22533,0.08680,0.06219,0.15106,16.30487,0.08649,3140.00000,3135.00000,5.00000
Cs2NbCuO3F3,2.04872,-2.63268,164.65736,30.00000,0.85000,0.54000,1.12132,0.50554,17.21740,0.08662,0.06316,0.14706,17.22543,0.08659,3141.00000,3133.00000,8.00000
Rb2FeCuCl3I3,0.83296,-1.31498,20.15790,30.00000,0.85000,0.50000,0.97826,0.34289,8.14498,0.08720,0.03761,0.60019,8.15606,0.08681,3142.00000,3136.00000,6.00000
Cs2GeGaO3Cl3,2.06476,-1.85508,161.72577,30.00000,0.83714,0.28000,1.13040,0.35826,16.66239,0.08815,0.06379,0.15119,16.92658,0.08699,3143.00000,3140.00000,3.00000
Cs2SnNbO3Cl3,2.14978,-2.23598,137.45930,30.00000,0.85000,0.28000,1.08558,0.41433,15.38825,0.08721,0.06143,0.15590,15.38884,0.08726,3144.00000,3137.00000,7.00000
Cs2GeCrO3S3,2.04386,-1.64189,168.64698,30.00000,0.77600,0.86000,1.12879,0.35340,15.79914,0.09386,0.06799,0.16160,17.23589,0.08749,3145.00000,3162.00000,-17.00000
Na2GeFeS3I3,0.81855,-0.89898,5.61733,30.00000,0.82093,0.08000,0.92473,0.29084,7.01900,0.08944,0.03613,0.53769,7.18357,0.08779,3146.00000,3147.00000,-1.00000
Rb2GeFeSe3Br3,0.83399,-1.20271,24.35602,30.00000,0.81592,0.41000,1.02022,0.29822,7.89435,0.09177,0.03910,0.61893,8.21284,0.08822,3147.00000,3158.00000,-11.00000
Rb2GeCuBr3I3,0.83221,-1.24101,20.55609,30.00000,0.83399,0.30000,0.99152,0.30288,7.95008,0.08916,0.03806,0.60215,8.00814,0.08833,3148.00000,3144.00000,4.00000
Cs2GeCrO6,2.00507,-2.09430,185.34535,30.00000,0.85000,0.00000,1.17582,0.40893,18.01161,0.08849,0.06545,0.14755,17.96134,0.08872,3149.00000,3141.00000,8.00000
Cs2FeAgCl3I3,0.89623,-1.31014,96.51446,30.00000,0.85000,0.50000,0.98024,0.39776,12.23340,0.09059,0.04865,0.92224,12.54424,0.08874,3150.00000,3151.00000,-1.00000
Cs2GeNbO3Cl3,2.11182,-2.17955,153.99580,30.00000,0.84745,0.28000,1.12524,0.36449,16.02077,0.08891,0.06327,0.15609,16.00929,0.08891,3151.00000,3143.00000,8.00000
Cs2GeWO6,2.14216,-2.03759,145.90003,30.00000,0.84717,0.00000,1.18031,0.40357,15.47257,0.08919,0.06282,0.15918,15.52552,0.08892,3152.00000,3145.00000,7.00000
Cs2SnBiO3F3,2.22256,-2.35774,124.37523,30.00000,0.85000,0.54000,1.09976,0.53506,14.11414,0.08949,0.06150,0.16772,14.12433,0.08937,3153.00000,3148.00000,5.00000
Cs2GeMoO3S3,2.11973,-1.60683,155.94086,30.00000,0.76245,0.86000,1.13526,0.34568,14.29157,0.09807,0.06889,0.17684,15.90027,0.08996,3154.00000,3172.00000,-18.00000
Cs2NbMnO3F3,2.08466,-2.85017,167.37786,30.00000,0.85000,0.54000,1.14518,0.47417,16.55982,0.09006,0.06462,0.15612,16.54234,0.09005,3155.00000,3149.00000,6.00000
Cs2ZrInO3Cl3,2.17745,-2.29220,139.86487,30.00000,0.85000,0.28000,1.04197,0.47352,14.90258,0.09017,0.06278,0.16445,14.90323,0.09023,3156.00000,3150.00000,6.00000
Na2FeAgCl3I3,0.81089,-1.11926,2.43801,30.00000,0.83499,0.50000,0.85660,0.39776,6.67853,0.09116,0.03537,0.52421,6.69585,0.09055,3157.00000,3154.00000,3.00000
Cs2WFeO3F3,2.17798,-2.54323,142.21466,30.00000,0.84942,0.54000,1.15676,0.45941,14.88356,0.09095,0.06325,0.16610,14.82988,0.09108,3158.00000,3153.00000,5.00000
Cs2ZrCrO3F3,2.08930,-2.81741,168.84591,30.00000,0.85000,0.54000,1.13102,0.49262,16.47547,0.09082,0.06502,0.15792,16.39578,0.09113,3159.00000,3152.00000,7.00000
Cs2SbCuSe3I3,0.88101,-0.90902,81.59205,30.00000,0.85000,0.11000,1.01895,0.31818,11.19476,0.09171,0.04656,0.86136,11.27559,0.09125,3160.00000,3157.00000,3.00000
Cs2VZnO3F3,2.06881,-2.67490,178.16234,30.00000,0.85000,0.54000,1.14661,0.47232,16.85098,0.09159,0.06597,0.15782,16.84644,0.09158,3161.00000,3156.00000,5.00000
Cs2SnCrO6,2.13836,-2.06685,163.01393,30.00000,0.85000,0.00000,1.12999,0.46607,15.59262,0.09337,0.06556,0.16703,15.60124,0.09326,3162.00000,3160.00000,2.00000
Cs2ZrGaO3Cl3,2.17975,-2.37184,150.75453,30.00000,0.85000,0.28000,1.08319,0.41745,14.86305,0.09355,0.06481,0.17149,14.88348,0.09340,3163.00000,3161.00000,2.00000
Cs2SnVO3Cl3,2.19855,-2.10998,147.20796,30.00000,0.85000,0.28000,1.11003,0.38318,14.53463,0.09422,0.06485,0.17481,14.50725,0.09428,3164.00000,3163.00000,1.00000
Cs2MoAgO3F3,2.18627,-2.35847,153.60807,30.00000,0.85000,0.54000,1.07647,0.56827,14.74839,0.09497,0.06556,0.17508,14.75491,0.09494,3165.00000,3164.00000,1.00000
Cs2TiInO3Cl3,2.19924,-2.34374,150.24261,30.00000,0.85000,0.28000,1.06794,0.43769,14.52235,0.09519,0.06543,0.17687,14.51130,0.09512,3166.00000,3165.00000,1.00000
Cs2GeFeS3Br3,0.90563,-1.23578,123.48568,30.00000,0.81460,0.38000,1.07452,0.30921,12.38809,0.09909,0.05412,1.03761,13.01952,0.09539,3167.00000,3175.00000,-8.00000
Cs2GeCrO3F3,2.10943,-2.40403,181.98145,30.00000,0.79654,0.54000,1.18677,0.42251,15.10211,0.10123,0.07119,0.18099,16.08393,0.09610,3168.00000,3182.00000,-14.00000
Cs2TiBiO3Cl3,2.28032,-2.28612,128.27243,30.00000,0.85000,0.28000,1.07728,0.42523,13.12583,0.09615,0.06447,0.18922,13.10967,0.09623,3169.00000,3166.00000,3.00000
Cs2SnTaO3F3,2.27572,-2.68543,129.96680,30.00000,0.85000,0.54000,1.13242,0.49077,13.20189,0.09624,0.06462,0.18868,13.19298,0.09634,3170.00000,3167.00000,3.00000
Cs2GeInO3F3,2.17422,-2.39212,162.92575,30.00000,0.85000,0.54000,1.13242,0.49077,14.95780,0.09656,0.06681,0.17693,14.94785,0.09661,3171.00000,3168.00000,3.00000
Cs2SnCrO3F3,2.18819,-2.39743,160.30725,30.00000,0.85000,0.54000,1.13947,0.48155,14.71386,0.09713,0.06685,0.17964,14.73403,0.09686,3172.00000,3169.00000,3.00000
Cs2VSbO6,2.18217,-2.32766,162.47734,30.00000,0.85000,0.00000,1.17731,0.40714,14.82032,0.09719,0.06704,0.17906,14.78320,0.09724,3173.00000,3170.00000,3.00000
K2SnCuI6,0.79244,-0.99548,0.56647,30.00000,0.85000,0.00000,0.93309,0.32273,5.69612,0.10218,0.03493,0.51758,5.93533,0.09846,3174.00000,3183.00000,-9.00000
Cs2TiCrO3F3,2.12650,-2.79434,184.36692,30.00000,0.83769,0.54000,1.16412,0.45018,15.57515,0.09937,0.06962,0.17797,15.75507,0.09850,3175.00000,3176.00000,-1.00000
Cs2GeVO3Cl3,2.18809,-2.07616,165.84666,30.00000,0.79129,0.28000,1.15153,0.33333,13.70341,0.10467,0.07153,0.19690,14.72477,0.09857,3176.00000,3186.00000,-10.00000
Rb2SnCuBr3I3,0.81233,-1.23424,16.13963,30.00000,0.85000,0.30000,0.96308,0.34135,6.88458,0.09751,0.03718,0.58491,6.72950,0.09892,3177.00000,3171.00000,6.00000
Cs2SnWO6,2.30012,-2.03335,130.73570,30.00000,0.85000,0.00000,1.13414,0.46071,12.79339,0.09901,0.06581,0.19857,12.78328,0.09910,3178.00000,3173.00000,5.00000
Cs2NbZnO3F3,2.19703,-2.70658,164.06714,30.00000,0.85000,0.54000,1.11858,0.50923,14.56139,0.09908,0.06788,0.18460,14.51353,0.09929,3179.00000,3174.00000,5.00000
Rb2GeFeBr6,0.81632,-1.41377,24.14354,30.00000,0.85000,0.00000,1.02145,0.29974,7.12571,0.09959,0.03838,0.62011,7.11674,0.09936,3180.00000,3177.00000,3.00000
Na2GeCuI6,0.79502,-0.86940,4.15872,30.00000,0.80566,0.00000,0.89700,0.28636,5.56171,0.10702,0.03645,0.53357,6.03431,0.09967,3181.00000,3190.00000,-9.00000
Cs2SnMoO6,2.24339,-2.06062,150.69034,30.00000,0.85000,0.00000,1.13692,0.45714,13.75704,0.09962,0.06728,0.19145,13.72834,0.09974,3182.00000,3178.00000,4.00000
Cs2FeCuCl3I3,0.87696,-1.31232,99.78370,30.00000,0.85000,0.50000,1.02028,0.34289,10.92502,0.10074,0.04937,0.94234,10.95006,0.10071,3183.00000,3179.00000,4.00000
Cs2SnGaO3F3,2.24069,-2.39406,156.68362,30.00000,0.85000,0.54000,1.13805,0.48339,13.80288,0.10121,0.06830,0.19450,13.79282,0.10126,3184.00000,3180.00000,4.00000
Cs2NbSbO6,2.25888,-2.51347,150.68178,30.00000,0.85000,0.00000,1.14817,0.44286,13.48913,0.10121,0.06793,0.19691,13.42656,0.10148,3185.00000,3181.00000,4.00000
Cs2GeSbO3F3,2.24021,-2.31976,159.61079,30.00000,0.78721,0.54000,1.19140,0.41697,12.79119,0.10876,0.07286,0.21259,13.82039,0.10201,3186.00000,3191.00000,-5.00000
Cs2TiGaO3Cl3,2.24001,-2.40487,162.88051,30.00000,0.85000,0.28000,1.11128,0.38162,13.81473,0.10308,0.06945,0.19833,13.81658,0.10291,3187.00000,3184.00000,3.00000
Cs2GeGaO3F3,2.20223,-2.39203,177.28379,30.00000,0.79957,0.54000,1.18523,0.42435,13.61447,0.10888,0.07379,0.20707,14.44641,0.10355,3188.00000,3192.00000,-4.00000
Cs2GeVO3F3,2.19211,-2.63979,182.40719,30.00000,0.74607,0.54000,1.21031,0.39483,12.85806,0.11594,0.07833,0.22226,14.64414,0.10387,3189.00000,3197.00000,-8.00000
Cs2GeBiO3F3,2.31922,-2.30891,138.29697,30.00000,0.85000,0.54000,1.14375,0.47601,12.47468,0.10370,0.06818,0.21243,12.43039,0.10389,3190.00000,3185.00000,5.00000
Cs2GeMoO6,2.23318,-2.07256,170.10111,30.00000,0.84090,0.00000,1.18332,0.40000,13.78363,0.10554,0.07110,0.20286,13.91209,0.10475,3191.00000,3188.00000,3.00000
Cs2ZrSbO3Cl3,2.33472,-2.25775,137.15850,30.00000,0.85000,0.28000,1.08798,0.41121,12.21826,0.10511,0.06867,0.21900,12.27340,0.10478,3192.00000,3187.00000,5.00000
Cs2FeZnCl3I3,0.86692,-1.36834,99.56470,30.00000,0.85000,0.50000,1.01839,0.34539,10.27141,0.10606,0.04943,0.94399,10.38232,0.10486,3193.00000,3189.00000,4.00000
Cs2SnVO3F3,2.29243,-2.65513,160.65441,30.00000,0.84250,0.54000,1.16116,0.45387,12.80980,0.10898,0.07189,0.21966,12.98365,0.10786,3194.00000,3194.00000,0.00000
Cs2TiSbO3Cl3,2.33700,-2.29745,147.21515,30.00000,0.85000,0.28000,1.11632,0.37539,12.18120,0.10895,0.07086,0.22830,12.25431,0.10828,3195.00000,3193.00000,2.00000
Cs2SnCuBr6,0.85288,-1.40536,93.61426,30.00000,0.85000,0.00000,1.01696,0.36224,9.38155,0.11169,0.04870,0.92181,9.34546,0.11200,3196.00000,3195.00000,1.00000
Cs2MoGaO3Cl3,2.36476,-1.93706,149.61729,30.00000,0.85000,0.28000,1.11505,0.37695,11.72946,0.11336,0.07279,0.24595,11.70974,0.11342,3197.00000,3196.00000,1.00000
Rb2SnFeSe3I3,0.78627,-0.95035,16.40888,30.00000,0.85000,0.11000,0.97700,0.31938,5.35764,0.12016,0.03749,0.58883,5.57346,0.11600,3198.00000,3200.00000,-2.00000
Rb2CrAgBr3I3,0.79000,-1.21565,17.98526,30.00000,0.85000,0.30000,0.93869,0.37620,5.56447,0.11768,0.03770,0.59554,5.46970,0.11907,3199.00000,3198.00000,1.00000
Cs2ZrSbO3F3,2.41350,-2.73851,148.75711,30.00000,0.85000,0.54000,1.13523,0.48708,10.95852,0.11976,0.07524,0.28023,10.90822,0.11992,3200.00000,3199.00000,1.00000
Cs2WInO3F3,2.48829,-2.40929,130.87915,30.00000,0.85000,0.54000,1.11313,0.51661,9.82586,0.12367,0.07546,0.35073,9.84712,0.12326,3201.00000,3202.00000,-1.00000
Cs2ZrInO3F3,2.43184,-2.73613,151.83466,30.00000,0.85000,0.54000,1.08156,0.56089,10.67118,0.12370,0.07698,0.30114,10.68549,0.12340,3202.00000,3203.00000,-1.00000
Rb2GeCuI6,0.78598,-1.01755,18.08267,30.00000,0.84132,0.00000,0.97946,0.28636,5.29378,0.12277,0.03797,0.59638,5.22108,0.12398,3203.00000,3201.00000,2.00000
Cs2WGaO3F3,2.46827,-2.39911,140.36545,30.00000,0.83769,0.54000,1.16412,0.45018,9.98000,0.12614,0.07734,0.33698,10.11934,0.12462,3204.00000,3204.00000,0.00000
Cs2GeNbO3F3,2.39991,-2.67020,168.16990,30.00000,0.81127,0.54000,1.17912,0.43173,10.67184,0.13038,0.08156,0.30478,11.12110,0.12571,3205.00000,3210.00000,-5.00000
Rb2FeMnBr3I3,0.78067,-1.33301,17.37174,30.00000,0.84243,0.30000,0.98606,0.31010,5.01147,0.12781,0.03789,0.59374,5.05591,0.12686,3206.00000,3206.00000,0.00000
Cs2TiSbO3F3,2.43193,-2.76652,160.66286,30.00000,0.83018,0.54000,1.16858,0.44465,10.42441,0.12990,0.08041,0.32013,10.67549,0.12721,3207.00000,3209.00000,-2.00000
Cs2ZrGaO3F3,2.42071,-2.77021,164.75033,30.00000,0.85000,0.54000,1.12962,0.49446,10.84537,0.12715,0.07921,0.30293,10.79546,0.12726,3208.00000,3205.00000,3.00000
Na2SnFeSe3I3,0.76327,-0.88447,0.48329,30.00000,0.83254,0.11000,0.89238,0.31938,4.16982,0.13264,0.03560,0.52023,4.31303,0.12846,3209.00000,3212.00000,-3.00000
Cs2TiInO3F3,2.43623,-2.76737,164.14545,30.00000,0.85000,0.54000,1.11178,0.51845,10.60276,0.12938,0.08003,0.31885,10.61181,0.12930,3210.00000,3208.00000,2.00000
Cs2MnSbSe6,0.83142,-0.96676,94.98622,30.00000,0.85000,0.00000,1.04877,0.31439,8.04962,0.12813,0.04917,0.93264,7.92167,0.13001,3211.00000,3207.00000,4.00000
K2FeCuBr6,0.76223,-1.32170,0.04771,30.00000,0.85000,0.00000,0.96150,0.35077,4.18358,0.13171,0.03517,0.51831,4.18715,0.13165,3212.00000,3211.00000,1.00000
Cs2TiGaO3F3,2.41384,-2.78226,179.34440,30.00000,0.84012,0.54000,1.16264,0.45203,10.82671,0.13315,0.08279,0.31600,10.90303,0.13203,3213.00000,3214.00000,-1.00000
Cs2MoGaO3F3,2.46229,-2.39533,163.38541,30.00000,0.83273,0.54000,1.16709,0.44649,10.01008,0.13577,0.08283,0.36046,10.22076,0.13311,3214.00000,3215.00000,-1.00000
Cs2SnNbO3F3,2.49619,-2.68082,149.11064,30.00000,0.85000,0.54000,1.13242,0.49077,9.70830,0.13302,0.08039,0.39346,9.70065,0.13317,3215.00000,3213.00000,2.00000
K2CrAgI6,0.75437,-1.00442,1.97409,30.00000,0.85000,0.00000,0.91041,0.35568,3.90512,0.14202,0.03557,0.52769,4.05129,0.13686,3216.00000,3216.00000,0.00000
Na2MnSbSe6,0.74719,-0.89697,0.38312,30.00000,0.85000,0.00000,0.91564,0.31439,3.65539,0.14816,0.03540,0.52119,3.69555,0.14691,3217.00000,3218.00000,-1.00000
Na2FeZnBr3I3,0.74915,-1.08585,0.34861,30.00000,0.82293,0.30000,0.88500,0.33293,3.66288,0.14808,0.03596,0.52101,3.69135,0.14708,3218.00000,3217.00000,1.00000
Na2FeCuBr6,0.74595,-1.20077,0.03823,30.00000,0.85000,0.00000,0.89473,0.35077,3.62100,0.14898,0.03536,0.51971,3.50457,0.15295,3219.00000,3219.00000,0.00000
Rb2GeFeSe3I3,0.76040,-0.95730,20.88959,30.00000,0.82450,0.11000,1.00619,0.28110,4.03384,0.15790,0.03917,0.61196,4.15811,0.15350,3220.00000,3222.00000,-2.00000
K2FeSbSe3I3,0.74094,-0.90563,0.49532,30.00000,0.84419,0.11000,0.97235,0.29785,3.47108,0.15543,0.03562,0.52236,3.41661,0.15721,3221.00000,3220.00000,1.00000
Cs2CrAgBr3I3,0.79865,-1.24175,84.57701,30.00000,0.85000,0.30000,0.97822,0.37620,6.05816,0.15708,0.04804,0.89213,5.98801,0.15784,3222.00000,3221.00000,1.00000
Rb2SnCuI6,0.74862,-1.02935,14.32713,30.00000,0.85000,0.00000,0.95253,0.32273,3.71020,0.16282,0.03763,0.58364,3.72841,0.16182,3223.00000,3223.00000,0.00000
K2SnFeBr3I3,0.73091,-1.16761,0.36212,30.00000,0.84950,0.30000,0.95739,0.32091,3.21770,0.16645,0.03562,0.52254,3.30384,0.16199,3224.00000,3225.00000,-1.00000
Rb2FeMnI6,0.74741,-1.11842,15.26851,30.00000,0.84952,0.00000,0.97429,0.29318,3.66177,0.16540,0.03782,0.58795,3.70010,0.16452,3225.00000,3224.00000,1.00000
Cs2GeCuBr3I3,0.78998,-1.22902,88.45148,30.00000,0.83037,0.30000,1.03326,0.30288,5.44809,0.17560,0.04952,0.91111,5.62720,0.17107,3226.00000,3227.00000,-1.00000
Na2GeFeSe3I3,0.72765,-0.86877,4.74458,30.00000,0.80169,0.11000,0.91904,0.28110,3.05655,0.18032,0.03751,0.54290,3.15433,0.17459,3227.00000,3229.00000,-2.00000
Rb2CrAgI6,0.74282,-1.03554,15.89734,30.00000,0.85000,0.00000,0.92937,0.35568,3.53700,0.17157,0.03798,0.59122,3.45981,0.17504,3228.00000,3226.00000,2.00000
Cs2GeFeBr6,0.79412,-1.42356,103.20481,30.00000,0.84510,0.00000,1.06586,0.29974,5.75891,0.17791,0.05122,0.97639,5.73087,0.17735,3229.00000,3228.00000,1.00000
Cs2SnFeSe3I3,0.77565,-0.95790,82.39557,30.00000,0.85000,0.11000,1.01803,0.31938,4.79854,0.19152,0.04807,0.88594,4.91048,0.18653,3230.00000,3231.00000,-1.00000
K2GeFeBr3I3,0.71999,-1.17809,4.43609,30.00000,0.80681,0.30000,0.98611,0.28245,2.89884,0.18838,0.03747,0.54216,2.94065,0.18657,3231.00000,3230.00000,1.00000
Cs2SnCuBr3I3,0.77302,-1.23183,81.49974,30.00000,0.85000,0.30000,1.00364,0.34135,4.66938,0.19554,0.04798,0.88231,4.69436,0.19320,3232.00000,3233.00000,-1.00000
K2FeZnBr3I3,0.70918,-1.20847,0.34424,30.00000,0.85000,0.30000,0.94876,0.33293,2.74723,0.19197,0.03596,0.52450,2.69909,0.19497,3233.00000,3232.00000,1.00000
Cs2GeCuBr6,0.77902,-1.40004,102.31128,30.00000,0.85000,0.00000,1.04837,0.32143,4.96974,0.20248,0.05116,0.97461,5.08628,0.19693,3234.00000,3235.00000,-1.00000
Na2FeZnI6,0.70446,-0.99783,0.57077,30.00000,0.82628,0.00000,0.87762,0.31477,2.62129,0.19975,0.03661,0.52602,2.64286,0.19817,3235.00000,3234.00000,1.00000
Cs2FeSbSe3Br3,0.77528,-1.20112,94.49440,30.00000,0.83035,0.41000,1.05009,0.31599,4.68972,0.20656,0.05077,0.94044,4.72274,0.20331,3236.00000,3237.00000,-1.00000
Rb2SnFeBr3I3,0.71892,-1.22667,16.26085,30.00000,0.85000,0.30000,0.97798,0.32091,2.93935,0.20337,0.03842,0.59518,2.94013,0.20420,3237.00000,3236.00000,1.00000
Rb2FeSbSe3I3,0.71368,-0.94335,16.37768,30.00000,0.84670,0.11000,0.99321,0.29785,2.82795,0.21073,0.03862,0.59606,2.87917,0.20766,3238.00000,3239.00000,-1.00000
K2SnFeI6,0.69692,-1.01669,0.56368,30.00000,0.85000,0.00000,0.94692,0.30341,2.50209,0.20775,0.03620,0.52646,2.44810,0.21261,3239.00000,3238.00000,1.00000
Na2SnFeI6,0.69429,-0.91043,0.57438,30.00000,0.81882,0.00000,0.88527,0.30341,2.44255,0.21319,0.03694,0.52681,2.42617,0.21573,3240.00000,3240.00000,0.00000
Cs2GeFeSe3I3,0.76518,-0.95420,89.46046,30.00000,0.81642,0.11000,1.04845,0.28110,4.19296,0.22380,0.05069,0.91962,4.28085,0.21827,3241.00000,3242.00000,-1.00000
Rb2FeCuBr6,0.71309,-1.34693,20.03600,30.00000,0.85000,0.00000,0.98287,0.35077,2.81966,0.21691,0.03916,0.61273,2.79789,0.21909,3242.00000,3241.00000,1.00000
K2GeFeI6,0.68482,-0.98763,4.05387,30.00000,0.81337,0.00000,0.97410,0.26705,2.30310,0.23178,0.03787,0.54322,2.35650,0.22649,3243.00000,3244.00000,-1.00000
Cs2SnFeSe3Br3,0.75635,-1.20817,94.78700,30.00000,0.85000,0.41000,1.03217,0.33883,3.96258,0.24089,0.05041,0.94480,4.13755,0.23086,3244.00000,3245.00000,-1.00000
Rb2FeZnI6,0.69902,-1.08062,15.11757,30.00000,0.85000,0.00000,0.95829,0.31477,2.54490,0.22966,0.03859,0.59185,2.51873,0.23242,3245.00000,3243.00000,2.00000
Cs2GeFeSe3Br3,0.75790,-1.22779,103.65124,30.00000,0.80280,0.41000,1.06446,0.29822,3.89270,0.25498,0.05380,0.98478,4.18936,0.23628,3246.00000,3247.00000,-1.00000
Na2FeSbSe3I3,0.66482,-0.81750,0.50520,30.00000,0.81671,0.11000,0.90718,0.29785,2.04059,0.25144,0.03761,0.52842,2.10190,0.24602,3247.00000,3246.00000,1.00000
Cs2FeMnBr3I3,0.74436,-1.37914,87.30005,30.00000,0.84045,0.30000,1.02758,0.31010,3.56129,0.25674,0.04985,0.91256,3.61886,0.25348,3248.00000,3248.00000,0.00000
K2FeZnI6,0.65729,-1.05192,0.55960,30.00000,0.85000,0.00000,0.93873,0.31477,1.97415,0.25931,0.03703,0.52901,2.02418,0.25438,3249.00000,3249.00000,0.00000
Na2FeAgBr3I3,0.65234,-1.04334,2.05534,30.00000,0.84034,0.30000,0.85271,0.38341,1.91998,0.26905,0.03764,0.53608,1.95711,0.26664,3250.00000,3250.00000,0.00000
Rb2GeFeBr3I3,0.67840,-1.23951,20.72036,30.00000,0.80730,0.30000,1.00731,0.28245,2.21407,0.27363,0.04114,0.61899,2.27899,0.26688,3251.00000,3252.00000,-1.00000
Cs2SnCuI6,0.72771,-1.04795,72.20982,30.00000,0.85000,0.00000,0.99141,0.32273,3.14331,0.26926,0.04740,0.84670,3.15728,0.26697,3252.00000,3251.00000,1.00000
Na2GeFeI6,0.65315,-0.90385,4.18525,30.00000,0.78780,0.00000,0.91068,0.26705,1.90134,0.27646,0.03937,0.54574,1.93049,0.27476,3253.00000,3253.00000,0.00000
Rb2FeZnBr3I3,0.66431,-1.27377,17.17335,30.00000,0.85000,0.30000,0.96916,0.33293,2.05466,0.28428,0.03973,0.60369,2.06733,0.28482,3254.00000,3254.00000,0.00000
Na2FeCuBr3I3,0.63683,-1.04060,0.35648,30.00000,0.82160,0.30000,0.88660,0.33053,1.76372,0.28845,0.03820,0.52941,1.76036,0.28916,3255.00000,3256.00000,-1.00000
Cs2FeSbSe3I3,0.72559,-0.94627,82.17747,30.00000,0.84260,0.11000,1.03492,0.29785,3.07995,0.28828,0.04936,0.89219,3.03738,0.29105,3256.00000,3255.00000,1.00000
Cs2GeFeBr3I3,0.71118,-1.25453,89.11567,30.00000,0.79883,0.30000,1.04973,0.28245,2.72397,0.33335,0.05270,0.92574,2.76173,0.32825,3257.00000,3258.00000,-1.00000
Cs2CrAgI6,0.70139,-1.08307,74.74634,30.00000,0.85000,0.00000,0.96731,0.35568,2.58683,0.32481,0.04847,0.86173,2.53540,0.33090,3258.00000,3257.00000,1.00000
Rb2SnFeI6,0.62561,-1.04671,14.42031,30.00000,0.85000,0.00000,0.96665,0.30341,1.66471,0.34239,0.04035,0.59371,1.66600,0.34140,3259.00000,3259.00000,0.00000
Cs2SnFeI6,0.68910,-1.07829,72.66654,30.00000,0.85000,0.00000,1.00610,0.30341,2.39093,0.34700,0.04846,0.85333,2.41336,0.34350,3260.00000,3260.00000,0.00000
Cs2SnFeBr3I3,0.68950,-1.23544,82.08462,30.00000,0.85000,0.30000,1.01916,0.32091,2.39530,0.36302,0.05005,0.89617,2.41724,0.36185,3261.00000,3261.00000,0.00000
Cs2FeMnI6,0.68405,-1.14839,76.70801,30.00000,0.85000,0.00000,1.01406,0.29318,2.32133,0.36491,0.04930,0.87222,2.33595,0.36293,3262.00000,3262.00000,0.00000
Cs2GeCuI6,0.66895,-1.02262,77.95117,30.00000,0.84147,0.00000,1.01943,0.28636,2.10650,0.40108,0.05036,0.87914,2.16792,0.39237,3263.00000,3263.00000,0.00000
K2FeCuI6,0.55967,-0.96073,0.56646,30.00000,0.85000,0.00000,0.94036,0.31250,1.18764,0.41223,0.04082,0.53420,1.17949,0.41309,3264.00000,3264.00000,0.00000
K2FeAgBr3I3,0.56267,-1.09800,1.98743,30.00000,0.85000,0.30000,0.91414,0.38341,1.20508,0.41440,0.04090,0.54056,1.18490,0.41684,3265.00000,3265.00000,0.00000
Na2FeAgI6,0.55183,-0.83169,2.01999,30.00000,0.84649,0.00000,0.84688,0.36250,1.14375,0.42382,0.04179,0.54128,1.13848,0.42390,3266.00000,3266.00000,0.00000
Rb2GeFeI6,0.58464,-1.02478,18.20715,30.00000,0.81561,0.00000,0.99439,0.26705,1.33150,0.43686,0.04382,0.61356,1.35865,0.42640,3267.00000,3270.00000,-3.00000
K2FeCuBr3I3,0.52392,-1.10000,0.35179,30.00000,0.85000,0.30000,0.95047,0.33053,1.00000,0.43111,0.04384,0.53487,1.00783,0.42952,3268.00000,3268.00000,0.00000
Na2FeCuI6,0.53159,-0.83258,0.57790,30.00000,0.82487,0.00000,0.87914,0.31250,1.02132,0.42963,0.04387,0.53559,1.00758,0.43080,3269.00000,3267.00000,2.00000
K2FeAgI6,0.52839,-0.94967,1.96275,30.00000,0.85000,0.00000,0.90585,0.36250,1.01082,0.43573,0.04372,0.54200,1.04210,0.43320,3270.00000,3269.00000,1.00000
Cs2FeZnBr3I3,0.64666,-1.29888,86.39357,30.00000,0.85000,0.30000,1.00997,0.33293,1.87300,0.46965,0.05237,0.91980,1.89837,0.46523,3271.00000,3271.00000,0.00000
Rb2FeCuI6,0.54233,-0.99408,15.14962,30.00000,0.85000,0.00000,0.95995,0.31250,1.08897,0.48028,0.04529,0.60146,1.05770,0.48392,3272.00000,3272.00000,0.00000
Rb2FeCuBr3I3,0.53352,-1.17869,17.21456,30.00000,0.85000,0.30000,0.97091,0.33053,1.03767,0.49326,0.04667,0.61125,1.04851,0.49240,3273.00000,3273.00000,0.00000
Rb2FeAgBr3I3,0.51717,-1.16284,17.90882,30.00000,0.85000,0.30000,0.93380,0.38341,1.00000,0.50224,0.04888,0.61505,1.00000,0.50185,3274.00000,3274.00000,0.00000
Cs2FeZnI6,0.62051,-1.10195,76.00939,30.00000,0.85000,0.00000,0.99741,0.31477,1.61697,0.51631,0.05168,0.87475,1.62676,0.51405,3275.00000,3275.00000,0.00000
Cs2GeFeI6,0.61755,-1.04879,78.46436,30.00000,0.81144,0.00000,1.03498,0.26705,1.57852,0.53568,0.05396,0.88637,1.58860,0.53069,3276.00000,3276.00000,0.00000
Cs2FeCuBr3I3,0.58213,-1.20042,86.55913,30.00000,0.85000,0.30000,1.01180,0.33053,1.32295,0.66089,0.05625,0.92599,1.32590,0.65837,3277.00000,3277.00000,0.00000
Cs2FeCuI6,0.53966,-1.04574,76.13772,30.00000,0.85000,0.00000,0.99913,0.31250,1.07273,0.71754,0.05899,0.88077,1.09026,0.71553,3278.00000,3278.00000,0.00000
Cs2FeAgBr3I3,0.53089,-1.17948,84.26336,30.00000,0.85000,0.30000,0.97312,0.38341,1.02219,0.75495,0.06228,0.91882,1.05621,0.75218,3279.00000,3279.00000,0.00000
Cs2FeCuBr6,0.51593,-1.35642,100.37954,30.00000,0.85000,0.00000,1.02561,0.35077,1.00000,0.82470,0.06908,0.99378,1.00000,0.82253,3280.00000,3280.00000,0.00000
