Formula,Predicted_Bandgap_eV,Predicted_Ef_eV_atom,Active_Material_Cost_m2,Panel_Lifetime_Years,PCE_Median,LCOE_Median,LCOE_Q10_Best,LCOE_Q90_Worst
K2WFeS3Br3,1.40017,-1.35640,0.11396,30.00000,25.39624,0.03671,0.03284,0.05121
Na2FeSbO3Br3,1.39517,-1.43230,0.12723,30.00000,25.37648,0.03671,0.03283,0.05164
Na2VCuS3Br3,1.35364,-1.23280,0.08967,30.00000,25.40659,0.03671,0.03280,0.05562
Na2SnCrS3Se3,1.38255,-1.01107,0.27445,30.00000,25.42836,0.03671,0.03285,0.05223
Na2NbFeO3Br3,1.40709,-1.86652,0.10444,30.00000,25.36816,0.03672,0.03283,0.05082
K2NbCuO3Br3,1.38117,-1.85139,0.12489,30.00000,25.39526,0.03672,0.03284,0.05260
Na2WFeS3Br3,1.38389,-1.20135,0.10756,30.00000,25.39087,0.03672,0.03283,0.05213
Na2ZrCrO3Br3,1.40134,-2.07934,0.06670,30.00000,25.36707,0.03672,0.03283,0.05082
Na2NbZnSe3Cl3,1.41534,-1.35437,0.27218,30.00000,25.37943,0.03673,0.03286,0.05036
Na2WSbSe3Br3,1.36370,-1.06721,0.26732,30.00000,25.41867,0.03673,0.03286,0.05515
Na2WMnS6,1.36117,-1.10739,0.13660,30.00000,25.38343,0.03673,0.03282,0.05570
Na2VCuO3F3,1.39937,-2.41738,0.12086,30.00000,25.37170,0.03673,0.03285,0.05107
Na2CrMnO3Se3,1.36807,-1.59264,0.25271,30.00000,25.39866,0.03673,0.03282,0.05457
Na2FeMnO3S3,1.43800,-1.60735,0.02606,30.00000,25.31175,0.03673,0.03284,0.04905
Na2MnBiO3Cl3,1.42345,-1.58285,0.15953,30.00000,25.33979,0.03674,0.03284,0.04973
Li2MoWS6,1.36557,-1.18675,0.26404,30.00000,25.39212,0.03674,0.03282,0.05487
Na2TiCrO3Br3,1.42944,-2.03194,0.03780,30.00000,25.31854,0.03674,0.03287,0.04946
Na2WFeSe3Cl3,1.37411,-1.26167,0.25187,30.00000,25.38825,0.03674,0.03284,0.05370
K2TiCrO3S3,1.42686,-2.07193,0.06686,30.00000,25.30017,0.03674,0.03285,0.04976
Na2WSbS3Br3,1.40757,-1.06964,0.17802,30.00000,25.37673,0.03674,0.03286,0.05127
Na2TiCrO3S3,1.42479,-2.04609,0.04791,30.00000,25.33674,0.03675,0.03286,0.04979
K2SbZnO3Br3,1.39679,-1.50443,0.13445,30.00000,25.35603,0.03675,0.03282,0.05123
Na2SnNbS3Br3,1.35336,-1.17984,0.15408,30.00000,25.36048,0.03675,0.03284,0.05632
K2CrWSe3Br3,1.35709,-1.31875,0.22425,30.00000,25.39327,0.03675,0.03285,0.05554
K2NbMnS3I3,1.36232,-1.26601,0.45488,30.00000,25.41195,0.03675,0.03287,0.05580
Na2WBiO3I3,1.37422,-1.32098,0.44734,30.00000,25.40184,0.03675,0.03287,0.05346
Na2SnNbSe3Cl3,1.39411,-1.37814,0.30457,30.00000,25.39497,0.03675,0.03285,0.05175
K2ZrCrO3Br3,1.44125,-2.10384,0.07750,30.00000,25.29417,0.03676,0.03289,0.04883
Na2VFeSe3F3,1.37519,-2.02377,0.28955,30.00000,25.39011,0.03676,0.03287,0.05358
K2TiBiSe3I3,1.37727,-1.23661,0.47379,30.00000,25.41938,0.03676,0.03288,0.05263
K2VCuSe3Cl3,1.36575,-1.40587,0.26814,30.00000,25.37319,0.03676,0.03286,0.05462
Na2TiBiS3I3,1.38054,-1.12950,0.44206,30.00000,25.41910,0.03676,0.03286,0.05286
K2FeSbO3Br3,1.42153,-1.49903,0.13376,30.00000,25.29719,0.03677,0.03285,0.05006
K2WFeSe3Cl3,1.40886,-1.38657,0.25117,30.00000,25.36805,0.03677,0.03287,0.05074
K2VZnSe3Cl3,1.33946,-1.48709,0.25691,30.00000,25.40199,0.03677,0.03283,0.05973
Na2MoFeO3Cl3,1.42745,-1.57303,0.18543,30.00000,25.30880,0.03677,0.03286,0.04980
K2FeSbO3I3,1.36647,-1.34220,0.47942,30.00000,25.38907,0.03677,0.03288,0.05419
Na2ZrSbSe3Br3,1.38802,-1.38272,0.25558,30.00000,25.38788,0.03677,0.03285,0.05274
Na2TiCrO3I3,1.35905,-1.89408,0.47317,30.00000,25.38505,0.03677,0.03289,0.05579
K2VCuO3Cl3,1.43533,-1.93125,0.11313,30.00000,25.28884,0.03677,0.03286,0.04916
Na2NbCuO3F3,1.43338,-2.49255,0.16458,30.00000,25.35265,0.03677,0.03286,0.04954
Na2SnNbS3I3,1.36851,-1.03709,0.47232,30.00000,25.43056,0.03677,0.03285,0.05466
K2TiSbSe3Br3,1.40642,-1.44156,0.24879,30.00000,25.31375,0.03677,0.03285,0.05058
K2SnSbSe3Br3,1.35633,-1.21188,0.26755,30.00000,25.35286,0.03677,0.03283,0.05590
Na2MnBiO3Br3,1.33412,-1.49375,0.13641,30.00000,25.36202,0.03678,0.03281,0.05949
Na2CrWO3Se3,1.38789,-1.57494,0.28537,30.00000,25.38024,0.03678,0.03285,0.05285
Na2MoFeO3Br3,1.40685,-1.45870,0.14986,30.00000,25.33049,0.03678,0.03289,0.05127
K2ZrCrO3Se3,1.42010,-2.00095,0.26856,30.00000,25.33515,0.03678,0.03289,0.05005
Na2MnSbO3Se3,1.40877,-1.40332,0.31992,30.00000,25.32649,0.03678,0.03290,0.05086
Na2WMnS3Se3,1.32377,-1.07985,0.26574,30.00000,25.40093,0.03678,0.03285,0.06307
Na2VZnS3Br3,1.34843,-1.28016,0.07822,30.00000,25.35744,0.03678,0.03281,0.05812
Na2NbCuO3Cl3,1.32736,-1.83420,0.14049,30.00000,25.34572,0.03678,0.03283,0.06144
Na2NbZnS3I3,1.38111,-1.10703,0.45941,30.00000,25.38275,0.03678,0.03288,0.05388
K2WSbS3I3,1.40029,-1.04645,0.44789,30.00000,25.35716,0.03678,0.03286,0.05093
Na2SnMoS3Se3,1.40822,-0.95231,0.35426,30.00000,25.34080,0.03678,0.03286,0.05090
Na2SnCuO3S3,1.45690,-1.59928,0.13386,30.00000,25.27355,0.03678,0.03288,0.04886
Li2MoWS3Se3,1.36222,-1.12351,0.36274,30.00000,25.35508,0.03678,0.03287,0.05537
Na2VCuSe3F3,1.38367,-1.90307,0.30049,30.00000,25.35115,0.03678,0.03285,0.05298
Na2MoWO3Se3,1.34531,-1.46250,0.36218,30.00000,25.41362,0.03678,0.03284,0.05720
K2VSbS6,1.35714,-1.09046,0.22106,30.00000,25.33742,0.03678,0.03287,0.05540
K2MnBiO6,1.44309,-1.82157,0.18543,30.00000,25.30594,0.03678,0.03286,0.04915
K2CrMnS3I3,1.35467,-1.21960,0.42698,30.00000,25.36993,0.03678,0.03289,0.05668
K2MnCuCl3I3,1.35308,-1.32301,0.41116,30.00000,25.39039,0.03678,0.03285,0.05636
Na2FeMnF3I3,1.36888,-1.85524,0.44872,30.00000,25.38042,0.03678,0.03288,0.05473
K2CrWSe3I3,1.38643,-1.20269,0.46453,30.00000,25.39928,0.03678,0.03289,0.05246
Na2VFeO3I3,1.38087,-1.74279,0.49416,30.00000,25.37737,0.03678,0.03286,0.05307
Na2MnBiO3Se3,1.41971,-1.36026,0.29933,30.00000,25.32327,0.03678,0.03289,0.05051
K2SbZnSe3I3,1.41079,-1.01900,0.49184,30.00000,25.30752,0.03678,0.03290,0.05106
K2NbZnSe3I3,1.38441,-1.18858,0.49128,30.00000,25.40730,0.03679,0.03288,0.05261
Na2SbZnO3Br3,1.42884,-1.40461,0.12808,30.00000,25.30887,0.03679,0.03288,0.04970
K2NbZnSe3Br3,1.42259,-1.41439,0.23017,30.00000,25.30618,0.03679,0.03287,0.04967
Na2WSbSe3Cl3,1.43283,-1.21714,0.30789,30.00000,25.32024,0.03679,0.03289,0.04935
K2SnZnF3I3,1.38784,-1.85774,0.44408,30.00000,25.40944,0.03679,0.03288,0.05258
Li2MoWO3Se3,1.41078,-1.56297,0.38356,30.00000,25.33571,0.03679,0.03287,0.05025
Na2VMnO3I3,1.42839,-1.80714,0.49634,30.00000,25.32943,0.03679,0.03288,0.04965
Na2MoSbO3Br3,1.43040,-1.43720,0.23265,30.00000,25.26929,0.03679,0.03287,0.04973
Na2VFeO3Br3,1.46225,-1.81861,0.07236,30.00000,25.26059,0.03679,0.03288,0.04824
K2SnCrS3Se3,1.42187,-1.06523,0.27240,30.00000,25.31204,0.03679,0.03288,0.05031
Na2NbSbS3Se3,1.39488,-0.99184,0.35010,30.00000,25.32161,0.03679,0.03287,0.05178
K2MnSbO3Se3,1.41897,-1.42506,0.31500,30.00000,25.34038,0.03679,0.03286,0.05010
Na2NbZnSe3Br3,1.34075,-1.25823,0.22983,30.00000,25.39427,0.03679,0.03283,0.05946
Na2SnSbSe3Br3,1.33415,-1.06391,0.26882,30.00000,25.36304,0.03679,0.03283,0.05993
K2SnNbSe3I3,1.41728,-1.15231,0.49986,30.00000,25.30732,0.03679,0.03293,0.05010
Na2VSbO3Se3,1.36675,-1.63603,0.36522,30.00000,25.36152,0.03679,0.03286,0.05444
K2VCuSe3F3,1.41441,-1.93296,0.29631,30.00000,25.32014,0.03680,0.03287,0.05066
Na2SnBiSe3I3,1.34330,-0.87001,0.48044,30.00000,25.36949,0.03680,0.03286,0.05836
Na2MoMnO3Se3,1.35035,-1.55888,0.35306,30.00000,25.38179,0.03680,0.03285,0.05678
Na2ZrSbSe3I3,1.37624,-1.20229,0.50592,30.00000,25.40178,0.03680,0.03290,0.05375
K2MnZnBr3I3,1.35942,-1.35869,0.34562,30.00000,25.37478,0.03680,0.03286,0.05608
Na2MnZnBr3I3,1.37280,-1.27045,0.35005,30.00000,25.35597,0.03680,0.03289,0.05442
K2VZnS3Br3,1.32338,-1.41060,0.08788,30.00000,25.33101,0.03680,0.03279,0.06183
K2VNbS6,1.31536,-1.42589,0.20107,30.00000,25.34220,0.03680,0.03285,0.06420
K2MnBiO3Cl3,1.42573,-1.65651,0.16458,30.00000,25.27559,0.03680,0.03287,0.04958
K2VSbO3Se3,1.41127,-1.65747,0.35754,30.00000,25.34209,0.03680,0.03287,0.05042
Na2ZrBiO3I3,1.40204,-1.83708,0.45771,30.00000,25.35950,0.03680,0.03287,0.05053
Na2MoWS6,1.42130,-1.25259,0.24625,30.00000,25.28980,0.03680,0.03289,0.05025
Na2NbMnO3Br3,1.45744,-1.94929,0.10634,30.00000,25.24593,0.03680,0.03286,0.04890
K2WFeS3I3,1.42652,-1.13118,0.41517,30.00000,25.32212,0.03680,0.03285,0.04972
K2ZrWSe6,1.33542,-1.34230,0.34887,30.00000,25.34602,0.03681,0.03287,0.06009
Na2TaCuO3Br3,1.38296,-1.80689,0.60584,30.00000,25.41226,0.03681,0.03285,0.05316
Na2CuZnCl3I3,1.42541,-1.20476,0.41438,30.00000,25.32173,0.03681,0.03288,0.04975
K2SnNbS3Br3,1.43920,-1.31994,0.15838,30.00000,25.24800,0.03681,0.03289,0.04968
Na2NbMnO3I3,1.34137,-1.83082,0.49262,30.00000,25.34665,0.03681,0.03290,0.05861
Na2TiWS3Se3,1.31267,-1.24257,0.27253,30.00000,25.33224,0.03681,0.03286,0.06676
Na2MoFeSe3F3,1.44862,-1.76711,0.34620,30.00000,25.29011,0.03681,0.03290,0.04877
Na2NbFeO3I3,1.38685,-1.79122,0.49059,30.00000,25.36522,0.03681,0.03288,0.05240
K2MnCuF3I3,1.42998,-1.93101,0.44389,30.00000,25.35819,0.03681,0.03290,0.04985
Na2CrWSe3Br3,1.31222,-1.23095,0.22369,30.00000,25.35346,0.03681,0.03285,0.06599
K2NbSbS3Se3,1.44151,-1.06286,0.34430,30.00000,25.26328,0.03681,0.03292,0.04949
K2SnNbSe3Br3,1.32713,-1.39381,0.25849,30.00000,25.33908,0.03681,0.03285,0.06163
Na2NbTaS3Se3,1.35906,-1.28710,0.74421,30.00000,25.39407,0.03681,0.03294,0.05508
Na2MoBiO3I3,1.33423,-1.32261,0.51231,30.00000,25.36695,0.03681,0.03288,0.06035
Na2FeSbO3I3,1.34748,-1.31143,0.49137,30.00000,25.35457,0.03681,0.03288,0.05756
Na2TaZnO3Br3,1.37409,-1.88692,0.59435,30.00000,25.41099,0.03681,0.03290,0.05385
K2MoSbO3I3,1.42267,-1.36335,0.54015,30.00000,25.36167,0.03681,0.03291,0.05002
Na2CrWS3Se3,1.33250,-1.16052,0.27184,30.00000,25.34081,0.03681,0.03285,0.06007
K2TiSbS3I3,1.41408,-1.26816,0.46457,30.00000,25.35128,0.03681,0.03288,0.05048
Na2MnCuCl3I3,1.40209,-1.25040,0.41975,30.00000,25.35047,0.03682,0.03289,0.05091
Na2MoFeO3I3,1.38159,-1.36556,0.52392,30.00000,25.38009,0.03682,0.03291,0.05337
Na2SbZnSe3Br3,1.44592,-1.13548,0.24115,30.00000,25.27860,0.03682,0.03287,0.04882
K2MnZnF3I3,1.44398,-1.94336,0.43389,30.00000,25.28126,0.03682,0.03292,0.04921
K2SnSbSe3I3,1.33954,-0.99535,0.50011,30.00000,25.36823,0.03682,0.03288,0.05979
Na2WBiSe3I3,1.38201,-1.00815,0.46622,30.00000,25.37802,0.03682,0.03288,0.05274
Na2MnZnF3I3,1.35465,-1.88598,0.44436,30.00000,25.32798,0.03682,0.03290,0.05690
Na2SnWSe6,1.32168,-1.00253,0.36240,30.00000,25.35826,0.03682,0.03285,0.06212
Na2SnCuS3Se3,1.33298,-0.81083,0.27488,30.00000,25.27768,0.03682,0.03289,0.06079
Na2MoWS3Se3,1.32792,-1.09256,0.34394,30.00000,25.37452,0.03682,0.03285,0.06171
K2WSbSe3Br3,1.32888,-1.25906,0.26621,30.00000,25.31169,0.03682,0.03284,0.06198
K2CuZnF3I3,1.32202,-1.86267,0.43799,30.00000,25.35141,0.03682,0.03286,0.06290
K2MnBiO3Se3,1.42169,-1.39868,0.29615,30.00000,25.30253,0.03682,0.03287,0.05002
Na2NbZnO3I3,1.43908,-1.70816,0.48580,30.00000,25.36361,0.03682,0.03292,0.04926
Na2TaMnO3Br3,1.34624,-2.03733,0.60379,30.00000,25.35846,0.03683,0.03291,0.05773
Na2ZrCrO3I3,1.44271,-1.94987,0.46492,30.00000,25.29117,0.03683,0.03291,0.04918
Na2WMnO3Se3,1.46442,-1.58459,0.27868,30.00000,25.23418,0.03683,0.03291,0.04845
K2MoWO3Se3,1.42893,-1.46477,0.35593,30.00000,25.30940,0.03683,0.03291,0.04988
Na2VSbS6,1.44237,-1.05986,0.21977,30.00000,25.26997,0.03683,0.03287,0.04966
K2SnMoS3Se3,1.43482,-1.01396,0.34825,30.00000,25.26684,0.03683,0.03292,0.04974
Na2TaCuSe3Cl3,1.41154,-1.35070,0.70579,30.00000,25.36296,0.03683,0.03292,0.05060
K2SnFeO3I3,1.43728,-1.30986,0.45236,30.00000,25.26513,0.03683,0.03292,0.04918
K2TiSbSe3I3,1.35128,-1.24317,0.50345,30.00000,25.35181,0.03683,0.03290,0.05716
K2MnZnCl3I3,1.43657,-1.40236,0.40196,30.00000,25.30388,0.03683,0.03287,0.04949
Na2TaSbS3Se3,1.36784,-1.05061,0.73422,30.00000,25.41924,0.03683,0.03287,0.05496
Na2MnSbO6,1.45861,-1.96809,0.18180,30.00000,25.21443,0.03683,0.03288,0.04870
Na2VFeO3Cl3,1.41594,-1.85865,0.07949,30.00000,25.26950,0.03683,0.03288,0.05077
Na2SnZnF3I3,1.44955,-1.81074,0.45405,30.00000,25.27314,0.03683,0.03290,0.04893
Na2ZrBiSe3I3,1.35074,-1.19644,0.47637,30.00000,25.37162,0.03683,0.03288,0.05800
K2WBiSe3I3,1.44169,-1.06822,0.45945,30.00000,25.26043,0.03683,0.03293,0.04918
Na2CrMoO3I3,1.43087,-1.44837,0.53324,30.00000,25.30840,0.03683,0.03292,0.04964
K2TiCrO3I3,1.44368,-1.97938,0.46065,30.00000,25.27911,0.03684,0.03287,0.04922
Na2TiMoS6,1.28345,-1.33197,0.20613,30.00000,25.24665,0.03684,0.03287,0.07450
Na2ZrCrO3Se3,1.42701,-2.04618,0.27068,30.00000,25.30239,0.03684,0.03291,0.04953
Na2CrWS3I3,1.45275,-1.14622,0.42982,30.00000,25.26539,0.03684,0.03293,0.04890
K2MoMnO3Se3,1.45738,-1.51969,0.34581,30.00000,25.28324,0.03684,0.03290,0.04866
Na2TiSbSe3Br3,1.30791,-1.33176,0.24931,30.00000,25.33256,0.03684,0.03282,0.06719
Na2TiCrO3Cl3,1.46598,-2.12383,0.02975,30.00000,25.16928,0.03684,0.03288,0.04871
Na2CrWSe3I3,1.34292,-1.10660,0.47266,30.00000,25.39730,0.03684,0.03288,0.05902
Na2MoSbSe3Cl3,1.32142,-1.17400,0.37116,30.00000,25.39131,0.03684,0.03284,0.06266
K2SnBiSe3I3,1.34204,-0.99634,0.47279,30.00000,25.36022,0.03684,0.03289,0.05925
K2TaMnO3Br3,1.41732,-2.07365,0.58418,30.00000,25.31466,0.03684,0.03294,0.04982
K2TaZnSe3Br3,1.41326,-1.47300,0.57023,30.00000,25.33132,0.03684,0.03291,0.05022
Na2SnFeO3I3,1.37826,-1.29715,0.46303,30.00000,25.35769,0.03684,0.03288,0.05363
Na2MnSbO3Cl3,1.45395,-1.64375,0.15491,30.00000,25.22163,0.03684,0.03291,0.04888
K2CrWO3Se3,1.46080,-1.55112,0.28279,30.00000,25.23350,0.03684,0.03293,0.04876
K2TaCuO3Br3,1.41929,-1.85096,0.58640,30.00000,25.30904,0.03684,0.03290,0.05018
Na2NbFeO3Cl3,1.45958,-1.99888,0.12297,30.00000,25.21469,0.03684,0.03288,0.04869
Na2MnZnCl3I3,1.44092,-1.31204,0.41007,30.00000,25.31575,0.03684,0.03290,0.04940
Na2WFeS3I3,1.36007,-1.04870,0.42268,30.00000,25.35323,0.03684,0.03288,0.05562
Na2TaMnSe3Cl3,1.35750,-1.50502,0.70530,30.00000,25.39734,0.03684,0.03290,0.05642
Na2TaZnSe3Br3,1.40028,-1.38209,0.58418,30.00000,25.34644,0.03685,0.03290,0.05173
Na2TaCuS3I3,1.42101,-1.12590,0.79647,30.00000,25.34688,0.03685,0.03294,0.05019
K2CrMnO3Se3,1.31824,-1.54449,0.25167,30.00000,25.33140,0.03685,0.03287,0.06421
K2VCuS3I3,1.34807,-1.12770,0.45943,30.00000,25.33379,0.03685,0.03291,0.05839
Na2SnTaSe3I3,1.37086,-1.14511,0.76682,30.00000,25.35228,0.03685,0.03292,0.05450
Na2TiSbSe3Cl3,1.46102,-1.37789,0.29546,30.00000,25.20022,0.03685,0.03293,0.04852
Na2WSbS3I3,1.31164,-0.96342,0.45608,30.00000,25.33451,0.03685,0.03287,0.06636
K2MoSbO3Br3,1.46195,-1.51838,0.23291,30.00000,25.21543,0.03685,0.03290,0.04867
K2WBiS3I3,1.46920,-1.10218,0.42320,30.00000,25.23155,0.03685,0.03293,0.04845
Na2CrMoO3Se3,1.45554,-1.56929,0.36143,30.00000,25.22644,0.03685,0.03294,0.04864
Na2TaMnS3I3,1.36318,-1.25905,0.79709,30.00000,25.38410,0.03685,0.03290,0.05522
Na2WBiS3I3,1.45565,-1.01352,0.42973,30.00000,25.24910,0.03685,0.03293,0.04883
K2SnWSe6,1.33023,-1.03523,0.35769,30.00000,25.29292,0.03685,0.03289,0.06143
K2ZrBiSe3I3,1.41067,-1.31232,0.46865,30.00000,25.30004,0.03685,0.03289,0.05072
K2TaZnSe3I3,1.37063,-1.25571,0.75605,30.00000,25.36912,0.03685,0.03292,0.05452
Na2VCuO3Br3,1.46637,-1.70939,0.08718,30.00000,25.18183,0.03685,0.03293,0.04853
Na2MnSbO3Br3,1.30173,-1.48859,0.12905,30.00000,25.33239,0.03685,0.03284,0.07027
K2TaFeS3Br3,1.35193,-1.46361,0.54720,30.00000,25.35848,0.03686,0.03287,0.05660
K2FeMnO6,1.30210,-1.75354,0.03529,30.00000,25.22773,0.03686,0.03284,0.06944
K2NbCuO3I3,1.33343,-1.72283,0.48346,30.00000,25.36004,0.03686,0.03288,0.05976
K2TiCrO3Br3,1.47469,-2.10070,0.05161,30.00000,25.15476,0.03686,0.03290,0.04834
Na2MnBiO6,1.30796,-1.82484,0.18130,30.00000,25.26585,0.03687,0.03286,0.06713
Na2TaCuO3I3,1.33883,-1.67866,0.84228,30.00000,25.41780,0.03687,0.03295,0.05955
K2VZnSe3Br3,1.29308,-1.41936,0.21698,30.00000,25.28877,0.03687,0.03289,0.07178
Na2SnFeO3Se3,1.46977,-1.34403,0.28028,30.00000,25.19912,0.03687,0.03288,0.04860
K2SnVSe3Cl3,1.30718,-1.53508,0.29121,30.00000,25.32252,0.03687,0.03285,0.06669
K2TaZnO3Br3,1.43798,-1.88310,0.57556,30.00000,25.27929,0.03687,0.03294,0.04939
Na2TiCrO3Se3,1.47120,-1.99830,0.26212,30.00000,25.20510,0.03687,0.03289,0.04843
K2NbZnSe3Cl3,1.48519,-1.45878,0.27025,30.00000,25.17840,0.03687,0.03291,0.04819
Na2CrMnS3I3,1.30623,-1.17390,0.43668,30.00000,25.32073,0.03687,0.03288,0.06794
Na2VTaS3Se3,1.34068,-1.28910,0.76502,30.00000,25.35478,0.03688,0.03289,0.05841
Na2VCuO3I3,1.42847,-1.55175,0.49992,30.00000,25.28270,0.03688,0.03294,0.04965
Na2ZrMoS3Se3,1.28956,-1.32317,0.34122,30.00000,25.29433,0.03688,0.03290,0.07208
Na2WSbO3I3,1.33450,-1.36946,0.47728,30.00000,25.32967,0.03688,0.03291,0.06112
K2TaFeS3I3,1.42474,-1.29324,0.77238,30.00000,25.26733,0.03688,0.03291,0.05020
K2FeZnF3I3,1.32389,-1.90552,0.43199,30.00000,25.34435,0.03688,0.03288,0.06283
K2TaMnSe3Cl3,1.42693,-1.59139,0.68237,30.00000,25.28039,0.03688,0.03292,0.04977
K2MoSbSe3Cl3,1.31642,-1.25745,0.36442,30.00000,25.29706,0.03688,0.03289,0.06559
Na2SnNbSe3I3,1.30335,-1.04354,0.50952,30.00000,25.29266,0.03688,0.03288,0.06795
Na2TaFeS3Br3,1.32090,-1.34828,0.56334,30.00000,25.33538,0.03688,0.03289,0.06350
K2SnZnBr3I3,1.29287,-1.26965,0.36008,30.00000,25.32128,0.03688,0.03288,0.07135
Na2ZrWS3Se3,1.30465,-1.36855,0.27804,30.00000,25.26887,0.03689,0.03287,0.06823
K2TiCrO3Se3,1.48633,-1.96604,0.26040,30.00000,25.12364,0.03689,0.03298,0.04840
Na2MoSbO3I3,1.33141,-1.33128,0.55424,30.00000,25.33716,0.03689,0.03291,0.06185
K2TaFeSe3Cl3,1.31493,-1.54561,0.68019,30.00000,25.35724,0.03689,0.03289,0.06444
Na2TaZnSe3I3,1.31623,-1.20365,0.77441,30.00000,25.37097,0.03689,0.03293,0.06439
K2TaCuSe3Br3,1.31381,-1.35135,0.57849,30.00000,25.33192,0.03689,0.03290,0.06491
Na2VCuSe3Cl3,1.29070,-1.30261,0.27011,30.00000,25.25381,0.03690,0.03285,0.07259
Na2ZrMoS6,1.29804,-1.45704,0.22136,30.00000,25.26099,0.03690,0.03286,0.07050
Na2TaMnO3I3,1.34497,-1.93690,0.84350,30.00000,25.36425,0.03690,0.03295,0.05815
Na2SbZnSe3I3,1.29441,-0.89530,0.50147,30.00000,25.27004,0.03690,0.03288,0.07183
Na2SnFeO3Br3,1.49169,-1.37769,0.08883,30.00000,25.08035,0.03690,0.03293,0.04826
K2MnSbF3I3,1.46833,-1.93349,0.47636,30.00000,25.17198,0.03690,0.03295,0.04878
K2VMnSe3Cl3,1.28157,-1.53761,0.26042,30.00000,25.23488,0.03690,0.03284,0.07800
Na2NbCuO3Br3,1.28276,-1.76371,0.11749,30.00000,25.22337,0.03690,0.03283,0.07639
Na2CrMnO3S3,1.48137,-1.67487,0.03914,30.00000,25.10246,0.03690,0.03291,0.04815
K2TaSbS3Se3,1.46940,-1.15239,0.71180,30.00000,25.25612,0.03690,0.03298,0.04834
Na2CrMnO3I3,1.46827,-1.52998,0.46352,30.00000,25.21397,0.03690,0.03294,0.04858
Li2VCuSe3F3,1.46786,-1.82831,0.32509,30.00000,25.17711,0.03690,0.03293,0.04864
Na2TaFeSe3Cl3,1.33247,-1.46269,0.70297,30.00000,25.30684,0.03690,0.03293,0.06168
Na2MnCuF3I3,1.31633,-1.85563,0.45494,30.00000,25.28009,0.03690,0.03289,0.06446
K2MoBiS3I3,1.31392,-1.04039,0.47963,30.00000,25.28307,0.03690,0.03292,0.06708
K2WSbSe3Cl3,1.48138,-1.34240,0.30477,30.00000,25.12166,0.03690,0.03294,0.04786
K2ZrSbSe3Br3,1.48062,-1.51515,0.25482,30.00000,25.13498,0.03691,0.03292,0.04872
Na2TaSbO3Se3,1.46480,-1.71744,0.78149,30.00000,25.20894,0.03691,0.03298,0.04879
K2WSbO3I3,1.46412,-1.44491,0.46777,30.00000,25.18857,0.03691,0.03294,0.04894
Na2TaCuS3Br3,1.45025,-1.27739,0.56790,30.00000,25.22990,0.03691,0.03296,0.04890
Na2VZnSe3Cl3,1.28990,-1.38496,0.25816,30.00000,25.24207,0.03691,0.03287,0.07500
Na2NbZnSe3I3,1.30920,-1.12085,0.50124,30.00000,25.32645,0.03691,0.03290,0.06752
Na2SnSbS3I3,1.46677,-0.85355,0.47367,30.00000,25.17366,0.03691,0.03294,0.04868
K2MnBiO3Br3,1.29649,-1.53386,0.14158,30.00000,25.21810,0.03691,0.03286,0.07089
Na2SnMnS3Se3,1.30596,-0.95259,0.26762,30.00000,25.22660,0.03691,0.03290,0.06812
K2ZrSbSe3I3,1.46259,-1.32723,0.49640,30.00000,25.16989,0.03691,0.03295,0.04900
K2WSbS3Br3,1.50417,-1.26079,0.18068,30.00000,25.05499,0.03691,0.03292,0.04811
K2FeMnF3I3,1.47544,-1.92802,0.43786,30.00000,25.15148,0.03692,0.03295,0.04824
K2VCuSe3I3,1.30629,-1.10016,0.50185,30.00000,25.27733,0.03692,0.03288,0.06728
Na2FeMnO3Cl3,1.50619,-1.55947,0.00925,30.00000,25.08396,0.03692,0.03292,0.04814
Na2ZrCrO3S3,1.49885,-2.00968,0.08793,30.00000,25.05443,0.03692,0.03295,0.04786
K2MnSbO3Br3,1.27386,-1.58310,0.13549,30.00000,25.20222,0.03693,0.03286,0.07944
K2TiInSe3I3,1.38937,-1.36940,1.37254,30.00000,25.38513,0.03693,0.03300,0.05206
K2CrMoO3Se3,1.47752,-1.53491,0.35361,30.00000,25.14686,0.03693,0.03294,0.04843
K2CrMoO3Br3,1.50065,-1.71121,0.16384,30.00000,25.05829,0.03693,0.03292,0.04813
Na2WGaSe3I3,1.40793,-1.02679,1.35247,30.00000,25.34830,0.03693,0.03302,0.05077
Na2CuZnF3I3,1.29724,-1.78748,0.44854,30.00000,25.30858,0.03693,0.03289,0.06978
Na2TiBiSe3I3,1.29019,-1.11194,0.48206,30.00000,25.26364,0.03693,0.03291,0.07092
Na2ZrSbO3I3,1.49081,-1.83620,0.49300,30.00000,25.11594,0.03693,0.03302,0.04845
Na2ZrFeO3Br3,1.49043,-1.99383,0.05829,30.00000,25.08548,0.03694,0.03294,0.04833
K2CuZnCl3I3,1.48816,-1.30384,0.40617,30.00000,25.13752,0.03694,0.03294,0.04817
Na2TaZnO3I3,1.32793,-1.77245,0.83242,30.00000,25.29990,0.03694,0.03293,0.06301
Na2SnVSe3Cl3,1.27543,-1.37132,0.29431,30.00000,25.19650,0.03694,0.03290,0.07856
K2SnNbSe3Cl3,1.47315,-1.53028,0.30115,30.00000,25.14378,0.03694,0.03294,0.04865
Na2WInSe3I3,1.39513,-0.98622,1.26733,30.00000,25.34980,0.03695,0.03302,0.05191
K2MoBiO3I3,1.48448,-1.33820,0.50140,30.00000,25.13944,0.03695,0.03294,0.04846
Na2MnSbF3I3,1.46720,-1.86578,0.48802,30.00000,25.14219,0.03695,0.03298,0.04865
K2VCuSe3Br3,1.28081,-1.30676,0.22586,30.00000,25.21654,0.03695,0.03286,0.07531
Na2FeMnO3I3,1.48486,-1.46391,0.45401,30.00000,25.11452,0.03695,0.03298,0.04831
K2SnCuS3Se3,1.29034,-0.89182,0.27285,30.00000,25.20244,0.03695,0.03282,0.07239
Na2ZrSbS3I3,1.47764,-1.24236,0.46810,30.00000,25.13055,0.03695,0.03295,0.04862
K2VMnS3I3,1.30156,-1.29091,0.45575,30.00000,25.24180,0.03695,0.03290,0.07020
Na2VCuO3Cl3,1.27520,-1.78319,0.10041,30.00000,25.19732,0.03695,0.03285,0.08131
Na2SnZnBr3I3,1.29060,-1.18390,0.36473,30.00000,25.24517,0.03695,0.03287,0.07416
K2MoGaSe3Br3,1.40108,-1.33861,1.39345,30.00000,25.35975,0.03695,0.03303,0.05137
K2MnSbO3Cl3,1.50452,-1.74800,0.16141,30.00000,25.02676,0.03695,0.03297,0.04835
K2VCuS3Br3,1.26880,-1.33249,0.09867,30.00000,25.18521,0.03695,0.03285,0.08281
Na2SnMnO3Se3,1.49736,-1.46298,0.28241,30.00000,25.08128,0.03695,0.03297,0.04828
Na2TaCuO3F3,1.45731,-2.66262,0.86808,30.00000,25.20668,0.03695,0.03300,0.04898
K2MoInS3I3,1.39351,-1.04025,1.48778,30.00000,25.38002,0.03696,0.03305,0.05213
K2WMnS3Se3,1.49426,-1.17951,0.26434,30.00000,25.06669,0.03696,0.03295,0.04820
K2TaMnS3I3,1.47003,-1.30800,0.77430,30.00000,25.17596,0.03696,0.03298,0.04859
Na2VNbO3Se3,1.50028,-2.02939,0.35653,30.00000,25.11330,0.03696,0.03294,0.04789
Na2TaFeS3I3,1.30009,-1.23620,0.79506,30.00000,25.28049,0.03696,0.03294,0.06927
Na2MnBiO3S3,1.49437,-1.61598,0.17403,30.00000,25.07000,0.03696,0.03295,0.04835
K2MnInO3I3,1.38077,-1.50658,1.58363,30.00000,25.37941,0.03696,0.03303,0.05362
K2MoFeSe3F3,1.49570,-1.84373,0.33951,30.00000,25.06258,0.03696,0.03298,0.04816
K2FeMnO3S3,1.51700,-1.63952,0.04650,30.00000,24.99890,0.03696,0.03293,0.04789
K2NbZnS3I3,1.49951,-1.19652,0.44939,30.00000,25.04468,0.03696,0.03298,0.04822
Na2VSbS3Se3,1.26896,-1.01026,0.34317,30.00000,25.19670,0.03696,0.03289,0.08510
Na2TiInSe3Br3,1.38047,-1.38246,1.33552,30.00000,25.36439,0.03697,0.03305,0.05399
K2TiWSe6,1.29229,-1.32764,0.34850,30.00000,25.25244,0.03697,0.03289,0.07365
Na2NbMnS3I3,1.28846,-1.19446,0.46533,30.00000,25.24363,0.03697,0.03287,0.07484
K2SbCuO3F3,1.26252,-2.24379,0.19786,30.00000,25.15051,0.03697,0.03287,0.08632
Na2MoGaSe3Br3,1.36477,-1.19589,1.44757,30.00000,25.37172,0.03697,0.03302,0.05513
Li2MoGaSe3I3,1.34718,-1.00269,1.57122,30.00000,25.41695,0.03697,0.03302,0.05723
K2VZnSe3I3,1.27607,-1.23314,0.49387,30.00000,25.20428,0.03697,0.03288,0.07859
K2TaZnO3I3,1.47536,-1.80519,0.80698,30.00000,25.15537,0.03698,0.03299,0.04866
Na2TiGaSe3I3,1.34109,-1.25507,1.52540,30.00000,25.38206,0.03698,0.03301,0.05916
K2TiGaSe3I3,1.35556,-1.38497,1.47438,30.00000,25.37577,0.03698,0.03300,0.05600
K2SnCuO3Se3,1.27137,-1.33911,0.28700,30.00000,25.21087,0.03698,0.03287,0.08170
K2TiInSe3Br3,1.43987,-1.57240,1.28621,30.00000,25.27007,0.03698,0.03303,0.04958
K2VNbO3Se3,1.49703,-2.06010,0.34896,30.00000,25.08222,0.03698,0.03297,0.04816
Na2TaFeO3Br3,1.49101,-1.91814,0.60140,30.00000,25.12598,0.03698,0.03297,0.04818
Na2TaZnS3I3,1.47545,-1.20120,0.78734,30.00000,25.15551,0.03698,0.03300,0.04865
K2SnFeF3I3,1.49788,-1.82623,0.44783,30.00000,25.05984,0.03698,0.03296,0.04825
Na2SbZnS3I3,1.49300,-0.87289,0.46140,30.00000,25.08764,0.03698,0.03300,0.04831
Na2CrWO3I3,1.49379,-1.42527,0.45132,30.00000,25.09273,0.03698,0.03296,0.04816
K2FeCuF3I3,1.28793,-1.84906,0.44197,30.00000,25.20798,0.03698,0.03292,0.07593
K2MnGaO3Br3,1.39945,-1.58992,1.70630,30.00000,25.39915,0.03698,0.03305,0.05208
K2TaCuO3I3,1.47182,-1.74494,0.81635,30.00000,25.20436,0.03699,0.03297,0.04867
K2WSbSe3I3,1.27980,-1.00988,0.48384,30.00000,25.21978,0.03699,0.03287,0.07849
K2NbFeO3Br3,1.52234,-1.93227,0.11277,30.00000,24.98812,0.03699,0.03292,0.04788
K2VMnS3Br3,1.26094,-1.49139,0.08803,30.00000,25.13802,0.03699,0.03287,0.08511
K2NbMnO3I3,1.49391,-1.98309,0.48006,30.00000,25.11027,0.03699,0.03299,0.04814
Na2NbTaS6,1.48772,-1.40719,0.75532,30.00000,25.11849,0.03699,0.03295,0.04840
K2NbMnO3Br3,1.52923,-2.08589,0.11456,30.00000,24.96498,0.03699,0.03295,0.04779
K2TiCrO3Cl3,1.51300,-2.18374,0.04987,30.00000,24.99421,0.03699,0.03297,0.04799
Na2MnInO3I3,1.35499,-1.51467,1.65093,30.00000,25.40758,0.03699,0.03303,0.05734
K2VCuO3I3,1.50411,-1.62569,0.48631,30.00000,25.04233,0.03699,0.03298,0.04802
Na2FeMnO3Se3,1.51229,-1.39329,0.24194,30.00000,24.99768,0.03699,0.03295,0.04820
K2SnMnO3Se3,1.51794,-1.55434,0.27971,30.00000,24.97193,0.03699,0.03297,0.04816
Na2MnCuBr3I3,1.26823,-1.18444,0.35794,30.00000,25.16631,0.03700,0.03290,0.08297
Na2MnInO3Br3,1.38479,-1.59903,1.60587,30.00000,25.32432,0.03700,0.03306,0.05317
Na2SnSbS3Br3,1.51357,-1.02569,0.17050,30.00000,25.01990,0.03700,0.03299,0.04815
Na2MoInS3I3,1.37730,-0.95394,1.54269,30.00000,25.37208,0.03700,0.03302,0.05384
K2MnGaO3I3,1.39616,-1.49993,1.72986,30.00000,25.34414,0.03700,0.03305,0.05170
K2TaCuSe3Cl3,1.48588,-1.42171,0.68313,30.00000,25.12024,0.03700,0.03300,0.04829
Na2WSbO3Br3,1.51373,-1.44381,0.18294,30.00000,24.98389,0.03700,0.03296,0.04836
K2MnInO3Br3,1.37666,-1.61678,1.52356,30.00000,25.33656,0.03700,0.03305,0.05406
Na2SnTaSe3Br3,1.49592,-1.36381,0.58762,30.00000,25.07118,0.03700,0.03300,0.04838
K2SnCrS3I3,1.26685,-1.06392,0.43743,30.00000,25.16963,0.03700,0.03293,0.08311
Na2TiGaSe3Br3,1.42104,-1.38809,1.46231,30.00000,25.33352,0.03701,0.03305,0.05025
K2VZnS3I3,1.27438,-1.21932,0.44990,30.00000,25.16543,0.03701,0.03293,0.07931
Na2SnMnF3I3,1.49605,-1.92967,0.46000,30.00000,25.05747,0.03701,0.03294,0.04823
Na2FeZnF3I3,1.26561,-1.84360,0.44235,30.00000,25.22207,0.03701,0.03289,0.08424
K2ZrBiO3I3,1.49578,-1.79660,0.44892,30.00000,25.04699,0.03701,0.03301,0.04828
Li2MoGaSe3Br3,1.40840,-1.18814,1.51951,30.00000,25.38314,0.03701,0.03306,0.05131
K2TiInS3I3,1.38420,-1.34735,1.50363,30.00000,25.32676,0.03701,0.03307,0.05313
Na2SnSbO3I3,1.50175,-1.28356,0.49799,30.00000,25.05022,0.03701,0.03300,0.04827
K2NbFeS3I3,1.26926,-1.22155,0.45314,30.00000,25.19180,0.03701,0.03290,0.08260
Na2FeMnO3Br3,1.53513,-1.62496,0.02326,30.00000,24.90528,0.03701,0.03294,0.04772
Na2MoSbSe3F3,1.50754,-1.74242,0.40487,30.00000,25.01461,0.03702,0.03298,0.04805
K2TiGaS3I3,1.40798,-1.35505,1.63555,30.00000,25.35544,0.03702,0.03305,0.05114
Na2TiGaS3I3,1.38070,-1.27815,1.70588,30.00000,25.37968,0.03702,0.03306,0.05334
Na2MoBiS3I3,1.26036,-0.98116,0.48905,30.00000,25.17942,0.03702,0.03290,0.08750
Na2ZrInSe3Br3,1.45033,-1.49421,1.27721,30.00000,25.23945,0.03702,0.03300,0.04939
Na2MnZnI6,1.26148,-1.05568,0.57221,30.00000,25.17457,0.03702,0.03291,0.08763
Na2NbTaO3Se3,1.49109,-2.07594,0.79453,30.00000,25.11638,0.03702,0.03304,0.04818
K2TaMnSe3Br3,1.27748,-1.52423,0.57672,30.00000,25.20315,0.03702,0.03294,0.07915
K2MnGaSe3Cl3,1.35085,-1.48676,1.71039,30.00000,25.38168,0.03702,0.03307,0.05808
K2CrWS3Se3,1.51205,-1.24755,0.27013,30.00000,24.98923,0.03702,0.03295,0.04804
Na2TiFeO3Br3,1.52070,-1.93811,0.02882,30.00000,24.94050,0.03702,0.03290,0.04808
Na2SnZnO3Se3,1.51886,-1.37840,0.27830,30.00000,24.98138,0.03702,0.03299,0.04797
Na2VZnO3I3,1.51157,-1.66419,0.48897,30.00000,25.00120,0.03703,0.03299,0.04787
K2SnVS3I3,1.26373,-1.15725,0.46368,30.00000,25.15660,0.03703,0.03289,0.08457
Na2CrMoS3Se3,1.26314,-1.10361,0.33869,30.00000,25.15478,0.03703,0.03288,0.08659
K2SnMnF3I3,1.50550,-1.97651,0.44960,30.00000,25.01577,0.03703,0.03300,0.04815
Na2TiInS3I3,1.33776,-1.28675,1.56313,30.00000,25.37016,0.03703,0.03308,0.05977
K2WAgSe3I3,1.35836,-1.03524,1.88581,30.00000,25.35463,0.03703,0.03309,0.05597
Na2SnNbSe3Br3,1.27121,-1.28196,0.25941,30.00000,25.11079,0.03703,0.03292,0.08151
K2ZrMoS3Se3,1.24934,-1.32222,0.33563,30.00000,25.11791,0.03703,0.03291,0.09546
Na2MoGaS3I3,1.33870,-0.96889,1.67414,30.00000,25.39266,0.03704,0.03308,0.05915
Na2CrMoO3Br3,1.51834,-1.60488,0.15892,30.00000,24.99996,0.03704,0.03298,0.04807
K2SbZnSe3Br3,1.51896,-1.21467,0.24099,30.00000,24.93620,0.03704,0.03299,0.04805
Na2TiInSe3I3,1.31179,-1.25960,1.41680,30.00000,25.30514,0.03704,0.03301,0.06653
K2MoGaS3Br3,1.46531,-1.30729,1.56081,30.00000,25.25139,0.03704,0.03309,0.04903
K2SnSbS3Br3,1.53124,-1.08207,0.17380,30.00000,24.90056,0.03704,0.03299,0.04807
Na2ZrCrO3Cl3,1.52845,-2.12984,0.07088,30.00000,24.92228,0.03704,0.03296,0.04802
K2TaCuS3Br3,1.50490,-1.36837,0.55174,30.00000,24.99282,0.03704,0.03302,0.04814
K2MnGaS3Se3,1.34232,-1.15066,1.75209,30.00000,25.38004,0.03704,0.03306,0.05868
K2TiMoS6,1.24890,-1.45117,0.20856,30.00000,25.11555,0.03704,0.03289,0.09539
Na2MoGaS3Br3,1.44738,-1.17356,1.63868,30.00000,25.30424,0.03704,0.03308,0.04930
K2SnCuO3S3,1.53643,-1.59001,0.14210,30.00000,24.88397,0.03705,0.03296,0.04799
K2MnBiO3S3,1.52378,-1.65923,0.17823,30.00000,24.91233,0.03705,0.03300,0.04835
K2SnZnO3Se3,1.51855,-1.41247,0.27590,30.00000,24.92205,0.03705,0.03298,0.04817
K2TaSbO3Se3,1.50048,-1.76259,0.75517,30.00000,25.07932,0.03705,0.03302,0.04820
Na2TaZnSe3Cl3,1.48771,-1.44927,0.69501,30.00000,25.09794,0.03705,0.03304,0.04841
K2WInSe3Br3,1.49611,-1.39884,1.13849,30.00000,25.11006,0.03705,0.03305,0.04816
Na2WFeO3I3,1.51477,-1.41015,0.44359,30.00000,24.98967,0.03705,0.03297,0.04800
K2MoInSe3Br3,1.30435,-1.36461,1.28401,30.00000,25.26456,0.03705,0.03299,0.06855
K2MnGaS6,1.38277,-1.19348,2.12525,30.00000,25.39688,0.03706,0.03313,0.05318
Na2TiSbO3I3,1.52043,-1.75187,0.50224,30.00000,24.97991,0.03706,0.03302,0.04790
K2NbCuO3Cl3,1.53064,-1.96669,0.14852,30.00000,24.89565,0.03706,0.03297,0.04808
K2SbZnO3I3,1.25258,-1.35208,0.47521,30.00000,25.10210,0.03706,0.03293,0.09072
Na2CrMnO3Br3,1.54007,-1.65686,0.03206,30.00000,24.81076,0.03706,0.03298,0.04813
Na2VCuS3I3,1.26342,-1.07249,0.47065,30.00000,25.09638,0.03706,0.03291,0.08728
Na2TiBiO3I3,1.50865,-1.74774,0.46376,30.00000,25.00237,0.03706,0.03299,0.04826
K2MoSbS3I3,1.26250,-0.99594,0.51350,30.00000,25.14807,0.03706,0.03293,0.08864
Na2ZrMoO3Se3,1.50926,-1.90271,0.36247,30.00000,24.93253,0.03707,0.03299,0.04828
K2WInSe3I3,1.47761,-1.11086,1.23396,30.00000,25.12712,0.03707,0.03310,0.04876
K2SnTaSe3I3,1.50315,-1.26674,0.74969,30.00000,24.99842,0.03707,0.03301,0.04819
Na2ZrInSe3I3,1.46833,-1.35300,1.36390,30.00000,25.18243,0.03707,0.03308,0.04867
K2ZrInSe3I3,1.48271,-1.40360,1.32366,30.00000,25.15944,0.03707,0.03309,0.04845
K2VCuO3F3,1.23710,-2.61228,0.13347,30.00000,25.05048,0.03707,0.03289,0.10232
K2TiBiS3I3,1.51982,-1.31059,0.43394,30.00000,24.94213,0.03707,0.03301,0.04787
Na2MnInO3Se3,1.44335,-1.56218,1.80774,30.00000,25.30112,0.03707,0.03311,0.04969
Na2MnGaO3I3,1.32656,-1.52841,1.81008,30.00000,25.32923,0.03707,0.03306,0.06324
K2NbCuO3F3,1.53318,-2.66144,0.17149,30.00000,24.85870,0.03708,0.03301,0.04816
Na2WInSe3Br3,1.48797,-1.20081,1.17384,30.00000,25.13252,0.03708,0.03308,0.04855
Na2MoInSe3I3,1.30102,-0.95587,1.40770,30.00000,25.31321,0.03708,0.03302,0.06889
Na2ZrGaS3I3,1.47985,-1.33329,1.62027,30.00000,25.21229,0.03708,0.03310,0.04857
K2VSbS3Se3,1.24661,-1.06186,0.33734,30.00000,25.06369,0.03708,0.03293,0.09756
Na2VMnO3Br3,1.53359,-1.93417,0.07437,30.00000,24.81313,0.03708,0.03302,0.04821
K2MnInO3Se3,1.45670,-1.62447,1.71279,30.00000,25.21456,0.03708,0.03311,0.04940
Na2SnCrO3I3,1.52402,-1.39049,0.47165,30.00000,24.92336,0.03708,0.03301,0.04827
K2TaCuSe3I3,1.26833,-1.14125,0.76344,30.00000,25.19300,0.03709,0.03294,0.08301
Na2NbCuO3I3,1.25493,-1.64532,0.49601,30.00000,25.12814,0.03709,0.03293,0.09236
K2SbAgCl3I3,1.38908,-1.17409,2.21651,30.00000,25.37779,0.03709,0.03310,0.05308
Na2ZrSbO3Br3,1.54795,-1.95265,0.15284,30.00000,24.82904,0.03709,0.03299,0.04796
K2FeSbO3Cl3,1.53266,-1.62652,0.15906,30.00000,24.79812,0.03709,0.03298,0.04820
K2MnGaS3Br3,1.29235,-1.36150,1.56375,30.00000,25.32752,0.03709,0.03304,0.07220
Na2VNbS6,1.23284,-1.35257,0.19800,30.00000,25.02497,0.03709,0.03291,0.11058
Na2MnGaSe3Cl3,1.34569,-1.34265,1.80274,30.00000,25.33975,0.03709,0.03308,0.05859
K2CrMnSe3I3,1.25096,-1.21496,0.47549,30.00000,25.12082,0.03709,0.03293,0.09426
K2ZrGaSe3I3,1.48655,-1.41425,1.41777,30.00000,25.13060,0.03709,0.03310,0.04881
Na2TiFeO3I3,1.52827,-1.82769,0.46347,30.00000,24.89488,0.03710,0.03303,0.04826
Na2SnSbSe3I3,1.24877,-0.87991,0.50948,30.00000,25.08599,0.03710,0.03291,0.09755
Na2VTaS6,1.50638,-1.34877,0.78336,30.00000,25.01211,0.03710,0.03304,0.04835
K2NbSbO3Se3,1.53429,-1.74846,0.36361,30.00000,24.89325,0.03710,0.03302,0.04819
Na2FeMnO6,1.54332,-1.73455,0.00953,30.00000,24.80776,0.03710,0.03299,0.04795
K2MoFeO3Br3,1.53763,-1.56217,0.15531,30.00000,24.80687,0.03710,0.03300,0.04805
K2NbMnSe3Cl3,1.23972,-1.52969,0.27374,30.00000,25.04165,0.03710,0.03291,0.10021
Na2WInS3I3,1.48220,-1.02424,1.36384,30.00000,25.10342,0.03710,0.03308,0.04861
Na2ZrGaSe3Br3,1.48841,-1.46959,1.39211,30.00000,25.11872,0.03710,0.03312,0.04841
K2WBiO3I3,1.51795,-1.40050,0.43982,30.00000,24.91948,0.03711,0.03298,0.04822
K2MnSbCl3I3,1.25148,-1.37595,0.44403,30.00000,25.10729,0.03711,0.03293,0.09443
K2ZrCrO3I3,1.52200,-1.99119,0.45365,30.00000,24.90856,0.03711,0.03303,0.04818
Na2MnGaS3Br3,1.30129,-1.23338,1.64811,30.00000,25.29948,0.03711,0.03306,0.06925
K2MoGaS3I3,1.47134,-1.08883,1.60992,30.00000,25.19303,0.03711,0.03315,0.04876
Na2WAgO3I3,1.38475,-1.29335,2.28359,30.00000,25.37894,0.03711,0.03316,0.05310
Na2ZrGaSe3I3,1.48396,-1.33481,1.46389,30.00000,25.09820,0.03711,0.03314,0.04866
Li2MoGaS3Br3,1.45108,-1.15141,1.74216,30.00000,25.25756,0.03711,0.03312,0.04942
Na2SnWS3Se3,1.54320,-1.00030,0.29195,30.00000,24.82078,0.03711,0.03302,0.04803
K2VFeSe3F3,1.53432,-2.04539,0.28605,30.00000,24.88146,0.03712,0.03300,0.04810
Na2SnFeF3I3,1.53036,-1.82570,0.45813,30.00000,24.88877,0.03712,0.03302,0.04794
K2NbCuS3I3,1.23901,-1.11863,0.45835,30.00000,25.06270,0.03712,0.03291,0.09796
K2CrMnO3I3,1.52053,-1.58322,0.45165,30.00000,24.91885,0.03712,0.03303,0.04821
Na2CrMoO3Cl3,1.54480,-1.67394,0.19835,30.00000,24.78719,0.03712,0.03302,0.04806
Na2WAgSe3I3,1.31094,-0.96551,1.94140,30.00000,25.32136,0.03713,0.03307,0.06803
Na2TiSbS3I3,1.23654,-1.10067,0.47514,30.00000,25.03229,0.03713,0.03298,0.10508
K2TiWS3Se3,1.53674,-1.35827,0.27077,30.00000,24.80319,0.03713,0.03305,0.04818
K2SnInSe3I3,1.50705,-1.03818,1.30293,30.00000,25.04120,0.03713,0.03309,0.04819
K2TiSbSe3Cl3,1.53997,-1.60305,0.29229,30.00000,24.82156,0.03713,0.03303,0.04814
K2MnCuBr3I3,1.23767,-1.27078,0.35318,30.00000,25.03892,0.03713,0.03292,0.10439
Na2ZrWSe6,1.23516,-1.30946,0.35339,30.00000,24.96604,0.03713,0.03294,0.10509
Na2TaFeO3I3,1.53224,-1.85273,0.84128,30.00000,24.92984,0.03713,0.03306,0.04804
Na2CuZnBr3I3,1.23506,-1.12415,0.35428,30.00000,25.02601,0.03713,0.03293,0.10760
K2SnFeO3Se3,1.55144,-1.35261,0.27772,30.00000,24.79736,0.03713,0.03302,0.04806
Na2TaCuSe3Br3,1.24068,-1.29077,0.59282,30.00000,25.03646,0.03714,0.03295,0.10046
K2MoFeSe3Cl3,1.23973,-1.29821,0.30945,30.00000,25.01518,0.03714,0.03294,0.10541
Na2MnGaS6,1.33488,-1.07671,2.29278,30.00000,25.34621,0.03714,0.03314,0.06132
Na2FeSbO3Cl3,1.54081,-1.57191,0.15238,30.00000,24.79440,0.03714,0.03302,0.04825
K2MnBiO3I3,1.23929,-1.44523,0.44710,30.00000,25.03804,0.03715,0.03293,0.10501
K2NbMnSe3Br3,1.23046,-1.44973,0.23241,30.00000,25.00822,0.03715,0.03291,0.11037
K2SnSbS3I3,1.53988,-0.97055,0.46411,30.00000,24.83082,0.03715,0.03302,0.04802
Na2SnVO3I3,1.54132,-1.72566,0.50124,30.00000,24.82401,0.03715,0.03303,0.04797
Na2MnGaS3Se3,1.28906,-1.01898,1.84897,30.00000,25.25299,0.03715,0.03308,0.07281
K2TiMoS3Se3,1.23815,-1.33363,0.33406,30.00000,25.03565,0.03715,0.03294,0.10354
Na2MoInSe3Br3,1.27076,-1.16945,1.32999,30.00000,25.17968,0.03715,0.03303,0.08194
Na2TaCuSe3I3,1.25398,-1.10416,0.78210,30.00000,25.11140,0.03715,0.03299,0.09295
Na2SnInO3I3,1.49154,-1.35059,1.55142,30.00000,25.06309,0.03715,0.03314,0.04863
Na2SnMnCl3I3,1.23198,-1.31142,0.42721,30.00000,25.03200,0.03716,0.03293,0.11117
K2WSbO3Br3,1.55296,-1.50023,0.18555,30.00000,24.73038,0.03716,0.03301,0.04816
Na2NbSbO3Se3,1.53923,-1.69816,0.37107,30.00000,24.78775,0.03716,0.03302,0.04817
Na2SnZnCl3I3,1.54048,-1.25202,0.42214,30.00000,24.78691,0.03716,0.03304,0.04818
K2MoSbSe3F3,1.53315,-1.79788,0.39572,30.00000,24.86348,0.03716,0.03304,0.04838
Na2MoGaSe3Cl3,1.47607,-1.30131,1.78201,30.00000,25.18454,0.03716,0.03314,0.04903
K2MnZnI6,1.23879,-1.13820,0.56098,30.00000,25.02787,0.03716,0.03295,0.10591
Na2MnSbCl3I3,1.23731,-1.26434,0.45341,30.00000,25.02270,0.03716,0.03293,0.10694
K2NbMnSe3I3,1.23216,-1.25144,0.49638,30.00000,25.00382,0.03717,0.03296,0.11347
Na2ZrFeO3I3,1.53891,-1.94002,0.45595,30.00000,24.79300,0.03717,0.03308,0.04811
K2SnZnCl3I3,1.54926,-1.36762,0.41420,30.00000,24.75464,0.03717,0.03305,0.04821
Na2ZrInO3I3,1.48680,-1.99915,1.58891,30.00000,25.09846,0.03717,0.03313,0.04878
Na2CrMnSe3I3,1.23620,-1.18358,0.48544,30.00000,25.00165,0.03717,0.03294,0.10821
Na2VCuSe3I3,1.23540,-1.01368,0.51279,30.00000,25.03529,0.03717,0.03293,0.10598
K2SnMnCl3I3,1.23618,-1.39962,0.41893,30.00000,25.01792,0.03717,0.03295,0.10465
K2CrWO3I3,1.53693,-1.52216,0.44204,30.00000,24.85267,0.03717,0.03304,0.04810
K2SnFeO3Br3,1.55434,-1.45483,0.09769,30.00000,24.75596,0.03718,0.03303,0.04833
Na2WGaS3I3,1.50222,-1.02065,1.47002,30.00000,25.03456,0.03718,0.03312,0.04833
Na2TiMoS3Se3,1.22120,-1.21832,0.34002,30.00000,24.97707,0.03718,0.03293,0.11852
Na2MnGaO3Se3,1.47745,-1.57364,2.03267,30.00000,25.14243,0.03718,0.03316,0.04901
Na2MoAgO3Br3,1.35289,-1.39230,2.80189,30.00000,25.41281,0.03719,0.03320,0.05763
K2VCuO3Br3,1.55852,-1.77137,0.09726,30.00000,24.67643,0.03719,0.03302,0.04830
K2MoSbS3Br3,1.22372,-1.22623,0.22375,30.00000,24.92476,0.03719,0.03297,0.12010
K2MnSbO3I3,1.23416,-1.44584,0.48125,30.00000,24.99227,0.03719,0.03296,0.11173
Na2ZrSbSe3Cl3,1.54643,-1.53288,0.29979,30.00000,24.74486,0.03719,0.03304,0.04808
Na2ZrWS6,1.56450,-1.49681,0.16139,30.00000,24.66612,0.03719,0.03304,0.04820
K2VNbS3Se3,1.23655,-1.28500,0.32846,30.00000,25.00039,0.03720,0.03297,0.10880
K2CrMnO3S3,1.55696,-1.68951,0.05854,30.00000,24.70974,0.03720,0.03300,0.04828
K2NbTaO3Se3,1.52837,-2.05673,0.76635,30.00000,24.84987,0.03720,0.03309,0.04826
K2MoAgO3I3,1.33750,-1.35582,2.48922,30.00000,25.35304,0.03720,0.03316,0.06100
K2CrMoO3I3,1.55317,-1.53696,0.51868,30.00000,24.79105,0.03720,0.03305,0.04811
Na2WFeO3Br3,1.56123,-1.50018,0.10712,30.00000,24.66317,0.03720,0.03307,0.04816
K2MoAgO3Br3,1.37170,-1.51046,2.65687,30.00000,25.36445,0.03720,0.03320,0.05507
Na2MnInO6,1.45436,-2.08085,2.56803,30.00000,25.25244,0.03720,0.03322,0.04931
Na2SnVS3Br3,1.21154,-1.21484,0.13224,30.00000,24.88237,0.03721,0.03291,0.13062
K2TaCuS3I3,1.53756,-1.19053,0.77394,30.00000,24.81232,0.03721,0.03309,0.04811
K2MoWS3Se3,1.55160,-1.16763,0.33897,30.00000,24.73931,0.03721,0.03306,0.04822
Na2MnGaSe3Br3,1.26116,-1.25854,1.44284,30.00000,25.15457,0.03721,0.03307,0.08910
Na2SbAgO3Se3,1.37122,-1.23105,2.84542,30.00000,25.40061,0.03721,0.03322,0.05464
Na2SnInSe3Br3,1.51479,-1.21579,1.25343,30.00000,24.95295,0.03721,0.03310,0.04839
K2SbAgO3Se3,1.43530,-1.25438,2.70366,30.00000,25.31721,0.03721,0.03324,0.05032
Na2TaSbS6,1.54389,-1.08247,0.74215,30.00000,24.79817,0.03722,0.03312,0.04817
K2CrAgO3I3,1.40696,-1.41958,2.56412,30.00000,25.31192,0.03722,0.03322,0.05147
Na2WAgS3I3,1.48204,-1.00815,2.15516,30.00000,25.12733,0.03722,0.03323,0.04885
K2SbZnS3I3,1.54817,-1.04722,0.45167,30.00000,24.75335,0.03722,0.03307,0.04809
Na2VZnO3Br3,1.56735,-1.79766,0.07451,30.00000,24.64078,0.03723,0.03303,0.04819
Na2ZrFeO3Cl3,1.56831,-2.01594,0.05919,30.00000,24.58961,0.03723,0.03305,0.04835
Na2CrAgO3Br3,1.44259,-1.49056,2.93091,30.00000,25.32885,0.03723,0.03326,0.05008
K2NbZnO3I3,1.54671,-1.76479,0.47377,30.00000,24.76008,0.03723,0.03307,0.04824
Na2NbSbS6,1.56214,-1.04673,0.24028,30.00000,24.67149,0.03724,0.03306,0.04825
Na2CuZnI6,1.22099,-0.94159,0.57377,30.00000,24.94677,0.03724,0.03298,0.12415
K2SbCuO3Br3,1.21435,-1.40174,0.14495,30.00000,24.86560,0.03724,0.03291,0.13354
K2VFeO3Cl3,1.57309,-1.94057,0.09448,30.00000,24.64386,0.03724,0.03304,0.04798
K2SnMnS3Se3,1.21950,-1.05634,0.26595,30.00000,24.93103,0.03724,0.03295,0.12114
Na2CrAgO3I3,1.29838,-1.32695,2.68224,30.00000,25.31174,0.03725,0.03320,0.06889
Na2MnGaO3Br3,1.51018,-1.60412,1.80955,30.00000,25.04395,0.03725,0.03320,0.04844
K2NbTaS6,1.54615,-1.42838,0.72468,30.00000,24.76705,0.03725,0.03311,0.04839
K2VTaS3Se3,1.54785,-1.32505,0.73859,30.00000,24.78468,0.03725,0.03312,0.04840
K2ZrCrO3S3,1.56735,-2.09208,0.10110,30.00000,24.64240,0.03726,0.03304,0.04837
K2ZrMoS6,1.21998,-1.46569,0.22249,30.00000,24.86385,0.03726,0.03293,0.12979
Na2VZnSe3Br3,1.21615,-1.31536,0.21595,30.00000,24.85054,0.03726,0.03294,0.13164
K2WGaSe3I3,1.52785,-1.13050,1.31463,30.00000,24.94696,0.03726,0.03313,0.04849
K2MnGaO3Se3,1.50984,-1.60302,1.91409,30.00000,24.97151,0.03726,0.03323,0.04870
Na2SnTaO3I3,1.54985,-1.89180,0.81899,30.00000,24.80211,0.03726,0.03311,0.04824
K2NbFeO3I3,1.55917,-1.85068,0.47815,30.00000,24.68925,0.03726,0.03311,0.04847
K2NbSbSe6,1.22392,-1.05538,0.41026,30.00000,24.89210,0.03726,0.03294,0.12474
Na2SnGaO3I3,1.51788,-1.37357,1.68850,30.00000,24.99143,0.03727,0.03321,0.04834
Na2SnInSe3I3,1.52829,-0.95149,1.34120,30.00000,24.88533,0.03727,0.03317,0.04831
K2SnNbS3I3,1.55821,-1.18913,0.46245,30.00000,24.70223,0.03727,0.03309,0.04827
K2MoGaSe3I3,1.25258,-1.06254,1.46193,30.00000,25.07218,0.03727,0.03308,0.09533
K2TaMnSe3I3,1.22481,-1.27728,0.76364,30.00000,24.91854,0.03729,0.03297,0.12622
K2SnGaSe3Br3,1.52927,-1.29037,1.31362,30.00000,24.87004,0.03729,0.03315,0.04847
K2MoInSe3I3,1.24234,-1.04297,1.36611,30.00000,25.07991,0.03729,0.03305,0.09850
K2ZrInSe3Br3,1.53706,-1.63775,1.23318,30.00000,24.85786,0.03729,0.03315,0.04829
K2VMnSe3Br3,1.20443,-1.48632,0.21914,30.00000,24.86351,0.03729,0.03291,0.14391
K2AgGaCl3I3,1.35441,-1.35279,3.39961,30.00000,25.36827,0.03729,0.03330,0.05744
K2WGaSe3Br3,1.54649,-1.36277,1.22791,30.00000,24.78906,0.03730,0.03317,0.04838
K2SnVS3Br3,1.20774,-1.35115,0.13805,30.00000,24.84138,0.03730,0.03295,0.14462
Na2CrMoS3I3,1.22184,-1.07961,0.50303,30.00000,24.90302,0.03730,0.03294,0.12324
Na2ZrInS3I3,1.52339,-1.34039,1.49131,30.00000,24.90635,0.03731,0.03317,0.04875
K2VMnO3I3,1.56629,-1.94545,0.48273,30.00000,24.62871,0.03731,0.03309,0.04841
K2MnSbO6,1.57961,-1.97270,0.18691,30.00000,24.56572,0.03731,0.03310,0.04829
Na2VMnS3Br3,1.19367,-1.36430,0.07817,30.00000,24.78852,0.03731,0.03293,0.16538
K2CuZnBr3I3,1.20535,-1.21335,0.34973,30.00000,24.83124,0.03732,0.03298,0.14776
K2NbFeS3Br3,1.20201,-1.36815,0.11277,30.00000,24.78103,0.03732,0.03293,0.15032
Na2MnGaS3I3,1.24583,-1.04992,1.68376,30.00000,25.08478,0.03732,0.03311,0.10016
Na2ZrWO3Se3,1.57069,-1.85931,0.29118,30.00000,24.60527,0.03732,0.03309,0.04819
K2CrMoS3Se3,1.21066,-1.18921,0.33286,30.00000,24.80114,0.03732,0.03297,0.14136
K2CrMnO3Br3,1.58163,-1.69662,0.04605,30.00000,24.48712,0.03732,0.03310,0.04834
K2SnTaSe3Br3,1.57420,-1.45145,0.57441,30.00000,24.61737,0.03733,0.03311,0.04844
K2ZrWS3Se3,1.57677,-1.35642,0.27613,30.00000,24.53967,0.03733,0.03309,0.04848
K2FeMnO3Se3,1.58176,-1.41702,0.24163,30.00000,24.53284,0.03733,0.03308,0.04830
K2WSbSe3F3,1.57585,-1.81947,0.32767,30.00000,24.58105,0.03733,0.03310,0.04853
K2WMnS6,1.58359,-1.22115,0.14298,30.00000,24.49745,0.03733,0.03306,0.04859
K2NbSbS6,1.58122,-1.09766,0.24009,30.00000,24.55331,0.03734,0.03308,0.04866
Na2NbZnO3Br3,1.58666,-1.85191,0.10579,30.00000,24.48982,0.03734,0.03308,0.04817
K2TaZnSe3Cl3,1.56946,-1.53795,0.67293,30.00000,24.65251,0.03735,0.03315,0.04832
K2VMnO3Br3,1.58758,-2.01390,0.08550,30.00000,24.51295,0.03735,0.03306,0.04842
K2NbTaO6,1.56435,-2.96205,0.85632,30.00000,24.68399,0.03735,0.03313,0.04846
Na2MnSbS3Se3,1.19586,-0.89412,0.30196,30.00000,24.76135,0.03735,0.03293,0.16500
K2ZrBiO3Br3,1.57995,-1.90283,0.16042,30.00000,24.52426,0.03735,0.03310,0.04839
K2ZrMoO3Se3,1.58253,-1.98969,0.35515,30.00000,24.50081,0.03736,0.03311,0.04854
K2CrWO3Br3,1.58808,-1.72348,0.12107,30.00000,24.47087,0.03736,0.03308,0.04853
K2ZrCrS3I3,1.21159,-1.32770,0.43012,30.00000,24.83019,0.03736,0.03295,0.14205
Na2SnMoS6,1.58588,-1.01729,0.24573,30.00000,24.48770,0.03736,0.03309,0.04838
K2TaMnO3I3,1.55937,-1.99683,0.81722,30.00000,24.70885,0.03736,0.03314,0.04826
K2ZrSbS3I3,1.56844,-1.35051,0.45842,30.00000,24.59060,0.03737,0.03311,0.04847
K2ZrSbO3I3,1.58531,-1.82323,0.48156,30.00000,24.50907,0.03737,0.03309,0.04851
Na2MoSbS3I3,1.19910,-0.92746,0.52551,30.00000,24.79706,0.03737,0.03300,0.15640
K2TiFeO3Br3,1.59566,-2.01328,0.04313,30.00000,24.43205,0.03737,0.03310,0.04865
Na2WGaSe3Br3,1.55531,-1.23401,1.26902,30.00000,24.73904,0.03737,0.03319,0.04846
Li2WGaSe3I3,1.55088,-1.01221,1.40236,30.00000,24.75803,0.03737,0.03319,0.04848
K2ZrSbSe3Cl3,1.58356,-1.63328,0.29662,30.00000,24.49500,0.03738,0.03312,0.04833
K2SbCuO3Cl3,1.19126,-1.67623,0.17336,30.00000,24.66787,0.03738,0.03296,0.16568
Na2NbFeS3Br3,1.18550,-1.25629,0.10520,30.00000,24.67098,0.03738,0.03299,0.17537
K2ZrInO3I3,1.54920,-1.97841,1.52784,30.00000,24.77029,0.03739,0.03321,0.04862
K2ZrFeS3I3,1.19812,-1.36694,0.42237,30.00000,24.79518,0.03739,0.03297,0.14964
K2WMnO3Se3,1.58928,-1.55038,0.27647,30.00000,24.43563,0.03739,0.03311,0.04863
K2MnGaS3I3,1.23846,-1.14419,1.61521,30.00000,24.98494,0.03739,0.03311,0.10875
Na2SnCrS3I3,1.19432,-0.98536,0.44672,30.00000,24.73358,0.03739,0.03302,0.16475
K2TiWS6,1.59505,-1.49208,0.14950,30.00000,24.47301,0.03739,0.03311,0.04864
K2ZrInS3I3,1.55130,-1.38633,1.43824,30.00000,24.72907,0.03739,0.03321,0.04864
Na2VMnSe3Cl3,1.19497,-1.45788,0.26191,30.00000,24.70982,0.03739,0.03296,0.16894
Na2NbMnO3Cl3,1.59264,-2.01342,0.12564,30.00000,24.40064,0.03739,0.03312,0.04865
Na2MnCuI6,1.20291,-1.04484,0.57935,30.00000,24.76614,0.03740,0.03297,0.15333
Na2CrMnO6,1.58857,-2.08606,0.02488,30.00000,24.43813,0.03740,0.03308,0.04857
Na2MnBiO3I3,1.19770,-1.32772,0.45625,30.00000,24.74754,0.03740,0.03300,0.17090
K2CrAgO3Br3,1.50178,-1.60394,2.76586,30.00000,25.04379,0.03741,0.03332,0.04907
Na2SnVSe3Br3,1.19417,-1.29439,0.24839,30.00000,24.69331,0.03741,0.03298,0.16890
K2WAgO3I3,1.52781,-1.37797,2.20105,30.00000,24.90096,0.03741,0.03329,0.04868
K2SnInSe3Br3,1.55972,-1.31779,1.21191,30.00000,24.67988,0.03741,0.03321,0.04868
Na2VZnSe3I3,1.19243,-1.18744,0.50447,30.00000,24.74500,0.03742,0.03300,0.17132
Na2NbFeS3I3,1.19887,-1.11017,0.46348,30.00000,24.73672,0.03742,0.03299,0.15768
K2MnGaO3Cl3,1.53125,-1.81234,2.32240,30.00000,24.90230,0.03742,0.03326,0.04847
K2SnMoS6,1.58848,-1.06000,0.24518,30.00000,24.43373,0.03742,0.03316,0.04869
Na2TiMoO3Se3,1.59182,-1.86058,0.36309,30.00000,24.48818,0.03743,0.03315,0.04836
K2MnGaSe3Br3,1.22572,-1.35138,1.38568,30.00000,24.95208,0.03743,0.03308,0.11609
Na2SnSbSe3Cl3,1.59675,-1.18226,0.31390,30.00000,24.44451,0.03743,0.03313,0.04857
K2TiMoO3Se3,1.58379,-1.91055,0.35510,30.00000,24.46115,0.03743,0.03312,0.04856
Na2SnCrSe6,1.19634,-0.99343,0.36192,30.00000,24.71353,0.03743,0.03300,0.16328
Na2TaMnSe3Br3,1.19976,-1.44957,0.59113,30.00000,24.72831,0.03743,0.03299,0.16048
Na2SnCuO3Se3,1.19542,-1.34636,0.29011,30.00000,24.66993,0.03744,0.03294,0.16781
K2VTaSe6,1.19928,-1.32250,0.73234,30.00000,24.77199,0.03744,0.03301,0.15847
K2WFeSe3I3,1.18641,-1.08474,0.45857,30.00000,24.70427,0.03744,0.03297,0.18355
Na2TiWS6,1.59549,-1.35381,0.14348,30.00000,24.41963,0.03744,0.03312,0.04873
Na2SnCrO3Br3,1.60276,-1.59009,0.09701,30.00000,24.33299,0.03744,0.03311,0.04871
K2SnVSe3I3,1.19316,-1.15416,0.50270,30.00000,24.70654,0.03744,0.03301,0.16678
K2SnCrSe6,1.19495,-1.01836,0.35637,30.00000,24.71567,0.03745,0.03298,0.17241
K2GeBiSe3I3,1.36328,-0.96971,3.92549,30.00000,25.32953,0.03745,0.03342,0.05636
K2MoFeO3I3,1.59116,-1.38947,0.50991,30.00000,24.41105,0.03745,0.03319,0.04871
Na2MoSbS3Br3,1.18844,-1.05685,0.22302,30.00000,24.68263,0.03745,0.03299,0.18066
K2TiSbO3I3,1.59947,-1.84041,0.48963,30.00000,24.40272,0.03745,0.03319,0.04881
Na2VZnS3I3,1.19131,-1.14945,0.46061,30.00000,24.70003,0.03746,0.03299,0.17740
K2ZrWS6,1.59659,-1.50237,0.16588,30.00000,24.38042,0.03746,0.03314,0.04876
K2TiGaSe3Br3,1.56349,-1.58318,1.40362,30.00000,24.65109,0.03746,0.03320,0.04882
Na2AgGaCl3I3,1.29978,-1.21031,3.54297,30.00000,25.27355,0.03746,0.03332,0.07079
Na2MoMnS3Se3,1.19271,-1.06595,0.33121,30.00000,24.64575,0.03746,0.03298,0.17082
K2NbCuSe3Cl3,1.18789,-1.37217,0.28071,30.00000,24.63500,0.03746,0.03297,0.17337
K2VTaS6,1.58580,-1.39698,0.74835,30.00000,24.49551,0.03747,0.03317,0.04869
K2TiBiO3I3,1.59909,-1.80206,0.45421,30.00000,24.37991,0.03747,0.03315,0.04873
K2WInS3I3,1.56480,-1.14851,1.32133,30.00000,24.60043,0.03747,0.03323,0.04861
Na2VMnS3I3,1.19568,-1.24009,0.46694,30.00000,24.71206,0.03747,0.03298,0.16400
K2SnGaSe3I3,1.57557,-1.05023,1.39306,30.00000,24.61096,0.03748,0.03324,0.04847
K2MnInO3Cl3,1.55182,-1.79804,2.01003,30.00000,24.77006,0.03748,0.03327,0.04895
K2ZrGaSe3Br3,1.55884,-1.61367,1.34014,30.00000,24.62175,0.03749,0.03325,0.04854
K2SnCrO3I3,1.59290,-1.48498,0.46052,30.00000,24.37647,0.03749,0.03319,0.04855
K2GeTaSe3I3,1.42851,-1.21396,4.31777,30.00000,25.32375,0.03749,0.03345,0.05108
Na2MoAgO3Cl3,1.47271,-1.50652,3.70795,30.00000,25.12572,0.03749,0.03343,0.04975
Na2TaZnO3F3,1.58572,-2.57871,0.85007,30.00000,24.46208,0.03750,0.03321,0.04864
K2GeNbSe3I3,1.34080,-1.15561,4.41929,30.00000,25.34521,0.03750,0.03348,0.06004
Na2NbMnSe3Cl3,1.18458,-1.41087,0.27592,30.00000,24.65008,0.03750,0.03298,0.19476
Na2ZrGaO3I3,1.56657,-1.99501,1.73458,30.00000,24.63225,0.03750,0.03331,0.04861
K2FeMnO3I3,1.59808,-1.53941,0.44271,30.00000,24.37214,0.03751,0.03318,0.04872
K2NbTaS3Se3,1.59073,-1.26271,0.72038,30.00000,24.40143,0.03751,0.03320,0.04880
Na2TiSbO3Br3,1.60878,-1.90651,0.13537,30.00000,24.26576,0.03751,0.03315,0.04888
K2WAgO3Br3,1.54855,-1.48568,2.28450,30.00000,24.74532,0.03751,0.03335,0.04879
K2TaFeSe3Br3,1.19012,-1.47640,0.57503,30.00000,24.60691,0.03752,0.03302,0.17732
K2NbFeSe3Cl3,1.18053,-1.45150,0.27187,30.00000,24.54443,0.03752,0.03300,0.19644
K2GeWSe6,1.38147,-1.02755,4.52549,30.00000,25.34299,0.03752,0.03347,0.05458
Na2AgInBr3I3,1.23953,-1.13512,2.81670,30.00000,25.09225,0.03752,0.03329,0.10521
K2MoGaSe3Cl3,1.56805,-1.41913,1.69725,30.00000,24.67099,0.03753,0.03329,0.04845
Na2GeBiSe3I3,1.31404,-0.83942,4.05119,30.00000,25.29743,0.03753,0.03336,0.06731
K2SnCrO3Br3,1.61836,-1.63247,0.10544,30.00000,24.20845,0.03753,0.03316,0.04896
Na2CrMnO3Cl3,1.61424,-1.71670,0.02169,30.00000,24.21937,0.03753,0.03313,0.04877
K2VFeS3I3,1.18084,-1.21626,0.45389,30.00000,24.56442,0.03754,0.03299,0.20438
Na2TiSbSe3I3,1.18418,-1.10599,0.51374,30.00000,24.57954,0.03754,0.03301,0.19340
K2MnCuI6,1.18498,-1.08235,0.56785,30.00000,24.62099,0.03754,0.03304,0.18163
Li2MoGaSe3Cl3,1.56402,-1.29142,1.89284,30.00000,24.63867,0.03755,0.03332,0.04882
K2GeSbSe3I3,1.31600,-0.96697,4.29252,30.00000,25.34417,0.03755,0.03342,0.06701
K2TaZnS3I3,1.59302,-1.26389,0.76523,30.00000,24.37514,0.03755,0.03319,0.04883
Na2TaZnO3Cl3,1.59965,-1.94080,0.75508,30.00000,24.37391,0.03756,0.03321,0.04871
Na2GeTaSe3Br3,1.38703,-1.32845,4.94238,30.00000,25.34627,0.03756,0.03352,0.05416
K2VFeO3Br3,1.61411,-1.84577,0.08361,30.00000,24.24128,0.03756,0.03314,0.04911
Na2MnInS3I3,1.20590,-1.07042,1.54390,30.00000,24.75593,0.03756,0.03314,0.13843
Li2MoGaS3I3,1.57537,-0.97816,1.75713,30.00000,24.59479,0.03756,0.03331,0.04882
K2AgGaBr3I3,1.24998,-1.21654,2.89073,30.00000,25.01134,0.03756,0.03330,0.09880
Na2VCuSe3Br3,1.17577,-1.22731,0.22528,30.00000,24.51455,0.03756,0.03302,0.19052
Na2SnCrO3Se3,1.61247,-1.53445,0.28998,30.00000,24.26076,0.03756,0.03318,0.04899
Na2WAgO3Br3,1.56068,-1.40828,2.38996,30.00000,24.70828,0.03756,0.03332,0.04864
Na2TiInO3I3,1.57680,-1.90829,1.67280,30.00000,24.56083,0.03757,0.03330,0.04872
Na2MnGaO6,1.52492,-2.07964,3.08088,30.00000,24.91288,0.03757,0.03339,0.04893
Na2SnFeO3Cl3,1.62196,-1.56920,0.10053,30.00000,24.18041,0.03757,0.03313,0.04890
Na2MnGaSe6,1.19924,-0.99186,1.59895,30.00000,24.76029,0.03757,0.03314,0.15121
Na2GeWSe6,1.31961,-0.99742,4.70346,30.00000,25.34605,0.03757,0.03351,0.06492
K2ZrWO3Se3,1.61187,-1.88646,0.28847,30.00000,24.22256,0.03757,0.03318,0.04883
Na2SbAgCl3I3,1.21646,-1.06288,2.30011,30.00000,24.86972,0.03758,0.03321,0.12829
K2SnWS3Se3,1.60824,-1.05833,0.28949,30.00000,24.24410,0.03758,0.03319,0.04900
K2GeZnBr6,1.34298,-1.41004,4.90938,30.00000,25.35123,0.03758,0.03351,0.06029
Na2CrWO3Br3,1.61793,-1.57215,0.11449,30.00000,24.19224,0.03758,0.03316,0.04909
Na2SnNbO3I3,1.61105,-1.76088,0.49757,30.00000,24.26194,0.03758,0.03318,0.04901
K2SnGeF3I3,1.38106,-1.85321,5.22832,30.00000,25.39626,0.03758,0.03355,0.05510
K2AgInBr3I3,1.22879,-1.22445,2.72651,30.00000,24.98419,0.03759,0.03329,0.11584
Na2WSbSe3F3,1.61237,-1.70586,0.33217,30.00000,24.23999,0.03759,0.03319,0.04909
K2GeSbSe3Br3,1.33794,-1.10900,4.75940,30.00000,25.34244,0.03759,0.03351,0.06134
Na2SbCuO3Br3,1.17559,-1.33697,0.13921,30.00000,24.45983,0.03759,0.03296,0.20301
K2ZrGaS3I3,1.58439,-1.35404,1.55806,30.00000,24.47460,0.03760,0.03332,0.04878
K2MoFeS3Br3,1.17498,-1.30348,0.15169,30.00000,24.46579,0.03760,0.03299,0.22085
K2AgGaF3I3,1.25687,-1.87037,3.64228,30.00000,25.14109,0.03760,0.03338,0.09109
K2CuZnI6,1.18230,-1.04231,0.56258,30.00000,24.51729,0.03760,0.03304,0.19295
K2VFeSe3Cl3,1.17723,-1.48850,0.25842,30.00000,24.49319,0.03761,0.03302,0.20393
Na2MoGaSe3I3,1.19340,-0.99387,1.50950,30.00000,24.71255,0.03762,0.03315,0.17452
Na2SnTaS3Br3,1.61814,-1.32083,0.56365,30.00000,24.21409,0.03762,0.03325,0.04908
Li2SnGaSe3F3,1.57576,-1.69695,1.93960,30.00000,24.58172,0.03762,0.03334,0.04877
Li2WSbSe3F3,1.61814,-1.82533,0.35077,30.00000,24.20725,0.03762,0.03322,0.04895
K2TiGaS3Br3,1.58688,-1.54478,1.58881,30.00000,24.47314,0.03762,0.03330,0.04881
Na2SnMoO3Se3,1.62240,-1.51483,0.37559,30.00000,24.19190,0.03763,0.03319,0.04935
Na2SnTaS3I3,1.60933,-1.15669,0.77761,30.00000,24.24129,0.03763,0.03324,0.04903
Na2VNbS3Se3,1.16677,-1.24200,0.33407,30.00000,24.45359,0.03763,0.03301,0.22879
K2NbTaSe6,1.17928,-1.30014,0.71754,30.00000,24.56462,0.03763,0.03305,0.20318
Na2SnVSe3F3,1.61768,-2.03748,0.32375,30.00000,24.17726,0.03763,0.03323,0.04923
Na2GeNbS3I3,1.34809,-1.03149,5.37428,30.00000,25.36841,0.03764,0.03360,0.05906
K2WFeSe3Br3,1.16248,-1.31774,0.21840,30.00000,24.39082,0.03765,0.03299,0.23511
Na2SnZnI6,1.16649,-0.99059,0.57051,30.00000,24.47252,0.03765,0.03304,0.21927
Na2SnVO3Br3,1.62306,-1.84315,0.13410,30.00000,24.08224,0.03765,0.03323,0.04928
K2SnVSe3Br3,1.16787,-1.37900,0.24790,30.00000,24.43343,0.03765,0.03301,0.22944
K2ZrSbO3Br3,1.62178,-1.89823,0.15755,30.00000,24.10235,0.03765,0.03319,0.04928
K2MnInS3I3,1.18720,-1.12588,1.48583,30.00000,24.74239,0.03766,0.03316,0.17054
K2TaSbSe6,1.17272,-1.07489,0.71048,30.00000,24.49196,0.03766,0.03306,0.21799
K2SnSbSe3Cl3,1.62488,-1.26117,0.31018,30.00000,24.09073,0.03766,0.03321,0.04927
Na2SnGeF3I3,1.39920,-1.74299,5.46651,30.00000,25.32290,0.03766,0.03361,0.05320
Na2SnCrSe3Br3,1.16353,-1.24510,0.22123,30.00000,24.42353,0.03766,0.03302,0.22804
K2GeTaSe3Br3,1.46538,-1.40117,4.75487,30.00000,25.19319,0.03766,0.03356,0.04996
Na2TaMnSe3I3,1.17431,-1.28381,0.78249,30.00000,24.52792,0.03767,0.03307,0.21423
K2FeMnO3Cl3,1.62727,-1.58949,0.03066,30.00000,24.04247,0.03767,0.03320,0.04892
Na2SnMnI6,1.16434,-1.06117,0.57574,30.00000,24.40225,0.03767,0.03308,0.23411
K2FeMnS3I3,1.16659,-1.18931,0.41883,30.00000,24.39522,0.03767,0.03303,0.22589
K2ZrGaO3I3,1.58663,-1.98351,1.66235,30.00000,24.44627,0.03767,0.03333,0.04893
K2TiInO3I3,1.59713,-2.00562,1.60374,30.00000,24.40146,0.03767,0.03333,0.04901
Na2SnGeBr6,1.29861,-1.23139,4.80169,30.00000,25.26236,0.03768,0.03353,0.07308
K2TaFeO3Br3,1.61887,-1.93679,0.58194,30.00000,24.13268,0.03768,0.03324,0.04923
K2TiSbO3Br3,1.62657,-1.90372,0.14151,30.00000,24.07928,0.03768,0.03320,0.04906
Na2TaFeO3Cl3,1.60799,-1.97718,0.76780,30.00000,24.25479,0.03768,0.03323,0.04909
K2MoBiO3Br3,1.62682,-1.51386,0.22597,30.00000,24.05473,0.03768,0.03323,0.04900
Na2WFeSe3F3,1.63092,-1.76738,0.27414,30.00000,24.07645,0.03768,0.03324,0.04920
K2SnFeO3Cl3,1.63068,-1.65383,0.11136,30.00000,24.05672,0.03768,0.03319,0.04918
K2CrMoS3I3,1.17026,-1.17921,0.49086,30.00000,24.40981,0.03768,0.03307,0.22352
Na2MoAgO3I3,1.21874,-1.29102,2.59614,30.00000,24.83174,0.03769,0.03331,0.12851
Na2MnSbO3I3,1.16182,-1.34113,0.49331,30.00000,24.44100,0.03769,0.03304,0.24224
Na2SnGaSe3I3,1.60336,-0.95814,1.43676,30.00000,24.31190,0.03769,0.03331,0.04901
Na2GeNbSe3I3,1.26803,-1.01081,4.58178,30.00000,25.22193,0.03769,0.03351,0.08546
K2SnCrSe3I3,1.17092,-1.08616,0.48067,30.00000,24.45716,0.03769,0.03305,0.21983
Na2NbSbSe6,1.16190,-0.99055,0.41785,30.00000,24.35358,0.03769,0.03304,0.24755
K2MoFeO3Cl3,1.62989,-1.67409,0.18979,30.00000,24.05653,0.03770,0.03322,0.04922
K2CrMoSe3Br3,1.16363,-1.29638,0.26843,30.00000,24.38885,0.03770,0.03301,0.21814
Na2NbCuS3Br3,1.15687,-1.18000,0.11707,30.00000,24.35045,0.03770,0.03299,0.25347
Na2TaFeSe3Br3,1.16172,-1.37098,0.58935,30.00000,24.43637,0.03770,0.03305,0.23297
Na2SnGeCl3I3,1.45988,-1.20632,5.09335,30.00000,25.16168,0.03770,0.03362,0.05000
K2GeNbS3Br3,1.43156,-1.33067,5.95535,30.00000,25.35964,0.03770,0.03366,0.05095
K2VFeO3I3,1.62458,-1.78056,0.48068,30.00000,24.09180,0.03770,0.03324,0.04930
K2FeMnO3Br3,1.63278,-1.66461,0.03774,30.00000,24.04979,0.03771,0.03323,0.04949
K2ZrFeO3I3,1.62723,-1.93262,0.44519,30.00000,24.11410,0.03771,0.03321,0.04938
K2SnTaO3Br3,1.61957,-1.91895,0.58050,30.00000,24.12310,0.03771,0.03324,0.04914
Na2MoGaS3Cl3,1.58644,-1.24033,2.14825,30.00000,24.48743,0.03771,0.03342,0.04892
Na2GeSbSe3Br3,1.47708,-1.06543,4.96259,30.00000,25.16006,0.03771,0.03360,0.05023
Na2AgGaBr3I3,1.21791,-1.15638,2.99201,30.00000,24.86208,0.03771,0.03333,0.12887
K2GeCrS3I3,1.33566,-1.07499,5.39972,30.00000,25.34498,0.03771,0.03360,0.06251
Na2GeSbSe3I3,1.26797,-0.85297,4.44479,30.00000,25.15370,0.03771,0.03347,0.08633
Na2MoFeSe3Cl3,1.15208,-1.21156,0.31374,30.00000,24.34221,0.03772,0.03308,0.27162
Na2GeTaSe3I3,1.26946,-1.09588,4.46110,30.00000,25.19470,0.03772,0.03349,0.08392
Na2MoWO3S3,1.63410,-1.68938,0.25993,30.00000,24.00488,0.03772,0.03325,0.04925
Li2GeVS3I3,1.36160,-0.98906,5.99322,30.00000,25.40153,0.03773,0.03364,0.05704
K2TaFeSe3I3,1.16922,-1.26804,0.76202,30.00000,24.42543,0.03773,0.03309,0.21332
Na2GeTaS3I3,1.47762,-1.14113,5.14187,30.00000,25.14948,0.03773,0.03363,0.04961
K2SbCuS3I3,1.15827,-0.85830,0.46029,30.00000,24.41384,0.03773,0.03303,0.23693
Na2MoBiO3Br3,1.63683,-1.42824,0.22539,30.00000,23.99864,0.03774,0.03325,0.04928
K2SnMnBr3I3,1.15874,-1.34205,0.36344,30.00000,24.40750,0.03774,0.03305,0.24460
Na2TiWO3Se3,1.63601,-1.82530,0.28621,30.00000,23.98129,0.03774,0.03325,0.04940
Na2GeZnF3I3,1.37329,-1.81811,5.88052,30.00000,25.38929,0.03774,0.03365,0.05579
Li2WGaSe3Br3,1.61304,-1.19940,1.32476,30.00000,24.24409,0.03775,0.03331,0.04929
Na2WFeSe3Br3,1.15927,-1.21091,0.21759,30.00000,24.30825,0.03775,0.03305,0.24730
K2GeVS3I3,1.30609,-1.17722,5.43546,30.00000,25.29184,0.03776,0.03361,0.06965
K2GeZnBr3I3,1.24656,-1.26074,4.38736,30.00000,25.12949,0.03776,0.03348,0.09664
K2GeZnF3I3,1.32025,-1.90352,5.60252,30.00000,25.29901,0.03776,0.03358,0.06607
K2GeNbSe3Cl3,1.42110,-1.46298,6.03692,30.00000,25.33018,0.03777,0.03370,0.05191
Na2AgInI6,1.19357,-0.97506,2.67915,30.00000,24.76347,0.03777,0.03330,0.16748
Na2AgGaF3I3,1.22555,-1.81593,3.80816,30.00000,25.00252,0.03777,0.03343,0.11413
K2TiCrS3I3,1.15828,-1.31881,0.43505,30.00000,24.32247,0.03777,0.03305,0.24720
K2SnInO3I3,1.61486,-1.45465,1.49425,30.00000,24.21089,0.03777,0.03335,0.04900
K2MoAgO3Cl3,1.56074,-1.66479,3.45171,30.00000,24.70722,0.03778,0.03349,0.04915
Na2GeNbS3Br3,1.38533,-1.20622,6.29186,30.00000,25.39498,0.03778,0.03369,0.05438
K2MoGaSe3F3,1.60766,-1.89082,1.85393,30.00000,24.32398,0.03778,0.03336,0.04924
Na2GeCrO3I3,1.39956,-1.34521,6.10238,30.00000,25.33396,0.03779,0.03369,0.05289
K2TaSbS6,1.62851,-1.15429,0.71378,30.00000,24.05475,0.03779,0.03329,0.04938
Na2TiGaS3Br3,1.61072,-1.36982,1.67597,30.00000,24.24687,0.03779,0.03334,0.04924
Na2MnInO3Cl3,1.59797,-1.74402,2.16434,30.00000,24.35833,0.03780,0.03343,0.04926
K2SnGeCl3I3,1.52146,-1.34326,4.88659,30.00000,24.96648,0.03781,0.03364,0.04923
K2SbCuSe3Cl3,1.15058,-1.21684,0.29153,30.00000,24.21896,0.03781,0.03308,0.25962
Na2ZrCrS3I3,1.15110,-1.30167,0.43944,30.00000,24.28733,0.03781,0.03308,0.26833
K2SnBiS3I3,1.63578,-1.00052,0.43599,30.00000,23.96975,0.03781,0.03326,0.04939
K2ZrCrO3Cl3,1.64046,-2.21519,0.08516,30.00000,23.88814,0.03781,0.03326,0.04949
K2FeMnSe3Br3,1.15111,-1.33294,0.18395,30.00000,24.24452,0.03782,0.03304,0.28130
Na2GeZnCl3I3,1.48996,-1.25377,5.44727,30.00000,25.11362,0.03782,0.03370,0.04957
K2GeCrSe6,1.26482,-1.03222,5.33623,30.00000,25.19994,0.03783,0.03363,0.08794
K2GeNbSe3Br3,1.25671,-1.34857,4.92968,30.00000,25.14976,0.03783,0.03356,0.09214
Na2WSbSe3I3,1.15403,-0.95222,0.49203,30.00000,24.27988,0.03783,0.03307,0.25846
K2GeCrSe3I3,1.24418,-1.08380,4.59446,30.00000,25.04721,0.03783,0.03353,0.10322
Na2TiWSe6,1.15177,-1.19968,0.35326,30.00000,24.21659,0.03783,0.03308,0.26907
K2GeVSe3I3,1.24755,-1.16555,4.62303,30.00000,25.03431,0.03783,0.03349,0.10280
K2MoMnS6,1.15207,-1.22543,0.19969,30.00000,24.21640,0.03783,0.03303,0.27087
K2GeCuS3Se3,1.37815,-0.85648,6.42034,30.00000,25.35387,0.03784,0.03372,0.05511
Na2FeCuF3I3,1.16203,-1.77035,0.45290,30.00000,24.26992,0.03784,0.03303,0.25013
Na2NbMnSe3I3,1.15019,-1.21014,0.50666,30.00000,24.25748,0.03784,0.03308,0.27039
K2CrWS3I3,1.64572,-1.25896,0.42198,30.00000,23.90772,0.03784,0.03328,0.04964
Na2GeFeF3I3,1.46583,-1.80622,5.96968,30.00000,25.21510,0.03784,0.03375,0.05046
Na2SnMnBr3I3,1.15508,-1.24902,0.36827,30.00000,24.28253,0.03785,0.03307,0.24634
Na2GeNbSe3Cl3,1.31986,-1.28901,6.37372,30.00000,25.36325,0.03785,0.03372,0.06580
Na2GeMoS3Se3,1.41344,-0.96999,6.50661,30.00000,25.30315,0.03785,0.03375,0.05251
K2GeMoS3Se3,1.46188,-1.03148,6.15829,30.00000,25.22901,0.03785,0.03379,0.05012
K2SnZnI6,1.15411,-1.11350,0.56003,30.00000,24.26215,0.03785,0.03311,0.26342
Na2SbZnO3I3,1.15271,-1.26228,0.48678,30.00000,24.22499,0.03785,0.03311,0.27145
K2MnGaSe6,1.16921,-1.07450,1.53412,30.00000,24.46195,0.03786,0.03319,0.21218
Na2SbCuSe3Cl3,1.15019,-1.09247,0.29456,30.00000,24.17376,0.03786,0.03308,0.27518
Li2GeVSe3I3,1.25386,-1.00729,5.00767,30.00000,25.13986,0.03786,0.03355,0.09532
Na2WGaSe3Cl3,1.62112,-1.31698,1.52069,30.00000,24.14883,0.03786,0.03340,0.04949
Na2GeVO3I3,1.44983,-1.67703,6.14417,30.00000,25.25983,0.03786,0.03373,0.05087
Na2GeFeO3I3,1.45236,-1.36141,6.05717,30.00000,25.17712,0.03787,0.03374,0.05070
K2NbCuS3Br3,1.14654,-1.33379,0.12387,30.00000,24.14938,0.03787,0.03302,0.28119
K2TiFeO3I3,1.64993,-1.92246,0.45155,30.00000,23.83084,0.03787,0.03330,0.04971
K2GeCrS3Se3,1.45502,-1.05452,6.55234,30.00000,25.24935,0.03788,0.03378,0.05079
Na2GeCrS3Se3,1.37671,-1.00643,6.95626,30.00000,25.34385,0.03788,0.03381,0.05556
Na2SnVSe3I3,1.14472,-1.06394,0.51296,30.00000,24.20468,0.03789,0.03310,0.29835
K2MoAgS3I3,1.17904,-1.03075,2.33830,30.00000,24.56216,0.03789,0.03330,0.20139
K2WMnSe6,1.14759,-1.13173,0.34252,30.00000,24.20112,0.03789,0.03307,0.27133
Na2TaCuO3Cl3,1.64317,-1.88018,0.77069,30.00000,23.90575,0.03789,0.03334,0.04973
K2SnSbO3I3,1.64711,-1.29205,0.48676,30.00000,23.86987,0.03789,0.03332,0.04975
Li2GeNbSe3Cl3,1.33295,-1.29423,6.76655,30.00000,25.39027,0.03790,0.03379,0.06226
Na2SnSbO3Br3,1.65539,-1.44263,0.17535,30.00000,23.76764,0.03790,0.03329,0.04983
Na2MoFeS3Br3,1.14605,-1.17706,0.14651,30.00000,24.14376,0.03790,0.03304,0.28763
Na2WFeSe3I3,1.15129,-1.02243,0.46646,30.00000,24.19159,0.03790,0.03310,0.26758
Li2GeMoS3Se3,1.42330,-0.97182,6.91316,30.00000,25.36085,0.03790,0.03380,0.05186
K2MoWS6,1.65679,-1.26138,0.24573,30.00000,23.79411,0.03790,0.03328,0.04998
Na2SnInS3I3,1.62781,-0.93618,1.45976,30.00000,24.05255,0.03791,0.03341,0.04971
K2VMnSe3I3,1.14469,-1.28051,0.49927,30.00000,24.16775,0.03792,0.03307,0.28761
K2TiWO3Se3,1.65587,-1.85346,0.28357,30.00000,23.81198,0.03792,0.03328,0.05001
K2TiFeS3I3,1.14455,-1.34457,0.42676,30.00000,24.18791,0.03792,0.03309,0.28384
Na2MnGaO3Cl3,1.61223,-1.76071,2.52909,30.00000,24.28597,0.03793,0.03348,0.04924
Li2GeWSe6,1.23785,-1.00562,4.90734,30.00000,25.02952,0.03793,0.03358,0.10524
Na2SnMoSe6,1.14417,-0.94954,0.42121,30.00000,24.12661,0.03794,0.03309,0.29590
K2MoMnS3Se3,1.13498,-1.11034,0.32583,30.00000,24.10691,0.03794,0.03309,0.31024
K2FeMnO3F3,1.67005,-2.46010,0.03742,30.00000,23.67037,0.03795,0.03332,0.05003
Na2GeSbO3I3,1.51718,-1.27914,5.54344,30.00000,24.94634,0.03795,0.03377,0.04962
K2MnSbS3Se3,1.14226,-0.98363,0.29842,30.00000,24.07642,0.03796,0.03305,0.30253
K2SnVO3I3,1.65933,-1.80173,0.48868,30.00000,23.75216,0.03796,0.03335,0.05003
K2GeFeSe3F3,1.33977,-1.77718,6.99855,30.00000,25.34720,0.03796,0.03384,0.06139
Na2GeInO3I3,1.46714,-1.37091,6.72306,30.00000,25.22225,0.03797,0.03384,0.05031
Na2GeMnS3Se3,1.33511,-0.96952,6.91000,30.00000,25.35536,0.03797,0.03382,0.06280
K2SbCuO3I3,1.13870,-1.26008,0.48449,30.00000,24.09431,0.03797,0.03312,0.30644
K2MnInO6,1.61828,-2.04678,2.34972,30.00000,24.16798,0.03797,0.03353,0.04969
Na2SnGeS3Se3,1.49956,-0.84489,6.19848,30.00000,25.06542,0.03798,0.03383,0.04997
Na2MoMnS6,1.13376,-1.10138,0.19656,30.00000,24.02990,0.03798,0.03306,0.32682
K2SnCrSe3Br3,1.13609,-1.32607,0.22195,30.00000,24.05800,0.03798,0.03308,0.32575
K2GeMnS3Se3,1.28513,-1.03758,6.51106,30.00000,25.24701,0.03798,0.03378,0.07857
K2MnSbO3S3,1.66496,-1.64191,0.17796,30.00000,23.67166,0.03798,0.03332,0.04984
Na2CrMoSe3Br3,1.13769,-1.19957,0.26992,30.00000,24.08478,0.03798,0.03307,0.30851
K2VZnO3I3,1.66495,-1.70207,0.47597,30.00000,23.74077,0.03799,0.03334,0.05018
Na2WMnO6,1.67077,-2.12603,0.14263,30.00000,23.63695,0.03799,0.03330,0.05024
Na2SbCuS3Br3,1.12617,-1.04422,0.13697,30.00000,23.97082,0.03799,0.03307,0.36456
Na2TaMnO3Cl3,1.65402,-2.06994,0.77127,30.00000,23.78288,0.03799,0.03336,0.04995
Na2MoAgS3I3,1.16952,-0.95934,2.43143,30.00000,24.46217,0.03799,0.03331,0.21996
Na2GeSbS3I3,1.55863,-0.86377,5.17854,30.00000,24.78108,0.03800,0.03374,0.04942
Na2SnCrSe3I3,1.14090,-0.98488,0.49006,30.00000,24.05110,0.03800,0.03309,0.31355
Na2SnVS3I3,1.13581,-1.04801,0.47420,30.00000,24.12548,0.03801,0.03310,0.30810
Na2SnZnS3Se3,1.66651,-0.93445,0.26414,30.00000,23.65113,0.03801,0.03336,0.04998
Na2MnSbI6,1.13713,-1.05330,0.59418,30.00000,24.07913,0.03801,0.03313,0.31490
Na2GeCuS3Se3,1.47523,-0.82569,6.80695,30.00000,25.15837,0.03801,0.03387,0.05009
K2VZnO3Br3,1.66782,-1.80302,0.08539,30.00000,23.59672,0.03801,0.03332,0.04997
K2GeMnO3Se3,1.45491,-1.46449,7.13956,30.00000,25.23131,0.03802,0.03392,0.05080
Na2GeMoSe6,1.22765,-0.96010,5.32057,30.00000,24.98600,0.03802,0.03364,0.12182
Li2GeNbS3Br3,1.30358,-1.19907,6.68518,30.00000,25.28769,0.03802,0.03379,0.07391
Na2MoSbSe3Br3,1.13367,-1.04215,0.31438,30.00000,24.04290,0.03802,0.03312,0.33243
Na2SnGaSe3Br3,1.64614,-1.20515,1.36238,30.00000,23.85279,0.03802,0.03343,0.04997
Na2NbFeSe3Cl3,1.13237,-1.36142,0.27394,30.00000,24.00674,0.03803,0.03307,0.33506
Na2GeFeSe3F3,1.37324,-1.70609,7.46364,30.00000,25.35516,0.03803,0.03390,0.05594
K2WAgS3I3,1.62932,-1.09700,2.08220,30.00000,24.04500,0.03803,0.03345,0.04971
K2GeMnBr6,1.22889,-1.46173,4.98318,30.00000,24.91719,0.03804,0.03361,0.11974
K2GeFeO3I3,1.52038,-1.39554,5.76208,30.00000,24.93001,0.03804,0.03380,0.04964
Na2SnWO3Se3,1.66974,-1.50219,0.30558,30.00000,23.62926,0.03804,0.03336,0.05032
Na2WGaS3Cl3,1.63490,-1.30661,1.74959,30.00000,23.98316,0.03804,0.03345,0.04970
K2GeNbS3I3,1.54756,-1.17206,5.14463,30.00000,24.77336,0.03804,0.03373,0.04923
Na2ZrBiS3I3,1.66633,-1.21971,0.43751,30.00000,23.66341,0.03805,0.03336,0.04998
K2MoSbSe3Br3,1.13360,-1.22530,0.31117,30.00000,23.98621,0.03805,0.03309,0.32083
K2WGaS3Br3,1.64558,-1.31398,1.33835,30.00000,23.91287,0.03805,0.03339,0.04974
K2ZrInO3Br3,1.64491,-2.07789,1.45783,30.00000,23.90606,0.03805,0.03346,0.04976
Na2GeZnBr6,1.22458,-1.31310,5.13625,30.00000,24.93630,0.03806,0.03366,0.12753
Na2GeCuO3Se3,1.36064,-1.33911,7.49775,30.00000,25.36263,0.03806,0.03391,0.05750
K2GeCrO3I3,1.53410,-1.42461,5.80319,30.00000,24.86466,0.03807,0.03377,0.04940
Na2VFeS3Br3,1.12857,-1.31167,0.07635,30.00000,23.91302,0.03807,0.03309,0.34762
Na2MnBiS3I3,1.13469,-0.93813,0.43521,30.00000,24.01858,0.03807,0.03312,0.35683
Na2MoInO3I3,1.65057,-1.40020,1.64323,30.00000,23.87548,0.03807,0.03348,0.05003
K2GeCuO3Se3,1.28470,-1.33186,7.02925,30.00000,25.25612,0.03807,0.03379,0.07992
K2WGaS3I3,1.65239,-1.17342,1.42091,30.00000,23.84620,0.03809,0.03348,0.05018
Na2GeCrS3I3,1.23487,-0.97158,5.65656,30.00000,24.98271,0.03809,0.03369,0.11157
K2MnInSe3I3,1.13836,-1.17035,1.35871,30.00000,24.18692,0.03809,0.03322,0.31440
Na2TiGaO3I3,1.64090,-1.90612,1.83552,30.00000,23.95089,0.03809,0.03342,0.04993
Li2GeWS3Se3,1.54210,-1.02277,5.88737,30.00000,24.85049,0.03810,0.03383,0.04948
K2ZrFeO3Br3,1.67556,-2.03610,0.06954,30.00000,23.52183,0.03810,0.03332,0.05035
K2GeZnCl3I3,1.55803,-1.39850,5.20862,30.00000,24.69700,0.03810,0.03379,0.04947
K2CrAgS3I3,1.15826,-1.06280,2.39887,30.00000,24.29968,0.03811,0.03334,0.25074
K2GeSbO3I3,1.56422,-1.28712,5.29969,30.00000,24.69447,0.03811,0.03376,0.04955
Na2GeWS3Se3,1.55574,-1.00231,5.58886,30.00000,24.76270,0.03811,0.03381,0.04956
Na2TaFeSe3I3,1.13610,-1.23618,0.78079,30.00000,24.01086,0.03811,0.03316,0.34222
Na2GeGaSe3I3,1.54716,-0.94603,5.67917,30.00000,24.76626,0.03812,0.03380,0.04976
K2MoSbSe3I3,1.13061,-0.99272,0.54280,30.00000,23.91123,0.03812,0.03314,0.35361
Na2GeNbSe3Br3,1.21121,-1.21140,5.14937,30.00000,24.87116,0.03812,0.03365,0.14741
Na2SnGeO3Se3,1.51307,-1.32078,6.76015,30.00000,24.97145,0.03812,0.03394,0.04997
Na2MoMnO3S3,1.68044,-1.70425,0.20840,30.00000,23.48864,0.03813,0.03337,0.05056
K2SnMnI6,1.12707,-1.14732,0.56499,30.00000,23.93505,0.03813,0.03314,0.35051
Na2GeMnF3I3,1.53848,-1.91034,5.97988,30.00000,24.79067,0.03815,0.03383,0.04968
Na2GeNbO3I3,1.55572,-1.71152,5.77036,30.00000,24.74186,0.03815,0.03382,0.04993
Na2GeCrSe6,1.20695,-0.98352,5.59116,30.00000,24.88976,0.03815,0.03369,0.13785
Na2GeVSe3F3,1.48289,-2.01602,7.59084,30.00000,25.18748,0.03816,0.03399,0.05029
K2MoInO3I3,1.65669,-1.41084,1.58012,30.00000,23.74364,0.03816,0.03350,0.05032
Na2GeCrSe3I3,1.19824,-0.97294,4.77255,30.00000,24.77934,0.03816,0.03358,0.16043
K2ZrGaO3Br3,1.65411,-2.09051,1.62235,30.00000,23.77357,0.03816,0.03350,0.05010
K2WBiO3Br3,1.68032,-1.47758,0.18485,30.00000,23.45200,0.03816,0.03337,0.05056
K2WFeO3Br3,1.68687,-1.55761,0.11405,30.00000,23.42898,0.03816,0.03339,0.05043
Li2WGaSe3Cl3,1.65712,-1.33720,1.60183,30.00000,23.76119,0.03817,0.03351,0.05041
Na2WGaS3Br3,1.66488,-1.19539,1.39417,30.00000,23.70516,0.03817,0.03350,0.05016
Na2SnBiS3I3,1.67707,-0.89695,0.44351,30.00000,23.52613,0.03818,0.03341,0.05045
K2TiFeO3Cl3,1.68074,-2.04812,0.03805,30.00000,23.40353,0.03818,0.03338,0.05065
K2SnTaS3Br3,1.67578,-1.40223,0.54892,30.00000,23.48152,0.03819,0.03340,0.05040
K2GeMnCl3I3,1.21305,-1.39935,5.28612,30.00000,24.81966,0.03819,0.03368,0.14378
K2CrWSe6,1.12295,-1.21828,0.34756,30.00000,23.81502,0.03819,0.03312,0.39561
K2TaFeO3I3,1.67898,-1.86190,0.81512,30.00000,23.53805,0.03820,0.03344,0.05068
Na2TaMnO3F3,1.67537,-2.81910,0.87090,30.00000,23.52725,0.03820,0.03345,0.05057
Na2GeTaO3I3,1.57463,-1.81300,5.47469,30.00000,24.61971,0.03821,0.03386,0.04990
Na2GeZnBr3I3,1.18721,-1.18518,4.55356,30.00000,24.62838,0.03822,0.03358,0.17727
Na2GeMnCl3I3,1.20882,-1.31358,5.53233,30.00000,24.78200,0.03822,0.03371,0.15547
K2ZrMoSe6,1.11980,-1.33840,0.40570,30.00000,23.82407,0.03822,0.03311,0.37128
K2GeVSe3F3,1.52181,-2.04486,7.11288,30.00000,24.95274,0.03823,0.03396,0.04987
Li2GeVO3Br3,1.46895,-1.68195,8.04650,30.00000,25.16754,0.03823,0.03406,0.05105
Na2SnTaO3Br3,1.68170,-1.96296,0.59796,30.00000,23.46157,0.03823,0.03344,0.05072
K2ZrBiS3I3,1.68520,-1.32116,0.42998,30.00000,23.43528,0.03823,0.03338,0.05061
K2MnGaSe3I3,1.13592,-1.16004,1.45892,30.00000,24.04470,0.03823,0.03326,0.31902
K2GeInSe3Br3,1.56407,-1.27694,5.80439,30.00000,24.66317,0.03823,0.03385,0.04987
Na2ZrMoO3S3,1.68761,-1.98195,0.23523,30.00000,23.33811,0.03824,0.03341,0.05061
Na2GeInSe3I3,1.57070,-0.93519,5.35363,30.00000,24.52721,0.03824,0.03384,0.04969
K2GeInSe3I3,1.58504,-1.02269,5.16702,30.00000,24.50141,0.03824,0.03383,0.04991
Na2VMnO3Cl3,1.69759,-1.95761,0.08239,30.00000,23.30495,0.03824,0.03339,0.05082
Na2WBiO3Br3,1.68677,-1.43119,0.18252,30.00000,23.40266,0.03824,0.03339,0.05052
K2SbCuS3Br3,1.11118,-1.17516,0.14237,30.00000,23.72918,0.03824,0.03312,0.41383
Na2NbCuSe3Cl3,1.11864,-1.24411,0.28326,30.00000,23.71222,0.03825,0.03310,0.40003
K2SnVO3Br3,1.69313,-1.84500,0.14032,30.00000,23.28956,0.03825,0.03343,0.05084
Na2AgGaI6,1.14345,-0.92080,2.82307,30.00000,24.26727,0.03825,0.03341,0.26522
K2GeVSe3Cl3,1.23328,-1.48177,6.46778,30.00000,24.93517,0.03826,0.03383,0.11492
Na2NbCuS3I3,1.11484,-1.05260,0.46883,30.00000,23.71609,0.03826,0.03313,0.39226
K2SnTaO3I3,1.68037,-1.88521,0.79576,30.00000,23.42161,0.03827,0.03350,0.05060
Na2GeVSe3I3,1.18209,-1.02017,4.80253,30.00000,24.62210,0.03827,0.03363,0.19252
K2MnInSe6,1.12379,-1.10224,1.40925,30.00000,23.95608,0.03827,0.03323,0.36768
Li2GeMoSe6,1.20538,-0.94228,5.58194,30.00000,24.77076,0.03828,0.03374,0.15572
K2MnGaO6,1.64146,-2.03467,2.77435,30.00000,23.91525,0.03828,0.03365,0.05004
Li2GeVSe3Cl3,1.24598,-1.32399,7.31875,30.00000,25.08271,0.03828,0.03391,0.10478
Na2ZrBiO3Br3,1.69390,-1.93519,0.15650,30.00000,23.27810,0.03828,0.03344,0.05076
Na2ZrInO3Br3,1.66956,-2.09050,1.53067,30.00000,23.65938,0.03829,0.03351,0.05059
K2GeNbSe3F3,1.54886,-2.12114,6.59210,30.00000,24.81171,0.03829,0.03394,0.04991
K2SnGaO3I3,1.66307,-1.41074,1.62127,30.00000,23.65470,0.03829,0.03355,0.05060
Na2SnTaSe3Cl3,1.68772,-1.47519,0.69054,30.00000,23.42215,0.03830,0.03347,0.05077
Na2WMnSe6,1.11193,-1.08039,0.34698,30.00000,23.72559,0.03830,0.03314,0.42592
K2SnTaS3I3,1.68652,-1.24455,0.75725,30.00000,23.44089,0.03830,0.03345,0.05074
Na2SnBiO3I3,1.68445,-1.29277,0.46337,30.00000,23.37394,0.03831,0.03346,0.05070
K2MoWSe6,1.11429,-1.16979,0.40067,30.00000,23.70323,0.03831,0.03316,0.42272
Na2NbTaO3S3,1.68856,-2.09354,0.82206,30.00000,23.41194,0.03831,0.03350,0.05076
Na2MnSbO3S3,1.69886,-1.59632,0.17274,30.00000,23.26456,0.03832,0.03344,0.05093
K2GeVO3I3,1.57474,-1.76259,5.84234,30.00000,24.57216,0.03832,0.03388,0.05007
K2GeCrSe3Br3,1.19137,-1.26947,5.17194,30.00000,24.71283,0.03832,0.03370,0.17887
Li2GeTaS3Br3,1.57144,-1.28204,6.19482,30.00000,24.61752,0.03832,0.03397,0.05012
K2GeFeF3I3,1.57927,-1.85151,5.68309,30.00000,24.52944,0.03832,0.03390,0.04997
K2SnMoSe6,1.11071,-1.00777,0.41349,30.00000,23.68655,0.03832,0.03315,0.42114
Na2WGaO3I3,1.67279,-1.47127,1.55984,30.00000,23.57684,0.03834,0.03355,0.05068
Na2MnInSe3I3,1.12637,-1.04337,1.40206,30.00000,23.86179,0.03834,0.03326,0.36174
Na2NbMnSe3Br3,1.11313,-1.31461,0.23216,30.00000,23.65531,0.03835,0.03316,0.41913
Na2GeMnBr6,1.18619,-1.34084,5.21732,30.00000,24.63550,0.03835,0.03370,0.19337
Na2GeVS3Br3,1.22367,-1.24935,6.77759,30.00000,24.94153,0.03835,0.03388,0.12841
Na2MoFeO3F3,1.69874,-2.45684,0.21722,30.00000,23.24042,0.03836,0.03342,0.05090
K2GeZnI6,1.16498,-1.09955,4.01591,30.00000,24.40658,0.03836,0.03355,0.23065
Na2GeVSe3Cl3,1.22617,-1.33813,6.85921,30.00000,24.96017,0.03836,0.03387,0.12307
Na2TiCrS3I3,1.11146,-1.25363,0.44528,30.00000,23.64762,0.03836,0.03319,0.41914
Na2FeMnCl3I3,1.11564,-1.26389,0.41359,30.00000,23.59201,0.03837,0.03318,0.41454
Na2SnGaSe3F3,1.67368,-1.78222,1.82035,30.00000,23.55704,0.03837,0.03359,0.05063
Na2GeTaSe3F3,1.57294,-2.13680,6.45233,30.00000,24.63555,0.03838,0.03399,0.05013
Li2GeVO3I3,1.56413,-1.59399,6.49381,30.00000,24.60293,0.03838,0.03399,0.05011
Na2SbCuO3F3,1.10979,-2.13420,0.19407,30.00000,23.54903,0.03838,0.03313,0.41807
Li2GeVSe3F3,1.52280,-1.83388,8.15743,30.00000,24.97457,0.03838,0.03414,0.05001
Li2MoWSe6,1.11369,-1.11522,0.42525,30.00000,23.56154,0.03838,0.03319,0.42172
K2GeMoSe6,1.17868,-1.01687,5.09329,30.00000,24.59077,0.03839,0.03368,0.20661
Na2MnSbSe3Br3,1.10832,-1.19396,0.24355,30.00000,23.54395,0.03840,0.03314,0.42819
K2GeTaSe3F3,1.58171,-2.14685,6.13230,30.00000,24.55224,0.03840,0.03396,0.05020
K2GeGaSe3I3,1.60091,-1.01443,5.47000,30.00000,24.33639,0.03840,0.03388,0.05028
Na2TiGaSe3Cl3,1.67430,-1.52374,1.83236,30.00000,23.53491,0.03840,0.03363,0.05080
Na2ZrMoSe6,1.10820,-1.29553,0.41336,30.00000,23.58570,0.03841,0.03317,0.41864
K2NbCuSe3I3,1.11240,-1.11195,0.49886,30.00000,23.62089,0.03841,0.03314,0.42438
K2TiBiO3Br3,1.70733,-1.86496,0.14682,30.00000,23.13321,0.03841,0.03344,0.05107
K2TiInO3Br3,1.68356,-2.07533,1.54823,30.00000,23.45668,0.03841,0.03354,0.05095
Na2MoAgO3F3,1.62838,-2.30606,4.22519,30.00000,24.07535,0.03841,0.03380,0.05024
Li2GeTaSe3Cl3,1.58443,-1.35291,6.27035,30.00000,24.53083,0.03842,0.03398,0.05007
K2CrMnO6,1.70818,-2.06046,0.04924,30.00000,23.11999,0.03842,0.03346,0.05130
Na2GeMnO3Se3,1.53155,-1.47829,7.62461,30.00000,24.82644,0.03842,0.03410,0.05022
Na2TaSbSe6,1.10700,-1.03889,0.72901,30.00000,23.60743,0.03843,0.03320,0.43487
K2SnSbO3Br3,1.70800,-1.48303,0.17864,30.00000,23.11545,0.03844,0.03347,0.05124
Na2WInO3I3,1.69065,-1.44321,1.44181,30.00000,23.36896,0.03845,0.03358,0.05111
K2ZrGaS3Br3,1.68392,-1.62851,1.49583,30.00000,23.41151,0.03845,0.03356,0.05068
Na2GeInSe3Br3,1.59300,-1.19810,6.05699,30.00000,24.42903,0.03845,0.03398,0.05030
K2VFeS3Br3,1.09918,-1.40439,0.08631,30.00000,23.44091,0.03846,0.03315,0.43224
Na2WMnO3S3,1.70889,-1.69074,0.13928,30.00000,23.06204,0.03846,0.03345,0.05135
K2TiCrSe3Br3,1.10473,-1.53321,0.19626,30.00000,23.41292,0.03848,0.03316,0.43185
K2AgInI6,1.13428,-1.09126,2.60510,30.00000,23.94675,0.03848,0.03343,0.32591
K2WFeO3I3,1.70775,-1.45156,0.43469,30.00000,23.10203,0.03849,0.03352,0.05140
K2MoGaS3Cl3,1.68151,-1.37945,2.01035,30.00000,23.49134,0.03849,0.03364,0.05100
Na2MnSbBr3I3,1.10435,-1.21619,0.39054,30.00000,23.48459,0.03849,0.03319,0.42740
Na2MoGaSe3F3,1.68176,-1.84663,1.95695,30.00000,23.49062,0.03850,0.03360,0.05080
Li2GeVS3Cl3,1.32769,-1.27295,10.05577,30.00000,25.34546,0.03850,0.03426,0.06632
K2TiCrS3Se3,1.10481,-1.34150,0.24648,30.00000,23.47456,0.03850,0.03315,0.43082
Na2FeSbO3F3,1.71615,-2.21284,0.17670,30.00000,23.00273,0.03850,0.03348,0.05143
K2GeVS3Br3,1.20101,-1.35522,6.38572,30.00000,24.71079,0.03850,0.03386,0.15989
Na2CrMoO3S3,1.71713,-1.74468,0.21899,30.00000,22.98643,0.03851,0.03349,0.05148
K2GeWS3Se3,1.62004,-1.04741,5.33067,30.00000,24.15948,0.03851,0.03395,0.05044
Na2SnMnO3S3,1.71610,-1.72560,0.11948,30.00000,22.98614,0.03851,0.03346,0.05169
K2ZrCrSe3Br3,1.10120,-1.55807,0.20616,30.00000,23.39215,0.03851,0.03311,0.43330
K2GeSbS3I3,1.63302,-0.94906,4.96615,30.00000,24.10819,0.03852,0.03387,0.05055
K2SnMoO3Se3,1.71201,-1.51788,0.36789,30.00000,23.03401,0.03853,0.03351,0.05142
Na2TiFeO3Cl3,1.72163,-1.98162,0.01692,30.00000,22.97384,0.03853,0.03344,0.05125
Na2VMnSe3I3,1.10315,-1.25222,0.51024,30.00000,23.47551,0.03853,0.03317,0.43400
Li2WGaO3Br3,1.69691,-1.62234,1.58736,30.00000,23.29464,0.03854,0.03365,0.05126
Na2MnSbS3I3,1.09996,-0.92718,0.46710,30.00000,23.45206,0.03854,0.03317,0.43576
K2SnMnO3S3,1.71391,-1.77881,0.12908,30.00000,23.00769,0.03855,0.03353,0.05168
K2MnGaO3S3,1.68168,-1.85419,2.40473,30.00000,23.45680,0.03855,0.03370,0.05105
K2WFeSe3F3,1.71377,-1.84441,0.27220,30.00000,23.00506,0.03855,0.03351,0.05148
K2FeSbO3F3,1.71775,-2.28082,0.18213,30.00000,22.97343,0.03855,0.03350,0.05167
Li2GeVSe3Br3,1.17330,-1.25328,5.74151,30.00000,24.48048,0.03858,0.03380,0.21859
K2NbZnO3Br3,1.71607,-1.87772,0.11388,30.00000,22.93857,0.03858,0.03348,0.05140
Na2GeZnI6,1.14492,-0.98072,4.14467,30.00000,24.16915,0.03858,0.03361,0.29770
K2GeInO3I3,1.60898,-1.39156,6.42214,30.00000,24.30285,0.03858,0.03407,0.05044
Li2GeNbSe3F3,1.57437,-2.16163,7.47328,30.00000,24.59854,0.03859,0.03413,0.05037
Na2GeVS3Cl3,1.51928,-1.31003,9.18639,30.00000,24.91448,0.03859,0.03428,0.05038
Na2TiWO3S3,1.71951,-2.00329,0.14698,30.00000,22.91749,0.03859,0.03350,0.05155
Na2ZrGaS3Br3,1.69694,-1.46592,1.57052,30.00000,23.22955,0.03859,0.03360,0.05123
K2ZrFeO3Cl3,1.72665,-2.09223,0.07432,30.00000,22.87247,0.03859,0.03353,0.05173
Na2CrMoSe3I3,1.09821,-1.07251,0.53783,30.00000,23.37753,0.03860,0.03319,0.44222
K2SnCrO3Se3,1.72103,-1.54973,0.28681,30.00000,22.96752,0.03860,0.03354,0.05171
K2SnGeBr6,1.14863,-1.38215,4.60535,30.00000,24.21772,0.03861,0.03370,0.28326
K2NbCuSe3Br3,1.09643,-1.31007,0.23857,30.00000,23.26745,0.03861,0.03318,0.44248
Li2WGaS3I3,1.70297,-1.03516,1.53440,30.00000,23.19185,0.03862,0.03361,0.05152
Na2WAgO3Cl3,1.67720,-1.50221,3.02252,30.00000,23.53927,0.03862,0.03378,0.05091
Na2GeNbO3Br3,1.59492,-1.78891,6.88839,30.00000,24.42391,0.03863,0.03410,0.05047
K2WGaSe3Cl3,1.70317,-1.45234,1.45944,30.00000,23.13053,0.03863,0.03366,0.05163
K2CrMnO3Cl3,1.72367,-1.74511,0.04216,30.00000,22.90124,0.03864,0.03353,0.05158
K2SnTaSe3Cl3,1.72024,-1.58330,0.67029,30.00000,22.99511,0.03865,0.03359,0.05189
Na2GeCuO3S3,1.47738,-1.52808,10.42648,30.00000,25.15444,0.03866,0.03441,0.05113
Na2GeNbSe3F3,1.59994,-2.08178,6.99719,30.00000,24.36048,0.03866,0.03416,0.05064
Na2GeCrSe3Br3,1.15435,-1.17958,5.41757,30.00000,24.29346,0.03866,0.03381,0.25306
Na2ZrWO3S3,1.72501,-1.95573,0.16643,30.00000,22.85273,0.03866,0.03359,0.05181
Na2GeBiS3I3,1.65715,-0.89271,4.63657,30.00000,23.81738,0.03867,0.03393,0.05086
Na2MnGaSe3I3,1.10587,-1.03855,1.50884,30.00000,23.54404,0.03867,0.03333,0.43086
K2GeVSe3Br3,1.15257,-1.35742,5.20735,30.00000,24.29576,0.03868,0.03374,0.26880
K2SnGeS3Se3,1.62458,-0.90922,5.87979,30.00000,24.09728,0.03868,0.03404,0.05077
Li2GeMoO3Se3,1.58456,-1.53216,7.61448,30.00000,24.48570,0.03869,0.03415,0.05068
Na2GeTaO3Br3,1.61882,-1.89812,6.35412,30.00000,24.20739,0.03869,0.03407,0.05048
Na2TaSbO3S3,1.71991,-1.73540,0.80369,30.00000,22.94115,0.03870,0.03358,0.05151
K2GeMnF3I3,1.63541,-1.95731,5.69237,30.00000,24.02773,0.03870,0.03402,0.05086
K2NbFeO3Cl3,1.73341,-2.06659,0.13264,30.00000,22.76938,0.03871,0.03352,0.05207
Na2GeSbSe3Cl3,1.63462,-1.09267,6.08373,30.00000,24.09239,0.03872,0.03408,0.05075
Li2MoGaS3Cl3,1.70005,-1.20453,2.33066,30.00000,23.23281,0.03873,0.03374,0.05157
Li2WGaS3Br3,1.71256,-1.20843,1.46957,30.00000,23.04696,0.03874,0.03368,0.05165
Na2MoFeS3I3,1.09140,-1.00232,0.49455,30.00000,23.19027,0.03876,0.03319,0.44771
Na2NbTaSe6,1.09409,-1.25939,0.73703,30.00000,23.30648,0.03876,0.03326,0.44254
Na2TiMoO3S3,1.73362,-1.97989,0.21960,30.00000,22.76737,0.03876,0.03358,0.05210
K2SbZnO3Cl3,1.73137,-1.74689,0.15939,30.00000,22.71926,0.03877,0.03358,0.05192
K2NbFeSe3I3,1.08816,-1.20763,0.49488,30.00000,23.16873,0.03877,0.03324,0.44761
Na2VFeSe3Cl3,1.08301,-1.39752,0.25979,30.00000,23.14694,0.03877,0.03321,0.44510
Na2GeFeO3Se3,1.60316,-1.38777,7.60778,30.00000,24.32760,0.03878,0.03425,0.05080
K2GeFeS3Se3,1.16656,-0.95386,6.49860,30.00000,24.37558,0.03879,0.03392,0.25328
Li2GeVS3Br3,1.17809,-1.23385,7.23872,30.00000,24.52424,0.03879,0.03403,0.19996
Na2SnNbO3Br3,1.73847,-1.88804,0.15773,30.00000,22.67107,0.03880,0.03360,0.05219
K2TiMoSe6,1.08348,-1.29716,0.40881,30.00000,23.11401,0.03880,0.03322,0.44645
K2MnSbSe3Br3,1.08304,-1.25241,0.24328,30.00000,23.11779,0.03881,0.03321,0.44577
Na2ZrGaSe3Cl3,1.71524,-1.56976,1.71598,30.00000,22.98726,0.03881,0.03372,0.05192
K2GeCuO3S3,1.55749,-1.55633,9.51102,30.00000,24.69364,0.03881,0.03438,0.05084
Na2SbCuO3Cl3,1.08227,-1.57190,0.16800,30.00000,23.11975,0.03882,0.03320,0.44897
Na2VTaSe6,1.09245,-1.27038,0.75355,30.00000,23.15446,0.03882,0.03330,0.44539
K2VFeSe3I3,1.08653,-1.21773,0.49769,30.00000,23.11728,0.03883,0.03322,0.44511
Na2ZrGaSe3F3,1.71652,-2.27159,1.88607,30.00000,23.00012,0.03884,0.03375,0.05216
K2SnGeO3Se3,1.63270,-1.33821,6.38112,30.00000,23.98009,0.03884,0.03415,0.05107
K2WInO3Br3,1.72581,-1.60034,1.30491,30.00000,22.89111,0.03886,0.03368,0.05204
K2MoFeS3I3,1.08597,-1.07353,0.48283,30.00000,23.08442,0.03886,0.03326,0.44622
Li2MoWO3S3,1.74282,-1.80093,0.28068,30.00000,22.65742,0.03886,0.03363,0.05196
K2GeVS3Cl3,1.59416,-1.52027,8.47334,30.00000,24.44694,0.03887,0.03431,0.05097
K2WInO3I3,1.72807,-1.43977,1.39364,30.00000,22.84911,0.03887,0.03370,0.05208
Na2SnWS6,1.74994,-1.05619,0.18485,30.00000,22.54470,0.03890,0.03363,0.05255
Na2GeSbO3Br3,1.63719,-1.40638,6.53979,30.00000,24.00585,0.03890,0.03414,0.05115
Na2CrAgS3I3,1.10203,-0.98643,2.50086,30.00000,23.43451,0.03890,0.03350,0.44273
K2ZrCrSe6,1.08031,-1.34806,0.34583,30.00000,22.96873,0.03890,0.03325,0.45014
Na2GeGaO3I3,1.61725,-1.39315,7.24832,30.00000,24.16060,0.03891,0.03423,0.05120
Na2ZrCrO6,1.75081,-2.66689,0.08373,30.00000,22.54249,0.03892,0.03363,0.05276
K2SnVSe3F3,1.74134,-2.09275,0.31861,30.00000,22.59847,0.03892,0.03362,0.05242
K2MnInO3S3,1.72073,-1.83283,2.07479,30.00000,22.94849,0.03893,0.03380,0.05216
Na2GeFeS3Se3,1.15949,-0.88647,6.89604,30.00000,24.35134,0.03893,0.03396,0.26480
Na2GeBiO3I3,1.66981,-1.27906,4.92485,30.00000,23.56134,0.03893,0.03400,0.05145
K2TiCrSe3I3,1.08810,-1.29054,0.48256,30.00000,23.04919,0.03894,0.03324,0.45067
Na2FeZnCl3I3,1.08460,-1.30390,0.40825,30.00000,22.95134,0.03894,0.03327,0.44917
Na2GeFeSe3Cl3,1.15448,-1.22808,6.75106,30.00000,24.31902,0.03894,0.03399,0.26290
Na2WSbO3Cl3,1.74629,-1.66715,0.21641,30.00000,22.51817,0.03895,0.03363,0.05244
K2GeSbSe3Cl3,1.66442,-1.18897,5.77788,30.00000,23.70187,0.03895,0.03412,0.05145
K2SnGaSe3F3,1.72483,-1.88717,1.72937,30.00000,22.87935,0.03895,0.03378,0.05223
Na2SnGeBr3I3,1.11987,-1.16060,4.31020,30.00000,23.75658,0.03896,0.03366,0.41681
K2MoWO3S3,1.75062,-1.69158,0.25849,30.00000,22.46852,0.03896,0.03364,0.05268
K2GeTaS3Br3,1.66220,-1.42642,5.60846,30.00000,23.73197,0.03896,0.03415,0.05142
K2TiGaO3I3,1.72770,-1.96644,1.75307,30.00000,22.83244,0.03897,0.03377,0.05239
Na2GeVS3I3,1.13315,-1.03492,5.69451,30.00000,23.98670,0.03898,0.03388,0.34777
K2AgGaI6,1.10102,-1.07292,2.74118,30.00000,23.45227,0.03900,0.03352,0.44211
Na2SnInO3Br3,1.73225,-1.49190,1.48669,30.00000,22.78812,0.03900,0.03374,0.05250
K2TiMoO3S3,1.75346,-2.04337,0.22116,30.00000,22.40120,0.03900,0.03364,0.05295
Na2MnInO3S3,1.72637,-1.80464,2.23926,30.00000,22.87022,0.03902,0.03385,0.05244
Na2WGaSe3F3,1.73382,-1.83926,1.64798,30.00000,22.75396,0.03903,0.03378,0.05256
K2CrMoSe3I3,1.07306,-1.15634,0.52636,30.00000,22.86514,0.03903,0.03323,0.45131
Na2GeFeO3Br3,1.63705,-1.46692,7.35234,30.00000,24.00779,0.03903,0.03430,0.05138
K2SnNbO3I3,1.74724,-1.86509,0.48590,30.00000,22.49477,0.03903,0.03367,0.05278
Na2FeMnBr3I3,1.07462,-1.22756,0.35222,30.00000,22.89036,0.03904,0.03328,0.45254
Rb2WBiSe3I3,1.43474,-1.07832,13.45121,30.00000,25.30114,0.03904,0.03475,0.05365
K2SnInS3I3,1.73328,-1.09143,1.40982,30.00000,22.71234,0.03905,0.03377,0.05261
K2TiWO3S3,1.75136,-2.00726,0.15340,30.00000,22.43157,0.03905,0.03366,0.05259
Na2SnGaS3I3,1.73903,-0.95532,1.58174,30.00000,22.64570,0.03906,0.03384,0.05264
K2SnWO3Se3,1.75594,-1.53403,0.30228,30.00000,22.43190,0.03907,0.03367,0.05294
Na2MnSbO3F3,1.75906,-2.36027,0.17969,30.00000,22.33404,0.03908,0.03366,0.05303
Na2VFeS3I3,1.07206,-1.16440,0.46497,30.00000,22.81794,0.03908,0.03327,0.45236
Na2GeSbSe3F3,1.65437,-1.66661,6.64673,30.00000,23.71959,0.03909,0.03426,0.05152
K2ZrGaSe3F3,1.73546,-2.27538,1.78642,30.00000,22.69858,0.03909,0.03382,0.05260
Na2CrWO3S3,1.75973,-1.73904,0.14721,30.00000,22.32599,0.03909,0.03369,0.05289
K2MnSbI6,1.07018,-1.13854,0.58287,30.00000,22.78204,0.03910,0.03328,0.45586
K2GeFeO3Se3,1.65430,-1.38335,7.12472,30.00000,23.81973,0.03910,0.03427,0.05185
Na2GeTaSe3Cl3,1.66943,-1.42977,5.95609,30.00000,23.62185,0.03911,0.03415,0.05176
K2MnSbBr3I3,1.07414,-1.30847,0.38491,30.00000,22.76629,0.03911,0.03327,0.45384
Na2VMnSe3Br3,1.06726,-1.35913,0.21821,30.00000,22.71775,0.03912,0.03325,0.45575
K2SnBiO3Br3,1.76110,-1.46064,0.17875,30.00000,22.31487,0.03912,0.03366,0.05313
Na2VTaO3Se3,1.75251,-2.07313,0.82088,30.00000,22.46560,0.03912,0.03373,0.05284
K2GeCrO3Br3,1.65586,-1.61627,6.95047,30.00000,23.81537,0.03912,0.03427,0.05177
Na2CrMoSe6,1.07101,-1.11153,0.41561,30.00000,22.79663,0.03913,0.03324,0.45388
Na2SbCuS3I3,1.07248,-0.73970,0.47043,30.00000,22.76668,0.03913,0.03326,0.45388
K2ZrGaSe3Cl3,1.74264,-1.72858,1.63419,30.00000,22.60269,0.03913,0.03384,0.05278
Na2GeTaS3Br3,1.67624,-1.32856,5.88076,30.00000,23.55614,0.03915,0.03419,0.05187
K2TaCuO3F3,1.74811,-2.67826,0.82058,30.00000,22.45897,0.03916,0.03378,0.05285
K2GeNbO3Br3,1.67198,-1.89024,6.48520,30.00000,23.61058,0.03917,0.03428,0.05193
Na2WGaO3Br3,1.74259,-1.59071,1.49934,30.00000,22.58737,0.03917,0.03382,0.05282
Na2TiBiO3Br3,1.76629,-1.89184,0.14188,30.00000,22.25136,0.03917,0.03369,0.05314
K2WFeO3F3,1.76900,-2.53622,0.14680,30.00000,22.24066,0.03919,0.03367,0.05334
K2TaZnO3Cl3,1.76007,-1.99152,0.72025,30.00000,22.37416,0.03919,0.03377,0.05314
Na2NbCuSe3I3,1.07064,-1.02113,0.50913,30.00000,22.68152,0.03919,0.03330,0.45627
Na2SnGaO3Br3,1.74866,-1.50747,1.65520,30.00000,22.55012,0.03920,0.03385,0.05333
K2GeNbO3I3,1.68525,-1.81052,5.50528,30.00000,23.37327,0.03921,0.03417,0.05231
K2MnSbSe3I3,1.06519,-1.02528,0.49677,30.00000,22.61102,0.03922,0.03331,0.45447
K2SnInO3Br3,1.75806,-1.51527,1.41955,30.00000,22.40563,0.03926,0.03388,0.05335
Na2GeCrO3Br3,1.66068,-1.50633,7.42235,30.00000,23.73031,0.03926,0.03437,0.05191
Na2GeWO3Se3,1.68445,-1.46229,6.03822,30.00000,23.44427,0.03926,0.03430,0.05234
Na2GeZnO3Se3,1.66246,-1.35700,7.45615,30.00000,23.72030,0.03927,0.03436,0.05181
Na2TaSbO6,1.76247,-2.43021,0.87857,30.00000,22.21793,0.03928,0.03378,0.05363
Na2GeVO3Br3,1.66047,-1.75093,7.48007,30.00000,23.74605,0.03929,0.03436,0.05202
Rb2TiBiSe3I3,1.40414,-1.25202,15.15413,30.00000,25.37110,0.03930,0.03497,0.05579
Na2SnFeO3S3,1.77560,-1.63600,0.11694,30.00000,22.10138,0.03931,0.03379,0.05355
Na2GeMoO3Se3,1.66982,-1.47337,7.12363,30.00000,23.60342,0.03932,0.03435,0.05215
Rb2ZrBiSe3I3,1.46619,-1.32067,14.56480,30.00000,25.19759,0.03933,0.03495,0.05243
K2ZrFeSe3I3,1.06232,-1.36301,0.46934,30.00000,22.55102,0.03933,0.03330,0.46011
K2TiGaO3Br3,1.75595,-2.06529,1.73594,30.00000,22.39674,0.03934,0.03389,0.05327
K2TiGaSe3F3,1.74960,-2.24178,1.91311,30.00000,22.45053,0.03934,0.03389,0.05331
Na2MoBiSe3I3,1.06272,-0.95741,0.52024,30.00000,22.53711,0.03934,0.03331,0.45961
Li2GeTaSe3F3,1.68000,-2.21561,6.82259,30.00000,23.52221,0.03935,0.03434,0.05241
K2GeZnO3Se3,1.68077,-1.38301,6.99206,30.00000,23.51691,0.03936,0.03437,0.05219
K2GeVO3Br3,1.68064,-1.81625,7.00337,30.00000,23.49908,0.03936,0.03435,0.05204
Li2GeWO3Se3,1.68990,-1.50486,6.38862,30.00000,23.42063,0.03936,0.03429,0.05252
Na2MnInSe6,1.07263,-0.98903,1.46400,30.00000,22.72239,0.03936,0.03342,0.45875
Na2GeVSe3Br3,1.10642,-1.27204,5.45515,30.00000,23.57577,0.03936,0.03389,0.45169
Rb2TaZnSe3I3,1.34455,-1.27076,15.55991,30.00000,25.39718,0.03937,0.03504,0.06428
Na2CrWSe6,1.06201,-1.15142,0.35226,30.00000,22.49748,0.03937,0.03329,0.45627
Rb2WInSe3I3,1.41761,-1.15810,15.28489,30.00000,25.32884,0.03937,0.03502,0.05468
K2TaCuO3Cl3,1.77323,-1.98005,0.73468,30.00000,22.15123,0.03937,0.03381,0.05366
K2SnBiO3I3,1.77820,-1.28046,0.45465,30.00000,22.05740,0.03938,0.03379,0.05379
K2GeTaSe3Cl3,1.70348,-1.54750,5.68316,30.00000,23.21517,0.03938,0.03425,0.05260
Na2MnGaO3S3,1.74478,-1.82897,2.62651,30.00000,22.55685,0.03939,0.03399,0.05312
K2ZrMoO3S3,1.78049,-2.07121,0.23540,30.00000,22.07132,0.03940,0.03377,0.05380
Li2GeMoS6,1.63898,-1.04176,9.24360,30.00000,23.93660,0.03941,0.03460,0.05197
K2GeSbS3Br3,1.70503,-1.03323,5.69706,30.00000,23.18447,0.03941,0.03422,0.05277
K2ZrWO3S3,1.78377,-1.99459,0.17102,30.00000,21.97044,0.03941,0.03378,0.05383
K2GeBiS3I3,1.72263,-0.97984,4.46718,30.00000,22.87623,0.03942,0.03417,0.05309
Li2GeWS6,1.67403,-1.10438,7.46329,30.00000,23.51645,0.03942,0.03443,0.05250
Rb2WAgSe3I3,1.35639,-1.08250,15.97117,30.00000,25.39876,0.03942,0.03506,0.06199
Rb2SnNbSe3I3,1.38387,-1.18494,15.84169,30.00000,25.36488,0.03942,0.03513,0.05829
K2VTaO3Se3,1.77392,-2.05589,0.78929,30.00000,22.11320,0.03942,0.03386,0.05388
Rb2CrWSe3I3,1.31187,-1.25216,15.44682,30.00000,25.35261,0.03944,0.03500,0.07356
Na2CrMoO3F3,1.78289,-2.57133,0.23268,30.00000,21.94575,0.03945,0.03379,0.05403
K2GeFeO3Br3,1.68411,-1.53119,6.88870,30.00000,23.42263,0.03945,0.03441,0.05253
Na2GeTaO3F3,1.65060,-2.58252,9.20664,30.00000,23.86354,0.03948,0.03458,0.05200
K2SbAgO3S3,1.74405,-1.48884,3.32610,30.00000,22.58375,0.03948,0.03407,0.05326
K2FeZnCl3I3,1.05912,-1.34447,0.40024,30.00000,22.36140,0.03949,0.03331,0.46369
Rb2ZrSbSe3I3,1.44647,-1.33952,15.81760,30.00000,25.27878,0.03949,0.03514,0.05327
Na2GeMnI6,1.09105,-1.03642,4.19018,30.00000,23.12882,0.03950,0.03376,0.45900
Rb2SnTaSe3I3,1.49988,-1.29091,14.82897,30.00000,25.04675,0.03950,0.03507,0.05223
Rb2SnSbSe3I3,1.27994,-1.00918,15.41173,30.00000,25.23607,0.03951,0.03505,0.08432
K2GeTaO3Br3,1.70687,-1.91152,6.03602,30.00000,23.09705,0.03951,0.03433,0.05293
K2GeTaS3I3,1.72237,-1.25944,4.94649,30.00000,22.85303,0.03952,0.03422,0.05335
Rb2SbZnSe3I3,1.41570,-1.04869,16.21884,30.00000,25.34838,0.03952,0.03514,0.05501
Rb2WGaSe3I3,1.45259,-1.16784,15.96641,30.00000,25.23607,0.03953,0.03515,0.05310
Rb2NbZnSe3I3,1.38668,-1.20534,16.69760,30.00000,25.42565,0.03954,0.03516,0.05727
K2MoInO3Br3,1.77309,-1.60170,1.52347,30.00000,22.15684,0.03954,0.03392,0.05386
Na2WFeO3Cl3,1.79147,-1.52198,0.12263,30.00000,21.83369,0.03954,0.03381,0.05438
Na2GeSbS3Br3,1.70763,-1.02255,6.00228,30.00000,23.07131,0.03955,0.03432,0.05317
K2GeMnBr3I3,1.08879,-1.34125,4.44195,30.00000,23.10245,0.03955,0.03381,0.45850
K2MnSbS3I3,1.05576,-1.04395,0.45698,30.00000,22.28635,0.03955,0.03329,0.46561
Rb2TiSbSe3I3,1.35457,-1.26046,16.51726,30.00000,25.38913,0.03956,0.03514,0.06186
Rb2WSbS3I3,1.41171,-1.06032,16.54625,30.00000,25.31353,0.03956,0.03520,0.05545
Rb2AgInI6,1.28735,-1.12919,15.72042,30.00000,25.24839,0.03957,0.03506,0.08040
Rb2SnZnI6,1.23145,-1.13125,14.29827,30.00000,25.00707,0.03958,0.03493,0.12402
K2SnZnS3Se3,1.78778,-0.97131,0.26269,30.00000,21.87932,0.03959,0.03382,0.05426
K2SnFeS3Se3,1.05946,-0.94619,0.26415,30.00000,22.20673,0.03959,0.03330,0.46335
Li2MoGaO3I3,1.77169,-1.52967,1.88742,30.00000,22.17318,0.03961,0.03399,0.05385
K2GeFeSe3Cl3,1.10273,-1.32862,6.36946,30.00000,23.46715,0.03961,0.03404,0.45861
Rb2MoBiS3I3,1.32659,-1.06032,16.58638,30.00000,25.34333,0.03962,0.03520,0.06828
K2FeMnSe3I3,1.05055,-1.18393,0.46853,30.00000,22.22483,0.03962,0.03335,0.46500
K2TiCrSe6,1.05573,-1.34964,0.34518,30.00000,22.19541,0.03962,0.03330,0.46376
Na2SnBiO3Br3,1.78993,-1.45958,0.17589,30.00000,21.82611,0.03963,0.03383,0.05412
K2TiCrO6,1.79964,-2.66827,0.05878,30.00000,21.72914,0.03963,0.03383,0.05443
Rb2WSbSe3I3,1.23106,-1.00332,14.50919,30.00000,24.98539,0.03963,0.03495,0.12259
K2CrMoO3Cl3,1.79828,-1.75654,0.20166,30.00000,21.73352,0.03964,0.03383,0.05413
K2FeMnCl3I3,1.05051,-1.36103,0.40519,30.00000,22.16083,0.03965,0.03336,0.46385
Na2VNbO3S3,1.79583,-2.00368,0.21030,30.00000,21.78039,0.03965,0.03383,0.05424
Li2GeGaO3I3,1.68873,-1.42222,7.64732,30.00000,23.35623,0.03965,0.03453,0.05300
K2TiGaSe3Cl3,1.77652,-1.70909,1.73703,30.00000,22.06131,0.03966,0.03402,0.05420
Na2TiCrSe3Br3,1.04272,-1.34835,0.19413,30.00000,22.08424,0.03967,0.03332,0.46511
Rb2SnWSe6,1.30844,-1.04985,16.57022,30.00000,25.29827,0.03967,0.03518,0.07408
Rb2WBiS3I3,1.52868,-1.11998,15.17452,30.00000,24.92721,0.03967,0.03513,0.05208
K2WAgO3Cl3,1.76614,-1.63179,2.85137,30.00000,22.24695,0.03967,0.03412,0.05408
Rb2MnZnBr3I3,1.32445,-1.44018,17.19133,30.00000,25.37881,0.03968,0.03527,0.06873
Na2ZrFeS3I3,1.05059,-1.33834,0.43127,30.00000,22.09697,0.03969,0.03332,0.46198
Na2MoSbSe3I3,1.05253,-0.93219,0.55396,30.00000,22.16641,0.03970,0.03338,0.46471
K2ZrFeSe3Br3,1.05006,-1.58933,0.19964,30.00000,22.08271,0.03971,0.03331,0.46585
Na2ZrCrO3F3,1.79945,-2.76266,0.08437,30.00000,21.69322,0.03971,0.03382,0.05471
Rb2WSbSe3Br3,1.28031,-1.25992,16.38759,30.00000,25.20849,0.03971,0.03520,0.08563
Na2GeMnBr3I3,1.08679,-1.23733,4.61255,30.00000,23.00552,0.03971,0.03384,0.46293
Li2WGaO3I3,1.78598,-1.62178,1.63282,30.00000,21.94517,0.03973,0.03404,0.05440
Rb2ZrInSe3I3,1.49515,-1.41101,16.67466,30.00000,25.12713,0.03973,0.03528,0.05248
Rb2TaZnSe3Br3,1.40413,-1.47170,17.72853,30.00000,25.34611,0.03974,0.03535,0.05580
Rb2SnZnBr3I3,1.26313,-1.33512,16.10313,30.00000,25.14674,0.03975,0.03516,0.09696
K2GeCrO3Se3,1.70503,-1.55722,7.18871,30.00000,23.09936,0.03975,0.03450,0.05338
Rb2TiInSe3I3,1.44298,-1.40529,17.41849,30.00000,25.29304,0.03976,0.03536,0.05420
Na2NbZnO3Cl3,1.80587,-1.93442,0.12432,30.00000,21.59053,0.03976,0.03392,0.05479
Rb2SnInSe3I3,1.50040,-1.03869,16.24299,30.00000,25.07575,0.03976,0.03526,0.05237
K2SnFeO3S3,1.79879,-1.63576,0.12672,30.00000,21.68701,0.03977,0.03391,0.05444
Na2MoWSe6,1.04819,-1.10690,0.40725,30.00000,22.08453,0.03977,0.03332,0.46452
Na2MoAgSe3I3,1.06070,-0.93602,2.15121,30.00000,22.45984,0.03978,0.03356,0.46489
K2NbFeO3F3,1.80744,-2.75997,0.15378,30.00000,21.59744,0.03978,0.03390,0.05488
K2NbFeSe3Br3,1.05167,-1.35192,0.23094,30.00000,21.99355,0.03978,0.03333,0.46467
K2ZrWO6,1.80559,-2.77713,0.17727,30.00000,21.64722,0.03979,0.03394,0.05489
Na2TiInO3Br3,1.78539,-1.99906,1.63331,30.00000,21.89136,0.03979,0.03404,0.05456
Li2GeGaSe3I3,1.72852,-0.93506,5.91569,30.00000,22.78747,0.03979,0.03442,0.05375
K2GeMoS6,1.70305,-1.07110,7.90563,30.00000,23.21403,0.03980,0.03462,0.05314
K2GeBiO3I3,1.74631,-1.27086,4.73333,30.00000,22.51870,0.03981,0.03430,0.05391
Rb2TaMnS3I3,1.36727,-1.32812,18.10834,30.00000,25.37893,0.03982,0.03539,0.06064
Rb2TaCuSe3I3,1.23467,-1.15887,15.59333,30.00000,24.97232,0.03982,0.03514,0.12750
K2MnBiS3I3,1.04533,-1.05117,0.42743,30.00000,22.02767,0.03982,0.03335,0.46621
Na2GeCrO3Se3,1.70357,-1.58183,7.68038,30.00000,23.14878,0.03982,0.03457,0.05345
Na2NbCuSe3Br3,1.04302,-1.19175,0.23862,30.00000,21.95260,0.03983,0.03331,0.46756
Rb2WInSe3Br3,1.48420,-1.40679,17.29265,30.00000,25.12406,0.03984,0.03535,0.05279
Rb2WFeS3I3,1.30515,-1.15992,17.71254,30.00000,25.31603,0.03984,0.03537,0.07552
Rb2SnSbSe3Br3,1.29459,-1.22188,17.57121,30.00000,25.27738,0.03985,0.03536,0.07874
Na2SbAgBr3I3,1.05355,-1.06393,1.96612,30.00000,22.27526,0.03986,0.03355,0.47044
Na2MoGaO3I3,1.78576,-1.46763,1.79165,30.00000,21.89373,0.03986,0.03406,0.05455
K2FeMnBr3I3,1.04331,-1.29096,0.34765,30.00000,21.95846,0.03986,0.03339,0.46512
Na2SbZnO3Cl3,1.80531,-1.68968,0.15290,30.00000,21.57223,0.03986,0.03391,0.05489
Rb2ZrWSe6,1.27734,-1.34304,17.04679,30.00000,25.18939,0.03987,0.03528,0.08806
Na2TiGaSe3F3,1.78593,-2.18086,2.03112,30.00000,21.90877,0.03987,0.03408,0.05475
Na2MoMnO6,1.80779,-2.04615,0.22414,30.00000,21.55246,0.03987,0.03387,0.05500
K2SbCuSe3Br3,1.04402,-1.11862,0.24908,30.00000,21.91290,0.03988,0.03334,0.46696
K2MoWO6,1.80712,-2.14318,0.27396,30.00000,21.51940,0.03988,0.03395,0.05495
Rb2SnBiSe3I3,1.18815,-1.02145,14.22150,30.00000,24.70444,0.03989,0.03501,0.20452
K2GeGaSe3Br3,1.73092,-1.28821,6.20988,30.00000,22.73704,0.03989,0.03444,0.05389
K2TaFeO3Cl3,1.80636,-2.02954,0.73139,30.00000,21.63678,0.03990,0.03400,0.05500
Na2GeFeS3Br3,1.08883,-1.18885,6.66868,30.00000,23.19815,0.03990,0.03411,0.47166
K2GeTaO3I3,1.74827,-1.86299,5.25282,30.00000,22.54703,0.03991,0.03442,0.05434
Rb2CrWSe3Br3,1.28521,-1.32380,17.62323,30.00000,25.24806,0.03991,0.03533,0.08368
Li2MoGaSe3F3,1.79033,-1.85563,2.09120,30.00000,21.87555,0.03991,0.03411,0.05471
K2WGaS3Cl3,1.79503,-1.40002,1.65842,30.00000,21.76173,0.03991,0.03407,0.05473
Rb2MoInSe3I3,1.23757,-1.08327,16.64073,30.00000,25.07114,0.03992,0.03524,0.11658
Rb2SnNbSe3Br3,1.33370,-1.42677,18.14425,30.00000,25.35360,0.03992,0.03541,0.06868
Rb2SnTaSe3Br3,1.51537,-1.46135,16.76675,30.00000,24.94855,0.03992,0.03537,0.05270
Rb2TaFeS3I3,1.29963,-1.30720,18.08885,30.00000,25.31108,0.03993,0.03543,0.07631
K2ZrCrO6,1.81781,-2.68608,0.09933,30.00000,21.38880,0.03995,0.03397,0.05516
Na2SnFeSe3Cl3,1.04129,-1.22744,0.25211,30.00000,21.81055,0.03995,0.03333,0.46878
Rb2SnSbS3I3,1.49616,-0.99310,17.74108,30.00000,25.11251,0.03995,0.03543,0.05296
K2WBiO3Cl3,1.81391,-1.77273,0.21234,30.00000,21.42110,0.03996,0.03399,0.05539
Na2GeMoS6,1.70272,-1.03202,8.51270,30.00000,23.12157,0.03996,0.03467,0.05360
K2WGaSe3F3,1.79893,-1.86444,1.57535,30.00000,21.66577,0.03996,0.03406,0.05493
Rb2GeTaSe3I3,1.45680,-1.22226,18.70195,30.00000,25.27346,0.03996,0.03554,0.05399
Rb2MoGaSe3I3,1.26544,-1.10438,17.44911,30.00000,25.20143,0.03996,0.03534,0.09471
Na2NbTaO6,1.80395,-2.90600,0.90427,30.00000,21.60443,0.03997,0.03401,0.05518
K2GeInO3Br3,1.72293,-1.55160,7.59688,30.00000,22.93727,0.03997,0.03458,0.05383
Na2VTaO3S3,1.81231,-2.02438,0.85993,30.00000,21.57586,0.03998,0.03403,0.05547
Rb2CuZnI6,1.19258,-1.08747,15.01466,30.00000,24.69808,0.03999,0.03510,0.18909
Rb2MoInSe3Br3,1.33274,-1.38552,19.07686,30.00000,25.39499,0.04000,0.03552,0.06671
Rb2TiGaSe3I3,1.46053,-1.40292,18.30847,30.00000,25.22765,0.04000,0.03547,0.05386
Rb2TaCuSe3Br3,1.27097,-1.36297,17.77177,30.00000,25.19417,0.04000,0.03539,0.08981
K2VNbSe6,1.03955,-1.27982,0.40434,30.00000,21.92249,0.04001,0.03335,0.46867
Na2CrWO3Cl3,1.82075,-1.65744,0.13239,30.00000,21.39254,0.04001,0.03396,0.05558
Na2SnSbO3Cl3,1.81479,-1.60372,0.21147,30.00000,21.40528,0.04002,0.03396,0.05531
Rb2NbZnSe3Br3,1.40672,-1.42247,19.30222,30.00000,25.37023,0.04003,0.03559,0.05683
Na2SbAgO3S3,1.77921,-1.46005,3.56314,30.00000,22.04793,0.04003,0.03427,0.05492
Rb2MnBiO3I3,1.28124,-1.45078,18.22104,30.00000,25.23806,0.04003,0.03549,0.08597
K2GeSbSe3F3,1.73777,-1.75085,6.28222,30.00000,22.65183,0.04003,0.03449,0.05394
Li2WGaS3Cl3,1.79891,-1.29214,1.87066,30.00000,21.68772,0.04003,0.03415,0.05504
Rb2GeBiSe3I3,1.26943,-0.99233,17.96687,30.00000,25.18368,0.04003,0.03540,0.09247
Na2GeBiO3Br3,1.74731,-1.43437,5.63821,30.00000,22.46477,0.04005,0.03448,0.05401
K2VNbO3S3,1.82004,-2.06790,0.21268,30.00000,21.38042,0.04005,0.03398,0.05559
Na2GeInO3Br3,1.72302,-1.48996,8.05184,30.00000,22.90303,0.04006,0.03468,0.05429
K2SnGaO3Br3,1.80529,-1.53689,1.57280,30.00000,21.61312,0.04007,0.03412,0.05516
Rb2TiSbS3I3,1.41680,-1.28641,19.23874,30.00000,25.33278,0.04007,0.03558,0.05601
Na2SnGaSe3Cl3,1.80526,-1.27914,1.66398,30.00000,21.63148,0.04007,0.03412,0.05521
Rb2MoSbS3I3,1.27609,-1.01959,18.23969,30.00000,25.21772,0.04007,0.03546,0.09076
Rb2MoInS3I3,1.38592,-1.08318,19.25206,30.00000,25.32389,0.04008,0.03558,0.05837
Rb2MoSbO3I3,1.41599,-1.39179,19.30859,30.00000,25.32919,0.04008,0.03559,0.05587
Rb2WInS3I3,1.52728,-1.16393,17.45218,30.00000,24.87901,0.04008,0.03546,0.05273
Rb2SbAgCl3I3,1.40539,-1.27975,19.32359,30.00000,25.32833,0.04008,0.03559,0.05755
Rb2TaMnSe3Br3,1.25703,-1.51420,17.93771,30.00000,25.10265,0.04008,0.03545,0.10135
K2WGaO3Br3,1.80368,-1.64021,1.43371,30.00000,21.59561,0.04008,0.03411,0.05513
Rb2ZrGaSe3I3,1.53068,-1.41230,17.48867,30.00000,24.91369,0.04008,0.03546,0.05271
Rb2TiSbSe3Br3,1.46554,-1.47246,19.05471,30.00000,25.21490,0.04008,0.03562,0.05371
Rb2SnVSe3I3,1.22067,-1.19918,16.51618,30.00000,24.87369,0.04008,0.03527,0.14165
Rb2SnCrSe3I3,1.21459,-1.11734,16.47867,30.00000,24.84751,0.04009,0.03527,0.15673
Rb2TaCuS3I3,1.52271,-1.19863,17.94081,30.00000,24.95187,0.04009,0.03554,0.05287
K2GeMnO3S3,1.69648,-1.69835,9.72672,30.00000,23.26045,0.04010,0.03487,0.05352
Rb2TaSbS3Se3,1.42691,-1.15637,19.70778,30.00000,25.32382,0.04010,0.03568,0.05548
Na2ZrGaO3Br3,1.80397,-2.10469,1.71256,30.00000,21.58616,0.04011,0.03411,0.05545
Rb2WGaSe3Br3,1.51656,-1.37247,18.18130,30.00000,24.97315,0.04011,0.03555,0.05298
K2TaMnO3Cl3,1.81770,-2.08635,0.73455,30.00000,21.38656,0.04011,0.03404,0.05561
Rb2VCuSe3I3,1.24121,-1.13352,17.49365,30.00000,25.02876,0.04011,0.03539,0.11501
Na2MoSbO3Cl3,1.82397,-1.70798,0.28902,30.00000,21.36309,0.04011,0.03402,0.05581
K2MoMnO6,1.82310,-2.06397,0.22545,30.00000,21.30222,0.04011,0.03400,0.05566
Rb2NbMnS3I3,1.35955,-1.26852,19.74414,30.00000,25.37199,0.04012,0.03564,0.06215
Rb2SnGaSe3I3,1.54910,-1.03977,17.01417,30.00000,24.74508,0.04012,0.03544,0.05286
K2FeMnS3Se3,1.03871,-1.10918,0.22974,30.00000,21.71838,0.04012,0.03335,0.46876
Rb2ZrBiO3I3,1.54339,-1.83055,17.50594,30.00000,24.84953,0.04013,0.03548,0.05288
Rb2MnSbCl3I3,1.27555,-1.45054,18.83283,30.00000,25.23970,0.04013,0.03554,0.08878
Na2WInO3Br3,1.81096,-1.54448,1.35930,30.00000,21.51230,0.04014,0.03410,0.05536
Rb2TaZnO3I3,1.48668,-1.82119,18.91041,30.00000,25.12103,0.04014,0.03560,0.05336
Na2ZrFeSe3Br3,1.03768,-1.46229,0.19782,30.00000,21.65692,0.04014,0.03335,0.46934
Na2FeMnSe3Br3,1.03543,-1.26312,0.18123,30.00000,21.66622,0.04015,0.03333,0.46882
K2MoBiSe3I3,1.03970,-1.01262,0.51113,30.00000,21.64909,0.04016,0.03339,0.47063
Rb2SnCrS3I3,1.27934,-1.10158,19.18992,30.00000,25.24396,0.04016,0.03559,0.08546
Rb2GeNbSe3I3,1.36776,-1.16936,20.12096,30.00000,25.39811,0.04017,0.03566,0.06139
Na2TiCrS3Se3,1.03862,-1.30857,0.24709,30.00000,21.61506,0.04017,0.03335,0.46711
Na2GeInS3I3,1.75168,-0.92089,6.27455,30.00000,22.45119,0.04017,0.03457,0.05470
Rb2SbZnO3I3,1.41765,-1.38184,19.97957,30.00000,25.28929,0.04017,0.03567,0.05590
Rb2WSbS3Br3,1.48180,-1.26933,19.10345,30.00000,25.15235,0.04017,0.03566,0.05354
Na2SbAgI6,1.04619,-0.82978,1.94514,30.00000,21.96895,0.04018,0.03358,0.47280
Rb2MnZnCl3I3,1.43041,-1.48773,20.12707,30.00000,25.34174,0.04018,0.03569,0.05503
Rb2FeSbO3I3,1.36329,-1.34588,20.22328,30.00000,25.38313,0.04018,0.03574,0.06241
Rb2NbMnSe3I3,1.20683,-1.27454,16.88342,30.00000,24.85856,0.04018,0.03532,0.16221
K2GeMoO3Se3,1.74805,-1.50043,6.70634,30.00000,22.54058,0.04018,0.03461,0.05454
Rb2MoGaSe3Br3,1.39504,-1.35717,20.16051,30.00000,25.35200,0.04018,0.03569,0.05820
Na2SbCuSe3Br3,1.03327,-1.00786,0.24961,30.00000,21.55309,0.04018,0.03339,0.47127
K2GeGaO3I3,1.74899,-1.38937,6.90044,30.00000,22.54807,0.04018,0.03466,0.05471
Rb2WSbSe3Cl3,1.49196,-1.35345,19.04426,30.00000,25.09560,0.04019,0.03566,0.05341
Rb2MnCuCl3I3,1.38088,-1.39329,20.18250,30.00000,25.34259,0.04019,0.03568,0.05991
Rb2MoSbSe3Br3,1.23910,-1.23125,18.06553,30.00000,25.05697,0.04020,0.03542,0.11878
K2MoMnO3S3,1.82508,-1.70700,0.21091,30.00000,21.19867,0.04021,0.03405,0.05556
K2CrMnSe6,1.03569,-1.18656,0.33803,30.00000,21.57876,0.04021,0.03340,0.47021
Rb2WSbO3I3,1.55972,-1.45094,17.42119,30.00000,24.73857,0.04021,0.03554,0.05287
Rb2WFeSe3Cl3,1.40832,-1.40469,20.63577,30.00000,25.38357,0.04023,0.03577,0.05678
Rb2WFeS3Br3,1.39314,-1.36820,20.71581,30.00000,25.36842,0.04023,0.03577,0.05818
Rb2SnZnF3I3,1.46594,-1.89580,19.80577,30.00000,25.21865,0.04024,0.03574,0.05391
Rb2SnFeO3I3,1.45588,-1.31045,20.27724,30.00000,25.23023,0.04024,0.03574,0.05425
Rb2MnZnI6,1.16820,-1.16941,15.13137,30.00000,24.44736,0.04024,0.03512,0.24159
Rb2TiInS3I3,1.42504,-1.36247,20.31970,30.00000,25.26036,0.04025,0.03576,0.05621
Rb2CuZnCl3I3,1.46373,-1.39627,19.91503,30.00000,25.21527,0.04025,0.03574,0.05419
Rb2WBiO3I3,1.60546,-1.42356,15.90595,30.00000,24.35071,0.04025,0.03544,0.05305
Na2GeZnS3Se3,1.75025,-0.92855,6.77171,30.00000,22.45414,0.04025,0.03462,0.05454
K2GeBiO3Br3,1.76958,-1.46142,5.36950,30.00000,22.14107,0.04026,0.03452,0.05521
Rb2NbZnS3I3,1.50628,-1.20826,19.48873,30.00000,25.06675,0.04027,0.03575,0.05300
Rb2CrMnSe3I3,1.21988,-1.23992,17.61335,30.00000,24.87270,0.04027,0.03544,0.13530
Rb2CrMnS3I3,1.34843,-1.25805,20.76518,30.00000,25.40717,0.04027,0.03576,0.06465
Rb2SnCrSe6,1.26621,-1.05001,19.19049,30.00000,25.14600,0.04027,0.03562,0.09725
Rb2NbSbSe6,1.23828,-1.06709,18.27511,30.00000,24.98322,0.04027,0.03552,0.12075
Rb2VCuS3I3,1.34336,-1.15570,20.59215,30.00000,25.37491,0.04028,0.03575,0.06510
K2GeFeBr6,1.06150,-1.38972,4.97540,30.00000,22.45396,0.04029,0.03399,0.47753
Rb2TaMnSe3I3,1.17393,-1.30087,15.71813,30.00000,24.53824,0.04029,0.03523,0.22946
Na2CrWO3F3,1.83763,-2.55765,0.15050,30.00000,21.04208,0.04029,0.03410,0.05621
K2SnNbO3Br3,1.83584,-1.90330,0.16218,30.00000,21.06094,0.04029,0.03406,0.05638
Rb2NbCuO3I3,1.35908,-1.72579,20.77918,30.00000,25.41174,0.04029,0.03577,0.06353
K2NbTaO3S3,1.82695,-2.11621,0.78410,30.00000,21.24899,0.04030,0.03412,0.05606
K2MoGaO3I3,1.81861,-1.45391,1.71720,30.00000,21.41276,0.04030,0.03421,0.05595
Rb2VZnSe3Br3,1.31969,-1.41911,20.33838,30.00000,25.30320,0.04030,0.03574,0.07132
Rb2ZrSbS3I3,1.55064,-1.35011,18.28766,30.00000,24.76513,0.04031,0.03565,0.05311
Rb2TaFeS3Br3,1.34393,-1.50255,21.17515,30.00000,25.42004,0.04031,0.03582,0.06473
K2SnWS6,1.83666,-1.10805,0.18780,30.00000,21.07882,0.04032,0.03408,0.05624
Rb2TaMnSe3Cl3,1.40280,-1.63232,21.11691,30.00000,25.36995,0.04033,0.03584,0.05724
Rb2MoGaS3I3,1.47325,-1.09677,20.34500,30.00000,25.19124,0.04033,0.03582,0.05382
Rb2TaCuO3I3,1.53180,-1.75984,18.95871,30.00000,24.93074,0.04033,0.03568,0.05307
Rb2CrWO3I3,1.52692,-1.54358,18.81395,30.00000,24.87760,0.04034,0.03567,0.05340
Rb2TaSbSe6,1.19134,-1.07990,16.88577,30.00000,24.71801,0.04034,0.03537,0.19251
Rb2TiBiS3I3,1.57627,-1.29512,17.40125,30.00000,24.57394,0.04034,0.03558,0.05329
K2SnGeI6,1.05314,-1.01853,3.84124,30.00000,22.14477,0.04035,0.03386,0.47839
Rb2VCuSe3Br3,1.30318,-1.33118,20.39538,30.00000,25.27489,0.04035,0.03575,0.07632
Rb2MoSbSe3Cl3,1.38912,-1.28325,21.34701,30.00000,25.39643,0.04036,0.03582,0.05847
Rb2TaFeSe3Cl3,1.36017,-1.57416,21.09031,30.00000,25.30352,0.04036,0.03585,0.06296
Rb2CuZnF3I3,1.36317,-1.89209,21.24848,30.00000,25.38242,0.04036,0.03589,0.06232
Rb2SnZnCl3I3,1.53959,-1.43497,18.64424,30.00000,24.80542,0.04036,0.03571,0.05320
Rb2WMnS3Se3,1.44924,-1.18946,20.95112,30.00000,25.27379,0.04037,0.03584,0.05479
Rb2SnNbS3I3,1.55849,-1.18776,18.31962,30.00000,24.69515,0.04037,0.03567,0.05329
K2VMnO3Cl3,1.84121,-2.03002,0.09715,30.00000,20.99745,0.04037,0.03409,0.05619
Rb2GeTaSe3Br3,1.42310,-1.41398,21.34482,30.00000,25.35810,0.04037,0.03588,0.05666
Na2CrMnSe6,1.03134,-1.12738,0.34321,30.00000,21.39874,0.04038,0.03341,0.47007
Rb2MnSbO3I3,1.27738,-1.45874,20.24796,30.00000,25.21609,0.04038,0.03572,0.08641
Rb2AgGaCl3I3,1.41006,-1.41434,21.44073,30.00000,25.35168,0.04038,0.03590,0.05618
K2ZrCrSe3I3,1.03068,-1.30198,0.47600,30.00000,21.42169,0.04038,0.03341,0.47286
Rb2MoAgO3I3,1.39986,-1.37264,21.35719,30.00000,25.36582,0.04039,0.03589,0.05767
Na2CrAgSe3I3,1.04007,-0.95975,2.19382,30.00000,21.79074,0.04039,0.03360,0.47499
Rb2MnInO3I3,1.38752,-1.51946,21.39581,30.00000,25.31656,0.04040,0.03588,0.05931
Rb2TiWSe6,1.20416,-1.32715,17.87252,30.00000,24.85660,0.04040,0.03545,0.16584
Rb2MnCuF3I3,1.40388,-1.95436,21.55331,30.00000,25.34771,0.04040,0.03591,0.05708
Rb2GeWSe6,1.34703,-1.03735,21.13793,30.00000,25.34292,0.04041,0.03586,0.06654
K2GeSbO3Br3,1.76670,-1.47068,6.17741,30.00000,22.19316,0.04041,0.03462,0.05519
K2VFeSe3Br3,1.02872,-1.35693,0.21761,30.00000,21.33998,0.04042,0.03341,0.47122
Rb2SnNbS3Br3,1.39904,-1.37768,21.55936,30.00000,25.36350,0.04042,0.03592,0.05786
Rb2VZnSe3I3,1.19243,-1.26311,17.45151,30.00000,24.71419,0.04043,0.03543,0.19487
K2VSbSe6,1.02785,-1.05276,0.40847,30.00000,21.35081,0.04043,0.03340,0.47382
Rb2GeSbSe3I3,1.24969,-0.97345,19.54523,30.00000,25.06607,0.04044,0.03568,0.10903
Rb2SnMoS3Se3,1.43507,-1.04512,21.71873,30.00000,25.30123,0.04045,0.03593,0.05576
Rb2VMnS3I3,1.27935,-1.32132,20.81886,30.00000,25.24950,0.04045,0.03578,0.08944
Rb2MnInSe3I3,1.18441,-1.19812,17.28760,30.00000,24.70637,0.04045,0.03540,0.19845
Rb2SnVS3I3,1.23419,-1.19550,19.23738,30.00000,25.03567,0.04045,0.03565,0.11997
Rb2TaZnS3I3,1.57679,-1.27480,17.89724,30.00000,24.53814,0.04046,0.03565,0.05309
K2GeFeS3Br3,1.06555,-1.28125,6.28681,30.00000,22.53318,0.04046,0.03417,0.48350
K2GeWO3Se3,1.78210,-1.48512,5.73658,30.00000,22.01937,0.04046,0.03462,0.05551
Rb2NbMnO3I3,1.48286,-1.94874,21.00993,30.00000,25.15609,0.04046,0.03595,0.05385
Na2GeWS6,1.76290,-1.05663,6.97769,30.00000,22.28871,0.04046,0.03471,0.05512
Rb2SnNbSe3Cl3,1.45785,-1.54034,21.46770,30.00000,25.23573,0.04046,0.03591,0.05495
Rb2MnBiO3Se3,1.42594,-1.39566,21.64152,30.00000,25.29296,0.04047,0.03594,0.05597
Rb2SnMnCl3I3,1.21582,-1.46244,18.87797,30.00000,24.91743,0.04048,0.03561,0.14840
Rb2MnZnF3I3,1.44929,-1.97095,21.49063,30.00000,25.27551,0.04049,0.03594,0.05519
Rb2NbSbS3Se3,1.43634,-1.09349,21.71481,30.00000,25.31559,0.04049,0.03598,0.05579
Rb2MnBiO3Br3,1.30119,-1.59106,21.42313,30.00000,25.30339,0.04049,0.03587,0.07875
Na2CrWO6,1.84092,-2.16219,0.15159,30.00000,20.90324,0.04049,0.03412,0.05672
Rb2SbZnS3I3,1.56261,-1.05759,18.83286,30.00000,24.68836,0.04050,0.03576,0.05347
Li2GeGaO3Br3,1.73304,-1.48577,9.50069,30.00000,22.78409,0.04050,0.03495,0.05500
Rb2MnSbF3I3,1.51318,-1.95718,20.01719,30.00000,24.89984,0.04050,0.03583,0.05357
Na2GeGaSe3Br3,1.77272,-1.21095,6.49925,30.00000,22.17759,0.04051,0.03469,0.05543
Rb2NbFeO3I3,1.50467,-1.85333,20.98337,30.00000,25.06751,0.04051,0.03587,0.05364
Na2ZrCrSe3I3,1.03052,-1.28967,0.48553,30.00000,21.36876,0.04051,0.03339,0.47089
K2TiFeSe3Br3,1.02200,-1.49658,0.18936,30.00000,21.28916,0.04052,0.03338,0.47148
Rb2TiGaS3I3,1.46925,-1.37521,21.54418,30.00000,25.19766,0.04052,0.03596,0.05444
Rb2TiInSe3Br3,1.53065,-1.60756,20.13452,30.00000,24.90581,0.04052,0.03587,0.05348
K2CrAgSe3I3,1.03501,-1.02989,2.12016,30.00000,21.65891,0.04053,0.03366,0.47752
K2WSbO3Cl3,1.84249,-1.79412,0.21767,30.00000,20.90013,0.04053,0.03417,0.05681
K2MoFeSe3Br3,1.02457,-1.26611,0.26161,30.00000,21.27933,0.04053,0.03339,0.47245
Rb2MoWO3Se3,1.48464,-1.49635,21.23350,30.00000,25.14708,0.04054,0.03594,0.05372
Rb2FeZnF3I3,1.29881,-1.93706,21.46281,30.00000,25.28703,0.04054,0.03586,0.07891
Rb2CuZnBr3I3,1.17022,-1.28726,17.03747,30.00000,24.53646,0.04054,0.03544,0.23442
Na2WAgO3F3,1.81078,-2.24356,3.36063,30.00000,21.48003,0.04055,0.03443,0.05609
Rb2SnInSe3Br3,1.57488,-1.35440,18.55251,30.00000,24.56442,0.04055,0.03572,0.05337
Rb2GeSbSe3Br3,1.34582,-1.12161,22.51513,30.00000,25.36302,0.04056,0.03600,0.06592
Na2NbFeSe3I3,1.02711,-1.13509,0.50509,30.00000,21.26722,0.04056,0.03342,0.47397
Rb2CrWS3I3,1.60048,-1.28751,17.79397,30.00000,24.38195,0.04057,0.03568,0.05354
Rb2VZnS3I3,1.25481,-1.24124,20.53471,30.00000,25.12162,0.04057,0.03579,0.10357
Rb2SnCrSe3Br3,1.20918,-1.37627,19.00612,30.00000,24.88352,0.04057,0.03563,0.15987
Na2CrMnO3F3,1.84658,-2.60010,0.02767,30.00000,20.85250,0.04058,0.03415,0.05692
Rb2SnCuS3Se3,1.36637,-0.90821,22.66228,30.00000,25.33973,0.04059,0.03609,0.06331
Rb2GeCrSe3I3,1.26084,-1.11715,20.98179,30.00000,25.15547,0.04060,0.03587,0.10179
Rb2GeGaSe3I3,1.48308,-1.00275,21.45804,30.00000,25.09872,0.04060,0.03599,0.05419
Rb2FeMnF3I3,1.47679,-1.94213,21.77402,30.00000,25.18806,0.04060,0.03598,0.05451
K2SnGeBr3I3,1.04342,-1.23891,4.16276,30.00000,21.98937,0.04061,0.03385,0.48210
Na2SnBiO3Cl3,1.85037,-1.52943,0.20618,30.00000,20.78648,0.04061,0.03416,0.05682
Na2SnFeS3Se3,1.02658,-0.87321,0.26570,30.00000,21.09722,0.04061,0.03343,0.47167
Rb2WFeSe3I3,1.14235,-1.11664,15.38532,30.00000,24.17139,0.04061,0.03525,0.34053
K2WFeO3Cl3,1.85472,-1.58499,0.13046,30.00000,20.81030,0.04061,0.03417,0.05696
Rb2NbZnO3I3,1.52971,-1.77497,20.72079,30.00000,24.91537,0.04061,0.03597,0.05341
Rb2MoWS3Se3,1.54921,-1.16806,19.93475,30.00000,24.76633,0.04061,0.03588,0.05351
Rb2MnGaO3I3,1.40718,-1.52376,22.75681,30.00000,25.39811,0.04062,0.03607,0.05712
Na2NbMnO3F3,1.85374,-2.76529,0.14797,30.00000,20.76856,0.04063,0.03422,0.05706
Rb2SnBiS3I3,1.63900,-1.02607,16.17094,30.00000,23.97230,0.04063,0.03557,0.05397
Rb2GeZnBr3I3,1.23239,-1.32628,20.50892,30.00000,25.04953,0.04063,0.03579,0.12676
Na2ZrMoO6,1.85605,-2.75835,0.25316,30.00000,20.79225,0.04064,0.03417,0.05717
Li2SnGaSe3Cl3,1.83689,-1.26384,1.76324,30.00000,21.05875,0.04064,0.03436,0.05675
Rb2MoBiO3I3,1.61529,-1.35762,17.46412,30.00000,24.21080,0.04065,0.03568,0.05374
Rb2CrAgO3I3,1.44979,-1.42681,22.51461,30.00000,25.24996,0.04065,0.03609,0.05471
Rb2SbCuSe3Br3,1.19018,-1.17759,18.70093,30.00000,24.67891,0.04065,0.03563,0.19021
Rb2MoSbSe3I3,1.14644,-1.01585,15.78792,30.00000,24.16540,0.04065,0.03529,0.32216
Na2GeGaS3I3,1.77818,-0.94698,6.73136,30.00000,21.99282,0.04067,0.03477,0.05585
K2SnFeSe3Cl3,1.02073,-1.32575,0.25131,30.00000,21.13175,0.04067,0.03337,0.47419
Na2WFeO3F3,1.85477,-2.45783,0.13933,30.00000,20.77569,0.04069,0.03418,0.05710
Rb2AgGaF3I3,1.32077,-1.88819,22.78748,30.00000,25.34695,0.04069,0.03607,0.07180
Rb2SnMnF3I3,1.56169,-1.99885,20.06980,30.00000,24.66857,0.04069,0.03588,0.05373
Rb2SnVSe3Cl3,1.36378,-1.54157,22.75805,30.00000,25.33835,0.04069,0.03611,0.06220
Rb2ZrCrS3I3,1.21241,-1.34109,19.83504,30.00000,24.88467,0.04069,0.03575,0.15172
Rb2TiWS3Se3,1.52358,-1.37829,21.15556,30.00000,24.89503,0.04070,0.03599,0.05403
Rb2ZrSbSe3Br3,1.61168,-1.52149,18.11256,30.00000,24.29073,0.04071,0.03576,0.05388
Na2NbFeO3F3,1.85813,-2.64458,0.14479,30.00000,20.68775,0.04071,0.03423,0.05786
Rb2TaZnO3Br3,1.48977,-1.93238,22.33015,30.00000,25.11302,0.04071,0.03612,0.05448
Rb2WAgS3I3,1.60627,-1.13305,18.25726,30.00000,24.29766,0.04072,0.03579,0.05373
Rb2TaCuS3Br3,1.53728,-1.42670,20.96769,30.00000,24.86301,0.04072,0.03597,0.05387
Rb2TaCuSe3Cl3,1.53971,-1.47445,20.88572,30.00000,24.81194,0.04072,0.03600,0.05380
Rb2SnMoSe6,1.17401,-1.01769,18.27833,30.00000,24.58067,0.04072,0.03561,0.23743
Rb2MoAgS3I3,1.21492,-1.05788,20.15492,30.00000,24.87133,0.04073,0.03582,0.15926
Rb2GeInSe3I3,1.54449,-1.02384,20.44513,30.00000,24.76991,0.04073,0.03596,0.05369
Rb2MnInS3I3,1.21243,-1.15514,20.14120,30.00000,24.90514,0.04073,0.03582,0.15449
Rb2SnVSe3Br3,1.19624,-1.41092,19.05336,30.00000,24.70321,0.04073,0.03565,0.19859
K2SnGaSe3Cl3,1.83678,-1.42748,1.58862,30.00000,20.97782,0.04073,0.03428,0.05678
Rb2NbCuS3I3,1.20388,-1.13247,19.54076,30.00000,24.79264,0.04073,0.03577,0.16697
Na2MoWO6,1.85611,-2.11228,0.27675,30.00000,20.72036,0.04074,0.03420,0.05746
Rb2CrMoSe3Br3,1.20301,-1.31634,19.58487,30.00000,24.80812,0.04074,0.03573,0.17201
Rb2CrWS3Se3,1.53514,-1.26705,21.03844,30.00000,24.87318,0.04074,0.03603,0.05407
Rb2WAgO3I3,1.57891,-1.40041,19.23836,30.00000,24.47269,0.04074,0.03585,0.05370
Rb2SnCrS3Se3,1.44195,-1.07909,23.04515,30.00000,25.31051,0.04075,0.03617,0.05539
Rb2ZrGaS3I3,1.55709,-1.37589,20.40832,30.00000,24.67067,0.04075,0.03597,0.05359
Na2FeMnSe6,1.02115,-0.94525,0.33511,30.00000,21.08584,0.04076,0.03342,0.47428
Rb2NbTaS3Se3,1.55286,-1.28604,20.41996,30.00000,24.71651,0.04076,0.03593,0.05359
Na2GeMnO3S3,1.73085,-1.62153,10.68885,30.00000,22.72995,0.04076,0.03514,0.05516
Rb2CrWO3Se3,1.49038,-1.59311,22.49662,30.00000,25.13128,0.04076,0.03613,0.05420
Rb2TaFeSe3I3,1.13486,-1.28569,15.70343,30.00000,24.03660,0.04076,0.03533,0.35661
Na2TiCrSe3I3,1.02275,-1.25722,0.49291,30.00000,21.03213,0.04076,0.03340,0.47692
Rb2ZrInS3I3,1.58436,-1.38390,19.30601,30.00000,24.49997,0.04077,0.03589,0.05368
K2MoFeO3F3,1.85818,-2.50398,0.21916,30.00000,20.64381,0.04077,0.03425,0.05723
Na2SnSbO3F3,1.85943,-2.26145,0.23934,30.00000,20.67693,0.04077,0.03421,0.05729
K2GeMnI6,1.04417,-1.14289,4.05852,30.00000,21.73013,0.04078,0.03388,0.48301
Rb2SbZnSe3Br3,1.60564,-1.28774,18.65255,30.00000,24.29406,0.04079,0.03588,0.05380
K2CrMoO3S3,1.85624,-1.75554,0.22060,30.00000,20.66039,0.04079,0.03420,0.05710
Na2SnCuF3I3,1.02954,-1.77159,0.46364,30.00000,21.08465,0.04080,0.03341,0.47419
Rb2ZrInSe3Br3,1.59356,-1.65822,19.12986,30.00000,24.37412,0.04080,0.03590,0.05388
Rb2SbZnO3Br3,1.41353,-1.52932,23.94615,30.00000,25.34824,0.04082,0.03623,0.05788
Rb2NbZnSe3Cl3,1.47708,-1.50822,23.11871,30.00000,25.18247,0.04082,0.03622,0.05469
Rb2ZrWS3Se3,1.57875,-1.38322,19.99801,30.00000,24.56844,0.04082,0.03593,0.05393
Rb2SnSbS3Br3,1.55770,-1.10476,20.74658,30.00000,24.69156,0.04083,0.03603,0.05382
Rb2MnSbSe3Br3,1.18126,-1.32137,18.88849,30.00000,24.56251,0.04083,0.03567,0.22655
Rb2VMnSe3I3,1.15506,-1.31057,17.65488,30.00000,24.32951,0.04083,0.03557,0.27513
Rb2MoSbS3Br3,1.23452,-1.25299,21.43668,30.00000,25.00220,0.04083,0.03597,0.12781
Rb2GeVSe3I3,1.22663,-1.21116,21.02640,30.00000,24.93457,0.04084,0.03589,0.13876
Na2VMnO3F3,1.86423,-2.67380,0.10006,30.00000,20.58091,0.04084,0.03425,0.05756
Rb2TaZnSe3Cl3,1.56342,-1.57526,20.82728,30.00000,24.70034,0.04084,0.03604,0.05365
Rb2MnGaS3I3,1.22423,-1.16170,21.34405,30.00000,24.97332,0.04085,0.03599,0.13602
Rb2SnFeF3I3,1.58156,-1.85555,20.04551,30.00000,24.52304,0.04085,0.03598,0.05369
Rb2MoFeO3I3,1.56004,-1.40405,20.92842,30.00000,24.69514,0.04085,0.03607,0.05396
Rb2TaMnO3I3,1.60360,-2.01640,19.14639,30.00000,24.34032,0.04085,0.03588,0.05379
Rb2TaCuO3Br3,1.52022,-1.87347,22.39720,30.00000,24.97934,0.04087,0.03613,0.05432
Na2FeAgCl3I3,1.02763,-1.14637,2.43801,30.00000,21.33683,0.04087,0.03373,0.48087
Rb2MnCuBr3I3,1.14328,-1.33992,17.23262,30.00000,24.23459,0.04087,0.03550,0.32601
Rb2CrMoO3I3,1.56313,-1.54804,21.04124,30.00000,24.64979,0.04088,0.03608,0.05403
Rb2GeZnBr6,1.44301,-1.47238,23.85277,30.00000,25.29986,0.04089,0.03624,0.05594
Rb2FeCuF3I3,1.23150,-1.88745,21.52534,30.00000,24.96961,0.04090,0.03602,0.13286
K2VTaO3S3,1.85911,-2.05453,0.81578,30.00000,20.66211,0.04091,0.03434,0.05767
Na2VSbO6,1.86933,-2.19029,0.25254,30.00000,20.54466,0.04091,0.03429,0.05811
Rb2SnGeCl3I3,1.52129,-1.40527,22.47310,30.00000,24.94119,0.04091,0.03617,0.05420
Rb2FeSbO3Br3,1.40470,-1.48846,24.30350,30.00000,25.37839,0.04091,0.03627,0.05792
Rb2VTaS3Se3,1.56167,-1.33271,21.55926,30.00000,24.71255,0.04092,0.03616,0.05405
Rb2VZnSe3Cl3,1.33729,-1.53893,24.62802,30.00000,25.36826,0.04094,0.03630,0.06871
Na2MoInO3Br3,1.85244,-1.63320,1.59957,30.00000,20.78646,0.04094,0.03438,0.05776
Rb2AgGaBr3I3,1.16073,-1.28343,18.49763,30.00000,24.38023,0.04096,0.03564,0.29167
Rb2ZrSbO3I3,1.61179,-1.85591,19.36560,30.00000,24.25873,0.04096,0.03598,0.05416
Rb2MnSbO3Br3,1.32798,-1.58269,24.33948,30.00000,25.37538,0.04097,0.03630,0.07250
K2GeCuCl3I3,1.04453,-1.25482,5.23035,30.00000,21.80072,0.04097,0.03407,0.48710
Rb2VCuO3I3,1.54800,-1.61748,21.97430,30.00000,24.79115,0.04097,0.03617,0.05398
Rb2SnWS3Se3,1.61582,-1.06745,19.33774,30.00000,24.21773,0.04097,0.03595,0.05438
K2CrWO6,1.86719,-2.19736,0.15834,30.00000,20.48306,0.04098,0.03427,0.05789
Rb2ZrGaSe3Br3,1.59003,-1.64714,20.22278,30.00000,24.40666,0.04098,0.03600,0.05416
Rb2WGaS3I3,1.63036,-1.17666,18.34850,30.00000,24.02981,0.04098,0.03587,0.05445
Rb2SbCuS3I3,1.16691,-0.89285,18.88162,30.00000,24.41741,0.04099,0.03567,0.26866
Rb2AgInBr3I3,1.14916,-1.29182,17.65438,30.00000,24.19199,0.04099,0.03554,0.31384
Na2VFeSe3I3,1.02046,-1.17256,0.50857,30.00000,20.88103,0.04099,0.03350,0.47555
Rb2TiCrO3I3,1.54445,-1.98956,22.40128,30.00000,24.82197,0.04099,0.03625,0.05405
Rb2MoSbO3Br3,1.52940,-1.55557,22.95623,30.00000,24.91146,0.04100,0.03626,0.05393
Na2NbFeSe3Br3,1.01845,-1.27686,0.23063,30.00000,20.79153,0.04100,0.03346,0.47544
Rb2ZrMoS3Se3,1.23330,-1.36396,22.55765,30.00000,25.05053,0.04100,0.03608,0.12276
Rb2MoFeSe3Cl3,1.26525,-1.32899,23.37650,30.00000,25.17227,0.04100,0.03621,0.09896
Rb2CrMoS3I3,1.17517,-1.22165,19.77370,30.00000,24.57876,0.04100,0.03580,0.23168
Rb2GeNbS3I3,1.52075,-1.16704,23.47939,30.00000,25.00149,0.04101,0.03631,0.05445
Rb2SnGeF3I3,1.49813,-1.87606,23.86039,30.00000,25.09917,0.04101,0.03633,0.05445
Rb2MnSbO3Se3,1.45983,-1.41708,24.60104,30.00000,25.24401,0.04101,0.03641,0.05565
Rb2MoGaS3Br3,1.47033,-1.32992,24.23077,30.00000,25.15672,0.04102,0.03637,0.05512
Rb2ZrCrSe3Br3,1.17514,-1.55975,19.64511,30.00000,24.52114,0.04102,0.03581,0.24186
Rb2ZrCrO3I3,1.58046,-1.99599,21.11460,30.00000,24.51186,0.04102,0.03611,0.05446
Rb2SbCuO3I3,1.17960,-1.29280,20.03405,30.00000,24.60479,0.04102,0.03586,0.21692
Rb2VCuSe3Cl3,1.32117,-1.44417,24.70982,30.00000,25.28473,0.04102,0.03636,0.07431
Rb2MnGaSe3I3,1.15341,-1.18409,18.16423,30.00000,24.24994,0.04103,0.03563,0.30185
Rb2NbTaO3Se3,1.56197,-2.11517,21.76131,30.00000,24.64573,0.04103,0.03614,0.05413
Rb2VSbS3Se3,1.24737,-1.07765,23.03405,30.00000,25.07543,0.04103,0.03614,0.11406
Rb2SnGaSe3Br3,1.61285,-1.33489,19.57835,30.00000,24.18869,0.04104,0.03604,0.05438
Rb2GeCrS3I3,1.31791,-1.11196,24.67485,30.00000,25.33636,0.04104,0.03635,0.07521
Rb2TaFeSe3Br3,1.14654,-1.47003,17.91839,30.00000,24.14980,0.04104,0.03564,0.34307
Rb2GeZnF3I3,1.38233,-1.93238,25.51812,30.00000,25.39305,0.04104,0.03645,0.06093
Rb2SbAgO3Se3,1.44155,-1.27180,24.79114,30.00000,25.27953,0.04104,0.03641,0.05613
Na2WSbO3F3,1.87101,-2.30364,0.24084,30.00000,20.45518,0.04105,0.03432,0.05796
Rb2GeZnI6,1.14870,-1.14621,18.04602,30.00000,24.17752,0.04105,0.03562,0.32325
Rb2SbCuO3Br3,1.27543,-1.43414,24.02403,30.00000,25.19214,0.04106,0.03626,0.09253
Rb2VTaSe6,1.14910,-1.31438,18.21211,30.00000,24.22647,0.04106,0.03562,0.33037
Rb2ZrGaO3I3,1.56946,-2.00796,21.69440,30.00000,24.61197,0.04106,0.03622,0.05402
Rb2NbMnSe3Br3,1.16627,-1.47683,19.55527,30.00000,24.43757,0.04107,0.03579,0.25664
Rb2NbSbO3Se3,1.53185,-1.77588,23.26765,30.00000,24.88937,0.04107,0.03631,0.05418
K2GeInS3I3,1.81248,-1.03099,6.01262,30.00000,21.48231,0.04108,0.03482,0.05718
Rb2SnVS3Br3,1.23736,-1.38735,22.86939,30.00000,25.00921,0.04108,0.03619,0.12572
Rb2SnFeO3Br3,1.49035,-1.43048,24.38913,30.00000,25.12675,0.04108,0.03638,0.05498
Rb2MnGaSe3Br3,1.18708,-1.42098,21.15017,30.00000,24.66064,0.04109,0.03598,0.21159
Rb2ZrInO3I3,1.60836,-1.99726,20.45416,30.00000,24.26223,0.04109,0.03612,0.05423
Rb2SnCuO3Se3,1.27591,-1.35378,24.36556,30.00000,25.23560,0.04110,0.03634,0.09159
Rb2NbFeS3Br3,1.23861,-1.39890,23.57235,30.00000,25.09053,0.04110,0.03625,0.11900
Rb2VSbO3Se3,1.48435,-1.67632,24.79173,30.00000,25.14644,0.04110,0.03646,0.05494
K2WMnO3S3,1.87557,-1.68116,0.14613,30.00000,20.36859,0.04111,0.03430,0.05840
Rb2SnSbO3I3,1.63598,-1.31202,18.75240,30.00000,24.00011,0.04112,0.03596,0.05459
Rb2NbCuO3Br3,1.32503,-1.89037,25.12714,30.00000,25.33863,0.04112,0.03641,0.07367
Rb2CrAgS3I3,1.18350,-1.10020,21.17787,30.00000,24.67402,0.04112,0.03600,0.19907
Rb2TiSbSe3Cl3,1.56051,-1.60220,22.75980,30.00000,24.69211,0.04112,0.03629,0.05428
Na2FeCuCl3I3,1.01326,-1.16235,0.41791,30.00000,20.69462,0.04113,0.03347,0.47657
Rb2WFeSe3Br3,1.12894,-1.31821,17.54251,30.00000,23.98443,0.04113,0.03562,0.38244
Rb2VNbS3Se3,1.26401,-1.30041,24.03728,30.00000,25.14408,0.04114,0.03632,0.10126
Rb2VZnS3Br3,1.29060,-1.44400,24.77088,30.00000,25.22198,0.04115,0.03638,0.08625
Rb2SnZnO3Se3,1.50099,-1.40685,24.28597,30.00000,25.03516,0.04115,0.03643,0.05437
Na2GeCuCl3I3,1.04219,-1.16272,5.47071,30.00000,21.67924,0.04115,0.03414,0.49085
Rb2VMnSe3Cl3,1.28806,-1.57999,25.04256,30.00000,25.25196,0.04115,0.03644,0.08672
Rb2GeVS3I3,1.28294,-1.19577,24.73265,30.00000,25.22300,0.04116,0.03636,0.08932
Rb2ZrSbSe3Cl3,1.59037,-1.64617,21.42394,30.00000,24.44948,0.04117,0.03618,0.05446
Rb2MoMnO3Se3,1.45263,-1.55718,25.66072,30.00000,25.26984,0.04119,0.03653,0.05583
Rb2MnGaSe3Cl3,1.32035,-1.48878,25.55346,30.00000,25.32708,0.04119,0.03650,0.07501
K2WAgO3F3,1.85398,-2.34086,3.14875,30.00000,20.82134,0.04120,0.03462,0.05818
Rb2NbFeS3I3,1.15803,-1.22597,19.72063,30.00000,24.35853,0.04120,0.03584,0.27275
Rb2SnSbSe3Cl3,1.60829,-1.27702,20.66632,30.00000,24.26263,0.04121,0.03615,0.05479
Rb2VMnS3Br3,1.29365,-1.54439,25.19282,30.00000,25.25963,0.04122,0.03641,0.08493
Rb2SnMnI6,1.09518,-1.17232,14.43287,30.00000,23.31281,0.04123,0.03523,0.50095
Rb2VCuS3Br3,1.26928,-1.37670,24.85406,30.00000,25.19390,0.04123,0.03640,0.09788
Rb2ZrCrO3Se3,1.44478,-2.01453,25.91905,30.00000,25.26130,0.04124,0.03658,0.05643
Rb2SnMnS3Se3,1.20752,-1.07899,22.94073,30.00000,24.85619,0.04126,0.03619,0.16910
Rb2CrMnO3I3,1.58845,-1.59132,22.17390,30.00000,24.47023,0.04126,0.03626,0.05482
K2VTaO6,1.87538,-2.90298,0.89922,30.00000,20.35997,0.04126,0.03440,0.05849
Rb2TiCrS3I3,1.17117,-1.34525,20.96458,30.00000,24.46423,0.04127,0.03597,0.23905
Rb2GeCrSe6,1.25501,-1.05219,24.69790,30.00000,25.16628,0.04127,0.03642,0.10769
Rb2MnInO3Br3,1.47722,-1.60739,25.79009,30.00000,25.16343,0.04127,0.03657,0.05538
Rb2GeSbS3I3,1.57651,-0.96081,22.69244,30.00000,24.56007,0.04127,0.03638,0.05449
Rb2SbCuSe3Cl3,1.19103,-1.25492,22.25552,30.00000,24.68814,0.04127,0.03612,0.20506
K2MoAgSe3I3,1.01466,-0.99392,2.08267,30.00000,20.87247,0.04129,0.03372,0.48438
K2GeFeO3F3,1.76764,-2.31219,10.90472,30.00000,22.19533,0.04129,0.03530,0.05673
Rb2MoFeS3Br3,1.21812,-1.31582,23.49774,30.00000,24.88777,0.04130,0.03630,0.15036
K2CrWO3S3,1.88573,-1.73932,0.15355,30.00000,20.22844,0.04131,0.03437,0.05877
Rb2WGaS3Br3,1.60893,-1.37009,21.41488,30.00000,24.26780,0.04131,0.03626,0.05485
K2WGaO3I3,1.86917,-1.46013,1.50381,30.00000,20.42729,0.04132,0.03446,0.05843
Rb2MnGaS3Se3,1.29125,-1.15433,25.97449,30.00000,25.27391,0.04132,0.03653,0.08347
Rb2MoAgO3Br3,1.50225,-1.54440,25.51736,30.00000,25.04354,0.04133,0.03660,0.05499
Rb2TiGaSe3Br3,1.61217,-1.62823,21.34859,30.00000,24.24100,0.04134,0.03626,0.05508
Rb2NbMnSe3Cl3,1.21656,-1.57596,23.48310,30.00000,24.87194,0.04134,0.03627,0.15591
Rb2FeMnO3I3,1.60529,-1.54837,22.04844,30.00000,24.34867,0.04135,0.03631,0.05491
Rb2GeBiS3I3,1.62863,-0.99358,20.57984,30.00000,24.11794,0.04135,0.03617,0.05504
Rb2MnGaS3Br3,1.28171,-1.38394,25.70518,30.00000,25.19406,0.04135,0.03651,0.08839
Rb2CrMoS3Se3,1.21401,-1.20605,23.89238,30.00000,24.93205,0.04135,0.03634,0.15404
K2SnGaS3Br3,1.87622,-1.31712,1.45602,30.00000,20.34767,0.04136,0.03451,0.05873
K2SnInO3Cl3,1.87604,-1.72066,1.80969,30.00000,20.39600,0.04137,0.03456,0.05878
Rb2VFeS3I3,1.16300,-1.25167,20.79276,30.00000,24.37973,0.04137,0.03599,0.28584
Na2VSbSe6,1.01183,-1.00373,0.41643,30.00000,20.42338,0.04138,0.03348,0.47956
Rb2ZrMoO3Se3,1.55588,-2.02885,24.24008,30.00000,24.72742,0.04139,0.03654,0.05484
K2GeGaS3I3,1.82407,-1.05051,6.43139,30.00000,21.27531,0.04139,0.03496,0.05777
Rb2TiInO3I3,1.61609,-2.00182,21.59724,30.00000,24.22244,0.04139,0.03629,0.05491
Rb2GeNbSe3Br3,1.19676,-1.36513,23.29609,30.00000,24.74193,0.04140,0.03624,0.19868
Rb2SnSbO3Br3,1.61110,-1.50916,22.16907,30.00000,24.29192,0.04140,0.03639,0.05485
Rb2WMnS6,1.52340,-1.25570,25.68204,30.00000,24.97258,0.04140,0.03666,0.05480
Rb2CrMnO3Se3,1.38694,-1.60867,27.55888,30.00000,25.38760,0.04141,0.03677,0.06070
Rb2SnFeO3Se3,1.55138,-1.34676,24.65180,30.00000,24.78254,0.04141,0.03654,0.05492
Rb2MoSbSe3F3,1.58620,-1.80347,22.89166,30.00000,24.46840,0.04141,0.03640,0.05494
Rb2MnInSe6,1.14446,-1.10727,20.14544,30.00000,24.17917,0.04143,0.03596,0.34768
Rb2FeMnS3I3,1.15314,-1.22363,20.65483,30.00000,24.30351,0.04143,0.03597,0.29334
Rb2TiSbO3I3,1.64006,-1.83473,20.43702,30.00000,23.96908,0.04144,0.03622,0.05566
Rb2MoFeSe3F3,1.53794,-1.87924,25.24875,30.00000,24.84690,0.04144,0.03664,0.05488
Rb2MoGaSe3Cl3,1.55709,-1.39022,24.10410,30.00000,24.71478,0.04144,0.03653,0.05498
Rb2GeFeO3I3,1.49850,-1.40573,26.16504,30.00000,25.02047,0.04146,0.03668,0.05550
Rb2NbCuSe3Cl3,1.18920,-1.41857,23.19119,30.00000,24.68509,0.04147,0.03628,0.20885
K2CrMoSe6,1.00756,-1.17344,0.40741,30.00000,20.43249,0.04148,0.03350,0.47972
Rb2TaMnO3Br3,1.60949,-2.10333,22.66559,30.00000,24.30466,0.04149,0.03640,0.05518
K2GeFeO3Cl3,1.79763,-1.67609,9.41244,30.00000,21.71827,0.04149,0.03526,0.05751
Na2VFeO3F3,1.89679,-2.63443,0.09654,30.00000,20.02040,0.04149,0.03446,0.05955
Rb2VFeO3I3,1.61289,-1.78200,22.20366,30.00000,24.21967,0.04149,0.03642,0.05512
Rb2GeNbSe3Cl3,1.39748,-1.49027,27.85552,30.00000,25.33028,0.04150,0.03684,0.06014
Rb2ZrFeO3I3,1.64036,-1.94016,21.00070,30.00000,23.98649,0.04150,0.03629,0.05532
Rb2TaSbO3Se3,1.63549,-1.79071,20.95286,30.00000,24.02900,0.04151,0.03627,0.05509
Rb2VNbO3Se3,1.52304,-2.12629,25.96017,30.00000,24.91478,0.04151,0.03669,0.05512
Rb2SnMnBr3I3,1.09993,-1.40032,16.27698,30.00000,23.41399,0.04152,0.03547,0.50294
Rb2CrMoO3Se3,1.52729,-1.55881,25.79068,30.00000,24.91553,0.04153,0.03666,0.05508
Na2VFeSe3Br3,1.00662,-1.30717,0.21659,30.00000,20.29817,0.04153,0.03349,0.47945
Rb2TiBiO3I3,1.68701,-1.79973,18.37411,30.00000,23.45210,0.04155,0.03608,0.05593
Rb2TaSbS6,1.57745,-1.15832,23.72197,30.00000,24.45186,0.04155,0.03654,0.05491
Rb2SnCrO3I3,1.65253,-1.50057,20.38347,30.00000,23.80377,0.04155,0.03624,0.05545
Rb2SnTaS3I3,1.70418,-1.25392,16.92629,30.00000,23.16059,0.04156,0.03594,0.05619
Rb2ZrBiO3Br3,1.65731,-1.98888,20.42205,30.00000,23.77247,0.04156,0.03627,0.05578
Rb2VCuSe3F3,1.49115,-1.97586,26.81623,30.00000,25.05432,0.04156,0.03678,0.05567
Rb2NbCuSe3Br3,1.12512,-1.33191,19.35384,30.00000,23.87929,0.04156,0.03588,0.40431
Rb2ZrSbO3Br3,1.60389,-1.96467,23.05083,30.00000,24.32137,0.04157,0.03646,0.05513
Rb2NbCuS3Br3,1.18204,-1.37532,23.30953,30.00000,24.63107,0.04158,0.03633,0.22395
Rb2MnBiO3Cl3,1.52041,-1.72002,26.25906,30.00000,24.91828,0.04158,0.03674,0.05532
Na2MnInO3F3,1.87286,-2.43507,2.49893,30.00000,20.39965,0.04158,0.03467,0.05900
K2SbCuSe3I3,1.00193,-0.85174,0.49916,30.00000,20.30138,0.04159,0.03353,0.48022
Rb2TiMoS3Se3,1.19180,-1.35787,24.04358,30.00000,24.70794,0.04159,0.03639,0.19400
Rb2SnMnO3Se3,1.57868,-1.53043,24.68862,30.00000,24.55594,0.04161,0.03663,0.05508
Rb2MnInO3Se3,1.53367,-1.60815,26.06112,30.00000,24.88425,0.04161,0.03670,0.05492
Rb2GeNbS3Br3,1.47018,-1.37970,28.02312,30.00000,25.24783,0.04161,0.03689,0.05611
Rb2SnInO3I3,1.67024,-1.44887,19.79994,30.00000,23.63178,0.04161,0.03619,0.05576
K2GeWS6,1.83003,-1.08954,6.56569,30.00000,21.11800,0.04161,0.03504,0.05818
Rb2GeZnCl3I3,1.58827,-1.43270,23.93514,30.00000,24.44413,0.04162,0.03659,0.05492
Rb2TaFeO3Br3,1.62406,-1.96632,22.63486,30.00000,24.13627,0.04163,0.03646,0.05526
Rb2VZnO3I3,1.63818,-1.70850,21.90939,30.00000,23.94606,0.04164,0.03642,0.05553
Na2VSbO3S3,1.90171,-1.63328,0.23398,30.00000,19.89934,0.04164,0.03451,0.05974
Rb2WGaSe3Cl3,1.64588,-1.42599,21.32961,30.00000,23.88133,0.04164,0.03636,0.05553
Rb2NbFeSe3Br3,1.12596,-1.37731,19.53197,30.00000,23.89924,0.04164,0.03589,0.43323
Rb2GeMoS3Se3,1.45379,-1.04624,28.19147,30.00000,25.26000,0.04166,0.03691,0.05701
Na2TaFeO3F3,1.89110,-2.76999,0.86676,30.00000,20.00507,0.04167,0.03454,0.05940
Rb2TiWO3Se3,1.62551,-1.91953,22.63071,30.00000,24.10914,0.04167,0.03649,0.05540
Rb2WSbSe3F3,1.66538,-1.81260,20.26512,30.00000,23.66222,0.04168,0.03625,0.05560
Rb2NbTaS6,1.58037,-1.44610,24.77317,30.00000,24.57883,0.04168,0.03667,0.05515
Rb2ZrCrO3Br3,1.55785,-2.13285,25.63674,30.00000,24.66698,0.04168,0.03673,0.05517
Li2MoGaO3Br3,1.87814,-1.59690,1.91023,30.00000,20.21213,0.04168,0.03459,0.05914
Rb2CrAgO3Br3,1.50138,-1.60192,27.23421,30.00000,25.01234,0.04168,0.03683,0.05545
Rb2NbTaSe6,1.10731,-1.29742,17.40023,30.00000,23.46086,0.04168,0.03568,0.49587
Rb2MnBiS3I3,1.09279,-1.06930,17.26381,30.00000,23.36355,0.04169,0.03562,0.50381
K2TaZnO3F3,1.89737,-2.78355,0.80412,30.00000,19.97305,0.04169,0.03455,0.05943
Rb2FeMnO3Se3,1.51068,-1.46131,27.36499,30.00000,25.03305,0.04169,0.03687,0.05562
Rb2ZrBiS3I3,1.72094,-1.31358,16.62171,30.00000,22.95349,0.04170,0.03599,0.05660
Na2VZnO3Cl3,1.90343,-1.85668,0.08233,30.00000,19.81223,0.04170,0.03447,0.06004
Rb2WMnO3Se3,1.63396,-1.58631,22.39706,30.00000,24.01763,0.04170,0.03644,0.05547
Rb2TiCrO3Br3,1.49010,-2.12661,27.59931,30.00000,25.07498,0.04171,0.03686,0.05572
Rb2ZrFeS3I3,1.11762,-1.38272,19.73424,30.00000,23.80435,0.04172,0.03595,0.46206
Rb2VSbS6,1.35221,-1.11002,28.89483,30.00000,25.33819,0.04173,0.03697,0.06744
Na2SbZnO3F3,1.90758,-2.26202,0.17662,30.00000,19.85012,0.04173,0.03450,0.05958
Rb2SbCuS3Br3,1.15575,-1.20760,22.35901,30.00000,24.30867,0.04173,0.03622,0.29165
Rb2MnBiO6,1.36946,-1.80687,29.14504,30.00000,25.39736,0.04173,0.03697,0.06413
Na2FeMnO3F3,1.91071,-2.42919,0.01280,30.00000,19.78239,0.04173,0.03457,0.06000
K2SbAgBr3I3,1.00918,-1.14838,1.90612,30.00000,20.45834,0.04174,0.03369,0.48431
Rb2VMnO3I3,1.64056,-1.94387,22.23336,30.00000,23.94214,0.04174,0.03645,0.05551
Rb2MnCuI6,1.07784,-1.10197,15.16347,30.00000,22.93162,0.04175,0.03539,0.51246
Rb2MnGaO3Br3,1.49597,-1.61636,27.81980,30.00000,25.08701,0.04175,0.03687,0.05587
Rb2ZrMoSe6,1.11032,-1.34472,18.86169,30.00000,23.64013,0.04175,0.03581,0.48724
Rb2ZrWO3Se3,1.65951,-1.92895,21.30931,30.00000,23.74280,0.04176,0.03640,0.05623
Rb2GeInSe3Br3,1.62394,-1.31929,23.59167,30.00000,24.20443,0.04177,0.03659,0.05581
Rb2TiMoO3Se3,1.56631,-1.92472,25.96710,30.00000,24.67326,0.04177,0.03680,0.05504
K2SnCuCl3I3,1.00062,-1.26281,0.42265,30.00000,20.09610,0.04177,0.03353,0.47941
Li2GeGaSe3F3,1.81433,-1.70168,9.58707,30.00000,21.43955,0.04178,0.03540,0.05810
Rb2WFeO3I3,1.69875,-1.45996,18.72317,30.00000,23.22934,0.04178,0.03617,0.05616
Rb2CrMoO3Br3,1.57501,-1.71286,25.51116,30.00000,24.53774,0.04179,0.03676,0.05550
Rb2GeCrSe3Br3,1.17914,-1.30538,24.48233,30.00000,24.56952,0.04180,0.03650,0.22649
K2SnGaS3I3,1.89526,-1.10384,1.52349,30.00000,19.98772,0.04181,0.03471,0.05996
Rb2SnTaS3Br3,1.68908,-1.45093,19.56877,30.00000,23.29720,0.04183,0.03623,0.05638
Rb2NbFeO3Br3,1.58506,-1.95045,25.43386,30.00000,24.47808,0.04183,0.03677,0.05570
Rb2CrWSe6,1.09674,-1.22689,17.78951,30.00000,23.35147,0.04184,0.03575,0.50348
Rb2GeMnCl3I3,1.17326,-1.45719,24.25310,30.00000,24.52464,0.04184,0.03648,0.24962
Rb2SnVO3I3,1.67665,-1.80403,20.43554,30.00000,23.51151,0.04185,0.03634,0.05620
Rb2CrWO3Br3,1.65326,-1.74215,22.26592,30.00000,23.82189,0.04185,0.03648,0.05609
Rb2VTaS6,1.57048,-1.43598,26.48866,30.00000,24.65736,0.04186,0.03691,0.05539
Rb2GeVSe3Br3,1.17342,-1.37966,24.53989,30.00000,24.51204,0.04186,0.03651,0.24799
Rb2VFeSe3F3,1.54863,-2.05934,27.16492,30.00000,24.78184,0.04187,0.03693,0.05552
Rb2GeCuS3Se3,1.45731,-0.87071,29.53044,30.00000,25.21342,0.04187,0.03709,0.05699
Rb2GeMoSe6,1.15226,-1.02194,23.43648,30.00000,24.28321,0.04187,0.03638,0.31503
K2VFeO3F3,1.91640,-2.68352,0.11219,30.00000,19.66399,0.04188,0.03461,0.06042
Rb2MoFeO3Br3,1.59263,-1.58739,25.34411,30.00000,24.45974,0.04189,0.03681,0.05540
K2CrWO3Cl3,1.91197,-1.71984,0.13962,30.00000,19.70884,0.04190,0.03461,0.06016
Na2TiCrO3F3,1.91284,-2.76770,0.03748,30.00000,19.70657,0.04190,0.03452,0.06024
Rb2TiCrSe3Br3,1.11902,-1.54665,20.76411,30.00000,23.82417,0.04190,0.03609,0.45070
Na2SbCuO3I3,1.00074,-1.21230,0.49655,30.00000,20.00658,0.04190,0.03353,0.48335
Rb2NbFeSe3Cl3,1.15315,-1.49280,23.44974,30.00000,24.32000,0.04191,0.03637,0.30441
K2MoAgO3F3,1.87183,-2.36500,3.89322,30.00000,20.33977,0.04191,0.03492,0.05951
Rb2MoWS6,1.62401,-1.28191,24.14170,30.00000,24.17040,0.04191,0.03670,0.05564
Rb2MnSbI6,1.06476,-1.15657,14.41112,30.00000,22.62843,0.04193,0.03532,0.51403
Na2GeFeO3Cl3,1.81218,-1.60264,10.31139,30.00000,21.49137,0.04193,0.03545,0.05866
Rb2GeTaS3I3,1.67074,-1.25279,21.51090,30.00000,23.61479,0.04194,0.03649,0.05630
Na2MnSbSe3I3,1.00103,-0.90438,0.50672,30.00000,19.92905,0.04196,0.03354,0.48298
Rb2TaFeO3I3,1.70549,-1.87343,19.12465,30.00000,23.11332,0.04197,0.03626,0.05690
K2VZnO3F3,1.92143,-2.70091,0.11415,30.00000,19.58543,0.04199,0.03463,0.06075
Rb2MoWSe6,1.08583,-1.17366,17.00821,30.00000,23.06484,0.04199,0.03565,0.51320
Rb2GeCrO3I3,1.58547,-1.42866,26.30931,30.00000,24.48589,0.04200,0.03692,0.05570
Rb2TiGaO3I3,1.65573,-1.98916,22.98432,30.00000,23.79571,0.04200,0.03665,0.05632
Rb2SnInS3I3,1.72066,-1.08103,18.72337,30.00000,22.99768,0.04200,0.03622,0.05701
Rb2SnMoS6,1.57834,-1.06620,26.83399,30.00000,24.55972,0.04200,0.03690,0.05591
Rb2TiCrSe3I3,1.09329,-1.32308,17.75609,30.00000,23.20904,0.04201,0.03574,0.51077
Na2MoSbO3F3,1.91848,-2.33319,0.32900,30.00000,19.63272,0.04201,0.03461,0.06077
Rb2SnTaO3I3,1.72757,-1.88916,17.82738,30.00000,22.83983,0.04202,0.03616,0.05714
Rb2VSbSe6,1.10555,-1.05947,19.19070,30.00000,23.44112,0.04203,0.03588,0.50530
Rb2TiCrO3Se3,1.54851,-2.02960,27.91365,30.00000,24.74759,0.04204,0.03703,0.05582
K2SnBiO3Cl3,1.91785,-1.58860,0.20798,30.00000,19.56138,0.04205,0.03462,0.06068
Rb2SbCuSe3I3,1.07214,-0.89280,16.25556,30.00000,22.85324,0.04205,0.03556,0.51711
Rb2GeCrS3Se3,1.47049,-1.06674,30.06756,30.00000,25.13979,0.04206,0.03717,0.05677
Rb2SnCuO3S3,1.42896,-1.58817,31.05829,30.00000,25.31499,0.04206,0.03733,0.05851
Rb2GeWS3Se3,1.62206,-1.05988,24.91810,30.00000,24.13905,0.04206,0.03678,0.05582
Rb2GeFeF3I3,1.59504,-1.88277,25.84696,30.00000,24.32241,0.04206,0.03685,0.05594
Na2VZnO3F3,1.92369,-2.45119,0.09930,30.00000,19.55806,0.04207,0.03463,0.06081
Rb2CrMoSe6,1.10192,-1.17580,19.77660,30.00000,23.47605,0.04207,0.03598,0.50536
Rb2GeSbO3I3,1.64159,-1.30601,24.06297,30.00000,23.96804,0.04207,0.03675,0.05615
Rb2FeSbO3Cl3,1.46237,-1.67129,30.73320,30.00000,25.26758,0.04207,0.03726,0.05667
Rb2MoBiSe3I3,1.06286,-1.03592,14.54289,30.00000,22.47571,0.04207,0.03537,0.51568
K2GeZnS3Se3,1.86218,-0.95091,6.38848,30.00000,20.67999,0.04207,0.03518,0.05930
Rb2MnSbSe3I3,1.07286,-1.05740,16.39391,30.00000,22.85894,0.04207,0.03558,0.51951
K2WMnO6,1.92412,-2.15355,0.15002,30.00000,19.48720,0.04208,0.03469,0.06104
Na2TiMoSe6,0.99627,-1.19979,0.41714,30.00000,19.80058,0.04208,0.03354,0.48226
Rb2MnBiO3S3,1.59318,-1.66778,26.72855,30.00000,24.46862,0.04209,0.03694,0.05578
Rb2FeMnSe3Br3,1.10880,-1.39104,20.45712,30.00000,23.57783,0.04211,0.03606,0.49320
Rb2MoBiO3Br3,1.70751,-1.57875,20.35450,30.00000,23.17088,0.04211,0.03646,0.05706
Rb2GeMnF3I3,1.60856,-1.97611,25.87991,30.00000,24.29476,0.04211,0.03689,0.05624
Rb2MnGaO3Se3,1.55495,-1.61226,28.12178,30.00000,24.72711,0.04211,0.03708,0.05591
Na2MoFeSe3Br3,1.00111,-1.16873,0.26276,30.00000,19.82839,0.04212,0.03353,0.48184
Rb2TiCrS3Se3,1.17783,-1.35402,25.69479,30.00000,24.48506,0.04212,0.03664,0.24444
Rb2TiWS6,1.60973,-1.53683,25.99104,30.00000,24.27440,0.04212,0.03692,0.05598
Na2GeGaSe3F3,1.83545,-1.75439,8.94739,30.00000,21.06133,0.04213,0.03543,0.05941
Rb2GeMnS3Se3,1.26272,-1.05756,29.92280,30.00000,25.13241,0.04213,0.03711,0.10493
K2VSbO3S3,1.92018,-1.69079,0.23426,30.00000,19.49373,0.04214,0.03468,0.06109
Rb2TiSbO3Br3,1.64073,-1.95732,24.61702,30.00000,23.94283,0.04215,0.03679,0.05618
Rb2SnCrO3Br3,1.63895,-1.63370,24.54430,30.00000,23.95113,0.04216,0.03681,0.05646
K2SbZnO3F3,1.92585,-2.34315,0.18191,30.00000,19.44358,0.04217,0.03467,0.06115
K2SnZnO3S3,1.92495,-1.64260,0.12783,30.00000,19.44981,0.04218,0.03468,0.06132
Rb2GeVSe3Cl3,1.25095,-1.51554,29.65941,30.00000,25.08908,0.04218,0.03712,0.11710
Rb2GeVS3Br3,1.25148,-1.40564,29.85915,30.00000,25.12672,0.04218,0.03716,0.11653
Rb2VNbS6,1.27047,-1.44719,30.50978,30.00000,25.24395,0.04219,0.03717,0.09500
Rb2TiCrSe6,1.10539,-1.35877,20.97271,30.00000,23.55496,0.04219,0.03612,0.51228
Rb2NbSbS6,1.59964,-1.10775,26.82896,30.00000,24.35633,0.04219,0.03704,0.05628
Rb2ZrInO3Br3,1.63879,-2.14909,24.40879,30.00000,23.90783,0.04219,0.03679,0.05627
Rb2GeFeSe3F3,1.35628,-1.76194,31.84514,30.00000,25.38668,0.04220,0.03738,0.06745
Li2GeCuBr6,1.01333,-1.19378,5.42333,30.00000,20.65001,0.04220,0.03418,0.49894
K2MnBiSe3I3,0.99532,-1.03953,0.46794,30.00000,19.75435,0.04220,0.03354,0.48338
Na2FeSbSe3Cl3,0.99501,-1.18740,0.28586,30.00000,19.64449,0.04222,0.03351,0.48074
Rb2FeMnSe3I3,1.07299,-1.19389,17.53376,30.00000,22.88175,0.04225,0.03578,0.52292
Rb2GeCuO3Se3,1.33658,-1.36810,31.92543,30.00000,25.31978,0.04225,0.03739,0.07254
Rb2MnSbO3Cl3,1.49529,-1.76215,30.79036,30.00000,25.06410,0.04225,0.03737,0.05666
Rb2WSbO3Br3,1.71521,-1.54634,20.30108,30.00000,23.06874,0.04226,0.03646,0.05765
Rb2GeTaS3Br3,1.63620,-1.46211,25.16356,30.00000,23.97869,0.04226,0.03686,0.05654
Rb2ZrMoS6,1.20493,-1.52057,28.14271,30.00000,24.80454,0.04226,0.03698,0.17791
Rb2ZrGaS3Br3,1.65326,-1.65454,24.33491,30.00000,23.80523,0.04226,0.03686,0.05676
Rb2MnSbS3Se3,1.11954,-1.00532,22.86718,30.00000,23.85923,0.04227,0.03637,0.47112
Rb2VCuO3Br3,1.61068,-1.78204,26.93465,30.00000,24.27820,0.04227,0.03705,0.05638
Rb2MnGaSe6,1.10505,-1.08598,21.35347,30.00000,23.54595,0.04228,0.03621,0.50425
Na2SnTaO3Cl3,1.92694,-2.06459,0.74252,30.00000,19.42245,0.04228,0.03475,0.06143
Na2ZrCrSe3Br3,0.99179,-1.46971,0.20465,30.00000,19.65566,0.04229,0.03354,0.48274
Na2GeCuF3I3,1.01671,-1.76398,5.90713,30.00000,20.70673,0.04230,0.03429,0.49899
Rb2WBiO3Br3,1.74147,-1.54518,18.23992,30.00000,22.58452,0.04230,0.03631,0.05794
Na2WBiO3Cl3,1.93024,-1.64790,0.21098,30.00000,19.32836,0.04231,0.03470,0.06120
Rb2NbCuSe3I3,1.07455,-1.12457,16.73638,30.00000,22.74913,0.04231,0.03564,0.51820
Rb2FeZnCl3I3,1.09620,-1.42793,20.10260,30.00000,23.30564,0.04233,0.03606,0.51974
Rb2ZrWS6,1.66324,-1.53357,24.24998,30.00000,23.70720,0.04234,0.03678,0.05677
K2NbMnO3Cl3,1.92847,-2.08317,0.13510,30.00000,19.30972,0.04234,0.03470,0.06140
Na2SnGaS3Br3,1.91785,-1.25322,1.52485,30.00000,19.55183,0.04235,0.03485,0.06132
K2NbZnO3Cl3,1.93349,-2.01520,0.13364,30.00000,19.28520,0.04236,0.03472,0.06181
K2MnGaO3F3,1.90924,-2.46467,2.69633,30.00000,19.77057,0.04237,0.03491,0.06091
K2FeMnI6,0.99319,-1.15419,0.56487,30.00000,19.57131,0.04238,0.03359,0.48476
Rb2ZrCrSe3I3,1.06492,-1.30845,16.94640,30.00000,22.66283,0.04239,0.03569,0.52391
Na2MoMnSe6,0.99167,-1.04510,0.40936,30.00000,19.56848,0.04240,0.03357,0.48351
K2GeFeCl3I3,1.00961,-1.31454,5.27803,30.00000,20.42781,0.04242,0.03423,0.49999
Rb2NbMnO3Br3,1.64722,-2.08412,25.47324,30.00000,23.85786,0.04242,0.03697,0.05672
Rb2SnGeS3Se3,1.61819,-0.92756,27.22862,30.00000,24.14671,0.04245,0.03709,0.05657
Rb2TiFeO3I3,1.69868,-1.93135,22.27332,30.00000,23.27431,0.04245,0.03672,0.05734
Rb2MnGaS6,1.33722,-1.20102,33.25997,30.00000,25.33504,0.04245,0.03754,0.07278
Rb2SnNbO3I3,1.73460,-1.86848,19.40128,30.00000,22.70023,0.04247,0.03644,0.05784
Rb2GeNbSe3F3,1.57509,-2.13660,30.03766,30.00000,24.65977,0.04248,0.03737,0.05642
Rb2SnInO3Br3,1.68399,-1.52080,23.46426,30.00000,23.43676,0.04248,0.03677,0.05742
Rb2TiMoS6,1.22806,-1.49740,30.51834,30.00000,24.91548,0.04249,0.03733,0.14421
Rb2VFeSe3Cl3,1.13239,-1.52154,25.00467,30.00000,24.02677,0.04249,0.03669,0.43013
Na2GeFeBr6,1.00704,-1.27909,5.20884,30.00000,20.37391,0.04249,0.03420,0.49996
Na2GeTaO3Cl3,1.85994,-1.92916,8.20439,30.00000,20.62059,0.04250,0.03541,0.06019
Rb2GeMnBr6,1.12295,-1.50760,24.17274,30.00000,23.83300,0.04251,0.03658,0.42388
Rb2TiGaS3Br3,1.64639,-1.59966,25.99989,30.00000,23.87739,0.04252,0.03702,0.05696
Rb2SnVSe3F3,1.67620,-2.10391,24.52947,30.00000,23.55057,0.04254,0.03694,0.05744
Rb2SbAgI6,1.04807,-0.96514,14.98742,30.00000,22.08856,0.04256,0.03549,0.52617
Rb2GeTaSe3Cl3,1.66741,-1.57406,25.04249,30.00000,23.63135,0.04256,0.03700,0.05731
Rb2SbCuO3F3,1.30145,-2.27600,33.52592,30.00000,25.33131,0.04258,0.03759,0.08307
Na2TiCrSe6,0.98828,-1.26908,0.35078,30.00000,19.45162,0.04259,0.03357,0.48445
Rb2NbCuO3Cl3,1.52795,-2.03369,32.06715,30.00000,24.92379,0.04261,0.03758,0.05672
Rb2GeSbS3Br3,1.64347,-1.07139,26.89098,30.00000,23.91429,0.04262,0.03716,0.05699
Rb2SnGeO3Se3,1.60397,-1.33421,29.24804,30.00000,24.33995,0.04262,0.03733,0.05672
Rb2VMnSe3Br3,1.08858,-1.49744,20.61993,30.00000,23.13327,0.04262,0.03615,0.52878
Na2ZrWO6,1.94427,-2.73555,0.17262,30.00000,19.08982,0.04263,0.03482,0.06243
Rb2TiBiO3Br3,1.72197,-1.94045,21.63802,30.00000,22.88541,0.04265,0.03669,0.05803
Rb2VZnO3Br3,1.64823,-1.81604,26.83774,30.00000,23.86577,0.04265,0.03718,0.05707
K2GeFeS3I3,1.01011,-0.97785,5.36378,30.00000,20.33357,0.04265,0.03426,0.50099
Na2ZrCrSe6,0.98676,-1.34563,0.35110,30.00000,19.35580,0.04266,0.03359,0.48503
Rb2SnFeO3Cl3,1.56909,-1.66215,30.88091,30.00000,24.63634,0.04266,0.03750,0.05656
Rb2GeVO3I3,1.64936,-1.76978,26.37334,30.00000,23.81031,0.04267,0.03714,0.05728
Rb2GeMnO3Se3,1.51889,-1.48331,32.38555,30.00000,24.94027,0.04267,0.03760,0.05664
Rb2GeBiO3I3,1.72428,-1.30698,21.69919,30.00000,22.84646,0.04274,0.03673,0.05832
Rb2NbZnO3Br3,1.68095,-1.91496,25.04228,30.00000,23.45149,0.04274,0.03706,0.05794
Na2GeGaO3Br3,1.86853,-1.50062,8.85855,30.00000,20.51814,0.04275,0.03562,0.06113
K2TaFeO3F3,1.94149,-2.83799,0.81848,30.00000,19.13032,0.04276,0.03486,0.06251
K2MoMnSe6,0.98806,-1.07098,0.40148,30.00000,19.26692,0.04280,0.03357,0.48453
Rb2VNbSe6,1.07294,-1.29357,19.87431,30.00000,22.78996,0.04280,0.03612,0.53325
Rb2ZrCrSe6,1.07591,-1.35540,19.83820,30.00000,22.78092,0.04281,0.03609,0.53175
Rb2WInO3I3,1.77311,-1.46083,18.38249,30.00000,22.17425,0.04281,0.03645,0.05919
Rb2MnSbS3I3,1.06682,-1.08620,19.07100,30.00000,22.60232,0.04282,0.03601,0.53394
K2VZnO3Cl3,1.95668,-1.95179,0.09665,30.00000,18.92399,0.04282,0.03487,0.06271
Na2GeFeO3F3,1.83510,-2.25482,12.13449,30.00000,21.07064,0.04282,0.03596,0.06022
Rb2SnTaO3Br3,1.74640,-1.99785,20.80536,30.00000,22.56413,0.04284,0.03667,0.05890
Rb2VTaO3Se3,1.71654,-2.12811,23.06230,30.00000,22.98204,0.04285,0.03691,0.05820
K2ZrBiO3Cl3,1.95656,-2.14204,0.18657,30.00000,18.88565,0.04287,0.03495,0.06290
K2TaSbO3S3,1.94936,-1.81015,0.76894,30.00000,19.03685,0.04287,0.03492,0.06294
Rb2WFeSe3F3,1.73016,-1.85096,22.08238,30.00000,22.77872,0.04287,0.03681,0.05863
Rb2VFeS3Br3,1.11488,-1.43524,25.15425,30.00000,23.68857,0.04287,0.03673,0.50045
Rb2TiFeS3I3,1.07977,-1.37313,20.85218,30.00000,22.93582,0.04288,0.03625,0.53063
K2GeCuF3I3,1.00290,-1.84963,5.62702,30.00000,20.14053,0.04288,0.03430,0.50235
Rb2SnTaSe3Cl3,1.76294,-1.60075,19.50495,30.00000,22.30277,0.04289,0.03658,0.05922
Rb2ZrCrO3S3,1.53288,-2.08925,33.65861,30.00000,24.89445,0.04290,0.03783,0.05711
Na2SnInO3F3,1.93436,-2.36192,2.17499,30.00000,19.26037,0.04291,0.03508,0.06272
Rb2ZrGaSe3Cl3,1.70825,-1.71910,24.20622,30.00000,23.12516,0.04292,0.03705,0.05851
Li2GeGaSe3Br3,1.89388,-1.13000,6.83007,30.00000,20.02441,0.04292,0.03544,0.06149
Rb2MoInO3I3,1.75721,-1.44083,20.39032,30.00000,22.37634,0.04293,0.03670,0.05920
Na2SnWO3S3,1.95602,-1.70569,0.19190,30.00000,18.87915,0.04298,0.03498,0.06342
Rb2SnVO3Br3,1.70481,-1.88302,24.61505,30.00000,23.15248,0.04300,0.03705,0.05830
Li2WGaO3Cl3,1.94467,-1.79517,2.07152,30.00000,19.16130,0.04300,0.03509,0.06307
Rb2WFeO3Br3,1.74154,-1.58803,22.13777,30.00000,22.66410,0.04303,0.03683,0.05907
K2MoGaO3Br3,1.95153,-1.65052,1.69210,30.00000,19.03414,0.04304,0.03512,0.06311
Rb2GeInO3I3,1.70698,-1.37443,25.21866,30.00000,23.17376,0.04305,0.03715,0.05860
Rb2NbCuO3F3,1.47985,-2.70685,35.72926,30.00000,25.13765,0.04305,0.03809,0.05801
Na2MnGaO3F3,1.93495,-2.45742,2.98373,30.00000,19.22186,0.04305,0.03518,0.06305
Na2MoGaO3Br3,1.94776,-1.60873,1.78596,30.00000,19.06748,0.04308,0.03510,0.06315
Rb2FeMnO3S3,1.48264,-1.68028,36.17160,30.00000,25.16088,0.04308,0.03810,0.05797
K2SnSbO3Cl3,1.96315,-1.66212,0.21323,30.00000,18.73704,0.04309,0.03497,0.06358
Rb2GeTaSe3F3,1.68259,-2.21358,26.76391,30.00000,23.40931,0.04310,0.03732,0.05842
Rb2MnSbO6,1.53400,-1.94319,34.83985,30.00000,24.83888,0.04312,0.03797,0.05774
Rb2GeFeS3Se3,1.15186,-0.96641,29.87860,30.00000,24.26388,0.04312,0.03729,0.34590
Rb2TiCrO3Cl3,1.48608,-2.23174,36.23847,30.00000,25.12163,0.04313,0.03812,0.05781
Na2GeFeCl3I3,1.00255,-1.24161,5.52351,30.00000,19.90683,0.04313,0.03429,0.50163
Rb2GeSbSe3Cl3,1.69196,-1.19647,26.74192,30.00000,23.36794,0.04313,0.03729,0.05857
Rb2MoGaSe3F3,1.69707,-1.88906,25.99211,30.00000,23.23547,0.04313,0.03722,0.05840
Rb2MoMnS3Se3,1.08917,-1.12316,23.78051,30.00000,23.18573,0.04314,0.03662,0.53823
Rb2MnInO3Cl3,1.59229,-1.81427,32.72218,30.00000,24.45527,0.04315,0.03785,0.05747
Rb2SnMoO3Se3,1.73303,-1.53786,23.27189,30.00000,22.73511,0.04315,0.03701,0.05919
Na2NbSbO3S3,1.96619,-1.67486,0.25546,30.00000,18.71594,0.04316,0.03499,0.06362
Rb2CrMnO3Br3,1.68030,-1.72658,27.25025,30.00000,23.43795,0.04316,0.03735,0.05828
K2GeGaO3Br3,1.89029,-1.50993,8.31209,30.00000,20.10075,0.04316,0.03565,0.06188
Rb2SbCuO3Cl3,1.15679,-1.72898,30.28378,30.00000,24.31349,0.04316,0.03739,0.31487
Rb2WMnSe6,1.05019,-1.13804,17.72691,30.00000,22.02920,0.04318,0.03584,0.53799
Rb2TiFeSe3Br3,1.06547,-1.50668,20.65269,30.00000,22.52619,0.04318,0.03625,0.54103
Rb2VFeSe3Br3,1.05894,-1.38744,20.59405,30.00000,22.55126,0.04318,0.03625,0.54110
Rb2GeVSe3F3,1.60653,-2.06788,32.14852,30.00000,24.30840,0.04319,0.03780,0.05777
Rb2GeNbO3I3,1.71369,-1.82086,24.95117,30.00000,23.04463,0.04321,0.03717,0.05920
K2MoFeSe3I3,0.98439,-1.03865,0.51950,30.00000,18.94682,0.04321,0.03360,0.48632
Rb2GeFeO3Br3,1.61146,-1.52822,32.01354,30.00000,24.22730,0.04322,0.03785,0.05783
Rb2ZrCrO3Cl3,1.59205,-2.17353,32.91781,30.00000,24.42029,0.04323,0.03784,0.05761
K2MnSbO3F3,1.96769,-2.40671,0.18486,30.00000,18.69702,0.04323,0.03506,0.06363
Rb2WBiO3Cl3,1.76119,-1.78045,21.61666,30.00000,22.37057,0.04325,0.03683,0.05969
K2TaSbO6,1.96534,-2.55618,0.83525,30.00000,18.77720,0.04325,0.03504,0.06386
K2GeFeSe3Br3,0.99302,-1.24277,5.13727,30.00000,19.73408,0.04327,0.03430,0.50270
Rb2WAgO3Br3,1.75494,-1.53759,22.51303,30.00000,22.44191,0.04328,0.03700,0.05960
Na2NbZnO3F3,1.97059,-2.53213,0.14568,30.00000,18.61346,0.04330,0.03507,0.06406
Rb2ZrGaO3Br3,1.71016,-2.11688,26.21910,30.00000,23.07492,0.04333,0.03732,0.05891
Rb2TiInO3Br3,1.71215,-2.09307,26.08724,30.00000,23.05815,0.04334,0.03733,0.05943
Rb2ZrFeO3Br3,1.72477,-2.05615,25.46759,30.00000,22.95004,0.04334,0.03725,0.05932
Rb2VFeO3Br3,1.69875,-1.84809,27.28875,30.00000,23.26946,0.04334,0.03743,0.05890
Rb2MoGaS3Cl3,1.64976,-1.41428,30.21013,30.00000,23.79090,0.04335,0.03767,0.05854
Rb2TiCrO3S3,1.50328,-2.09336,37.13799,30.00000,25.05995,0.04337,0.03823,0.05814
Na2SnZnO3S3,1.97988,-1.63809,0.11839,30.00000,18.52500,0.04338,0.03508,0.06400
Rb2FeMnO3Br3,1.70198,-1.69385,27.05941,30.00000,23.19598,0.04339,0.03739,0.05910
Rb2GeSbSe3F3,1.68310,-1.73469,28.74516,30.00000,23.45767,0.04339,0.03758,0.05902
Na2MoBiO3Cl3,1.97615,-1.65113,0.27011,30.00000,18.55778,0.04339,0.03512,0.06467
Na2GeBiO3Cl3,1.91398,-1.54230,7.18278,30.00000,19.63452,0.04345,0.03568,0.06302
Rb2CrAgSe3I3,1.04075,-1.06401,18.14073,30.00000,21.82594,0.04346,0.03597,0.53985
Rb2TiFeO3Br3,1.70460,-2.00991,27.40368,30.00000,23.14107,0.04347,0.03749,0.05932
Rb2TiMoSe6,1.05521,-1.30879,19.87927,30.00000,22.17739,0.04347,0.03620,0.53997
Rb2VCuO3F3,1.34812,-2.63783,39.52229,30.00000,25.38685,0.04347,0.03839,0.07186
Li2WGaSe3F3,1.96422,-1.88903,1.74354,30.00000,18.72731,0.04348,0.03524,0.06384
Rb2AgGaI6,1.03160,-1.09983,16.37797,30.00000,21.49824,0.04350,0.03571,0.53928
Rb2GeSbO3Br3,1.68715,-1.48294,28.86729,30.00000,23.39972,0.04352,0.03763,0.05919
Li2SnGaS3Br3,1.97011,-1.19356,1.61717,30.00000,18.73195,0.04352,0.03531,0.06470
Rb2MoFeSe3Br3,1.04360,-1.28266,19.48582,30.00000,22.01157,0.04353,0.03614,0.54768
Na2SnFeO3F3,1.98176,-2.23310,0.11722,30.00000,18.42707,0.04355,0.03517,0.06484
Na2TiFeS3I3,0.97819,-1.27012,0.43650,30.00000,18.67576,0.04359,0.03361,0.48739
Na2ZrBiO3Cl3,1.98242,-2.04488,0.18330,30.00000,18.37732,0.04360,0.03524,0.06482
Rb2GeZnO3Se3,1.64837,-1.40656,31.81595,30.00000,23.83527,0.04360,0.03790,0.05861
K2FeMnSe6,0.97670,-1.05461,0.33036,30.00000,18.58054,0.04363,0.03359,0.48749
Rb2MoFeO3Cl3,1.64063,-1.67776,32.41266,30.00000,23.92933,0.04363,0.03795,0.05872
Rb2SnCuF3I3,1.04608,-1.84849,19.85943,30.00000,21.99508,0.04364,0.03619,0.54603
Rb2ZrGaSe3F3,1.72915,-2.28198,26.11652,30.00000,22.77607,0.04364,0.03740,0.05984
Na2SnMoO3S3,1.98354,-1.73381,0.26156,30.00000,18.35895,0.04365,0.03519,0.06499
Rb2GeWO3Se3,1.72921,-1.51578,26.59653,30.00000,22.83788,0.04366,0.03747,0.05986
Rb2SnBiO3Br3,1.80459,-1.49512,19.72998,30.00000,21.64472,0.04367,0.03687,0.06152
Rb2MoMnS6,1.11787,-1.25329,30.09427,30.00000,23.72071,0.04369,0.03743,0.48889
Rb2MoAgO3Cl3,1.65992,-1.66735,31.93458,30.00000,23.75644,0.04369,0.03794,0.05881
Rb2ZrFeSe3Br3,1.04613,-1.58277,19.54518,30.00000,21.84880,0.04370,0.03614,0.54564
Li2GeGaSe3Cl3,1.91200,-1.26348,8.63864,30.00000,19.72848,0.04370,0.03586,0.06341
Rb2GeVS3Cl3,1.53894,-1.55652,37.85467,30.00000,24.82286,0.04372,0.03841,0.05861
Na2SnGeI6,0.98565,-0.93278,3.95749,30.00000,19.12543,0.04372,0.03411,0.49831
Rb2FeSbO3F3,1.62537,-2.32181,34.07932,30.00000,24.07027,0.04373,0.03811,0.05864
K2WSbO3F3,1.99079,-2.40182,0.24061,30.00000,18.28733,0.04378,0.03523,0.06544
Rb2FeMnO3Cl3,1.60677,-1.63498,35.31713,30.00000,24.27552,0.04378,0.03825,0.05858
Rb2GeMnBr3I3,1.04456,-1.40819,20.74170,30.00000,22.00704,0.04378,0.03630,0.55037
K2VNbO6,1.98861,-2.71974,0.22782,30.00000,18.25997,0.04379,0.03522,0.06581
Rb2GeFeO3Se3,1.65830,-1.40275,32.33388,30.00000,23.73839,0.04379,0.03800,0.05920
Rb2SbAgO3S3,1.68236,-1.47052,31.01177,30.00000,23.47981,0.04380,0.03791,0.05930
Rb2VMnO3Br3,1.72646,-2.02165,27.33404,30.00000,22.87720,0.04380,0.03756,0.06005
Rb2SbZnO3Cl3,1.68956,-1.78033,30.16287,30.00000,23.31561,0.04380,0.03785,0.05972
Na2TiBiO3Cl3,1.99217,-2.05534,0.16695,30.00000,18.21400,0.04381,0.03525,0.06570
Na2SnCrO3Cl3,1.99639,-1.70867,0.11178,30.00000,18.20169,0.04383,0.03519,0.06601
Rb2SnWS6,1.77615,-1.11668,23.27470,30.00000,22.12279,0.04383,0.03720,0.06107
Rb2GeGaSe3Br3,1.75673,-1.31937,24.96504,30.00000,22.40713,0.04385,0.03742,0.06059
Rb2SnGaO3I3,1.79740,-1.38227,20.95949,30.00000,21.68164,0.04386,0.03702,0.06130
Na2SnBiO3F3,1.99498,-2.23164,0.22843,30.00000,18.19442,0.04388,0.03524,0.06581
Na2TiFeO3F3,2.00035,-2.73363,0.02205,30.00000,18.13820,0.04391,0.03528,0.06605
Rb2MoFeS3I3,1.03692,-1.09318,19.67378,30.00000,21.74346,0.04392,0.03618,0.55031
Rb2NbTaO6,1.71274,-2.86950,29.16881,30.00000,23.05779,0.04393,0.03778,0.05982
Na2SnVO3Cl3,1.99668,-1.83089,0.16227,30.00000,18.14803,0.04393,0.03526,0.06550
Li2MoWO6,1.99637,-2.22831,0.30145,30.00000,18.15194,0.04397,0.03529,0.06562
Rb2CrMoSe3I3,1.02576,-1.18977,16.90882,30.00000,21.14447,0.04399,0.03587,0.54045
Rb2SnGaSe3Cl3,1.78460,-1.38899,23.28365,30.00000,21.95584,0.04400,0.03727,0.06154
K2TiBiO3Cl3,1.99912,-2.11498,0.17159,30.00000,18.07982,0.04401,0.03530,0.06615
Rb2SnBiO3I3,1.84730,-1.29448,17.00553,30.00000,20.83567,0.04404,0.03672,0.06249
Rb2MnSbO3S3,1.69061,-1.63215,31.43676,30.00000,23.34008,0.04404,0.03803,0.05990
Rb2VFeSe3I3,1.02950,-1.24151,17.63608,30.00000,21.30161,0.04404,0.03594,0.54183
K2FeCuBr6,0.97487,-1.30279,0.04771,30.00000,18.22222,0.04405,0.03363,0.48564
Rb2MoAgSe3I3,1.02673,-1.01922,17.39730,30.00000,21.21224,0.04405,0.03589,0.54345
K2ZrMoO6,1.99873,-2.80855,0.25175,30.00000,18.06384,0.04406,0.03530,0.06589
Rb2TiGaSe3Cl3,1.76626,-1.68641,25.84305,30.00000,22.30913,0.04408,0.03756,0.06117
Rb2SnCrO3Se3,1.77149,-1.53347,24.80929,30.00000,22.10694,0.04411,0.03744,0.06152
Na2NbSbO6,2.00218,-2.35076,0.27474,30.00000,18.05160,0.04412,0.03539,0.06647
K2MoSbO3Cl3,2.00369,-1.77425,0.28533,30.00000,18.09296,0.04412,0.03535,0.06648
Rb2FeMnCl3I3,1.03822,-1.42725,20.37530,30.00000,21.67498,0.04412,0.03631,0.55241
K2ZrCrO3F3,2.00578,-2.86791,0.09948,30.00000,18.00117,0.04414,0.03537,0.06655
K2SnGaO3F3,1.98459,-2.44082,2.32730,30.00000,18.35694,0.04414,0.03556,0.06570
Rb2GeCrO3Br3,1.69003,-1.61126,32.23128,30.00000,23.41411,0.04415,0.03814,0.06026
Na2GeFeSe3Br3,0.98653,-1.18808,5.37973,30.00000,19.05300,0.04416,0.03432,0.50708
Na2GeGaSe3Cl3,1.93449,-1.28882,8.11563,30.00000,19.32272,0.04417,0.03599,0.06480
Na2SnGeO3S3,1.92536,-1.61569,8.99343,30.00000,19.41608,0.04418,0.03605,0.06473
Rb2GeTaO3Br3,1.75710,-1.96420,26.85875,30.00000,22.33566,0.04423,0.03764,0.06099
Rb2GeGaO3I3,1.75783,-1.37691,26.77952,30.00000,22.34402,0.04425,0.03763,0.06160
Rb2GeInO3Br3,1.72127,-1.52794,30.32681,30.00000,22.93636,0.04427,0.03800,0.06081
Na2FeZnBr3I3,0.97006,-1.18701,0.34861,30.00000,18.13652,0.04428,0.03363,0.48842
Rb2GeNbO3Br3,1.72869,-1.91928,30.17821,30.00000,22.85029,0.04428,0.03800,0.06100
K2GeInO3Cl3,1.92343,-1.75918,9.99111,30.00000,19.52823,0.04428,0.03624,0.06482
Rb2GeTaO3I3,1.80245,-1.86620,22.71962,30.00000,21.62562,0.04430,0.03728,0.06214
K2GeFeO3S3,1.93004,-1.60278,9.69925,30.00000,19.42796,0.04430,0.03622,0.06490
Rb2TiWO3S3,1.74455,-2.00662,28.27188,30.00000,22.55817,0.04431,0.03780,0.06135
Rb2GeInS3I3,1.79234,-1.02364,23.77005,30.00000,21.77871,0.04432,0.03738,0.06197
Rb2GeCuO3S3,1.54428,-1.55177,41.65793,30.00000,24.84290,0.04433,0.03900,0.05944
Rb2MnInO6,1.63238,-2.04772,37.09423,30.00000,24.05103,0.04433,0.03858,0.05958
K2TaMnO3F3,2.00722,-2.93704,0.82220,30.00000,17.93393,0.04438,0.03548,0.06703
Rb2CrMnO3S3,1.64344,-1.69800,36.51043,30.00000,23.90719,0.04439,0.03854,0.06002
Rb2MnGaO3Cl3,1.65502,-1.82558,36.04818,30.00000,23.82978,0.04440,0.03854,0.05987
Rb2ZrWO3S3,1.77574,-1.99072,26.22109,30.00000,22.06259,0.04443,0.03768,0.06202
Rb2SnGaO3Br3,1.78770,-1.52999,25.13185,30.00000,21.90188,0.04443,0.03760,0.06235
Rb2VFeO3Cl3,1.66159,-2.02381,35.69364,30.00000,23.73335,0.04443,0.03851,0.06026
Rb2VCuO3Cl3,1.66777,-2.00034,35.08498,30.00000,23.59681,0.04445,0.03846,0.06023
Rb2MnInO3S3,1.69605,-1.80551,33.41833,30.00000,23.23842,0.04446,0.03836,0.06088
K2GeCrO3S3,1.93292,-1.67106,9.81773,30.00000,19.34542,0.04447,0.03620,0.06555
Li2GeGaS3I3,1.95450,-0.93307,7.07378,30.00000,18.88430,0.04448,0.03605,0.06580
Rb2GeFeBr6,1.04308,-1.43295,24.14354,30.00000,21.97467,0.04451,0.03685,0.56521
Rb2GeCuCl3I3,1.04354,-1.33322,23.99826,30.00000,21.91716,0.04451,0.03683,0.56254
Rb2GeFeSe3Cl3,1.07676,-1.35299,29.39833,30.00000,22.85033,0.04455,0.03751,0.57150
Rb2SbAgBr3I3,1.01129,-1.24031,16.80701,30.00000,20.65893,0.04457,0.03589,0.54611
Rb2MnGaO6,1.57900,-2.01333,41.41939,30.00000,24.56539,0.04459,0.03906,0.05984
Rb2WGaS3Cl3,1.78666,-1.43728,25.95721,30.00000,21.86469,0.04460,0.03771,0.06255
K2NbZnO3F3,2.01536,-2.73534,0.15434,30.00000,17.68332,0.04461,0.03549,0.06733
Na2ZrFeSe3I3,0.96811,-1.34344,0.47856,30.00000,17.81681,0.04462,0.03369,0.49035
Rb2SnFeS3Se3,1.03847,-0.97411,22.90886,30.00000,21.67161,0.04464,0.03667,0.56238
K2SnGeO3S3,1.95217,-1.56706,8.31162,30.00000,18.97160,0.04466,0.03621,0.06606
Rb2SnMnO3S3,1.73002,-1.76297,31.59221,30.00000,22.77352,0.04467,0.03821,0.06190
K2GeTaO3F3,1.95364,-2.75758,8.54506,30.00000,18.97686,0.04467,0.03626,0.06628
Rb2SnGaSe3F3,1.80159,-1.82861,25.04385,30.00000,21.65681,0.04468,0.03767,0.06293
K2GeGaSe3F3,1.95380,-1.83856,8.40192,30.00000,18.98540,0.04469,0.03625,0.06652
Na2GeWO3S3,1.96211,-1.56359,7.71846,30.00000,18.82250,0.04469,0.03625,0.06626
Rb2GeBiO3Br3,1.79870,-1.47917,25.48721,30.00000,21.73159,0.04472,0.03772,0.06290
K2MoSbO3F3,2.02316,-2.41700,0.32164,30.00000,17.66471,0.04473,0.03557,0.06809
Rb2TaCuO3F3,1.74671,-2.70519,30.24726,30.00000,22.52507,0.04473,0.03810,0.06191
Rb2NbFeO3Cl3,1.72366,-2.09134,32.57291,30.00000,22.88960,0.04474,0.03835,0.06151
K2TiFeSe3I3,0.96581,-1.31247,0.47550,30.00000,17.75749,0.04476,0.03374,0.49133
Rb2SnGaS3Br3,1.82580,-1.28144,23.39752,30.00000,21.35093,0.04476,0.03751,0.06341
Rb2SnZnS3Se3,1.82824,-0.98832,22.59287,30.00000,21.15989,0.04478,0.03746,0.06328
Rb2GeMoS6,1.68393,-1.07995,35.46176,30.00000,23.37684,0.04478,0.03856,0.06075
Rb2CrMnO6,1.60711,-2.05750,41.20262,30.00000,24.28739,0.04478,0.03910,0.06030
Rb2SnInO3Cl3,1.76641,-1.74049,29.05025,30.00000,22.22118,0.04481,0.03807,0.06253
Rb2TiMoO3S3,1.71839,-2.01731,33.71149,30.00000,23.00589,0.04482,0.03850,0.06180
Na2GeFeO3S3,1.93890,-1.57835,10.65586,30.00000,19.22983,0.04483,0.03647,0.06574
Na2GeCrO3S3,1.93834,-1.62051,10.79817,30.00000,19.25488,0.04483,0.03644,0.06625
K2CrMnO3F3,2.02914,-2.61817,0.05096,30.00000,17.55743,0.04483,0.03560,0.06850
K2MnInO3F3,2.01496,-2.48312,2.29250,30.00000,17.85939,0.04489,0.03585,0.06842
Na2TiWO6,2.02977,-2.70162,0.15139,30.00000,17.50162,0.04493,0.03565,0.06858
K2GeBiO3Cl3,1.97869,-1.57115,6.74759,30.00000,18.54557,0.04493,0.03620,0.06735
Na2SnInO3Cl3,2.01829,-1.71149,1.92645,30.00000,17.78146,0.04493,0.03574,0.06816
Rb2GeVO3Br3,1.73694,-1.84471,32.32155,30.00000,22.66879,0.04495,0.03832,0.06226
Na2TiGaO3Br3,2.02069,-1.99633,1.84292,30.00000,17.75295,0.04498,0.03576,0.06834
Rb2TiGaO3Br3,1.79161,-2.09326,28.16511,30.00000,21.84612,0.04504,0.03802,0.06341
Na2CrMoO6,2.03784,-2.08329,0.23665,30.00000,17.42105,0.04505,0.03565,0.06877
Rb2TiGaSe3F3,1.78986,-2.27948,28.03429,30.00000,21.87240,0.04506,0.03800,0.06344
Na2WInO3Cl3,2.02736,-1.70901,1.70761,30.00000,17.61141,0.04508,0.03581,0.06892
Rb2ZrWO6,1.78773,-2.75522,28.54276,30.00000,21.92425,0.04511,0.03806,0.06321
K2VSbO6,2.03361,-2.32630,0.25114,30.00000,17.38571,0.04513,0.03567,0.06915
Rb2ZrFeO3Cl3,1.74554,-2.09474,32.64158,30.00000,22.51110,0.04517,0.03845,0.06269
Na2FeMnSe3I3,0.96527,-1.07258,0.47814,30.00000,17.41451,0.04521,0.03371,0.49065
Na2GeSbO3Cl3,1.97238,-1.56446,8.73021,30.00000,18.62554,0.04521,0.03644,0.06759
Rb2GeCrO3Se3,1.74775,-1.54309,32.55481,30.00000,22.49016,0.04522,0.03845,0.06281
Rb2WFeO3F3,1.78168,-2.53905,29.96912,30.00000,22.04042,0.04523,0.03824,0.06310
K2TiFeO3F3,2.04341,-2.76243,0.04623,30.00000,17.27163,0.04524,0.03575,0.06920
Na2GeCrO3Cl3,1.95427,-1.68365,10.44516,30.00000,18.87921,0.04526,0.03656,0.06683
Rb2TiFeO3Cl3,1.71789,-2.08677,35.90453,30.00000,22.95282,0.04526,0.03879,0.06237
Li2GeWO3S3,1.97342,-1.58986,8.31786,30.00000,18.53675,0.04528,0.03635,0.06791
K2CrMoO6,2.04669,-2.12179,0.23673,30.00000,17.23985,0.04531,0.03579,0.06968
Na2TiCrO6,2.04326,-2.70295,0.03498,30.00000,17.20403,0.04532,0.03579,0.06939
Na2SnCrO3S3,2.04561,-1.74779,0.12868,30.00000,17.23079,0.04534,0.03583,0.07011
Rb2SnWO3Se3,1.87086,-1.55608,20.55956,30.00000,20.45447,0.04534,0.03753,0.06521
Na2VTaO6,2.03932,-2.82589,0.95625,30.00000,17.34511,0.04535,0.03581,0.06985
K2NbSbO3S3,2.04559,-1.76022,0.25413,30.00000,17.20099,0.04537,0.03582,0.07001
Rb2TaZnO3Cl3,1.81501,-2.09091,27.52622,30.00000,21.44258,0.04540,0.03811,0.06438
K2SnFeS3I3,0.95721,-0.95705,0.42993,30.00000,17.28469,0.04542,0.03373,0.49142
K2SnFeO3F3,2.05286,-2.27826,0.12805,30.00000,17.16792,0.04543,0.03582,0.07010
Rb2ZrMoO3S3,1.77872,-2.06220,30.83228,30.00000,21.97369,0.04544,0.03838,0.06338
K2MoBiO3Cl3,2.05064,-1.72033,0.26815,30.00000,17.15290,0.04544,0.03582,0.06986
Rb2NbFeSe3I3,0.99984,-1.22111,16.86621,30.00000,20.02817,0.04545,0.03594,0.55071
Rb2SnGaS3I3,1.88301,-1.08032,19.75804,30.00000,20.21623,0.04548,0.03742,0.06597
Li2GeVO3Cl3,1.95637,-1.87517,11.69794,30.00000,18.92602,0.04548,0.03670,0.06786
Rb2FeMnO3F3,1.68085,-2.47267,39.82658,30.00000,23.45024,0.04548,0.03923,0.06216
Rb2GeCuBr6,1.02411,-1.40363,23.91631,30.00000,21.14951,0.04550,0.03691,0.57142
Na2ZrSbO3Cl3,2.05841,-2.06946,0.18410,30.00000,17.10539,0.04553,0.03588,0.07015
Rb2WGaSe3F3,1.86383,-1.89078,22.79595,30.00000,20.60096,0.04559,0.03774,0.06574
Rb2CrMnSe6,1.01025,-1.19087,20.77239,30.00000,20.52071,0.04561,0.03650,0.56101
K2TiMoO6,2.05816,-2.80098,0.23759,30.00000,17.03896,0.04562,0.03589,0.07065
Rb2ZrBiO3Cl3,1.84913,-2.14287,24.76401,30.00000,20.86978,0.04562,0.03790,0.06559
K2FeSbS3I3,0.96067,-0.93353,0.45530,30.00000,17.11542,0.04564,0.03371,0.49276
Rb2SnFeO3S3,1.78745,-1.64436,31.53203,30.00000,21.89818,0.04565,0.03856,0.06426
Rb2MnGaO3S3,1.73201,-1.83841,36.89258,30.00000,22.79452,0.04567,0.03899,0.06306
Rb2WGaO3I3,1.89851,-1.49718,19.37861,30.00000,20.00018,0.04567,0.03755,0.06673
Na2MnBiSe3I3,0.95655,-0.90917,0.47594,30.00000,17.15308,0.04568,0.03370,0.49122
Rb2GeGaS3I3,1.84705,-1.01550,25.15304,30.00000,20.89763,0.04568,0.03801,0.06545
Rb2SnZnO3S3,1.79668,-1.63008,30.93130,30.00000,21.74044,0.04573,0.03851,0.06461
Rb2GeFeCl3I3,1.02265,-1.38601,24.22409,30.00000,20.98369,0.04574,0.03694,0.57427
K2FeAgCl3I3,0.96049,-1.23777,2.34075,30.00000,17.40364,0.04579,0.03399,0.49973
Rb2MoGaO3I3,1.88013,-1.47602,21.61916,30.00000,20.28674,0.04582,0.03774,0.06620
Rb2GeWS6,1.80374,-1.10188,30.41434,30.00000,21.61303,0.04584,0.03853,0.06494
Rb2VTaO3S3,1.82059,-2.04920,28.81260,30.00000,21.33033,0.04586,0.03839,0.06541
Rb2TaCuO3Cl3,1.82938,-2.04836,27.62595,30.00000,21.16499,0.04586,0.03829,0.06537
Rb2NbTaO3S3,1.83960,-2.10168,26.79114,30.00000,20.97596,0.04587,0.03815,0.06541
K2GeCrO3Cl3,1.98723,-1.77405,9.52446,30.00000,18.35214,0.04588,0.03671,0.06926
K2TiCrO3F3,2.06768,-2.74384,0.06024,30.00000,16.89516,0.04588,0.03597,0.07127
K2GeZnO3S3,1.99058,-1.69259,9.44649,30.00000,18.28083,0.04589,0.03672,0.06890
Rb2CrWO3S3,1.82725,-1.74859,28.06128,30.00000,21.20346,0.04590,0.03832,0.06533
K2TiWO6,2.06228,-2.78857,0.15822,30.00000,16.90543,0.04592,0.03599,0.07088
Rb2GeFeS3Br3,1.03897,-1.30782,29.59351,30.00000,21.68236,0.04595,0.03768,0.58869
Na2TiSbO3Cl3,2.06981,-2.02155,0.16400,30.00000,16.85006,0.04595,0.03603,0.07188
Rb2WInO3Br3,1.89223,-1.67817,21.46776,30.00000,20.12232,0.04597,0.03775,0.06714
Rb2MnSbBr3I3,0.99416,-1.37692,16.24626,30.00000,19.50860,0.04598,0.03589,0.54777
Rb2GeMoO3Se3,1.81364,-1.50668,30.35885,30.00000,21.40235,0.04602,0.03856,0.06549
Rb2FeAgCl3I3,1.00387,-1.32256,20.80607,30.00000,20.18028,0.04608,0.03650,0.56470
K2SnGaO3Cl3,2.05710,-1.74866,2.05328,30.00000,17.05955,0.04608,0.03619,0.07133
K2CrWO3F3,2.07170,-2.60426,0.15719,30.00000,16.77055,0.04611,0.03603,0.07172
Rb2GeFeO3F3,1.63839,-2.31088,46.46018,30.00000,23.95246,0.04611,0.04003,0.06226
Na2GeInO3Cl3,1.98972,-1.73301,10.80143,30.00000,18.34465,0.04612,0.03689,0.07018
Rb2MoInO3Br3,1.87228,-1.64996,24.30364,30.00000,20.42708,0.04617,0.03804,0.06698
Na2GeNbO3Cl3,1.99983,-1.86949,9.37860,30.00000,18.08651,0.04621,0.03679,0.07028
K2CrMoO3F3,2.07332,-2.61357,0.23314,30.00000,16.70555,0.04622,0.03617,0.07197
Rb2CrMoO3Cl3,1.80318,-1.77659,32.68428,30.00000,21.67536,0.04623,0.03881,0.06562
K2NbSbO6,2.07428,-2.51751,0.27165,30.00000,16.66914,0.04627,0.03611,0.07227
Na2SnCrO6,2.08100,-2.04800,0.13113,30.00000,16.63205,0.04627,0.03620,0.07288
K2SnCuF3I3,0.95630,-1.80836,0.45320,30.00000,16.81405,0.04633,0.03374,0.49197
Rb2NbFeO3F3,1.77086,-2.78336,36.36021,30.00000,22.16418,0.04635,0.03918,0.06525
Rb2TaFeO3Cl3,1.84758,-2.05147,27.99164,30.00000,20.81262,0.04636,0.03838,0.06658
Rb2SnCuCl3I3,0.99631,-1.34237,18.69217,30.00000,19.58995,0.04636,0.03626,0.55776
Rb2FeMnS3Se3,1.01249,-1.13011,25.22856,30.00000,20.69033,0.04640,0.03715,0.58069
Rb2TaMnO3Cl3,1.85450,-2.10794,28.03833,30.00000,20.79883,0.04641,0.03849,0.06706
Rb2GeZnS3Se3,1.83892,-0.96270,29.43612,30.00000,20.96064,0.04645,0.03856,0.06682
Rb2WGaO3Br3,1.89970,-1.69886,22.85644,30.00000,19.96382,0.04647,0.03800,0.06785
Rb2MoFeO3F3,1.78431,-2.50900,36.15461,30.00000,21.93388,0.04656,0.03922,0.06580
Rb2ZrFeSe3I3,0.98678,-1.36001,16.87264,30.00000,19.13123,0.04657,0.03602,0.55566
Na2MoBiO3F3,2.08925,-2.29453,0.30039,30.00000,16.49712,0.04662,0.03628,0.07367
Rb2SnNbO3Br3,1.89895,-1.96517,23.10153,30.00000,19.90869,0.04662,0.03805,0.06830
Rb2FeMnO6,1.07933,-1.78330,40.77274,30.00000,22.89512,0.04669,0.03910,0.61161
Rb2TaZnO3F3,1.84491,-2.75931,30.12876,30.00000,20.88789,0.04671,0.03875,0.06711
Rb2MoWO6,1.86529,-2.14051,28.37836,30.00000,20.58916,0.04672,0.03858,0.06800
Rb2WSbO3Cl3,1.89342,-1.82764,24.58034,30.00000,19.98911,0.04678,0.03819,0.06832
Rb2GeFeS3I3,1.00319,-1.01516,24.54764,30.00000,20.21377,0.04686,0.03710,0.58056
Na2GeZnO3S3,2.01274,-1.63714,10.35042,30.00000,17.86422,0.04690,0.03712,0.07195
K2SnMoO3S3,2.09953,-1.77715,0.25978,30.00000,16.31375,0.04694,0.03640,0.07447
Rb2SnGeO3S3,1.79170,-1.58288,37.17681,30.00000,21.76198,0.04695,0.03942,0.06634
Rb2GeFeO3Cl3,1.75190,-1.69368,41.40502,30.00000,22.47738,0.04695,0.03980,0.06566
K2SnCrO3S3,2.10303,-1.80008,0.13759,30.00000,16.24764,0.04698,0.03639,0.07465
Rb2GeCuF3I3,1.00295,-1.87621,25.58939,30.00000,20.20248,0.04698,0.03718,0.58343
K2SnCrO3Cl3,2.10042,-1.80868,0.12181,30.00000,16.25602,0.04703,0.03643,0.07422
Rb2WFeO3Cl3,1.88454,-1.59818,27.34980,30.00000,20.24015,0.04708,0.03855,0.06862
Rb2CrMoO3S3,1.83732,-1.76662,33.41241,30.00000,21.07584,0.04713,0.03915,0.06788
Rb2GeGaO3Br3,1.84209,-1.52435,32.63714,30.00000,20.98243,0.04713,0.03906,0.06797
Rb2MoMnO3S3,1.83917,-1.70781,33.19510,30.00000,21.03800,0.04714,0.03914,0.06785
K2GeTaO3Cl3,2.04451,-2.00664,7.67641,30.00000,17.25526,0.04714,0.03696,0.07298
K2GeFeSe3I3,0.95399,-0.94795,4.56841,30.00000,16.94640,0.04714,0.03441,0.51060
Rb2MoWO3S3,1.89847,-1.70585,26.08841,30.00000,19.98959,0.04715,0.03852,0.06905
Na2ZrInO3Cl3,2.09377,-2.29208,2.01461,30.00000,16.42956,0.04716,0.03663,0.07432
Na2FeCuBr6,0.94515,-1.20689,0.03823,30.00000,16.06487,0.04721,0.03376,0.49308
K2WInO3Cl3,2.09257,-1.82566,1.61845,30.00000,16.36727,0.04722,0.03661,0.07467
Rb2FeCuCl3I3,0.98752,-1.32547,20.15790,30.00000,19.36410,0.04723,0.03648,0.56553
Rb2SnBiO3Cl3,1.91619,-1.65700,23.74784,30.00000,19.58777,0.04723,0.03833,0.07004
K2GeGaSe3Cl3,2.05026,-1.39034,7.66545,30.00000,17.21385,0.04728,0.03711,0.07341
K2ZrFeO3F3,2.10892,-2.84881,0.08685,30.00000,16.11219,0.04729,0.03657,0.07593
Li2GeGaS3Br3,2.04102,-1.21304,8.58132,30.00000,17.30143,0.04730,0.03713,0.07351
Rb2WSbO3F3,1.89823,-2.39017,26.66768,30.00000,19.96019,0.04731,0.03864,0.06903
Rb2CrWO6,1.86412,-2.18087,30.74050,30.00000,20.54457,0.04731,0.03902,0.06863
Na2GeCuBr6,0.95590,-1.20121,5.15909,30.00000,16.89201,0.04732,0.03447,0.51294
Rb2WAgO3Cl3,1.89548,-1.64793,27.36670,30.00000,20.04955,0.04733,0.03866,0.06934
Rb2GeMnO3S3,1.76597,-1.69260,42.45351,30.00000,22.20085,0.04740,0.04004,0.06678
Na2SnNbO3Cl3,2.11123,-1.95904,0.19068,30.00000,16.05417,0.04741,0.03658,0.07594
Rb2MoMnO6,1.81540,-2.04348,37.01134,30.00000,21.45035,0.04742,0.03951,0.06726
Rb2SnGaO3Cl3,1.86421,-1.77269,31.64105,30.00000,20.57162,0.04747,0.03915,0.06877
Na2TiFeSe3Br3,0.94276,-1.39187,0.18689,30.00000,16.00337,0.04748,0.03375,0.49385
Li2GeGaS3Cl3,2.02745,-1.26406,11.74991,30.00000,17.65017,0.04749,0.03745,0.07344
Rb2WMnO3S3,1.89532,-1.68355,27.90688,30.00000,20.01035,0.04752,0.03879,0.06956
Na2GeWO6,2.04574,-2.02916,8.63843,30.00000,17.18222,0.04753,0.03721,0.07380
Rb2GeInO3Cl3,1.81063,-1.77686,38.19946,30.00000,21.45692,0.04758,0.03972,0.06793
Na2ZrFeO3F3,2.12249,-2.78311,0.07058,30.00000,15.92159,0.04761,0.03665,0.07647
Na2SnWO6,2.11592,-2.05818,0.20047,30.00000,15.91548,0.04762,0.03660,0.07617
Na2GeBiO3F3,2.05787,-2.15187,8.00350,30.00000,17.08478,0.04765,0.03726,0.07441
Na2TiMoO6,2.11592,-2.75588,0.23761,30.00000,15.90420,0.04766,0.03670,0.07661
K2GeGaO3F3,2.02013,-2.41502,12.95579,30.00000,17.73814,0.04768,0.03764,0.07296
Na2SnCuCl3I3,0.94357,-1.14432,0.43099,30.00000,15.96353,0.04768,0.03381,0.49497
Na2GeGaS3Br3,2.05732,-1.23628,8.05451,30.00000,17.01632,0.04770,0.03722,0.07455
Na2GeVO3Cl3,2.04102,-1.82193,10.53648,30.00000,17.34355,0.04774,0.03743,0.07410
Rb2VNbO3S3,1.85449,-2.07582,33.70174,30.00000,20.70235,0.04774,0.03934,0.06902
Rb2ZrCrO6,1.82423,-2.63544,37.60056,30.00000,21.21876,0.04780,0.03971,0.06848
Na2FeMnS3I3,0.94279,-1.08464,0.42805,30.00000,15.86861,0.04782,0.03378,0.49436
K2SnInO3F3,2.10911,-2.46352,2.02520,30.00000,16.09136,0.04784,0.03683,0.07637
Rb2MoSbO3Cl3,1.90318,-1.82643,28.58029,30.00000,19.90853,0.04786,0.03894,0.07015
Rb2MnSbO3F3,1.86213,-2.41077,34.14941,30.00000,20.63601,0.04792,0.03942,0.06989
K2SbAgI6,0.94248,-0.92475,1.89368,30.00000,16.00074,0.04806,0.03404,0.50047
Na2WGaO3F3,2.11801,-2.32711,2.15926,30.00000,15.99011,0.04809,0.03697,0.07671
Rb2GeGaSe3F3,1.88167,-1.80562,32.46625,30.00000,20.26401,0.04809,0.03936,0.07058
Rb2VZnO3F3,1.82303,-2.73181,39.32047,30.00000,21.24774,0.04810,0.03997,0.06907
K2GeWO3S3,2.08029,-1.62524,7.21516,30.00000,16.60881,0.04813,0.03742,0.07632
K2GeSbO3Cl3,2.07600,-1.63394,8.08936,30.00000,16.79552,0.04815,0.03750,0.07619
K2ZrGaO3Cl3,2.11701,-2.30233,2.15319,30.00000,15.92659,0.04815,0.03700,0.07792
Rb2CrMnO3Cl3,1.86089,-1.75319,35.64038,30.00000,20.64336,0.04817,0.03969,0.07040
K2ZrSbO3Cl3,2.13872,-2.11815,0.18796,30.00000,15.58607,0.04833,0.03691,0.07843
Na2SnVO3F3,2.14100,-2.53323,0.18872,30.00000,15.54373,0.04835,0.03691,0.07831
K2WBiO3F3,2.13630,-2.40626,0.23135,30.00000,15.55456,0.04835,0.03692,0.07828
K2GeVO3F3,2.05312,-2.64168,11.15188,30.00000,17.10685,0.04836,0.03768,0.07603
Na2SnTaO3F3,2.13798,-2.74290,0.82490,30.00000,15.60617,0.04837,0.03702,0.07868
K2NbMnO3F3,2.14257,-2.83485,0.15667,30.00000,15.53461,0.04838,0.03702,0.07877
Rb2CrWO3Cl3,1.92781,-1.73341,27.54414,30.00000,19.38558,0.04838,0.03905,0.07187
Rb2TiCrO6,1.81571,-2.63531,42.00309,30.00000,21.38605,0.04843,0.04037,0.06947
Rb2MnBiSe3I3,0.96724,-1.06672,15.05016,30.00000,17.70429,0.04843,0.03587,0.55179
K2GeCuBr6,0.94510,-1.34565,4.93055,30.00000,16.25438,0.04844,0.03451,0.51234
Rb2VFeO3F3,1.83417,-2.72097,40.29874,30.00000,21.15245,0.04845,0.04019,0.06998
Na2SnMoO6,2.14521,-2.08212,0.28166,30.00000,15.50318,0.04846,0.03701,0.07905
Rb2WMnO6,1.90648,-2.13631,30.55580,30.00000,19.76371,0.04848,0.03933,0.07151
Rb2MoSbO3F3,1.90139,-2.42393,31.43932,30.00000,19.86186,0.04850,0.03940,0.07133
Rb2TiBiO3Cl3,1.94267,-2.22282,26.58191,30.00000,19.17551,0.04853,0.03897,0.07276
K2ZrInO3Cl3,2.13208,-2.36209,1.88406,30.00000,15.68470,0.04857,0.03719,0.07856
Cs2WBiSe3I3,1.46005,-1.09500,68.37245,30.00000,25.25427,0.04858,0.04266,0.06734
K2SnBiO3F3,2.14639,-2.32788,0.22900,30.00000,15.44876,0.04859,0.03703,0.07963
Na2MoFeSe3I3,0.93818,-0.99459,0.53064,30.00000,15.45790,0.04867,0.03385,0.49746
Na2WBiO3F3,2.14935,-2.31480,0.23099,30.00000,15.36292,0.04870,0.03701,0.07959
K2GeGaS3Br3,2.09616,-1.32261,7.60193,30.00000,16.34712,0.04875,0.03761,0.07737
Rb2VMnO3Cl3,1.88405,-2.03977,35.77061,30.00000,20.28422,0.04880,0.03990,0.07148
Na2GeSbO3F3,2.07835,-2.23205,9.97938,30.00000,16.66927,0.04881,0.03777,0.07752
K2GeCrO3F3,2.06541,-2.43981,11.05336,30.00000,16.80783,0.04881,0.03787,0.07703
Rb2SnFeO3F3,1.89849,-2.32795,34.26587,30.00000,19.95541,0.04890,0.03980,0.07232
Rb2TaFeO3F3,1.92655,-2.82138,30.68753,30.00000,19.43604,0.04898,0.03953,0.07287
Rb2SnFeSe3Cl3,0.97844,-1.36448,22.56357,30.00000,18.52757,0.04901,0.03695,0.57971
K2GeVO3Cl3,2.09177,-1.97065,9.60480,30.00000,16.49090,0.04904,0.03794,0.07795
Rb2VTaO6,1.92299,-2.83188,31.58561,30.00000,19.49348,0.04906,0.03958,0.07288
Na2VNbO6,2.16009,-2.69147,0.22674,30.00000,15.23411,0.04908,0.03729,0.08090
Li2GeMoO3S3,2.08629,-1.57085,10.59082,30.00000,16.54218,0.04911,0.03803,0.07830
K2SnTaO3Cl3,2.15985,-2.12772,0.71194,30.00000,15.23195,0.04912,0.03736,0.08121
Rb2SnSbO3Cl3,1.95472,-1.72641,27.38124,30.00000,18.89799,0.04923,0.03922,0.07412
Rb2MoBiO3Cl3,1.98079,-1.76107,24.64967,30.00000,18.46851,0.04923,0.03909,0.07502
Rb2GeMnI6,0.96495,-1.17609,18.22350,30.00000,17.58237,0.04925,0.03635,0.56552
Na2SnGaO3Cl3,2.15275,-1.71530,2.20376,30.00000,15.40575,0.04925,0.03748,0.08117
Rb2MnGaO3F3,1.85986,-2.48242,40.49149,30.00000,20.63349,0.04928,0.04043,0.07206
K2MoBiO3F3,2.16474,-2.37839,0.29623,30.00000,15.05329,0.04932,0.03733,0.08117
K2SnSbO3F3,2.16631,-2.35365,0.23919,30.00000,15.06344,0.04939,0.03731,0.08162
Na2ZrGaO3Cl3,2.15426,-2.27286,2.32403,30.00000,15.32253,0.04945,0.03751,0.08186
Rb2GeBiO3Cl3,1.94210,-1.64241,31.07505,30.00000,19.19638,0.04946,0.03972,0.07428
Cs2AgInI6,1.24433,-1.15878,71.62506,30.00000,25.03678,0.04948,0.04310,0.14593
K2GeBiO3F3,2.11472,-2.27983,7.46521,30.00000,16.00587,0.04949,0.03794,0.07940
Rb2NbMnO3Cl3,1.92888,-2.11278,32.63707,30.00000,19.38579,0.04949,0.03978,0.07406
Rb2NbZnO3Cl3,1.93595,-2.09767,31.93217,30.00000,19.27895,0.04951,0.03979,0.07426
Rb2FeSbSe3Br3,0.96625,-1.28495,18.86674,30.00000,17.54272,0.04952,0.03647,0.56813
Cs2SnBiSe3I3,1.23551,-1.01877,72.03594,30.00000,24.97465,0.04964,0.04320,0.16887
Cs2WAgSe3I3,1.37976,-1.10654,75.41464,30.00000,25.37242,0.04965,0.04360,0.07721
Na2ZrSbO3F3,2.17783,-2.72782,0.21036,30.00000,14.91336,0.04966,0.03750,0.08286
Cs2WInSe3I3,1.45554,-1.21432,74.43394,30.00000,25.20591,0.04967,0.04353,0.07003
Na2TiInO3Cl3,2.16100,-2.21148,2.21274,30.00000,15.19930,0.04968,0.03760,0.08204
Cs2WSbSe3I3,1.24894,-1.06572,73.37481,30.00000,25.10815,0.04972,0.04338,0.13962
Cs2ZrBiSe3I3,1.50248,-1.28204,73.69430,30.00000,25.03164,0.04972,0.04349,0.06835
Na2GeCrO3F3,2.08853,-2.36787,12.31768,30.00000,16.53745,0.04973,0.03832,0.07995
K2VMnO3F3,2.17734,-2.67845,0.11537,30.00000,14.85327,0.04980,0.03751,0.08305
Rb2MoAgO3F3,1.92333,-2.37648,35.22155,30.00000,19.50147,0.04980,0.04015,0.07442
Cs2TiBiSe3I3,1.40863,-1.24831,76.48294,30.00000,25.38148,0.04982,0.04379,0.07315
K2SnWO3S3,2.18274,-1.79585,0.19469,30.00000,14.79610,0.04988,0.03759,0.08332
Rb2MoGaO3Br3,1.98881,-1.67023,26.09268,30.00000,18.25421,0.04988,0.03943,0.07680
Cs2TaZnSe3I3,1.36098,-1.28007,77.42411,30.00000,25.37001,0.04999,0.04387,0.08040
Cs2SnTaSe3I3,1.53493,-1.25324,73.96460,30.00000,24.84373,0.05001,0.04364,0.06837
Cs2GeBiSe3I3,1.34115,-1.00124,77.76252,30.00000,25.40272,0.05004,0.04395,0.08576
K2WGaO3Cl3,2.17222,-1.76618,1.81166,30.00000,14.95087,0.05009,0.03778,0.08311
K2TiSbO3Cl3,2.18753,-2.13020,0.16988,30.00000,14.72172,0.05011,0.03758,0.08438
Na2GeVO3F3,2.09685,-2.50251,12.43261,30.00000,16.36176,0.05011,0.03845,0.08045
Cs2CrWSe3I3,1.32098,-1.25469,77.90213,30.00000,25.31883,0.05014,0.04393,0.09599
Rb2MnSbSe6,0.96036,-0.95204,19.07111,30.00000,17.23490,0.05021,0.03648,0.57252
Cs2WGaSe3I3,1.48118,-1.17603,77.40460,30.00000,25.13579,0.05024,0.04403,0.06939
Rb2VSbO3S3,1.96407,-1.76973,31.73845,30.00000,18.78832,0.05026,0.04007,0.07693
Cs2TaCuSe3I3,1.26445,-1.19886,77.55691,30.00000,25.16172,0.05033,0.04390,0.13024
Cs2SnSbSe3I3,1.27467,-1.00761,77.61249,30.00000,25.15326,0.05036,0.04393,0.12019
Cs2MoBiSe3I3,1.18585,-1.03846,73.43948,30.00000,24.69393,0.05036,0.04354,0.28571
Na2GeInO3F3,2.10583,-2.29944,12.37832,30.00000,16.18780,0.05037,0.03861,0.08099
Rb2TiWO6,1.96767,-2.74777,30.99365,30.00000,18.65728,0.05038,0.04002,0.07676
K2MoInO3Cl3,2.18378,-1.82094,1.96492,30.00000,14.82095,0.05039,0.03784,0.08502
Rb2WAgO3F3,1.98163,-2.33226,29.74744,30.00000,18.46859,0.05039,0.03990,0.07694
Cs2SnNbSe3I3,1.40284,-1.23694,79.64418,30.00000,25.32303,0.05046,0.04423,0.07512
Cs2SnInSe3I3,1.49148,-1.06408,78.75973,30.00000,25.11126,0.05051,0.04420,0.06974
Na2GeMoO6,2.11556,-2.07473,11.11995,30.00000,16.01594,0.05053,0.03851,0.08186
Rb2SbZnO3F3,1.95777,-2.37808,33.37909,30.00000,18.82329,0.05056,0.04030,0.07662
Cs2ZrSbSe3I3,1.48274,-1.31938,79.54259,30.00000,25.17681,0.05056,0.04431,0.06966
Rb2MnInO3F3,1.93755,-2.49958,36.34752,30.00000,19.19944,0.05057,0.04046,0.07632
Cs2SbZnSe3I3,1.35449,-1.04628,81.44489,30.00000,25.38188,0.05064,0.04444,0.08553
Cs2MoInSe3I3,1.29568,-1.11084,80.42398,30.00000,25.25265,0.05068,0.04431,0.11132
Li2GeVO3F3,2.09960,-2.36505,14.08156,30.00000,16.27339,0.05070,0.03880,0.08173
Rb2FeSbSe3Cl3,0.96473,-1.34025,22.49286,30.00000,17.49258,0.05070,0.03696,0.58377
Na2GeMoO3S3,2.13172,-1.57256,9.64119,30.00000,15.70508,0.05070,0.03848,0.08302
Li2WGaO3F3,2.18661,-2.35641,2.34735,30.00000,14.72028,0.05074,0.03821,0.08558
Na2WGaO3Cl3,2.19306,-1.74039,1.92340,30.00000,14.64770,0.05077,0.03818,0.08575
Cs2GeTaSe3I3,1.49936,-1.24640,79.91053,30.00000,25.00985,0.05080,0.04443,0.06990
Rb2TiFeSe3I3,0.95150,-1.34482,17.67525,30.00000,16.73604,0.05082,0.03637,0.56643
K2TiInO3Cl3,2.19803,-2.34861,2.05173,30.00000,14.57787,0.05090,0.03814,0.08650
Rb2NbZnO3F3,1.95426,-2.76653,35.56322,30.00000,18.95801,0.05090,0.04057,0.07783
Rb2GeFeSe3I3,0.95719,-0.98920,20.88959,30.00000,17.03554,0.05092,0.03679,0.58026
Cs2MoBiS3I3,1.41502,-1.07319,83.20698,30.00000,25.31391,0.05100,0.04477,0.07459
Cs2ZrInSe3I3,1.51562,-1.38123,80.73107,30.00000,24.98596,0.05104,0.04456,0.07004
K2GeFeBr3I3,0.93095,-1.25709,4.43609,30.00000,14.85211,0.05104,0.03450,0.51548
Cs2NbZnSe3I3,1.40232,-1.23390,83.68668,30.00000,25.32092,0.05106,0.04475,0.07622
Na2SnGaO3F3,2.19563,-2.35039,2.52567,30.00000,14.60354,0.05108,0.03814,0.08683
Cs2TiInSe3I3,1.38005,-1.36248,84.06237,30.00000,25.35023,0.05109,0.04476,0.08001
Cs2TiSbSe3I3,1.28503,-1.27209,82.80299,30.00000,25.29172,0.05111,0.04462,0.11679
K2GeGaO3Cl3,2.12981,-1.73129,11.24870,30.00000,15.71986,0.05111,0.03876,0.08379
Cs2WBiO3I3,1.54463,-1.44142,80.15334,30.00000,24.80793,0.05111,0.04453,0.06995
Cs2WSbSe3Br3,1.28781,-1.27249,83.00310,30.00000,25.25980,0.05115,0.04471,0.11525
Cs2SnWSe6,1.34565,-1.03929,83.54510,30.00000,25.31618,0.05116,0.04477,0.08754
Cs2TaMnSe3I3,1.18775,-1.31517,78.14766,30.00000,24.67268,0.05120,0.04419,0.29818
Rb2SnGeBr6,0.95746,-1.43477,22.38265,30.00000,17.10598,0.05121,0.03703,0.58575
Na2MoInO3Cl3,2.20465,-1.72570,2.10030,30.00000,14.44048,0.05124,0.03831,0.08761
Cs2WSbS3I3,1.49747,-1.06993,83.12730,30.00000,25.07427,0.05134,0.04481,0.07088
Cs2MoGaSe3I3,1.28296,-1.11666,83.90103,30.00000,25.23125,0.05137,0.04481,0.12014
Li2MoGaO3Cl3,2.20078,-1.72192,2.65079,30.00000,14.45911,0.05139,0.03825,0.08754
Na2FeMnI6,0.92301,-1.09452,0.57636,30.00000,14.17188,0.05139,0.03392,0.49977
Cs2WBiS3I3,1.62420,-1.11010,76.75611,30.00000,24.12016,0.05140,0.04439,0.07107
Cs2WFeSe3I3,1.17042,-1.14860,77.63179,30.00000,24.44261,0.05140,0.04413,0.35804
Rb2ZrCrO3F3,1.95935,-2.85009,36.79571,30.00000,18.81329,0.05142,0.04082,0.07793
K2SnVO3F3,2.22111,-2.65799,0.19317,30.00000,14.15713,0.05146,0.03829,0.08864
Cs2GeNbSe3I3,1.36418,-1.18327,86.33861,30.00000,25.37759,0.05149,0.04516,0.08376
Cs2WInSe3Br3,1.49317,-1.37177,84.26989,30.00000,25.10303,0.05150,0.04500,0.07102
Li2GeWO6,2.15327,-2.11174,9.39729,30.00000,15.29528,0.05151,0.03876,0.08561
Cs2SnGaSe3I3,1.55608,-1.07392,82.09290,30.00000,24.72366,0.05157,0.04489,0.07046
Rb2SnInO3F3,1.99980,-2.47337,31.86600,30.00000,18.08929,0.05158,0.04045,0.07901
Rb2GeSbO3Cl3,1.96999,-1.67609,36.26028,30.00000,18.62219,0.05160,0.04086,0.07914
Na2SnCrO3F3,2.22601,-2.38181,0.13039,30.00000,14.06491,0.05162,0.03826,0.08917
Cs2SnVSe3I3,1.22741,-1.21745,82.80046,30.00000,24.93000,0.05163,0.04477,0.19220
Cs2ZrWSe6,1.29336,-1.33839,85.79143,30.00000,25.24824,0.05163,0.04505,0.11362
Cs2GeSbSe3I3,1.24667,-0.98794,84.04087,30.00000,25.06751,0.05166,0.04487,0.16108
K2SnVO3Cl3,2.22216,-1.95144,0.16829,30.00000,14.05801,0.05166,0.03826,0.08836
Cs2ZrGaSe3I3,1.51792,-1.38100,84.23708,30.00000,24.95386,0.05167,0.04508,0.07087
Cs2SnZnI6,1.10675,-1.17708,72.09419,30.00000,23.52614,0.05167,0.04357,0.70779
Cs2TaSbSe6,1.23239,-1.11025,83.82179,30.00000,25.01042,0.05170,0.04487,0.18150
K2GeMoO3S3,2.16201,-1.63117,8.86629,30.00000,15.13453,0.05170,0.03878,0.08612
Rb2GeGaS3Br3,2.01750,-1.32731,30.22254,30.00000,17.79202,0.05171,0.04035,0.08086
Cs2TiGaSe3I3,1.42247,-1.36569,87.87031,30.00000,25.35089,0.05175,0.04541,0.07529
Cs2SnCrSe3I3,1.20385,-1.10999,82.70001,30.00000,24.82240,0.05177,0.04478,0.24409
Cs2MnZnBr3I3,1.28801,-1.46669,86.47222,30.00000,25.22887,0.05179,0.04524,0.11632
Cs2VCuSe3I3,1.28816,-1.17026,87.34923,30.00000,25.26270,0.05186,0.04531,0.11350
Cs2TaCuSe3Br3,1.33932,-1.41111,88.37888,30.00000,25.37027,0.05188,0.04547,0.09187
Na2SnFeSe3Br3,0.91777,-1.18746,0.21458,30.00000,13.95783,0.05189,0.03392,0.49956
Cs2SnTaSe3Br3,1.56805,-1.47611,83.72761,30.00000,24.64074,0.05193,0.04514,0.07108
Na2FeMnS3Se3,0.91402,-0.97865,0.22923,30.00000,13.94233,0.05194,0.03390,0.49958
Cs2MnZnI6,1.11996,-1.20233,76.07017,30.00000,23.87644,0.05195,0.04410,0.65477
Cs2GeInSe3I3,1.52985,-1.02899,85.27913,30.00000,24.86177,0.05197,0.04530,0.07147
Rb2GeGaSe3Cl3,2.02370,-1.36235,30.02446,30.00000,17.67568,0.05197,0.04053,0.08161
Rb2CrWO3F3,2.02385,-2.59615,30.20191,30.00000,17.65977,0.05198,0.04051,0.08173
Cs2TaZnSe3Br3,1.45777,-1.51410,88.20675,30.00000,25.19842,0.05199,0.04554,0.07350
Cs2CrWSe3Br3,1.39195,-1.33671,88.86964,30.00000,25.36908,0.05200,0.04554,0.07977
Cs2TaMnSe3Br3,1.33530,-1.54858,89.15000,30.00000,25.36255,0.05201,0.04557,0.09397
Rb2TaSbO3S3,2.05769,-1.85354,25.56370,30.00000,17.08808,0.05201,0.04021,0.08321
Cs2SnSbSe3Br3,1.32664,-1.19221,88.48674,30.00000,25.32468,0.05201,0.04546,0.09750
Cs2WFeS3I3,1.41837,-1.16366,88.64825,30.00000,25.30349,0.05202,0.04552,0.07596
Cs2SnSbS3I3,1.45484,-0.99257,88.61740,30.00000,25.23103,0.05207,0.04559,0.07344
Cs2MoSbSe3I3,1.14695,-1.02341,79.24253,30.00000,24.20184,0.05207,0.04444,0.44988
K2SnTaO3F3,2.23172,-2.79664,0.78570,30.00000,13.96705,0.05208,0.03848,0.09097
Cs2TaFeS3I3,1.44912,-1.29697,89.19756,30.00000,25.26815,0.05213,0.04565,0.07409
K2TiGaO3Cl3,2.22490,-2.36146,2.37577,30.00000,14.11560,0.05216,0.03874,0.09013
Cs2MoBiO3I3,1.53020,-1.38645,87.21409,30.00000,24.95778,0.05217,0.04549,0.07185
Rb2VZnO3Cl3,1.99949,-1.93138,34.92443,30.00000,18.14162,0.05218,0.04095,0.08073
Cs2WSbO3I3,1.53222,-1.47051,87.12784,30.00000,24.88556,0.05225,0.04549,0.07179
K2GeSbO3F3,2.17675,-2.31052,9.14817,30.00000,14.92008,0.05226,0.03922,0.08804
Cs2GeWSe6,1.35062,-1.03599,90.77550,30.00000,25.36979,0.05230,0.04577,0.08849
Cs2SnZnBr3I3,1.15349,-1.37200,81.35271,30.00000,24.22873,0.05230,0.04475,0.46659
Cs2CuZnI6,1.11058,-1.11247,75.50934,30.00000,23.55638,0.05230,0.04402,0.72539
Rb2TaMnO3F3,2.02596,-2.91124,30.74351,30.00000,17.57325,0.05230,0.04060,0.08183
Cs2GeVSe3I3,1.27804,-1.21885,89.91828,30.00000,25.24317,0.05235,0.04567,0.12377
Cs2ZrBiO3I3,1.53515,-1.89844,87.58261,30.00000,24.85986,0.05235,0.04559,0.07199
Rb2GeFeO3S3,1.95184,-1.60855,42.36487,30.00000,18.98222,0.05236,0.04158,0.08026
Cs2MoSbS3I3,1.33387,-1.01749,90.74712,30.00000,25.33622,0.05239,0.04582,0.09345
Cs2GeCrSe3I3,1.27979,-1.10707,89.80579,30.00000,25.20690,0.05245,0.04567,0.13025
Rb2SnSbO3F3,2.04005,-2.39481,29.99959,30.00000,17.41351,0.05245,0.04063,0.08284
Na2GeCrO6,2.15551,-2.10730,12.72981,30.00000,15.26141,0.05246,0.03948,0.08723
Cs2VZnSe3I3,1.21803,-1.27049,87.18092,30.00000,24.88995,0.05249,0.04541,0.21182
Cs2MnBiO3I3,1.29117,-1.46961,90.87998,30.00000,25.24623,0.05250,0.04581,0.12027
Cs2SnNbSe3Br3,1.32863,-1.40946,91.14759,30.00000,25.31257,0.05251,0.04586,0.09934
Rb2GeZnO3S3,1.96185,-1.66904,41.47446,30.00000,18.79261,0.05252,0.04155,0.08027
Cs2AgInBr3I3,1.13251,-1.32803,80.50193,30.00000,24.06359,0.05252,0.04467,0.53266
Cs2WGaSe3Br3,1.54172,-1.35501,88.10646,30.00000,24.81974,0.05254,0.04569,0.07224
Cs2CuZnBr3I3,1.19041,-1.32147,85.74530,30.00000,24.66662,0.05256,0.04523,0.29130
Cs2MoInS3I3,1.42263,-1.12389,92.18666,30.00000,25.30417,0.05258,0.04606,0.07677
Cs2AgGaBr3I3,1.16436,-1.32129,83.93404,30.00000,24.39243,0.05259,0.04507,0.40548
Cs2ZrSbSe3Br3,1.48381,-1.54621,91.01453,30.00000,25.10580,0.05261,0.04598,0.07306
Cs2GeTaSe3Br3,1.48155,-1.43458,90.96688,30.00000,25.14658,0.05263,0.04600,0.07281
Cs2SbAgCl3I3,1.52140,-1.30003,90.09599,30.00000,24.97143,0.05263,0.04586,0.07226
Cs2SnInSe3Br3,1.53210,-1.29323,89.87708,30.00000,24.92355,0.05264,0.04589,0.07243
Na2GeNbO3F3,2.17647,-2.54987,10.84276,30.00000,14.89744,0.05269,0.03941,0.08883
Cs2TaFeSe3I3,1.10818,-1.29075,78.08366,30.00000,23.59662,0.05273,0.04440,0.72034
Cs2TiWSe6,1.23061,-1.33400,89.60520,30.00000,24.96479,0.05273,0.04575,0.19332
K2SnFeCl3I3,0.91521,-1.35114,0.41731,30.00000,13.63758,0.05276,0.03396,0.50067
Cs2MnCuBr3I3,1.18258,-1.38198,86.63808,30.00000,24.62784,0.05278,0.04537,0.32285
Rb2SnFeS3I3,0.94124,-1.00808,19.09550,30.00000,15.92351,0.05279,0.03661,0.57560
Cs2GeZnBr3I3,1.20335,-1.36590,88.28519,30.00000,24.74464,0.05280,0.04564,0.24805
Cs2TaCuS3I3,1.56455,-1.22893,88.50904,30.00000,24.65464,0.05281,0.04583,0.07265
K2GeNbO3Cl3,2.19263,-2.01550,8.63883,30.00000,14.62679,0.05282,0.03931,0.08961
Cs2GeGaSe3I3,1.55721,-1.02055,89.04860,30.00000,24.68876,0.05283,0.04585,0.07247
Cs2MoInSe3Br3,1.28296,-1.34851,92.05311,30.00000,25.18994,0.05283,0.04602,0.12597
Cs2TaZnO3I3,1.46148,-1.91095,92.85602,30.00000,25.20164,0.05284,0.04617,0.07445
Rb2NbSbO3S3,2.05134,-1.77973,29.25940,30.00000,17.12390,0.05286,0.04079,0.08390
Rb2CrMoO6,2.00222,-2.09177,37.28095,30.00000,18.05134,0.05288,0.04133,0.08262
Cs2MoAgS3I3,1.29497,-1.07717,93.53454,30.00000,25.29180,0.05293,0.04621,0.11643
Cs2SnBiS3I3,1.66893,-1.02431,81.41120,30.00000,23.62619,0.05294,0.04524,0.07403
Cs2MnSbCl3I3,1.28614,-1.46108,93.68508,30.00000,25.31361,0.05294,0.04617,0.11689
Na2VNbSe6,0.91177,-1.22378,0.41244,30.00000,13.52596,0.05302,0.03400,0.50078
Cs2NbMnSe3I3,1.14645,-1.28360,84.53559,30.00000,24.21680,0.05303,0.04529,0.47756
Na2WInO3F3,2.24359,-2.37229,1.89613,30.00000,13.71724,0.05304,0.03895,0.09278
Cs2SnMnCl3I3,1.29075,-1.47100,93.97200,30.00000,25.27720,0.05307,0.04627,0.11916
Rb2WBiO3F3,2.10573,-2.37794,23.21300,30.00000,16.25996,0.05308,0.04051,0.08693
Cs2SnNbS3I3,1.54641,-1.19116,91.28132,30.00000,24.80481,0.05309,0.04618,0.07299
Cs2MoSbO3I3,1.41982,-1.40601,95.53574,30.00000,25.36327,0.05309,0.04650,0.07740
K2FeZnBr3I3,0.91324,-1.27637,0.34424,30.00000,13.50421,0.05311,0.03392,0.50026
Cs2WInS3I3,1.64850,-1.22303,84.39454,30.00000,23.85603,0.05312,0.04558,0.07361
Cs2TiSbSe3Br3,1.42238,-1.44634,95.32437,30.00000,25.29878,0.05314,0.04650,0.07774
Cs2ZrInSe3Br3,1.53052,-1.63770,92.46367,30.00000,24.87087,0.05315,0.04627,0.07315
Cs2CrMnSe3I3,1.17763,-1.26111,87.99026,30.00000,24.53748,0.05318,0.04566,0.35741
Cs2NbSbSe6,1.21521,-1.07089,91.24876,30.00000,24.90077,0.05318,0.04599,0.21959
Rb2VNbO6,2.00446,-2.70260,37.64273,30.00000,17.90891,0.05318,0.04153,0.08334
Cs2SnCrS3I3,1.32040,-1.11561,95.32901,30.00000,25.32722,0.05319,0.04642,0.10171
Cs2TaCuO3I3,1.52335,-1.83852,93.04615,30.00000,24.89015,0.05320,0.04633,0.07349
Cs2TaMnS3I3,1.59105,-1.33053,89.28106,30.00000,24.41844,0.05321,0.04605,0.07301
Cs2TiSbS3I3,1.45748,-1.31886,95.46281,30.00000,25.25206,0.05321,0.04651,0.07573
Cs2SbAgI6,1.05545,-1.05189,70.63862,30.00000,22.26465,0.05325,0.04353,0.74533
Cs2NbZnSe3Br3,1.38326,-1.47874,96.50364,30.00000,25.39808,0.05325,0.04656,0.08209
Rb2TiFeO3F3,1.98779,-2.76165,40.57434,30.00000,18.30093,0.05326,0.04181,0.08224
Cs2SnVS3I3,1.29613,-1.21911,95.45955,30.00000,25.26835,0.05329,0.04645,0.11697
Cs2GeSbSe3Br3,1.32703,-1.09732,96.41744,30.00000,25.35159,0.05330,0.04660,0.09712
Cs2SbZnS3I3,1.52895,-1.06506,93.66041,30.00000,24.89703,0.05334,0.04650,0.07348
Cs2MoGaSe3Br3,1.35299,-1.32608,96.64757,30.00000,25.33552,0.05334,0.04659,0.09108
Cs2NbCuSe3I3,1.12648,-1.14854,83.84194,30.00000,23.92349,0.05334,0.04518,0.63142
Cs2SnGeCl3I3,1.47777,-1.39839,95.79808,30.00000,25.12851,0.05336,0.04669,0.07456
Cs2SbZnSe3Br3,1.53103,-1.27880,93.52397,30.00000,24.89045,0.05336,0.04642,0.07319
Cs2TiInSe3Br3,1.39297,-1.61004,96.87598,30.00000,25.33663,0.05336,0.04669,0.08170
K2FeCuCl3I3,0.91329,-1.23578,0.40942,30.00000,13.39136,0.05338,0.03401,0.50105
Cs2NbMnS3I3,1.36856,-1.27808,97.77875,30.00000,25.44499,0.05339,0.04674,0.08682
Cs2SbAgBr3I3,1.09224,-1.25598,79.33562,30.00000,23.27756,0.05340,0.04465,0.74376
Cs2SnMoSe6,1.19905,-1.01143,91.25291,30.00000,24.73213,0.05342,0.04600,0.28119
Rb2FeSbS3I3,0.93517,-0.98573,19.04906,30.00000,15.54195,0.05345,0.03660,0.57599
Rb2ZrInO3Cl3,2.06241,-2.34250,30.52080,30.00000,16.96199,0.05346,0.04096,0.08540
Cs2AgGaCl3I3,1.48754,-1.42597,95.95522,30.00000,25.14526,0.05348,0.04667,0.07396
Rb2GeTaO3F3,2.02583,-2.76807,36.11351,30.00000,17.57811,0.05349,0.04160,0.08435
Cs2TiInS3I3,1.46690,-1.38019,97.01493,30.00000,25.19157,0.05350,0.04672,0.07515
Cs2CrMoS3I3,1.37824,-1.21086,97.79713,30.00000,25.36757,0.05352,0.04679,0.08509
Cs2NbCuS3I3,1.29117,-1.15781,96.84979,30.00000,25.26562,0.05353,0.04667,0.12181
Cs2SnZnF3I3,1.41671,-1.88737,98.09097,30.00000,25.34268,0.05354,0.04682,0.07848
Cs2ZrSbS3I3,1.59234,-1.35856,91.14812,30.00000,24.41716,0.05354,0.04630,0.07369
Cs2MnInSe3I3,1.11248,-1.16544,83.49581,30.00000,23.71889,0.05355,0.04518,0.69841
Cs2SnZnCl3I3,1.57092,-1.43080,92.92277,30.00000,24.61160,0.05356,0.04644,0.07363
Rb2SnCrO3Cl3,2.06302,-1.82285,31.12818,30.00000,16.99654,0.05358,0.04122,0.08571
Cs2CuZnCl3I3,1.40277,-1.38639,98.70338,30.00000,25.39055,0.05361,0.04692,0.08133
Cs2SnCrSe6,1.24344,-1.04156,95.59286,30.00000,25.03356,0.05366,0.04653,0.17492
Cs2SbZnO3I3,1.39150,-1.40739,98.77409,30.00000,25.37569,0.05367,0.04699,0.08203
Cs2NbTaSe6,1.12575,-1.27843,86.19384,30.00000,23.94734,0.05368,0.04553,0.63238
Na2ZrInO3F3,2.26068,-2.86770,2.29448,30.00000,13.52070,0.05369,0.03925,0.09540
Cs2GeZnI6,1.07734,-1.14983,77.82179,30.00000,22.92049,0.05370,0.04456,0.75892
Li2GeGaO3Cl3,2.18061,-1.66936,13.55566,30.00000,14.82379,0.05371,0.03993,0.09101
Cs2SnVSe3Br3,1.22877,-1.39230,95.32111,30.00000,24.99757,0.05372,0.04653,0.19575
Rb2TiMoO6,2.02285,-2.77953,37.65402,30.00000,17.69566,0.05375,0.04177,0.08471
K2GeInO3F3,2.19702,-2.39815,11.32302,30.00000,14.53694,0.05375,0.03988,0.09174
Cs2TaFeSe3Br3,1.15012,-1.50215,89.06659,30.00000,24.23116,0.05375,0.04585,0.47803
K2SnCrO6,2.27353,-2.04803,0.14106,30.00000,13.20727,0.05378,0.03914,0.09555
K2SnCrO3F3,2.27295,-2.44703,0.14014,30.00000,13.20245,0.05378,0.03916,0.09566
Cs2MnSbF3I3,1.44153,-1.93271,98.93961,30.00000,25.24962,0.05380,0.04702,0.07692
Cs2TaSbS3Se3,1.50738,-1.13773,96.79155,30.00000,24.98881,0.05380,0.04685,0.07399
Cs2TiBiS3I3,1.66271,-1.28694,87.14855,30.00000,23.73392,0.05380,0.04602,0.07481
Cs2TiBiO3I3,1.60805,-1.89549,91.55782,30.00000,24.30864,0.05381,0.04641,0.07395
Cs2SnFeF3I3,1.43641,-1.87109,99.15748,30.00000,25.25953,0.05382,0.04701,0.07797
Cs2MnZnCl3I3,1.39075,-1.54042,99.66905,30.00000,25.36631,0.05382,0.04705,0.08425
Cs2ZrInS3I3,1.60009,-1.38976,92.59775,30.00000,24.37824,0.05383,0.04650,0.07424
Rb2GeVO3F3,1.96035,-2.67760,47.08637,30.00000,18.82544,0.05384,0.04252,0.08245
Cs2CrAgS3I3,1.26489,-1.13182,98.02257,30.00000,25.21198,0.05384,0.04686,0.14070
Cs2MnCuCl3I3,1.35423,-1.40076,99.88850,30.00000,25.39368,0.05385,0.04702,0.09056
Cs2FeSbO3I3,1.34455,-1.33808,99.85537,30.00000,25.34803,0.05388,0.04704,0.09419
Rb2ZrMoO6,2.05138,-2.73291,34.09278,30.00000,17.18141,0.05390,0.04145,0.08631
Cs2ZrCrS3I3,1.26682,-1.37946,98.26723,30.00000,25.19860,0.05393,0.04691,0.13706
Cs2MoSbSe3Br3,1.14846,-1.23637,90.61406,30.00000,24.26767,0.05393,0.04608,0.44980
Cs2TaZnS3I3,1.66058,-1.26671,88.33673,30.00000,23.78571,0.05393,0.04619,0.07492
Cs2MoGaS3I3,1.53645,-1.13684,96.78615,30.00000,24.89496,0.05395,0.04693,0.07418
Cs2MoAgO3I3,1.48622,-1.39525,98.54676,30.00000,25.12417,0.05396,0.04707,0.07534
Cs2SnMnF3I3,1.47023,-1.97727,99.26094,30.00000,25.18720,0.05396,0.04709,0.07585
Cs2SnTaO3I3,1.66009,-2.02504,87.91190,30.00000,23.68693,0.05397,0.04616,0.07508
Rb2MnBiSe6,0.93205,-0.96789,17.25765,30.00000,15.20737,0.05399,0.03638,0.56793
Cs2WAgO3I3,1.63823,-1.40190,89.75207,30.00000,23.95995,0.05400,0.04631,0.07506
Cs2SnFeO3I3,1.44353,-1.32865,100.18291,30.00000,25.27683,0.05401,0.04718,0.07720
Cs2NbFeS3I3,1.23887,-1.25084,97.67836,30.00000,25.08358,0.05401,0.04684,0.17147
Rb2SnCrO3S3,2.06824,-1.78932,31.78962,30.00000,16.86819,0.05402,0.04133,0.08736
Cs2VZnS3I3,1.36237,-1.25839,101.34280,30.00000,25.39960,0.05404,0.04727,0.08906
Cs2WSbS3Br3,1.56559,-1.26466,95.76410,30.00000,24.65402,0.05408,0.04680,0.07450
Cs2CrWO3I3,1.59876,-1.54429,93.60560,30.00000,24.34938,0.05409,0.04671,0.07465
Cs2VTaSe6,1.14251,-1.29231,89.89816,30.00000,24.13619,0.05410,0.04605,0.52790
Cs2AgGaF3I3,1.33791,-1.87436,101.33160,30.00000,25.40377,0.05410,0.04728,0.09620
Rb2GeTaO3Cl3,2.06305,-2.10000,33.03313,30.00000,16.92746,0.05414,0.04144,0.08726
Cs2WFeSe3Br3,1.12410,-1.35539,88.51750,30.00000,23.92741,0.05414,0.04586,0.61102
Cs2SnCrSe3Br3,1.19251,-1.34525,95.19069,30.00000,24.67803,0.05415,0.04664,0.29407
Na2TiGaO3Cl3,2.26344,-2.22544,2.59246,30.00000,13.34838,0.05415,0.03947,0.09747
Cs2WSbSe3Cl3,1.58415,-1.34418,95.09653,30.00000,24.49326,0.05415,0.04682,0.07460
Cs2SnMnBr3I3,1.09075,-1.42259,82.15563,30.00000,23.10367,0.05417,0.04511,0.77323
Na2GeGaS3Cl3,2.20978,-1.28774,10.78319,30.00000,14.35629,0.05418,0.03991,0.09327
Li2GeMoO6,2.19636,-2.14406,12.40440,30.00000,14.50052,0.05418,0.04011,0.09233
Cs2MnInS3I3,1.20162,-1.15765,96.26065,30.00000,24.78184,0.05419,0.04675,0.26889
Cs2CrMnS3I3,1.38993,-1.26440,102.44310,30.00000,25.38907,0.05419,0.04745,0.08290
Cs2MnBiS3I3,1.11184,-1.09808,86.53413,30.00000,23.67026,0.05420,0.04566,0.75216
K2MnSbSe6,0.90481,-0.90754,0.37668,30.00000,13.10291,0.05421,0.03402,0.50200
Cs2ZrCrSe3I3,1.09437,-1.33724,84.89748,30.00000,23.43736,0.05421,0.04543,0.77168
Cs2CrMoSe3I3,1.10131,-1.19712,84.55264,30.00000,23.37125,0.05422,0.04538,0.76211
Rb2SnFeCl3I3,0.93360,-1.41604,18.85642,30.00000,15.33718,0.05423,0.03663,0.57593
Rb2ZrSbO3Cl3,2.09142,-2.18122,28.74759,30.00000,16.39949,0.05423,0.04121,0.08793
Cs2VCuSe3Br3,1.30042,-1.35032,101.42442,30.00000,25.32039,0.05426,0.04728,0.11712
Cs2ZrMoSe6,1.17189,-1.34606,93.94090,30.00000,24.47418,0.05427,0.04652,0.37877
Cs2SnGaSe3Br3,1.60634,-1.25839,94.25373,30.00000,24.28378,0.05428,0.04682,0.07504
Rb2GeCrO3F3,1.97845,-2.44463,46.91605,30.00000,18.50153,0.05429,0.04266,0.08459
Cs2SbCuS3I3,1.16363,-0.90114,93.85440,30.00000,24.41009,0.05430,0.04648,0.41020
Cs2MnInO3I3,1.45115,-1.53762,101.62237,30.00000,25.25458,0.05431,0.04738,0.07694
Cs2MnGaSe3I3,1.11058,-1.17108,87.25170,30.00000,23.62013,0.05432,0.04573,0.75465
Cs2ZrGaSe3Br3,1.57250,-1.61889,97.10261,30.00000,24.62148,0.05433,0.04707,0.07480
Cs2NbCuO3I3,1.43301,-1.83812,102.32870,30.00000,25.29520,0.05434,0.04747,0.07836
Cs2VCuS3I3,1.47148,-1.18773,101.56951,30.00000,25.20960,0.05436,0.04744,0.07617
Cs2WFeO3I3,1.62580,-1.46221,93.21589,30.00000,24.08878,0.05437,0.04679,0.07548
Cs2WBiO3Br3,1.64019,-1.57354,91.82594,30.00000,23.91787,0.05437,0.04668,0.07569
K2SnWO6,2.28727,-2.06135,0.20297,30.00000,13.02763,0.05439,0.03944,0.09800
Cs2GeNbSe3Br3,1.23277,-1.37819,99.46533,30.00000,24.98856,0.05446,0.04713,0.19662
Cs2VMnS3I3,1.31924,-1.32227,102.59229,30.00000,25.27808,0.05446,0.04750,0.10628
Cs2VMnSe3I3,1.11421,-1.31423,88.10282,30.00000,23.68187,0.05450,0.04583,0.71006
Cs2GeSbS3I3,1.59409,-0.97912,96.55185,30.00000,24.43142,0.05451,0.04705,0.07530
Cs2WFeS3Br3,1.44611,-1.36481,103.20021,30.00000,25.27648,0.05452,0.04763,0.07831
Cs2TaFeSe3Cl3,1.45610,-1.58415,103.09974,30.00000,25.26130,0.05454,0.04759,0.07694
Cs2VZnSe3Br3,1.25552,-1.46027,101.19794,30.00000,25.10617,0.05454,0.04732,0.15834
Cs2GeCrS3I3,1.41674,-1.10975,104.25814,30.00000,25.36419,0.05457,0.04767,0.08070
Rb2SnGaO3F3,2.05631,-2.45206,35.00566,30.00000,17.01854,0.05459,0.04177,0.08715
Cs2TaFeS3Br3,1.43537,-1.52006,103.89207,30.00000,25.30418,0.05459,0.04770,0.07959
Cs2WAgS3I3,1.71502,-1.13545,85.57553,30.00000,22.97819,0.05460,0.04609,0.07734
Cs2MnGaS3I3,1.24859,-1.16608,101.28937,30.00000,25.07641,0.05460,0.04735,0.16676
Rb2SnGeBr3I3,0.93210,-1.30676,19.43111,30.00000,15.17932,0.05460,0.03670,0.57841
Cs2GeVS3I3,1.36977,-1.20739,104.40649,30.00000,25.36395,0.05460,0.04772,0.08866
Na2MoGaO3Cl3,2.27773,-1.70869,2.41629,30.00000,13.17475,0.05461,0.03970,0.09855
Cs2GeMoSe6,1.20678,-1.01819,99.57415,30.00000,24.83507,0.05464,0.04719,0.25534
Cs2NbZnS3I3,1.60105,-1.22731,96.64340,30.00000,24.32850,0.05466,0.04713,0.07544
Cs2MoWO3Se3,1.41874,-1.48773,104.74473,30.00000,25.32250,0.05467,0.04783,0.08034
Cs2MnSbO3I3,1.22313,-1.49008,99.96026,30.00000,24.91950,0.05468,0.04720,0.22201
K2FeSbSe3Cl3,0.90566,-1.31348,0.28326,30.00000,12.86578,0.05468,0.03405,0.50198
Cs2WFeSe3Cl3,1.50260,-1.41040,102.41655,30.00000,25.04384,0.05469,0.04762,0.07611
Cs2SnInS3I3,1.68393,-1.06245,90.00822,30.00000,23.44382,0.05472,0.04658,0.07669
Cs2TiGaSe3Br3,1.52882,-1.57506,101.98016,30.00000,24.94263,0.05472,0.04756,0.07590
Cs2GeInSe3Br3,1.58721,-1.26446,97.93587,30.00000,24.44065,0.05474,0.04731,0.07573
Cs2TaMnO3I3,1.64678,-2.06902,93.90013,30.00000,23.88926,0.05475,0.04694,0.07633
Rb2GeFeSe3Br3,0.94276,-1.29177,24.35602,30.00000,15.72826,0.05475,0.03740,0.59881
Cs2GeMnCl3I3,1.25753,-1.46573,102.69721,30.00000,25.13207,0.05476,0.04755,0.15693
Cs2ZrFeS3I3,1.18107,-1.38796,97.83791,30.00000,24.58280,0.05477,0.04704,0.35956
Cs2TaFeO3I3,1.64597,-1.90960,93.80781,30.00000,23.92493,0.05478,0.04685,0.07619
Cs2GeZnBr6,1.24543,-1.47693,102.08921,30.00000,25.05622,0.05480,0.04742,0.16942
Rb2ZrGaO3Cl3,2.07601,-2.38577,33.39443,30.00000,16.67236,0.05481,0.04174,0.08890
Cs2ZrSbO3I3,1.62095,-1.96509,95.98292,30.00000,24.12339,0.05482,0.04714,0.07604
Cs2MnZnF3I3,1.33595,-1.95461,105.64151,30.00000,25.36693,0.05484,0.04787,0.09907
Cs2GeCrSe6,1.30618,-1.03824,104.56859,30.00000,25.26474,0.05484,0.04779,0.11247
Rb2SnVO3F3,2.07289,-2.69665,34.69312,30.00000,16.81335,0.05488,0.04186,0.08898
Cs2AgGaI6,1.03660,-1.15598,74.32326,30.00000,21.72673,0.05490,0.04427,0.77279
Cs2MoSbS3Br3,1.35082,-1.24482,106.05067,30.00000,25.39565,0.05492,0.04796,0.09550
Cs2MnBiO3Br3,1.36256,-1.63196,106.24348,30.00000,25.38413,0.05493,0.04797,0.09169
Cs2MnCuF3I3,1.31329,-1.95417,105.88768,30.00000,25.35882,0.05494,0.04794,0.11208
Cs2CrAgSe3I3,1.08427,-1.08489,84.89911,30.00000,22.92455,0.05495,0.04559,0.79103
Cs2TiGaS3I3,1.54096,-1.39691,102.12452,30.00000,24.80844,0.05497,0.04765,0.07562
Cs2SnSbO3I3,1.66734,-1.33749,93.17962,30.00000,23.66455,0.05498,0.04691,0.07722
Cs2SnInO3I3,1.64743,-1.45585,94.67679,30.00000,23.85569,0.05499,0.04705,0.07671
Cs2TiCrS3I3,1.25092,-1.37994,103.30550,30.00000,25.06454,0.05499,0.04764,0.16579
Cs2WMnS3Se3,1.51716,-1.18099,103.77704,30.00000,24.97744,0.05500,0.04783,0.07622
Cs2MoAgSe3I3,1.06125,-1.05048,81.52226,30.00000,22.44438,0.05504,0.04514,0.78775
K2SnNbO3Cl3,2.30256,-2.08837,0.19407,30.00000,12.77769,0.05509,0.03968,0.10181
Cs2CuZnF3I3,1.26254,-1.90207,104.55683,30.00000,25.14753,0.05509,0.04778,0.14777
Cs2ZrBiS3I3,1.75816,-1.30819,83.54035,30.00000,22.40439,0.05510,0.04608,0.07882
Cs2CrAgO3I3,1.53545,-1.48145,103.54576,30.00000,24.87213,0.05512,0.04790,0.07575
Cs2NbMnO3I3,1.53109,-1.98298,103.36680,30.00000,24.86123,0.05513,0.04787,0.07630
Cs2VFeS3I3,1.21025,-1.27752,102.48179,30.00000,24.83545,0.05516,0.04757,0.25770
Rb2SnMoO3S3,2.11187,-1.77672,29.26496,30.00000,16.04796,0.05516,0.04164,0.09060
Na2SbCuSe3I3,0.90349,-0.74786,0.50910,30.00000,12.74699,0.05517,0.03406,0.50266
Cs2MnGaO3I3,1.44994,-1.55752,107.24211,30.00000,25.26490,0.05520,0.04820,0.07836
Cs2MoSbSe3Cl3,1.51657,-1.26899,105.22089,30.00000,24.97411,0.05520,0.04806,0.07636
Cs2GeZnF3I3,1.33152,-1.91761,107.44489,30.00000,25.34633,0.05521,0.04815,0.10406
Rb2SnFeSe3Br3,0.93098,-1.29716,18.91253,30.00000,14.84257,0.05522,0.03666,0.57658
Cs2ZrInO3I3,1.62954,-2.03269,97.54740,30.00000,24.07345,0.05523,0.04738,0.07663
Cs2ZrWS3Se3,1.61122,-1.39162,99.48851,30.00000,24.26146,0.05524,0.04753,0.07627
K2GeCrO6,2.22726,-2.12178,11.38300,30.00000,13.98674,0.05525,0.04058,0.09697
Cs2SnNbSe3Cl3,1.49985,-1.52336,105.94939,30.00000,25.04047,0.05526,0.04818,0.07750
Cs2GeNbS3I3,1.60646,-1.20378,99.60295,30.00000,24.28319,0.05527,0.04755,0.07626
Rb2SnBiO3F3,2.13422,-2.31675,25.69071,30.00000,15.65655,0.05527,0.04145,0.09203
Cs2FeZnF3I3,1.24748,-1.94291,105.52435,30.00000,25.08800,0.05530,0.04796,0.16383
Cs2SbCuSe3I3,1.05629,-0.89309,81.59205,30.00000,22.33444,0.05531,0.04516,0.79046
Cs2MoWSe6,1.06948,-1.15243,85.43839,30.00000,22.78409,0.05532,0.04562,0.79643
Cs2NbTaS3Se3,1.60749,-1.25352,99.97477,30.00000,24.31847,0.05533,0.04765,0.07674
Cs2TiCrSe3I3,1.08897,-1.33683,88.62533,30.00000,23.13244,0.05535,0.04602,0.78759
Cs2WGaS3I3,1.72657,-1.23830,88.23553,30.00000,22.84967,0.05536,0.04654,0.07885
Cs2MoBiO3Br3,1.59767,-1.58870,101.24165,30.00000,24.39880,0.05539,0.04778,0.07703
Cs2FeMnF3I3,1.48949,-1.93974,106.88024,30.00000,25.09485,0.05540,0.04827,0.07769
Cs2SnTaS3I3,1.76419,-1.28188,83.85229,30.00000,22.24474,0.05542,0.04628,0.07970
Cs2NbTaO3Se3,1.52379,-2.09543,105.81198,30.00000,24.95040,0.05543,0.04813,0.07684
Cs2MnBiO3Se3,1.50094,-1.42529,106.73131,30.00000,25.04325,0.05545,0.04824,0.07715
Cs2NbFeO3I3,1.57056,-1.91172,103.25466,30.00000,24.58103,0.05547,0.04796,0.07697
Cs2GeSbO3I3,1.60488,-1.35618,101.78071,30.00000,24.39647,0.05549,0.04788,0.07700
Cs2MoFeO3I3,1.58197,-1.42100,102.91096,30.00000,24.50740,0.05550,0.04796,0.07660
Cs2ZrGaS3I3,1.65144,-1.39546,97.24176,30.00000,23.84549,0.05550,0.04746,0.07757
Cs2ZrBiO3Br3,1.59438,-2.00343,101.74852,30.00000,24.37213,0.05555,0.04787,0.07705
Cs2SnSbS3Br3,1.58449,-1.08082,103.15063,30.00000,24.52531,0.05557,0.04800,0.07650
Cs2SnNbS3Br3,1.52510,-1.35561,106.79194,30.00000,24.94979,0.05559,0.04833,0.07714
Cs2CrMoO3I3,1.58478,-1.55084,103.38562,30.00000,24.49276,0.05560,0.04803,0.07692
Rb2NbSbO6,2.10268,-2.48057,32.17630,30.00000,16.22842,0.05561,0.04192,0.09069
Cs2GeMnF3I3,1.47101,-1.95851,108.79757,30.00000,25.14681,0.05561,0.04842,0.07884
Rb2VSbO6,2.08604,-2.34509,35.20555,30.00000,16.56222,0.05562,0.04221,0.09022
Cs2NbSbS3Se3,1.52011,-1.06772,106.90642,30.00000,24.91487,0.05565,0.04836,0.07731
Cs2FeCuF3I3,1.22185,-1.87195,105.76998,30.00000,24.91948,0.05565,0.04803,0.22170
Cs2TaMnSe3Cl3,1.59848,-1.59744,103.21137,30.00000,24.47370,0.05566,0.04805,0.07708
Cs2GeFeF3I3,1.47590,-1.87660,108.67799,30.00000,25.10174,0.05568,0.04847,0.07770
Cs2VTaS3Se3,1.56207,-1.31075,105.00250,30.00000,24.67554,0.05568,0.04819,0.07673
Cs2TiWS3Se3,1.57008,-1.38580,104.66325,30.00000,24.59481,0.05570,0.04817,0.07686
Cs2SnGeF3I3,1.62254,-1.87622,101.08312,30.00000,24.16335,0.05570,0.04786,0.07749
Rb2GeGaO3Cl3,2.04827,-1.77540,41.92773,30.00000,17.25911,0.05577,0.04284,0.08888
Cs2NbCuSe3Br3,1.11837,-1.35996,96.70982,30.00000,23.79367,0.05579,0.04703,0.71004
Cs2GeZnCl3I3,1.62048,-1.43499,101.49118,30.00000,24.13044,0.05579,0.04793,0.07760
Cs2MoWS3Se3,1.64726,-1.15762,99.00543,30.00000,23.87563,0.05580,0.04772,0.07780
Cs2GeTaO3I3,1.68544,-1.96716,95.72008,30.00000,23.41019,0.05580,0.04743,0.07891
Cs2ZrMoS3Se3,1.44237,-1.35051,110.62822,30.00000,25.26683,0.05582,0.04867,0.08026
Cs2GeMnBr3I3,1.07766,-1.41924,89.19620,30.00000,22.86213,0.05583,0.04610,0.80233
Cs2NbMnSe3Br3,1.12439,-1.50333,97.63775,30.00000,23.88879,0.05585,0.04714,0.65738
K2ZrGaO3F3,2.29781,-2.88993,2.46342,30.00000,12.79444,0.05585,0.04004,0.10206
Cs2CrWO3Se3,1.47081,-1.58073,110.52134,30.00000,25.21945,0.05589,0.04874,0.07865
Cs2GeFeO3I3,1.48101,-1.42123,109.86490,30.00000,25.10262,0.05589,0.04868,0.07822
Rb2FeMnSe6,0.92839,-1.05946,20.66155,30.00000,14.81632,0.05590,0.03697,0.58384
Rb2SnVO3Cl3,2.11937,-2.04303,31.23202,30.00000,15.95578,0.05594,0.04208,0.09333
Cs2SnVSe3Cl3,1.44829,-1.52982,111.63532,30.00000,25.25634,0.05596,0.04878,0.08009
Na2FeSbSe3Br3,0.89845,-1.15759,0.24207,30.00000,12.50622,0.05597,0.03402,0.50269
Cs2SbCuSe3Cl3,1.25161,-1.25194,109.44129,30.00000,25.10753,0.05599,0.04849,0.16822
Cs2TaSbO3Se3,1.62215,-1.86724,102.25162,30.00000,24.11977,0.05600,0.04809,0.07754
Rb2SnFeSe3I3,0.92128,-1.01694,16.40888,30.00000,14.19689,0.05600,0.03628,0.56763
Cs2SbCuO3I3,1.12579,-1.31559,98.98954,30.00000,23.92354,0.05602,0.04732,0.67896
K2GeNbO3F3,2.25386,-2.69644,9.86302,30.00000,13.54620,0.05602,0.04058,0.09974
Cs2SnVS3Br3,1.34198,-1.38630,112.57775,30.00000,25.38311,0.05603,0.04887,0.09868
Rb2ZrFeO3F3,2.08881,-2.82645,36.45196,30.00000,16.50486,0.05605,0.04249,0.09119
Rb2NbMnO3F3,2.08625,-2.84683,36.43995,30.00000,16.47832,0.05605,0.04242,0.09159
Rb2GeCrO3S3,2.04748,-1.66298,42.74427,30.00000,17.19153,0.05608,0.04286,0.08965
Cs2SnCuS3Se3,1.48778,-0.87098,111.27350,30.00000,25.12314,0.05609,0.04883,0.07855
Cs2GeVSe3Br3,1.16868,-1.39129,104.26396,30.00000,24.49489,0.05610,0.04792,0.39065
Cs2MnGaSe3Br3,1.14423,-1.40308,101.14588,30.00000,24.13254,0.05611,0.04757,0.53238
Cs2VMnSe3Br3,1.15066,-1.51856,102.44610,30.00000,24.31783,0.05612,0.04778,0.48628
Cs2CrWS3I3,1.75998,-1.25952,89.00080,30.00000,22.39758,0.05613,0.04690,0.08099
Cs2CrWS3Se3,1.61352,-1.28142,104.14635,30.00000,24.21465,0.05615,0.04826,0.07821
Cs2TiSbO3I3,1.64882,-1.86457,100.78083,30.00000,23.84666,0.05616,0.04797,0.07862
Rb2MoInO3Cl3,2.12901,-1.84818,30.33573,30.00000,15.77056,0.05617,0.04209,0.09355
Cs2MnInSe6,1.10638,-1.14243,96.52801,30.00000,23.54417,0.05617,0.04700,0.78336
Na2SnFeCl3I3,0.89658,-1.26218,0.42550,30.00000,12.36764,0.05622,0.03403,0.50297
Cs2ZrCrSe3Br3,1.11665,-1.58574,98.12567,30.00000,23.71979,0.05626,0.04728,0.76919
Cs2GeCrSe3Br3,1.16211,-1.31020,104.11573,30.00000,24.35348,0.05628,0.04796,0.42944
Na2GeGaO3Cl3,2.24827,-1.73934,12.28386,30.00000,13.70306,0.05629,0.04091,0.09997
Cs2MoFeSe3Cl3,1.34584,-1.32824,114.26373,30.00000,25.42394,0.05629,0.04909,0.09948
Cs2NbCuSe3Cl3,1.32465,-1.40973,113.54724,30.00000,25.36423,0.05629,0.04897,0.10821
Cs2TiCrSe3Br3,1.14768,-1.57123,103.15854,30.00000,24.23653,0.05630,0.04788,0.50944
Cs2VSbS3Se3,1.29744,-1.06506,112.69682,30.00000,25.28229,0.05630,0.04895,0.12504
Cs2ZrGaO3I3,1.63804,-2.04430,102.71396,30.00000,23.94542,0.05632,0.04824,0.07869
Cs2WSbSe3F3,1.66818,-1.80555,100.52224,30.00000,23.66236,0.05635,0.04803,0.07913
Cs2NbCuS3Br3,1.34791,-1.36204,114.52457,30.00000,25.38987,0.05635,0.04915,0.09904
Cs2SbCuS3Br3,1.23773,-1.18965,110.34453,30.00000,25.02085,0.05635,0.04870,0.19631
Cs2ZrFeO3I3,1.63121,-1.98389,103.43450,30.00000,24.04509,0.05636,0.04824,0.07853
Cs2CrWSe6,1.06700,-1.24077,89.22661,30.00000,22.59876,0.05638,0.04625,0.82044
Cs2NbZnO3I3,1.64921,-1.85946,102.09867,30.00000,23.83759,0.05639,0.04825,0.07895
Cs2SbAgO3Se3,1.47104,-1.26372,113.23716,30.00000,25.17392,0.05641,0.04911,0.07986
Rb2CrMoO3F3,2.09472,-2.60293,36.49184,30.00000,16.31218,0.05654,0.04261,0.09256
Cs2MnSbSe3I3,1.03672,-1.09000,82.24855,30.00000,21.61413,0.05657,0.04538,0.80629
Cs2SnMnS3Se3,1.24501,-1.04636,112.50510,30.00000,25.07926,0.05657,0.04900,0.18341
Cs2NbMnSe3Cl3,1.30647,-1.57714,114.83015,30.00000,25.31076,0.05657,0.04921,0.11977
Cs2TaZnO3Br3,1.58586,-2.03590,108.90517,30.00000,24.49292,0.05658,0.04884,0.07862
Cs2GeInO3I3,1.65023,-1.45717,103.42379,30.00000,23.84388,0.05659,0.04835,0.07924
Cs2SnCrO3I3,1.67939,-1.54608,100.63294,30.00000,23.52750,0.05661,0.04814,0.07999
Cs2TaCuSe3Cl3,1.66272,-1.47774,102.17797,30.00000,23.71198,0.05664,0.04832,0.07952
Cs2GeBiS3I3,1.77957,-1.01292,88.34594,30.00000,22.02015,0.05665,0.04700,0.08241
Rb2GeBiO3F3,2.12090,-2.31249,33.82719,30.00000,15.95923,0.05667,0.04258,0.09398
Cs2MoSbO3Br3,1.53130,-1.61530,112.67117,30.00000,24.91638,0.05669,0.04922,0.07889
Cs2CrMoS3Se3,1.41698,-1.21650,116.41942,30.00000,25.30695,0.05674,0.04947,0.08354
Cs2VNbS3Se3,1.36709,-1.26665,117.05511,30.00000,25.38926,0.05675,0.04950,0.09276
Cs2VSbSe6,1.08762,-1.05673,95.42594,30.00000,23.06182,0.05675,0.04703,0.82147
Cs2TaCuO3Br3,1.58755,-1.96894,109.16635,30.00000,24.43046,0.05677,0.04887,0.07853
K2ZrInO3F3,2.32638,-2.92436,2.12422,30.00000,12.38808,0.05680,0.04067,0.10673
Cs2GeGaSe3Br3,1.66526,-1.24897,102.95116,30.00000,23.67673,0.05680,0.04834,0.07956
K2MoGaO3Cl3,2.31939,-1.79287,2.24001,30.00000,12.40555,0.05680,0.04051,0.10660
Cs2TiMoS3Se3,1.33792,-1.35607,117.06572,30.00000,25.34244,0.05687,0.04948,0.10371
Cs2TiFeS3I3,1.12374,-1.38163,102.83127,30.00000,23.78923,0.05687,0.04787,0.74803
Cs2TaCuS3Br3,1.66930,-1.42807,102.95511,30.00000,23.59022,0.05688,0.04844,0.07996
Cs2FeMnS3I3,1.12061,-1.21740,101.97669,30.00000,23.75517,0.05688,0.04785,0.75093
Cs2SnMoS3Se3,1.63351,-1.01109,106.91160,30.00000,24.05172,0.05692,0.04881,0.07948
Cs2SbCuO3Br3,1.32894,-1.49487,117.53541,30.00000,25.36950,0.05693,0.04958,0.10820
Cs2MnGaSe6,1.11075,-1.10922,101.58900,30.00000,23.58550,0.05697,0.04780,0.81221
Cs2NbFeS3Br3,1.25866,-1.43318,115.69018,30.00000,25.14711,0.05702,0.04938,0.15787
Cs2SnCrS3Se3,1.56619,-1.05936,112.93904,30.00000,24.68559,0.05702,0.04933,0.07872
Cs2SnVO3I3,1.69547,-1.83290,100.77724,30.00000,23.28367,0.05704,0.04829,0.08093
Cs2WInO3I3,1.79479,-1.48055,88.48454,30.00000,21.80875,0.05705,0.04716,0.08355
Cs2MoFeS3I3,1.08476,-1.11149,97.37209,30.00000,23.09871,0.05705,0.04729,0.83504
Rb2SnCuBr6,0.92204,-1.39431,18.56601,30.00000,14.11865,0.05712,0.03666,0.57716
Cs2MoSbSe3F3,1.58879,-1.82108,111.90299,30.00000,24.46940,0.05713,0.04925,0.07944
K2GeCuBr3I3,0.89974,-1.18488,4.40379,30.00000,12.49826,0.05714,0.03464,0.52006
Cs2MoAgO3Br3,1.50303,-1.57227,116.55710,30.00000,25.04650,0.05715,0.04959,0.07971
Cs2MnSbO3Br3,1.38106,-1.65051,118.91220,30.00000,25.38890,0.05716,0.04985,0.09032
Cs2GeNbSe3Cl3,1.50397,-1.50117,116.57946,30.00000,25.05063,0.05717,0.04967,0.07967
Cs2GeInS3I3,1.72940,-1.06154,98.07077,30.00000,22.80870,0.05718,0.04803,0.08226
Cs2ZrWO3Se3,1.65970,-1.94178,105.28878,30.00000,23.70550,0.05718,0.04872,0.08037
Cs2WSbO3Br3,1.70774,-1.56705,101.13015,30.00000,23.17676,0.05719,0.04830,0.08100
Cs2MnSbS3Se3,1.18171,-1.02063,112.08834,30.00000,24.64489,0.05721,0.04912,0.36243
Cs2MnSbO3Se3,1.42523,-1.40585,119.50785,30.00000,25.33211,0.05721,0.04989,0.08445
Cs2FeSbO3Br3,1.45457,-1.52953,118.76357,30.00000,25.25835,0.05723,0.04981,0.08156
Cs2SbCuSe3Br3,1.06289,-1.16480,93.71775,30.00000,22.58575,0.05724,0.04687,0.83344
Cs2MnGaSe3Cl3,1.35247,-1.47177,119.51912,30.00000,25.37388,0.05726,0.04985,0.10064
Cs2VCuO3I3,1.64486,-1.66430,107.61380,30.00000,23.88888,0.05727,0.04885,0.08012
Cs2WMnO3Se3,1.61902,-1.58369,110.10572,30.00000,24.16451,0.05727,0.04919,0.07998
Cs2TiCrO3I3,1.62797,-2.02148,109.56638,30.00000,24.12866,0.05729,0.04907,0.07973
Cs2TaZnSe3Cl3,1.69861,-1.60684,101.94896,30.00000,23.23973,0.05729,0.04846,0.08114
Cs2SnCuO3Se3,1.46879,-1.34599,118.58318,30.00000,25.19371,0.05729,0.04985,0.08120
Cs2SnGeI6,1.00511,-1.08321,74.44574,30.00000,20.36473,0.05732,0.04442,0.78645
Cs2CrMoSe6,1.08195,-1.18371,98.07651,30.00000,22.99154,0.05733,0.04749,0.84205
Rb2SnCrO3F3,2.12868,-2.45605,34.56964,30.00000,15.76536,0.05738,0.04289,0.09550
Cs2SnGaO3I3,1.71986,-1.48062,99.53592,30.00000,22.90833,0.05738,0.04828,0.08206
Cs2MoFeS3Br3,1.20130,-1.31477,115.25409,30.00000,24.85695,0.05743,0.04941,0.27412
Cs2VZnSe3Cl3,1.47276,-1.52036,119.79124,30.00000,25.21340,0.05743,0.05003,0.08063
Cs2GeTaS3I3,1.78740,-1.25887,91.09504,30.00000,21.89430,0.05743,0.04751,0.08341
Cs2ZrCrO3I3,1.69293,-2.04703,103.91423,30.00000,23.37880,0.05745,0.04871,0.08095
Cs2GeCrO3I3,1.63154,-1.45234,110.38573,30.00000,24.10663,0.05746,0.04923,0.08019
K2MoInO3F3,2.33322,-2.47912,2.21233,30.00000,12.21066,0.05747,0.04079,0.10860
Cs2VZnS3Br3,1.42527,-1.44793,120.88691,30.00000,25.31512,0.05747,0.05011,0.08500
Cs2NbFeSe3Cl3,1.20159,-1.48900,114.69164,30.00000,24.79031,0.05748,0.04936,0.27957
Cs2SnFeO3Br3,1.48602,-1.46690,119.23375,30.00000,25.17053,0.05749,0.04999,0.08019
Cs2MoMnS3Se3,1.21391,-1.14814,115.95865,30.00000,24.89033,0.05751,0.04946,0.26235
Cs2CrMnO3I3,1.65153,-1.59306,108.59688,30.00000,23.88032,0.05752,0.04906,0.08094
Cs2MnGaS3Br3,1.30527,-1.38011,120.59951,30.00000,25.32374,0.05754,0.05000,0.12324
Rb2CrMnO3F3,2.09919,-2.60632,40.23684,30.00000,16.28999,0.05755,0.04325,0.09526
Cs2ZrSbSe3Cl3,1.68460,-1.61098,105.77013,30.00000,23.50186,0.05758,0.04886,0.08169
Cs2VMnSe3Cl3,1.38624,-1.57289,121.54454,30.00000,25.33450,0.05759,0.05021,0.09031
Cs2SnNbO3I3,1.76164,-1.93289,96.13050,30.00000,22.34949,0.05762,0.04800,0.08374
Cs2SbZnO3Br3,1.54343,-1.53171,117.23231,30.00000,24.75886,0.05768,0.04992,0.08002
Cs2VCuS3Br3,1.45767,-1.37761,121.20909,30.00000,25.24858,0.05768,0.05021,0.08267
Cs2VMnS3Br3,1.34681,-1.53420,122.67459,30.00000,25.44454,0.05769,0.05034,0.09889
Rb2TiInO3Cl3,2.14587,-2.40982,33.20098,30.00000,15.47131,0.05773,0.04293,0.09774
Cs2GeVSe3Cl3,1.40453,-1.51418,123.23182,30.00000,25.38965,0.05774,0.05039,0.08731
Cs2GeTaS3Br3,1.68610,-1.46899,105.81382,30.00000,23.39445,0.05774,0.04890,0.08145
Cs2SnTaO3Br3,1.72219,-2.06810,102.14130,30.00000,22.94810,0.05774,0.04862,0.08255
Cs2SnSbSe3Cl3,1.71360,-1.27423,102.36812,30.00000,22.99635,0.05775,0.04860,0.08246
Cs2CrWO3Br3,1.64746,-1.73424,110.00255,30.00000,23.85458,0.05776,0.04930,0.08114
Rb2SnTaO3Cl3,2.19341,-2.17977,25.23291,30.00000,14.60668,0.05777,0.04234,0.10020
Cs2TiInO3I3,1.71361,-2.03172,102.46329,30.00000,22.94707,0.05780,0.04865,0.08221
Cs2NbZnSe3Cl3,1.61593,-1.51918,113.26435,30.00000,24.21408,0.05781,0.04963,0.08045
Cs2VCuSe3Cl3,1.51098,-1.44491,120.10734,30.00000,24.99223,0.05781,0.05014,0.08051
Cs2NbCuO3Br3,1.44122,-1.97290,122.29145,30.00000,25.26932,0.05781,0.05028,0.08354
Cs2GeNbS3Br3,1.55403,-1.37830,117.57418,30.00000,24.72671,0.05782,0.04996,0.08018
K2ZrSbO3F3,2.35244,-2.81174,0.21256,30.00000,11.91074,0.05784,0.04083,0.11227
Cs2MnInO3Br3,1.50393,-1.69082,121.08024,30.00000,25.07378,0.05786,0.05023,0.08081
Cs2MnGaS3Se3,1.24513,-1.13519,121.20493,30.00000,25.09423,0.05802,0.05020,0.18388
Cs2WAgO3Br3,1.71673,-1.54358,104.42228,30.00000,23.01778,0.05805,0.04891,0.08281
Na2CrAgBr3I3,0.89203,-1.09509,2.06950,30.00000,12.03137,0.05807,0.03432,0.51191
Rb2WInO3Cl3,2.19711,-1.85731,26.04397,30.00000,14.53723,0.05811,0.04263,0.10096
Cs2TaFeO3Br3,1.66610,-2.04238,110.22099,30.00000,23.66724,0.05811,0.04942,0.08194
Cs2TiSbSe3Cl3,1.65515,-1.57942,111.63965,30.00000,23.82629,0.05812,0.04957,0.08186
K2GeMoO6,2.29548,-2.08760,10.09711,30.00000,12.88933,0.05813,0.04161,0.10732
Cs2SnWS3Se3,1.77613,-1.06452,96.47396,30.00000,22.11614,0.05818,0.04818,0.08441
Cs2GeTaSe3Cl3,1.71434,-1.57708,105.02057,30.00000,23.04255,0.05819,0.04889,0.08340
Cs2GeVS3Br3,1.31786,-1.39005,124.35134,30.00000,25.32365,0.05820,0.05057,0.11669
Cs2VFeSe3Cl3,1.22510,-1.52374,121.38940,30.00000,24.96763,0.05828,0.05026,0.22289
Cs2FeMnO3I3,1.69170,-1.54001,108.07315,30.00000,23.32398,0.05828,0.04932,0.08237
Rb2GeFeBr3I3,0.91803,-1.31603,20.72036,30.00000,13.92544,0.05829,0.03702,0.58611
Cs2SnGaS3I3,1.79779,-1.06804,94.38974,30.00000,21.74824,0.05833,0.04808,0.08589
Cs2GeMnS3Se3,1.28021,-1.07700,124.25521,30.00000,25.21121,0.05837,0.05060,0.14572
Cs2FeMnSe3I3,1.02970,-1.21837,87.64580,30.00000,21.26683,0.05839,0.04622,0.83110
Cs2TaMnO3Br3,1.68667,-2.13440,110.34866,30.00000,23.46961,0.05843,0.04958,0.08307
Rb2TiSbO3Cl3,2.17323,-2.25242,31.23484,30.00000,14.93867,0.05855,0.04299,0.10041
Cs2VZnO3I3,1.71257,-1.79998,107.35972,30.00000,23.07316,0.05856,0.04937,0.08351
Cs2GeCuS3Se3,1.54214,-0.88189,122.80882,30.00000,24.78805,0.05858,0.05071,0.08134
Rb2TaSbO6,2.19835,-2.49675,27.71708,30.00000,14.55304,0.05859,0.04299,0.10149
Cs2MnInO3Se3,1.56434,-1.60453,121.69015,30.00000,24.66370,0.05860,0.05062,0.08118
Rb2FeSbSe3I3,0.91463,-0.97824,16.37768,30.00000,13.33068,0.05861,0.03635,0.56900
Cs2NbSbO3Se3,1.65561,-1.79827,113.63154,30.00000,23.74457,0.05861,0.04991,0.08250
K2GeWO6,2.32128,-2.06668,8.00998,30.00000,12.42894,0.05868,0.04166,0.10986
Cs2MnSbSe3Br3,1.04235,-1.30718,94.58853,30.00000,21.86857,0.05869,0.04712,0.85110
K2SnNbO3F3,2.36966,-2.74103,0.21953,30.00000,11.64176,0.05871,0.04109,0.11613
Cs2GeBiO3I3,1.81696,-1.33697,92.70243,30.00000,21.38084,0.05871,0.04801,0.08676
Cs2TiMoSe6,1.05622,-1.33105,98.53415,30.00000,22.29027,0.05872,0.04763,0.85919
Cs2TiFeO3I3,1.70410,-1.94817,109.03334,30.00000,23.14455,0.05875,0.04954,0.08357
Rb2GeGaO3F3,2.08629,-2.44663,46.87686,30.00000,16.48552,0.05875,0.04424,0.09643
Cs2ZrCrSe6,1.05552,-1.34733,98.54978,30.00000,22.18699,0.05875,0.04766,0.85997
Na2GeGaO3F3,2.28022,-2.33722,14.35265,30.00000,13.13037,0.05876,0.04203,0.10711
Cs2GeMnBr6,1.07156,-1.53429,103.31299,30.00000,22.75501,0.05877,0.04824,0.86652
Cs2SnMnI6,0.99087,-1.18011,72.72210,30.00000,19.37326,0.05877,0.04431,0.78751
Cs2MoFeSe3F3,1.56983,-1.91304,122.19232,30.00000,24.60368,0.05878,0.05071,0.08178
Cs2GeNbO3I3,1.73146,-1.92927,105.17820,30.00000,22.71630,0.05879,0.04919,0.08415
Cs2ZrMoO3Se3,1.62286,-2.02156,117.84712,30.00000,24.09895,0.05881,0.05031,0.08247
Cs2GeFeS3Se3,1.22075,-0.92218,124.09915,30.00000,24.94378,0.05881,0.05062,0.24241
Cs2CrMoSe3Br3,1.05171,-1.32200,97.65615,30.00000,22.15508,0.05882,0.04753,0.85731
Cs2ZrSbO3Br3,1.67111,-2.05938,113.30603,30.00000,23.60400,0.05883,0.04990,0.08309
Cs2MnBiO3Cl3,1.48187,-1.71243,126.94324,30.00000,25.11556,0.05883,0.05109,0.08315
Cs2ZrInO3Br3,1.65385,-2.18702,115.31926,30.00000,23.77043,0.05884,0.05006,0.08263
Cs2VMnO3I3,1.71021,-1.93624,108.76316,30.00000,23.07203,0.05884,0.04954,0.08358
Cs2MoMnO3Se3,1.54450,-1.55446,123.91712,30.00000,24.76846,0.05885,0.05087,0.08186
Cs2TaSbS6,1.66549,-1.13692,114.55730,30.00000,23.69745,0.05886,0.05005,0.08270
Cs2MnSbS3I3,1.04056,-1.13037,94.72616,30.00000,21.74123,0.05893,0.04716,0.85571
Cs2VSbO3Se3,1.60463,-1.73040,120.19787,30.00000,24.24753,0.05896,0.05060,0.08264
Rb2GeSbO3F3,2.13142,-2.33367,40.06701,30.00000,15.73870,0.05897,0.04383,0.09957
Cs2CrAgO3Br3,1.56223,-1.66863,123.65358,30.00000,24.62423,0.05899,0.05092,0.08222
Cs2ZrFeSe3Br3,1.04633,-1.60688,97.69681,30.00000,22.03544,0.05899,0.04752,0.86189
Li2MoGaO3F3,2.36098,-2.34852,3.11232,30.00000,11.84278,0.05899,0.04146,0.11604
Rb2MoBiO3F3,2.21090,-2.36723,26.74534,30.00000,14.30437,0.05902,0.04305,0.10361
Rb2GeInO3F3,2.12028,-2.41543,42.26980,30.00000,15.90253,0.05902,0.04403,0.09897
Na2ZrGaO3F3,2.36197,-2.80190,2.69333,30.00000,11.79050,0.05903,0.04142,0.11595
Cs2FeMnSe3Br3,1.05974,-1.40875,101.83112,30.00000,22.40895,0.05906,0.04804,0.86879
Cs2WGaO3I3,1.83064,-1.51673,92.71533,30.00000,21.11836,0.05911,0.04822,0.08784
Cs2SnTaS3Br3,1.80631,-1.46997,96.68581,30.00000,21.56600,0.05912,0.04855,0.08733
Cs2WFeSe3F3,1.72640,-1.86389,108.74170,30.00000,22.86042,0.05915,0.04963,0.08531
Cs2MnGaO3Br3,1.48612,-1.69023,129.16221,30.00000,25.12078,0.05915,0.05140,0.08343
Cs2TiWO3Se3,1.70528,-1.89590,111.10371,30.00000,23.15565,0.05916,0.04981,0.08427
Cs2GeMoS3Se3,1.64659,-1.01382,117.69819,30.00000,23.90007,0.05916,0.05046,0.08337
Cs2GeCuO3Se3,1.36525,-1.35479,131.41818,30.00000,25.38922,0.05918,0.05149,0.09735
Cs2SnFeS3Se3,1.10737,-0.92257,112.37212,30.00000,23.51377,0.05919,0.04938,0.85945
Cs2TiCrS3Se3,1.20046,-1.35889,124.34284,30.00000,24.73706,0.05919,0.05080,0.31027
Cs2SnZnO3Se3,1.64147,-1.37853,118.27499,30.00000,23.91691,0.05920,0.05048,0.08320
Cs2CrMoO3Br3,1.57645,-1.73281,123.80319,30.00000,24.55163,0.05920,0.05096,0.08251
Cs2VFeO3I3,1.72790,-1.79310,108.63904,30.00000,22.79519,0.05921,0.04960,0.08468
Cs2GeFeSe3F3,1.39808,-1.80098,131.16159,30.00000,25.34548,0.05922,0.05158,0.09107
Rb2FeMnBr3I3,0.90927,-1.36413,17.37174,30.00000,13.25233,0.05923,0.03655,0.57495
Cs2TiBiO3Br3,1.73722,-2.00496,107.17332,30.00000,22.66775,0.05924,0.04949,0.08536
Cs2MoInO3I3,1.80536,-1.47494,97.08864,30.00000,21.52585,0.05926,0.04863,0.08733
Cs2WMnSe6,1.01738,-1.12250,88.95526,30.00000,20.94404,0.05928,0.04646,0.84424
Cs2ZrCrO3Se3,1.57628,-2.04983,125.22448,30.00000,24.59405,0.05933,0.05117,0.08253
Cs2NbTaS6,1.64670,-1.45450,119.05250,30.00000,23.90279,0.05935,0.05056,0.08363
Cs2NbFeSe3I3,1.00317,-1.23481,84.46051,30.00000,20.38355,0.05937,0.04589,0.82909
Rb2WGaO3Cl3,2.21227,-1.82658,28.10907,30.00000,14.33226,0.05939,0.04323,0.10496
Cs2SnFeO3Se3,1.64267,-1.33276,119.83242,30.00000,23.93699,0.05940,0.05070,0.08382
Cs2GeCrS3Se3,1.57801,-1.05930,124.76455,30.00000,24.55466,0.05941,0.05109,0.08324
Cs2SnMnO3Se3,1.63797,-1.51507,119.98360,30.00000,23.95511,0.05942,0.05064,0.08350
Cs2GeGaO3I3,1.73600,-1.42276,109.02173,30.00000,22.68819,0.05943,0.04971,0.08560
K2BiAgI6,0.88520,-0.97041,1.76440,30.00000,11.59564,0.05945,0.03434,0.51221
Cs2GeTaSe3F3,1.71705,-2.18085,111.39565,30.00000,22.94784,0.05949,0.04995,0.08561
Na2MnBiSe6,0.88418,-0.87964,0.36046,30.00000,11.40756,0.05949,0.03413,0.50473
Rb2TiCrO3F3,2.13916,-2.75717,40.99998,30.00000,15.57029,0.05957,0.04420,0.10106
Cs2CrMoO3Se3,1.59564,-1.55872,124.44319,30.00000,24.39748,0.05958,0.05114,0.08333
Cs2VNbO3Se3,1.59770,-2.11112,125.17022,30.00000,24.40936,0.05962,0.05122,0.08344
Cs2CrMnO3Se3,1.46686,-1.61686,132.10715,30.00000,25.17306,0.05966,0.05181,0.08461
Na2MoInO3F3,2.37032,-2.40732,2.38822,30.00000,11.61292,0.05966,0.04155,0.11878
Cs2TiGaO3I3,1.75076,-2.03408,108.17866,30.00000,22.48843,0.05967,0.04961,0.08675
Cs2SnSbO3Br3,1.73945,-1.51795,109.40523,30.00000,22.61447,0.05967,0.04983,0.08556
Na2SnNbO3F3,2.38997,-2.67104,0.21794,30.00000,11.33201,0.05972,0.04164,0.12185
Cs2ZrGaS3Br3,1.70015,-1.65240,114.88483,30.00000,23.17974,0.05973,0.05033,0.08534
Na2MoGaO3F3,2.36723,-2.39677,2.79448,30.00000,11.62118,0.05978,0.04172,0.11895
Cs2GeWS3Se3,1.77164,-1.03890,105.58991,30.00000,22.13097,0.05979,0.04957,0.08742
Cs2GeVO3I3,1.73923,-1.86133,110.55072,30.00000,22.66953,0.05984,0.05005,0.08655
Cs2TiGaS3Br3,1.64392,-1.60508,121.78819,30.00000,23.89173,0.05984,0.05106,0.08423
Cs2SnTaSe3Cl3,1.83190,-1.58419,96.00644,30.00000,21.10530,0.05994,0.04867,0.08882
Rb2SnNbO3Cl3,2.21510,-2.15489,28.82540,30.00000,14.18870,0.05999,0.04350,0.10535
K2WGaO3F3,2.38034,-2.43595,2.01750,30.00000,11.46032,0.06000,0.04169,0.12159
Cs2VFeS3Br3,1.14201,-1.46667,122.51640,30.00000,24.10069,0.06001,0.05067,0.60447
Rb2VMnO3F3,2.15135,-2.72683,40.39661,30.00000,15.32367,0.06003,0.04440,0.10254
Cs2NbFeO3Br3,1.63479,-2.02247,123.62222,30.00000,24.01765,0.06005,0.05117,0.08451
Cs2SnFeSe3Cl3,1.07386,-1.35002,110.90823,30.00000,22.83450,0.06005,0.04926,0.89557
Rb2GeCrO3Cl3,2.14298,-1.78720,41.76763,30.00000,15.46847,0.06006,0.04436,0.10212
Cs2GeFeO3Br3,1.52554,-1.59223,132.20434,30.00000,24.91325,0.06006,0.05195,0.08376
Cs2WMnS6,1.63904,-1.25204,124.58235,30.00000,24.05049,0.06011,0.05128,0.08472
Cs2SnGeS3Se3,1.72066,-0.89225,114.27188,30.00000,22.92632,0.06012,0.05042,0.08608
Cs2TiFeSe3Br3,1.04591,-1.54677,102.68481,30.00000,21.91497,0.06012,0.04827,0.88357
Cs2GeSbSe3F3,1.67887,-1.73445,119.77034,30.00000,23.51857,0.06013,0.05090,0.08562
Cs2MoFeO3Br3,1.64566,-1.61377,123.12222,30.00000,23.87973,0.06013,0.05125,0.08467
Cs2MnGaO3Se3,1.57476,-1.59829,129.84674,30.00000,24.58573,0.06021,0.05182,0.08397
Cs2GeCuCl3I3,1.03710,-1.33489,101.71008,30.00000,21.74131,0.06025,0.04824,0.88833
Cs2VCuSe3F3,1.59005,-2.03440,128.90244,30.00000,24.40920,0.06025,0.05180,0.08455
Rb2MoMnSe6,0.90795,-1.08058,19.69974,30.00000,13.12155,0.06029,0.03693,0.58410
Cs2SnCrO3Br3,1.68686,-1.68918,119.87265,30.00000,23.41887,0.06029,0.05101,0.08596
Cs2VNbSe6,1.03257,-1.28448,98.52608,30.00000,21.38730,0.06031,0.04779,0.87614
Cs2ZrMoS6,1.50445,-1.51093,134.59098,30.00000,25.00862,0.06034,0.05222,0.08484
Cs2FeMnO3Se3,1.57806,-1.49438,131.33274,30.00000,24.55061,0.06045,0.05203,0.08433
Cs2WFeO3Br3,1.77528,-1.64206,109.46401,30.00000,22.14686,0.06062,0.05007,0.08849
Cs2VSbS6,1.47096,-1.09055,137.67017,30.00000,25.17947,0.06063,0.05262,0.08686
Cs2TiSbO3Br3,1.70121,-2.06539,120.07808,30.00000,23.17461,0.06069,0.05106,0.08705
Cs2SnGaSe3F3,1.72182,-1.83417,117.26444,30.00000,22.93454,0.06069,0.05079,0.08721
Cs2VTaO3Se3,1.76199,-2.09776,111.46237,30.00000,22.29127,0.06073,0.05028,0.08898
K2GeGaS3Cl3,2.34758,-1.42669,9.98021,30.00000,12.05341,0.06079,0.04271,0.11861
Cs2GeMnO3Se3,1.57674,-1.51336,133.07661,30.00000,24.57187,0.06080,0.05232,0.08523
Cs2SnBiO3I3,1.92101,-1.31492,85.24437,30.00000,19.53930,0.06083,0.04793,0.09314
K2SnCuBr6,0.87757,-1.34107,0.09181,30.00000,10.98300,0.06087,0.03416,0.50386
Cs2SnInO3Br3,1.77526,-1.56301,111.31374,30.00000,22.09274,0.06098,0.05042,0.08934
Cs2GeNbSe3F3,1.67894,-2.17626,124.51522,30.00000,23.51738,0.06098,0.05162,0.08710
K2MoGaO3F3,2.39618,-2.43718,2.55833,30.00000,11.26842,0.06099,0.04230,0.12545
Cs2ZrFeSe3I3,0.99344,-1.36779,84.57670,30.00000,19.60178,0.06100,0.04592,0.83476
Cs2GeTaO3Br3,1.76842,-2.05021,112.12579,30.00000,22.22113,0.06101,0.05044,0.08894
Cs2ZrGaSe3Cl3,1.75604,-1.74064,113.90978,30.00000,22.36467,0.06106,0.05065,0.08855
Cs2TiCrO3Se3,1.59262,-2.07040,133.54655,30.00000,24.43871,0.06113,0.05246,0.08535
Cs2GeFeCl3I3,1.03157,-1.40372,102.59060,30.00000,21.38092,0.06113,0.04834,0.89334
Cs2WBiO3Cl3,1.80426,-1.77475,106.87881,30.00000,21.62953,0.06113,0.05000,0.09058
Cs2GeZnO3Se3,1.62788,-1.41093,131.05466,30.00000,24.08324,0.06119,0.05226,0.08645
Cs2ZrGaO3Br3,1.70320,-2.19966,122.62716,30.00000,23.19816,0.06125,0.05147,0.08763
Rb2SnWO3S3,2.26320,-1.80463,25.08200,30.00000,13.40702,0.06129,0.04373,0.11228
Cs2SnVO3Br3,1.72357,-1.98597,120.07313,30.00000,22.86654,0.06132,0.05129,0.08842
Cs2MoMnS6,1.30349,-1.24650,142.58022,30.00000,25.29555,0.06135,0.05319,0.13549
Cs2TiMoO3Se3,1.69208,-1.95370,125.18205,30.00000,23.35918,0.06137,0.05177,0.08766
Cs2ZrCrO3Br3,1.69574,-2.15043,124.57697,30.00000,23.27878,0.06139,0.05174,0.08787
Cs2GeSbS3Br3,1.77214,-1.03762,113.33137,30.00000,22.10907,0.06145,0.05064,0.09017
Cs2VNbS6,1.39773,-1.44381,144.24376,30.00000,25.31794,0.06153,0.05347,0.09544
Rb2GeWO3S3,2.22444,-1.63619,32.96930,30.00000,14.08024,0.06153,0.04447,0.11028
Cs2VFeSe3F3,1.65397,-2.08861,130.38109,30.00000,23.81855,0.06154,0.05229,0.08715
Cs2VTaS6,1.68659,-1.44260,126.26533,30.00000,23.37108,0.06155,0.05194,0.08806
Cs2TiCrO3Br3,1.62423,-2.15790,132.82000,30.00000,24.08087,0.06158,0.05253,0.08681
Cs2SnVSe3F3,1.74193,-2.11707,119.19178,30.00000,22.58069,0.06163,0.05134,0.08963
Cs2GeSbO3Br3,1.73383,-1.49618,120.62729,30.00000,22.75714,0.06163,0.05145,0.08896
Cs2SnCuCl3I3,1.00067,-1.37053,93.11381,30.00000,20.08878,0.06173,0.04717,0.86670
Cs2ZrWS6,1.74802,-1.51595,118.44146,30.00000,22.47195,0.06176,0.05126,0.09011
Cs2GeGaS3I3,1.83921,-1.06649,103.09114,30.00000,20.91031,0.06176,0.04983,0.09237
Cs2MnBiO3S3,1.67857,-1.65226,128.86514,30.00000,23.48725,0.06178,0.05224,0.08796
Cs2TiMoS6,1.50069,-1.50855,144.25870,30.00000,25.05909,0.06192,0.05367,0.08739
Cs2ZrGaSe3F3,1.74394,-2.29163,121.71332,30.00000,22.65331,0.06205,0.05173,0.08945
Cs2SnGeO3Se3,1.73710,-1.32224,121.68672,30.00000,22.63129,0.06206,0.05160,0.09027
Cs2SbCuO3Cl3,1.23189,-1.75679,143.40975,30.00000,24.97184,0.06212,0.05344,0.23509
Rb2GeNbO3F3,2.17870,-2.74352,42.65246,30.00000,14.85156,0.06214,0.04524,0.10836
Cs2VCuO3Br3,1.68830,-1.90563,129.94619,30.00000,23.38929,0.06218,0.05248,0.08845
Rb2GeCrO6,2.15513,-2.11116,47.99163,30.00000,15.34521,0.06219,0.04568,0.10721
Cs2MnSbBr3I3,0.97959,-1.40685,81.93861,30.00000,18.62885,0.06242,0.04573,0.83086
Cs2NbMnO3Br3,1.74014,-2.11917,123.78325,30.00000,22.63728,0.06243,0.05192,0.09065
Cs2GeFeSe3Cl3,1.06943,-1.36608,122.38221,30.00000,22.74293,0.06243,0.05100,0.94463
Cs2NbZnO3Br3,1.75377,-2.02115,121.96361,30.00000,22.45233,0.06243,0.05185,0.09118
Cs2TiWS6,1.72696,-1.52515,125.86251,30.00000,22.84094,0.06247,0.05219,0.09068
Cs2MnGaS6,1.40681,-1.16398,150.29022,30.00000,25.34990,0.06247,0.05428,0.09605
Cs2TiInO3Br3,1.75068,-2.18655,122.27881,30.00000,22.43871,0.06248,0.05187,0.09128
Cs2ZrFeO3Br3,1.74088,-2.10869,123.88717,30.00000,22.57663,0.06255,0.05202,0.09094
Li2GeGaO3F3,2.33933,-2.22485,16.11895,30.00000,12.15280,0.06261,0.04386,0.12233
Cs2VZnO3Br3,1.70718,-1.95987,129.57652,30.00000,23.12612,0.06264,0.05259,0.09049
Cs2FeSbO3Cl3,1.55509,-1.72800,145.24523,30.00000,24.68464,0.06271,0.05390,0.08815
Cs2SnZnS3Se3,1.82794,-0.99763,111.00167,30.00000,21.21508,0.06272,0.05087,0.09385
Cs2WInO3Br3,1.87965,-1.67995,102.82539,30.00000,20.33205,0.06288,0.05022,0.09551
Cs2FeMnO3Br3,1.71086,-1.73802,130.62757,30.00000,23.07697,0.06291,0.05276,0.09034
Cs2GeBiO3Br3,1.84919,-1.50605,108.04798,30.00000,20.80358,0.06292,0.05065,0.09470
Cs2GeCrO3Br3,1.68923,-1.62224,132.96025,30.00000,23.32871,0.06294,0.05299,0.08979
Cs2MnSbO3Cl3,1.58051,-1.80323,145.46730,30.00000,24.54446,0.06296,0.05401,0.08817
Cs2GeWO3Se3,1.83021,-1.53974,111.88805,30.00000,21.16706,0.06298,0.05100,0.09420
Cs2GeSbSe3Cl3,1.82682,-1.18084,112.41109,30.00000,21.18907,0.06305,0.05108,0.09409
Na2SnCuBr6,0.86908,-1.21644,0.08518,30.00000,10.50333,0.06331,0.03420,0.50529
Cs2MnCuI6,0.96331,-1.16351,76.19870,30.00000,17.72330,0.06339,0.04490,0.81301
Cs2SnCuO3S3,1.59335,-1.59085,146.58416,30.00000,24.38015,0.06344,0.05439,0.08952
Cs2GeFeO3Se3,1.71941,-1.39464,132.89770,30.00000,23.01696,0.06344,0.05309,0.09150
Na2TiSbO3F3,2.44710,-2.70689,0.19072,30.00000,10.41376,0.06348,0.04297,0.14780
Cs2TiGaSe3F3,1.73920,-2.28328,129.48224,30.00000,22.62476,0.06357,0.05270,0.09248
K2WInO3F3,2.43881,-2.47381,1.78523,30.00000,10.55008,0.06362,0.04316,0.14259
Cs2TiGaSe3Cl3,1.79563,-1.67849,120.68530,30.00000,21.71349,0.06366,0.05211,0.09430
Rb2GeNbO3Cl3,2.23164,-2.10712,38.36194,30.00000,13.91894,0.06375,0.04567,0.11448
Cs2MoAgO3Cl3,1.66391,-1.68248,141.45513,30.00000,23.66806,0.06377,0.05394,0.09105
Na2TiInO3F3,2.43932,-2.82675,2.56249,30.00000,10.56665,0.06383,0.04318,0.14440
Cs2SnWO3Se3,1.90572,-1.56317,101.91710,30.00000,19.77982,0.06390,0.05042,0.09857
Cs2VFeO3Br3,1.74153,-1.96765,131.45081,30.00000,22.59524,0.06397,0.05313,0.09311
Cs2GeInO3Br3,1.79857,-1.57720,122.75960,30.00000,21.70401,0.06412,0.05238,0.09542
Cs2SbCuO3F3,1.51576,-2.26121,156.14053,30.00000,24.96409,0.06414,0.05540,0.09044
Cs2MnBiO6,1.70216,-1.77902,138.78235,30.00000,23.19540,0.06421,0.05387,0.09284
Cs2MnSbI6,0.95692,-1.18676,72.55440,30.00000,16.91160,0.06425,0.04440,0.79983
Cs2ZrCrO3Cl3,1.56422,-2.20521,154.05088,30.00000,24.66848,0.06430,0.05521,0.08985
Cs2NbTaO6,1.71679,-2.76248,137.08886,30.00000,22.97304,0.06432,0.05378,0.09311
Cs2VFeSe3I3,0.97606,-1.24718,88.02130,30.00000,18.40869,0.06436,0.04669,0.85815
Cs2ZrCrO3S3,1.52152,-2.10513,156.89013,30.00000,24.93056,0.06438,0.05549,0.09183
Cs2SnBiO3Br3,1.93710,-1.51776,98.59430,30.00000,19.25389,0.06441,0.05034,0.10062
Cs2GeFeS3Br3,1.03877,-1.30572,123.48568,30.00000,21.81230,0.06449,0.05128,0.96878
Na2GeFeBr3I3,0.86999,-1.17406,4.60626,30.00000,10.61013,0.06456,0.03489,0.52526
Cs2TiCrSe6,0.99858,-1.33579,103.62154,30.00000,19.87049,0.06461,0.04873,0.91369
K2SnFeSe3Br3,0.86303,-1.25410,0.21559,30.00000,10.20588,0.06462,0.03428,0.50683
Rb2GeVO3Cl3,2.22804,-1.96891,41.90712,30.00000,13.99278,0.06463,0.04630,0.11675
Cs2FeMnS3Se3,1.03301,-1.16615,122.42101,30.00000,21.56851,0.06465,0.05125,0.97173
Rb2MoFeSe3I3,0.88608,-1.05913,16.83558,30.00000,11.73485,0.06467,0.03665,0.57558
Cs2SnWS6,1.86522,-1.10126,114.18467,30.00000,20.59375,0.06468,0.05180,0.09891
Rb2SnTaO3F3,2.31057,-2.77900,27.39776,30.00000,12.57469,0.06482,0.04529,0.12465
Rb2BiAgI6,0.88154,-1.00720,13.95353,30.00000,11.36304,0.06483,0.03624,0.56463
Cs2FeSbSe3Cl3,1.00678,-1.33277,110.50351,30.00000,20.32947,0.06485,0.04971,0.93828
Cs2TiGaO3Br3,1.77759,-2.19266,130.52648,30.00000,22.07119,0.06486,0.05332,0.09599
Cs2SnMoO3Se3,1.87082,-1.53041,113.63720,30.00000,20.41804,0.06490,0.05178,0.09899
Rb2TiGaO3Cl3,2.26318,-2.43322,36.62884,30.00000,13.40769,0.06492,0.04603,0.11934
Cs2NbSbS6,1.78942,-1.13670,129.11158,30.00000,21.90762,0.06496,0.05314,0.09582
Cs2SnFeO3Cl3,1.68652,-1.71191,145.95664,30.00000,23.38732,0.06516,0.05485,0.09357
Cs2VFeSe3Br3,0.98952,-1.42509,102.33573,30.00000,19.51430,0.06517,0.04858,0.91273
Cs2GeVO3Br3,1.77289,-1.97209,133.19476,30.00000,22.14522,0.06518,0.05360,0.09594
Cs2NbCuO3Cl3,1.65319,-2.02995,150.56043,30.00000,23.81882,0.06519,0.05525,0.09277
Cs2FeMnO3Cl3,1.50347,-1.63151,163.42177,30.00000,25.03636,0.06529,0.05633,0.09310
Cs2SnGaO3Br3,1.85947,-1.57536,118.10746,30.00000,20.65047,0.06545,0.05232,0.09929
Cs2SnCuF3I3,0.98328,-1.84517,98.30353,30.00000,18.99774,0.06552,0.04802,0.89943
Cs2MnInO3Cl3,1.68954,-1.85362,148.43791,30.00000,23.40689,0.06555,0.05518,0.09414
Cs2SnGaSe3Cl3,1.90096,-1.35612,110.00524,30.00000,19.89385,0.06555,0.05170,0.10121
Cs2GeNbO3Br3,1.82294,-2.00404,125.44724,30.00000,21.23881,0.06563,0.05308,0.09891
Rb2MoInO3F3,2.29218,-2.45742,33.41359,30.00000,12.92244,0.06567,0.04619,0.12328
Cs2TaZnO3Cl3,1.79703,-2.10812,130.68285,30.00000,21.72488,0.06569,0.05359,0.09814
Cs2GeCuO3S3,1.51866,-1.52620,165.08697,30.00000,24.93103,0.06569,0.05664,0.09273
Cs2CrMnO3Br3,1.80101,-1.74632,131.39456,30.00000,21.70522,0.06571,0.05368,0.09819
Cs2VMnO3Br3,1.79715,-2.09967,131.63285,30.00000,21.73261,0.06579,0.05370,0.09799
K2TiGaO3F3,2.46541,-2.90994,2.76725,30.00000,10.13602,0.06583,0.04404,0.15859
Rb2FeZnBr3I3,0.88233,-1.35627,17.17335,30.00000,11.43094,0.06587,0.03668,0.57866
Cs2FeMnO3S3,1.50447,-1.66253,166.62075,30.00000,24.99789,0.06588,0.05687,0.09326
Cs2MoGaO3I3,1.95244,-1.49914,102.20283,30.00000,18.98234,0.06595,0.05120,0.10409
Cs2MoBiO3Cl3,1.86239,-1.75641,119.85099,30.00000,20.59186,0.06596,0.05265,0.10023
Cs2SnMoS6,1.81683,-1.05201,129.11838,30.00000,21.38035,0.06601,0.05353,0.09932
Cs2SbAgO3S3,1.77115,-1.47703,137.98851,30.00000,22.12441,0.06615,0.05429,0.09767
K2SnMoO6,2.48681,-2.07657,0.27800,30.00000,9.82896,0.06622,0.04400,0.17118
Rb2ZrInO3F3,2.29796,-2.85460,33.64774,30.00000,12.82297,0.06625,0.04644,0.12443
Cs2MnBiSe3I3,0.94866,-1.07636,76.00959,30.00000,16.50762,0.06643,0.04501,0.81741
Cs2TiCrO3S3,1.50579,-2.10714,170.20117,30.00000,25.04624,0.06646,0.05745,0.09444
Cs2TiFeO3Br3,1.81545,-2.09952,132.03642,30.00000,21.35927,0.06654,0.05401,0.09990
Rb2GeMoO3S3,2.27714,-1.62767,38.98394,30.00000,13.17624,0.06659,0.04685,0.12440
Cs2BiAgI6,0.93819,-1.07253,66.06639,30.00000,15.54204,0.06661,0.04367,0.77703
K2MnBiSe6,0.85907,-0.94439,0.35560,30.00000,9.76725,0.06662,0.03435,0.50856
Cs2MnGaO3Cl3,1.62906,-1.83936,160.76241,30.00000,24.02261,0.06666,0.05662,0.09458
Cs2GeGaO3Br3,1.82735,-1.60058,130.74481,30.00000,21.21228,0.06671,0.05387,0.09995
Cs2NbFeSe3Br3,0.97286,-1.41210,97.53746,30.00000,18.34332,0.06676,0.04808,0.90114
Cs2ZrBiO3Cl3,1.88354,-2.13323,120.57352,30.00000,20.24761,0.06681,0.05300,0.10304
Cs2TiCrO3Cl3,1.58502,-2.23626,166.86504,30.00000,24.52239,0.06683,0.05720,0.09460
Cs2GeFeBr3I3,0.96143,-1.32197,89.11567,30.00000,17.52032,0.06684,0.04686,0.86971
Cs2GeZnS3Se3,1.87747,-0.96347,122.49084,30.00000,20.37968,0.06692,0.05324,0.10273
Cs2WGaO3Br3,1.94499,-1.72795,108.59660,30.00000,19.13664,0.06704,0.05206,0.10593
Cs2MnSbO6,1.65873,-1.91096,161.23152,30.00000,23.83271,0.06711,0.05681,0.09605
Cs2TaCuO3Cl3,1.83587,-2.06826,131.05748,30.00000,21.06502,0.06714,0.05403,0.10112
Cs2GeFeS3I3,0.98136,-1.00656,103.79319,30.00000,18.83891,0.06715,0.04890,0.92278
Na2GeCuBr3I3,0.85936,-1.11824,4.57103,30.00000,10.01839,0.06716,0.03496,0.52701
Cs2WAgO3Cl3,1.87191,-1.65306,123.97282,30.00000,20.44564,0.06718,0.05340,0.10289
Rb2SnCrO6,2.30636,-2.02004,35.27817,30.00000,12.70692,0.06720,0.04682,0.12812
Cs2TiWO3S3,1.81398,-2.02568,135.30716,30.00000,21.43428,0.06723,0.05442,0.10104
Na2MnSbSe6,0.85800,-0.86799,0.38312,30.00000,9.65653,0.06725,0.03430,0.50918
Cs2NbFeO3Cl3,1.71478,-2.12873,152.58579,30.00000,22.94827,0.06729,0.05605,0.09758
Rb2GeGaS3Cl3,2.29522,-1.43477,38.02090,30.00000,12.87487,0.06730,0.04710,0.12797
Cs2MnInO6,1.63442,-2.01155,164.73415,30.00000,24.03473,0.06741,0.05715,0.09577
Cs2MoFeO3Cl3,1.73209,-1.68003,151.81558,30.00000,22.74509,0.06751,0.05607,0.09880
Cs2TiFeSe3I3,0.95592,-1.35766,88.27594,30.00000,17.20789,0.06752,0.04681,0.86558
Cs2SnNbO3Br3,1.93267,-2.05177,113.51177,30.00000,19.38759,0.06754,0.05259,0.10598
Cs2SnInO3Cl3,1.83241,-1.74535,134.01015,30.00000,21.16269,0.06755,0.05437,0.10210
Cs2SnCrO3Se3,1.90132,-1.53751,120.47702,30.00000,19.90882,0.06759,0.05324,0.10482
Rb2SnNbO3F3,2.33137,-2.74287,31.74493,30.00000,12.28089,0.06767,0.04674,0.13079
Cs2ZrFeO3Cl3,1.73108,-2.13646,152.99892,30.00000,22.79903,0.06773,0.05615,0.09907
Cs2FeMnO3F3,1.42890,-2.44440,180.17385,30.00000,25.26809,0.06773,0.05852,0.10093
Cs2GeMoO3Se3,1.88038,-1.50972,125.57735,30.00000,20.30421,0.06788,0.05372,0.10424
Cs2ZrMoO3S3,1.78240,-2.08655,145.44457,30.00000,22.00526,0.06788,0.05552,0.10146
Na2GeCuI6,0.85744,-0.85235,4.15872,30.00000,9.79666,0.06794,0.03491,0.52523
Cs2MoWO6,1.83772,-2.11811,135.41854,30.00000,21.06217,0.06803,0.05473,0.10375
Cs2MoInO3Br3,1.93882,-1.66370,114.66620,30.00000,19.24404,0.06807,0.05276,0.10702
Na2FeAgBr3I3,0.85374,-1.08554,2.05534,30.00000,9.60468,0.06815,0.03462,0.51672
Na2TiFeSe3I3,0.85411,-1.27176,0.48550,30.00000,9.48847,0.06815,0.03441,0.50933
Cs2WSbO3Cl3,1.91423,-1.83753,119.70158,30.00000,19.67082,0.06818,0.05330,0.10636
Cs2CrMnO6,1.37045,-2.05936,185.11760,30.00000,25.38668,0.06836,0.05916,0.11469
Cs2CrWO3S3,1.84733,-1.75824,134.44318,30.00000,20.86520,0.06841,0.05474,0.10304
K2SnFeSe3I3,0.85494,-0.97855,0.47419,30.00000,9.47162,0.06850,0.03436,0.50961
Cs2CrMnO3S3,1.65617,-1.69076,167.86866,30.00000,23.77221,0.06850,0.05783,0.09839
Cs2VFeO3Cl3,1.68714,-2.05679,164.70207,30.00000,23.40533,0.06861,0.05753,0.09937
Cs2ZrMoO6,1.73169,-2.69978,158.20394,30.00000,22.74811,0.06871,0.05701,0.10074
Cs2VNbO3S3,1.74300,-2.08649,156.78619,30.00000,22.63807,0.06879,0.05688,0.10115
Cs2MoMnO6,1.66326,-2.03828,169.36653,30.00000,23.70045,0.06882,0.05808,0.09906
Cs2WBiO3F3,1.95710,-2.33659,113.78850,30.00000,18.89646,0.06884,0.05307,0.10931
Cs2GeFeBr6,0.97090,-1.43589,103.20481,30.00000,18.07710,0.06890,0.04888,0.92851
Cs2SnGaS3Br3,1.97163,-1.25116,110.91015,30.00000,18.63841,0.06895,0.05284,0.11026
Cs2GeFeO3Cl3,1.70441,-1.70040,164.32370,30.00000,23.17254,0.06900,0.05764,0.10039
Cs2GeCrO3Se3,1.86559,-1.54257,133.66074,30.00000,20.52058,0.06901,0.05482,0.10539
Cs2MnGaO6,1.57134,-1.98133,180.04784,30.00000,24.62855,0.06903,0.05905,0.09741
Cs2MnGaO3S3,1.70712,-1.79759,163.82780,30.00000,23.08835,0.06913,0.05771,0.10042
Cs2SbZnO3Cl3,1.82674,-1.77141,142.96072,30.00000,21.20671,0.06921,0.05578,0.10453
Cs2MnSbO3S3,1.80123,-1.65624,147.99583,30.00000,21.61630,0.06925,0.05620,0.10354
K2SnCuBr3I3,0.84770,-1.18405,0.36713,30.00000,9.22199,0.06930,0.03438,0.51075
Cs2CrMoO3Cl3,1.78123,-1.77352,152.85079,30.00000,22.00416,0.06939,0.05668,0.10357
Cs2GeFeSe3I3,0.95511,-0.98497,89.46046,30.00000,16.64635,0.06946,0.04696,0.87459
Cs2ZrWO3S3,1.90999,-2.00940,126.76627,30.00000,19.73419,0.06954,0.05433,0.10910
Na2FeCuBr3I3,0.85340,-1.09536,0.35648,30.00000,9.23503,0.06967,0.03440,0.51035
Cs2TaCuO3F3,1.84725,-2.66283,141.57265,30.00000,20.89069,0.06967,0.05577,0.10676
Cs2WFeO3Cl3,1.88892,-1.59979,131.57483,30.00000,20.05763,0.06974,0.05488,0.10732
Rb2ZrSbO3F3,2.36055,-2.79771,31.65110,30.00000,11.74321,0.06975,0.04772,0.14080
Cs2FeMnCl3I3,0.96716,-1.45310,100.77083,30.00000,17.47374,0.06982,0.04862,0.91713
Rb2ZrGaO3F3,2.33241,-2.90354,37.16884,30.00000,12.21352,0.06983,0.04808,0.13605
Cs2MoWO3S3,1.92895,-1.70425,125.96442,30.00000,19.47593,0.07001,0.05460,0.11087
Rb2WGaO3F3,2.36614,-2.44726,30.73053,30.00000,11.63069,0.07001,0.04748,0.14267
Cs2VCuO3F3,1.63724,-2.62030,178.85771,30.00000,23.94144,0.07006,0.05932,0.10010
Cs2VTaO3S3,1.88168,-2.04819,135.73754,30.00000,20.27486,0.07007,0.05529,0.10843
Cs2WAgO3F3,1.89177,-2.28744,133.21074,30.00000,20.05490,0.07008,0.05510,0.10811
Cs2TiFeO3Cl3,1.73194,-2.13469,165.63187,30.00000,22.76251,0.07013,0.05819,0.10315
Cs2TiMoO3S3,1.78481,-2.03721,156.80336,30.00000,21.94905,0.07027,0.05735,0.10470
Cs2SnMnO3S3,1.82540,-1.77750,148.73512,30.00000,21.21136,0.07034,0.05643,0.10591
Cs2VNbO6,1.70951,-2.64556,171.71960,30.00000,23.14995,0.07050,0.05877,0.10270
Cs2CrMoO3S3,1.79669,-1.76191,155.64418,30.00000,21.74084,0.07058,0.05733,0.10550
Cs2GeFeO3F3,1.65502,-2.30441,180.57101,30.00000,23.82844,0.07064,0.05956,0.10146
Cs2FeSbO3F3,1.78889,-2.28213,158.32000,30.00000,21.92812,0.07066,0.05763,0.10570
Cs2WSbO3F3,1.92637,-2.32625,128.43806,30.00000,19.42110,0.07069,0.05489,0.11167
Cs2TaFeO3Cl3,1.90902,-2.07484,132.58280,30.00000,19.78326,0.07071,0.05526,0.11038
Cs2SnBiO3Cl3,1.98604,-1.66525,116.16498,30.00000,18.40092,0.07073,0.05389,0.11388
Cs2NbTaO3S3,1.93528,-2.10568,127.43510,30.00000,19.29457,0.07079,0.05488,0.11160
Cs2FeMnO6,1.14700,-1.78928,183.60194,30.00000,24.22313,0.07080,0.05947,0.71695
Rb2MoGaO3Cl3,2.37580,-1.82681,33.16476,30.00000,11.59133,0.07104,0.04848,0.14617
Cs2CrMoO6,1.73619,-2.06569,170.34984,30.00000,22.70123,0.07117,0.05885,0.10492
Cs2TaMnO3Cl3,1.91904,-2.13329,132.76733,30.00000,19.56651,0.07123,0.05546,0.11175
Cs2GeMnI6,0.93540,-1.19065,78.52669,30.00000,15.24159,0.07124,0.04558,0.83187
Cs2MoFeO3F3,1.75985,-2.49012,166.15698,30.00000,22.26431,0.07140,0.05852,0.10557
Rb2GeMoO6,2.33059,-2.07123,43.28569,30.00000,12.31577,0.07159,0.04934,0.14049
Cs2CrMnO3Cl3,1.77946,-1.74941,164.62226,30.00000,21.98848,0.07167,0.05840,0.10751
Rb2WInO3F3,2.41108,-2.47365,28.28228,30.00000,11.01785,0.07197,0.04841,0.15662
Cs2MnInO3S3,1.86021,-1.81552,151.04880,30.00000,20.62347,0.07226,0.05740,0.11145
Cs2VMnO3Cl3,1.79669,-2.07108,164.98758,30.00000,21.69767,0.07244,0.05879,0.10875
Cs2GeMnO3S3,1.78781,-1.66528,167.71853,30.00000,21.90306,0.07247,0.05901,0.10932
Rb2MoGaO3F3,2.37146,-2.44011,36.87318,30.00000,11.58065,0.07254,0.04901,0.14912
Cs2NbFeO3F3,1.78843,-2.75941,167.08410,30.00000,21.84215,0.07263,0.05896,0.10858
Cs2WMnO3S3,1.94514,-1.69155,133.82896,30.00000,19.10602,0.07274,0.05589,0.11564
Na2FeZnI6,0.84132,-1.03053,0.57077,30.00000,8.70917,0.07286,0.03448,0.51180
Cs2NbMnO3Cl3,1.86570,-2.13403,152.83086,30.00000,20.54693,0.07295,0.05781,0.11268
Cs2MnSbO3F3,1.84291,-2.39965,158.58375,30.00000,20.95566,0.07305,0.05835,0.11196
Cs2WFeO3F3,1.91376,-2.52150,142.21466,30.00000,19.61776,0.07316,0.05688,0.11556
Cs2ZrWO6,1.94308,-2.69233,136.35108,30.00000,19.11254,0.07333,0.05640,0.11557
Cs2TaSbO3S3,2.00350,-1.87204,122.29656,30.00000,17.99794,0.07339,0.05539,0.11983
Cs2SnFeO3S3,1.89498,-1.68465,148.50295,30.00000,20.06772,0.07340,0.05750,0.11435
Cs2VCuO3Cl3,1.83289,-2.00151,162.34322,30.00000,21.09693,0.07347,0.05876,0.11122
Cs2GeBiO3Cl3,1.98262,-1.64996,128.56849,30.00000,18.44187,0.07356,0.05575,0.11876
Cs2NbZnO3Cl3,1.89218,-2.07735,150.06597,30.00000,20.04237,0.07370,0.05771,0.11499
Cs2FeZnCl3I3,0.94512,-1.43769,99.56470,30.00000,16.05904,0.07377,0.04857,0.92056
Cs2ZrCrO6,1.80320,-2.62602,171.85202,30.00000,21.69955,0.07385,0.05978,0.11172
Cs2TiBiO3Cl3,1.98557,-2.19926,128.27243,30.00000,18.29995,0.07387,0.05599,0.11887
Cs2SnSbO3Cl3,1.97873,-1.74038,131.47791,30.00000,18.50988,0.07391,0.05618,0.11982
Cs2TiCrO6,1.72848,-2.66701,187.95781,30.00000,22.88241,0.07415,0.06132,0.10934
Cs2WMnO6,1.92442,-2.14330,144.55965,30.00000,19.46262,0.07419,0.05739,0.11726
Cs2VTaO6,1.92591,-2.75791,146.74767,30.00000,19.49945,0.07453,0.05773,0.11814
Cs2CrWO3Cl3,1.98645,-1.74640,132.35257,30.00000,18.33137,0.07473,0.05648,0.12125
Cs2MoMnO3S3,1.89324,-1.66652,154.82250,30.00000,20.02699,0.07480,0.05852,0.11685
Cs2CrWO6,1.93279,-2.17142,145.27622,30.00000,19.25698,0.07489,0.05771,0.11964
Cs2SnZnO3S3,1.93329,-1.66309,146.11519,30.00000,19.31505,0.07495,0.05777,0.11853
Cs2VFeO3F3,1.77908,-2.69915,181.72666,30.00000,21.97924,0.07518,0.06096,0.11230
Cs2GeInO3Cl3,1.92421,-1.76172,149.68882,30.00000,19.46834,0.07536,0.05820,0.11982
Cs2MoGaO3Br3,2.04373,-1.67125,121.88523,30.00000,17.31887,0.07548,0.05609,0.12616
Cs2SnGeO3S3,1.92950,-1.58466,149.99033,30.00000,19.38606,0.07559,0.05831,0.11980
Cs2MnGaO3F3,1.82383,-2.44334,176.78031,30.00000,21.30197,0.07588,0.06087,0.11604
K2FeSbSe3I3,0.82998,-0.94214,0.49532,30.00000,8.18750,0.07608,0.03457,0.51327
Rb2SnGeI6,0.84963,-1.03408,17.22027,30.00000,9.33765,0.07641,0.03693,0.58407
Cs2GeZnO3S3,1.89637,-1.65055,164.51569,30.00000,19.95944,0.07707,0.06008,0.12112
Cs2NbCuO3F3,1.89686,-2.68178,164.65736,30.00000,19.96341,0.07710,0.06002,0.12081
Rb2SnMoO6,2.45389,-2.05309,32.18251,30.00000,10.35201,0.07712,0.05076,0.18564
Rb2TiGaO3F3,2.40911,-2.94546,41.22483,30.00000,10.98305,0.07718,0.05117,0.17026
Rb2GeWO6,2.43563,-2.05179,35.99479,30.00000,10.59922,0.07736,0.05104,0.17903
Rb2FeCuBr6,0.85125,-1.36207,20.03600,30.00000,9.43172,0.07737,0.03744,0.59683
Cs2FeMnBr3I3,0.92222,-1.38685,87.30005,30.00000,14.24192,0.07737,0.04701,0.87463
Na2GeFeS3I3,0.83970,-0.89815,5.61733,30.00000,8.37239,0.07743,0.03532,0.53616
Cs2SnGeBr3I3,0.91408,-1.33586,83.94984,30.00000,14.02598,0.07748,0.04647,0.86095
Rb2SnWO6,2.47911,-2.05475,27.19521,30.00000,9.89326,0.07751,0.05042,0.20469
K2GeFeI6,0.83246,-1.02174,4.05387,30.00000,8.25187,0.07753,0.03512,0.52870
Cs2VZnO3Cl3,1.91959,-2.01310,161.76918,30.00000,19.43395,0.07807,0.06003,0.12371
Cs2MoFeSe3I3,0.91629,-1.07596,84.23461,30.00000,13.87052,0.07833,0.04653,0.86593
Cs2MoSbO3Cl3,2.03103,-1.84820,136.21456,30.00000,17.53884,0.07839,0.05800,0.13168
Cs2TaZnO3F3,2.01374,-2.71574,141.13632,30.00000,17.85000,0.07848,0.05855,0.12926
Cs2ZrCrO3F3,1.92052,-2.84613,168.84591,30.00000,19.52867,0.07934,0.06115,0.12661
Cs2CrMnO3F3,1.87342,-2.57399,181.63335,30.00000,20.40730,0.07941,0.06222,0.12376
Na2GeFeSe3I3,0.83025,-0.88376,4.74458,30.00000,7.90679,0.08045,0.03529,0.53251
Cs2ZrGaO3Cl3,2.01412,-2.35813,150.75453,30.00000,17.87020,0.08081,0.06011,0.13438
Rb2TiSbO3F3,2.48537,-2.81570,34.69645,30.00000,9.88792,0.08099,0.05229,0.21433
Cs2NbMnO3F3,1.95884,-2.84911,167.37786,30.00000,18.85156,0.08115,0.06168,0.13132
Cs2MoBiO3F3,2.10434,-2.29337,128.60717,30.00000,16.22570,0.08126,0.05859,0.14087
Na2SnCuBr3I3,0.82505,-1.12179,0.37206,30.00000,7.50390,0.08155,0.03469,0.51303
Cs2VSbO3S3,2.03271,-1.77611,149.04783,30.00000,17.45164,0.08160,0.06022,0.13617
K2FeSbSe3Br3,0.82063,-1.23633,0.24187,30.00000,7.48123,0.08165,0.03462,0.51301
Cs2TiMoO6,1.94997,-2.74587,171.73961,30.00000,18.92614,0.08173,0.06215,0.13210
Cs2TaFeO3F3,2.05646,-2.79456,143.35517,30.00000,17.03115,0.08185,0.05995,0.13858
Cs2SnFeCl3I3,0.91258,-1.43418,93.87922,30.00000,13.65846,0.08211,0.04797,0.90594
Cs2TiFeO3F3,1.91519,-2.76783,182.86350,30.00000,19.58583,0.08218,0.06328,0.13086
Cs2TaMnO3F3,2.06547,-2.90724,143.57082,30.00000,16.89294,0.08252,0.06030,0.13994
K2CrAgBr3I3,0.82259,-1.17949,2.00075,30.00000,7.48961,0.08260,0.03490,0.52170
Cs2SbZnO3F3,2.02225,-2.35086,155.60927,30.00000,17.66456,0.08268,0.06115,0.13722
Cs2MnInO3F3,2.00398,-2.45442,161.99408,30.00000,18.04591,0.08276,0.06163,0.13635
Cs2GeGaO3Cl3,2.00558,-1.80969,161.72577,30.00000,17.97950,0.08300,0.06171,0.13767
Cs2SnGaO3Cl3,2.07322,-1.77405,143.97420,30.00000,16.75444,0.08300,0.06027,0.14235
Cs2TiWO6,2.06274,-2.72578,146.28573,30.00000,16.93040,0.08303,0.06062,0.14160
Rb2TiInO3F3,2.49447,-2.90537,36.93866,30.00000,9.72084,0.08305,0.05332,0.22906
K2SnFeBr3I3,0.81577,-1.27255,0.36212,30.00000,7.34942,0.08317,0.03468,0.51367
Cs2VMnO3F3,1.94124,-2.74629,182.07413,30.00000,19.22789,0.08327,0.06360,0.13503
Cs2NbSbO3S3,2.09229,-1.82501,139.06455,30.00000,16.37301,0.08327,0.06024,0.14327
Cs2GeFeO3S3,1.99508,-1.59593,167.43453,30.00000,18.22407,0.08330,0.06226,0.13815
Cs2SnCrO3Cl3,2.06946,-1.84026,146.91380,30.00000,16.83314,0.08370,0.06075,0.14294
Cs2GeTaO3Cl3,2.11862,-2.09998,134.30719,30.00000,15.93455,0.08379,0.06002,0.14648
Cs2SnBiO3F3,2.15680,-2.29568,124.37523,30.00000,15.30852,0.08386,0.05931,0.14947
Cs2CrMoO3F3,2.00090,-2.58102,167.39712,30.00000,18.05812,0.08404,0.06252,0.13830
Cs2GeCuF3I3,0.91974,-1.86551,107.68987,30.00000,14.11520,0.08423,0.04995,0.96277
Cs2SnFeO3F3,2.03690,-2.29147,159.16893,30.00000,17.43927,0.08429,0.06211,0.14108
Cs2CrWO3F3,2.09177,-2.59309,143.12320,30.00000,16.41487,0.08435,0.06067,0.14636
Cs2TaSbO6,2.13506,-2.46570,131.15845,30.00000,15.60425,0.08435,0.05985,0.14990
Cs2SnTaO3Cl3,2.17895,-2.18678,121.05336,30.00000,14.89032,0.08459,0.05961,0.15439
Na2SnCuI6,0.81601,-0.85454,0.57719,30.00000,7.07964,0.08479,0.03469,0.51488
Cs2MoAgO3F3,2.07721,-2.35866,153.60807,30.00000,16.71797,0.08580,0.06200,0.14715
Cs2VZnO3F3,1.99493,-2.67789,178.16234,30.00000,18.16990,0.08620,0.06402,0.14369
Cs2ZrInO3Cl3,2.13310,-2.35302,139.86487,30.00000,15.71643,0.08621,0.06136,0.15188
Na2CrAgI6,0.81529,-0.94490,2.03194,30.00000,7.11556,0.08630,0.03496,0.52135
K2CrAgI6,0.81513,-0.99131,1.97409,30.00000,7.06614,0.08639,0.03498,0.52178
Cs2GeCrO3F3,1.98907,-2.43161,181.98145,30.00000,18.23768,0.08680,0.06470,0.14298
Cs2SnCrO3S3,2.11048,-1.81491,149.49374,30.00000,16.10480,0.08733,0.06231,0.15351
Cs2GeCrO3Cl3,2.05823,-1.77656,165.49155,30.00000,17.00692,0.08740,0.06358,0.14963
Cs2ZrSbO3Cl3,2.15265,-2.19719,137.15850,30.00000,15.29898,0.08750,0.06178,0.15477
Cs2GeSbO3Cl3,2.12213,-1.68289,146.78965,30.00000,15.85900,0.08767,0.06228,0.15376
Cs2SnInO3F3,2.13285,-2.44207,144.95731,30.00000,15.66901,0.08792,0.06224,0.15572
Cs2GeTaO3F3,2.13680,-2.75403,144.92613,30.00000,15.58184,0.08833,0.06231,0.15697
Cs2ZrFeO3F3,2.06381,-2.82314,167.58372,30.00000,16.92745,0.08855,0.06414,0.15195
Cs2GeFeSe3Br3,0.90310,-1.26763,103.65124,30.00000,12.92810,0.08890,0.04961,0.95063
Cs2FeMnSe6,0.90486,-1.06452,102.28375,30.00000,12.78164,0.08925,0.04944,0.94595
Cs2SnVO3Cl3,2.14213,-2.07425,147.20796,30.00000,15.50587,0.08933,0.06309,0.16072
Cs2MoInO3Cl3,2.17168,-1.87329,138.89031,30.00000,14.96932,0.08955,0.06244,0.16290
K2GeCuI6,0.81109,-0.98202,4.02926,30.00000,6.85289,0.08957,0.03534,0.53046
Cs2GeVO3F3,2.03045,-2.66029,182.40719,30.00000,17.55811,0.08963,0.06575,0.15040
Cs2SnFeSe3I3,0.88662,-1.00490,82.39557,30.00000,11.55436,0.08968,0.04658,0.86293
Cs2CrMnSe6,0.89893,-1.16197,102.75329,30.00000,12.67259,0.09017,0.04946,0.94764
Cs2TiCrO3F3,2.03106,-2.81163,184.36692,30.00000,17.49195,0.09040,0.06618,0.15289
Cs2SnFeS3I3,0.89643,-1.04974,94.92488,30.00000,12.04935,0.09088,0.04842,0.91370
Cs2WInO3Cl3,2.24681,-1.85063,121.89066,30.00000,13.68696,0.09099,0.06194,0.17321
Rb2CrAgBr3I3,0.82468,-1.26211,17.98526,30.00000,7.58651,0.09114,0.03739,0.59064
Rb2FeZnI6,0.82224,-1.12109,15.11757,30.00000,7.39946,0.09121,0.03696,0.57939
Cs2NbZnO3F3,2.11354,-2.72572,164.06714,30.00000,16.08071,0.09139,0.06524,0.16107
Cs2FeSbS3I3,0.88886,-1.01432,94.63192,30.00000,11.85315,0.09184,0.04843,0.91590
Cs2GeCrO3S3,2.10279,-1.63744,168.64698,30.00000,16.19273,0.09204,0.06549,0.16207
Cs2SnWO3S3,2.25996,-1.81431,121.90043,30.00000,13.44934,0.09216,0.06250,0.17933
Cs2MoFeSe3Br3,0.89089,-1.29473,97.23157,30.00000,11.99081,0.09217,0.04881,0.92781
Cs2MnSbSe6,0.88924,-0.96359,94.98622,30.00000,11.86099,0.09241,0.04843,0.91611
Na2GeFeI6,0.80612,-0.89496,4.18525,30.00000,6.56588,0.09302,0.03534,0.53286
Rb2GeCuBr3I3,0.82119,-1.24425,20.55609,30.00000,7.48830,0.09304,0.03774,0.60250
Rb2SnCuBr3I3,0.81733,-1.24233,16.13963,30.00000,7.28656,0.09315,0.03706,0.58452
Rb2FeMnI6,0.81424,-1.16319,15.26851,30.00000,7.12562,0.09373,0.03702,0.58140
Cs2SnMoO3S3,2.22139,-1.78953,139.07214,30.00000,14.07950,0.09399,0.06432,0.17701
Cs2MoSbO3F3,2.19661,-2.37448,147.64104,30.00000,14.54422,0.09414,0.06497,0.17518
Rb2SnFeBr3I3,0.81381,-1.32787,16.26085,30.00000,7.13069,0.09447,0.03726,0.58689
Cs2GeWO3S3,2.23970,-1.62279,135.35742,30.00000,13.82422,0.09449,0.06441,0.17916
Cs2FeSbSe3I3,0.87468,-0.97986,82.17747,30.00000,10.71378,0.09488,0.04671,0.86629
Cs2TiSbO3Cl3,2.20896,-2.24686,147.21515,30.00000,14.34951,0.09524,0.06533,0.17735
Cs2WGaO3Cl3,2.26642,-1.86018,130.08028,30.00000,13.32885,0.09537,0.06434,0.18524
Na2FeSbS3I3,0.80221,-0.87539,0.46532,30.00000,6.13082,0.09587,0.03479,0.51710
Cs2VSbO6,2.17177,-2.29386,162.47734,30.00000,14.99424,0.09617,0.06698,0.17530
Cs2FeAgCl3I3,0.87995,-1.33157,96.51446,30.00000,11.38544,0.09630,0.04889,0.92610
Cs2TiInO3Cl3,2.22330,-2.39937,150.24261,30.00000,14.10803,0.09733,0.06655,0.18396
Cs2GeVO3Cl3,2.17921,-2.03394,165.84666,30.00000,14.86296,0.09794,0.06763,0.18002
Cs2TiGaO3Cl3,2.19448,-2.41376,162.88051,30.00000,14.58106,0.09838,0.06762,0.18187
Cs2SnSbO3F3,2.26269,-2.37294,142.09625,30.00000,13.37960,0.09885,0.06647,0.19326
Cs2FeCuCl3I3,0.88258,-1.32818,99.78370,30.00000,11.18465,0.09887,0.04934,0.94005
Na2FeAgI6,0.79507,-0.82149,2.01999,30.00000,5.94145,0.09957,0.03519,0.52410
Cs2GeBiO3F3,2.28575,-2.27048,138.29697,30.00000,13.00758,0.10021,0.06682,0.19625
Rb2GeFeI6,0.80960,-1.03787,18.20715,30.00000,6.70928,0.10047,0.03758,0.59503
Cs2GeInO3F3,2.21170,-2.39668,162.92575,30.00000,14.22975,0.10061,0.06860,0.18952
Cs2GeGaO3F3,2.17490,-2.43620,177.28379,30.00000,14.93454,0.10070,0.06950,0.18607
K2FeZnI6,0.79184,-1.08906,0.55960,30.00000,5.76309,0.10157,0.03496,0.51741
Cs2GeCrO6,2.16955,-2.05799,185.34535,30.00000,15.03990,0.10249,0.07079,0.18960
Cs2FeSbSe3Br3,0.86585,-1.27410,94.49440,30.00000,10.37981,0.10255,0.04862,0.92254
Cs2GeCuBr3I3,0.86401,-1.26380,88.45148,30.00000,10.01127,0.10318,0.04777,0.89739
Cs2GeMoO3S3,2.26111,-1.61550,155.94086,30.00000,13.43544,0.10327,0.06926,0.20022
Cs2SnTaO3F3,2.34266,-2.72756,129.96680,30.00000,12.07683,0.10362,0.06791,0.21695
Cs2SnFeSe3Br3,0.86582,-1.27235,94.78700,30.00000,10.26540,0.10395,0.04868,0.92405
Cs2SnNbO3Cl3,2.32568,-2.15340,137.45930,30.00000,12.36815,0.10417,0.06835,0.21430
Cs2MoMnSe6,0.86641,-1.11555,97.74914,30.00000,10.34641,0.10472,0.04916,0.93645
K2FeCuBr3I3,0.78631,-1.14214,0.35179,30.00000,5.49697,0.10500,0.03490,0.51736
Cs2GeNbO3Cl3,2.28293,-2.07900,153.99580,30.00000,13.05960,0.10510,0.06976,0.20840
Cs2SnGaO3F3,2.28701,-2.43210,156.68362,30.00000,13.03293,0.10611,0.07062,0.21107
Cs2GeSbO3F3,2.30085,-2.31562,159.61079,30.00000,12.77767,0.10881,0.07177,0.21993
Na2SnFeBr3I3,0.78077,-1.18917,0.36690,30.00000,5.19743,0.11029,0.03504,0.51908
Cs2SnVO3F3,2.31906,-2.64967,160.65441,30.00000,12.53940,0.11103,0.07277,0.22770
Na2SnFeSe3I3,0.78021,-0.90655,0.48329,30.00000,5.07446,0.11141,0.03502,0.51823
Cs2MoGaO3Cl3,2.36703,-1.88680,149.61729,30.00000,11.71479,0.11346,0.07308,0.24564
Cs2SnCrO3F3,2.33982,-2.44357,160.30725,30.00000,12.14596,0.11365,0.07369,0.23864
Na2FeCuI6,0.77729,-0.81483,0.57790,30.00000,4.93065,0.11419,0.03515,0.51857
Cs2GeFeI6,0.83477,-1.05773,78.46436,30.00000,8.34720,0.11509,0.04657,0.85879
Cs2ZrInO3F3,2.37558,-2.80893,151.83466,30.00000,11.57405,0.11535,0.07416,0.25219
Cs2SnCrO6,2.35540,-2.00808,163.01393,30.00000,11.88952,0.11683,0.07521,0.25194
Na2SnFeS3I3,0.77529,-0.89558,0.43882,30.00000,4.80385,0.11698,0.03512,0.51895
Cs2SnCuBr6,0.84095,-1.41327,93.61426,30.00000,8.84365,0.11701,0.04879,0.92549
Cs2CrAgBr3I3,0.83913,-1.29446,84.57701,30.00000,8.47010,0.11751,0.04750,0.88469
Cs2GeNbO3F3,2.34800,-2.72698,168.16990,30.00000,11.97496,0.11790,0.07604,0.25221
Cs2MnBiSe6,0.83490,-0.96296,86.74589,30.00000,8.35096,0.11932,0.04781,0.89450
Cs2MoInO3F3,2.40810,-2.41051,150.68031,30.00000,11.06885,0.11935,0.07551,0.28006
Cs2NbSbO6,2.41515,-2.48000,150.68178,30.00000,10.86278,0.12126,0.07614,0.28474
Cs2FeZnBr3I3,0.83388,-1.37999,86.39357,30.00000,8.18252,0.12218,0.04787,0.89282
Rb2GeCuI6,0.78381,-1.02283,18.08267,30.00000,5.30347,0.12239,0.03778,0.59751
Cs2WInO3F3,2.48650,-2.41158,130.87915,30.00000,9.84833,0.12347,0.07567,0.34214
Cs2GeMoO6,2.40018,-2.03867,170.10111,30.00000,11.19511,0.12593,0.07936,0.29455
Cs2SnGeBr6,0.82856,-1.46652,96.31559,30.00000,8.05764,0.12852,0.04943,0.93716
Cs2ZrGaO3F3,2.43568,-2.85895,164.75033,30.00000,10.66743,0.12915,0.08047,0.31549
Cs2GeWO6,2.48859,-2.03329,145.90003,30.00000,9.82939,0.13042,0.07952,0.38298
Cs2ZrSbO3F3,2.49573,-2.69751,148.75711,30.00000,9.74353,0.13238,0.08038,0.39368
Cs2SnNbO3F3,2.49518,-2.71733,149.11064,30.00000,9.71480,0.13298,0.08034,0.38867
Cs2GeCuBr6,0.82929,-1.40421,102.31128,30.00000,7.80371,0.13470,0.05036,0.96647
Cs2MoGaO3F3,2.49537,-2.40781,163.38541,30.00000,9.74398,0.13891,0.08401,0.41192
Na2FeSbSe3I3,0.75370,-0.85721,0.50520,30.00000,3.87563,0.14015,0.03539,0.52165
Cs2TiGaO3F3,2.47574,-2.87259,179.34440,30.00000,10.01988,0.14243,0.08644,0.39148
Rb2FeAgBr3I3,0.76449,-1.20606,17.90882,30.00000,4.37652,0.14364,0.03803,0.59813
Cs2SnFeBr3I3,0.79852,-1.34245,82.08462,30.00000,6.24105,0.15140,0.04776,0.88201
K2SnCuI6,0.73939,-0.99291,0.56647,30.00000,3.52668,0.15273,0.03562,0.52317
Na2SnFeI6,0.73762,-0.93712,0.57438,30.00000,3.47474,0.15540,0.03560,0.52248
K2FeAgI6,0.74105,-0.95890,1.96275,30.00000,3.51279,0.15550,0.03581,0.52864
Cs2SnCuBr3I3,0.79448,-1.26840,81.49974,30.00000,5.92777,0.15733,0.04766,0.87942
K2FeAgBr3I3,0.73970,-1.14058,1.98743,30.00000,3.44985,0.15848,0.03578,0.52996
Rb2FeCuBr3I3,0.74799,-1.20677,17.21456,30.00000,3.68860,0.16587,0.03817,0.59712
K2FeCuI6,0.72915,-0.98249,0.56646,30.00000,3.16594,0.16836,0.03571,0.52408
Cs2FeCuBr6,0.79348,-1.35887,100.37954,30.00000,5.69193,0.17742,0.05056,0.96415
Rb2SnCuI6,0.72535,-1.02527,14.32713,30.00000,3.17273,0.18813,0.03805,0.58509
Cs2GeCuI6,0.77121,-1.04636,77.95117,30.00000,4.61135,0.19315,0.04761,0.86861
Cs2FeCuBr3I3,0.77274,-1.22988,86.55913,30.00000,4.79639,0.19600,0.04878,0.90570
Rb2CrAgI6,0.72231,-1.04275,15.89734,30.00000,2.97794,0.19993,0.03836,0.59372
Cs2FeZnI6,0.76809,-1.14489,76.00939,30.00000,4.38366,0.20049,0.04729,0.86049
K2SnFeI6,0.70360,-1.04737,0.56368,30.00000,2.55817,0.20429,0.03610,0.52666
Cs2SnCuI6,0.76269,-1.04629,72.20982,30.00000,4.16731,0.20603,0.04670,0.84296
Cs2FeMnI6,0.74692,-1.19617,76.70801,30.00000,3.88542,0.22493,0.04768,0.86415
Cs2FeAgBr3I3,0.75237,-1.23276,84.26336,30.00000,3.85469,0.23565,0.04878,0.89872
Rb2SnFeI6,0.67049,-1.05459,14.42031,30.00000,2.12849,0.27048,0.03903,0.59158
Cs2SnFeI6,0.72312,-1.10245,72.66654,30.00000,2.89729,0.28922,0.04767,0.85069
Cs2CrAgI6,0.69520,-1.09482,74.74634,30.00000,2.51993,0.33401,0.04870,0.86343
Rb2FeAgI6,0.62676,-0.97484,15.83807,30.00000,1.70863,0.33727,0.04051,0.59987
Rb2FeCuI6,0.61843,-1.00200,15.14962,30.00000,1.60581,0.35681,0.04079,0.59769
Cs2FeAgI6,0.64726,-1.07068,74.50160,30.00000,1.89547,0.43737,0.05046,0.86600
Cs2FeCuI6,0.61198,-1.05235,76.13772,30.00000,1.52985,0.54567,0.05243,0.87668
