formula,pred_Eg_eV,pred_Ef_eV_atom,result
K2SnGeBr6,1.244096,-1.397492,pass
K2SnGeI6,1.138373,-0.990011,pass
K2SnGeO3S3,2.059496,-1.629473,pass
K2SnGeO3Se3,1.661538,-1.378057,pass
K2SnGeS3Se3,1.614334,-0.917496,pass
K2SnGeF3I3,1.353868,-1.990285,pass
K2SnGeCl3I3,1.427612,-1.298915,pass
K2SnGeBr3I3,1.155118,-1.219027,pass
K2SnVO3F3,2.136511,-2.672377,pass
K2SnVO3Cl3,2.102873,-1.930416,pass
K2SnVO3Br3,1.676491,-1.890627,pass
K2SnVO3I3,1.732080,-1.824211,pass
K2SnVS3Br3,1.179337,-1.356476,pass
K2SnVS3I3,1.295917,-1.154073,pass
K2SnVSe3F3,1.540575,-2.139028,pass
K2SnVSe3Cl3,1.188936,-1.578082,pass
K2SnVSe3Br3,1.131789,-1.402492,pass
K2SnVSe3I3,1.212919,-1.079076,pass
K2SnNbO3F3,2.286096,-2.709534,pass
K2SnNbO3Cl3,2.098987,-2.086726,pass
K2SnNbO3Br3,1.759433,-2.018275,pass
K2SnNbO3I3,1.773987,-1.973280,pass
K2SnNbS3Br3,1.260146,-1.352846,pass
K2SnNbS3I3,1.497646,-1.223194,pass
K2SnNbSe3Cl3,1.380080,-1.605671,pass
K2SnNbSe3Br3,1.248128,-1.441854,pass
K2SnNbSe3I3,1.357851,-1.143456,pass
K2SnTaO3F3,2.142841,-2.724063,pass
K2SnTaO3Cl3,1.977143,-2.072105,pass
K2SnTaO3Br3,1.613414,-2.014139,pass
K2SnTaO3I3,1.746530,-1.955816,pass
K2SnTaS3Br3,1.514491,-1.386034,pass
K2SnTaS3I3,1.663841,-1.232620,pass
K2SnTaSe3Cl3,1.557035,-1.603324,pass
K2SnTaSe3Br3,1.400283,-1.447138,pass
K2SnTaSe3I3,1.463166,-1.265782,pass
K2SnCrO6,2.256333,-2.071509,pass
K2SnCrSe6,1.075431,-1.027113,pass
K2SnCrO3S3,2.069442,-1.781856,pass
K2SnCrO3Se3,1.626893,-1.508367,pass
K2SnCrO3F3,2.216496,-2.389163,pass
K2SnCrO3Cl3,1.994712,-1.838013,pass
K2SnCrO3Br3,1.633410,-1.648005,pass
K2SnCrO3I3,1.635512,-1.499347,pass
K2SnCrS3Se3,1.318917,-1.054574,pass
K2SnCrS3I3,1.222601,-1.056021,pass
K2SnCrSe3Br3,1.048792,-1.259429,pass
K2SnCrSe3I3,1.133735,-1.048077,pass
K2SnMoO6,2.209707,-2.089658,pass
K2SnMoS6,1.626966,-1.064761,pass
K2SnMoSe6,1.082512,-0.988549,pass
K2SnMoO3S3,2.118428,-1.765688,pass
K2SnMoO3Se3,1.674231,-1.509187,pass
K2SnMoS3Se3,1.314192,-1.013621,pass
K2SnWO6,2.063687,-2.053826,pass
K2SnWS6,1.776511,-1.104711,pass
K2SnWSe6,1.303304,-0.992560,pass
K2SnWO3S3,1.996993,-1.741019,pass
K2SnWO3Se3,1.800758,-1.503713,pass
K2SnWS3Se3,1.692850,-1.031527,pass
K2SnFeI6,0.696917,-1.016692,pass
K2SnFeO3S3,1.974334,-1.626038,pass
K2SnFeO3Se3,1.525610,-1.352395,pass
K2SnFeO3F3,2.060496,-2.267318,pass
K2SnFeO3Cl3,1.664225,-1.800154,pass
K2SnFeO3Br3,1.461873,-1.431559,pass
K2SnFeO3I3,1.442008,-1.320029,pass
K2SnFeS3Se3,1.011212,-0.944523,pass
K2SnFeS3I3,0.972644,-0.955582,pass
K2SnFeSe3Cl3,1.000039,-1.260646,pass
K2SnFeSe3Br3,0.860083,-1.200553,pass
K2SnFeSe3I3,0.821867,-0.925139,pass
K2SnFeF3I3,1.361861,-1.981184,pass
K2SnFeCl3I3,1.001397,-1.301318,pass
K2SnFeBr3I3,0.730909,-1.167613,pass
K2SnMnI6,1.147086,-1.121637,pass
K2SnMnO3S3,1.629446,-1.796870,pass
K2SnMnO3Se3,1.344054,-1.496745,pass
K2SnMnS3Se3,1.115670,-1.066879,pass
K2SnMnF3I3,1.504287,-2.106897,pass
K2SnMnCl3I3,1.312930,-1.331852,pass
K2SnMnBr3I3,1.181549,-1.260403,pass
K2SnBiO3F3,2.136323,-2.347319,pass
K2SnBiO3Cl3,1.981961,-1.698587,pass
K2SnBiO3Br3,1.750063,-1.474329,pass
K2SnBiO3I3,1.640773,-1.311661,pass
K2SnBiS3I3,1.706916,-1.014920,pass
K2SnBiSe3I3,1.391244,-0.997261,pass
K2SnSbO3F3,2.039692,-2.351843,pass
K2SnSbO3Cl3,1.784624,-1.748250,pass
K2SnSbO3Br3,1.689692,-1.487349,pass
K2SnSbO3I3,1.604186,-1.295507,pass
K2SnSbS3Br3,1.565132,-1.056009,pass
K2SnSbS3I3,1.610219,-0.976013,pass
K2SnSbSe3Cl3,1.648596,-1.149422,pass
K2SnSbSe3Br3,1.460915,-1.134665,pass
K2SnSbSe3I3,1.349235,-0.976935,pass
K2SnCuBr6,0.877594,-1.362130,pass
K2SnCuI6,0.792440,-0.995480,pass
K2SnCuO3S3,1.410420,-1.666042,pass
K2SnCuO3Se3,1.149831,-1.309902,pass
K2SnCuS3Se3,1.180901,-0.907806,pass
K2SnCuF3I3,0.969111,-1.940933,pass
K2SnCuCl3I3,1.019485,-1.249776,pass
K2SnCuBr3I3,0.815595,-1.159845,pass
K2SnZnI6,1.090560,-1.105830,pass
K2SnZnO3S3,1.898370,-1.713001,pass
K2SnZnO3Se3,1.590629,-1.329813,pass
K2SnZnS3Se3,1.748046,-1.002718,pass
K2SnZnF3I3,1.456363,-2.036908,pass
K2SnZnCl3I3,1.445956,-1.339105,pass
K2SnZnBr3I3,1.338426,-1.228358,pass
K2SnInO3F3,2.097877,-2.401277,pass
K2SnInO3Cl3,1.869286,-1.802365,pass
K2SnInO3Br3,1.586774,-1.571026,pass
K2SnInO3I3,1.690672,-1.432161,pass
K2SnInS3I3,1.632745,-1.054997,pass
K2SnInSe3Br3,1.613970,-1.234244,pass
K2SnInSe3I3,1.483484,-0.978251,pass
K2SnGaO3F3,2.036874,-2.392645,pass
K2SnGaO3Cl3,2.068289,-1.829974,pass
K2SnGaO3Br3,1.552329,-1.605057,pass
K2SnGaO3I3,1.598673,-1.443344,pass
K2SnGaS3Br3,1.727469,-1.264439,pass
K2SnGaS3I3,1.752109,-1.072689,pass
K2SnGaSe3F3,1.550340,-2.057442,pass
K2SnGaSe3Cl3,1.658935,-1.352342,pass
K2SnGaSe3Br3,1.547243,-1.241936,pass
K2SnGaSe3I3,1.598421,-0.991768,pass
K2GeVO3F3,1.993376,-2.618304,pass
K2GeVO3Cl3,1.932992,-1.900163,pass
K2GeVO3Br3,1.510494,-1.847252,pass
K2GeVO3I3,1.582597,-1.778270,pass
K2GeVS3Cl3,1.559050,-1.466516,pass
K2GeVS3Br3,1.059619,-1.356652,pass
K2GeVS3I3,1.193131,-1.159239,pass
K2GeVSe3F3,1.406639,-2.129497,pass
K2GeVSe3Cl3,1.148382,-1.486619,pass
K2GeVSe3Br3,1.105343,-1.349474,pass
K2GeVSe3I3,1.250742,-1.069147,pass
K2GeNbO3F3,2.150631,-2.650458,pass
K2GeNbO3Cl3,2.009358,-2.036348,pass
K2GeNbO3Br3,1.606035,-1.952009,pass
K2GeNbO3I3,1.698876,-1.888844,pass
K2GeNbS3Br3,1.232684,-1.348797,pass
K2GeNbS3I3,1.407524,-1.194730,pass
K2GeNbSe3F3,1.530985,-2.181155,pass
K2GeNbSe3Cl3,1.314563,-1.478245,pass
K2GeNbSe3Br3,1.284941,-1.353621,pass
K2GeNbSe3I3,1.296382,-1.120058,pass
K2GeTaO3F3,1.995808,-2.682122,pass
K2GeTaO3Cl3,1.755218,-2.012735,pass
K2GeTaO3Br3,1.521427,-1.950194,pass
K2GeTaO3I3,1.686766,-1.873979,pass
K2GeTaS3Br3,1.484958,-1.375805,pass
K2GeTaS3I3,1.642375,-1.234519,pass
K2GeTaSe3F3,1.531909,-2.197501,pass
K2GeTaSe3Cl3,1.556816,-1.509426,pass
K2GeTaSe3Br3,1.323869,-1.355219,pass
K2GeTaSe3I3,1.459930,-1.178288,pass
K2GeCrO6,2.129295,-2.116893,pass
K2GeCrSe6,1.135111,-1.046914,pass
K2GeCrO3S3,2.032438,-1.647932,pass
K2GeCrO3Se3,1.535170,-1.532129,pass
K2GeCrO3F3,2.062080,-2.411537,pass
K2GeCrO3Cl3,1.898795,-1.723989,pass
K2GeCrO3Br3,1.537433,-1.618268,pass
K2GeCrO3I3,1.513569,-1.466339,pass
K2GeCrS3Se3,1.408558,-1.059974,pass
K2GeCrS3I3,1.171649,-1.095649,pass
K2GeCrSe3Br3,1.114320,-1.229351,pass
K2GeCrSe3I3,1.137410,-1.038898,pass
K2GeMoO6,2.192505,-2.079272,pass
K2GeMoS6,1.764236,-1.072325,pass
K2GeMoSe6,1.160914,-0.997283,pass
K2GeMoO3S3,2.066764,-1.652497,pass
K2GeMoO3Se3,1.676836,-1.521744,pass
K2GeMoS3Se3,1.358427,-1.021253,pass
K2GeWO6,2.028623,-2.060940,pass
K2GeWS6,1.861323,-1.081343,pass
K2GeWSe6,1.324583,-1.003256,pass
K2GeWO3S3,1.962164,-1.610520,pass
K2GeWO3Se3,1.697610,-1.469636,pass
K2GeWS3Se3,1.604088,-1.025869,pass
K2GeFeBr6,0.875910,-1.394853,pass
K2GeFeI6,0.684823,-0.987628,pass
K2GeFeO3S3,2.007197,-1.615458,pass
K2GeFeO3Se3,1.543606,-1.389489,pass
K2GeFeO3F3,1.783221,-2.282018,pass
K2GeFeO3Cl3,1.640627,-1.694615,pass
K2GeFeO3Br3,1.330195,-1.550099,pass
K2GeFeO3I3,1.340836,-1.401635,pass
K2GeFeS3Se3,1.063834,-0.944314,pass
K2GeFeS3Br3,0.916871,-1.206636,pass
K2GeFeS3I3,0.966301,-0.962992,pass
K2GeFeSe3F3,1.189717,-1.959435,pass
K2GeFeSe3Cl3,1.009946,-1.281089,pass
K2GeFeSe3Br3,0.900653,-1.204016,pass
K2GeFeSe3I3,0.842712,-0.921136,pass
K2GeFeF3I3,1.326811,-1.983658,pass
K2GeFeCl3I3,0.920283,-1.289894,pass
K2GeFeBr3I3,0.719994,-1.178094,pass
K2GeMnBr6,1.240307,-1.434605,pass
K2GeMnI6,1.021403,-1.108244,pass
K2GeMnO3S3,1.634512,-1.664988,pass
K2GeMnO3Se3,1.348841,-1.426401,pass
K2GeMnS3Se3,1.169206,-1.018704,pass
K2GeMnF3I3,1.478000,-2.061161,pass
K2GeMnCl3I3,1.182535,-1.362994,pass
K2GeMnBr3I3,1.078655,-1.252168,pass
K2GeBiO3F3,2.132877,-2.293214,pass
K2GeBiO3Cl3,1.960210,-1.688810,pass
K2GeBiO3Br3,1.725904,-1.486515,pass
K2GeBiO3I3,1.593750,-1.295593,pass
K2GeBiS3I3,1.751967,-0.985220,pass
K2GeBiSe3I3,1.411014,-0.973883,pass
K2GeSbO3F3,2.174050,-2.308796,pass
K2GeSbO3Cl3,2.042510,-1.773125,pass
K2GeSbO3Br3,1.747148,-1.468819,pass
K2GeSbO3I3,1.573554,-1.316878,pass
K2GeSbS3Br3,1.574043,-1.020982,pass
K2GeSbS3I3,1.539241,-0.948943,pass
K2GeSbSe3F3,1.552319,-1.908008,pass
K2GeSbSe3Cl3,1.651825,-1.101582,pass
K2GeSbSe3Br3,1.386131,-1.097152,pass
K2GeSbSe3I3,1.410113,-0.935563,pass
K2GeCuBr6,0.942934,-1.356467,pass
K2GeCuI6,0.832928,-0.971629,pass
K2GeCuO3S3,1.476395,-1.629820,pass
K2GeCuO3Se3,1.095404,-1.320126,pass
K2GeCuS3Se3,1.325085,-0.856119,pass
K2GeCuF3I3,0.936448,-1.971057,pass
K2GeCuCl3I3,0.983146,-1.237037,pass
K2GeCuBr3I3,0.826785,-1.156508,pass
K2GeZnBr6,1.403341,-1.418370,pass
K2GeZnI6,1.136228,-1.095785,pass
K2GeZnO3S3,2.142744,-1.665309,pass
K2GeZnO3Se3,1.751352,-1.315488,pass
K2GeZnS3Se3,1.853895,-0.977227,pass
K2GeZnF3I3,1.499105,-2.081504,pass
K2GeZnCl3I3,1.475164,-1.351550,pass
K2GeZnBr3I3,1.290914,-1.222716,pass
K2GeInO3F3,2.163607,-2.386894,pass
K2GeInO3Cl3,2.054090,-1.833740,pass
K2GeInO3Br3,1.617956,-1.579999,pass
K2GeInO3I3,1.724386,-1.396006,pass
K2GeInS3I3,1.699073,-0.999349,pass
K2GeInSe3Br3,1.560250,-1.218745,pass
K2GeInSe3I3,1.561633,-0.972071,pass
K2GeGaO3F3,2.242820,-2.412737,pass
K2GeGaO3Cl3,2.168957,-1.840144,pass
K2GeGaO3Br3,1.685468,-1.575136,pass
K2GeGaO3I3,1.674425,-1.419981,pass
K2GeGaS3Cl3,2.188287,-1.375783,pass
K2GeGaS3Br3,1.924820,-1.234900,pass
K2GeGaS3I3,1.790014,-0.998672,pass
K2GeGaSe3F3,1.602069,-2.028316,pass
K2GeGaSe3Cl3,1.954253,-1.314347,pass
K2GeGaSe3Br3,1.698454,-1.230682,pass
K2GeGaSe3I3,1.573379,-0.980368,pass
K2TiCrO6,2.012515,-2.655100,pass
K2TiCrSe6,1.010420,-1.330250,pass
K2TiCrO3S3,1.287190,-2.048672,pass
K2TiCrO3Se3,1.507441,-2.082415,pass
K2TiCrO3F3,2.183250,-2.816034,pass
K2TiCrO3Cl3,1.551717,-2.204727,pass
K2TiCrO3Br3,1.658084,-2.114577,pass
K2TiCrO3I3,1.694551,-2.058628,pass
K2TiCrS3Se3,1.097179,-1.344955,pass
K2TiCrS3I3,1.302210,-1.338406,pass
K2TiCrSe3Br3,1.169173,-1.583207,pass
K2TiCrSe3I3,1.151966,-1.290595,pass
K2TiMoO6,2.137307,-2.768020,pass
K2TiMoS6,1.310117,-1.485327,pass
K2TiMoSe6,1.078630,-1.235832,pass
K2TiMoO3S3,1.841139,-2.077411,pass
K2TiMoO3Se3,1.694863,-2.028875,pass
K2TiMoS3Se3,1.206521,-1.376230,pass
K2TiWO6,2.154076,-2.804501,pass
K2TiWS6,1.586356,-1.489145,pass
K2TiWSe6,1.304488,-1.277234,pass
K2TiWO3S3,1.893418,-2.024874,pass
K2TiWO3Se3,1.698650,-1.997740,pass
K2TiWS3Se3,1.464678,-1.354864,pass
K2TiFeO3F3,2.061462,-2.688250,pass
K2TiFeO3Cl3,1.606810,-2.132383,pass
K2TiFeO3Br3,1.601259,-2.030463,pass
K2TiFeO3I3,1.643491,-1.954246,pass
K2TiFeS3I3,1.097806,-1.288516,pass
K2TiFeSe3Br3,1.200159,-1.453073,pass
K2TiFeSe3I3,1.145142,-1.270320,pass
K2TiBiO3Cl3,2.117821,-2.089674,pass
K2TiBiO3Br3,1.825894,-1.946276,pass
K2TiBiO3I3,1.906070,-1.845082,pass
K2TiBiS3I3,1.660967,-1.341341,pass
K2TiBiSe3I3,1.453029,-1.230023,pass
K2TiSbO3F3,2.358039,-2.774811,pass
K2TiSbO3Cl3,2.267943,-2.077296,pass
K2TiSbO3Br3,1.766504,-1.956052,pass
K2TiSbO3I3,1.733594,-1.864060,pass
K2TiSbS3I3,1.461303,-1.252051,pass
K2TiSbSe3Cl3,1.466429,-1.653725,pass
K2TiSbSe3Br3,1.195135,-1.455864,pass
K2TiSbSe3I3,1.283125,-1.151646,pass
K2TiInO3F3,2.346677,-2.807047,pass
K2TiInO3Cl3,2.120732,-2.225397,pass
K2TiInO3Br3,1.720178,-2.073603,pass
K2TiInO3I3,1.704111,-2.036187,pass
K2TiInS3I3,1.538869,-1.357793,pass
K2TiInSe3Br3,1.320925,-1.572529,pass
K2TiInSe3I3,1.397090,-1.353233,pass
K2TiGaO3F3,2.306398,-2.808480,pass
K2TiGaO3Cl3,2.091551,-2.193200,pass
K2TiGaO3Br3,1.723338,-2.089761,pass
K2TiGaO3I3,1.837589,-2.060733,pass
K2TiGaS3Br3,1.640131,-1.604865,pass
K2TiGaS3I3,1.593308,-1.345442,pass
K2TiGaSe3F3,1.619807,-2.317671,pass
K2TiGaSe3Cl3,1.750394,-1.765844,pass
K2TiGaSe3Br3,1.507857,-1.598356,pass
K2TiGaSe3I3,1.472875,-1.382128,pass
K2ZrCrO6,2.006819,-2.665452,pass
K2ZrCrSe6,1.013086,-1.354818,pass
K2ZrCrO3S3,1.585560,-2.071013,pass
K2ZrCrO3Se3,1.554524,-2.059555,pass
K2ZrCrO3F3,2.107033,-2.801700,pass
K2ZrCrO3Cl3,1.593978,-2.212358,pass
K2ZrCrO3Br3,1.619479,-2.088596,pass
K2ZrCrO3I3,1.695491,-2.029287,pass
K2ZrCrS3I3,1.226099,-1.358437,pass
K2ZrCrSe3Br3,1.121942,-1.589345,pass
K2ZrCrSe3I3,1.126829,-1.312140,pass
K2ZrMoO6,2.030712,-2.765798,pass
K2ZrMoS6,1.333182,-1.505698,pass
K2ZrMoSe6,1.137420,-1.344268,pass
K2ZrMoO3S3,1.867876,-2.069181,pass
K2ZrMoO3Se3,1.651943,-2.071461,pass
K2ZrMoS3Se3,1.238028,-1.348065,pass
K2ZrWO6,1.967966,-2.789367,pass
K2ZrWS6,1.601546,-1.479282,pass
K2ZrWSe6,1.352747,-1.320803,pass
K2ZrWO3S3,1.742331,-2.021556,pass
K2ZrWO3Se3,1.720639,-2.007701,pass
K2ZrWS3Se3,1.460605,-1.344676,pass
K2ZrFeO3F3,2.128300,-2.773434,pass
K2ZrFeO3Cl3,1.641834,-2.141964,pass
K2ZrFeO3Br3,1.590325,-2.051729,pass
K2ZrFeO3I3,1.671502,-1.980643,pass
K2ZrFeS3I3,1.195544,-1.329293,pass
K2ZrFeSe3Br3,1.170094,-1.567376,pass
K2ZrFeSe3I3,1.210731,-1.306837,pass
K2ZrBiO3Cl3,2.027203,-2.217939,pass
K2ZrBiO3Br3,1.724375,-1.951676,pass
K2ZrBiO3I3,1.796999,-1.869213,pass
K2ZrBiS3I3,1.732562,-1.379601,pass
K2ZrBiSe3I3,1.549312,-1.357640,pass
K2ZrSbO3F3,2.267392,-2.754221,pass
K2ZrSbO3Cl3,2.201884,-2.082587,pass
K2ZrSbO3Br3,1.718080,-1.958823,pass
K2ZrSbO3I3,1.713335,-1.858965,pass
K2ZrSbS3I3,1.559120,-1.327946,pass
K2ZrSbSe3Cl3,1.595965,-1.661402,pass
K2ZrSbSe3Br3,1.465912,-1.508888,pass
K2ZrSbSe3I3,1.403648,-1.328480,pass
K2ZrInO3F3,2.316313,-2.797477,pass
K2ZrInO3Cl3,2.068165,-2.265526,pass
K2ZrInO3Br3,1.685232,-2.086641,pass
K2ZrInO3I3,1.611641,-2.021207,pass
K2ZrInS3I3,1.610028,-1.399254,pass
K2ZrInSe3Br3,1.541752,-1.649601,pass
K2ZrInSe3I3,1.467169,-1.399511,pass
K2ZrGaO3F3,2.230697,-2.799610,pass
K2ZrGaO3Cl3,2.138135,-2.211615,pass
K2ZrGaO3Br3,1.686443,-2.081475,pass
K2ZrGaO3I3,1.698219,-2.033743,pass
K2ZrGaS3Br3,1.658434,-1.625029,pass
K2ZrGaS3I3,1.552597,-1.378667,pass
K2ZrGaSe3F3,1.602961,-2.300254,pass
K2ZrGaSe3Cl3,1.688152,-1.789730,pass
K2ZrGaSe3Br3,1.504589,-1.646427,pass
K2ZrGaSe3I3,1.510137,-1.401919,pass
K2VNbO6,2.170842,-2.767896,pass
K2VNbS6,1.284999,-1.450174,pass
K2VNbSe6,1.127422,-1.280881,pass
K2VNbO3S3,1.923305,-2.099480,pass
K2VNbO3Se3,1.698596,-2.150049,pass
K2VNbS3Se3,1.218159,-1.290460,pass
K2VTaO6,1.991791,-2.916165,pass
K2VTaS6,1.555058,-1.437386,pass
K2VTaSe6,1.364015,-1.301986,pass
K2VTaO3S3,1.883466,-2.125235,pass
K2VTaO3Se3,1.775549,-2.131072,pass
K2VTaS3Se3,1.414858,-1.320905,pass
K2VFeO3F3,1.972181,-2.652569,pass
K2VFeO3Cl3,1.579257,-1.997080,pass
K2VFeO3Br3,1.509886,-1.871375,pass
K2VFeO3I3,1.615892,-1.769412,pass
K2VFeS3Br3,1.116777,-1.378066,pass
K2VFeS3I3,1.178744,-1.180323,pass
K2VFeSe3F3,1.511130,-2.178485,pass
K2VFeSe3Cl3,1.143367,-1.528804,pass
K2VFeSe3Br3,1.137419,-1.353902,pass
K2VFeSe3I3,1.249907,-1.178460,pass
K2VMnO3F3,2.066475,-2.754756,pass
K2VMnO3Cl3,1.663781,-2.070132,pass
K2VMnO3Br3,1.570535,-2.004011,pass
K2VMnO3I3,1.619078,-1.969944,pass
K2VMnS3Br3,1.261787,-1.483141,pass
K2VMnS3I3,1.263307,-1.226400,pass
K2VMnSe3Cl3,1.224775,-1.548612,pass
K2VMnSe3Br3,1.274765,-1.448737,pass
K2VMnSe3I3,1.252300,-1.214340,pass
K2VSbO6,2.037179,-2.348245,pass
K2VSbS6,1.353043,-1.082599,pass
K2VSbSe6,0.959402,-1.018490,pass
K2VSbO3S3,1.931445,-1.692316,pass
K2VSbO3Se3,1.435143,-1.534012,pass
K2VSbS3Se3,1.266315,-1.051085,pass
K2VCuO3F3,1.208828,-2.606968,pass
K2VCuO3Cl3,1.397427,-1.929615,pass
K2VCuO3Br3,1.315508,-1.738218,pass
K2VCuO3I3,1.443057,-1.607356,pass
K2VCuS3Br3,1.198372,-1.297408,pass
K2VCuS3I3,1.224592,-1.139092,pass
K2VCuSe3F3,1.366266,-1.967269,pass
K2VCuSe3Cl3,1.197055,-1.402874,pass
K2VCuSe3Br3,1.233556,-1.286152,pass
K2VCuSe3I3,1.227587,-1.075884,pass
K2VZnO3F3,1.819153,-2.680246,pass
K2VZnO3Cl3,1.819893,-1.950471,pass
K2VZnO3Br3,1.548881,-1.774161,pass
K2VZnO3I3,1.635078,-1.656582,pass
K2VZnS3Br3,1.203026,-1.374595,pass
K2VZnS3I3,1.272590,-1.179740,pass
K2VZnSe3Cl3,1.192207,-1.465860,pass
K2VZnSe3Br3,1.138490,-1.383346,pass
K2VZnSe3I3,1.158565,-1.171453,pass
K2NbTaO6,1.558023,-2.950623,pass
K2NbTaS6,1.608823,-1.434953,pass
K2NbTaSe6,1.428913,-1.280264,pass
K2NbTaO3S3,1.787644,-2.122863,pass
K2NbTaO3Se3,1.787737,-2.115874,pass
K2NbTaS3Se3,1.562837,-1.279249,pass
K2NbFeO3F3,1.888688,-2.785077,pass
K2NbFeO3Cl3,1.729269,-2.155555,pass
K2NbFeO3Br3,1.604349,-2.014417,pass
K2NbFeO3I3,1.742406,-1.898724,pass
K2NbFeS3Br3,1.217446,-1.386612,pass
K2NbFeS3I3,1.358980,-1.193776,pass
K2NbFeSe3Cl3,1.230046,-1.514123,pass
K2NbFeSe3Br3,1.236079,-1.378201,pass
K2NbFeSe3I3,1.397237,-1.200788,pass
K2NbMnO3F3,2.215365,-2.892527,pass
K2NbMnO3Cl3,1.827408,-2.154011,pass
K2NbMnO3Br3,1.610116,-2.082793,pass
K2NbMnO3I3,1.565247,-2.032916,pass
K2NbMnS3I3,1.341787,-1.209498,pass
K2NbMnSe3Cl3,1.269037,-1.552682,pass
K2NbMnSe3Br3,1.305405,-1.453982,pass
K2NbMnSe3I3,1.344655,-1.221415,pass
K2NbSbO6,2.053355,-2.575055,pass
K2NbSbS6,1.568423,-1.072604,pass
K2NbSbSe6,1.169418,-1.028226,pass
K2NbSbO3S3,2.013600,-1.760471,pass
K2NbSbO3Se3,1.529832,-1.681326,pass
K2NbSbS3Se3,1.450556,-1.046311,pass
K2NbCuO3F3,1.598515,-2.618289,pass
K2NbCuO3Cl3,1.493951,-1.996365,pass
K2NbCuO3Br3,1.343655,-1.816163,pass
K2NbCuO3I3,1.403986,-1.667467,pass
K2NbCuS3Br3,1.114887,-1.316506,pass
K2NbCuS3I3,1.169050,-1.129478,pass
K2NbCuSe3Cl3,1.138138,-1.386238,pass
K2NbCuSe3Br3,1.032591,-1.312743,pass
K2NbCuSe3I3,1.105278,-1.129504,pass
K2NbZnO3F3,1.896086,-2.706200,pass
K2NbZnO3Cl3,1.895803,-2.071345,pass
K2NbZnO3Br3,1.654406,-1.872494,pass
K2NbZnO3I3,1.578395,-1.780471,pass
K2NbZnS3I3,1.444143,-1.208684,pass
K2NbZnSe3Cl3,1.436498,-1.448382,pass
K2NbZnSe3Br3,1.376819,-1.411094,pass
K2NbZnSe3I3,1.364853,-1.193013,pass
K2TaFeO3F3,1.856753,-2.831302,pass
K2TaFeO3Cl3,1.634475,-2.143202,pass
K2TaFeO3Br3,1.710797,-1.981284,pass
K2TaFeO3I3,1.771108,-1.870570,pass
K2TaFeS3Br3,1.376887,-1.414272,pass
K2TaFeS3I3,1.627937,-1.224007,pass
K2TaFeSe3Cl3,1.385215,-1.525261,pass
K2TaFeSe3Br3,1.377526,-1.435411,pass
K2TaFeSe3I3,1.473770,-1.222802,pass
K2TaMnO3F3,1.937045,-2.960933,pass
K2TaMnO3Cl3,1.607726,-2.190910,pass
K2TaMnO3Br3,1.521304,-2.049680,pass
K2TaMnO3I3,1.616454,-2.020568,pass
K2TaMnS3I3,1.476589,-1.242731,pass
K2TaMnSe3Cl3,1.412125,-1.569826,pass
K2TaMnSe3Br3,1.342851,-1.523176,pass
K2TaMnSe3I3,1.348634,-1.241487,pass
K2TaSbO6,1.888797,-2.580200,pass
K2TaSbS6,1.563798,-1.126973,pass
K2TaSbSe6,1.279005,-1.033661,pass
K2TaSbO3S3,1.810324,-1.798180,pass
K2TaSbO3Se3,1.607703,-1.692992,pass
K2TaSbS3Se3,1.583439,-1.119864,pass
K2TaCuO3F3,1.766637,-2.659901,pass
K2TaCuO3Cl3,1.544626,-2.042908,pass
K2TaCuO3Br3,1.338528,-1.828981,pass
K2TaCuO3I3,1.439755,-1.752996,pass
K2TaCuS3Br3,1.387440,-1.326391,pass
K2TaCuS3I3,1.438189,-1.170979,pass
K2TaCuSe3Cl3,1.365513,-1.411209,pass
K2TaCuSe3Br3,1.249305,-1.341970,pass
K2TaCuSe3I3,1.344015,-1.159490,pass
K2TaZnO3F3,1.779151,-2.757994,pass
K2TaZnO3Cl3,1.588307,-2.084868,pass
K2TaZnO3Br3,1.487241,-1.870647,pass
K2TaZnO3I3,1.528758,-1.792431,pass
K2TaZnS3I3,1.578694,-1.233267,pass
K2TaZnSe3Cl3,1.509415,-1.483437,pass
K2TaZnSe3Br3,1.333407,-1.431017,pass
K2TaZnSe3I3,1.384872,-1.224875,pass
K2CrMoO6,2.016063,-2.115205,pass
K2CrMoSe6,1.148504,-1.173923,pass
K2CrMoO3S3,1.785786,-1.738683,pass
K2CrMoO3Se3,1.594461,-1.621390,pass
K2CrMoO3F3,1.973668,-2.603217,pass
K2CrMoO3Cl3,1.778777,-1.729281,pass
K2CrMoO3Br3,1.560322,-1.667261,pass
K2CrMoO3I3,1.502612,-1.513642,pass
K2CrMoS3Se3,1.205291,-1.188289,pass
K2CrMoS3I3,1.132505,-1.131857,pass
K2CrMoSe3Br3,1.175645,-1.290893,pass
K2CrMoSe3I3,1.112922,-1.060222,pass
K2CrWO6,1.949736,-2.209301,pass
K2CrWSe6,1.287475,-1.152146,pass
K2CrWO3S3,1.843805,-1.743274,pass
K2CrWO3Se3,1.641075,-1.650202,pass
K2CrWO3F3,2.083589,-2.623665,pass
K2CrWO3Cl3,1.839586,-1.802119,pass
K2CrWO3Br3,1.688194,-1.684552,pass
K2CrWO3I3,1.642864,-1.565338,pass
K2CrWS3Se3,1.426206,-1.178576,pass
K2CrWS3I3,1.502367,-1.168072,pass
K2CrWSe3Br3,1.420377,-1.288173,pass
K2CrWSe3I3,1.528298,-1.124952,pass
K2CrMnO6,1.755374,-1.991054,pass
K2CrMnSe6,1.062957,-1.152158,pass
K2CrMnO3S3,1.463307,-1.701446,pass
K2CrMnO3Se3,1.516999,-1.612184,pass
K2CrMnO3F3,2.100191,-2.552456,pass
K2CrMnO3Cl3,1.775347,-1.738289,pass
K2CrMnO3Br3,1.626522,-1.749003,pass
K2CrMnO3I3,1.656496,-1.648924,pass
K2CrMnS3I3,1.393597,-1.178738,pass
K2CrMnSe3I3,1.350248,-1.176306,pass
K2CrAgI6,0.754375,-1.004417,pass
K2CrAgO3Br3,1.394611,-1.574284,pass
K2CrAgO3I3,1.391966,-1.405286,pass
K2CrAgS3I3,1.102158,-1.041751,pass
K2CrAgSe3I3,0.990547,-0.996836,pass
K2CrAgBr3I3,0.854905,-1.136415,pass
K2MoWO6,2.020187,-2.137077,pass
K2MoWS6,1.670552,-1.182639,pass
K2MoWSe6,1.246192,-1.070383,pass
K2MoWO3S3,1.802257,-1.631098,pass
K2MoWO3Se3,1.550624,-1.496929,pass
K2MoWS3Se3,1.438281,-1.103362,pass
K2MoFeO3F3,1.970616,-2.392718,pass
K2MoFeO3Cl3,1.627766,-1.734250,pass
K2MoFeO3Br3,1.684827,-1.642041,pass
K2MoFeO3I3,1.701334,-1.498156,pass
K2MoFeS3Br3,1.195069,-1.266085,pass
K2MoFeS3I3,1.181612,-1.074072,pass
K2MoFeSe3F3,1.596899,-2.057255,pass
K2MoFeSe3Cl3,1.299081,-1.312494,pass
K2MoFeSe3Br3,1.224156,-1.227382,pass
K2MoFeSe3I3,1.150801,-1.023634,pass
K2MoMnO6,2.082148,-2.044755,pass
K2MoMnS6,1.437199,-1.233505,pass
K2MoMnSe6,1.084137,-1.067335,pass
K2MoMnO3S3,1.853717,-1.691231,pass
K2MoMnO3Se3,1.724450,-1.567986,pass
K2MoMnS3Se3,1.278103,-1.102473,pass
K2MoBiO3F3,2.040258,-2.272508,pass
K2MoBiO3Cl3,1.799203,-1.765035,pass
K2MoBiO3Br3,1.614465,-1.472174,pass
K2MoBiO3I3,1.503546,-1.362628,pass
K2MoBiS3I3,1.272161,-1.028668,pass
K2MoBiSe3I3,1.076824,-0.970586,pass
K2MoSbO3F3,1.932140,-2.316040,pass
K2MoSbO3Cl3,1.860689,-1.839545,pass
K2MoSbO3Br3,1.506281,-1.537848,pass
K2MoSbO3I3,1.438743,-1.398305,pass
K2MoSbS3Br3,1.223150,-1.159310,pass
K2MoSbS3I3,1.245540,-0.983657,pass
K2MoSbSe3F3,1.352501,-1.869858,pass
K2MoSbSe3Cl3,1.165084,-1.219875,pass
K2MoSbSe3Br3,1.158295,-1.119424,pass
K2MoSbSe3I3,1.113471,-0.921097,pass
K2MoAgO3F3,1.994538,-2.321188,pass
K2MoAgO3Cl3,1.661178,-1.699906,pass
K2MoAgO3Br3,1.314114,-1.458719,pass
K2MoAgO3I3,1.341038,-1.336025,pass
K2MoAgS3I3,1.138973,-1.030570,pass
K2MoAgSe3I3,0.956674,-0.969157,pass
K2MoInO3Cl3,2.185640,-1.851368,pass
K2MoInO3Br3,1.733675,-1.678554,pass
K2MoInO3I3,1.705833,-1.554728,pass
K2MoInS3I3,1.392646,-1.106864,pass
K2MoInSe3Br3,1.313599,-1.328686,pass
K2MoInSe3I3,1.228396,-1.047821,pass
K2MoGaO3F3,2.374219,-2.387900,pass
K2MoGaO3Cl3,2.246651,-1.847779,pass
K2MoGaO3Br3,1.889646,-1.708371,pass
K2MoGaO3I3,1.755954,-1.600942,pass
K2MoGaS3Cl3,1.741400,-1.355564,pass
K2MoGaS3Br3,1.440019,-1.285872,pass
K2MoGaS3I3,1.464313,-1.103131,pass
K2MoGaSe3F3,1.591942,-2.026708,pass
K2MoGaSe3Cl3,1.486863,-1.402794,pass
K2MoGaSe3Br3,1.371383,-1.335730,pass
K2MoGaSe3I3,1.280193,-1.044545,pass
K2WFeO3F3,1.929925,-2.539130,pass
K2WFeO3Cl3,1.731450,-1.707198,pass
K2WFeO3Br3,1.791221,-1.599346,pass
K2WFeO3I3,1.884575,-1.500070,pass
K2WFeS3Br3,1.528085,-1.254913,pass
K2WFeS3I3,1.606037,-1.074387,pass
K2WFeSe3F3,1.675501,-1.977963,pass
K2WFeSe3Cl3,1.524545,-1.321637,pass
K2WFeSe3Br3,1.498173,-1.240391,pass
K2WFeSe3I3,1.490937,-1.034438,pass
K2WMnO6,2.067322,-2.179152,pass
K2WMnS6,1.657780,-1.226830,pass
K2WMnSe6,1.270813,-1.091757,pass
K2WMnO3S3,1.821241,-1.689421,pass
K2WMnO3Se3,1.643013,-1.598463,pass
K2WMnS3Se3,1.543166,-1.122990,pass
K2WBiO3F3,2.094656,-2.311967,pass
K2WBiO3Cl3,1.961347,-1.765718,pass
K2WBiO3Br3,1.673717,-1.458655,pass
K2WBiO3I3,1.589801,-1.428514,pass
K2WBiS3I3,1.539158,-1.088837,pass
K2WBiSe3I3,1.381065,-1.036755,pass
K2WSbO3F3,1.916771,-2.316391,pass
K2WSbO3Cl3,1.839226,-1.785218,pass
K2WSbO3Br3,1.493623,-1.430418,pass
K2WSbO3I3,1.491113,-1.390153,pass
K2WSbS3Br3,1.442294,-1.165656,pass
K2WSbS3I3,1.459252,-1.020504,pass
K2WSbSe3F3,1.469944,-1.831189,pass
K2WSbSe3Cl3,1.450924,-1.254796,pass
K2WSbSe3Br3,1.381243,-1.123961,pass
K2WSbSe3I3,1.351910,-0.910359,pass
K2WAgO3F3,1.842509,-2.331886,pass
K2WAgO3Cl3,1.661769,-1.721976,pass
K2WAgO3Br3,1.418441,-1.492247,pass
K2WAgO3I3,1.513525,-1.370220,pass
K2WAgS3I3,1.559976,-1.043776,pass
K2WAgSe3I3,1.382841,-0.988464,pass
K2WInO3F3,2.392034,-2.392561,pass
K2WInO3Cl3,1.985216,-1.825903,pass
K2WInO3Br3,1.718245,-1.687036,pass
K2WInO3I3,1.762889,-1.538196,pass
K2WInS3I3,1.610192,-1.116706,pass
K2WInSe3Br3,1.622823,-1.347430,pass
K2WInSe3I3,1.554614,-1.040806,pass
K2WGaO3F3,2.227756,-2.378605,pass
K2WGaO3Cl3,1.961127,-1.824260,pass
K2WGaO3Br3,1.789326,-1.709212,pass
K2WGaO3I3,1.760705,-1.591400,pass
K2WGaS3Cl3,1.781174,-1.358010,pass
K2WGaS3Br3,1.676812,-1.299152,pass
K2WGaS3I3,1.656426,-1.113836,pass
K2WGaSe3F3,1.628083,-2.027588,pass
K2WGaSe3Cl3,1.689595,-1.417705,pass
K2WGaSe3Br3,1.568354,-1.342506,pass
K2WGaSe3I3,1.603882,-1.050822,pass
K2FeMnO6,1.425604,-1.755506,pass
K2FeMnSe6,1.084643,-1.035181,pass
K2FeMnI6,0.816487,-1.090464,pass
K2FeMnO3S3,1.440346,-1.620111,pass
K2FeMnO3Se3,1.535634,-1.452510,pass
K2FeMnO3F3,1.656632,-2.406191,pass
K2FeMnO3Cl3,1.618332,-1.729741,pass
K2FeMnO3Br3,1.540411,-1.700375,pass
K2FeMnO3I3,1.591875,-1.577559,pass
K2FeMnS3Se3,1.063538,-1.070623,pass
K2FeMnS3I3,1.145610,-1.139705,pass
K2FeMnSe3Br3,1.166241,-1.296142,pass
K2FeMnSe3I3,1.188574,-1.129904,pass
K2FeMnF3I3,1.452547,-2.028575,pass
K2FeMnCl3I3,0.983413,-1.365888,pass
K2FeMnBr3I3,0.851017,-1.269889,pass
K2FeSbO3F3,1.880360,-2.260728,pass
K2FeSbO3Cl3,1.693927,-1.790367,pass
K2FeSbO3Br3,1.453976,-1.495976,pass
K2FeSbO3I3,1.362350,-1.331265,pass
K2FeSbS3I3,0.991084,-0.921820,pass
K2FeSbSe3Cl3,1.010156,-1.254001,pass
K2FeSbSe3Br3,0.838380,-1.176782,pass
K2FeSbSe3I3,0.740944,-0.905626,pass
K2FeCuBr6,0.762235,-1.321700,pass
K2FeCuI6,0.559671,-0.960727,pass
K2FeCuF3I3,1.233328,-1.945882,pass
K2FeCuCl3I3,0.817954,-1.248758,pass
K2FeCuBr3I3,0.523924,-1.099998,pass
K2FeAgI6,0.528387,-0.949669,pass
K2FeAgCl3I3,0.826310,-1.243101,pass
K2FeAgBr3I3,0.562673,-1.097996,pass
K2FeZnI6,0.657288,-1.051919,pass
K2FeZnF3I3,1.257498,-2.007784,pass
K2FeZnCl3I3,0.875033,-1.301944,pass
K2FeZnBr3I3,0.709181,-1.208470,pass
K2MnBiO6,1.391735,-1.861844,pass
K2MnBiSe6,0.902855,-0.954888,pass
K2MnBiO3S3,1.453405,-1.700732,pass
K2MnBiO3Se3,1.386534,-1.362373,pass
K2MnBiO3Cl3,1.461998,-1.713759,pass
K2MnBiO3Br3,1.308765,-1.519210,pass
K2MnBiO3I3,1.431209,-1.408143,pass
K2MnBiS3I3,1.163814,-1.043761,pass
K2MnBiSe3I3,1.031052,-1.052443,pass
K2MnSbO6,1.659620,-2.003917,pass
K2MnSbSe6,0.815115,-0.934691,pass
K2MnSbI6,1.112685,-1.101260,pass
K2MnSbO3S3,1.623878,-1.627563,pass
K2MnSbO3Se3,1.326863,-1.400978,pass
K2MnSbO3F3,1.720646,-2.352274,pass
K2MnSbO3Cl3,1.454484,-1.800862,pass
K2MnSbO3Br3,1.291805,-1.598247,pass
K2MnSbO3I3,1.345006,-1.449631,pass
K2MnSbS3Se3,1.034655,-0.955738,pass
K2MnSbS3I3,1.121004,-1.005797,pass
K2MnSbSe3Br3,1.047588,-1.212194,pass
K2MnSbSe3I3,1.036582,-0.987785,pass
K2MnSbF3I3,1.471846,-2.090715,pass
K2MnSbCl3I3,1.238963,-1.339769,pass
K2MnSbBr3I3,1.115617,-1.254127,pass
K2MnCuI6,1.070491,-1.049295,pass
K2MnCuF3I3,1.471776,-2.002564,pass
K2MnCuCl3I3,1.251690,-1.306171,pass
K2MnCuBr3I3,1.142305,-1.206530,pass
K2MnZnI6,1.233780,-1.108561,pass
K2MnZnF3I3,1.442284,-2.085983,pass
K2MnZnCl3I3,1.416185,-1.359709,pass
K2MnZnBr3I3,1.270814,-1.299799,pass
K2MnInO6,1.704054,-2.041517,pass
K2MnInSe6,1.155918,-1.072289,pass
K2MnInO3S3,1.706243,-1.866432,pass
K2MnInO3Se3,1.361591,-1.556520,pass
K2MnInO3F3,2.009338,-2.433409,pass
K2MnInO3Cl3,1.557682,-1.871537,pass
K2MnInO3Br3,1.414297,-1.671579,pass
K2MnInO3I3,1.445331,-1.547949,pass
K2MnInS3I3,1.285553,-1.111778,pass
K2MnInSe3I3,1.179915,-1.153904,pass
K2MnGaO6,1.695033,-2.042006,pass
K2MnGaS6,1.516305,-1.176754,pass
K2MnGaSe6,1.258894,-1.075407,pass
K2MnGaO3S3,1.793096,-1.838385,pass
K2MnGaO3Se3,1.395821,-1.519019,pass
K2MnGaO3F3,1.925015,-2.427179,pass
K2MnGaO3Cl3,1.650709,-1.814084,pass
K2MnGaO3Br3,1.344689,-1.671269,pass
K2MnGaO3I3,1.440869,-1.551749,pass
K2MnGaS3Se3,1.288331,-1.121661,pass
K2MnGaS3Br3,1.265310,-1.294108,pass
K2MnGaS3I3,1.254536,-1.132460,pass
K2MnGaSe3Cl3,1.201149,-1.460214,pass
K2MnGaSe3Br3,1.235948,-1.309701,pass
K2MnGaSe3I3,1.218005,-1.144138,pass
K2BiAgI6,0.882045,-0.959095,pass
K2SbCuO3F3,1.135110,-2.229233,pass
K2SbCuO3Cl3,1.105098,-1.782449,pass
K2SbCuO3Br3,1.019097,-1.416169,pass
K2SbCuO3I3,1.013985,-1.251533,pass
K2SbCuS3Br3,0.998760,-1.132577,pass
K2SbCuS3I3,1.067468,-0.883025,pass
K2SbCuSe3Cl3,1.007344,-1.172484,pass
K2SbCuSe3Br3,0.937319,-1.130418,pass
K2SbCuSe3I3,0.896857,-0.877762,pass
K2SbAgI6,1.043027,-0.917777,pass
K2SbAgO3S3,1.714492,-1.525105,pass
K2SbAgO3Se3,1.416512,-1.225060,pass
K2SbAgCl3I3,1.380052,-1.167259,pass
K2SbAgBr3I3,1.026437,-1.134824,pass
K2SbZnO3F3,1.751984,-2.314775,pass
K2SbZnO3Cl3,1.709748,-1.838161,pass
K2SbZnO3Br3,1.268042,-1.448141,pass
K2SbZnO3I3,1.365405,-1.281838,pass
K2SbZnS3I3,1.514370,-1.043605,pass
K2SbZnSe3Br3,1.471069,-1.174155,pass
K2SbZnSe3I3,1.411998,-1.010618,pass
K2CuZnI6,1.027649,-1.077240,pass
K2CuZnF3I3,1.221024,-1.960433,pass
K2CuZnCl3I3,1.178077,-1.257243,pass
K2CuZnBr3I3,1.112662,-1.187406,pass
K2AgInI6,1.031675,-1.094353,pass
K2AgInBr3I3,1.203966,-1.184404,pass
K2AgGaI6,1.049684,-1.076329,pass
K2AgGaF3I3,1.209445,-1.986131,pass
K2AgGaCl3I3,1.247481,-1.317164,pass
K2AgGaBr3I3,1.192761,-1.194733,pass
Rb2SnGeBr6,1.043932,-1.431844,pass
Rb2SnGeI6,0.994298,-1.029111,pass
Rb2SnGeO3S3,1.933554,-1.605619,pass
Rb2SnGeO3Se3,1.657586,-1.378372,pass
Rb2SnGeS3Se3,1.578686,-0.916491,pass
Rb2SnGeF3I3,1.470415,-1.991964,pass
Rb2SnGeCl3I3,1.400001,-1.350000,pass
Rb2SnGeBr3I3,0.980115,-1.289267,pass
Rb2SnVO3F3,2.203192,-2.674837,pass
Rb2SnVO3Cl3,2.122439,-2.086388,pass
Rb2SnVO3Br3,1.765392,-1.925842,pass
Rb2SnVO3I3,1.755192,-1.822696,pass
Rb2SnVS3Br3,1.191546,-1.382629,pass
Rb2SnVS3I3,1.242918,-1.176260,pass
Rb2SnVSe3F3,1.568392,-2.169639,pass
Rb2SnVSe3Cl3,1.232765,-1.589419,pass
Rb2SnVSe3Br3,1.257044,-1.420019,pass
Rb2SnVSe3I3,1.156963,-1.120472,pass
Rb2SnNbO3F3,2.265750,-2.706634,pass
Rb2SnNbO3Cl3,2.065288,-2.224132,pass
Rb2SnNbO3Br3,1.786392,-2.041530,pass
Rb2SnNbO3I3,1.871995,-1.972176,pass
Rb2SnNbS3Br3,1.326877,-1.382862,pass
Rb2SnNbS3I3,1.485883,-1.233804,pass
Rb2SnNbSe3Cl3,1.435710,-1.639057,pass
Rb2SnNbSe3Br3,1.236622,-1.423758,pass
Rb2SnNbSe3I3,1.332920,-1.200351,pass
Rb2SnTaO3F3,2.266927,-2.730943,pass
Rb2SnTaO3Cl3,2.002471,-2.202162,pass
Rb2SnTaO3Br3,1.694748,-2.063259,pass
Rb2SnTaO3I3,1.753810,-1.942374,pass
Rb2SnTaS3Br3,1.577487,-1.439319,pass
Rb2SnTaS3I3,1.624868,-1.245951,pass
Rb2SnTaSe3Cl3,1.593907,-1.644665,pass
Rb2SnTaSe3Br3,1.303046,-1.452113,pass
Rb2SnTaSe3I3,1.405221,-1.298856,pass
Rb2SnCrO6,2.210068,-2.070786,pass
Rb2SnCrSe6,1.156669,-1.035405,pass
Rb2SnCrO3S3,2.078319,-1.769530,pass
Rb2SnCrO3Se3,1.699735,-1.509567,pass
Rb2SnCrO3F3,2.170784,-2.412301,pass
Rb2SnCrO3Cl3,1.977099,-1.884442,pass
Rb2SnCrO3Br3,1.678432,-1.664670,pass
Rb2SnCrO3I3,1.683763,-1.479970,pass
Rb2SnCrS3Se3,1.324576,-1.059545,pass
Rb2SnCrS3I3,1.218060,-1.104590,pass
Rb2SnCrSe3Br3,1.171215,-1.298334,pass
Rb2SnCrSe3I3,1.097985,-1.090039,pass
Rb2SnMoO6,2.060166,-2.081649,pass
Rb2SnMoS6,1.656752,-1.079478,pass
Rb2SnMoSe6,1.174217,-0.990861,pass
Rb2SnMoO3S3,2.079385,-1.757910,pass
Rb2SnMoO3Se3,1.708277,-1.518784,pass
Rb2SnMoS3Se3,1.390009,-1.024316,pass
Rb2SnWO6,2.282751,-2.059375,pass
Rb2SnWS6,1.813661,-1.113233,pass
Rb2SnWSe6,1.342534,-1.006108,pass
Rb2SnWO3S3,2.022786,-1.727878,pass
Rb2SnWO3Se3,1.813193,-1.494567,pass
Rb2SnWS3Se3,1.703056,-1.038746,pass
Rb2SnFeI6,0.625611,-1.046712,pass
Rb2SnFeO3S3,1.916242,-1.603805,pass
Rb2SnFeO3Se3,1.529192,-1.334289,pass
Rb2SnFeO3F3,2.018024,-2.300272,pass
Rb2SnFeO3Cl3,1.615601,-1.835362,pass
Rb2SnFeO3Br3,1.454919,-1.438937,pass
Rb2SnFeO3I3,1.487410,-1.298951,pass
Rb2SnFeS3Se3,0.996206,-0.948840,pass
Rb2SnFeS3I3,0.893600,-0.986477,pass
Rb2SnFeSe3Cl3,1.036980,-1.250835,pass
Rb2SnFeSe3Br3,0.894007,-1.197816,pass
Rb2SnFeSe3I3,0.786269,-0.950350,pass
Rb2SnFeF3I3,1.382541,-1.942004,pass
Rb2SnFeCl3I3,0.995872,-1.352017,pass
Rb2SnFeBr3I3,0.718920,-1.226665,pass
Rb2SnMnI6,1.170238,-1.150723,pass
Rb2SnMnO3S3,1.590095,-1.790220,pass
Rb2SnMnO3Se3,1.387239,-1.491545,pass
Rb2SnMnS3Se3,1.142141,-1.075723,pass
Rb2SnMnF3I3,1.555849,-2.080661,pass
Rb2SnMnCl3I3,1.263180,-1.395539,pass
Rb2SnMnBr3I3,1.136663,-1.299948,pass
Rb2SnBiO3F3,2.112076,-2.367044,pass
Rb2SnBiO3Cl3,1.904357,-1.737212,pass
Rb2SnBiO3Br3,1.788008,-1.482357,pass
Rb2SnBiO3I3,1.763724,-1.326291,pass
Rb2SnBiS3I3,1.690166,-1.025858,pass
Rb2SnBiSe3I3,1.296376,-1.010208,pass
Rb2SnSbO3F3,1.888889,-2.374114,pass
Rb2SnSbO3Cl3,1.809043,-1.787527,pass
Rb2SnSbO3Br3,1.726466,-1.531639,pass
Rb2SnSbO3I3,1.623533,-1.303357,pass
Rb2SnSbS3Br3,1.581947,-1.082387,pass
Rb2SnSbS3I3,1.455276,-0.991674,pass
Rb2SnSbSe3Cl3,1.655261,-1.183939,pass
Rb2SnSbSe3Br3,1.387246,-1.143817,pass
Rb2SnSbSe3I3,1.377626,-0.994831,pass
Rb2SnCuBr6,0.833325,-1.399696,pass
Rb2SnCuI6,0.748621,-1.029347,pass
Rb2SnCuO3S3,1.393301,-1.656306,pass
Rb2SnCuO3Se3,1.184051,-1.313035,pass
Rb2SnCuS3Se3,1.189135,-0.929037,pass
Rb2SnCuF3I3,1.102962,-1.910784,pass
Rb2SnCuCl3I3,1.009334,-1.312371,pass
Rb2SnCuBr3I3,0.812334,-1.234242,pass
Rb2SnZnI6,1.058564,-1.132172,pass
Rb2SnZnO3S3,1.792313,-1.706342,pass
Rb2SnZnO3Se3,1.618365,-1.330399,pass
Rb2SnZnS3Se3,1.747217,-1.004767,pass
Rb2SnZnF3I3,1.482217,-2.018320,pass
Rb2SnZnCl3I3,1.442119,-1.408424,pass
Rb2SnZnBr3I3,1.196225,-1.307298,pass
Rb2SnInO3F3,1.920092,-2.419980,pass
Rb2SnInO3Cl3,1.870456,-1.834785,pass
Rb2SnInO3Br3,1.596130,-1.591865,pass
Rb2SnInO3I3,1.669340,-1.441421,pass
Rb2SnInS3I3,1.704083,-1.081757,pass
Rb2SnInSe3Br3,1.535707,-1.247325,pass
Rb2SnInSe3I3,1.526831,-1.006091,pass
Rb2SnGaO3F3,1.981284,-2.409232,pass
Rb2SnGaO3Cl3,1.996633,-1.852672,pass
Rb2SnGaO3Br3,1.559323,-1.624912,pass
Rb2SnGaO3I3,1.665580,-1.432780,pass
Rb2SnGaS3Br3,1.742604,-1.249355,pass
Rb2SnGaS3I3,1.802631,-1.086437,pass
Rb2SnGaSe3F3,1.518184,-2.013232,pass
Rb2SnGaSe3Cl3,1.682607,-1.327066,pass
Rb2SnGaSe3Br3,1.507993,-1.249406,pass
Rb2SnGaSe3I3,1.578147,-1.016174,pass
Rb2GeVO3F3,2.122801,-2.634527,pass
Rb2GeVO3Cl3,2.069834,-1.994724,pass
Rb2GeVO3Br3,1.539352,-1.886211,pass
Rb2GeVO3I3,1.582693,-1.775870,pass
Rb2GeVS3Cl3,1.421622,-1.487661,pass
Rb2GeVS3Br3,1.130071,-1.392664,pass
Rb2GeVS3I3,1.200355,-1.177935,pass
Rb2GeVSe3F3,1.544014,-2.127338,pass
Rb2GeVSe3Cl3,1.169545,-1.502755,pass
Rb2GeVSe3Br3,1.150555,-1.355234,pass
Rb2GeVSe3I3,1.174253,-1.122706,pass
Rb2GeNbO3F3,2.242641,-2.658703,pass
Rb2GeNbO3Cl3,2.065837,-2.172524,pass
Rb2GeNbO3Br3,1.692721,-2.002805,pass
Rb2GeNbO3I3,1.724243,-1.902761,pass
Rb2GeNbS3Br3,1.299140,-1.387049,pass
Rb2GeNbS3I3,1.456203,-1.202180,pass
Rb2GeNbSe3F3,1.525913,-2.190541,pass
Rb2GeNbSe3Cl3,1.371330,-1.491529,pass
Rb2GeNbSe3Br3,1.151612,-1.350708,pass
Rb2GeNbSe3I3,1.218929,-1.154019,pass
Rb2GeTaO3F3,2.033106,-2.684201,pass
Rb2GeTaO3Cl3,1.906805,-2.170475,pass
Rb2GeTaO3Br3,1.547817,-1.977561,pass
Rb2GeTaO3I3,1.674749,-1.891185,pass
Rb2GeTaS3Br3,1.557758,-1.428208,pass
Rb2GeTaS3I3,1.638713,-1.248517,pass
Rb2GeTaSe3F3,1.495135,-2.235504,pass
Rb2GeTaSe3Cl3,1.611427,-1.531543,pass
Rb2GeTaSe3Br3,1.266892,-1.368774,pass
Rb2GeTaSe3I3,1.380988,-1.201057,pass
Rb2GeCrO6,2.126107,-2.113213,pass
Rb2GeCrSe6,1.163098,-1.046407,pass
Rb2GeCrO3S3,2.070560,-1.664432,pass
Rb2GeCrO3Se3,1.599008,-1.545482,pass
Rb2GeCrO3F3,2.165837,-2.414232,pass
Rb2GeCrO3Cl3,1.943879,-1.821258,pass
Rb2GeCrO3Br3,1.594550,-1.648029,pass
Rb2GeCrO3I3,1.575520,-1.463710,pass
Rb2GeCrS3Se3,1.405668,-1.071365,pass
Rb2GeCrS3I3,1.212621,-1.119003,pass
Rb2GeCrSe3Br3,1.163184,-1.246084,pass
Rb2GeCrSe3I3,1.132091,-1.089703,pass
Rb2GeMoO6,2.268789,-2.085737,pass
Rb2GeMoS6,1.735486,-1.089281,pass
Rb2GeMoSe6,1.094737,-0.998090,pass
Rb2GeMoO3S3,2.090226,-1.628012,pass
Rb2GeMoO3Se3,1.693584,-1.522246,pass
Rb2GeMoS3Se3,1.396237,-1.029297,pass
Rb2GeWO6,1.967508,-2.061660,pass
Rb2GeWS6,1.802322,-1.090379,pass
Rb2GeWSe6,1.339671,-1.002548,pass
Rb2GeWO3S3,2.047918,-1.619841,pass
Rb2GeWO3Se3,1.775092,-1.479475,pass
Rb2GeWS3Se3,1.644994,-1.038893,pass
Rb2GeFeBr6,0.816319,-1.413773,pass
Rb2GeFeI6,0.584638,-1.024779,pass
Rb2GeFeO3S3,1.889835,-1.624169,pass
Rb2GeFeO3Se3,1.560590,-1.399102,pass
Rb2GeFeO3F3,1.797610,-2.305731,pass
Rb2GeFeO3Cl3,1.561109,-1.774046,pass
Rb2GeFeO3Br3,1.341215,-1.559996,pass
Rb2GeFeO3I3,1.333041,-1.385893,pass
Rb2GeFeS3Se3,1.074546,-0.961503,pass
Rb2GeFeS3Br3,0.932438,-1.221179,pass
Rb2GeFeS3I3,0.903266,-0.979005,pass
Rb2GeFeSe3F3,1.261680,-1.914854,pass
Rb2GeFeSe3Cl3,1.058014,-1.297186,pass
Rb2GeFeSe3Br3,0.833991,-1.202709,pass
Rb2GeFeSe3I3,0.760397,-0.957295,pass
Rb2GeFeF3I3,1.276437,-1.955139,pass
Rb2GeFeCl3I3,0.963318,-1.347875,pass
Rb2GeFeBr3I3,0.678395,-1.239507,pass
Rb2GeMnBr6,1.151559,-1.462615,pass
Rb2GeMnI6,1.007955,-1.143149,pass
Rb2GeMnO3S3,1.564800,-1.676774,pass
Rb2GeMnO3Se3,1.433940,-1.467975,pass
Rb2GeMnS3Se3,1.211549,-1.026228,pass
Rb2GeMnF3I3,1.454109,-2.035799,pass
Rb2GeMnCl3I3,1.181216,-1.412086,pass
Rb2GeMnBr3I3,1.018561,-1.310156,pass
Rb2GeBiO3F3,2.101842,-2.319691,pass
Rb2GeBiO3Cl3,1.936191,-1.724570,pass
Rb2GeBiO3Br3,1.753458,-1.511000,pass
Rb2GeBiO3I3,1.677374,-1.300210,pass
Rb2GeBiS3I3,1.711945,-0.997573,pass
Rb2GeBiSe3I3,1.352916,-0.990222,pass
Rb2GeSbO3F3,2.073588,-2.334313,pass
Rb2GeSbO3Cl3,1.958115,-1.775593,pass
Rb2GeSbO3Br3,1.685355,-1.494413,pass
Rb2GeSbO3I3,1.666135,-1.284352,pass
Rb2GeSbS3Br3,1.585032,-1.055097,pass
Rb2GeSbS3I3,1.516082,-0.966483,pass
Rb2GeSbSe3F3,1.535651,-1.890871,pass
Rb2GeSbSe3Cl3,1.668757,-1.120028,pass
Rb2GeSbSe3Br3,1.437302,-1.109088,pass
Rb2GeSbSe3I3,1.372980,-0.950799,pass
Rb2GeCuBr6,0.960778,-1.403924,pass
Rb2GeCuI6,0.785976,-1.017550,pass
Rb2GeCuO3S3,1.457544,-1.631237,pass
Rb2GeCuO3Se3,1.188174,-1.360363,pass
Rb2GeCuS3Se3,1.261267,-0.877329,pass
Rb2GeCuF3I3,1.029652,-1.935104,pass
Rb2GeCuCl3I3,0.974298,-1.302494,pass
Rb2GeCuBr3I3,0.832215,-1.241009,pass
Rb2GeZnBr6,1.392634,-1.462631,pass
Rb2GeZnI6,1.037521,-1.143934,pass
Rb2GeZnO3S3,2.006739,-1.664495,pass
Rb2GeZnO3Se3,1.660791,-1.355842,pass
Rb2GeZnS3Se3,1.776490,-0.988695,pass
Rb2GeZnF3I3,1.520915,-2.030646,pass
Rb2GeZnCl3I3,1.497444,-1.391925,pass
Rb2GeZnBr3I3,1.174696,-1.307968,pass
Rb2GeInO3F3,2.070291,-2.402944,pass
Rb2GeInO3Cl3,1.917580,-1.857689,pass
Rb2GeInO3Br3,1.612797,-1.606485,pass
Rb2GeInO3I3,1.736902,-1.390859,pass
Rb2GeInS3I3,1.758488,-1.011627,pass
Rb2GeInSe3Br3,1.557744,-1.241956,pass
Rb2GeInSe3I3,1.515160,-0.999368,pass
Rb2GeGaO3F3,2.081328,-2.401411,pass
Rb2GeGaO3Cl3,2.065983,-1.859661,pass
Rb2GeGaO3Br3,1.635617,-1.612564,pass
Rb2GeGaO3I3,1.683221,-1.409459,pass
Rb2GeGaS3Cl3,2.177716,-1.381859,pass
Rb2GeGaS3Br3,1.910202,-1.264949,pass
Rb2GeGaS3I3,1.788553,-1.009706,pass
Rb2GeGaSe3F3,1.597089,-2.002043,pass
Rb2GeGaSe3Cl3,1.905122,-1.303326,pass
Rb2GeGaSe3Br3,1.690145,-1.249190,pass
Rb2GeGaSe3I3,1.480508,-0.999321,pass
Rb2TiCrO6,1.925850,-2.630859,pass
Rb2TiCrSe6,1.072230,-1.340055,pass
Rb2TiCrO3S3,1.506701,-2.100597,pass
Rb2TiCrO3Se3,1.683662,-2.107233,pass
Rb2TiCrO3F3,2.231735,-2.809396,pass
Rb2TiCrO3Cl3,1.651915,-2.251505,pass
Rb2TiCrO3Br3,1.789001,-2.140488,pass
Rb2TiCrO3I3,1.763433,-2.069497,pass
Rb2TiCrS3Se3,1.173417,-1.368083,pass
Rb2TiCrS3I3,1.366316,-1.403527,pass
Rb2TiCrSe3Br3,1.205000,-1.607719,pass
Rb2TiCrSe3I3,1.143412,-1.339017,pass
Rb2TiMoO6,2.122509,-2.766539,pass
Rb2TiMoS6,1.313185,-1.517970,pass
Rb2TiMoSe6,1.155493,-1.248032,pass
Rb2TiMoO3S3,1.831333,-2.063248,pass
Rb2TiMoO3Se3,1.705012,-2.050421,pass
Rb2TiMoS3Se3,1.290170,-1.396548,pass
Rb2TiWO6,2.041481,-2.791430,pass
Rb2TiWS6,1.599995,-1.514736,pass
Rb2TiWSe6,1.288094,-1.287831,pass
Rb2TiWO3S3,1.837007,-2.017465,pass
Rb2TiWO3Se3,1.746386,-2.050183,pass
Rb2TiWS3Se3,1.456827,-1.380629,pass
Rb2TiFeO3F3,1.976079,-2.719392,pass
Rb2TiFeO3Cl3,1.707853,-2.182726,pass
Rb2TiFeO3Br3,1.617866,-2.065790,pass
Rb2TiFeO3I3,1.664237,-1.955933,pass
Rb2TiFeS3I3,1.149258,-1.339106,pass
Rb2TiFeSe3Br3,1.177747,-1.460388,pass
Rb2TiFeSe3I3,1.103546,-1.304827,pass
Rb2TiBiO3Cl3,2.180987,-2.271479,pass
Rb2TiBiO3Br3,1.807192,-2.030806,pass
Rb2TiBiO3I3,1.883587,-1.853716,pass
Rb2TiBiS3I3,1.729141,-1.346860,pass
Rb2TiBiSe3I3,1.449235,-1.261305,pass
Rb2TiSbO3F3,2.444749,-2.787883,pass
Rb2TiSbO3Cl3,2.288923,-2.253966,pass
Rb2TiSbO3Br3,1.827976,-1.996822,pass
Rb2TiSbO3I3,1.846832,-1.863198,pass
Rb2TiSbS3I3,1.454103,-1.283536,pass
Rb2TiSbSe3Cl3,1.476836,-1.681046,pass
Rb2TiSbSe3Br3,1.296787,-1.464836,pass
Rb2TiSbSe3I3,1.234585,-1.198539,pass
Rb2TiInO3F3,2.402396,-2.806006,pass
Rb2TiInO3Cl3,2.107612,-2.330517,pass
Rb2TiInO3Br3,1.726944,-2.124990,pass
Rb2TiInO3I3,1.688299,-2.034952,pass
Rb2TiInS3I3,1.598404,-1.392052,pass
Rb2TiInSe3Br3,1.506143,-1.622054,pass
Rb2TiInSe3I3,1.371324,-1.395881,pass
Rb2TiGaO3F3,2.301525,-2.849769,pass
Rb2TiGaO3Cl3,2.189141,-2.393729,pass
Rb2TiGaO3Br3,1.810478,-2.136283,pass
Rb2TiGaO3I3,1.787191,-2.076381,pass
Rb2TiGaS3Br3,1.586793,-1.643254,pass
Rb2TiGaS3I3,1.588289,-1.394470,pass
Rb2TiGaSe3F3,1.623044,-2.310051,pass
Rb2TiGaSe3Cl3,1.678174,-1.775083,pass
Rb2TiGaSe3Br3,1.692772,-1.611872,pass
Rb2TiGaSe3I3,1.413640,-1.409461,pass
Rb2ZrCrO6,1.911215,-2.643820,pass
Rb2ZrCrSe6,1.103935,-1.358400,pass
Rb2ZrCrO3S3,1.585111,-2.082990,pass
Rb2ZrCrO3Se3,1.634480,-2.085415,pass
Rb2ZrCrO3F3,2.129395,-2.837204,pass
Rb2ZrCrO3Cl3,1.635527,-2.208781,pass
Rb2ZrCrO3Br3,1.781584,-2.139074,pass
Rb2ZrCrO3I3,1.783896,-2.051969,pass
Rb2ZrCrS3I3,1.278872,-1.396854,pass
Rb2ZrCrSe3Br3,1.208933,-1.607692,pass
Rb2ZrCrSe3I3,1.121871,-1.336263,pass
Rb2ZrMoO6,2.057940,-2.739920,pass
Rb2ZrMoS6,1.389650,-1.529777,pass
Rb2ZrMoSe6,1.153585,-1.352223,pass
Rb2ZrMoO3S3,1.795828,-2.061882,pass
Rb2ZrMoO3Se3,1.712656,-2.115688,pass
Rb2ZrMoS3Se3,1.301374,-1.382604,pass
Rb2ZrWO6,1.946491,-2.783624,pass
Rb2ZrWS6,1.590076,-1.506775,pass
Rb2ZrWSe6,1.323074,-1.329944,pass
Rb2ZrWO3S3,1.766501,-2.060762,pass
Rb2ZrWO3Se3,1.666930,-2.088891,pass
Rb2ZrWS3Se3,1.468089,-1.390921,pass
Rb2ZrFeO3F3,2.033371,-2.762863,pass
Rb2ZrFeO3Cl3,1.678938,-2.165749,pass
Rb2ZrFeO3Br3,1.689430,-2.090545,pass
Rb2ZrFeO3I3,1.658070,-1.992668,pass
Rb2ZrFeS3I3,1.219659,-1.353415,pass
Rb2ZrFeSe3Br3,1.216545,-1.561758,pass
Rb2ZrFeSe3I3,1.211145,-1.324703,pass
Rb2ZrBiO3Cl3,2.058316,-2.255265,pass
Rb2ZrBiO3Br3,1.784330,-2.073241,pass
Rb2ZrBiO3I3,1.801417,-1.881579,pass
Rb2ZrBiS3I3,1.784681,-1.355567,pass
Rb2ZrBiSe3I3,1.500578,-1.371622,pass
Rb2ZrSbO3F3,2.248855,-2.766860,pass
Rb2ZrSbO3Cl3,2.268673,-2.230666,pass
Rb2ZrSbO3Br3,1.805141,-2.051693,pass
Rb2ZrSbO3I3,1.822669,-1.873174,pass
Rb2ZrSbS3I3,1.596079,-1.345484,pass
Rb2ZrSbSe3Cl3,1.606351,-1.710549,pass
Rb2ZrSbSe3Br3,1.601963,-1.505018,pass
Rb2ZrSbSe3I3,1.404068,-1.349979,pass
Rb2ZrInO3F3,2.320441,-2.783039,pass
Rb2ZrInO3Cl3,2.108039,-2.283621,pass
Rb2ZrInO3Br3,1.694175,-2.139382,pass
Rb2ZrInO3I3,1.632571,-2.034402,pass
Rb2ZrInS3I3,1.593021,-1.414581,pass
Rb2ZrInSe3Br3,1.534057,-1.654872,pass
Rb2ZrInSe3I3,1.482762,-1.416018,pass
Rb2ZrGaO3F3,2.312220,-2.803618,pass
Rb2ZrGaO3Cl3,2.056852,-2.337776,pass
Rb2ZrGaO3Br3,1.761989,-2.148923,pass
Rb2ZrGaO3I3,1.680580,-2.054770,pass
Rb2ZrGaS3Br3,1.615997,-1.660072,pass
Rb2ZrGaS3I3,1.566186,-1.408300,pass
Rb2ZrGaSe3F3,1.633741,-2.295027,pass
Rb2ZrGaSe3Cl3,1.609312,-1.800592,pass
Rb2ZrGaSe3Br3,1.522226,-1.667577,pass
Rb2ZrGaSe3I3,1.444801,-1.423605,pass
Rb2VNbO6,2.073792,-2.728915,pass
Rb2VNbS6,1.302716,-1.464983,pass
Rb2VNbSe6,1.164263,-1.287872,pass
Rb2VNbO3S3,1.828319,-2.115438,pass
Rb2VNbO3Se3,1.777426,-2.196087,pass
Rb2VNbS3Se3,1.272007,-1.310702,pass
Rb2VTaO6,2.014022,-2.834670,pass
Rb2VTaS6,1.594563,-1.455189,pass
Rb2VTaSe6,1.293994,-1.301058,pass
Rb2VTaO3S3,1.842070,-2.104556,pass
Rb2VTaO3Se3,1.784396,-2.165804,pass
Rb2VTaS3Se3,1.346373,-1.328333,pass
Rb2VFeO3F3,1.954020,-2.674413,pass
Rb2VFeO3Cl3,1.705079,-2.067363,pass
Rb2VFeO3Br3,1.569781,-1.910225,pass
Rb2VFeO3I3,1.566962,-1.775797,pass
Rb2VFeS3Br3,1.136979,-1.401331,pass
Rb2VFeS3I3,1.223731,-1.200620,pass
Rb2VFeSe3F3,1.592103,-2.179266,pass
Rb2VFeSe3Cl3,1.169457,-1.538729,pass
Rb2VFeSe3Br3,1.236159,-1.360227,pass
Rb2VFeSe3I3,1.207238,-1.209989,pass
Rb2VMnO3F3,2.184151,-2.765166,pass
Rb2VMnO3Cl3,1.731352,-2.126032,pass
Rb2VMnO3Br3,1.698972,-2.038513,pass
Rb2VMnO3I3,1.673849,-1.978638,pass
Rb2VMnS3Br3,1.255839,-1.503676,pass
Rb2VMnS3I3,1.308406,-1.266135,pass
Rb2VMnSe3Cl3,1.252040,-1.559640,pass
Rb2VMnSe3Br3,1.312601,-1.458400,pass
Rb2VMnSe3I3,1.256098,-1.242360,pass
Rb2VSbO6,1.970750,-2.368312,pass
Rb2VSbS6,1.325553,-1.093951,pass
Rb2VSbSe6,1.048085,-1.028499,pass
Rb2VSbO3S3,1.957699,-1.761136,pass
Rb2VSbO3Se3,1.519949,-1.553092,pass
Rb2VSbS3Se3,1.303800,-1.059051,pass
Rb2VCuO3F3,1.375562,-2.633845,pass
Rb2VCuO3Cl3,1.571846,-2.071735,pass
Rb2VCuO3Br3,1.548818,-1.748601,pass
Rb2VCuO3I3,1.444917,-1.614788,pass
Rb2VCuS3Br3,1.256094,-1.333584,pass
Rb2VCuS3I3,1.250716,-1.163869,pass
Rb2VCuSe3F3,1.454999,-1.982200,pass
Rb2VCuSe3Cl3,1.274588,-1.430271,pass
Rb2VCuSe3Br3,1.266303,-1.299475,pass
Rb2VCuSe3I3,1.156657,-1.128026,pass
Rb2VZnO3F3,1.899481,-2.699793,pass
Rb2VZnO3Cl3,1.945036,-2.037361,pass
Rb2VZnO3Br3,1.642828,-1.740144,pass
Rb2VZnO3I3,1.601062,-1.647969,pass
Rb2VZnS3Br3,1.258161,-1.417536,pass
Rb2VZnS3I3,1.254814,-1.208673,pass
Rb2VZnSe3Cl3,1.194441,-1.494946,pass
Rb2VZnSe3Br3,1.224907,-1.384985,pass
Rb2VZnSe3I3,1.104184,-1.214416,pass
Rb2NbTaO6,1.641786,-2.884723,pass
Rb2NbTaS6,1.603383,-1.438948,pass
Rb2NbTaSe6,1.371235,-1.276140,pass
Rb2NbTaO3S3,1.836712,-2.134396,pass
Rb2NbTaO3Se3,1.741386,-2.169712,pass
Rb2NbTaS3Se3,1.568241,-1.292467,pass
Rb2NbFeO3F3,1.898540,-2.772888,pass
Rb2NbFeO3Cl3,1.706691,-2.179656,pass
Rb2NbFeO3Br3,1.675723,-2.016021,pass
Rb2NbFeO3I3,1.752126,-1.904499,pass
Rb2NbFeS3Br3,1.252350,-1.411311,pass
Rb2NbFeS3I3,1.399233,-1.219366,pass
Rb2NbFeSe3Cl3,1.285527,-1.525941,pass
Rb2NbFeSe3Br3,1.311901,-1.375807,pass
Rb2NbFeSe3I3,1.319300,-1.220168,pass
Rb2NbMnO3F3,2.243484,-2.875578,pass
Rb2NbMnO3Cl3,1.898181,-2.205377,pass
Rb2NbMnO3Br3,1.741123,-2.100422,pass
Rb2NbMnO3I3,1.613462,-2.039411,pass
Rb2NbMnS3I3,1.412209,-1.247352,pass
Rb2NbMnSe3Cl3,1.322767,-1.574176,pass
Rb2NbMnSe3Br3,1.362557,-1.465779,pass
Rb2NbMnSe3I3,1.361164,-1.259464,pass
Rb2NbSbO6,1.972380,-2.534948,pass
Rb2NbSbS6,1.618239,-1.089611,pass
Rb2NbSbSe6,1.322107,-1.035232,pass
Rb2NbSbO3S3,1.951991,-1.873904,pass
Rb2NbSbO3Se3,1.618979,-1.688859,pass
Rb2NbSbS3Se3,1.534263,-1.069335,pass
Rb2NbCuO3F3,1.684727,-2.619732,pass
Rb2NbCuO3Cl3,1.613635,-2.111872,pass
Rb2NbCuO3Br3,1.478929,-1.835924,pass
Rb2NbCuO3I3,1.473370,-1.680739,pass
Rb2NbCuS3Br3,1.155120,-1.346505,pass
Rb2NbCuS3I3,1.209249,-1.156933,pass
Rb2NbCuSe3Cl3,1.158711,-1.408537,pass
Rb2NbCuSe3Br3,1.006948,-1.305117,pass
Rb2NbCuSe3I3,1.064482,-1.172359,pass
Rb2NbZnO3F3,2.028199,-2.718160,pass
Rb2NbZnO3Cl3,1.975271,-2.180251,pass
Rb2NbZnO3Br3,1.763384,-1.899107,pass
Rb2NbZnO3I3,1.611779,-1.785618,pass
Rb2NbZnS3I3,1.451547,-1.232277,pass
Rb2NbZnSe3Cl3,1.440193,-1.467170,pass
Rb2NbZnSe3Br3,1.350765,-1.405738,pass
Rb2NbZnSe3I3,1.322466,-1.231007,pass
Rb2TaFeO3F3,1.902807,-2.814079,pass
Rb2TaFeO3Cl3,1.796744,-2.166702,pass
Rb2TaFeO3Br3,1.645639,-1.987682,pass
Rb2TaFeO3I3,1.670308,-1.880174,pass
Rb2TaFeS3Br3,1.395223,-1.462655,pass
Rb2TaFeS3I3,1.603720,-1.232336,pass
Rb2TaFeSe3Cl3,1.391775,-1.539974,pass
Rb2TaFeSe3Br3,1.291831,-1.435439,pass
Rb2TaFeSe3I3,1.416449,-1.231582,pass
Rb2TaMnO3F3,1.966542,-2.956520,pass
Rb2TaMnO3Cl3,1.688036,-2.203207,pass
Rb2TaMnO3Br3,1.558717,-2.080981,pass
Rb2TaMnO3I3,1.592915,-2.022781,pass
Rb2TaMnS3I3,1.464741,-1.266250,pass
Rb2TaMnSe3Cl3,1.416538,-1.605511,pass
Rb2TaMnSe3Br3,1.299181,-1.522056,pass
Rb2TaMnSe3I3,1.286279,-1.261478,pass
Rb2TaSbO6,2.090054,-2.585743,pass
Rb2TaSbS6,1.607454,-1.140309,pass
Rb2TaSbSe6,1.246889,-1.043861,pass
Rb2TaSbO3S3,1.882153,-1.910092,pass
Rb2TaSbO3Se3,1.608804,-1.730878,pass
Rb2TaSbS3Se3,1.582790,-1.133059,pass
Rb2TaCuO3F3,1.811139,-2.673303,pass
Rb2TaCuO3Cl3,1.755209,-2.156535,pass
Rb2TaCuO3Br3,1.388305,-1.844257,pass
Rb2TaCuO3I3,1.474011,-1.805336,pass
Rb2TaCuS3Br3,1.424873,-1.383603,pass
Rb2TaCuS3I3,1.486006,-1.184487,pass
Rb2TaCuSe3Cl3,1.369445,-1.440746,pass
Rb2TaCuSe3Br3,1.180214,-1.352121,pass
Rb2TaCuSe3I3,1.303870,-1.182809,pass
Rb2TaZnO3F3,1.915017,-2.768364,pass
Rb2TaZnO3Cl3,1.818675,-2.196312,pass
Rb2TaZnO3Br3,1.576961,-1.894229,pass
Rb2TaZnO3I3,1.575955,-1.834337,pass
Rb2TaZnS3I3,1.569230,-1.245097,pass
Rb2TaZnSe3Cl3,1.480850,-1.513044,pass
Rb2TaZnSe3Br3,1.302343,-1.444988,pass
Rb2TaZnSe3I3,1.313217,-1.251732,pass
Rb2CrMoO6,2.002945,-2.115147,pass
Rb2CrMoSe6,1.227981,-1.165359,pass
Rb2CrMoO3S3,1.871714,-1.749022,pass
Rb2CrMoO3Se3,1.615916,-1.628172,pass
Rb2CrMoO3F3,2.093560,-2.602794,pass
Rb2CrMoO3Cl3,1.907586,-1.748375,pass
Rb2CrMoO3Br3,1.665920,-1.667881,pass
Rb2CrMoO3I3,1.575079,-1.524124,pass
Rb2CrMoS3Se3,1.250183,-1.198122,pass
Rb2CrMoS3I3,1.169968,-1.175212,pass
Rb2CrMoSe3Br3,1.126356,-1.291728,pass
Rb2CrMoSe3I3,1.108115,-1.098598,pass
Rb2CrWO6,1.918090,-2.195539,pass
Rb2CrWSe6,1.294662,-1.141778,pass
Rb2CrWO3S3,1.946287,-1.750490,pass
Rb2CrWO3Se3,1.679411,-1.654083,pass
Rb2CrWO3F3,2.128499,-2.612545,pass
Rb2CrWO3Cl3,1.945780,-1.799349,pass
Rb2CrWO3Br3,1.727770,-1.700176,pass
Rb2CrWO3I3,1.688387,-1.575455,pass
Rb2CrWS3Se3,1.443623,-1.195389,pass
Rb2CrWS3I3,1.554079,-1.195817,pass
Rb2CrWSe3Br3,1.443323,-1.305132,pass
Rb2CrWSe3I3,1.459990,-1.158946,pass
Rb2CrMnO6,1.796160,-2.008290,pass
Rb2CrMnSe6,1.186485,-1.158672,pass
Rb2CrMnO3S3,1.640152,-1.737925,pass
Rb2CrMnO3Se3,1.599037,-1.650430,pass
Rb2CrMnO3F3,2.044926,-2.552623,pass
Rb2CrMnO3Cl3,1.758928,-1.792633,pass
Rb2CrMnO3Br3,1.746563,-1.774054,pass
Rb2CrMnO3I3,1.677342,-1.659405,pass
Rb2CrMnS3I3,1.436779,-1.227813,pass
Rb2CrMnSe3I3,1.347003,-1.206102,pass
Rb2CrAgI6,0.742815,-1.035545,pass
Rb2CrAgO3Br3,1.534168,-1.586754,pass
Rb2CrAgO3I3,1.447780,-1.430758,pass
Rb2CrAgS3I3,1.136716,-1.092942,pass
Rb2CrAgSe3I3,0.982011,-1.032046,pass
Rb2CrAgBr3I3,0.789998,-1.215647,pass
Rb2MoWO6,1.986857,-2.123659,pass
Rb2MoWS6,1.655407,-1.196805,pass
Rb2MoWSe6,1.249959,-1.064653,pass
Rb2MoWO3S3,1.927786,-1.627189,pass
Rb2MoWO3Se3,1.552730,-1.502633,pass
Rb2MoWS3Se3,1.451100,-1.126753,pass
Rb2MoFeO3F3,1.975808,-2.401020,pass
Rb2MoFeO3Cl3,1.706943,-1.757680,pass
Rb2MoFeO3Br3,1.649374,-1.654334,pass
Rb2MoFeO3I3,1.684374,-1.506022,pass
Rb2MoFeS3Br3,1.243422,-1.286524,pass
Rb2MoFeS3I3,1.221841,-1.089493,pass
Rb2MoFeSe3F3,1.524016,-2.035541,pass
Rb2MoFeSe3Cl3,1.356900,-1.332357,pass
Rb2MoFeSe3Br3,1.303167,-1.229469,pass
Rb2MoFeSe3I3,1.083505,-1.051526,pass
Rb2MoMnO6,2.000640,-2.030156,pass
Rb2MoMnS6,1.437278,-1.249553,pass
Rb2MoMnSe6,1.161735,-1.072717,pass
Rb2MoMnO3S3,1.957848,-1.698234,pass
Rb2MoMnO3Se3,1.789490,-1.560886,pass
Rb2MoMnS3Se3,1.297648,-1.108170,pass
Rb2MoBiO3F3,2.090256,-2.286533,pass
Rb2MoBiO3Cl3,1.897758,-1.814836,pass
Rb2MoBiO3Br3,1.642353,-1.510050,pass
Rb2MoBiO3I3,1.598321,-1.372794,pass
Rb2MoBiS3I3,1.264488,-1.050003,pass
Rb2MoBiSe3I3,1.014537,-0.987230,pass
Rb2MoSbO3F3,1.945176,-2.328356,pass
Rb2MoSbO3Cl3,1.891350,-1.851540,pass
Rb2MoSbO3Br3,1.567545,-1.557056,pass
Rb2MoSbO3I3,1.502923,-1.388009,pass
Rb2MoSbS3Br3,1.218848,-1.193966,pass
Rb2MoSbS3I3,1.198817,-1.006164,pass
Rb2MoSbSe3F3,1.364226,-1.874219,pass
Rb2MoSbSe3Cl3,1.242977,-1.246131,pass
Rb2MoSbSe3Br3,1.152616,-1.150922,pass
Rb2MoSbSe3I3,1.061317,-0.967679,pass
Rb2MoAgO3F3,2.066561,-2.343976,pass
Rb2MoAgO3Cl3,1.821992,-1.698605,pass
Rb2MoAgO3Br3,1.469523,-1.477269,pass
Rb2MoAgO3I3,1.441799,-1.346344,pass
Rb2MoAgS3I3,1.186541,-1.067444,pass
Rb2MoAgSe3I3,0.966034,-1.006491,pass
Rb2MoInO3F3,2.493086,-2.398511,pass
Rb2MoInO3Cl3,2.118620,-1.902146,pass
Rb2MoInO3Br3,1.724129,-1.699755,pass
Rb2MoInO3I3,1.775801,-1.551061,pass
Rb2MoInS3I3,1.414746,-1.140297,pass
Rb2MoInSe3Br3,1.273416,-1.327524,pass
Rb2MoInSe3I3,1.197194,-1.093796,pass
Rb2MoGaO3F3,2.427804,-2.396777,pass
Rb2MoGaO3Cl3,2.309565,-1.906484,pass
Rb2MoGaO3Br3,1.854579,-1.712121,pass
Rb2MoGaO3I3,1.773140,-1.574921,pass
Rb2MoGaS3Cl3,1.714111,-1.380367,pass
Rb2MoGaS3Br3,1.482915,-1.309561,pass
Rb2MoGaS3I3,1.475704,-1.126942,pass
Rb2MoGaSe3F3,1.543700,-1.993839,pass
Rb2MoGaSe3Cl3,1.449200,-1.393342,pass
Rb2MoGaSe3Br3,1.297152,-1.337003,pass
Rb2MoGaSe3I3,1.211807,-1.092092,pass
Rb2WFeO3F3,2.072800,-2.534444,pass
Rb2WFeO3Cl3,1.901283,-1.715964,pass
Rb2WFeO3Br3,1.685222,-1.607435,pass
Rb2WFeO3I3,1.785836,-1.505593,pass
Rb2WFeS3Br3,1.570062,-1.278383,pass
Rb2WFeS3I3,1.620806,-1.086152,pass
Rb2WFeSe3F3,1.590468,-1.955226,pass
Rb2WFeSe3Cl3,1.508816,-1.343240,pass
Rb2WFeSe3Br3,1.463514,-1.256121,pass
Rb2WFeSe3I3,1.470496,-1.046715,pass
Rb2WMnO6,1.936670,-2.153158,pass
Rb2WMnS6,1.655950,-1.235674,pass
Rb2WMnSe6,1.308290,-1.088221,pass
Rb2WMnO3S3,1.860915,-1.693376,pass
Rb2WMnO3Se3,1.736679,-1.591383,pass
Rb2WMnS3Se3,1.570458,-1.132923,pass
Rb2WBiO3F3,2.083811,-2.289657,pass
Rb2WBiO3Cl3,1.875151,-1.825740,pass
Rb2WBiO3Br3,1.686506,-1.497576,pass
Rb2WBiO3I3,1.638498,-1.409722,pass
Rb2WBiS3I3,1.578857,-1.099588,pass
Rb2WBiSe3I3,1.354345,-1.052134,pass
Rb2WSbO3F3,1.875913,-2.318335,pass
Rb2WSbO3Cl3,1.878457,-1.798852,pass
Rb2WSbO3Br3,1.558784,-1.462080,pass
Rb2WSbO3I3,1.498275,-1.400269,pass
Rb2WSbS3Br3,1.515201,-1.212221,pass
Rb2WSbS3I3,1.460227,-1.036138,pass
Rb2WSbSe3F3,1.460068,-1.832288,pass
Rb2WSbSe3Cl3,1.521413,-1.269783,pass
Rb2WSbSe3Br3,1.305096,-1.146917,pass
Rb2WSbSe3I3,1.277756,-0.962580,pass
Rb2WAgO3F3,1.966400,-2.359585,pass
Rb2WAgO3Cl3,1.834629,-1.737991,pass
Rb2WAgO3Br3,1.547492,-1.517038,pass
Rb2WAgO3I3,1.521295,-1.397248,pass
Rb2WAgS3I3,1.574630,-1.079993,pass
Rb2WAgSe3I3,1.340584,-1.032483,pass
Rb2WInO3F3,2.484654,-2.414336,pass
Rb2WInO3Cl3,2.061739,-1.864982,pass
Rb2WInO3Br3,1.832374,-1.693862,pass
Rb2WInO3I3,1.767485,-1.544388,pass
Rb2WInS3I3,1.669089,-1.139441,pass
Rb2WInSe3Br3,1.575479,-1.361366,pass
Rb2WInSe3I3,1.519902,-1.088151,pass
Rb2WGaO3F3,2.215305,-2.395758,pass
Rb2WGaO3Cl3,2.074110,-1.877868,pass
Rb2WGaO3Br3,1.799945,-1.757159,pass
Rb2WGaO3I3,1.801184,-1.606230,pass
Rb2WGaS3Cl3,1.787533,-1.387744,pass
Rb2WGaS3Br3,1.713337,-1.325897,pass
Rb2WGaS3I3,1.668967,-1.127347,pass
Rb2WGaSe3F3,1.568993,-2.010012,pass
Rb2WGaSe3Cl3,1.730024,-1.418694,pass
Rb2WGaSe3Br3,1.561731,-1.349097,pass
Rb2WGaSe3I3,1.555375,-1.076918,pass
Rb2FeMnO6,1.368715,-1.852988,pass
Rb2FeMnSe6,0.991707,-1.031469,pass
Rb2FeMnI6,0.747413,-1.118420,pass
Rb2FeMnO3S3,1.479081,-1.653635,pass
Rb2FeMnO3Se3,1.620282,-1.501263,pass
Rb2FeMnO3F3,1.738534,-2.422604,pass
Rb2FeMnO3Cl3,1.588822,-1.785942,pass
Rb2FeMnO3Br3,1.692809,-1.730785,pass
Rb2FeMnO3I3,1.563687,-1.587730,pass
Rb2FeMnS3Se3,1.084373,-1.086622,pass
Rb2FeMnS3I3,1.207221,-1.167968,pass
Rb2FeMnSe3Br3,1.055537,-1.301372,pass
Rb2FeMnSe3I3,1.130790,-1.159298,pass
Rb2FeMnF3I3,1.411152,-2.020159,pass
Rb2FeMnCl3I3,1.043473,-1.417895,pass
Rb2FeMnBr3I3,0.780667,-1.333013,pass
Rb2FeSbO3F3,1.927762,-2.294359,pass
Rb2FeSbO3Cl3,1.628608,-1.806546,pass
Rb2FeSbO3Br3,1.408418,-1.503764,pass
Rb2FeSbO3I3,1.381730,-1.317554,pass
Rb2FeSbS3I3,0.936687,-0.950796,pass
Rb2FeSbSe3Cl3,1.030815,-1.278076,pass
Rb2FeSbSe3Br3,0.845958,-1.185207,pass
Rb2FeSbSe3I3,0.713684,-0.943346,pass
Rb2FeCuBr6,0.713092,-1.346934,pass
Rb2FeCuI6,0.542327,-0.994076,pass
Rb2FeCuF3I3,1.155768,-1.907290,pass
Rb2FeCuCl3I3,0.832964,-1.314985,pass
Rb2FeCuBr3I3,0.533524,-1.178693,pass
Rb2FeAgCl3I3,0.852257,-1.322975,pass
Rb2FeAgBr3I3,0.517168,-1.162844,pass
Rb2FeZnI6,0.699023,-1.080623,pass
Rb2FeZnF3I3,1.255001,-1.977530,pass
Rb2FeZnCl3I3,0.902071,-1.368756,pass
Rb2FeZnBr3I3,0.664313,-1.273766,pass
Rb2MnBiO6,1.362419,-1.890897,pass
Rb2MnBiSe6,0.882673,-0.972403,pass
Rb2MnBiO3S3,1.552973,-1.705257,pass
Rb2MnBiO3Se3,1.413945,-1.384195,pass
Rb2MnBiO3Cl3,1.513276,-1.738083,pass
Rb2MnBiO3Br3,1.301195,-1.537086,pass
Rb2MnBiO3I3,1.470085,-1.406300,pass
Rb2MnBiS3I3,1.240536,-1.058145,pass
Rb2MnBiSe3I3,1.043343,-1.079883,pass
Rb2MnSbO6,1.489204,-1.999531,pass
Rb2MnSbSe6,0.891215,-0.960937,pass
Rb2MnSbI6,1.113898,-1.137408,pass
Rb2MnSbO3S3,1.594000,-1.613447,pass
Rb2MnSbO3Se3,1.331415,-1.393854,pass
Rb2MnSbO3F3,1.756981,-2.370395,pass
Rb2MnSbO3Cl3,1.464483,-1.815644,pass
Rb2MnSbO3Br3,1.325745,-1.600019,pass
Rb2MnSbO3I3,1.378702,-1.436806,pass
Rb2MnSbS3Se3,1.030388,-0.969959,pass
Rb2MnSbS3I3,1.140766,-1.042600,pass
Rb2MnSbSe3Br3,1.188315,-1.234545,pass
Rb2MnSbSe3I3,1.070158,-1.018812,pass
Rb2MnSbF3I3,1.485120,-2.074317,pass
Rb2MnSbCl3I3,1.196915,-1.417788,pass
Rb2MnSbBr3I3,1.046693,-1.294705,pass
Rb2MnCuI6,1.064330,-1.087169,pass
Rb2MnCuF3I3,1.427021,-1.993006,pass
Rb2MnCuCl3I3,1.225451,-1.365734,pass
Rb2MnCuBr3I3,1.063607,-1.282230,pass
Rb2MnZnI6,1.252963,-1.149769,pass
Rb2MnZnF3I3,1.425722,-2.075878,pass
Rb2MnZnCl3I3,1.322344,-1.423287,pass
Rb2MnZnBr3I3,1.168300,-1.375307,pass
Rb2MnInO6,1.565129,-2.039310,pass
Rb2MnInSe6,1.192312,-1.081720,pass
Rb2MnInO3S3,1.650506,-1.863133,pass
Rb2MnInO3Se3,1.423549,-1.558667,pass
Rb2MnInO3F3,1.886937,-2.458956,pass
Rb2MnInO3Cl3,1.539838,-1.896574,pass
Rb2MnInO3Br3,1.404497,-1.682599,pass
Rb2MnInO3I3,1.505317,-1.532442,pass
Rb2MnInS3I3,1.231564,-1.153078,pass
Rb2MnInSe3I3,1.155977,-1.193132,pass
Rb2MnGaO6,1.619116,-2.037861,pass
Rb2MnGaS6,1.434126,-1.177026,pass
Rb2MnGaSe6,1.276826,-1.081867,pass
Rb2MnGaO3S3,1.653748,-1.854885,pass
Rb2MnGaO3Se3,1.544305,-1.572437,pass
Rb2MnGaO3F3,1.988666,-2.470579,pass
Rb2MnGaO3Cl3,1.559823,-1.902403,pass
Rb2MnGaO3Br3,1.454541,-1.685836,pass
Rb2MnGaO3I3,1.430417,-1.538550,pass
Rb2MnGaS3Se3,1.316103,-1.121171,pass
Rb2MnGaS3Br3,1.248615,-1.312292,pass
Rb2MnGaS3I3,1.236432,-1.160192,pass
Rb2MnGaSe3Cl3,1.210409,-1.463804,pass
Rb2MnGaSe3Br3,1.181520,-1.333026,pass
Rb2MnGaSe3I3,1.165014,-1.193673,pass
Rb2BiAgI6,0.892572,-1.008930,pass
Rb2SbCuO3F3,1.155084,-2.263656,pass
Rb2SbCuO3Cl3,1.115018,-1.819699,pass
Rb2SbCuO3Br3,1.054354,-1.425094,pass
Rb2SbCuO3I3,1.111637,-1.243884,pass
Rb2SbCuS3Br3,1.005260,-1.154788,pass
Rb2SbCuS3I3,1.004637,-0.925619,pass
Rb2SbCuSe3Cl3,1.026123,-1.179191,pass
Rb2SbCuSe3Br3,0.996947,-1.151921,pass
Rb2SbCuSe3I3,0.910161,-0.921264,pass
Rb2SbAgI6,1.098345,-0.967627,pass
Rb2SbAgO3S3,1.666086,-1.523694,pass
Rb2SbAgO3Se3,1.505139,-1.234214,pass
Rb2SbAgCl3I3,1.382267,-1.253902,pass
Rb2SbAgBr3I3,1.106442,-1.208032,pass
Rb2SbZnO3F3,1.777454,-2.356215,pass
Rb2SbZnO3Cl3,1.720393,-1.864297,pass
Rb2SbZnO3Br3,1.338705,-1.469936,pass
Rb2SbZnO3I3,1.495391,-1.275442,pass
Rb2SbZnS3I3,1.530389,-1.071072,pass
Rb2SbZnSe3Br3,1.528726,-1.196660,pass
Rb2SbZnSe3I3,1.376166,-1.056207,pass
Rb2CuZnI6,1.092368,-1.113136,pass
Rb2CuZnF3I3,1.253434,-1.957139,pass
Rb2CuZnCl3I3,1.173003,-1.323720,pass
Rb2CuZnBr3I3,1.025209,-1.252447,pass
Rb2AgInI6,1.272594,-1.145664,pass
Rb2AgInBr3I3,1.227483,-1.246186,pass
Rb2AgGaI6,1.030388,-1.114451,pass
Rb2AgGaF3I3,1.259045,-1.983156,pass
Rb2AgGaCl3I3,1.306010,-1.382317,pass
Rb2AgGaBr3I3,1.156569,-1.274226,pass
Cs2SnGeBr6,1.007097,-1.464383,pass
Cs2SnGeI6,1.098997,-1.099311,pass
Cs2SnGeO3S3,2.045093,-1.635918,pass
Cs2SnGeO3Se3,1.727068,-1.356946,pass
Cs2SnGeS3Se3,1.737571,-0.894486,pass
Cs2SnGeF3I3,1.579895,-1.992361,pass
Cs2SnGeCl3I3,1.385624,-1.341068,pass
Cs2SnGeBr3I3,0.996386,-1.311505,pass
Cs2SnVO3F3,2.292433,-2.655131,pass
Cs2SnVO3Cl3,2.198553,-2.109980,pass
Cs2SnVO3Br3,1.776594,-1.996733,pass
Cs2SnVO3I3,1.775159,-1.850824,pass
Cs2SnVS3Br3,1.333201,-1.370436,pass
Cs2SnVS3I3,1.349454,-1.230782,pass
Cs2SnVSe3F3,1.586561,-2.209255,pass
Cs2SnVSe3Cl3,1.391775,-1.576841,pass
Cs2SnVSe3Br3,1.067288,-1.435211,pass
Cs2SnVSe3I3,1.143045,-1.172243,pass
Cs2SnNbO3F3,2.496192,-2.680821,pass
Cs2SnNbO3Cl3,2.149781,-2.235982,pass
Cs2SnNbO3Br3,1.786630,-2.097944,pass
Cs2SnNbO3I3,1.828685,-1.999877,pass
Cs2SnNbS3Br3,1.532101,-1.386783,pass
Cs2SnNbS3I3,1.576338,-1.233866,pass
Cs2SnNbSe3Cl3,1.618634,-1.610375,pass
Cs2SnNbSe3Br3,1.180982,-1.448957,pass
Cs2SnNbSe3I3,1.330061,-1.292911,pass
Cs2SnTaO3F3,2.275715,-2.685428,pass
Cs2SnTaO3Cl3,2.028454,-2.202751,pass
Cs2SnTaO3Br3,1.659044,-2.092894,pass
Cs2SnTaO3I3,1.765181,-2.014036,pass
Cs2SnTaS3Br3,1.687989,-1.457719,pass
Cs2SnTaS3I3,1.760194,-1.249476,pass
Cs2SnTaSe3Cl3,1.708109,-1.600231,pass
Cs2SnTaSe3Br3,1.353685,-1.477488,pass
Cs2SnTaSe3I3,1.423018,-1.284526,pass
Cs2SnCrO6,2.138361,-2.066852,pass
Cs2SnCrSe6,1.059926,-1.033717,pass
Cs2SnCrO3S3,2.099595,-1.778773,pass
Cs2SnCrO3Se3,1.735269,-1.490792,pass
Cs2SnCrO3F3,2.188186,-2.397426,pass
Cs2SnCrO3Cl3,2.012221,-1.902004,pass
Cs2SnCrO3Br3,1.690894,-1.671702,pass
Cs2SnCrO3I3,1.661646,-1.520874,pass
Cs2SnCrS3Se3,1.421708,-1.047947,pass
Cs2SnCrS3I3,1.360153,-1.153767,pass
Cs2SnCrSe3Br3,1.024433,-1.312808,pass
Cs2SnCrSe3I3,1.117826,-1.123969,pass
Cs2SnMoO6,2.243385,-2.060623,pass
Cs2SnMoS6,1.927770,-1.061992,pass
Cs2SnMoSe6,1.117644,-0.990668,pass
Cs2SnMoO3S3,2.110698,-1.745139,pass
Cs2SnMoO3Se3,1.659364,-1.485072,pass
Cs2SnMoS3Se3,1.601988,-1.016555,pass
Cs2SnWO6,2.300119,-2.033351,pass
Cs2SnWS6,1.849467,-1.104218,pass
Cs2SnWSe6,1.295600,-0.995945,pass
Cs2SnWO3S3,2.099322,-1.736069,pass
Cs2SnWO3Se3,1.767869,-1.507723,pass
Cs2SnWS3Se3,1.736240,-1.060396,pass
Cs2SnFeI6,0.689101,-1.078285,pass
Cs2SnFeO3S3,1.983777,-1.604764,pass
Cs2SnFeO3Se3,1.576080,-1.320428,pass
Cs2SnFeO3F3,2.004721,-2.286913,pass
Cs2SnFeO3Cl3,1.713279,-1.838100,pass
Cs2SnFeO3Br3,1.401526,-1.442558,pass
Cs2SnFeO3I3,1.495923,-1.298921,pass
Cs2SnFeS3Se3,1.073856,-0.938235,pass
Cs2SnFeS3I3,0.950816,-1.038321,pass
Cs2SnFeSe3Cl3,1.098949,-1.278001,pass
Cs2SnFeSe3Br3,0.756349,-1.208169,pass
Cs2SnFeSe3I3,0.775653,-0.957902,pass
Cs2SnFeF3I3,1.391881,-1.950680,pass
Cs2SnFeCl3I3,0.987038,-1.365005,pass
Cs2SnFeBr3I3,0.689496,-1.235443,pass
Cs2SnMnI6,1.181863,-1.160666,pass
Cs2SnMnO3S3,1.695922,-1.806832,pass
Cs2SnMnO3Se3,1.443069,-1.471757,pass
Cs2SnMnS3Se3,1.226400,-1.066265,pass
Cs2SnMnF3I3,1.527974,-2.065491,pass
Cs2SnMnCl3I3,1.275527,-1.403096,pass
Cs2SnMnBr3I3,1.139320,-1.333886,pass
Cs2SnBiO3F3,2.222559,-2.357737,pass
Cs2SnBiO3Cl3,2.020875,-1.748869,pass
Cs2SnBiO3Br3,1.813765,-1.520155,pass
Cs2SnBiO3I3,1.723992,-1.380348,pass
Cs2SnBiS3I3,1.670216,-1.016593,pass
Cs2SnBiSe3I3,1.266437,-1.004927,pass
Cs2SnSbO3F3,2.032494,-2.361486,pass
Cs2SnSbO3Cl3,1.793723,-1.830981,pass
Cs2SnSbO3Br3,1.717555,-1.517433,pass
Cs2SnSbO3I3,1.595498,-1.341946,pass
Cs2SnSbS3Br3,1.653297,-1.070577,pass
Cs2SnSbS3I3,1.498013,-0.983525,pass
Cs2SnSbSe3Cl3,1.788097,-1.208063,pass
Cs2SnSbSe3Br3,1.414075,-1.157575,pass
Cs2SnSbSe3I3,1.346609,-0.993330,pass
Cs2SnCuBr6,0.852876,-1.405363,pass
Cs2SnCuI6,0.727707,-1.047950,pass
Cs2SnCuO3S3,1.506229,-1.645572,pass
Cs2SnCuO3Se3,1.199154,-1.295165,pass
Cs2SnCuS3Se3,1.368913,-0.901346,pass
Cs2SnCuF3I3,1.155719,-1.941641,pass
Cs2SnCuCl3I3,1.034301,-1.308398,pass
Cs2SnCuBr3I3,0.773024,-1.231827,pass
Cs2SnZnI6,1.003177,-1.161866,pass
Cs2SnZnO3S3,1.835812,-1.721544,pass
Cs2SnZnO3Se3,1.665028,-1.322724,pass
Cs2SnZnS3Se3,1.819036,-1.029781,pass
Cs2SnZnF3I3,1.547353,-2.034428,pass
Cs2SnZnCl3I3,1.470488,-1.402485,pass
Cs2SnZnBr3I3,1.092852,-1.326091,pass
Cs2SnInO3F3,2.033606,-2.400205,pass
Cs2SnInO3Cl3,1.911777,-1.848567,pass
Cs2SnInO3Br3,1.587440,-1.589623,pass
Cs2SnInO3I3,1.615048,-1.455575,pass
Cs2SnInS3I3,1.641770,-1.069849,pass
Cs2SnInSe3Br3,1.514430,-1.249637,pass
Cs2SnInSe3I3,1.541218,-1.077705,pass
Cs2SnGaO3F3,2.240687,-2.394058,pass
Cs2SnGaO3Cl3,2.113046,-1.870906,pass
Cs2SnGaO3Br3,1.669196,-1.633902,pass
Cs2SnGaO3I3,1.692693,-1.496758,pass
Cs2SnGaS3Br3,1.822355,-1.246739,pass
Cs2SnGaS3I3,1.749579,-1.073641,pass
Cs2SnGaSe3F3,1.687413,-2.003087,pass
Cs2SnGaSe3Cl3,1.883102,-1.341983,pass
Cs2SnGaSe3Br3,1.546366,-1.241016,pass
Cs2SnGaSe3I3,1.456965,-1.077454,pass
Cs2GeVO3F3,2.192110,-2.639790,pass
Cs2GeVO3Cl3,2.188086,-2.076161,pass
Cs2GeVO3Br3,1.652814,-1.945034,pass
Cs2GeVO3I3,1.622670,-1.860442,pass
Cs2GeVS3Br3,1.261303,-1.366513,pass
Cs2GeVS3I3,1.383844,-1.198715,pass
Cs2GeVSe3Cl3,1.361129,-1.486061,pass
Cs2GeVSe3Br3,1.033870,-1.350577,pass
Cs2GeVSe3I3,1.171249,-1.165815,pass
Cs2GeNbO3F3,2.399913,-2.670197,pass
Cs2GeNbO3Cl3,2.111817,-2.179546,pass
Cs2GeNbO3Br3,1.727064,-2.029555,pass
Cs2GeNbO3I3,1.740940,-1.967270,pass
Cs2GeNbS3Br3,1.487360,-1.380542,pass
Cs2GeNbS3I3,1.594506,-1.245051,pass
Cs2GeNbSe3F3,1.586583,-2.232383,pass
Cs2GeNbSe3Cl3,1.560602,-1.491408,pass
Cs2GeNbSe3Br3,1.151448,-1.369394,pass
Cs2GeNbSe3I3,1.236896,-1.195405,pass
Cs2GeTaO3F3,2.109255,-2.703719,pass
Cs2GeTaO3Cl3,1.927109,-2.159909,pass
Cs2GeTaO3Br3,1.545058,-2.012943,pass
Cs2GeTaO3I3,1.629255,-1.942536,pass
Cs2GeTaS3Br3,1.649190,-1.415602,pass
Cs2GeTaS3I3,1.760000,-1.248866,pass
Cs2GeTaSe3F3,1.568596,-2.236001,pass
Cs2GeTaSe3Cl3,1.661299,-1.517803,pass
Cs2GeTaSe3Br3,1.283602,-1.407693,pass
Cs2GeTaSe3I3,1.352885,-1.246168,pass
Cs2GeCrO6,2.005071,-2.094300,pass
Cs2GeCrSe6,1.099908,-1.038494,pass
Cs2GeCrO3S3,2.043864,-1.641887,pass
Cs2GeCrO3Se3,1.621735,-1.507585,pass
Cs2GeCrO3F3,2.109427,-2.404027,pass
Cs2GeCrO3Cl3,1.999527,-1.811936,pass
Cs2GeCrO3Br3,1.612247,-1.639141,pass
Cs2GeCrO3I3,1.593138,-1.486316,pass
Cs2GeCrS3Se3,1.515740,-1.049121,pass
Cs2GeCrS3I3,1.393380,-1.127720,pass
Cs2GeCrSe3Br3,1.003255,-1.272247,pass
Cs2GeCrSe3I3,1.137072,-1.097849,pass
Cs2GeMoO6,2.233178,-2.072559,pass
Cs2GeMoSe6,1.152786,-0.998562,pass
Cs2GeMoO3S3,2.119727,-1.606833,pass
Cs2GeMoO3Se3,1.720568,-1.496066,pass
Cs2GeMoS3Se3,1.545412,-1.015555,pass
Cs2GeWO6,2.142156,-2.037587,pass
Cs2GeWSe6,1.298376,-0.991596,pass
Cs2GeWO3S3,2.018464,-1.604240,pass
Cs2GeWO3Se3,1.711902,-1.482458,pass
Cs2GeWS3Se3,1.691028,-1.025303,pass
Cs2GeFeBr6,0.794119,-1.423558,pass
Cs2GeFeI6,0.617549,-1.048793,pass
Cs2GeFeO3S3,1.943670,-1.606996,pass
Cs2GeFeO3Se3,1.572524,-1.389155,pass
Cs2GeFeO3F3,1.690003,-2.321653,pass
Cs2GeFeO3Cl3,1.630898,-1.767089,pass
Cs2GeFeO3Br3,1.302703,-1.574674,pass
Cs2GeFeO3I3,1.321199,-1.391329,pass
Cs2GeFeS3Se3,1.159985,-0.950089,pass
Cs2GeFeS3Br3,0.905634,-1.235784,pass
Cs2GeFeS3I3,0.992525,-0.992505,pass
Cs2GeFeSe3F3,1.195544,-1.922389,pass
Cs2GeFeSe3Cl3,1.040290,-1.298573,pass
Cs2GeFeSe3Br3,0.757902,-1.227790,pass
Cs2GeFeSe3I3,0.765177,-0.954196,pass
Cs2GeFeF3I3,1.299733,-1.952883,pass
Cs2GeFeCl3I3,1.029200,-1.361582,pass
Cs2GeFeBr3I3,0.711177,-1.254529,pass
Cs2GeMnBr6,1.042318,-1.478580,pass
Cs2GeMnI6,0.955576,-1.160428,pass
Cs2GeMnO3S3,1.634058,-1.659696,pass
Cs2GeMnO3Se3,1.504731,-1.488538,pass
Cs2GeMnS3Se3,1.266132,-1.068077,pass
Cs2GeMnF3I3,1.519002,-2.025257,pass
Cs2GeMnCl3I3,1.243488,-1.417388,pass
Cs2GeMnBr3I3,1.036704,-1.320104,pass
Cs2GeBiO3F3,2.319219,-2.308913,pass
Cs2GeBiO3Cl3,1.950359,-1.759024,pass
Cs2GeBiO3Br3,1.751853,-1.558669,pass
Cs2GeBiO3I3,1.663062,-1.360709,pass
Cs2GeBiS3I3,1.699077,-1.006594,pass
Cs2GeBiSe3I3,1.372963,-0.993081,pass
Cs2GeSbO3F3,2.240206,-2.319763,pass
Cs2GeSbO3Cl3,2.004039,-1.779604,pass
Cs2GeSbO3Br3,1.761738,-1.473166,pass
Cs2GeSbO3I3,1.596794,-1.324438,pass
Cs2GeSbS3Br3,1.627910,-1.052125,pass
Cs2GeSbS3I3,1.533156,-0.984715,pass
Cs2GeSbSe3F3,1.672943,-1.898070,pass
Cs2GeSbSe3Cl3,1.831640,-1.118948,pass
Cs2GeSbSe3Br3,1.462652,-1.113005,pass
Cs2GeSbSe3I3,1.319935,-0.967892,pass
Cs2GeCuBr6,0.779025,-1.400036,pass
Cs2GeCuI6,0.668952,-1.022624,pass
Cs2GeCuO3S3,1.390781,-1.611054,pass
Cs2GeCuO3Se3,1.244842,-1.365437,pass
Cs2GeCuS3Se3,1.367514,-0.905035,pass
Cs2GeCuF3I3,1.188621,-1.936027,pass
Cs2GeCuCl3I3,1.024394,-1.318183,pass
Cs2GeCuBr3I3,0.789982,-1.229022,pass
Cs2GeZnBr6,1.239320,-1.472155,pass
Cs2GeZnI6,1.015859,-1.144113,pass
Cs2GeZnO3S3,1.877781,-1.636459,pass
Cs2GeZnO3Se3,1.673888,-1.344648,pass
Cs2GeZnS3Se3,1.777362,-0.974504,pass
Cs2GeZnF3I3,1.580282,-2.019842,pass
Cs2GeZnCl3I3,1.559115,-1.405701,pass
Cs2GeZnBr3I3,1.178910,-1.326569,pass
Cs2GeInO3F3,2.174224,-2.392115,pass
Cs2GeInO3Cl3,1.971836,-1.846852,pass
Cs2GeInO3Br3,1.681870,-1.603359,pass
Cs2GeInO3I3,1.693526,-1.465779,pass
Cs2GeInS3I3,1.687890,-1.065302,pass
Cs2GeInSe3Br3,1.472738,-1.249023,pass
Cs2GeInSe3I3,1.442847,-0.999921,pass
Cs2GeGaO3F3,2.202235,-2.392026,pass
Cs2GeGaO3Cl3,2.064757,-1.855081,pass
Cs2GeGaO3Br3,1.652584,-1.629347,pass
Cs2GeGaO3I3,1.644536,-1.438165,pass
Cs2GeGaS3I3,1.790798,-1.072043,pass
Cs2GeGaSe3Br3,1.567970,-1.233124,pass
Cs2GeGaSe3I3,1.428133,-1.010139,pass
Cs2TiCrO6,1.841009,-2.604302,pass
Cs2TiCrSe6,1.111834,-1.332095,pass
Cs2TiCrO3S3,1.467801,-2.049514,pass
Cs2TiCrO3Se3,1.651144,-2.116635,pass
Cs2TiCrO3F3,2.126500,-2.794338,pass
Cs2TiCrO3Cl3,1.712149,-2.237192,pass
Cs2TiCrO3Br3,1.783053,-2.118389,pass
Cs2TiCrO3I3,1.797907,-2.111756,pass
Cs2TiCrS3Se3,1.242733,-1.382962,pass
Cs2TiCrS3I3,1.454115,-1.423727,pass
Cs2TiCrSe3Br3,1.186266,-1.631085,pass
Cs2TiCrSe3I3,1.177236,-1.370625,pass
Cs2TiMoO6,1.932747,-2.717512,pass
Cs2TiMoS6,1.485281,-1.502818,pass
Cs2TiMoSe6,1.210518,-1.320616,pass
Cs2TiMoO3S3,1.776717,-2.055718,pass
Cs2TiMoO3Se3,1.752609,-2.099701,pass
Cs2TiMoS3Se3,1.418839,-1.389838,pass
Cs2TiWO6,2.014150,-2.735499,pass
Cs2TiWS6,1.592414,-1.518528,pass
Cs2TiWSe6,1.273496,-1.302407,pass
Cs2TiWO3S3,1.803720,-2.032582,pass
Cs2TiWO3Se3,1.760693,-2.059703,pass
Cs2TiWS3Se3,1.459125,-1.389389,pass
Cs2TiFeO3F3,1.892796,-2.697574,pass
Cs2TiFeO3Cl3,1.761287,-2.164708,pass
Cs2TiFeO3Br3,1.609198,-2.055807,pass
Cs2TiFeO3I3,1.651193,-1.997041,pass
Cs2TiFeS3I3,1.312291,-1.348497,pass
Cs2TiFeSe3Br3,1.188593,-1.519581,pass
Cs2TiFeSe3I3,1.233409,-1.305973,pass
Cs2TiBiO3Cl3,2.280318,-2.286119,pass
Cs2TiBiO3Br3,1.910129,-2.093623,pass
Cs2TiBiO3I3,1.872435,-1.973921,pass
Cs2TiBiS3I3,1.767533,-1.351915,pass
Cs2TiBiSe3I3,1.454552,-1.355832,pass
Cs2TiSbO3F3,2.431933,-2.766515,pass
Cs2TiSbO3Cl3,2.336995,-2.297448,pass
Cs2TiSbO3Br3,1.850675,-2.114917,pass
Cs2TiSbO3I3,1.819426,-1.958843,pass
Cs2TiSbS3I3,1.543820,-1.339670,pass
Cs2TiSbSe3Cl3,1.614047,-1.694515,pass
Cs2TiSbSe3Br3,1.243023,-1.481279,pass
Cs2TiSbSe3I3,1.224986,-1.257551,pass
Cs2TiInO3F3,2.436226,-2.767368,pass
Cs2TiInO3Cl3,2.199237,-2.343740,pass
Cs2TiInO3Br3,1.792528,-2.172247,pass
Cs2TiInO3I3,1.753111,-2.076831,pass
Cs2TiInS3I3,1.604354,-1.397670,pass
Cs2TiInSe3Br3,1.288023,-1.676030,pass
Cs2TiInSe3I3,1.350412,-1.388872,pass
Cs2TiGaO3F3,2.413842,-2.782255,pass
Cs2TiGaO3Cl3,2.240013,-2.404869,pass
Cs2TiGaO3Br3,1.819622,-2.200493,pass
Cs2TiGaO3I3,1.795555,-2.130082,pass
Cs2TiGaS3Br3,1.668922,-1.662649,pass
Cs2TiGaS3I3,1.647574,-1.402889,pass
Cs2TiGaSe3F3,1.712101,-2.299871,pass
Cs2TiGaSe3Cl3,1.826911,-1.783502,pass
Cs2TiGaSe3Br3,1.369012,-1.635902,pass
Cs2TiGaSe3I3,1.346124,-1.401470,pass
Cs2ZrCrO6,1.748858,-2.603504,pass
Cs2ZrCrSe6,1.129218,-1.325641,pass
Cs2ZrCrO3S3,1.541508,-2.061306,pass
Cs2ZrCrO3Se3,1.622886,-2.103643,pass
Cs2ZrCrO3F3,2.089300,-2.817411,pass
Cs2ZrCrO3Cl3,1.700569,-2.219030,pass
Cs2ZrCrO3Br3,1.812331,-2.099470,pass
Cs2ZrCrO3I3,1.793387,-2.054389,pass
Cs2ZrCrS3I3,1.414752,-1.443283,pass
Cs2ZrCrSe3Br3,1.141773,-1.640741,pass
Cs2ZrCrSe3I3,1.171528,-1.346577,pass
Cs2ZrMoO6,1.743548,-2.662827,pass
Cs2ZrMoS6,1.521708,-1.519134,pass
Cs2ZrMoSe6,1.283428,-1.356166,pass
Cs2ZrMoO3S3,1.817759,-2.090410,pass
Cs2ZrMoO3Se3,1.745923,-2.105840,pass
Cs2ZrMoS3Se3,1.477491,-1.385963,pass
Cs2ZrWO6,1.970533,-2.706740,pass
Cs2ZrWS6,1.584510,-1.510418,pass
Cs2ZrWSe6,1.365112,-1.340647,pass
Cs2ZrWO3S3,1.800954,-2.038224,pass
Cs2ZrWO3Se3,1.647856,-2.081470,pass
Cs2ZrWS3Se3,1.523071,-1.392832,pass
Cs2ZrFeO3F3,2.002707,-2.731737,pass
Cs2ZrFeO3Cl3,1.889542,-2.162092,pass
Cs2ZrFeO3Br3,1.581611,-2.062313,pass
Cs2ZrFeO3I3,1.641456,-2.000702,pass
Cs2ZrFeS3I3,1.367277,-1.381401,pass
Cs2ZrFeSe3Br3,1.246277,-1.606271,pass
Cs2ZrFeSe3I3,1.227928,-1.325613,pass
Cs2ZrBiO3Cl3,2.161223,-2.258292,pass
Cs2ZrBiO3Br3,1.860440,-2.106492,pass
Cs2ZrBiO3I3,1.817850,-2.021426,pass
Cs2ZrBiS3I3,1.792760,-1.368089,pass
Cs2ZrBiSe3I3,1.526966,-1.365575,pass
Cs2ZrSbO3F3,2.413504,-2.738510,pass
Cs2ZrSbO3Cl3,2.334723,-2.257752,pass
Cs2ZrSbO3Br3,1.817431,-2.099754,pass
Cs2ZrSbO3I3,1.788272,-1.999431,pass
Cs2ZrSbS3I3,1.698761,-1.348491,pass
Cs2ZrSbSe3Cl3,1.742353,-1.684983,pass
Cs2ZrSbSe3Br3,1.461784,-1.595655,pass
Cs2ZrSbSe3I3,1.379712,-1.351698,pass
Cs2ZrInO3F3,2.431838,-2.736135,pass
Cs2ZrInO3Cl3,2.177454,-2.292205,pass
Cs2ZrInO3Br3,1.666830,-2.156357,pass
Cs2ZrInO3I3,1.654646,-2.095111,pass
Cs2ZrInS3I3,1.660341,-1.424397,pass
Cs2ZrInSe3Br3,1.391809,-1.701965,pass
Cs2ZrInSe3I3,1.398445,-1.407543,pass
Cs2ZrGaO3F3,2.420710,-2.770211,pass
Cs2ZrGaO3Cl3,2.179754,-2.371842,pass
Cs2ZrGaO3Br3,1.752574,-2.203756,pass
Cs2ZrGaO3I3,1.699614,-2.125162,pass
Cs2ZrGaS3Br3,1.726189,-1.659268,pass
Cs2ZrGaS3I3,1.679346,-1.421772,pass
Cs2ZrGaSe3F3,1.637866,-2.293233,pass
Cs2ZrGaSe3Cl3,1.867569,-1.813235,pass
Cs2ZrGaSe3Br3,1.348113,-1.694491,pass
Cs2ZrGaSe3I3,1.401978,-1.410429,pass
Cs2VNbO6,1.709418,-2.655893,pass
Cs2VNbS6,1.366149,-1.433918,pass
Cs2VNbSe6,1.190495,-1.272516,pass
Cs2VNbO3S3,1.769554,-2.081657,pass
Cs2VNbO3Se3,1.697632,-2.147240,pass
Cs2VNbS3Se3,1.316689,-1.282768,pass
Cs2VTaO6,1.943712,-2.767576,pass
Cs2VTaS6,1.569570,-1.452185,pass
Cs2VTaSe6,1.332165,-1.278269,pass
Cs2VTaO3S3,1.843168,-2.092211,pass
Cs2VTaO3Se3,1.751766,-2.116951,pass
Cs2VTaS3Se3,1.339403,-1.322487,pass
Cs2VFeO3F3,1.965281,-2.662679,pass
Cs2VFeO3Cl3,1.722871,-2.049847,pass
Cs2VFeO3Br3,1.515682,-1.934297,pass
Cs2VFeO3I3,1.632014,-1.821430,pass
Cs2VFeS3Br3,1.226410,-1.413660,pass
Cs2VFeS3I3,1.309651,-1.217380,pass
Cs2VFeSe3F3,1.595464,-2.247783,pass
Cs2VFeSe3Cl3,1.332648,-1.522978,pass
Cs2VFeSe3Br3,1.126682,-1.377040,pass
Cs2VFeSe3I3,1.188362,-1.209793,pass
Cs2VMnO3F3,1.984115,-2.766103,pass
Cs2VMnO3Cl3,1.801127,-2.094968,pass
Cs2VMnO3Br3,1.670814,-2.041407,pass
Cs2VMnO3I3,1.691538,-1.992248,pass
Cs2VMnS3Br3,1.284246,-1.507812,pass
Cs2VMnS3I3,1.416752,-1.273372,pass
Cs2VMnSe3Cl3,1.355679,-1.580055,pass
Cs2VMnSe3Br3,1.215747,-1.498772,pass
Cs2VMnSe3I3,1.304760,-1.272788,pass
Cs2VSbO6,2.182166,-2.327660,pass
Cs2VSbS6,1.515279,-1.079139,pass
Cs2VSbSe6,1.037198,-1.027675,pass
Cs2VSbO3S3,2.078940,-1.804895,pass
Cs2VSbO3Se3,1.606143,-1.742728,pass
Cs2VSbS3Se3,1.384350,-1.046530,pass
Cs2VCuO3F3,1.752620,-2.622811,pass
Cs2VCuO3Cl3,1.717106,-2.053216,pass
Cs2VCuO3Br3,1.494865,-1.895176,pass
Cs2VCuO3I3,1.518544,-1.713627,pass
Cs2VCuS3Br3,1.358474,-1.327997,pass
Cs2VCuS3I3,1.416645,-1.168241,pass
Cs2VCuSe3F3,1.509234,-2.195130,pass
Cs2VCuSe3Cl3,1.369829,-1.413913,pass
Cs2VCuSe3Br3,1.129101,-1.310030,pass
Cs2VCuSe3I3,1.198023,-1.164848,pass
Cs2VZnO3F3,2.068812,-2.674899,pass
Cs2VZnO3Cl3,1.966979,-2.068277,pass
Cs2VZnO3Br3,1.624983,-1.922510,pass
Cs2VZnO3I3,1.658646,-1.799920,pass
Cs2VZnS3Br3,1.319382,-1.409087,pass
Cs2VZnS3I3,1.385636,-1.211443,pass
Cs2VZnSe3Cl3,1.346138,-1.476619,pass
Cs2VZnSe3Br3,1.064001,-1.413333,pass
Cs2VZnSe3I3,1.107010,-1.216041,pass
Cs2NbTaO6,1.523164,-2.779537,pass
Cs2NbTaS6,1.682465,-1.435092,pass
Cs2NbTaSe6,1.372861,-1.250820,pass
Cs2NbTaO3S3,1.818774,-2.113226,pass
Cs2NbTaO3Se3,1.634633,-2.131703,pass
Cs2NbTaS3Se3,1.666614,-1.289964,pass
Cs2NbFeO3F3,1.935071,-2.766486,pass
Cs2NbFeO3Cl3,1.806688,-2.168504,pass
Cs2NbFeO3Br3,1.569321,-2.038011,pass
Cs2NbFeO3I3,1.697608,-1.943084,pass
Cs2NbFeS3Br3,1.373244,-1.413067,pass
Cs2NbFeS3I3,1.525963,-1.233319,pass
Cs2NbFeSe3Cl3,1.318564,-1.517545,pass
Cs2NbFeSe3Br3,1.269088,-1.419972,pass
Cs2NbFeSe3I3,1.324085,-1.222066,pass
Cs2NbMnO3F3,2.084662,-2.850173,pass
Cs2NbMnO3Cl3,1.831304,-2.179084,pass
Cs2NbMnO3Br3,1.579167,-2.104888,pass
Cs2NbMnO3I3,1.567818,-2.057297,pass
Cs2NbMnS3I3,1.458503,-1.263435,pass
Cs2NbMnSe3Cl3,1.326581,-1.582785,pass
Cs2NbMnSe3Br3,1.273188,-1.528035,pass
Cs2NbMnSe3I3,1.331753,-1.266888,pass
Cs2NbSbO6,2.258882,-2.513468,pass
Cs2NbSbS6,1.775368,-1.118699,pass
Cs2NbSbSe6,1.200994,-1.044459,pass
Cs2NbSbO3S3,2.074166,-1.925640,pass
Cs2NbSbO3Se3,1.585445,-1.884961,pass
Cs2NbSbS3Se3,1.626191,-1.061317,pass
Cs2NbCuO3F3,2.048724,-2.632680,pass
Cs2NbCuO3Cl3,1.655504,-2.101976,pass
Cs2NbCuO3Br3,1.386440,-1.958281,pass
Cs2NbCuO3I3,1.447529,-1.841997,pass
Cs2NbCuS3Br3,1.276315,-1.335114,pass
Cs2NbCuS3I3,1.381509,-1.159733,pass
Cs2NbCuSe3Cl3,1.243459,-1.402710,pass
Cs2NbCuSe3Br3,1.053811,-1.359100,pass
Cs2NbCuSe3I3,1.061862,-1.169641,pass
Cs2NbZnO3F3,2.197030,-2.706584,pass
Cs2NbZnO3Cl3,1.960281,-2.170136,pass
Cs2NbZnO3Br3,1.723693,-2.045354,pass
Cs2NbZnO3I3,1.574630,-1.948130,pass
Cs2NbZnS3I3,1.620441,-1.243626,pass
Cs2NbZnSe3Cl3,1.536818,-1.469091,pass
Cs2NbZnSe3Br3,1.255670,-1.457880,pass
Cs2NbZnSe3I3,1.331006,-1.229756,pass
Cs2TaFeO3F3,2.055282,-2.807635,pass
Cs2TaFeO3Cl3,1.863925,-2.163275,pass
Cs2TaFeO3Br3,1.663327,-2.037400,pass
Cs2TaFeO3I3,1.661569,-1.932159,pass
Cs2TaFeS3Br3,1.468853,-1.465726,pass
Cs2TaFeS3I3,1.742831,-1.239867,pass
Cs2TaFeSe3Cl3,1.457663,-1.542571,pass
Cs2TaFeSe3Br3,1.376000,-1.457292,pass
Cs2TaFeSe3I3,1.420262,-1.228237,pass
Cs2TaMnO3F3,1.917138,-2.956925,pass
Cs2TaMnO3Cl3,1.774694,-2.199474,pass
Cs2TaMnO3Br3,1.516462,-2.084847,pass
Cs2TaMnO3I3,1.596988,-2.033132,pass
Cs2TaMnS3I3,1.631668,-1.270944,pass
Cs2TaMnSe3Cl3,1.475895,-1.596043,pass
Cs2TaMnSe3Br3,1.345717,-1.538450,pass
Cs2TaMnSe3I3,1.325436,-1.260958,pass
Cs2TaSbO6,1.985114,-2.527215,pass
Cs2TaSbS6,1.623519,-1.128171,pass
Cs2TaSbSe6,1.251360,-1.081572,pass
Cs2TaSbO3S3,1.989897,-1.892978,pass
Cs2TaSbO3Se3,1.664057,-1.881298,pass
Cs2TaSbS3Se3,1.672106,-1.121924,pass
Cs2TaCuO3F3,1.851929,-2.693489,pass
Cs2TaCuO3Cl3,1.785448,-2.156506,pass
Cs2TaCuO3Br3,1.518766,-2.004841,pass
Cs2TaCuO3I3,1.501673,-1.923439,pass
Cs2TaCuS3Br3,1.495754,-1.368715,pass
Cs2TaCuS3I3,1.691211,-1.191826,pass
Cs2TaCuSe3Cl3,1.416672,-1.430066,pass
Cs2TaCuSe3Br3,1.287125,-1.382394,pass
Cs2TaCuSe3I3,1.245345,-1.184731,pass
Cs2TaZnO3F3,1.999758,-2.753870,pass
Cs2TaZnO3Cl3,1.842530,-2.195003,pass
Cs2TaZnO3Br3,1.638700,-2.053205,pass
Cs2TaZnO3I3,1.554116,-1.970991,pass
Cs2TaZnS3I3,1.798982,-1.246218,pass
Cs2TaZnSe3Cl3,1.507679,-1.503533,pass
Cs2TaZnSe3Br3,1.329447,-1.491531,pass
Cs2TaZnSe3I3,1.321872,-1.255524,pass
Cs2CrMoO6,1.865819,-2.101724,pass
Cs2CrMoSe6,1.186895,-1.168885,pass
Cs2CrMoO3S3,1.861251,-1.740355,pass
Cs2CrMoO3Se3,1.610692,-1.602683,pass
Cs2CrMoO3F3,2.027020,-2.580099,pass
Cs2CrMoO3Cl3,1.880994,-1.752752,pass
Cs2CrMoO3Br3,1.581708,-1.681285,pass
Cs2CrMoO3I3,1.582677,-1.556676,pass
Cs2CrMoS3Se3,1.308687,-1.190866,pass
Cs2CrMoS3I3,1.406928,-1.185504,pass
Cs2CrMoSe3Br3,1.222982,-1.323880,pass
Cs2CrMoSe3I3,1.210897,-1.137816,pass
Cs2CrWO6,1.866992,-2.178360,pass
Cs2CrWSe6,1.162809,-1.165796,pass
Cs2CrWO3S3,1.911504,-1.733431,pass
Cs2CrWO3Se3,1.625334,-1.634767,pass
Cs2CrWO3F3,2.062073,-2.608919,pass
Cs2CrWO3Cl3,1.954489,-1.808073,pass
Cs2CrWO3Br3,1.597667,-1.689470,pass
Cs2CrWO3I3,1.639392,-1.591927,pass
Cs2CrWS3Se3,1.413455,-1.250645,pass
Cs2CrWS3I3,1.754113,-1.221364,pass
Cs2CrWSe3Br3,1.447893,-1.345144,pass
Cs2CrWSe3I3,1.500277,-1.194895,pass
Cs2CrMnO6,1.590628,-1.983377,pass
Cs2CrMnSe6,1.104932,-1.153646,pass
Cs2CrMnO3S3,1.588154,-1.733097,pass
Cs2CrMnO3Se3,1.588515,-1.635286,pass
Cs2CrMnO3F3,1.908740,-2.547148,pass
Cs2CrMnO3Cl3,1.791819,-1.774258,pass
Cs2CrMnO3Br3,1.666616,-1.762223,pass
Cs2CrMnO3I3,1.696308,-1.704772,pass
Cs2CrMnS3I3,1.533385,-1.230457,pass
Cs2CrMnSe3I3,1.398405,-1.238541,pass
Cs2CrAgI6,0.701393,-1.083072,pass
Cs2CrAgO3Br3,1.565084,-1.592367,pass
Cs2CrAgO3I3,1.485279,-1.437041,pass
Cs2CrAgS3I3,1.299937,-1.123337,pass
Cs2CrAgSe3I3,1.025967,-1.070272,pass
Cs2CrAgBr3I3,0.798654,-1.241748,pass
Cs2MoWO6,1.884771,-2.091314,pass
Cs2MoWSe6,1.152172,-1.052575,pass
Cs2MoWO3S3,1.840353,-1.656941,pass
Cs2MoWO3Se3,1.454683,-1.490656,pass
Cs2MoWS3Se3,1.510702,-1.118226,pass
Cs2MoFeO3F3,1.930038,-2.401781,pass
Cs2MoFeO3Cl3,1.857066,-1.760904,pass
Cs2MoFeO3Br3,1.568416,-1.643870,pass
Cs2MoFeO3I3,1.654575,-1.519154,pass
Cs2MoFeS3Br3,1.409674,-1.277081,pass
Cs2MoFeS3I3,1.426235,-1.105314,pass
Cs2MoFeSe3F3,1.474210,-2.026833,pass
Cs2MoFeSe3Cl3,1.431541,-1.303616,pass
Cs2MoFeSe3Br3,1.251107,-1.254822,pass
Cs2MoFeSe3I3,1.200487,-1.049489,pass
Cs2MoMnO6,1.914917,-2.015115,pass
Cs2MoMnS6,1.548732,-1.235016,pass
Cs2MoMnSe6,1.181927,-1.099367,pass
Cs2MoMnO3S3,1.933967,-1.680510,pass
Cs2MoMnO3Se3,1.743294,-1.566582,pass
Cs2MoMnS3Se3,1.417657,-1.135309,pass
Cs2MoBiO3F3,2.158584,-2.267129,pass
Cs2MoBiO3Cl3,1.916235,-1.852320,pass
Cs2MoBiO3Br3,1.669464,-1.552103,pass
Cs2MoBiO3I3,1.603386,-1.420372,pass
Cs2MoBiS3I3,1.485914,-1.081594,pass
Cs2MoBiSe3I3,1.172224,-0.983390,pass
Cs2MoSbO3F3,2.019943,-2.334433,pass
Cs2MoSbO3Cl3,1.950409,-1.872479,pass
Cs2MoSbO3Br3,1.538103,-1.541978,pass
Cs2MoSbO3I3,1.553382,-1.418604,pass
Cs2MoSbS3Br3,1.424102,-1.209055,pass
Cs2MoSbS3I3,1.415489,-1.015074,pass
Cs2MoSbSe3F3,1.335550,-1.920117,pass
Cs2MoSbSe3Cl3,1.442760,-1.229690,pass
Cs2MoSbSe3Br3,1.114735,-1.182921,pass
Cs2MoSbSe3I3,1.128590,-0.982805,pass
Cs2MoAgO3F3,2.186271,-2.358469,pass
Cs2MoAgO3Cl3,1.724622,-1.724007,pass
Cs2MoAgO3Br3,1.479191,-1.507024,pass
Cs2MoAgO3I3,1.471004,-1.363043,pass
Cs2MoAgS3I3,1.359710,-1.073663,pass
Cs2MoAgSe3I3,1.053657,-1.025635,pass
Cs2MoInO3Cl3,2.131726,-1.924547,pass
Cs2MoInO3Br3,1.736721,-1.715409,pass
Cs2MoInO3I3,1.718559,-1.594717,pass
Cs2MoInS3I3,1.601394,-1.135876,pass
Cs2MoInSe3Br3,1.271589,-1.350781,pass
Cs2MoInSe3I3,1.325736,-1.106959,pass
Cs2MoGaO3F3,2.462286,-2.395333,pass
Cs2MoGaO3Cl3,2.364756,-1.937055,pass
Cs2MoGaO3Br3,1.791646,-1.753862,pass
Cs2MoGaO3I3,1.800079,-1.601473,pass
Cs2MoGaS3I3,1.611113,-1.122870,pass
Cs2MoGaSe3Br3,1.274794,-1.353676,pass
Cs2MoGaSe3I3,1.266640,-1.084650,pass
Cs2WFeO3F3,2.177981,-2.543231,pass
Cs2WFeO3Cl3,1.881355,-1.764527,pass
Cs2WFeO3Br3,1.791124,-1.619194,pass
Cs2WFeO3I3,1.797507,-1.516222,pass
Cs2WFeS3Br3,1.633927,-1.283175,pass
Cs2WFeS3I3,1.746125,-1.102109,pass
Cs2WFeSe3F3,1.639795,-1.978885,pass
Cs2WFeSe3Cl3,1.572769,-1.345429,pass
Cs2WFeSe3Br3,1.502327,-1.278033,pass
Cs2WFeSe3I3,1.517953,-1.064322,pass
Cs2WMnO6,2.019241,-2.149933,pass
Cs2WMnS6,1.644454,-1.256621,pass
Cs2WMnSe6,1.225948,-1.079716,pass
Cs2WMnO3S3,1.839472,-1.683307,pass
Cs2WMnO3Se3,1.733105,-1.591907,pass
Cs2WMnS3Se3,1.513487,-1.148260,pass
Cs2WBiO3F3,1.890278,-2.266696,pass
Cs2WBiO3Cl3,1.908517,-1.863726,pass
Cs2WBiO3Br3,1.733746,-1.556099,pass
Cs2WBiO3I3,1.666533,-1.480565,pass
Cs2WBiS3I3,1.711307,-1.119843,pass
Cs2WBiSe3I3,1.366795,-1.051845,pass
Cs2WSbO3F3,1.742811,-2.309134,pass
Cs2WSbO3Cl3,1.844397,-1.819571,pass
Cs2WSbO3Br3,1.566467,-1.476759,pass
Cs2WSbO3I3,1.558195,-1.440848,pass
Cs2WSbS3Br3,1.668943,-1.208255,pass
Cs2WSbS3I3,1.580892,-1.052168,pass
Cs2WSbSe3F3,1.571779,-1.837612,pass
Cs2WSbSe3Cl3,1.678893,-1.258026,pass
Cs2WSbSe3Br3,1.263609,-1.176089,pass
Cs2WSbSe3I3,1.312719,-1.011207,pass
Cs2WAgO3F3,1.956798,-2.354001,pass
Cs2WAgO3Cl3,1.755784,-1.733459,pass
Cs2WAgO3Br3,1.594864,-1.550861,pass
Cs2WAgO3I3,1.566634,-1.420232,pass
Cs2WAgS3I3,1.698271,-1.082672,pass
Cs2WAgSe3I3,1.406176,-1.030688,pass
Cs2WInO3F3,2.488294,-2.409291,pass
Cs2WInO3Cl3,2.019588,-1.891170,pass
Cs2WInO3Br3,1.858778,-1.722293,pass
Cs2WInO3I3,1.746886,-1.572364,pass
Cs2WInS3I3,1.739600,-1.177303,pass
Cs2WInSe3Br3,1.554023,-1.352733,pass
Cs2WInSe3I3,1.558364,-1.136864,pass
Cs2WGaO3F3,2.468270,-2.399113,pass
Cs2WGaO3Cl3,2.097085,-1.923106,pass
Cs2WGaO3Br3,1.832681,-1.756132,pass
Cs2WGaO3I3,1.755011,-1.612947,pass
Cs2WGaS3I3,1.748796,-1.167917,pass
Cs2WGaSe3Br3,1.580387,-1.363340,pass
Cs2WGaSe3I3,1.518295,-1.083501,pass
Cs2FeMnO6,1.318570,-1.849619,pass
Cs2FeMnSe6,1.037881,-1.050321,pass
Cs2FeMnI6,0.684051,-1.148394,pass
Cs2FeMnO3S3,1.424412,-1.611384,pass
Cs2FeMnO3Se3,1.573295,-1.494397,pass
Cs2FeMnO3F3,1.702833,-2.418303,pass
Cs2FeMnO3Cl3,1.586288,-1.770091,pass
Cs2FeMnO3Br3,1.567760,-1.739269,pass
Cs2FeMnO3I3,1.574825,-1.591776,pass
Cs2FeMnS3Se3,1.146854,-1.125774,pass
Cs2FeMnS3I3,1.167483,-1.173247,pass
Cs2FeMnSe3Br3,0.989291,-1.340743,pass
Cs2FeMnSe3I3,1.121598,-1.164116,pass
Cs2FeMnF3I3,1.410407,-1.997205,pass
Cs2FeMnCl3I3,0.957880,-1.424581,pass
Cs2FeMnBr3I3,0.744361,-1.379141,pass
Cs2FeSbO3F3,2.011478,-2.295810,pass
Cs2FeSbO3Cl3,1.689688,-1.825215,pass
Cs2FeSbO3Br3,1.414309,-1.504792,pass
Cs2FeSbO3I3,1.398362,-1.342871,pass
Cs2FeSbS3I3,0.928505,-0.966139,pass
Cs2FeSbSe3Cl3,1.052072,-1.278988,pass
Cs2FeSbSe3Br3,0.775275,-1.201122,pass
Cs2FeSbSe3I3,0.725590,-0.946265,pass
Cs2FeCuBr6,0.515929,-1.356416,pass
Cs2FeCuI6,0.539659,-1.045743,pass
Cs2FeCuF3I3,1.156737,-1.913146,pass
Cs2FeCuCl3I3,0.876958,-1.312319,pass
Cs2FeCuBr3I3,0.582127,-1.200416,pass
Cs2FeAgCl3I3,0.896230,-1.310142,pass
Cs2FeAgBr3I3,0.530894,-1.179482,pass
Cs2FeZnI6,0.620507,-1.101949,pass
Cs2FeZnF3I3,1.166978,-1.967919,pass
Cs2FeZnCl3I3,0.866919,-1.368338,pass
Cs2FeZnBr3I3,0.646659,-1.298884,pass
Cs2MnBiO6,1.496571,-1.882364,pass
Cs2MnBiSe6,0.914071,-0.968027,pass
Cs2MnBiO3S3,1.684771,-1.728685,pass
Cs2MnBiO3Se3,1.453081,-1.433029,pass
Cs2MnBiO3Cl3,1.479973,-1.778608,pass
Cs2MnBiO3Br3,1.379297,-1.559259,pass
Cs2MnBiO3I3,1.426748,-1.440555,pass
Cs2MnBiS3I3,1.270334,-1.093521,pass
Cs2MnBiSe3I3,1.069327,-1.098240,pass
Cs2MnSbO6,1.582046,-2.001706,pass
Cs2MnSbSe6,0.831421,-0.966757,pass
Cs2MnSbI6,1.092097,-1.149974,pass
Cs2MnSbO3S3,1.764710,-1.623350,pass
Cs2MnSbO3Se3,1.381821,-1.419989,pass
Cs2MnSbO3F3,1.771833,-2.372648,pass
Cs2MnSbO3Cl3,1.557767,-1.834352,pass
Cs2MnSbO3Br3,1.440962,-1.586519,pass
Cs2MnSbO3I3,1.409236,-1.462284,pass
Cs2MnSbS3Se3,1.083143,-1.013465,pass
Cs2MnSbS3I3,1.164160,-1.100542,pass
Cs2MnSbSe3Br3,1.006649,-1.242889,pass
Cs2MnSbSe3I3,1.062389,-1.067611,pass
Cs2MnSbF3I3,1.460695,-2.047979,pass
Cs2MnSbCl3I3,1.234697,-1.419692,pass
Cs2MnSbBr3I3,1.056889,-1.318274,pass
Cs2MnCuI6,0.937656,-1.127341,pass
Cs2MnCuF3I3,1.367230,-1.971768,pass
Cs2MnCuCl3I3,1.286534,-1.365059,pass
Cs2MnCuBr3I3,1.050248,-1.312272,pass
Cs2MnZnI6,1.169036,-1.171450,pass
Cs2MnZnF3I3,1.372001,-2.065253,pass
Cs2MnZnCl3I3,1.366834,-1.521829,pass
Cs2MnZnBr3I3,1.083470,-1.394104,pass
Cs2MnInO6,1.626245,-2.030510,pass
Cs2MnInSe6,1.106069,-1.105438,pass
Cs2MnInO3S3,1.795645,-1.870879,pass
Cs2MnInO3Se3,1.568228,-1.556214,pass
Cs2MnInO3F3,1.897931,-2.440106,pass
Cs2MnInO3Cl3,1.623336,-1.904671,pass
Cs2MnInO3Br3,1.468596,-1.686784,pass
Cs2MnInO3I3,1.514872,-1.574878,pass
Cs2MnInS3I3,1.321383,-1.158855,pass
Cs2MnInSe3I3,1.171993,-1.186219,pass
Cs2MnGaO6,1.616319,-2.037415,pass
Cs2MnGaS6,1.470854,-1.148574,pass
Cs2MnGaSe6,1.110724,-1.079014,pass
Cs2MnGaO3S3,1.662765,-1.862439,pass
Cs2MnGaO3Se3,1.579231,-1.567997,pass
Cs2MnGaO3F3,1.934495,-2.439089,pass
Cs2MnGaO3Cl3,1.610501,-1.905136,pass
Cs2MnGaO3Br3,1.409539,-1.709603,pass
Cs2MnGaO3I3,1.414123,-1.579810,pass
Cs2MnGaS3Se3,1.408493,-1.118029,pass
Cs2MnGaS3Br3,1.265432,-1.340272,pass
Cs2MnGaS3I3,1.309889,-1.160468,pass
Cs2MnGaSe3Cl3,1.279821,-1.467818,pass
Cs2MnGaSe3Br3,1.082393,-1.363460,pass
Cs2MnGaSe3I3,1.174725,-1.193060,pass
Cs2BiAgI6,1.033868,-1.075019,pass
Cs2SbCuO3F3,1.369733,-2.275033,pass
Cs2SbCuO3Cl3,1.213931,-1.826380,pass
Cs2SbCuO3Br3,1.155752,-1.445890,pass
Cs2SbCuO3I3,1.115165,-1.309100,pass
Cs2SbCuS3Br3,1.041860,-1.133397,pass
Cs2SbCuS3I3,1.060998,-0.914701,pass
Cs2SbCuSe3Cl3,1.092497,-1.163196,pass
Cs2SbCuSe3Br3,0.911051,-1.136080,pass
Cs2SbCuSe3I3,0.881009,-0.909016,pass
Cs2SbAgI6,1.197293,-1.054717,pass
Cs2SbAgO3S3,1.791061,-1.539451,pass
Cs2SbAgO3Se3,1.495989,-1.273740,pass
Cs2SbAgCl3I3,1.448735,-1.256131,pass
Cs2SbAgBr3I3,1.102357,-1.226069,pass
Cs2SbZnO3F3,1.960466,-2.353214,pass
Cs2SbZnO3Cl3,1.786785,-1.855523,pass
Cs2SbZnO3Br3,1.420017,-1.532842,pass
Cs2SbZnO3I3,1.450783,-1.344765,pass
Cs2SbZnS3I3,1.485377,-1.060606,pass
Cs2SbZnSe3Br3,1.332541,-1.231683,pass
Cs2SbZnSe3I3,1.269274,-1.054616,pass
Cs2CuZnI6,0.942784,-1.120419,pass
Cs2CuZnF3I3,1.168145,-1.956881,pass
Cs2CuZnCl3I3,1.157685,-1.315627,pass
Cs2CuZnBr3I3,0.980372,-1.275715,pass
Cs2AgInI6,1.288934,-1.168123,pass
Cs2AgInBr3I3,1.220817,-1.287895,pass
Cs2AgGaI6,1.058048,-1.158465,pass
Cs2AgGaF3I3,1.454238,-1.973290,pass
Cs2AgGaCl3I3,1.356863,-1.381755,pass
Cs2AgGaBr3I3,1.144861,-1.291447,pass
Na2SnGeBr6,1.393134,-1.222657,pass
Na2SnGeI6,1.214259,-0.942173,pass
Na2SnGeO3S3,2.005853,-1.619025,pass
Na2SnGeO3Se3,1.647415,-1.315671,pass
Na2SnGeS3Se3,1.588337,-0.853822,pass
Na2SnGeF3I3,1.322473,-1.821523,pass
Na2SnGeCl3I3,1.406624,-1.176852,pass
Na2SnGeBr3I3,1.254289,-1.148168,pass
Na2SnVO3F3,2.056049,-2.461917,pass
Na2SnVO3Cl3,1.985616,-1.897362,pass
Na2SnVO3Br3,1.620482,-1.835180,pass
Na2SnVO3I3,1.643441,-1.723758,pass
Na2SnVS3Br3,1.240904,-1.254600,pass
Na2SnVS3I3,1.258414,-1.018904,pass
Na2SnVSe3F3,1.531096,-2.090461,pass
Na2SnVSe3Cl3,1.216815,-1.382354,pass
Na2SnVSe3Br3,1.200770,-1.319632,pass
Na2SnVSe3I3,1.246218,-0.988146,pass
Na2SnNbO3F3,2.177070,-2.705415,pass
Na2SnNbO3Cl3,2.042500,-2.024654,pass
Na2SnNbO3Br3,1.719435,-1.962134,pass
Na2SnNbO3I3,1.781599,-1.831979,pass
Na2SnNbS3Br3,1.359651,-1.233217,pass
Na2SnNbS3I3,1.441159,-1.031933,pass
Na2SnNbSe3Cl3,1.370211,-1.405775,pass
Na2SnNbSe3Br3,1.253582,-1.316881,pass
Na2SnNbSe3I3,1.376486,-1.008828,pass
Na2SnTaO3F3,2.074283,-2.751397,pass
Na2SnTaO3Cl3,1.840945,-2.101144,pass
Na2SnTaO3Br3,1.628454,-2.003740,pass
Na2SnTaO3I3,1.721579,-1.922684,pass
Na2SnTaS3Br3,1.548761,-1.277222,pass
Na2SnTaS3I3,1.658820,-1.098796,pass
Na2SnTaSe3Cl3,1.537444,-1.460083,pass
Na2SnTaSe3Br3,1.404966,-1.356289,pass
Na2SnTaSe3I3,1.514848,-1.047573,pass
Na2SnCrO6,2.057719,-2.113194,pass
Na2SnCrSe6,0.985753,-0.994628,pass
Na2SnCrO3S3,2.043005,-1.728906,pass
Na2SnCrO3Se3,1.600753,-1.479220,pass
Na2SnCrO3F3,2.056902,-2.380163,pass
Na2SnCrO3Cl3,1.878040,-1.797696,pass
Na2SnCrO3Br3,1.589908,-1.650805,pass
Na2SnCrO3I3,1.566785,-1.454209,pass
Na2SnCrS3Se3,1.326772,-1.025294,pass
Na2SnCrS3I3,1.268181,-0.999303,pass
Na2SnCrSe3Br3,1.131472,-1.188552,pass
Na2SnCrSe3I3,1.219652,-0.985045,pass
Na2SnMoO6,1.919232,-2.103074,pass
Na2SnMoS6,1.650250,-1.048865,pass
Na2SnMoSe6,0.978715,-0.912138,pass
Na2SnMoO3S3,2.038975,-1.733959,pass
Na2SnMoO3Se3,1.667365,-1.466547,pass
Na2SnMoS3Se3,1.342711,-0.964633,pass
Na2SnWO6,2.054824,-2.089414,pass
Na2SnWS6,1.752885,-1.081044,pass
Na2SnWSe6,1.278317,-0.980659,pass
Na2SnWO3S3,1.960162,-1.640299,pass
Na2SnWO3Se3,1.785790,-1.413775,pass
Na2SnWS3Se3,1.575432,-1.007451,pass
Na2SnFeI6,0.694294,-0.910428,pass
Na2SnFeO3S3,1.900392,-1.597477,pass
Na2SnFeO3Se3,1.573700,-1.367570,pass
Na2SnFeO3F3,1.973790,-2.283920,pass
Na2SnFeO3Cl3,1.636688,-1.709772,pass
Na2SnFeO3Br3,1.525234,-1.422387,pass
Na2SnFeO3I3,1.393335,-1.313156,pass
Na2SnFeS3Se3,1.109408,-0.878164,pass
Na2SnFeS3I3,0.825278,-0.882873,pass
Na2SnFeSe3Cl3,1.080802,-1.172833,pass
Na2SnFeSe3Br3,0.887689,-1.125034,pass
Na2SnFeSe3I3,0.763272,-0.884471,pass
Na2SnFeF3I3,1.355028,-1.931535,pass
Na2SnFeCl3I3,1.072884,-1.193086,pass
Na2SnFeBr3I3,0.818495,-1.112115,pass
Na2SnMnI6,1.175015,-1.042172,pass
Na2SnMnO3S3,1.710100,-1.749018,pass
Na2SnMnO3Se3,1.395700,-1.424580,pass
Na2SnMnS3Se3,1.291875,-0.985592,pass
Na2SnMnF3I3,1.489437,-2.000856,pass
Na2SnMnCl3I3,1.310612,-1.267635,pass
Na2SnMnBr3I3,1.273064,-1.174292,pass
Na2SnBiO3F3,2.140047,-2.250267,pass
Na2SnBiO3Cl3,1.895438,-1.639955,pass
Na2SnBiO3Br3,1.800485,-1.417717,pass
Na2SnBiO3I3,1.543014,-1.270716,pass
Na2SnBiS3I3,1.559403,-0.900731,pass
Na2SnBiSe3I3,1.446918,-0.881229,pass
Na2SnSbO3F3,1.920626,-2.294209,pass
Na2SnSbO3Cl3,1.873114,-1.681382,pass
Na2SnSbO3Br3,1.680211,-1.375888,pass
Na2SnSbO3I3,1.478507,-1.276181,pass
Na2SnSbS3Br3,1.604206,-1.001072,pass
Na2SnSbS3I3,1.471376,-0.872555,pass
Na2SnSbSe3Cl3,1.639856,-1.104523,pass
Na2SnSbSe3Br3,1.420784,-1.034364,pass
Na2SnSbSe3I3,1.384534,-0.864057,pass
Na2SnCuBr6,0.916274,-1.194747,pass
Na2SnCuI6,0.858602,-0.884969,pass
Na2SnCuO3S3,1.407145,-1.647304,pass
Na2SnCuO3Se3,1.210567,-1.336228,pass
Na2SnCuS3Se3,1.348376,-0.814599,pass
Na2SnCuF3I3,0.949903,-1.835124,pass
Na2SnCuCl3I3,1.037437,-1.103806,pass
Na2SnCuBr3I3,0.878755,-1.097078,pass
Na2SnZnI6,1.095478,-0.970836,pass
Na2SnZnO3S3,1.855657,-1.680997,pass
Na2SnZnO3Se3,1.752387,-1.305143,pass
Na2SnZnS3Se3,1.672348,-0.951230,pass
Na2SnZnF3I3,1.382198,-1.925901,pass
Na2SnZnCl3I3,1.360287,-1.207978,pass
Na2SnZnBr3I3,1.251650,-1.153260,pass
Na2SnInO3F3,1.978659,-2.299063,pass
Na2SnInO3Cl3,1.946470,-1.748626,pass
Na2SnInO3Br3,1.661378,-1.536506,pass
Na2SnInO3I3,1.431672,-1.395446,pass
Na2SnInS3I3,1.446418,-0.928521,pass
Na2SnInSe3Br3,1.580832,-1.157172,pass
Na2SnInSe3I3,1.459661,-0.940109,pass
Na2SnGaO3F3,2.153333,-2.316658,pass
Na2SnGaO3Cl3,1.993081,-1.746660,pass
Na2SnGaO3Br3,1.658828,-1.552457,pass
Na2SnGaO3I3,1.534896,-1.406613,pass
Na2SnGaS3Br3,1.725031,-1.195029,pass
Na2SnGaS3I3,1.662932,-0.944758,pass
Na2SnGaSe3F3,1.563534,-1.832490,pass
Na2SnGaSe3Cl3,1.776829,-1.262238,pass
Na2SnGaSe3Br3,1.618858,-1.170399,pass
Na2SnGaSe3I3,1.503228,-0.923154,pass
Na2GeVO3F3,1.904997,-2.412942,pass
Na2GeVO3Cl3,1.890212,-1.852774,pass
Na2GeVO3Br3,1.525080,-1.761983,pass
Na2GeVO3I3,1.491930,-1.639040,pass
Na2GeVS3Cl3,1.504237,-1.327278,pass
Na2GeVS3Br3,1.155617,-1.257266,pass
Na2GeVS3I3,1.166672,-1.036831,pass
Na2GeVSe3F3,1.374613,-2.077848,pass
Na2GeVSe3Cl3,1.199227,-1.304069,pass
Na2GeVSe3Br3,1.176524,-1.246101,pass
Na2GeVSe3I3,1.189554,-0.982932,pass
Na2GeNbO3F3,1.924743,-2.498615,pass
Na2GeNbO3Cl3,1.851606,-1.923214,pass
Na2GeNbO3Br3,1.623494,-1.851866,pass
Na2GeNbO3I3,1.706574,-1.737762,pass
Na2GeNbS3Br3,1.298381,-1.233665,pass
Na2GeNbS3I3,1.407405,-1.052852,pass
Na2GeNbSe3F3,1.647549,-2.131451,pass
Na2GeNbSe3Cl3,1.317652,-1.296283,pass
Na2GeNbSe3Br3,1.198601,-1.236305,pass
Na2GeNbSe3I3,1.307085,-1.009820,pass
Na2GeTaO3F3,1.644895,-2.535258,pass
Na2GeTaO3Cl3,1.747911,-1.997505,pass
Na2GeTaO3Br3,1.597122,-1.906287,pass
Na2GeTaO3I3,1.694265,-1.804854,pass
Na2GeTaS3Br3,1.477787,-1.271801,pass
Na2GeTaS3I3,1.530562,-1.110441,pass
Na2GeTaSe3F3,1.508843,-2.192858,pass
Na2GeTaSe3Cl3,1.576173,-1.390288,pass
Na2GeTaSe3Br3,1.447839,-1.276739,pass
Na2GeTaSe3I3,1.488749,-1.011251,pass
Na2GeCrO6,1.809703,-2.158302,pass
Na2GeCrSe6,1.052290,-0.961926,pass
Na2GeCrO3S3,1.989810,-1.585083,pass
Na2GeCrO3Se3,1.621933,-1.542015,pass
Na2GeCrO3F3,1.883133,-2.356605,pass
Na2GeCrO3Cl3,1.824002,-1.680636,pass
Na2GeCrO3Br3,1.595617,-1.599314,pass
Na2GeCrO3I3,1.467579,-1.412210,pass
Na2GeCrS3Se3,1.431352,-1.024159,pass
Na2GeCrS3I3,1.198261,-1.012172,pass
Na2GeCrSe3Br3,1.109962,-1.144513,pass
Na2GeCrSe3I3,1.131920,-0.986084,pass
Na2GeMoO6,1.761490,-2.098182,pass
Na2GeMoS6,1.669427,-1.043018,pass
Na2GeMoSe6,1.031439,-0.901567,pass
Na2GeMoO3S3,1.962562,-1.588618,pass
Na2GeMoO3Se3,1.621060,-1.474530,pass
Na2GeMoS3Se3,1.337658,-0.942139,pass
Na2GeWO6,1.726047,-2.076157,pass
Na2GeWS6,1.792651,-1.060831,pass
Na2GeWSe6,1.290929,-0.954685,pass
Na2GeWO3S3,1.997354,-1.543817,pass
Na2GeWO3Se3,1.674829,-1.431826,pass
Na2GeWS3Se3,1.603984,-1.000463,pass
Na2GeFeBr6,0.944333,-1.250127,pass
Na2GeFeI6,0.653150,-0.903849,pass
Na2GeFeO3S3,1.946617,-1.567907,pass
Na2GeFeO3Se3,1.607044,-1.435792,pass
Na2GeFeO3F3,1.791301,-2.281480,pass
Na2GeFeO3Cl3,1.601715,-1.676833,pass
Na2GeFeO3Br3,1.417047,-1.506283,pass
Na2GeFeO3I3,1.416933,-1.401822,pass
Na2GeFeS3Se3,1.214554,-0.856379,pass
Na2GeFeS3Br3,1.110887,-1.121064,pass
Na2GeFeS3I3,0.818553,-0.898981,pass
Na2GeFeSe3F3,1.320372,-1.782800,pass
Na2GeFeSe3Cl3,1.113804,-1.189596,pass
Na2GeFeSe3Br3,0.940620,-1.125827,pass
Na2GeFeSe3I3,0.727649,-0.868767,pass
Na2GeFeF3I3,1.361490,-1.916916,pass
Na2GeFeCl3I3,1.014971,-1.197855,pass
Na2GeFeBr3I3,0.817591,-1.108446,pass
Na2GeMnBr6,1.254760,-1.322472,pass
Na2GeMnI6,0.993565,-1.010532,pass
Na2GeMnO3S3,1.735643,-1.605557,pass
Na2GeMnO3Se3,1.501365,-1.448859,pass
Na2GeMnS3Se3,1.398797,-0.984606,pass
Na2GeMnF3I3,1.481971,-1.943254,pass
Na2GeMnCl3I3,1.247371,-1.259589,pass
Na2GeMnBr3I3,1.125301,-1.155335,pass
Na2GeBiO3F3,2.253282,-2.183284,pass
Na2GeBiO3Cl3,2.007263,-1.624580,pass
Na2GeBiO3Br3,1.821638,-1.392959,pass
Na2GeBiO3I3,1.579370,-1.245796,pass
Na2GeBiS3I3,1.649827,-0.843156,pass
Na2GeBiSe3I3,1.536250,-0.844304,pass
Na2GeSbO3F3,2.187263,-2.248103,pass
Na2GeSbO3Cl3,2.010332,-1.709007,pass
Na2GeSbO3Br3,1.756594,-1.383970,pass
Na2GeSbO3I3,1.533595,-1.283309,pass
Na2GeSbS3Br3,1.574835,-0.948956,pass
Na2GeSbS3I3,1.463985,-0.838783,pass
Na2GeSbSe3F3,1.646656,-1.725426,pass
Na2GeSbSe3Cl3,1.707608,-1.047531,pass
Na2GeSbSe3Br3,1.370844,-0.990415,pass
Na2GeSbSe3I3,1.386881,-0.820184,pass
Na2GeCuBr6,0.954494,-1.190817,pass
Na2GeCuI6,0.795024,-0.869400,pass
Na2GeCuO3S3,1.454671,-1.599635,pass
Na2GeCuO3Se3,1.216889,-1.357266,pass
Na2GeCuS3Se3,1.453658,-0.810824,pass
Na2GeCuF3I3,0.908835,-1.859919,pass
Na2GeCuCl3I3,0.993561,-1.111556,pass
Na2GeCuBr3I3,0.861744,-1.097482,pass
Na2GeZnBr6,1.286767,-1.282131,pass
Na2GeZnI6,1.122852,-0.954333,pass
Na2GeZnO3S3,2.083606,-1.616886,pass
Na2GeZnO3Se3,1.812927,-1.328156,pass
Na2GeZnS3Se3,1.817238,-0.937006,pass
Na2GeZnF3I3,1.449384,-1.989973,pass
Na2GeZnCl3I3,1.363054,-1.206049,pass
Na2GeZnBr3I3,1.240795,-1.141220,pass
Na2GeInO3F3,2.065623,-2.286190,pass
Na2GeInO3Cl3,1.977240,-1.783948,pass
Na2GeInO3Br3,1.725530,-1.528738,pass
Na2GeInO3I3,1.554638,-1.369673,pass
Na2GeInS3I3,1.701296,-0.950919,pass
Na2GeInSe3Br3,1.534570,-1.169012,pass
Na2GeInSe3I3,1.507995,-0.931243,pass
Na2GeGaO3F3,2.375417,-2.326907,pass
Na2GeGaO3Cl3,2.117859,-1.736547,pass
Na2GeGaO3Br3,1.711186,-1.488705,pass
Na2GeGaO3I3,1.582456,-1.385616,pass
Na2GeGaS3Cl3,2.256052,-1.254092,pass
Na2GeGaS3Br3,1.880474,-1.155538,pass
Na2GeGaS3I3,1.680279,-0.941852,pass
Na2GeGaSe3F3,1.749000,-1.815103,pass
Na2GeGaSe3Cl3,1.897948,-1.239461,pass
Na2GeGaSe3Br3,1.663631,-1.176920,pass
Na2GeGaSe3I3,1.501480,-0.937151,pass
Na2TiCrO6,2.133693,-2.651471,pass
Na2TiCrSe6,0.979139,-1.281546,pass
Na2TiCrO3S3,1.485920,-2.039129,pass
Na2TiCrO3Se3,1.610946,-2.082978,pass
Na2TiCrO3F3,2.039203,-2.826937,pass
Na2TiCrO3Cl3,1.680716,-2.143970,pass
Na2TiCrO3Br3,1.658907,-2.033265,pass
Na2TiCrO3I3,1.623794,-2.015824,pass
Na2TiCrS3Se3,1.120593,-1.282287,pass
Na2TiCrS3I3,1.227969,-1.311015,pass
Na2TiCrSe3Br3,1.186500,-1.424151,pass
Na2TiCrSe3I3,1.052605,-1.252505,pass
Na2TiMoO6,2.151661,-2.670587,pass
Na2TiMoS6,1.430172,-1.355678,pass
Na2TiMoSe6,0.975537,-1.176523,pass
Na2TiMoO3S3,1.784632,-2.008864,pass
Na2TiMoO3Se3,1.596064,-2.002402,pass
Na2TiMoS3Se3,1.121310,-1.178210,pass
Na2TiWO6,2.083154,-2.778112,pass
Na2TiWS6,1.444852,-1.361337,pass
Na2TiWSe6,1.116518,-1.155808,pass
Na2TiWO3S3,1.836405,-1.961037,pass
Na2TiWO3Se3,1.679136,-1.929362,pass
Na2TiWS3Se3,1.302657,-1.192856,pass
Na2TiFeO3F3,2.092768,-2.690976,pass
Na2TiFeO3Cl3,1.626160,-2.088025,pass
Na2TiFeO3Br3,1.529968,-1.993136,pass
Na2TiFeO3I3,1.539970,-1.922429,pass
Na2TiFeS3I3,1.066483,-1.210702,pass
Na2TiFeSe3Br3,1.100821,-1.365364,pass
Na2TiFeSe3I3,1.034303,-1.152970,pass
Na2TiBiO3Cl3,2.157501,-1.989664,pass
Na2TiBiO3Br3,1.855423,-1.921867,pass
Na2TiBiO3I3,1.737805,-1.779142,pass
Na2TiBiS3I3,1.550740,-1.059637,pass
Na2TiBiSe3I3,1.524561,-1.059544,pass
Na2TiSbO3F3,2.224193,-2.740925,pass
Na2TiSbO3Cl3,2.098475,-2.008664,pass
Na2TiSbO3Br3,1.663056,-1.922111,pass
Na2TiSbO3I3,1.647349,-1.768149,pass
Na2TiSbS3I3,1.332782,-1.064622,pass
Na2TiSbSe3Cl3,1.465585,-1.434677,pass
Na2TiSbSe3Br3,1.250559,-1.360300,pass
Na2TiSbSe3I3,1.284632,-1.039000,pass
Na2TiInO3F3,2.362665,-2.774945,pass
Na2TiInO3Cl3,2.104814,-2.150708,pass
Na2TiInO3Br3,1.720774,-2.056124,pass
Na2TiInO3I3,1.595191,-2.036157,pass
Na2TiInS3I3,1.414606,-1.297280,pass
Na2TiInSe3Br3,1.419954,-1.427384,pass
Na2TiInSe3I3,1.360163,-1.233003,pass
Na2TiGaO3F3,2.365146,-2.659835,pass
Na2TiGaO3Cl3,2.176262,-2.136205,pass
Na2TiGaO3Br3,1.807764,-2.080497,pass
Na2TiGaO3I3,1.744892,-2.034227,pass
Na2TiGaS3Br3,1.526314,-1.399522,pass
Na2TiGaS3I3,1.489027,-1.255404,pass
Na2TiGaSe3F3,1.728053,-2.267022,pass
Na2TiGaSe3Cl3,1.626878,-1.596239,pass
Na2TiGaSe3Br3,1.521988,-1.434450,pass
Na2TiGaSe3I3,1.390044,-1.229116,pass
Na2ZrCrO6,1.879674,-2.611950,pass
Na2ZrCrSe6,1.016192,-1.308026,pass
Na2ZrCrO3S3,1.569195,-2.032708,pass
Na2ZrCrO3Se3,1.573077,-2.121494,pass
Na2ZrCrO3F3,1.988217,-2.802217,pass
Na2ZrCrO3Cl3,1.559002,-2.129179,pass
Na2ZrCrO3Br3,1.632723,-2.053725,pass
Na2ZrCrO3I3,1.573292,-2.008575,pass
Na2ZrCrS3I3,1.192008,-1.331194,pass
Na2ZrCrSe3Br3,1.131958,-1.510257,pass
Na2ZrCrSe3I3,1.122510,-1.247334,pass
Na2ZrMoO6,1.843144,-2.739298,pass
Na2ZrMoS6,1.372815,-1.478903,pass
Na2ZrMoSe6,1.075085,-1.184900,pass
Na2ZrMoO3S3,1.738994,-2.016800,pass
Na2ZrMoO3Se3,1.658811,-1.994964,pass
Na2ZrMoS3Se3,1.124482,-1.245945,pass
Na2ZrWO6,1.944960,-2.778918,pass
Na2ZrWS6,1.430652,-1.489066,pass
Na2ZrWSe6,1.248846,-1.263581,pass
Na2ZrWO3S3,1.756002,-1.995412,pass
Na2ZrWO3Se3,1.711669,-1.932729,pass
Na2ZrWS3Se3,1.332882,-1.326921,pass
Na2ZrFeO3F3,2.126411,-2.747281,pass
Na2ZrFeO3Cl3,1.586275,-2.090691,pass
Na2ZrFeO3Br3,1.463387,-2.015994,pass
Na2ZrFeO3I3,1.518023,-1.921152,pass
Na2ZrFeS3I3,1.157424,-1.297476,pass
Na2ZrFeSe3Br3,1.081095,-1.441879,pass
Na2ZrFeSe3I3,1.165341,-1.252107,pass
Na2ZrBiO3Cl3,1.969086,-2.055949,pass
Na2ZrBiO3Br3,1.664364,-1.974663,pass
Na2ZrBiO3I3,1.652534,-1.895263,pass
Na2ZrBiS3I3,1.671956,-1.249225,pass
Na2ZrBiSe3I3,1.558371,-1.212663,pass
Na2ZrSbO3F3,2.168918,-2.756783,pass
Na2ZrSbO3Cl3,2.106775,-2.055492,pass
Na2ZrSbO3Br3,1.548091,-1.973449,pass
Na2ZrSbO3I3,1.585271,-1.883798,pass
Na2ZrSbS3I3,1.415915,-1.228231,pass
Na2ZrSbSe3Cl3,1.622076,-1.527354,pass
Na2ZrSbSe3Br3,1.375881,-1.389686,pass
Na2ZrSbSe3I3,1.401635,-1.145343,pass
Na2ZrInO3F3,2.046488,-2.780814,pass
Na2ZrInO3Cl3,2.046317,-2.197698,pass
Na2ZrInO3Br3,1.688359,-2.083973,pass
Na2ZrInO3I3,1.542311,-2.043101,pass
Na2ZrInS3I3,1.521704,-1.352515,pass
Na2ZrInSe3Br3,1.456217,-1.512383,pass
Na2ZrInSe3I3,1.473649,-1.314758,pass
Na2ZrGaO3F3,2.289234,-2.688467,pass
Na2ZrGaO3Cl3,2.085719,-2.190787,pass
Na2ZrGaO3Br3,1.780601,-2.102266,pass
Na2ZrGaO3I3,1.627756,-2.039453,pass
Na2ZrGaS3Br3,1.567182,-1.512996,pass
Na2ZrGaS3I3,1.568793,-1.334694,pass
Na2ZrGaSe3F3,1.687046,-2.324576,pass
Na2ZrGaSe3Cl3,1.575610,-1.596794,pass
Na2ZrGaSe3Br3,1.436726,-1.469715,pass
Na2ZrGaSe3I3,1.540232,-1.302150,pass
Na2VNbO6,2.223906,-2.747099,pass
Na2VNbS6,1.370313,-1.388429,pass
Na2VNbSe6,1.079536,-1.179767,pass
Na2VNbO3S3,1.864469,-2.064723,pass
Na2VNbO3Se3,1.675048,-2.110637,pass
Na2VNbS3Se3,1.129232,-1.189863,pass
Na2VTaO6,2.043999,-2.855854,pass
Na2VTaS6,1.538049,-1.412612,pass
Na2VTaSe6,1.204432,-1.186591,pass
Na2VTaO3S3,1.912680,-2.074264,pass
Na2VTaO3Se3,1.777235,-2.144515,pass
Na2VTaS3Se3,1.295969,-1.252535,pass
Na2VFeO3F3,2.026918,-2.621058,pass
Na2VFeO3Cl3,1.645143,-1.963104,pass
Na2VFeO3Br3,1.459444,-1.824816,pass
Na2VFeO3I3,1.530556,-1.730192,pass
Na2VFeS3Br3,1.102135,-1.268466,pass
Na2VFeS3I3,1.182782,-1.060736,pass
Na2VFeSe3F3,1.482686,-2.149729,pass
Na2VFeSe3Cl3,1.148132,-1.370954,pass
Na2VFeSe3Br3,1.151317,-1.281075,pass
Na2VFeSe3I3,1.133399,-1.038760,pass
Na2VMnO3F3,2.062371,-2.678907,pass
Na2VMnO3Cl3,1.722851,-2.007745,pass
Na2VMnO3Br3,1.469498,-1.949154,pass
Na2VMnO3I3,1.454297,-1.869816,pass
Na2VMnS3Br3,1.206282,-1.341623,pass
Na2VMnS3I3,1.228926,-1.167646,pass
Na2VMnSe3Cl3,1.232175,-1.429228,pass
Na2VMnSe3Br3,1.165362,-1.337365,pass
Na2VMnSe3I3,1.210618,-1.162203,pass
Na2VSbO6,1.754024,-2.188040,pass
Na2VSbS6,1.379170,-1.065893,pass
Na2VSbSe6,0.924022,-0.967846,pass
Na2VSbO3S3,1.806242,-1.660903,pass
Na2VSbO3Se3,1.417238,-1.525496,pass
Na2VSbS3Se3,1.239022,-1.007533,pass
Na2VCuO3F3,1.390631,-2.388331,pass
Na2VCuO3Cl3,1.376499,-1.860001,pass
Na2VCuO3Br3,1.331983,-1.704893,pass
Na2VCuO3I3,1.326119,-1.518419,pass
Na2VCuS3Br3,1.196885,-1.195662,pass
Na2VCuS3I3,1.181512,-1.033683,pass
Na2VCuSe3F3,1.257500,-1.937591,pass
Na2VCuSe3Cl3,1.216825,-1.269409,pass
Na2VCuSe3Br3,1.158796,-1.212972,pass
Na2VCuSe3I3,1.197350,-0.959502,pass
Na2VZnO3F3,1.907498,-2.449234,pass
Na2VZnO3Cl3,1.754694,-1.900716,pass
Na2VZnO3Br3,1.557888,-1.734617,pass
Na2VZnO3I3,1.483150,-1.557116,pass
Na2VZnS3Br3,1.220126,-1.253307,pass
Na2VZnS3I3,1.181112,-1.135320,pass
Na2VZnSe3Cl3,1.277028,-1.343873,pass
Na2VZnSe3Br3,1.131074,-1.258422,pass
Na2VZnSe3I3,1.196710,-1.108204,pass
Na2NbTaO6,1.722983,-2.890015,pass
Na2NbTaS6,1.427135,-1.416011,pass
Na2NbTaSe6,1.231613,-1.153163,pass
Na2NbTaO3S3,1.758816,-2.126091,pass
Na2NbTaO3Se3,1.713887,-2.163595,pass
Na2NbTaS3Se3,1.382254,-1.243494,pass
Na2NbFeO3F3,1.961171,-2.672701,pass
Na2NbFeO3Cl3,1.511913,-2.074748,pass
Na2NbFeO3Br3,1.649911,-1.943589,pass
Na2NbFeO3I3,1.706670,-1.854138,pass
Na2NbFeS3Br3,1.206362,-1.249440,pass
Na2NbFeS3I3,1.357548,-1.080231,pass
Na2NbFeSe3Cl3,1.225272,-1.361979,pass
Na2NbFeSe3Br3,1.225678,-1.264128,pass
Na2NbFeSe3I3,1.258063,-1.062326,pass
Na2NbMnO3F3,2.010607,-2.817782,pass
Na2NbMnO3Cl3,1.767038,-2.071435,pass
Na2NbMnO3Br3,1.508004,-1.984576,pass
Na2NbMnO3I3,1.504527,-1.909394,pass
Na2NbMnS3I3,1.334074,-1.152671,pass
Na2NbMnSe3Cl3,1.210025,-1.414002,pass
Na2NbMnSe3Br3,1.200441,-1.336276,pass
Na2NbMnSe3I3,1.306247,-1.138239,pass
Na2NbSbO6,1.844479,-2.317368,pass
Na2NbSbS6,1.574989,-1.062365,pass
Na2NbSbSe6,1.074454,-0.959594,pass
Na2NbSbO3S3,1.871745,-1.663653,pass
Na2NbSbO3Se3,1.530302,-1.606285,pass
Na2NbSbS3Se3,1.447863,-0.998835,pass
Na2NbCuO3F3,1.360220,-2.449359,pass
Na2NbCuO3Cl3,1.354828,-1.859693,pass
Na2NbCuO3Br3,1.318749,-1.762653,pass
Na2NbCuO3I3,1.312867,-1.585311,pass
Na2NbCuS3Br3,1.060729,-1.179180,pass
Na2NbCuS3I3,1.112539,-1.039271,pass
Na2NbCuSe3Cl3,1.073250,-1.242667,pass
Na2NbCuSe3Br3,1.028809,-1.207771,pass
Na2NbCuSe3I3,1.100323,-0.966896,pass
Na2NbZnO3F3,1.802308,-2.465177,pass
Na2NbZnO3Cl3,1.780737,-1.944438,pass
Na2NbZnO3Br3,1.583489,-1.810680,pass
Na2NbZnO3I3,1.509769,-1.668970,pass
Na2NbZnS3I3,1.350640,-1.127274,pass
Na2NbZnSe3Cl3,1.390084,-1.318469,pass
Na2NbZnSe3Br3,1.217069,-1.232652,pass
Na2NbZnSe3I3,1.282327,-1.099348,pass
Na2TaFeO3F3,1.687622,-2.812964,pass
Na2TaFeO3Cl3,1.699051,-2.102960,pass
Na2TaFeO3Br3,1.774834,-1.951968,pass
Na2TaFeO3I3,1.716518,-1.848226,pass
Na2TaFeS3Br3,1.325859,-1.266876,pass
Na2TaFeS3I3,1.520605,-1.161049,pass
Na2TaFeSe3Cl3,1.349291,-1.427752,pass
Na2TaFeSe3Br3,1.279895,-1.287549,pass
Na2TaFeSe3I3,1.437272,-1.081277,pass
Na2TaMnO3F3,1.695333,-2.870926,pass
Na2TaMnO3Cl3,1.592638,-2.127234,pass
Na2TaMnO3Br3,1.624118,-2.005601,pass
Na2TaMnO3I3,1.465126,-1.949832,pass
Na2TaMnS3I3,1.404575,-1.181565,pass
Na2TaMnSe3Cl3,1.310078,-1.472297,pass
Na2TaMnSe3Br3,1.237277,-1.392828,pass
Na2TaMnSe3I3,1.319173,-1.145466,pass
Na2TaSbO6,1.668528,-2.401278,pass
Na2TaSbS6,1.610533,-1.104812,pass
Na2TaSbSe6,1.148661,-1.016552,pass
Na2TaSbO3S3,1.720075,-1.809424,pass
Na2TaSbO3Se3,1.523773,-1.662342,pass
Na2TaSbS3Se3,1.483217,-1.049964,pass
Na2TaCuO3F3,1.400391,-2.647341,pass
Na2TaCuO3Cl3,1.460372,-2.020182,pass
Na2TaCuO3Br3,1.449047,-1.822978,pass
Na2TaCuO3I3,1.354671,-1.678564,pass
Na2TaCuS3Br3,1.315826,-1.176011,pass
Na2TaCuS3I3,1.361339,-1.047356,pass
Na2TaCuSe3Cl3,1.317281,-1.286140,pass
Na2TaCuSe3Br3,1.205929,-1.212810,pass
Na2TaCuSe3I3,1.305221,-1.011607,pass
Na2TaZnO3F3,1.413128,-2.539781,pass
Na2TaZnO3Cl3,1.505684,-2.066486,pass
Na2TaZnO3Br3,1.458224,-1.842570,pass
Na2TaZnO3I3,1.420550,-1.716326,pass
Na2TaZnS3I3,1.532148,-1.156834,pass
Na2TaZnSe3Cl3,1.489035,-1.388420,pass
Na2TaZnSe3Br3,1.383740,-1.302104,pass
Na2TaZnSe3I3,1.381509,-1.133127,pass
Na2CrMoO6,1.944389,-2.083247,pass
Na2CrMoSe6,1.158538,-1.068959,pass
Na2CrMoO3S3,1.737271,-1.708933,pass
Na2CrMoO3Se3,1.513347,-1.623117,pass
Na2CrMoO3F3,1.824272,-2.567163,pass
Na2CrMoO3Cl3,1.661802,-1.681627,pass
Na2CrMoO3Br3,1.492638,-1.621388,pass
Na2CrMoO3I3,1.393037,-1.499360,pass
Na2CrMoS3Se3,1.128609,-1.087375,pass
Na2CrMoS3I3,1.130370,-1.045474,pass
Na2CrMoSe3Br3,1.082380,-1.219497,pass
Na2CrMoSe3I3,1.094830,-1.031422,pass
Na2CrWO6,1.851295,-2.172659,pass
Na2CrWSe6,1.208569,-1.086629,pass
Na2CrWO3S3,1.863188,-1.697236,pass
Na2CrWO3Se3,1.616530,-1.597357,pass
Na2CrWO3F3,1.619820,-2.580779,pass
Na2CrWO3Cl3,1.801663,-1.669196,pass
Na2CrWO3Br3,1.706937,-1.608743,pass
Na2CrWO3I3,1.552260,-1.532867,pass
Na2CrWS3Se3,1.297414,-1.128645,pass
Na2CrWS3I3,1.437251,-1.082158,pass
Na2CrWSe3Br3,1.327771,-1.217383,pass
Na2CrWSe3I3,1.400837,-1.070969,pass
Na2CrMnO6,1.558461,-2.032633,pass
Na2CrMnSe6,1.023555,-1.096109,pass
Na2CrMnO3S3,1.480580,-1.651295,pass
Na2CrMnO3Se3,1.575927,-1.559484,pass
Na2CrMnO3F3,2.063450,-2.526808,pass
Na2CrMnO3Cl3,1.767799,-1.713630,pass
Na2CrMnO3Br3,1.561013,-1.722779,pass
Na2CrMnO3I3,1.562829,-1.590618,pass
Na2CrMnS3I3,1.316273,-1.114372,pass
Na2CrMnSe3I3,1.254947,-1.122481,pass
Na2CrAgI6,0.820998,-0.935895,pass
Na2CrAgO3Br3,1.365641,-1.520139,pass
Na2CrAgO3I3,1.248870,-1.306948,pass
Na2CrAgS3I3,1.084211,-0.951675,pass
Na2CrAgSe3I3,1.005059,-0.937128,pass
Na2CrAgBr3I3,0.864008,-1.067947,pass
Na2MoWO6,1.918248,-2.087840,pass
Na2MoWS6,1.542726,-1.165256,pass
Na2MoWSe6,1.210456,-0.997995,pass
Na2MoWO3S3,1.663864,-1.609847,pass
Na2MoWO3Se3,1.526188,-1.483259,pass
Na2MoWS3Se3,1.354452,-1.035713,pass
Na2MoFeO3F3,1.895564,-2.424855,pass
Na2MoFeO3Cl3,1.496327,-1.597081,pass
Na2MoFeO3Br3,1.581927,-1.555372,pass
Na2MoFeO3I3,1.630186,-1.472720,pass
Na2MoFeS3Br3,1.182990,-1.131497,pass
Na2MoFeS3I3,1.230006,-0.971861,pass
Na2MoFeSe3F3,1.500888,-1.911050,pass
Na2MoFeSe3Cl3,1.249538,-1.211150,pass
Na2MoFeSe3Br3,1.204872,-1.086801,pass
Na2MoFeSe3I3,1.203979,-0.946292,pass
Na2MoMnO6,1.922772,-2.017825,pass
Na2MoMnS6,1.324224,-1.131310,pass
Na2MoMnSe6,1.023411,-1.036363,pass
Na2MoMnO3S3,1.732410,-1.655278,pass
Na2MoMnO3Se3,1.637432,-1.559191,pass
Na2MoMnS3Se3,1.233116,-1.065618,pass
Na2MoBiO3F3,1.911712,-2.258463,pass
Na2MoBiO3Cl3,1.823553,-1.711258,pass
Na2MoBiO3Br3,1.643279,-1.382686,pass
Na2MoBiO3I3,1.433647,-1.318263,pass
Na2MoBiS3I3,1.301061,-0.927238,pass
Na2MoBiSe3I3,1.139205,-0.931551,pass
Na2MoSbO3F3,1.629052,-2.317369,pass
Na2MoSbO3Cl3,1.796154,-1.729556,pass
Na2MoSbO3Br3,1.498979,-1.432160,pass
Na2MoSbO3I3,1.452959,-1.357553,pass
Na2MoSbS3Br3,1.263820,-1.020082,pass
Na2MoSbS3I3,1.223164,-0.906322,pass
Na2MoSbSe3F3,1.445065,-1.761152,pass
Na2MoSbSe3Cl3,1.229838,-1.123725,pass
Na2MoSbSe3Br3,1.068414,-0.999326,pass
Na2MoSbSe3I3,1.042427,-0.898877,pass
Na2MoAgO3F3,1.644122,-2.303135,pass
Na2MoAgO3Cl3,1.471433,-1.579496,pass
Na2MoAgO3Br3,1.308836,-1.392739,pass
Na2MoAgO3I3,1.326353,-1.308512,pass
Na2MoAgS3I3,1.144087,-0.929613,pass
Na2MoAgSe3I3,1.007660,-0.904347,pass
Na2MoInO3F3,2.090185,-2.376993,pass
Na2MoInO3Cl3,2.090702,-1.802007,pass
Na2MoInO3Br3,1.794078,-1.675423,pass
Na2MoInO3I3,1.706047,-1.553632,pass
Na2MoInS3I3,1.357777,-0.979298,pass
Na2MoInSe3Br3,1.192421,-1.151155,pass
Na2MoInSe3I3,1.183098,-0.958820,pass
Na2MoGaO3F3,2.153354,-2.386339,pass
Na2MoGaO3Cl3,2.122650,-1.787617,pass
Na2MoGaO3Br3,1.790296,-1.706291,pass
Na2MoGaO3I3,1.804987,-1.583860,pass
Na2MoGaS3Cl3,1.643706,-1.262529,pass
Na2MoGaS3Br3,1.464522,-1.151460,pass
Na2MoGaS3I3,1.394978,-0.982587,pass
Na2MoGaSe3F3,1.665637,-1.867748,pass
Na2MoGaSe3Cl3,1.428114,-1.289493,pass
Na2MoGaSe3Br3,1.244311,-1.134602,pass
Na2MoGaSe3I3,1.267313,-0.959739,pass
Na2WFeO3F3,1.678141,-2.507499,pass
Na2WFeO3Cl3,1.710472,-1.596599,pass
Na2WFeO3Br3,1.769015,-1.508218,pass
Na2WFeO3I3,1.701651,-1.485735,pass
Na2WFeS3Br3,1.438467,-1.117078,pass
Na2WFeS3I3,1.549230,-1.018957,pass
Na2WFeSe3F3,1.752878,-1.868569,pass
Na2WFeSe3Cl3,1.428580,-1.219100,pass
Na2WFeSe3Br3,1.280119,-1.093512,pass
Na2WFeSe3I3,1.467212,-0.960191,pass
Na2WMnO6,1.698898,-2.154684,pass
Na2WMnS6,1.533735,-1.170757,pass
Na2WMnSe6,1.166072,-1.053344,pass
Na2WMnO3S3,1.741784,-1.658914,pass
Na2WMnO3Se3,1.628382,-1.569769,pass
Na2WMnS3Se3,1.397355,-1.074847,pass
Na2WBiO3F3,1.895576,-2.291643,pass
Na2WBiO3Cl3,1.973190,-1.672705,pass
Na2WBiO3Br3,1.578702,-1.416243,pass
Na2WBiO3I3,1.397768,-1.370968,pass
Na2WBiS3I3,1.535480,-0.964325,pass
Na2WBiSe3I3,1.418612,-0.950306,pass
Na2WSbO3F3,1.718054,-2.313951,pass
Na2WSbO3Cl3,1.806599,-1.688015,pass
Na2WSbO3Br3,1.555172,-1.409601,pass
Na2WSbO3I3,1.429515,-1.364909,pass
Na2WSbS3Br3,1.403352,-1.046722,pass
Na2WSbS3I3,1.442688,-0.943738,pass
Na2WSbSe3F3,1.546802,-1.761516,pass
Na2WSbSe3Cl3,1.387001,-1.087585,pass
Na2WSbSe3Br3,1.245547,-1.012503,pass
Na2WSbSe3I3,1.297112,-0.904238,pass
Na2WAgO3F3,1.490201,-2.307987,pass
Na2WAgO3Cl3,1.511505,-1.563419,pass
Na2WAgO3Br3,1.430043,-1.394991,pass
Na2WAgO3I3,1.422913,-1.338429,pass
Na2WAgS3I3,1.537882,-0.932917,pass
Na2WAgSe3I3,1.392161,-0.907958,pass
Na2WInO3F3,2.106779,-2.345484,pass
Na2WInO3Cl3,1.908906,-1.735946,pass
Na2WInO3Br3,1.737755,-1.568153,pass
Na2WInO3I3,1.755310,-1.509249,pass
Na2WInS3I3,1.605202,-1.049227,pass
Na2WInSe3Br3,1.479743,-1.120021,pass
Na2WInSe3I3,1.525810,-1.002376,pass
Na2WGaO3F3,2.049422,-2.342400,pass
Na2WGaO3Cl3,2.046712,-1.723517,pass
Na2WGaO3Br3,1.774902,-1.577422,pass
Na2WGaO3I3,1.713542,-1.546734,pass
Na2WGaS3Cl3,1.623253,-1.264003,pass
Na2WGaS3Br3,1.595626,-1.153649,pass
Na2WGaS3I3,1.587920,-1.054750,pass
Na2WGaSe3F3,1.718450,-1.830553,pass
Na2WGaSe3Cl3,1.585533,-1.313343,pass
Na2WGaSe3Br3,1.509887,-1.144390,pass
Na2WGaSe3I3,1.611728,-1.011544,pass
Na2FeMnO6,1.441292,-1.793802,pass
Na2FeMnSe6,1.007501,-0.955436,pass
Na2FeMnI6,0.840480,-1.058053,pass
Na2FeMnO3S3,1.403254,-1.598668,pass
Na2FeMnO3Se3,1.499637,-1.386032,pass
Na2FeMnO3F3,1.868822,-2.421053,pass
Na2FeMnO3Cl3,1.579129,-1.677292,pass
Na2FeMnO3Br3,1.612386,-1.687127,pass
Na2FeMnO3I3,1.610289,-1.539285,pass
Na2FeMnS3Se3,1.015451,-0.972223,pass
Na2FeMnS3I3,0.946267,-1.013977,pass
Na2FeMnSe3Br3,1.105116,-1.193283,pass
Na2FeMnSe3I3,0.958059,-0.996219,pass
Na2FeMnF3I3,1.446896,-1.978038,pass
Na2FeMnCl3I3,1.055229,-1.285295,pass
Na2FeMnBr3I3,0.845587,-1.161462,pass
Na2FeSbO3F3,1.785419,-2.277311,pass
Na2FeSbO3Cl3,1.631123,-1.762679,pass
Na2FeSbO3Br3,1.543649,-1.436728,pass
Na2FeSbO3I3,1.450716,-1.309632,pass
Na2FeSbS3I3,0.824434,-0.856253,pass
Na2FeSbSe3Cl3,1.013238,-1.164183,pass
Na2FeSbSe3Br3,0.835714,-1.116019,pass
Na2FeSbSe3I3,0.664816,-0.817497,pass
Na2FeCuBr6,0.745953,-1.200771,pass
Na2FeCuI6,0.531592,-0.832577,pass
Na2FeCuF3I3,1.269787,-1.878830,pass
Na2FeCuCl3I3,0.838322,-1.124537,pass
Na2FeCuBr3I3,0.636828,-1.040602,pass
Na2FeAgI6,0.551834,-0.831687,pass
Na2FeAgCl3I3,0.810894,-1.119264,pass
Na2FeAgBr3I3,0.652335,-1.043336,pass
Na2FeZnI6,0.704459,-0.997828,pass
Na2FeZnF3I3,1.302345,-1.937534,pass
Na2FeZnCl3I3,0.879409,-1.221498,pass
Na2FeZnBr3I3,0.749147,-1.085848,pass
Na2MnBiO6,1.304155,-1.916521,pass
Na2MnBiSe6,0.846773,-0.882946,pass
Na2MnBiO3S3,1.514912,-1.629519,pass
Na2MnBiO3Se3,1.386891,-1.325741,pass
Na2MnBiO3Cl3,1.503120,-1.697805,pass
Na2MnBiO3Br3,1.446759,-1.471106,pass
Na2MnBiO3I3,1.343300,-1.276694,pass
Na2MnBiS3I3,1.237771,-0.885437,pass
Na2MnBiSe3I3,1.095789,-0.874342,pass
Na2MnSbO6,1.449271,-2.073554,pass
Na2MnSbSe6,0.747186,-0.896972,pass
Na2MnSbI6,1.068547,-0.983021,pass
Na2MnSbO3S3,1.639725,-1.565178,pass
Na2MnSbO3Se3,1.327918,-1.356063,pass
Na2MnSbO3F3,1.728741,-2.387001,pass
Na2MnSbO3Cl3,1.620045,-1.761667,pass
Na2MnSbO3Br3,1.344469,-1.525973,pass
Na2MnSbO3I3,1.334346,-1.329405,pass
Na2MnSbS3Se3,1.100076,-0.914640,pass
Na2MnSbS3I3,1.206463,-0.882752,pass
Na2MnSbSe3Br3,1.122532,-1.152592,pass
Na2MnSbSe3I3,1.043633,-0.890316,pass
Na2MnSbF3I3,1.461347,-2.006217,pass
Na2MnSbCl3I3,1.226540,-1.232350,pass
Na2MnSbBr3I3,1.157375,-1.154245,pass
Na2MnCuI6,1.092710,-1.008062,pass
Na2MnCuF3I3,1.438137,-1.919763,pass
Na2MnCuCl3I3,1.295354,-1.220659,pass
Na2MnCuBr3I3,1.147427,-1.124109,pass
Na2MnZnI6,1.271170,-1.048714,pass
Na2MnZnF3I3,1.544960,-2.023624,pass
Na2MnZnCl3I3,1.379337,-1.261708,pass
Na2MnZnBr3I3,1.300597,-1.181693,pass
Na2MnInO6,1.479982,-2.096096,pass
Na2MnInSe6,1.062787,-0.955218,pass
Na2MnInO3S3,1.711570,-1.787672,pass
Na2MnInO3Se3,1.445525,-1.446791,pass
Na2MnInO3F3,1.862720,-2.418033,pass
Na2MnInO3Cl3,1.524253,-1.828487,pass
Na2MnInO3Br3,1.363539,-1.661483,pass
Na2MnInO3I3,1.341393,-1.516998,pass
Na2MnInS3I3,1.241426,-1.046949,pass
Na2MnInSe3I3,1.144402,-1.019777,pass
Na2MnGaO6,1.548077,-2.092742,pass
Na2MnGaS6,1.512537,-1.106092,pass
Na2MnGaSe6,1.191960,-0.955736,pass
Na2MnGaO3S3,1.819111,-1.767184,pass
Na2MnGaO3Se3,1.574166,-1.441952,pass
Na2MnGaO3F3,2.021007,-2.416942,pass
Na2MnGaO3Cl3,1.562444,-1.780897,pass
Na2MnGaO3Br3,1.466883,-1.651845,pass
Na2MnGaO3I3,1.407803,-1.526434,pass
Na2MnGaS3Se3,1.451656,-1.007529,pass
Na2MnGaS3Br3,1.317204,-1.178271,pass
Na2MnGaS3I3,1.227751,-1.006944,pass
Na2MnGaSe3Cl3,1.287938,-1.304154,pass
Na2MnGaSe3Br3,1.254961,-1.222863,pass
Na2MnGaSe3I3,1.115643,-1.024502,pass
Na2SbCuO3F3,1.018760,-2.190327,pass
Na2SbCuO3Cl3,1.093128,-1.726555,pass
Na2SbCuO3Br3,0.999454,-1.346923,pass
Na2SbCuO3I3,0.935475,-1.206133,pass
Na2SbCuS3Br3,1.040584,-1.012631,pass
Na2SbCuS3I3,1.049622,-0.765103,pass
Na2SbCuSe3Cl3,1.019487,-1.077533,pass
Na2SbCuSe3Br3,0.899252,-1.014026,pass
Na2SbCuSe3I3,0.941684,-0.778649,pass
Na2SbAgI6,1.004794,-0.866363,pass
Na2SbAgO3S3,1.717003,-1.476467,pass
Na2SbAgO3Se3,1.438506,-1.202109,pass
Na2SbAgCl3I3,1.326018,-1.017113,pass
Na2SbAgBr3I3,1.062299,-1.039202,pass
Na2SbZnO3F3,1.807454,-2.234787,pass
Na2SbZnO3Cl3,1.653089,-1.753672,pass
Na2SbZnO3Br3,1.372112,-1.374090,pass
Na2SbZnO3I3,1.205308,-1.182531,pass
Na2SbZnS3I3,1.445734,-0.888796,pass
Na2SbZnSe3Br3,1.401904,-1.123240,pass
Na2SbZnSe3I3,1.358798,-0.894724,pass
Na2CuZnI6,0.999958,-0.945784,pass
Na2CuZnF3I3,1.291465,-1.900486,pass
Na2CuZnCl3I3,1.181829,-1.140183,pass
Na2CuZnBr3I3,1.080070,-1.101847,pass
Na2AgInI6,1.177495,-0.994045,pass
Na2AgInBr3I3,1.271216,-1.146100,pass
Na2AgGaI6,1.203191,-0.932266,pass
Na2AgGaF3I3,1.075874,-1.876372,pass
Na2AgGaCl3I3,1.259596,-1.195419,pass
Na2AgGaBr3I3,1.222016,-1.159311,pass
Li2SnGaS3Br3,1.749176,-1.157310,pass
Li2SnGaSe3F3,1.681932,-1.764691,pass
Li2SnGaSe3Cl3,1.769661,-1.232481,pass
Li2GeVO3F3,1.793403,-2.344762,pass
Li2GeVO3Cl3,1.931573,-1.907848,pass
Li2GeVO3Br3,1.469373,-1.718242,pass
Li2GeVO3I3,1.581830,-1.626619,pass
Li2GeVS3Cl3,1.454809,-1.277508,pass
Li2GeVS3Br3,1.169074,-1.232999,pass
Li2GeVS3I3,1.373793,-1.043420,pass
Li2GeVSe3F3,1.479218,-1.919721,pass
Li2GeVSe3Cl3,1.273932,-1.320680,pass
Li2GeVSe3Br3,1.164931,-1.254310,pass
Li2GeVSe3I3,1.352160,-0.986458,pass
Li2GeNbS3Br3,1.293869,-1.250154,pass
Li2GeNbSe3F3,1.663376,-2.118330,pass
Li2GeNbSe3Cl3,1.432241,-1.273112,pass
Li2GeTaS3Br3,1.506181,-1.230489,pass
Li2GeTaSe3F3,1.587267,-2.144992,pass
Li2GeTaSe3Cl3,1.599093,-1.304592,pass
Li2GeMoO6,1.772449,-2.195207,pass
Li2GeMoS6,1.730012,-1.018076,pass
Li2GeMoSe6,1.228873,-0.911101,pass
Li2GeMoO3S3,1.954713,-1.610439,pass
Li2GeMoO3Se3,1.640117,-1.511260,pass
Li2GeMoS3Se3,1.424846,-0.960705,pass
Li2GeWO6,1.857082,-2.171440,pass
Li2GeWS6,1.922329,-1.064051,pass
Li2GeWSe6,1.375995,-0.947480,pass
Li2GeWO3S3,1.986239,-1.643846,pass
Li2GeWO3Se3,1.725719,-1.497195,pass
Li2GeWS3Se3,1.628389,-0.991568,pass
Li2GeCuBr6,0.980311,-1.198093,pass
Li2GeGaO3F3,2.249650,-2.219151,pass
Li2GeGaO3Cl3,2.156386,-1.741405,pass
Li2GeGaO3Br3,1.626380,-1.479567,pass
Li2GeGaO3I3,1.706838,-1.405524,pass
Li2GeGaS3Cl3,2.144676,-1.242028,pass
Li2GeGaS3Br3,1.917080,-1.144561,pass
Li2GeGaS3I3,1.941377,-0.901700,pass
Li2GeGaSe3F3,1.741619,-1.754639,pass
Li2GeGaSe3Cl3,1.901361,-1.210155,pass
Li2GeGaSe3Br3,1.769670,-1.141983,pass
Li2GeGaSe3I3,1.754420,-0.902291,pass
Li2VCuSe3F3,1.383722,-1.871440,pass
Li2MoWO6,1.899972,-2.230413,pass
Li2MoWS6,1.566696,-1.098538,pass
Li2MoWSe6,1.269969,-0.976913,pass
Li2MoWO3S3,1.850703,-1.743592,pass
Li2MoWO3Se3,1.591635,-1.524298,pass
Li2MoWS3Se3,1.442121,-1.026386,pass
Li2MoGaO3F3,2.119080,-2.346256,pass
Li2MoGaO3Cl3,2.099519,-1.821164,pass
Li2MoGaO3Br3,1.843566,-1.643071,pass
Li2MoGaO3I3,1.849199,-1.577999,pass
Li2MoGaS3Cl3,1.787791,-1.256317,pass
Li2MoGaS3Br3,1.479614,-1.183561,pass
Li2MoGaS3I3,1.598652,-0.982294,pass
Li2MoGaSe3F3,1.814129,-1.854575,pass
Li2MoGaSe3Cl3,1.538472,-1.314331,pass
Li2MoGaSe3Br3,1.411134,-1.175141,pass
Li2MoGaSe3I3,1.428332,-0.964873,pass
Li2WSbSe3F3,1.530560,-1.654217,pass
Li2WGaO3F3,1.917832,-2.396523,pass
Li2WGaO3Cl3,1.926799,-1.824441,pass
Li2WGaO3Br3,1.673528,-1.604120,pass
Li2WGaO3I3,1.820616,-1.566382,pass
Li2WGaS3Cl3,1.752135,-1.241789,pass
Li2WGaS3Br3,1.555605,-1.153219,pass
Li2WGaS3I3,1.713082,-0.989806,pass
Li2WGaSe3F3,1.796293,-1.857072,pass
Li2WGaSe3Cl3,1.604264,-1.253055,pass
Li2WGaSe3Br3,1.600756,-1.105795,pass
Li2WGaSe3I3,1.690333,-0.956698,pass
