formula,t,mu,steric_pass
K2SnGeF6,1.045390,1.134752,False
K2SnGeCl6,1.029333,1.025641,False
K2SnGeBr6,1.009702,0.906516,True
K2SnGeI6,0.952662,0.628272,True
K2SnGeO3S3,0.979362,0.747664,True
K2SnGeO3Se3,0.969990,0.703812,True
K2SnGeS3Se3,0.998586,0.845070,True
K2SnGeF3Cl3,1.037166,1.077441,False
K2SnGeF3Br3,1.026553,1.007874,False
K2SnGeF3I3,0.991662,0.808762,True
K2SnGeCl3Br3,1.019209,0.962406,False
K2SnGeCl3I3,0.985820,0.779221,True
K2SnGeBr3I3,0.978214,0.742172,True
K2SnVO3F3,0.990642,0.818066,True
K2SnVO3Cl3,0.984812,0.787990,True
K2SnVO3Br3,0.977222,0.750292,True
K2SnVO3I3,0.951727,0.634539,True
K2SnVS3F3,1.024391,1.014196,False
K2SnVS3Cl3,1.017108,0.968373,False
K2SnVS3Br3,1.007680,0.912057,True
K2SnVS3I3,0.976443,0.746517,True
K2SnVSe3F3,1.011671,0.935500,True
K2SnVSe3Cl3,1.004955,0.896375,True
K2SnVSe3Br3,0.996240,0.847912,True
K2SnVSe3I3,0.967222,0.702988,True
K2SnNbO3F3,0.978996,0.839695,True
K2SnNbO3Cl3,0.973469,0.808824,True
K2SnNbO3Br3,0.966271,0.770128,True
K2SnNbO3I3,0.942058,0.651316,True
K2SnNbS3F3,1.010933,1.041009,False
K2SnNbS3Cl3,1.004049,0.993976,False
K2SnNbS3Br3,0.995130,0.936170,True
K2SnNbS3I3,0.965532,0.766254,True
K2SnNbSe3F3,0.998906,0.960233,False
K2SnNbSe3Cl3,0.992551,0.920074,True
K2SnNbSe3Br3,0.984299,0.870330,True
K2SnNbSe3I3,0.956780,0.721574,True
K2SnTaO3F3,0.978996,0.839695,True
K2SnTaO3Cl3,0.973469,0.808824,True
K2SnTaO3Br3,0.966271,0.770128,True
K2SnTaO3I3,0.942058,0.651316,True
K2SnTaS3F3,1.010933,1.041009,False
K2SnTaS3Cl3,1.004049,0.993976,False
K2SnTaS3Br3,0.995130,0.936170,True
K2SnTaS3I3,0.965532,0.766254,True
K2SnTaSe3F3,0.998906,0.960233,False
K2SnTaSe3Cl3,0.992551,0.920074,True
K2SnTaSe3Br3,0.984299,0.870330,True
K2SnTaSe3I3,0.956780,0.721574,True
K2SnCrO6,0.916437,0.702381,True
K2SnCrS6,0.961505,1.005682,False
K2SnCrSe6,0.943637,0.873355,True
K2SnCrO3S3,0.936781,0.827103,True
K2SnCrO3Se3,0.929207,0.778592,True
K2SnCrO3F3,0.947542,0.900763,True
K2SnCrO3Cl3,0.942809,0.867647,True
K2SnCrO3Br3,0.936634,0.826138,True
K2SnCrO3I3,0.915788,0.698684,True
K2SnCrS3Se3,0.952246,0.934859,True
K2SnCrS3F3,0.974775,1.116719,False
K2SnCrS3Cl3,0.968922,1.066265,False
K2SnCrS3Br3,0.961325,1.004255,False
K2SnCrS3I3,0.936000,0.821981,True
K2SnCrSe3F3,0.964544,1.030068,False
K2SnCrSe3Cl3,0.959125,0.986989,False
K2SnCrSe3Br3,0.952079,0.933626,True
K2SnCrSe3I3,0.928477,0.774052,True
K2SnMoO6,0.953094,0.636905,True
K2SnMoS6,1.008652,0.911932,True
K2SnMoSe6,0.986510,0.791941,True
K2SnMoO3S3,0.978054,0.750000,True
K2SnMoO3Se3,0.968739,0.706012,True
K2SnMoS3Se3,0.997159,0.847711,True
K2SnWO6,0.955024,0.633598,True
K2SnWS6,1.011156,0.907197,True
K2SnWSe6,0.988779,0.787829,True
K2SnWO3S3,0.980235,0.746106,True
K2SnWO3Se3,0.970825,0.702346,True
K2SnWS3Se3,0.999540,0.843310,True
K2SnFeF6,1.017502,1.193262,False
K2SnFeCl6,1.003143,1.078526,False
K2SnFeBr6,0.985540,0.953258,False
K2SnFeI6,0.934078,0.660668,True
K2SnFeO3S3,0.958224,0.786215,True
K2SnFeO3Se3,0.949760,0.740103,True
K2SnFeO3F3,0.970273,0.856234,True
K2SnFeO3Cl3,0.964970,0.824755,True
K2SnFeO3Br3,0.958060,0.785298,True
K2SnFeO3I3,0.934795,0.664145,True
K2SnFeS3Se3,0.975547,0.888644,True
K2SnFeS3F3,1.000878,1.061514,False
K2SnFeS3Cl3,0.994286,1.013554,False
K2SnFeS3Br3,0.985742,0.954610,False
K2SnFeS3I3,0.957352,0.781347,True
K2SnFeSe3F3,0.989360,0.979146,False
K2SnFeSe3Cl3,0.983270,0.938197,True
K2SnFeSe3Br3,0.975359,0.887473,True
K2SnFeSe3I3,0.948945,0.735787,True
K2SnFeF3Cl3,1.010153,1.132997,False
K2SnFeF3Br3,1.000653,1.059843,False
K2SnFeF3I3,0.969314,0.850463,True
K2SnFeCl3Br3,0.994072,1.012030,False
K2SnFeCl3I3,0.964050,0.819399,True
K2SnFeBr3I3,0.957189,0.780441,True
K2SnMnF6,1.009342,1.210993,False
K2SnMnCl6,0.995468,1.094551,False
K2SnMnBr6,0.978444,0.967422,False
K2SnMnI6,0.928588,0.670484,True
K2SnMnO3S3,0.951998,0.797897,True
K2SnMnO3Se3,0.943796,0.751100,True
K2SnMnS3Se3,0.968774,0.901849,True
K2SnMnF3Cl3,1.002242,1.149832,False
K2SnMnF3Br3,0.993061,1.075591,False
K2SnMnF3I3,0.962740,0.863100,True
K2SnMnCl3Br3,0.986697,1.027068,False
K2SnMnCl3I3,0.957642,0.831575,True
K2SnMnBr3I3,0.950995,0.792037,True
K2SnBiO3F3,0.924039,0.949109,True
K2SnBiO3Cl3,0.919873,0.914216,True
K2SnBiO3Br3,0.914431,0.870478,True
K2SnBiO3I3,0.896008,0.736184,True
K2SnBiS3F3,0.947933,1.176656,False
K2SnBiS3Cl3,0.942809,1.123494,False
K2SnBiS3Br3,0.936149,1.058156,False
K2SnBiS3I3,0.913872,0.866099,True
K2SnBiSe3F3,0.938972,1.085354,False
K2SnBiSe3Cl3,0.934219,1.039963,False
K2SnBiSe3Br3,0.928029,0.983736,False
K2SnBiSe3I3,0.907231,0.815598,True
K2SnSbO3F3,0.976295,0.844784,True
K2SnSbO3Cl3,0.970838,0.813725,True
K2SnSbO3Br3,0.963729,0.774796,True
K2SnSbO3I3,0.939811,0.655263,True
K2SnSbS3F3,1.007818,1.047319,False
K2SnSbS3Cl3,1.001025,1.000000,False
K2SnSbS3Br3,0.992222,0.941844,True
K2SnSbS3I3,0.963000,0.770898,True
K2SnSbSe3F3,0.995950,0.966052,False
K2SnSbSe3Cl3,0.989676,0.925651,True
K2SnSbSe3Br3,0.981531,0.875604,True
K2SnSbSe3I3,0.954355,0.725948,True
K2SnCuF6,1.028309,1.170213,False
K2SnCuCl6,1.013299,1.057692,False
K2SnCuBr6,0.994919,0.934844,True
K2SnCuI6,0.941311,0.647906,True
K2SnCuO3S3,0.966441,0.771028,True
K2SnCuO3Se3,0.957628,0.725806,True
K2SnCuS3Se3,0.984495,0.871479,True
K2SnCuF3Cl3,1.020625,1.111111,False
K2SnCuF3Br3,1.010699,1.039370,False
K2SnCuF3I3,0.977997,0.834035,True
K2SnCuCl3Br3,1.003825,0.992481,False
K2SnCuCl3I3,0.972510,0.803571,True
K2SnCuBr3I3,0.965363,0.765365,True
K2SnZnF6,1.008534,1.212766,False
K2SnZnCl6,0.994707,1.096154,False
K2SnZnBr6,0.977740,0.968839,False
K2SnZnI6,0.928043,0.671466,True
K2SnZnO3S3,0.951380,0.799065,True
K2SnZnO3Se3,0.943204,0.752199,True
K2SnZnS3Se3,0.968102,0.903169,True
K2SnZnF3Cl3,1.001458,1.151515,False
K2SnZnF3Br3,0.992308,1.077165,False
K2SnZnF3I3,0.962087,0.864364,True
K2SnZnCl3Br3,0.985966,1.028571,False
K2SnZnCl3I3,0.957005,0.832792,True
K2SnZnBr3I3,0.950380,0.793197,True
K2SnInO3F3,0.947542,0.900763,True
K2SnInO3Cl3,0.942809,0.867647,True
K2SnInO3Br3,0.936634,0.826138,True
K2SnInO3I3,0.915788,0.698684,True
K2SnInS3F3,0.974775,1.116719,False
K2SnInS3Cl3,0.968922,1.066265,False
K2SnInS3Br3,0.961325,1.004255,False
K2SnInS3I3,0.936000,0.821981,True
K2SnInSe3F3,0.964544,1.030068,False
K2SnInSe3Cl3,0.959125,0.986989,False
K2SnInSe3Br3,0.952079,0.933626,True
K2SnInSe3I3,0.928477,0.774052,True
K2SnGaO3F3,0.995519,0.809160,True
K2SnGaO3Cl3,0.989560,0.779412,True
K2SnGaO3Br3,0.981803,0.742124,True
K2SnGaO3I3,0.955766,0.627632,True
K2SnGaS3F3,1.030037,1.003155,False
K2SnGaS3Cl3,1.022585,0.957831,False
K2SnGaS3Br3,1.012940,0.902128,True
K2SnGaS3I3,0.981008,0.738390,True
K2SnGaSe3F3,1.017023,0.925315,True
K2SnGaSe3Cl3,1.010153,0.886617,True
K2SnGaSe3Br3,1.001242,0.838681,True
K2SnGaSe3I3,0.971588,0.695335,True
K2GeVO3F3,1.007564,0.787532,True
K2GeVO3Cl3,1.001283,0.758578,True
K2GeVO3Br3,0.993111,0.722287,True
K2GeVO3I3,0.965720,0.610855,True
K2GeVS3F3,1.044012,0.976341,False
K2GeVS3Cl3,1.036135,0.932229,True
K2GeVS3Br3,1.025946,0.878014,True
K2GeVS3I3,0.992274,0.718653,True
K2GeVSe3F3,1.030258,0.900582,True
K2GeVSe3Cl3,1.023003,0.862918,True
K2GeVSe3Br3,1.013600,0.816264,True
K2GeVSe3I3,0.982357,0.676749,True
K2GeNbO3F3,0.995519,0.809160,True
K2GeNbO3Cl3,0.989560,0.779412,True
K2GeNbO3Br3,0.981803,0.742124,True
K2GeNbO3I3,0.955766,0.627632,True
K2GeNbS3F3,1.030037,1.003155,False
K2GeNbS3Cl3,1.022585,0.957831,False
K2GeNbS3Br3,1.012940,0.902128,True
K2GeNbS3I3,0.981008,0.738390,True
K2GeNbSe3F3,1.017023,0.925315,True
K2GeNbSe3Cl3,1.010153,0.886617,True
K2GeNbSe3Br3,1.001242,0.838681,True
K2GeNbSe3I3,0.971588,0.695335,True
K2GeTaO3F3,0.995519,0.809160,True
K2GeTaO3Cl3,0.989560,0.779412,True
K2GeTaO3Br3,0.981803,0.742124,True
K2GeTaO3I3,0.955766,0.627632,True
K2GeTaS3F3,1.030037,1.003155,False
K2GeTaS3Cl3,1.022585,0.957831,False
K2GeTaS3Br3,1.012940,0.902128,True
K2GeTaS3I3,0.981008,0.738390,True
K2GeTaSe3F3,1.017023,0.925315,True
K2GeTaSe3Cl3,1.010153,0.886617,True
K2GeTaSe3Br3,1.001242,0.838681,True
K2GeTaSe3I3,0.971588,0.695335,True
K2GeCrO6,0.929436,0.678571,True
K2GeCrS6,0.978130,0.971591,False
K2GeCrSe6,0.958789,0.843750,True
K2GeCrO3S3,0.951380,0.799065,True
K2GeCrO3Se3,0.943204,0.752199,True
K2GeCrO3F3,0.963012,0.870229,True
K2GeCrO3Cl3,0.957894,0.838235,True
K2GeCrO3Br3,0.951222,0.798133,True
K2GeCrO3I3,0.928737,0.675000,True
K2GeCrS3Se3,0.968102,0.903169,True
K2GeCrS3F3,0.992525,1.078864,False
K2GeCrS3Cl3,0.986173,1.030120,False
K2GeCrS3Br3,0.977935,0.970213,False
K2GeCrS3I3,0.950537,0.794118,True
K2GeCrSe3F3,0.981424,0.995150,False
K2GeCrSe3Cl3,0.975552,0.953532,False
K2GeCrSe3Br3,0.967921,0.901978,True
K2GeCrSe3I3,0.942416,0.747813,True
K2GeMoO6,0.967162,0.613095,True
K2GeMoS6,1.026963,0.877841,True
K2GeMoSe6,1.003082,0.762336,True
K2GeMoO3S3,0.993979,0.721963,True
K2GeMoO3Se3,0.983962,0.679619,True
K2GeMoS3Se3,1.014559,0.816021,True
K2GeWO6,0.969149,0.609788,True
K2GeWS6,1.029559,0.873106,True
K2GeWSe6,1.005428,0.758224,True
K2GeWO3S3,0.996232,0.718069,True
K2GeWO3Se3,0.986114,0.675953,True
K2GeWS3Se3,1.017024,0.811620,True
K2GeFeF6,1.037634,1.150709,False
K2GeFeCl6,1.022055,1.040064,False
K2GeFeBr6,1.002996,0.919263,True
K2GeFeI6,0.947520,0.637107,True
K2GeFeO3S3,0.973505,0.758178,True
K2GeFeO3Se3,0.964388,0.713710,True
K2GeFeO3F3,0.986500,0.825700,True
K2GeFeO3Cl3,0.980779,0.795343,True
K2GeFeO3Br3,0.973328,0.757293,True
K2GeFeO3I3,0.948292,0.640461,True
K2GeFeS3Se3,0.992195,0.856954,True
K2GeFeS3F3,1.019601,1.023659,False
K2GeFeS3Cl3,1.012461,0.977410,False
K2GeFeS3Br3,1.003214,0.920567,True
K2GeFeS3I3,0.972564,0.753483,True
K2GeFeSe3F3,1.007129,0.944229,True
K2GeFeSe3Cl3,1.000541,0.904740,True
K2GeFeSe3Br3,0.991993,0.855824,True
K2GeFeSe3I3,0.963510,0.709548,True
K2GeFeF3Cl3,1.029657,1.092593,False
K2GeFeF3Br3,1.019357,1.022047,False
K2GeFeF3I3,0.985466,0.820135,True
K2GeFeCl3Br3,1.012228,0.975940,False
K2GeFeCl3I3,0.979786,0.790179,True
K2GeFeBr3I3,0.972389,0.752609,True
K2GeMnF6,1.029150,1.168440,False
K2GeMnCl6,1.014089,1.056090,False
K2GeMnBr6,0.995648,0.933428,True
K2GeMnI6,0.941872,0.646924,True
K2GeMnO3S3,0.967079,0.769860,True
K2GeMnO3Se3,0.958239,0.724707,True
K2GeMnS3Se3,0.985190,0.870158,True
K2GeMnF3Cl3,1.021439,1.109428,False
K2GeMnF3Br3,1.011480,1.037795,False
K2GeMnF3I3,0.978671,0.832772,True
K2GeMnCl3Br3,1.004583,0.990977,False
K2GeMnCl3I3,0.973167,0.802354,True
K2GeMnBr3I3,0.965997,0.764206,True
K2GeBiO3F3,0.938745,0.918575,True
K2GeBiO3Cl3,0.934227,0.884804,True
K2GeBiO3Br3,0.928330,0.842474,True
K2GeBiO3I3,0.908400,0.712500,True
K2GeBiS3F3,0.964711,1.138801,False
K2GeBiS3Cl3,0.959135,1.087349,False
K2GeBiS3Br3,0.951894,1.024113,False
K2GeBiS3I3,0.927724,0.838235,True
K2GeBiSe3F3,0.954962,1.050436,False
K2GeBiSe3Cl3,0.949796,1.006506,False
K2GeBiSe3Br3,0.943074,0.952088,False
K2GeBiSe3I3,0.920535,0.789359,True
K2GeSbO3F3,0.992726,0.814249,True
K2GeSbO3Cl3,0.986841,0.784314,True
K2GeSbO3Br3,0.979180,0.746791,True
K2GeSbO3I3,0.953454,0.631579,True
K2GeSbS3F3,1.026803,1.009464,False
K2GeSbS3Cl3,1.019448,0.963855,False
K2GeSbS3Br3,1.009927,0.907801,True
K2GeSbS3I3,0.978395,0.743034,True
K2GeSbSe3F3,1.013958,0.931135,True
K2GeSbSe3Cl3,1.007176,0.892193,True
K2GeSbSe3Br3,0.998377,0.843956,True
K2GeSbSe3I3,0.969088,0.699708,True
K2GeCuF6,1.048875,1.127660,False
K2GeCuCl6,1.032600,1.019231,False
K2GeCuBr6,1.012712,0.900850,True
K2GeCuI6,0.954965,0.624346,True
K2GeCuO3S3,0.981987,0.742991,True
K2GeCuO3Se3,0.972501,0.699413,True
K2GeCuS3Se3,1.001453,0.839789,True
K2GeCuF3Cl3,1.040539,1.070707,False
K2GeCuF3Br3,1.029783,1.001575,False
K2GeCuF3I3,0.994441,0.803707,True
K2GeCuCl3Br3,1.022343,0.956391,False
K2GeCuCl3I3,0.988526,0.774351,True
K2GeCuBr3I3,0.980826,0.737534,True
K2GeZnF6,1.028309,1.170213,False
K2GeZnCl6,1.013299,1.057692,False
K2GeZnBr6,0.994919,0.934844,True
K2GeZnI6,0.941311,0.647906,True
K2GeZnO3S3,0.966441,0.771028,True
K2GeZnO3Se3,0.957628,0.725806,True
K2GeZnS3Se3,0.984495,0.871479,True
K2GeZnF3Cl3,1.020625,1.111111,False
K2GeZnF3Br3,1.010699,1.039370,False
K2GeZnF3I3,0.977997,0.834035,True
K2GeZnCl3Br3,1.003825,0.992481,False
K2GeZnCl3I3,0.972510,0.803571,True
K2GeZnBr3I3,0.965363,0.765365,True
K2GeInO3F3,0.963012,0.870229,True
K2GeInO3Cl3,0.957894,0.838235,True
K2GeInO3Br3,0.951222,0.798133,True
K2GeInO3I3,0.928737,0.675000,True
K2GeInS3F3,0.992525,1.078864,False
K2GeInS3Cl3,0.986173,1.030120,False
K2GeInS3Br3,0.977935,0.970213,False
K2GeInS3I3,0.950537,0.794118,True
K2GeInSe3F3,0.981424,0.995150,False
K2GeInSe3Cl3,0.975552,0.953532,False
K2GeInSe3Br3,0.967921,0.901978,True
K2GeInSe3I3,0.942416,0.747813,True
K2GeGaO3F3,1.012609,0.778626,True
K2GeGaO3Cl3,1.006191,0.750000,True
K2GeGaO3Br3,0.997844,0.714119,True
K2GeGaO3I3,0.969879,0.603947,True
K2GeGaS3F3,1.049878,0.965300,False
K2GeGaS3Cl3,1.041819,0.921687,True
K2GeGaS3Br3,1.031399,0.868085,True
K2GeGaS3I3,0.996989,0.710526,True
K2GeGaSe3F3,1.035808,0.890398,True
K2GeGaSe3Cl3,1.028390,0.853160,True
K2GeGaSe3Br3,1.018777,0.807033,True
K2GeGaSe3I3,0.986862,0.669096,True
K2TiCrO6,0.911832,0.710979,True
K2TiCrS6,0.955639,1.017992,False
K2TiCrSe6,0.938282,0.884046,True
K2TiCrO3S3,0.931618,0.837227,True
K2TiCrO3Se3,0.924254,0.788123,True
K2TiCrO3F3,0.942077,0.911790,True
K2TiCrO3Cl3,0.937478,0.878268,True
K2TiCrO3Br3,0.931476,0.836250,True
K2TiCrO3I3,0.911200,0.707237,True
K2TiCrS3Se3,0.946647,0.946303,True
K2TiCrS3F3,0.968520,1.130389,False
K2TiCrS3Cl3,0.962840,1.079317,False
K2TiCrS3Br3,0.955465,1.016548,False
K2TiCrS3I3,0.930860,0.832043,True
K2TiCrSe3F3,0.958590,1.042677,False
K2TiCrSe3Cl3,0.953329,0.999071,False
K2TiCrSe3Br3,0.946484,0.945055,True
K2TiCrSe3I3,0.923544,0.783528,True
K2TiMoO6,0.948114,0.645503,True
K2TiMoS6,1.002199,0.924242,True
K2TiMoSe6,0.980659,0.802632,True
K2TiMoO3S3,0.972428,0.760125,True
K2TiMoO3Se3,0.963357,0.715543,True
K2TiMoS3Se3,0.991021,0.859155,True
K2TiWO6,0.950023,0.642196,True
K2TiWS6,1.004671,0.919508,True
K2TiWSe6,0.982901,0.798520,True
K2TiWO3S3,0.974584,0.756231,True
K2TiWO3Se3,0.965420,0.711877,True
K2TiWS3Se3,0.993373,0.854754,True
K2TiFeO3F3,0.964543,0.867260,True
K2TiFeO3Cl3,0.959386,0.835376,True
K2TiFeO3Br3,0.952664,0.795410,True
K2TiFeO3I3,0.930016,0.672697,True
K2TiFeS3F3,0.994285,1.075184,False
K2TiFeS3Cl3,0.987883,1.026606,False
K2TiFeS3Br3,0.979581,0.966903,False
K2TiFeS3I3,0.951974,0.791409,True
K2TiFeSe3F3,0.983097,0.991756,False
K2TiFeSe3Cl3,0.977179,0.950279,False
K2TiFeSe3Br3,0.969489,0.898901,True
K2TiFeSe3I3,0.943793,0.745262,True
K2TiBiO3F3,0.918841,0.960136,False
K2TiBiO3Cl3,0.914797,0.924837,True
K2TiBiO3Br3,0.909513,0.880591,True
K2TiBiO3I3,0.891616,0.744737,True
K2TiBiS3F3,0.942017,1.190326,False
K2TiBiS3Cl3,0.937049,1.136546,False
K2TiBiS3Br3,0.930591,1.070449,False
K2TiBiS3I3,0.908971,0.876161,True
K2TiBiSe3F3,0.933329,1.097963,False
K2TiBiSe3Cl3,0.928718,1.052045,False
K2TiBiSe3Br3,0.922713,0.995165,False
K2TiBiSe3I3,0.902521,0.825073,True
K2TiSbO3F3,0.970494,0.855810,True
K2TiSbO3Cl3,0.965187,0.824346,True
K2TiSbO3Br3,0.958269,0.784909,True
K2TiSbO3I3,0.934980,0.663816,True
K2TiSbS3F3,1.001133,1.060988,False
K2TiSbS3Cl3,0.994534,1.013052,False
K2TiSbS3Br3,0.985980,0.954137,False
K2TiSbS3I3,0.957560,0.780960,True
K2TiSbSe3F3,0.989603,0.978661,False
K2TiSbSe3Cl3,0.983506,0.937732,True
K2TiSbSe3Br3,0.975587,0.887033,True
K2TiSbSe3I3,0.949145,0.735423,True
K2TiInO3F3,0.942077,0.911790,True
K2TiInO3Cl3,0.937478,0.878268,True
K2TiInO3Br3,0.931476,0.836250,True
K2TiInO3I3,0.911200,0.707237,True
K2TiInS3F3,0.968520,1.130389,False
K2TiInS3Cl3,0.962840,1.079317,False
K2TiInS3Br3,0.955465,1.016548,False
K2TiInS3I3,0.930860,0.832043,True
K2TiInSe3F3,0.958590,1.042677,False
K2TiInSe3Cl3,0.953329,0.999071,False
K2TiInSe3Br3,0.946484,0.945055,True
K2TiInSe3I3,0.923544,0.783528,True
K2TiGaO3F3,0.989488,0.820187,True
K2TiGaO3Cl3,0.983688,0.790033,True
K2TiGaO3Br3,0.976137,0.752236,True
K2TiGaO3I3,0.950770,0.636184,True
K2TiGaS3F3,1.023056,1.016824,False
K2TiGaS3Cl3,1.015813,0.970884,False
K2TiGaS3Br3,1.006435,0.914421,True
K2TiGaS3I3,0.975363,0.748452,True
K2TiGaSe3F3,1.010405,0.937924,True
K2TiGaSe3Cl3,1.003725,0.898699,True
K2TiGaSe3Br3,0.995057,0.850110,True
K2TiGaSe3I3,0.966188,0.704810,True
K2ZrCrO6,0.910073,0.714286,True
K2ZrCrS6,0.953402,1.022727,False
K2ZrCrSe6,0.936239,0.888158,True
K2ZrCrO3S3,0.929648,0.841121,True
K2ZrCrO3Se3,0.922364,0.791789,True
K2ZrCrO3F3,0.939992,0.916031,True
K2ZrCrO3Cl3,0.935443,0.882353,True
K2ZrCrO3Br3,0.929507,0.840140,True
K2ZrCrO3I3,0.909448,0.710526,True
K2ZrCrS3Se3,0.944511,0.950704,False
K2ZrCrS3F3,0.966136,1.135647,False
K2ZrCrS3Cl3,0.960521,1.084337,False
K2ZrCrS3Br3,0.953230,1.021277,False
K2ZrCrS3I3,0.928897,0.835913,True
K2ZrCrSe3F3,0.956319,1.047527,False
K2ZrCrSe3Cl3,0.951118,1.003717,False
K2ZrCrSe3Br3,0.944350,0.949451,True
K2ZrCrSe3I3,0.921661,0.787172,True
K2ZrMoO6,0.946213,0.648810,True
K2ZrMoS6,0.999739,0.928977,True
K2ZrMoSe6,0.978427,0.806743,True
K2ZrMoO3S3,0.970282,0.764019,True
K2ZrMoO3Se3,0.961303,0.719208,True
K2ZrMoS3Se3,0.988680,0.863556,True
K2ZrWO6,0.948114,0.645503,True
K2ZrWS6,1.002199,0.924242,True
K2ZrWSe6,0.980659,0.802632,True
K2ZrWO3S3,0.972428,0.760125,True
K2ZrWO3Se3,0.963357,0.715543,True
K2ZrWS3Se3,0.991021,0.859155,True
K2ZrFeO3F3,0.962357,0.871501,True
K2ZrFeO3Cl3,0.957256,0.839461,True
K2ZrFeO3Br3,0.950605,0.799300,True
K2ZrFeO3I3,0.928190,0.675987,True
K2ZrFeS3F3,0.991772,1.080442,False
K2ZrFeS3Cl3,0.985442,1.031627,False
K2ZrFeS3Br3,0.977232,0.971631,False
K2ZrFeS3I3,0.949922,0.795279,True
K2ZrFeSe3F3,0.980709,0.996605,False
K2ZrFeSe3Cl3,0.974856,0.954926,False
K2ZrFeSe3Br3,0.967250,0.903297,True
K2ZrFeSe3I3,0.941827,0.748907,True
K2ZrBiO3F3,0.916857,0.964377,False
K2ZrBiO3Cl3,0.912860,0.928922,True
K2ZrBiO3Br3,0.907636,0.884481,True
K2ZrBiO3I3,0.889938,0.748026,True
K2ZrBiS3F3,0.939761,1.195584,False
K2ZrBiS3Cl3,0.934853,1.141566,False
K2ZrBiS3Br3,0.928470,1.075177,False
K2ZrBiS3I3,0.907100,0.880031,True
K2ZrBiSe3F3,0.931176,1.102813,False
K2ZrBiSe3Cl3,0.926620,1.056691,False
K2ZrBiSe3Br3,0.920684,0.999560,False
K2ZrBiSe3I3,0.900723,0.828717,True
K2ZrSbO3F3,0.968282,0.860051,True
K2ZrSbO3Cl3,0.963030,0.828431,True
K2ZrSbO3Br3,0.956185,0.788798,True
K2ZrSbO3I3,0.933135,0.667105,True
K2ZrSbS3F3,0.998586,1.066246,False
K2ZrSbS3Cl3,0.992060,1.018072,False
K2ZrSbS3Br3,0.983600,0.958865,False
K2ZrSbS3I3,0.955483,0.784830,True
K2ZrSbSe3F3,0.987183,0.983511,False
K2ZrSbSe3Cl3,0.981153,0.942379,True
K2ZrSbSe3Br3,0.973319,0.891429,True
K2ZrSbSe3I3,0.947156,0.739067,True
K2ZrInO3F3,0.939992,0.916031,True
K2ZrInO3Cl3,0.935443,0.882353,True
K2ZrInO3Br3,0.929507,0.840140,True
K2ZrInO3I3,0.909448,0.710526,True
K2ZrInS3F3,0.966136,1.135647,False
K2ZrInS3Cl3,0.960521,1.084337,False
K2ZrInS3Br3,0.953230,1.021277,False
K2ZrInS3I3,0.928897,0.835913,True
K2ZrInSe3F3,0.956319,1.047527,False
K2ZrInSe3Cl3,0.951118,1.003717,False
K2ZrInSe3Br3,0.944350,0.949451,True
K2ZrInSe3I3,0.921661,0.787172,True
K2ZrGaO3F3,0.987188,0.824427,True
K2ZrGaO3Cl3,0.981449,0.794118,True
K2ZrGaO3Br3,0.973975,0.756126,True
K2ZrGaO3I3,0.948862,0.639474,True
K2ZrGaS3F3,1.020396,1.022082,False
K2ZrGaS3Cl3,1.013232,0.975904,False
K2ZrGaS3Br3,1.003956,0.919149,True
K2ZrGaS3I3,0.973209,0.752322,True
K2ZrGaSe3F3,1.007883,0.942774,True
K2ZrGaSe3Cl3,1.001274,0.903346,True
K2ZrGaSe3Br3,0.992698,0.854505,True
K2ZrGaSe3I3,0.964127,0.708455,True
K2VNbO6,0.954830,0.633929,True
K2VNbS6,1.010905,0.907670,True
K2VNbSe6,0.988551,0.788240,True
K2VNbO3S3,0.980017,0.746495,True
K2VNbO3Se3,0.970616,0.702713,True
K2VNbS3Se3,0.999301,0.843750,True
K2VTaO6,0.954830,0.633929,True
K2VTaS6,1.010905,0.907670,True
K2VTaSe6,0.988551,0.788240,True
K2VTaO3S3,0.980017,0.746495,True
K2VTaO3Se3,0.970616,0.702713,True
K2VTaS3Se3,0.999301,0.843750,True
K2VFeO3F3,0.984442,0.829517,True
K2VFeO3Cl3,0.978775,0.799020,True
K2VFeO3Br3,0.971393,0.760793,True
K2VFeO3I3,0.946583,0.643421,True
K2VFeS3F3,1.017222,1.028391,False
K2VFeS3Cl3,1.010153,0.981928,False
K2VFeS3Br3,1.000996,0.924823,True
K2VFeS3I3,0.970636,0.756966,True
K2VFeSe3F3,1.004873,0.948594,True
K2VFeSe3Cl3,0.998349,0.908922,True
K2VFeSe3Br3,0.989883,0.859780,True
K2VFeSe3I3,0.961665,0.712828,True
K2VMnO3F3,0.977643,0.842239,True
K2VMnO3Cl3,0.972152,0.811275,True
K2VMnO3Br3,0.964998,0.772462,True
K2VMnO3I3,0.940933,0.653289,True
K2VMnS3F3,1.009373,1.044164,False
K2VMnS3Cl3,1.002535,0.996988,False
K2VMnS3Br3,0.993674,0.939007,True
K2VMnS3I3,0.964265,0.768576,True
K2VMnSe3F3,0.997426,0.963143,False
K2VMnSe3Cl3,0.991111,0.922862,True
K2VMnSe3Br3,0.982913,0.872967,True
K2VMnSe3I3,0.955566,0.723761,True
K2VSbO6,0.952517,0.637897,True
K2VSbS6,1.007903,0.913352,True
K2VSbSe6,0.985831,0.793174,True
K2VSbO3S3,0.977402,0.751168,True
K2VSbO3Se3,0.968115,0.707111,True
K2VSbS3Se3,0.996447,0.849032,True
K2VCuO3F3,0.993423,0.812977,True
K2VCuO3Cl3,0.987520,0.783088,True
K2VCuO3Br3,0.979834,0.745624,True
K2VCuO3I3,0.954031,0.630592,True
K2VCuS3F3,1.027610,1.007886,False
K2VCuS3Cl3,1.020231,0.962349,False
K2VCuS3Br3,1.010679,0.906383,True
K2VCuS3I3,0.979047,0.741873,True
K2VCuSe3F3,1.014722,0.929680,True
K2VCuSe3Cl3,1.007918,0.890799,True
K2VCuSe3Br3,0.999092,0.842637,True
K2VCuSe3I3,0.969712,0.698615,True
K2VZnO3F3,0.976969,0.843511,True
K2VZnO3Cl3,0.971495,0.812500,True
K2VZnO3Br3,0.964363,0.773629,True
K2VZnO3I3,0.940372,0.654276,True
K2VZnS3F3,1.008595,1.045741,False
K2VZnS3Cl3,1.001779,0.998494,False
K2VZnS3Br3,0.992947,0.940426,True
K2VZnS3I3,0.963632,0.769737,True
K2VZnSe3F3,0.996687,0.964597,False
K2VZnSe3Cl3,0.990393,0.924257,True
K2VZnSe3Br3,0.982222,0.874286,True
K2VZnSe3I3,0.954960,0.724854,True
K2NbTaO6,0.945075,0.650794,True
K2NbTaS6,0.998268,0.931818,True
K2NbTaSe6,0.977093,0.809211,True
K2NbTaO3S3,0.968998,0.766355,True
K2NbTaO3Se3,0.960075,0.721408,True
K2NbTaS3Se3,0.987281,0.866197,True
K2NbFeO3F3,0.972940,0.851145,True
K2NbFeO3Cl3,0.967570,0.819853,True
K2NbFeO3Br3,0.960572,0.780630,True
K2NbFeO3I3,0.937018,0.660197,True
K2NbFeS3F3,1.003951,1.055205,False
K2NbFeS3Cl3,0.997270,1.007530,False
K2NbFeS3Br3,0.988611,0.948936,True
K2NbFeS3I3,0.959854,0.776703,True
K2NbFeSe3F3,0.992278,0.973327,False
K2NbFeSe3Cl3,0.986107,0.932621,True
K2NbFeSe3Br3,0.978093,0.882198,True
K2NbFeSe3I3,0.951342,0.731414,True
K2NbMnO3F3,0.966299,0.863868,True
K2NbMnO3Cl3,0.961098,0.832108,True
K2NbMnO3Br3,0.954318,0.792299,True
K2NbMnO3I3,0.931481,0.670066,True
K2NbMnS3F3,0.996304,1.070978,False
K2NbMnS3Cl3,0.989844,1.022590,False
K2NbMnS3Br3,0.981468,0.963121,False
K2NbMnS3I3,0.953622,0.788313,True
K2NbMnSe3F3,0.985016,0.987876,False
K2NbMnSe3Cl3,0.979045,0.946561,True
K2NbMnSe3Br3,0.971288,0.895385,True
K2NbMnSe3I3,0.945373,0.742347,True
K2NbSbO6,0.942809,0.654762,True
K2NbSbS6,0.995341,0.937500,True
K2NbSbSe6,0.974435,0.814145,True
K2NbSbO3S3,0.966441,0.771028,True
K2NbSbO3Se3,0.957628,0.725806,True
K2NbSbS3Se3,0.984495,0.871479,True
K2NbCuO3F3,0.981711,0.834606,True
K2NbCuO3Cl3,0.976115,0.803922,True
K2NbCuO3Br3,0.968825,0.765461,True
K2NbCuO3I3,0.944315,0.647368,True
K2NbCuS3F3,1.014068,1.034700,False
K2NbCuS3Cl3,1.007091,0.987952,False
K2NbCuS3Br3,0.998054,0.930496,True
K2NbCuS3I3,0.968078,0.761610,True
K2NbCuSe3F3,1.001881,0.954413,False
K2NbCuSe3Cl3,0.995442,0.914498,True
K2NbCuSe3Br3,0.987083,0.865055,True
K2NbCuSe3I3,0.959216,0.717201,True
K2NbZnO3F3,0.965640,0.865140,True
K2NbZnO3Cl3,0.960455,0.833333,True
K2NbZnO3Br3,0.953697,0.793466,True
K2NbZnO3I3,0.930931,0.671053,True
K2NbZnS3F3,0.995546,1.072555,False
K2NbZnS3Cl3,0.989108,1.024096,False
K2NbZnS3Br3,0.980760,0.964539,False
K2NbZnS3I3,0.953004,0.789474,True
K2NbZnSe3F3,0.984295,0.989331,False
K2NbZnSe3Cl3,0.978344,0.947955,True
K2NbZnSe3Br3,0.970613,0.896703,True
K2NbZnSe3I3,0.944780,0.743440,True
K2TaFeO3F3,0.972940,0.851145,True
K2TaFeO3Cl3,0.967570,0.819853,True
K2TaFeO3Br3,0.960572,0.780630,True
K2TaFeO3I3,0.937018,0.660197,True
K2TaFeS3F3,1.003951,1.055205,False
K2TaFeS3Cl3,0.997270,1.007530,False
K2TaFeS3Br3,0.988611,0.948936,True
K2TaFeS3I3,0.959854,0.776703,True
K2TaFeSe3F3,0.992278,0.973327,False
K2TaFeSe3Cl3,0.986107,0.932621,True
K2TaFeSe3Br3,0.978093,0.882198,True
K2TaFeSe3I3,0.951342,0.731414,True
K2TaMnO3F3,0.966299,0.863868,True
K2TaMnO3Cl3,0.961098,0.832108,True
K2TaMnO3Br3,0.954318,0.792299,True
K2TaMnO3I3,0.931481,0.670066,True
K2TaMnS3F3,0.996304,1.070978,False
K2TaMnS3Cl3,0.989844,1.022590,False
K2TaMnS3Br3,0.981468,0.963121,False
K2TaMnS3I3,0.953622,0.788313,True
K2TaMnSe3F3,0.985016,0.987876,False
K2TaMnSe3Cl3,0.979045,0.946561,True
K2TaMnSe3Br3,0.971288,0.895385,True
K2TaMnSe3I3,0.945373,0.742347,True
K2TaSbO6,0.942809,0.654762,True
K2TaSbS6,0.995341,0.937500,True
K2TaSbSe6,0.974435,0.814145,True
K2TaSbO3S3,0.966441,0.771028,True
K2TaSbO3Se3,0.957628,0.725806,True
K2TaSbS3Se3,0.984495,0.871479,True
K2TaCuO3F3,0.981711,0.834606,True
K2TaCuO3Cl3,0.976115,0.803922,True
K2TaCuO3Br3,0.968825,0.765461,True
K2TaCuO3I3,0.944315,0.647368,True
K2TaCuS3F3,1.014068,1.034700,False
K2TaCuS3Cl3,1.007091,0.987952,False
K2TaCuS3Br3,0.998054,0.930496,True
K2TaCuS3I3,0.968078,0.761610,True
K2TaCuSe3F3,1.001881,0.954413,False
K2TaCuSe3Cl3,0.995442,0.914498,True
K2TaCuSe3Br3,0.987083,0.865055,True
K2TaCuSe3I3,0.959216,0.717201,True
K2TaZnO3F3,0.965640,0.865140,True
K2TaZnO3Cl3,0.960455,0.833333,True
K2TaZnO3Br3,0.953697,0.793466,True
K2TaZnO3I3,0.930931,0.671053,True
K2TaZnS3F3,0.995546,1.072555,False
K2TaZnS3Cl3,0.989108,1.024096,False
K2TaZnS3Br3,0.980760,0.964539,False
K2TaZnS3I3,0.953004,0.789474,True
K2TaZnSe3F3,0.984295,0.989331,False
K2TaZnSe3Cl3,0.978344,0.947955,True
K2TaZnSe3Br3,0.970613,0.896703,True
K2TaZnSe3I3,0.944780,0.743440,True
K2CrMoO6,0.928339,0.680556,True
K2CrMoS6,0.976723,0.974432,False
K2CrMoSe6,0.957508,0.846217,True
K2CrMoO3S3,0.950146,0.801402,True
K2CrMoO3Se3,0.942021,0.754399,True
K2CrMoO3F3,0.961704,0.872774,True
K2CrMoO3Cl3,0.956618,0.840686,True
K2CrMoO3Br3,0.949989,0.800467,True
K2CrMoO3I3,0.927644,0.676974,True
K2CrMoS3Se3,0.966760,0.905810,True
K2CrMoS3F3,0.991021,1.082019,False
K2CrMoS3Cl3,0.984712,1.033133,False
K2CrMoS3Br3,0.976529,0.973050,False
K2CrMoS3I3,0.949308,0.796440,True
K2CrMoSe3F3,0.979995,0.998060,False
K2CrMoSe3Cl3,0.974161,0.956320,False
K2CrMoSe3Br3,0.966581,0.904615,True
K2CrMoSe3I3,0.941238,0.750000,True
K2CrWO6,0.930169,0.677249,True
K2CrWS6,0.979071,0.969697,False
K2CrWSe6,0.959645,0.842105,True
K2CrWO3S3,0.952204,0.797508,True
K2CrWO3Se3,0.943993,0.750733,True
K2CrWO3F3,0.963886,0.868533,True
K2CrWO3Cl3,0.958746,0.836601,True
K2CrWO3Br3,0.952045,0.796577,True
K2CrWO3I3,0.929467,0.673684,True
K2CrWS3Se3,0.968998,0.901408,True
K2CrWS3F3,0.993530,1.076761,False
K2CrWS3Cl3,0.987149,1.028112,False
K2CrWS3Br3,0.978875,0.968322,False
K2CrWS3I3,0.951358,0.792570,True
K2CrWSe3F3,0.982379,0.993210,False
K2CrWSe3Cl3,0.976481,0.951673,False
K2CrWSe3Br3,0.968816,0.900220,True
K2CrWSe3I3,0.943203,0.746356,True
K2CrMnO6,0.906401,0.721230,True
K2CrMnS6,0.948739,1.032670,False
K2CrMnSe6,0.931977,0.896793,True
K2CrMnO3S3,0.925537,0.849299,True
K2CrMnO3Se3,0.918418,0.799487,True
K2CrMnO3F3,0.935643,0.924936,True
K2CrMnO3Cl3,0.931200,0.890931,True
K2CrMnO3Br3,0.925399,0.848308,True
K2CrMnO3I3,0.905790,0.717434,True
K2CrMnS3Se3,0.940057,0.959947,False
K2CrMnS3F3,0.961166,1.146688,False
K2CrMnS3Cl3,0.955687,1.094880,False
K2CrMnS3Br3,0.948570,1.031206,False
K2CrMnS3I3,0.924804,0.844040,True
K2CrMnSe3F3,0.951586,1.057711,False
K2CrMnSe3Cl3,0.946508,1.013476,False
K2CrMnSe3Br3,0.939900,0.958681,False
K2CrMnSe3I3,0.917731,0.794825,True
K2CrAgF6,0.915604,1.437352,False
K2CrAgCl6,0.906884,1.299145,False
K2CrAgBr6,0.896083,1.148253,False
K2CrAgI6,0.863784,0.795812,True
K2CrAgO3F3,0.886614,1.031383,False
K2CrAgO3Cl3,0.883304,0.993464,False
K2CrAgO3Br3,0.878972,0.945935,True
K2CrAgO3I3,0.864242,0.800000,True
K2CrAgS3F3,0.905501,1.278654,False
K2CrAgS3Cl3,0.901465,1.220884,False
K2CrAgS3Br3,0.896208,1.149882,False
K2CrAgS3I3,0.878527,0.941176,True
K2CrAgSe3F3,0.898438,1.179437,False
K2CrAgSe3Cl3,0.894681,1.130112,False
K2CrAgSe3Br3,0.889780,1.069011,False
K2CrAgSe3I3,0.873228,0.886297,True
K2CrAgF3Cl3,0.911151,1.364759,False
K2CrAgF3Br3,0.905364,1.276640,False
K2CrAgF3I3,0.886017,1.024431,False
K2CrAgCl3Br3,0.901334,1.219048,False
K2CrAgCl3I3,0.882728,0.987013,False
K2CrAgBr3I3,0.878424,0.940085,True
K2MoWO6,0.967956,0.611772,True
K2MoWS6,1.028000,0.875947,True
K2MoWSe6,1.004019,0.760691,True
K2MoWO3S3,0.994879,0.720405,True
K2MoWO3Se3,0.984822,0.678152,True
K2MoWS3Se3,1.015544,0.814261,True
K2MoFeO3F3,0.985127,0.828244,True
K2MoFeO3Cl3,0.979442,0.797794,True
K2MoFeO3Br3,0.972037,0.759627,True
K2MoFeO3I3,0.947152,0.642434,True
K2MoFeS3F3,1.018014,1.026814,False
K2MoFeS3Cl3,1.010921,0.980422,False
K2MoFeS3Br3,1.001735,0.923404,True
K2MoFeS3I3,0.971278,0.755805,True
K2MoFeSe3F3,1.005624,0.947139,True
K2MoFeSe3Cl3,0.999079,0.907528,True
K2MoFeSe3Br3,0.990585,0.858462,True
K2MoFeSe3I3,0.962279,0.711735,True
K2MoMnO6,0.942244,0.655754,True
K2MoMnS6,0.994612,0.938920,True
K2MoMnSe6,0.973773,0.815378,True
K2MoMnO3S3,0.965804,0.772196,True
K2MoMnO3Se3,0.957018,0.726906,True
K2MoMnS3Se3,0.983801,0.872799,True
K2MoBiO3F3,0.937502,0.921120,True
K2MoBiO3Cl3,0.933014,0.887255,True
K2MoBiO3Br3,0.927155,0.844807,True
K2MoBiO3I3,0.907354,0.714474,True
K2MoBiS3F3,0.963290,1.141956,False
K2MoBiS3Cl3,0.957753,1.090361,False
K2MoBiS3Br3,0.950561,1.026950,False
K2MoBiS3I3,0.926554,0.840557,True
K2MoBiSe3F3,0.953609,1.053346,False
K2MoBiSe3Cl3,0.948478,1.009294,False
K2MoBiSe3Br3,0.941802,0.954725,False
K2MoBiSe3I3,0.919411,0.791545,True
K2MoSbO3F3,0.991336,0.816794,True
K2MoSbO3Cl3,0.985488,0.786765,True
K2MoSbO3Br3,0.977873,0.749125,True
K2MoSbO3I3,0.952302,0.633553,True
K2MoSbS3F3,1.025194,1.012618,False
K2MoSbS3Cl3,1.017887,0.966867,False
K2MoSbS3Br3,1.008428,0.910638,True
K2MoSbS3I3,0.977093,0.745356,True
K2MoSbSe3F3,1.012432,0.934045,True
K2MoSbSe3Cl3,1.005694,0.894981,True
K2MoSbSe3Br3,0.996952,0.846593,True
K2MoSbSe3I3,0.967843,0.701895,True
K2MoAgO3F3,0.924844,0.947413,True
K2MoAgO3Cl3,0.920658,0.912582,True
K2MoAgO3Br3,0.915192,0.868923,True
K2MoAgO3I3,0.896688,0.734868,True
K2MoAgS3F3,0.948850,1.174553,False
K2MoAgS3Cl3,0.943701,1.121486,False
K2MoAgS3Br3,0.937010,1.056265,False
K2MoAgS3I3,0.914630,0.864551,True
K2MoAgSe3F3,0.939846,1.083414,False
K2MoAgSe3Cl3,0.935071,1.038104,False
K2MoAgSe3Br3,0.928852,0.981978,False
K2MoAgSe3I3,0.907960,0.814140,True
K2MoInO3F3,0.961704,0.872774,True
K2MoInO3Cl3,0.956618,0.840686,True
K2MoInO3Br3,0.949989,0.800467,True
K2MoInO3I3,0.927644,0.676974,True
K2MoInS3F3,0.991021,1.082019,False
K2MoInS3Cl3,0.984712,1.033133,False
K2MoInS3Br3,0.976529,0.973050,False
K2MoInS3I3,0.949308,0.796440,True
K2MoInSe3F3,0.979995,0.998060,False
K2MoInSe3Cl3,0.974161,0.956320,False
K2MoInSe3Br3,0.966581,0.904615,True
K2MoInSe3I3,0.941238,0.750000,True
K2MoGaO3F3,1.011163,0.781170,True
K2MoGaO3Cl3,1.004784,0.752451,True
K2MoGaO3Br3,0.996487,0.716453,True
K2MoGaO3I3,0.968687,0.605921,True
K2MoGaS3F3,1.048195,0.968454,False
K2MoGaS3Cl3,1.040188,0.924699,True
K2MoGaS3Br3,1.029835,0.870922,True
K2MoGaS3I3,0.995637,0.712848,True
K2MoGaSe3F3,1.034216,0.893307,True
K2MoGaSe3Cl3,1.026845,0.855948,True
K2MoGaSe3Br3,1.017293,0.809670,True
K2MoGaSe3I3,0.985571,0.671283,True
K2WFeO3F3,0.987418,0.824003,True
K2WFeO3Cl3,0.981672,0.793709,True
K2WFeO3Br3,0.974191,0.755737,True
K2WFeO3I3,0.949053,0.639145,True
K2WFeS3F3,1.020661,1.021556,False
K2WFeS3Cl3,1.013490,0.975402,False
K2WFeS3Br3,1.004203,0.918676,True
K2WFeS3I3,0.973424,0.751935,True
K2WFeSe3F3,1.008135,0.942289,True
K2WFeSe3Cl3,1.001519,0.902881,True
K2WFeSe3Br3,0.992933,0.854066,True
K2WFeSe3I3,0.964333,0.708090,True
K2WMnO6,0.944130,0.652447,True
K2WMnS6,0.997047,0.934186,True
K2WMnSe6,0.975984,0.811266,True
K2WMnO3S3,0.967931,0.768302,True
K2WMnO3Se3,0.959054,0.723240,True
K2WMnS3Se3,0.986118,0.868398,True
K2WBiO3F3,0.939576,0.916879,True
K2WBiO3Cl3,0.935038,0.883170,True
K2WBiO3Br3,0.929114,0.840918,True
K2WBiO3I3,0.909098,0.711184,True
K2WBiS3F3,0.965660,1.136698,False
K2WBiS3Cl3,0.960058,1.085341,False
K2WBiS3Br3,0.952784,1.022222,False
K2WBiS3I3,0.928506,0.836687,True
K2WBiSe3F3,0.955866,1.048497,False
K2WBiSe3Cl3,0.950677,1.004647,False
K2WBiSe3Br3,0.943925,0.950330,False
K2WBiSe3I3,0.921285,0.787901,True
K2WSbO3F3,0.993655,0.812553,True
K2WSbO3Cl3,0.987746,0.782680,True
K2WSbO3Br3,0.980053,0.745235,True
K2WSbO3I3,0.954223,0.630263,True
K2WSbS3F3,1.027879,1.007361,False
K2WSbS3Cl3,1.020492,0.961847,False
K2WSbS3Br3,1.010929,0.905910,True
K2WSbS3I3,0.979264,0.741486,True
K2WSbSe3F3,1.014977,0.929195,True
K2WSbSe3Cl3,1.008166,0.890335,True
K2WSbSe3Br3,0.999330,0.842198,True
K2WSbSe3I3,0.969920,0.698251,True
K2WAgO3F3,0.926862,0.943172,True
K2WAgO3Cl3,0.922629,0.908497,True
K2WAgO3Br3,0.917101,0.865033,True
K2WAgO3I3,0.898391,0.731579,True
K2WAgS3F3,0.951149,1.169295,False
K2WAgS3Cl3,0.945940,1.116466,False
K2WAgS3Br3,0.939169,1.051537,False
K2WAgS3I3,0.916533,0.860681,True
K2WAgSe3F3,0.942039,1.078565,False
K2WAgSe3Cl3,0.937207,1.033457,False
K2WAgSe3Br3,0.930917,0.977582,False
K2WAgSe3I3,0.909788,0.810496,True
K2WInO3F3,0.963886,0.868533,True
K2WInO3Cl3,0.958746,0.836601,True
K2WInO3Br3,0.952045,0.796577,True
K2WInO3I3,0.929467,0.673684,True
K2WInS3F3,0.993530,1.076761,False
K2WInS3Cl3,0.987149,1.028112,False
K2WInS3Br3,0.978875,0.968322,False
K2WInS3I3,0.951358,0.792570,True
K2WInSe3F3,0.982379,0.993210,False
K2WInSe3Cl3,0.976481,0.951673,False
K2WInSe3Br3,0.968816,0.900220,True
K2WInSe3I3,0.943203,0.746356,True
K2WGaO3F3,1.013576,0.776930,True
K2WGaO3Cl3,1.007132,0.748366,True
K2WGaO3Br3,0.998750,0.712563,True
K2WGaO3I3,0.970675,0.602632,True
K2WGaS3F3,1.051002,0.963197,False
K2WGaS3Cl3,1.042909,0.919679,True
K2WGaS3Br3,1.032444,0.866194,True
K2WGaS3I3,0.997892,0.708978,True
K2WGaSe3F3,1.036872,0.888458,True
K2WGaSe3Cl3,1.029423,0.851301,True
K2WGaSe3Br3,1.019770,0.805275,True
K2WGaSe3I3,0.987724,0.667638,True
K2FeMnO6,0.925062,0.686508,True
K2FeMnS6,0.972525,0.982955,False
K2FeMnSe6,0.953684,0.853618,True
K2FeMnF6,1.002110,1.226950,False
K2FeMnCl6,0.988660,1.108974,False
K2FeMnBr6,0.972145,0.980170,False
K2FeMnI6,0.923703,0.679319,True
K2FeMnO3S3,0.946463,0.808411,True
K2FeMnO3Se3,0.938491,0.760997,True
K2FeMnO3F3,0.957800,0.880407,True
K2FeMnO3Cl3,0.952812,0.848039,True
K2FeMnO3Br3,0.946309,0.807468,True
K2FeMnO3I3,0.924380,0.682895,True
K2FeMnS3Se3,0.962758,0.913732,True
K2FeMnS3F3,0.986537,1.091483,False
K2FeMnS3Cl3,0.980355,1.042169,False
K2FeMnS3Br3,0.972335,0.981560,False
K2FeMnS3I3,0.945642,0.803406,True
K2FeMnSe3F3,0.975732,1.006790,False
K2FeMnSe3Cl3,0.970014,0.964684,False
K2FeMnSe3Br3,0.962582,0.912527,True
K2FeMnSe3I3,0.937723,0.756560,True
K2FeMnF3Cl3,0.995228,1.164983,False
K2FeMnF3Br3,0.986326,1.089764,False
K2FeMnF3I3,0.956898,0.874473,True
K2FeMnCl3Br3,0.980153,1.040602,False
K2FeMnCl3I3,0.951946,0.842532,True
K2FeMnBr3I3,0.945488,0.802474,True
K2FeSbO3F3,0.970273,0.856234,True
K2FeSbO3Cl3,0.964970,0.824755,True
K2FeSbO3Br3,0.958060,0.785298,True
K2FeSbO3I3,0.934795,0.664145,True
K2FeSbS3F3,1.000878,1.061514,False
K2FeSbS3Cl3,0.994286,1.013554,False
K2FeSbS3Br3,0.985742,0.954610,False
K2FeSbS3I3,0.957352,0.781347,True
K2FeSbSe3F3,0.989360,0.979146,False
K2FeSbSe3Cl3,0.983270,0.938197,True
K2FeSbSe3Br3,0.975359,0.887473,True
K2FeSbSe3I3,0.948945,0.735787,True
K2FeCuF6,1.020803,1.186170,False
K2FeCuCl6,1.006246,1.072115,False
K2FeCuBr6,0.988407,0.947592,True
K2FeCuI6,0.936291,0.656741,True
K2FeCuF3Cl3,1.013352,1.126263,False
K2FeCuF3Br3,1.003723,1.053543,False
K2FeCuF3I3,0.971969,0.845409,True
K2FeCuCl3Br3,0.997052,1.006015,False
K2FeCuCl3I3,0.966638,0.814529,True
K2FeCuBr3I3,0.959689,0.775802,True
K2FeAgF6,0.939525,1.375296,False
K2FeAgCl6,0.929562,1.243056,False
K2FeAgBr6,0.917250,1.098678,False
K2FeAgI6,0.880632,0.761453,True
K2FeAgF3Cl3,0.934434,1.305836,False
K2FeAgF3Br3,0.927827,1.221522,False
K2FeAgF3I3,0.905807,0.980202,False
K2FeAgCl3Br3,0.923231,1.166416,False
K2FeAgCl3I3,0.902074,0.944399,True
K2FeAgBr3I3,0.897194,0.899497,True
K2FeZnF6,1.001313,1.228723,False
K2FeZnCl6,0.987909,1.110577,False
K2FeZnBr6,0.971450,0.981586,False
K2FeZnI6,0.923163,0.680301,True
K2FeZnF3Cl3,0.994455,1.166667,False
K2FeZnF3Br3,0.985583,1.091339,False
K2FeZnF3I3,0.956254,0.875737,True
K2FeZnCl3Br3,0.979431,1.042105,False
K2FeZnCl3I3,0.951318,0.843750,True
K2FeZnBr3I3,0.944880,0.803634,True
K2MnBiO6,0.886974,0.758929,True
K2MnBiS6,0.924197,1.086648,False
K2MnBiSe6,0.909501,0.943668,True
K2MnBiO3S3,0.903840,0.893692,True
K2MnBiO3Se3,0.897574,0.841276,True
K2MnBiO3F3,0.912719,0.973282,False
K2MnBiO3Cl3,0.908818,0.937500,True
K2MnBiO3Br3,0.903719,0.892649,True
K2MnBiO3I3,0.886435,0.754934,True
K2MnBiS3Se3,0.916591,1.010123,False
K2MnBiS3F3,0.935059,1.206625,False
K2MnBiS3Cl3,0.930273,1.152108,False
K2MnBiS3Br3,0.924049,1.085106,False
K2MnBiS3I3,0.903195,0.888158,True
K2MnBiSe3F3,0.926688,1.112997,False
K2MnBiSe3Cl3,0.922244,1.066450,False
K2MnBiSe3Br3,0.916454,1.008791,False
K2MnBiSe3I3,0.896969,0.836370,True
K2MnSbO6,0.929986,0.677579,True
K2MnSbS6,0.978836,0.970170,False
K2MnSbSe6,0.959431,0.842516,True
K2MnSbF6,1.009342,1.210993,False
K2MnSbCl6,0.995468,1.094551,False
K2MnSbBr6,0.978444,0.967422,False
K2MnSbI6,0.928588,0.670484,True
K2MnSbO3S3,0.951998,0.797897,True
K2MnSbO3Se3,0.943796,0.751100,True
K2MnSbO3F3,0.963668,0.868957,True
K2MnSbO3Cl3,0.958533,0.837010,True
K2MnSbO3Br3,0.951839,0.796966,True
K2MnSbO3I3,0.929285,0.674013,True
K2MnSbS3Se3,0.968774,0.901849,True
K2MnSbS3F3,0.993278,1.077287,False
K2MnSbS3Cl3,0.986905,1.028614,False
K2MnSbS3Br3,0.978640,0.968794,False
K2MnSbS3I3,0.951152,0.792957,True
K2MnSbSe3F3,0.982141,0.993695,False
K2MnSbSe3Cl3,0.976248,0.952138,False
K2MnSbSe3Br3,0.968592,0.900659,True
K2MnSbSe3I3,0.943006,0.746720,True
K2MnSbF3Cl3,1.002242,1.149832,False
K2MnSbF3Br3,0.993061,1.075591,False
K2MnSbF3I3,0.962740,0.863100,True
K2MnSbCl3Br3,0.986697,1.027068,False
K2MnSbCl3I3,0.957642,0.831575,True
K2MnSbBr3I3,0.950995,0.792037,True
K2MnCuF6,1.012591,1.203901,False
K2MnCuCl6,0.998524,1.088141,False
K2MnCuBr6,0.981270,0.961756,False
K2MnCuI6,0.930776,0.666558,True
K2MnCuF3Cl3,1.005391,1.143098,False
K2MnCuF3Br3,0.996084,1.069291,False
K2MnCuF3I3,0.965359,0.858045,True
K2MnCuCl3Br3,0.989634,1.021053,False
K2MnCuCl3I3,0.960195,0.826705,True
K2MnCuBr3I3,0.953463,0.787399,True
K2MnZnF6,0.993410,1.246454,False
K2MnZnCl6,0.980465,1.126603,False
K2MnZnBr6,0.964556,0.995751,False
K2MnZnI6,0.917801,0.690118,True
K2MnZnF3Cl3,0.986787,1.183502,False
K2MnZnF3Br3,0.978217,1.107087,False
K2MnZnF3I3,0.949854,0.888374,True
K2MnZnCl3Br3,0.972272,1.057143,False
K2MnZnCl3I3,0.945077,0.855925,True
K2MnZnBr3I3,0.938844,0.815230,True
K2MnInO6,0.906401,0.721230,True
K2MnInS6,0.948739,1.032670,False
K2MnInSe6,0.931977,0.896793,True
K2MnInO3S3,0.925537,0.849299,True
K2MnInO3Se3,0.918418,0.799487,True
K2MnInO3F3,0.935643,0.924936,True
K2MnInO3Cl3,0.931200,0.890931,True
K2MnInO3Br3,0.925399,0.848308,True
K2MnInO3I3,0.905790,0.717434,True
K2MnInS3Se3,0.940057,0.959947,False
K2MnInS3F3,0.961166,1.146688,False
K2MnInS3Cl3,0.955687,1.094880,False
K2MnInS3Br3,0.948570,1.031206,False
K2MnInS3I3,0.924804,0.844040,True
K2MnInSe3F3,0.951586,1.057711,False
K2MnInSe3Cl3,0.946508,1.013476,False
K2MnInSe3Br3,0.939900,0.958681,False
K2MnInSe3I3,0.917731,0.794825,True
K2MnGaO6,0.945644,0.649802,True
K2MnGaS6,0.999003,0.930398,True
K2MnGaSe6,0.977760,0.807977,True
K2MnGaO3S3,0.969639,0.765187,True
K2MnGaO3Se3,0.960689,0.720308,True
K2MnGaO3F3,0.982393,0.833333,True
K2MnGaO3Cl3,0.976778,0.802696,True
K2MnGaO3Br3,0.969466,0.764294,True
K2MnGaO3I3,0.944881,0.646382,True
K2MnGaS3Se3,0.987980,0.864877,True
K2MnGaS3F3,1.014855,1.033123,False
K2MnGaS3Cl3,1.007855,0.986446,False
K2MnGaS3Br3,0.998788,0.929078,True
K2MnGaS3I3,0.968716,0.760449,True
K2MnGaSe3F3,1.002627,0.952958,False
K2MnGaSe3Cl3,0.996167,0.913104,True
K2MnGaSe3Br3,0.987781,0.863736,True
K2MnGaSe3I3,0.959827,0.716108,True
K2BiAgF6,0.890975,1.504728,False
K2BiAgCl6,0.883483,1.360043,False
K2BiAgBr6,0.874180,1.202077,False
K2BiAgI6,0.846206,0.833115,True
K2BiAgF3Cl3,0.887151,1.428732,False
K2BiAgF3Br3,0.882176,1.336483,False
K2BiAgF3I3,0.865487,1.072452,False
K2BiAgCl3Br3,0.878706,1.276190,False
K2BiAgCl3I3,0.862642,1.033279,False
K2BiAgBr3I3,0.858915,0.984152,False
K2SbCuO3F3,0.978996,0.839695,True
K2SbCuO3Cl3,0.973469,0.808824,True
K2SbCuO3Br3,0.966271,0.770128,True
K2SbCuO3I3,0.942058,0.651316,True
K2SbCuS3F3,1.010933,1.041009,False
K2SbCuS3Cl3,1.004049,0.993976,False
K2SbCuS3Br3,0.995130,0.936170,True
K2SbCuS3I3,0.965532,0.766254,True
K2SbCuSe3F3,0.998906,0.960233,False
K2SbCuSe3Cl3,0.992551,0.920074,True
K2SbCuSe3Br3,0.984299,0.870330,True
K2SbCuSe3I3,0.956780,0.721574,True
K2SbAgF6,0.945879,1.359338,False
K2SbAgCl6,0.935578,1.228632,False
K2SbAgBr6,0.922856,1.085930,False
K2SbAgI6,0.885072,0.752618,True
K2SbAgO3S3,0.902912,0.895639,True
K2SbAgO3Se3,0.896681,0.843109,True
K2SbAgS3Se3,0.915589,1.012324,False
K2SbAgF3Cl3,0.940615,1.290685,False
K2SbAgF3Br3,0.933785,1.207349,False
K2SbAgF3I3,0.911039,0.968829,False
K2SbAgCl3Br3,0.929035,1.152882,False
K2SbAgCl3I3,0.907187,0.933442,True
K2SbAgBr3I3,0.902151,0.889061,True
K2SbZnO3F3,0.963012,0.870229,True
K2SbZnO3Cl3,0.957894,0.838235,True
K2SbZnO3Br3,0.951222,0.798133,True
K2SbZnO3I3,0.928737,0.675000,True
K2SbZnS3F3,0.992525,1.078864,False
K2SbZnS3Cl3,0.986173,1.030120,False
K2SbZnS3Br3,0.977935,0.970213,False
K2SbZnS3I3,0.950537,0.794118,True
K2SbZnSe3F3,0.981424,0.995150,False
K2SbZnSe3Cl3,0.975552,0.953532,False
K2SbZnSe3Br3,0.967921,0.901978,True
K2SbZnSe3I3,0.942416,0.747813,True
K2CuZnF6,1.011777,1.205674,False
K2CuZnCl6,0.997758,1.089744,False
K2CuZnBr6,0.980562,0.963173,False
K2CuZnI6,0.930228,0.667539,True
K2CuZnF3Cl3,1.004602,1.144781,False
K2CuZnF3Br3,0.995327,1.070866,False
K2CuZnF3I3,0.964703,0.859309,True
K2CuZnCl3Br3,0.988898,1.022556,False
K2CuZnCl3I3,0.959555,0.827922,True
K2CuZnBr3I3,0.952844,0.788558,True
K2AgInF6,0.915604,1.437352,False
K2AgInCl6,0.906884,1.299145,False
K2AgInBr6,0.896083,1.148253,False
K2AgInI6,0.863784,0.795812,True
K2AgInF3Cl3,0.911151,1.364759,False
K2AgInF3Br3,0.905364,1.276640,False
K2AgInF3I3,0.886017,1.024431,False
K2AgInCl3Br3,0.901334,1.219048,False
K2AgInCl3I3,0.882728,0.987013,False
K2AgInBr3I3,0.878424,0.940085,True
K2AgGaF6,0.966210,1.309693,False
K2AgGaCl6,0.954802,1.183761,False
K2AgGaBr6,0.940742,1.046270,False
K2AgGaI6,0.899174,0.725131,True
K2AgGaF3Cl3,0.960378,1.243547,False
K2AgGaF3Br3,0.952818,1.163255,False
K2AgGaF3I3,0.927712,0.933446,True
K2AgGaCl3Br3,0.947567,1.110777,False
K2AgGaCl3I3,0.923469,0.899351,True
K2AgGaBr3I3,0.917929,0.856591,True
Rb2SnGeF6,1.111168,1.134752,False
Rb2SnGeCl6,1.091988,1.025641,False
Rb2SnGeBr6,1.068540,0.906516,True
Rb2SnGeI6,1.000408,0.628272,True
Rb2SnGeO3S3,1.032300,0.747664,True
Rb2SnGeO3Se3,1.021106,0.703812,True
Rb2SnGeS3Se3,1.055262,0.845070,True
Rb2SnGeF3Cl3,1.101345,1.077441,False
Rb2SnGeF3Br3,1.088667,1.007874,False
Rb2SnGeF3I3,1.046992,0.808762,True
Rb2SnGeCl3Br3,1.079896,0.962406,False
Rb2SnGeCl3I3,1.040015,0.779221,True
Rb2SnGeBr3I3,1.030929,0.742172,True
Rb2SnVO3F3,1.046063,0.818066,True
Rb2SnVO3Cl3,1.039093,0.787990,True
Rb2SnVO3Br3,1.030019,0.750292,True
Rb2SnVO3I3,0.999541,0.634539,True
Rb2SnVS3F3,1.086408,1.014196,False
Rb2SnVS3Cl3,1.077702,0.968373,False
Rb2SnVS3Br3,1.066430,0.912057,True
Rb2SnVS3I3,1.029089,0.746517,True
Rb2SnVSe3F3,1.071202,0.935500,True
Rb2SnVSe3Cl3,1.063173,0.896375,True
Rb2SnVSe3Br3,1.052755,0.847912,True
Rb2SnVSe3I3,1.018064,0.702988,True
Rb2SnNbO3F3,1.033765,0.839695,True
Rb2SnNbO3Cl3,1.027125,0.808824,True
Rb2SnNbO3Br3,1.018476,0.770128,True
Rb2SnNbO3I3,0.989386,0.651316,True
Rb2SnNbS3F3,1.072136,1.041009,False
Rb2SnNbS3Cl3,1.063865,0.993976,False
Rb2SnNbS3Br3,1.053149,0.936170,True
Rb2SnNbS3I3,1.017589,0.766254,True
Rb2SnNbSe3F3,1.057686,0.960233,False
Rb2SnNbSe3Cl3,1.050050,0.920074,True
Rb2SnNbSe3Br3,1.040137,0.870330,True
Rb2SnNbSe3I3,1.007073,0.721574,True
Rb2SnTaO3F3,1.033765,0.839695,True
Rb2SnTaO3Cl3,1.027125,0.808824,True
Rb2SnTaO3Br3,1.018476,0.770128,True
Rb2SnTaO3I3,0.989386,0.651316,True
Rb2SnTaS3F3,1.072136,1.041009,False
Rb2SnTaS3Cl3,1.063865,0.993976,False
Rb2SnTaS3Br3,1.053149,0.936170,True
Rb2SnTaS3I3,1.017589,0.766254,True
Rb2SnTaSe3F3,1.057686,0.960233,False
Rb2SnTaSe3Cl3,1.050050,0.920074,True
Rb2SnTaSe3Br3,1.040137,0.870330,True
Rb2SnTaSe3I3,1.007073,0.721574,True
Rb2SnCrO6,0.962588,0.702381,True
Rb2SnCrS6,1.017593,1.005682,False
Rb2SnCrSe6,0.995785,0.873355,True
Rb2SnCrO3S3,0.987418,0.827103,True
Rb2SnCrO3Se3,0.978174,0.778592,True
Rb2SnCrO3F3,1.000551,0.900763,True
Rb2SnCrO3Cl3,0.994775,0.867647,True
Rb2SnCrO3Br3,0.987239,0.826138,True
Rb2SnCrO3I3,0.961797,0.698684,True
Rb2SnCrS3Se3,1.006292,0.934859,True
Rb2SnCrS3F3,1.033788,1.116719,False
Rb2SnCrS3Cl3,1.026645,1.066265,False
Rb2SnCrS3Br3,1.017373,1.004255,False
Rb2SnCrS3I3,0.986465,0.821981,True
Rb2SnCrSe3F3,1.021301,1.030068,False
Rb2SnCrSe3Cl3,1.014688,0.986989,False
Rb2SnCrSe3Br3,1.006088,0.933626,True
Rb2SnCrSe3I3,0.977283,0.774052,True
Rb2SnMoO6,1.001092,0.636905,True
Rb2SnMoS6,1.067490,0.911932,True
Rb2SnMoSe6,1.041027,0.791941,True
Rb2SnMoO3S3,1.030922,0.750000,True
Rb2SnMoO3Se3,1.019790,0.706012,True
Rb2SnMoS3Se3,1.053754,0.847711,True
Rb2SnWO6,1.003118,0.633598,True
Rb2SnWS6,1.070140,0.907197,True
Rb2SnWSe6,1.043422,0.787829,True
Rb2SnWO3S3,1.033221,0.746106,True
Rb2SnWO3Se3,1.021986,0.702346,True
Rb2SnWS3Se3,1.056270,0.843310,True
Rb2SnFeF6,1.081525,1.193262,False
Rb2SnFeCl6,1.064204,1.078526,False
Rb2SnFeBr6,1.042970,0.953258,False
Rb2SnFeI6,0.980893,0.660668,True
Rb2SnFeO3S3,1.010020,0.786215,True
Rb2SnFeO3Se3,0.999811,0.740103,True
Rb2SnFeO3F3,1.024554,0.856234,True
Rb2SnFeO3Cl3,1.018158,0.824755,True
Rb2SnFeO3Br3,1.009822,0.785298,True
Rb2SnFeO3I3,0.981759,0.664145,True
Rb2SnFeS3Se3,1.030916,0.888644,True
Rb2SnFeS3F3,1.061472,1.061514,False
Rb2SnFeS3Cl3,1.053520,1.013554,False
Rb2SnFeS3Br3,1.043213,0.954610,False
Rb2SnFeS3I3,1.008967,0.781347,True
Rb2SnFeSe3F3,1.047578,0.979146,False
Rb2SnFeSe3Cl3,1.040232,0.938197,True
Rb2SnFeSe3Br3,1.030690,0.887473,True
Rb2SnFeSe3I3,0.998827,0.735787,True
Rb2SnFeF3Cl3,1.072659,1.132997,False
Rb2SnFeF3Br3,1.061201,1.059843,False
Rb2SnFeF3I3,1.023397,0.850463,True
Rb2SnFeCl3Br3,1.053261,1.012030,False
Rb2SnFeCl3I3,1.017048,0.819399,True
Rb2SnFeBr3I3,1.008771,0.780441,True
Rb2SnMnF6,1.072852,1.210993,False
Rb2SnMnCl6,1.056062,1.094551,False
Rb2SnMnBr6,1.035461,0.967422,False
Rb2SnMnI6,0.975129,0.670484,True
Rb2SnMnO3S3,1.003458,0.797897,True
Rb2SnMnO3Se3,0.993532,0.751100,True
Rb2SnMnS3Se3,1.023758,0.901849,True
Rb2SnMnF3Cl3,1.064259,1.149832,False
Rb2SnMnF3Br3,1.053149,1.075591,False
Rb2SnMnF3I3,1.016456,0.863100,True
Rb2SnMnCl3Br3,1.045448,1.027068,False
Rb2SnMnCl3I3,1.010287,0.831575,True
Rb2SnMnBr3I3,1.002243,0.792037,True
Rb2SnBiO3F3,0.975734,0.949109,True
Rb2SnBiO3Cl3,0.970574,0.914216,True
Rb2SnBiO3Br3,0.963836,0.870478,True
Rb2SnBiO3I3,0.941023,0.736184,True
Rb2SnBiS3F3,1.005321,1.176656,False
Rb2SnBiS3Cl3,0.998976,1.123494,False
Rb2SnBiS3Br3,0.990729,1.058156,False
Rb2SnBiS3I3,0.963143,0.866099,True
Rb2SnBiSe3F3,0.994225,1.085354,False
Rb2SnBiSe3Cl3,0.988339,1.039963,False
Rb2SnBiSe3Br3,0.980674,0.983736,False
Rb2SnBiSe3I3,0.954921,0.815598,True
Rb2SnSbO3F3,1.030913,0.844784,True
Rb2SnSbO3Cl3,1.024349,0.813725,True
Rb2SnSbO3Br3,1.015798,0.774796,True
Rb2SnSbO3I3,0.987027,0.655263,True
Rb2SnSbS3F3,1.068832,1.047319,False
Rb2SnSbS3Cl3,1.060660,1.000000,False
Rb2SnSbS3Br3,1.050072,0.941844,True
Rb2SnSbS3I3,1.014921,0.770898,True
Rb2SnSbSe3F3,1.054555,0.966052,False
Rb2SnSbSe3Cl3,1.047009,0.925651,True
Rb2SnSbSe3Br3,1.037211,0.875604,True
Rb2SnSbSe3I3,1.004522,0.725948,True
Rb2SnCuF6,1.093011,1.170213,False
Rb2SnCuCl6,1.074979,1.057692,False
Rb2SnCuBr6,1.052895,0.934844,True
Rb2SnCuI6,0.988489,0.647906,True
Rb2SnCuO3S3,1.018682,0.771028,True
Rb2SnCuO3Se3,1.008093,0.725806,True
Rb2SnCuS3Se3,1.040372,0.871479,True
Rb2SnCuF3Cl3,1.083779,1.111111,False
Rb2SnCuF3Br3,1.071854,1.039370,False
Rb2SnCuF3I3,1.032564,0.834035,True
Rb2SnCuCl3Br3,1.063595,0.992481,False
Rb2SnCuCl3I3,1.025973,0.803571,True
Rb2SnCuBr3I3,1.017385,0.765365,True
Rb2SnZnF6,1.071992,1.212766,False
Rb2SnZnCl6,1.055254,1.096154,False
Rb2SnZnBr6,1.034716,0.968839,False
Rb2SnZnI6,0.974556,0.671466,True
Rb2SnZnO3S3,1.002806,0.799065,True
Rb2SnZnO3Se3,0.992908,0.752199,True
Rb2SnZnS3Se3,1.023048,0.903169,True
Rb2SnZnF3Cl3,1.063427,1.151515,False
Rb2SnZnF3Br3,1.052351,1.077165,False
Rb2SnZnF3I3,1.015767,0.864364,True
Rb2SnZnCl3Br3,1.044673,1.028571,False
Rb2SnZnCl3I3,1.009616,0.832792,True
Rb2SnZnBr3I3,1.001595,0.793197,True
Rb2SnInO3F3,1.000551,0.900763,True
Rb2SnInO3Cl3,0.994775,0.867647,True
Rb2SnInO3Br3,0.987239,0.826138,True
Rb2SnInO3I3,0.961797,0.698684,True
Rb2SnInS3F3,1.033788,1.116719,False
Rb2SnInS3Cl3,1.026645,1.066265,False
Rb2SnInS3Br3,1.017373,1.004255,False
Rb2SnInS3I3,0.986465,0.821981,True
Rb2SnInSe3F3,1.021301,1.030068,False
Rb2SnInSe3Cl3,1.014688,0.986989,False
Rb2SnInSe3Br3,1.006088,0.933626,True
Rb2SnInSe3I3,0.977283,0.774052,True
Rb2SnGaO3F3,1.051212,0.809160,True
Rb2SnGaO3Cl3,1.044103,0.779412,True
Rb2SnGaO3Br3,1.034848,0.742124,True
Rb2SnGaO3I3,1.003783,0.627632,True
Rb2SnGaS3F3,1.092396,1.003155,False
Rb2SnGaS3Cl3,1.083505,0.957831,False
Rb2SnGaS3Br3,1.071997,0.902128,True
Rb2SnGaS3I3,1.033900,0.738390,True
Rb2SnGaSe3F3,1.076868,0.925315,True
Rb2SnGaSe3Cl3,1.068672,0.886617,True
Rb2SnGaSe3Br3,1.058040,0.838681,True
Rb2SnGaSe3I3,1.022660,0.695335,True
Rb2GeVO3F3,1.063931,0.787532,True
Rb2GeVO3Cl3,1.056472,0.758578,True
Rb2GeVO3Br3,1.046767,0.722287,True
Rb2GeVO3I3,1.014237,0.610855,True
Rb2GeVS3F3,1.107217,0.976341,False
Rb2GeVS3Cl3,1.097862,0.932229,True
Rb2GeVS3Br3,1.085761,0.878014,True
Rb2GeVS3I3,1.045773,0.718653,True
Rb2GeVSe3F3,1.090882,0.900582,True
Rb2GeVSe3Cl3,1.082267,0.862918,True
Rb2GeVSe3Br3,1.071099,0.816264,True
Rb2GeVSe3I3,1.033996,0.676749,True
Rb2GeNbO3F3,1.051212,0.809160,True
Rb2GeNbO3Cl3,1.044103,0.779412,True
Rb2GeNbO3Br3,1.034848,0.742124,True
Rb2GeNbO3I3,1.003783,0.627632,True
Rb2GeNbS3F3,1.092396,1.003155,False
Rb2GeNbS3Cl3,1.083505,0.957831,False
Rb2GeNbS3Br3,1.071997,0.902128,True
Rb2GeNbS3I3,1.033900,0.738390,True
Rb2GeNbSe3F3,1.076868,0.925315,True
Rb2GeNbSe3Cl3,1.068672,0.886617,True
Rb2GeNbSe3Br3,1.058040,0.838681,True
Rb2GeNbSe3I3,1.022660,0.695335,True
Rb2GeTaO3F3,1.051212,0.809160,True
Rb2GeTaO3Cl3,1.044103,0.779412,True
Rb2GeTaO3Br3,1.034848,0.742124,True
Rb2GeTaO3I3,1.003783,0.627632,True
Rb2GeTaS3F3,1.092396,1.003155,False
Rb2GeTaS3Cl3,1.083505,0.957831,False
Rb2GeTaS3Br3,1.071997,0.902128,True
Rb2GeTaS3I3,1.033900,0.738390,True
Rb2GeTaSe3F3,1.076868,0.925315,True
Rb2GeTaSe3Cl3,1.068672,0.886617,True
Rb2GeTaSe3Br3,1.058040,0.838681,True
Rb2GeTaSe3I3,1.022660,0.695335,True
Rb2GeCrO6,0.976242,0.678571,True
Rb2GeCrS6,1.035188,0.971591,False
Rb2GeCrSe6,1.011775,0.843750,True
Rb2GeCrO3S3,1.002806,0.799065,True
Rb2GeCrO3Se3,0.992908,0.752199,True
Rb2GeCrO3F3,1.016887,0.870229,True
Rb2GeCrO3Cl3,1.010691,0.838235,True
Rb2GeCrO3Br3,1.002614,0.798133,True
Rb2GeCrO3I3,0.975396,0.675000,True
Rb2GeCrS3Se3,1.023048,0.903169,True
Rb2GeCrS3F3,1.052613,1.078864,False
Rb2GeCrS3Cl3,1.044923,1.030120,False
Rb2GeCrS3Br3,1.034952,0.970213,False
Rb2GeCrS3I3,1.001785,0.794118,True
Rb2GeCrSe3F3,1.039175,0.995150,False
Rb2GeCrSe3Cl3,1.032066,0.953532,False
Rb2GeCrSe3Br3,1.022829,0.901978,True
Rb2GeCrSe3I3,0.991955,0.747813,True
Rb2GeMoO6,1.015868,0.613095,True
Rb2GeMoS6,1.086869,0.877841,True
Rb2GeMoSe6,1.058515,0.762336,True
Rb2GeMoO3S3,1.047708,0.721963,True
Rb2GeMoO3Se3,1.035814,0.679619,True
Rb2GeMoS3Se3,1.072143,0.816021,True
Rb2GeWO6,1.017955,0.609788,True
Rb2GeWS6,1.089617,0.873106,True
Rb2GeWSe6,1.060991,0.758224,True
Rb2GeWO3S3,1.050082,0.718069,True
Rb2GeWO3Se3,1.038080,0.675953,True
Rb2GeWS3Se3,1.074747,0.811620,True
Rb2GeFeF6,1.102923,1.150709,False
Rb2GeFeCl6,1.084267,1.040064,False
Rb2GeFeBr6,1.061443,0.919263,True
Rb2GeFeI6,0.995009,0.637107,True
Rb2GeFeO3S3,1.026127,0.758178,True
Rb2GeFeO3Se3,1.015209,0.713710,True
Rb2GeFeO3F3,1.041689,0.825700,True
Rb2GeFeO3Cl3,1.034838,0.795343,True
Rb2GeFeO3Br3,1.025915,0.757293,True
Rb2GeFeO3I3,0.995933,0.640461,True
Rb2GeFeS3Se3,1.048509,0.856954,True
Rb2GeFeS3F3,1.081328,1.023659,False
Rb2GeFeS3Cl3,1.072777,0.977410,False
Rb2GeFeS3Br3,1.061705,0.920567,True
Rb2GeFeS3I3,1.025001,0.753483,True
Rb2GeFeSe3F3,1.066393,0.944229,True
Rb2GeFeSe3Cl3,1.058504,0.904740,True
Rb2GeFeSe3Br3,1.048267,0.855824,True
Rb2GeFeSe3I3,1.014158,0.709548,True
Rb2GeFeF3Cl3,1.093370,1.092593,False
Rb2GeFeF3Br3,1.081036,1.022047,False
Rb2GeFeF3I3,1.040450,0.820135,True
Rb2GeFeCl3Br3,1.072499,0.975940,False
Rb2GeFeCl3I3,1.033649,0.790179,True
Rb2GeFeBr3I3,1.024790,0.752609,True
Rb2GeMnF6,1.093905,1.168440,False
Rb2GeMnCl6,1.075816,1.056090,False
Rb2GeMnBr6,1.053667,0.933428,True
Rb2GeMnI6,0.989078,0.646924,True
Rb2GeMnO3S3,1.019354,0.769860,True
Rb2GeMnO3Se3,1.008736,0.724707,True
Rb2GeMnS3Se3,1.041106,0.870158,True
Rb2GeMnF3Cl3,1.084644,1.109428,False
Rb2GeMnF3Br3,1.072682,1.037795,False
Rb2GeMnF3I3,1.033276,0.832772,True
Rb2GeMnCl3Br3,1.064399,0.990977,False
Rb2GeMnCl3I3,1.026666,0.802354,True
Rb2GeMnBr3I3,1.018054,0.764206,True
Rb2GeBiO3F3,0.991262,0.918575,True
Rb2GeBiO3Cl3,0.985720,0.884804,True
Rb2GeBiO3Br3,0.978485,0.842474,True
Rb2GeBiO3I3,0.954037,0.712500,True
Rb2GeBiS3F3,1.023115,1.138801,False
Rb2GeBiS3Cl3,1.016275,1.087349,False
Rb2GeBiS3Br3,1.007392,1.024113,False
Rb2GeBiS3I3,0.977743,0.838235,True
Rb2GeBiSe3F3,1.011156,1.050436,False
Rb2GeBiSe3Cl3,1.004819,1.006506,False
Rb2GeBiSe3Br3,0.996573,0.952088,False
Rb2GeBiSe3I3,0.968924,0.789359,True
Rb2GeSbO3F3,1.048263,0.814249,True
Rb2GeSbO3Cl3,1.041234,0.784314,True
Rb2GeSbO3Br3,1.032083,0.746791,True
Rb2GeSbO3I3,1.001354,0.631579,True
Rb2GeSbS3F3,1.088967,1.009464,False
Rb2GeSbS3Cl3,1.080182,0.963855,False
Rb2GeSbS3Br3,1.068809,0.907801,True
Rb2GeSbS3I3,1.031145,0.743034,True
Rb2GeSbSe3F3,1.073623,0.931135,True
Rb2GeSbSe3Cl3,1.065522,0.892193,True
Rb2GeSbSe3Br3,1.055013,0.843956,True
Rb2GeSbSe3I3,1.020029,0.699708,True
Rb2GeCuF6,1.114872,1.127660,False
Rb2GeCuCl6,1.095454,1.019231,False
Rb2GeCuBr6,1.071725,0.900850,True
Rb2GeCuI6,1.002827,0.624346,True
Rb2GeCuO3S3,1.035068,0.742991,True
Rb2GeCuO3Se3,1.023749,0.699413,True
Rb2GeCuS3Se3,1.058292,0.839789,True
Rb2GeCuF3Cl3,1.104926,1.070707,False
Rb2GeCuF3Br3,1.092093,1.001575,False
Rb2GeCuF3I3,1.049926,0.803707,True
Rb2GeCuCl3Br3,1.083216,0.956391,False
Rb2GeCuCl3I3,1.042869,0.774351,True
Rb2GeCuBr3I3,1.033682,0.737534,True
Rb2GeZnF6,1.093011,1.170213,False
Rb2GeZnCl6,1.074979,1.057692,False
Rb2GeZnBr6,1.052895,0.934844,True
Rb2GeZnI6,0.988489,0.647906,True
Rb2GeZnO3S3,1.018682,0.771028,True
Rb2GeZnO3Se3,1.008093,0.725806,True
Rb2GeZnS3Se3,1.040372,0.871479,True
Rb2GeZnF3Cl3,1.083779,1.111111,False
Rb2GeZnF3Br3,1.071854,1.039370,False
Rb2GeZnF3I3,1.032564,0.834035,True
Rb2GeZnCl3Br3,1.063595,0.992481,False
Rb2GeZnCl3I3,1.025973,0.803571,True
Rb2GeZnBr3I3,1.017385,0.765365,True
Rb2GeInO3F3,1.016887,0.870229,True
Rb2GeInO3Cl3,1.010691,0.838235,True
Rb2GeInO3Br3,1.002614,0.798133,True
Rb2GeInO3I3,0.975396,0.675000,True
Rb2GeInS3F3,1.052613,1.078864,False
Rb2GeInS3Cl3,1.044923,1.030120,False
Rb2GeInS3Br3,1.034952,0.970213,False
Rb2GeInS3I3,1.001785,0.794118,True
Rb2GeInSe3F3,1.039175,0.995150,False
Rb2GeInSe3Cl3,1.032066,0.953532,False
Rb2GeInSe3Br3,1.022829,0.901978,True
Rb2GeInSe3I3,0.991955,0.747813,True
Rb2GeGaO3F3,1.069259,0.778626,True
Rb2GeGaO3Cl3,1.061651,0.750000,True
Rb2GeGaO3Br3,1.051755,0.714119,True
Rb2GeGaO3I3,1.018605,0.603947,True
Rb2GeGaS3F3,1.113438,0.965300,False
Rb2GeGaS3Cl3,1.103885,0.921687,True
Rb2GeGaS3Br3,1.091532,0.868085,True
Rb2GeGaS3I3,1.050741,0.710526,True
Rb2GeGaSe3F3,1.096759,0.890398,True
Rb2GeGaSe3Cl3,1.087966,0.853160,True
Rb2GeGaSe3Br3,1.076571,0.807033,True
Rb2GeGaSe3I3,1.038737,0.669096,True
Rb2TiCrO6,0.957751,0.710979,True
Rb2TiCrS6,1.011385,1.017992,False
Rb2TiCrSe6,0.990135,0.884046,True
Rb2TiCrO3S3,0.981976,0.837227,True
Rb2TiCrO3Se3,0.972960,0.788123,True
Rb2TiCrO3F3,0.994781,0.911790,True
Rb2TiCrO3Cl3,0.989150,0.878268,True
Rb2TiCrO3Br3,0.981802,0.836250,True
Rb2TiCrO3I3,0.956978,0.707237,True
Rb2TiCrS3Se3,1.000375,0.946303,True
Rb2TiCrS3F3,1.027155,1.130389,False
Rb2TiCrS3Cl3,1.020200,1.079317,False
Rb2TiCrS3Br3,1.011171,1.016548,False
Rb2TiCrS3I3,0.981047,0.832043,True
Rb2TiCrSe3F3,1.014997,1.042677,False
Rb2TiCrSe3Cl3,1.008556,0.999071,False
Rb2TiCrSe3Br3,1.000177,0.945055,True
Rb2TiCrSe3I3,0.972091,0.783528,True
Rb2TiMoO6,0.995861,0.645503,True
Rb2TiMoS6,1.060660,0.924242,True
Rb2TiMoSe6,1.034853,0.802632,True
Rb2TiMoO3S3,1.024992,0.760125,True
Rb2TiMoO3Se3,1.014124,0.715543,True
Rb2TiMoS3Se3,1.047268,0.859155,True
Rb2TiWO6,0.997866,0.642196,True
Rb2TiWS6,1.063277,0.919508,True
Rb2TiWSe6,1.037219,0.798520,True
Rb2TiWO3S3,1.027265,0.756231,True
Rb2TiWO3Se3,1.016296,0.711877,True
Rb2TiWS3Se3,1.049753,0.854754,True
Rb2TiFeO3F3,1.018504,0.867260,True
Rb2TiFeO3Cl3,1.012266,0.835376,True
Rb2TiFeO3Br3,1.004135,0.795410,True
Rb2TiFeO3I3,0.976739,0.672697,True
Rb2TiFeS3F3,1.054479,1.075184,False
Rb2TiFeS3Cl3,1.046735,1.026606,False
Rb2TiFeS3Br3,1.036693,0.966903,False
Rb2TiFeS3I3,1.003300,0.791409,True
Rb2TiFeSe3F3,1.040947,0.991756,False
Rb2TiFeSe3Cl3,1.033788,0.950279,False
Rb2TiFeSe3Br3,1.024486,0.898901,True
Rb2TiFeSe3I3,0.993405,0.745262,True
Rb2TiBiO3F3,0.970245,0.960136,False
Rb2TiBiO3Cl3,0.965219,0.924837,True
Rb2TiBiO3Br3,0.958653,0.880591,True
Rb2TiBiO3I3,0.936410,0.744737,True
Rb2TiBiS3F3,0.999047,1.190326,False
Rb2TiBiS3Cl3,0.992874,1.136546,False
Rb2TiBiS3Br3,0.984847,1.070449,False
Rb2TiBiS3I3,0.957978,0.876161,True
Rb2TiBiSe3F3,0.988250,1.097963,False
Rb2TiBiSe3Cl3,0.982520,1.052045,False
Rb2TiBiSe3Br3,0.975056,0.995165,False
Rb2TiBiSe3I3,0.949963,0.825073,True
Rb2TiSbO3F3,1.024788,0.855810,True
Rb2TiSbO3Cl3,1.018386,0.824346,True
Rb2TiSbO3Br3,1.010042,0.784909,True
Rb2TiSbO3I3,0.981953,0.663816,True
Rb2TiSbS3F3,1.061742,1.060988,False
Rb2TiSbS3Cl3,1.053783,1.013052,False
Rb2TiSbS3Br3,1.043466,0.954137,False
Rb2TiSbS3I3,1.009187,0.780960,True
Rb2TiSbSe3F3,1.047835,0.978661,False
Rb2TiSbSe3Cl3,1.040481,0.937732,True
Rb2TiSbSe3Br3,1.030930,0.887033,True
Rb2TiSbSe3I3,0.999037,0.735423,True
Rb2TiInO3F3,0.994781,0.911790,True
Rb2TiInO3Cl3,0.989150,0.878268,True
Rb2TiInO3Br3,0.981802,0.836250,True
Rb2TiInO3I3,0.956978,0.707237,True
Rb2TiInS3F3,1.027155,1.130389,False
Rb2TiInS3Cl3,1.020200,1.079317,False
Rb2TiInS3Br3,1.011171,1.016548,False
Rb2TiInS3I3,0.981047,0.832043,True
Rb2TiInSe3F3,1.014997,1.042677,False
Rb2TiInSe3Cl3,1.008556,0.999071,False
Rb2TiInSe3Br3,1.000177,0.945055,True
Rb2TiInSe3I3,0.972091,0.783528,True
Rb2TiGaO3F3,1.044844,0.820187,True
Rb2TiGaO3Cl3,1.037908,0.790033,True
Rb2TiGaO3Br3,1.028876,0.752236,True
Rb2TiGaO3I3,0.998536,0.636184,True
Rb2TiGaS3F3,1.084992,1.016824,False
Rb2TiGaS3Cl3,1.076330,0.970884,False
Rb2TiGaS3Br3,1.065113,0.914421,True
Rb2TiGaS3I3,1.027950,0.748452,True
Rb2TiGaSe3F3,1.069862,0.937924,True
Rb2TiGaSe3Cl3,1.061872,0.898699,True
Rb2TiGaSe3Br3,1.051504,0.850110,True
Rb2TiGaSe3I3,1.016976,0.704810,True
Rb2ZrCrO6,0.955904,0.714286,True
Rb2ZrCrS6,1.009018,1.022727,False
Rb2ZrCrSe6,0.987978,0.888158,True
Rb2ZrCrO3S3,0.979899,0.841121,True
Rb2ZrCrO3Se3,0.970970,0.791789,True
Rb2ZrCrO3F3,0.992579,0.916031,True
Rb2ZrCrO3Cl3,0.987003,0.882353,True
Rb2ZrCrO3Br3,0.979726,0.840140,True
Rb2ZrCrO3I3,0.955138,0.710526,True
Rb2ZrCrS3Se3,0.998118,0.950704,False
Rb2ZrCrS3F3,1.024626,1.135647,False
Rb2ZrCrS3Cl3,1.017743,1.084337,False
Rb2ZrCrS3Br3,1.008806,1.021277,False
Rb2ZrCrS3I3,0.978979,0.835913,True
Rb2ZrCrSe3F3,1.012593,1.047527,False
Rb2ZrCrSe3Cl3,1.006217,1.003717,False
Rb2ZrCrSe3Br3,0.997921,0.949451,True
Rb2ZrCrSe3I3,0.970109,0.787172,True
Rb2ZrMoO6,0.993864,0.648810,True
Rb2ZrMoS6,1.058057,0.928977,True
Rb2ZrMoSe6,1.032498,0.806743,True
Rb2ZrMoO3S3,1.022729,0.764019,True
Rb2ZrMoO3Se3,1.011962,0.719208,True
Rb2ZrMoS3Se3,1.044795,0.863556,True
Rb2ZrWO6,0.995861,0.645503,True
Rb2ZrWS6,1.060660,0.924242,True
Rb2ZrWSe6,1.034853,0.802632,True
Rb2ZrWO3S3,1.024992,0.760125,True
Rb2ZrWO3Se3,1.014124,0.715543,True
Rb2ZrWS3Se3,1.047268,0.859155,True
Rb2ZrFeO3F3,1.016196,0.871501,True
Rb2ZrFeO3Cl3,1.010018,0.839461,True
Rb2ZrFeO3Br3,1.001964,0.799300,True
Rb2ZrFeO3I3,0.974822,0.675987,True
Rb2ZrFeS3F3,1.051815,1.080442,False
Rb2ZrFeS3Cl3,1.044149,1.031627,False
Rb2ZrFeS3Br3,1.034207,0.971631,False
Rb2ZrFeS3I3,1.001138,0.795279,True
Rb2ZrFeSe3F3,1.038418,0.996605,False
Rb2ZrFeSe3Cl3,1.031330,0.954926,False
Rb2ZrFeSe3Br3,1.022120,0.903297,True
Rb2ZrFeSe3I3,0.991335,0.748907,True
Rb2ZrBiO3F3,0.968150,0.964377,False
Rb2ZrBiO3Cl3,0.963175,0.928922,True
Rb2ZrBiO3Br3,0.956674,0.884481,True
Rb2ZrBiO3I3,0.934648,0.748026,True
Rb2ZrBiS3F3,0.996655,1.195584,False
Rb2ZrBiS3Cl3,0.990546,1.141566,False
Rb2ZrBiS3Br3,0.982603,1.075177,False
Rb2ZrBiS3I3,0.956006,0.880031,True
Rb2ZrBiSe3F3,0.985970,1.102813,False
Rb2ZrBiSe3Cl3,0.980300,1.056691,False
Rb2ZrBiSe3Br3,0.972913,0.999560,False
Rb2ZrBiSe3I3,0.948070,0.828717,True
Rb2ZrSbO3F3,1.022451,0.860051,True
Rb2ZrSbO3Cl3,1.016111,0.828431,True
Rb2ZrSbO3Br3,1.007846,0.788798,True
Rb2ZrSbO3I3,0.980015,0.667105,True
Rb2ZrSbS3F3,1.059041,1.066246,False
Rb2ZrSbS3Cl3,1.051162,1.018072,False
Rb2ZrSbS3Br3,1.040947,0.958865,False
Rb2ZrSbS3I3,1.006999,0.784830,True
Rb2ZrSbSe3F3,1.045273,0.983511,False
Rb2ZrSbSe3Cl3,1.037992,0.942379,True
Rb2ZrSbSe3Br3,1.028534,0.891429,True
Rb2ZrSbSe3I3,0.996944,0.739067,True
Rb2ZrInO3F3,0.992579,0.916031,True
Rb2ZrInO3Cl3,0.987003,0.882353,True
Rb2ZrInO3Br3,0.979726,0.840140,True
Rb2ZrInO3I3,0.955138,0.710526,True
Rb2ZrInS3F3,1.024626,1.135647,False
Rb2ZrInS3Cl3,1.017743,1.084337,False
Rb2ZrInS3Br3,1.008806,1.021277,False
Rb2ZrInS3I3,0.978979,0.835913,True
Rb2ZrInSe3F3,1.012593,1.047527,False
Rb2ZrInSe3Cl3,1.006217,1.003717,False
Rb2ZrInSe3Br3,0.997921,0.949451,True
Rb2ZrInSe3I3,0.970109,0.787172,True
Rb2ZrGaO3F3,1.042415,0.824427,True
Rb2ZrGaO3Cl3,1.035544,0.794118,True
Rb2ZrGaO3Br3,1.026597,0.756126,True
Rb2ZrGaO3I3,0.996533,0.639474,True
Rb2ZrGaS3F3,1.082171,1.022082,False
Rb2ZrGaS3Cl3,1.073595,0.975904,False
Rb2ZrGaS3Br3,1.062489,0.919149,True
Rb2ZrGaS3I3,1.025680,0.752322,True
Rb2ZrGaSe3F3,1.067191,0.942774,True
Rb2ZrGaSe3Cl3,1.059279,0.903346,True
Rb2ZrGaSe3Br3,1.049012,0.854505,True
Rb2ZrGaSe3I3,1.014807,0.708455,True
Rb2VNbO6,1.002915,0.633929,True
Rb2VNbS6,1.069874,0.907670,True
Rb2VNbSe6,1.043182,0.788240,True
Rb2VNbO3S3,1.032991,0.746495,True
Rb2VNbO3Se3,1.021765,0.702713,True
Rb2VNbS3Se3,1.056018,0.843750,True
Rb2VTaO6,1.002915,0.633929,True
Rb2VTaS6,1.069874,0.907670,True
Rb2VTaSe6,1.043182,0.788240,True
Rb2VTaO3S3,1.032991,0.746495,True
Rb2VTaO3Se3,1.021765,0.702713,True
Rb2VTaS3Se3,1.056018,0.843750,True
Rb2VFeO3F3,1.039516,0.829517,True
Rb2VFeO3Cl3,1.032723,0.799020,True
Rb2VFeO3Br3,1.023876,0.760793,True
Rb2VFeO3I3,0.994139,0.643421,True
Rb2VFeS3F3,1.078805,1.028391,False
Rb2VFeS3Cl3,1.070332,0.981928,False
Rb2VFeS3Br3,1.059357,0.924823,True
Rb2VFeS3I3,1.022969,0.756966,True
Rb2VFeSe3F3,1.064004,0.948594,True
Rb2VFeSe3Cl3,1.056185,0.908922,True
Rb2VFeSe3Br3,1.046037,0.859780,True
Rb2VFeSe3I3,1.012216,0.712828,True
Rb2VMnO3F3,1.032337,0.842239,True
Rb2VMnO3Cl3,1.025735,0.811275,True
Rb2VMnO3Br3,1.017135,0.772462,True
Rb2VMnO3I3,0.988205,0.653289,True
Rb2VMnS3F3,1.070481,1.044164,False
Rb2VMnS3Cl3,1.062260,0.996988,False
Rb2VMnS3Br3,1.051608,0.939007,True
Rb2VMnS3I3,1.016253,0.768576,True
Rb2VMnSe3F3,1.056118,0.963143,False
Rb2VMnSe3Cl3,1.048528,0.922862,True
Rb2VMnSe3Br3,1.038672,0.872967,True
Rb2VMnSe3I3,1.005796,0.723761,True
Rb2VSbO6,1.000485,0.637897,True
Rb2VSbS6,1.066697,0.913352,True
Rb2VSbSe6,1.040311,0.793174,True
Rb2VSbO3S3,1.030234,0.751168,True
Rb2VSbO3Se3,1.019133,0.707111,True
Rb2VSbS3Se3,1.053002,0.849032,True
Rb2VCuO3F3,1.048999,0.812977,True
Rb2VCuO3Cl3,1.041950,0.783088,True
Rb2VCuO3Br3,1.032773,0.745624,True
Rb2VCuO3I3,1.001960,0.630592,True
Rb2VCuS3F3,1.089822,1.007886,False
Rb2VCuS3Cl3,1.081011,0.962349,False
Rb2VCuS3Br3,1.069604,0.906383,True
Rb2VCuS3I3,1.031832,0.741873,True
Rb2VCuSe3F3,1.074433,0.929680,True
Rb2VCuSe3Cl3,1.066308,0.890799,True
Rb2VCuSe3Br3,1.055768,0.842637,True
Rb2VCuSe3I3,1.020685,0.698615,True
Rb2VZnO3F3,1.031624,0.843511,True
Rb2VZnO3Cl3,1.025042,0.812500,True
Rb2VZnO3Br3,1.016466,0.773629,True
Rb2VZnO3I3,0.987615,0.654276,True
Rb2VZnS3F3,1.069656,1.045741,False
Rb2VZnS3Cl3,1.061459,0.998494,False
Rb2VZnS3Br3,1.050839,0.940426,True
Rb2VZnS3I3,1.015587,0.769737,True
Rb2VZnSe3F3,1.055336,0.964597,False
Rb2VZnSe3Cl3,1.047768,0.924257,True
Rb2VZnSe3Br3,1.037941,0.874286,True
Rb2VZnSe3I3,1.005158,0.724854,True
Rb2NbTaO6,0.992669,0.650794,True
Rb2NbTaS6,1.056501,0.931818,True
Rb2NbTaSe6,1.031090,0.809211,True
Rb2NbTaO3S3,1.021376,0.766355,True
Rb2NbTaO3Se3,1.010669,0.721408,True
Rb2NbTaS3Se3,1.043316,0.866197,True
Rb2NbFeO3F3,1.027370,0.851145,True
Rb2NbFeO3Cl3,1.020900,0.819853,True
Rb2NbFeO3Br3,1.012469,0.780630,True
Rb2NbFeO3I3,0.984093,0.660197,True
Rb2NbFeS3F3,1.064730,1.055205,False
Rb2NbFeS3Cl3,1.056682,1.007530,False
Rb2NbFeS3Br3,1.046250,0.948936,True
Rb2NbFeS3I3,1.011605,0.776703,True
Rb2NbFeSe3F3,1.050668,0.973327,False
Rb2NbFeSe3Cl3,1.043233,0.932621,True
Rb2NbFeSe3Br3,1.033578,0.882198,True
Rb2NbFeSe3I3,1.001350,0.731414,True
Rb2NbMnO3F3,1.020357,0.863868,True
Rb2NbMnO3Cl3,1.014072,0.832108,True
Rb2NbMnO3Br3,1.005878,0.792299,True
Rb2NbMnO3I3,0.978278,0.670066,True
Rb2NbMnS3F3,1.056621,1.070978,False
Rb2NbMnS3Cl3,1.048814,1.022590,False
Rb2NbMnS3Br3,1.038691,0.963121,False
Rb2NbMnS3I3,1.005037,0.788313,True
Rb2NbMnSe3F3,1.042978,0.987876,False
Rb2NbMnSe3Cl3,1.035762,0.946561,True
Rb2NbMnSe3Br3,1.026387,0.895385,True
Rb2NbMnSe3I3,0.995067,0.742347,True
Rb2NbSbO6,0.990289,0.654762,True
Rb2NbSbS6,1.053402,0.937500,True
Rb2NbSbSe6,1.028286,0.814145,True
Rb2NbSbO3S3,1.018682,0.771028,True
Rb2NbSbO3Se3,1.008093,0.725806,True
Rb2NbSbS3Se3,1.040372,0.871479,True
Rb2NbCuO3F3,1.036632,0.834606,True
Rb2NbCuO3Cl3,1.029916,0.803922,True
Rb2NbCuO3Br3,1.021169,0.765461,True
Rb2NbCuO3I3,0.991757,0.647368,True
Rb2NbCuS3F3,1.075460,1.034700,False
Rb2NbCuS3Cl3,1.067088,0.987952,False
Rb2NbCuS3Br3,1.056244,0.930496,True
Rb2NbCuS3I3,1.020272,0.761610,True
Rb2NbCuSe3F3,1.060836,0.954413,False
Rb2NbCuSe3Cl3,1.053109,0.914498,True
Rb2NbCuSe3Br3,1.043078,0.865055,True
Rb2NbCuSe3I3,1.009638,0.717201,True
Rb2NbZnO3F3,1.019661,0.865140,True
Rb2NbZnO3Cl3,1.013394,0.833333,True
Rb2NbZnO3Br3,1.005223,0.793466,True
Rb2NbZnO3I3,0.977700,0.671053,True
Rb2NbZnS3F3,1.055817,1.072555,False
Rb2NbZnS3Cl3,1.048033,1.024096,False
Rb2NbZnS3Br3,1.037941,0.964539,False
Rb2NbZnS3I3,1.004385,0.789474,True
Rb2NbZnSe3F3,1.042215,0.989331,False
Rb2NbZnSe3Cl3,1.035021,0.947955,True
Rb2NbZnSe3Br3,1.025674,0.896703,True
Rb2NbZnSe3I3,0.994443,0.743440,True
Rb2TaFeO3F3,1.027370,0.851145,True
Rb2TaFeO3Cl3,1.020900,0.819853,True
Rb2TaFeO3Br3,1.012469,0.780630,True
Rb2TaFeO3I3,0.984093,0.660197,True
Rb2TaFeS3F3,1.064730,1.055205,False
Rb2TaFeS3Cl3,1.056682,1.007530,False
Rb2TaFeS3Br3,1.046250,0.948936,True
Rb2TaFeS3I3,1.011605,0.776703,True
Rb2TaFeSe3F3,1.050668,0.973327,False
Rb2TaFeSe3Cl3,1.043233,0.932621,True
Rb2TaFeSe3Br3,1.033578,0.882198,True
Rb2TaFeSe3I3,1.001350,0.731414,True
Rb2TaMnO3F3,1.020357,0.863868,True
Rb2TaMnO3Cl3,1.014072,0.832108,True
Rb2TaMnO3Br3,1.005878,0.792299,True
Rb2TaMnO3I3,0.978278,0.670066,True
Rb2TaMnS3F3,1.056621,1.070978,False
Rb2TaMnS3Cl3,1.048814,1.022590,False
Rb2TaMnS3Br3,1.038691,0.963121,False
Rb2TaMnS3I3,1.005037,0.788313,True
Rb2TaMnSe3F3,1.042978,0.987876,False
Rb2TaMnSe3Cl3,1.035762,0.946561,True
Rb2TaMnSe3Br3,1.026387,0.895385,True
Rb2TaMnSe3I3,0.995067,0.742347,True
Rb2TaSbO6,0.990289,0.654762,True
Rb2TaSbS6,1.053402,0.937500,True
Rb2TaSbSe6,1.028286,0.814145,True
Rb2TaSbO3S3,1.018682,0.771028,True
Rb2TaSbO3Se3,1.008093,0.725806,True
Rb2TaSbS3Se3,1.040372,0.871479,True
Rb2TaCuO3F3,1.036632,0.834606,True
Rb2TaCuO3Cl3,1.029916,0.803922,True
Rb2TaCuO3Br3,1.021169,0.765461,True
Rb2TaCuO3I3,0.991757,0.647368,True
Rb2TaCuS3F3,1.075460,1.034700,False
Rb2TaCuS3Cl3,1.067088,0.987952,False
Rb2TaCuS3Br3,1.056244,0.930496,True
Rb2TaCuS3I3,1.020272,0.761610,True
Rb2TaCuSe3F3,1.060836,0.954413,False
Rb2TaCuSe3Cl3,1.053109,0.914498,True
Rb2TaCuSe3Br3,1.043078,0.865055,True
Rb2TaCuSe3I3,1.009638,0.717201,True
Rb2TaZnO3F3,1.019661,0.865140,True
Rb2TaZnO3Cl3,1.013394,0.833333,True
Rb2TaZnO3Br3,1.005223,0.793466,True
Rb2TaZnO3I3,0.977700,0.671053,True
Rb2TaZnS3F3,1.055817,1.072555,False
Rb2TaZnS3Cl3,1.048033,1.024096,False
Rb2TaZnS3Br3,1.037941,0.964539,False
Rb2TaZnS3I3,1.004385,0.789474,True
Rb2TaZnSe3F3,1.042215,0.989331,False
Rb2TaZnSe3Cl3,1.035021,0.947955,True
Rb2TaZnSe3Br3,1.025674,0.896703,True
Rb2TaZnSe3I3,0.994443,0.743440,True
Rb2CrMoO6,0.975089,0.680556,True
Rb2CrMoS6,1.033699,0.974432,False
Rb2CrMoSe6,1.010423,0.846217,True
Rb2CrMoO3S3,1.001505,0.801402,True
Rb2CrMoO3Se3,0.991663,0.754399,True
Rb2CrMoO3F3,1.015505,0.872774,True
Rb2CrMoO3Cl3,1.009345,0.840686,True
Rb2CrMoO3Br3,1.001315,0.800467,True
Rb2CrMoO3I3,0.974248,0.676974,True
Rb2CrMoS3Se3,1.021630,0.905810,True
Rb2CrMoS3F3,1.051018,1.082019,False
Rb2CrMoS3Cl3,1.043375,1.033133,False
Rb2CrMoS3Br3,1.033464,0.973050,False
Rb2CrMoS3I3,1.000491,0.796440,True
Rb2CrMoSe3F3,1.037662,0.998060,False
Rb2CrMoSe3Cl3,1.030596,0.956320,False
Rb2CrMoSe3Br3,1.021413,0.904615,True
Rb2CrMoSe3I3,0.990715,0.750000,True
Rb2CrWO6,0.977012,0.677249,True
Rb2CrWS6,1.036183,0.969697,False
Rb2CrWSe6,1.012678,0.842105,True
Rb2CrWO3S3,1.003675,0.797508,True
Rb2CrWO3Se3,0.993740,0.750733,True
Rb2CrWO3F3,1.017810,0.868533,True
Rb2CrWO3Cl3,1.011590,0.836601,True
Rb2CrWO3Br3,1.003482,0.796577,True
Rb2CrWO3I3,0.976163,0.673684,True
Rb2CrWS3Se3,1.023995,0.901408,True
Rb2CrWS3F3,1.053679,1.076761,False
Rb2CrWS3Cl3,1.045958,1.028112,False
Rb2CrWS3Br3,1.035946,0.968322,False
Rb2CrWS3I3,1.002651,0.792570,True
Rb2CrWSe3F3,1.040187,0.993210,False
Rb2CrWSe3Cl3,1.033049,0.951673,False
Rb2CrWSe3Br3,1.023775,0.900220,True
Rb2CrWSe3I3,0.992783,0.746356,True
Rb2CrMnO6,0.952047,0.721230,True
Rb2CrMnS6,1.004082,1.032670,False
Rb2CrMnSe6,0.983481,0.896793,True
Rb2CrMnO3S3,0.975566,0.849299,True
Rb2CrMnO3Se3,0.966816,0.799487,True
Rb2CrMnO3F3,0.987987,0.924936,True
Rb2CrMnO3Cl3,0.982526,0.890931,True
Rb2CrMnO3Br3,0.975397,0.848308,True
Rb2CrMnO3I3,0.951296,0.717434,True
Rb2CrMnS3Se3,0.993411,0.959947,False
Rb2CrMnS3F3,1.019356,1.146688,False
Rb2CrMnS3Cl3,1.012622,1.094880,False
Rb2CrMnS3Br3,1.003874,1.031206,False
Rb2CrMnS3I3,0.974665,0.844040,True
Rb2CrMnSe3F3,1.007581,1.057711,False
Rb2CrMnSe3Cl3,1.001340,1.013476,False
Rb2CrMnSe3Br3,0.993218,0.958681,False
Rb2CrMnSe3I3,0.965972,0.794825,True
Rb2CrAgF6,0.973215,1.437352,False
Rb2CrAgCl6,0.962086,1.299145,False
Rb2CrAgBr6,0.948300,1.148253,False
Rb2CrAgI6,0.907076,0.795812,True
Rb2CrAgO3F3,0.936215,1.031383,False
Rb2CrAgO3Cl3,0.931990,0.993464,False
Rb2CrAgO3Br3,0.926461,0.945935,True
Rb2CrAgO3I3,0.907660,0.800000,True
Rb2CrAgS3F3,0.960321,1.278654,False
Rb2CrAgS3Cl3,0.955170,1.220884,False
Rb2CrAgS3Br3,0.948459,1.149882,False
Rb2CrAgS3I3,0.925893,0.941176,True
Rb2CrAgSe3F3,0.951306,1.179437,False
Rb2CrAgSe3Cl3,0.946511,1.130112,False
Rb2CrAgSe3Br3,0.940255,1.069011,False
Rb2CrAgSe3I3,0.919130,0.886297,True
Rb2CrAgF3Cl3,0.967531,1.364759,False
Rb2CrAgF3Br3,0.960146,1.276640,False
Rb2CrAgF3I3,0.935453,1.024431,False
Rb2CrAgCl3Br3,0.955001,1.219048,False
Rb2CrAgCl3I3,0.931255,0.987013,False
Rb2CrAgBr3I3,0.925762,0.940085,True
Rb2MoWO6,1.016702,0.611772,True
Rb2MoWS6,1.087966,0.875947,True
Rb2MoWSe6,1.059504,0.760691,True
Rb2MoWO3S3,1.048656,0.720405,True
Rb2MoWO3Se3,1.036719,0.678152,True
Rb2MoWS3Se3,1.073183,0.814261,True
Rb2MoFeO3F3,1.040239,0.828244,True
Rb2MoFeO3Cl3,1.033427,0.797794,True
Rb2MoFeO3Br3,1.024555,0.759627,True
Rb2MoFeO3I3,0.994736,0.642434,True
Rb2MoFeS3F3,1.079645,1.026814,False
Rb2MoFeS3Cl3,1.071146,0.980422,False
Rb2MoFeS3Br3,1.060139,0.923404,True
Rb2MoFeS3I3,1.023645,0.755805,True
Rb2MoFeSe3F3,1.064799,0.947139,True
Rb2MoFeSe3Cl3,1.056957,0.907528,True
Rb2MoFeSe3Br3,1.046779,0.858462,True
Rb2MoFeSe3I3,1.012862,0.711735,True
Rb2MoMnO6,0.989695,0.655754,True
Rb2MoMnS6,1.052631,0.938920,True
Rb2MoMnSe6,1.027587,0.815378,True
Rb2MoMnO3S3,1.018010,0.772196,True
Rb2MoMnO3Se3,1.007451,0.726906,True
Rb2MoMnS3Se3,1.039638,0.872799,True
Rb2MoBiO3F3,0.989949,0.921120,True
Rb2MoBiO3Cl3,0.984440,0.887255,True
Rb2MoBiO3Br3,0.977248,0.844807,True
Rb2MoBiO3I3,0.952939,0.714474,True
Rb2MoBiS3F3,1.021608,1.141956,False
Rb2MoBiS3Cl3,1.014810,1.090361,False
Rb2MoBiS3Br3,1.005982,1.026950,False
Rb2MoBiS3I3,0.976509,0.840557,True
Rb2MoBiSe3F3,1.009723,1.053346,False
Rb2MoBiSe3Cl3,1.003424,1.009294,False
Rb2MoBiSe3Br3,0.995229,0.954725,False
Rb2MoBiSe3I3,0.967741,0.791545,True
Rb2MoSbO3F3,1.046795,0.816794,True
Rb2MoSbO3Cl3,1.039806,0.786765,True
Rb2MoSbO3Br3,1.030706,0.749125,True
Rb2MoSbO3I3,1.000145,0.633553,True
Rb2MoSbS3F3,1.087260,1.012618,False
Rb2MoSbS3Cl3,1.078527,0.966867,False
Rb2MoSbS3Br3,1.067222,0.910638,True
Rb2MoSbS3I3,1.029773,0.745356,True
Rb2MoSbSe3F3,1.072008,0.934045,True
Rb2MoSbSe3Cl3,1.063955,0.894981,True
Rb2MoSbSe3Br3,1.053507,0.846593,True
Rb2MoSbSe3I3,1.018718,0.701895,True
Rb2MoAgO3F3,0.976583,0.947413,True
Rb2MoAgO3Cl3,0.971403,0.912582,True
Rb2MoAgO3Br3,0.964638,0.868923,True
Rb2MoAgO3I3,0.941736,0.734868,True
Rb2MoAgS3F3,1.006294,1.174553,False
Rb2MoAgS3Cl3,0.999922,1.121486,False
Rb2MoAgS3Br3,0.991640,1.056265,False
Rb2MoAgS3I3,0.963943,0.864551,True
Rb2MoAgSe3F3,0.995151,1.083414,False
Rb2MoAgSe3Cl3,0.989240,1.038104,False
Rb2MoAgSe3Br3,0.981544,0.981978,False
Rb2MoAgSe3I3,0.955688,0.814140,True
Rb2MoInO3F3,1.015505,0.872774,True
Rb2MoInO3Cl3,1.009345,0.840686,True
Rb2MoInO3Br3,1.001315,0.800467,True
Rb2MoInO3I3,0.974248,0.676974,True
Rb2MoInS3F3,1.051018,1.082019,False
Rb2MoInS3Cl3,1.043375,1.033133,False
Rb2MoInS3Br3,1.033464,0.973050,False
Rb2MoInS3I3,1.000491,0.796440,True
Rb2MoInSe3F3,1.037662,0.998060,False
Rb2MoInSe3Cl3,1.030596,0.956320,False
Rb2MoInSe3Br3,1.021413,0.904615,True
Rb2MoInSe3I3,0.990715,0.750000,True
Rb2MoGaO3F3,1.067731,0.781170,True
Rb2MoGaO3Cl3,1.060166,0.752451,True
Rb2MoGaO3Br3,1.050325,0.716453,True
Rb2MoGaO3I3,1.017353,0.605921,True
Rb2MoGaS3F3,1.111653,0.968454,False
Rb2MoGaS3Cl3,1.102157,0.924699,True
Rb2MoGaS3Br3,1.089877,0.870922,True
Rb2MoGaS3I3,1.049317,0.712848,True
Rb2MoGaSe3F3,1.095074,0.893307,True
Rb2MoGaSe3Cl3,1.086331,0.855948,True
Rb2MoGaSe3Br3,1.075002,0.809670,True
Rb2MoGaSe3I3,1.037378,0.671283,True
Rb2WFeO3F3,1.042658,0.824003,True
Rb2WFeO3Cl3,1.035780,0.793709,True
Rb2WFeO3Br3,1.026824,0.755737,True
Rb2WFeO3I3,0.996732,0.639145,True
Rb2WFeS3F3,1.082453,1.021556,False
Rb2WFeS3Cl3,1.073868,0.975402,False
Rb2WFeS3Br3,1.062751,0.918676,True
Rb2WFeS3I3,1.025906,0.751935,True
Rb2WFeSe3F3,1.067458,0.942289,True
Rb2WFeSe3Cl3,1.059538,0.902881,True
Rb2WFeSe3Br3,1.049261,0.854066,True
Rb2WFeSe3I3,1.015023,0.708090,True
Rb2WMnO6,0.991676,0.652447,True
Rb2WMnS6,1.055208,0.934186,True
Rb2WMnSe6,1.029920,0.811266,True
Rb2WMnO3S3,1.020252,0.768302,True
Rb2WMnO3Se3,1.009594,0.723240,True
Rb2WMnS3Se3,1.042087,0.868398,True
Rb2WBiO3F3,0.992140,0.916879,True
Rb2WBiO3Cl3,0.986575,0.883170,True
Rb2WBiO3Br3,0.979312,0.840918,True
Rb2WBiO3I3,0.954771,0.711184,True
Rb2WBiS3F3,1.024122,1.136698,False
Rb2WBiS3Cl3,1.017253,1.085341,False
Rb2WBiS3Br3,1.008334,1.022222,False
Rb2WBiS3I3,0.978567,0.836687,True
Rb2WBiSe3F3,1.012114,1.048497,False
Rb2WBiSe3Cl3,1.005750,1.004647,False
Rb2WBiSe3Br3,0.997472,0.950330,False
Rb2WBiSe3I3,0.969713,0.787901,True
Rb2WSbO3F3,1.049245,0.812553,True
Rb2WSbO3Cl3,1.042189,0.782680,True
Rb2WSbO3Br3,1.033003,0.745235,True
Rb2WSbO3I3,1.002163,0.630263,True
Rb2WSbS3F3,1.090108,1.007361,False
Rb2WSbS3Cl3,1.081287,0.961847,False
Rb2WSbS3Br3,1.069870,0.905910,True
Rb2WSbS3I3,1.032062,0.741486,True
Rb2WSbSe3F3,1.074703,0.929195,True
Rb2WSbSe3Cl3,1.066570,0.890335,True
Rb2WSbSe3Br3,1.056020,0.842198,True
Rb2WSbSe3I3,1.020904,0.698251,True
Rb2WAgO3F3,0.978715,0.943172,True
Rb2WAgO3Cl3,0.973483,0.908497,True
Rb2WAgO3Br3,0.966650,0.865033,True
Rb2WAgO3I3,0.943525,0.731579,True
Rb2WAgS3F3,1.008733,1.169295,False
Rb2WAgS3Cl3,1.002294,1.116466,False
Rb2WAgS3Br3,0.993926,1.051537,False
Rb2WAgS3I3,0.965948,0.860681,True
Rb2WAgSe3F3,0.997473,1.078565,False
Rb2WAgSe3Cl3,0.991501,1.033457,False
Rb2WAgSe3Br3,0.983726,0.977582,False
Rb2WAgSe3I3,0.957612,0.810496,True
Rb2WInO3F3,1.017810,0.868533,True
Rb2WInO3Cl3,1.011590,0.836601,True
Rb2WInO3Br3,1.003482,0.796577,True
Rb2WInO3I3,0.976163,0.673684,True
Rb2WInS3F3,1.053679,1.076761,False
Rb2WInS3Cl3,1.045958,1.028112,False
Rb2WInS3Br3,1.035946,0.968322,False
Rb2WInS3I3,1.002651,0.792570,True
Rb2WInSe3F3,1.040187,0.993210,False
Rb2WInSe3Cl3,1.033049,0.951673,False
Rb2WInSe3Br3,1.023775,0.900220,True
Rb2WInSe3I3,0.992783,0.746356,True
Rb2WGaO3F3,1.070280,0.776930,True
Rb2WGaO3Cl3,1.062643,0.748366,True
Rb2WGaO3Br3,1.052711,0.712563,True
Rb2WGaO3I3,1.019441,0.602632,True
Rb2WGaS3F3,1.114631,0.963197,False
Rb2WGaS3Cl3,1.105039,0.919679,True
Rb2WGaS3Br3,1.092639,0.866194,True
Rb2WGaS3I3,1.051693,0.708978,True
Rb2WGaSe3F3,1.097886,0.888458,True
Rb2WGaSe3Cl3,1.089058,0.851301,True
Rb2WGaSe3Br3,1.077619,0.805275,True
Rb2WGaSe3I3,1.039645,0.667638,True
Rb2FeMnO6,0.971648,0.686508,True
Rb2FeMnS6,1.029256,0.982955,False
Rb2FeMnSe6,1.006388,0.853618,True
Rb2FeMnF6,1.065164,1.226950,False
Rb2FeMnCl6,1.048839,1.108974,False
Rb2FeMnBr6,1.028795,0.980170,False
Rb2FeMnI6,0.969998,0.679319,True
Rb2FeMnO3S3,0.997624,0.808411,True
Rb2FeMnO3Se3,0.987948,0.760997,True
Rb2FeMnO3F3,1.011383,0.880407,True
Rb2FeMnO3Cl3,1.005330,0.848039,True
Rb2FeMnO3Br3,0.997436,0.807468,True
Rb2FeMnO3I3,0.970821,0.682895,True
Rb2FeMnS3Se3,1.017401,0.913732,True
Rb2FeMnS3F3,1.046262,1.091483,False
Rb2FeMnS3Cl3,1.038759,1.042169,False
Rb2FeMnS3Br3,1.029025,0.981560,False
Rb2FeMnS3I3,0.996626,0.803406,True
Rb2FeMnSe3F3,1.033148,1.006790,False
Rb2FeMnSe3Cl3,1.026208,0.964684,False
Rb2FeMnSe3Br3,1.017187,0.912527,True
Rb2FeMnSe3I3,0.987015,0.756560,True
Rb2FeMnF3Cl3,1.056811,1.164983,False
Rb2FeMnF3Br3,1.046006,1.089764,False
Rb2FeMnF3I3,1.010289,0.874473,True
Rb2FeMnCl3Br3,1.038514,1.040602,False
Rb2FeMnCl3I3,1.004279,0.842532,True
Rb2FeMnBr3I3,0.996440,0.802474,True
Rb2FeSbO3F3,1.024554,0.856234,True
Rb2FeSbO3Cl3,1.018158,0.824755,True
Rb2FeSbO3Br3,1.009822,0.785298,True
Rb2FeSbO3I3,0.981759,0.664145,True
Rb2FeSbS3F3,1.061472,1.061514,False
Rb2FeSbS3Cl3,1.053520,1.013554,False
Rb2FeSbS3Br3,1.043213,0.954610,False
Rb2FeSbS3I3,1.008967,0.781347,True
Rb2FeSbSe3F3,1.047578,0.979146,False
Rb2FeSbSe3Cl3,1.040232,0.938197,True
Rb2FeSbSe3Br3,1.030690,0.887473,True
Rb2FeSbSe3I3,0.998827,0.735787,True
Rb2FeCuF6,1.085033,1.186170,False
Rb2FeCuCl6,1.067496,1.072115,False
Rb2FeCuBr6,1.046004,0.947592,True
Rb2FeCuI6,0.983218,0.656741,True
Rb2FeCuF3Cl3,1.076056,1.126263,False
Rb2FeCuF3Br3,1.064456,1.053543,False
Rb2FeCuF3I3,1.026201,0.845409,True
Rb2FeCuCl3Br3,1.056420,1.006015,False
Rb2FeCuCl3I3,1.019777,0.814529,True
Rb2FeCuBr3I3,1.011406,0.775802,True
Rb2FeAgF6,0.998641,1.375296,False
Rb2FeAgCl6,0.986144,1.243056,False
Rb2FeAgBr6,0.970701,1.098678,False
Rb2FeAgI6,0.924769,0.761453,True
Rb2FeAgF3Cl3,0.992255,1.305836,False
Rb2FeAgF3Br3,0.983968,1.221522,False
Rb2FeAgF3I3,0.956347,0.980202,False
Rb2FeAgCl3Br3,0.978203,1.166416,False
Rb2FeAgCl3I3,0.951664,0.944399,True
Rb2FeAgBr3I3,0.945543,0.899497,True
Rb2FeZnF6,1.064317,1.228723,False
Rb2FeZnCl6,1.048043,1.110577,False
Rb2FeZnBr6,1.028059,0.981586,False
Rb2FeZnI6,0.969432,0.680301,True
Rb2FeZnF3Cl3,1.055990,1.166667,False
Rb2FeZnF3Br3,1.045219,1.091339,False
Rb2FeZnF3I3,1.009608,0.875737,True
Rb2FeZnCl3Br3,1.037749,1.042105,False
Rb2FeZnCl3I3,1.003615,0.843750,True
Rb2FeZnBr3I3,0.995799,0.803634,True
Rb2MnBiO6,0.931642,0.758929,True
Rb2MnBiS6,0.978108,1.086648,False
Rb2MnBiSe6,0.959762,0.943668,True
Rb2MnBiO3S3,0.952697,0.893692,True
Rb2MnBiO3Se3,0.944874,0.841276,True
Rb2MnBiO3F3,0.963781,0.973282,False
Rb2MnBiO3Cl3,0.958910,0.937500,True
Rb2MnBiO3Br3,0.952545,0.892649,True
Rb2MnBiO3I3,0.930969,0.754934,True
Rb2MnBiS3Se3,0.968614,1.010123,False
Rb2MnBiS3F3,0.991668,1.206625,False
Rb2MnBiS3Cl3,0.985694,1.152108,False
Rb2MnBiS3Br3,0.977924,1.085106,False
Rb2MnBiS3I3,0.951891,0.888158,True
Rb2MnBiSe3F3,0.981218,1.112997,False
Rb2MnBiSe3Cl3,0.975671,1.066450,False
Rb2MnBiSe3Br3,0.968442,1.008791,False
Rb2MnBiSe3I3,0.944119,0.836370,True
Rb2MnSbO6,0.976819,0.677579,True
Rb2MnSbS6,1.035934,0.970170,False
Rb2MnSbSe6,1.012452,0.842516,True
Rb2MnSbF6,1.072852,1.210993,False
Rb2MnSbCl6,1.056062,1.094551,False
Rb2MnSbBr6,1.035461,0.967422,False
Rb2MnSbI6,0.975129,0.670484,True
Rb2MnSbO3S3,1.003458,0.797897,True
Rb2MnSbO3Se3,0.993532,0.751100,True
Rb2MnSbO3F3,1.017579,0.868957,True
Rb2MnSbO3Cl3,1.011366,0.837010,True
Rb2MnSbO3Br3,1.003265,0.796966,True
Rb2MnSbO3I3,0.975971,0.674013,True
Rb2MnSbS3Se3,1.023758,0.901849,True
Rb2MnSbS3F3,1.053412,1.077287,False
Rb2MnSbS3Cl3,1.045699,1.028614,False
Rb2MnSbS3Br3,1.035697,0.968794,False
Rb2MnSbS3I3,1.002434,0.792957,True
Rb2MnSbSe3F3,1.039934,0.993695,False
Rb2MnSbSe3Cl3,1.032803,0.952138,False
Rb2MnSbSe3Br3,1.023539,0.900659,True
Rb2MnSbSe3I3,0.992576,0.746720,True
Rb2MnSbF3Cl3,1.064259,1.149832,False
Rb2MnSbF3Br3,1.053149,1.075591,False
Rb2MnSbF3I3,1.016456,0.863100,True
Rb2MnSbCl3Br3,1.045448,1.027068,False
Rb2MnSbCl3I3,1.010287,0.831575,True
Rb2MnSbBr3I3,1.002243,0.792037,True
Rb2MnCuF6,1.076304,1.203901,False
Rb2MnCuCl6,1.059303,1.088141,False
Rb2MnCuBr6,1.038451,0.961756,False
Rb2MnCuI6,0.977426,0.666558,True
Rb2MnCuF3Cl3,1.067603,1.143098,False
Rb2MnCuF3Br3,1.056355,1.069291,False
Rb2MnCuF3I3,1.019221,0.858045,True
Rb2MnCuCl3Br3,1.048559,1.021053,False
Rb2MnCuCl3I3,1.012980,0.826705,True
Rb2MnCuBr3I3,1.004844,0.787399,True
Rb2MnZnF6,1.055916,1.246454,False
Rb2MnZnCl6,1.040145,1.126603,False
Rb2MnZnBr6,1.020763,0.995751,False
Rb2MnZnI6,0.963801,0.690118,True
Rb2MnZnF3Cl3,1.047848,1.183502,False
Rb2MnZnF3Br3,1.037407,1.107087,False
Rb2MnZnF3I3,1.002852,0.888374,True
Rb2MnZnCl3Br3,1.030164,1.057143,False
Rb2MnZnCl3I3,0.997031,0.855925,True
Rb2MnZnBr3I3,0.989438,0.815230,True
Rb2MnInO6,0.952047,0.721230,True
Rb2MnInS6,1.004082,1.032670,False
Rb2MnInSe6,0.983481,0.896793,True
Rb2MnInO3S3,0.975566,0.849299,True
Rb2MnInO3Se3,0.966816,0.799487,True
Rb2MnInO3F3,0.987987,0.924936,True
Rb2MnInO3Cl3,0.982526,0.890931,True
Rb2MnInO3Br3,0.975397,0.848308,True
Rb2MnInO3I3,0.951296,0.717434,True
Rb2MnInS3Se3,0.993411,0.959947,False
Rb2MnInS3F3,1.019356,1.146688,False
Rb2MnInS3Cl3,1.012622,1.094880,False
Rb2MnInS3Br3,1.003874,1.031206,False
Rb2MnInS3I3,0.974665,0.844040,True
Rb2MnInSe3F3,1.007581,1.057711,False
Rb2MnInSe3Cl3,1.001340,1.013476,False
Rb2MnInSe3Br3,0.993218,0.958681,False
Rb2MnInSe3I3,0.965972,0.794825,True
Rb2MnGaO6,0.993266,0.649802,True
Rb2MnGaS6,1.057278,0.930398,True
Rb2MnGaSe6,1.031794,0.807977,True
Rb2MnGaO3S3,1.022052,0.765187,True
Rb2MnGaO3Se3,1.011315,0.720308,True
Rb2MnGaO3F3,1.037352,0.833333,True
Rb2MnGaO3Cl3,1.030617,0.802696,True
Rb2MnGaO3Br3,1.021844,0.764294,True
Rb2MnGaO3I3,0.992351,0.646382,True
Rb2MnGaS3Se3,1.044055,0.864877,True
Rb2MnGaS3F3,1.076294,1.033123,False
Rb2MnGaS3Cl3,1.067897,0.986446,False
Rb2MnGaS3Br3,1.057021,0.929078,True
Rb2MnGaS3I3,1.020945,0.760449,True
Rb2MnGaSe3F3,1.061626,0.952958,False
Rb2MnGaSe3Cl3,1.053876,0.913104,True
Rb2MnGaSe3Br3,1.043816,0.863736,True
Rb2MnGaSe3I3,1.010281,0.716108,True
Rb2BiAgF6,0.947036,1.504728,False
Rb2BiAgCl6,0.937261,1.360043,False
Rb2BiAgBr6,0.925121,1.202077,False
Rb2BiAgI6,0.888617,0.833115,True
Rb2BiAgF3Cl3,0.942047,1.428732,False
Rb2BiAgF3Br3,0.935554,1.336483,False
Rb2BiAgF3I3,0.913777,1.072452,False
Rb2BiAgCl3Br3,0.931027,1.276190,False
Rb2BiAgCl3I3,0.910065,1.033279,False
Rb2BiAgBr3I3,0.905201,0.984152,False
Rb2SbCuO3F3,1.033765,0.839695,True
Rb2SbCuO3Cl3,1.027125,0.808824,True
Rb2SbCuO3Br3,1.018476,0.770128,True
Rb2SbCuO3I3,0.989386,0.651316,True
Rb2SbCuS3F3,1.072136,1.041009,False
Rb2SbCuS3Cl3,1.063865,0.993976,False
Rb2SbCuS3Br3,1.053149,0.936170,True
Rb2SbCuS3I3,1.017589,0.766254,True
Rb2SbCuSe3F3,1.057686,0.960233,False
Rb2SbCuSe3Cl3,1.050050,0.920074,True
Rb2SbCuSe3Br3,1.040137,0.870330,True
Rb2SbCuSe3I3,1.007073,0.721574,True
Rb2SbAgF6,1.005395,1.359338,False
Rb2SbAgCl6,0.992526,1.228632,False
Rb2SbAgBr6,0.976633,1.085930,False
Rb2SbAgI6,0.929431,0.752618,True
Rb2SbAgO3S3,0.951718,0.895639,True
Rb2SbAgO3Se3,0.943934,0.843109,True
Rb2SbAgS3Se3,0.967555,1.012324,False
Rb2SbAgF3Cl3,0.998819,1.290685,False
Rb2SbAgF3Br3,0.990286,1.207349,False
Rb2SbAgF3I3,0.961871,0.968829,False
Rb2SbAgCl3Br3,0.984352,1.152882,False
Rb2SbAgCl3I3,0.957058,0.933442,True
Rb2SbAgBr3I3,0.950767,0.889061,True
Rb2SbZnO3F3,1.016887,0.870229,True
Rb2SbZnO3Cl3,1.010691,0.838235,True
Rb2SbZnO3Br3,1.002614,0.798133,True
Rb2SbZnO3I3,0.975396,0.675000,True
Rb2SbZnS3F3,1.052613,1.078864,False
Rb2SbZnS3Cl3,1.044923,1.030120,False
Rb2SbZnS3Br3,1.034952,0.970213,False
Rb2SbZnS3I3,1.001785,0.794118,True
Rb2SbZnSe3F3,1.039175,0.995150,False
Rb2SbZnSe3Cl3,1.032066,0.953532,False
Rb2SbZnSe3Br3,1.022829,0.901978,True
Rb2SbZnSe3I3,0.991955,0.747813,True
Rb2CuZnF6,1.075439,1.205674,False
Rb2CuZnCl6,1.058491,1.089744,False
Rb2CuZnBr6,1.037702,0.963173,False
Rb2CuZnI6,0.976851,0.667539,True
Rb2CuZnF3Cl3,1.066765,1.144781,False
Rb2CuZnF3Br3,1.055552,1.070866,False
Rb2CuZnF3I3,1.018529,0.859309,True
Rb2CuZnCl3Br3,1.047780,1.022556,False
Rb2CuZnCl3I3,1.012306,0.827922,True
Rb2CuZnBr3I3,1.004192,0.788558,True
Rb2AgInF6,0.973215,1.437352,False
Rb2AgInCl6,0.962086,1.299145,False
Rb2AgInBr6,0.948300,1.148253,False
Rb2AgInI6,0.907076,0.795812,True
Rb2AgInF3Cl3,0.967531,1.364759,False
Rb2AgInF3Br3,0.960146,1.276640,False
Rb2AgInF3I3,0.935453,1.024431,False
Rb2AgInCl3Br3,0.955001,1.219048,False
Rb2AgInCl3I3,0.931255,0.987013,False
Rb2AgInBr3I3,0.925762,0.940085,True
Rb2AgGaF6,1.027006,1.309693,False
Rb2AgGaCl6,1.012920,1.183761,False
Rb2AgGaBr6,0.995562,1.046270,False
Rb2AgGaI6,0.944240,0.725131,True
Rb2AgGaF3Cl3,1.019804,1.243547,False
Rb2AgGaF3Br3,1.010471,1.163255,False
Rb2AgGaF3I3,0.979474,0.933446,True
Rb2AgGaCl3Br3,1.003988,1.110777,False
Rb2AgGaCl3I3,0.974236,0.899351,True
Rb2AgGaBr3I3,0.967395,0.856591,True
Cs2SnGeF6,1.181644,1.134752,False
Cs2SnGeCl6,1.159118,1.025641,False
Cs2SnGeBr6,1.131581,0.906516,True
Cs2SnGeI6,1.051566,0.628272,True
Cs2SnGeO3S3,1.089020,0.747664,True
Cs2SnGeO3Se3,1.075873,0.703812,True
Cs2SnGeS3Se3,1.115987,0.845070,True
Cs2SnGeF3Cl3,1.170107,1.077441,False
Cs2SnGeF3Br3,1.155218,1.007874,False
Cs2SnGeF3I3,1.106275,0.808762,True
Cs2SnGeCl3Br3,1.144917,0.962406,False
Cs2SnGeCl3I3,1.098080,0.779221,True
Cs2SnGeBr3I3,1.087410,0.742172,True
Cs2SnVO3F3,1.105442,0.818066,True
Cs2SnVO3Cl3,1.097251,0.787990,True
Cs2SnVO3Br3,1.086587,0.750292,True
Cs2SnVO3I3,1.050770,0.634539,True
Cs2SnVS3F3,1.152855,1.014196,False
Cs2SnVS3Cl3,1.142624,0.968373,False
Cs2SnVS3Br3,1.129378,0.912057,True
Cs2SnVS3I3,1.085494,0.746517,True
Cs2SnVSe3F3,1.134985,0.935500,True
Cs2SnVSe3Cl3,1.125549,0.896375,True
Cs2SnVSe3Br3,1.113306,0.847912,True
Cs2SnVSe3I3,1.072539,0.702988,True
Cs2SnNbO3F3,1.092446,0.839695,True
Cs2SnNbO3Cl3,1.084614,0.808824,True
Cs2SnNbO3Br3,1.074411,0.770128,True
Cs2SnNbO3I3,1.040095,0.651316,True
Cs2SnNbS3F3,1.137710,1.041009,False
Cs2SnNbS3Cl3,1.127953,0.993976,False
Cs2SnNbS3Br3,1.115312,0.936170,True
Cs2SnNbS3I3,1.073365,0.766254,True
Cs2SnNbSe3F3,1.120665,0.960233,False
Cs2SnNbSe3Cl3,1.111657,0.920074,True
Cs2SnNbSe3Br3,1.099962,0.870330,True
Cs2SnNbSe3I3,1.060960,0.721574,True
Cs2SnTaO3F3,1.092446,0.839695,True
Cs2SnTaO3Cl3,1.084614,0.808824,True
Cs2SnTaO3Br3,1.074411,0.770128,True
Cs2SnTaO3I3,1.040095,0.651316,True
Cs2SnTaS3F3,1.137710,1.041009,False
Cs2SnTaS3Cl3,1.127953,0.993976,False
Cs2SnTaS3Br3,1.115312,0.936170,True
Cs2SnTaS3I3,1.073365,0.766254,True
Cs2SnTaSe3F3,1.120665,0.960233,False
Cs2SnTaSe3Cl3,1.111657,0.920074,True
Cs2SnTaSe3Br3,1.099962,0.870330,True
Cs2SnTaSe3I3,1.060960,0.721574,True
Cs2SnCrO6,1.012036,0.702381,True
Cs2SnCrS6,1.077687,1.005682,False
Cs2SnCrSe6,1.051658,0.873355,True
Cs2SnCrO3S3,1.041671,0.827103,True
Cs2SnCrO3Se3,1.030639,0.778592,True
Cs2SnCrO3F3,1.057347,0.900763,True
Cs2SnCrO3Cl3,1.050453,0.867647,True
Cs2SnCrO3Br3,1.041458,0.826138,True
Cs2SnCrO3I3,1.011091,0.698684,True
Cs2SnCrS3Se3,1.064199,0.934859,True
Cs2SnCrS3F3,1.097017,1.116719,False
Cs2SnCrS3Cl3,1.088491,1.066265,False
Cs2SnCrS3Br3,1.077425,1.004255,False
Cs2SnCrS3I3,1.040534,0.821981,True
Cs2SnCrSe3F3,1.082113,1.030068,False
Cs2SnCrSe3Cl3,1.074220,0.986989,False
Cs2SnCrSe3Br3,1.063955,0.933626,True
Cs2SnCrSe3I3,1.029575,0.774052,True
Cs2SnMoO6,1.052518,0.636905,True
Cs2SnMoS6,1.130530,0.911932,True
Cs2SnMoSe6,1.099439,0.791941,True
Cs2SnMoO3S3,1.087566,0.750000,True
Cs2SnMoO3Se3,1.074486,0.706012,True
Cs2SnMoS3Se3,1.114392,0.847711,True
Cs2SnWO6,1.054648,0.633598,True
Cs2SnWS6,1.133337,0.907197,True
Cs2SnWSe6,1.101968,0.787829,True
Cs2SnWO3S3,1.089992,0.746106,True
Cs2SnWO3Se3,1.076800,0.702346,True
Cs2SnWS3Se3,1.117053,0.843310,True
Cs2SnFeF6,1.150120,1.193262,False
Cs2SnFeCl6,1.129626,1.078526,False
Cs2SnFeBr6,1.104502,0.953258,False
Cs2SnFeI6,1.031052,0.660668,True
Cs2SnFeO3S3,1.065516,0.786215,True
Cs2SnFeO3Se3,1.053436,0.740103,True
Cs2SnFeO3F3,1.082712,0.856234,True
Cs2SnFeO3Cl3,1.075144,0.824755,True
Cs2SnFeO3Br3,1.065282,0.785298,True
Cs2SnFeO3I3,1.032077,0.664145,True
Cs2SnFeS3Se3,1.090240,0.888644,True
Cs2SnFeS3F3,1.126394,1.061514,False
Cs2SnFeS3Cl3,1.116985,1.013554,False
Cs2SnFeS3Br3,1.104790,0.954610,False
Cs2SnFeS3I3,1.064270,0.781347,True
Cs2SnFeSe3F3,1.109955,0.979146,False
Cs2SnFeSe3Cl3,1.101262,0.938197,True
Cs2SnFeSe3Br3,1.089972,0.887473,True
Cs2SnFeSe3I3,1.052272,0.735787,True
Cs2SnFeF3Cl3,1.139631,1.132997,False
Cs2SnFeF3Br3,1.126073,1.059843,False
Cs2SnFeF3I3,1.081344,0.850463,True
Cs2SnFeCl3Br3,1.116679,1.012030,False
Cs2SnFeCl3I3,1.073831,0.819399,True
Cs2SnFeBr3I3,1.064038,0.780441,True
Cs2SnMnF6,1.140897,1.210993,False
Cs2SnMnCl6,1.120983,1.094551,False
Cs2SnMnBr6,1.096550,0.967422,False
Cs2SnMnI6,1.024993,0.670484,True
Cs2SnMnO3S3,1.058593,0.797897,True
Cs2SnMnO3Se3,1.046820,0.751100,True
Cs2SnMnS3Se3,1.082670,0.901849,True
Cs2SnMnF3Cl3,1.130706,1.149832,False
Cs2SnMnF3Br3,1.117529,1.075591,False
Cs2SnMnF3I3,1.074009,0.863100,True
Cs2SnMnCl3Br3,1.108395,1.027068,False
Cs2SnMnCl3I3,1.066692,0.831575,True
Cs2SnMnBr3I3,1.057152,0.792037,True
Cs2SnBiO3F3,1.031120,0.949109,True
Cs2SnBiO3Cl3,1.024897,0.914216,True
Cs2SnBiO3Br3,1.016769,0.870478,True
Cs2SnBiO3I3,0.989253,0.736184,True
Cs2SnBiS3F3,1.066809,1.176656,False
Cs2SnBiS3Cl3,1.059156,1.123494,False
Cs2SnBiS3Br3,1.049208,1.058156,False
Cs2SnBiS3I3,1.015934,0.866099,True
Cs2SnBiSe3F3,1.053425,1.085354,False
Cs2SnBiSe3Cl3,1.046325,1.039963,False
Cs2SnBiSe3Br3,1.037080,0.983736,False
Cs2SnBiSe3I3,1.006016,0.815598,True
Cs2SnSbO3F3,1.089432,0.844784,True
Cs2SnSbO3Cl3,1.081682,0.813725,True
Cs2SnSbO3Br3,1.071585,0.774796,True
Cs2SnSbO3I3,1.037615,0.655263,True
Cs2SnSbS3F3,1.134204,1.047319,False
Cs2SnSbS3Cl3,1.124555,1.000000,False
Cs2SnSbS3Br3,1.112053,0.941844,True
Cs2SnSbS3I3,1.070550,0.770898,True
Cs2SnSbSe3F3,1.117347,0.966052,False
Cs2SnSbSe3Cl3,1.108438,0.925651,True
Cs2SnSbSe3Br3,1.096869,0.875604,True
Cs2SnSbSe3I3,1.058271,0.725948,True
Cs2SnCuF6,1.162336,1.170213,False
Cs2SnCuCl6,1.141063,1.057692,False
Cs2SnCuBr6,1.115013,0.934844,True
Cs2SnCuI6,1.039037,0.647906,True
Cs2SnCuO3S3,1.074653,0.771028,True
Cs2SnCuO3Se3,1.062162,0.725806,True
Cs2SnCuS3Se3,1.100240,0.871479,True
Cs2SnCuF3Cl3,1.151445,1.111111,False
Cs2SnCuF3Br3,1.137377,1.039370,False
Cs2SnCuF3I3,1.091030,0.834035,True
Cs2SnCuCl3Br3,1.127635,0.992481,False
Cs2SnCuCl3I3,1.083254,0.803571,True
Cs2SnCuBr3I3,1.073124,0.765365,True
Cs2SnZnF6,1.139983,1.212766,False
Cs2SnZnCl6,1.120126,1.096154,False
Cs2SnZnBr6,1.095761,0.968839,False
Cs2SnZnI6,1.024391,0.671466,True
Cs2SnZnO3S3,1.057905,0.799065,True
Cs2SnZnO3Se3,1.046163,0.752199,True
Cs2SnZnS3Se3,1.081919,0.903169,True
Cs2SnZnF3Cl3,1.129822,1.151515,False
Cs2SnZnF3Br3,1.116682,1.077165,False
Cs2SnZnF3I3,1.073281,0.864364,True
Cs2SnZnCl3Br3,1.107573,1.028571,False
Cs2SnZnCl3I3,1.065984,0.832792,True
Cs2SnZnBr3I3,1.056468,0.793197,True
Cs2SnInO3F3,1.057347,0.900763,True
Cs2SnInO3Cl3,1.050453,0.867647,True
Cs2SnInO3Br3,1.041458,0.826138,True
Cs2SnInO3I3,1.011091,0.698684,True
Cs2SnInS3F3,1.097017,1.116719,False
Cs2SnInS3Cl3,1.088491,1.066265,False
Cs2SnInS3Br3,1.077425,1.004255,False
Cs2SnInS3I3,1.040534,0.821981,True
Cs2SnInSe3F3,1.082113,1.030068,False
Cs2SnInSe3Cl3,1.074220,0.986989,False
Cs2SnInSe3Br3,1.063955,0.933626,True
Cs2SnInSe3I3,1.029575,0.774052,True
Cs2SnGaO3F3,1.110884,0.809160,True
Cs2SnGaO3Cl3,1.102541,0.779412,True
Cs2SnGaO3Br3,1.091682,0.742124,True
Cs2SnGaO3I3,1.055230,0.627632,True
Cs2SnGaS3F3,1.159210,1.003155,False
Cs2SnGaS3Cl3,1.148777,0.957831,False
Cs2SnGaS3Br3,1.135273,0.902128,True
Cs2SnGaS3I3,1.090569,0.738390,True
Cs2SnGaSe3F3,1.140989,0.925315,True
Cs2SnGaSe3Cl3,1.131371,0.886617,True
Cs2SnGaSe3Br3,1.118895,0.838681,True
Cs2SnGaSe3I3,1.077380,0.695335,True
Cs2GeVO3F3,1.124325,0.787532,True
Cs2GeVO3Cl3,1.115603,0.758578,True
Cs2GeVO3Br3,1.104256,0.722287,True
Cs2GeVO3I3,1.066219,0.610855,True
Cs2GeVS3F3,1.174937,0.976341,False
Cs2GeVS3Cl3,1.163998,0.932229,False
Cs2GeVS3Br3,1.149850,0.878014,True
Cs2GeVS3I3,1.103093,0.718653,True
Cs2GeVSe3F3,1.155837,0.900582,False
Cs2GeVSe3Cl3,1.145763,0.862918,True
Cs2GeVSe3Br3,1.132706,0.816264,True
Cs2GeVSe3I3,1.089323,0.676749,True
Cs2GeNbO3F3,1.110884,0.809160,True
Cs2GeNbO3Cl3,1.102541,0.779412,True
Cs2GeNbO3Br3,1.091682,0.742124,True
Cs2GeNbO3I3,1.055230,0.627632,True
Cs2GeNbS3F3,1.159210,1.003155,False
Cs2GeNbS3Cl3,1.148777,0.957831,False
Cs2GeNbS3Br3,1.135273,0.902128,True
Cs2GeNbS3I3,1.090569,0.738390,True
Cs2GeNbSe3F3,1.140989,0.925315,True
Cs2GeNbSe3Cl3,1.131371,0.886617,True
Cs2GeNbSe3Br3,1.118895,0.838681,True
Cs2GeNbSe3I3,1.077380,0.695335,True
Cs2GeTaO3F3,1.110884,0.809160,True
Cs2GeTaO3Cl3,1.102541,0.779412,True
Cs2GeTaO3Br3,1.091682,0.742124,True
Cs2GeTaO3I3,1.055230,0.627632,True
Cs2GeTaS3F3,1.159210,1.003155,False
Cs2GeTaS3Cl3,1.148777,0.957831,False
Cs2GeTaS3Br3,1.135273,0.902128,True
Cs2GeTaS3I3,1.090569,0.738390,True
Cs2GeTaSe3F3,1.140989,0.925315,True
Cs2GeTaSe3Cl3,1.131371,0.886617,True
Cs2GeTaSe3Br3,1.118895,0.838681,True
Cs2GeTaSe3I3,1.077380,0.695335,True
Cs2GeCrO6,1.026391,0.678571,True
Cs2GeCrS6,1.096321,0.971591,False
Cs2GeCrSe6,1.068545,0.843750,True
Cs2GeCrO3S3,1.057905,0.799065,True
Cs2GeCrO3Se3,1.046163,0.752199,True
Cs2GeCrO3F3,1.074610,0.870229,True
Cs2GeCrO3Cl3,1.067260,0.838235,True
Cs2GeCrO3Br3,1.057678,0.798133,True
Cs2GeCrO3I3,1.025388,0.675000,True
Cs2GeCrS3Se3,1.081919,0.903169,True
Cs2GeCrS3F3,1.116993,1.078864,False
Cs2GeCrS3Cl3,1.107871,1.030120,False
Cs2GeCrS3Br3,1.096041,0.970213,False
Cs2GeCrS3I3,1.056695,0.794118,True
Cs2GeCrSe3F3,1.101052,0.995150,False
Cs2GeCrSe3Cl3,1.092618,0.953532,False
Cs2GeCrSe3Br3,1.081659,0.901978,True
Cs2GeCrSe3I3,1.045032,0.747813,True
Cs2GeMoO6,1.068053,0.613095,True
Cs2GeMoS6,1.151054,0.877841,False
Cs2GeMoSe6,1.117908,0.762336,True
Cs2GeMoO3S3,1.105274,0.721963,True
Cs2GeMoO3Se3,1.091370,0.679619,True
Cs2GeMoS3Se3,1.133839,0.816021,True
Cs2GeWO6,1.070247,0.609788,True
Cs2GeWS6,1.153964,0.873106,False
Cs2GeWSe6,1.120523,0.758224,True
Cs2GeWO3S3,1.107779,0.718069,True
Cs2GeWO3Se3,1.093757,0.675953,True
Cs2GeWS3Se3,1.136593,0.811620,True
Cs2GeFeF6,1.172876,1.150709,False
Cs2GeFeCl6,1.150923,1.040064,False
Cs2GeFeBr6,1.124065,0.919263,True
Cs2GeFeI6,1.045891,0.637107,True
Cs2GeFeO3S3,1.082508,0.758178,True
Cs2GeFeO3Se3,1.069660,0.713710,True
Cs2GeFeO3F3,1.100820,0.825700,True
Cs2GeFeO3Cl3,1.092758,0.795343,True
Cs2GeFeO3Br3,1.082258,0.757293,True
Cs2GeFeO3I3,1.046977,0.640461,True
Cs2GeFeS3Se3,1.108845,0.856954,True
Cs2GeFeS3F3,1.147464,1.023659,False
Cs2GeFeS3Cl3,1.137403,0.977410,False
Cs2GeFeS3Br3,1.124373,0.920567,True
Cs2GeFeS3I3,1.081182,0.753483,True
Cs2GeFeSe3F3,1.129889,0.944229,True
Cs2GeFeSe3Cl3,1.120606,0.904740,True
Cs2GeFeSe3Br3,1.108560,0.855824,True
Cs2GeFeSe3I3,1.068423,0.709548,True
Cs2GeFeF3Cl3,1.161635,1.092593,False
Cs2GeFeF3Br3,1.147121,1.022047,False
Cs2GeFeF3I3,1.099362,0.820135,True
Cs2GeFeCl3Br3,1.137075,0.975940,False
Cs2GeFeCl3I3,1.091359,0.790179,True
Cs2GeFeBr3I3,1.080935,0.752609,True
Cs2GeMnF6,1.163286,1.168440,False
Cs2GeMnCl6,1.141953,1.056090,False
Cs2GeMnBr6,1.115830,0.933428,True
Cs2GeMnI6,1.039656,0.646924,True
Cs2GeMnO3S3,1.075362,0.769860,True
Cs2GeMnO3Se3,1.062839,0.724707,True
Cs2GeMnS3Se3,1.101016,0.870158,True
Cs2GeMnF3Cl3,1.152364,1.109428,False
Cs2GeMnF3Br3,1.138256,1.037795,False
Cs2GeMnF3I3,1.091782,0.832772,True
Cs2GeMnCl3Br3,1.128487,0.990977,False
Cs2GeMnCl3I3,1.083986,0.802354,True
Cs2GeMnBr3I3,1.073829,0.764206,True
Cs2GeBiO3F3,1.047531,0.918575,True
Cs2GeBiO3Cl3,1.040891,0.884804,True
Cs2GeBiO3Br3,1.032224,0.842474,True
Cs2GeBiO3I3,1.002934,0.712500,True
Cs2GeBiS3F3,1.085691,1.138801,False
Cs2GeBiS3Cl3,1.077496,1.087349,False
Cs2GeBiS3Br3,1.066854,1.024113,False
Cs2GeBiS3I3,1.031334,0.838235,True
Cs2GeBiSe3F3,1.071364,1.050436,False
Cs2GeBiSe3Cl3,1.063772,1.006506,False
Cs2GeBiSe3Br3,1.053893,0.952088,False
Cs2GeBiSe3I3,1.020768,0.789359,True
Cs2GeSbO3F3,1.107768,0.814249,True
Cs2GeSbO3Cl3,1.099512,0.784314,True
Cs2GeSbO3Br3,1.088765,0.746791,True
Cs2GeSbO3I3,1.052677,0.631579,True
Cs2GeSbS3F3,1.155570,1.009464,False
Cs2GeSbS3Cl3,1.145253,0.963855,False
Cs2GeSbS3Br3,1.131897,0.907801,True
Cs2GeSbS3I3,1.087663,0.743034,True
Cs2GeSbSe3F3,1.137550,0.931135,True
Cs2GeSbSe3Cl3,1.128037,0.892193,True
Cs2GeSbSe3Br3,1.115695,0.843956,True
Cs2GeSbSe3I3,1.074608,0.699708,True
Cs2GeCuF6,1.185582,1.127660,False
Cs2GeCuCl6,1.162798,1.019231,False
Cs2GeCuBr6,1.134954,0.900850,True
Cs2GeCuI6,1.054108,0.624346,True
Cs2GeCuO3S3,1.091940,0.742991,True
Cs2GeCuO3Se3,1.078658,0.699413,True
Cs2GeCuS3Se3,1.119191,0.839789,True
Cs2GeCuF3Cl3,1.173912,1.070707,False
Cs2GeCuF3Br3,1.158854,1.001575,False
Cs2GeCuF3I3,1.109375,0.803707,True
Cs2GeCuCl3Br3,1.148437,0.956391,False
Cs2GeCuCl3I3,1.101094,0.774351,True
Cs2GeCuBr3I3,1.090313,0.737534,True
Cs2GeZnF6,1.162336,1.170213,False
Cs2GeZnCl6,1.141063,1.057692,False
Cs2GeZnBr6,1.115013,0.934844,True
Cs2GeZnI6,1.039037,0.647906,True
Cs2GeZnO3S3,1.074653,0.771028,True
Cs2GeZnO3Se3,1.062162,0.725806,True
Cs2GeZnS3Se3,1.100240,0.871479,True
Cs2GeZnF3Cl3,1.151445,1.111111,False
Cs2GeZnF3Br3,1.137377,1.039370,False
Cs2GeZnF3I3,1.091030,0.834035,True
Cs2GeZnCl3Br3,1.127635,0.992481,False
Cs2GeZnCl3I3,1.083254,0.803571,True
Cs2GeZnBr3I3,1.073124,0.765365,True
Cs2GeInO3F3,1.074610,0.870229,True
Cs2GeInO3Cl3,1.067260,0.838235,True
Cs2GeInO3Br3,1.057678,0.798133,True
Cs2GeInO3I3,1.025388,0.675000,True
Cs2GeInS3F3,1.116993,1.078864,False
Cs2GeInS3Cl3,1.107871,1.030120,False
Cs2GeInS3Br3,1.096041,0.970213,False
Cs2GeInS3I3,1.056695,0.794118,True
Cs2GeInSe3F3,1.101052,0.995150,False
Cs2GeInSe3Cl3,1.092618,0.953532,False
Cs2GeInSe3Br3,1.081659,0.901978,True
Cs2GeInSe3I3,1.045032,0.747813,True
Cs2GeGaO3F3,1.129955,0.778626,True
Cs2GeGaO3Cl3,1.121071,0.750000,True
Cs2GeGaO3Br3,1.109517,0.714119,True
Cs2GeGaO3I3,1.070811,0.603947,True
Cs2GeGaS3F3,1.181538,0.965300,False
Cs2GeGaS3Cl3,1.170384,0.921687,False
Cs2GeGaS3Br3,1.155961,0.868085,False
Cs2GeGaS3I3,1.108334,0.710526,True
Cs2GeGaSe3F3,1.162064,0.890398,False
Cs2GeGaSe3Cl3,1.151797,0.853160,False
Cs2GeGaSe3Br3,1.138492,0.807033,True
Cs2GeGaSe3I3,1.094317,0.669096,True
Cs2TiCrO6,1.006951,0.710979,True
Cs2TiCrS6,1.071112,1.017992,False
Cs2TiCrSe6,1.045691,0.884046,True
Cs2TiCrO3S3,1.035931,0.837227,True
Cs2TiCrO3Se3,1.025145,0.788123,True
Cs2TiCrO3F3,1.051249,0.911790,True
Cs2TiCrO3Cl3,1.044513,0.878268,True
Cs2TiCrO3Br3,1.035722,0.836250,True
Cs2TiCrO3I3,1.006026,0.707237,True
Cs2TiCrS3Se3,1.057942,0.946303,True
Cs2TiCrS3F3,1.089978,1.130389,False
Cs2TiCrS3Cl3,1.081658,1.079317,False
Cs2TiCrS3Br3,1.070856,1.016548,False
Cs2TiCrS3I3,1.034820,0.832043,True
Cs2TiCrSe3F3,1.075434,1.042677,False
Cs2TiCrSe3Cl3,1.067728,0.999071,False
Cs2TiCrSe3Br3,1.057704,0.945055,True
Cs2TiCrSe3I3,1.024106,0.783528,True
Cs2TiMoO6,1.047018,0.645503,True
Cs2TiMoS6,1.123298,0.924242,True
Cs2TiMoSe6,1.092919,0.802632,True
Cs2TiMoO3S3,1.081310,0.760125,True
Cs2TiMoO3Se3,1.068517,0.715543,True
Cs2TiMoS3Se3,1.107533,0.859155,True
Cs2TiWO6,1.049127,0.642196,True
Cs2TiWS6,1.126068,0.919508,True
Cs2TiWSe6,1.095417,0.798520,True
Cs2TiWO3S3,1.083708,0.756231,True
Cs2TiWO3Se3,1.070805,0.711877,True
Cs2TiWS3Se3,1.110161,0.854754,True
Cs2TiFeO3F3,1.076318,0.867260,True
Cs2TiFeO3Cl3,1.068923,0.835376,True
Cs2TiFeO3Br3,1.059281,0.795410,True
Cs2TiFeO3I3,1.026800,0.672697,True
Cs2TiFeS3F3,1.118974,1.075184,False
Cs2TiFeS3Cl3,1.109792,1.026606,False
Cs2TiFeS3Br3,1.097885,0.966903,False
Cs2TiFeS3I3,1.058292,0.791409,True
Cs2TiFeSe3F3,1.102928,0.991756,False
Cs2TiFeSe3Cl3,1.094440,0.950279,False
Cs2TiFeSe3Br3,1.083412,0.898901,True
Cs2TiFeSe3I3,1.046559,0.745262,True
Cs2TiBiO3F3,1.025320,0.960136,False
Cs2TiBiO3Cl3,1.019242,0.924837,True
Cs2TiBiO3Br3,1.011302,0.880591,True
Cs2TiBiO3I3,0.984404,0.744737,True
Cs2TiBiS3F3,1.060151,1.190326,False
Cs2TiBiS3Cl3,1.052685,1.136546,False
Cs2TiBiS3Br3,1.042978,1.070449,False
Cs2TiBiS3I3,1.010486,0.876161,True
Cs2TiBiSe3F3,1.047093,1.097963,False
Cs2TiBiSe3Cl3,1.040164,1.052045,False
Cs2TiBiSe3Br3,1.031139,0.995165,False
Cs2TiBiSe3I3,1.000793,0.825073,True
Cs2TiSbO3F3,1.082959,0.855810,True
Cs2TiSbO3Cl3,1.075385,0.824346,True
Cs2TiSbO3Br3,1.065514,0.784909,True
Cs2TiSbO3I3,1.032281,0.663816,True
Cs2TiSbS3F3,1.126681,1.060988,False
Cs2TiSbS3Cl3,1.117264,1.013052,False
Cs2TiSbS3Br3,1.105058,0.954137,False
Cs2TiSbS3I3,1.064501,0.780960,True
Cs2TiSbSe3F3,1.110227,0.978661,False
Cs2TiSbSe3Cl3,1.101527,0.937732,True
Cs2TiSbSe3Br3,1.090226,0.887033,True
Cs2TiSbSe3I3,1.052493,0.735423,True
Cs2TiInO3F3,1.051249,0.911790,True
Cs2TiInO3Cl3,1.044513,0.878268,True
Cs2TiInO3Br3,1.035722,0.836250,True
Cs2TiInO3I3,1.006026,0.707237,True
Cs2TiInS3F3,1.089978,1.130389,False
Cs2TiInS3Cl3,1.081658,1.079317,False
Cs2TiInS3Br3,1.070856,1.016548,False
Cs2TiInS3I3,1.034820,0.832043,True
Cs2TiInSe3F3,1.075434,1.042677,False
Cs2TiInSe3Cl3,1.067728,0.999071,False
Cs2TiInSe3Br3,1.057704,0.945055,True
Cs2TiInSe3I3,1.024106,0.783528,True
Cs2TiGaO3F3,1.104154,0.820187,True
Cs2TiGaO3Cl3,1.095999,0.790033,True
Cs2TiGaO3Br3,1.085381,0.752236,True
Cs2TiGaO3I3,1.049714,0.636184,True
Cs2TiGaS3F3,1.151353,1.016824,False
Cs2TiGaS3Cl3,1.141169,0.970884,False
Cs2TiGaS3Br3,1.127983,0.914421,True
Cs2TiGaS3I3,1.084293,0.748452,True
Cs2TiGaSe3F3,1.133565,0.937924,True
Cs2TiGaSe3Cl3,1.124172,0.898699,True
Cs2TiGaSe3Br3,1.111984,0.850110,True
Cs2TiGaSe3I3,1.071392,0.704810,True
Cs2ZrCrO6,1.005008,0.714286,True
Cs2ZrCrS6,1.068605,1.022727,False
Cs2ZrCrSe6,1.043414,0.888158,True
Cs2ZrCrO3S3,1.033740,0.841121,True
Cs2ZrCrO3Se3,1.023048,0.791789,True
Cs2ZrCrO3F3,1.048922,0.916031,True
Cs2ZrCrO3Cl3,1.042246,0.882353,True
Cs2ZrCrO3Br3,1.033533,0.840140,True
Cs2ZrCrO3I3,1.004092,0.710526,True
Cs2ZrCrS3Se3,1.055555,0.950704,False
Cs2ZrCrS3F3,1.087294,1.135647,False
Cs2ZrCrS3Cl3,1.079053,1.084337,False
Cs2ZrCrS3Br3,1.068352,1.021277,False
Cs2ZrCrS3I3,1.032638,0.835913,True
Cs2ZrCrSe3F3,1.072886,1.047527,False
Cs2ZrCrSe3Cl3,1.065252,1.003717,False
Cs2ZrCrSe3Br3,1.055319,0.949451,True
Cs2ZrCrSe3I3,1.022017,0.787172,True
Cs2ZrMoO6,1.044918,0.648810,True
Cs2ZrMoS6,1.120540,0.928977,True
Cs2ZrMoSe6,1.090431,0.806743,True
Cs2ZrMoO3S3,1.078923,0.764019,True
Cs2ZrMoO3Se3,1.066239,0.719208,True
Cs2ZrMoS3Se3,1.104917,0.863556,True
Cs2ZrWO6,1.047018,0.645503,True
Cs2ZrWS6,1.123298,0.924242,True
Cs2ZrWSe6,1.092919,0.802632,True
Cs2ZrWO3S3,1.081310,0.760125,True
Cs2ZrWO3Se3,1.068517,0.715543,True
Cs2ZrWS3Se3,1.107533,0.859155,True
Cs2ZrFeO3F3,1.073879,0.871501,True
Cs2ZrFeO3Cl3,1.066549,0.839461,True
Cs2ZrFeO3Br3,1.056992,0.799300,True
Cs2ZrFeO3I3,1.024784,0.675987,True
Cs2ZrFeS3F3,1.116146,1.080442,False
Cs2ZrFeS3Cl3,1.107049,1.031627,False
Cs2ZrFeS3Br3,1.095252,0.971631,False
Cs2ZrFeS3I3,1.056011,0.795279,True
Cs2ZrFeSe3F3,1.100249,0.996605,False
Cs2ZrFeSe3Cl3,1.091839,0.954926,False
Cs2ZrFeSe3Br3,1.080910,0.903297,True
Cs2ZrFeSe3I3,1.044379,0.748907,True
Cs2ZrBiO3F3,1.023107,0.964377,False
Cs2ZrBiO3Cl3,1.017084,0.928922,True
Cs2ZrBiO3Br3,1.009214,0.884481,True
Cs2ZrBiO3I3,0.982551,0.748026,True
Cs2ZrBiS3F3,1.057612,1.195584,False
Cs2ZrBiS3Cl3,1.050218,1.141566,False
Cs2ZrBiS3Br3,1.040602,1.075177,False
Cs2ZrBiS3I3,1.008406,0.880031,True
Cs2ZrBiSe3F3,1.044679,1.102813,False
Cs2ZrBiSe3Cl3,1.037814,1.056691,False
Cs2ZrBiSe3Br3,1.028872,0.999560,False
Cs2ZrBiSe3I3,0.998799,0.828717,True
Cs2ZrSbO3F3,1.080490,0.860051,True
Cs2ZrSbO3Cl3,1.072982,0.828431,True
Cs2ZrSbO3Br3,1.063197,0.788798,True
Cs2ZrSbO3I3,1.030244,0.667105,True
Cs2ZrSbS3F3,1.123814,1.066246,False
Cs2ZrSbS3Cl3,1.114485,1.018072,False
Cs2ZrSbS3Br3,1.102390,0.958865,False
Cs2ZrSbS3I3,1.062193,0.784830,True
Cs2ZrSbSe3F3,1.107512,0.983511,False
Cs2ZrSbSe3Cl3,1.098891,0.942379,True
Cs2ZrSbSe3Br3,1.087692,0.891429,True
Cs2ZrSbSe3I3,1.050288,0.739067,True
Cs2ZrInO3F3,1.048922,0.916031,True
Cs2ZrInO3Cl3,1.042246,0.882353,True
Cs2ZrInO3Br3,1.033533,0.840140,True
Cs2ZrInO3I3,1.004092,0.710526,True
Cs2ZrInS3F3,1.087294,1.135647,False
Cs2ZrInS3Cl3,1.079053,1.084337,False
Cs2ZrInS3Br3,1.068352,1.021277,False
Cs2ZrInS3I3,1.032638,0.835913,True
Cs2ZrInSe3F3,1.072886,1.047527,False
Cs2ZrInSe3Cl3,1.065252,1.003717,False
Cs2ZrInSe3Br3,1.055319,0.949451,True
Cs2ZrInSe3I3,1.022017,0.787172,True
Cs2ZrGaO3F3,1.101588,0.824427,True
Cs2ZrGaO3Cl3,1.093504,0.794118,True
Cs2ZrGaO3Br3,1.082977,0.756126,True
Cs2ZrGaO3I3,1.047608,0.639474,True
Cs2ZrGaS3F3,1.148359,1.022082,False
Cs2ZrGaS3Cl3,1.138269,0.975904,False
Cs2ZrGaS3Br3,1.125204,0.919149,True
Cs2ZrGaS3I3,1.081898,0.752322,True
Cs2ZrGaSe3F3,1.130735,0.942774,True
Cs2ZrGaSe3Cl3,1.121427,0.903346,True
Cs2ZrGaSe3Br3,1.109348,0.854505,True
Cs2ZrGaSe3I3,1.069107,0.708455,True
Cs2VNbO6,1.054435,0.633929,True
Cs2VNbS6,1.133056,0.907670,True
Cs2VNbSe6,1.101714,0.788240,True
Cs2VNbO3S3,1.089749,0.746495,True
Cs2VNbO3Se3,1.076568,0.702713,True
Cs2VNbS3Se3,1.116786,0.843750,True
Cs2VTaO6,1.054435,0.633929,True
Cs2VTaS6,1.133056,0.907670,True
Cs2VTaSe6,1.101714,0.788240,True
Cs2VTaO3S3,1.089749,0.746495,True
Cs2VTaO3Se3,1.076568,0.702713,True
Cs2VTaS3Se3,1.116786,0.843750,True
Cs2VFeO3F3,1.098523,0.829517,True
Cs2VFeO3Cl3,1.090524,0.799020,True
Cs2VFeO3Br3,1.080107,0.760793,True
Cs2VFeO3I3,1.045091,0.643421,True
Cs2VFeS3F3,1.144787,1.028391,False
Cs2VFeS3Cl3,1.134810,0.981928,False
Cs2VFeS3Br3,1.121887,0.924823,True
Cs2VFeS3I3,1.079039,0.756966,True
Cs2VFeSe3F3,1.127358,0.948594,True
Cs2VFeSe3Cl3,1.118151,0.908922,True
Cs2VFeSe3Br3,1.106202,0.859780,True
Cs2VFeSe3I3,1.066377,0.712828,True
Cs2VMnO3F3,1.090937,0.842239,True
Cs2VMnO3Cl3,1.083146,0.811275,True
Cs2VMnO3Br3,1.072996,0.772462,True
Cs2VMnO3I3,1.038853,0.653289,True
Cs2VMnS3F3,1.135954,1.044164,False
Cs2VMnS3Cl3,1.126252,0.996988,False
Cs2VMnS3Br3,1.113680,0.939007,True
Cs2VMnS3I3,1.071955,0.768576,True
Cs2VMnSe3F3,1.119003,0.963143,False
Cs2VMnSe3Cl3,1.110045,0.922862,True
Cs2VMnSe3Br3,1.098413,0.872967,True
Cs2VMnSe3I3,1.059614,0.723761,True
Cs2VSbO6,1.051880,0.637897,True
Cs2VSbS6,1.129691,0.913352,True
Cs2VSbSe6,1.098683,0.793174,True
Cs2VSbO3S3,1.086841,0.751168,True
Cs2VSbO3Se3,1.073794,0.707111,True
Cs2VSbS3Se3,1.113596,0.849032,True
Cs2VCuO3F3,1.108545,0.812977,True
Cs2VCuO3Cl3,1.100268,0.783088,True
Cs2VCuO3Br3,1.089493,0.745624,True
Cs2VCuO3I3,1.053314,0.630592,True
Cs2VCuS3F3,1.156478,1.007886,False
Cs2VCuS3Cl3,1.146132,0.962349,False
Cs2VCuS3Br3,1.132739,0.906383,True
Cs2VCuS3I3,1.088388,0.741873,True
Cs2VCuSe3F3,1.138408,0.929680,True
Cs2VCuSe3Cl3,1.128868,0.890799,True
Cs2VCuSe3Br3,1.116493,0.842637,True
Cs2VCuSe3I3,1.075300,0.698615,True
Cs2VZnO3F3,1.090184,0.843511,True
Cs2VZnO3Cl3,1.082414,0.812500,True
Cs2VZnO3Br3,1.072290,0.773629,True
Cs2VZnO3I3,1.038234,0.654276,True
Cs2VZnS3F3,1.135078,1.045741,False
Cs2VZnS3Cl3,1.125403,0.998494,False
Cs2VZnS3Br3,1.112866,0.940426,True
Cs2VZnS3I3,1.071252,0.769737,True
Cs2VZnSe3F3,1.118175,0.964597,False
Cs2VZnSe3Cl3,1.109241,0.924257,True
Cs2VZnSe3Br3,1.097641,0.874286,True
Cs2VZnSe3I3,1.058942,0.724854,True
Cs2NbTaO6,1.043662,0.650794,True
Cs2NbTaS6,1.118892,0.931818,True
Cs2NbTaSe6,1.088944,0.809211,True
Cs2NbTaO3S3,1.077496,0.766355,True
Cs2NbTaO3Se3,1.064876,0.721408,True
Cs2NbTaS3Se3,1.103353,0.866197,True
Cs2NbFeO3F3,1.085688,0.851145,True
Cs2NbFeO3Cl3,1.078040,0.819853,True
Cs2NbFeO3Br3,1.068074,0.780630,True
Cs2NbFeO3I3,1.034531,0.660197,True
Cs2NbFeS3F3,1.129851,1.055205,False
Cs2NbFeS3Cl3,1.120337,1.007530,False
Cs2NbFeS3Br3,1.108006,0.948936,True
Cs2NbFeS3I3,1.067052,0.776703,True
Cs2NbFeSe3F3,1.113228,0.973327,False
Cs2NbFeSe3Cl3,1.104440,0.932621,True
Cs2NbFeSe3Br3,1.093027,0.882198,True
Cs2NbFeSe3I3,1.054930,0.731414,True
Cs2NbMnO3F3,1.078278,0.863868,True
Cs2NbMnO3Cl3,1.070829,0.832108,True
Cs2NbMnO3Br3,1.061121,0.792299,True
Cs2NbMnO3I3,1.028418,0.670066,True
Cs2NbMnS3F3,1.121246,1.070978,False
Cs2NbMnS3Cl3,1.111995,1.022590,False
Cs2NbMnS3Br3,1.100001,0.963121,False
Cs2NbMnS3I3,1.060125,0.788313,True
Cs2NbMnSe3F3,1.105081,0.987876,False
Cs2NbMnSe3Cl3,1.096530,0.946561,True
Cs2NbMnSe3Br3,1.085422,0.895385,True
Cs2NbMnSe3I3,1.048311,0.742347,True
Cs2NbSbO6,1.041160,0.654762,True
Cs2NbSbS6,1.115611,0.937500,True
Cs2NbSbSe6,1.085983,0.814145,True
Cs2NbSbO3S3,1.074653,0.771028,True
Cs2NbSbO3Se3,1.062162,0.725806,True
Cs2NbSbS3Se3,1.100240,0.871479,True
Cs2NbCuO3F3,1.095476,0.834606,True
Cs2NbCuO3Cl3,1.087561,0.803922,True
Cs2NbCuO3Br3,1.077251,0.765461,True
Cs2NbCuO3I3,1.042587,0.647368,True
Cs2NbCuS3F3,1.141237,1.034700,False
Cs2NbCuS3Cl3,1.131371,0.987952,False
Cs2NbCuS3Br3,1.118590,0.930496,True
Cs2NbCuS3I3,1.076194,0.761610,True
Cs2NbCuSe3F3,1.124001,0.954413,False
Cs2NbCuSe3Cl3,1.114895,0.914498,True
Cs2NbCuSe3Br3,1.103073,0.865055,True
Cs2NbCuSe3I3,1.063661,0.717201,True
Cs2NbZnO3F3,1.077542,0.865140,True
Cs2NbZnO3Cl3,1.070113,0.833333,True
Cs2NbZnO3Br3,1.060430,0.793466,True
Cs2NbZnO3I3,1.027810,0.671053,True
Cs2NbZnS3F3,1.120393,1.072555,False
Cs2NbZnS3Cl3,1.111168,1.024096,False
Cs2NbZnS3Br3,1.099206,0.964539,False
Cs2NbZnS3I3,1.059437,0.789474,True
Cs2NbZnSe3F3,1.104273,0.989331,False
Cs2NbZnSe3Cl3,1.095746,0.947955,True
Cs2NbZnSe3Br3,1.084667,0.896703,True
Cs2NbZnSe3I3,1.047653,0.743440,True
Cs2TaFeO3F3,1.085688,0.851145,True
Cs2TaFeO3Cl3,1.078040,0.819853,True
Cs2TaFeO3Br3,1.068074,0.780630,True
Cs2TaFeO3I3,1.034531,0.660197,True
Cs2TaFeS3F3,1.129851,1.055205,False
Cs2TaFeS3Cl3,1.120337,1.007530,False
Cs2TaFeS3Br3,1.108006,0.948936,True
Cs2TaFeS3I3,1.067052,0.776703,True
Cs2TaFeSe3F3,1.113228,0.973327,False
Cs2TaFeSe3Cl3,1.104440,0.932621,True
Cs2TaFeSe3Br3,1.093027,0.882198,True
Cs2TaFeSe3I3,1.054930,0.731414,True
Cs2TaMnO3F3,1.078278,0.863868,True
Cs2TaMnO3Cl3,1.070829,0.832108,True
Cs2TaMnO3Br3,1.061121,0.792299,True
Cs2TaMnO3I3,1.028418,0.670066,True
Cs2TaMnS3F3,1.121246,1.070978,False
Cs2TaMnS3Cl3,1.111995,1.022590,False
Cs2TaMnS3Br3,1.100001,0.963121,False
Cs2TaMnS3I3,1.060125,0.788313,True
Cs2TaMnSe3F3,1.105081,0.987876,False
Cs2TaMnSe3Cl3,1.096530,0.946561,True
Cs2TaMnSe3Br3,1.085422,0.895385,True
Cs2TaMnSe3I3,1.048311,0.742347,True
Cs2TaSbO6,1.041160,0.654762,True
Cs2TaSbS6,1.115611,0.937500,True
Cs2TaSbSe6,1.085983,0.814145,True
Cs2TaSbO3S3,1.074653,0.771028,True
Cs2TaSbO3Se3,1.062162,0.725806,True
Cs2TaSbS3Se3,1.100240,0.871479,True
Cs2TaCuO3F3,1.095476,0.834606,True
Cs2TaCuO3Cl3,1.087561,0.803922,True
Cs2TaCuO3Br3,1.077251,0.765461,True
Cs2TaCuO3I3,1.042587,0.647368,True
Cs2TaCuS3F3,1.141237,1.034700,False
Cs2TaCuS3Cl3,1.131371,0.987952,False
Cs2TaCuS3Br3,1.118590,0.930496,True
Cs2TaCuS3I3,1.076194,0.761610,True
Cs2TaCuSe3F3,1.124001,0.954413,False
Cs2TaCuSe3Cl3,1.114895,0.914498,True
Cs2TaCuSe3Br3,1.103073,0.865055,True
Cs2TaCuSe3I3,1.063661,0.717201,True
Cs2TaZnO3F3,1.077542,0.865140,True
Cs2TaZnO3Cl3,1.070113,0.833333,True
Cs2TaZnO3Br3,1.060430,0.793466,True
Cs2TaZnO3I3,1.027810,0.671053,True
Cs2TaZnS3F3,1.120393,1.072555,False
Cs2TaZnS3Cl3,1.111168,1.024096,False
Cs2TaZnS3Br3,1.099206,0.964539,False
Cs2TaZnS3I3,1.059437,0.789474,True
Cs2TaZnSe3F3,1.104273,0.989331,False
Cs2TaZnSe3Cl3,1.095746,0.947955,True
Cs2TaZnSe3Br3,1.084667,0.896703,True
Cs2TaZnSe3I3,1.047653,0.743440,True
Cs2CrMoO6,1.025180,0.680556,True
Cs2CrMoS6,1.094744,0.974432,False
Cs2CrMoSe6,1.067117,0.846217,True
Cs2CrMoO3S3,1.056533,0.801402,True
Cs2CrMoO3Se3,1.044851,0.754399,True
Cs2CrMoO3F3,1.073150,0.872774,True
Cs2CrMoO3Cl3,1.065839,0.840686,True
Cs2CrMoO3Br3,1.056307,0.800467,True
Cs2CrMoO3I3,1.024181,0.676974,True
Cs2CrMoS3Se3,1.080420,0.905810,True
Cs2CrMoS3F3,1.115300,1.082019,False
Cs2CrMoS3Cl3,1.106229,1.033133,False
Cs2CrMoS3Br3,1.094465,0.973050,False
Cs2CrMoS3I3,1.055329,0.796440,True
Cs2CrMoSe3F3,1.099448,0.998060,False
Cs2CrMoSe3Cl3,1.091061,0.956320,False
Cs2CrMoSe3Br3,1.080162,0.904615,True
Cs2CrMoSe3I3,1.043726,0.750000,True
Cs2CrWO6,1.027201,0.677249,True
Cs2CrWS6,1.097375,0.969697,False
Cs2CrWSe6,1.069499,0.842105,True
Cs2CrWO3S3,1.058822,0.797508,True
Cs2CrWO3Se3,1.047039,0.750733,True
Cs2CrWO3F3,1.075585,0.868533,True
Cs2CrWO3Cl3,1.068209,0.836601,True
Cs2CrWO3Br3,1.058594,0.796577,True
Cs2CrWO3I3,1.026194,0.673684,True
Cs2CrWS3Se3,1.082921,0.901408,True
Cs2CrWS3F3,1.118124,1.076761,False
Cs2CrWS3Cl3,1.108967,1.028112,False
Cs2CrWS3Br3,1.097094,0.968322,False
Cs2CrWS3I3,1.057607,0.792570,True
Cs2CrWSe3F3,1.102123,0.993210,False
Cs2CrWSe3Cl3,1.093658,0.951673,False
Cs2CrWSe3Br3,1.082660,0.900220,True
Cs2CrWSe3I3,1.045904,0.746356,True
Cs2CrMnO6,1.000953,0.721230,True
Cs2CrMnS6,1.063378,1.032670,False
Cs2CrMnSe6,1.038664,0.896793,True
Cs2CrMnO3S3,1.029169,0.849299,True
Cs2CrMnO3Se3,1.018672,0.799487,True
Cs2CrMnO3F3,1.044069,0.924936,True
Cs2CrMnO3Cl3,1.037518,0.890931,True
Cs2CrMnO3Br3,1.028965,0.848308,True
Cs2CrMnO3I3,1.000053,0.717434,True
Cs2CrMnS3Se3,1.050577,0.959947,False
Cs2CrMnS3F3,1.081702,1.146688,False
Cs2CrMnS3Cl3,1.073623,1.094880,False
Cs2CrMnS3Br3,1.063129,1.031206,False
Cs2CrMnS3I3,1.028087,0.844040,True
Cs2CrMnSe3F3,1.067576,1.057711,False
Cs2CrMnSe3Cl3,1.060089,1.013476,False
Cs2CrMnSe3Br3,1.050346,0.958681,False
Cs2CrMnSe3I3,1.017659,0.794825,True
Cs2CrAgF6,1.034941,1.437352,False
Cs2CrAgCl6,1.021230,1.299145,False
Cs2CrAgBr6,1.004247,1.148253,False
Cs2CrAgI6,0.953460,0.795812,True
Cs2CrAgO3F3,0.989359,1.031383,False
Cs2CrAgO3Cl3,0.984154,0.993464,False
Cs2CrAgO3Br3,0.977342,0.945935,True
Cs2CrAgO3I3,0.954181,0.800000,True
Cs2CrAgS3F3,1.019056,1.278654,False
Cs2CrAgS3Cl3,1.012710,1.220884,False
Cs2CrAgS3Br3,1.004443,1.149882,False
Cs2CrAgS3I3,0.976642,0.941176,True
Cs2CrAgSe3F3,1.007950,1.179437,False
Cs2CrAgSe3Cl3,1.002043,1.130112,False
Cs2CrAgSe3Br3,0.994336,1.069011,False
Cs2CrAgSe3I3,0.968310,0.886297,True
Cs2CrAgF3Cl3,1.027939,1.364759,False
Cs2CrAgF3Br3,1.018840,1.276640,False
Cs2CrAgF3I3,0.988419,1.024431,False
Cs2CrAgCl3Br3,1.012503,1.219048,False
Cs2CrAgCl3I3,0.983248,0.987013,False
Cs2CrAgBr3I3,0.976481,0.940085,True
Cs2MoWO6,1.068930,0.611772,True
Cs2MoWS6,1.152216,0.875947,False
Cs2MoWSe6,1.118953,0.760691,True
Cs2MoWO3S3,1.106275,0.720405,True
Cs2MoWO3Se3,1.092324,0.678152,True
Cs2MoWS3Se3,1.134939,0.814261,True
Cs2MoFeO3F3,1.099288,0.828244,True
Cs2MoFeO3Cl3,1.091268,0.797794,True
Cs2MoFeO3Br3,1.080823,0.759627,True
Cs2MoFeO3I3,1.045719,0.642434,True
Cs2MoFeS3F3,1.145678,1.026814,False
Cs2MoFeS3Cl3,1.135673,0.980422,False
Cs2MoFeS3Br3,1.122715,0.923404,True
Cs2MoFeS3I3,1.079752,0.755805,True
Cs2MoFeSe3F3,1.128201,0.947139,True
Cs2MoFeSe3Cl3,1.118968,0.907528,True
Cs2MoFeSe3Br3,1.106987,0.858462,True
Cs2MoFeSe3I3,1.067058,0.711735,True
Cs2MoMnO6,1.040536,0.655754,True
Cs2MoMnS6,1.114794,0.938920,True
Cs2MoMnSe6,1.085245,0.815378,True
Cs2MoMnO3S3,1.073945,0.772196,True
Cs2MoMnO3Se3,1.061486,0.726906,True
Cs2MoMnS3Se3,1.099464,0.872799,True
Cs2MoBiO3F3,1.046143,0.921120,True
Cs2MoBiO3Cl3,1.039539,0.887255,True
Cs2MoBiO3Br3,1.030918,0.844807,True
Cs2MoBiO3I3,1.001780,0.714474,True
Cs2MoBiS3F3,1.084092,1.141956,False
Cs2MoBiS3Cl3,1.075943,1.090361,False
Cs2MoBiS3Br3,1.065361,1.026950,False
Cs2MoBiS3I3,1.030033,0.840557,True
Cs2MoBiSe3F3,1.069846,1.053346,False
Cs2MoBiSe3Cl3,1.062295,1.009294,False
Cs2MoBiSe3Br3,1.052471,0.954725,False
Cs2MoBiSe3I3,1.019523,0.791545,True
Cs2MoSbO3F3,1.106216,0.816794,True
Cs2MoSbO3Cl3,1.098004,0.786765,True
Cs2MoSbO3Br3,1.087312,0.749125,True
Cs2MoSbO3I3,1.051405,0.633553,True
Cs2MoSbS3F3,1.153759,1.012618,False
Cs2MoSbS3Cl3,1.143499,0.966867,False
Cs2MoSbS3Br3,1.130216,0.910638,True
Cs2MoSbS3I3,1.086216,0.745356,True
Cs2MoSbSe3F3,1.135839,0.934045,True
Cs2MoSbSe3Cl3,1.126377,0.894981,True
Cs2MoSbSe3Br3,1.114101,0.846593,True
Cs2MoSbSe3I3,1.073228,0.701895,True
Cs2MoAgO3F3,1.032019,0.947413,True
Cs2MoAgO3Cl3,1.025773,0.912582,True
Cs2MoAgO3Br3,1.017616,0.868923,True
Cs2MoAgO3I3,0.990003,0.734868,True
Cs2MoAgS3F3,1.067841,1.174553,False
Cs2MoAgS3Cl3,1.060158,1.121486,False
Cs2MoAgS3Br3,1.050173,1.056265,False
Cs2MoAgS3I3,1.016778,0.864551,True
Cs2MoAgSe3F3,1.054406,1.083414,False
Cs2MoAgSe3Cl3,1.047279,1.038104,False
Cs2MoAgSe3Br3,1.038000,0.981978,False
Cs2MoAgSe3I3,1.006825,0.814140,True
Cs2MoInO3F3,1.073150,0.872774,True
Cs2MoInO3Cl3,1.065839,0.840686,True
Cs2MoInO3Br3,1.056307,0.800467,True
Cs2MoInO3I3,1.024181,0.676974,True
Cs2MoInS3F3,1.115300,1.082019,False
Cs2MoInS3Cl3,1.106229,1.033133,False
Cs2MoInS3Br3,1.094465,0.973050,False
Cs2MoInS3I3,1.055329,0.796440,True
Cs2MoInSe3F3,1.099448,0.998060,False
Cs2MoInSe3Cl3,1.091061,0.956320,False
Cs2MoInSe3Br3,1.080162,0.904615,True
Cs2MoInSe3I3,1.043726,0.750000,True
Cs2MoGaO3F3,1.128340,0.781170,True
Cs2MoGaO3Cl3,1.119503,0.752451,True
Cs2MoGaO3Br3,1.108009,0.716453,True
Cs2MoGaO3I3,1.069495,0.605921,True
Cs2MoGaS3F3,1.179644,0.968454,False
Cs2MoGaS3Cl3,1.168552,0.924699,False
Cs2MoGaS3Br3,1.154208,0.870922,False
Cs2MoGaS3I3,1.106831,0.712848,True
Cs2MoGaSe3F3,1.160278,0.893307,False
Cs2MoGaSe3Cl3,1.150067,0.855948,False
Cs2MoGaSe3Br3,1.136833,0.809670,True
Cs2MoGaSe3I3,1.092885,0.671283,True
Cs2WFeO3F3,1.101844,0.824003,True
Cs2WFeO3Cl3,1.093753,0.793709,True
Cs2WFeO3Br3,1.083217,0.755737,True
Cs2WFeO3I3,1.047818,0.639145,True
Cs2WFeS3F3,1.148658,1.021556,False
Cs2WFeS3Cl3,1.138559,0.975402,False
Cs2WFeS3Br3,1.125481,0.918676,True
Cs2WFeS3I3,1.082137,0.751935,True
Cs2WFeSe3F3,1.131018,0.942289,True
Cs2WFeSe3Cl3,1.121701,0.902881,True
Cs2WFeSe3Br3,1.109611,0.854066,True
Cs2WFeSe3I3,1.069335,0.708090,True
Cs2WMnO6,1.042618,0.652447,True
Cs2WMnS6,1.117523,0.934186,True
Cs2WMnSe6,1.087708,0.811266,True
Cs2WMnO3S3,1.076310,0.768302,True
Cs2WMnO3Se3,1.063744,0.723240,True
Cs2WMnS3Se3,1.102054,0.868398,True
Cs2WBiO3F3,1.048458,0.916879,True
Cs2WBiO3Cl3,1.041794,0.883170,True
Cs2WBiO3Br3,1.033096,0.840918,True
Cs2WBiO3I3,1.003706,0.711184,True
Cs2WBiS3F3,1.086759,1.136698,False
Cs2WBiS3Cl3,1.078534,1.085341,False
Cs2WBiS3Br3,1.067852,1.022222,False
Cs2WBiS3I3,1.032203,0.836687,True
Cs2WBiSe3F3,1.072378,1.048497,False
Cs2WBiSe3Cl3,1.064758,1.004647,False
Cs2WBiSe3Br3,1.054843,0.950330,False
Cs2WBiSe3I3,1.021601,0.787901,True
Cs2WSbO3F3,1.108804,0.812553,True
Cs2WSbO3Cl3,1.100520,0.782680,True
Cs2WSbO3Br3,1.089736,0.745235,True
Cs2WSbO3I3,1.053526,0.630263,True
Cs2WSbS3F3,1.156781,1.007361,False
Cs2WSbS3Cl3,1.146425,0.961847,False
Cs2WSbS3Br3,1.133020,0.905910,True
Cs2WSbS3I3,1.088630,0.741486,True
Cs2WSbSe3F3,1.138694,0.929195,True
Cs2WSbSe3Cl3,1.129146,0.890335,True
Cs2WSbSe3Br3,1.116760,0.842198,True
Cs2WSbSe3I3,1.075531,0.698251,True
Cs2WAgO3F3,1.034271,0.943172,True
Cs2WAgO3Cl3,1.027969,0.908497,True
Cs2WAgO3Br3,1.019738,0.865033,True
Cs2WAgO3I3,0.991884,0.731579,True
Cs2WAgS3F3,1.070429,1.169295,False
Cs2WAgS3Cl3,1.062673,1.116466,False
Cs2WAgS3Br3,1.052593,1.051537,False
Cs2WAgS3I3,1.018893,0.860681,True
Cs2WAgSe3F3,1.056866,1.078565,False
Cs2WAgSe3Cl3,1.049672,1.033457,False
Cs2WAgSe3Br3,1.040307,0.977582,False
Cs2WAgSe3I3,1.008851,0.810496,True
Cs2WInO3F3,1.075585,0.868533,True
Cs2WInO3Cl3,1.068209,0.836601,True
Cs2WInO3Br3,1.058594,0.796577,True
Cs2WInO3I3,1.026194,0.673684,True
Cs2WInS3F3,1.118124,1.076761,False
Cs2WInS3Cl3,1.108967,1.028112,False
Cs2WInS3Br3,1.097094,0.968322,False
Cs2WInS3I3,1.057607,0.792570,True
Cs2WInSe3F3,1.102123,0.993210,False
Cs2WInSe3Cl3,1.093658,0.951673,False
Cs2WInSe3Br3,1.082660,0.900220,True
Cs2WInSe3I3,1.045904,0.746356,True
Cs2WGaO3F3,1.131033,0.776930,True
Cs2WGaO3Cl3,1.122119,0.748366,True
Cs2WGaO3Br3,1.110525,0.712563,True
Cs2WGaO3I3,1.071691,0.602632,True
Cs2WGaS3F3,1.182804,0.963197,False
Cs2WGaS3Cl3,1.171608,0.919679,False
Cs2WGaS3Br3,1.157133,0.866194,False
Cs2WGaS3I3,1.109338,0.708978,True
Cs2WGaSe3F3,1.163258,0.888458,False
Cs2WGaSe3Cl3,1.152953,0.851301,False
Cs2WGaSe3Br3,1.139601,0.805275,True
Cs2WGaSe3I3,1.095274,0.667638,True
Cs2FeMnO6,1.021561,0.686508,True
Cs2FeMnS6,1.090039,0.982955,False
Cs2FeMnSe6,1.062856,0.853618,True
Cs2FeMnF6,1.132722,1.226950,False
Cs2FeMnCl6,1.113317,1.108974,False
Cs2FeMnBr6,1.089491,0.980170,False
Cs2FeMnI6,1.019601,0.679319,True
Cs2FeMnO3S3,1.052438,0.808411,True
Cs2FeMnO3Se3,1.040937,0.760997,True
Cs2FeMnO3F3,1.068793,0.880407,True
Cs2FeMnO3Cl3,1.061598,0.848039,True
Cs2FeMnO3Br3,1.052215,0.807468,True
Cs2FeMnO3I3,1.020578,0.682895,True
Cs2FeMnS3Se3,1.075947,0.913732,True
Cs2FeMnS3F3,1.110254,1.091483,False
Cs2FeMnS3Cl3,1.101334,1.042169,False
Cs2FeMnS3Br3,1.089764,0.981560,False
Cs2FeMnS3I3,1.051252,0.803406,True
Cs2FeMnSe3F3,1.094666,1.006790,False
Cs2FeMnSe3Cl3,1.086416,0.964684,False
Cs2FeMnSe3Br3,1.075693,0.912527,True
Cs2FeMnSe3I3,1.039828,0.756560,True
Cs2FeMnF3Cl3,1.122793,1.164983,False
Cs2FeMnF3Br3,1.109950,1.089764,False
Cs2FeMnF3I3,1.067493,0.874473,True
Cs2FeMnCl3Br3,1.101044,1.040602,False
Cs2FeMnCl3I3,1.060349,0.842532,True
Cs2FeMnBr3I3,1.051031,0.802474,True
Cs2FeSbO3F3,1.082712,0.856234,True
Cs2FeSbO3Cl3,1.075144,0.824755,True
Cs2FeSbO3Br3,1.065282,0.785298,True
Cs2FeSbO3I3,1.032077,0.664145,True
Cs2FeSbS3F3,1.126394,1.061514,False
Cs2FeSbS3Cl3,1.116985,1.013554,False
Cs2FeSbS3Br3,1.104790,0.954610,False
Cs2FeSbS3I3,1.064270,0.781347,True
Cs2FeSbSe3F3,1.109955,0.979146,False
Cs2FeSbSe3Cl3,1.101262,0.938197,True
Cs2FeSbSe3Br3,1.089972,0.887473,True
Cs2FeSbSe3I3,1.052272,0.735787,True
Cs2FeCuF6,1.153851,1.186170,False
Cs2FeCuCl6,1.133121,1.072115,False
Cs2FeCuBr6,1.107715,0.947592,True
Cs2FeCuI6,1.033496,0.656741,True
Cs2FeCuF3Cl3,1.143240,1.126263,False
Cs2FeCuF3Br3,1.129527,1.053543,False
Cs2FeCuF3I3,1.084306,0.845409,True
Cs2FeCuCl3Br3,1.120027,1.006015,False
Cs2FeCuCl3I3,1.076713,0.814529,True
Cs2FeCuBr3I3,1.066817,0.775802,True
Cs2FeAgF6,1.061980,1.375296,False
Cs2FeAgCl6,1.046767,1.243056,False
Cs2FeAgBr6,1.027969,1.098678,False
Cs2FeAgI6,0.972058,0.761453,True
Cs2FeAgF3Cl3,1.054207,1.305836,False
Cs2FeAgF3Br3,1.044119,1.221522,False
Cs2FeAgF3I3,1.010496,0.980202,False
Cs2FeAgCl3Br3,1.037101,1.166416,False
Cs2FeAgCl3I3,1.004797,0.944399,True
Cs2FeAgBr3I3,0.997346,0.899497,True
Cs2FeZnF6,1.131821,1.228723,False
Cs2FeZnCl6,1.112472,1.110577,False
Cs2FeZnBr6,1.088712,0.981586,False
Cs2FeZnI6,1.019005,0.680301,True
Cs2FeZnF3Cl3,1.121921,1.166667,False
Cs2FeZnF3Br3,1.109114,1.091339,False
Cs2FeZnF3I3,1.066774,0.875737,True
Cs2FeZnCl3Br3,1.100233,1.042105,False
Cs2FeZnCl3I3,1.059648,0.843750,True
Cs2FeZnBr3I3,1.050355,0.803634,True
Cs2MnBiO6,0.979500,0.758929,True
Cs2MnBiS6,1.035871,1.086648,False
Cs2MnBiSe6,1.013614,0.943668,True
Cs2MnBiO3S3,1.005043,0.893692,True
Cs2MnBiO3Se3,0.995552,0.841276,True
Cs2MnBiO3F3,1.018489,0.973282,False
Cs2MnBiO3Cl3,1.012580,0.937500,True
Cs2MnBiO3Br3,1.004859,0.892649,True
Cs2MnBiO3I3,0.978683,0.754934,True
Cs2MnBiS3Se3,1.024353,1.010123,False
Cs2MnBiS3F3,1.052320,1.206625,False
Cs2MnBiS3Cl3,1.045073,1.152108,False
Cs2MnBiS3Br3,1.035647,1.085106,False
Cs2MnBiS3I3,1.004066,0.888158,True
Cs2MnBiSe3F3,1.039643,1.112997,False
Cs2MnBiSe3Cl3,1.032913,1.066450,False
Cs2MnBiSe3Br3,1.024144,1.008791,False
Cs2MnBiSe3I3,0.994636,0.836370,True
Cs2MnSbO6,1.026998,0.677579,True
Cs2MnSbS6,1.097112,0.970170,False
Cs2MnSbSe6,1.069260,0.842516,True
Cs2MnSbF6,1.140897,1.210993,False
Cs2MnSbCl6,1.120983,1.094551,False
Cs2MnSbBr6,1.096550,0.967422,False
Cs2MnSbI6,1.024993,0.670484,True
Cs2MnSbO3S3,1.058593,0.797897,True
Cs2MnSbO3Se3,1.046820,0.751100,True
Cs2MnSbO3F3,1.075341,0.868957,True
Cs2MnSbO3Cl3,1.067972,0.837010,True
Cs2MnSbO3Br3,1.058364,0.796966,True
Cs2MnSbO3I3,1.025993,0.674013,True
Cs2MnSbS3Se3,1.082670,0.901849,True
Cs2MnSbS3F3,1.117841,1.077287,False
Cs2MnSbS3Cl3,1.108693,1.028614,False
Cs2MnSbS3Br3,1.096831,0.968794,False
Cs2MnSbS3I3,1.057379,0.792957,True
Cs2MnSbSe3F3,1.101855,0.993695,False
Cs2MnSbSe3Cl3,1.093398,0.952138,False
Cs2MnSbSe3Br3,1.082410,0.900659,True
Cs2MnSbSe3I3,1.045686,0.746720,True
Cs2MnSbF3Cl3,1.130706,1.149832,False
Cs2MnSbF3Br3,1.117529,1.075591,False
Cs2MnSbF3I3,1.074009,0.863100,True
Cs2MnSbCl3Br3,1.108395,1.027068,False
Cs2MnSbCl3I3,1.066692,0.831575,True
Cs2MnSbBr3I3,1.057152,0.792037,True
Cs2MnCuF6,1.144569,1.203901,False
Cs2MnCuCl6,1.124425,1.088141,False
Cs2MnCuBr6,1.099717,0.961756,False
Cs2MnCuI6,1.027408,0.666558,True
Cs2MnCuF3Cl3,1.134259,1.143098,False
Cs2MnCuF3Br3,1.120931,1.069291,False
Cs2MnCuF3I3,1.076931,0.858045,True
Cs2MnCuCl3Br3,1.111694,1.021053,False
Cs2MnCuCl3I3,1.069536,0.826705,True
Cs2MnCuBr3I3,1.059896,0.787399,True
Cs2MnZnF6,1.122888,1.246454,False
Cs2MnZnCl6,1.104088,1.126603,False
Cs2MnZnBr6,1.080985,0.995751,False
Cs2MnZnI6,1.013086,0.690118,True
Cs2MnZnF3Cl3,1.113271,1.183502,False
Cs2MnZnF3Br3,1.100825,1.107087,False
Cs2MnZnF3I3,1.059635,0.888374,True
Cs2MnZnCl3Br3,1.092191,1.057143,False
Cs2MnZnCl3I3,1.052697,0.855925,True
Cs2MnZnBr3I3,1.043645,0.815230,True
Cs2MnInO6,1.000953,0.721230,True
Cs2MnInS6,1.063378,1.032670,False
Cs2MnInSe6,1.038664,0.896793,True
Cs2MnInO3S3,1.029169,0.849299,True
Cs2MnInO3Se3,1.018672,0.799487,True
Cs2MnInO3F3,1.044069,0.924936,True
Cs2MnInO3Cl3,1.037518,0.890931,True
Cs2MnInO3Br3,1.028965,0.848308,True
Cs2MnInO3I3,1.000053,0.717434,True
Cs2MnInS3Se3,1.050577,0.959947,False
Cs2MnInS3F3,1.081702,1.146688,False
Cs2MnInS3Cl3,1.073623,1.094880,False
Cs2MnInS3Br3,1.063129,1.031206,False
Cs2MnInS3I3,1.028087,0.844040,True
Cs2MnInSe3F3,1.067576,1.057711,False
Cs2MnInSe3Cl3,1.060089,1.013476,False
Cs2MnInSe3Br3,1.050346,0.958681,False
Cs2MnInSe3I3,1.017659,0.794825,True
Cs2MnGaO6,1.044290,0.649802,True
Cs2MnGaS6,1.119716,0.930398,True
Cs2MnGaSe6,1.089687,0.807977,True
Cs2MnGaO3S3,1.078209,0.765187,True
Cs2MnGaO3Se3,1.065557,0.720308,True
Cs2MnGaO3F3,1.096236,0.833333,True
Cs2MnGaO3Cl3,1.088300,0.802696,True
Cs2MnGaO3Br3,1.077964,0.764294,True
Cs2MnGaO3I3,1.043212,0.646382,True
Cs2MnGaS3Se3,1.104135,0.864877,True
Cs2MnGaS3F3,1.142123,1.033123,False
Cs2MnGaS3Cl3,1.132229,0.986446,False
Cs2MnGaS3Br3,1.119412,0.929078,True
Cs2MnGaS3I3,1.076904,0.760449,True
Cs2MnGaSe3F3,1.124839,0.952958,False
Cs2MnGaSe3Cl3,1.115707,0.913104,True
Cs2MnGaSe3Br3,1.103854,0.863736,True
Cs2MnGaSe3I3,1.064339,0.716108,True
Cs2BiAgF6,1.007102,1.504728,False
Cs2BiAgCl6,0.994879,1.360043,False
Cs2BiAgBr6,0.979701,1.202077,False
Cs2BiAgI6,0.934058,0.833115,True
Cs2BiAgF3Cl3,1.000863,1.428732,False
Cs2BiAgF3Br3,0.992746,1.336483,False
Cs2BiAgF3I3,0.965517,1.072452,False
Cs2BiAgCl3Br3,0.987084,1.276190,False
Cs2BiAgCl3I3,0.960875,1.033279,False
Cs2BiAgBr3I3,0.954794,0.984152,False
Cs2SbCuO3F3,1.092446,0.839695,True
Cs2SbCuO3Cl3,1.084614,0.808824,True
Cs2SbCuO3Br3,1.074411,0.770128,True
Cs2SbCuO3I3,1.040095,0.651316,True
Cs2SbCuS3F3,1.137710,1.041009,False
Cs2SbCuS3Cl3,1.127953,0.993976,False
Cs2SbCuS3Br3,1.115312,0.936170,True
Cs2SbCuS3I3,1.073365,0.766254,True
Cs2SbCuSe3F3,1.120665,0.960233,False
Cs2SbCuSe3Cl3,1.111657,0.920074,True
Cs2SbCuSe3Br3,1.099962,0.870330,True
Cs2SbCuSe3I3,1.060960,0.721574,True
Cs2SbAgF6,1.069162,1.359338,False
Cs2SbAgCl6,1.053542,1.228632,False
Cs2SbAgBr6,1.034252,1.085930,False
Cs2SbAgI6,0.976959,0.752618,True
Cs2SbAgO3S3,1.004010,0.895639,True
Cs2SbAgO3Se3,0.994562,0.843109,True
Cs2SbAgS3Se3,1.023232,1.012324,False
Cs2SbAgF3Cl3,1.061180,1.290685,False
Cs2SbAgF3Br3,1.050823,1.207349,False
Cs2SbAgF3I3,1.016334,0.968829,False
Cs2SbAgCl3Br3,1.043620,1.152882,False
Cs2SbAgCl3I3,1.010492,0.933442,True
Cs2SbAgBr3I3,1.002856,0.889061,True
Cs2SbZnO3F3,1.074610,0.870229,True
Cs2SbZnO3Cl3,1.067260,0.838235,True
Cs2SbZnO3Br3,1.057678,0.798133,True
Cs2SbZnO3I3,1.025388,0.675000,True
Cs2SbZnS3F3,1.116993,1.078864,False
Cs2SbZnS3Cl3,1.107871,1.030120,False
Cs2SbZnS3Br3,1.096041,0.970213,False
Cs2SbZnS3I3,1.056695,0.794118,True
Cs2SbZnSe3F3,1.101052,0.995150,False
Cs2SbZnSe3Cl3,1.092618,0.953532,False
Cs2SbZnSe3Br3,1.081659,0.901978,True
Cs2SbZnSe3I3,1.045032,0.747813,True
Cs2CuZnF6,1.143649,1.205674,False
Cs2CuZnCl6,1.123562,1.089744,False
Cs2CuZnBr6,1.098924,0.963173,False
Cs2CuZnI6,1.026803,0.667539,True
Cs2CuZnF3Cl3,1.133369,1.144781,False
Cs2CuZnF3Br3,1.120079,1.070866,False
Cs2CuZnF3I3,1.076199,0.859309,True
Cs2CuZnCl3Br3,1.110867,1.022556,False
Cs2CuZnCl3I3,1.068824,0.827922,True
Cs2CuZnBr3I3,1.059208,0.788558,True
Cs2AgInF6,1.034941,1.437352,False
Cs2AgInCl6,1.021230,1.299145,False
Cs2AgInBr6,1.004247,1.148253,False
Cs2AgInI6,0.953460,0.795812,True
Cs2AgInF3Cl3,1.027939,1.364759,False
Cs2AgInF3Br3,1.018840,1.276640,False
Cs2AgInF3I3,0.988419,1.024431,False
Cs2AgInCl3Br3,1.012503,1.219048,False
Cs2AgInCl3I3,0.983248,0.987013,False
Cs2AgInBr3I3,0.976481,0.940085,True
Cs2AgGaF6,1.092143,1.309693,False
Cs2AgGaCl6,1.075190,1.183761,False
Cs2AgGaBr6,1.054297,1.046270,False
Cs2AgGaI6,0.992525,0.725131,True
Cs2AgGaF3Cl3,1.083476,1.243547,False
Cs2AgGaF3Br3,1.072242,1.163255,False
Cs2AgGaF3I3,1.034933,0.933446,True
Cs2AgGaCl3Br3,1.064438,1.110777,False
Cs2AgGaCl3I3,1.028629,0.899351,True
Cs2AgGaBr3I3,1.020395,0.856591,True
Na2SnGeF6,0.876249,1.134752,False
Na2SnGeCl6,0.868220,1.025641,False
Na2SnGeBr6,0.858405,0.906516,True
Na2SnGeI6,0.829884,0.628272,True
Na2SnGeO3S3,0.843234,0.747664,True
Na2SnGeO3Se3,0.838548,0.703812,True
Na2SnGeS3Se3,0.852846,0.845070,True
Na2SnGeF3Cl3,0.872137,1.077441,False
Na2SnGeF3Br3,0.866830,1.007874,False
Na2SnGeF3I3,0.849384,0.808762,True
Na2SnGeCl3Br3,0.863158,0.962406,False
Na2SnGeCl3I3,0.846464,0.779221,True
Na2SnGeBr3I3,0.842660,0.742172,True
Na2SnVO3F3,0.848132,0.818066,True
Na2SnVO3Cl3,0.845233,0.787990,True
Na2SnVO3Br3,0.841457,0.750292,True
Na2SnVO3I3,0.828776,0.634539,True
Na2SnVS3F3,0.864918,1.014196,False
Na2SnVS3Cl3,0.861296,0.968373,False
Na2SnVS3Br3,0.856606,0.912057,True
Na2SnVS3I3,0.841070,0.746517,True
Na2SnVSe3F3,0.858592,0.935500,True
Na2SnVSe3Cl3,0.855251,0.896375,True
Na2SnVSe3Br3,0.850917,0.847912,True
Na2SnVSe3I3,0.836483,0.702988,True
Na2SnNbO3F3,0.838161,0.839695,True
Na2SnNbO3Cl3,0.835497,0.808824,True
Na2SnNbO3Br3,0.832027,0.770128,True
Na2SnNbO3I3,0.820357,0.651316,True
Na2SnNbS3F3,0.853555,1.041009,False
Na2SnNbS3Cl3,0.850237,0.993976,False
Na2SnNbS3Br3,0.845938,0.936170,True
Na2SnNbS3I3,0.831672,0.766254,True
Na2SnNbSe3F3,0.847758,0.960233,False
Na2SnNbSe3Cl3,0.844695,0.920074,True
Na2SnNbSe3Br3,0.840718,0.870330,True
Na2SnNbSe3I3,0.827453,0.721574,True
Na2SnTaO3F3,0.838161,0.839695,True
Na2SnTaO3Cl3,0.835497,0.808824,True
Na2SnTaO3Br3,0.832027,0.770128,True
Na2SnTaO3I3,0.820357,0.651316,True
Na2SnTaS3F3,0.853555,1.041009,False
Na2SnTaS3Cl3,0.850237,0.993976,False
Na2SnTaS3Br3,0.845938,0.936170,True
Na2SnTaS3I3,0.831672,0.766254,True
Na2SnTaSe3F3,0.847758,0.960233,False
Na2SnTaSe3Cl3,0.844695,0.920074,True
Na2SnTaSe3Br3,0.840718,0.870330,True
Na2SnTaSe3I3,0.827453,0.721574,True
Na2SnCrO6,0.797761,0.702381,True
Na2SnCrS6,0.817279,1.005682,False
Na2SnCrSe6,0.809541,0.873355,True
Na2SnCrO3S3,0.806572,0.827103,True
Na2SnCrO3Se3,0.803292,0.778592,True
Na2SnCrO3F3,0.811232,0.900763,True
Na2SnCrO3Cl3,0.809183,0.867647,True
Na2SnCrO3Br3,0.806508,0.826138,True
Na2SnCrO3I3,0.797481,0.698684,True
Na2SnCrS3Se3,0.813269,0.934859,True
Na2SnCrS3F3,0.823026,1.116719,False
Na2SnCrS3Cl3,0.820491,1.066265,False
Na2SnCrS3Br3,0.817201,1.004255,False
Na2SnCrS3I3,0.806234,0.821981,True
Na2SnCrSe3F3,0.818595,1.030068,False
Na2SnCrSe3Cl3,0.816249,0.986989,False
Na2SnCrSe3Br3,0.813197,0.933626,True
Na2SnCrSe3I3,0.802976,0.774052,True
Na2SnMoO6,0.829672,0.636905,True
Na2SnMoS6,0.857354,0.911932,True
Na2SnMoSe6,0.846321,0.791941,True
Na2SnMoO3S3,0.842108,0.750000,True
Na2SnMoO3Se3,0.837467,0.706012,True
Na2SnMoS3Se3,0.851627,0.847711,True
Na2SnWO6,0.831351,0.633598,True
Na2SnWS6,0.859482,0.907197,True
Na2SnWSe6,0.848268,0.787829,True
Na2SnWO3S3,0.843987,0.746106,True
Na2SnWO3Se3,0.839271,0.702346,True
Na2SnWS3Se3,0.853661,0.843310,True
Na2SnFeF6,0.852873,1.193262,False
Na2SnFeCl6,0.846129,1.078526,False
Na2SnFeBr6,0.837863,0.953258,False
Na2SnFeI6,0.813695,0.660668,True
Na2SnFeO3S3,0.825035,0.786215,True
Na2SnFeO3Se3,0.821060,0.740103,True
Na2SnFeO3F3,0.830693,0.856234,True
Na2SnFeO3Cl3,0.828203,0.824755,True
Na2SnFeO3Br3,0.824958,0.785298,True
Na2SnFeO3I3,0.814032,0.664145,True
Na2SnFeS3Se3,0.833170,0.888644,True
Na2SnFeS3F3,0.845066,1.061514,False
Na2SnFeS3Cl3,0.841970,1.013554,False
Na2SnFeS3Br3,0.837957,0.954610,False
Na2SnFeS3I3,0.824625,0.781347,True
Na2SnFeSe3F3,0.839657,0.979146,False
Na2SnFeSe3Cl3,0.836797,0.938197,True
Na2SnFeSe3Br3,0.833082,0.887473,True
Na2SnFeSe3I3,0.820677,0.735787,True
Na2SnFeF3Cl3,0.849421,1.132997,False
Na2SnFeF3Br3,0.844960,1.059843,False
Na2SnFeF3I3,0.830243,0.850463,True
Na2SnFeCl3Br3,0.841869,1.012030,False
Na2SnFeCl3I3,0.827771,0.819399,True
Na2SnFeBr3I3,0.824549,0.780441,True
Na2SnMnF6,0.846033,1.210993,False
Na2SnMnCl6,0.839655,1.094551,False
Na2SnMnBr6,0.831830,0.967422,False
Na2SnMnI6,0.808914,0.670484,True
Na2SnMnO3S3,0.819674,0.797897,True
Na2SnMnO3Se3,0.815904,0.751100,True
Na2SnMnS3Se3,0.827385,0.901849,True
Na2SnMnF3Cl3,0.842769,1.149832,False
Na2SnMnF3Br3,0.838549,1.075591,False
Na2SnMnF3I3,0.824612,0.863100,True
Na2SnMnCl3Br3,0.835624,1.027068,False
Na2SnMnCl3I3,0.822268,0.831575,True
Na2SnMnBr3I3,0.819213,0.792037,True
Na2SnBiO3F3,0.791110,0.949109,True
Na2SnBiO3Cl3,0.789497,0.914216,True
Na2SnBiO3Br3,0.787390,0.870478,True
Na2SnBiO3I3,0.780256,0.736184,True
Na2SnBiS3F3,0.800363,1.176656,False
Na2SnBiS3Cl3,0.798379,1.123494,False
Na2SnBiS3Br3,0.795800,1.058156,False
Na2SnBiS3I3,0.787173,0.866099,True
Na2SnBiSe3F3,0.796893,1.085354,False
Na2SnBiSe3Cl3,0.795052,1.039963,False
Na2SnBiSe3Br3,0.792655,0.983736,False
Na2SnBiSe3I3,0.784602,0.815598,True
Na2SnSbO3F3,0.835849,0.844784,True
Na2SnSbO3Cl3,0.833239,0.813725,True
Na2SnSbO3Br3,0.829839,0.774796,True
Na2SnSbO3I3,0.818400,0.655263,True
Na2SnSbS3F3,0.850925,1.047319,False
Na2SnSbS3Cl3,0.847676,1.000000,False
Na2SnSbS3Br3,0.843466,0.941844,True
Na2SnSbS3I3,0.829491,0.770898,True
Na2SnSbSe3F3,0.845249,0.966052,False
Na2SnSbSe3Cl3,0.842249,0.925651,True
Na2SnSbSe3Br3,0.838353,0.875604,True
Na2SnSbSe3I3,0.825356,0.725948,True
Na2SnCuF6,0.861931,1.170213,False
Na2SnCuCl6,0.854696,1.057692,False
Na2SnCuBr6,0.845836,0.934844,True
Na2SnCuI6,0.819997,0.647906,True
Na2SnCuO3S3,0.832110,0.771028,True
Na2SnCuO3Se3,0.827862,0.725806,True
Na2SnCuS3Se3,0.840812,0.871479,True
Na2SnCuF3Cl3,0.858227,1.111111,False
Na2SnCuF3Br3,0.853442,1.039370,False
Na2SnCuF3I3,0.837680,0.834035,True
Na2SnCuCl3Br3,0.850129,0.992481,False
Na2SnCuCl3I3,0.835035,0.803571,True
Na2SnCuBr3I3,0.831590,0.765365,True
Na2SnZnF6,0.845355,1.212766,False
Na2SnZnCl6,0.839014,1.096154,False
Na2SnZnBr6,0.831232,0.968839,False
Na2SnZnI6,0.808438,0.671466,True
Na2SnZnO3S3,0.819142,0.799065,True
Na2SnZnO3Se3,0.815392,0.752199,True
Na2SnZnS3Se3,0.826811,0.903169,True
Na2SnZnF3Cl3,0.842110,1.151515,False
Na2SnZnF3Br3,0.837913,1.077165,False
Na2SnZnF3I3,0.824053,0.864364,True
Na2SnZnCl3Br3,0.835005,1.028571,False
Na2SnZnCl3I3,0.821722,0.832792,True
Na2SnZnBr3I3,0.818683,0.793197,True
Na2SnInO3F3,0.811232,0.900763,True
Na2SnInO3Cl3,0.809183,0.867647,True
Na2SnInO3Br3,0.806508,0.826138,True
Na2SnInO3I3,0.797481,0.698684,True
Na2SnInS3F3,0.823026,1.116719,False
Na2SnInS3Cl3,0.820491,1.066265,False
Na2SnInS3Br3,0.817201,1.004255,False
Na2SnInS3I3,0.806234,0.821981,True
Na2SnInSe3F3,0.818595,1.030068,False
Na2SnInSe3Cl3,0.816249,0.986989,False
Na2SnInSe3Br3,0.813197,0.933626,True
Na2SnInSe3I3,0.802976,0.774052,True
Na2SnGaO3F3,0.852307,0.809160,True
Na2SnGaO3Cl3,0.849307,0.779412,True
Na2SnGaO3Br3,0.845402,0.742124,True
Na2SnGaO3I3,0.832294,0.627632,True
Na2SnGaS3F3,0.869686,1.003155,False
Na2SnGaS3Cl3,0.865934,0.957831,False
Na2SnGaS3Br3,0.861078,0.902128,True
Na2SnGaS3I3,0.845002,0.738390,True
Na2SnGaSe3F3,0.863133,0.925315,True
Na2SnGaSe3Cl3,0.859675,0.886617,True
Na2SnGaSe3Br3,0.855188,0.838681,True
Na2SnGaSe3I3,0.840259,0.695335,True
Na2GeVO3F3,0.862620,0.787532,True
Na2GeVO3Cl3,0.859369,0.758578,True
Na2GeVO3Br3,0.855139,0.722287,True
Na2GeVO3I3,0.840962,0.610855,True
Na2GeVS3F3,0.881485,0.976341,False
Na2GeVS3Cl3,0.877408,0.932229,True
Na2GeVS3Br3,0.872134,0.878014,True
Na2GeVS3I3,0.854706,0.718653,True
Na2GeVSe3F3,0.874366,0.900582,True
Na2GeVSe3Cl3,0.870611,0.862918,True
Na2GeVSe3Br3,0.865744,0.816264,True
Na2GeVSe3I3,0.849573,0.676749,True
Na2GeNbO3F3,0.852307,0.809160,True
Na2GeNbO3Cl3,0.849307,0.779412,True
Na2GeNbO3Br3,0.845402,0.742124,True
Na2GeNbO3I3,0.832294,0.627632,True
Na2GeNbS3F3,0.869686,1.003155,False
Na2GeNbS3Cl3,0.865934,0.957831,False
Na2GeNbS3Br3,0.861078,0.902128,True
Na2GeNbS3I3,0.845002,0.738390,True
Na2GeNbSe3F3,0.863133,0.925315,True
Na2GeNbSe3Cl3,0.859675,0.886617,True
Na2GeNbSe3Br3,0.855188,0.838681,True
Na2GeNbSe3I3,0.840259,0.695335,True
Na2GeTaO3F3,0.852307,0.809160,True
Na2GeTaO3Cl3,0.849307,0.779412,True
Na2GeTaO3Br3,0.845402,0.742124,True
Na2GeTaO3I3,0.832294,0.627632,True
Na2GeTaS3F3,0.869686,1.003155,False
Na2GeTaS3Cl3,0.865934,0.957831,False
Na2GeTaS3Br3,0.861078,0.902128,True
Na2GeTaS3I3,0.845002,0.738390,True
Na2GeTaSe3F3,0.863133,0.925315,True
Na2GeTaSe3Cl3,0.859675,0.886617,True
Na2GeTaSe3Br3,0.855188,0.838681,True
Na2GeTaSe3I3,0.840259,0.695335,True
Na2GeCrO6,0.809077,0.678571,True
Na2GeCrS6,0.831411,0.971591,False
Na2GeCrSe6,0.822540,0.843750,True
Na2GeCrO3S3,0.819142,0.799065,True
Na2GeCrO3Se3,0.815392,0.752199,True
Na2GeCrO3F3,0.824477,0.870229,True
Na2GeCrO3Cl3,0.822129,0.838235,True
Na2GeCrO3Br3,0.819069,0.798133,True
Na2GeCrO3I3,0.808757,0.675000,True
Na2GeCrS3Se3,0.826811,0.903169,True
Na2GeCrS3F3,0.838013,1.078864,False
Na2GeCrS3Cl3,0.835099,1.030120,False
Na2GeCrS3Br3,0.831321,0.970213,False
Na2GeCrS3I3,0.818755,0.794118,True
Na2GeCrSe3F3,0.832922,0.995150,False
Na2GeCrSe3Cl3,0.830228,0.953532,False
Na2GeCrSe3Br3,0.826728,0.901978,True
Na2GeCrSe3I3,0.815031,0.747813,True
Na2GeMoO6,0.841918,0.613095,True
Na2GeMoS6,0.872919,0.877841,True
Na2GeMoSe6,0.860539,0.762336,True
Na2GeMoO3S3,0.855820,0.721963,True
Na2GeMoO3Se3,0.850627,0.679619,True
Na2GeMoS3Se3,0.866489,0.816021,True
Na2GeWO6,0.843648,0.609788,True
Na2GeWS6,0.875125,0.873106,True
Na2GeWSe6,0.862551,0.758224,True
Na2GeWO3S3,0.857760,0.718069,True
Na2GeWO3Se3,0.852487,0.675953,True
Na2GeWS3Se3,0.868594,0.811620,True
Na2GeFeF6,0.869747,1.150709,False
Na2GeFeCl6,0.862081,1.040064,False
Na2GeFeBr6,0.852703,0.919263,True
Na2GeFeI6,0.825405,0.637107,True
Na2GeFeO3S3,0.838192,0.758178,True
Na2GeFeO3Se3,0.833705,0.713710,True
Na2GeFeO3F3,0.844586,0.825700,True
Na2GeFeO3Cl3,0.841771,0.795343,True
Na2GeFeO3Br3,0.838105,0.757293,True
Na2GeFeO3I3,0.825785,0.640461,True
Na2GeFeS3Se3,0.847388,0.856954,True
Na2GeFeS3F3,0.860874,1.023659,False
Na2GeFeS3Cl3,0.857360,0.977410,False
Na2GeFeS3Br3,0.852810,0.920567,True
Na2GeFeS3I3,0.837729,0.753483,True
Na2GeFeSe3F3,0.854737,0.944229,True
Na2GeFeSe3Cl3,0.851495,0.904740,True
Na2GeFeSe3Br3,0.847289,0.855824,True
Na2GeFeSe3I3,0.833274,0.709548,True
Na2GeFeF3Cl3,0.865822,1.092593,False
Na2GeFeF3Br3,0.860754,1.022047,False
Na2GeFeF3I3,0.844077,0.820135,True
Na2GeFeCl3Br3,0.857246,0.975940,False
Na2GeFeCl3I3,0.841282,0.790179,True
Na2GeFeBr3I3,0.837642,0.752609,True
Na2GeMnF6,0.862636,1.168440,False
Na2GeMnCl6,0.855362,1.056090,False
Na2GeMnBr6,0.846456,0.933428,True
Na2GeMnI6,0.820486,0.646924,True
Na2GeMnO3S3,0.832659,0.769860,True
Na2GeMnO3Se3,0.828389,0.724707,True
Na2GeMnS3Se3,0.841405,0.870158,True
Na2GeMnF3Cl3,0.858912,1.109428,False
Na2GeMnF3Br3,0.854102,1.037795,False
Na2GeMnF3I3,0.838257,0.832772,True
Na2GeMnCl3Br3,0.850771,0.990977,False
Na2GeMnCl3I3,0.835599,0.802354,True
Na2GeMnBr3I3,0.832136,0.764206,True
Na2GeBiO3F3,0.803701,0.918575,True
Na2GeBiO3Cl3,0.801817,0.884804,True
Na2GeBiO3Br3,0.799358,0.842474,True
Na2GeBiO3I3,0.791047,0.712500,True
Na2GeBiS3F3,0.814529,1.138801,False
Na2GeBiS3Cl3,0.812203,1.087349,False
Na2GeBiS3Br3,0.809184,1.024113,False
Na2GeBiS3I3,0.799105,0.838235,True
Na2GeBiSe3F3,0.810463,1.050436,False
Na2GeBiSe3Cl3,0.808309,1.006506,False
Na2GeBiSe3Br3,0.805506,0.952088,False
Na2GeBiSe3I3,0.796107,0.789359,True
Na2GeSbO3F3,0.849917,0.814249,True
Na2GeSbO3Cl3,0.846974,0.784314,True
Na2GeSbO3Br3,0.843143,0.746791,True
Na2GeSbO3I3,0.830280,0.631579,True
Na2GeSbS3F3,0.866955,1.009464,False
Na2GeSbS3Cl3,0.863278,0.963855,False
Na2GeSbS3Br3,0.858517,0.907801,True
Na2GeSbS3I3,0.842751,0.743034,True
Na2GeSbSe3F3,0.860532,0.931135,True
Na2GeSbSe3Cl3,0.857141,0.892193,True
Na2GeSbSe3Br3,0.852742,0.843956,True
Na2GeSbSe3I3,0.838097,0.699708,True
Na2GeCuF6,0.879169,1.127660,False
Na2GeCuCl6,0.870976,1.019231,False
Na2GeCuBr6,0.860963,0.900850,True
Na2GeCuI6,0.831890,0.624346,True
Na2GeCuO3S3,0.845495,0.742991,True
Na2GeCuO3Se3,0.840719,0.699413,True
Na2GeCuS3Se3,0.855295,0.839789,True
Na2GeCuF3Cl3,0.874973,1.070707,False
Na2GeCuF3Br3,0.869558,1.001575,False
Na2GeCuF3I3,0.851765,0.803707,True
Na2GeCuCl3Br3,0.865812,0.956391,False
Na2GeCuCl3I3,0.848787,0.774351,True
Na2GeCuBr3I3,0.844910,0.737534,True
Na2GeZnF6,0.861931,1.170213,False
Na2GeZnCl6,0.854696,1.057692,False
Na2GeZnBr6,0.845836,0.934844,True
Na2GeZnI6,0.819997,0.647906,True
Na2GeZnO3S3,0.832110,0.771028,True
Na2GeZnO3Se3,0.827862,0.725806,True
Na2GeZnS3Se3,0.840812,0.871479,True
Na2GeZnF3Cl3,0.858227,1.111111,False
Na2GeZnF3Br3,0.853442,1.039370,False
Na2GeZnF3I3,0.837680,0.834035,True
Na2GeZnCl3Br3,0.850129,0.992481,False
Na2GeZnCl3I3,0.835035,0.803571,True
Na2GeZnBr3I3,0.831590,0.765365,True
Na2GeInO3F3,0.824477,0.870229,True
Na2GeInO3Cl3,0.822129,0.838235,True
Na2GeInO3Br3,0.819069,0.798133,True
Na2GeInO3I3,0.808757,0.675000,True
Na2GeInS3F3,0.838013,1.078864,False
Na2GeInS3Cl3,0.835099,1.030120,False
Na2GeInS3Br3,0.831321,0.970213,False
Na2GeInS3I3,0.818755,0.794118,True
Na2GeInSe3F3,0.832922,0.995150,False
Na2GeInSe3Cl3,0.830228,0.953532,False
Na2GeInSe3Br3,0.826728,0.901978,True
Na2GeInSe3I3,0.815031,0.747813,True
Na2GeGaO3F3,0.866939,0.778626,True
Na2GeGaO3Cl3,0.863581,0.750000,True
Na2GeGaO3Br3,0.859214,0.714119,True
Na2GeGaO3I3,0.844584,0.603947,True
Na2GeGaS3F3,0.886437,0.965300,False
Na2GeGaS3Cl3,0.882221,0.921687,True
Na2GeGaS3Br3,0.876769,0.868085,True
Na2GeGaS3I3,0.858767,0.710526,True
Na2GeGaSe3F3,0.879076,0.890398,True
Na2GeGaSe3Cl3,0.875195,0.853160,True
Na2GeGaSe3Br3,0.870166,0.807033,True
Na2GeGaSe3I3,0.853469,0.669096,True
Na2TiCrO6,0.793753,0.710979,True
Na2TiCrS6,0.812293,1.017992,False
Na2TiCrSe6,0.804947,0.884046,True
Na2TiCrO3S3,0.802127,0.837227,True
Na2TiCrO3Se3,0.799010,0.788123,True
Na2TiCrO3F3,0.806553,0.911790,True
Na2TiCrO3Cl3,0.804607,0.878268,True
Na2TiCrO3Br3,0.802067,0.836250,True
Na2TiCrO3I3,0.793486,0.707237,True
Na2TiCrS3Se3,0.808488,0.946303,True
Na2TiCrS3F3,0.817745,1.130389,False
Na2TiCrS3Cl3,0.815341,1.079317,False
Na2TiCrS3Br3,0.812219,1.016548,False
Na2TiCrS3I3,0.801806,0.832043,True
Na2TiCrSe3F3,0.813542,1.042677,False
Na2TiCrSe3Cl3,0.811315,0.999071,False
Na2TiCrSe3Br3,0.808419,0.945055,True
Na2TiCrSe3I3,0.798710,0.783528,True
Na2TiMoO6,0.825337,0.645503,True
Na2TiMoS6,0.851869,0.924242,True
Na2TiMoSe6,0.841302,0.802632,True
Na2TiMoO3S3,0.837264,0.760125,True
Na2TiMoO3Se3,0.832815,0.715543,True
Na2TiMoS3Se3,0.846385,0.859155,True
Na2TiWO6,0.826999,0.642196,True
Na2TiWS6,0.853970,0.919508,True
Na2TiWSe6,0.843226,0.798520,True
Na2TiWO3S3,0.839121,0.756231,True
Na2TiWO3Se3,0.834598,0.711877,True
Na2TiWS3Se3,0.848394,0.854754,True
Na2TiFeO3F3,0.825788,0.867260,True
Na2TiFeO3Cl3,0.823410,0.835376,True
Na2TiFeO3Br3,0.820311,0.795410,True
Na2TiFeO3I3,0.809870,0.672697,True
Na2TiFeS3F3,0.839499,1.075184,False
Na2TiFeS3Cl3,0.836547,1.026606,False
Na2TiFeS3Br3,0.832720,0.966903,False
Na2TiFeS3I3,0.819993,0.791409,True
Na2TiFeSe3F3,0.834341,0.991756,False
Na2TiFeSe3Cl3,0.831613,0.950279,False
Na2TiFeSe3Br3,0.828068,0.898901,True
Na2TiFeSe3I3,0.816222,0.745262,True
Na2TiBiO3F3,0.786660,0.960136,False
Na2TiBiO3Cl3,0.785141,0.924837,True
Na2TiBiO3Br3,0.783155,0.880591,True
Na2TiBiO3I3,0.776431,0.744737,True
Na2TiBiS3F3,0.795368,1.190326,False
Na2TiBiS3Cl3,0.793501,1.136546,False
Na2TiBiS3Br3,0.791075,1.070449,False
Na2TiBiS3I3,0.782952,0.876161,True
Na2TiBiSe3F3,0.792103,1.097963,False
Na2TiBiSe3Cl3,0.790371,1.052045,False
Na2TiBiSe3Br3,0.788115,0.995165,False
Na2TiBiSe3I3,0.780528,0.825073,True
Na2TiSbO3F3,0.830883,0.855810,True
Na2TiSbO3Cl3,0.828388,0.824346,True
Na2TiSbO3Br3,0.825138,0.784909,True
Na2TiSbO3I3,0.814193,0.663816,True
Na2TiSbS3F3,0.845281,1.060988,False
Na2TiSbS3Cl3,0.842180,1.013052,False
Na2TiSbS3Br3,0.838160,0.954137,False
Na2TiSbS3I3,0.824804,0.780960,True
Na2TiSbSe3F3,0.839863,0.978661,False
Na2TiSbSe3Cl3,0.836997,0.937732,True
Na2TiSbSe3Br3,0.833276,0.887033,True
Na2TiSbSe3I3,0.820850,0.735423,True
Na2TiInO3F3,0.806553,0.911790,True
Na2TiInO3Cl3,0.804607,0.878268,True
Na2TiInO3Br3,0.802067,0.836250,True
Na2TiInO3I3,0.793486,0.707237,True
Na2TiInS3F3,0.817745,1.130389,False
Na2TiInS3Cl3,0.815341,1.079317,False
Na2TiInS3Br3,0.812219,1.016548,False
Na2TiInS3I3,0.801806,0.832043,True
Na2TiInSe3F3,0.813542,1.042677,False
Na2TiInSe3Cl3,0.811315,0.999071,False
Na2TiInSe3Br3,0.808419,0.945055,True
Na2TiInSe3I3,0.798710,0.783528,True
Na2TiGaO3F3,0.847144,0.820187,True
Na2TiGaO3Cl3,0.844268,0.790033,True
Na2TiGaO3Br3,0.840523,0.752236,True
Na2TiGaO3I3,0.827943,0.636184,True
Na2TiGaS3F3,0.863791,1.016824,False
Na2TiGaS3Cl3,0.860199,0.970884,False
Na2TiGaS3Br3,0.855549,0.914421,True
Na2TiGaS3I3,0.840139,0.748452,True
Na2TiGaSe3F3,0.857517,0.937924,True
Na2TiGaSe3Cl3,0.854204,0.898699,True
Na2TiGaSe3Br3,0.849906,0.850110,True
Na2TiGaSe3I3,0.835589,0.704810,True
Na2ZrCrO6,0.792221,0.714286,True
Na2ZrCrS6,0.810392,1.022727,False
Na2ZrCrSe6,0.803194,0.888158,True
Na2ZrCrO3S3,0.800431,0.841121,True
Na2ZrCrO3Se3,0.797376,0.791789,True
Na2ZrCrO3F3,0.804768,0.916031,True
Na2ZrCrO3Cl3,0.802861,0.882353,True
Na2ZrCrO3Br3,0.800371,0.840140,True
Na2ZrCrO3I3,0.791960,0.710526,True
Na2ZrCrS3Se3,0.806663,0.950704,False
Na2ZrCrS3F3,0.815732,1.135647,False
Na2ZrCrS3Cl3,0.813377,1.084337,False
Na2ZrCrS3Br3,0.810320,1.021277,False
Na2ZrCrS3I3,0.800116,0.835913,True
Na2ZrCrSe3F3,0.811615,1.047527,False
Na2ZrCrSe3Cl3,0.809434,1.003717,False
Na2ZrCrSe3Br3,0.806596,0.949451,True
Na2ZrCrSe3I3,0.797081,0.787172,True
Na2ZrMoO6,0.823682,0.648810,True
Na2ZrMoS6,0.849778,0.928977,True
Na2ZrMoSe6,0.839388,0.806743,True
Na2ZrMoO3S3,0.835416,0.764019,True
Na2ZrMoO3Se3,0.831039,0.719208,True
Na2ZrMoS3Se3,0.844386,0.863556,True
Na2ZrWO6,0.825337,0.645503,True
Na2ZrWS6,0.851869,0.924242,True
Na2ZrWSe6,0.841302,0.802632,True
Na2ZrWO3S3,0.837264,0.760125,True
Na2ZrWO3Se3,0.832815,0.715543,True
Na2ZrWS3Se3,0.846385,0.859155,True
Na2ZrFeO3F3,0.823916,0.871501,True
Na2ZrFeO3Cl3,0.821582,0.839461,True
Na2ZrFeO3Br3,0.818538,0.799300,True
Na2ZrFeO3I3,0.808281,0.675987,True
Na2ZrFeS3F3,0.837377,1.080442,False
Na2ZrFeS3Cl3,0.834480,1.031627,False
Na2ZrFeS3Br3,0.830723,0.971631,False
Na2ZrFeS3I3,0.818226,0.795279,True
Na2ZrFeSe3F3,0.832315,0.996605,False
Na2ZrFeSe3Cl3,0.829636,0.954926,False
Na2ZrFeSe3Br3,0.826155,0.903297,True
Na2ZrFeSe3I3,0.814521,0.748907,True
Na2ZrBiO3F3,0.784962,0.964377,False
Na2ZrBiO3Cl3,0.783478,0.928922,True
Na2ZrBiO3Br3,0.781539,0.884481,True
Na2ZrBiO3I3,0.774970,0.748026,True
Na2ZrBiS3F3,0.793463,1.195584,False
Na2ZrBiS3Cl3,0.791641,1.141566,False
Na2ZrBiS3Br3,0.789272,1.075177,False
Na2ZrBiS3I3,0.781340,0.880031,True
Na2ZrBiSe3F3,0.790277,1.102813,False
Na2ZrBiSe3Cl3,0.788585,1.056691,False
Na2ZrBiSe3Br3,0.786382,0.999560,False
Na2ZrBiSe3I3,0.778973,0.828717,True
Na2ZrSbO3F3,0.828988,0.860051,True
Na2ZrSbO3Cl3,0.826538,0.828431,True
Na2ZrSbO3Br3,0.823344,0.788798,True
Na2ZrSbO3I3,0.812587,0.667105,True
Na2ZrSbS3F3,0.843130,1.066246,False
Na2ZrSbS3Cl3,0.840085,1.018072,False
Na2ZrSbS3Br3,0.836137,0.958865,False
Na2ZrSbS3I3,0.823016,0.784830,True
Na2ZrSbSe3F3,0.837809,0.983511,False
Na2ZrSbSe3Cl3,0.834995,0.942379,True
Na2ZrSbSe3Br3,0.831339,0.891429,True
Na2ZrSbSe3I3,0.819130,0.739067,True
Na2ZrInO3F3,0.804768,0.916031,True
Na2ZrInO3Cl3,0.802861,0.882353,True
Na2ZrInO3Br3,0.800371,0.840140,True
Na2ZrInO3I3,0.791960,0.710526,True
Na2ZrInS3F3,0.815732,1.135647,False
Na2ZrInS3Cl3,0.813377,1.084337,False
Na2ZrInS3Br3,0.810320,1.021277,False
Na2ZrInS3I3,0.800116,0.835913,True
Na2ZrInSe3F3,0.811615,1.047527,False
Na2ZrInSe3Cl3,0.809434,1.003717,False
Na2ZrInSe3Br3,0.806596,0.949451,True
Na2ZrInSe3I3,0.797081,0.787172,True
Na2ZrGaO3F3,0.845175,0.824427,True
Na2ZrGaO3Cl3,0.842346,0.794118,True
Na2ZrGaO3Br3,0.838662,0.756126,True
Na2ZrGaO3I3,0.826282,0.639474,True
Na2ZrGaS3F3,0.861545,1.022082,False
Na2ZrGaS3Cl3,0.858014,0.975904,False
Na2ZrGaS3Br3,0.853441,0.919149,True
Na2ZrGaS3I3,0.838284,0.752322,True
Na2ZrGaSe3F3,0.855377,0.942774,True
Na2ZrGaSe3Cl3,0.852119,0.903346,True
Na2ZrGaSe3Br3,0.847891,0.854505,True
Na2ZrGaSe3I3,0.833807,0.708455,True
Na2VNbO6,0.831183,0.633929,True
Na2VNbS6,0.859269,0.907670,True
Na2VNbSe6,0.848073,0.788240,True
Na2VNbO3S3,0.843798,0.746495,True
Na2VNbO3Se3,0.839090,0.702713,True
Na2VNbS3Se3,0.853457,0.843750,True
Na2VTaO6,0.831183,0.633929,True
Na2VTaS6,0.859269,0.907670,True
Na2VTaSe6,0.848073,0.788240,True
Na2VTaO3S3,0.843798,0.746495,True
Na2VTaO3Se3,0.839090,0.702713,True
Na2VTaS3Se3,0.853457,0.843750,True
Na2VFeO3F3,0.842824,0.829517,True
Na2VFeO3Cl3,0.840051,0.799020,True
Na2VFeO3Br3,0.836438,0.760793,True
Na2VFeO3I3,0.824297,0.643421,True
Na2VFeS3F3,0.858865,1.028391,False
Na2VFeS3Cl3,0.855406,0.981928,False
Na2VFeS3Br3,0.850925,0.924823,True
Na2VFeS3I3,0.836068,0.756966,True
Na2VFeSe3F3,0.852822,0.948594,True
Na2VFeSe3Cl3,0.849630,0.908922,True
Na2VFeSe3Br3,0.845486,0.859780,True
Na2VFeSe3I3,0.831678,0.712828,True
Na2VMnO3F3,0.837003,0.842239,True
Na2VMnO3Cl3,0.834367,0.811275,True
Na2VMnO3Br3,0.830932,0.772462,True
Na2VMnO3I3,0.819377,0.653289,True
Na2VMnS3F3,0.852238,1.044164,False
Na2VMnS3Cl3,0.848955,0.996988,False
Na2VMnS3Br3,0.844700,0.939007,True
Na2VMnS3I3,0.830580,0.768576,True
Na2VMnSe3F3,0.846502,0.963143,False
Na2VMnSe3Cl3,0.843470,0.922862,True
Na2VMnSe3Br3,0.839534,0.872967,True
Na2VMnSe3I3,0.826403,0.723761,True
Na2VSbO6,0.829169,0.637897,True
Na2VSbS6,0.856717,0.913352,True
Na2VSbSe6,0.845739,0.793174,True
Na2VSbO3S3,0.841547,0.751168,True
Na2VSbO3Se3,0.836928,0.707111,True
Na2VSbS3Se3,0.851019,0.849032,True
Na2VCuO3F3,0.850513,0.812977,True
Na2VCuO3Cl3,0.847556,0.783088,True
Na2VCuO3Br3,0.843707,0.745624,True
Na2VCuO3I3,0.830783,0.630592,True
Na2VCuS3F3,0.867636,1.007886,False
Na2VCuS3Cl3,0.863940,0.962349,False
Na2VCuS3Br3,0.859156,0.906383,True
Na2VCuS3I3,0.843312,0.741873,True
Na2VCuSe3F3,0.861181,0.929680,True
Na2VCuSe3Cl3,0.857773,0.890799,True
Na2VCuSe3Br3,0.853352,0.842637,True
Na2VCuSe3I3,0.838637,0.698615,True
Na2VZnO3F3,0.836426,0.843511,True
Na2VZnO3Cl3,0.833803,0.812500,True
Na2VZnO3Br3,0.830385,0.773629,True
Na2VZnO3I3,0.818888,0.654276,True
Na2VZnS3F3,0.851581,1.045741,False
Na2VZnS3Cl3,0.848315,0.998494,False
Na2VZnS3Br3,0.844083,0.940426,True
Na2VZnS3I3,0.830035,0.769737,True
Na2VZnSe3F3,0.845875,0.964597,False
Na2VZnSe3Cl3,0.842859,0.924257,True
Na2VZnSe3Br3,0.838943,0.874286,True
Na2VZnSe3I3,0.825879,0.724854,True
Na2NbTaO6,0.822692,0.650794,True
Na2NbTaS6,0.848528,0.931818,True
Na2NbTaSe6,0.838243,0.809211,True
Na2NbTaO3S3,0.834311,0.766355,True
Na2NbTaO3Se3,0.829977,0.721408,True
Na2NbTaS3Se3,0.843191,0.866197,True
Na2NbFeO3F3,0.832977,0.851145,True
Na2NbFeO3Cl3,0.830434,0.819853,True
Na2NbFeO3Br3,0.827120,0.780630,True
Na2NbFeO3I3,0.815968,0.660197,True
Na2NbFeS3F3,0.847660,1.055205,False
Na2NbFeS3Cl3,0.844497,1.007530,False
Na2NbFeS3Br3,0.840397,0.948936,True
Na2NbFeS3I3,0.826780,0.776703,True
Na2NbFeSe3F3,0.842133,0.973327,False
Na2NbFeSe3Cl3,0.839211,0.932621,True
Na2NbFeSe3Br3,0.835416,0.882198,True
Na2NbFeSe3I3,0.822750,0.731414,True
Na2NbMnO3F3,0.827291,0.863868,True
Na2NbMnO3Cl3,0.824879,0.832108,True
Na2NbMnO3Br3,0.821735,0.792299,True
Na2NbMnO3I3,0.811146,0.670066,True
Na2NbMnS3F3,0.841204,1.070978,False
Na2NbMnS3Cl3,0.838208,1.022590,False
Na2NbMnS3Br3,0.834325,0.963121,False
Na2NbMnS3I3,0.821413,0.788313,True
Na2NbMnSe3F3,0.835970,0.987876,False
Na2NbMnSe3Cl3,0.833201,0.946561,True
Na2NbMnSe3Br3,0.829604,0.895385,True
Na2NbMnSe3I3,0.817588,0.742347,True
Na2NbSbO6,0.820719,0.654762,True
Na2NbSbS6,0.846040,0.937500,True
Na2NbSbSe6,0.835963,0.814145,True
Na2NbSbO3S3,0.832110,0.771028,True
Na2NbSbO3Se3,0.827862,0.725806,True
Na2NbSbS3Se3,0.840812,0.871479,True
Na2NbCuO3F3,0.840486,0.834606,True
Na2NbCuO3Cl3,0.837768,0.803922,True
Na2NbCuO3Br3,0.834227,0.765461,True
Na2NbCuO3I3,0.822322,0.647368,True
Na2NbCuS3F3,0.856202,1.034700,False
Na2NbCuS3Cl3,0.852814,0.987952,False
Na2NbCuS3Br3,0.848424,0.930496,True
Na2NbCuS3I3,0.833864,0.761610,True
Na2NbCuSe3F3,0.850283,0.954413,False
Na2NbCuSe3Cl3,0.847155,0.914498,True
Na2NbCuSe3Br3,0.843095,0.865055,True
Na2NbCuSe3I3,0.829560,0.717201,True
Na2NbZnO3F3,0.826726,0.865140,True
Na2NbZnO3Cl3,0.824328,0.833333,True
Na2NbZnO3Br3,0.821201,0.793466,True
Na2NbZnO3I3,0.810667,0.671053,True
Na2NbZnS3F3,0.840564,1.072555,False
Na2NbZnS3Cl3,0.837585,1.024096,False
Na2NbZnS3Br3,0.833722,0.964539,False
Na2NbZnS3I3,0.820880,0.789474,True
Na2NbZnSe3F3,0.835358,0.989331,False
Na2NbZnSe3Cl3,0.832605,0.947955,True
Na2NbZnSe3Br3,0.829027,0.896703,True
Na2NbZnSe3I3,0.817075,0.743440,True
Na2TaFeO3F3,0.832977,0.851145,True
Na2TaFeO3Cl3,0.830434,0.819853,True
Na2TaFeO3Br3,0.827120,0.780630,True
Na2TaFeO3I3,0.815968,0.660197,True
Na2TaFeS3F3,0.847660,1.055205,False
Na2TaFeS3Cl3,0.844497,1.007530,False
Na2TaFeS3Br3,0.840397,0.948936,True
Na2TaFeS3I3,0.826780,0.776703,True
Na2TaFeSe3F3,0.842133,0.973327,False
Na2TaFeSe3Cl3,0.839211,0.932621,True
Na2TaFeSe3Br3,0.835416,0.882198,True
Na2TaFeSe3I3,0.822750,0.731414,True
Na2TaMnO3F3,0.827291,0.863868,True
Na2TaMnO3Cl3,0.824879,0.832108,True
Na2TaMnO3Br3,0.821735,0.792299,True
Na2TaMnO3I3,0.811146,0.670066,True
Na2TaMnS3F3,0.841204,1.070978,False
Na2TaMnS3Cl3,0.838208,1.022590,False
Na2TaMnS3Br3,0.834325,0.963121,False
Na2TaMnS3I3,0.821413,0.788313,True
Na2TaMnSe3F3,0.835970,0.987876,False
Na2TaMnSe3Cl3,0.833201,0.946561,True
Na2TaMnSe3Br3,0.829604,0.895385,True
Na2TaMnSe3I3,0.817588,0.742347,True
Na2TaSbO6,0.820719,0.654762,True
Na2TaSbS6,0.846040,0.937500,True
Na2TaSbSe6,0.835963,0.814145,True
Na2TaSbO3S3,0.832110,0.771028,True
Na2TaSbO3Se3,0.827862,0.725806,True
Na2TaSbS3Se3,0.840812,0.871479,True
Na2TaCuO3F3,0.840486,0.834606,True
Na2TaCuO3Cl3,0.837768,0.803922,True
Na2TaCuO3Br3,0.834227,0.765461,True
Na2TaCuO3I3,0.822322,0.647368,True
Na2TaCuS3F3,0.856202,1.034700,False
Na2TaCuS3Cl3,0.852814,0.987952,False
Na2TaCuS3Br3,0.848424,0.930496,True
Na2TaCuS3I3,0.833864,0.761610,True
Na2TaCuSe3F3,0.850283,0.954413,False
Na2TaCuSe3Cl3,0.847155,0.914498,True
Na2TaCuSe3Br3,0.843095,0.865055,True
Na2TaCuSe3I3,0.829560,0.717201,True
Na2TaZnO3F3,0.826726,0.865140,True
Na2TaZnO3Cl3,0.824328,0.833333,True
Na2TaZnO3Br3,0.821201,0.793466,True
Na2TaZnO3I3,0.810667,0.671053,True
Na2TaZnS3F3,0.840564,1.072555,False
Na2TaZnS3Cl3,0.837585,1.024096,False
Na2TaZnS3Br3,0.833722,0.964539,False
Na2TaZnS3I3,0.820880,0.789474,True
Na2TaZnSe3F3,0.835358,0.989331,False
Na2TaZnSe3Cl3,0.832605,0.947955,True
Na2TaZnSe3Br3,0.829027,0.896703,True
Na2TaZnSe3I3,0.817075,0.743440,True
Na2CrMoO6,0.808122,0.680556,True
Na2CrMoS6,0.830215,0.974432,False
Na2CrMoSe6,0.821441,0.846217,True
Na2CrMoO3S3,0.818079,0.801402,True
Na2CrMoO3Se3,0.814370,0.754399,True
Na2CrMoO3F3,0.823357,0.872774,True
Na2CrMoO3Cl3,0.821035,0.840686,True
Na2CrMoO3Br3,0.818008,0.800467,True
Na2CrMoO3I3,0.807805,0.676974,True
Na2CrMoS3Se3,0.825666,0.905810,True
Na2CrMoS3F3,0.836743,1.082019,False
Na2CrMoS3Cl3,0.833862,1.033133,False
Na2CrMoS3Br3,0.830126,0.973050,False
Na2CrMoS3I3,0.817697,0.796440,True
Na2CrMoSe3F3,0.831709,0.998060,False
Na2CrMoSe3Cl3,0.829045,0.956320,False
Na2CrMoSe3Br3,0.825583,0.904615,True
Na2CrMoSe3I3,0.814012,0.750000,True
Na2CrWO6,0.809715,0.677249,True
Na2CrWS6,0.832210,0.969697,False
Na2CrWSe6,0.823274,0.842105,True
Na2CrWO3S3,0.819852,0.797508,True
Na2CrWO3Se3,0.816075,0.750733,True
Na2CrWO3F3,0.825225,0.868533,True
Na2CrWO3Cl3,0.822861,0.836601,True
Na2CrWO3Br3,0.819778,0.796577,True
Na2CrWO3I3,0.809393,0.673684,True
Na2CrWS3Se3,0.827577,0.901408,True
Na2CrWS3F3,0.838861,1.076761,False
Na2CrWS3Cl3,0.835926,1.028112,False
Na2CrWS3Br3,0.832120,0.968322,False
Na2CrWS3I3,0.819462,0.792570,True
Na2CrWSe3F3,0.833732,0.993210,False
Na2CrWSe3Cl3,0.831019,0.951673,False
Na2CrWSe3Br3,0.827493,0.900220,True
Na2CrWSe3I3,0.815711,0.746356,True
Na2CrMnO6,0.789025,0.721230,True
Na2CrMnS6,0.806428,1.032670,False
Na2CrMnSe6,0.799538,0.896793,True
Na2CrMnO3S3,0.796891,0.849299,True
Na2CrMnO3Se3,0.793965,0.799487,True
Na2CrMnO3F3,0.801045,0.924936,True
Na2CrMnO3Cl3,0.799219,0.890931,True
Na2CrMnO3Br3,0.796834,0.848308,True
Na2CrMnO3I3,0.788774,0.717434,True
Na2CrMnS3Se3,0.802859,0.959947,False
Na2CrMnS3F3,0.811536,1.146688,False
Na2CrMnS3Cl3,0.809284,1.094880,False
Na2CrMnS3Br3,0.806359,1.031206,False
Na2CrMnS3I3,0.796590,0.844040,True
Na2CrMnSe3F3,0.807598,1.057711,False
Na2CrMnSe3Cl3,0.805511,1.013476,False
Na2CrMnSe3Br3,0.802795,0.958681,False
Na2CrMnSe3I3,0.793682,0.794825,True
Na2CrAgF6,0.767461,1.437352,False
Na2CrAgCl6,0.764937,1.299145,False
Na2CrAgBr6,0.761810,1.148253,False
Na2CrAgI6,0.752461,0.795812,True
Na2CrAgO3F3,0.759070,1.031383,False
Na2CrAgO3Cl3,0.758111,0.993464,False
Na2CrAgO3Br3,0.756857,0.945935,True
Na2CrAgO3I3,0.752593,0.800000,True
Na2CrAgS3F3,0.764537,1.278654,False
Na2CrAgS3Cl3,0.763368,1.220884,False
Na2CrAgS3Br3,0.761847,1.149882,False
Na2CrAgS3I3,0.756728,0.941176,True
Na2CrAgSe3F3,0.762492,1.179437,False
Na2CrAgSe3Cl3,0.761405,1.130112,False
Na2CrAgSe3Br3,0.759986,1.069011,False
Na2CrAgSe3I3,0.755194,0.886297,True
Na2CrAgF3Cl3,0.766172,1.364759,False
Na2CrAgF3Br3,0.764497,1.276640,False
Na2CrAgF3I3,0.758897,1.024431,False
Na2CrAgCl3Br3,0.763330,1.219048,False
Na2CrAgCl3I3,0.757945,0.987013,False
Na2CrAgBr3I3,0.756699,0.940085,True
Na2MoWO6,0.842609,0.611772,True
Na2MoWS6,0.873800,0.875947,True
Na2MoWSe6,0.861343,0.760691,True
Na2MoWO3S3,0.856595,0.720405,True
Na2MoWO3Se3,0.851370,0.678152,True
Na2MoWS3Se3,0.867329,0.814261,True
Na2MoFeO3F3,0.843411,0.828244,True
Na2MoFeO3Cl3,0.840623,0.797794,True
Na2MoFeO3Br3,0.836993,0.759627,True
Na2MoFeO3I3,0.824793,0.642434,True
Na2MoFeS3F3,0.859534,1.026814,False
Na2MoFeS3Cl3,0.856056,0.980422,False
Na2MoFeS3Br3,0.851553,0.923404,True
Na2MoFeS3I3,0.836621,0.755805,True
Na2MoFeSe3F3,0.853459,0.947139,True
Na2MoFeSe3Cl3,0.850251,0.907528,True
Na2MoFeSe3Br3,0.846086,0.858462,True
Na2MoFeSe3I3,0.832209,0.711735,True
Na2MoMnO6,0.820227,0.655754,True
Na2MoMnS6,0.845420,0.938920,True
Na2MoMnSe6,0.835395,0.815378,True
Na2MoMnO3S3,0.831561,0.772196,True
Na2MoMnO3Se3,0.827334,0.726906,True
Na2MoMnS3Se3,0.840219,0.872799,True
Na2MoBiO3F3,0.802636,0.921120,True
Na2MoBiO3Cl3,0.800775,0.887255,True
Na2MoBiO3Br3,0.798346,0.844807,True
Na2MoBiO3I3,0.790136,0.714474,True
Na2MoBiS3F3,0.813329,1.141956,False
Na2MoBiS3Cl3,0.811033,1.090361,False
Na2MoBiS3Br3,0.808051,1.026950,False
Na2MoBiS3I3,0.798097,0.840557,True
Na2MoBiSe3F3,0.809315,1.053346,False
Na2MoBiSe3Cl3,0.807188,1.009294,False
Na2MoBiSe3Br3,0.804419,0.954725,False
Na2MoBiSe3I3,0.795136,0.791545,True
Na2MoSbO3F3,0.848726,0.816794,True
Na2MoSbO3Cl3,0.845812,0.786765,True
Na2MoSbO3Br3,0.842018,0.749125,True
Na2MoSbO3I3,0.829277,0.633553,True
Na2MoSbS3F3,0.865596,1.012618,False
Na2MoSbS3Cl3,0.861956,0.966867,False
Na2MoSbS3Br3,0.857242,0.910638,True
Na2MoSbS3I3,0.841630,0.745356,True
Na2MoSbSe3F3,0.859238,0.934045,True
Na2MoSbSe3Cl3,0.855880,0.894981,True
Na2MoSbSe3Br3,0.851524,0.846593,True
Na2MoSbSe3I3,0.837021,0.701895,True
Na2MoAgO3F3,0.791799,0.947413,True
Na2MoAgO3Cl3,0.790171,0.912582,True
Na2MoAgO3Br3,0.788045,0.868923,True
Na2MoAgO3I3,0.780848,0.734868,True
Na2MoAgS3F3,0.801137,1.174553,False
Na2MoAgS3Cl3,0.799134,1.121486,False
Na2MoAgS3Br3,0.796532,1.056265,False
Na2MoAgS3I3,0.787827,0.864551,True
Na2MoAgSe3F3,0.797635,1.083414,False
Na2MoAgSe3Cl3,0.795777,1.038104,False
Na2MoAgSe3Br3,0.793358,0.981978,False
Na2MoAgSe3I3,0.785232,0.814140,True
Na2MoInO3F3,0.823357,0.872774,True
Na2MoInO3Cl3,0.821035,0.840686,True
Na2MoInO3Br3,0.818008,0.800467,True
Na2MoInO3I3,0.807805,0.676974,True
Na2MoInS3F3,0.836743,1.082019,False
Na2MoInS3Cl3,0.833862,1.033133,False
Na2MoInS3Br3,0.830126,0.973050,False
Na2MoInS3I3,0.817697,0.796440,True
Na2MoInSe3F3,0.831709,0.998060,False
Na2MoInSe3Cl3,0.829045,0.956320,False
Na2MoInSe3Br3,0.825583,0.904615,True
Na2MoInSe3I3,0.814012,0.750000,True
Na2MoGaO3F3,0.865701,0.781170,True
Na2MoGaO3Cl3,0.862374,0.752451,True
Na2MoGaO3Br3,0.858046,0.716453,True
Na2MoGaO3I3,0.843546,0.605921,True
Na2MoGaS3F3,0.885017,0.968454,False
Na2MoGaS3Cl3,0.880840,0.924699,True
Na2MoGaS3Br3,0.875440,0.870922,True
Na2MoGaS3I3,0.857603,0.712848,True
Na2MoGaSe3F3,0.877725,0.893307,True
Na2MoGaSe3Cl3,0.873881,0.855948,True
Na2MoGaSe3Br3,0.868898,0.809670,True
Na2MoGaSe3I3,0.852352,0.671283,True
Na2WFeO3F3,0.845372,0.824003,True
Na2WFeO3Cl3,0.842538,0.793709,True
Na2WFeO3Br3,0.838847,0.755737,True
Na2WFeO3I3,0.826448,0.639145,True
Na2WFeS3F3,0.861769,1.021556,False
Na2WFeS3Cl3,0.858232,0.975402,False
Na2WFeS3Br3,0.853651,0.918676,True
Na2WFeS3I3,0.838469,0.751935,True
Na2WFeSe3F3,0.855590,0.942289,True
Na2WFeSe3Cl3,0.852327,0.902881,True
Na2WFeSe3Br3,0.848092,0.854066,True
Na2WFeSe3I3,0.833985,0.708090,True
Na2WMnO6,0.821868,0.652447,True
Na2WMnS6,0.847490,0.934186,True
Na2WMnSe6,0.837291,0.811266,True
Na2WMnO3S3,0.833393,0.768302,True
Na2WMnO3Se3,0.829094,0.723240,True
Na2WMnS3Se3,0.842198,0.868398,True
Na2WBiO3F3,0.804412,0.916879,True
Na2WBiO3Cl3,0.802513,0.883170,True
Na2WBiO3Br3,0.800033,0.840918,True
Na2WBiO3I3,0.791655,0.711184,True
Na2WBiS3F3,0.815330,1.136698,False
Na2WBiS3Cl3,0.812986,1.085341,False
Na2WBiS3Br3,0.809941,1.022222,False
Na2WBiS3I3,0.799779,0.836687,True
Na2WBiSe3F3,0.811231,1.048497,False
Na2WBiSe3Cl3,0.809059,1.004647,False
Na2WBiSe3Br3,0.806232,0.950330,False
Na2WBiSe3I3,0.796756,0.787901,True
Na2WSbO3F3,0.850712,0.812553,True
Na2WSbO3Cl3,0.847750,0.782680,True
Na2WSbO3Br3,0.843895,0.745235,True
Na2WSbO3I3,0.830950,0.630263,True
Na2WSbS3F3,0.867863,1.007361,False
Na2WSbS3Cl3,0.864161,0.961847,False
Na2WSbS3Br3,0.859369,0.905910,True
Na2WSbS3I3,0.843500,0.741486,True
Na2WSbSe3F3,0.861398,0.929195,True
Na2WSbSe3Cl3,0.857984,0.890335,True
Na2WSbSe3Br3,0.853556,0.842198,True
Na2WSbSe3I3,0.838817,0.698251,True
Na2WAgO3F3,0.793528,0.943172,True
Na2WAgO3Cl3,0.791863,0.908497,True
Na2WAgO3Br3,0.789689,0.865033,True
Na2WAgO3I3,0.782331,0.731579,True
Na2WAgS3F3,0.803079,1.169295,False
Na2WAgS3Cl3,0.801030,1.116466,False
Na2WAgS3Br3,0.798367,1.051537,False
Na2WAgS3I3,0.789465,0.860681,True
Na2WAgSe3F3,0.799496,1.078565,False
Na2WAgSe3Cl3,0.797596,1.033457,False
Na2WAgSe3Br3,0.795122,0.977582,False
Na2WAgSe3I3,0.786813,0.810496,True
Na2WInO3F3,0.825225,0.868533,True
Na2WInO3Cl3,0.822861,0.836601,True
Na2WInO3Br3,0.819778,0.796577,True
Na2WInO3I3,0.809393,0.673684,True
Na2WInS3F3,0.838861,1.076761,False
Na2WInS3Cl3,0.835926,1.028112,False
Na2WInS3Br3,0.832120,0.968322,False
Na2WInS3I3,0.819462,0.792570,True
Na2WInSe3F3,0.833732,0.993210,False
Na2WInSe3Cl3,0.831019,0.951673,False
Na2WInSe3Br3,0.827493,0.900220,True
Na2WInSe3I3,0.815711,0.746356,True
Na2WGaO3F3,0.867767,0.776930,True
Na2WGaO3Cl3,0.864388,0.748366,True
Na2WGaO3Br3,0.859995,0.712563,True
Na2WGaO3I3,0.845277,0.602632,True
Na2WGaS3F3,0.887387,0.963197,False
Na2WGaS3Cl3,0.883144,0.919679,True
Na2WGaS3Br3,0.877658,0.866194,True
Na2WGaS3I3,0.859545,0.708978,True
Na2WGaSe3F3,0.879979,0.888458,True
Na2WGaSe3Cl3,0.876074,0.851301,True
Na2WGaSe3Br3,0.871014,0.805275,True
Na2WGaSe3I3,0.854215,0.667638,True
Na2FeMnO6,0.805270,0.686508,True
Na2FeMnS6,0.826646,0.982955,False
Na2FeMnSe6,0.818161,0.853618,True
Na2FeMnF6,0.839971,1.226950,False
Na2FeMnCl6,0.833913,1.108974,False
Na2FeMnBr6,0.826475,0.980170,False
Na2FeMnI6,0.804658,0.679319,True
Na2FeMnO3S3,0.814909,0.808411,True
Na2FeMnO3Se3,0.811318,0.760997,True
Na2FeMnO3F3,0.820014,0.880407,True
Na2FeMnO3Cl3,0.817768,0.848039,True
Na2FeMnO3Br3,0.814839,0.807468,True
Na2FeMnO3I3,0.804963,0.682895,True
Na2FeMnS3Se3,0.822247,0.913732,True
Na2FeMnS3F3,0.832957,1.091483,False
Na2FeMnS3Cl3,0.830173,1.042169,False
Na2FeMnS3Br3,0.826561,0.981560,False
Na2FeMnS3I3,0.814538,0.803406,True
Na2FeMnSe3F3,0.828091,1.006790,False
Na2FeMnSe3Cl3,0.825515,0.964684,False
Na2FeMnSe3Br3,0.822168,0.912527,True
Na2FeMnSe3I3,0.810972,0.756560,True
Na2FeMnF3Cl3,0.836871,1.164983,False
Na2FeMnF3Br3,0.832862,1.089764,False
Na2FeMnF3I3,0.819608,0.874473,True
Na2FeMnCl3Br3,0.830082,1.040602,False
Na2FeMnCl3I3,0.817378,0.842532,True
Na2FeMnBr3I3,0.814469,0.802474,True
Na2FeSbO3F3,0.830693,0.856234,True
Na2FeSbO3Cl3,0.828203,0.824755,True
Na2FeSbO3Br3,0.824958,0.785298,True
Na2FeSbO3I3,0.814032,0.664145,True
Na2FeSbS3F3,0.845066,1.061514,False
Na2FeSbS3Cl3,0.841970,1.013554,False
Na2FeSbS3Br3,0.837957,0.954610,False
Na2FeSbS3I3,0.824625,0.781347,True
Na2FeSbSe3F3,0.839657,0.979146,False
Na2FeSbSe3Cl3,0.836797,0.938197,True
Na2FeSbSe3Br3,0.833082,0.887473,True
Na2FeSbSe3I3,0.820677,0.735787,True
Na2FeCuF6,0.855639,1.186170,False
Na2FeCuCl6,0.848747,1.072115,False
Na2FeCuBr6,0.840300,0.947592,True
Na2FeCuI6,0.815624,0.656741,True
Na2FeCuF3Cl3,0.852111,1.126263,False
Na2FeCuF3Br3,0.847552,1.053543,False
Na2FeCuF3I3,0.832517,0.845409,True
Na2FeCuCl3Br3,0.844394,1.006015,False
Na2FeCuCl3I3,0.829992,0.814529,True
Na2FeCuBr3I3,0.826702,0.775802,True
Na2FeAgF6,0.787512,1.375296,False
Na2FeAgCl6,0.784065,1.243056,False
Na2FeAgBr6,0.779806,1.098678,False
Na2FeAgI6,0.767138,0.761453,True
Na2FeAgF3Cl3,0.785751,1.305836,False
Na2FeAgF3Br3,0.783465,1.221522,False
Na2FeAgF3I3,0.775847,0.980202,False
Na2FeAgCl3Br3,0.781875,1.166416,False
Na2FeAgCl3I3,0.774556,0.944399,True
Na2FeAgBr3I3,0.772867,0.899497,True
Na2FeZnF6,0.839303,1.228723,False
Na2FeZnCl6,0.833280,1.110577,False
Na2FeZnBr6,0.825885,0.981586,False
Na2FeZnI6,0.804188,0.680301,True
Na2FeZnF3Cl3,0.836221,1.166667,False
Na2FeZnF3Br3,0.832235,1.091339,False
Na2FeZnF3I3,0.819056,0.875737,True
Na2FeZnCl3Br3,0.829471,1.042105,False
Na2FeZnCl3I3,0.816838,0.843750,True
Na2FeZnBr3I3,0.813946,0.803634,True
Na2MnBiO6,0.772114,0.758929,True
Na2MnBiS6,0.785567,1.086648,False
Na2MnBiSe6,0.780256,0.943668,True
Na2MnBiO3S3,0.778210,0.893692,True
Na2MnBiO3Se3,0.775945,0.841276,True
Na2MnBiO3F3,0.781419,0.973282,False
Na2MnBiO3Cl3,0.780009,0.937500,True
Na2MnBiO3Br3,0.778166,0.892649,True
Na2MnBiO3I3,0.771919,0.754934,True
Na2MnBiS3Se3,0.782818,1.010123,False
Na2MnBiS3F3,0.789493,1.206625,False
Na2MnBiS3Cl3,0.787763,1.152108,False
Na2MnBiS3Br3,0.785514,1.085106,False
Na2MnBiS3I3,0.777977,0.888158,True
Na2MnBiSe3F3,0.786468,1.112997,False
Na2MnBiSe3Cl3,0.784861,1.066450,False
Na2MnBiSe3Br3,0.782769,1.008791,False
Na2MnBiSe3I3,0.775727,0.836370,True
Na2MnSbO6,0.809556,0.677579,True
Na2MnSbS6,0.832010,0.970170,False
Na2MnSbSe6,0.823091,0.842516,True
Na2MnSbF6,0.846033,1.210993,False
Na2MnSbCl6,0.839655,1.094551,False
Na2MnSbBr6,0.831830,0.967422,False
Na2MnSbI6,0.808914,0.670484,True
Na2MnSbO3S3,0.819674,0.797897,True
Na2MnSbO3Se3,0.815904,0.751100,True
Na2MnSbO3F3,0.825038,0.868957,True
Na2MnSbO3Cl3,0.822678,0.837010,True
Na2MnSbO3Br3,0.819601,0.796966,True
Na2MnSbO3I3,0.809234,0.674013,True
Na2MnSbS3Se3,0.827385,0.901849,True
Na2MnSbS3F3,0.838649,1.077287,False
Na2MnSbS3Cl3,0.835719,1.028614,False
Na2MnSbS3Br3,0.831920,0.968794,False
Na2MnSbS3I3,0.819285,0.792957,True
Na2MnSbSe3F3,0.833529,0.993695,False
Na2MnSbSe3Cl3,0.830821,0.952138,False
Na2MnSbSe3Br3,0.827302,0.900659,True
Na2MnSbSe3I3,0.815541,0.746720,True
Na2MnSbF3Cl3,0.842769,1.149832,False
Na2MnSbF3Br3,0.838549,1.075591,False
Na2MnSbF3I3,0.824612,0.863100,True
Na2MnSbCl3Br3,0.835624,1.027068,False
Na2MnSbCl3I3,0.822268,0.831575,True
Na2MnSbBr3I3,0.819213,0.792037,True
Na2MnCuF6,0.848756,1.203901,False
Na2MnCuCl6,0.842233,1.088141,False
Na2MnCuBr6,0.834233,0.961756,False
Na2MnCuI6,0.810819,0.666558,True
Na2MnCuF3Cl3,0.845418,1.143098,False
Na2MnCuF3Br3,0.841102,1.069291,False
Na2MnCuF3I3,0.826855,0.858045,True
Na2MnCuCl3Br3,0.838111,1.021053,False
Na2MnCuCl3I3,0.824460,0.826705,True
Na2MnCuBr3I3,0.821339,0.787399,True
Na2MnZnF6,0.832678,1.246454,False
Na2MnZnCl6,0.827001,1.126603,False
Na2MnZnBr6,0.820023,0.995751,False
Na2MnZnI6,0.799517,0.690118,True
Na2MnZnF3Cl3,0.829774,1.183502,False
Na2MnZnF3Br3,0.826015,1.107087,False
Na2MnZnF3I3,0.813575,0.888374,True
Na2MnZnCl3Br3,0.823407,1.057143,False
Na2MnZnCl3I3,0.811480,0.855925,True
Na2MnZnBr3I3,0.808746,0.815230,True
Na2MnInO6,0.789025,0.721230,True
Na2MnInS6,0.806428,1.032670,False
Na2MnInSe6,0.799538,0.896793,True
Na2MnInO3S3,0.796891,0.849299,True
Na2MnInO3Se3,0.793965,0.799487,True
Na2MnInO3F3,0.801045,0.924936,True
Na2MnInO3Cl3,0.799219,0.890931,True
Na2MnInO3Br3,0.796834,0.848308,True
Na2MnInO3I3,0.788774,0.717434,True
Na2MnInS3Se3,0.802859,0.959947,False
Na2MnInS3F3,0.811536,1.146688,False
Na2MnInS3Cl3,0.809284,1.094880,False
Na2MnInS3Br3,0.806359,1.031206,False
Na2MnInS3I3,0.796590,0.844040,True
Na2MnInSe3F3,0.807598,1.057711,False
Na2MnInSe3Cl3,0.805511,1.013476,False
Na2MnInSe3Br3,0.802795,0.958681,False
Na2MnInSe3I3,0.793682,0.794825,True
Na2MnGaO6,0.823186,0.649802,True
Na2MnGaS6,0.849153,0.930398,True
Na2MnGaSe6,0.838815,0.807977,True
Na2MnGaO3S3,0.834863,0.765187,True
Na2MnGaO3Se3,0.830508,0.720308,True
Na2MnGaO3F3,0.841069,0.833333,True
Na2MnGaO3Cl3,0.838337,0.802696,True
Na2MnGaO3Br3,0.834779,0.764294,True
Na2MnGaO3I3,0.822815,0.646382,True
Na2MnGaS3Se3,0.843789,0.864877,True
Na2MnGaS3F3,0.856866,1.033123,False
Na2MnGaS3Cl3,0.853460,0.986446,False
Na2MnGaS3Br3,0.849048,0.929078,True
Na2MnGaS3I3,0.834414,0.760449,True
Na2MnGaSe3F3,0.850916,0.952958,False
Na2MnGaSe3Cl3,0.847772,0.913104,True
Na2MnGaSe3Br3,0.843692,0.863736,True
Na2MnGaSe3I3,0.830088,0.716108,True
Na2BiAgF6,0.746817,1.504728,False
Na2BiAgCl6,0.745199,1.360043,False
Na2BiAgBr6,0.743190,1.202077,False
Na2BiAgI6,0.737148,0.833115,False
Na2BiAgF3Cl3,0.745991,1.428732,False
Na2BiAgF3Br3,0.744917,1.336483,False
Na2BiAgF3I3,0.741312,1.072452,False
Na2BiAgCl3Br3,0.744167,1.276190,False
Na2BiAgCl3I3,0.740698,1.033279,False
Na2BiAgBr3I3,0.739893,0.984152,False
Na2SbCuO3F3,0.838161,0.839695,True
Na2SbCuO3Cl3,0.835497,0.808824,True
Na2SbCuO3Br3,0.832027,0.770128,True
Na2SbCuO3I3,0.820357,0.651316,True
Na2SbCuS3F3,0.853555,1.041009,False
Na2SbCuS3Cl3,0.850237,0.993976,False
Na2SbCuS3Br3,0.845938,0.936170,True
Na2SbCuS3I3,0.831672,0.766254,True
Na2SbCuSe3F3,0.847758,0.960233,False
Na2SbCuSe3Cl3,0.844695,0.920074,True
Na2SbCuSe3Br3,0.840718,0.870330,True
Na2SbCuSe3I3,0.827453,0.721574,True
Na2SbAgF6,0.792838,1.359338,False
Na2SbAgCl6,0.789139,1.228632,False
Na2SbAgBr6,0.784572,1.085930,False
Na2SbAgI6,0.771005,0.752618,True
Na2SbAgO3S3,0.777411,0.895639,True
Na2SbAgO3Se3,0.775174,0.843109,True
Na2SbAgS3Se3,0.781962,1.012324,False
Na2SbAgF3Cl3,0.790948,1.290685,False
Na2SbAgF3Br3,0.788496,1.207349,False
Na2SbAgF3I3,0.780329,0.968829,False
Na2SbAgCl3Br3,0.786790,1.152882,False
Na2SbAgCl3I3,0.778946,0.933442,True
Na2SbAgBr3I3,0.777137,0.889061,True
Na2SbZnO3F3,0.824477,0.870229,True
Na2SbZnO3Cl3,0.822129,0.838235,True
Na2SbZnO3Br3,0.819069,0.798133,True
Na2SbZnO3I3,0.808757,0.675000,True
Na2SbZnS3F3,0.838013,1.078864,False
Na2SbZnS3Cl3,0.835099,1.030120,False
Na2SbZnS3Br3,0.831321,0.970213,False
Na2SbZnS3I3,0.818755,0.794118,True
Na2SbZnSe3F3,0.832922,0.995150,False
Na2SbZnSe3Cl3,0.830228,0.953532,False
Na2SbZnSe3Br3,0.826728,0.901978,True
Na2SbZnSe3I3,0.815031,0.747813,True
Na2CuZnF6,0.848073,1.205674,False
Na2CuZnCl6,0.841587,1.089744,False
Na2CuZnBr6,0.833631,0.963173,False
Na2CuZnI6,0.810342,0.667539,True
Na2CuZnF3Cl3,0.844754,1.144781,False
Na2CuZnF3Br3,0.840462,1.070866,False
Na2CuZnF3I3,0.826293,0.859309,True
Na2CuZnCl3Br3,0.837488,1.022556,False
Na2CuZnCl3I3,0.823911,0.827922,True
Na2CuZnBr3I3,0.820806,0.788558,True
Na2AgInF6,0.767461,1.437352,False
Na2AgInCl6,0.764937,1.299145,False
Na2AgInBr6,0.761810,1.148253,False
Na2AgInI6,0.752461,0.795812,True
Na2AgInF3Cl3,0.766172,1.364759,False
Na2AgInF3Br3,0.764497,1.276640,False
Na2AgInF3I3,0.758897,1.024431,False
Na2AgInCl3Br3,0.763330,1.219048,False
Na2AgInCl3I3,0.757945,0.987013,False
Na2AgInBr3I3,0.756699,0.940085,True
Na2AgGaF6,0.809880,1.309693,False
Na2AgGaCl6,0.805354,1.183761,False
Na2AgGaBr6,0.799778,1.046270,False
Na2AgGaI6,0.783290,0.725131,True
Na2AgGaF3Cl3,0.807566,1.243547,False
Na2AgGaF3Br3,0.804568,1.163255,False
Na2AgGaF3I3,0.794609,0.933446,True
Na2AgGaCl3Br3,0.802485,1.110777,False
Na2AgGaCl3I3,0.792927,0.899351,True
Na2AgGaBr3I3,0.790729,0.856591,True
Li2SnGeF6,0.754091,1.134752,False
Li2SnGeCl6,0.751860,1.025641,False
Li2SnGeBr6,0.749134,0.906516,False
Li2SnGeI6,0.741212,0.628272,False
Li2SnGeO3S3,0.744920,0.747664,False
Li2SnGeO3Se3,0.743618,0.703812,False
Li2SnGeS3Se3,0.747590,0.845070,False
Li2SnGeF3Cl3,0.752948,1.077441,False
Li2SnGeF3Br3,0.751474,1.007874,False
Li2SnGeF3I3,0.746628,0.808762,False
Li2SnGeCl3Br3,0.750454,0.962406,False
Li2SnGeCl3I3,0.745817,0.779221,False
Li2SnGeBr3I3,0.744761,0.742172,False
Li2SnVO3F3,0.745208,0.818066,False
Li2SnVO3Cl3,0.744425,0.787990,False
Li2SnVO3Br3,0.743405,0.750292,False
Li2SnVO3I3,0.739979,0.634539,False
Li2SnVS3F3,0.749744,1.014196,False
Li2SnVS3Cl3,0.748765,0.968373,False
Li2SnVS3Br3,0.747498,0.912057,False
Li2SnVS3I3,0.743300,0.746517,False
Li2SnVSe3F3,0.748034,0.935500,False
Li2SnVSe3Cl3,0.747132,0.896375,False
Li2SnVSe3Br3,0.745961,0.847912,False
Li2SnVSe3I3,0.742061,0.702988,False
Li2SnNbO3F3,0.736447,0.839695,False
Li2SnNbO3Cl3,0.735851,0.808824,False
Li2SnNbO3Br3,0.735074,0.770128,False
Li2SnNbO3I3,0.732461,0.651316,False
Li2SnNbS3F3,0.739894,1.041009,False
Li2SnNbS3Cl3,0.739151,0.993976,False
Li2SnNbS3Br3,0.738188,0.936170,False
Li2SnNbS3I3,0.734994,0.766254,False
Li2SnNbSe3F3,0.738596,0.960233,False
Li2SnNbSe3Cl3,0.737910,0.920074,False
Li2SnNbSe3Br3,0.737020,0.870330,False
Li2SnNbSe3I3,0.734050,0.721574,False
Li2SnTaO3F3,0.736447,0.839695,False
Li2SnTaO3Cl3,0.735851,0.808824,False
Li2SnTaO3Br3,0.735074,0.770128,False
Li2SnTaO3I3,0.732461,0.651316,False
Li2SnTaS3F3,0.739894,1.041009,False
Li2SnTaS3Cl3,0.739151,0.993976,False
Li2SnTaS3Br3,0.738188,0.936170,False
Li2SnTaS3I3,0.734994,0.766254,False
Li2SnTaSe3F3,0.738596,0.960233,False
Li2SnTaSe3Cl3,0.737910,0.920074,False
Li2SnTaSe3Br3,0.737020,0.870330,False
Li2SnTaSe3I3,0.734050,0.721574,False
Li2SnCrO6,0.712052,0.702381,False
Li2SnCrS6,0.713116,1.005682,False
Li2SnCrSe6,0.712694,0.873355,False
Li2SnCrO3S3,0.712532,0.827103,False
Li2SnCrO3Se3,0.712353,0.778592,False
Li2SnCrO3F3,0.712786,0.900763,False
Li2SnCrO3Cl3,0.712675,0.867647,False
Li2SnCrO3Br3,0.712529,0.826138,False
Li2SnCrO3I3,0.712036,0.698684,False
Li2SnCrS3Se3,0.712897,0.934859,False
Li2SnCrS3F3,0.713430,1.116719,False
Li2SnCrS3Cl3,0.713291,1.066265,False
Li2SnCrS3Br3,0.713112,1.004255,False
Li2SnCrS3I3,0.712514,0.821981,False
Li2SnCrSe3F3,0.713188,1.030068,False
Li2SnCrSe3Cl3,0.713060,0.986989,False
Li2SnCrSe3Br3,0.712894,0.933626,False
Li2SnCrSe3I3,0.712336,0.774052,False
Li2SnMoO6,0.740534,0.636905,False
Li2SnMoS6,0.748083,0.911932,False
Li2SnMoSe6,0.745074,0.791941,False
Li2SnMoO3S3,0.743925,0.750000,False
Li2SnMoO3Se3,0.742660,0.706012,False
Li2SnMoS3Se3,0.746521,0.847711,False
Li2SnWO6,0.742033,0.633598,False
Li2SnWS6,0.749940,0.907197,False
Li2SnWSe6,0.746788,0.787829,False
Li2SnWO3S3,0.745584,0.746106,False
Li2SnWO3Se3,0.744259,0.702346,False
Li2SnWS3Se3,0.748304,0.843310,False
Li2SnFeF6,0.733973,1.193262,False
Li2SnFeCl6,0.732731,1.078526,False
Li2SnFeBr6,0.731207,0.953258,False
Li2SnFeI6,0.726753,0.660668,False
Li2SnFeO3S3,0.728843,0.786215,False
Li2SnFeO3Se3,0.728110,0.740103,False
Li2SnFeO3F3,0.729885,0.856234,False
Li2SnFeO3Cl3,0.729426,0.824755,False
Li2SnFeO3Br3,0.728828,0.785298,False
Li2SnFeO3I3,0.726815,0.664145,False
Li2SnFeS3Se3,0.730342,0.888644,False
Li2SnFeS3F3,0.732534,1.061514,False
Li2SnFeS3Cl3,0.731964,1.013554,False
Li2SnFeS3Br3,0.731224,0.954610,False
Li2SnFeS3I3,0.728767,0.781347,False
Li2SnFeSe3F3,0.731538,0.979146,False
Li2SnFeSe3Cl3,0.731010,0.938197,False
Li2SnFeSe3Br3,0.730326,0.887473,False
Li2SnFeSe3I3,0.728039,0.735787,False
Li2SnFeF3Cl3,0.733337,1.132997,False
Li2SnFeF3Br3,0.732515,1.059843,False
Li2SnFeF3I3,0.729802,0.850463,False
Li2SnFeCl3Br3,0.731945,1.012030,False
Li2SnFeCl3I3,0.729347,0.819399,False
Li2SnFeBr3I3,0.728753,0.780441,False
Li2SnMnF6,0.728087,1.210993,False
Li2SnMnCl6,0.727124,1.094551,False
Li2SnMnBr6,0.725943,0.967422,False
Li2SnMnI6,0.722482,0.670484,False
Li2SnMnO3S3,0.724107,0.797897,False
Li2SnMnO3Se3,0.723537,0.751100,False
Li2SnMnS3Se3,0.725271,0.901849,False
Li2SnMnF3Cl3,0.727595,1.149832,False
Li2SnMnF3Br3,0.726957,1.075591,False
Li2SnMnF3I3,0.724852,0.863100,False
Li2SnMnCl3Br3,0.726515,1.027068,False
Li2SnMnCl3I3,0.724499,0.831575,False
Li2SnMnBr3I3,0.724037,0.792037,False
Li2SnBiO3F3,0.695106,0.949109,False
Li2SnBiO3Cl3,0.695337,0.914216,False
Li2SnBiO3Br3,0.695638,0.870478,False
Li2SnBiO3I3,0.696657,0.736184,False
Li2SnBiS3F3,0.693784,1.176656,False
Li2SnBiS3Cl3,0.694068,1.123494,False
Li2SnBiS3Br3,0.694436,1.058156,False
Li2SnBiS3I3,0.695669,0.866099,False
Li2SnBiSe3F3,0.694280,1.085354,False
Li2SnBiSe3Cl3,0.694543,1.039963,False
Li2SnBiSe3Br3,0.694886,0.983736,False
Li2SnBiSe3I3,0.696036,0.815598,False
Li2SnSbO3F3,0.734416,0.844784,False
Li2SnSbO3Cl3,0.733862,0.813725,False
Li2SnSbO3Br3,0.733141,0.774796,False
Li2SnSbO3I3,0.730714,0.655263,False
Li2SnSbS3F3,0.737614,1.047319,False
Li2SnSbS3Cl3,0.736925,1.000000,False
Li2SnSbS3Br3,0.736032,0.941844,False
Li2SnSbS3I3,0.733067,0.770898,False
Li2SnSbSe3F3,0.736410,0.966052,False
Li2SnSbSe3Cl3,0.735773,0.925651,False
Li2SnSbSe3Br3,0.734947,0.875604,False
Li2SnSbSe3I3,0.732190,0.725948,False
Li2SnCuF6,0.741769,1.170213,False
Li2SnCuCl6,0.740149,1.057692,False
Li2SnCuBr6,0.738166,0.934844,False
Li2SnCuI6,0.732381,0.647906,False
Li2SnCuO3S3,0.735093,0.771028,False
Li2SnCuO3Se3,0.734141,0.725806,False
Li2SnCuS3Se3,0.737041,0.871479,False
Li2SnCuF3Cl3,0.740940,1.111111,False
Li2SnCuF3Br3,0.739868,1.039370,False
Li2SnCuF3I3,0.736339,0.834035,False
Li2SnCuCl3Br3,0.739127,0.992481,False
Li2SnCuCl3I3,0.735747,0.803571,False
Li2SnCuBr3I3,0.734976,0.765365,False
Li2SnZnF6,0.727504,1.212766,False
Li2SnZnCl6,0.726568,1.096154,False
Li2SnZnBr6,0.725420,0.968839,False
Li2SnZnI6,0.722057,0.671466,False
Li2SnZnO3S3,0.723637,0.799065,False
Li2SnZnO3Se3,0.723083,0.752199,False
Li2SnZnS3Se3,0.724768,0.903169,False
Li2SnZnF3Cl3,0.727025,1.151515,False
Li2SnZnF3Br3,0.726406,1.077165,False
Li2SnZnF3I3,0.724361,0.864364,False
Li2SnZnCl3Br3,0.725977,1.028571,False
Li2SnZnCl3I3,0.724017,0.832792,False
Li2SnZnBr3I3,0.723569,0.793197,False
Li2SnInO3F3,0.712786,0.900763,False
Li2SnInO3Cl3,0.712675,0.867647,False
Li2SnInO3Br3,0.712529,0.826138,False
Li2SnInO3I3,0.712036,0.698684,False
Li2SnInS3F3,0.713430,1.116719,False
Li2SnInS3Cl3,0.713291,1.066265,False
Li2SnInS3Br3,0.713112,1.004255,False
Li2SnInS3I3,0.712514,0.821981,False
Li2SnInSe3F3,0.713188,1.030068,False
Li2SnInSe3Cl3,0.713060,0.986989,False
Li2SnInSe3Br3,0.712894,0.933626,False
Li2SnInSe3I3,0.712336,0.774052,False
Li2SnGaO3F3,0.748877,0.809160,False
Li2SnGaO3Cl3,0.748014,0.779412,False
Li2SnGaO3Br3,0.746890,0.742124,False
Li2SnGaO3I3,0.743119,0.627632,False
Li2SnGaS3F3,0.753876,1.003155,False
Li2SnGaS3Cl3,0.752797,0.957831,False
Li2SnGaS3Br3,0.751400,0.902128,True
Li2SnGaS3I3,0.746775,0.738390,False
Li2SnGaSe3F3,0.751991,0.925315,True
Li2SnGaSe3Cl3,0.750996,0.886617,True
Li2SnGaSe3Br3,0.749706,0.838681,False
Li2SnGaSe3I3,0.745411,0.695335,False
Li2GeVO3F3,0.757938,0.787532,True
Li2GeVO3Cl3,0.756875,0.758578,True
Li2GeVO3Br3,0.755493,0.722287,True
Li2GeVO3I3,0.750859,0.610855,True
Li2GeVS3F3,0.764104,0.976341,False
Li2GeVS3Cl3,0.762771,0.932229,True
Li2GeVS3Br3,0.761048,0.878014,True
Li2GeVS3I3,0.755351,0.718653,True
Li2GeVSe3F3,0.761777,0.900582,True
Li2GeVSe3Cl3,0.760550,0.862918,True
Li2GeVSe3Br3,0.758959,0.816264,True
Li2GeVSe3I3,0.753673,0.676749,True
Li2GeNbO3F3,0.748877,0.809160,False
Li2GeNbO3Cl3,0.748014,0.779412,False
Li2GeNbO3Br3,0.746890,0.742124,False
Li2GeNbO3I3,0.743119,0.627632,False
Li2GeNbS3F3,0.753876,1.003155,False
Li2GeNbS3Cl3,0.752797,0.957831,False
Li2GeNbS3Br3,0.751400,0.902128,True
Li2GeNbS3I3,0.746775,0.738390,False
Li2GeNbSe3F3,0.751991,0.925315,True
Li2GeNbSe3Cl3,0.750996,0.886617,True
Li2GeNbSe3Br3,0.749706,0.838681,False
Li2GeNbSe3I3,0.745411,0.695335,False
Li2GeTaO3F3,0.748877,0.809160,False
Li2GeTaO3Cl3,0.748014,0.779412,False
Li2GeTaO3Br3,0.746890,0.742124,False
Li2GeTaO3I3,0.743119,0.627632,False
Li2GeTaS3F3,0.753876,1.003155,False
Li2GeTaS3Cl3,0.752797,0.957831,False
Li2GeTaS3Br3,0.751400,0.902128,True
Li2GeTaS3I3,0.746775,0.738390,False
Li2GeTaSe3F3,0.751991,0.925315,True
Li2GeTaSe3Cl3,0.750996,0.886617,True
Li2GeTaSe3Br3,0.749706,0.838681,False
Li2GeTaSe3I3,0.745411,0.695335,False
Li2GeCrO6,0.722152,0.678571,False
Li2GeCrS6,0.725447,0.971591,False
Li2GeCrSe6,0.724138,0.843750,False
Li2GeCrO3S3,0.723637,0.799065,False
Li2GeCrO3Se3,0.723083,0.752199,False
Li2GeCrO3F3,0.724424,0.870229,False
Li2GeCrO3Cl3,0.724077,0.838235,False
Li2GeCrO3Br3,0.723626,0.798133,False
Li2GeCrO3I3,0.722104,0.675000,False
Li2GeCrS3Se3,0.724768,0.903169,False
Li2GeCrS3F3,0.726421,1.078864,False
Li2GeCrS3Cl3,0.725991,1.030120,False
Li2GeCrS3Br3,0.725434,0.970213,False
Li2GeCrS3I3,0.723580,0.794118,False
Li2GeCrSe3F3,0.725670,0.995150,False
Li2GeCrSe3Cl3,0.725272,0.953532,False
Li2GeCrSe3Br3,0.724756,0.901978,False
Li2GeCrSe3I3,0.723030,0.747813,False
Li2GeMoO6,0.751464,0.613095,True
Li2GeMoS6,0.761664,0.877841,True
Li2GeMoSe6,0.757591,0.762336,True
Li2GeMoO3S3,0.756038,0.721963,True
Li2GeMoO3Se3,0.754330,0.679619,True
Li2GeMoS3Se3,0.759549,0.816021,True
Li2GeWO6,0.753008,0.609788,True
Li2GeWS6,0.763590,0.873106,True
Li2GeWSe6,0.759363,0.758224,True
Li2GeWO3S3,0.757752,0.718069,True
Li2GeWO3Se3,0.755979,0.675953,True
Li2GeWS3Se3,0.761394,0.811620,True
Li2GeFeF6,0.748496,1.150709,False
Li2GeFeCl6,0.746545,1.040064,False
Li2GeFeBr6,0.744158,0.919263,False
Li2GeFeI6,0.737211,0.637107,False
Li2GeFeO3S3,0.740465,0.758178,False
Li2GeFeO3Se3,0.739324,0.713710,False
Li2GeFeO3F3,0.742093,0.825700,False
Li2GeFeO3Cl3,0.741376,0.795343,False
Li2GeFeO3Br3,0.740443,0.757293,False
Li2GeFeO3I3,0.737308,0.640461,False
Li2GeFeS3Se3,0.742806,0.856954,False
Li2GeFeS3F3,0.746237,1.023659,False
Li2GeFeS3Cl3,0.745343,0.977410,False
Li2GeFeS3Br3,0.744185,0.920567,False
Li2GeFeS3I3,0.740348,0.753483,False
Li2GeFeSe3F3,0.744676,0.944229,False
Li2GeFeSe3Cl3,0.743851,0.904740,False
Li2GeFeSe3Br3,0.742780,0.855824,False
Li2GeFeSe3I3,0.739214,0.709548,False
Li2GeFeF3Cl3,0.747497,1.092593,False
Li2GeFeF3Br3,0.746207,1.022047,False
Li2GeFeF3I3,0.741963,0.820135,False
Li2GeFeCl3Br3,0.745314,0.975940,False
Li2GeFeCl3I3,0.741252,0.790179,False
Li2GeFeBr3I3,0.740326,0.752609,False
Li2GeMnF6,0.742375,1.168440,False
Li2GeMnCl6,0.740726,1.056090,False
Li2GeMnBr6,0.738706,0.933428,False
Li2GeMnI6,0.732817,0.646924,False
Li2GeMnO3S3,0.735578,0.769860,False
Li2GeMnO3Se3,0.734610,0.724707,False
Li2GeMnS3Se3,0.737561,0.870158,False
Li2GeMnF3Cl3,0.741531,1.109428,False
Li2GeMnF3Br3,0.740440,1.037795,False
Li2GeMnF3I3,0.736847,0.832772,False
Li2GeMnCl3Br3,0.739685,0.990977,False
Li2GeMnCl3I3,0.736244,0.802354,False
Li2GeMnBr3I3,0.735459,0.764206,False
Li2GeBiO3F3,0.706169,0.918575,False
Li2GeBiO3Cl3,0.706187,0.884804,False
Li2GeBiO3Br3,0.706211,0.842474,False
Li2GeBiO3I3,0.706292,0.712500,False
Li2GeBiS3F3,0.706064,1.138801,False
Li2GeBiS3Cl3,0.706086,1.087349,False
Li2GeBiS3Br3,0.706116,1.024113,False
Li2GeBiS3I3,0.706214,0.838235,False
Li2GeBiSe3F3,0.706103,1.050436,False
Li2GeBiSe3Cl3,0.706124,1.006506,False
Li2GeBiSe3Br3,0.706151,0.952088,False
Li2GeBiSe3I3,0.706243,0.789359,False
Li2GeSbO3F3,0.746776,0.814249,False
Li2GeSbO3Cl3,0.745959,0.784314,False
Li2GeSbO3Br3,0.744895,0.746791,False
Li2GeSbO3I3,0.741322,0.631579,False
Li2GeSbS3F3,0.751509,1.009464,False
Li2GeSbS3Cl3,0.750488,0.963855,False
Li2GeSbS3Br3,0.749165,0.907801,False
Li2GeSbS3I3,0.744786,0.743034,False
Li2GeSbSe3F3,0.749725,0.931135,False
Li2GeSbSe3Cl3,0.748783,0.892193,False
Li2GeSbSe3Br3,0.747561,0.843956,False
Li2GeSbSe3I3,0.743493,0.699708,False
Li2GeCuF6,0.756604,1.127660,False
Li2GeCuCl6,0.754247,1.019231,False
Li2GeCuBr6,0.751367,0.900850,True
Li2GeCuI6,0.743003,0.624346,False
Li2GeCuO3S3,0.746917,0.742991,False
Li2GeCuO3Se3,0.745543,0.699413,False
Li2GeCuS3Se3,0.749736,0.839789,False
Li2GeCuF3Cl3,0.755397,1.070707,False
Li2GeCuF3Br3,0.753839,1.001575,False
Li2GeCuF3I3,0.748721,0.803707,False
Li2GeCuCl3Br3,0.752762,0.956391,False
Li2GeCuCl3I3,0.747864,0.774351,False
Li2GeCuBr3I3,0.746749,0.737534,False
Li2GeZnF6,0.741769,1.170213,False
Li2GeZnCl6,0.740149,1.057692,False
Li2GeZnBr6,0.738166,0.934844,False
Li2GeZnI6,0.732381,0.647906,False
Li2GeZnO3S3,0.735093,0.771028,False
Li2GeZnO3Se3,0.734141,0.725806,False
Li2GeZnS3Se3,0.737041,0.871479,False
Li2GeZnF3Cl3,0.740940,1.111111,False
Li2GeZnF3Br3,0.739868,1.039370,False
Li2GeZnF3I3,0.736339,0.834035,False
Li2GeZnCl3Br3,0.739127,0.992481,False
Li2GeZnCl3I3,0.735747,0.803571,False
Li2GeZnBr3I3,0.734976,0.765365,False
Li2GeInO3F3,0.724424,0.870229,False
Li2GeInO3Cl3,0.724077,0.838235,False
Li2GeInO3Br3,0.723626,0.798133,False
Li2GeInO3I3,0.722104,0.675000,False
Li2GeInS3F3,0.726421,1.078864,False
Li2GeInS3Cl3,0.725991,1.030120,False
Li2GeInS3Br3,0.725434,0.970213,False
Li2GeInS3I3,0.723580,0.794118,False
Li2GeInSe3F3,0.725670,0.995150,False
Li2GeInSe3Cl3,0.725272,0.953532,False
Li2GeInSe3Br3,0.724756,0.901978,False
Li2GeInSe3I3,0.723030,0.747813,False
Li2GeGaO3F3,0.761733,0.778626,True
Li2GeGaO3Cl3,0.760585,0.750000,True
Li2GeGaO3Br3,0.759093,0.714119,True
Li2GeGaO3I3,0.754093,0.603947,True
Li2GeGaS3F3,0.768397,0.965300,False
Li2GeGaS3Cl3,0.766956,0.921687,True
Li2GeGaS3Br3,0.765093,0.868085,True
Li2GeGaS3I3,0.758940,0.710526,True
Li2GeGaSe3F3,0.765881,0.890398,True
Li2GeGaSe3Cl3,0.764555,0.853160,True
Li2GeGaSe3Br3,0.762836,0.807033,True
Li2GeGaSe3I3,0.757129,0.669096,True
Li2TiCrO6,0.708473,0.710979,False
Li2TiCrS6,0.708766,1.017992,False
Li2TiCrSe6,0.708650,0.884046,False
Li2TiCrO3S3,0.708606,0.837227,False
Li2TiCrO3Se3,0.708556,0.788123,False
Li2TiCrO3F3,0.708675,0.911790,False
Li2TiCrO3Cl3,0.708645,0.878268,False
Li2TiCrO3Br3,0.708605,0.836250,False
Li2TiCrO3I3,0.708469,0.707237,False
Li2TiCrS3Se3,0.708706,0.946303,False
Li2TiCrS3F3,0.708852,1.130389,False
Li2TiCrS3Cl3,0.708814,1.079317,False
Li2TiCrS3Br3,0.708765,1.016548,False
Li2TiCrS3I3,0.708600,0.832043,False
Li2TiCrSe3F3,0.708786,1.042677,False
Li2TiCrSe3Cl3,0.708750,0.999071,False
Li2TiCrSe3Br3,0.708705,0.945055,False
Li2TiCrSe3I3,0.708552,0.783528,False
Li2TiMoO6,0.736664,0.645503,False
Li2TiMoS6,0.743297,0.924242,False
Li2TiMoSe6,0.740656,0.802632,False
Li2TiMoO3S3,0.739646,0.760125,False
Li2TiMoO3Se3,0.738534,0.715543,False
Li2TiMoS3Se3,0.741926,0.859155,False
Li2TiWO6,0.738148,0.642196,False
Li2TiWS6,0.745131,0.919508,False
Li2TiWSe6,0.742349,0.798520,False
Li2TiWO3S3,0.741286,0.756231,False
Li2TiWO3Se3,0.740115,0.711877,False
Li2TiWS3Se3,0.743687,0.854754,False
Li2TiFeO3F3,0.725575,0.867260,False
Li2TiFeO3Cl3,0.725205,0.835376,False
Li2TiFeO3Br3,0.724723,0.795410,False
Li2TiFeO3I3,0.723098,0.672697,False
Li2TiFeS3F3,0.727709,1.075184,False
Li2TiFeS3Cl3,0.727250,1.026606,False
Li2TiFeS3Br3,0.726654,0.966903,False
Li2TiFeS3I3,0.724674,0.791409,False
Li2TiFeSe3F3,0.726906,0.991756,False
Li2TiFeSe3Cl3,0.726482,0.950279,False
Li2TiFeSe3Br3,0.725930,0.898901,False
Li2TiFeSe3I3,0.724087,0.745262,False
Li2TiBiO3F3,0.691196,0.960136,False
Li2TiBiO3Cl3,0.691500,0.924837,False
Li2TiBiO3Br3,0.691897,0.880591,False
Li2TiBiO3I3,0.693242,0.744737,False
Li2TiBiS3F3,0.689455,1.190326,False
Li2TiBiS3Cl3,0.689828,1.136546,False
Li2TiBiS3Br3,0.690313,1.070449,False
Li2TiBiS3I3,0.691938,0.876161,False
Li2TiBiSe3F3,0.690107,1.097963,False
Li2TiBiSe3Cl3,0.690454,1.052045,False
Li2TiBiSe3Br3,0.690905,0.995165,False
Li2TiBiSe3I3,0.692422,0.825073,False
Li2TiSbO3F3,0.730052,0.855810,False
Li2TiSbO3Cl3,0.729590,0.824346,False
Li2TiSbO3Br3,0.728987,0.784909,False
Li2TiSbO3I3,0.726958,0.663816,False
Li2TiSbS3F3,0.732721,1.060988,False
Li2TiSbS3Cl3,0.732146,1.013052,False
Li2TiSbS3Br3,0.731401,0.954137,False
Li2TiSbS3I3,0.728925,0.780960,False
Li2TiSbSe3F3,0.731717,0.978661,False
Li2TiSbSe3Cl3,0.731186,0.937732,False
Li2TiSbSe3Br3,0.730496,0.887033,False
Li2TiSbSe3I3,0.728192,0.735423,False
Li2TiInO3F3,0.708675,0.911790,False
Li2TiInO3Cl3,0.708645,0.878268,False
Li2TiInO3Br3,0.708605,0.836250,False
Li2TiInO3I3,0.708469,0.707237,False
Li2TiInS3F3,0.708852,1.130389,False
Li2TiInS3Cl3,0.708814,1.079317,False
Li2TiInS3Br3,0.708765,1.016548,False
Li2TiInS3I3,0.708600,0.832043,False
Li2TiInSe3F3,0.708786,1.042677,False
Li2TiInSe3Cl3,0.708750,0.999071,False
Li2TiInSe3Br3,0.708705,0.945055,False
Li2TiInSe3I3,0.708552,0.783528,False
Li2TiGaO3F3,0.744340,0.820187,False
Li2TiGaO3Cl3,0.743576,0.790033,False
Li2TiGaO3Br3,0.742580,0.752236,False
Li2TiGaO3I3,0.739235,0.636184,False
Li2TiGaS3F3,0.748766,1.016824,False
Li2TiGaS3Cl3,0.747811,0.970884,False
Li2TiGaS3Br3,0.746575,0.914421,False
Li2TiGaS3I3,0.742478,0.748452,False
Li2TiGaSe3F3,0.747098,0.937924,False
Li2TiGaSe3Cl3,0.746217,0.898699,False
Li2TiGaSe3Br3,0.745075,0.850110,False
Li2TiGaSe3I3,0.741268,0.704810,False
Li2ZrCrO6,0.707107,0.714286,False
Li2ZrCrS6,0.707107,1.022727,False
Li2ZrCrSe6,0.707107,0.888158,False
Li2ZrCrO3S3,0.707107,0.841121,False
Li2ZrCrO3Se3,0.707107,0.791789,False
Li2ZrCrO3F3,0.707107,0.916031,False
Li2ZrCrO3Cl3,0.707107,0.882353,False
Li2ZrCrO3Br3,0.707107,0.840140,False
Li2ZrCrO3I3,0.707107,0.710526,False
Li2ZrCrS3Se3,0.707107,0.950704,False
Li2ZrCrS3F3,0.707107,1.135647,False
Li2ZrCrS3Cl3,0.707107,1.084337,False
Li2ZrCrS3Br3,0.707107,1.021277,False
Li2ZrCrS3I3,0.707107,0.835913,False
Li2ZrCrSe3F3,0.707107,1.047527,False
Li2ZrCrSe3Cl3,0.707107,1.003717,False
Li2ZrCrSe3Br3,0.707107,0.949451,False
Li2ZrCrSe3I3,0.707107,0.787172,False
Li2ZrMoO6,0.735187,0.648810,False
Li2ZrMoS6,0.741473,0.928977,False
Li2ZrMoSe6,0.738970,0.806743,False
Li2ZrMoO3S3,0.738013,0.764019,False
Li2ZrMoO3Se3,0.736959,0.719208,False
Li2ZrMoS3Se3,0.740174,0.863556,False
Li2ZrWO6,0.736664,0.645503,False
Li2ZrWS6,0.743297,0.924242,False
Li2ZrWSe6,0.740656,0.802632,False
Li2ZrWO3S3,0.739646,0.760125,False
Li2ZrWO3Se3,0.738534,0.715543,False
Li2ZrWS3Se3,0.741926,0.859155,False
Li2ZrFeO3F3,0.723931,0.871501,False
Li2ZrFeO3Cl3,0.723595,0.839461,False
Li2ZrFeO3Br3,0.723157,0.799300,False
Li2ZrFeO3I3,0.721679,0.675987,False
Li2ZrFeS3F3,0.725870,1.080442,False
Li2ZrFeS3Cl3,0.725453,1.031627,False
Li2ZrFeS3Br3,0.724912,0.971631,False
Li2ZrFeS3I3,0.723112,0.795279,False
Li2ZrFeSe3F3,0.725141,0.996605,False
Li2ZrFeSe3Cl3,0.724755,0.954926,False
Li2ZrFeSe3Br3,0.724254,0.903297,False
Li2ZrFeSe3I3,0.722578,0.748907,False
Li2ZrBiO3F3,0.689704,0.964377,False
Li2ZrBiO3Cl3,0.690036,0.928922,False
Li2ZrBiO3Br3,0.690469,0.884481,False
Li2ZrBiO3I3,0.691937,0.748026,False
Li2ZrBiS3F3,0.687804,1.195584,False
Li2ZrBiS3Cl3,0.688211,1.141566,False
Li2ZrBiS3Br3,0.688740,1.075177,False
Li2ZrBiS3I3,0.690513,0.880031,False
Li2ZrBiSe3F3,0.688516,1.102813,False
Li2ZrBiSe3Cl3,0.688894,1.056691,False
Li2ZrBiSe3Br3,0.689386,0.999560,False
Li2ZrBiSe3I3,0.691043,0.828717,False
Li2ZrSbO3F3,0.728388,0.860051,False
Li2ZrSbO3Cl3,0.727960,0.828431,False
Li2ZrSbO3Br3,0.727402,0.788798,False
Li2ZrSbO3I3,0.725524,0.667105,False
Li2ZrSbS3F3,0.730857,1.066246,False
Li2ZrSbS3Cl3,0.730325,1.018072,False
Li2ZrSbS3Br3,0.729636,0.958865,False
Li2ZrSbS3I3,0.727345,0.784830,False
Li2ZrSbSe3F3,0.729928,0.983511,False
Li2ZrSbSe3Cl3,0.729436,0.942379,False
Li2ZrSbSe3Br3,0.728798,0.891429,False
Li2ZrSbSe3I3,0.726666,0.739067,False
Li2ZrInO3F3,0.707107,0.916031,False
Li2ZrInO3Cl3,0.707107,0.882353,False
Li2ZrInO3Br3,0.707107,0.840140,False
Li2ZrInO3I3,0.707107,0.710526,False
Li2ZrInS3F3,0.707107,1.135647,False
Li2ZrInS3Cl3,0.707107,1.084337,False
Li2ZrInS3Br3,0.707107,1.021277,False
Li2ZrInS3I3,0.707107,0.835913,False
Li2ZrInSe3F3,0.707107,1.047527,False
Li2ZrInSe3Cl3,0.707107,1.003717,False
Li2ZrInSe3Br3,0.707107,0.949451,False
Li2ZrInSe3I3,0.707107,0.787172,False
Li2ZrGaO3F3,0.742610,0.824427,False
Li2ZrGaO3Cl3,0.741883,0.794118,False
Li2ZrGaO3Br3,0.740935,0.756126,False
Li2ZrGaO3I3,0.737752,0.639474,False
Li2ZrGaS3F3,0.746819,1.022082,False
Li2ZrGaS3Cl3,0.745911,0.975904,False
Li2ZrGaS3Br3,0.744736,0.919149,False
Li2ZrGaS3I3,0.740838,0.752322,False
Li2ZrGaSe3F3,0.745233,0.942774,False
Li2ZrGaSe3Cl3,0.744396,0.903346,False
Li2ZrGaSe3Br3,0.743309,0.854505,False
Li2ZrGaSe3I3,0.739687,0.708455,False
Li2VNbO6,0.741883,0.633929,False
Li2VNbS6,0.749754,0.907670,False
Li2VNbSe6,0.746616,0.788240,False
Li2VNbO3S3,0.745418,0.746495,False
Li2VNbO3Se3,0.744099,0.702713,False
Li2VNbS3Se3,0.748125,0.843750,False
Li2VTaO6,0.741883,0.633929,False
Li2VTaS6,0.749754,0.907670,False
Li2VTaSe6,0.746616,0.788240,False
Li2VTaO3S3,0.745418,0.746495,False
Li2VTaO3Se3,0.744099,0.702713,False
Li2VTaS3Se3,0.748125,0.843750,False
Li2VFeO3F3,0.740544,0.829517,False
Li2VFeO3Cl3,0.739861,0.799020,False
Li2VFeO3Br3,0.738971,0.760793,False
Li2VFeO3I3,0.735980,0.643421,False
Li2VFeS3F3,0.744497,1.028391,False
Li2VFeS3Cl3,0.743644,0.981928,False
Li2VFeS3Br3,0.742540,0.924823,False
Li2VFeS3I3,0.738880,0.756966,False
Li2VFeSe3F3,0.743008,0.948594,False
Li2VFeSe3Cl3,0.742221,0.908922,False
Li2VFeSe3Br3,0.741200,0.859780,False
Li2VFeSe3I3,0.737798,0.712828,False
Li2VMnO3F3,0.735430,0.842239,False
Li2VMnO3Cl3,0.734855,0.811275,False
Li2VMnO3Br3,0.734106,0.772462,False
Li2VMnO3I3,0.731587,0.653289,False
Li2VMnS3F3,0.738752,1.044164,False
Li2VMnS3Cl3,0.738036,0.996988,False
Li2VMnS3Br3,0.737108,0.939007,False
Li2VMnS3I3,0.734029,0.768576,False
Li2VMnSe3F3,0.737501,0.963143,False
Li2VMnSe3Cl3,0.736840,0.922862,False
Li2VMnSe3Br3,0.735982,0.872967,False
Li2VMnSe3I3,0.733119,0.723761,False
Li2VSbO6,0.740085,0.637897,False
Li2VSbS6,0.747528,0.913352,False
Li2VSbSe6,0.744562,0.793174,False
Li2VSbO3S3,0.743429,0.751168,False
Li2VSbO3Se3,0.742181,0.707111,False
Li2VSbS3Se3,0.745988,0.849032,False
Li2VCuO3F3,0.747300,0.812977,False
Li2VCuO3Cl3,0.746471,0.783088,False
Li2VCuO3Br3,0.745393,0.745624,False
Li2VCuO3I3,0.741770,0.630592,False
Li2VCuS3F3,0.752099,1.007886,False
Li2VCuS3Cl3,0.751064,0.962349,False
Li2VCuS3Br3,0.749723,0.906383,False
Li2VCuS3I3,0.745282,0.741873,False
Li2VCuSe3F3,0.750290,0.929680,True
Li2VCuSe3Cl3,0.749335,0.890799,False
Li2VCuSe3Br3,0.748096,0.842637,False
Li2VCuSe3I3,0.743972,0.698615,False
Li2VZnO3F3,0.734923,0.843511,False
Li2VZnO3Cl3,0.734358,0.812500,False
Li2VZnO3Br3,0.733623,0.773629,False
Li2VZnO3I3,0.731150,0.654276,False
Li2VZnS3F3,0.738182,1.045741,False
Li2VZnS3Cl3,0.737480,0.998494,False
Li2VZnS3Br3,0.736570,0.940426,False
Li2VZnS3I3,0.733548,0.769737,False
Li2VZnSe3F3,0.736955,0.964597,False
Li2VZnSe3Cl3,0.736306,0.924257,False
Li2VZnSe3Br3,0.735464,0.874286,False
Li2VZnSe3I3,0.732654,0.724854,False
Li2NbTaO6,0.734303,0.650794,False
Li2NbTaS6,0.740382,0.931818,False
Li2NbTaSe6,0.737962,0.809211,False
Li2NbTaO3S3,0.737037,0.766355,False
Li2NbTaO3Se3,0.736017,0.721408,False
Li2NbTaS3Se3,0.739127,0.866197,False
Li2NbFeO3F3,0.731892,0.851145,False
Li2NbFeO3Cl3,0.731391,0.819853,False
Li2NbFeO3Br3,0.730739,0.780630,False
Li2NbFeO3I3,0.728543,0.660197,False
Li2NbFeS3F3,0.734783,1.055205,False
Li2NbFeS3Cl3,0.734160,1.007530,False
Li2NbFeS3Br3,0.733353,0.948936,False
Li2NbFeS3I3,0.730672,0.776703,False
Li2NbFeSe3F3,0.733695,0.973327,False
Li2NbFeSe3Cl3,0.733120,0.932621,False
Li2NbFeSe3Br3,0.732372,0.882198,False
Li2NbFeSe3I3,0.729878,0.731414,False
Li2NbMnO3F3,0.726896,0.863868,False
Li2NbMnO3Cl3,0.726499,0.832108,False
Li2NbMnO3Br3,0.725981,0.792299,False
Li2NbMnO3I3,0.724238,0.670066,False
Li2NbMnS3F3,0.729187,1.070978,False
Li2NbMnS3Cl3,0.728694,1.022590,False
Li2NbMnS3Br3,0.728054,0.963121,False
Li2NbMnS3I3,0.725928,0.788313,False
Li2NbMnSe3F3,0.728325,0.987876,False
Li2NbMnSe3Cl3,0.727869,0.946561,False
Li2NbMnSe3Br3,0.727277,0.895385,False
Li2NbMnSe3I3,0.725298,0.742347,False
Li2NbSbO6,0.732542,0.654762,False
Li2NbSbS6,0.738211,0.937500,False
Li2NbSbSe6,0.735955,0.814145,False
Li2NbSbO3S3,0.735093,0.771028,False
Li2NbSbO3Se3,0.734141,0.725806,False
Li2NbSbS3Se3,0.737041,0.871479,False
Li2NbCuO3F3,0.738490,0.834606,False
Li2NbCuO3Cl3,0.737851,0.803922,False
Li2NbCuO3Br3,0.737017,0.765461,False
Li2NbCuO3I3,0.734216,0.647368,False
Li2NbCuS3F3,0.742188,1.034700,False
Li2NbCuS3Cl3,0.741391,0.987952,False
Li2NbCuS3Br3,0.740358,0.930496,False
Li2NbCuS3I3,0.736932,0.761610,False
Li2NbCuSe3F3,0.740795,0.954413,False
Li2NbCuSe3Cl3,0.740059,0.914498,False
Li2NbCuSe3Br3,0.739104,0.865055,False
Li2NbCuSe3I3,0.735919,0.717201,False
Li2NbZnO3F3,0.726400,0.865140,False
Li2NbZnO3Cl3,0.726013,0.833333,False
Li2NbZnO3Br3,0.725509,0.793466,False
Li2NbZnO3I3,0.723810,0.671053,False
Li2NbZnS3F3,0.728632,1.072555,False
Li2NbZnS3Cl3,0.728152,1.024096,False
Li2NbZnS3Br3,0.727529,0.964539,False
Li2NbZnS3I3,0.725457,0.789474,False
Li2NbZnSe3F3,0.727792,0.989331,False
Li2NbZnSe3Cl3,0.727348,0.947955,False
Li2NbZnSe3Br3,0.726771,0.896703,False
Li2NbZnSe3I3,0.724844,0.743440,False
Li2TaFeO3F3,0.731892,0.851145,False
Li2TaFeO3Cl3,0.731391,0.819853,False
Li2TaFeO3Br3,0.730739,0.780630,False
Li2TaFeO3I3,0.728543,0.660197,False
Li2TaFeS3F3,0.734783,1.055205,False
Li2TaFeS3Cl3,0.734160,1.007530,False
Li2TaFeS3Br3,0.733353,0.948936,False
Li2TaFeS3I3,0.730672,0.776703,False
Li2TaFeSe3F3,0.733695,0.973327,False
Li2TaFeSe3Cl3,0.733120,0.932621,False
Li2TaFeSe3Br3,0.732372,0.882198,False
Li2TaFeSe3I3,0.729878,0.731414,False
Li2TaMnO3F3,0.726896,0.863868,False
Li2TaMnO3Cl3,0.726499,0.832108,False
Li2TaMnO3Br3,0.725981,0.792299,False
Li2TaMnO3I3,0.724238,0.670066,False
Li2TaMnS3F3,0.729187,1.070978,False
Li2TaMnS3Cl3,0.728694,1.022590,False
Li2TaMnS3Br3,0.728054,0.963121,False
Li2TaMnS3I3,0.725928,0.788313,False
Li2TaMnSe3F3,0.728325,0.987876,False
Li2TaMnSe3Cl3,0.727869,0.946561,False
Li2TaMnSe3Br3,0.727277,0.895385,False
Li2TaMnSe3I3,0.725298,0.742347,False
Li2TaSbO6,0.732542,0.654762,False
Li2TaSbS6,0.738211,0.937500,False
Li2TaSbSe6,0.735955,0.814145,False
Li2TaSbO3S3,0.735093,0.771028,False
Li2TaSbO3Se3,0.734141,0.725806,False
Li2TaSbS3Se3,0.737041,0.871479,False
Li2TaCuO3F3,0.738490,0.834606,False
Li2TaCuO3Cl3,0.737851,0.803922,False
Li2TaCuO3Br3,0.737017,0.765461,False
Li2TaCuO3I3,0.734216,0.647368,False
Li2TaCuS3F3,0.742188,1.034700,False
Li2TaCuS3Cl3,0.741391,0.987952,False
Li2TaCuS3Br3,0.740358,0.930496,False
Li2TaCuS3I3,0.736932,0.761610,False
Li2TaCuSe3F3,0.740795,0.954413,False
Li2TaCuSe3Cl3,0.740059,0.914498,False
Li2TaCuSe3Br3,0.739104,0.865055,False
Li2TaCuSe3I3,0.735919,0.717201,False
Li2TaZnO3F3,0.726400,0.865140,False
Li2TaZnO3Cl3,0.726013,0.833333,False
Li2TaZnO3Br3,0.725509,0.793466,False
Li2TaZnO3I3,0.723810,0.671053,False
Li2TaZnS3F3,0.728632,1.072555,False
Li2TaZnS3Cl3,0.728152,1.024096,False
Li2TaZnS3Br3,0.727529,0.964539,False
Li2TaZnS3I3,0.725457,0.789474,False
Li2TaZnSe3F3,0.727792,0.989331,False
Li2TaZnSe3Cl3,0.727348,0.947955,False
Li2TaZnSe3Br3,0.726771,0.896703,False
Li2TaZnSe3I3,0.724844,0.743440,False
Li2CrMoO6,0.721299,0.680556,False
Li2CrMoS6,0.724403,0.974432,False
Li2CrMoSe6,0.723170,0.846217,False
Li2CrMoO3S3,0.722698,0.801402,False
Li2CrMoO3Se3,0.722177,0.754399,False
Li2CrMoO3F3,0.723439,0.872774,False
Li2CrMoO3Cl3,0.723113,0.840686,False
Li2CrMoO3Br3,0.722688,0.800467,False
Li2CrMoO3I3,0.721254,0.676974,False
Li2CrMoS3Se3,0.723764,0.905810,False
Li2CrMoS3F3,0.725320,1.082019,False
Li2CrMoS3Cl3,0.724915,1.033133,False
Li2CrMoS3Br3,0.724390,0.973050,False
Li2CrMoS3I3,0.722644,0.796440,False
Li2CrMoSe3F3,0.724613,0.998060,False
Li2CrMoSe3Cl3,0.724239,0.956320,False
Li2CrMoSe3Br3,0.723752,0.904615,False
Li2CrMoSe3I3,0.722127,0.750000,False
Li2CrWO6,0.722721,0.677249,False
Li2CrWS6,0.726144,0.969697,False
Li2CrWSe6,0.724784,0.842105,False
Li2CrWO3S3,0.724264,0.797508,False
Li2CrWO3Se3,0.723689,0.750733,False
Li2CrWO3F3,0.725081,0.868533,False
Li2CrWO3Cl3,0.724722,0.836601,False
Li2CrWO3Br3,0.724252,0.796577,False
Li2CrWO3I3,0.722672,0.673684,False
Li2CrWS3Se3,0.725439,0.901408,False
Li2CrWS3F3,0.727156,1.076761,False
Li2CrWS3Cl3,0.726710,1.028112,False
Li2CrWS3Br3,0.726131,0.968322,False
Li2CrWS3I3,0.724204,0.792570,False
Li2CrWSe3F3,0.726376,0.993210,False
Li2CrWSe3Cl3,0.725963,0.951673,False
Li2CrWSe3Br3,0.725426,0.900220,False
Li2CrWSe3I3,0.723633,0.746356,False
Li2CrMnO6,0.704254,0.721230,False
Li2CrMnS6,0.703648,1.032670,False
Li2CrMnSe6,0.703888,0.896793,False
Li2CrMnO3S3,0.703980,0.849299,False
Li2CrMnO3Se3,0.704082,0.799487,False
Li2CrMnO3F3,0.703835,0.924936,False
Li2CrMnO3Cl3,0.703899,0.890931,False
Li2CrMnO3Br3,0.703982,0.848308,False
Li2CrMnO3I3,0.704263,0.717434,False
Li2CrMnS3Se3,0.703772,0.959947,False
Li2CrMnS3F3,0.703470,1.146688,False
Li2CrMnS3Cl3,0.703548,1.094880,False
Li2CrMnS3Br3,0.703650,1.031206,False
Li2CrMnS3I3,0.703990,0.844040,False
Li2CrMnSe3F3,0.703607,1.057711,False
Li2CrMnSe3Cl3,0.703680,1.013476,False
Li2CrMnSe3Br3,0.703774,0.958681,False
Li2CrMnSe3I3,0.704092,0.794825,False
Li2CrAgF6,0.660469,1.437352,False
Li2CrAgCl6,0.662420,1.299145,False
Li2CrAgBr6,0.664836,1.148253,False
Li2CrAgI6,0.672061,0.795812,False
Li2CrAgO3F3,0.666954,1.031383,False
Li2CrAgO3Cl3,0.667694,0.993464,False
Li2CrAgO3Br3,0.668663,0.945935,False
Li2CrAgO3I3,0.671958,0.800000,False
Li2CrAgS3F3,0.662729,1.278654,False
Li2CrAgS3Cl3,0.663632,1.220884,False
Li2CrAgS3Br3,0.664808,1.149882,False
Li2CrAgS3I3,0.668763,0.941176,False
Li2CrAgSe3F3,0.664309,1.179437,False
Li2CrAgSe3Cl3,0.665149,1.130112,False
Li2CrAgSe3Br3,0.666246,1.069011,False
Li2CrAgSe3I3,0.669948,0.886297,False
Li2CrAgF3Cl3,0.661465,1.364759,False
Li2CrAgF3Br3,0.662760,1.276640,False
Li2CrAgF3I3,0.667087,1.024431,False
Li2CrAgCl3Br3,0.663661,1.219048,False
Li2CrAgCl3I3,0.667823,0.987013,False
Li2CrAgBr3I3,0.668786,0.940085,False
Li2MoWO6,0.752081,0.611772,True
Li2MoWS6,0.762433,0.875947,True
Li2MoWSe6,0.758299,0.760691,True
Li2MoWO3S3,0.756723,0.720405,True
Li2MoWO3Se3,0.754989,0.678152,True
Li2MoWS3Se3,0.760286,0.814261,True
Li2MoFeO3F3,0.741060,0.828244,False
Li2MoFeO3Cl3,0.740365,0.797794,False
Li2MoFeO3Br3,0.739461,0.759627,False
Li2MoFeO3I3,0.736422,0.642434,False
Li2MoFeS3F3,0.745076,1.026814,False
Li2MoFeS3Cl3,0.744210,0.980422,False
Li2MoFeS3Br3,0.743088,0.923404,False
Li2MoFeS3I3,0.739368,0.755805,False
Li2MoFeSe3F3,0.743563,0.947139,False
Li2MoFeSe3Cl3,0.742764,0.907528,False
Li2MoFeSe3Br3,0.741726,0.858462,False
Li2MoFeSe3I3,0.738269,0.711735,False
Li2MoMnO6,0.732103,0.655754,False
Li2MoMnS6,0.737670,0.938920,False
Li2MoMnSe6,0.735455,0.815378,False
Li2MoMnO3S3,0.734608,0.772196,False
Li2MoMnO3Se3,0.733674,0.726906,False
Li2MoMnS3Se3,0.736521,0.872799,False
Li2MoBiO3F3,0.705234,0.921120,False
Li2MoBiO3Cl3,0.705270,0.887255,False
Li2MoBiO3Br3,0.705318,0.844807,False
Li2MoBiO3I3,0.705479,0.714474,False
Li2MoBiS3F3,0.705024,1.141956,False
Li2MoBiS3Cl3,0.705069,1.090361,False
Li2MoBiS3Br3,0.705127,1.026950,False
Li2MoBiS3I3,0.705323,0.840557,False
Li2MoBiSe3F3,0.705103,1.053346,False
Li2MoBiSe3Cl3,0.705144,1.009294,False
Li2MoBiSe3Br3,0.705199,0.954725,False
Li2MoBiSe3I3,0.705381,0.791545,False
Li2MoSbO3F3,0.745730,0.816794,False
Li2MoSbO3Cl3,0.744936,0.786765,False
Li2MoSbO3Br3,0.743901,0.749125,False
Li2MoSbO3I3,0.740426,0.633553,False
Li2MoSbS3F3,0.750331,1.012618,False
Li2MoSbS3Cl3,0.749338,0.966867,False
Li2MoSbS3Br3,0.748053,0.910638,False
Li2MoSbS3I3,0.743795,0.745356,False
Li2MoSbSe3F3,0.748597,0.934045,False
Li2MoSbSe3Cl3,0.747681,0.894981,False
Li2MoSbSe3Br3,0.746493,0.846593,False
Li2MoSbSe3I3,0.742538,0.701895,False
Li2MoAgO3F3,0.695712,0.947413,False
Li2MoAgO3Cl3,0.695931,0.912582,False
Li2MoAgO3Br3,0.696217,0.868923,False
Li2MoAgO3I3,0.697185,0.734868,False
Li2MoAgS3F3,0.694455,1.174553,False
Li2MoAgS3Cl3,0.694725,1.121486,False
Li2MoAgS3Br3,0.695075,1.056265,False
Li2MoAgS3I3,0.696246,0.864551,False
Li2MoAgSe3F3,0.694927,1.083414,False
Li2MoAgSe3Cl3,0.695177,1.038104,False
Li2MoAgSe3Br3,0.695502,0.981978,False
Li2MoAgSe3I3,0.696595,0.814140,False
Li2MoInO3F3,0.723439,0.872774,False
Li2MoInO3Cl3,0.723113,0.840686,False
Li2MoInO3Br3,0.722688,0.800467,False
Li2MoInO3I3,0.721254,0.676974,False
Li2MoInS3F3,0.725320,1.082019,False
Li2MoInS3Cl3,0.724915,1.033133,False
Li2MoInS3Br3,0.724390,0.973050,False
Li2MoInS3I3,0.722644,0.796440,False
Li2MoInSe3F3,0.724613,0.998060,False
Li2MoInSe3Cl3,0.724239,0.956320,False
Li2MoInSe3Br3,0.723752,0.904615,False
Li2MoInSe3I3,0.722127,0.750000,False
Li2MoGaO3F3,0.760645,0.781170,True
Li2MoGaO3Cl3,0.759522,0.752451,True
Li2MoGaO3Br3,0.758061,0.716453,True
Li2MoGaO3I3,0.753166,0.605921,True
Li2MoGaS3F3,0.767166,0.968454,False
Li2MoGaS3Cl3,0.765756,0.924699,True
Li2MoGaS3Br3,0.763933,0.870922,True
Li2MoGaS3I3,0.757911,0.712848,True
Li2MoGaSe3F3,0.764704,0.893307,True
Li2MoGaSe3Cl3,0.763406,0.855948,True
Li2MoGaSe3Br3,0.761724,0.809670,True
Li2MoGaSe3I3,0.756139,0.671283,True
Li2WFeO3F3,0.742783,0.824003,False
Li2WFeO3Cl3,0.742051,0.793709,False
Li2WFeO3Br3,0.741099,0.755737,False
Li2WFeO3I3,0.737900,0.639145,False
Li2WFeS3F3,0.747014,1.021556,False
Li2WFeS3Cl3,0.746101,0.975402,False
Li2WFeS3Br3,0.744919,0.918676,False
Li2WFeS3I3,0.741002,0.751935,False
Li2WFeSe3F3,0.745419,0.942289,False
Li2WFeSe3Cl3,0.744577,0.902881,False
Li2WFeSe3Br3,0.743485,0.854066,False
Li2WFeSe3I3,0.739845,0.708090,False
Li2WMnO6,0.733568,0.652447,False
Li2WMnS6,0.739476,0.934186,False
Li2WMnSe6,0.737125,0.811266,False
Li2WMnO3S3,0.736226,0.768302,False
Li2WMnO3Se3,0.735235,0.723240,False
Li2WMnS3Se3,0.738256,0.868398,False
Li2WBiO3F3,0.706794,0.916879,False
Li2WBiO3Cl3,0.706800,0.883170,False
Li2WBiO3Br3,0.706808,0.840918,False
Li2WBiO3I3,0.706835,0.711184,False
Li2WBiS3F3,0.706759,1.136698,False
Li2WBiS3Cl3,0.706766,1.085341,False
Li2WBiS3Br3,0.706776,1.022222,False
Li2WBiS3I3,0.706809,0.836687,False
Li2WBiSe3F3,0.706772,1.048497,False
Li2WBiSe3Cl3,0.706779,1.004647,False
Li2WBiSe3Br3,0.706788,0.950330,False
Li2WBiSe3I3,0.706819,0.787901,False
Li2WSbO3F3,0.747475,0.812553,False
Li2WSbO3Cl3,0.746643,0.782680,False
Li2WSbO3Br3,0.745559,0.745235,False
Li2WSbO3I3,0.741920,0.630263,False
Li2WSbS3F3,0.752296,1.007361,False
Li2WSbS3Cl3,0.751256,0.961847,False
Li2WSbS3Br3,0.749909,0.905910,False
Li2WSbS3I3,0.745448,0.741486,False
Li2WSbSe3F3,0.750479,0.929195,True
Li2WSbSe3Cl3,0.749519,0.890335,False
Li2WSbSe3Br3,0.748275,0.842198,False
Li2WSbSe3I3,0.744131,0.698251,False
Li2WAgO3F3,0.697230,0.943172,False
Li2WAgO3Cl3,0.697420,0.908497,False
Li2WAgO3Br3,0.697669,0.865033,False
Li2WAgO3I3,0.698510,0.731579,False
Li2WAgS3F3,0.696139,1.169295,False
Li2WAgS3Cl3,0.696373,1.116466,False
Li2WAgS3Br3,0.696677,1.051537,False
Li2WAgS3I3,0.697694,0.860681,False
Li2WAgSe3F3,0.696548,1.078565,False
Li2WAgSe3Cl3,0.696765,1.033457,False
Li2WAgSe3Br3,0.697048,0.977582,False
Li2WAgSe3I3,0.697998,0.810496,False
Li2WInO3F3,0.725081,0.868533,False
Li2WInO3Cl3,0.724722,0.836601,False
Li2WInO3Br3,0.724252,0.796577,False
Li2WInO3I3,0.722672,0.673684,False
Li2WInS3F3,0.727156,1.076761,False
Li2WInS3Cl3,0.726710,1.028112,False
Li2WInS3Br3,0.726131,0.968322,False
Li2WInS3I3,0.724204,0.792570,False
Li2WInSe3F3,0.726376,0.993210,False
Li2WInSe3Cl3,0.725963,0.951673,False
Li2WInSe3Br3,0.725426,0.900220,False
Li2WInSe3I3,0.723633,0.746356,False
Li2WGaO3F3,0.762460,0.776930,True
Li2WGaO3Cl3,0.761296,0.748366,True
Li2WGaO3Br3,0.759782,0.712563,True
Li2WGaO3I3,0.754712,0.602632,True
Li2WGaS3F3,0.769220,0.963197,False
Li2WGaS3Cl3,0.767758,0.919679,True
Li2WGaS3Br3,0.765868,0.866194,True
Li2WGaS3I3,0.759627,0.708978,True
Li2WGaSe3F3,0.766668,0.888458,True
Li2WGaSe3Cl3,0.765322,0.851301,True
Li2WGaSe3Br3,0.763579,0.805275,True
Li2WGaSe3I3,0.757791,0.667638,True
Li2FeMnO6,0.718753,0.686508,False
Li2FeMnS6,0.721289,0.982955,False
Li2FeMnSe6,0.720283,0.853618,False
Li2FeMnF6,0.722870,1.226950,False
Li2FeMnCl6,0.722152,1.108974,False
Li2FeMnBr6,0.721269,0.980170,False
Li2FeMnI6,0.718681,0.679319,False
Li2FeMnO3S3,0.719897,0.808411,False
Li2FeMnO3Se3,0.719471,0.760997,False
Li2FeMnO3F3,0.720503,0.880407,False
Li2FeMnO3Cl3,0.720236,0.848039,False
Li2FeMnO3Br3,0.719889,0.807468,False
Li2FeMnO3I3,0.718717,0.682895,False
Li2FeMnS3Se3,0.720768,0.913732,False
Li2FeMnS3F3,0.722038,1.091483,False
Li2FeMnS3Cl3,0.721708,1.042169,False
Li2FeMnS3Br3,0.721279,0.981560,False
Li2FeMnS3I3,0.719853,0.803406,False
Li2FeMnSe3F3,0.721461,1.006790,False
Li2FeMnSe3Cl3,0.721155,0.964684,False
Li2FeMnSe3Br3,0.720758,0.912527,False
Li2FeMnSe3I3,0.719430,0.756560,False
Li2FeMnF3Cl3,0.722503,1.164983,False
Li2FeMnF3Br3,0.722027,1.089764,False
Li2FeMnF3I3,0.720454,0.874473,False
Li2FeMnCl3Br3,0.721697,1.040602,False
Li2FeMnCl3I3,0.720190,0.842532,False
Li2FeMnBr3I3,0.719845,0.802474,False
Li2FeSbO3F3,0.729885,0.856234,False
Li2FeSbO3Cl3,0.729426,0.824755,False
Li2FeSbO3Br3,0.728828,0.785298,False
Li2FeSbO3I3,0.726815,0.664145,False
Li2FeSbS3F3,0.732534,1.061514,False
Li2FeSbS3Cl3,0.731964,1.013554,False
Li2FeSbS3Br3,0.731224,0.954610,False
Li2FeSbS3I3,0.728767,0.781347,False
Li2FeSbSe3F3,0.731538,0.979146,False
Li2FeSbSe3Cl3,0.731010,0.938197,False
Li2FeSbSe3Br3,0.730326,0.887473,False
Li2FeSbSe3I3,0.728039,0.735787,False
Li2FeCuF6,0.736355,1.186170,False
Li2FeCuCl6,0.734997,1.072115,False
Li2FeCuBr6,0.733334,0.947592,False
Li2FeCuI6,0.728475,0.656741,False
Li2FeCuF3Cl3,0.735660,1.126263,False
Li2FeCuF3Br3,0.734762,1.053543,False
Li2FeCuF3I3,0.731801,0.845409,False
Li2FeCuCl3Br3,0.734140,1.006015,False
Li2FeCuCl3I3,0.731304,0.814529,False
Li2FeCuBr3I3,0.730656,0.775802,False
Li2FeAgF6,0.677725,1.375296,False
Li2FeAgCl6,0.678984,1.243056,False
Li2FeAgBr6,0.680541,1.098678,False
Li2FeAgI6,0.685170,0.761453,False
Li2FeAgF3Cl3,0.678368,1.305836,False
Li2FeAgF3Br3,0.679203,1.221522,False
Li2FeAgF3I3,0.681987,0.980202,False
Li2FeAgCl3Br3,0.679785,1.166416,False
Li2FeAgCl3I3,0.682459,0.944399,False
Li2FeAgBr3I3,0.683076,0.899497,False
Li2FeZnF6,0.722295,1.228723,False
Li2FeZnCl6,0.721603,1.110577,False
Li2FeZnBr6,0.720754,0.981586,False
Li2FeZnI6,0.718261,0.680301,False
Li2FeZnF3Cl3,0.721941,1.166667,False
Li2FeZnF3Br3,0.721483,1.091339,False
Li2FeZnF3I3,0.719969,0.875737,False
Li2FeZnCl3Br3,0.721166,1.042105,False
Li2FeZnCl3I3,0.719714,0.843750,False
Li2FeZnBr3I3,0.719382,0.803634,False
Li2MnBiO6,0.689160,0.758929,False
Li2MnBiS6,0.685446,1.086648,False
Li2MnBiSe6,0.686912,0.943668,False
Li2MnBiO3S3,0.687477,0.893692,False
Li2MnBiO3Se3,0.688102,0.841276,False
Li2MnBiO3F3,0.686591,0.973282,False
Li2MnBiO3Cl3,0.686980,0.937500,False
Li2MnBiO3Br3,0.687489,0.892649,False
Li2MnBiO3I3,0.689214,0.754934,False
Li2MnBiS3Se3,0.686205,1.010123,False
Li2MnBiS3F3,0.684362,1.206625,False
Li2MnBiS3Cl3,0.684840,1.152108,False
Li2MnBiS3Br3,0.685461,1.085106,False
Li2MnBiS3I3,0.687541,0.888158,False
Li2MnBiSe3F3,0.685197,1.112997,False
Li2MnBiSe3Cl3,0.685641,1.066450,False
Li2MnBiSe3Br3,0.686219,1.008791,False
Li2MnBiSe3I3,0.688163,0.836370,False
Li2MnSbO6,0.722579,0.677579,False
Li2MnSbS6,0.725970,0.970170,False
Li2MnSbSe6,0.724623,0.842516,False
Li2MnSbF6,0.728087,1.210993,False
Li2MnSbCl6,0.727124,1.094551,False
Li2MnSbBr6,0.725943,0.967422,False
Li2MnSbI6,0.722482,0.670484,False
Li2MnSbO3S3,0.724107,0.797897,False
Li2MnSbO3Se3,0.723537,0.751100,False
Li2MnSbO3F3,0.724917,0.868957,False
Li2MnSbO3Cl3,0.724560,0.837010,False
Li2MnSbO3Br3,0.724096,0.796966,False
Li2MnSbO3I3,0.722530,0.674013,False
Li2MnSbS3Se3,0.725271,0.901849,False
Li2MnSbS3F3,0.726972,1.077287,False
Li2MnSbS3Cl3,0.726530,1.028614,False
Li2MnSbS3Br3,0.725956,0.968794,False
Li2MnSbS3I3,0.724048,0.792957,False
Li2MnSbSe3F3,0.726199,0.993695,False
Li2MnSbSe3Cl3,0.725790,0.952138,False
Li2MnSbSe3Br3,0.725259,0.900659,False
Li2MnSbSe3I3,0.723483,0.746720,False
Li2MnSbF3Cl3,0.727595,1.149832,False
Li2MnSbF3Br3,0.726957,1.075591,False
Li2MnSbF3I3,0.724852,0.863100,False
Li2MnSbCl3Br3,0.726515,1.027068,False
Li2MnSbCl3I3,0.724499,0.831575,False
Li2MnSbBr3I3,0.724037,0.792037,False
Li2MnCuF6,0.730430,1.203901,False
Li2MnCuCl6,0.729356,1.088141,False
Li2MnCuBr6,0.728039,0.961756,False
Li2MnCuI6,0.724184,0.666558,False
Li2MnCuF3Cl3,0.729881,1.143098,False
Li2MnCuF3Br3,0.729170,1.069291,False
Li2MnCuF3I3,0.726824,0.858045,False
Li2MnCuCl3Br3,0.728678,1.021053,False
Li2MnCuCl3I3,0.726430,0.826705,False
Li2MnCuBr3I3,0.725916,0.787399,False
Li2MnZnF6,0.716594,1.246454,False
Li2MnZnCl6,0.716165,1.126603,False
Li2MnZnBr6,0.715638,0.995751,False
Li2MnZnI6,0.714089,0.690118,False
Li2MnZnF3Cl3,0.716375,1.183502,False
Li2MnZnF3Br3,0.716091,1.107087,False
Li2MnZnF3I3,0.715151,0.888374,False
Li2MnZnCl3Br3,0.715894,1.057143,False
Li2MnZnCl3I3,0.714993,0.855925,False
Li2MnZnBr3I3,0.714786,0.815230,False
Li2MnInO6,0.704254,0.721230,False
Li2MnInS6,0.703648,1.032670,False
Li2MnInSe6,0.703888,0.896793,False
Li2MnInO3S3,0.703980,0.849299,False
Li2MnInO3Se3,0.704082,0.799487,False
Li2MnInO3F3,0.703835,0.924936,False
Li2MnInO3Cl3,0.703899,0.890931,False
Li2MnInO3Br3,0.703982,0.848308,False
Li2MnInO3I3,0.704263,0.717434,False
Li2MnInS3Se3,0.703772,0.959947,False
Li2MnInS3F3,0.703470,1.146688,False
Li2MnInS3Cl3,0.703548,1.094880,False
Li2MnInS3Br3,0.703650,1.031206,False
Li2MnInS3I3,0.703990,0.844040,False
Li2MnInSe3F3,0.703607,1.057711,False
Li2MnInSe3Cl3,0.703680,1.013476,False
Li2MnInSe3Br3,0.703774,0.958681,False
Li2MnInSe3I3,0.704092,0.794825,False
Li2MnGaO6,0.734745,0.649802,False
Li2MnGaS6,0.740927,0.930398,False
Li2MnGaSe6,0.738466,0.807977,False
Li2MnGaO3S3,0.737525,0.765187,False
Li2MnGaO3Se3,0.736488,0.720308,False
Li2MnGaO3F3,0.739003,0.833333,False
Li2MnGaO3Cl3,0.738352,0.802696,False
Li2MnGaO3Br3,0.737505,0.764294,False
Li2MnGaO3I3,0.734656,0.646382,False
Li2MnGaS3Se3,0.739650,0.864877,False
Li2MnGaS3F3,0.742764,1.033123,False
Li2MnGaS3Cl3,0.741953,0.986446,False
Li2MnGaS3Br3,0.740902,0.929078,False
Li2MnGaS3I3,0.737418,0.760449,False
Li2MnGaSe3F3,0.741347,0.952958,False
Li2MnGaSe3Cl3,0.740599,0.913104,False
Li2MnGaSe3Br3,0.739627,0.863736,False
Li2MnGaSe3I3,0.736388,0.716108,False
Li2BiAgF6,0.642703,1.504728,False
Li2BiAgCl6,0.645327,1.360043,False
Li2BiAgBr6,0.648586,1.202077,False
Li2BiAgI6,0.658384,0.833115,False
Li2BiAgF3Cl3,0.644042,1.428732,False
Li2BiAgF3Br3,0.645785,1.336483,False
Li2BiAgF3I3,0.651631,1.072452,False
Li2BiAgCl3Br3,0.647000,1.276190,False
Li2BiAgCl3I3,0.652627,1.033279,False
Li2BiAgBr3I3,0.653933,0.984152,False
Li2SbCuO3F3,0.736447,0.839695,False
Li2SbCuO3Cl3,0.735851,0.808824,False
Li2SbCuO3Br3,0.735074,0.770128,False
Li2SbCuO3I3,0.732461,0.651316,False
Li2SbCuS3F3,0.739894,1.041009,False
Li2SbCuS3Cl3,0.739151,0.993976,False
Li2SbCuS3Br3,0.738188,0.936170,False
Li2SbCuS3I3,0.734994,0.766254,False
Li2SbCuSe3F3,0.738596,0.960233,False
Li2SbCuSe3Cl3,0.737910,0.920074,False
Li2SbCuSe3Br3,0.737020,0.870330,False
Li2SbCuSe3I3,0.734050,0.721574,False
Li2SbAgF6,0.682308,1.359338,False
Li2SbAgCl6,0.683378,1.228632,False
Li2SbAgBr6,0.684700,1.085930,False
Li2SbAgI6,0.688624,0.752618,False
Li2SbAgO3S3,0.686771,0.895639,False
Li2SbAgO3Se3,0.687418,0.843109,False
Li2SbAgS3Se3,0.685454,1.012324,False
Li2SbAgF3Cl3,0.682855,1.290685,False
Li2SbAgF3Br3,0.683565,1.207349,False
Li2SbAgF3I3,0.685927,0.968829,False
Li2SbAgCl3Br3,0.684058,1.152882,False
Li2SbAgCl3I3,0.686327,0.933442,False
Li2SbAgBr3I3,0.686850,0.889061,False
Li2SbZnO3F3,0.724424,0.870229,False
Li2SbZnO3Cl3,0.724077,0.838235,False
Li2SbZnO3Br3,0.723626,0.798133,False
Li2SbZnO3I3,0.722104,0.675000,False
Li2SbZnS3F3,0.726421,1.078864,False
Li2SbZnS3Cl3,0.725991,1.030120,False
Li2SbZnS3Br3,0.725434,0.970213,False
Li2SbZnS3I3,0.723580,0.794118,False
Li2SbZnSe3F3,0.725670,0.995150,False
Li2SbZnSe3Cl3,0.725272,0.953532,False
Li2SbZnSe3Br3,0.724756,0.901978,False
Li2SbZnSe3I3,0.723030,0.747813,False
Li2CuZnF6,0.729843,1.205674,False
Li2CuZnCl6,0.728797,1.089744,False
Li2CuZnBr6,0.727514,0.963173,False
Li2CuZnI6,0.723758,0.667539,False
Li2CuZnF3Cl3,0.729308,1.144781,False
Li2CuZnF3Br3,0.728616,1.070866,False
Li2CuZnF3I3,0.726330,0.859309,False
Li2CuZnCl3Br3,0.728136,1.022556,False
Li2CuZnCl3I3,0.725946,0.827922,False
Li2CuZnBr3I3,0.725445,0.788558,False
Li2AgInF6,0.660469,1.437352,False
Li2AgInCl6,0.662420,1.299145,False
Li2AgInBr6,0.664836,1.148253,False
Li2AgInI6,0.672061,0.795812,False
Li2AgInF3Cl3,0.661465,1.364759,False
Li2AgInF3Br3,0.662760,1.276640,False
Li2AgInF3I3,0.667087,1.024431,False
Li2AgInCl3Br3,0.663661,1.219048,False
Li2AgInCl3I3,0.667823,0.987013,False
Li2AgInBr3I3,0.668786,0.940085,False
Li2AgGaF6,0.696974,1.309693,False
Li2AgGaCl6,0.697420,1.183761,False
Li2AgGaBr6,0.697970,1.046270,False
Li2AgGaI6,0.699596,0.725131,False
Li2AgGaF3Cl3,0.697202,1.243547,False
Li2AgGaF3Br3,0.697498,1.163255,False
Li2AgGaF3I3,0.698480,0.933446,False
Li2AgGaCl3Br3,0.697703,1.110777,False
Li2AgGaCl3I3,0.698646,0.899351,False
Li2AgGaBr3I3,0.698862,0.856591,False
