formula,legacy_steric_pass,ox_ok,rA,rB,rX,t,mu,tau,tau_perovskite,ox_states,p_semi,gap_pred_eV,gap_sigma_eV,ef_pred_eV_atom,gap_lo90_eV,gap_hi90_eV,p_gap_pv,p_pv_absorber,toxic,stage_fail,hull_surface_ef,ehull_pred_meV,p_ehull_le_0,p_ehull_le_20,p_ehull_le_35,p_ehull_le_50,p_ehull_le_100,status,mp_ehull_meV,mp_entry_id
K2SnVO3F3,True,True,1.64000,0.66500,1.36500,1.04673,0.48718,3.78473,True,K+1;Sn+4;V+3;O-2;F-1,0.90226,2.70313,0.80615,-2.59142,1.10048,4.30578,0.11074,0.09991,False,pass,-2.67830,86.88231,0.12261,0.17140,0.22314,0.29578,0.66211,unstable_likely,,
K2SnVO3Cl3,True,True,1.64000,0.66500,1.60500,1.01082,0.41433,4.14563,True,K+1;Sn+4;V+3;O-2;Cl-1,0.88981,2.38764,0.68067,-1.97753,1.03446,3.74083,0.15716,0.13984,False,pass,-2.20477,227.24375,0.01797,0.02271,0.02780,0.03383,0.06649,unstable_likely,,
K2SnVS3F3,False,True,1.64000,0.66500,1.58500,1.01352,0.41956,4.11555,True,K+1;Sn+4;V+3;S-2;F-1,0.90307,2.41848,0.73052,-2.06323,0.96618,3.87078,0.15429,0.13933,False,pass,-2.05899,-4.24052,0.59570,0.73059,0.80152,0.85093,0.93298,stable_likely,,
K2SnNbO3F3,True,True,1.64000,0.70500,1.36500,1.02650,0.51648,3.69155,True,K+1;Sn+4;Nb+3;O-2;F-1,0.88257,3.02523,0.87184,-2.60856,1.29198,4.75848,0.07917,0.06987,False,pass,-2.83005,221.48870,0.01913,0.02467,0.03002,0.03645,0.07204,unstable_likely,,
K2SnNbO3Cl3,True,True,1.64000,0.70500,1.60500,0.99332,0.43925,4.03198,True,K+1;Sn+4;Nb+3;O-2;Cl-1,0.88920,2.55080,0.63712,-2.09049,1.28417,3.81742,0.11968,0.10642,False,pass,-2.35375,263.26042,0.01250,0.01522,0.01776,0.02111,0.04063,unstable_likely,,
K2SnNbO3Br3,True,True,1.64000,0.70500,1.68000,0.98432,0.41964,4.13836,True,K+1;Sn+4;Nb+3;O-2;Br-1,0.88213,2.15372,0.58926,-1.66194,0.98227,3.32518,0.21590,0.19045,False,pass,-2.22017,558.23198,0.00173,0.00189,0.00205,0.00220,0.00288,unstable_likely,,
K2SnNbS3F3,False,True,1.64000,0.70500,1.58500,0.99582,0.44479,4.00361,True,K+1;Sn+4;Nb+3;S-2;F-1,0.89645,2.33627,0.72730,-2.06625,0.89036,3.78218,0.17429,0.15624,False,pass,-2.12751,61.26397,0.18905,0.27200,0.36027,0.46949,0.79974,unstable_likely,,
K2SnNbSe3F3,False,True,1.64000,0.70500,1.65500,0.98725,0.42598,4.10290,True,K+1;Sn+4;Nb+3;Se-2;F-1,0.87161,1.63241,0.77758,-1.81154,0.08656,3.17825,0.33238,0.28970,False,pass,-2.06672,255.17695,0.01342,0.01657,0.01949,0.02343,0.04503,unstable_likely,,
K2SnTaO3F3,True,True,1.64000,0.70500,1.36500,1.02650,0.51648,3.69155,True,K+1;Sn+4;Ta+3;O-2;F-1,0.88474,3.15751,0.99025,-2.65225,1.18885,5.12616,0.07562,0.06691,False,pass,-2.93557,283.31985,0.01053,0.01249,0.01447,0.01688,0.03124,unstable_likely,,
K2SnTaO3Cl3,True,True,1.64000,0.70500,1.60500,0.99332,0.43925,4.03198,True,K+1;Sn+4;Ta+3;O-2;Cl-1,0.89293,2.78528,0.72356,-2.17959,1.34681,4.22375,0.09242,0.08253,False,pass,-2.46141,281.81762,0.01067,0.01262,0.01467,0.01710,0.03180,unstable_likely,,
K2SnTaO3Br3,True,True,1.64000,0.70500,1.68000,0.98432,0.41964,4.13836,True,K+1;Sn+4;Ta+3;O-2;Br-1,0.88136,2.37826,0.63345,-1.75633,1.11893,3.63759,0.15479,0.13643,False,pass,-2.32783,571.49918,0.00164,0.00177,0.00192,0.00206,0.00267,unstable_likely,,
K2SnTaS3F3,False,True,1.64000,0.70500,1.58500,0.99582,0.44479,4.00361,True,K+1;Sn+4;Ta+3;S-2;F-1,0.89898,2.53996,0.75593,-2.08512,1.03715,4.04277,0.13141,0.11814,False,pass,-2.19410,108.97910,0.08671,0.11860,0.15111,0.19644,0.48794,unstable_likely,,
K2SnTaSe3F3,False,True,1.64000,0.70500,1.65500,0.98725,0.42598,4.10290,True,K+1;Sn+4;Ta+3;Se-2;F-1,0.87392,2.08127,0.77825,-1.88479,0.53410,3.62845,0.22746,0.19878,False,pass,-2.11352,228.72624,0.01769,0.02236,0.02733,0.03318,0.06505,unstable_likely,,
K2SnCrO3F3,True,True,1.64000,0.65250,1.36500,1.05321,0.47802,3.81906,True,K+1;Sn+4;Cr+3;O-2;F-1,0.85578,2.60180,0.72667,-2.49748,1.15715,4.04646,0.11968,0.10242,False,pass,-2.64223,144.74813,0.05179,0.06875,0.08577,0.10792,0.25500,unstable_likely,,
K2SnCrS3F3,False,True,1.64000,0.65250,1.58500,1.01918,0.41167,4.15622,True,K+1;Sn+4;Cr+3;S-2;F-1,0.87266,2.20634,0.65400,-1.95937,0.90616,3.50652,0.20324,0.17736,False,pass,-2.01904,59.67397,0.19419,0.28030,0.37073,0.48215,0.80574,unstable_likely,,
K2SnMoO6,True,True,1.64000,0.64000,1.40000,1.05373,0.45714,3.91072,True,K+1;Sn+4;Mo+6;O-2,0.86775,2.99274,0.64203,-2.05795,1.71635,4.26912,0.05469,0.04746,False,pass,-2.17940,121.45323,0.07208,0.09732,0.12347,0.15803,0.39290,unstable_likely,,
K2SnWO6,True,True,1.64000,0.64500,1.40000,1.05115,0.46071,3.89518,True,K+1;Sn+4;W+6;O-2,0.78675,3.04446,0.66555,-2.08541,1.72133,4.36759,0.05334,0.04197,False,pass,-2.21589,130.47844,0.06350,0.08476,0.10656,0.13571,0.33277,unstable_likely,,
K2SnFeO3F3,True,True,1.64000,0.66750,1.36500,1.04544,0.48901,3.77817,True,K+1;Sn+4;Fe+3;O-2;F-1,0.79887,2.08173,0.61533,-2.42147,0.85843,3.30503,0.23776,0.18994,False,pass,-2.47512,53.65090,0.21615,0.31384,0.41309,0.53106,0.82685,stable_likely,,
K2SnFeO3Cl3,True,True,1.64000,0.66750,1.60500,1.00971,0.41589,4.13772,True,K+1;Sn+4;Fe+3;O-2;Cl-1,0.73471,1.74840,0.63109,-1.78203,0.49378,3.00301,0.35196,0.25859,False,pass,-1.99791,215.87967,0.02043,0.02671,0.03214,0.03921,0.07815,unstable_likely,,
K2SnFeS3F3,False,True,1.64000,0.66750,1.58500,1.01239,0.42114,4.10776,True,K+1;Sn+4;Fe+3;S-2;F-1,0.81045,1.80814,0.59935,-1.93594,0.61661,2.99967,0.34554,0.28005,False,pass,-1.93963,3.69145,0.53071,0.68352,0.76742,0.82677,0.92492,stable_likely,,
K2SnBiO3F3,True,True,1.64000,0.86000,1.36500,0.95499,0.63004,3.54138,True,K+1;Sn+4;Bi+3;O-2;F-1,0.83263,3.17280,0.65987,-2.43776,1.86096,4.48464,0.04186,0.03486,False,pass,-2.48689,49.12513,0.23503,0.34133,0.44757,0.56867,0.84114,stable_likely,,
K2SnBiO3Cl3,True,True,1.64000,0.86000,1.60500,0.93086,0.53583,3.82045,True,K+1;Sn+4;Bi+3;O-2;Cl-1,0.75487,2.19950,0.72204,-1.58591,0.76407,3.63494,0.20341,0.15355,False,pass,-2.00968,423.77182,0.00357,0.00409,0.00447,0.00491,0.00728,unstable_likely,,
K2SnBiO3Br3,True,True,1.64000,0.86000,1.68000,0.92425,0.51190,3.90766,True,K+1;Sn+4;Bi+3;O-2;Br-1,0.77613,1.84398,0.61635,-1.15503,0.61866,3.06930,0.32681,0.25364,False,pass,-1.88861,733.57611,0.00079,0.00089,0.00090,0.00097,0.00124,unstable_likely,,
K2SnBiO3I3,True,True,1.64000,0.86000,1.80000,0.91445,0.47778,4.04720,True,K+1;Sn+4;Bi+3;O-2;I-1,0.79049,1.60875,0.59533,-1.08264,0.42521,2.79230,0.42125,0.33299,False,pass,-1.69517,612.53474,0.00136,0.00148,0.00162,0.00170,0.00214,unstable_likely,,
K2SnBiS3F3,False,True,1.64000,0.86000,1.58500,0.93269,0.54259,3.79720,True,K+1;Sn+4;Bi+3;S-2;F-1,0.84224,2.34528,0.70736,-1.64086,0.93902,3.75154,0.17117,0.14416,False,pass,-1.89125,250.39069,0.01412,0.01736,0.02060,0.02512,0.04804,unstable_likely,,
K2SnBiS3Cl3,False,True,1.64000,0.86000,1.82500,0.91252,0.47123,4.07627,True,K+1;Sn+4;Bi+3;S-2;Cl-1,0.86732,2.27373,0.47735,-1.18293,1.32475,3.22272,0.15901,0.13792,False,pass,-1.42033,237.40460,0.01612,0.02010,0.02432,0.02966,0.05743,unstable_likely,,
K2SnBiS3Br3,False,True,1.64000,0.86000,1.90000,0.90694,0.45263,4.16348,True,K+1;Sn+4;Bi+3;S-2;Br-1,0.89981,1.91004,0.33862,-1.12431,1.23686,2.58322,0.33381,0.30037,False,pass,-1.29057,166.25793,0.03903,0.05080,0.06282,0.07769,0.17330,unstable_likely,,
K2SnBiSe3F3,False,True,1.64000,0.86000,1.65500,0.92641,0.51964,3.87859,True,K+1;Sn+4;Bi+3;Se-2;F-1,0.84739,1.66329,0.55993,-1.41449,0.55013,2.77645,0.41636,0.35282,False,pass,-1.87483,460.33907,0.00285,0.00322,0.00352,0.00388,0.00548,unstable_likely,,
K2SnBiSe3Cl3,False,True,1.64000,0.86000,1.89500,0.90730,0.45383,4.15766,True,K+1;Sn+4;Bi+3;Se-2;Cl-1,0.89763,2.13819,0.43646,-1.11918,1.27050,3.00588,0.20746,0.18622,False,pass,-1.41141,292.22551,0.00967,0.01164,0.01319,0.01533,0.02780,unstable_likely,,
K2SnSbO3F3,True,True,1.64000,0.72500,1.36500,1.01668,0.53114,3.65395,True,K+1;Sn+4;Sb+3;O-2;F-1,0.90622,3.15293,0.66584,-2.47011,1.82921,4.47665,0.04338,0.03931,False,pass,-2.48643,16.31692,0.43059,0.59121,0.69831,0.77801,0.90864,stable_likely,,
K2SnSbO3Cl3,True,True,1.64000,0.72500,1.60500,0.98479,0.45171,3.98499,True,K+1;Sn+4;Sb+3;O-2;Cl-1,0.85958,1.94709,0.73777,-1.68467,0.48038,3.41381,0.26806,0.23042,False,pass,-2.01281,328.13549,0.00703,0.00836,0.00962,0.01110,0.01779,unstable_likely,,
K2SnSbO3Br3,True,True,1.64000,0.72500,1.68000,0.97613,0.43155,4.08843,True,K+1;Sn+4;Sb+3;O-2;Br-1,0.87338,1.81765,0.66569,-1.16680,0.49425,3.14106,0.32284,0.28196,False,pass,-1.87016,703.36381,0.00089,0.00097,0.00100,0.00112,0.00141,unstable_likely,,
K2SnSbS3F3,False,True,1.64000,0.72500,1.58500,0.98719,0.45741,3.95740,True,K+1;Sn+4;Sb+3;S-2;F-1,0.91503,2.17203,0.64776,-1.72036,0.88427,3.45979,0.21092,0.19300,False,pass,-1.87601,155.64716,0.04474,0.05900,0.07285,0.09118,0.20819,unstable_likely,,
K2SnSbSe3F3,False,True,1.64000,0.72500,1.65500,0.97896,0.43807,4.05395,True,K+1;Sn+4;Sb+3;Se-2;F-1,0.91649,1.65940,0.60561,-1.38241,0.45543,2.86337,0.39602,0.36294,False,pass,-1.85208,469.67447,0.00270,0.00306,0.00334,0.00366,0.00505,unstable_likely,,
K2SnInO3F3,True,True,1.64000,0.74500,1.36500,1.00704,0.54579,3.62202,True,K+1;Sn+4;In+3;O-2;F-1,0.92192,2.84241,0.83732,-2.54100,1.17779,4.50703,0.09537,0.08793,False,pass,-2.55067,9.67185,0.48215,0.64193,0.73607,0.80574,0.91798,stable_likely,,
K2SnInO3Cl3,True,True,1.64000,0.74500,1.60500,0.97641,0.46417,3.94417,True,K+1;Sn+4;In+3;O-2;Cl-1,0.88597,2.01616,0.78198,-1.71008,0.46156,3.57077,0.24468,0.21678,False,pass,-2.09034,380.26116,0.00468,0.00548,0.00620,0.00693,0.01087,unstable_likely,,
K2SnInO3Br3,True,True,1.64000,0.74500,1.68000,0.96808,0.44345,4.04484,True,K+1;Sn+4;In+3;O-2;Br-1,0.90120,1.76436,0.69985,-1.32590,0.37303,3.15568,0.32579,0.29360,False,pass,-1.94913,623.23291,0.00130,0.00141,0.00153,0.00164,0.00205,unstable_likely,,
K2SnInS3F3,False,True,1.64000,0.74500,1.58500,0.97872,0.47003,3.91732,True,K+1;Sn+4;In+3;S-2;F-1,0.92774,2.65291,0.81431,-1.90672,1.03404,4.27178,0.11859,0.11002,False,pass,-1.94919,42.46658,0.26598,0.38564,0.50048,0.62115,0.85946,stable_likely,,
K2SnInSe3F3,False,True,1.64000,0.74500,1.65500,0.97080,0.45015,4.01128,True,K+1;Sn+4;In+3;Se-2;F-1,0.93327,1.65252,0.79814,-1.47946,0.06580,3.23924,0.32090,0.29949,False,pass,-1.92713,447.66790,0.00311,0.00346,0.00381,0.00420,0.00610,unstable_likely,,
K2SnGaO3F3,True,True,1.64000,0.65500,1.36500,1.05191,0.47985,3.81198,True,K+1;Sn+4;Ga+3;O-2;F-1,0.92933,2.91148,0.78331,-2.54015,1.35424,4.46872,0.08356,0.07765,False,pass,-2.61384,73.68644,0.15185,0.21604,0.28572,0.37732,0.74175,unstable_likely,,
K2SnGaO3Cl3,True,True,1.64000,0.65500,1.60500,1.01529,0.40810,4.17840,True,K+1;Sn+4;Ga+3;O-2;Cl-1,0.89350,2.84732,0.83436,-1.73089,1.18858,4.50606,0.09386,0.08386,False,pass,-2.14198,411.09218,0.00386,0.00443,0.00482,0.00544,0.00817,unstable_likely,,
K2SnGaS3F3,False,True,1.64000,0.65500,1.58500,1.01804,0.41325,4.14786,True,K+1;Sn+4;Ga+3;S-2;F-1,0.93147,2.93980,0.73069,-1.91923,1.48716,4.39243,0.07233,0.06738,False,pass,-1.99754,78.30856,0.14061,0.19855,0.26198,0.34689,0.71649,unstable_likely,,
K2GeVO3F3,True,True,1.64000,0.58500,1.36500,1.08967,0.42857,4.05288,True,K+1;Ge+4;V+3;O-2;F-1,0.88770,2.76845,0.75623,-2.58421,1.26504,4.27186,0.09748,0.08654,False,pass,-2.69648,112.26943,0.08234,0.11244,0.14298,0.18578,0.46137,unstable_likely,,
K2GeNbO3F3,True,True,1.64000,0.62500,1.36500,1.06777,0.45788,3.90402,True,K+1;Ge+4;Nb+3;O-2;F-1,0.87264,3.09764,0.84538,-2.60711,1.41700,4.77827,0.06963,0.06076,False,pass,-2.80188,194.76780,0.02704,0.03487,0.04247,0.05178,0.10787,unstable_likely,,
K2GeTaO3F3,True,True,1.64000,0.62500,1.36500,1.06777,0.45788,3.90402,True,K+1;Ge+4;Ta+3;O-2;F-1,0.90094,2.84331,0.91655,-2.64428,1.02118,4.66544,0.10272,0.09254,False,pass,-2.93792,293.64236,0.00954,0.01151,0.01301,0.01517,0.02735,unstable_likely,,
K2GeCrO3F3,True,True,1.64000,0.57250,1.36500,1.09670,0.41941,4.10618,True,K+1;Ge+4;Cr+3;O-2;F-1,0.84028,2.49710,0.68792,-2.50387,1.12949,3.86472,0.13344,0.11213,False,pass,-2.65781,153.94121,0.04582,0.06049,0.07454,0.09379,0.21488,unstable_likely,,
K2GeFeF6,False,True,1.64000,0.75500,1.33000,1.00725,0.56767,3.56176,True,K+1;Ge+2;Fe+2;F-1,0.88193,2.24149,0.62813,-2.82100,0.99274,3.49023,0.19311,0.17031,False,pass,-2.73949,-81.50962,0.90561,0.93037,0.94313,0.95272,0.97183,stable_likely,,
K2GeFeO3F3,True,True,1.64000,0.58750,1.36500,1.08827,0.43040,4.04263,True,K+1;Ge+4;Fe+3;O-2;F-1,0.79556,2.09791,0.60886,-2.43096,0.88748,3.30835,0.23312,0.18546,False,pass,-2.48971,58.75148,0.19709,0.28533,0.37694,0.48974,0.80940,unstable_likely,,
K2GeFeF3Cl3,False,True,1.64000,0.75500,1.57000,0.97626,0.48089,3.87964,True,K+1;Ge+2;Fe+2;F-1;Cl-1,0.87905,2.20731,0.62840,-2.20392,0.95803,3.45659,0.20248,0.17799,False,pass,-2.23729,33.36587,0.31566,0.45328,0.57478,0.68550,0.87996,stable_likely,,
K2GeFeF3Br3,False,True,1.64000,0.75500,1.64500,0.96785,0.45897,3.97898,True,K+1;Ge+2;Fe+2;F-1;Br-1,0.87645,1.67278,0.61948,-1.83693,0.44124,2.90432,0.38513,0.33755,False,pass,-2.10188,264.94838,0.01231,0.01495,0.01746,0.02071,0.03966,unstable_likely,,
K2GeFeF3I3,True,True,1.64000,0.75500,1.76500,0.95544,0.42776,4.13792,True,K+1;Ge+2;Fe+2;F-1;I-1,0.86914,1.51271,0.57597,-1.68975,0.36766,2.65776,0.45974,0.39958,False,pass,-1.91135,221.60043,0.01910,0.02464,0.02999,0.03637,0.07192,unstable_likely,,
K2GeMnF6,False,True,1.64000,0.78000,1.33000,0.99531,0.58647,3.53436,True,K+1;Ge+2;Mn+2;F-1,0.85896,2.47896,0.63586,-2.92598,1.21484,3.74307,0.13285,0.11411,False,pass,-2.87570,-50.27520,0.83928,0.88701,0.91100,0.92920,0.96177,stable_likely,,
K2GeMnCl6,False,True,1.64000,0.78000,1.81000,0.94190,0.43094,4.14974,True,K+1;Ge+2;Mn+2;Cl-1,0.83998,1.31747,0.50681,-1.74959,0.30992,2.32502,0.54043,0.45395,False,pass,-1.73916,-10.43355,0.64276,0.76338,0.82412,0.86625,0.93864,stable_likely,,
K2GeMnF3Cl3,False,True,1.64000,0.78000,1.57000,0.96588,0.49682,3.84205,True,K+1;Ge+2;Mn+2;F-1;Cl-1,0.86479,2.41915,0.61366,-2.21037,1.19917,3.63912,0.14196,0.12277,False,pass,-2.35014,139.76804,0.05573,0.07363,0.09265,0.11683,0.27982,unstable_likely,,
K2GeMnF3Br3,False,True,1.64000,0.78000,1.64500,0.95787,0.47416,3.93820,True,K+1;Ge+2;Mn+2;F-1;Br-1,0.84582,1.69785,0.61694,-1.96364,0.47135,2.92435,0.37703,0.31890,False,pass,-2.21473,251.09054,0.01403,0.01724,0.02038,0.02485,0.04760,unstable_likely,,
K2GeMnF3I3,True,True,1.64000,0.78000,1.76500,0.94605,0.44193,4.09205,True,K+1;Ge+2;Mn+2;F-1;I-1,0.83795,1.65955,0.59534,-1.83236,0.47598,2.84311,0.40066,0.33573,False,pass,-2.02420,191.84259,0.02795,0.03624,0.04414,0.05384,0.11309,unstable_likely,,
K2GeBiO3F3,True,True,1.64000,0.78000,1.36500,0.99061,0.57143,3.57923,True,K+1;Ge+4;Bi+3;O-2;F-1,0.82341,3.14379,0.63072,-2.44716,1.88990,4.39768,0.04043,0.03329,False,pass,-2.50236,55.20112,0.20974,0.30509,0.40173,0.51845,0.82192,stable_likely,,
K2GeBiO3Cl3,True,True,1.64000,0.78000,1.60500,0.96208,0.48598,3.88692,True,K+1;Ge+4;Bi+3;O-2;Cl-1,0.73587,2.55806,0.70008,-1.67464,1.16627,3.94985,0.12424,0.09142,False,pass,-2.01180,337.15790,0.00654,0.00781,0.00895,0.01013,0.01618,unstable_likely,,
K2GeBiO3Br3,True,True,1.64000,0.78000,1.68000,0.95431,0.46429,3.98308,True,K+1;Ge+4;Bi+3;O-2;Br-1,0.75221,2.16626,0.61040,-1.23193,0.95276,3.37976,0.21354,0.16062,False,pass,-1.89124,659.30638,0.00107,0.00120,0.00130,0.00136,0.00173,unstable_likely,,
K2GeBiO3I3,True,True,1.64000,0.78000,1.80000,0.94281,0.43333,4.13692,True,K+1;Ge+4;Bi+3;O-2;I-1,0.76739,1.97746,0.55177,-1.13472,0.88053,3.07439,0.28351,0.21756,False,pass,-1.70081,566.08764,0.00169,0.00184,0.00200,0.00213,0.00274,unstable_likely,,
K2GeBiS3F3,False,True,1.64000,0.78000,1.58500,0.96424,0.49211,3.86128,True,K+1;Ge+4;Bi+3;S-2;F-1,0.80917,2.46458,0.67086,-1.72827,1.13088,3.79828,0.13834,0.11194,False,pass,-1.89644,168.16598,0.03802,0.04948,0.06101,0.07537,0.16719,unstable_likely,,
K2GeBiS3Cl3,False,True,1.64000,0.78000,1.82500,0.94055,0.42740,4.16897,True,K+1;Ge+4;Bi+3;S-2;Cl-1,0.84044,2.22176,0.42781,-1.26555,1.37125,3.07226,0.16526,0.13889,False,pass,-1.40651,140.95864,0.05466,0.07253,0.09064,0.11465,0.27347,unstable_likely,,
K2GeBiSe3F3,False,True,1.64000,0.78000,1.65500,0.95684,0.47130,3.95103,True,K+1;Ge+4;Bi+3;Se-2;F-1,0.80192,1.78662,0.53285,-1.46250,0.72730,2.84593,0.37559,0.30119,False,pass,-1.87080,408.29603,0.00395,0.00450,0.00494,0.00561,0.00836,unstable_likely,,
K2GeSbO3F3,True,True,1.64000,0.64500,1.36500,1.05714,0.47253,3.84092,True,K+1;Ge+4;Sb+3;O-2;F-1,0.88855,3.14973,0.62438,-2.43517,1.90845,4.39102,0.03891,0.03457,False,pass,-2.50108,65.91171,0.17454,0.24932,0.33006,0.43368,0.77974,unstable_likely,,
K2GeCuF6,False,True,1.64000,0.73000,1.33000,1.01947,0.54887,3.59750,True,K+1;Ge+2;Cu+2;F-1,0.70777,1.18524,0.47695,-2.57237,0.23704,2.13343,0.54220,0.38375,False,pass,-2.73192,159.55022,0.04255,0.05591,0.06892,0.08604,0.19456,unstable_likely,,
K2GeCuF3Cl3,False,True,1.64000,0.73000,1.57000,0.98688,0.46497,3.92627,True,K+1;Ge+2;Cu+2;F-1;Cl-1,0.67838,1.18619,0.46469,-2.20671,0.26236,2.11002,0.55047,0.37343,False,pass,-2.17268,-34.03158,0.77953,0.85029,0.88468,0.90912,0.95425,stable_likely,,
K2GeCuF3Br3,False,True,1.64000,0.73000,1.64500,0.97804,0.44377,4.02901,True,K+1;Ge+2;Cu+2;F-1;Br-1,0.70612,0.98550,0.50290,-1.83064,-0.01428,1.98527,0.43965,0.31045,False,pass,-2.03695,206.30731,0.02307,0.03008,0.03654,0.04440,0.09021,unstable_likely,,
K2GeZnF6,False,True,1.64000,0.73500,1.33000,1.01700,0.55263,3.58967,True,K+1;Ge+2;Zn+2;F-1,0.86854,3.54527,0.56786,-2.75154,2.41635,4.67418,0.01300,0.01129,False,pass,-2.77403,22.49059,0.38543,0.54134,0.65795,0.74796,0.89944,stable_likely,,
K2GeZnF3Cl3,False,True,1.64000,0.73500,1.57000,0.98473,0.46815,3.91620,True,K+1;Ge+2;Zn+2;F-1;Cl-1,0.84987,3.38048,0.45119,-2.33050,2.48351,4.27746,0.00979,0.00832,False,pass,-2.29929,-31.20900,0.76704,0.84213,0.87896,0.90520,0.95257,stable_likely,,
K2GeZnF3Br3,False,True,1.64000,0.73500,1.64500,0.97599,0.44681,4.01824,True,K+1;Ge+2;Zn+2;F-1;Br-1,0.86771,2.68078,0.54319,-1.93391,1.60089,3.76067,0.07681,0.06665,False,pass,-2.16137,227.45837,0.01794,0.02266,0.02777,0.03375,0.06630,unstable_likely,,
K2GeInO3F3,True,True,1.64000,0.66500,1.36500,1.04673,0.48718,3.78473,True,K+1;Ge+4;In+3;O-2;F-1,0.91435,3.12556,0.66270,-2.49560,1.80809,4.44303,0.04490,0.04106,False,pass,-2.56662,71.02151,0.15927,0.22653,0.30056,0.39575,0.75585,unstable_likely,,
K2GeInO3Cl3,True,True,1.64000,0.66500,1.60500,1.01082,0.41433,4.14563,True,K+1;Ge+4;In+3;O-2;Cl-1,0.88115,2.51325,0.66143,-1.74774,1.19830,3.82820,0.12854,0.11327,False,pass,-2.08916,341.41605,0.00638,0.00739,0.00853,0.00973,0.01541,unstable_likely,,
K2GeInS3F3,False,True,1.64000,0.66500,1.58500,1.01352,0.41956,4.11555,True,K+1;Ge+4;In+3;S-2;F-1,0.91812,2.92136,0.65556,-1.94579,1.61808,4.22464,0.06372,0.05851,False,pass,-1.94359,-2.20422,0.57952,0.71918,0.79319,0.84499,0.93106,stable_likely,,
K2GeGaO3F3,True,True,1.64000,0.57500,1.36500,1.09529,0.42125,4.09524,True,K+1;Ge+4;Ga+3;O-2;F-1,0.92987,3.53078,0.65712,-2.55539,2.22440,4.83717,0.02043,0.01899,False,pass,-2.63048,75.09080,0.14848,0.21019,0.27812,0.36793,0.73396,unstable_likely,,
K2TiCrO3F3,True,True,1.64000,0.61000,1.36500,1.07588,0.44689,3.95615,True,K+1;Ti+4;Cr+3;O-2;F-1,0.85090,1.73393,0.68295,-2.87321,0.37619,3.09166,0.33980,0.28914,False,pass,-3.07579,202.58117,0.02425,0.03153,0.03829,0.04661,0.09566,unstable_likely,,
K2TiMoO6,True,True,1.64000,0.59750,1.40000,1.07615,0.42679,4.06151,True,K+1;Ti+4;Mo+6;O-2,0.88738,2.59673,0.64305,-2.53280,1.31833,3.87514,0.11124,0.09871,False,pass,-2.59765,64.85004,0.17764,0.25453,0.33685,0.44205,0.78438,unstable_likely,,
K2TiWO6,True,True,1.64000,0.60250,1.40000,1.07346,0.43036,4.04194,True,K+1;Ti+4;W+6;O-2,0.84341,2.29120,0.51084,-2.68845,1.27562,3.30677,0.16163,0.13632,False,pass,-2.64749,-40.95772,0.80810,0.86753,0.89701,0.91881,0.95774,stable_likely,,
K2TiFeO3F3,True,True,1.64000,0.62500,1.36500,1.06777,0.45788,3.90402,True,K+1;Ti+4;Fe+3;O-2;F-1,0.86234,2.06789,0.64111,-2.80091,0.79334,3.34244,0.24342,0.20991,False,pass,-2.91092,110.00706,0.08543,0.11634,0.14868,0.19311,0.47964,unstable_likely,,
K2TiBiO3F3,False,True,1.64000,0.81750,1.36500,0.97359,0.59890,3.55125,True,K+1;Ti+4;Bi+3;O-2;F-1,0.84933,2.65359,0.93531,-2.67746,0.79416,4.51303,0.12483,0.10602,False,pass,-2.90586,228.40015,0.01775,0.02243,0.02744,0.03332,0.06541,unstable_likely,,
K2TiBiO3Cl3,True,True,1.64000,0.81750,1.60500,0.94719,0.50935,3.84482,True,K+1;Ti+4;Bi+3;O-2;Cl-1,0.81038,2.51871,0.82063,-2.10327,0.88727,4.15016,0.14019,0.11361,False,pass,-2.42165,318.38108,0.00767,0.00919,0.01053,0.01193,0.01990,unstable_likely,,
K2TiBiO3Br3,True,True,1.64000,0.81750,1.68000,0.93998,0.48661,3.93657,True,K+1;Ti+4;Bi+3;O-2;Br-1,0.80385,1.95172,0.70602,-1.78276,0.54812,3.35532,0.27211,0.21874,False,pass,-2.30058,517.81537,0.00212,0.00237,0.00258,0.00271,0.00371,unstable_likely,,
K2TiBiO3I3,True,True,1.64000,0.81750,1.80000,0.92930,0.45417,4.08336,True,K+1;Ti+4;Bi+3;O-2;I-1,0.81313,2.08453,0.68030,-1.65071,0.73208,3.43699,0.23515,0.19120,False,pass,-2.10714,456.43400,0.00291,0.00328,0.00363,0.00400,0.00569,unstable_likely,,
K2TiBiS3F3,False,True,1.64000,0.81750,1.58500,0.94919,0.51577,3.82036,True,K+1;Ti+4;Bi+3;S-2;F-1,0.83265,2.22968,0.79945,-2.08124,0.64036,3.81901,0.19311,0.16080,False,pass,-2.25083,169.59456,0.03741,0.04857,0.05999,0.07382,0.16311,unstable_likely,,
K2TiBiS3Cl3,False,True,1.64000,0.81750,1.82500,0.92720,0.44795,4.11394,True,K+1;Ti+4;Bi+3;S-2;Cl-1,0.84894,1.89973,0.51428,-1.55664,0.87732,2.92214,0.32613,0.27686,False,pass,-1.69177,135.13071,0.05953,0.07914,0.09944,0.12610,0.30552,unstable_likely,,
K2TiBiSe3F3,False,True,1.64000,0.81750,1.65500,0.94233,0.49396,3.90599,True,K+1;Ti+4;Bi+3;Se-2;F-1,0.81830,1.55407,0.76164,-1.94343,0.03990,3.06824,0.35272,0.28863,False,pass,-2.19250,249.06709,0.01435,0.01761,0.02090,0.02557,0.04895,unstable_likely,,
K2TiSbO3F3,True,True,1.64000,0.68250,1.36500,1.03778,0.50000,3.74092,True,K+1;Ti+4;Sb+3;O-2;F-1,0.87021,2.75149,0.80966,-2.70711,1.14185,4.36113,0.10517,0.09152,False,pass,-2.92439,217.27646,0.02013,0.02622,0.03164,0.03848,0.07639,unstable_likely,,
K2TiSbO3Cl3,True,True,1.64000,0.68250,1.60500,1.00309,0.42523,4.09256,True,K+1;Ti+4;Sb+3;O-2;Cl-1,0.86232,2.51772,0.69557,-2.01260,1.13490,3.90054,0.13049,0.11252,False,pass,-2.43105,418.45231,0.00371,0.00418,0.00462,0.00510,0.00767,unstable_likely,,
K2TiSbS3F3,False,True,1.64000,0.68250,1.58500,1.00570,0.43060,4.06326,True,K+1;Ti+4;Sb+3;S-2;F-1,0.87597,2.50383,0.67914,-2.19785,1.15368,3.85398,0.13150,0.11519,False,pass,-2.22975,31.90172,0.32425,0.46426,0.58644,0.69481,0.88288,stable_likely,,
K2TiSbSe3F3,False,True,1.64000,0.68250,1.65500,0.99676,0.41239,4.16582,True,K+1;Ti+4;Sb+3;Se-2;F-1,0.86802,1.47537,0.72500,-1.94213,0.03403,2.91670,0.38403,0.33335,False,pass,-2.18098,238.85252,0.01584,0.01980,0.02388,0.02913,0.05646,unstable_likely,,
K2TiInO3F3,True,True,1.64000,0.70250,1.36500,1.02774,0.51465,3.69666,True,K+1;Ti+4;In+3;O-2;F-1,0.94159,3.09692,0.79785,-2.84283,1.51077,4.68307,0.06465,0.06088,False,pass,-2.98341,140.58007,0.05507,0.07286,0.09127,0.11528,0.27557,unstable_likely,,
K2TiInO3Cl3,True,True,1.64000,0.70250,1.60500,0.99439,0.43769,4.03830,True,K+1;Ti+4;In+3;O-2;Cl-1,0.90379,2.49033,0.65835,-2.18838,1.18151,3.79915,0.13141,0.11877,False,pass,-2.50859,320.20797,0.00751,0.00910,0.01029,0.01179,0.01948,unstable_likely,,
K2TiInO3Br3,True,True,1.64000,0.70250,1.68000,0.98535,0.41815,4.14506,True,K+1;Ti+4;In+3;O-2;Br-1,0.90040,1.98474,0.64725,-1.84060,0.69799,3.27150,0.27034,0.24341,False,pass,-2.36738,526.77972,0.00201,0.00225,0.00242,0.00265,0.00349,unstable_likely,,
K2TiInS3F3,False,True,1.64000,0.70250,1.58500,0.99690,0.44322,4.00983,True,K+1;Ti+4;In+3;S-2;F-1,0.92570,2.81004,0.68998,-2.41733,1.43834,4.18174,0.08398,0.07774,False,pass,-2.30973,-107.60244,0.93601,0.95044,0.95841,0.96467,0.97734,stable_likely,,
K2TiInSe3F3,False,True,1.64000,0.70250,1.65500,0.98830,0.42447,4.10947,True,K+1;Ti+4;In+3;Se-2;F-1,0.92753,1.79281,0.72563,-2.02125,0.35023,3.23539,0.31153,0.28895,False,pass,-2.26227,241.02159,0.01546,0.01928,0.02315,0.02821,0.05456,unstable_likely,,
K2TiGaO3F3,True,True,1.64000,0.61250,1.36500,1.07452,0.44872,3.94717,True,K+1;Ti+4;Ga+3;O-2;F-1,0.94770,2.96861,0.72226,-2.87625,1.53273,4.40448,0.06761,0.06407,False,pass,-3.05139,175.14339,0.03470,0.04504,0.05535,0.06825,0.14842,unstable_likely,,
K2ZrCrO6,True,True,1.64000,0.58000,1.40000,1.08566,0.41429,4.13413,True,K+1;Zr+4;Cr+6;O-2,0.85780,2.41304,0.56931,-2.39841,1.28123,3.54485,0.13876,0.11903,False,pass,-2.58937,190.95980,0.02821,0.03676,0.04456,0.05466,0.11465,unstable_likely,,
K2ZrCrO3F3,True,True,1.64000,0.66750,1.36500,1.04544,0.48901,3.77817,True,K+1;Zr+4;Cr+3;O-2;F-1,0.86044,2.20170,0.68466,-2.91823,0.84057,3.56284,0.20248,0.17422,False,pass,-3.15407,235.83885,0.01648,0.02046,0.02497,0.03025,0.05879,unstable_likely,,
K2ZrCrO3Cl3,True,True,1.64000,0.66750,1.60500,1.00971,0.41589,4.13772,True,K+1;Zr+4;Cr+3;O-2;Cl-1,0.80834,1.99637,0.66115,-2.10468,0.68198,3.31077,0.26477,0.21403,False,pass,-2.65437,549.68895,0.00179,0.00200,0.00214,0.00236,0.00306,unstable_likely,,
K2ZrCrS3F3,False,True,1.64000,0.66750,1.58500,1.01239,0.42114,4.10776,True,K+1;Zr+4;Cr+3;S-2;F-1,0.81041,1.90356,0.70895,-2.26550,0.49414,3.31298,0.28705,0.23263,False,pass,-2.39912,133.61814,0.06067,0.08089,0.10178,0.12915,0.31404,unstable_likely,,
K2ZrMoO6,True,True,1.64000,0.65500,1.40000,1.04604,0.46786,3.86542,True,K+1;Zr+4;Mo+6;O-2,0.90253,2.50685,0.65510,-2.55756,1.20449,3.80921,0.12930,0.11670,False,pass,-2.69124,133.68395,0.06063,0.08079,0.10163,0.12900,0.31371,unstable_likely,,
K2ZrWO6,True,True,1.64000,0.66000,1.40000,1.04350,0.47143,3.85118,True,K+1;Zr+4;W+6;O-2,0.84538,2.34474,0.52422,-2.69465,1.30257,3.38692,0.14821,0.12529,False,pass,-2.72773,33.07916,0.31731,0.45549,0.57709,0.68742,0.88047,stable_likely,,
K2ZrFeO3F3,True,True,1.64000,0.68250,1.36500,1.03778,0.50000,3.74092,True,K+1;Zr+4;Fe+3;O-2;F-1,0.85571,2.49369,0.70916,-2.83231,1.08386,3.90352,0.13538,0.11585,False,pass,-2.98860,156.29474,0.04440,0.05831,0.07223,0.09021,0.20559,unstable_likely,,
K2ZrFeO3Cl3,True,True,1.64000,0.68250,1.60500,1.00309,0.42523,4.09256,True,K+1;Zr+4;Fe+3;O-2;Cl-1,0.82708,2.11632,0.62353,-1.98046,0.87672,3.35592,0.22620,0.18709,False,pass,-2.50859,528.13407,0.00201,0.00220,0.00241,0.00263,0.00345,unstable_likely,,
K2ZrFeS3F3,False,True,1.64000,0.68250,1.58500,1.00570,0.43060,4.06326,True,K+1;Zr+4;Fe+3;S-2;F-1,0.82140,1.84266,0.65004,-2.17953,0.55036,3.13497,0.31946,0.26241,False,pass,-2.34518,165.64884,0.03929,0.05119,0.06331,0.07842,0.17525,unstable_likely,,
K2ZrFeSe3F3,False,True,1.64000,0.68250,1.65500,0.99676,0.41239,4.16582,True,K+1;Zr+4;Fe+3;Se-2;F-1,0.83193,1.54775,0.66166,-2.08738,0.23235,2.86316,0.40201,0.33444,False,pass,-2.24972,162.34000,0.04107,0.05340,0.06644,0.08228,0.18548,unstable_likely,,
K2ZrBiO3F3,False,True,1.64000,0.87500,1.36500,0.94860,0.64103,3.54345,True,K+1;Zr+4;Bi+3;O-2;F-1,0.88317,2.89254,0.90364,-2.69357,1.09608,4.68901,0.09377,0.08282,False,pass,-2.98379,290.22171,0.00985,0.01178,0.01342,0.01557,0.02864,unstable_likely,,
K2ZrBiO3Cl3,True,True,1.64000,0.87500,1.60500,0.92523,0.54517,3.81774,True,K+1;Zr+4;Bi+3;O-2;Cl-1,0.85776,2.66552,0.73909,-2.16911,1.19618,4.13486,0.11082,0.09506,False,pass,-2.50659,337.47840,0.00652,0.00779,0.00890,0.01012,0.01611,unstable_likely,,
K2ZrBiO3Br3,True,True,1.64000,0.87500,1.68000,0.91882,0.52083,3.90345,True,K+1;Zr+4;Bi+3;O-2;Br-1,0.84565,2.05449,0.66986,-1.80265,0.72279,3.38619,0.24443,0.20670,False,pass,-2.38551,582.86269,0.00160,0.00170,0.00181,0.00200,0.00258,unstable_likely,,
K2ZrBiO3I3,True,True,1.64000,0.87500,1.80000,0.90933,0.48611,4.04059,True,K+1;Zr+4;Bi+3;O-2;I-1,0.84902,2.09415,0.68000,-1.74237,0.74228,3.44601,0.23168,0.19670,False,pass,-2.19208,449.71132,0.00306,0.00343,0.00377,0.00416,0.00603,unstable_likely,,
K2ZrBiS3F3,False,True,1.64000,0.87500,1.58500,0.92700,0.55205,3.79488,True,K+1;Zr+4;Bi+3;S-2;F-1,0.86715,2.63930,0.77094,-2.13433,1.10664,4.17196,0.11698,0.10144,False,pass,-2.34156,207.22850,0.02272,0.02972,0.03612,0.04387,0.08896,unstable_likely,,
K2ZrBiS3Cl3,False,True,1.64000,0.87500,1.82500,0.90745,0.47945,4.06916,True,K+1;Zr+4;Bi+3;S-2;Cl-1,0.89573,2.41583,0.53024,-1.58137,1.36169,3.46997,0.13049,0.11688,False,pass,-1.76376,182.39097,0.03158,0.04103,0.05008,0.06175,0.13152,unstable_likely,,
K2ZrBiS3Br3,False,True,1.64000,0.87500,1.90000,0.90204,0.46053,4.15488,True,K+1;Zr+4;Bi+3;S-2;Br-1,0.87986,2.20590,0.40898,-1.53355,1.39283,3.01897,0.16686,0.14682,False,pass,-1.63223,98.67584,0.10164,0.13975,0.18113,0.23693,0.57211,unstable_likely,,
K2ZrBiSe3F3,False,True,1.64000,0.87500,1.65500,0.92092,0.52870,3.87488,True,K+1;Zr+4;Bi+3;Se-2;F-1,0.85600,1.88223,0.71622,-1.99423,0.45836,3.30610,0.29229,0.25020,False,pass,-2.27968,285.45425,0.01029,0.01226,0.01412,0.01654,0.03041,unstable_likely,,
K2ZrBiSe3Cl3,False,True,1.64000,0.87500,1.89500,0.90239,0.46174,4.14916,True,K+1;Zr+4;Bi+3;Se-2;Cl-1,0.89492,2.27692,0.51460,-1.58264,1.25388,3.29997,0.16745,0.14986,False,pass,-1.72391,141.27470,0.05435,0.07225,0.09025,0.11406,0.27194,unstable_likely,,
K2ZrSbO3F3,True,True,1.64000,0.74000,1.36500,1.00943,0.54212,3.62948,True,K+1;Zr+4;Sb+3;O-2;F-1,0.90050,3.23304,0.83414,-2.73800,1.57474,4.89133,0.05621,0.05062,False,pass,-2.99998,261.97882,0.01261,0.01535,0.01805,0.02145,0.04133,unstable_likely,,
K2ZrSbO3Cl3,True,True,1.64000,0.74000,1.60500,0.97849,0.46106,3.95381,True,K+1;Zr+4;Sb+3;O-2;Cl-1,0.90101,2.78724,0.72558,-2.03119,1.34476,4.22973,0.09234,0.08320,False,pass,-2.52465,493.45622,0.00241,0.00267,0.00288,0.00319,0.00433,unstable_likely,,
K2ZrSbO3Br3,True,True,1.64000,0.74000,1.68000,0.97008,0.44048,4.05516,True,K+1;Zr+4;Sb+3;O-2;Br-1,0.88940,2.25964,0.68173,-1.71028,0.90434,3.61494,0.18931,0.16838,False,pass,-2.38200,671.72453,0.00098,0.00112,0.00122,0.00130,0.00164,unstable_likely,,
K2ZrSbS3F3,False,True,1.64000,0.74000,1.58500,0.98083,0.46688,3.92678,True,K+1;Zr+4;Sb+3;S-2;F-1,0.91052,2.65444,0.70593,-2.25923,1.25103,4.05785,0.10837,0.09868,False,pass,-2.32048,61.24566,0.18912,0.27207,0.36040,0.46964,0.79980,unstable_likely,,
K2ZrSbSe3F3,False,True,1.64000,0.74000,1.65500,0.97283,0.44713,4.02137,True,K+1;Zr+4;Sb+3;Se-2;F-1,0.89866,1.73236,0.73169,-1.96988,0.27773,3.18699,0.32478,0.29187,False,pass,-2.26817,298.28969,0.00919,0.01109,0.01250,0.01447,0.02584,unstable_likely,,
K2ZrInO3F3,True,True,1.64000,0.76000,1.36500,0.99993,0.55678,3.60167,True,K+1;Zr+4;In+3;O-2;F-1,0.95963,3.38350,0.88170,-2.91489,1.63066,5.13634,0.04904,0.04706,False,pass,-3.06251,147.62257,0.04993,0.06618,0.08197,0.10321,0.24136,unstable_likely,,
K2ZrInO3Cl3,True,True,1.64000,0.76000,1.60500,0.97022,0.47352,3.91746,True,K+1;Zr+4;In+3;O-2;Cl-1,0.93291,2.83492,0.64865,-2.21546,1.54537,4.12446,0.07309,0.06819,False,pass,-2.60218,386.72189,0.00454,0.00515,0.00594,0.00657,0.01017,unstable_likely,,
K2ZrInO3Br3,True,True,1.64000,0.76000,1.68000,0.96213,0.45238,4.01615,True,K+1;Zr+4;In+3;O-2;Br-1,0.92208,2.24606,0.64508,-1.88645,0.96361,3.52850,0.19303,0.17799,False,pass,-2.46097,574.52363,0.00162,0.00175,0.00189,0.00204,0.00265,unstable_likely,,
K2ZrInO3I3,True,True,1.64000,0.76000,1.80000,0.95017,0.42222,4.17404,True,K+1;Zr+4;In+3;O-2;I-1,0.93374,2.24101,0.55748,-1.71879,1.13272,3.34930,0.18526,0.17299,False,pass,-2.25350,534.71387,0.00196,0.00214,0.00236,0.00256,0.00334,unstable_likely,,
K2ZrInS3F3,False,True,1.64000,0.76000,1.58500,0.97246,0.47950,3.89115,True,K+1;Zr+4;In+3;S-2;F-1,0.94213,3.13726,0.70398,-2.45360,1.73772,4.53681,0.04878,0.04596,False,pass,-2.40045,-53.14850,0.84764,0.89243,0.91528,0.93192,0.96299,stable_likely,,
K2ZrInSe3F3,False,True,1.64000,0.76000,1.65500,0.96477,0.45921,3.98325,True,K+1;Zr+4;In+3;Se-2;F-1,0.94369,2.05183,0.73449,-2.12631,0.59165,3.51201,0.23835,0.22493,False,pass,-2.34946,223.14876,0.01876,0.02408,0.02937,0.03564,0.07037,unstable_likely,,
K2ZrGaO3F3,True,True,1.64000,0.67000,1.36500,1.04416,0.49084,3.77171,True,K+1;Zr+4;Ga+3;O-2;F-1,0.96069,3.45936,0.85584,-2.97017,1.75791,5.16080,0.04237,0.04070,False,pass,-3.12908,158.91107,0.04293,0.05640,0.06951,0.08675,0.19667,unstable_likely,,
K2ZrGaO3Cl3,True,True,1.64000,0.67000,1.60500,1.00860,0.41745,4.12992,True,K+1;Zr+4;Ga+3;O-2;Cl-1,0.93537,3.11877,0.70679,-2.21378,1.71365,4.52390,0.05157,0.04824,False,pass,-2.65382,440.04290,0.00323,0.00365,0.00405,0.00446,0.00644,unstable_likely,,
K2ZrGaS3F3,False,True,1.64000,0.67000,1.58500,1.01127,0.42271,4.10007,True,K+1;Zr+4;Ga+3;S-2;F-1,0.94565,3.30930,0.72003,-2.49499,1.87786,4.74074,0.03942,0.03727,False,pass,-2.44363,-51.36167,0.84260,0.88904,0.91265,0.93023,0.96232,stable_likely,,
K2VNbO6,True,True,1.64000,0.59000,1.40000,1.08020,0.42143,4.09183,True,K+1;V+5;Nb+5;O-2,0.83744,2.46110,0.58198,-2.70347,1.30411,3.61810,0.13023,0.10906,False,pass,-2.63944,-64.02585,0.87440,0.90909,0.92778,0.94154,0.96687,stable_likely,,
K2VTaO6,True,True,1.64000,0.59000,1.40000,1.08020,0.42143,4.09183,True,K+1;V+5;Ta+5;O-2,0.83590,2.28203,0.56662,-2.82274,1.15556,3.40850,0.17227,0.14400,False,pass,-2.74424,-78.50130,0.90129,0.92718,0.94116,0.95103,0.97112,stable_likely,,
K2VFeO3F3,True,True,1.64000,0.66000,1.36500,1.04931,0.48352,3.79815,True,K+1;V+5;Fe+2;O-2;F-1,0.87851,1.34670,0.63469,-2.54412,0.08491,2.60849,0.45155,0.39670,False,pass,-2.59667,52.55364,0.22033,0.32043,0.42124,0.54086,0.83062,stable_likely,,
K2VFeO3Cl3,True,True,1.64000,0.66000,1.60500,1.01305,0.41121,4.16179,True,K+1;V+5;Fe+2;O-2;Cl-1,0.81374,1.73880,0.68839,-1.83024,0.37026,3.10735,0.33609,0.27349,False,pass,-2.10859,278.35146,0.01109,0.01306,0.01522,0.01776,0.03333,unstable_likely,,
K2VFeS3F3,False,True,1.64000,0.66000,1.58500,1.01578,0.41640,4.13148,True,K+1;V+5;Fe+2;S-2;F-1,0.80490,1.23470,0.72145,-1.98496,-0.19957,2.66897,0.40538,0.32629,False,pass,-2.09054,105.57735,0.09128,0.12535,0.16059,0.20841,0.51535,unstable_likely,,
K2VMnO3F3,True,True,1.64000,0.68500,1.36500,1.03652,0.50183,3.73505,True,K+1;V+5;Mn+2;O-2;F-1,0.86074,1.97632,0.70325,-2.71504,0.57823,3.37440,0.26561,0.22863,False,pass,-2.71518,0.13739,0.56081,0.70563,0.78313,0.83811,0.92871,stable_likely,,
K2VMnO3Cl3,True,True,1.64000,0.68500,1.60500,1.00199,0.42679,4.08542,True,K+1;V+5;Mn+2;O-2;Cl-1,0.80523,1.71787,0.58959,-1.96842,0.54575,2.88999,0.38226,0.30781,False,pass,-2.20204,233.61583,0.01682,0.02101,0.02572,0.03113,0.06067,unstable_likely,,
K2VMnS3F3,False,True,1.64000,0.68500,1.58500,1.00459,0.43218,4.05622,True,K+1;V+5;Mn+2;S-2;F-1,0.79475,1.70112,0.62212,-2.10322,0.46431,2.93792,0.37449,0.29763,False,pass,-2.14899,45.77266,0.25005,0.36361,0.47344,0.59555,0.85089,stable_likely,,
K2VMnSe3F3,False,True,1.64000,0.68500,1.65500,0.99569,0.41390,4.15841,True,K+1;V+5;Mn+2;Se-2;F-1,0.79025,1.44458,0.67054,-2.02948,0.11152,2.77764,0.41653,0.32916,False,pass,-2.04967,20.18655,0.40185,0.56049,0.67381,0.76019,0.90314,stable_likely,,
K2VSbO6,True,True,1.64000,0.57000,1.40000,1.09117,0.40714,4.17865,True,K+1;V+5;Sb+5;O-2,0.78151,2.74137,0.65553,-2.07377,1.43815,4.04459,0.08828,0.06900,False,pass,-2.23209,158.32337,0.04321,0.05676,0.07017,0.08750,0.19852,unstable_likely,,
K2VCuO3F3,True,True,1.64000,0.63500,1.36500,1.06243,0.46520,3.87158,True,K+1;V+5;Cu+2;O-2;F-1,0.64926,0.82937,0.67748,-2.32623,-0.51749,2.17622,0.32951,0.21394,False,pass,-2.43062,104.38832,0.09321,0.12748,0.16366,0.21293,0.52516,unstable_likely,,
K2VZnO3F3,True,True,1.64000,0.64000,1.36500,1.05978,0.46886,3.85603,True,K+1;V+5;Zn+2;O-2;F-1,0.84679,2.50490,0.70477,-2.48515,1.10380,3.90601,0.13302,0.11264,False,pass,-2.61473,129.58225,0.06428,0.08599,0.10820,0.13782,0.33841,unstable_likely,,
K2NbTaO6,True,True,1.64000,0.64000,1.40000,1.05373,0.45714,3.91072,True,K+1;Nb+5;Ta+5;O-2,0.82925,1.78961,0.57412,-2.82753,0.64825,2.93098,0.36015,0.29865,False,pass,-2.96697,139.43692,0.05603,0.07400,0.09314,0.11759,0.28153,known_mp,6.95950,"{'identifier': 'mp-aaacqrrm', 'suffix': 'GGA', 'separator': '-'}"
K2NbFeO3F3,True,True,1.64000,0.71000,1.36500,1.02403,0.52015,3.68161,True,K+1;Nb+5;Fe+2;O-2;F-1,0.81458,2.05894,0.74097,-2.62486,0.58587,3.53200,0.23650,0.19264,False,pass,-2.79800,173.14377,0.03564,0.04632,0.05687,0.07037,0.15346,unstable_likely,,
K2NbFeO3Cl3,True,True,1.64000,0.71000,1.60500,0.99117,0.44237,4.01964,True,K+1;Nb+5;Fe+2;O-2;Cl-1,0.78581,2.07345,0.59987,-1.96716,0.88089,3.26601,0.24232,0.19042,False,pass,-2.31337,346.21471,0.00616,0.00716,0.00817,0.00934,0.01474,unstable_likely,,
K2NbFeO3Br3,True,True,1.64000,0.71000,1.68000,0.98226,0.42262,4.12527,True,K+1;Nb+5;Fe+2;O-2;Br-1,0.81095,1.97100,0.53767,-1.74727,0.90210,3.03991,0.28815,0.23368,False,pass,-2.17363,426.35748,0.00349,0.00400,0.00443,0.00480,0.00714,unstable_likely,,
K2NbFeS3F3,False,True,1.64000,0.71000,1.58500,0.99365,0.44795,3.99147,True,K+1;Nb+5;Fe+2;S-2;F-1,0.75808,1.75051,0.70455,-2.04585,0.34984,3.15119,0.32790,0.24858,False,pass,-2.14596,100.11288,0.09950,0.13649,0.17685,0.23088,0.56104,unstable_likely,,
K2NbFeSe3F3,False,True,1.64000,0.71000,1.65500,0.98517,0.42900,4.09006,True,K+1;Nb+5;Fe+2;Se-2;F-1,0.78040,1.50195,0.71847,-1.90344,0.07360,2.93030,0.38268,0.29864,False,pass,-2.03776,134.31914,0.06020,0.08009,0.10075,0.12762,0.31000,unstable_likely,,
K2NbMnO3F3,True,True,1.64000,0.73500,1.36500,1.01184,0.53846,3.63729,True,K+1;Nb+5;Mn+2;O-2;F-1,0.81149,2.67487,0.80957,-2.77384,1.06542,4.28432,0.11504,0.09335,False,pass,-2.94150,167.66250,0.03827,0.04990,0.06150,0.07587,0.16884,unstable_likely,,
K2NbMnO3Cl3,True,True,1.64000,0.73500,1.60500,0.98058,0.45794,3.96382,True,K+1;Nb+5;Mn+2;O-2;Cl-1,0.77617,2.11955,0.60446,-2.06210,0.91786,3.32125,0.22637,0.17570,False,pass,-2.42433,362.23300,0.00537,0.00634,0.00710,0.00810,0.01257,unstable_likely,,
K2NbMnO3Br3,True,True,1.64000,0.73500,1.68000,0.97209,0.43750,4.06586,True,K+1;Nb+5;Mn+2;O-2;Br-1,0.81497,1.97808,0.55124,-1.88040,0.88221,3.07396,0.28342,0.23098,False,pass,-2.27920,398.80275,0.00418,0.00472,0.00522,0.00607,0.00916,unstable_likely,,
K2NbMnS3F3,False,True,1.64000,0.73500,1.58500,0.98294,0.46372,3.93661,True,K+1;Nb+5;Mn+2;S-2;F-1,0.76722,2.10679,0.69534,-2.14594,0.72444,3.48914,0.22696,0.17413,False,pass,-2.19522,49.27998,0.23437,0.34032,0.44646,0.56767,0.84059,stable_likely,,
K2NbMnSe3F3,False,True,1.64000,0.73500,1.65500,0.97486,0.44411,4.03185,True,K+1;Nb+5;Mn+2;Se-2;F-1,0.76024,1.64768,0.72947,-2.01940,0.19747,3.09789,0.34715,0.26392,False,pass,-2.12208,102.67520,0.09555,0.13104,0.16881,0.21992,0.53951,unstable_likely,,
K2NbSbO6,True,True,1.64000,0.62000,1.40000,1.06416,0.44286,3.97738,True,K+1;Nb+5;Sb+5;O-2,0.79321,2.99741,0.61147,-2.19704,1.78179,4.21303,0.04938,0.03916,False,pass,-2.45482,257.78158,0.01309,0.01605,0.01884,0.02260,0.04349,unstable_likely,,
K2NbCuO3F3,True,True,1.64000,0.68500,1.36500,1.03652,0.50183,3.73505,True,K+1;Nb+5;Cu+2;O-2;F-1,0.59375,1.18212,0.82078,-2.38807,-0.44962,2.81385,0.35981,0.21364,False,pass,-2.66385,275.77868,0.01130,0.01337,0.01550,0.01834,0.03433,unstable_likely,,
K2NbCuO3Cl3,True,True,1.64000,0.68500,1.60500,1.00199,0.42679,4.08542,True,K+1;Nb+5;Cu+2;O-2;Cl-1,0.59542,1.15821,0.61204,-1.87389,-0.05854,2.37497,0.45122,0.26866,False,pass,-2.20450,330.60560,0.00693,0.00819,0.00940,0.01081,0.01732,unstable_likely,,
K2NbCuS3F3,False,True,1.64000,0.68500,1.58500,1.00459,0.43218,4.05622,True,K+1;Nb+5;Cu+2;S-2;F-1,0.59794,1.11739,0.72480,-1.96093,-0.32354,2.55832,0.39306,0.23503,False,pass,-2.09758,136.65250,0.05805,0.07714,0.09707,0.12312,0.29688,unstable_likely,,
K2NbCuSe3F3,False,True,1.64000,0.68500,1.65500,0.99569,0.41390,4.15841,True,K+1;Nb+5;Cu+2;Se-2;F-1,0.64621,1.40056,0.73960,-1.76740,-0.06979,2.87090,0.38994,0.25198,False,pass,-2.03612,268.71872,0.01189,0.01438,0.01682,0.01985,0.03782,unstable_likely,,
K2NbZnO3F3,True,True,1.64000,0.69000,1.36500,1.03399,0.50549,3.72361,True,K+1;Nb+5;Zn+2;O-2;F-1,0.82384,2.91722,0.86242,-2.49863,1.20271,4.63174,0.08753,0.07211,False,pass,-2.84906,350.43091,0.00599,0.00693,0.00795,0.00908,0.01412,unstable_likely,,
K2NbZnO3Cl3,True,True,1.64000,0.69000,1.60500,0.99981,0.42991,4.07143,True,K+1;Nb+5;Zn+2;O-2;Cl-1,0.80165,2.89022,0.61601,-2.07683,1.66558,4.11486,0.06220,0.04987,False,pass,-2.39931,322.47596,0.00734,0.00890,0.01012,0.01160,0.01889,unstable_likely,,
K2NbZnS3F3,False,True,1.64000,0.69000,1.58500,1.00238,0.43533,4.04245,True,K+1;Nb+5;Zn+2;S-2;F-1,0.81226,2.50473,0.81781,-2.09330,0.87891,4.13056,0.14289,0.11607,False,pass,-2.19246,99.15907,0.10091,0.13862,0.17974,0.23485,0.56846,unstable_likely,,
K2NbZnSe3F3,False,True,1.64000,0.69000,1.65500,0.99357,0.41692,4.14390,True,K+1;Nb+5;Zn+2;Se-2;F-1,0.76565,1.87830,0.76783,-1.90677,0.35184,3.40476,0.28089,0.21506,False,pass,-2.12153,214.75555,0.02074,0.02704,0.03274,0.03974,0.07953,unstable_likely,,
K2TaFeO3F3,True,True,1.64000,0.71000,1.36500,1.02403,0.52015,3.68161,True,K+1;Ta+5;Fe+2;O-2;F-1,0.84745,2.17452,0.85067,-2.66444,0.48336,3.86567,0.20062,0.17002,False,pass,-2.90593,241.49325,0.01541,0.01913,0.02303,0.02805,0.05410,unstable_likely,,
K2TaFeO3Cl3,True,True,1.64000,0.71000,1.60500,0.99117,0.44237,4.01964,True,K+1;Ta+5;Fe+2;O-2;Cl-1,0.80646,2.02404,0.68933,-1.92452,0.65363,3.39446,0.25245,0.20359,False,pass,-2.42029,495.77290,0.00238,0.00265,0.00285,0.00315,0.00427,unstable_likely,,
K2TaFeO3Br3,True,True,1.64000,0.71000,1.68000,0.98226,0.42262,4.12527,True,K+1;Ta+5;Fe+2;O-2;Br-1,0.78627,1.91813,0.60034,-1.73404,0.72463,3.11163,0.30233,0.23771,False,pass,-2.28055,546.50568,0.00182,0.00201,0.00216,0.00238,0.00313,unstable_likely,,
K2TaFeS3F3,False,True,1.64000,0.71000,1.58500,0.99365,0.44795,3.99147,True,K+1;Ta+5;Fe+2;S-2;F-1,0.83680,1.73460,0.73236,-2.00312,0.27864,3.19056,0.32351,0.27072,False,pass,-2.21002,206.90087,0.02288,0.02986,0.03621,0.04410,0.08936,unstable_likely,,
K2TaFeSe3F3,False,True,1.64000,0.71000,1.65500,0.98517,0.42900,4.09006,True,K+1;Ta+5;Fe+2;Se-2;F-1,0.77481,1.54092,0.67948,-1.94844,0.19010,2.89174,0.39433,0.30553,False,pass,-2.06382,115.37618,0.07893,0.10671,0.13594,0.17607,0.43788,unstable_likely,,
K2TaMnO3F3,True,True,1.64000,0.73500,1.36500,1.01184,0.53846,3.63729,True,K+1;Ta+5;Mn+2;O-2;F-1,0.84962,2.58858,0.83430,-2.85742,0.92997,4.24720,0.12973,0.11022,False,pass,-3.04855,191.13069,0.02817,0.03663,0.04449,0.05444,0.11434,unstable_likely,,
K2TaMnO3Cl3,True,True,1.64000,0.73500,1.60500,0.98058,0.45794,3.96382,True,K+1;Ta+5;Mn+2;O-2;Cl-1,0.81336,2.23327,0.66726,-2.05143,0.90672,3.55981,0.19581,0.15927,False,pass,-2.52672,475.29451,0.00265,0.00295,0.00322,0.00352,0.00485,unstable_likely,,
K2TaMnO3Br3,True,True,1.64000,0.73500,1.68000,0.97209,0.43750,4.06586,True,K+1;Ta+5;Mn+2;O-2;Br-1,0.77625,2.18751,0.57952,-1.89181,1.03540,3.33962,0.20501,0.15914,False,pass,-2.38159,489.78426,0.00244,0.00270,0.00296,0.00324,0.00446,unstable_likely,,
K2TaMnS3F3,False,True,1.64000,0.73500,1.58500,0.98294,0.46372,3.93661,True,K+1;Ta+5;Mn+2;S-2;F-1,0.82641,2.03635,0.73514,-2.10237,0.57487,3.49784,0.24299,0.20081,False,pass,-2.23175,129.37690,0.06447,0.08624,0.10856,0.13819,0.33966,unstable_likely,,
K2TaMnSe3F3,False,True,1.64000,0.73500,1.65500,0.97486,0.44411,4.03185,True,K+1;Ta+5;Mn+2;Se-2;F-1,0.74591,2.08684,0.70596,-2.07537,0.68336,3.49032,0.23304,0.17382,False,pass,-2.09654,21.17377,0.39480,0.55251,0.66711,0.75500,0.90170,stable_likely,,
K2TaSbO6,True,True,1.64000,0.62000,1.40000,1.06416,0.44286,3.97738,True,K+1;Ta+5;Sb+5;O-2,0.76500,3.02840,0.63304,-2.25683,1.76991,4.28690,0.04929,0.03771,False,pass,-2.56547,308.63666,0.00834,0.01000,0.01151,0.01301,0.02238,unstable_likely,,
K2TaCuO3F3,True,True,1.64000,0.68500,1.36500,1.03652,0.50183,3.73505,True,K+1;Ta+5;Cu+2;O-2;F-1,0.81442,2.31219,0.84269,-2.42500,0.63689,3.98748,0.17741,0.14449,False,pass,-2.79819,373.18836,0.00495,0.00587,0.00650,0.00732,0.01155,unstable_likely,,
K2TaCuO3Cl3,True,True,1.64000,0.68500,1.60500,1.00199,0.42679,4.08542,True,K+1;Ta+5;Cu+2;O-2;Cl-1,0.76377,2.23634,0.66346,-1.92454,0.91737,3.55531,0.19387,0.14807,False,pass,-2.30851,383.96980,0.00459,0.00522,0.00605,0.00668,0.01047,unstable_likely,,
K2TaCuS3F3,False,True,1.64000,0.68500,1.58500,1.00459,0.43218,4.05622,True,K+1;Ta+5;Cu+2;S-2;F-1,0.79509,2.13559,0.72834,-1.98002,0.68762,3.58355,0.21641,0.17206,False,pass,-2.16740,187.37518,0.02966,0.03841,0.04683,0.05745,0.12166,unstable_likely,,
K2TaCuSe3F3,False,True,1.64000,0.68500,1.65500,0.99569,0.41390,4.15841,True,K+1;Ta+5;Cu+2;Se-2;F-1,0.71570,1.67754,0.74210,-1.81514,0.20222,3.15287,0.33525,0.23994,False,pass,-2.09632,281.18421,0.01070,0.01271,0.01474,0.01723,0.03203,unstable_likely,,
K2TaZnO3F3,True,True,1.64000,0.69000,1.36500,1.03399,0.50549,3.72361,True,K+1;Ta+5;Zn+2;O-2;F-1,0.84570,2.74786,0.90713,-2.58036,0.94446,4.55126,0.11226,0.09493,False,pass,-2.96781,387.44920,0.00452,0.00511,0.00591,0.00652,0.01012,unstable_likely,,
K2TaZnO3Cl3,True,True,1.64000,0.69000,1.60500,0.99981,0.42991,4.07143,True,K+1;Ta+5;Zn+2;O-2;Cl-1,0.80269,2.61644,0.68120,-2.06169,1.26219,3.97070,0.11301,0.09072,False,pass,-2.50620,444.50896,0.00316,0.00353,0.00390,0.00431,0.00623,unstable_likely,,
K2TaZnS3F3,False,True,1.64000,0.69000,1.58500,1.00238,0.43533,4.04245,True,K+1;Ta+5;Zn+2;S-2;F-1,0.81847,2.40364,0.76471,-2.04133,0.88336,3.92391,0.15986,0.13084,False,pass,-2.26658,225.24871,0.01843,0.02340,0.02860,0.03466,0.06816,unstable_likely,,
K2TaZnSe3F3,False,True,1.64000,0.69000,1.65500,0.99357,0.41692,4.14390,True,K+1;Ta+5;Zn+2;Se-2;F-1,0.74713,1.95120,0.76780,-1.96847,0.42478,3.47761,0.26173,0.19555,False,pass,-2.15125,182.77913,0.03148,0.04090,0.04983,0.06138,0.13087,unstable_likely,,
K2CrMoO3F3,True,True,1.64000,0.63250,1.36500,1.06376,0.46337,3.87952,True,K+1;Cr+3;Mo+4;O-2;F-1,0.87360,2.81468,0.89044,-2.60717,1.04444,4.58491,0.10365,0.09055,False,pass,-2.61645,9.28008,0.48541,0.64461,0.73831,0.80718,0.91847,stable_likely,,
K2CrWO6,True,True,1.64000,0.57500,1.40000,1.08841,0.41071,4.15611,True,K+1;Cr+4;W+6;O-2,0.57766,1.35545,0.68942,-2.08320,-0.01514,2.72604,0.41940,0.24227,False,pass,-2.24292,159.71666,0.04248,0.05573,0.06876,0.08582,0.19403,unstable_likely,,
K2CrWO3F3,True,True,1.64000,0.63750,1.36500,1.06110,0.46703,3.86375,True,K+1;Cr+3;W+4;O-2;F-1,0.88454,2.32853,0.88013,-2.54511,0.57881,4.07825,0.17336,0.15335,False,pass,-2.62979,84.67615,0.12696,0.17810,0.23276,0.30801,0.67718,unstable_likely,,
K2CrMnO3F3,True,True,1.64000,0.66000,1.36500,1.04931,0.48352,3.79815,True,K+1;Cr+5;Mn+2;O-2;F-1,0.83746,1.82409,0.66175,-2.59064,0.50850,3.13967,0.32166,0.26938,False,pass,-2.57161,-19.02699,0.70042,0.80077,0.85029,0.88467,0.94494,stable_likely,,
K2CrMnO3Cl3,True,True,1.64000,0.66000,1.60500,1.01305,0.41121,4.16179,True,K+1;Cr+5;Mn+2;O-2;Cl-1,0.80895,1.59208,0.58602,-1.88821,0.42705,2.75711,0.43231,0.34972,False,pass,-2.08785,199.63885,0.02538,0.03277,0.03982,0.04853,0.10023,unstable_likely,,
K2CrMnS3F3,False,True,1.64000,0.66000,1.58500,1.01578,0.41640,4.13148,True,K+1;Cr+5;Mn+2;S-2;F-1,0.78714,1.65481,0.68576,-2.06784,0.29150,3.01812,0.36318,0.28587,False,pass,-2.05915,-8.69390,0.62975,0.75429,0.81801,0.86225,0.93703,stable_likely,,
K2CrAgF6,False,True,1.64000,0.88250,1.33000,0.94920,0.66353,3.50592,True,K+1;Cr+3;Ag+1;F-1,0.57779,2.59379,0.70786,-2.63372,1.18653,4.00104,0.11859,0.06852,False,pass,-2.73614,102.42327,0.09589,0.13149,0.16978,0.22085,0.54190,known_mp,9.82098,"{'identifier': 'mp-aaaclhkh', 'suffix': 'GGA+U', 'separator': '-'}"
K2CrAgCl6,False,True,1.64000,0.88250,1.81000,0.90604,0.48757,4.04983,True,K+1;Cr+3;Ag+1;Cl-1,0.62383,1.11062,0.39724,-1.62148,0.32090,1.90034,0.56153,0.35030,False,pass,-1.68775,66.26606,0.17328,0.24742,0.32801,0.43090,0.77829,unstable_likely,,
K2CrAgO3F3,False,True,1.64000,0.79500,1.36500,0.98373,0.58242,3.56585,True,K+1;Cr+6;Ag+1;O-2;F-1,0.74226,1.85474,0.68582,-2.28692,0.49131,3.21818,0.30579,0.22697,False,pass,-2.16748,-119.43981,0.94530,0.95710,0.96345,0.96867,0.97935,stable_likely,,
K2CrAgO3Cl3,False,True,1.64000,0.79500,1.60500,0.95607,0.49533,3.86774,True,K+1;Cr+6;Ag+1;O-2;Cl-1,0.71365,1.69673,0.60401,-1.72859,0.49593,2.89753,0.38209,0.27268,False,pass,-1.73176,3.16884,0.53517,0.68690,0.77008,0.82846,0.92552,stable_likely,,
K2CrAgO3Br3,True,True,1.64000,0.79500,1.68000,0.94852,0.47321,3.96208,True,K+1;Cr+6;Ag+1;O-2;Br-1,0.79398,1.61629,0.54792,-1.50227,0.52702,2.70557,0.44438,0.35283,False,pass,-1.62567,123.40006,0.07009,0.09454,0.11960,0.15277,0.37915,unstable_likely,,
K2CrAgO3I3,True,True,1.64000,0.79500,1.80000,0.93736,0.44167,4.11302,True,K+1;Cr+6;Ag+1;O-2;I-1,0.78709,1.54495,0.52388,-1.23964,0.50347,2.58644,0.48506,0.38179,False,pass,-1.53260,292.96247,0.00962,0.01157,0.01308,0.01526,0.02757,unstable_likely,,
K2CrAgS3F3,False,True,1.64000,0.79500,1.58500,0.95816,0.50158,3.84258,True,K+1;Cr+6;Ag+1;S-2;F-1,0.75932,1.81814,0.63721,-1.91890,0.55135,3.08493,0.33111,0.25142,False,pass,-1.90067,-18.22752,0.69560,0.79782,0.84786,0.88308,0.94444,stable_likely,,
K2CrAgS3Cl3,False,True,1.64000,0.79500,1.82500,0.93516,0.43562,4.14447,True,K+1;Cr+6;Ag+1;S-2;Cl-1,0.70642,1.31762,0.41315,-1.27904,0.49626,2.13899,0.62407,0.44086,False,pass,-1.34879,69.74780,0.16271,0.23250,0.30762,0.40514,0.76247,unstable_likely,,
K2CrAgSe3F3,False,True,1.64000,0.79500,1.65500,0.95099,0.48036,3.93063,True,K+1;Cr+6;Ag+1;Se-2;F-1,0.79762,1.44019,0.63818,-1.59059,0.17148,2.70891,0.43518,0.34711,False,pass,-1.86383,273.23946,0.01155,0.01369,0.01600,0.01875,0.03561,unstable_likely,,
K2CrAgF3Cl3,False,True,1.64000,0.88250,1.57000,0.92551,0.56210,3.77787,True,K+1;Cr+3;Ag+1;F-1;Cl-1,0.57741,1.82385,0.57477,-2.11071,0.68118,2.96652,0.34715,0.20045,False,pass,-2.26799,157.27945,0.04382,0.05751,0.07122,0.08889,0.20209,unstable_likely,,
K2CrAgF3Br3,False,True,1.64000,0.88250,1.64500,0.91903,0.53647,3.86286,True,K+1;Cr+3;Ag+1;F-1;Br-1,0.64331,1.67374,0.57449,-1.80659,0.53164,2.81584,0.40538,0.26079,False,pass,-2.15412,347.53279,0.00611,0.00708,0.00807,0.00929,0.01455,unstable_likely,,
K2CrAgF3I3,False,True,1.64000,0.88250,1.76500,0.90942,0.50000,3.99884,True,K+1;Cr+3;Ag+1;F-1;I-1,0.65404,1.44702,0.49684,-1.66776,0.45928,2.43476,0.53764,0.35164,False,pass,-1.98377,316.00712,0.00788,0.00936,0.01074,0.01217,0.02040,unstable_likely,,
K2CrAgCl3Br3,False,True,1.64000,0.88250,1.88500,0.90065,0.46817,4.13481,True,K+1;Cr+3;Ag+1;Cl-1;Br-1,0.67650,1.12853,0.37824,-1.43038,0.37658,1.88049,0.58719,0.39723,False,pass,-1.57601,145.62823,0.05121,0.06776,0.08452,0.10633,0.25073,unstable_likely,,
K2MoWO6,True,True,1.64000,0.62500,1.40000,1.06153,0.44643,3.96002,True,K+1;Mo+6;W+4;O-2,0.52008,1.18703,0.76422,-1.98123,-0.33227,2.70632,0.38277,0.19907,False,pass,-2.19011,208.88039,0.02230,0.02911,0.03528,0.04295,0.08675,unstable_likely,,
K2MoFeO3F3,True,True,1.64000,0.64750,1.36500,1.05583,0.47436,3.83352,True,K+1;Mo+4;Fe+3;O-2;F-1,0.81849,1.84138,0.80280,-2.46701,0.24540,3.43736,0.28300,0.23163,False,pass,-2.44934,-17.66714,0.69184,0.79524,0.84625,0.88199,0.94399,stable_likely,,
K2MoFeS3F3,False,True,1.64000,0.64750,1.58500,1.02146,0.40852,4.17329,True,K+1;Mo+4;Fe+3;S-2;F-1,0.82710,1.69660,0.65046,-1.78452,0.40346,2.98973,0.36504,0.30193,False,pass,-2.05417,269.64628,0.01183,0.01428,0.01664,0.01963,0.03736,unstable_likely,,
K2MoBiO3F3,True,True,1.64000,0.84000,1.36500,0.96365,0.61538,3.54314,True,K+1;Mo+4;Bi+3;O-2;F-1,0.86997,2.36722,0.79655,-2.32416,0.78364,3.95079,0.16982,0.14774,False,pass,-2.44792,123.76269,0.06974,0.09401,0.11897,0.15168,0.37685,unstable_likely,,
K2MoBiO3Cl3,True,True,1.64000,0.84000,1.60500,0.93847,0.52336,3.82885,True,K+1;Mo+4;Bi+3;O-2;Cl-1,0.80426,2.12254,0.67850,-1.79886,0.77366,3.47142,0.22316,0.17948,False,pass,-1.96897,170.10963,0.03716,0.04825,0.05954,0.07329,0.16179,unstable_likely,,
K2MoBiO3Br3,True,True,1.64000,0.84000,1.68000,0.93159,0.50000,3.91814,True,K+1;Mo+4;Bi+3;O-2;Br-1,0.80762,1.80570,0.57115,-1.31246,0.67024,2.94117,0.35533,0.28697,False,pass,-1.84789,535.43392,0.00194,0.00213,0.00234,0.00252,0.00329,unstable_likely,,
K2MoBiO3I3,True,True,1.64000,0.84000,1.80000,0.92138,0.46667,4.06100,True,K+1;Mo+4;Bi+3;O-2;I-1,0.80004,1.83888,0.58316,-1.13890,0.67955,2.99822,0.33744,0.26997,False,pass,-1.65446,515.56255,0.00213,0.00238,0.00262,0.00276,0.00374,unstable_likely,,
K2MoBiS3F3,False,True,1.64000,0.84000,1.58500,0.94038,0.52997,3.80505,True,K+1;Mo+4;Bi+3;S-2;F-1,0.87019,2.10615,0.64539,-1.81491,0.82309,3.38920,0.22873,0.19904,False,pass,-2.03794,223.02522,0.01878,0.02414,0.02942,0.03571,0.07048,unstable_likely,,
K2MoBiS3Cl3,False,True,1.64000,0.84000,1.82500,0.91937,0.46027,4.09076,True,K+1;Mo+4;Bi+3;S-2;Cl-1,0.85884,1.70325,0.44258,-1.33460,0.82338,2.58312,0.46295,0.39760,False,pass,-1.56778,233.17699,0.01689,0.02114,0.02590,0.03131,0.06101,unstable_likely,,
K2MoBiSe3F3,False,True,1.64000,0.84000,1.65500,0.93383,0.50755,3.88838,True,K+1;Mo+4;Bi+3;Se-2;F-1,0.82691,1.53827,0.56237,-1.54622,0.42025,2.65628,0.46227,0.38226,False,pass,-1.97397,427.75149,0.00345,0.00396,0.00436,0.00475,0.00705,unstable_likely,,
K2MoBiSe3Cl3,False,True,1.64000,0.84000,1.89500,0.91394,0.44327,4.17409,True,K+1;Mo+4;Bi+3;Se-2;Cl-1,0.87344,1.66877,0.45083,-1.21218,0.77251,2.56503,0.47974,0.41903,False,pass,-1.49677,284.58818,0.01039,0.01233,0.01428,0.01665,0.03073,unstable_likely,,
K2MoSbO3F3,True,True,1.64000,0.70500,1.36500,1.02650,0.51648,3.69155,True,K+1;Mo+4;Sb+3;O-2;F-1,0.88647,2.59971,0.84214,-2.35500,0.92550,4.27392,0.12854,0.11395,False,pass,-2.46065,105.64887,0.09118,0.12523,0.16039,0.20819,0.51490,unstable_likely,,
K2MoSbO3Cl3,True,True,1.64000,0.70500,1.60500,0.99332,0.43925,4.03198,True,K+1;Mo+4;Sb+3;O-2;Cl-1,0.86910,2.17772,0.65664,-1.78096,0.87229,3.48315,0.20932,0.18192,False,pass,-1.98703,206.06745,0.02315,0.03020,0.03668,0.04454,0.09048,unstable_likely,,
K2MoSbO3Br3,True,True,1.64000,0.70500,1.68000,0.98432,0.41964,4.13836,True,K+1;Mo+4;Sb+3;O-2;Br-1,0.85817,1.87622,0.61661,-1.33606,0.65037,3.10206,0.31609,0.27126,False,pass,-1.84439,508.32576,0.00220,0.00246,0.00267,0.00288,0.00395,unstable_likely,,
K2MoSbS3F3,False,True,1.64000,0.70500,1.58500,0.99582,0.44479,4.00361,True,K+1;Mo+4;Sb+3;S-2;F-1,0.90736,2.14431,0.67505,-1.76296,0.80229,3.48633,0.21599,0.19598,False,pass,-2.02161,258.64512,0.01301,0.01587,0.01868,0.02238,0.04307,unstable_likely,,
K2MoSbSe3F3,True,True,1.64000,0.70500,1.65500,0.98725,0.42598,4.10290,True,K+1;Mo+4;Sb+3;Se-2;F-1,0.86634,1.47390,0.68704,-1.49199,0.10805,2.83975,0.40133,0.34769,False,pass,-1.94833,456.34366,0.00291,0.00328,0.00363,0.00400,0.00569,unstable_likely,,
K2MoAgO3F3,True,True,1.64000,0.87000,1.36500,0.95072,0.63736,3.54244,True,K+1;Mo+6;Ag+1;O-2;F-1,0.81668,2.20080,0.75687,-2.25279,0.69612,3.70549,0.19986,0.16323,False,pass,-2.20432,-48.47414,0.83377,0.88358,0.90839,0.92713,0.96102,stable_likely,,
K2MoAgO3Cl3,True,True,1.64000,0.87000,1.60500,0.92710,0.54206,3.81830,True,K+1;Mo+6;Ag+1;O-2;Cl-1,0.76749,1.77540,0.59271,-1.58280,0.59708,2.95372,0.35922,0.27569,False,pass,-1.81990,237.09896,0.01620,0.02016,0.02446,0.02979,0.05766,unstable_likely,,
K2MoAgO3Br3,True,True,1.64000,0.87000,1.68000,0.92063,0.51786,3.90451,True,K+1;Mo+6;Ag+1;O-2;Br-1,0.82046,1.90882,0.51358,-1.33255,0.88779,2.92984,0.32149,0.26377,False,pass,-1.70816,375.61113,0.00483,0.00575,0.00639,0.00717,0.01131,unstable_likely,,
K2MoAgO3I3,True,True,1.64000,0.87000,1.80000,0.91103,0.48333,4.04244,True,K+1;Mo+6;Ag+1;O-2;I-1,0.80857,1.84607,0.52165,-1.11437,0.80900,2.88314,0.35306,0.28547,False,pass,-1.53848,424.10620,0.00356,0.00408,0.00446,0.00487,0.00725,unstable_likely,,
K2MoAgS3F3,False,True,1.64000,0.87000,1.58500,0.92889,0.54890,3.79531,True,K+1;Mo+6;Ag+1;S-2;F-1,0.82800,1.96942,0.60515,-1.65893,0.76637,3.17248,0.28123,0.23286,False,pass,-1.86042,201.48923,0.02467,0.03194,0.03889,0.04734,0.09728,unstable_likely,,
K2MoAgS3Cl3,False,True,1.64000,0.87000,1.82500,0.90914,0.47671,4.07117,True,K+1;Mo+6;Ag+1;S-2;Cl-1,0.81545,1.59805,0.42910,-1.25358,0.74499,2.45111,0.53596,0.43704,False,pass,-1.42860,175.01635,0.03477,0.04514,0.05545,0.06840,0.14866,unstable_likely,,
K2MoAgS3Br3,False,True,1.64000,0.87000,1.90000,0.90367,0.45789,4.15738,True,K+1;Mo+6;Ag+1;S-2;Br-1,0.82621,1.43568,0.31644,-1.14380,0.80658,2.06477,0.73548,0.60767,False,pass,-1.30305,159.24515,0.04279,0.05619,0.06918,0.08644,0.19559,unstable_likely,,
K2MoAgSe3F3,False,True,1.64000,0.87000,1.65500,0.92274,0.52568,3.87577,True,K+1;Mo+6;Ag+1;Se-2;F-1,0.84787,1.81234,0.61034,-1.48515,0.59897,3.02571,0.34082,0.28897,False,pass,-1.83424,349.09235,0.00605,0.00698,0.00799,0.00916,0.01435,unstable_likely,,
K2MoAgSe3Cl3,False,True,1.64000,0.87000,1.89500,0.90402,0.45910,4.15163,True,K+1;Mo+6;Ag+1;Se-2;Cl-1,0.87664,1.59113,0.40898,-1.18483,0.77807,2.40419,0.55689,0.48819,False,pass,-1.37718,192.34801,0.02779,0.03604,0.04378,0.05340,0.11231,unstable_likely,,
K2MoInO3F3,True,True,1.64000,0.72500,1.36500,1.01668,0.53114,3.65395,True,K+1;Mo+4;In+3;O-2;F-1,0.93092,3.16922,0.81668,-2.47978,1.54563,4.79282,0.05942,0.05531,False,pass,-2.52489,45.11380,0.25332,0.36783,0.47879,0.60089,0.85245,stable_likely,,
K2MoInO3Cl3,True,True,1.64000,0.72500,1.60500,0.98479,0.45171,3.98499,True,K+1;Mo+4;In+3;O-2;Cl-1,0.88610,2.50200,0.65352,-1.90777,1.20279,3.80121,0.12956,0.11480,False,pass,-2.06456,156.79312,0.04415,0.05788,0.07173,0.08958,0.20361,unstable_likely,,
K2MoInO3Br3,True,True,1.64000,0.72500,1.68000,0.97613,0.43155,4.08843,True,K+1;Mo+4;In+3;O-2;Br-1,0.86767,2.03454,0.58362,-1.48536,0.87429,3.19480,0.25768,0.22358,False,pass,-1.92335,437.99486,0.00327,0.00371,0.00410,0.00450,0.00651,unstable_likely,,
K2MoInS3F3,False,True,1.64000,0.72500,1.58500,0.98719,0.45741,3.95740,True,K+1;Mo+4;In+3;S-2;F-1,0.92044,2.59387,0.65612,-1.97689,1.28948,3.89826,0.11285,0.10387,False,pass,-2.09663,119.73896,0.07365,0.10006,0.12683,0.16273,0.40522,unstable_likely,,
K2MoInSe3F3,False,True,1.64000,0.72500,1.65500,0.97896,0.43807,4.05395,True,K+1;Mo+4;In+3;Se-2;F-1,0.89470,1.93886,0.65228,-1.62119,0.64211,3.23560,0.28444,0.25449,False,pass,-2.02239,401.19542,0.00414,0.00467,0.00517,0.00595,0.00900,unstable_likely,,
K2MoGaO3F3,True,True,1.64000,0.63500,1.36500,1.06243,0.46520,3.87158,True,K+1;Mo+4;Ga+3;O-2;F-1,0.94382,3.41269,0.86947,-2.52960,1.68416,5.14122,0.04651,0.04389,False,pass,-2.58806,58.45839,0.19810,0.28696,0.37883,0.49214,0.81053,unstable_likely,,
K2WFeO3F3,True,True,1.64000,0.65250,1.36500,1.05321,0.47802,3.81906,True,K+1;W+4;Fe+3;O-2;F-1,0.83266,2.06806,0.78960,-2.51253,0.49830,3.63782,0.22941,0.19102,False,pass,-2.47457,-37.95873,0.79649,0.86045,0.89202,0.91502,0.95619,stable_likely,,
K2WFeS3F3,False,True,1.64000,0.65250,1.58500,1.01918,0.41167,4.15622,True,K+1;W+4;Fe+3;S-2;F-1,0.82647,1.59307,0.72889,-1.79328,0.14402,3.04212,0.35939,0.29702,False,pass,-2.03989,246.61076,0.01470,0.01812,0.02152,0.02647,0.05057,unstable_likely,,
K2WBiO3F3,True,True,1.64000,0.84500,1.36500,0.96147,0.61905,3.54222,True,K+1;W+4;Bi+3;O-2;F-1,0.78886,2.27874,0.80921,-2.39733,0.67001,3.88746,0.18349,0.14475,False,pass,-2.47890,81.57267,0.13337,0.18799,0.24608,0.32616,0.69673,unstable_likely,,
K2WBiO3Cl3,True,True,1.64000,0.84500,1.60500,0.93656,0.52648,3.82624,True,K+1;W+4;Bi+3;O-2;Cl-1,0.73912,2.26108,0.66334,-1.80515,0.94234,3.57982,0.19016,0.14055,False,pass,-1.98736,182.20621,0.03165,0.04115,0.05018,0.06192,0.13197,unstable_likely,,
K2WBiO3Br3,True,True,1.64000,0.84500,1.68000,0.92974,0.50298,3.91500,True,K+1;W+4;Bi+3;O-2;Br-1,0.72865,1.86916,0.55977,-1.33740,0.75631,2.98200,0.33322,0.24280,False,pass,-1.86628,528.88050,0.00200,0.00220,0.00241,0.00263,0.00344,unstable_likely,,
K2WBiO3I3,True,True,1.64000,0.84500,1.80000,0.91964,0.46944,4.05701,True,K+1;W+4;Bi+3;O-2;I-1,0.75014,2.00824,0.58127,-1.26913,0.85266,3.16383,0.26865,0.20153,False,pass,-1.67285,403.71914,0.00409,0.00461,0.00510,0.00583,0.00880,unstable_likely,,
K2WBiS3F3,False,True,1.64000,0.84500,1.58500,0.93844,0.53312,3.80258,True,K+1;W+4;Bi+3;S-2;F-1,0.76185,2.15224,0.65588,-1.82342,0.84832,3.45615,0.21548,0.16416,False,pass,-2.02366,200.23970,0.02517,0.03249,0.03953,0.04816,0.09929,unstable_likely,,
K2WBiS3Cl3,False,True,1.64000,0.84500,1.82500,0.91765,0.46301,4.08660,True,K+1;W+4;Bi+3;S-2;Cl-1,0.78373,1.59170,0.45417,-1.31484,0.68879,2.49461,0.52034,0.40781,False,pass,-1.55350,238.66147,0.01587,0.01985,0.02393,0.02916,0.05654,unstable_likely,,
K2WBiS3Br3,False,True,1.64000,0.84500,1.90000,0.91190,0.44474,4.17536,True,K+1;W+4;Bi+3;S-2;Br-1,0.80283,1.46389,0.33935,-1.07238,0.78925,2.13853,0.69801,0.56038,False,pass,-1.42373,351.35480,0.00595,0.00688,0.00787,0.00900,0.01398,unstable_likely,,
K2WBiSe3F3,False,True,1.64000,0.84500,1.65500,0.93197,0.51057,3.88542,True,K+1;W+4;Bi+3;Se-2;F-1,0.74955,1.60599,0.59684,-1.63824,0.41946,2.79253,0.42117,0.31569,False,pass,-1.93932,301.07892,0.00900,0.01072,0.01217,0.01403,0.02486,unstable_likely,,
K2WBiSe3Cl3,False,True,1.64000,0.84500,1.89500,0.91227,0.44591,4.16944,True,K+1;W+4;Bi+3;Se-2;Cl-1,0.77172,1.56683,0.42603,-1.16248,0.71988,2.41378,0.55714,0.42996,False,pass,-1.46212,299.63560,0.00912,0.01096,0.01233,0.01428,0.02538,unstable_likely,,
K2WSbO3F3,True,True,1.64000,0.71000,1.36500,1.02403,0.52015,3.68161,True,K+1;W+4;Sb+3;O-2;F-1,0.86060,2.61276,0.78843,-2.37168,1.04533,4.18018,0.12213,0.10511,False,pass,-2.47247,100.79081,0.09828,0.13500,0.17485,0.22768,0.55542,unstable_likely,,
K2WSbO3Cl3,True,True,1.64000,0.71000,1.60500,0.99117,0.44237,4.01964,True,K+1;W+4;Sb+3;O-2;Cl-1,0.80050,2.14914,0.65597,-1.80450,0.84505,3.45322,0.21573,0.17269,False,pass,-1.99156,187.06085,0.02979,0.03860,0.04702,0.05769,0.12225,unstable_likely,,
K2WSbO3Br3,True,True,1.64000,0.71000,1.68000,0.98226,0.42262,4.12527,True,K+1;W+4;Sb+3;O-2;Br-1,0.79752,1.91237,0.63588,-1.34650,0.64823,3.17652,0.29718,0.23701,False,pass,-1.84892,502.41917,0.00232,0.00259,0.00272,0.00299,0.00410,unstable_likely,,
K2WSbS3F3,False,True,1.64000,0.71000,1.58500,0.99365,0.44795,3.99147,True,K+1;W+4;Sb+3;S-2;F-1,0.85908,2.12639,0.68811,-1.79633,0.75840,3.49438,0.22130,0.19012,False,pass,-2.00733,210.99960,0.02165,0.02821,0.03425,0.04180,0.08399,unstable_likely,,
K2WSbSe3F3,True,True,1.64000,0.71000,1.65500,0.98517,0.42900,4.09006,True,K+1;W+4;Sb+3;Se-2;F-1,0.81723,1.66265,0.63826,-1.54990,0.39377,2.93153,0.38015,0.31067,False,pass,-1.91368,363.78108,0.00522,0.00625,0.00700,0.00801,0.01240,unstable_likely,,
K2WAgO3F3,True,True,1.64000,0.87500,1.36500,0.94860,0.64103,3.54345,True,K+1;W+6;Ag+1;O-2;F-1,0.86653,2.51672,0.79564,-2.28911,0.93496,4.09848,0.14019,0.12148,False,pass,-2.29659,7.48124,0.50022,0.65805,0.74803,0.81402,0.92070,stable_likely,,
K2WAgO3Cl3,True,True,1.64000,0.87500,1.60500,0.92523,0.54517,3.81774,True,K+1;W+6;Ag+1;O-2;Cl-1,0.78626,2.12665,0.55766,-1.54713,1.01801,3.23529,0.22443,0.17646,False,pass,-1.92641,379.28442,0.00471,0.00553,0.00623,0.00698,0.01101,unstable_likely,,
K2WAgO3Br3,True,True,1.64000,0.87500,1.68000,0.91882,0.52083,3.90345,True,K+1;W+6;Ag+1;O-2;Br-1,0.76561,1.90726,0.49680,-1.31007,0.91960,2.89492,0.32562,0.24930,False,pass,-1.81468,504.60659,0.00228,0.00256,0.00270,0.00297,0.00407,unstable_likely,,
K2WAgO3I3,True,True,1.64000,0.87500,1.80000,0.90933,0.48611,4.04059,True,K+1;W+6;Ag+1;O-2;I-1,0.77450,1.93459,0.52805,-1.12988,0.88480,2.98437,0.30849,0.23893,False,pass,-1.64264,512.76295,0.00214,0.00241,0.00264,0.00284,0.00381,unstable_likely,,
K2WAgS3F3,False,True,1.64000,0.87500,1.58500,0.92700,0.55205,3.79488,True,K+1;W+6;Ag+1;S-2;F-1,0.85417,2.17605,0.59100,-1.64700,1.00112,3.35098,0.21050,0.17980,False,pass,-1.83706,190.06451,0.02872,0.03719,0.04512,0.05540,0.11620,unstable_likely,,
K2WAgS3Cl3,False,True,1.64000,0.87500,1.82500,0.90745,0.47945,4.06916,True,K+1;W+6;Ag+1;S-2;Cl-1,0.76767,1.47780,0.38153,-1.24611,0.71930,2.23629,0.64340,0.49392,False,pass,-1.43901,192.89645,0.02758,0.03579,0.04342,0.05307,0.11127,unstable_likely,,
K2WAgS3Br3,False,True,1.64000,0.87500,1.90000,0.90204,0.46053,4.15488,True,K+1;W+6;Ag+1;S-2;Br-1,0.76210,1.47221,0.26487,-1.17564,0.94564,1.99878,0.79634,0.60689,False,pass,-1.28877,113.12963,0.08137,0.11081,0.14104,0.18311,0.45512,unstable_likely,,
K2WAgSe3F3,False,True,1.64000,0.87500,1.65500,0.92092,0.52870,3.87488,True,K+1;W+6;Ag+1;Se-2;F-1,0.77093,1.79062,0.56167,-1.56869,0.67400,2.90724,0.36428,0.28084,False,pass,-1.78361,214.92345,0.02071,0.02700,0.03261,0.03966,0.07933,unstable_likely,,
K2WAgSe3Cl3,False,True,1.64000,0.87500,1.89500,0.90239,0.46174,4.14916,True,K+1;W+6;Ag+1;Se-2;Cl-1,0.77525,1.51786,0.34577,-1.20327,0.83046,2.20526,0.66956,0.51908,False,pass,-1.34428,141.00658,0.05461,0.07246,0.09058,0.11458,0.27319,unstable_likely,,
K2WInO3F3,True,True,1.64000,0.73000,1.36500,1.01425,0.53480,3.64544,True,K+1;W+4;In+3;O-2;F-1,0.92072,3.05182,0.80924,-2.48580,1.44302,4.66062,0.07048,0.06489,False,pass,-2.52958,43.77847,0.25960,0.37681,0.48960,0.61104,0.85620,stable_likely,,
K2WInO3Cl3,True,True,1.64000,0.73000,1.60500,0.98268,0.45483,3.97421,True,K+1;W+4;In+3;O-2;Cl-1,0.85173,2.36397,0.67087,-1.87599,1.03026,3.69768,0.16231,0.13824,False,pass,-2.06910,193.10652,0.02755,0.03568,0.04329,0.05293,0.11084,unstable_likely,,
K2WInO3Br3,True,True,1.64000,0.73000,1.68000,0.97411,0.43452,4.07695,True,K+1;W+4;In+3;O-2;Br-1,0.82847,2.11407,0.56720,-1.52906,0.98647,3.24168,0.22890,0.18964,False,pass,-1.92789,398.82826,0.00418,0.00472,0.00522,0.00607,0.00916,unstable_likely,,
K2WInS3F3,False,True,1.64000,0.73000,1.58500,0.98506,0.46057,3.94681,True,K+1;W+4;In+3;S-2;F-1,0.89443,2.37281,0.68614,-1.92235,1.00873,3.73688,0.16121,0.14419,False,pass,-2.08235,160.00345,0.04237,0.05546,0.06840,0.08543,0.19311,unstable_likely,,
K2WInSe3F3,False,True,1.64000,0.73000,1.65500,0.97690,0.44109,4.04271,True,K+1;W+4;In+3;Se-2;F-1,0.86029,2.05054,0.64394,-1.68566,0.77038,3.33071,0.24823,0.21355,False,pass,-1.98773,302.07284,0.00896,0.01063,0.01205,0.01389,0.02446,unstable_likely,,
K2WGaO3F3,True,True,1.64000,0.64000,1.36500,1.05978,0.46886,3.85603,True,K+1;W+4;Ga+3;O-2;F-1,0.94129,2.94220,0.87390,-2.49018,1.20486,4.67954,0.08601,0.08096,False,pass,-2.59259,102.41179,0.09591,0.13150,0.16981,0.22089,0.54200,unstable_likely,,
K2FeMnF6,False,True,1.64000,0.80500,1.33000,0.98366,0.60526,3.51508,True,K+1;Fe+2;Mn+2;F-1,0.55614,2.15197,0.65282,-2.89500,0.85415,3.44979,0.21565,0.11993,False,pass,-2.87459,-20.41105,0.70883,0.80605,0.85401,0.88727,0.94579,stable_likely,,
K2FeMnCl6,False,True,1.64000,0.80500,1.81000,0.93289,0.44475,4.11135,True,K+1;Fe+2;Mn+2;Cl-1,0.51850,0.99061,0.49587,-1.76443,0.00481,1.97641,0.44396,0.23019,False,pass,-1.71427,-50.16439,0.83899,0.88678,0.91082,0.92913,0.96173,stable_likely,,
K2FeMnO3F3,True,True,1.64000,0.58750,1.36500,1.08827,0.43040,4.04263,True,K+1;Fe+3;Mn+4;O-2;F-1,0.81083,1.78435,0.61311,-2.51617,0.56548,3.00323,0.34976,0.28360,False,pass,-2.39395,-122.21849,0.94704,0.95823,0.96459,0.96944,0.97986,stable_likely,,
K2FeMnF3Cl3,False,True,1.64000,0.80500,1.57000,0.95571,0.51274,3.81321,True,K+1;Fe+2;Mn+2;F-1;Cl-1,0.59411,1.77065,0.65677,-2.10500,0.46497,3.07634,0.33803,0.20083,False,pass,-2.35839,253.38683,0.01364,0.01688,0.01990,0.02399,0.04621,unstable_likely,,
K2FeMnF3Br3,False,True,1.64000,0.80500,1.64500,0.94810,0.48936,3.90638,True,K+1;Fe+2;Mn+2;F-1;Br-1,0.56033,1.56377,0.65474,-1.96298,0.26213,2.86541,0.40268,0.22563,False,pass,-2.21864,255.65960,0.01337,0.01652,0.01933,0.02324,0.04474,unstable_likely,,
K2FeMnF3I3,True,True,1.64000,0.80500,1.76500,0.93685,0.45609,4.05545,True,K+1;Fe+2;Mn+2;F-1;I-1,0.52315,1.45197,0.63066,-1.83377,0.19820,2.70574,0.43687,0.22855,False,pass,-2.00508,171.31408,0.03654,0.04746,0.05830,0.07221,0.15846,unstable_likely,,
K2FeSbO3F3,True,True,1.64000,0.69000,1.36500,1.03399,0.50549,3.72361,True,K+1;Fe+2;Sb+5;O-2;F-1,0.78401,1.95048,0.62905,-2.35318,0.69992,3.20105,0.28663,0.22472,False,pass,-2.40989,56.71276,0.20397,0.29654,0.39095,0.50644,0.81660,stable_likely,,
K2FeSbO3Cl3,True,True,1.64000,0.69000,1.60500,0.99981,0.42991,4.07143,True,K+1;Fe+2;Sb+5;O-2;Cl-1,0.74092,1.75352,0.60719,-1.70270,0.54641,2.96062,0.36015,0.26684,False,pass,-1.93398,231.27943,0.01721,0.02162,0.02663,0.03197,0.06280,unstable_likely,,
K2FeSbS3F3,False,True,1.64000,0.69000,1.58500,1.00238,0.43533,4.04245,True,K+1;Fe+2;Sb+5;S-2;F-1,0.79908,1.81276,0.58000,-1.91543,0.65970,2.96583,0.35010,0.27976,False,pass,-1.91557,0.14113,0.56075,0.70555,0.78309,0.83810,0.92870,stable_likely,,
K2FeSbSe3F3,False,True,1.64000,0.69000,1.65500,0.99357,0.41692,4.14390,True,K+1;Fe+2;Sb+5;Se-2;F-1,0.79505,1.14417,0.61644,-1.51748,-0.08135,2.36968,0.44733,0.35565,False,pass,-1.85293,335.45272,0.00661,0.00795,0.00908,0.01029,0.01654,unstable_likely,,
K2FeCuF6,False,True,1.64000,0.70750,1.33000,1.03073,0.53195,3.63706,True,K+1;Fe+3;Cu+1;F-1,0.56725,0.72580,0.59920,-2.52042,-0.46543,1.91704,0.29169,0.16546,False,pass,-2.60574,85.32364,0.12576,0.17623,0.23004,0.30442,0.67280,unstable_likely,,
K2FeCuF3Cl3,False,True,1.64000,0.70750,1.57000,0.99662,0.45064,3.97629,True,K+1;Fe+3;Cu+1;F-1;Cl-1,0.56336,0.97452,0.58236,-2.02831,-0.18323,2.13227,0.40842,0.23009,False,pass,-2.13052,102.20691,0.09627,0.13197,0.17049,0.22182,0.54394,unstable_likely,,
K2FeCuF3Br3,False,True,1.64000,0.70750,1.64500,0.98739,0.43009,4.08229,True,K+1;Fe+3;Cu+1;F-1;Br-1,0.70191,1.38263,0.50664,-1.78938,0.37541,2.38986,0.53629,0.37643,False,pass,-2.00423,214.84988,0.02073,0.02702,0.03268,0.03971,0.07944,unstable_likely,,
K2FeAgF6,False,True,1.64000,0.89750,1.33000,0.94281,0.67481,3.51305,True,K+1;Fe+3;Ag+1;F-1,0.59375,1.96913,0.53944,-2.49458,0.89670,3.04156,0.28925,0.17174,False,pass,-2.57348,78.89848,0.13919,0.19671,0.25907,0.34283,0.71311,known_mp,13.04003,"{'identifier': 'mp-aaaclhkg', 'suffix': 'GGA+U', 'separator': '-'}"
K2FeAgCl6,False,True,1.64000,0.89750,1.81000,0.90102,0.49586,4.04787,True,K+1;Fe+3;Ag+1;Cl-1,0.64633,1.07902,0.39180,-1.48203,0.30012,1.85793,0.54566,0.35268,False,pass,-1.58017,98.13965,0.10244,0.14098,0.18304,0.23921,0.57667,unstable_likely,,
K2FeAgF3Cl3,False,True,1.64000,0.89750,1.57000,0.91988,0.57166,3.78046,True,K+1;Fe+3;Ag+1;F-1;Cl-1,0.61144,1.64468,0.50740,-2.02334,0.63595,2.65341,0.45636,0.27904,False,pass,-2.12216,98.82222,0.10140,0.13935,0.18074,0.23636,0.57096,unstable_likely,,
K2FeAgF3Br3,False,True,1.64000,0.89750,1.64500,0.91361,0.54559,3.86403,True,K+1;Fe+3;Ag+1;F-1;Br-1,0.69255,1.36487,0.50542,-1.76861,0.36009,2.36966,0.53950,0.37363,False,pass,-2.00891,240.30445,0.01556,0.01945,0.02340,0.02856,0.05526,unstable_likely,,
K2FeAgF3I3,False,True,1.64000,0.89750,1.76500,0.90430,0.50850,3.99773,True,K+1;Fe+3;Ag+1;F-1;I-1,0.68571,1.32291,0.46127,-1.63317,0.40589,2.23993,0.57841,0.39662,False,pass,-1.83897,205.79649,0.02324,0.03027,0.03683,0.04467,0.09094,unstable_likely,,
K2FeAgCl3Br3,False,True,1.64000,0.89750,1.88500,0.89580,0.47613,4.13144,True,K+1;Fe+3;Ag+1;Cl-1;Br-1,0.72127,0.99684,0.40216,-1.37167,0.19733,1.79634,0.48135,0.34718,False,pass,-1.46692,95.25188,0.10690,0.14812,0.19230,0.25267,0.59967,unstable_likely,,
K2FeZnF6,False,True,1.64000,0.76000,1.33000,1.00484,0.57143,3.55562,True,K+1;Fe+2;Zn+2;F-1,0.67346,2.36072,0.49088,-2.72123,1.38484,3.33661,0.13589,0.09152,False,pass,-2.78158,60.34920,0.19197,0.27673,0.36634,0.47696,0.80317,unstable_likely,,
K2FeZnF3Cl3,False,True,1.64000,0.76000,1.57000,0.97417,0.48408,3.87141,True,K+1;Fe+2;Zn+2;F-1;Cl-1,0.66169,2.22213,0.59336,-2.26401,1.04251,3.40175,0.19691,0.13029,False,pass,-2.32999,65.98442,0.17428,0.24883,0.32960,0.43325,0.77947,unstable_likely,,
K2FeZnF3Br3,False,True,1.64000,0.76000,1.64500,0.96584,0.46201,3.97009,True,K+1;Fe+2;Zn+2;F-1;Br-1,0.63735,1.66174,0.55418,-1.85626,0.56002,2.76346,0.42058,0.26805,False,pass,-2.18864,332.38190,0.00683,0.00808,0.00930,0.01061,0.01703,unstable_likely,,
K2FeZnF3I3,True,True,1.64000,0.76000,1.76500,0.95354,0.43059,4.12799,True,K+1;Fe+2;Zn+2;F-1;I-1,0.64496,1.50421,0.50394,-1.69568,0.50236,2.50605,0.51646,0.33310,False,pass,-1.98232,286.63544,0.01017,0.01213,0.01395,0.01632,0.02998,unstable_likely,,
K2MnBiO6,True,True,1.64000,0.74500,1.40000,1.00215,0.53214,3.66900,True,K+1;Mn+7;Bi+3;O-2,0.50976,1.34863,0.62029,-1.68246,0.11548,2.58178,0.46033,0.23466,False,pass,-1.66921,-13.24685,0.66312,0.77613,0.83298,0.87262,0.94085,stable_likely,,
K2MnBiO3S3,True,True,1.64000,0.74500,1.62000,0.97470,0.45988,3.96430,True,K+1;Mn+7;Bi+3;O-2;S-2,0.68177,1.51001,0.66180,-1.42122,0.19433,2.82570,0.40851,0.27851,False,pass,-1.64591,224.69273,0.01848,0.02356,0.02887,0.03489,0.06878,unstable_likely,,
K2MnBiO3Se3,True,True,1.64000,0.74500,1.69000,0.96701,0.44083,4.05826,True,K+1;Mn+7;Bi+3;O-2;Se-2,0.73354,1.32327,0.62176,-1.27668,0.08719,2.55934,0.46101,0.33817,False,pass,-1.46483,188.15370,0.02937,0.03802,0.04631,0.05686,0.12014,unstable_likely,,
K2MnBiO3F3,False,True,1.64000,0.78000,1.36500,0.99061,0.57143,3.57923,True,K+1;Mn+4;Bi+3;O-2;F-1,0.63240,1.83180,0.79285,-2.39191,0.25558,3.40802,0.28807,0.18217,False,pass,-2.40244,10.53316,0.47552,0.63580,0.73161,0.80243,0.91688,stable_likely,,
K2MnBiO3Cl3,True,True,1.64000,0.78000,1.60500,0.96208,0.48598,3.88692,True,K+1;Mn+4;Bi+3;O-2;Cl-1,0.59292,1.68526,0.77991,-1.73714,0.13477,3.23575,0.32124,0.19047,False,pass,-1.92539,188.25420,0.02931,0.03800,0.04627,0.05681,0.11995,unstable_likely,,
K2MnBiO3Br3,True,True,1.64000,0.78000,1.68000,0.95431,0.46429,3.98308,True,K+1;Mn+4;Bi+3;O-2;Br-1,0.63868,1.30948,0.63027,-1.39899,0.05648,2.56248,0.45712,0.29195,False,pass,-1.80212,403.13391,0.00410,0.00464,0.00511,0.00587,0.00885,unstable_likely,,
K2MnBiO3I3,True,True,1.64000,0.78000,1.80000,0.94281,0.43333,4.13692,True,K+1;Mn+4;Bi+3;O-2;I-1,0.64298,1.41394,0.63034,-1.23556,0.16080,2.66708,0.44404,0.28551,False,pass,-1.62740,391.84013,0.00441,0.00500,0.00568,0.00634,0.00969,unstable_likely,,
K2MnBiS3F3,False,True,1.64000,0.78000,1.58500,0.96424,0.49211,3.86128,True,K+1;Mn+4;Bi+3;S-2;F-1,0.64218,1.60236,0.76025,-1.91595,0.09097,3.11376,0.34377,0.22076,False,pass,-1.96836,52.40870,0.22090,0.32133,0.42232,0.54207,0.83115,stable_likely,,
K2MnBiS3Cl3,False,True,1.64000,0.78000,1.82500,0.94055,0.42740,4.16897,True,K+1;Mn+4;Bi+3;S-2;Cl-1,0.71110,1.27823,0.53009,-1.38742,0.22439,2.33208,0.52330,0.37211,False,pass,-1.47417,86.74649,0.12292,0.17176,0.22358,0.29640,0.66320,unstable_likely,,
K2MnBiSe3F3,False,True,1.64000,0.78000,1.65500,0.95684,0.47130,3.95103,True,K+1;Mn+4;Bi+3;Se-2;F-1,0.64135,1.14988,0.68789,-1.65746,-0.21767,2.51743,0.41450,0.26584,False,pass,-1.95300,295.53936,0.00941,0.01132,0.01277,0.01488,0.02685,unstable_likely,,
K2MnSbO6,True,True,1.64000,0.61000,1.40000,1.06946,0.43571,4.01353,True,K+1;Mn+7;Sb+3;O-2,0.62998,1.56401,0.56109,-1.90052,0.44854,2.67948,0.45586,0.28718,False,pass,-1.90748,6.96420,0.50450,0.66160,0.75063,0.81580,0.92139,stable_likely,,
K2MnSbO3F3,True,True,1.64000,0.71500,1.36500,1.02157,0.52381,3.67203,True,K+1;Mn+2;Sb+5;O-2;F-1,0.73064,2.22458,0.67190,-2.44358,0.88882,3.56033,0.19826,0.14486,False,pass,-2.53641,92.82536,0.11135,0.15426,0.20019,0.26426,0.61858,unstable_likely,,
K2MnSbO3Cl3,True,True,1.64000,0.71500,1.60500,0.98904,0.44548,4.00769,True,K+1;Mn+2;Sb+5;O-2;Cl-1,0.74398,1.83903,0.65267,-1.79893,0.54150,3.13655,0.32005,0.23811,False,pass,-2.02510,226.17461,0.01824,0.02310,0.02814,0.03412,0.06733,unstable_likely,,
K2MnSbO3Br3,True,True,1.64000,0.71500,1.68000,0.98021,0.42560,4.11259,True,K+1;Mn+2;Sb+5;O-2;Br-1,0.74927,1.52340,0.63872,-1.43984,0.25361,2.79319,0.41931,0.31418,False,pass,-1.87754,437.70092,0.00327,0.00371,0.00410,0.00451,0.00651,unstable_likely,,
K2MnSbS3F3,False,True,1.64000,0.71500,1.58500,0.99149,0.45110,3.97972,True,K+1;Mn+2;Sb+5;S-2;F-1,0.77225,2.03861,0.63365,-1.98031,0.77889,3.29833,0.25295,0.19534,False,pass,-1.94604,-34.27000,0.78054,0.85099,0.88513,0.90955,0.95442,stable_likely,,
K2MnSbSe3F3,False,True,1.64000,0.71500,1.65500,0.98309,0.43202,4.07762,True,K+1;Mn+2;Sb+5;Se-2;F-1,0.77367,1.16712,0.64509,-1.60113,-0.11535,2.44959,0.43577,0.33714,False,pass,-1.92553,324.39799,0.00724,0.00873,0.00993,0.01142,0.01853,unstable_likely,,
K2MnCuCl6,False,True,1.64000,0.78000,1.81000,0.94190,0.43094,4.14974,True,K+1;Mn+2;Cu+2;Cl-1,0.52477,1.08573,0.46653,-1.71033,0.15825,2.01321,0.50515,0.26509,False,pass,-1.64076,-69.56728,0.88563,0.91704,0.93327,0.94541,0.96869,stable_likely,,
K2MnCuF3Cl3,False,True,1.64000,0.78000,1.57000,0.96588,0.49682,3.84205,True,K+1;Mn+2;Cu+2;F-1;Cl-1,0.50953,1.00780,0.55046,-2.08663,-0.08653,2.10213,0.43087,0.21954,False,pass,-2.24129,154.65830,0.04535,0.05995,0.07377,0.09277,0.21193,unstable_likely,,
K2MnCuF3Br3,False,True,1.64000,0.78000,1.64500,0.95787,0.47416,3.93820,True,K+1;Mn+2;Cu+2;F-1;Br-1,0.59219,1.40011,0.55885,-1.88536,0.28910,2.51111,0.49299,0.29195,False,pass,-2.11715,231.79279,0.01711,0.02147,0.02641,0.03182,0.06225,unstable_likely,,
K2MnCuF3I3,True,True,1.64000,0.78000,1.76500,0.94605,0.44193,4.09205,True,K+1;Mn+2;Cu+2;F-1;I-1,0.58269,1.31589,0.53533,-1.78144,0.25163,2.38015,0.52161,0.30393,False,pass,-1.92206,140.62206,0.05503,0.07285,0.09119,0.11522,0.27534,unstable_likely,,
K2MnZnF6,False,True,1.64000,0.78500,1.33000,0.99296,0.59023,3.52986,True,K+1;Mn+2;Zn+2;F-1,0.63180,2.34589,0.64554,-2.82388,1.06255,3.62924,0.16349,0.10329,False,pass,-2.91782,93.93517,0.10930,0.15123,0.19662,0.25892,0.60975,unstable_likely,,
K2MnZnCl6,False,True,1.64000,0.78500,1.81000,0.94008,0.43370,4.14132,True,K+1;Mn+2;Zn+2;Cl-1,0.68359,1.45327,0.51018,-1.87271,0.43902,2.46752,0.52439,0.35847,False,pass,-1.84810,-24.61363,0.73236,0.82123,0.86429,0.89485,0.94874,stable_likely,,
K2MnZnF3Cl3,False,True,1.64000,0.78500,1.57000,0.96383,0.50000,3.83559,True,K+1;Mn+2;Zn+2;F-1;Cl-1,0.63570,2.41022,0.68954,-2.29124,1.03940,3.78105,0.15201,0.09663,False,pass,-2.44656,155.31736,0.04494,0.05935,0.07310,0.09181,0.20933,unstable_likely,,
K2MnZnF3Br3,False,True,1.64000,0.78500,1.64500,0.95590,0.47720,3.93113,True,K+1;Mn+2;Zn+2;F-1;Br-1,0.58425,1.83198,0.58920,-1.95108,0.66063,3.00332,0.33913,0.19814,False,pass,-2.30515,354.07295,0.00582,0.00668,0.00760,0.00877,0.01354,unstable_likely,,
K2MnZnF3I3,True,True,1.64000,0.78500,1.76500,0.94420,0.44476,4.08400,True,K+1;Mn+2;Zn+2;F-1;I-1,0.56554,1.67386,0.56380,-1.80796,0.55300,2.79472,0.41079,0.23232,False,pass,-2.10850,300.53584,0.00906,0.01084,0.01225,0.01411,0.02510,unstable_likely,,
K2MnInO6,True,True,1.64000,0.63000,1.40000,1.05892,0.45000,3.94313,True,K+1;Mn+7;In+3;O-2,0.81494,1.62565,0.58811,-1.96169,0.45645,2.79484,0.41771,0.34040,False,pass,-1.70688,-254.80649,0.98366,0.98555,0.98686,0.98799,0.99052,stable_likely,,
K2MnInO3F3,True,True,1.64000,0.66500,1.36500,1.04673,0.48718,3.78473,True,K+1;Mn+4;In+3;O-2;F-1,0.84009,2.10967,0.72979,-2.57964,0.65883,3.56052,0.22485,0.18889,False,pass,-2.47001,-109.62789,0.93786,0.95170,0.95947,0.96539,0.97780,stable_likely,,
K2MnInO3Cl3,True,True,1.64000,0.66500,1.60500,1.01082,0.41433,4.14563,True,K+1;Mn+4;In+3;O-2;Cl-1,0.82520,1.69102,0.67740,-1.89634,0.34433,3.03771,0.35668,0.29434,False,pass,-2.00562,109.27609,0.08637,0.11795,0.15025,0.19547,0.48554,unstable_likely,,
K2MnInS3F3,False,True,1.64000,0.66500,1.58500,1.01352,0.41956,4.11555,True,K+1;Mn+4;In+3;S-2;F-1,0.85393,1.96409,0.68253,-2.11598,0.60720,3.32098,0.27270,0.23287,False,pass,-2.02234,-93.63604,0.92211,0.94125,0.95107,0.95898,0.97468,stable_likely,,
K2MnGaO3F3,True,True,1.64000,0.57500,1.36500,1.09529,0.42125,4.09524,True,K+1;Mn+4;Ga+3;O-2;F-1,0.89005,2.05410,0.71863,-2.62068,0.62544,3.48277,0.23945,0.21312,False,pass,-2.53237,-88.30642,0.91549,0.93665,0.94777,0.95638,0.97357,stable_likely,,
K2BiAgF6,False,True,1.64000,1.09000,1.33000,0.86781,0.81955,3.90322,True,K+1;Bi+3;Ag+1;F-1,0.92297,2.13964,0.35013,-2.45977,1.44357,2.83570,0.17691,0.16328,False,pass,-2.59726,137.48689,0.05733,0.07616,0.09582,0.12142,0.29241,known_mp,85.75854,"{'identifier': 'mp-aaaclfhb', 'suffix': 'GGA', 'separator': '-'}"
K2BiAgF3Cl3,False,True,1.64000,1.09000,1.57000,0.85331,0.69427,4.12340,True,K+1;Bi+3;Ag+1;F-1;Cl-1,0.90461,1.89482,0.53867,-2.15328,0.82394,2.96571,0.32486,0.29387,False,pass,-2.16619,12.91063,0.45668,0.61788,0.71859,0.79266,0.91364,stable_likely,,
K2SbCuO3F3,True,True,1.64000,0.66500,1.36500,1.04673,0.48718,3.78473,True,K+1;Sb+5;Cu+2;O-2;F-1,0.58772,1.33503,0.54621,-2.27973,0.24915,2.42091,0.51030,0.29991,False,pass,-2.23382,-45.91392,0.82562,0.87840,0.90480,0.92454,0.95994,stable_likely,,
K2SbCuO3Cl3,True,True,1.64000,0.66500,1.60500,1.01082,0.41433,4.14563,True,K+1;Sb+5;Cu+2;O-2;Cl-1,0.53621,1.12036,0.56913,-1.62572,-0.01109,2.25182,0.46523,0.24946,False,pass,-1.78098,155.26147,0.04499,0.05936,0.07317,0.09187,0.20952,unstable_likely,,
K2SbCuS3F3,False,True,1.64000,0.66500,1.58500,1.01352,0.41956,4.11555,True,K+1;Sb+5;Cu+2;S-2;F-1,0.67867,1.42283,0.55468,-1.82570,0.32010,2.52556,0.49299,0.33458,False,pass,-1.79444,-31.25559,0.76731,0.84232,0.87908,0.90529,0.95264,stable_likely,,
K2SbAgF6,False,True,1.64000,0.95500,1.33000,0.91908,0.71805,3.56846,True,K+1;Sb+3;Ag+1;F-1,0.92714,1.88641,0.38531,-2.41164,1.12040,2.65243,0.35424,0.32843,False,pass,-2.62394,212.30124,0.02135,0.02780,0.03381,0.04110,0.08231,known_mp,136.47177,"{'identifier': 'mp-aaaclfgy', 'suffix': 'GGA', 'separator': '-'}"
K2SbAgCl6,False,True,1.64000,0.95500,1.81000,0.88229,0.52762,4.07108,True,K+1;Sb+3;Ag+1;Cl-1,0.94794,1.47922,0.35526,-1.54959,0.77294,2.18549,0.67581,0.64063,False,pass,-1.60600,56.41301,0.20521,0.29832,0.39322,0.50875,0.81761,known_mp,26.07350,"{'identifier': 'mp-aaaclfhx', 'suffix': 'GGA', 'separator': '-'}"
K2SbAgF3Cl3,False,True,1.64000,0.95500,1.57000,0.89894,0.60828,3.81977,True,K+1;Sb+3;Ag+1;F-1;Cl-1,0.91740,1.68381,0.50490,-2.12680,0.68006,2.68757,0.43788,0.40171,False,pass,-2.14422,17.42024,0.42217,0.58244,0.69135,0.77333,0.90700,stable_likely,,
K2SbAgF3Br3,False,True,1.64000,0.95500,1.64500,0.89340,0.58055,3.89830,True,K+1;Sb+3;Ag+1;F-1;Br-1,0.92722,1.29947,0.46242,-1.71715,0.38017,2.21877,0.57672,0.53475,False,pass,-2.02880,311.65163,0.00813,0.00972,0.01121,0.01263,0.02151,unstable_likely,,
K2SbAgF3I3,False,True,1.64000,0.95500,1.76500,0.88518,0.54108,4.02396,True,K+1;Sb+3;Ag+1;F-1;I-1,0.93052,1.31685,0.41756,-1.59462,0.48673,2.14697,0.61909,0.57608,False,pass,-1.87247,277.85472,0.01113,0.01309,0.01529,0.01783,0.03360,unstable_likely,,
K2SbAgCl3Br3,False,True,1.64000,0.95500,1.88500,0.87766,0.50663,4.14961,True,K+1;Sb+3;Ag+1;Cl-1;Br-1,0.96314,1.47031,0.36336,-1.27069,0.74794,2.19267,0.66948,0.64481,False,pass,-1.48838,217.68593,0.02007,0.02609,0.03151,0.03824,0.07584,unstable_likely,,
K2SbZnO3F3,True,True,1.64000,0.67000,1.36500,1.04416,0.49084,3.77171,True,K+1;Sb+5;Zn+2;O-2;F-1,0.84097,3.14581,0.68087,-2.49795,1.79223,4.49940,0.04642,0.03904,False,pass,-2.44081,-57.14405,0.85850,0.89887,0.92022,0.93566,0.96457,stable_likely,,
K2SbZnO3Cl3,True,True,1.64000,0.67000,1.60500,1.00860,0.41745,4.12992,True,K+1;Sb+5;Zn+2;O-2;Cl-1,0.79054,2.48047,0.69168,-1.69908,1.10538,3.85556,0.13665,0.10803,False,pass,-1.99957,300.48634,0.00907,0.01085,0.01226,0.01412,0.02511,unstable_likely,,
K2SbZnS3F3,False,True,1.64000,0.67000,1.58500,1.01127,0.42271,4.10007,True,K+1;Sb+5;Zn+2;S-2;F-1,0.87576,2.75795,0.67261,-1.93834,1.42079,4.09511,0.08845,0.07746,False,pass,-1.91802,-20.31673,0.70836,0.80570,0.85373,0.88708,0.94571,stable_likely,,
K2AgInF6,False,True,1.64000,0.97500,1.33000,0.91111,0.73308,3.59873,True,K+1;Ag+1;In+3;F-1,0.74903,1.51711,0.59899,-2.47946,0.32630,2.70793,0.44337,0.33209,False,pass,-2.63763,158.16916,0.04326,0.05685,0.07035,0.08774,0.19896,known_mp,36.78435,"{'identifier': 'mp-aaaclhkd', 'suffix': 'GGA', 'separator': '-'}"
K2AgInCl6,False,True,1.64000,0.97500,1.81000,0.87595,0.53867,4.09104,True,K+1;Ag+1;In+3;Cl-1,0.69568,1.25058,0.40944,-1.60202,0.43660,2.06457,0.61386,0.42705,False,pass,-1.68620,84.18076,0.12790,0.17962,0.23472,0.31071,0.68032,known_mp,6.18920,"{'identifier': 'mp-aaaclfhy', 'suffix': 'GGA', 'separator': '-'}"
K2AgInF3Cl3,False,True,1.64000,0.97500,1.57000,0.89187,0.62102,3.84488,True,K+1;Ag+1;In+3;F-1;Cl-1,0.67018,1.45290,0.57701,-2.21880,0.30579,2.60001,0.47248,0.31665,False,pass,-2.20979,-9.01130,0.63210,0.75611,0.81905,0.86283,0.93729,stable_likely,,
K2AgInF3Br3,False,True,1.64000,0.97500,1.64500,0.88658,0.59271,3.92181,True,K+1;Ag+1;In+3;F-1;Br-1,0.61709,1.15888,0.60132,-1.74871,-0.03657,2.35432,0.45822,0.28276,False,pass,-2.09603,347.31910,0.00613,0.00709,0.00808,0.00930,0.01458,unstable_likely,,
K2AgInF3I3,False,True,1.64000,0.97500,1.76500,0.87872,0.55241,4.04488,True,K+1;Ag+1;In+3;F-1;I-1,0.59664,1.13949,0.53973,-1.64635,0.06649,2.21249,0.48531,0.28956,False,pass,-1.92555,279.20117,0.01101,0.01288,0.01507,0.01757,0.03298,unstable_likely,,
K2AgInCl3Br3,False,True,1.64000,0.97500,1.88500,0.87152,0.51724,4.16796,True,K+1;Ag+1;In+3;Cl-1;Br-1,0.64918,1.17485,0.42194,-1.45515,0.33602,2.01367,0.57714,0.37467,False,pass,-1.59900,143.84783,0.05247,0.06963,0.08679,0.10949,0.25929,unstable_likely,,
K2AgGaF6,False,True,1.64000,0.88500,1.33000,0.94813,0.66541,3.50690,True,K+1;Ag+1;Ga+3;F-1,0.73124,1.90957,0.65572,-2.53917,0.60599,3.21316,0.29440,0.21527,False,pass,-2.68889,149.71950,0.04844,0.06418,0.07955,0.10009,0.23263,known_mp,0.00000,"{'identifier': 'mp-aaaclhke', 'suffix': 'GGA', 'separator': '-'}"
K2AgGaCl6,False,True,1.64000,0.88500,1.81000,0.90520,0.48895,4.04928,True,K+1;Ag+1;Ga+3;Cl-1,0.68685,1.36283,0.45650,-1.62097,0.45529,2.27037,0.58457,0.40151,False,pass,-1.73490,113.93348,0.08049,0.10930,0.13908,0.18041,0.44901,known_mp,73.40301,"{'identifier': 'mp-aaaclhrh', 'suffix': 'GGA', 'separator': '-'}"
K2AgGaF3Cl3,False,True,1.64000,0.88500,1.57000,0.92457,0.56369,3.77809,True,K+1;Ag+1;Ga+3;F-1;Cl-1,0.68445,1.74123,0.64734,-2.21433,0.45429,3.02817,0.34816,0.23830,False,pass,-2.25523,40.89540,0.27378,0.39666,0.51283,0.63287,0.86305,stable_likely,,
K2AgGaF3Br3,False,True,1.64000,0.88500,1.64500,0.91812,0.53799,3.86284,True,K+1;Ag+1;Ga+3;F-1;Br-1,0.63909,1.30079,0.61016,-1.72063,0.08776,2.51381,0.46970,0.30018,False,pass,-2.14130,420.66736,0.00364,0.00415,0.00457,0.00502,0.00746,unstable_likely,,
K2AgGaF3I3,True,True,1.64000,0.88500,1.76500,0.90857,0.50142,3.99843,True,K+1;Ag+1;Ga+3;F-1;I-1,0.60873,1.16643,0.56757,-1.62863,0.03809,2.29477,0.48000,0.29219,False,pass,-1.97270,344.07381,0.00623,0.00725,0.00832,0.00949,0.01507,unstable_likely,,
K2AgGaCl3Br3,False,True,1.64000,0.88500,1.88500,0.89984,0.46950,4.13402,True,K+1;Ag+1;Ga+3;Cl-1;Br-1,0.62805,1.25214,0.46078,-1.41717,0.33609,2.16819,0.57166,0.35903,False,pass,-1.62098,203.80545,0.02389,0.03109,0.03778,0.04590,0.09395,unstable_likely,,
Rb2SnVO3F3,True,True,1.72000,0.66500,1.36500,1.07459,0.48718,3.77439,True,Rb+1;Sn+4;V+3;O-2;F-1,0.91394,2.84639,0.83757,-2.58536,1.18128,4.51150,0.09478,0.08663,False,pass,-2.65172,66.35773,0.17303,0.24699,0.32755,0.43026,0.77789,unstable_likely,,
Rb2SnVO3Cl3,True,True,1.72000,0.66500,1.60500,1.03574,0.41433,4.13529,True,Rb+1;Sn+4;V+3;O-2;Cl-1,0.91910,2.29203,0.71219,-2.04468,0.87616,3.70789,0.18349,0.16865,False,pass,-2.20619,161.50786,0.04158,0.05409,0.06711,0.08328,0.18823,unstable_likely,,
Rb2SnVS3F3,False,True,1.72000,0.66500,1.58500,1.03866,0.41956,4.10522,True,Rb+1;Sn+4;V+3;S-2;F-1,0.92687,2.28219,0.78373,-2.04392,0.72410,3.84027,0.18501,0.17148,False,pass,-2.03969,-4.22826,0.59555,0.73045,0.80148,0.85089,0.93297,stable_likely,,
Rb2SnNbO3F3,True,True,1.72000,0.70500,1.36500,1.05383,0.51648,3.67164,True,Rb+1;Sn+4;Nb+3;O-2;F-1,0.91245,3.04733,0.88465,-2.59011,1.28861,4.80605,0.07807,0.07124,False,pass,-2.81159,221.48007,0.01913,0.02467,0.03002,0.03645,0.07204,unstable_likely,,
Rb2SnNbO3Cl3,True,True,1.72000,0.70500,1.60500,1.01781,0.43925,4.01207,True,Rb+1;Sn+4;Nb+3;O-2;Cl-1,0.91083,2.53916,0.69909,-2.13286,1.14934,3.92898,0.12686,0.11555,False,pass,-2.35493,222.06666,0.01900,0.02447,0.02979,0.03614,0.07144,unstable_likely,,
Rb2SnNbO3Br3,True,True,1.72000,0.70500,1.68000,1.00803,0.41964,4.11845,True,Rb+1;Sn+4;Nb+3;O-2;Br-1,0.90638,2.15271,0.61354,-1.66465,0.93298,3.37244,0.21632,0.19607,False,pass,-2.22525,560.59943,0.00171,0.00189,0.00202,0.00217,0.00285,unstable_likely,,
Rb2SnNbS3F3,False,True,1.72000,0.70500,1.58500,1.02052,0.44479,3.98370,True,Rb+1;Sn+4;Nb+3;S-2;F-1,0.93000,2.25493,0.78031,-2.07481,0.70365,3.80622,0.18931,0.17606,False,pass,-2.09863,23.81600,0.37650,0.52970,0.64820,0.74087,0.89741,stable_likely,,
Rb2SnNbSe3F3,False,True,1.72000,0.70500,1.65500,1.01122,0.42598,4.08299,True,Rb+1;Sn+4;Nb+3;Se-2;F-1,0.91237,1.71461,0.78389,-1.81966,0.15620,3.27301,0.31195,0.28462,False,pass,-2.03724,217.58455,0.02010,0.02612,0.03153,0.03829,0.07600,unstable_likely,,
Rb2SnTaO3F3,True,True,1.72000,0.70500,1.36500,1.05383,0.51648,3.67164,True,Rb+1;Sn+4;Ta+3;O-2;F-1,0.92774,3.18825,0.97008,-2.63192,1.25971,5.11680,0.07140,0.06624,False,pass,-2.91531,283.38697,0.01053,0.01249,0.01447,0.01688,0.03122,unstable_likely,,
Rb2SnTaO3Cl3,True,True,1.72000,0.70500,1.60500,1.01781,0.43925,4.01207,True,Rb+1;Sn+4;Ta+3;O-2;Cl-1,0.92118,2.99107,0.73053,-2.18654,1.53875,4.44340,0.06583,0.06064,False,pass,-2.46258,276.04386,0.01130,0.01336,0.01546,0.01830,0.03422,unstable_likely,,
Rb2SnTaO3Br3,True,True,1.72000,0.70500,1.68000,1.00803,0.41964,4.11845,True,Rb+1;Sn+4;Ta+3;O-2;Br-1,0.91586,2.52892,0.68900,-1.74785,1.15917,3.89866,0.12753,0.11680,False,pass,-2.33291,585.05663,0.00158,0.00169,0.00179,0.00194,0.00255,unstable_likely,,
Rb2SnTaS3F3,False,True,1.72000,0.70500,1.58500,1.02052,0.44479,3.98370,True,Rb+1;Sn+4;Ta+3;S-2;F-1,0.93018,2.52541,0.76913,-2.08963,0.99635,4.05446,0.13521,0.12577,False,pass,-2.19230,102.66710,0.09555,0.13108,0.16884,0.21996,0.53965,unstable_likely,,
Rb2SnTaSe3F3,False,True,1.72000,0.70500,1.65500,1.01122,0.42598,4.08299,True,Rb+1;Sn+4;Ta+3;Se-2;F-1,0.91493,2.18691,0.77950,-1.89081,0.63724,3.73658,0.20282,0.18557,False,pass,-2.10486,214.05244,0.02090,0.02724,0.03306,0.04021,0.08036,unstable_likely,,
Rb2SnCrO3F3,True,True,1.72000,0.65250,1.36500,1.08125,0.47802,3.81155,True,Rb+1;Sn+4;Cr+3;O-2;F-1,0.89838,2.67171,0.75042,-2.49943,1.17984,4.16358,0.11124,0.09994,False,pass,-2.62561,126.18062,0.06732,0.09033,0.11428,0.14559,0.36083,unstable_likely,,
Rb2SnCrO3Cl3,True,True,1.72000,0.65250,1.60500,1.04148,0.40654,4.17936,True,Rb+1;Sn+4;Cr+3;O-2;Cl-1,0.87829,1.90676,0.60395,-1.92566,0.70610,3.10743,0.30689,0.26954,False,pass,-2.16420,238.53788,0.01591,0.01987,0.02395,0.02921,0.05660,unstable_likely,,
Rb2SnCrS3F3,False,True,1.72000,0.65250,1.58500,1.04446,0.41167,4.14871,True,Rb+1;Sn+4;Cr+3;S-2;F-1,0.90457,2.08131,0.63473,-1.95215,0.81943,3.34318,0.23835,0.21561,False,pass,-2.00508,52.92591,0.21893,0.31812,0.41838,0.53741,0.82938,stable_likely,,
Rb2SnMoO6,True,True,1.72000,0.64000,1.40000,1.08146,0.45714,3.90596,True,Rb+1;Sn+4;Mo+6;O-2,0.90943,3.23916,0.64900,-2.03776,1.94893,4.52939,0.03587,0.03262,False,pass,-2.17199,134.23386,0.06023,0.08017,0.10085,0.12779,0.31044,unstable_likely,,
Rb2SnWO6,True,True,1.72000,0.64500,1.40000,1.07881,0.46071,3.88933,True,Rb+1;Sn+4;W+6;O-2,0.86879,3.37443,0.67887,-2.08305,2.02481,4.72405,0.03013,0.02618,False,pass,-2.20636,123.30807,0.07019,0.09467,0.11987,0.15305,0.37996,unstable_likely,,
Rb2SnFeO3F3,True,True,1.72000,0.66750,1.36500,1.07327,0.48901,3.76726,True,Rb+1;Sn+4;Fe+3;O-2;F-1,0.86249,2.03237,0.60948,-2.41066,0.82070,3.24404,0.25633,0.22108,False,pass,-2.45882,48.15782,0.23914,0.34787,0.45502,0.57652,0.84387,stable_likely,,
Rb2SnFeO3Cl3,True,True,1.72000,0.66750,1.60500,1.03460,0.41589,4.12681,True,Rb+1;Sn+4;Fe+3;O-2;Cl-1,0.82129,1.73795,0.64868,-1.75972,0.44835,3.02755,0.34985,0.28733,False,pass,-1.99932,239.60377,0.01569,0.01963,0.02358,0.02890,0.05583,unstable_likely,,
Rb2SnFeS3F3,False,True,1.72000,0.66750,1.58500,1.03751,0.42114,4.09685,True,Rb+1;Sn+4;Fe+3;S-2;F-1,0.86445,1.73589,0.64265,-1.90964,0.45828,3.01350,0.35221,0.30447,False,pass,-1.92365,14.01146,0.44842,0.60918,0.71242,0.78797,0.91199,stable_likely,,
Rb2SnBiO3F3,True,True,1.72000,0.86000,1.36500,0.98042,0.63004,3.47260,True,Rb+1;Sn+4;Bi+3;O-2;F-1,0.89798,3.14980,0.75072,-2.45369,1.65735,4.64225,0.05326,0.04782,False,pass,-2.45787,4.18218,0.52676,0.68032,0.76519,0.82522,0.92449,stable_likely,,
Rb2SnBiO3Cl3,True,True,1.72000,0.86000,1.60500,0.95381,0.53583,3.75167,True,Rb+1;Sn+4;Bi+3;O-2;Cl-1,0.82765,2.11547,0.69499,-1.59782,0.73380,3.49714,0.22409,0.18547,False,pass,-2.01016,412.34495,0.00382,0.00440,0.00476,0.00537,0.00808,unstable_likely,,
Rb2SnBiO3Br3,True,True,1.72000,0.86000,1.68000,0.94652,0.51190,3.83888,True,Rb+1;Sn+4;Bi+3;O-2;Br-1,0.84274,1.68512,0.66156,-1.19402,0.36993,3.00032,0.36335,0.30621,False,pass,-1.90160,707.58281,0.00089,0.00094,0.00097,0.00110,0.00138,unstable_likely,,
Rb2SnBiO3I3,True,True,1.72000,0.86000,1.80000,0.93572,0.47778,3.97841,True,Rb+1;Sn+4;Bi+3;O-2;I-1,0.84834,1.64037,0.60415,-1.07927,0.43931,2.84143,0.40311,0.34197,False,pass,-1.70438,625.10510,0.00129,0.00139,0.00151,0.00162,0.00203,unstable_likely,,
Rb2SnBiS3F3,False,True,1.72000,0.86000,1.58500,0.95582,0.54259,3.72841,True,Rb+1;Sn+4;Bi+3;S-2;F-1,0.90266,2.37073,0.72204,-1.64172,0.93529,3.80616,0.16568,0.14955,False,pass,-1.87980,238.08175,0.01603,0.01993,0.02411,0.02941,0.05696,unstable_likely,,
Rb2SnBiS3Cl3,False,True,1.72000,0.86000,1.82500,0.93359,0.47123,4.00748,True,Rb+1;Sn+4;Bi+3;S-2;Cl-1,0.90304,2.15309,0.48712,-1.24417,1.18468,3.12151,0.21219,0.19161,False,pass,-1.41913,174.95703,0.03478,0.04519,0.05549,0.06845,0.14877,unstable_likely,,
Rb2SnBiS3Br3,False,True,1.72000,0.86000,1.90000,0.92744,0.45263,4.09469,True,Rb+1;Sn+4;Bi+3;S-2;Br-1,0.91058,1.84328,0.35423,-1.10723,1.13906,2.54749,0.39686,0.36137,False,pass,-1.30115,193.92468,0.02728,0.03526,0.04293,0.05240,0.10934,unstable_likely,,
Rb2SnBiSe3F3,False,True,1.72000,0.86000,1.65500,0.94890,0.51964,3.80981,True,Rb+1;Sn+4;Bi+3;Se-2;F-1,0.90727,1.66726,0.59474,-1.44197,0.48490,2.84962,0.39804,0.36113,False,pass,-1.87687,434.89984,0.00333,0.00377,0.00416,0.00458,0.00664,unstable_likely,,
Rb2SnBiSe3Cl3,False,True,1.72000,0.86000,1.89500,0.92784,0.45383,4.08888,True,Rb+1;Sn+4;Bi+3;Se-2;Cl-1,0.92639,2.15903,0.46258,-1.10592,1.23941,3.07865,0.20459,0.18953,False,pass,-1.41282,306.89961,0.00847,0.01015,0.01164,0.01324,0.02288,unstable_likely,,
Rb2SnBiSe3Br3,False,True,1.72000,0.86000,1.97000,0.92199,0.43655,4.17609,True,Rb+1;Sn+4;Bi+3;Se-2;Br-1,0.89505,1.64395,0.31074,-1.15921,1.02619,2.26171,0.61344,0.54906,False,pass,-1.28850,129.29208,0.06456,0.08635,0.10873,0.13832,0.34024,unstable_likely,,
Rb2SnSbO3F3,True,True,1.72000,0.72500,1.36500,1.04374,0.53114,3.62890,True,Rb+1;Sn+4;Sb+3;O-2;F-1,0.94651,3.14584,0.70282,-2.47708,1.74862,4.54307,0.04819,0.04562,False,pass,-2.45602,-21.06482,0.71285,0.80857,0.85577,0.88857,0.94622,stable_likely,,
Rb2SnSbO3Cl3,True,True,1.72000,0.72500,1.60500,1.00907,0.45171,3.95994,True,Rb+1;Sn+4;Sb+3;O-2;Cl-1,0.90570,1.98935,0.74773,-1.66848,0.50284,3.47585,0.25608,0.23193,False,pass,-2.01049,342.00531,0.00634,0.00736,0.00846,0.00969,0.01535,unstable_likely,,
Rb2SnSbO3Br3,True,True,1.72000,0.72500,1.68000,0.99965,0.43155,4.06338,True,Rb+1;Sn+4;Sb+3;O-2;Br-1,0.91776,1.87863,0.66883,-1.19897,0.54898,3.20828,0.30368,0.27871,False,pass,-1.88477,685.80468,0.00094,0.00103,0.00112,0.00123,0.00157,unstable_likely,,
Rb2SnSbS3F3,False,True,1.72000,0.72500,1.58500,1.01168,0.45741,3.93235,True,Rb+1;Sn+4;Sb+3;S-2;F-1,0.94787,2.17582,0.66199,-1.71492,0.85976,3.49189,0.20915,0.19825,False,pass,-1.86238,147.45592,0.05004,0.06630,0.08214,0.10342,0.24203,unstable_likely,,
Rb2SnSbSe3F3,False,True,1.72000,0.72500,1.65500,1.00272,0.43807,4.02890,True,Rb+1;Sn+4;Sb+3;Se-2;F-1,0.95206,1.69532,0.62374,-1.40167,0.45531,2.93533,0.37517,0.35718,False,pass,-1.84098,439.31078,0.00324,0.00367,0.00408,0.00446,0.00645,unstable_likely,,
Rb2SnInO3F3,True,True,1.72000,0.74500,1.36500,1.03385,0.54579,3.59155,True,Rb+1;Sn+4;In+3;O-2;F-1,0.94910,2.91983,0.81807,-2.54148,1.29349,4.54617,0.08575,0.08139,False,pass,-2.52468,-16.79824,0.68652,0.79135,0.84378,0.88032,0.94332,stable_likely,,
Rb2SnInO3Cl3,True,True,1.72000,0.74500,1.60500,1.00048,0.46417,3.91370,True,Rb+1;Sn+4;In+3;O-2;Cl-1,0.92309,2.04967,0.73875,-1.70296,0.58102,3.51833,0.23844,0.22010,False,pass,-2.07368,370.72332,0.00501,0.00596,0.00660,0.00745,0.01174,unstable_likely,,
Rb2SnInO3Br3,True,True,1.72000,0.74500,1.68000,0.99141,0.44345,4.01437,True,Rb+1;Sn+4;In+3;O-2;Br-1,0.93550,1.75148,0.70976,-1.34424,0.34044,3.16252,0.32647,0.30541,False,pass,-1.95205,607.81310,0.00138,0.00153,0.00164,0.00173,0.00220,unstable_likely,,
Rb2SnInO3I3,True,True,1.72000,0.74500,1.80000,0.97800,0.41389,4.17544,True,Rb+1;Sn+4;In+3;O-2;I-1,0.93363,1.84295,0.65816,-1.23419,0.53451,3.15140,0.31702,0.29598,False,pass,-1.75907,524.88477,0.00203,0.00228,0.00244,0.00265,0.00353,unstable_likely,,
Rb2SnInS3F3,False,True,1.72000,0.74500,1.58500,1.00300,0.47003,3.88685,True,Rb+1;Sn+4;In+3;S-2;F-1,0.95221,2.77256,0.79611,-1.89960,1.18988,4.35525,0.09900,0.09427,False,pass,-1.94877,49.16842,0.23481,0.34115,0.44728,0.56837,0.84096,stable_likely,,
Rb2SnInSe3F3,False,True,1.72000,0.74500,1.65500,0.99437,0.45015,3.98081,True,Rb+1;Sn+4;In+3;Se-2;F-1,0.95691,1.71619,0.78162,-1.48218,0.16230,3.27008,0.31263,0.29916,False,pass,-1.92240,440.21983,0.00322,0.00365,0.00404,0.00446,0.00642,unstable_likely,,
Rb2SnGaO3F3,True,True,1.72000,0.65500,1.36500,1.07991,0.47985,3.80391,True,Rb+1;Sn+4;Ga+3;O-2;F-1,0.94778,3.08170,0.80977,-2.56201,1.47186,4.69154,0.06786,0.06432,False,pass,-2.59677,34.75600,0.30754,0.44278,0.56392,0.67673,0.87704,stable_likely,,
Rb2SnGaO3Cl3,True,True,1.72000,0.65500,1.60500,1.04032,0.40810,4.17033,True,Rb+1;Sn+4;Ga+3;O-2;Cl-1,0.92002,2.65865,0.83938,-1.71144,0.98992,4.32737,0.11884,0.10933,False,pass,-2.14063,429.18865,0.00344,0.00391,0.00432,0.00471,0.00698,unstable_likely,,
Rb2SnGaS3F3,False,True,1.72000,0.65500,1.58500,1.04330,0.41325,4.13979,True,Rb+1;Sn+4;Ga+3;S-2;F-1,0.95241,2.93090,0.75528,-1.91427,1.42938,4.43243,0.07638,0.07275,False,pass,-1.98993,75.66452,0.14705,0.20813,0.27510,0.36428,0.73094,unstable_likely,,
Rb2GeVO3F3,True,True,1.72000,0.58500,1.36500,1.11868,0.42857,4.05958,True,Rb+1;Ge+4;V+3;O-2;F-1,0.90567,3.01658,0.86381,-2.57398,1.29929,4.73386,0.07951,0.07201,False,pass,-2.65922,85.24037,0.12588,0.17650,0.23033,0.30490,0.67339,unstable_likely,,
Rb2GeNbO3F3,True,True,1.72000,0.62500,1.36500,1.09619,0.45788,3.90249,True,Rb+1;Ge+4;Nb+3;O-2;F-1,0.89904,3.30258,0.92478,-2.59334,1.46408,5.14109,0.06052,0.05441,False,pass,-2.78874,195.39829,0.02688,0.03455,0.04219,0.05138,0.10669,unstable_likely,,
Rb2GeTaO3F3,True,True,1.72000,0.62500,1.36500,1.09619,0.45788,3.90249,True,Rb+1;Ge+4;Ta+3;O-2;F-1,0.92545,2.91933,0.88655,-2.63079,1.15685,4.68181,0.08997,0.08327,False,pass,-2.90343,272.64436,0.01158,0.01383,0.01607,0.01886,0.03593,unstable_likely,,
Rb2GeCrO3F3,True,True,1.72000,0.57250,1.36500,1.12590,0.41941,4.11536,True,Rb+1;Ge+4;Cr+3;O-2;F-1,0.88514,2.74373,0.73916,-2.48427,1.27426,4.21319,0.09900,0.08763,False,pass,-2.63959,155.32434,0.04493,0.05934,0.07310,0.09179,0.20926,unstable_likely,,
Rb2GeFeF6,False,True,1.72000,0.75500,1.33000,1.03438,0.56767,3.52847,True,Rb+1;Ge+2;Fe+2;F-1,0.86971,2.45778,0.60300,-2.78260,1.25901,3.65656,0.13386,0.11642,False,pass,-2.75247,-30.13341,0.76183,0.83894,0.87681,0.90367,0.95194,stable_likely,,
Rb2GeFeCl6,False,True,1.72000,0.75500,1.81000,0.97313,0.41713,4.16423,True,Rb+1;Ge+2;Fe+2;Cl-1,0.85380,1.09831,0.52280,-1.64665,0.05897,2.13765,0.48135,0.41097,False,pass,-1.65565,8.99904,0.48780,0.64673,0.73982,0.80828,0.91886,stable_likely,,
Rb2GeFeO3F3,True,True,1.72000,0.58750,1.36500,1.11725,0.43040,4.04883,True,Rb+1;Ge+4;Fe+3;O-2;F-1,0.84534,2.29713,0.66221,-2.40554,0.98065,3.61362,0.18054,0.15261,False,pass,-2.47184,66.30219,0.17321,0.24726,0.32778,0.43064,0.77804,unstable_likely,,
Rb2GeFeF3Cl3,False,True,1.72000,0.75500,1.57000,1.00059,0.48089,3.84635,True,Rb+1;Ge+2;Fe+2;F-1;Cl-1,0.86480,2.14069,0.67311,-2.18968,0.80253,3.47884,0.21691,0.18759,False,pass,-2.24620,56.52082,0.20466,0.29765,0.39241,0.50784,0.81729,stable_likely,,
Rb2GeFeF3Br3,False,True,1.72000,0.75500,1.64500,0.99142,0.45897,3.94569,True,Rb+1;Ge+2;Fe+2;F-1;Br-1,0.89645,1.60732,0.64996,-1.83852,0.31519,2.89946,0.39272,0.35206,False,pass,-2.11142,272.90469,0.01157,0.01378,0.01603,0.01883,0.03578,unstable_likely,,
Rb2GeFeF3I3,True,True,1.72000,0.75500,1.76500,0.97788,0.42776,4.10463,True,Rb+1;Ge+2;Fe+2;F-1;I-1,0.89402,1.63519,0.59188,-1.68437,0.45852,2.81187,0.41121,0.36763,False,pass,-1.91756,233.18991,0.01688,0.02114,0.02589,0.03130,0.06101,unstable_likely,,
Rb2GeMnF6,False,True,1.72000,0.78000,1.33000,1.02212,0.58647,3.49366,True,Rb+1;Ge+2;Mn+2;F-1,0.84217,2.70039,0.69805,-2.88802,1.31265,4.08813,0.10052,0.08466,False,pass,-2.87574,-12.28324,0.65623,0.77199,0.83007,0.87054,0.94005,stable_likely,,
Rb2GeMnCl6,False,True,1.72000,0.78000,1.81000,0.96374,0.43094,4.10904,True,Rb+1;Ge+2;Mn+2;Cl-1,0.85899,1.31831,0.52063,-1.76785,0.28329,2.35333,0.53123,0.45632,False,pass,-1.75755,-10.30173,0.64183,0.76271,0.82370,0.86599,0.93850,stable_likely,,
Rb2GeMnF3Cl3,False,True,1.72000,0.78000,1.57000,0.98995,0.49682,3.80135,True,Rb+1;Ge+2;Mn+2;F-1;Cl-1,0.85490,2.38289,0.64590,-2.25308,1.09883,3.66696,0.15471,0.13226,False,pass,-2.35905,105.97299,0.09060,0.12450,0.15945,0.20680,0.51214,unstable_likely,,
Rb2GeMnF3Br3,False,True,1.72000,0.78000,1.64500,0.98120,0.47416,3.89750,True,Rb+1;Ge+2;Mn+2;F-1;Br-1,0.86776,1.73147,0.63836,-1.95682,0.46240,3.00054,0.35550,0.30849,False,pass,-2.22428,267.45685,0.01199,0.01456,0.01700,0.02010,0.03836,unstable_likely,,
Rb2GeMnF3I3,True,True,1.72000,0.78000,1.76500,0.96828,0.44193,4.05135,True,Rb+1;Ge+2;Mn+2;F-1;I-1,0.86577,1.76980,0.57058,-1.83837,0.63546,2.90413,0.36808,0.31867,False,pass,-2.03041,192.04208,0.02786,0.03615,0.04400,0.05365,0.11277,unstable_likely,,
Rb2GeBiO3F3,True,True,1.72000,0.78000,1.36500,1.01698,0.57143,3.53853,True,Rb+1;Ge+4;Bi+3;O-2;F-1,0.89032,3.12030,0.61102,-2.45322,1.90558,4.33501,0.03950,0.03517,False,pass,-2.46904,15.81655,0.43450,0.59518,0.70136,0.78017,0.90942,stable_likely,,
Rb2GeBiO3Cl3,True,True,1.72000,0.78000,1.60500,0.98580,0.48598,3.84622,True,Rb+1;Ge+4;Bi+3;O-2;Cl-1,0.79816,2.61549,0.64722,-1.68119,1.32880,3.90218,0.10812,0.08630,False,pass,-2.01228,331.09104,0.00689,0.00817,0.00935,0.01071,0.01724,unstable_likely,,
Rb2GeBiO3Br3,True,True,1.72000,0.78000,1.68000,0.97730,0.46429,3.94237,True,Rb+1;Ge+4;Bi+3;O-2;Br-1,0.82314,2.07581,0.58927,-1.26581,0.90433,3.24728,0.24063,0.19807,False,pass,-1.90372,637.90889,0.00120,0.00132,0.00141,0.00153,0.00189,unstable_likely,,
Rb2GeBiO3I3,True,True,1.72000,0.78000,1.80000,0.96473,0.43333,4.09622,True,Rb+1;Ge+4;Bi+3;O-2;I-1,0.81560,2.02497,0.55059,-1.13831,0.93038,3.11956,0.26342,0.21484,False,pass,-1.70649,568.18119,0.00166,0.00180,0.00198,0.00212,0.00270,unstable_likely,,
Rb2GeBiS3F3,False,True,1.72000,0.78000,1.58500,0.98816,0.49211,3.82058,True,Rb+1;Ge+4;Bi+3;S-2;F-1,0.87644,2.53195,0.62966,-1.71857,1.28017,3.78372,0.12323,0.10800,False,pass,-1.89558,177.01208,0.03390,0.04401,0.05367,0.06669,0.14357,unstable_likely,,
Rb2GeBiS3Cl3,False,True,1.72000,0.78000,1.82500,0.96226,0.42740,4.12827,True,Rb+1;Ge+4;Bi+3;S-2;Cl-1,0.89101,2.14026,0.42629,-1.32094,1.29277,2.98775,0.20265,0.18056,False,pass,-1.40116,80.22395,0.13623,0.19244,0.25283,0.33447,0.70497,unstable_likely,,
Rb2GeBiSe3F3,False,True,1.72000,0.78000,1.65500,0.98008,0.47130,3.91032,True,Rb+1;Ge+4;Bi+3;Se-2;F-1,0.87292,1.83873,0.54559,-1.49852,0.75409,2.92338,0.34951,0.30509,False,pass,-1.87512,376.59581,0.00479,0.00569,0.00636,0.00713,0.01121,unstable_likely,,
Rb2GeSbO3F3,True,True,1.72000,0.64500,1.36500,1.08529,0.47253,3.83507,True,Rb+1;Ge+4;Sb+3;O-2;F-1,0.93206,3.20098,0.62396,-2.44201,1.96052,4.44144,0.03511,0.03273,False,pass,-2.46469,22.67567,0.38420,0.53951,0.65655,0.74717,0.89912,stable_likely,,
Rb2GeSbS3F3,False,True,1.72000,0.64500,1.58500,1.04798,0.40694,4.17615,True,Rb+1;Ge+4;Sb+3;S-2;F-1,0.94003,2.44875,0.58697,-1.72634,1.28183,3.61568,0.13352,0.12552,False,pass,-1.87417,147.82510,0.04978,0.06594,0.08173,0.10291,0.24052,unstable_likely,,
Rb2GeCuF6,False,True,1.72000,0.73000,1.33000,1.04693,0.54887,3.57112,True,Rb+1;Ge+2;Cu+2;F-1,0.71442,1.35588,0.47352,-2.58480,0.41450,2.29726,0.56769,0.40557,False,pass,-2.73843,153.62557,0.04605,0.06067,0.07496,0.09420,0.21622,unstable_likely,,
Rb2GeCuF3Cl3,False,True,1.72000,0.73000,1.57000,1.01147,0.46497,3.89989,True,Rb+1;Ge+2;Cu+2;F-1;Cl-1,0.70020,1.16887,0.56353,-2.22375,0.04855,2.28919,0.48337,0.33846,False,pass,-2.17326,-50.49125,0.83996,0.88740,0.91130,0.92939,0.96189,stable_likely,,
Rb2GeCuF3Br3,False,True,1.72000,0.73000,1.64500,1.00186,0.44377,4.00263,True,Rb+1;Ge+2;Cu+2;F-1;Br-1,0.76163,1.07817,0.52739,-1.83145,0.02970,2.12664,0.46978,0.35780,False,pass,-2.04018,208.73174,0.02234,0.02914,0.03538,0.04303,0.08695,unstable_likely,,
Rb2GeCuF3I3,True,True,1.72000,0.73000,1.76500,0.98768,0.41360,4.16701,True,Rb+1;Ge+2;Cu+2;F-1;I-1,0.75853,0.99413,0.43954,-1.69537,0.12031,1.86795,0.46683,0.35411,False,pass,-1.86613,170.76104,0.03685,0.04783,0.05891,0.07272,0.16001,unstable_likely,,
Rb2GeZnF6,False,True,1.72000,0.73500,1.33000,1.04440,0.55263,3.56195,True,Rb+1;Ge+2;Zn+2;F-1,0.84757,3.82265,0.59436,-2.77098,2.64104,5.00426,0.00962,0.00816,False,pass,-2.76658,-4.39598,0.59696,0.73123,0.80212,0.85136,0.93309,stable_likely,,
Rb2GeZnF3Cl3,False,True,1.72000,0.73500,1.57000,1.00928,0.46815,3.88848,True,Rb+1;Ge+2;Zn+2;F-1;Cl-1,0.85341,3.41975,0.51849,-2.36806,2.38899,4.45052,0.01376,0.01174,False,pass,-2.30838,-59.68347,0.86449,0.90292,0.92327,0.93792,0.96541,stable_likely,,
Rb2GeZnF3Br3,False,True,1.72000,0.73500,1.64500,0.99975,0.44681,3.99052,True,Rb+1;Ge+2;Zn+2;F-1;Br-1,0.88680,2.71217,0.54218,-1.92967,1.63431,3.79004,0.07140,0.06332,False,pass,-2.17020,240.53372,0.01553,0.01934,0.02330,0.02848,0.05509,unstable_likely,,
Rb2GeZnF3I3,True,True,1.72000,0.73500,1.76500,0.98571,0.41643,4.15378,True,Rb+1;Ge+2;Zn+2;F-1;I-1,0.88548,2.50039,0.48328,-1.80820,1.53962,3.46117,0.09799,0.08677,False,pass,-1.97724,169.04132,0.03766,0.04896,0.06036,0.07444,0.16462,unstable_likely,,
Rb2GeInO3F3,True,True,1.72000,0.66500,1.36500,1.07459,0.48718,3.77439,True,Rb+1;Ge+4;In+3;O-2;F-1,0.94153,3.10955,0.67755,-2.50316,1.76256,4.45655,0.04836,0.04553,False,pass,-2.53439,31.23160,0.32819,0.46974,0.59181,0.69884,0.88416,stable_likely,,
Rb2GeInO3Cl3,True,True,1.72000,0.66500,1.60500,1.03574,0.41433,4.13529,True,Rb+1;Ge+4;In+3;O-2;Cl-1,0.91155,2.27049,0.69014,-1.71383,0.89847,3.64252,0.18780,0.17118,False,pass,-2.07221,358.37533,0.00560,0.00649,0.00732,0.00835,0.01306,unstable_likely,,
Rb2GeInS3F3,False,True,1.72000,0.66500,1.58500,1.03866,0.41956,4.10522,True,Rb+1;Ge+4;In+3;S-2;F-1,0.94265,2.80522,0.65109,-1.93131,1.51083,4.09962,0.07681,0.07240,False,pass,-1.95077,19.46182,0.40704,0.56624,0.67863,0.76392,0.90422,stable_likely,,
Rb2GeGaO3F3,True,True,1.72000,0.57500,1.36500,1.12445,0.42125,4.10393,True,Rb+1;Ge+4;Ga+3;O-2;F-1,0.95183,3.52485,0.72049,-2.56186,2.09249,4.95720,0.02591,0.02466,False,pass,-2.62774,65.88478,0.17461,0.24949,0.33026,0.43397,0.77986,unstable_likely,,
Rb2TiCrO3F3,True,True,1.72000,0.61000,1.36500,1.10452,0.44689,3.95777,True,Rb+1;Ti+4;Cr+3;O-2;F-1,0.85818,2.34158,0.75084,-2.87573,0.84889,3.83427,0.17421,0.14950,False,pass,-3.05224,176.51231,0.03403,0.04435,0.05408,0.06711,0.14481,unstable_likely,,
Rb2TiMoO6,True,True,1.72000,0.59750,1.40000,1.10447,0.42679,4.06568,True,Rb+1;Ti+4;Mo+6;O-2,0.90023,2.75402,0.67524,-2.54042,1.41162,4.09643,0.08964,0.08069,False,pass,-2.59024,49.82067,0.23228,0.33699,0.44223,0.56325,0.83901,stable_likely,,
Rb2TiWO6,True,True,1.72000,0.60250,1.40000,1.10171,0.43036,4.04509,True,Rb+1;Ti+4;W+6;O-2,0.86301,2.35636,0.53306,-2.65211,1.29661,3.41610,0.14686,0.12674,False,pass,-2.63301,-19.09667,0.70078,0.80102,0.85051,0.88477,0.94499,stable_likely,,
Rb2TiFeO3F3,True,True,1.72000,0.62500,1.36500,1.09619,0.45788,3.90249,True,Rb+1;Ti+4;Fe+3;O-2;F-1,0.85423,2.62143,0.67602,-2.80662,1.27747,3.96538,0.11082,0.09467,False,pass,-2.88481,78.18994,0.14086,0.19891,0.26262,0.34770,0.71716,unstable_likely,,
Rb2TiBiO3F3,False,True,1.72000,0.81750,1.36500,0.99951,0.59890,3.49830,True,Rb+1;Ti+4;Bi+3;O-2;F-1,0.85519,2.77213,0.85270,-2.64348,1.07693,4.46733,0.10584,0.09051,False,pass,-2.87440,230.91882,0.01727,0.02169,0.02670,0.03213,0.06308,unstable_likely,,
Rb2TiBiO3Cl3,True,True,1.72000,0.81750,1.60500,0.97054,0.50935,3.79188,True,Rb+1;Ti+4;Bi+3;O-2;Cl-1,0.84602,2.73774,0.75031,-2.11390,1.24609,4.22939,0.10128,0.08569,False,pass,-2.42213,308.23421,0.00836,0.01004,0.01155,0.01306,0.02250,unstable_likely,,
Rb2TiBiO3Br3,True,True,1.72000,0.81750,1.68000,0.96263,0.48661,3.88362,True,Rb+1;Ti+4;Bi+3;O-2;Br-1,0.83324,2.09423,0.74397,-1.78072,0.61519,3.57327,0.22586,0.18820,False,pass,-2.31357,532.85206,0.00200,0.00214,0.00237,0.00258,0.00336,unstable_likely,,
Rb2TiBiO3I3,True,True,1.72000,0.81750,1.80000,0.95091,0.45417,4.03041,True,Rb+1;Ti+4;Bi+3;O-2;I-1,0.84114,2.18267,0.65575,-1.68015,0.87902,3.48631,0.20814,0.17507,False,pass,-2.11634,436.19436,0.00328,0.00371,0.00414,0.00455,0.00658,unstable_likely,,
Rb2TiBiS3F3,False,True,1.72000,0.81750,1.58500,0.97273,0.51577,3.76741,True,Rb+1;Ti+4;Bi+3;S-2;F-1,0.85035,2.39724,0.76446,-2.09433,0.87746,3.91702,0.16121,0.13708,False,pass,-2.22358,129.25437,0.06458,0.08641,0.10877,0.13841,0.34047,unstable_likely,,
Rb2TiBiS3Cl3,False,True,1.72000,0.81750,1.82500,0.94861,0.44795,4.06099,True,Rb+1;Ti+4;Bi+3;S-2;Cl-1,0.87212,2.03367,0.51010,-1.55920,1.01957,3.04778,0.25971,0.22649,False,pass,-1.69402,134.81713,0.05975,0.07946,0.09996,0.12667,0.30722,unstable_likely,,
Rb2TiBiS3Br3,False,True,1.72000,0.81750,1.90000,0.94194,0.43026,4.15273,True,Rb+1;Ti+4;Bi+3;S-2;Br-1,0.87197,1.73861,0.40209,-1.43350,0.93924,2.53797,0.46236,0.40316,False,pass,-1.57057,137.07416,0.05766,0.07656,0.09645,0.12224,0.29474,unstable_likely,,
Rb2TiBiSe3F3,False,True,1.72000,0.81750,1.65500,0.96521,0.49396,3.85304,True,Rb+1;Ti+4;Bi+3;Se-2;F-1,0.83553,1.74215,0.73190,-1.95967,0.28710,3.19719,0.32208,0.26911,False,pass,-2.18921,229.53650,0.01754,0.02213,0.02708,0.03282,0.06433,unstable_likely,,
Rb2TiBiSe3Cl3,False,True,1.72000,0.81750,1.89500,0.94237,0.43140,4.14662,True,Rb+1;Ti+4;Bi+3;Se-2;Cl-1,0.87473,1.78573,0.55009,-1.54629,0.69213,2.87934,0.36994,0.32359,False,pass,-1.65948,113.18602,0.08132,0.11072,0.14086,0.18284,0.45475,unstable_likely,,
Rb2TiSbO3F3,True,True,1.72000,0.68250,1.36500,1.06541,0.50000,3.72650,True,Rb+1;Ti+4;Sb+3;O-2;F-1,0.88929,3.02458,0.80920,-2.68326,1.41587,4.63329,0.07343,0.06530,False,pass,-2.88872,205.46363,0.02332,0.03041,0.03696,0.04483,0.09147,unstable_likely,,
Rb2TiSbO3Cl3,True,True,1.72000,0.68250,1.60500,1.02782,0.42523,4.07814,True,Rb+1;Ti+4;Sb+3;O-2;Cl-1,0.88813,2.53707,0.74695,-2.01803,1.05210,4.02204,0.13125,0.11656,False,pass,-2.41763,399.60310,0.00416,0.00471,0.00520,0.00603,0.00912,unstable_likely,,
Rb2TiSbS3F3,False,True,1.72000,0.68250,1.58500,1.03065,0.43060,4.04884,True,Rb+1;Ti+4;Sb+3;S-2;F-1,0.88602,2.39784,0.74137,-2.17785,0.92397,3.87171,0.16028,0.14201,False,pass,-2.20516,27.30506,0.35338,0.50177,0.62235,0.72198,0.89163,stable_likely,,
Rb2TiSbSe3F3,False,True,1.72000,0.68250,1.65500,1.02096,0.41239,4.15140,True,Rb+1;Ti+4;Sb+3;Se-2;F-1,0.88627,1.56304,0.72117,-1.95256,0.12932,2.99675,0.37061,0.32846,False,pass,-2.15894,206.38047,0.02306,0.03005,0.03650,0.04438,0.09008,unstable_likely,,
Rb2TiInO3F3,True,True,1.72000,0.70250,1.36500,1.05510,0.51465,3.67737,True,Rb+1;Ti+4;In+3;O-2;F-1,0.96744,3.15456,0.79811,-2.82947,1.56790,4.74122,0.05858,0.05667,False,pass,-2.94952,120.05184,0.07329,0.09958,0.12627,0.16195,0.40265,unstable_likely,,
Rb2TiInO3Cl3,True,True,1.72000,0.70250,1.60500,1.01891,0.43769,4.01901,True,Rb+1;Ti+4;In+3;O-2;Cl-1,0.94929,2.52104,0.68924,-2.17569,1.15082,3.89126,0.12922,0.12267,False,pass,-2.49193,316.24013,0.00787,0.00934,0.01070,0.01216,0.02038,unstable_likely,,
Rb2TiInO3Br3,True,True,1.72000,0.70250,1.68000,1.00909,0.41815,4.12577,True,Rb+1;Ti+4;In+3;O-2;Br-1,0.94539,2.09291,0.66046,-1.83496,0.77990,3.40592,0.23388,0.22111,False,pass,-2.37030,535.33992,0.00194,0.00213,0.00235,0.00252,0.00330,unstable_likely,,
Rb2TiInS3F3,False,True,1.72000,0.70250,1.58500,1.02163,0.44322,3.99054,True,Rb+1;Ti+4;In+3;S-2;F-1,0.96138,2.67561,0.69424,-2.39508,1.29543,4.05578,0.10449,0.10045,False,pass,-2.28833,-106.74903,0.93537,0.94995,0.95805,0.96444,0.97722,stable_likely,,
Rb2TiInSe3F3,False,True,1.72000,0.70250,1.65500,1.01229,0.42447,4.09019,True,Rb+1;Ti+4;In+3;Se-2;F-1,0.96446,1.83000,0.71242,-2.07491,0.41369,3.24631,0.30554,0.29468,False,pass,-2.24167,166.75931,0.03876,0.05050,0.06230,0.07700,0.17173,unstable_likely,,
Rb2TiGaO3F3,True,True,1.72000,0.61250,1.36500,1.10312,0.44872,3.94826,True,Rb+1;Ti+4;Ga+3;O-2;F-1,0.97225,3.03960,0.80297,-2.87974,1.44326,4.63593,0.07124,0.06926,False,pass,-3.02192,142.17541,0.05359,0.07133,0.08899,0.11257,0.26739,unstable_likely,,
Rb2ZrCrO6,True,True,1.72000,0.58000,1.40000,1.11423,0.41429,4.14183,True,Rb+1;Zr+4;Cr+6;O-2,0.86624,2.57242,0.59850,-2.40616,1.38259,3.76226,0.10702,0.09271,False,pass,-2.58668,180.51549,0.03234,0.04207,0.05129,0.06345,0.13564,unstable_likely,,
Rb2ZrCrO3F3,True,True,1.72000,0.66750,1.36500,1.07327,0.48901,3.76726,True,Rb+1;Zr+4;Cr+3;O-2;F-1,0.87281,2.42832,0.73932,-2.91104,0.95852,3.89811,0.15285,0.13341,False,pass,-3.13745,226.41134,0.01816,0.02305,0.02808,0.03405,0.06717,unstable_likely,,
Rb2ZrCrO3Cl3,True,True,1.72000,0.66750,1.60500,1.03460,0.41589,4.12681,True,Rb+1;Zr+4;Cr+3;O-2;Cl-1,0.84758,1.99235,0.62348,-2.10291,0.75285,3.23184,0.27000,0.22885,False,pass,-2.65338,550.47300,0.00178,0.00200,0.00213,0.00234,0.00303,unstable_likely,,
Rb2ZrCrS3F3,False,True,1.72000,0.66750,1.58500,1.03751,0.42114,4.09685,True,Rb+1;Zr+4;Cr+3;S-2;F-1,0.84733,1.91616,0.64924,-2.26597,0.62544,3.20687,0.29347,0.24866,False,pass,-2.37575,109.78243,0.08571,0.11678,0.14908,0.19379,0.48130,unstable_likely,,
Rb2ZrMoO6,True,True,1.72000,0.65500,1.40000,1.07356,0.46786,3.85735,True,Rb+1;Zr+4;Mo+6;O-2,0.90598,2.81683,0.65025,-2.56310,1.52412,4.10955,0.07554,0.06844,False,pass,-2.68383,120.73458,0.07275,0.09834,0.12502,0.16009,0.39784,unstable_likely,,
Rb2ZrWO6,True,True,1.72000,0.66000,1.40000,1.07096,0.47143,3.84198,True,Rb+1;Zr+4;W+6;O-2,0.87519,2.54309,0.61473,-2.67769,1.32100,3.76519,0.11664,0.10209,False,pass,-2.71820,40.50880,0.27592,0.39961,0.51592,0.63601,0.86406,stable_likely,,
Rb2ZrWO3S3,True,True,1.72000,0.66000,1.62000,1.03585,0.40741,4.17531,True,Rb+1;Zr+4;W+6;O-2;S-2,0.89586,2.16781,0.58391,-1.75112,1.00697,3.32865,0.21295,0.19077,False,pass,-2.21103,459.90722,0.00285,0.00323,0.00353,0.00390,0.00549,unstable_likely,,
Rb2ZrFeO3F3,True,True,1.72000,0.68250,1.36500,1.06541,0.50000,3.72650,True,Rb+1;Zr+4;Fe+3;O-2;F-1,0.86751,2.66565,0.76193,-2.82983,1.15090,4.18040,0.11301,0.09804,False,pass,-2.97066,140.82855,0.05480,0.07265,0.09090,0.11487,0.27413,unstable_likely,,
Rb2ZrFeO3Cl3,True,True,1.72000,0.68250,1.60500,1.02782,0.42523,4.07814,True,Rb+1;Zr+4;Fe+3;O-2;Cl-1,0.87690,2.03465,0.60314,-1.98067,0.83559,3.23370,0.25625,0.22470,False,pass,-2.50678,526.11116,0.00202,0.00225,0.00242,0.00265,0.00349,unstable_likely,,
Rb2ZrFeS3F3,False,True,1.72000,0.68250,1.58500,1.03065,0.43060,4.04884,True,Rb+1;Zr+4;Fe+3;S-2;F-1,0.84364,1.75227,0.62138,-2.16723,0.51694,2.98759,0.35643,0.30070,False,pass,-2.34410,176.87282,0.03391,0.04413,0.05381,0.06677,0.14387,unstable_likely,,
Rb2ZrFeSe3F3,False,True,1.72000,0.68250,1.65500,1.02096,0.41239,4.15140,True,Rb+1;Zr+4;Fe+3;Se-2;F-1,0.86434,1.73772,0.66716,-2.08672,0.41139,3.06406,0.34360,0.29699,False,pass,-2.25184,165.11754,0.03958,0.05156,0.06387,0.07914,0.17685,unstable_likely,,
Rb2ZrBiO3F3,False,True,1.72000,0.87500,1.36500,0.97385,0.64103,3.46848,True,Rb+1;Zr+4;Bi+3;O-2;F-1,0.88745,2.88043,0.85941,-2.67723,1.17189,4.58898,0.09208,0.08172,False,pass,-2.95776,280.52786,0.01084,0.01277,0.01488,0.01735,0.03234,unstable_likely,,
Rb2ZrBiO3Cl3,True,True,1.72000,0.87500,1.60500,0.94804,0.54517,3.74277,True,Rb+1;Zr+4;Bi+3;O-2;Cl-1,0.87995,2.73455,0.74970,-2.17013,1.24413,4.22498,0.10179,0.08957,False,pass,-2.50707,336.94153,0.00656,0.00783,0.00896,0.01014,0.01625,unstable_likely,,
Rb2ZrBiO3Br3,True,True,1.72000,0.87500,1.68000,0.94096,0.52083,3.82848,True,Rb+1;Zr+4;Bi+3;O-2;Br-1,0.86556,2.30350,0.71235,-1.80011,0.88733,3.71968,0.18104,0.15670,False,pass,-2.39851,598.39938,0.00143,0.00161,0.00170,0.00180,0.00237,unstable_likely,,
Rb2ZrBiO3I3,True,True,1.72000,0.87500,1.80000,0.93047,0.48611,3.96563,True,Rb+1;Zr+4;Bi+3;O-2;I-1,0.86760,2.20453,0.65024,-1.74684,0.91184,3.49722,0.20358,0.17662,False,pass,-2.20128,454.44168,0.00297,0.00334,0.00367,0.00408,0.00582,unstable_likely,,
Rb2ZrBiS3F3,False,True,1.72000,0.87500,1.58500,0.95000,0.55205,3.71991,True,Rb+1;Zr+4;Bi+3;S-2;F-1,0.88490,2.63705,0.74731,-2.14672,1.15137,4.12273,0.11563,0.10232,False,pass,-2.33112,184.40293,0.03083,0.03998,0.04866,0.06014,0.12744,unstable_likely,,
Rb2ZrBiS3Cl3,False,True,1.72000,0.87500,1.82500,0.92841,0.47945,3.99420,True,Rb+1;Zr+4;Bi+3;S-2;Cl-1,0.90779,2.47356,0.53073,-1.58592,1.41846,3.52867,0.11453,0.10397,False,pass,-1.78068,194.75504,0.02704,0.03487,0.04247,0.05178,0.10790,unstable_likely,,
Rb2ZrBiS3Br3,False,True,1.72000,0.87500,1.90000,0.92242,0.46053,4.07991,True,Rb+1;Zr+4;Bi+3;S-2;Br-1,0.88344,2.09103,0.41405,-1.54628,1.26788,2.91419,0.22696,0.20050,False,pass,-1.64281,96.53259,0.10477,0.14473,0.18813,0.24624,0.58936,unstable_likely,,
Rb2ZrBiSe3F3,False,True,1.72000,0.87500,1.65500,0.94327,0.52870,3.79991,True,Rb+1;Zr+4;Bi+3;Se-2;F-1,0.86799,1.98282,0.73506,-1.98937,0.52151,3.44414,0.25903,0.22484,False,pass,-2.28508,295.70809,0.00940,0.01131,0.01276,0.01487,0.02676,unstable_likely,,
Rb2ZrBiSe3Cl3,False,True,1.72000,0.87500,1.89500,0.92281,0.46174,4.07420,True,Rb+1;Zr+4;Bi+3;Se-2;Cl-1,0.89242,2.19342,0.56533,-1.60404,1.06952,3.31732,0.20316,0.18130,False,pass,-1.74083,136.78877,0.05788,0.07696,0.09687,0.12283,0.29622,unstable_likely,,
Rb2ZrBiSe3Br3,False,True,1.72000,0.87500,1.97000,0.91713,0.44416,4.15991,True,Rb+1;Zr+4;Bi+3;Se-2;Br-1,0.87711,2.02685,0.39416,-1.49604,1.24325,2.81045,0.25633,0.22483,False,pass,-1.58544,89.40151,0.11767,0.16361,0.21283,0.28167,0.64384,unstable_likely,,
Rb2ZrSbO3F3,True,True,1.72000,0.74000,1.36500,1.03631,0.54212,3.60040,True,Rb+1;Zr+4;Sb+3;O-2;F-1,0.91550,3.52699,0.81246,-2.70295,1.91179,5.14219,0.03638,0.03330,False,pass,-2.98304,280.08831,0.01090,0.01282,0.01494,0.01740,0.03258,unstable_likely,,
Rb2ZrSbO3Cl3,True,True,1.72000,0.74000,1.60500,1.00261,0.46106,3.92472,True,Rb+1;Zr+4;Sb+3;O-2;Cl-1,0.91657,2.86556,0.72233,-2.04659,1.42954,4.30158,0.08170,0.07488,False,pass,-2.51123,464.63701,0.00278,0.00316,0.00343,0.00377,0.00520,unstable_likely,,
Rb2ZrSbO3Br3,True,True,1.72000,0.74000,1.68000,0.99346,0.44048,4.02607,True,Rb+1;Zr+4;Sb+3;O-2;Br-1,0.91454,2.37911,0.68154,-1.70826,1.02418,3.73404,0.15927,0.14566,False,pass,-2.39662,688.35541,0.00093,0.00100,0.00112,0.00120,0.00153,unstable_likely,,
Rb2ZrSbS3F3,False,True,1.72000,0.74000,1.58500,1.00516,0.46688,3.89769,True,Rb+1;Zr+4;Sb+3;S-2;F-1,0.91172,2.75900,0.75363,-2.26209,1.26075,4.25724,0.09850,0.08980,False,pass,-2.31027,48.18289,0.23902,0.34770,0.45475,0.57628,0.84381,stable_likely,,
Rb2ZrSbSe3F3,False,True,1.72000,0.74000,1.65500,0.99644,0.44713,3.99229,True,Rb+1;Zr+4;Sb+3;Se-2;F-1,0.91469,1.82735,0.72934,-1.97800,0.37740,3.27730,0.30300,0.27715,False,pass,-2.26309,285.09084,0.01031,0.01229,0.01421,0.01660,0.03054,unstable_likely,,
Rb2ZrInO3F3,True,True,1.72000,0.76000,1.36500,1.02655,0.55678,3.56695,True,Rb+1;Zr+4;In+3;O-2;F-1,0.97139,3.55988,0.86666,-2.89783,1.83693,5.28283,0.03807,0.03698,False,pass,-3.04253,144.70236,0.05185,0.06878,0.08582,0.10794,0.25518,unstable_likely,,
Rb2ZrInO3Cl3,True,True,1.72000,0.76000,1.60500,0.99414,0.47352,3.88274,True,Rb+1;Zr+4;In+3;O-2;Cl-1,0.95938,2.97956,0.67352,-2.20928,1.64059,4.31854,0.06069,0.05822,False,pass,-2.58552,376.24404,0.00482,0.00572,0.00638,0.00716,0.01128,unstable_likely,,
Rb2ZrInO3Br3,True,True,1.72000,0.76000,1.68000,0.98531,0.45238,3.98142,True,Rb+1;Zr+4;In+3;O-2;Br-1,0.95764,2.33936,0.64500,-1.87870,1.05708,3.62165,0.16543,0.15842,False,pass,-2.46389,585.19383,0.00158,0.00169,0.00179,0.00194,0.00254,unstable_likely,,
Rb2ZrInO3I3,True,True,1.72000,0.76000,1.80000,0.97227,0.42222,4.13931,True,Rb+1;Zr+4;In+3;O-2;I-1,0.95705,2.28371,0.55786,-1.75025,1.17467,3.39276,0.17167,0.16430,False,pass,-2.27092,520.66549,0.00207,0.00234,0.00252,0.00269,0.00364,unstable_likely,,
Rb2ZrInS3F3,False,True,1.72000,0.76000,1.58500,0.99658,0.47950,3.85642,True,Rb+1;Zr+4;In+3;S-2;F-1,0.96741,3.16021,0.71185,-2.46072,1.74503,4.57539,0.04769,0.04613,False,pass,-2.40221,-58.51229,0.86176,0.90131,0.92200,0.93685,0.96496,stable_likely,,
Rb2ZrInS3Cl3,False,True,1.72000,0.76000,1.82500,0.96971,0.41644,4.17221,True,Rb+1;Zr+4;In+3;S-2;Cl-1,0.97126,2.32846,0.44342,-1.69950,1.44693,3.20999,0.13336,0.12952,False,pass,-1.82839,128.88646,0.06495,0.08675,0.10942,0.13920,0.34287,unstable_likely,,
Rb2ZrInSe3F3,False,True,1.72000,0.76000,1.65500,0.98819,0.45921,3.94852,True,Rb+1;Zr+4;In+3;Se-2;F-1,0.97333,2.16469,0.73900,-2.13623,0.69552,3.63385,0.20890,0.20332,False,pass,-2.35348,217.24988,0.02013,0.02625,0.03164,0.03851,0.07643,unstable_likely,,
Rb2ZrGaO3F3,True,True,1.72000,0.67000,1.36500,1.07195,0.49084,3.76022,True,Rb+1;Zr+4;Ga+3;O-2;F-1,0.97429,3.65630,0.85971,-2.96879,1.94716,5.36543,0.03385,0.03298,False,pass,-3.11052,141.72568,0.05396,0.07179,0.08968,0.11326,0.26961,unstable_likely,,
Rb2ZrGaO3Cl3,True,True,1.72000,0.67000,1.60500,1.03346,0.41745,4.11843,True,Rb+1;Zr+4;Ga+3;O-2;Cl-1,0.96400,3.15440,0.68503,-2.21058,1.79254,4.51625,0.04617,0.04451,False,pass,-2.65247,441.88937,0.00319,0.00362,0.00398,0.00441,0.00634,unstable_likely,,
Rb2ZrGaS3F3,False,True,1.72000,0.67000,1.58500,1.03636,0.42271,4.08858,True,Rb+1;Zr+4;Ga+3;S-2;F-1,0.97063,3.15772,0.73802,-2.48493,1.69051,4.62494,0.05165,0.05014,False,pass,-2.44250,-42.42924,0.81359,0.87089,0.89929,0.92058,0.95837,stable_likely,,
Rb2VNbO6,True,True,1.72000,0.59000,1.40000,1.10863,0.42143,4.09753,True,Rb+1;V+5;Nb+5;O-2,0.83613,2.81160,0.61034,-2.70729,1.59822,4.02499,0.06938,0.05801,False,pass,-2.62433,-82.95571,0.90760,0.93174,0.94421,0.95359,0.97222,stable_likely,,
Rb2VTaO6,True,True,1.72000,0.59000,1.40000,1.10863,0.42143,4.09753,True,Rb+1;V+5;Ta+5;O-2,0.83023,2.59951,0.63943,-2.81848,1.32829,3.87072,0.11040,0.09166,False,pass,-2.73327,-85.20754,0.91089,0.93396,0.94565,0.95485,0.97286,stable_likely,,
Rb2VFeO3F3,True,True,1.72000,0.66000,1.36500,1.07725,0.48352,3.78895,True,Rb+1;V+5;Fe+2;O-2;F-1,0.85437,1.81047,0.71097,-2.55985,0.39704,3.22391,0.31144,0.26609,False,pass,-2.60114,41.28556,0.27193,0.39395,0.50982,0.62984,0.86228,stable_likely,,
Rb2VFeO3Cl3,True,True,1.72000,0.66000,1.60500,1.03803,0.41121,4.15259,True,Rb+1;V+5;Fe+2;O-2;Cl-1,0.83917,1.74436,0.59142,-1.85015,0.56859,2.92014,0.36985,0.31037,False,pass,-2.10678,256.62854,0.01328,0.01632,0.01909,0.02294,0.04426,unstable_likely,,
Rb2VFeS3F3,False,True,1.72000,0.66000,1.58500,1.04097,0.41640,4.12228,True,Rb+1;V+5;Fe+2;S-2;F-1,0.82405,1.27457,0.71169,-1.97787,-0.14029,2.68944,0.41155,0.33913,False,pass,-2.05819,80.31912,0.13604,0.19210,0.25231,0.33384,0.70441,unstable_likely,,
Rb2VMnO3F3,True,True,1.72000,0.68500,1.36500,1.06411,0.50183,3.72003,True,Rb+1;V+5;Mn+2;O-2;F-1,0.84410,2.48840,0.76376,-2.74212,0.97001,4.00678,0.14264,0.12040,False,pass,-2.71133,-30.78725,0.76498,0.84078,0.87812,0.90463,0.95235,stable_likely,,
Rb2VMnO3Cl3,True,True,1.72000,0.68500,1.60500,1.02669,0.42679,4.07040,True,Rb+1;V+5;Mn+2;O-2;Cl-1,0.84280,1.96627,0.59985,-1.98754,0.77374,3.15880,0.28452,0.23979,False,pass,-2.20303,215.49244,0.02057,0.02685,0.03235,0.03932,0.07869,unstable_likely,,
Rb2VMnO3Br3,True,True,1.72000,0.68500,1.68000,1.01656,0.40774,4.17989,True,Rb+1;V+5;Mn+2;O-2;Br-1,0.85901,1.94340,0.58662,-1.81938,0.77718,3.10962,0.29499,0.25340,False,pass,-2.04512,225.74444,0.01834,0.02324,0.02835,0.03434,0.06763,unstable_likely,,
Rb2VMnS3F3,False,True,1.72000,0.68500,1.58500,1.02951,0.43218,4.04120,True,Rb+1;V+5;Mn+2;S-2;F-1,0.81007,1.84885,0.65404,-2.10586,0.54860,3.14910,0.31651,0.25640,False,pass,-2.14615,40.29204,0.27694,0.40113,0.51774,0.63754,0.86454,stable_likely,,
Rb2VMnSe3F3,False,True,1.72000,0.68500,1.65500,1.01987,0.41390,4.14339,True,Rb+1;V+5;Mn+2;Se-2;F-1,0.82186,1.68368,0.70285,-2.03444,0.28640,3.08097,0.34934,0.28711,False,pass,-2.04320,8.75732,0.48974,0.64868,0.74127,0.80940,0.91910,stable_likely,,
Rb2VCuO3F3,True,True,1.72000,0.63500,1.36500,1.09071,0.46520,3.86791,True,Rb+1;V+5;Cu+2;O-2;F-1,0.73340,1.13284,0.77886,-2.32142,-0.41555,2.68124,0.37357,0.27397,False,pass,-2.38633,64.91144,0.17748,0.25421,0.33647,0.44149,0.78419,unstable_likely,,
Rb2VZnO3F3,True,True,1.72000,0.64000,1.36500,1.08799,0.46886,3.85127,True,Rb+1;V+5;Zn+2;O-2;F-1,0.85840,2.62275,0.83200,-2.47634,0.96870,4.27681,0.12399,0.10643,False,pass,-2.60399,127.64532,0.06616,0.08849,0.11172,0.14221,0.35132,unstable_likely,,
Rb2NbTaO6,True,True,1.72000,0.64000,1.40000,1.08146,0.45714,3.90596,True,Rb+1;Nb+5;Ta+5;O-2,0.85607,2.50471,0.66420,-2.82914,1.18426,3.82515,0.12947,0.11084,False,pass,-2.93661,107.46649,0.08871,0.12148,0.15526,0.20148,0.50048,unstable_likely,,
Rb2NbFeO3F3,True,True,1.72000,0.71000,1.36500,1.05129,0.52015,3.66044,True,Rb+1;Nb+5;Fe+2;O-2;F-1,0.83857,2.23445,0.81905,-2.61900,0.60615,3.86274,0.19109,0.16024,False,pass,-2.81077,191.77243,0.02799,0.03628,0.04417,0.05392,0.11323,unstable_likely,,
Rb2NbFeO3Cl3,True,True,1.72000,0.71000,1.60500,1.01561,0.44237,3.99846,True,Rb+1;Nb+5;Fe+2;O-2;Cl-1,0.84190,1.99349,0.57559,-1.98608,0.84920,3.13778,0.27448,0.23108,False,pass,-2.31156,325.48179,0.00717,0.00863,0.00982,0.01132,0.01840,unstable_likely,,
Rb2NbFeO3Br3,True,True,1.72000,0.71000,1.68000,1.00593,0.42262,4.10410,True,Rb+1;Nb+5;Fe+2;O-2;Br-1,0.85283,1.95700,0.55139,-1.74785,0.86082,3.05317,0.29279,0.24970,False,pass,-2.17613,428.28354,0.00345,0.00395,0.00433,0.00474,0.00703,unstable_likely,,
Rb2NbFeS3F3,False,True,1.72000,0.71000,1.58500,1.01830,0.44795,3.97030,True,Rb+1;Nb+5;Fe+2;S-2;F-1,0.81303,1.63532,0.70218,-2.04992,0.23937,3.03128,0.36048,0.29308,False,pass,-2.10973,59.80588,0.19370,0.27962,0.36998,0.48119,0.80520,unstable_likely,,
Rb2NbFeSe3F3,False,True,1.72000,0.71000,1.65500,1.00908,0.42900,4.06889,True,Rb+1;Nb+5;Fe+2;Se-2;F-1,0.81894,1.62814,0.69916,-1.90115,0.23819,3.01809,0.36403,0.29812,False,pass,-2.01140,110.25276,0.08501,0.11585,0.14812,0.19230,0.47778,unstable_likely,,
Rb2NbMnO3F3,True,True,1.72000,0.73500,1.36500,1.03877,0.53846,3.60957,True,Rb+1;Nb+5;Mn+2;O-2;F-1,0.83629,2.83289,0.85400,-2.77514,1.13512,4.53067,0.09698,0.08110,False,pass,-2.92605,150.90948,0.04773,0.06309,0.07811,0.09812,0.22710,unstable_likely,,
Rb2NbMnO3Cl3,True,True,1.72000,0.73500,1.60500,1.00476,0.45794,3.93610,True,Rb+1;Nb+5;Mn+2;O-2;Cl-1,0.83635,2.09039,0.58242,-2.09565,0.93253,3.24825,0.23616,0.19751,False,pass,-2.42516,329.50942,0.00697,0.00832,0.00947,0.01096,0.01754,unstable_likely,,
Rb2NbMnO3Br3,True,True,1.72000,0.73500,1.68000,0.99551,0.43750,4.03814,True,Rb+1;Nb+5;Mn+2;O-2;Br-1,0.85084,2.07372,0.54061,-1.88953,0.99896,3.14847,0.24198,0.20589,False,pass,-2.28726,397.73286,0.00419,0.00475,0.00533,0.00610,0.00926,unstable_likely,,
Rb2NbMnS3F3,False,True,1.72000,0.73500,1.58500,1.00732,0.46372,3.90889,True,Rb+1;Nb+5;Mn+2;S-2;F-1,0.82734,2.09640,0.66301,-2.16081,0.77831,3.41449,0.23219,0.19210,False,pass,-2.19227,31.46136,0.32684,0.46779,0.58993,0.69739,0.88367,stable_likely,,
Rb2NbMnSe3F3,False,True,1.72000,0.73500,1.65500,0.99853,0.44411,4.00412,True,Rb+1;Nb+5;Mn+2;Se-2;F-1,0.81228,1.87992,0.74790,-2.03372,0.39306,3.36678,0.28444,0.23104,False,pass,-2.08877,55.04760,0.21037,0.30608,0.40273,0.51975,0.82248,stable_likely,,
Rb2NbSbO6,True,True,1.72000,0.62000,1.40000,1.09216,0.44286,3.97690,True,Rb+1;Nb+5;Sb+5;O-2,0.86090,3.32820,0.59240,-2.20703,2.15050,4.50590,0.02270,0.01955,False,pass,-2.36746,160.43059,0.04215,0.05517,0.06799,0.08480,0.19171,unstable_likely,,
Rb2NbCuO3F3,True,True,1.72000,0.68500,1.36500,1.06411,0.50183,3.72003,True,Rb+1;Nb+5;Cu+2;O-2;F-1,0.62300,1.37710,0.90185,-2.38721,-0.41582,3.17002,0.32571,0.20292,False,pass,-2.64291,255.70257,0.01337,0.01651,0.01932,0.02324,0.04471,unstable_likely,,
Rb2NbCuO3Cl3,True,True,1.72000,0.68500,1.60500,1.02669,0.42679,4.07040,True,Rb+1;Nb+5;Cu+2;O-2;Cl-1,0.63141,1.28041,0.61456,-1.90223,0.05863,2.50218,0.46666,0.29466,False,pass,-2.20096,298.72819,0.00916,0.01105,0.01240,0.01438,0.02570,unstable_likely,,
Rb2NbCuO3Br3,True,True,1.72000,0.68500,1.68000,1.01656,0.40774,4.17989,True,Rb+1;Nb+5;Cu+2;O-2;Br-1,0.72654,1.80188,0.58862,-1.63379,0.63169,2.97207,0.35145,0.25534,False,pass,-2.06852,434.73218,0.00334,0.00377,0.00416,0.00458,0.00666,unstable_likely,,
Rb2NbCuS3F3,False,True,1.72000,0.68500,1.58500,1.02951,0.43218,4.04120,True,Rb+1;Nb+5;Cu+2;S-2;F-1,0.63547,1.06604,0.73925,-1.96249,-0.40362,2.53570,0.37770,0.24002,False,pass,-2.04727,84.77945,0.12674,0.17782,0.23240,0.30745,0.67661,unstable_likely,,
Rb2NbCuSe3F3,False,True,1.72000,0.68500,1.65500,1.01987,0.41390,4.14339,True,Rb+1;Nb+5;Cu+2;Se-2;F-1,0.69687,1.51401,0.72273,-1.76701,0.07719,2.95083,0.37694,0.26268,False,pass,-1.99699,229.98271,0.01745,0.02198,0.02700,0.03259,0.06396,unstable_likely,,
Rb2NbZnO3F3,True,True,1.72000,0.69000,1.36500,1.06152,0.50549,3.70739,True,Rb+1;Nb+5;Zn+2;O-2;F-1,0.84585,3.17130,0.92172,-2.50330,1.33888,5.00371,0.06980,0.05904,False,pass,-2.82256,319.25527,0.00760,0.00916,0.01043,0.01185,0.01971,unstable_likely,,
Rb2NbZnO3Cl3,True,True,1.72000,0.69000,1.60500,1.02446,0.42991,4.05522,True,Rb+1;Nb+5;Zn+2;O-2;Cl-1,0.82132,2.84686,0.61399,-2.08971,1.62622,4.06749,0.06575,0.05400,False,pass,-2.39876,309.04721,0.00833,0.00997,0.01143,0.01291,0.02226,unstable_likely,,
Rb2NbZnO3Br3,True,True,1.72000,0.69000,1.68000,1.01441,0.41071,4.16391,True,Rb+1;Nb+5;Zn+2;O-2;Br-1,0.81262,2.41551,0.58666,-1.76565,1.24921,3.58180,0.14053,0.11420,False,pass,-2.26071,495.06323,0.00240,0.00265,0.00285,0.00315,0.00430,unstable_likely,,
Rb2NbZnS3F3,False,True,1.72000,0.69000,1.58500,1.02725,0.43533,4.02623,True,Rb+1;Nb+5;Zn+2;S-2;F-1,0.83177,2.28187,0.76951,-2.10432,0.75205,3.81169,0.18594,0.15466,False,pass,-2.15172,47.39611,0.24229,0.35284,0.46051,0.58272,0.84607,stable_likely,,
Rb2NbZnSe3F3,False,True,1.72000,0.69000,1.65500,1.01769,0.41692,4.12768,True,Rb+1;Nb+5;Zn+2;Se-2;F-1,0.80466,2.02352,0.75908,-1.92094,0.51444,3.53260,0.24426,0.19655,False,pass,-2.06958,148.63980,0.04917,0.06518,0.08085,0.10173,0.23709,unstable_likely,,
Rb2TaFeO3F3,True,True,1.72000,0.71000,1.36500,1.05129,0.52015,3.66044,True,Rb+1;Ta+5;Fe+2;O-2;F-1,0.85136,2.19414,0.81823,-2.65510,0.56746,3.82082,0.19716,0.16786,False,pass,-2.91684,261.74338,0.01262,0.01539,0.01810,0.02148,0.04146,unstable_likely,,
Rb2TaFeO3Cl3,True,True,1.72000,0.71000,1.60500,1.01561,0.44237,3.99846,True,Rb+1;Ta+5;Fe+2;O-2;Cl-1,0.84504,2.14623,0.66926,-1.94227,0.81572,3.47675,0.21666,0.18309,False,pass,-2.41848,476.20999,0.00265,0.00292,0.00321,0.00349,0.00482,unstable_likely,,
Rb2TaFeO3Br3,True,True,1.72000,0.71000,1.68000,1.00593,0.42262,4.10410,True,Rb+1;Ta+5;Fe+2;O-2;Br-1,0.82817,2.15526,0.60194,-1.71437,0.95858,3.35194,0.21666,0.17943,False,pass,-2.28305,568.68173,0.00165,0.00180,0.00198,0.00212,0.00270,unstable_likely,,
Rb2TaFeS3F3,False,True,1.72000,0.71000,1.58500,1.01830,0.44795,3.97030,True,Rb+1;Ta+5;Fe+2;S-2;F-1,0.85833,1.81453,0.71260,-2.00881,0.39785,3.23121,0.31009,0.26616,False,pass,-2.20822,199.40887,0.02547,0.03286,0.03998,0.04866,0.10059,unstable_likely,,
Rb2TaFeSe3F3,False,True,1.72000,0.71000,1.65500,1.00908,0.42900,4.06889,True,Rb+1;Ta+5;Fe+2;Se-2;F-1,0.80511,1.72213,0.67202,-1.94754,0.38612,3.05813,0.34799,0.28017,False,pass,-2.05881,111.27099,0.08363,0.11406,0.14532,0.18904,0.46941,unstable_likely,,
Rb2TaMnO3F3,True,True,1.72000,0.73500,1.36500,1.03877,0.53846,3.60957,True,Rb+1;Ta+5;Mn+2;O-2;F-1,0.84283,2.66207,0.78770,-2.85214,1.09609,4.22804,0.11521,0.09710,False,pass,-3.02776,175.61546,0.03445,0.04476,0.05505,0.06777,0.14717,unstable_likely,,
Rb2TaMnO3Cl3,True,True,1.72000,0.73500,1.60500,1.00476,0.45794,3.93610,True,Rb+1;Ta+5;Mn+2;O-2;Cl-1,0.83994,2.33405,0.65470,-2.06125,1.03248,3.63561,0.16821,0.14129,False,pass,-2.52755,466.30092,0.00273,0.00314,0.00340,0.00371,0.00517,unstable_likely,,
Rb2TaMnO3Br3,True,True,1.72000,0.73500,1.68000,0.99551,0.43750,4.03814,True,Rb+1;Ta+5;Mn+2;O-2;Br-1,0.80628,2.44275,0.59162,-1.88715,1.26659,3.61891,0.13530,0.10909,False,pass,-2.38965,502.50437,0.00231,0.00259,0.00272,0.00299,0.00410,unstable_likely,,
Rb2TaMnS3F3,False,True,1.72000,0.73500,1.58500,1.00732,0.46372,3.90889,True,Rb+1;Ta+5;Mn+2;S-2;F-1,0.84181,2.05825,0.69737,-2.10674,0.67185,3.44465,0.24207,0.20377,False,pass,-2.23013,123.38663,0.07010,0.09456,0.11965,0.15281,0.37931,unstable_likely,,
Rb2TaMnSe3F3,False,True,1.72000,0.73500,1.65500,0.99853,0.44411,4.00412,True,Rb+1;Ta+5;Mn+2;Se-2;F-1,0.78793,2.27101,0.67960,-2.08226,0.91994,3.62207,0.18729,0.14757,False,pass,-2.09048,8.21623,0.49420,0.65254,0.74439,0.81149,0.91976,stable_likely,,
Rb2TaSbO6,True,True,1.72000,0.62000,1.40000,1.09216,0.44286,3.97690,True,Rb+1;Ta+5;Sb+5;O-2,0.85286,3.45895,0.67123,-2.24623,2.12451,4.79338,0.02448,0.02088,False,pass,-2.49696,250.72863,0.01408,0.01730,0.02050,0.02501,0.04786,unstable_likely,,
Rb2TaCuO3F3,True,True,1.72000,0.68500,1.36500,1.06411,0.50183,3.72003,True,Rb+1;Ta+5;Cu+2;O-2;F-1,0.82462,2.38351,0.84810,-2.42371,0.69746,4.06956,0.16678,0.13753,False,pass,-2.75822,334.51456,0.00667,0.00797,0.00914,0.01039,0.01666,unstable_likely,,
Rb2TaCuO3Cl3,True,True,1.72000,0.68500,1.60500,1.02669,0.42679,4.07040,True,Rb+1;Ta+5;Cu+2;O-2;Cl-1,0.78649,2.26707,0.67004,-1.93970,0.93501,3.59914,0.18915,0.14876,False,pass,-2.30644,366.73653,0.00515,0.00615,0.00685,0.00784,0.01209,unstable_likely,,
Rb2TaCuO3Br3,True,True,1.72000,0.68500,1.68000,1.01656,0.40774,4.17989,True,Rb+1;Ta+5;Cu+2;O-2;Br-1,0.76533,2.10246,0.64767,-1.65377,0.81487,3.39005,0.22966,0.17576,False,pass,-2.17400,520.23052,0.00207,0.00235,0.00254,0.00269,0.00365,unstable_likely,,
Rb2TaCuS3F3,False,True,1.72000,0.68500,1.58500,1.02951,0.43218,4.04120,True,Rb+1;Ta+5;Cu+2;S-2;F-1,0.81772,2.08358,0.72013,-1.99867,0.65193,3.51522,0.23244,0.19007,False,pass,-2.16847,169.80232,0.03729,0.04838,0.05978,0.07356,0.16260,unstable_likely,,
Rb2TaCuSe3F3,False,True,1.72000,0.68500,1.65500,1.01987,0.41390,4.14339,True,Rb+1;Ta+5;Cu+2;Se-2;F-1,0.75012,1.79391,0.71464,-1.83031,0.37318,3.21463,0.31423,0.23571,False,pass,-2.09996,269.64946,0.01183,0.01428,0.01664,0.01963,0.03736,unstable_likely,,
Rb2TaZnO3F3,True,True,1.72000,0.69000,1.36500,1.06152,0.50549,3.70739,True,Rb+1;Ta+5;Zn+2;O-2;F-1,0.84448,2.96888,0.91357,-2.57596,1.15266,4.78509,0.08609,0.07270,False,pass,-2.93674,360.78214,0.00545,0.00639,0.00717,0.00817,0.01274,unstable_likely,,
Rb2TaZnO3Cl3,True,True,1.72000,0.69000,1.60500,1.02446,0.42991,4.05522,True,Rb+1;Ta+5;Zn+2;O-2;Cl-1,0.82253,2.59859,0.69326,-2.08473,1.22038,3.97681,0.11791,0.09699,False,pass,-2.50352,418.78507,0.00368,0.00418,0.00461,0.00510,0.00764,unstable_likely,,
Rb2TaZnO3Br3,True,True,1.72000,0.69000,1.68000,1.01441,0.41071,4.16391,True,Rb+1;Ta+5;Zn+2;O-2;Br-1,0.80325,2.36740,0.65275,-1.75541,1.06971,3.66508,0.15876,0.12752,False,pass,-2.36547,610.06109,0.00136,0.00151,0.00162,0.00172,0.00217,unstable_likely,,
Rb2TaZnS3F3,False,True,1.72000,0.69000,1.58500,1.02725,0.43533,4.02623,True,Rb+1;Ta+5;Zn+2;S-2;F-1,0.82518,2.37668,0.78010,-2.05559,0.82582,3.92754,0.16669,0.13755,False,pass,-2.26474,209.14935,0.02223,0.02901,0.03517,0.04281,0.08653,unstable_likely,,
Rb2TaZnSe3F3,False,True,1.72000,0.69000,1.65500,1.01769,0.41692,4.12768,True,Rb+1;Ta+5;Zn+2;Se-2;F-1,0.78032,2.15279,0.76033,-1.99315,0.64123,3.66435,0.21117,0.16478,False,pass,-2.12306,129.90747,0.06400,0.08556,0.10762,0.13699,0.33655,unstable_likely,,
Rb2CrMoO3F3,True,True,1.72000,0.63250,1.36500,1.09208,0.46337,3.87638,True,Rb+1;Cr+3;Mo+4;O-2;F-1,0.88982,2.95636,0.92136,-2.61069,1.12467,4.78806,0.08837,0.07863,False,pass,-2.59983,-10.85743,0.64571,0.76537,0.82535,0.86727,0.93894,stable_likely,,
Rb2CrWO6,True,True,1.72000,0.57500,1.40000,1.11705,0.41071,4.16480,True,Rb+1;Cr+4;W+6;O-2,0.62122,1.78938,0.61588,-2.07604,0.56500,3.01377,0.34723,0.21571,False,pass,-2.23474,158.69895,0.04306,0.05653,0.06981,0.08699,0.19721,unstable_likely,,
Rb2CrWO3F3,True,True,1.72000,0.63750,1.36500,1.08935,0.46703,3.85953,True,Rb+1;Cr+3;W+4;O-2;F-1,0.89486,2.37105,0.87464,-2.52533,0.63224,4.10986,0.16703,0.14947,False,pass,-2.61457,89.24385,0.11803,0.16410,0.21366,0.28265,0.64489,unstable_likely,,
Rb2CrMnO3F3,True,True,1.72000,0.66000,1.36500,1.07725,0.48352,3.78895,True,Rb+1;Cr+5;Mn+2;O-2;F-1,0.84467,2.11605,0.74641,-2.59034,0.63215,3.59994,0.22215,0.18764,False,pass,-2.56315,-27.18802,0.74631,0.82969,0.87029,0.89891,0.95017,stable_likely,,
Rb2CrMnO3Cl3,True,True,1.72000,0.66000,1.60500,1.03803,0.41121,4.15259,True,Rb+1;Cr+5;Mn+2;O-2;Cl-1,0.83473,1.67670,0.61068,-1.88908,0.46265,2.89076,0.38707,0.32310,False,pass,-2.08790,198.81771,0.02566,0.03315,0.04040,0.04905,0.10141,unstable_likely,,
Rb2CrMnS3F3,False,True,1.72000,0.66000,1.58500,1.04097,0.41640,4.12228,True,Rb+1;Cr+5;Mn+2;S-2;F-1,0.81822,1.63269,0.68030,-2.07020,0.28024,2.98514,0.37137,0.30386,False,pass,-2.05290,-17.29801,0.68964,0.79367,0.84531,0.88112,0.94371,stable_likely,,
Rb2CrAgF6,False,True,1.72000,0.88250,1.33000,0.97477,0.66353,3.42773,True,Rb+1;Cr+3;Ag+1;F-1,0.58912,2.74758,0.70241,-2.63485,1.35117,4.14398,0.09478,0.05584,False,pass,-2.73738,102.53252,0.09573,0.13125,0.16938,0.22040,0.54100,known_mp,0.00000,"{'identifier': 'mp-aaaclexu', 'suffix': 'GGA+U', 'separator': '-'}"
Rb2CrAgCl6,False,True,1.72000,0.88250,1.81000,0.92705,0.48757,3.97164,True,Rb+1;Cr+3;Ag+1;Cl-1,0.64429,1.24156,0.41794,-1.62662,0.41067,2.07244,0.60525,0.38996,False,pass,-1.69752,70.90295,0.15964,0.22710,0.30133,0.39659,0.75661,unstable_likely,,
Rb2CrAgBr6,False,True,1.72000,0.88250,1.96000,0.91545,0.45026,4.14161,True,Rb+1;Cr+3;Ag+1;Br-1,0.64365,0.90632,0.29650,-1.31467,0.31687,1.49578,0.39196,0.25229,False,pass,-1.43411,119.43996,0.07400,0.10057,0.12740,0.16350,0.40715,unstable_likely,,
Rb2CrAgO3F3,False,True,1.72000,0.79500,1.36500,1.00992,0.58242,3.52042,True,Rb+1;Cr+6;Ag+1;O-2;F-1,0.76488,1.94077,0.72082,-2.28939,0.50775,3.37378,0.27321,0.20897,False,pass,-2.16177,-127.62002,0.95046,0.96069,0.96645,0.97089,0.98051,stable_likely,,
Rb2CrAgO3Cl3,False,True,1.72000,0.79500,1.60500,0.97964,0.49533,3.82231,True,Rb+1;Cr+6;Ag+1;O-2;Cl-1,0.75206,1.54987,0.57303,-1.71653,0.41067,2.68907,0.45248,0.34029,False,pass,-1.74347,26.94040,0.35591,0.50470,0.62511,0.72409,0.89226,stable_likely,,
Rb2CrAgO3Br3,True,True,1.72000,0.79500,1.68000,0.97138,0.47321,3.91665,True,Rb+1;Cr+6;Ag+1;O-2;Br-1,0.82681,1.59167,0.53755,-1.50797,0.52300,2.66033,0.45881,0.37935,False,pass,-1.63825,130.28465,0.06371,0.08496,0.10683,0.13609,0.33403,unstable_likely,,
Rb2CrAgO3I3,True,True,1.72000,0.79500,1.80000,0.95916,0.44167,4.06759,True,Rb+1;Cr+6;Ag+1;O-2;I-1,0.80810,1.56137,0.50014,-1.26607,0.56707,2.55567,0.49595,0.40078,False,pass,-1.53976,273.69359,0.01149,0.01359,0.01585,0.01868,0.03539,unstable_likely,,
Rb2CrAgS3F3,False,True,1.72000,0.79500,1.58500,0.98193,0.50158,3.79715,True,Rb+1;Cr+6;Ag+1;S-2;F-1,0.80182,1.57091,0.63187,-1.91641,0.31473,2.82710,0.41247,0.33073,False,pass,-1.89302,-23.38890,0.72605,0.81688,0.86146,0.89286,0.94786,stable_likely,,
Rb2CrAgS3Cl3,False,True,1.72000,0.79500,1.82500,0.95675,0.43562,4.09904,True,Rb+1;Cr+6;Ag+1;S-2;Cl-1,0.75156,1.23357,0.42823,-1.28524,0.38223,2.08491,0.59343,0.44600,False,pass,-1.33712,51.88023,0.22314,0.32434,0.42614,0.54656,0.83264,stable_likely,,
Rb2CrAgSe3F3,False,True,1.72000,0.79500,1.65500,0.97408,0.48036,3.88520,True,Rb+1;Cr+6;Ag+1;Se-2;F-1,0.83570,1.48225,0.62688,-1.60204,0.23600,2.72849,0.43239,0.36135,False,pass,-1.87146,269.42179,0.01184,0.01429,0.01668,0.01964,0.03743,unstable_likely,,
Rb2CrAgF3Cl3,False,True,1.72000,0.88250,1.57000,0.94858,0.56210,3.69968,True,Rb+1;Cr+3;Ag+1;F-1;Cl-1,0.60521,1.77452,0.63919,-2.09913,0.50380,3.04525,0.34411,0.20826,False,pass,-2.27564,176.50751,0.03403,0.04435,0.05409,0.06711,0.14483,unstable_likely,,
Rb2CrAgF3Br3,False,True,1.72000,0.88250,1.64500,0.94141,0.53647,3.78467,True,Rb+1;Cr+3;Ag+1;F-1;Br-1,0.69287,1.64864,0.56674,-1.82449,0.52195,2.77533,0.41796,0.28959,False,pass,-2.16294,338.44876,0.00649,0.00767,0.00883,0.01003,0.01594,unstable_likely,,
Rb2CrAgF3I3,False,True,1.72000,0.88250,1.76500,0.93079,0.50000,3.92065,True,Rb+1;Cr+3;Ag+1;F-1;I-1,0.68651,1.39200,0.47154,-1.70671,0.45456,2.32944,0.57014,0.39141,False,pass,-1.99107,284.35651,0.01042,0.01235,0.01430,0.01668,0.03086,unstable_likely,,
Rb2CrAgCl3Br3,False,True,1.72000,0.88250,1.88500,0.92109,0.46817,4.05662,True,Rb+1;Cr+3;Ag+1;Cl-1;Br-1,0.70097,1.10666,0.38609,-1.44094,0.33910,1.87422,0.56651,0.39711,False,pass,-1.58482,143.88420,0.05243,0.06957,0.08675,0.10942,0.25914,unstable_likely,,
Rb2MoWO6,True,True,1.72000,0.62500,1.40000,1.08947,0.44643,3.95849,True,Rb+1;Mo+6;W+4;O-2,0.58246,1.68000,0.76901,-1.98759,0.15118,3.20883,0.32647,0.19015,False,pass,-2.18058,192.99003,0.02757,0.03574,0.04337,0.05303,0.11108,unstable_likely,,
Rb2MoFeO3F3,True,True,1.72000,0.64750,1.36500,1.08394,0.47436,3.82712,True,Rb+1;Mo+4;Fe+3;O-2;F-1,0.83788,2.00777,0.85021,-2.46229,0.31752,3.69801,0.23607,0.19780,False,pass,-2.45712,-5.17424,0.60315,0.73537,0.80511,0.85327,0.93392,stable_likely,,
Rb2MoFeS3F3,False,True,1.72000,0.64750,1.58500,1.04680,0.40852,4.16689,True,Rb+1;Mo+4;Fe+3;S-2;F-1,0.85663,1.54134,0.67539,-1.78555,0.19864,2.88405,0.39644,0.33960,False,pass,-2.05183,266.27690,0.01216,0.01474,0.01721,0.02036,0.03901,unstable_likely,,
Rb2MoBiO3F3,True,True,1.72000,0.84000,1.36500,0.98931,0.61538,3.48210,True,Rb+1;Mo+4;Bi+3;O-2;F-1,0.87613,2.40794,0.79456,-2.30541,0.82833,3.98755,0.16096,0.14102,False,pass,-2.42298,117.57453,0.07602,0.10329,0.13123,0.16923,0.42106,unstable_likely,,
Rb2MoBiO3Cl3,True,True,1.72000,0.84000,1.60500,0.96161,0.52336,3.76781,True,Rb+1;Mo+4;Bi+3;O-2;Cl-1,0.79934,2.12365,0.68880,-1.80589,0.75430,3.49300,0.22181,0.17730,False,pass,-1.96945,163.56276,0.04049,0.05261,0.06526,0.08095,0.18154,unstable_likely,,
Rb2MoBiO3Br3,True,True,1.72000,0.84000,1.68000,0.95403,0.50000,3.85710,True,Rb+1;Mo+4;Bi+3;O-2;Br-1,0.80171,1.84847,0.62344,-1.32336,0.60904,3.08790,0.32385,0.25964,False,pass,-1.86089,537.53061,0.00191,0.00212,0.00231,0.00249,0.00327,unstable_likely,,
Rb2MoBiO3I3,True,True,1.72000,0.84000,1.80000,0.94281,0.46667,3.99996,True,Rb+1;Mo+4;Bi+3;O-2;I-1,0.80066,1.86549,0.55078,-1.18467,0.77052,2.96046,0.33668,0.26957,False,pass,-1.66366,478.99291,0.00263,0.00286,0.00319,0.00344,0.00472,unstable_likely,,
Rb2MoBiS3F3,False,True,1.72000,0.84000,1.58500,0.96371,0.52997,3.74400,True,Rb+1;Mo+4;Bi+3;S-2;F-1,0.87791,2.09668,0.65733,-1.82366,0.78989,3.40347,0.23185,0.20355,False,pass,-2.00776,184.10340,0.03095,0.04017,0.04890,0.06033,0.12813,unstable_likely,,
Rb2MoBiS3Cl3,False,True,1.72000,0.84000,1.82500,0.94060,0.46027,4.02972,True,Rb+1;Mo+4;Bi+3;S-2;Cl-1,0.86441,1.73937,0.38732,-1.35756,0.96937,2.50938,0.47029,0.40652,False,pass,-1.56243,204.87230,0.02349,0.03063,0.03728,0.04522,0.09243,unstable_likely,,
Rb2MoBiS3Br3,False,True,1.72000,0.84000,1.90000,0.93421,0.44211,4.11900,True,Rb+1;Mo+4;Bi+3;S-2;Br-1,0.82568,1.27855,0.32164,-1.16864,0.63912,1.91799,0.71379,0.58936,False,pass,-1.44860,279.95707,0.01092,0.01284,0.01495,0.01746,0.03260,unstable_likely,,
Rb2MoBiSe3F3,False,True,1.72000,0.84000,1.65500,0.95651,0.50755,3.82734,True,Rb+1;Mo+4;Bi+3;Se-2;F-1,0.83397,1.58793,0.63747,-1.57602,0.32063,2.85524,0.40538,0.33808,False,pass,-1.94613,370.10667,0.00504,0.00602,0.00663,0.00752,0.01181,unstable_likely,,
Rb2MoBiSe3Cl3,False,True,1.72000,0.84000,1.89500,0.93462,0.44327,4.11305,True,Rb+1;Mo+4;Bi+3;Se-2;Cl-1,0.86224,1.64277,0.46054,-1.22913,0.72720,2.55835,0.48877,0.42144,False,pass,-1.49725,268.12131,0.01193,0.01449,0.01690,0.01992,0.03802,unstable_likely,,
Rb2MoSbO3F3,True,True,1.72000,0.70500,1.36500,1.05383,0.51648,3.67164,True,Rb+1;Mo+4;Sb+3;O-2;F-1,0.89813,2.71064,0.81507,-2.34470,1.09025,4.33103,0.11040,0.09915,False,pass,-2.43777,93.07381,0.11087,0.15369,0.19929,0.26308,0.61658,unstable_likely,,
Rb2MoSbO3Cl3,True,True,1.72000,0.70500,1.60500,1.01781,0.43925,4.01207,True,Rb+1;Mo+4;Sb+3;O-2;Cl-1,0.86498,2.12972,0.66535,-1.78424,0.80699,3.45245,0.22147,0.19157,False,pass,-1.97361,189.36824,0.02896,0.03747,0.04553,0.05610,0.11776,unstable_likely,,
Rb2MoSbO3Br3,True,True,1.72000,0.70500,1.68000,1.00803,0.41964,4.11845,True,Rb+1;Mo+4;Sb+3;O-2;Br-1,0.86812,1.84151,0.63088,-1.34536,0.58730,3.09572,0.32402,0.28129,False,pass,-1.85900,513.63664,0.00214,0.00241,0.00263,0.00281,0.00379,unstable_likely,,
Rb2MoSbS3F3,False,True,1.72000,0.70500,1.58500,1.02052,0.44479,3.98370,True,Rb+1;Mo+4;Sb+3;S-2;F-1,0.90961,1.99823,0.68940,-1.76352,0.62768,3.36878,0.25895,0.23554,False,pass,-1.98431,220.78862,0.01931,0.02498,0.03028,0.03684,0.07270,unstable_likely,,
Rb2MoSbSe3F3,True,True,1.72000,0.70500,1.65500,1.01122,0.42598,4.08299,True,Rb+1;Mo+4;Sb+3;Se-2;F-1,0.88736,1.52324,0.67245,-1.49666,0.18639,2.86010,0.40184,0.35658,False,pass,-1.91329,416.62677,0.00371,0.00422,0.00466,0.00515,0.00784,unstable_likely,,
Rb2MoAgO3F3,True,True,1.72000,0.87000,1.36500,0.97603,0.63736,3.46957,True,Rb+1;Mo+6;Ag+1;O-2;F-1,0.84326,2.16152,0.77944,-2.24505,0.61197,3.71107,0.20771,0.17516,False,pass,-2.25175,6.69923,0.50661,0.66356,0.75211,0.81671,0.92174,stable_likely,,
Rb2MoAgO3Cl3,True,True,1.72000,0.87000,1.60500,0.94995,0.54206,3.74543,True,Rb+1;Mo+6;Ag+1;O-2;Cl-1,0.81255,1.69302,0.58629,-1.57779,0.52746,2.85858,0.39163,0.31822,False,pass,-1.82968,251.88585,0.01393,0.01709,0.02023,0.02455,0.04719,unstable_likely,,
Rb2MoAgO3Br3,True,True,1.72000,0.87000,1.68000,0.94281,0.51786,3.83164,True,Rb+1;Mo+6;Ag+1;O-2;Br-1,0.85166,1.89800,0.53520,-1.32284,0.83401,2.96198,0.32436,0.27624,False,pass,-1.71897,396.12620,0.00426,0.00482,0.00544,0.00616,0.00935,unstable_likely,,
Rb2MoAgO3I3,True,True,1.72000,0.87000,1.80000,0.93222,0.48333,3.96957,True,Rb+1;Mo+6;Ag+1;O-2;I-1,0.83613,1.80966,0.50319,-1.16772,0.80929,2.81002,0.37643,0.31475,False,pass,-1.56984,402.11549,0.00411,0.00465,0.00511,0.00592,0.00895,unstable_likely,,
Rb2MoAgS3F3,False,True,1.72000,0.87000,1.58500,0.95193,0.54890,3.72244,True,Rb+1;Mo+6;Ag+1;S-2;F-1,0.87044,1.77710,0.59066,-1.66959,0.60284,2.95135,0.35888,0.31238,False,pass,-1.84494,175.35286,0.03459,0.04493,0.05523,0.06808,0.14787,unstable_likely,,
Rb2MoAgS3Cl3,False,True,1.72000,0.87000,1.82500,0.93013,0.47671,3.99830,True,Rb+1;Mo+6;Ag+1;S-2;Cl-1,0.85202,1.55126,0.41391,-1.29337,0.72840,2.37412,0.57596,0.49073,False,pass,-1.42472,131.34852,0.06273,0.08345,0.10510,0.13385,0.32758,unstable_likely,,
Rb2MoAgS3Br3,False,True,1.72000,0.87000,1.90000,0.92409,0.45789,4.08451,True,Rb+1;Mo+6;Ag+1;S-2;Br-1,0.85411,1.44421,0.31413,-1.16728,0.81972,2.06870,0.73692,0.62941,False,pass,-1.30761,140.33497,0.05523,0.07309,0.09178,0.11571,0.27678,unstable_likely,,
Rb2MoAgSe3F3,False,True,1.72000,0.87000,1.65500,0.94514,0.52568,3.80290,True,Rb+1;Mo+6;Ag+1;Se-2;F-1,0.88184,1.85625,0.58032,-1.48924,0.70255,3.00994,0.33229,0.29303,False,pass,-1.82768,338.43954,0.00649,0.00767,0.00883,0.01003,0.01594,unstable_likely,,
Rb2MoAgSe3Cl3,False,True,1.72000,0.87000,1.89500,0.92448,0.45910,4.07876,True,Rb+1;Mo+6;Ag+1;Se-2;Cl-1,0.88914,1.58136,0.43633,-1.15860,0.71392,2.44879,0.53883,0.47909,False,pass,-1.38285,224.25029,0.01855,0.02377,0.02899,0.03514,0.06918,unstable_likely,,
Rb2MoAgSe3Br3,False,True,1.72000,0.87000,1.97000,0.91874,0.44162,4.16497,True,Rb+1;Mo+6;Ag+1;Se-2;Br-1,0.81383,1.11555,0.29308,-1.14676,0.53291,1.69820,0.63893,0.51998,False,pass,-1.26622,119.45870,0.07399,0.10054,0.12737,0.16344,0.40708,unstable_likely,,
Rb2MoInO3F3,True,True,1.72000,0.72500,1.36500,1.04374,0.53114,3.62890,True,Rb+1;Mo+4;In+3;O-2;F-1,0.96228,3.27462,0.85824,-2.47926,1.56842,4.98082,0.05587,0.05377,False,pass,-2.49911,19.84528,0.40435,0.56305,0.67607,0.76194,0.90371,stable_likely,,
Rb2MoInO3Cl3,True,True,1.72000,0.72500,1.60500,1.00907,0.45171,3.95994,True,Rb+1;Mo+4;In+3;O-2;Cl-1,0.93582,2.55609,0.66039,-1.92281,1.24322,3.86897,0.12188,0.11406,False,pass,-2.04791,125.09527,0.06831,0.09214,0.11615,0.14848,0.36793,unstable_likely,,
Rb2MoInO3Br3,True,True,1.72000,0.72500,1.68000,0.99965,0.43155,4.06338,True,Rb+1;Mo+4;In+3;O-2;Br-1,0.91622,2.06867,0.60607,-1.47976,0.86379,3.27355,0.24350,0.22310,False,pass,-1.92628,446.51506,0.00313,0.00349,0.00386,0.00423,0.00616,unstable_likely,,
Rb2MoInS3F3,False,True,1.72000,0.72500,1.58500,1.01168,0.45741,3.93235,True,Rb+1;Mo+4;In+3;S-2;F-1,0.95933,2.54610,0.68830,-1.99412,1.17774,3.91447,0.12508,0.12000,False,pass,-2.07709,82.96733,0.13044,0.18364,0.23997,0.31791,0.68802,unstable_likely,,
Rb2MoInSe3F3,False,True,1.72000,0.72500,1.65500,1.00272,0.43807,4.02890,True,Rb+1;Mo+4;In+3;Se-2;F-1,0.94325,1.97262,0.63663,-1.63896,0.70697,3.23827,0.27752,0.26176,False,pass,-2.00398,365.01624,0.00520,0.00620,0.00694,0.00796,0.01231,unstable_likely,,
Rb2MoGaO3F3,True,True,1.72000,0.63500,1.36500,1.09071,0.46520,3.86791,True,Rb+1;Mo+4;Ga+3;O-2;F-1,0.97025,3.39056,0.86694,-2.52831,1.66705,5.11407,0.04743,0.04602,False,pass,-2.57099,42.67796,0.26500,0.38420,0.49839,0.61971,0.85896,stable_likely,,
Rb2WFeO3F3,True,True,1.72000,0.65250,1.36500,1.08125,0.47802,3.81155,True,Rb+1;W+4;Fe+3;O-2;F-1,0.83257,2.12704,0.83755,-2.48893,0.46195,3.79212,0.21168,0.17624,False,pass,-2.49120,2.27116,0.54330,0.69226,0.77392,0.83151,0.92641,stable_likely,,
Rb2WFeO3Cl3,True,True,1.72000,0.65250,1.60500,1.04148,0.40654,4.17936,True,Rb+1;W+4;Fe+3;O-2;Cl-1,0.80765,1.93652,0.68924,-1.70141,0.56628,3.30676,0.27853,0.22495,False,pass,-1.99049,289.07961,0.00997,0.01187,0.01354,0.01581,0.02904,unstable_likely,,
Rb2WFeS3F3,False,True,1.72000,0.65250,1.58500,1.04446,0.41167,4.14871,True,Rb+1;W+4;Fe+3;S-2;F-1,0.83554,1.65975,0.67751,-1.78712,0.31284,3.00666,0.36555,0.30543,False,pass,-2.03755,250.43138,0.01412,0.01735,0.02058,0.02511,0.04802,unstable_likely,,
Rb2WBiO3F3,True,True,1.72000,0.84500,1.36500,0.98707,0.61905,3.47929,True,Rb+1;W+4;Bi+3;O-2;F-1,0.78229,2.47601,0.75721,-2.36997,0.97064,3.98138,0.14441,0.11297,False,pass,-2.45100,81.02775,0.13439,0.18980,0.24862,0.32937,0.70019,unstable_likely,,
Rb2WBiO3Cl3,True,True,1.72000,0.84500,1.60500,0.95964,0.52648,3.76332,True,Rb+1;W+4;Bi+3;O-2;Cl-1,0.72019,2.28538,0.62814,-1.81417,1.03662,3.53415,0.18011,0.12972,False,pass,-1.98784,173.66935,0.03541,0.04599,0.05654,0.06986,0.15195,unstable_likely,,
Rb2WBiO3Br3,True,True,1.72000,0.84500,1.68000,0.95214,0.50298,3.85207,True,Rb+1;W+4;Bi+3;O-2;Br-1,0.71245,2.01152,0.58622,-1.36292,0.84610,3.17694,0.26747,0.19056,False,pass,-1.87928,516.35720,0.00213,0.00238,0.00261,0.00273,0.00371,unstable_likely,,
Rb2WBiO3I3,True,True,1.72000,0.84500,1.80000,0.94103,0.46944,3.99409,True,Rb+1;W+4;Bi+3;O-2;I-1,0.72899,1.87876,0.55578,-1.28091,0.77386,2.98366,0.32858,0.23953,False,pass,-1.68205,401.13949,0.00414,0.00467,0.00517,0.00595,0.00900,unstable_likely,,
Rb2WBiS3F3,False,True,1.72000,0.84500,1.58500,0.96172,0.53312,3.73965,True,Rb+1;W+4;Bi+3;S-2;F-1,0.75043,2.11594,0.64442,-1.81642,0.83481,3.39708,0.22569,0.16937,False,pass,-1.99349,177.06788,0.03388,0.04400,0.05364,0.06662,0.14347,unstable_likely,,
Rb2WBiS3Cl3,False,True,1.72000,0.84500,1.82500,0.93884,0.46301,4.02367,True,Rb+1;W+4;Bi+3;S-2;Cl-1,0.77408,1.65364,0.42130,-1.32678,0.81608,2.49119,0.51131,0.39580,False,pass,-1.54816,221.37678,0.01915,0.02474,0.03005,0.03651,0.07213,unstable_likely,,
Rb2WBiS3Br3,False,True,1.72000,0.84500,1.90000,0.93251,0.44474,4.11243,True,Rb+1;W+4;Bi+3;S-2;Br-1,0.80979,1.31696,0.34788,-1.09616,0.62535,2.00857,0.69252,0.56080,False,pass,-1.43432,338.16155,0.00650,0.00772,0.00885,0.01004,0.01603,unstable_likely,,
Rb2WBiSe3F3,False,True,1.72000,0.84500,1.65500,0.95459,0.51057,3.82249,True,Rb+1;W+4;Bi+3;Se-2;F-1,0.75545,1.76528,0.64800,-1.66147,0.47703,3.05352,0.34166,0.25811,False,pass,-1.91147,250.00409,0.01423,0.01744,0.02068,0.02523,0.04828,unstable_likely,,
Rb2WBiSe3Cl3,False,True,1.72000,0.84500,1.89500,0.93292,0.44591,4.10651,True,Rb+1;W+4;Bi+3;Se-2;Cl-1,0.75859,1.43022,0.42374,-1.18217,0.58780,2.27263,0.61141,0.46381,False,pass,-1.46260,280.42873,0.01085,0.01279,0.01490,0.01735,0.03239,unstable_likely,,
Rb2WSbO3F3,True,True,1.72000,0.71000,1.36500,1.05129,0.52015,3.66044,True,Rb+1;W+4;Sb+3;O-2;F-1,0.85734,2.51127,0.83043,-2.35878,0.86034,4.16219,0.14230,0.12200,False,pass,-2.43451,75.72932,0.14688,0.20786,0.27467,0.36388,0.73071,unstable_likely,,
Rb2WSbO3Cl3,True,True,1.72000,0.71000,1.60500,1.01561,0.44237,3.99846,True,Rb+1;W+4;Sb+3;O-2;Cl-1,0.80840,2.32950,0.67985,-1.80363,0.97793,3.68107,0.17218,0.13919,False,pass,-1.97814,174.51164,0.03496,0.04543,0.05594,0.06894,0.14964,unstable_likely,,
Rb2WSbO3Br3,True,True,1.72000,0.71000,1.68000,1.00593,0.42262,4.10410,True,Rb+1;W+4;Sb+3;O-2;Br-1,0.79043,1.99872,0.67947,-1.34261,0.64791,3.34952,0.26047,0.20588,False,pass,-1.86353,520.92004,0.00207,0.00234,0.00250,0.00269,0.00364,unstable_likely,,
Rb2WSbS3F3,False,True,1.72000,0.71000,1.58500,1.01830,0.44795,3.97030,True,Rb+1;W+4;Sb+3;S-2;F-1,0.86446,2.10313,0.71987,-1.80677,0.67201,3.53425,0.22755,0.19671,False,pass,-1.97003,163.26310,0.04063,0.05285,0.06561,0.08123,0.18251,unstable_likely,,
Rb2WSbSe3F3,True,True,1.72000,0.71000,1.65500,1.00908,0.42900,4.06889,True,Rb+1;W+4;Sb+3;Se-2;F-1,0.81802,1.64651,0.68179,-1.55321,0.29109,3.00193,0.36715,0.30034,False,pass,-1.87863,325.42419,0.00718,0.00863,0.00983,0.01134,0.01841,unstable_likely,,
Rb2WAgO3F3,True,True,1.72000,0.87500,1.36500,0.97385,0.64103,3.46848,True,Rb+1;W+6;Ag+1;O-2;F-1,0.88735,2.33489,0.80331,-2.28135,0.73789,3.93189,0.17429,0.15466,False,pass,-2.27459,-6.75507,0.61526,0.74420,0.81135,0.85760,0.93538,stable_likely,,
Rb2WAgO3Cl3,True,True,1.72000,0.87500,1.60500,0.94804,0.54517,3.74277,True,Rb+1;W+6;Ag+1;O-2;Cl-1,0.82387,2.12613,0.53626,-1.55733,1.06002,3.19225,0.22392,0.18448,False,pass,-1.93619,378.86131,0.00472,0.00556,0.00625,0.00700,0.01104,unstable_likely,,
Rb2WAgO3Br3,True,True,1.72000,0.87500,1.68000,0.94096,0.52083,3.82848,True,Rb+1;W+6;Ag+1;O-2;Br-1,0.79053,1.96321,0.51268,-1.30698,0.94398,2.98244,0.29397,0.23239,False,pass,-1.82349,516.51256,0.00213,0.00238,0.00260,0.00273,0.00371,unstable_likely,,
Rb2WAgO3I3,True,True,1.72000,0.87500,1.80000,0.93047,0.48611,3.96563,True,Rb+1;W+6;Ag+1;O-2;I-1,0.80696,1.96295,0.49924,-1.16208,0.97044,2.95545,0.29608,0.23893,False,pass,-1.65509,493.00606,0.00241,0.00267,0.00288,0.00319,0.00435,unstable_likely,,
Rb2WAgS3F3,False,True,1.72000,0.87500,1.58500,0.95000,0.55205,3.71991,True,Rb+1;W+6;Ag+1;S-2;F-1,0.89031,2.10111,0.56677,-1.66544,0.97436,3.22786,0.23270,0.20717,False,pass,-1.81104,145.59803,0.05125,0.06784,0.08455,0.10636,0.25083,unstable_likely,,
Rb2WAgS3Cl3,False,True,1.72000,0.87500,1.82500,0.92841,0.47945,3.99420,True,Rb+1;W+6;Ag+1;S-2;Cl-1,0.80625,1.58459,0.35370,-1.28809,0.88142,2.28777,0.61867,0.49880,False,pass,-1.44206,153.97264,0.04579,0.06047,0.07453,0.09372,0.21475,unstable_likely,,
Rb2WAgS3Br3,False,True,1.72000,0.87500,1.90000,0.92242,0.46053,4.07991,True,Rb+1;W+6;Ag+1;S-2;Br-1,0.79635,1.48548,0.27320,-1.17702,0.94235,2.02860,0.78131,0.62220,False,pass,-1.29334,116.31945,0.07764,0.10516,0.13388,0.17319,0.43059,unstable_likely,,
Rb2WAgSe3F3,False,True,1.72000,0.87500,1.65500,0.94327,0.52870,3.79991,True,Rb+1;W+6;Ag+1;Se-2;F-1,0.80784,1.82473,0.54177,-1.59267,0.74768,2.90179,0.35736,0.28869,False,pass,-1.75595,163.28480,0.04062,0.05285,0.06557,0.08121,0.18242,unstable_likely,,
Rb2WAgSe3Cl3,False,True,1.72000,0.87500,1.89500,0.92281,0.46174,4.07420,True,Rb+1;W+6;Ag+1;Se-2;Cl-1,0.79574,1.51043,0.36769,-1.22556,0.77946,2.24140,0.64517,0.51339,False,pass,-1.35099,125.42684,0.06800,0.09157,0.11560,0.14769,0.36580,unstable_likely,,
Rb2WAgSe3Br3,False,True,1.72000,0.87500,1.97000,0.91713,0.44416,4.15991,True,Rb+1;W+6;Ag+1;Se-2;Br-1,0.80754,1.27891,0.28872,-1.14876,0.70491,1.85290,0.75447,0.60927,False,pass,-1.23260,83.83995,0.12867,0.18073,0.23634,0.31286,0.68263,unstable_likely,,
Rb2WInO3F3,True,True,1.72000,0.73000,1.36500,1.04125,0.53480,3.61907,True,Rb+1;W+4;In+3;O-2;F-1,0.95882,2.89312,0.87378,-2.48626,1.15601,4.63023,0.09217,0.08837,False,pass,-2.50593,19.67084,0.40560,0.56447,0.67718,0.76282,0.90391,stable_likely,,
Rb2WInO3Cl3,True,True,1.72000,0.73000,1.60500,1.00691,0.45483,3.94783,True,Rb+1;W+4;In+3;O-2;Cl-1,0.92542,2.49261,0.64575,-1.91936,1.20883,3.77638,0.13074,0.12099,False,pass,-2.05244,133.07867,0.06109,0.08143,0.10258,0.13016,0.31731,unstable_likely,,
Rb2WInO3Br3,True,True,1.72000,0.73000,1.68000,0.99758,0.43452,4.05057,True,Rb+1;W+4;In+3;O-2;Br-1,0.89417,2.21019,0.62028,-1.52537,0.97704,3.44333,0.20071,0.17947,False,pass,-1.93081,405.43846,0.00404,0.00457,0.00503,0.00576,0.00863,unstable_likely,,
Rb2WInS3F3,False,True,1.72000,0.73000,1.58500,1.00950,0.46057,3.92044,True,Rb+1;W+4;In+3;S-2;F-1,0.94841,2.30934,0.68937,-1.92756,0.93885,3.67983,0.17969,0.17042,False,pass,-2.06281,135.25181,0.05939,0.07899,0.09927,0.12586,0.30486,unstable_likely,,
Rb2WInSe3F3,False,True,1.72000,0.73000,1.65500,1.00062,0.44109,4.01633,True,Rb+1;W+4;In+3;Se-2;F-1,0.92849,2.06697,0.65311,-1.67821,0.76856,3.36538,0.24299,0.22562,False,pass,-1.96932,291.11366,0.00976,0.01172,0.01334,0.01545,0.02819,unstable_likely,,
Rb2WGaO3F3,True,True,1.72000,0.64000,1.36500,1.08799,0.46886,3.85127,True,Rb+1;W+4;Ga+3;O-2;F-1,0.96750,3.04824,0.94469,-2.48966,1.17017,4.92631,0.08204,0.07937,False,pass,-2.58007,90.40555,0.11562,0.16104,0.20899,0.27644,0.63675,unstable_likely,,
Rb2FeMnF6,False,True,1.72000,0.80500,1.33000,1.01015,0.60526,3.46637,True,Rb+1;Fe+2;Mn+2;F-1,0.51125,2.62587,0.69937,-2.89524,1.23551,4.01624,0.11377,0.05817,False,pass,-2.88458,-10.65626,0.64417,0.76454,0.82471,0.86683,0.93873,stable_likely,,
Rb2FeMnCl6,False,True,1.72000,0.80500,1.81000,0.95453,0.44475,4.06265,True,Rb+1;Fe+2;Mn+2;Cl-1,0.51143,1.01688,0.52513,-1.78442,-0.02709,2.06085,0.44497,0.22757,False,pass,-1.72364,-60.78176,0.86710,0.90463,0.92448,0.93889,0.96583,stable_likely,,
Rb2FeMnO3F3,True,True,1.72000,0.58750,1.36500,1.11725,0.43040,4.04883,True,Rb+1;Fe+3;Mn+4;O-2;F-1,0.81282,2.11298,0.66772,-2.50423,0.78554,3.44043,0.22611,0.18379,False,pass,-2.37943,-124.79738,0.94882,0.95956,0.96546,0.97024,0.98021,stable_likely,,
Rb2FeMnF3Cl3,False,True,1.72000,0.80500,1.57000,0.97953,0.51274,3.76451,True,Rb+1;Fe+2;Mn+2;F-1;Cl-1,0.57181,1.88757,0.68767,-2.11948,0.52046,3.25467,0.29701,0.16983,False,pass,-2.35657,237.09391,0.01620,0.02016,0.02446,0.02979,0.05766,unstable_likely,,
Rb2FeMnF3Br3,False,True,1.72000,0.80500,1.64500,0.97119,0.48936,3.85768,True,Rb+1;Fe+2;Mn+2;F-1;Br-1,0.59532,1.57943,0.72152,-1.96539,0.14502,3.01384,0.36563,0.21767,False,pass,-2.22115,255.75565,0.01337,0.01649,0.01932,0.02324,0.04468,unstable_likely,,
Rb2FeMnF3I3,True,True,1.72000,0.80500,1.76500,0.95886,0.45609,4.00675,True,Rb+1;Fe+2;Mn+2;F-1;I-1,0.54493,1.52576,0.65135,-1.84488,0.23085,2.82067,0.41222,0.22463,False,pass,-2.02402,179.13525,0.03301,0.04282,0.05222,0.06470,0.13863,unstable_likely,,
Rb2FeMnCl3Br3,False,True,1.72000,0.80500,1.88500,0.94763,0.42706,4.15582,True,Rb+1;Fe+2;Mn+2;Cl-1;Br-1,0.58143,0.86255,0.49111,-1.59265,-0.11379,1.83890,0.37086,0.21563,False,pass,-1.58100,-11.64875,0.65169,0.76916,0.82789,0.86904,0.93941,stable_likely,,
Rb2FeSbO3F3,True,True,1.72000,0.69000,1.36500,1.06152,0.50549,3.70739,True,Rb+1;Fe+2;Sb+5;O-2;F-1,0.79573,2.16578,0.60108,-2.33675,0.97083,3.36074,0.21354,0.16992,False,pass,-2.40543,68.68326,0.16559,0.23688,0.31371,0.41288,0.76748,unstable_likely,,
Rb2FeSbO3Cl3,True,True,1.72000,0.69000,1.60500,1.02446,0.42991,4.05522,True,Rb+1;Fe+2;Sb+5;O-2;Cl-1,0.76051,1.67729,0.62785,-1.69286,0.42909,2.92548,0.37939,0.28853,False,pass,-1.92971,236.85229,0.01628,0.02024,0.02457,0.02990,0.05784,unstable_likely,,
Rb2FeSbO3Br3,True,True,1.72000,0.69000,1.68000,1.01441,0.41071,4.16391,True,Rb+1;Fe+2;Sb+5;O-2;Br-1,0.78389,1.44436,0.58578,-1.37800,0.27981,2.60890,0.46632,0.36554,False,pass,-1.80595,427.94862,0.00345,0.00396,0.00436,0.00475,0.00704,unstable_likely,,
Rb2FeSbS3F3,False,True,1.72000,0.69000,1.58500,1.02725,0.43533,4.02623,True,Rb+1;Fe+2;Sb+5;S-2;F-1,0.80317,1.71941,0.61874,-1.89472,0.48934,2.94948,0.36698,0.29475,False,pass,-1.87827,-16.44537,0.68434,0.78975,0.84278,0.87953,0.94311,stable_likely,,
Rb2FeSbSe3F3,False,True,1.72000,0.69000,1.65500,1.01769,0.41692,4.12768,True,Rb+1;Fe+2;Sb+5;Se-2;F-1,0.81469,1.15115,0.60586,-1.51881,-0.05332,2.35561,0.45400,0.36987,False,pass,-1.82193,303.11605,0.00885,0.01054,0.01193,0.01372,0.02409,unstable_likely,,
Rb2FeCuF6,False,True,1.72000,0.70750,1.33000,1.05849,0.53195,3.61652,True,Rb+1;Fe+3;Cu+1;F-1,0.58333,1.00000,0.54685,-2.51723,-0.08715,2.08715,0.42902,0.25026,False,pass,-2.59052,73.29296,0.15307,0.21743,0.28778,0.38004,0.74389,known_mp,52.83027,"{'identifier': 'mp-aaacljel', 'suffix': 'GGA+U', 'separator': '-'}"
Rb2FeCuF3Cl3,False,True,1.72000,0.70750,1.57000,1.02146,0.45064,3.95575,True,Rb+1;Fe+3;Cu+1;F-1;Cl-1,0.57642,0.91912,0.58200,-2.03466,-0.23792,2.07615,0.38597,0.22248,False,pass,-2.13729,102.63079,0.09559,0.13114,0.16895,0.22006,0.53994,unstable_likely,,
Rb2FeCuF3Br3,False,True,1.72000,0.70750,1.64500,1.01144,0.43009,4.06175,True,Rb+1;Fe+3;Cu+1;F-1;Br-1,0.70312,1.38556,0.53846,-1.79510,0.31508,2.45603,0.50861,0.35761,False,pass,-2.00645,211.34710,0.02159,0.02810,0.03409,0.04166,0.08345,unstable_likely,,
Rb2FeAgF6,False,True,1.72000,0.89750,1.33000,0.96820,0.67481,3.42814,True,Rb+1;Fe+3;Ag+1;F-1,0.58554,2.02387,0.53096,-2.50149,0.96830,3.07945,0.26528,0.15533,False,pass,-2.56456,63.07334,0.18329,0.26308,0.34838,0.45549,0.79199,unstable_likely,,
Rb2FeAgCl6,False,True,1.72000,0.89750,1.81000,0.92192,0.49586,3.96296,True,Rb+1;Fe+3;Ag+1;Cl-1,0.64654,1.03568,0.41907,-1.49782,0.20256,1.86879,0.50034,0.32349,False,pass,-1.59298,95.16107,0.10712,0.14839,0.19260,0.25307,0.60042,unstable_likely,,
Rb2FeAgBr6,False,True,1.72000,0.89750,1.96000,0.91064,0.45791,4.13009,True,Rb+1;Fe+3;Ag+1;Br-1,0.68002,0.88838,0.31445,-1.22955,0.26325,1.51352,0.37432,0.25455,False,pass,-1.33668,107.12548,0.08904,0.12216,0.15627,0.20255,0.50315,unstable_likely,,
Rb2FeAgF3Cl3,False,True,1.72000,0.89750,1.57000,0.94281,0.57166,3.69555,True,Rb+1;Fe+3;Ag+1;F-1;Cl-1,0.60012,1.35691,0.56327,-2.01705,0.23710,2.47672,0.49603,0.29768,False,pass,-2.12641,109.35730,0.08627,0.11777,0.15001,0.19525,0.48479,unstable_likely,,
Rb2FeAgF3Br3,False,True,1.72000,0.89750,1.64500,0.93586,0.54559,3.77912,True,Rb+1;Fe+3;Ag+1;F-1;Br-1,0.71024,1.35256,0.51310,-1.78574,0.33250,2.37262,0.53452,0.37964,False,pass,-2.01764,231.90438,0.01709,0.02145,0.02638,0.03175,0.06218,unstable_likely,,
Rb2FeAgF3I3,False,True,1.72000,0.89750,1.76500,0.92555,0.50850,3.91282,True,Rb+1;Fe+3;Ag+1;F-1;I-1,0.69136,1.41538,0.47464,-1.67274,0.47179,2.35898,0.56229,0.38875,False,pass,-1.86861,195.87408,0.02671,0.03427,0.04187,0.05102,0.10589,unstable_likely,,
Rb2FeAgCl3Br3,False,True,1.72000,0.89750,1.88500,0.91613,0.47613,4.04653,True,Rb+1;Fe+3;Ag+1;Cl-1;Br-1,0.73364,1.02881,0.42102,-1.38176,0.19181,1.86582,0.49662,0.36434,False,pass,-1.47917,97.41445,0.10345,0.14265,0.18528,0.24221,0.58252,unstable_likely,,
Rb2FeZnF6,False,True,1.72000,0.76000,1.33000,1.03190,0.57143,3.52089,True,Rb+1;Fe+2;Zn+2;F-1,0.62650,2.51720,0.48415,-2.70569,1.55469,3.47971,0.09402,0.05891,False,pass,-2.77543,69.74100,0.16271,0.23250,0.30762,0.40514,0.76247,unstable_likely,,
Rb2FeZnCl6,False,True,1.72000,0.76000,1.81000,0.97124,0.41989,4.15247,True,Rb+1;Fe+2;Zn+2;Cl-1,0.69460,1.36642,0.47134,-1.71498,0.42939,2.30346,0.57157,0.39702,False,pass,-1.75631,41.32788,0.27175,0.39372,0.50944,0.62966,0.86215,stable_likely,,
Rb2FeZnF3Cl3,False,True,1.72000,0.76000,1.57000,0.99845,0.48408,3.83668,True,Rb+1;Fe+2;Zn+2;F-1;Cl-1,0.64406,2.14196,0.57933,-2.26897,0.99023,3.29369,0.21978,0.14155,False,pass,-2.33507,66.10149,0.17389,0.24817,0.32902,0.43224,0.77900,unstable_likely,,
Rb2FeZnF3Br3,False,True,1.72000,0.76000,1.64500,0.98936,0.46201,3.93537,True,Rb+1;Fe+2;Zn+2;F-1;Br-1,0.64141,1.71701,0.55476,-1.86202,0.61413,2.81989,0.39846,0.25558,False,pass,-2.19289,330.87137,0.00689,0.00817,0.00939,0.01076,0.01728,unstable_likely,,
Rb2FeZnF3I3,True,True,1.72000,0.76000,1.76500,0.97595,0.43059,4.09326,True,Rb+1;Fe+2;Zn+2;F-1;I-1,0.63990,1.64448,0.48423,-1.73031,0.68182,2.60714,0.47189,0.30197,False,pass,-1.99243,262.12140,0.01258,0.01534,0.01802,0.02141,0.04118,unstable_likely,,
Rb2MnBiO6,True,True,1.72000,0.74500,1.40000,1.02852,0.53214,3.63853,True,Rb+1;Mn+7;Bi+3;O-2,0.61242,1.23269,0.61522,-1.65400,0.00961,2.45576,0.46413,0.28424,False,pass,-1.64301,-10.98863,0.64659,0.76600,0.82579,0.86760,0.93902,stable_likely,,
Rb2MnBiO3S3,True,True,1.72000,0.74500,1.62000,0.99862,0.45988,3.93383,True,Rb+1;Mn+7;Bi+3;O-2;S-2,0.77482,1.69253,0.62115,-1.41800,0.45768,2.92739,0.37703,0.29213,False,pass,-1.63191,213.91274,0.02093,0.02728,0.03310,0.04032,0.08049,unstable_likely,,
Rb2MnBiO3Se3,True,True,1.72000,0.74500,1.69000,0.99024,0.44083,4.02779,True,Rb+1;Mn+7;Bi+3;O-2;Se-2,0.80200,1.52126,0.61558,-1.31366,0.29746,2.74506,0.43315,0.34739,False,pass,-1.46405,150.38706,0.04805,0.06358,0.07889,0.09902,0.22977,unstable_likely,,
Rb2MnBiO3F3,False,True,1.72000,0.78000,1.36500,1.01698,0.57143,3.53853,True,Rb+1;Mn+4;Bi+3;O-2;F-1,0.62541,1.81473,0.77893,-2.39166,0.26619,3.36326,0.29440,0.18412,False,pass,-2.37291,-18.74515,0.69871,0.79976,0.84955,0.88413,0.94476,stable_likely,,
Rb2MnBiO3Cl3,True,True,1.72000,0.78000,1.60500,0.98580,0.48598,3.84622,True,Rb+1;Mn+4;Bi+3;O-2;Cl-1,0.61805,1.55635,0.69851,-1.72390,0.16768,2.94501,0.38251,0.23641,False,pass,-1.92626,202.35686,0.02432,0.03159,0.03842,0.04685,0.09606,unstable_likely,,
Rb2MnBiO3Br3,True,True,1.72000,0.78000,1.68000,0.97730,0.46429,3.94237,True,Rb+1;Mn+4;Bi+3;O-2;Br-1,0.61417,1.42010,0.64181,-1.43178,0.14416,2.69603,0.43763,0.26878,False,pass,-1.81527,383.48522,0.00462,0.00526,0.00609,0.00672,0.01051,unstable_likely,,
Rb2MnBiO3I3,True,True,1.72000,0.78000,1.80000,0.96473,0.43333,4.09622,True,Rb+1;Mn+4;Bi+3;O-2;I-1,0.64065,1.41735,0.60597,-1.26800,0.21267,2.62203,0.45780,0.29329,False,pass,-1.64454,376.54144,0.00479,0.00569,0.00636,0.00713,0.01121,unstable_likely,,
Rb2MnBiS3F3,False,True,1.72000,0.78000,1.58500,0.98816,0.49211,3.82058,True,Rb+1;Mn+4;Bi+3;S-2;F-1,0.65742,1.53339,0.72326,-1.91483,0.09553,2.97125,0.37382,0.24576,False,pass,-1.95790,43.06908,0.26312,0.38157,0.49541,0.61663,0.85802,stable_likely,,
Rb2MnBiS3Cl3,False,True,1.72000,0.78000,1.82500,0.96226,0.42740,4.12827,True,Rb+1;Mn+4;Bi+3;S-2;Cl-1,0.72302,1.23441,0.52170,-1.40754,0.19726,2.27156,0.52405,0.37890,False,pass,-1.46882,61.28180,0.18902,0.27193,0.36010,0.46935,0.79966,unstable_likely,,
Rb2MnBiSe3F3,False,True,1.72000,0.78000,1.65500,0.98008,0.47130,3.91032,True,Rb+1;Mn+4;Bi+3;Se-2;F-1,0.64107,1.38733,0.66811,-1.66880,0.05910,2.71556,0.42606,0.27314,False,pass,-1.95716,288.36350,0.01003,0.01193,0.01364,0.01596,0.02929,unstable_likely,,
Rb2MnSbO6,True,True,1.72000,0.61000,1.40000,1.09760,0.43571,4.01514,True,Rb+1;Mn+7;Sb+3;O-2,0.70826,1.52327,0.53218,-1.84355,0.46528,2.58126,0.48768,0.34540,False,pass,-1.86071,17.16447,0.42400,0.58449,0.69306,0.77439,0.90751,stable_likely,,
Rb2MnSbO3F3,True,True,1.72000,0.71500,1.36500,1.04876,0.52381,3.64958,True,Rb+1;Mn+2;Sb+5;O-2;F-1,0.72231,2.27045,0.67355,-2.43153,0.93142,3.60948,0.18780,0.13565,False,pass,-2.50965,78.12430,0.14104,0.19912,0.26292,0.34809,0.71742,unstable_likely,,
Rb2MnSbO3Cl3,True,True,1.72000,0.71500,1.60500,1.01342,0.44548,3.98525,True,Rb+1;Mn+2;Sb+5;O-2;Cl-1,0.74034,1.73416,0.65292,-1.78992,0.43613,3.03218,0.34968,0.25888,False,pass,-2.02350,233.57758,0.01683,0.02101,0.02573,0.03114,0.06070,unstable_likely,,
Rb2MnSbO3Br3,True,True,1.72000,0.71500,1.68000,1.00383,0.42560,4.09014,True,Rb+1;Mn+2;Sb+5;O-2;Br-1,0.75729,1.53041,0.62402,-1.46657,0.28985,2.77098,0.42674,0.32317,False,pass,-1.89191,425.33741,0.00352,0.00404,0.00445,0.00484,0.00718,unstable_likely,,
Rb2MnSbS3F3,False,True,1.72000,0.71500,1.58500,1.01608,0.45110,3.95727,True,Rb+1;Mn+2;Sb+5;S-2;F-1,0.77146,1.83871,0.65133,-1.97296,0.54384,3.13358,0.32048,0.24723,False,pass,-1.94129,-31.67468,0.76931,0.84350,0.88003,0.90580,0.95281,stable_likely,,
Rb2MnSbSe3F3,False,True,1.72000,0.71500,1.65500,1.00696,0.43202,4.05518,True,Rb+1;Mn+2;Sb+5;Se-2;F-1,0.76982,1.28653,0.63867,-1.61210,0.01684,2.55622,0.45172,0.34774,False,pass,-1.92436,312.26451,0.00810,0.00967,0.01118,0.01257,0.02135,unstable_likely,,
Rb2MnCuCl6,False,True,1.72000,0.78000,1.81000,0.96374,0.43094,4.10904,True,Rb+1;Mn+2;Cu+2;Cl-1,0.60010,1.16115,0.46184,-1.72685,0.24299,2.07931,0.54271,0.32568,False,pass,-1.65560,-71.24799,0.88884,0.91910,0.93499,0.94630,0.96913,stable_likely,,
Rb2MnCuF3Cl3,False,True,1.72000,0.78000,1.57000,0.98995,0.49682,3.80135,True,Rb+1;Mn+2;Cu+2;F-1;Cl-1,0.50496,1.19739,0.58020,-2.08625,0.04393,2.35085,0.47898,0.24187,False,pass,-2.24888,162.63166,0.04094,0.05320,0.06618,0.08196,0.18466,unstable_likely,,
Rb2MnCuF3Br3,False,True,1.72000,0.78000,1.64500,0.98120,0.47416,3.89750,True,Rb+1;Mn+2;Cu+2;F-1;Br-1,0.58381,1.42040,0.56100,-1.90239,0.30511,2.53568,0.48877,0.28535,False,pass,-2.11391,211.52383,0.02154,0.02805,0.03402,0.04158,0.08327,unstable_likely,,
Rb2MnCuF3I3,True,True,1.72000,0.78000,1.76500,0.96828,0.44193,4.05135,True,Rb+1;Mn+2;Cu+2;F-1;I-1,0.59477,1.46705,0.50351,-1.80043,0.46605,2.46805,0.52650,0.31315,False,pass,-1.95955,159.11620,0.04284,0.05627,0.06929,0.08658,0.19605,unstable_likely,,
Rb2MnZnF6,False,True,1.72000,0.78500,1.33000,1.01970,0.59023,3.48761,True,Rb+1;Mn+2;Zn+2;F-1,0.56103,2.65858,0.62984,-2.80539,1.40644,3.91072,0.09765,0.05479,False,pass,-2.90390,98.50521,0.10193,0.14017,0.18168,0.23772,0.57357,unstable_likely,,
Rb2MnZnCl6,False,True,1.72000,0.78500,1.81000,0.96188,0.43370,4.09907,True,Rb+1;Mn+2;Zn+2;Cl-1,0.66794,1.66340,0.50262,-1.88323,0.66417,2.66263,0.44885,0.29981,False,pass,-1.85976,-23.46791,0.72650,0.81728,0.86166,0.89297,0.94792,stable_likely,,
Rb2MnZnF3Cl3,False,True,1.72000,0.78500,1.57000,0.98785,0.50000,3.79334,True,Rb+1;Mn+2;Zn+2;F-1;Cl-1,0.56286,2.26240,0.62524,-2.29300,1.01940,3.50539,0.18746,0.10551,False,pass,-2.45183,158.82666,0.04297,0.05646,0.06965,0.08683,0.19692,unstable_likely,,
Rb2MnZnF3Br3,False,True,1.72000,0.78500,1.64500,0.97918,0.47720,3.88888,True,Rb+1;Mn+2;Zn+2;F-1;Br-1,0.57124,1.85993,0.58494,-1.95356,0.69704,3.02282,0.32934,0.18813,False,pass,-2.30965,356.08654,0.00573,0.00658,0.00744,0.00856,0.01334,unstable_likely,,
Rb2MnZnF3I3,True,True,1.72000,0.78500,1.76500,0.96638,0.44476,4.04175,True,Rb+1;Mn+2;Zn+2;F-1;I-1,0.58267,1.82379,0.54142,-1.83187,0.74743,2.90014,0.35837,0.20881,False,pass,-2.11455,282.68251,0.01058,0.01254,0.01454,0.01697,0.03151,unstable_likely,,
Rb2MnInO6,True,True,1.72000,0.63000,1.40000,1.08678,0.45000,3.94053,True,Rb+1;Mn+7;In+3;O-2,0.86303,1.64662,0.60782,-1.93300,0.43825,2.85498,0.39948,0.34476,False,pass,-1.70435,-228.65202,0.98060,0.98297,0.98458,0.98591,0.98934,stable_likely,,
Rb2MnInO3F3,True,True,1.72000,0.66500,1.36500,1.07459,0.48718,3.77439,True,Rb+1;Mn+4;In+3;O-2;F-1,0.90402,2.14653,0.78236,-2.57659,0.59118,3.70188,0.21050,0.19029,False,pass,-2.44384,-132.75131,0.95347,0.96283,0.96822,0.97219,0.98123,stable_likely,,
Rb2MnInO3Cl3,True,True,1.72000,0.66500,1.60500,1.03574,0.41433,4.13529,True,Rb+1;Mn+4;In+3;O-2;Cl-1,0.88245,1.66025,0.66886,-1.91815,0.33054,2.98997,0.36842,0.32511,False,pass,-1.99664,78.48891,0.14022,0.19803,0.26118,0.34557,0.71549,unstable_likely,,
Rb2MnInS3F3,False,True,1.72000,0.66500,1.58500,1.03866,0.41956,4.10522,True,Rb+1;Mn+4;In+3;S-2;F-1,0.91488,1.87973,0.66299,-2.10356,0.56167,3.19778,0.30427,0.27837,False,pass,-2.01789,-85.66795,0.91157,0.93438,0.94599,0.95508,0.97294,stable_likely,,
Rb2MnGaO3F3,True,True,1.72000,0.57500,1.36500,1.12445,0.42125,4.10393,True,Rb+1;Mn+4;Ga+3;O-2;F-1,0.92099,2.13800,0.77960,-2.58082,0.58813,3.68788,0.21286,0.19604,False,pass,-2.51678,-64.04001,0.87446,0.90915,0.92783,0.94155,0.96687,stable_likely,,
Rb2BiAgF6,False,True,1.72000,1.09000,1.33000,0.89119,0.81955,3.67956,True,Rb+1;Bi+3;Ag+1;F-1,0.91443,2.28462,0.32417,-2.50358,1.64017,2.92908,0.10086,0.09223,False,pass,-2.55932,55.74367,0.20779,0.30212,0.39774,0.51412,0.81984,known_mp,16.62725,"{'identifier': 'mp-aaaclfes', 'suffix': 'GGA', 'separator': '-'}"
Rb2BiAgCl6,False,True,1.72000,1.09000,1.81000,0.86072,0.60221,4.11992,True,Rb+1;Bi+3;Ag+1;Cl-1,0.92426,1.78848,0.35839,-1.62889,1.07599,2.50098,0.44092,0.40752,False,pass,-1.66604,37.15286,0.29412,0.42407,0.54434,0.66021,0.87189,known_mp,0.00000,"{'identifier': 'mp-aaaclffm', 'suffix': 'GGA', 'separator': '-'}"
Rb2BiAgF3Cl3,False,True,1.72000,1.09000,1.57000,0.87458,0.69427,3.89974,True,Rb+1;Bi+3;Ag+1;F-1;Cl-1,0.91009,1.84443,0.47246,-2.18341,0.90517,2.78369,0.36808,0.33498,False,pass,-2.17832,-5.08927,0.60255,0.73491,0.80487,0.85304,0.93378,stable_likely,,
Rb2BiAgF3Br3,False,True,1.72000,1.09000,1.64500,0.86999,0.66261,3.96855,True,Rb+1;Bi+3;Ag+1;F-1;Br-1,0.92375,1.69545,0.46810,-1.74758,0.76485,2.62605,0.45316,0.41860,False,pass,-2.06840,320.82256,0.00745,0.00903,0.01024,0.01173,0.01929,unstable_likely,,
Rb2BiAgF3I3,False,True,1.72000,1.09000,1.76500,0.86314,0.61756,4.07864,True,Rb+1;Bi+3;Ag+1;F-1;I-1,0.91725,1.54955,0.43688,-1.59611,0.68101,2.41809,0.55587,0.50988,False,pass,-1.89927,303.16411,0.00885,0.01054,0.01193,0.01372,0.02407,unstable_likely,,
Rb2SbCuO3F3,True,True,1.72000,0.66500,1.36500,1.07459,0.48718,3.77439,True,Rb+1;Sb+5;Cu+2;O-2;F-1,0.63865,1.52312,0.51479,-2.28064,0.49969,2.54655,0.50152,0.32030,False,pass,-2.22444,-56.20465,0.85617,0.89745,0.91904,0.93495,0.96424,stable_likely,,
Rb2SbCuO3Cl3,True,True,1.72000,0.66500,1.60500,1.03574,0.41433,4.13529,True,Rb+1;Sb+5;Cu+2;O-2;Cl-1,0.50980,1.04243,0.55166,-1.60198,-0.05429,2.13916,0.44446,0.22659,False,pass,-1.78320,181.21528,0.03201,0.04171,0.05084,0.06286,0.13403,unstable_likely,,
Rb2SbCuS3F3,False,True,1.72000,0.66500,1.58500,1.03866,0.41956,4.10522,True,Rb+1;Sb+5;Cu+2;S-2;F-1,0.67095,1.21537,0.56219,-1.81326,0.09773,2.33302,0.49257,0.33049,False,pass,-1.75771,-55.54928,0.85440,0.89645,0.91824,0.93427,0.96398,stable_likely,,
Rb2SbAgF6,False,True,1.72000,0.95500,1.33000,0.94384,0.71805,3.45376,True,Rb+1;Sb+3;Ag+1;F-1,0.92979,1.93009,0.37404,-2.42684,1.18649,2.67369,0.32098,0.29845,False,pass,-2.59182,164.98371,0.03964,0.05167,0.06396,0.07928,0.17731,known_mp,78.02773,"{'identifier': 'mp-aaaclfep', 'suffix': 'GGA', 'separator': '-'}"
Rb2SbAgCl6,False,True,1.72000,0.95500,1.81000,0.90274,0.52762,3.95638,True,Rb+1;Sb+3;Ag+1;Cl-1,0.94924,1.49084,0.35541,-1.57794,0.78428,2.19741,0.66940,0.63541,False,pass,-1.61683,38.88723,0.28472,0.41125,0.52903,0.64765,0.86790,known_mp,0.00000,"{'identifier': 'mp-aaaclfff', 'suffix': 'GGA', 'separator': '-'}"
Rb2SbAgBr6,False,True,1.72000,0.95500,1.96000,0.89268,0.48724,4.11344,True,Rb+1;Sb+3;Ag+1;Br-1,0.94474,1.10072,0.28795,-1.33293,0.52827,1.67316,0.62635,0.59174,False,pass,-1.38793,54.99681,0.21051,0.30630,0.40316,0.52014,0.82263,known_mp,20.61370,"{'identifier': 'mp-aaaclffg', 'suffix': 'GGA', 'separator': '-'}"
Rb2SbAgF3Cl3,False,True,1.72000,0.95500,1.57000,0.92134,0.60828,3.70507,True,Rb+1;Sb+3;Ag+1;F-1;Cl-1,0.92217,1.70396,0.46786,-2.14845,0.77385,2.63407,0.44919,0.41423,False,pass,-2.14888,0.43406,0.55832,0.70357,0.78186,0.83720,0.92843,stable_likely,,
Rb2SbAgF3Br3,False,True,1.72000,0.95500,1.64500,0.91516,0.58055,3.78360,True,Rb+1;Sb+3;Ag+1;F-1;Br-1,0.94417,1.47194,0.46931,-1.74694,0.53893,2.40495,0.55571,0.52468,False,pass,-2.03947,292.52727,0.00963,0.01160,0.01315,0.01531,0.02777,unstable_likely,,
Rb2SbAgF3I3,False,True,1.72000,0.95500,1.76500,0.90598,0.54108,3.90926,True,Rb+1;Sb+3;Ag+1;F-1;I-1,0.93983,1.35530,0.44853,-1.63862,0.46360,2.24700,0.59183,0.55622,False,pass,-1.87288,234.26131,0.01668,0.02088,0.02555,0.03090,0.06022,unstable_likely,,
Rb2SbAgCl3Br3,False,True,1.72000,0.95500,1.88500,0.89758,0.50663,4.03491,True,Rb+1;Sb+3;Ag+1;Cl-1;Br-1,0.96403,1.40970,0.39718,-1.29861,0.62009,2.19931,0.64272,0.61961,False,pass,-1.50256,203.95272,0.02385,0.03102,0.03770,0.04580,0.09377,unstable_likely,,
Rb2SbAgCl3I3,True,True,1.72000,0.95500,2.00500,0.88986,0.47631,4.16056,True,Rb+1;Sb+3;Ag+1;Cl-1;I-1,0.96249,1.46263,0.30773,-1.17550,0.85086,2.07440,0.74164,0.71383,False,pass,-1.34129,165.78588,0.03924,0.05107,0.06318,0.07825,0.17486,unstable_likely,,
Rb2SbZnO3F3,True,True,1.72000,0.67000,1.36500,1.07195,0.49084,3.76022,True,Rb+1;Sb+5;Zn+2;O-2;F-1,0.83382,3.30173,0.64353,-2.49994,2.02237,4.58108,0.02979,0.02484,False,pass,-2.42272,-77.22248,0.89897,0.92592,0.94000,0.95019,0.97082,stable_likely,,
Rb2SbZnO3Cl3,True,True,1.72000,0.67000,1.60500,1.03346,0.41745,4.11843,True,Rb+1;Sb+5;Zn+2;O-2;Cl-1,0.74978,2.32764,0.72428,-1.66822,0.88775,3.76753,0.17632,0.13220,False,pass,-2.00273,334.50686,0.00667,0.00797,0.00914,0.01039,0.01666,unstable_likely,,
Rb2SbZnS3F3,False,True,1.72000,0.67000,1.58500,1.03636,0.42271,4.08858,True,Rb+1;Sb+5;Zn+2;S-2;F-1,0.85210,2.66836,0.67304,-1.93211,1.33033,4.00638,0.10213,0.08702,False,pass,-1.88129,-50.82042,0.84093,0.88815,0.91182,0.92970,0.96203,stable_likely,,
Rb2AgInF6,False,True,1.72000,0.97500,1.33000,0.93565,0.73308,3.47188,True,Rb+1;Ag+1;In+3;F-1,0.73181,1.70522,0.59324,-2.51345,0.52584,2.88460,0.38530,0.28197,False,pass,-2.62308,109.63140,0.08592,0.11710,0.14937,0.19432,0.48244,known_mp,0.00000,"{'identifier': 'mp-aaaclexs', 'suffix': 'GGA', 'separator': '-'}"
Rb2AgInCl6,False,True,1.72000,0.97500,1.81000,0.89626,0.53867,3.96418,True,Rb+1;Ag+1;In+3;Cl-1,0.66913,1.21829,0.42629,-1.61811,0.37081,2.06578,0.59183,0.39601,False,pass,-1.71253,94.42382,0.10849,0.14984,0.19502,0.25668,0.60598,known_mp,0.00000,"{'identifier': 'mp-aaaclgle', 'suffix': 'GGA', 'separator': '-'}"
Rb2AgInBr6,False,True,1.72000,0.97500,1.96000,0.88659,0.49745,4.11803,True,Rb+1;Ag+1;In+3;Br-1,0.52128,0.55011,0.36395,-1.37002,-0.17342,1.27365,0.12196,0.06358,False,pass,-1.46931,99.29225,0.10077,0.13832,0.17926,0.23429,0.56744,known_mp,30.51795,"{'identifier': 'mp-aaaclgov', 'suffix': 'GGA', 'separator': '-'}"
Rb2AgInF3Cl3,False,True,1.72000,0.97500,1.57000,0.91410,0.62102,3.71803,True,Rb+1;Ag+1;In+3;F-1;Cl-1,0.66925,1.45065,0.56959,-2.24546,0.31828,2.58302,0.47730,0.31943,False,pass,-2.20242,-43.03746,0.81580,0.87220,0.90054,0.92139,0.95867,stable_likely,,
Rb2AgInF3Br3,False,True,1.72000,0.97500,1.64500,0.90817,0.59271,3.79495,True,Rb+1;Ag+1;In+3;F-1;Br-1,0.64469,1.31438,0.57209,-1.79521,0.17706,2.45171,0.49342,0.31810,False,pass,-2.09130,296.08698,0.00936,0.01129,0.01272,0.01477,0.02667,unstable_likely,,
Rb2AgInF3I3,False,True,1.72000,0.97500,1.76500,0.89937,0.55241,3.91803,True,Rb+1;Ag+1;In+3;F-1;I-1,0.62092,1.19287,0.51052,-1.67245,0.17794,2.20781,0.52178,0.32398,False,pass,-1.92525,252.80027,0.01381,0.01696,0.02003,0.02418,0.04645,unstable_likely,,
Rb2AgInCl3Br3,False,True,1.72000,0.97500,1.88500,0.89130,0.51724,4.04111,True,Rb+1;Ag+1;In+3;Cl-1;Br-1,0.63575,1.20494,0.44177,-1.44980,0.32670,2.08319,0.57562,0.36595,False,pass,-1.59092,141.12303,0.05446,0.07237,0.09041,0.11435,0.27259,unstable_likely,,
Rb2AgInCl3I3,False,True,1.72000,0.97500,2.00500,0.88388,0.48628,4.16418,True,Rb+1;Ag+1;In+3;Cl-1;I-1,0.63039,1.15675,0.38787,-1.27456,0.38566,1.92785,0.59571,0.37553,False,pass,-1.42659,152.03348,0.04704,0.06204,0.07664,0.09652,0.22245,unstable_likely,,
Rb2AgGaF6,False,True,1.72000,0.88500,1.33000,0.97367,0.66541,3.42762,True,Rb+1;Ag+1;Ga+3;F-1,0.73425,2.07833,0.60271,-2.56448,0.88012,3.27654,0.23987,0.17613,False,pass,-2.69804,133.56279,0.06070,0.08095,0.10186,0.12925,0.31441,known_mp,0.00000,"{'identifier': 'mp-aaaclext', 'suffix': 'GGA', 'separator': '-'}"
Rb2AgGaCl6,False,True,1.72000,0.88500,1.81000,0.92619,0.48895,3.96999,True,Rb+1;Ag+1;Ga+3;Cl-1,0.66411,1.36584,0.47703,-1.63065,0.41749,2.31419,0.56642,0.37617,False,pass,-1.74909,118.44306,0.07512,0.10197,0.12948,0.16637,0.41460,known_mp,61.87965,"{'identifier': 'mp-aaaclgeu', 'suffix': 'GGA', 'separator': '-'}"
Rb2AgGaBr6,False,True,1.72000,0.88500,1.96000,0.91464,0.45153,4.13948,True,Rb+1;Ag+1;Ga+3;Br-1,0.54833,0.62864,0.36980,-1.33594,-0.10653,1.36381,0.16534,0.09066,False,pass,-1.48380,147.85940,0.04974,0.06590,0.08168,0.10289,0.24037,known_mp,85.56759,"{'identifier': 'mp-aaaclgox', 'suffix': 'GGA', 'separator': '-'}"
Rb2AgGaF3Cl3,False,True,1.72000,0.88500,1.57000,0.94761,0.56369,3.69881,True,Rb+1;Ag+1;Ga+3;F-1;Cl-1,0.70307,1.68175,0.63395,-2.22237,0.42143,2.94207,0.37559,0.26407,False,pass,-2.23730,14.93326,0.44137,0.60237,0.70669,0.78411,0.91066,stable_likely,,
Rb2AgGaF3Br3,False,True,1.72000,0.88500,1.64500,0.94048,0.53799,3.78355,True,Rb+1;Ag+1;Ga+3;F-1;Br-1,0.69303,1.45293,0.60249,-1.75169,0.25515,2.65070,0.45400,0.31463,False,pass,-2.11800,366.30666,0.00517,0.00616,0.00688,0.00787,0.01216,unstable_likely,,
Rb2AgGaF3I3,True,True,1.72000,0.88500,1.76500,0.92991,0.50142,3.91915,True,Rb+1;Ag+1;Ga+3;F-1;I-1,0.64420,1.19260,0.53322,-1.62781,0.13254,2.25265,0.50709,0.32667,False,pass,-1.94612,318.31441,0.00769,0.00919,0.01053,0.01193,0.01990,unstable_likely,,
Rb2AgGaCl3Br3,False,True,1.72000,0.88500,1.88500,0.92026,0.46950,4.05474,True,Rb+1;Ag+1;Ga+3;Cl-1;Br-1,0.63569,1.20697,0.47745,-1.40453,0.25778,2.15616,0.54819,0.34848,False,pass,-1.63304,228.50942,0.01773,0.02240,0.02741,0.03326,0.06532,unstable_likely,,
Cs2SnVO3F3,True,True,1.88000,0.66500,1.36500,1.13033,0.48718,3.77295,True,Cs+1;Sn+4;V+3;O-2;F-1,0.91750,3.13230,0.86429,-2.58397,1.41406,4.85054,0.06853,0.06288,False,pass,-2.64499,61.01586,0.18981,0.27315,0.36193,0.47140,0.80062,unstable_likely,,
Cs2SnVO3Cl3,True,True,1.88000,0.66500,1.60500,1.08558,0.41433,4.13386,True,Cs+1;Sn+4;V+3;O-2;Cl-1,0.91543,2.56049,0.75091,-2.02715,1.06765,4.05333,0.12745,0.11667,False,pass,-2.21683,189.68411,0.02888,0.03734,0.04533,0.05576,0.11698,unstable_likely,,
Cs2SnVS3F3,False,True,1.88000,0.66500,1.58500,1.08894,0.41956,4.10378,True,Cs+1;Sn+4;V+3;S-2;F-1,0.92053,2.37656,0.83353,-2.06439,0.71948,4.03364,0.16796,0.15461,False,pass,-2.05520,-9.18914,0.63352,0.75709,0.81953,0.86325,0.93749,stable_likely,,
Cs2SnNbO3F3,True,True,1.88000,0.70500,1.36500,1.10848,0.51648,3.65496,True,Cs+1;Sn+4;Nb+3;O-2;F-1,0.91541,3.49355,0.92542,-2.58837,1.65379,5.33331,0.04600,0.04211,False,pass,-2.80790,219.52934,0.01964,0.02541,0.03074,0.03741,0.07390,unstable_likely,,
Cs2SnNbO3Cl3,True,True,1.88000,0.70500,1.60500,1.06678,0.43925,3.99538,True,Cs+1;Sn+4;Nb+3;O-2;Cl-1,0.92408,2.73894,0.68850,-2.11810,1.37018,4.10770,0.09470,0.08751,False,pass,-2.36513,247.02827,0.01464,0.01805,0.02144,0.02634,0.05034,unstable_likely,,
Cs2SnNbO3Br3,True,True,1.88000,0.70500,1.68000,1.05547,0.41964,4.10177,True,Cs+1;Sn+4;Nb+3;O-2;Br-1,0.91471,2.30281,0.63051,-1.67044,1.04933,3.55628,0.17387,0.15904,False,pass,-2.24249,572.04535,0.00164,0.00175,0.00191,0.00205,0.00267,unstable_likely,,
Cs2SnNbS3F3,False,True,1.88000,0.70500,1.58500,1.06992,0.44479,3.96701,True,Cs+1;Sn+4;Nb+3;S-2;F-1,0.92489,2.37939,0.81409,-2.09363,0.76095,3.99783,0.16745,0.15488,False,pass,-2.09553,1.89805,0.54648,0.69487,0.77552,0.83262,0.92673,stable_likely,,
Cs2SnNbSe3F3,False,True,1.88000,0.70500,1.65500,1.05916,0.42598,4.06631,True,Cs+1;Sn+4;Nb+3;Se-2;F-1,0.90772,1.78015,0.79759,-1.83166,0.19453,3.36578,0.29710,0.26968,False,pass,-2.05103,219.37145,0.01968,0.02547,0.03086,0.03745,0.07412,unstable_likely,,
Cs2SnTaO3F3,True,True,1.88000,0.70500,1.36500,1.10848,0.51648,3.65496,True,Cs+1;Sn+4;Ta+3;O-2;F-1,0.92931,3.45632,0.91133,-2.62519,1.64457,5.26807,0.04684,0.04353,False,pass,-2.91693,291.73815,0.00971,0.01167,0.01327,0.01539,0.02799,unstable_likely,,
Cs2SnTaO3Cl3,True,True,1.88000,0.70500,1.60500,1.06678,0.43925,3.99538,True,Cs+1;Sn+4;Ta+3;O-2;Cl-1,0.92831,2.99417,0.76021,-2.17891,1.48285,4.50549,0.07022,0.06519,False,pass,-2.47279,293.87547,0.00951,0.01146,0.01294,0.01512,0.02731,unstable_likely,,
Cs2SnTaO3Br3,True,True,1.88000,0.70500,1.68000,1.05547,0.41964,4.10177,True,Cs+1;Sn+4;Ta+3;O-2;Br-1,0.92665,2.61402,0.71667,-1.76635,1.18925,4.03879,0.11639,0.10785,False,pass,-2.35014,583.79255,0.00159,0.00170,0.00180,0.00198,0.00256,unstable_likely,,
Cs2SnTaS3F3,False,True,1.88000,0.70500,1.58500,1.06992,0.44479,3.96701,True,Cs+1;Sn+4;Ta+3;S-2;F-1,0.93513,2.60343,0.80025,-2.11160,1.01249,4.19436,0.12525,0.11713,False,pass,-2.12520,13.60377,0.45157,0.61249,0.71489,0.78957,0.91267,stable_likely,,
Cs2SnTaSe3F3,False,True,1.88000,0.70500,1.65500,1.05916,0.42598,4.06631,True,Cs+1;Sn+4;Ta+3;Se-2;F-1,0.91734,2.26605,0.81775,-1.90312,0.64033,3.89177,0.18577,0.17041,False,pass,-2.02696,123.83853,0.06964,0.09391,0.11887,0.15146,0.37637,unstable_likely,,
Cs2SnCrO3F3,True,True,1.88000,0.65250,1.36500,1.13733,0.47802,3.81467,True,Cs+1;Sn+4;Cr+3;O-2;F-1,0.88554,2.94819,0.74956,-2.50066,1.45805,4.43833,0.07368,0.06525,False,pass,-2.60300,102.33588,0.09607,0.13162,0.17007,0.22116,0.54281,unstable_likely,,
Cs2SnCrS3F3,False,True,1.88000,0.65250,1.58500,1.09503,0.41167,4.15184,True,Cs+1;Sn+4;Cr+3;S-2;F-1,0.89790,2.20187,0.69479,-1.96979,0.82060,3.58315,0.20248,0.18181,False,pass,-1.97047,0.68307,0.55629,0.70213,0.78075,0.83636,0.92818,stable_likely,,
Cs2SnMoO6,True,True,1.88000,0.64000,1.40000,1.13692,0.45714,3.91357,True,Cs+1;Sn+4;Mo+6;O-2,0.92925,3.29703,0.71377,-2.02454,1.87802,4.71603,0.03942,0.03663,False,pass,-2.17750,152.96374,0.04640,0.06122,0.07556,0.09508,0.21875,unstable_likely,,
Cs2SnWO6,True,True,1.88000,0.64500,1.40000,1.13414,0.46071,3.89516,True,Cs+1;Sn+4;W+6;O-2,0.89256,3.22307,0.70765,-2.02496,1.81624,4.62990,0.04313,0.03850,False,pass,-2.21128,186.31546,0.03008,0.03896,0.04746,0.05830,0.12369,unstable_likely,,
Cs2SnFeO3F3,True,True,1.88000,0.66750,1.36500,1.12894,0.48901,3.76490,True,Cs+1;Sn+4;Fe+3;O-2;F-1,0.85514,2.64893,0.66710,-2.41009,1.32272,3.97515,0.10491,0.08971,False,pass,-2.45158,41.48945,0.27099,0.39265,0.50814,0.62841,0.86176,stable_likely,,
Cs2SnFeO3Cl3,True,True,1.88000,0.66750,1.60500,1.08439,0.41589,4.12445,True,Cs+1;Sn+4;Fe+3;O-2;Cl-1,0.84385,1.90978,0.66400,-1.79544,0.58973,3.22983,0.29271,0.24700,False,pass,-2.00997,214.53003,0.02078,0.02708,0.03282,0.03989,0.07977,unstable_likely,,
Cs2SnFeS3F3,False,True,1.88000,0.66750,1.58500,1.08774,0.42114,4.09449,True,Cs+1;Sn+4;Fe+3;S-2;F-1,0.87948,1.92108,0.63062,-1.92587,0.66738,3.17478,0.29456,0.25906,False,pass,-1.91824,-7.62916,0.62183,0.74861,0.81441,0.85971,0.93604,stable_likely,,
Cs2SnBiO3F3,True,True,1.88000,0.86000,1.36500,1.03126,0.63004,3.38233,True,Cs+1;Sn+4;Bi+3;O-2;F-1,0.89973,3.22929,0.72290,-2.45913,1.79213,4.66645,0.04524,0.04070,False,pass,-2.45029,-8.83709,0.63078,0.75505,0.81850,0.86249,0.93713,stable_likely,,
Cs2SnBiO3Cl3,True,True,1.88000,0.86000,1.60500,0.99970,0.53583,3.66140,True,Cs+1;Sn+4;Bi+3;O-2;Cl-1,0.86743,2.00124,0.65921,-1.60141,0.69070,3.31178,0.26334,0.22843,False,pass,-2.04347,442.06107,0.00319,0.00362,0.00398,0.00440,0.00634,unstable_likely,,
Cs2SnBiO3Br3,True,True,1.88000,0.86000,1.68000,0.99106,0.51190,3.74861,True,Cs+1;Sn+4;Bi+3;O-2;Br-1,0.87306,2.00463,0.66824,-1.18024,0.67615,3.33311,0.26114,0.22799,False,pass,-1.91155,731.31498,0.00081,0.00089,0.00090,0.00097,0.00126,unstable_likely,,
Cs2SnBiO3I3,True,True,1.88000,0.86000,1.80000,0.97825,0.47778,3.88814,True,Cs+1;Sn+4;Bi+3;O-2;I-1,0.87480,1.74925,0.58495,-1.07967,0.58636,2.91214,0.37053,0.32414,False,pass,-1.72482,645.14815,0.00117,0.00129,0.00136,0.00147,0.00184,unstable_likely,,
Cs2SnBiS3F3,False,True,1.88000,0.86000,1.58500,1.00210,0.54259,3.63814,True,Cs+1;Sn+4;Bi+3;S-2;F-1,0.91722,2.45376,0.71232,-1.65906,1.03765,3.86987,0.14543,0.13339,False,pass,-1.88803,228.96890,0.01762,0.02227,0.02727,0.03308,0.06486,unstable_likely,,
Cs2SnBiS3Cl3,False,True,1.88000,0.86000,1.82500,0.97573,0.47123,3.91721,True,Cs+1;Sn+4;Bi+3;S-2;Cl-1,0.91279,2.24452,0.54782,-1.27412,1.15542,3.33361,0.18307,0.16710,False,pass,-1.44302,168.90294,0.03772,0.04901,0.06052,0.07461,0.16497,unstable_likely,,
Cs2SnBiS3Br3,False,True,1.88000,0.86000,1.90000,0.96843,0.45263,4.00442,True,Cs+1;Sn+4;Bi+3;S-2;Br-1,0.93421,1.91160,0.36622,-1.12283,1.18355,2.63965,0.33550,0.31343,False,pass,-1.31111,188.27686,0.02929,0.03799,0.04626,0.05680,0.11992,unstable_likely,,
Cs2SnBiS3I3,True,True,1.88000,0.86000,2.02000,0.95754,0.42574,4.14395,True,Cs+1;Sn+4;Bi+3;S-2;I-1,0.94024,1.41744,0.32085,-0.98545,0.77959,2.05530,0.73211,0.68836,False,pass,-1.12437,138.92003,0.05639,0.07456,0.09381,0.11868,0.28451,unstable_likely,,
Cs2SnBiSe3F3,False,True,1.88000,0.86000,1.65500,0.99389,0.51964,3.71954,True,Cs+1;Sn+4;Bi+3;Se-2;F-1,0.92031,1.79799,0.55586,-1.42857,0.69293,2.90305,0.36301,0.33409,False,pass,-1.89037,461.80087,0.00285,0.00319,0.00348,0.00382,0.00540,unstable_likely,,
Cs2SnBiSe3Cl3,False,True,1.88000,0.86000,1.89500,0.96890,0.45383,3.99861,True,Cs+1;Sn+4;Bi+3;Se-2;Cl-1,0.93352,2.07619,0.48822,-1.14681,1.10560,3.04678,0.24029,0.22432,False,pass,-1.43037,283.56034,0.01051,0.01246,0.01443,0.01685,0.03114,unstable_likely,,
Cs2SnBiSe3Br3,False,True,1.88000,0.86000,1.97000,0.96197,0.43655,4.08582,True,Cs+1;Sn+4;Bi+3;Se-2;Br-1,0.92022,1.48528,0.33149,-1.17244,0.82627,2.14429,0.70147,0.64550,False,pass,-1.29845,126.01425,0.06747,0.09057,0.11455,0.14606,0.36193,unstable_likely,,
Cs2SnSbO3F3,True,True,1.88000,0.72500,1.36500,1.09788,0.53114,3.60416,True,Cs+1;Sn+4;Sb+3;O-2;F-1,0.94397,3.52369,0.71660,-2.47768,2.09906,4.94832,0.02524,0.02382,False,pass,-2.46005,-17.62893,0.69167,0.79509,0.84613,0.88185,0.94397,stable_likely,,
Cs2SnSbO3Cl3,True,True,1.88000,0.72500,1.60500,1.05763,0.45171,3.93520,True,Cs+1;Sn+4;Sb+3;O-2;Cl-1,0.92575,1.99943,0.71995,-1.67950,0.56814,3.43073,0.25616,0.23714,False,pass,-2.02464,345.14383,0.00620,0.00720,0.00825,0.00943,0.01493,unstable_likely,,
Cs2SnSbO3Br3,True,True,1.88000,0.72500,1.68000,1.04669,0.43155,4.03864,True,Cs+1;Sn+4;Sb+3;O-2;Br-1,0.92879,2.01426,0.64651,-1.20126,0.72897,3.29954,0.25996,0.24145,False,pass,-1.90069,699.43430,0.00090,0.00097,0.00103,0.00113,0.00143,unstable_likely,,
Cs2SnSbS3F3,False,True,1.88000,0.72500,1.58500,1.06066,0.45741,3.90761,True,Cs+1;Sn+4;Sb+3;S-2;F-1,0.95143,2.34122,0.66171,-1.72797,1.02571,3.65672,0.16737,0.15924,False,pass,-1.87634,148.37292,0.04936,0.06543,0.08115,0.10212,0.23825,unstable_likely,,
Cs2SnSbSe3F3,False,True,1.88000,0.72500,1.65500,1.05026,0.43807,4.00416,True,Cs+1;Sn+4;Sb+3;Se-2;F-1,0.95037,1.64427,0.61413,-1.45512,0.42335,2.86518,0.39737,0.37764,False,pass,-1.85549,400.36847,0.00416,0.00468,0.00519,0.00599,0.00908,unstable_likely,,
Cs2SnInO3F3,True,True,1.88000,0.74500,1.36500,1.08747,0.54579,3.55842,True,Cs+1;Sn+4;In+3;O-2;F-1,0.94345,3.11169,0.80163,-2.54488,1.51802,4.70535,0.06330,0.05972,False,pass,-2.52067,-24.20898,0.73037,0.81962,0.86332,0.89423,0.94847,stable_likely,,
Cs2SnInO3Cl3,True,True,1.88000,0.74500,1.60500,1.04862,0.46417,3.88057,True,Cs+1;Sn+4;In+3;O-2;Cl-1,0.93532,2.25196,0.71670,-1.67001,0.82713,3.67679,0.19159,0.17920,False,pass,-2.09432,424.31423,0.00354,0.00408,0.00446,0.00486,0.00724,unstable_likely,,
Cs2SnInO3Br3,True,True,1.88000,0.74500,1.68000,1.03806,0.44345,3.98124,True,Cs+1;Sn+4;In+3;O-2;Br-1,0.93616,2.02361,0.70247,-1.35909,0.62707,3.42016,0.24966,0.23372,False,pass,-1.95232,593.22558,0.00148,0.00164,0.00173,0.00187,0.00241,unstable_likely,,
Cs2SnInO3I3,True,True,1.88000,0.74500,1.80000,1.02246,0.41389,4.14231,True,Cs+1;Sn+4;In+3;O-2;I-1,0.94043,1.93685,0.61970,-1.26641,0.70486,3.16884,0.29245,0.27503,False,pass,-1.77595,509.54438,0.00218,0.00244,0.00265,0.00286,0.00390,unstable_likely,,
Cs2SnInS3F3,False,True,1.88000,0.74500,1.58500,1.05156,0.47003,3.85372,True,Cs+1;Sn+4;In+3;S-2;F-1,0.95590,2.95501,0.78815,-1.90503,1.38814,4.52188,0.07951,0.07600,False,pass,-1.96010,55.06741,0.21029,0.30598,0.40261,0.51959,0.82236,stable_likely,,
Cs2SnInS3Cl3,False,True,1.88000,0.74500,1.82500,1.01939,0.40822,4.17587,True,Cs+1;Sn+4;In+3;S-2;Cl-1,0.97021,2.36658,0.54028,-1.42297,1.29249,3.44068,0.14517,0.14085,False,pass,-1.48140,58.42517,0.19824,0.28709,0.37904,0.49245,0.81063,unstable_likely,,
Cs2SnInSe3F3,False,True,1.88000,0.74500,1.65500,1.04151,0.45015,3.94768,True,Cs+1;Sn+4;In+3;Se-2;F-1,0.95486,2.03017,0.77604,-1.51398,0.48737,3.57297,0.24029,0.22945,False,pass,-1.93732,423.33998,0.00357,0.00409,0.00450,0.00492,0.00732,unstable_likely,,
Cs2SnGaO3F3,True,True,1.88000,0.65500,1.36500,1.13592,0.47985,3.80613,True,Cs+1;Sn+4;Ga+3;O-2;F-1,0.94482,3.35949,0.76554,-2.57114,1.83757,4.88142,0.04110,0.03884,False,pass,-2.58872,17.57834,0.42106,0.58129,0.69040,0.77264,0.90677,stable_likely,,
Cs2SnGaO3Cl3,True,True,1.88000,0.65500,1.60500,1.09038,0.40810,4.17255,True,Cs+1;Sn+4;Ga+3;O-2;Cl-1,0.93498,3.09660,0.78859,-1.73427,1.52885,4.66435,0.06271,0.05863,False,pass,-2.15045,416.17635,0.00371,0.00426,0.00467,0.00517,0.00787,unstable_likely,,
Cs2SnGaS3F3,False,True,1.88000,0.65500,1.58500,1.09381,0.41325,4.14201,True,Cs+1;Sn+4;Ga+3;S-2;F-1,0.95722,3.38552,0.73782,-1.95339,1.91871,4.85233,0.03663,0.03506,False,pass,-1.99799,44.59537,0.25574,0.37133,0.48279,0.60479,0.85397,stable_likely,,
Cs2GeVO3F3,True,True,1.88000,0.58500,1.36500,1.17670,0.42857,4.08615,True,Cs+1;Ge+4;V+3;O-2;F-1,0.89927,3.26672,0.90853,-2.56355,1.46052,5.07291,0.06204,0.05579,False,pass,-2.64059,77.03939,0.14352,0.20282,0.26803,0.35521,0.72367,unstable_likely,,
Cs2GeNbO3F3,True,True,1.88000,0.62500,1.36500,1.15305,0.45788,3.91538,True,Cs+1;Ge+4;Nb+3;O-2;F-1,0.89665,3.53460,0.94823,-2.57262,1.64948,5.41973,0.04575,0.04102,False,pass,-2.79188,219.26313,0.01971,0.02555,0.03090,0.03754,0.07422,unstable_likely,,
Cs2GeTaO3F3,True,True,1.88000,0.62500,1.36500,1.15305,0.45788,3.91538,True,Cs+1;Ge+4;Ta+3;O-2;F-1,0.93247,3.18063,0.85148,-2.62973,1.48786,4.87340,0.06305,0.05879,False,pass,-2.90124,271.50927,0.01171,0.01397,0.01636,0.01912,0.03641,unstable_likely,,
Cs2GeCrO3F3,True,True,1.88000,0.57250,1.36500,1.18429,0.41941,4.14610,True,Cs+1;Ge+4;Cr+3;O-2;F-1,0.86418,3.14957,0.78956,-2.47739,1.57989,4.71925,0.05798,0.05011,False,pass,-2.59860,121.20941,0.07232,0.09768,0.12392,0.15872,0.39453,unstable_likely,,
Cs2GeFeF6,False,True,1.88000,0.75500,1.33000,1.08864,0.56767,3.49100,True,Cs+1;Ge+2;Fe+2;F-1,0.86743,3.18191,0.74665,-2.78563,1.69754,4.66628,0.05089,0.04415,False,pass,-2.75795,-27.68409,0.74889,0.83141,0.87148,0.89977,0.95048,stable_likely,,
Cs2GeFeCl6,False,True,1.88000,0.75500,1.81000,1.01724,0.41713,4.12676,True,Cs+1;Ge+2;Fe+2;Cl-1,0.84218,0.98466,0.56078,-1.66008,-0.13019,2.09951,0.41788,0.35193,False,pass,-1.68037,20.29160,0.40113,0.55941,0.67303,0.75968,0.90292,stable_likely,,
Cs2GeFeO3F3,True,True,1.88000,0.58750,1.36500,1.17519,0.43040,4.07455,True,Cs+1;Ge+4;Fe+3;O-2;F-1,0.83551,2.76915,0.68633,-2.42160,1.40471,4.13358,0.08938,0.07468,False,pass,-2.44246,20.85671,0.39690,0.55506,0.66939,0.75684,0.90210,stable_likely,,
Cs2GeFeF3Cl3,False,True,1.88000,0.75500,1.57000,1.04926,0.48089,3.80888,True,Cs+1;Ge+2;Fe+2;F-1;Cl-1,0.86205,2.29338,0.71268,-2.17752,0.87655,3.71020,0.18315,0.15789,False,pass,-2.25713,79.60604,0.13778,0.19444,0.25568,0.33830,0.70875,unstable_likely,,
Cs2GeFeF3Br3,False,True,1.88000,0.75500,1.64500,1.03856,0.45897,3.90822,True,Cs+1;Ge+2;Fe+2;F-1;Br-1,0.87467,1.66972,0.69003,-1.83673,0.29792,3.04153,0.35728,0.31250,False,pass,-2.12888,292.15467,0.00967,0.01164,0.01319,0.01533,0.02782,unstable_likely,,
Cs2GeFeF3I3,True,True,1.88000,0.75500,1.76500,1.02278,0.42776,4.06716,True,Cs+1;Ge+2;Fe+2;F-1;I-1,0.88080,1.68665,0.69866,-1.73859,0.29770,3.07560,0.35027,0.30852,False,pass,-1.93969,201.09911,0.02485,0.03205,0.03910,0.04760,0.09785,unstable_likely,,
Cs2GeMnF6,False,True,1.88000,0.78000,1.33000,1.07574,0.58647,3.44489,True,Cs+1;Ge+2;Mn+2;F-1,0.81919,3.13835,0.81770,-2.87781,1.51274,4.76395,0.06237,0.05110,False,pass,-2.86956,-8.24504,0.62637,0.75175,0.81647,0.86114,0.93662,stable_likely,,
Cs2GeMnCl6,False,True,1.88000,0.78000,1.81000,1.00742,0.43094,4.06027,True,Cs+1;Ge+2;Mn+2;Cl-1,0.84711,1.39475,0.55350,-1.80237,0.29438,2.49512,0.49730,0.42127,False,pass,-1.78537,-17.00354,0.68784,0.79228,0.84435,0.88057,0.94350,stable_likely,,
Cs2GeMnF3Cl3,False,True,1.88000,0.78000,1.57000,1.03809,0.49682,3.75258,True,Cs+1;Ge+2;Mn+2;F-1;Cl-1,0.84520,2.44261,0.81389,-2.24071,0.82457,4.06065,0.15378,0.12998,False,pass,-2.36998,129.26821,0.06458,0.08640,0.10875,0.13838,0.34038,unstable_likely,,
Cs2GeMnF3Br3,False,True,1.88000,0.78000,1.64500,1.02786,0.47416,3.84873,True,Cs+1;Ge+2;Mn+2;F-1;Br-1,0.85023,1.84877,0.74610,-1.96516,0.36549,3.33205,0.29245,0.24865,False,pass,-2.24174,276.57683,0.01121,0.01328,0.01540,0.01813,0.03400,unstable_likely,,
Cs2GeMnF3I3,True,True,1.88000,0.78000,1.76500,1.01273,0.44193,4.00258,True,Cs+1;Ge+2;Mn+2;F-1;I-1,0.86097,1.79564,0.69345,-1.87240,0.41704,3.17425,0.31955,0.27512,False,pass,-2.05254,180.14127,0.03257,0.04227,0.05154,0.06382,0.13641,unstable_likely,,
Cs2GeMnCl3Br3,False,True,1.88000,0.78000,1.88500,0.99897,0.41379,4.15643,True,Cs+1;Ge+2;Mn+2;Cl-1;Br-1,0.86379,1.46452,0.49667,-1.62548,0.47712,2.45193,0.53317,0.46055,False,pass,-1.65362,28.14269,0.34799,0.49481,0.61593,0.71735,0.89007,stable_likely,,
Cs2GeBiO3F3,True,True,1.88000,0.78000,1.36500,1.06973,0.57143,3.48976,True,Cs+1;Ge+4;Bi+3;O-2;F-1,0.88924,3.54463,0.58650,-2.46121,2.37865,4.71060,0.01485,0.01321,False,pass,-2.45664,-4.56627,0.59829,0.73204,0.80285,0.85173,0.93327,stable_likely,,
Cs2GeBiO3Cl3,True,True,1.88000,0.78000,1.60500,1.03324,0.48598,3.79745,True,Cs+1;Ge+4;Bi+3;O-2;Cl-1,0.85253,2.58926,0.60223,-1.69062,1.39201,3.78652,0.10474,0.08930,False,pass,-2.04559,354.96715,0.00580,0.00664,0.00753,0.00867,0.01344,unstable_likely,,
Cs2GeBiO3Br3,True,True,1.88000,0.78000,1.68000,1.02329,0.46429,3.89360,True,Cs+1;Ge+4;Bi+3;O-2;Br-1,0.85482,2.23889,0.58937,-1.25221,1.06721,3.41057,0.19109,0.16334,False,pass,-1.91367,661.46107,0.00105,0.00119,0.00128,0.00136,0.00170,unstable_likely,,
Cs2GeBiO3I3,True,True,1.88000,0.78000,1.80000,1.00859,0.43333,4.04745,True,Cs+1;Ge+4;Bi+3;O-2;I-1,0.85080,1.97443,0.55406,-1.13670,0.87295,3.07592,0.28452,0.24207,False,pass,-1.72693,590.23424,0.00151,0.00165,0.00174,0.00189,0.00243,unstable_likely,,
Cs2GeBiS3F3,False,True,1.88000,0.78000,1.58500,1.03599,0.49211,3.77181,True,Cs+1;Ge+4;Bi+3;S-2;F-1,0.89903,2.70088,0.54898,-1.75610,1.60950,3.79227,0.07427,0.06678,False,pass,-1.90740,151.29643,0.04748,0.06278,0.07765,0.09756,0.22539,unstable_likely,,
Cs2GeBiS3Cl3,False,True,1.88000,0.78000,1.82500,1.00569,0.42740,4.07950,True,Cs+1;Ge+4;Bi+3;S-2;Cl-1,0.90404,2.23632,0.47081,-1.32836,1.30034,3.17230,0.17201,0.15551,False,pass,-1.43455,106.18572,0.09033,0.12394,0.15877,0.20603,0.51049,unstable_likely,,
Cs2GeBiS3Br3,False,True,1.88000,0.78000,1.90000,0.99734,0.41053,4.17566,True,Cs+1;Ge+4;Bi+3;S-2;Br-1,0.93454,2.03674,0.36818,-1.19901,1.30478,2.76870,0.24553,0.22945,False,pass,-1.29729,98.27988,0.10224,0.14065,0.18246,0.23877,0.57552,unstable_likely,,
Cs2GeBiSe3F3,False,True,1.88000,0.78000,1.65500,1.02654,0.47130,3.86155,True,Cs+1;Ge+4;Bi+3;Se-2;F-1,0.88685,1.99378,0.47855,-1.50564,1.04242,2.94515,0.28038,0.24866,False,pass,-1.88463,378.99147,0.00472,0.00556,0.00623,0.00700,0.01101,unstable_likely,,
Cs2GeBiSe3Cl3,False,True,1.88000,0.78000,1.89500,0.99788,0.41161,4.16925,True,Cs+1;Ge+4;Bi+3;Se-2;Cl-1,0.91853,2.02274,0.44726,-1.17793,1.13356,2.91191,0.26308,0.24165,False,pass,-1.40804,230.10813,0.01740,0.02194,0.02699,0.03258,0.06387,unstable_likely,,
Cs2GeSbO3F3,True,True,1.88000,0.64500,1.36500,1.14157,0.47253,3.84089,True,Cs+1;Ge+4;Sb+3;O-2;F-1,0.93364,3.53396,0.65549,-2.44106,2.23082,4.83709,0.02034,0.01899,False,pass,-2.45973,18.66886,0.41302,0.57218,0.68369,0.76756,0.90541,stable_likely,,
Cs2GeCuF6,False,True,1.88000,0.73000,1.33000,1.10185,0.54887,3.54432,True,Cs+1;Ge+2;Cu+2;F-1,0.69220,1.54019,0.60849,-2.58013,0.33049,2.74990,0.43341,0.30000,False,pass,-2.74920,169.07241,0.03765,0.04894,0.06035,0.07441,0.16452,unstable_likely,,
Cs2GeCuF3Cl3,False,True,1.88000,0.73000,1.57000,1.06066,0.46497,3.87308,True,Cs+1;Ge+2;Cu+2;F-1;Cl-1,0.68634,1.38241,0.56300,-2.22066,0.26314,2.50167,0.49342,0.33865,False,pass,-2.18891,-31.74519,0.76958,0.84368,0.88019,0.90585,0.95285,stable_likely,,
Cs2GeCuF3Br3,False,True,1.88000,0.73000,1.64500,1.04950,0.44377,3.97582,True,Cs+1;Ge+2;Cu+2;F-1;Br-1,0.73526,1.26225,0.53351,-1.87381,0.20161,2.32288,0.52119,0.38321,False,pass,-2.05763,183.81623,0.03108,0.04040,0.04905,0.06057,0.12870,unstable_likely,,
Cs2GeCuF3I3,True,True,1.88000,0.73000,1.76500,1.03303,0.41360,4.14021,True,Cs+1;Ge+2;Cu+2;F-1;I-1,0.74367,1.21494,0.50431,-1.72202,0.21236,2.21753,0.53216,0.39575,False,pass,-1.88895,166.93450,0.03866,0.05040,0.06215,0.07678,0.17123,unstable_likely,,
Cs2GeZnF6,False,True,1.88000,0.73500,1.33000,1.09918,0.55263,3.53306,True,Cs+1;Ge+2;Zn+2;F-1,0.84175,3.84921,0.80242,-2.76706,2.25397,5.44445,0.02000,0.01684,False,pass,-2.76209,-4.97316,0.60168,0.73437,0.80438,0.85273,0.93368,stable_likely,,
Cs2GeZnF3Cl3,False,True,1.88000,0.73500,1.57000,1.05836,0.46815,3.85959,True,Cs+1;Ge+2;Zn+2;F-1;Cl-1,0.84753,3.42702,0.58338,-2.36637,2.26724,4.58679,0.01857,0.01574,False,pass,-2.32377,-42.59575,0.81431,0.87127,0.89960,0.92082,0.95840,stable_likely,,
Cs2GeZnF3Br3,False,True,1.88000,0.73500,1.64500,1.04729,0.44681,3.96163,True,Cs+1;Ge+2;Zn+2;F-1;Br-1,0.87219,2.85702,0.60673,-1.92652,1.65083,4.06322,0.06440,0.05617,False,pass,-2.18883,262.30745,0.01256,0.01532,0.01796,0.02135,0.04110,unstable_likely,,
Cs2GeZnF3I3,True,True,1.88000,0.73500,1.76500,1.03096,0.41643,4.12489,True,Cs+1;Ge+2;Zn+2;F-1;I-1,0.87967,2.65422,0.53890,-1.82867,1.58286,3.72558,0.08069,0.07098,False,pass,-1.99523,166.56454,0.03887,0.05062,0.06247,0.07727,0.17233,unstable_likely,,
Cs2GeInO3F3,True,True,1.88000,0.66500,1.36500,1.13033,0.48718,3.77295,True,Cs+1;Ge+4;In+3;O-2;F-1,0.93823,3.53747,0.68816,-2.52884,2.16939,4.90556,0.02220,0.02083,False,pass,-2.51919,-9.64696,0.63712,0.75941,0.82134,0.86438,0.93788,stable_likely,,
Cs2GeInO3Cl3,True,True,1.88000,0.66500,1.60500,1.08558,0.41433,4.13386,True,Cs+1;Ge+4;In+3;O-2;Cl-1,0.92901,2.48184,0.64077,-1.76206,1.20797,3.75571,0.13234,0.12295,False,pass,-2.09285,330.78624,0.00691,0.00817,0.00939,0.01077,0.01730,unstable_likely,,
Cs2GeInS3F3,False,True,1.88000,0.66500,1.58500,1.08894,0.41956,4.10378,True,Cs+1;Ge+4;In+3;S-2;F-1,0.94696,3.10261,0.66897,-1.97005,1.77267,4.43255,0.04819,0.04564,False,pass,-1.96300,-7.05172,0.61758,0.74572,0.81239,0.85831,0.93562,stable_likely,,
Cs2GeGaO3F3,True,True,1.88000,0.57500,1.36500,1.18276,0.42125,4.13384,True,Cs+1;Ge+4;Ga+3;O-2;F-1,0.94429,3.71507,0.74982,-2.57022,2.22441,5.20573,0.02110,0.01993,False,pass,-2.58125,11.03436,0.47127,0.63176,0.72902,0.80053,0.91637,stable_likely,,
Cs2TiCrO3F3,True,True,1.88000,0.61000,1.36500,1.16180,0.44689,3.97585,True,Cs+1;Ti+4;Cr+3;O-2;F-1,0.84861,2.82054,0.82560,-2.88738,1.17922,4.46186,0.09664,0.08201,False,pass,-3.03510,147.71708,0.04987,0.06608,0.08187,0.10308,0.24102,unstable_likely,,
Cs2TiMoO6,True,True,1.88000,0.59750,1.40000,1.16111,0.42679,4.08803,True,Cs+1;Ti+4;Mo+6;O-2,0.90782,2.79838,0.71500,-2.55225,1.37693,4.21983,0.08980,0.08153,False,pass,-2.59575,43.50055,0.26109,0.37853,0.49181,0.61316,0.85693,stable_likely,,
Cs2TiWO6,True,True,1.88000,0.60250,1.40000,1.15821,0.43036,4.06574,True,Cs+1;Ti+4;W+6;O-2,0.87603,2.41223,0.69321,-2.66074,1.03411,3.79036,0.15235,0.13346,False,pass,-2.63215,-28.59369,0.75374,0.83417,0.87336,0.90139,0.95105,stable_likely,,
Cs2TiFeO3F3,True,True,1.88000,0.62500,1.36500,1.15305,0.45788,3.91538,True,Cs+1;Ti+4;Fe+3;O-2;F-1,0.85263,3.16372,0.80951,-2.81297,1.55438,4.77306,0.05917,0.05045,False,pass,-2.87578,62.81043,0.18413,0.26435,0.35012,0.45734,0.79310,unstable_likely,,
Cs2TiBiO3F3,False,True,1.88000,0.81750,1.36500,1.05135,0.59890,3.43120,True,Cs+1;Ti+4;Bi+3;O-2;F-1,0.85842,3.06795,0.85811,-2.65893,1.36200,4.77390,0.07503,0.06441,False,pass,-2.86506,206.13231,0.02311,0.03018,0.03663,0.04449,0.09040,unstable_likely,,
Cs2TiBiO3Cl3,True,True,1.88000,0.81750,1.60500,1.01724,0.50935,3.72478,True,Cs+1;Ti+4;Bi+3;O-2;Cl-1,0.86134,2.78625,0.77820,-2.11072,1.23916,4.33333,0.09706,0.08360,False,pass,-2.45544,344.72032,0.00621,0.00724,0.00828,0.00947,0.01498,unstable_likely,,
Cs2TiBiO3Br3,True,True,1.88000,0.81750,1.68000,1.00793,0.48661,3.81653,True,Cs+1;Ti+4;Bi+3;O-2;Br-1,0.85474,2.29650,0.78377,-1.75806,0.73834,3.85465,0.18231,0.15583,False,pass,-2.32352,565.46424,0.00169,0.00184,0.00200,0.00213,0.00276,unstable_likely,,
Cs2TiBiO3I3,True,True,1.88000,0.81750,1.80000,0.99414,0.45417,3.96331,True,Cs+1;Ti+4;Bi+3;O-2;I-1,0.86166,2.16284,0.71804,-1.70792,0.73535,3.59034,0.20974,0.18072,False,pass,-2.13679,428.86741,0.00344,0.00393,0.00433,0.00472,0.00700,unstable_likely,,
Cs2TiBiS3F3,False,True,1.88000,0.81750,1.58500,1.01982,0.51577,3.70032,True,Cs+1;Ti+4;Bi+3;S-2;F-1,0.86688,2.53477,0.82924,-2.12687,0.88622,4.18333,0.13758,0.11926,False,pass,-2.23762,110.75499,0.08435,0.11503,0.14683,0.19066,0.47360,unstable_likely,,
Cs2TiBiS3Cl3,False,True,1.88000,0.81750,1.82500,0.99142,0.44795,3.99390,True,Cs+1;Ti+4;Bi+3;S-2;Cl-1,0.87930,2.19162,0.52668,-1.56302,1.14457,3.23867,0.20054,0.17633,False,pass,-1.71244,149.42242,0.04865,0.06444,0.07994,0.10057,0.23372,unstable_likely,,
Cs2TiBiS3Br3,False,True,1.88000,0.81750,1.90000,0.98357,0.43026,4.08564,True,Cs+1;Ti+4;Bi+3;S-2;Br-1,0.87471,1.77631,0.42666,-1.45400,0.92809,2.62453,0.42286,0.36988,False,pass,-1.58053,126.52634,0.06709,0.08991,0.11364,0.14479,0.35871,unstable_likely,,
Cs2TiBiSe3F3,False,True,1.88000,0.81750,1.65500,1.01097,0.49396,3.78594,True,Cs+1;Ti+4;Bi+3;Se-2;F-1,0.84268,1.83496,0.76423,-1.95149,0.31565,3.35427,0.29220,0.24623,False,pass,-2.19659,245.09668,0.01493,0.01844,0.02194,0.02699,0.05157,unstable_likely,,
Cs2TiBiSe3Cl3,False,True,1.88000,0.81750,1.89500,0.98408,0.43140,4.07952,True,Cs+1;Ti+4;Bi+3;Se-2;Cl-1,0.87925,1.93737,0.55451,-1.55267,0.83499,3.03975,0.30225,0.26575,False,pass,-1.66974,117.07242,0.07656,0.10395,0.13227,0.17089,0.42468,unstable_likely,,
Cs2TiBiSe3Br3,False,True,1.88000,0.81750,1.97000,0.97663,0.41497,4.17127,True,Cs+1;Ti+4;Bi+3;Se-2;Br-1,0.86137,1.49864,0.40264,-1.42112,0.69817,2.29910,0.61183,0.52702,False,pass,-1.53023,109.10881,0.08659,0.11843,0.15079,0.19606,0.48705,unstable_likely,,
Cs2TiSbO3F3,True,True,1.88000,0.68250,1.36500,1.12066,0.50000,3.71852,True,Cs+1;Ti+4;Sb+3;O-2;F-1,0.88877,3.48466,0.84230,-2.68866,1.81014,5.15917,0.03992,0.03548,False,pass,-2.88291,194.24710,0.02718,0.03516,0.04279,0.05214,0.10878,unstable_likely,,
Cs2TiSbO3Cl3,True,True,1.88000,0.68250,1.60500,1.07728,0.42523,4.07017,True,Cs+1;Ti+4;Sb+3;O-2;Cl-1,0.88992,2.75580,0.78745,-2.02591,1.19033,4.32128,0.10044,0.08938,False,pass,-2.44289,416.98064,0.00371,0.00421,0.00465,0.00512,0.00782,unstable_likely,,
Cs2TiSbS3F3,False,True,1.88000,0.68250,1.58500,1.08054,0.43060,4.04086,True,Cs+1;Ti+4;Sb+3;S-2;F-1,0.88612,2.48729,0.83828,-2.18413,0.82075,4.15383,0.14635,0.12969,False,pass,-2.21263,28.50307,0.34542,0.49181,0.61316,0.71544,0.88936,stable_likely,,
Cs2TiSbSe3F3,False,True,1.88000,0.68250,1.65500,1.06936,0.41239,4.14343,True,Cs+1;Ti+4;Sb+3;Se-2;F-1,0.88282,1.80043,0.80084,-1.95510,0.20834,3.39252,0.29305,0.25871,False,pass,-2.16981,214.70972,0.02074,0.02704,0.03275,0.03978,0.07956,unstable_likely,,
Cs2TiInO3F3,True,True,1.88000,0.70250,1.36500,1.10982,0.51465,3.66168,True,Cs+1;Ti+4;In+3;O-2;F-1,0.96106,3.56131,0.81050,-2.84477,1.95000,5.17262,0.03393,0.03261,False,pass,-2.94317,98.40129,0.10207,0.14043,0.18202,0.23811,0.57430,unstable_likely,,
Cs2TiInO3Cl3,True,True,1.88000,0.70250,1.60500,1.06794,0.43769,4.00331,True,Cs+1;Ti+4;In+3;O-2;Cl-1,0.94451,2.64677,0.72801,-2.21493,1.19947,4.09407,0.11318,0.10690,False,pass,-2.51257,297.64104,0.00926,0.01113,0.01254,0.01454,0.02611,unstable_likely,,
Cs2TiInO3Br3,True,True,1.88000,0.70250,1.68000,1.05658,0.41815,4.11008,True,Cs+1;Ti+4;In+3;O-2;Br-1,0.95773,2.11819,0.67751,-1.86588,0.77127,3.46511,0.22417,0.21470,False,pass,-2.37056,504.68239,0.00228,0.00256,0.00270,0.00297,0.00406,unstable_likely,,
Cs2TiInS3F3,False,True,1.88000,0.70250,1.58500,1.07109,0.44322,3.97484,True,Cs+1;Ti+4;In+3;S-2;F-1,0.94751,2.73396,0.79670,-2.44888,1.15010,4.31782,0.10635,0.10076,False,pass,-2.29633,-152.55359,0.96271,0.96955,0.97341,0.97648,0.98345,stable_likely,,
Cs2TiInSe3F3,False,True,1.88000,0.70250,1.65500,1.06029,0.42447,4.07449,True,Cs+1;Ti+4;In+3;Se-2;F-1,0.96486,1.96842,0.78167,-2.09908,0.41442,3.52241,0.25532,0.24634,False,pass,-2.25246,153.37992,0.04622,0.06086,0.07517,0.09458,0.21722,unstable_likely,,
Cs2TiGaO3F3,True,True,1.88000,0.61250,1.36500,1.16033,0.44872,3.96548,True,Cs+1;Ti+4;Ga+3;O-2;F-1,0.96514,3.29814,0.83677,-2.85561,1.63462,4.96167,0.05081,0.04904,False,pass,-3.01125,155.64061,0.04474,0.05900,0.07285,0.09118,0.20819,unstable_likely,,
Cs2ZrCrO6,True,True,1.88000,0.58000,1.40000,1.17137,0.41429,4.17007,True,Cs+1;Zr+4;Cr+6;O-2,0.88214,2.77981,0.61604,-2.40914,1.55509,4.00452,0.07529,0.06641,False,pass,-2.59379,184.64987,0.03072,0.03981,0.04851,0.05998,0.12701,unstable_likely,,
Cs2ZrCrO3F3,True,True,1.88000,0.66750,1.36500,1.12894,0.48901,3.76490,True,Cs+1;Zr+4;Cr+3;O-2;F-1,0.87823,2.81349,0.80790,-2.90343,1.20736,4.41963,0.09563,0.08398,False,pass,-3.12844,225.00839,0.01846,0.02348,0.02877,0.03477,0.06840,unstable_likely,,
Cs2ZrCrO3Cl3,True,True,1.88000,0.66750,1.60500,1.08439,0.41589,4.12445,True,Cs+1;Zr+4;Cr+3;O-2;Cl-1,0.86628,2.02948,0.61651,-2.09639,0.80384,3.25513,0.25819,0.22366,False,pass,-2.67197,575.58013,0.00162,0.00174,0.00189,0.00202,0.00265,unstable_likely,,
Cs2ZrCrS3F3,False,True,1.88000,0.66750,1.58500,1.08774,0.42114,4.09449,True,Cs+1;Zr+4;Cr+3;S-2;F-1,0.84976,2.00698,0.76796,-2.25363,0.48025,3.53370,0.24882,0.21144,False,pass,-2.37000,116.36936,0.07757,0.10505,0.13383,0.17303,0.43017,unstable_likely,,
Cs2ZrMoO6,True,True,1.88000,0.65500,1.40000,1.12862,0.46786,3.85957,True,Cs+1;Zr+4;Mo+6;O-2,0.91424,2.94765,0.69756,-2.54475,1.56088,4.33442,0.06626,0.06057,False,pass,-2.68934,144.59446,0.05192,0.06889,0.08599,0.10820,0.25574,unstable_likely,,
Cs2ZrWO6,True,True,1.88000,0.66000,1.40000,1.12588,0.47143,3.84238,True,Cs+1;Zr+4;W+6;O-2,0.87487,2.41731,0.68865,-2.66197,1.04825,3.78636,0.15074,0.13188,False,pass,-2.72312,61.14619,0.18941,0.27250,0.36117,0.47043,0.80021,unstable_likely,,
Cs2ZrWO3S3,True,True,1.88000,0.66000,1.62000,1.08547,0.40741,4.17571,True,Cs+1;Zr+4;W+6;O-2;S-2,0.90835,2.03567,0.57143,-1.75676,0.89966,3.17169,0.25861,0.23491,False,pass,-2.23160,474.84336,0.00265,0.00295,0.00323,0.00353,0.00486,unstable_likely,,
Cs2ZrFeO3F3,True,True,1.88000,0.68250,1.36500,1.12066,0.50000,3.71852,True,Cs+1;Zr+4;Fe+3;O-2;F-1,0.86988,3.04173,0.84239,-2.83153,1.36702,4.71643,0.07605,0.06615,False,pass,-2.96356,132.03429,0.06204,0.08264,0.10403,0.13237,0.32346,unstable_likely,,
Cs2ZrFeO3Cl3,True,True,1.88000,0.68250,1.60500,1.07728,0.42523,4.07017,True,Cs+1;Zr+4;Fe+3;O-2;Cl-1,0.87816,2.03802,0.62432,-1.98163,0.79686,3.27918,0.25430,0.22332,False,pass,-2.51669,535.05964,0.00194,0.00213,0.00235,0.00255,0.00331,unstable_likely,,
Cs2ZrFeS3F3,False,True,1.88000,0.68250,1.58500,1.08054,0.43060,4.04086,True,Cs+1;Zr+4;Fe+3;S-2;F-1,0.84603,1.91511,0.76592,-2.17754,0.39244,3.43778,0.27203,0.23014,False,pass,-2.34132,163.78431,0.04040,0.05250,0.06500,0.08068,0.18086,unstable_likely,,
Cs2ZrFeSe3F3,False,True,1.88000,0.68250,1.65500,1.06936,0.41239,4.14343,True,Cs+1;Zr+4;Fe+3;Se-2;F-1,0.85132,1.96700,0.78324,-2.09427,0.40990,3.52410,0.25557,0.21757,False,pass,-2.28881,194.53998,0.02708,0.03496,0.04255,0.05193,0.10827,unstable_likely,,
Cs2ZrBiO3F3,False,True,1.88000,0.87500,1.36500,1.02436,0.64103,3.36931,True,Cs+1;Zr+4;Bi+3;O-2;F-1,0.89521,3.24971,0.88287,-2.68751,1.49453,5.00489,0.06035,0.05402,False,pass,-2.94722,259.71325,0.01286,0.01567,0.01848,0.02206,0.04248,unstable_likely,,
Cs2ZrBiO3Cl3,True,True,1.88000,0.87500,1.60500,0.99366,0.54517,3.64360,True,Cs+1;Zr+4;Bi+3;O-2;Cl-1,0.89248,2.77952,0.76372,-2.16753,1.26122,4.29782,0.09630,0.08595,False,pass,-2.54038,372.84764,0.00497,0.00590,0.00651,0.00734,0.01157,unstable_likely,,
Cs2ZrBiO3Br3,True,True,1.88000,0.87500,1.68000,0.98524,0.52083,3.72931,True,Cs+1;Zr+4;Bi+3;O-2;Br-1,0.88264,2.40934,0.73611,-1.80582,0.94594,3.87274,0.15741,0.13894,False,pass,-2.40846,602.64156,0.00141,0.00160,0.00166,0.00175,0.00231,unstable_likely,,
Cs2ZrBiO3I3,True,True,1.88000,0.87500,1.80000,0.97277,0.48611,3.86646,True,Cs+1;Zr+4;Bi+3;O-2;I-1,0.88366,2.10724,0.72263,-1.73639,0.67063,3.54384,0.22603,0.19973,False,pass,-2.22172,485.33473,0.00252,0.00276,0.00305,0.00330,0.00458,unstable_likely,,
Cs2ZrBiS3F3,False,True,1.88000,0.87500,1.58500,0.99599,0.55205,3.62074,True,Cs+1;Zr+4;Bi+3;S-2;F-1,0.89982,2.79810,0.82927,-2.17603,1.14949,4.44671,0.10052,0.09045,False,pass,-2.32366,147.63198,0.04992,0.06618,0.08196,0.10319,0.24130,unstable_likely,,
Cs2ZrBiS3Cl3,False,True,1.88000,0.87500,1.82500,0.97031,0.47945,3.89503,True,Cs+1;Zr+4;Bi+3;S-2;Cl-1,0.91122,2.55652,0.56098,-1.57813,1.44127,3.67177,0.10263,0.09352,False,pass,-1.79236,214.23059,0.02088,0.02718,0.03297,0.04008,0.08017,unstable_likely,,
Cs2ZrBiS3Br3,False,True,1.88000,0.87500,1.90000,0.96319,0.46053,3.98074,True,Cs+1;Zr+4;Bi+3;S-2;Br-1,0.88912,2.11226,0.43218,-1.53866,1.25308,2.97144,0.22105,0.19654,False,pass,-1.65276,114.10477,0.08033,0.10902,0.13873,0.17988,0.44772,unstable_likely,,
Cs2ZrBiS3I3,True,True,1.88000,0.87500,2.02000,0.95258,0.43317,4.11788,True,Cs+1;Zr+4;Bi+3;S-2;I-1,0.89664,2.02633,0.35771,-1.34031,1.31519,2.73747,0.24949,0.22371,False,pass,-1.46603,125.71794,0.06766,0.09106,0.11509,0.14690,0.36396,unstable_likely,,
Cs2ZrBiSe3F3,False,True,1.88000,0.87500,1.65500,0.98799,0.52870,3.70074,True,Cs+1;Zr+4;Bi+3;Se-2;F-1,0.87935,2.08685,0.79910,-2.00078,0.49822,3.67548,0.22434,0.19727,False,pass,-2.31194,311.16067,0.00817,0.00976,0.01128,0.01271,0.02163,unstable_likely,,
Cs2ZrBiSe3Cl3,False,True,1.88000,0.87500,1.89500,0.96366,0.46174,3.97503,True,Cs+1;Zr+4;Bi+3;Se-2;Cl-1,0.89695,2.21576,0.57493,-1.58085,1.07279,3.35874,0.19742,0.17707,False,pass,-1.75251,171.66432,0.03632,0.04729,0.05804,0.07185,0.15756,unstable_likely,,
Cs2ZrBiSe3Br3,False,True,1.88000,0.87500,1.97000,0.95689,0.44416,4.06074,True,Cs+1;Zr+4;Bi+3;Se-2;Br-1,0.87067,1.89610,0.40681,-1.51350,1.08734,2.70485,0.34504,0.30041,False,pass,-1.59539,81.89369,0.13269,0.18698,0.24458,0.32429,0.69487,unstable_likely,,
Cs2ZrSbO3F3,True,True,1.88000,0.74000,1.36500,1.09005,0.54212,3.56939,True,Cs+1;Zr+4;Sb+3;O-2;F-1,0.91708,3.89859,0.88831,-2.71158,2.13259,5.66458,0.02448,0.02245,False,pass,-2.97473,263.14582,0.01250,0.01524,0.01778,0.02114,0.04069,unstable_likely,,
Cs2ZrSbO3Cl3,True,True,1.88000,0.74000,1.60500,1.05086,0.46106,3.89372,True,Cs+1;Zr+4;Sb+3;O-2;Cl-1,0.91655,3.05515,0.73849,-2.08697,1.58702,4.52329,0.06069,0.05562,False,pass,-2.53648,449.51455,0.00306,0.00344,0.00377,0.00416,0.00604,unstable_likely,,
Cs2ZrSbO3Br3,True,True,1.88000,0.74000,1.68000,1.04021,0.44048,3.99507,True,Cs+1;Zr+4;Sb+3;O-2;Br-1,0.90910,2.57080,0.69689,-1.74051,1.18536,3.95623,0.12129,0.11026,False,pass,-2.41254,672.02503,0.00098,0.00112,0.00122,0.00130,0.00164,unstable_likely,,
Cs2ZrSbO3I3,True,True,1.88000,0.74000,1.80000,1.02447,0.41111,4.15723,True,Cs+1;Zr+4;Sb+3;O-2;I-1,0.91280,2.48571,0.64680,-1.62718,1.19985,3.77157,0.13192,0.12042,False,pass,-2.22549,598.30966,0.00143,0.00162,0.00170,0.00180,0.00237,unstable_likely,,
Cs2ZrSbS3F3,False,True,1.88000,0.74000,1.58500,1.05382,0.46688,3.86669,True,Cs+1;Zr+4;Sb+3;S-2;F-1,0.91744,2.86370,0.82835,-2.26775,1.21690,4.51049,0.09082,0.08332,False,pass,-2.31951,51.76111,0.22354,0.32512,0.42707,0.54761,0.83295,stable_likely,,
Cs2ZrSbSe3F3,False,True,1.88000,0.74000,1.65500,1.04368,0.44713,3.96129,True,Cs+1;Zr+4;Sb+3;Se-2;F-1,0.90970,1.99497,0.80663,-2.00612,0.39136,3.59859,0.24612,0.22389,False,pass,-2.27794,271.82287,0.01164,0.01394,0.01628,0.01904,0.03625,unstable_likely,,
Cs2ZrInO3F3,True,True,1.88000,0.76000,1.36500,1.07979,0.55678,3.52727,True,Cs+1;Zr+4;In+3;O-2;F-1,0.97215,3.80529,0.81530,-2.92068,2.18445,5.42614,0.02228,0.02166,False,pass,-3.03606,115.37730,0.07893,0.10671,0.13594,0.17607,0.43788,unstable_likely,,
Cs2ZrInO3Cl3,True,True,1.88000,0.76000,1.60500,1.04197,0.47352,3.84306,True,Cs+1;Zr+4;In+3;O-2;Cl-1,0.95989,3.03980,0.69095,-2.23151,1.66618,4.41343,0.05638,0.05412,False,pass,-2.60616,374.65495,0.00486,0.00581,0.00645,0.00724,0.01141,unstable_likely,,
Cs2ZrInO3Br3,True,True,1.88000,0.76000,1.68000,1.03168,0.45238,3.94174,True,Cs+1;Zr+4;In+3;O-2;Br-1,0.96544,2.41893,0.64453,-1.86258,1.13757,3.70029,0.14500,0.13999,False,pass,-2.46416,601.57630,0.00141,0.00161,0.00169,0.00176,0.00234,unstable_likely,,
Cs2ZrInO3I3,True,True,1.88000,0.76000,1.80000,1.01647,0.42222,4.09964,True,Cs+1;Zr+4;In+3;O-2;I-1,0.96347,2.29081,0.59307,-1.76651,1.11176,3.46986,0.17378,0.16744,False,pass,-2.28780,521.28510,0.00206,0.00234,0.00249,0.00268,0.00363,unstable_likely,,
Cs2ZrInS3F3,False,True,1.88000,0.76000,1.58500,1.04483,0.47950,3.81674,True,Cs+1;Zr+4;In+3;S-2;F-1,0.96292,3.10292,0.80253,-2.47609,1.50747,4.69838,0.06431,0.06193,False,pass,-2.41405,-62.03970,0.87000,0.90620,0.92567,0.93981,0.96631,stable_likely,,
Cs2ZrInS3Cl3,False,True,1.88000,0.76000,1.82500,1.01347,0.41644,4.13253,True,Cs+1;Zr+4;In+3;S-2;Cl-1,0.97347,2.46674,0.48646,-1.74783,1.49965,3.43383,0.10609,0.10328,False,pass,-1.84016,92.32754,0.11234,0.15562,0.20189,0.26669,0.62223,unstable_likely,,
Cs2ZrInSe3F3,False,True,1.88000,0.76000,1.65500,1.03504,0.45921,3.90885,True,Cs+1;Zr+4;In+3;Se-2;F-1,0.97327,2.33684,0.81038,-2.18538,0.72578,3.94789,0.17395,0.16930,False,pass,-2.36891,183.53363,0.03114,0.04052,0.04921,0.06072,0.12932,unstable_likely,,
Cs2ZrGaO3F3,True,True,1.88000,0.67000,1.36500,1.12755,0.49084,3.75694,True,Cs+1;Zr+4;Ga+3;O-2;F-1,0.97392,3.66580,0.94023,-2.93641,1.79660,5.53501,0.03815,0.03715,False,pass,-3.10404,167.63062,0.03827,0.04992,0.06156,0.07592,0.16895,unstable_likely,,
Cs2ZrGaO3Cl3,True,True,1.88000,0.67000,1.60500,1.08319,0.41745,4.11515,True,Cs+1;Zr+4;Ga+3;O-2;Cl-1,0.96034,3.08842,0.71117,-2.22487,1.67460,4.50225,0.05427,0.05212,False,pass,-2.66204,437.16865,0.00328,0.00371,0.00410,0.00453,0.00654,unstable_likely,,
Cs2ZrGaS3F3,False,True,1.88000,0.67000,1.58500,1.08653,0.42271,4.08530,True,Cs+1;Zr+4;Ga+3;S-2;F-1,0.96398,3.08911,0.83148,-2.48122,1.43611,4.74211,0.06946,0.06696,False,pass,-2.45194,-29.28175,0.75762,0.83624,0.87482,0.90234,0.95153,stable_likely,,
Cs2VNbO6,True,True,1.88000,0.59000,1.40000,1.16548,0.42143,4.12241,True,Cs+1;V+5;Nb+5;O-2,0.84107,3.03557,0.65243,-2.72162,1.73851,4.33262,0.05106,0.04295,False,pass,-2.62632,-95.30177,0.92398,0.94234,0.95206,0.95980,0.97503,stable_likely,,
Cs2VTaO6,True,True,1.88000,0.59000,1.40000,1.16548,0.42143,4.12241,True,Cs+1;V+5;Ta+5;O-2,0.83655,2.90752,0.74441,-2.80919,1.42761,4.38744,0.07807,0.06531,False,pass,-2.72592,-83.27454,0.90805,0.93204,0.94446,0.95380,0.97231,stable_likely,,
Cs2VFeO3F3,True,True,1.88000,0.66000,1.36500,1.13312,0.48352,3.78935,True,Cs+1;V+5;Fe+2;O-2;F-1,0.85502,2.54203,0.83247,-2.54070,0.88705,4.19701,0.13699,0.11713,False,pass,-2.59566,54.96449,0.21062,0.30641,0.40337,0.52045,0.82270,stable_likely,,
Cs2VFeO3Cl3,True,True,1.88000,0.66000,1.60500,1.08798,0.41121,4.15299,True,Cs+1;V+5;Fe+2;O-2;Cl-1,0.84809,1.90804,0.69375,-1.86945,0.52884,3.28724,0.28883,0.24495,False,pass,-2.11669,247.23702,0.01459,0.01798,0.02135,0.02625,0.05016,unstable_likely,,
Cs2VFeS3F3,False,True,1.88000,0.66000,1.58500,1.09137,0.41640,4.12268,True,Cs+1;V+5;Fe+2;S-2;F-1,0.82457,1.60226,0.80069,-2.01258,0.01047,3.19406,0.32799,0.27045,False,pass,-2.08086,68.28119,0.16686,0.23870,0.31608,0.41552,0.76947,unstable_likely,,
Cs2VMnO3F3,True,True,1.88000,0.68500,1.36500,1.11930,0.50183,3.71111,True,Cs+1;V+5;Mn+2;O-2;F-1,0.83304,3.01310,0.88384,-2.75509,1.25599,4.77021,0.08060,0.06715,False,pass,-2.70400,-51.08994,0.84179,0.88860,0.91219,0.92995,0.96220,stable_likely,,
Cs2VMnO3Cl3,True,True,1.88000,0.68500,1.60500,1.07610,0.42679,4.06147,True,Cs+1;V+5;Mn+2;O-2;Cl-1,0.85331,2.08911,0.61466,-2.00432,0.86715,3.31107,0.23506,0.20058,False,pass,-2.21377,209.45406,0.02213,0.02894,0.03499,0.04261,0.08619,unstable_likely,,
Cs2VMnO3Br3,True,True,1.88000,0.68500,1.68000,1.06440,0.40774,4.17096,True,Cs+1;V+5;Mn+2;O-2;Br-1,0.85680,2.17986,0.55509,-1.83444,1.07632,3.28340,0.20679,0.17717,False,pass,-2.07397,239.53125,0.01572,0.01964,0.02363,0.02892,0.05594,unstable_likely,,
Cs2VMnS3F3,False,True,1.88000,0.68500,1.58500,1.07935,0.43218,4.03228,True,Cs+1;V+5;Mn+2;S-2;F-1,0.80764,1.93880,0.79855,-2.11320,0.35124,3.52635,0.25954,0.20961,False,pass,-2.14114,27.94332,0.34922,0.49633,0.61758,0.71841,0.89043,stable_likely,,
Cs2VMnSe3F3,False,True,1.88000,0.68500,1.65500,1.06821,0.41390,4.13446,True,Cs+1;V+5;Mn+2;Se-2;F-1,0.80567,2.04121,0.82013,-2.04282,0.41077,3.67166,0.23287,0.18761,False,pass,-2.05445,11.62937,0.46652,0.62726,0.72600,0.79837,0.91559,stable_likely,,
Cs2VCuO3F3,True,True,1.88000,0.63500,1.36500,1.14728,0.46520,3.87729,True,Cs+1;V+5;Cu+2;O-2;F-1,0.74001,2.13717,0.86373,-2.30717,0.42005,3.85429,0.20738,0.15346,False,pass,-2.40142,94.25324,0.10877,0.15037,0.19554,0.25744,0.60733,unstable_likely,,
Cs2VZnO3F3,True,True,1.88000,0.64000,1.36500,1.14442,0.46886,3.85888,True,Cs+1;V+5;Zn+2;O-2;F-1,0.85726,3.00056,0.88213,-2.45721,1.24685,4.75426,0.08128,0.06968,False,pass,-2.60020,142.98771,0.05303,0.07051,0.08805,0.11109,0.26347,unstable_likely,,
Cs2NbTaO6,True,True,1.88000,0.64000,1.40000,1.13692,0.45714,3.91357,True,Cs+1;Nb+5;Ta+5;O-2,0.85328,2.47855,0.72345,-2.80996,1.04031,3.91678,0.14087,0.12020,False,pass,-2.93416,124.20107,0.06920,0.09339,0.11815,0.15049,0.37393,unstable_likely,,
Cs2NbFeO3F3,True,True,1.88000,0.71000,1.36500,1.10581,0.52015,3.64177,True,Cs+1;Nb+5;Fe+2;O-2;F-1,0.85886,2.75591,0.91872,-2.59113,0.92946,4.58237,0.11259,0.09670,False,pass,-2.80332,212.19434,0.02137,0.02780,0.03385,0.04118,0.08243,unstable_likely,,
Cs2NbFeO3Cl3,True,True,1.88000,0.71000,1.60500,1.06448,0.44237,3.97980,True,Cs+1;Nb+5;Fe+2;O-2;Cl-1,0.87233,2.12698,0.62710,-1.99750,0.88030,3.37367,0.22409,0.19548,False,pass,-2.32181,324.31268,0.00724,0.00873,0.00994,0.01142,0.01854,unstable_likely,,
Cs2NbFeO3Br3,True,True,1.88000,0.71000,1.68000,1.05326,0.42262,4.08543,True,Cs+1;Nb+5;Fe+2;O-2;Br-1,0.86955,2.11613,0.56456,-1.71698,0.99376,3.23850,0.22763,0.19794,False,pass,-2.19134,474.36128,0.00265,0.00297,0.00324,0.00354,0.00486,unstable_likely,,
Cs2NbFeS3F3,False,True,1.88000,0.71000,1.58500,1.06759,0.44795,3.95163,True,Cs+1;Nb+5;Fe+2;S-2;F-1,0.83185,1.95625,0.80261,-2.06974,0.36063,3.55186,0.25414,0.21140,False,pass,-2.10988,40.13609,0.27789,0.40217,0.51908,0.63867,0.86486,stable_likely,,
Cs2NbFeSe3F3,False,True,1.88000,0.71000,1.65500,1.05692,0.42900,4.05022,True,Cs+1;Nb+5;Fe+2;Se-2;F-1,0.82493,1.91742,0.79358,-1.89499,0.33977,3.49508,0.26536,0.21890,False,pass,-1.99699,101.99744,0.09656,0.13249,0.17106,0.22263,0.54577,unstable_likely,,
Cs2NbMnO3F3,True,True,1.88000,0.73500,1.36500,1.09265,0.53846,3.58068,True,Cs+1;Nb+5;Mn+2;O-2;F-1,0.84836,3.29554,0.95502,-2.75519,1.39692,5.19416,0.06330,0.05370,False,pass,-2.91686,161.66599,0.04149,0.05400,0.06698,0.08313,0.18771,unstable_likely,,
Cs2NbMnO3Cl3,True,True,1.88000,0.73500,1.60500,1.05311,0.45794,3.90721,True,Cs+1;Nb+5;Mn+2;O-2;Cl-1,0.86792,2.17157,0.58264,-2.09840,1.01325,3.32988,0.21193,0.18394,False,pass,-2.44520,346.80005,0.00615,0.00711,0.00813,0.00933,0.01467,unstable_likely,,
Cs2NbMnO3Br3,True,True,1.88000,0.73500,1.68000,1.04236,0.43750,4.00925,True,Cs+1;Nb+5;Mn+2;O-2;Br-1,0.87690,2.19445,0.54017,-1.90519,1.12058,3.26832,0.20206,0.17719,False,pass,-2.30899,403.79690,0.00409,0.00459,0.00510,0.00583,0.00878,unstable_likely,,
Cs2NbMnO3I3,True,True,1.88000,0.73500,1.80000,1.02649,0.40833,4.17251,True,Cs+1;Nb+5;Mn+2;O-2;I-1,0.87154,2.20708,0.46768,-1.70431,1.27732,3.13684,0.18332,0.15977,False,pass,-2.10733,403.02186,0.00410,0.00464,0.00511,0.00588,0.00888,unstable_likely,,
Cs2NbMnS3F3,False,True,1.88000,0.73500,1.58500,1.05609,0.46372,3.87999,True,Cs+1;Nb+5;Mn+2;S-2;F-1,0.84041,2.26143,0.79875,-2.17067,0.67350,3.84937,0.18704,0.15719,False,pass,-2.18451,13.83933,0.44983,0.61046,0.71344,0.78861,0.91235,stable_likely,,
Cs2NbMnSe3F3,False,True,1.88000,0.73500,1.65500,1.04587,0.44411,3.97523,True,Cs+1;Nb+5;Mn+2;Se-2;F-1,0.81754,2.18282,0.81369,-2.04746,0.56519,3.80046,0.19986,0.16340,False,pass,-2.09188,44.42429,0.25668,0.37252,0.48421,0.60598,0.85447,stable_likely,,
Cs2NbSbO6,True,True,1.88000,0.62000,1.40000,1.14817,0.44286,3.99153,True,Cs+1;Nb+5;Sb+5;O-2,0.90318,3.45472,0.66641,-2.19884,2.12988,4.77955,0.02405,0.02173,False,pass,-2.38853,189.68990,0.02888,0.03734,0.04533,0.05576,0.11698,unstable_likely,,
Cs2NbCuO3F3,True,True,1.88000,0.68500,1.36500,1.11930,0.50183,3.71111,True,Cs+1;Nb+5;Cu+2;O-2;F-1,0.65711,2.37074,0.96668,-2.37959,0.44895,4.29253,0.16349,0.10743,False,pass,-2.62589,246.29992,0.01474,0.01820,0.02161,0.02663,0.05079,unstable_likely,,
Cs2NbCuO3Cl3,True,True,1.88000,0.68500,1.60500,1.07610,0.42679,4.06147,True,Cs+1;Nb+5;Cu+2;O-2;Cl-1,0.70772,1.67466,0.62724,-1.93221,0.42768,2.92165,0.38082,0.26952,False,pass,-2.21129,279.08323,0.01101,0.01290,0.01507,0.01761,0.03305,unstable_likely,,
Cs2NbCuO3Br3,True,True,1.88000,0.68500,1.68000,1.06440,0.40774,4.17096,True,Cs+1;Nb+5;Cu+2;O-2;Br-1,0.74159,1.77733,0.55517,-1.62404,0.67363,2.88104,0.37129,0.27534,False,pass,-2.08703,462.99063,0.00284,0.00319,0.00345,0.00381,0.00529,unstable_likely,,
Cs2NbCuS3F3,False,True,1.88000,0.68500,1.58500,1.07935,0.43218,4.03228,True,Cs+1;Nb+5;Cu+2;S-2;F-1,0.68429,1.62693,0.81555,-1.96925,0.00558,3.24828,0.31972,0.21878,False,pass,-2.05157,82.31865,0.13169,0.18561,0.24264,0.32196,0.69200,unstable_likely,,
Cs2NbCuSe3F3,False,True,1.88000,0.68500,1.65500,1.06821,0.41390,4.13446,True,Cs+1;Nb+5;Cu+2;Se-2;F-1,0.66379,1.63412,0.81050,-1.76741,0.02282,3.24542,0.32056,0.21279,False,pass,-2.02556,258.15325,0.01306,0.01603,0.01876,0.02251,0.04327,unstable_likely,,
Cs2NbZnO3F3,True,True,1.88000,0.69000,1.36500,1.11657,0.50549,3.69655,True,Cs+1;Nb+5;Zn+2;O-2;F-1,0.85887,3.46822,1.01769,-2.45911,1.44502,5.49142,0.05596,0.04806,False,pass,-2.82292,363.81283,0.00522,0.00625,0.00700,0.00801,0.01240,unstable_likely,,
Cs2NbZnO3Cl3,True,True,1.88000,0.69000,1.60500,1.07375,0.42991,4.04438,True,Cs+1;Nb+5;Zn+2;O-2;Cl-1,0.85795,2.96212,0.64554,-2.07608,1.67878,4.24547,0.05798,0.04975,False,pass,-2.41986,343.78096,0.00625,0.00728,0.00834,0.00951,0.01514,unstable_likely,,
Cs2NbZnO3Br3,True,True,1.88000,0.69000,1.68000,1.06215,0.41071,4.15307,True,Cs+1;Nb+5;Zn+2;O-2;Br-1,0.82670,2.48044,0.56909,-1.75549,1.34907,3.61180,0.12213,0.10096,False,pass,-2.28252,527.02987,0.00201,0.00224,0.00242,0.00264,0.00346,unstable_likely,,
Cs2NbZnS3F3,False,True,1.88000,0.69000,1.58500,1.07698,0.43533,4.01539,True,Cs+1;Nb+5;Zn+2;S-2;F-1,0.85467,2.48580,0.84336,-2.10104,0.80918,4.16241,0.14720,0.12581,False,pass,-2.15543,54.39490,0.21288,0.30954,0.40743,0.52510,0.82456,stable_likely,,
Cs2NbZnSe3F3,False,True,1.88000,0.69000,1.65500,1.06594,0.41692,4.11684,True,Cs+1;Nb+5;Zn+2;Se-2;F-1,0.79264,2.14881,0.86772,-1.93176,0.42376,3.87387,0.20493,0.16244,False,pass,-2.07368,141.91791,0.05375,0.07158,0.08936,0.11297,0.26857,unstable_likely,,
Cs2TaFeO3F3,True,True,1.88000,0.71000,1.36500,1.10581,0.52015,3.64177,True,Cs+1;Ta+5;Fe+2;O-2;F-1,0.84117,2.74262,0.85782,-2.62791,1.03725,4.44799,0.11031,0.09279,False,pass,-2.91270,284.79278,0.01034,0.01231,0.01424,0.01664,0.03066,unstable_likely,,
Cs2TaFeO3Cl3,True,True,1.88000,0.71000,1.60500,1.06448,0.44237,3.97980,True,Cs+1;Ta+5;Fe+2;O-2;Cl-1,0.86008,2.20252,0.63617,-1.96875,0.93779,3.46725,0.20409,0.17553,False,pass,-2.42873,459.98087,0.00285,0.00323,0.00353,0.00389,0.00548,unstable_likely,,
Cs2TaFeO3Br3,True,True,1.88000,0.71000,1.68000,1.05326,0.42262,4.08543,True,Cs+1;Ta+5;Fe+2;O-2;Br-1,0.84633,2.10540,0.64248,-1.76334,0.82812,3.38268,0.22907,0.19387,False,pass,-2.29826,534.91947,0.00196,0.00214,0.00235,0.00255,0.00332,unstable_likely,,
Cs2TaFeS3F3,False,True,1.88000,0.71000,1.58500,1.06759,0.44795,3.95163,True,Cs+1;Ta+5;Fe+2;S-2;F-1,0.85852,1.94141,0.73791,-2.01580,0.47441,3.40841,0.27034,0.23209,False,pass,-2.13372,117.92325,0.07557,0.10279,0.13048,0.16793,0.41838,unstable_likely,,
Cs2TaFeSe3F3,False,True,1.88000,0.71000,1.65500,1.05692,0.42900,4.05022,True,Cs+1;Ta+5;Fe+2;Se-2;F-1,0.79509,1.87769,0.74572,-1.93739,0.39517,3.36021,0.28562,0.22709,False,pass,-2.01405,76.66010,0.14442,0.20414,0.26994,0.35775,0.72578,unstable_likely,,
Cs2TaMnO3F3,True,True,1.88000,0.73500,1.36500,1.09265,0.53846,3.58068,True,Cs+1;Ta+5;Mn+2;O-2;F-1,0.84198,3.08766,0.81357,-2.83777,1.47025,4.70506,0.06752,0.05685,False,pass,-3.02546,187.69032,0.02956,0.03824,0.04655,0.05724,0.12102,unstable_likely,,
Cs2TaMnO3Cl3,True,True,1.88000,0.73500,1.60500,1.05311,0.45794,3.90721,True,Cs+1;Ta+5;Mn+2;O-2;Cl-1,0.84944,2.36712,0.64095,-2.06647,1.09290,3.64135,0.15733,0.13364,False,pass,-2.54759,481.12156,0.00261,0.00285,0.00315,0.00340,0.00467,unstable_likely,,
Cs2TaMnO3Br3,True,True,1.88000,0.73500,1.68000,1.04236,0.43750,4.00925,True,Cs+1;Ta+5;Mn+2;O-2;Br-1,0.82248,2.49636,0.59814,-1.88537,1.30724,3.68548,0.12618,0.10378,False,pass,-2.41138,526.00841,0.00202,0.00225,0.00242,0.00265,0.00349,unstable_likely,,
Cs2TaMnO3I3,True,True,1.88000,0.73500,1.80000,1.02649,0.40833,4.17251,True,Cs+1;Ta+5;Mn+2;O-2;I-1,0.83188,2.49095,0.55193,-1.70918,1.39370,3.58820,0.11470,0.09542,False,pass,-2.20972,500.54337,0.00234,0.00262,0.00276,0.00302,0.00415,unstable_likely,,
Cs2TaMnS3F3,False,True,1.88000,0.73500,1.58500,1.05609,0.46372,3.87999,True,Cs+1;Ta+5;Mn+2;S-2;F-1,0.84087,2.19221,0.76621,-2.11530,0.66897,3.71546,0.20113,0.16913,False,pass,-2.21482,99.52407,0.10036,0.13788,0.17860,0.23333,0.56585,unstable_likely,,
Cs2TaMnSe3F3,False,True,1.88000,0.73500,1.65500,1.04587,0.44411,3.97523,True,Cs+1;Ta+5;Mn+2;Se-2;F-1,0.79326,2.46115,0.77399,-2.08374,0.92244,3.99987,0.14855,0.11784,False,pass,-2.12708,43.33903,0.26182,0.37969,0.49318,0.61458,0.85735,stable_likely,,
Cs2TaSbO6,True,True,1.88000,0.62000,1.40000,1.14817,0.44286,3.99153,True,Cs+1;Ta+5;Sb+5;O-2,0.89056,3.50035,0.72515,-2.22971,2.05873,4.94196,0.02794,0.02488,False,pass,-2.49598,266.27056,0.01216,0.01474,0.01721,0.02036,0.03901,unstable_likely,,
Cs2TaCuO3F3,True,True,1.88000,0.68500,1.36500,1.11930,0.50183,3.71111,True,Cs+1;Ta+5;Cu+2;O-2;F-1,0.83835,2.82837,0.86108,-2.41290,1.11652,4.54023,0.09892,0.08293,False,pass,-2.71358,300.67527,0.00903,0.01079,0.01222,0.01408,0.02501,unstable_likely,,
Cs2TaCuO3Cl3,True,True,1.88000,0.68500,1.60500,1.07610,0.42679,4.06147,True,Cs+1;Ta+5;Cu+2;O-2;Cl-1,0.82453,2.24101,0.66540,-1.96717,0.91818,3.56384,0.19303,0.15916,False,pass,-2.31677,349.60157,0.00603,0.00697,0.00796,0.00912,0.01428,unstable_likely,,
Cs2TaCuO3Br3,True,True,1.88000,0.68500,1.68000,1.06440,0.40774,4.17096,True,Cs+1;Ta+5;Cu+2;O-2;Br-1,0.80196,2.04778,0.61964,-1.70638,0.81593,3.27964,0.25034,0.20076,False,pass,-2.19251,486.12897,0.00249,0.00274,0.00301,0.00328,0.00455,unstable_likely,,
Cs2TaCuS3F3,False,True,1.88000,0.68500,1.58500,1.07935,0.43218,4.03228,True,Cs+1;Ta+5;Cu+2;S-2;F-1,0.82868,2.32718,0.78063,-1.99934,0.77527,3.87909,0.17573,0.14562,False,pass,-2.06674,67.39777,0.16987,0.24229,0.32141,0.42240,0.77347,unstable_likely,,
Cs2TaCuSe3F3,False,True,1.88000,0.68500,1.65500,1.06821,0.41390,4.13446,True,Cs+1;Ta+5;Cu+2;Se-2;F-1,0.75376,1.91470,0.78955,-1.86545,0.34505,3.48436,0.26696,0.20123,False,pass,-1.98388,118.43271,0.07512,0.10200,0.12951,0.16640,0.41464,unstable_likely,,
Cs2TaZnO3F3,True,True,1.88000,0.69000,1.36500,1.11657,0.50549,3.69655,True,Cs+1;Ta+5;Zn+2;O-2;F-1,0.85381,3.26319,0.90865,-2.54893,1.45676,5.06961,0.06204,0.05297,False,pass,-2.93127,382.34008,0.00465,0.00537,0.00613,0.00683,0.01061,unstable_likely,,
Cs2TaZnO3Cl3,True,True,1.88000,0.69000,1.60500,1.07375,0.42991,4.04438,True,Cs+1;Ta+5;Zn+2;O-2;Cl-1,0.84454,2.55075,0.68881,-2.08569,1.18137,3.92014,0.12390,0.10464,False,pass,-2.52403,438.34123,0.00327,0.00371,0.00409,0.00450,0.00649,unstable_likely,,
Cs2TaZnO3Br3,True,True,1.88000,0.69000,1.68000,1.06215,0.41071,4.15307,True,Cs+1;Ta+5;Zn+2;O-2;Br-1,0.80882,2.30049,0.64340,-1.77194,1.02140,3.57958,0.17716,0.14329,False,pass,-2.38669,614.75013,0.00133,0.00147,0.00161,0.00169,0.00214,unstable_likely,,
Cs2TaZnS3F3,False,True,1.88000,0.69000,1.58500,1.07698,0.43533,4.01539,True,Cs+1;Ta+5;Zn+2;S-2;F-1,0.83778,2.57937,0.82792,-2.06291,0.93343,4.22530,0.13091,0.10967,False,pass,-2.19032,127.40664,0.06633,0.08874,0.11213,0.14267,0.35276,unstable_likely,,
Cs2TaZnSe3F3,False,True,1.88000,0.69000,1.65500,1.06594,0.41692,4.11684,True,Cs+1;Ta+5;Zn+2;Se-2;F-1,0.77097,2.39720,0.83674,-2.00463,0.73373,4.06067,0.16568,0.12774,False,pass,-2.08356,78.93073,0.13908,0.19662,0.25892,0.34257,0.71285,unstable_likely,,
Cs2CrMoO3F3,True,True,1.88000,0.63250,1.36500,1.14872,0.46337,3.88665,True,Cs+1;Cr+3;Mo+4;O-2;F-1,0.87810,3.24960,0.99357,-2.58612,1.27436,5.22485,0.06862,0.06025,False,pass,-2.56718,-18.93829,0.69997,0.80043,0.85000,0.88451,0.94489,stable_likely,,
Cs2CrWO3F3,True,True,1.88000,0.63750,1.36500,1.14585,0.46703,3.86803,True,Cs+1;Cr+3;W+4;O-2;F-1,0.88066,2.92709,0.93910,-2.53962,1.06013,4.79405,0.09360,0.08243,False,pass,-2.58052,40.89778,0.27378,0.39666,0.51283,0.63287,0.86305,stable_likely,,
Cs2CrMnO3F3,True,True,1.88000,0.66000,1.36500,1.13312,0.48352,3.78935,True,Cs+1;Cr+5;Mn+2;O-2;F-1,0.84676,2.62966,0.88968,-2.65202,0.86094,4.39838,0.12635,0.10699,False,pass,-2.55613,-95.88632,0.92452,0.94285,0.95236,0.95993,0.97521,stable_likely,,
Cs2CrMnO3Cl3,True,True,1.88000,0.66000,1.60500,1.08798,0.41121,4.15299,True,Cs+1;Cr+5;Mn+2;O-2;Cl-1,0.85900,1.91906,0.68150,-1.92617,0.56421,3.27391,0.28672,0.24629,False,pass,-2.09406,167.88817,0.03816,0.04972,0.06129,0.07563,0.16805,unstable_likely,,
Cs2CrMnS3F3,False,True,1.88000,0.66000,1.58500,1.09137,0.41640,4.12268,True,Cs+1;Cr+5;Mn+2;S-2;F-1,0.82295,1.88488,0.78402,-2.08077,0.32623,3.44354,0.27583,0.22699,False,pass,-2.04472,-36.04970,0.78821,0.85575,0.88856,0.91212,0.95529,stable_likely,,
Cs2CrAgF6,False,True,1.88000,0.88250,1.33000,1.02590,0.66353,3.32396,True,Cs+1;Cr+3;Ag+1;F-1,0.57755,2.31916,0.73675,-2.64516,0.85446,3.78385,0.17817,0.10290,False,pass,-2.67938,34.21731,0.31056,0.44686,0.56808,0.68015,0.87812,stable_likely,,
Cs2CrAgCl6,False,True,1.88000,0.88250,1.81000,0.96907,0.48757,3.86786,True,Cs+1;Cr+3;Ag+1;Cl-1,0.63791,1.16859,0.47080,-1.63801,0.23261,2.10456,0.54018,0.34458,False,pass,-1.74999,111.97882,0.08270,0.11288,0.14366,0.18666,0.46359,unstable_likely,,
Cs2CrAgBr6,False,True,1.88000,0.88250,1.96000,0.95525,0.45026,4.03784,True,Cs+1;Cr+3;Ag+1;Br-1,0.62853,0.79398,0.32701,-1.34343,0.14388,1.44409,0.27650,0.17379,False,pass,-1.47538,131.94703,0.06214,0.08276,0.10418,0.13258,0.32398,unstable_likely,,
Cs2CrAgO3F3,False,True,1.88000,0.79500,1.36500,1.06230,0.58242,3.46454,True,Cs+1;Cr+6;Ag+1;O-2;F-1,0.74848,2.25073,0.76097,-2.28726,0.73789,3.76357,0.19058,0.14264,False,pass,-2.15171,-135.54651,0.95501,0.96398,0.96892,0.97291,0.98156,stable_likely,,
Cs2CrAgO3Cl3,False,True,1.88000,0.79500,1.60500,1.02678,0.49533,3.76642,True,Cs+1;Cr+6;Ag+1;O-2;Cl-1,0.78283,1.56324,0.59359,-1.73976,0.38317,2.74331,0.43729,0.34232,False,pass,-1.75940,19.63783,0.40587,0.56481,0.67744,0.76303,0.90401,stable_likely,,
Cs2CrAgO3Br3,True,True,1.88000,0.79500,1.68000,1.01709,0.47321,3.86076,True,Cs+1;Cr+6;Ag+1;O-2;Br-1,0.82966,1.63912,0.56362,-1.51558,0.51862,2.75962,0.42438,0.35209,False,pass,-1.65575,140.17250,0.05533,0.07324,0.09199,0.11604,0.27768,unstable_likely,,
Cs2CrAgO3I3,True,True,1.88000,0.79500,1.80000,1.00276,0.44167,4.01171,True,Cs+1;Cr+6;Ag+1;O-2;I-1,0.83562,1.69356,0.50711,-1.27149,0.68541,2.70171,0.43113,0.36026,False,pass,-1.55606,284.56930,0.01039,0.01233,0.01428,0.01665,0.03073,unstable_likely,,
Cs2CrAgS3F3,False,True,1.88000,0.79500,1.58500,1.02946,0.50158,3.74127,True,Cs+1;Cr+6;Ag+1;S-2;F-1,0.80106,1.58815,0.67122,-1.93303,0.25374,2.92255,0.38741,0.31034,False,pass,-1.86386,-69.17436,0.88502,0.91664,0.93295,0.94505,0.96857,stable_likely,,
Cs2CrAgS3Cl3,False,True,1.88000,0.79500,1.82500,0.99994,0.43562,4.04315,True,Cs+1;Cr+6;Ag+1;S-2;Cl-1,0.75329,1.12655,0.45368,-1.32748,0.22462,2.02847,0.53266,0.40125,False,pass,-1.38239,54.90612,0.21080,0.30669,0.40392,0.52093,0.82291,stable_likely,,
Cs2CrAgS3Br3,False,True,1.88000,0.79500,1.90000,0.99179,0.41842,4.13749,True,Cs+1;Cr+6;Ag+1;S-2;Br-1,0.79095,1.09894,0.35706,-1.25201,0.38910,1.80879,0.58035,0.45903,False,pass,-1.24873,-3.27811,0.58774,0.72541,0.79794,0.84802,0.93204,stable_likely,,
Cs2CrAgSe3F3,False,True,1.88000,0.79500,1.65500,1.02025,0.48036,3.82932,True,Cs+1;Cr+6;Ag+1;Se-2;F-1,0.80127,1.47477,0.63260,-1.63729,0.21714,2.73241,0.42969,0.34430,False,pass,-1.84979,212.49666,0.02132,0.02777,0.03374,0.04098,0.08211,unstable_likely,,
Cs2CrAgSe3Cl3,False,True,1.88000,0.79500,1.89500,0.99232,0.41953,4.13120,True,Cs+1;Cr+6;Ag+1;Se-2;Cl-1,0.81763,1.19805,0.43504,-1.25911,0.33318,2.06292,0.57723,0.47196,False,pass,-1.36200,102.88757,0.09516,0.13062,0.16805,0.21900,0.53765,unstable_likely,,
Cs2CrAgF3Cl3,False,True,1.88000,0.88250,1.57000,0.99471,0.56210,3.59591,True,Cs+1;Cr+3;Ag+1;F-1;Cl-1,0.59520,1.56595,0.62672,-2.10922,0.32001,2.81190,0.41653,0.24791,False,pass,-2.28967,180.44829,0.03238,0.04212,0.05136,0.06351,0.13577,unstable_likely,,
Cs2CrAgF3Br3,False,True,1.88000,0.88250,1.64500,0.98617,0.53647,3.68090,True,Cs+1;Cr+3;Ag+1;F-1;Br-1,0.65026,1.53050,0.54568,-1.85213,0.44567,2.61534,0.47603,0.30954,False,pass,-2.17868,326.54909,0.00713,0.00851,0.00973,0.01121,0.01815,unstable_likely,,
Cs2CrAgF3I3,False,True,1.88000,0.88250,1.76500,0.97352,0.50000,3.81687,True,Cs+1;Cr+3;Ag+1;F-1;I-1,0.65145,1.40495,0.52881,-1.72784,0.35365,2.45625,0.51637,0.33639,False,pass,-2.01189,284.05018,0.01044,0.01236,0.01436,0.01675,0.03097,unstable_likely,,
Cs2CrAgCl3Br3,False,True,1.88000,0.88250,1.88500,0.96197,0.46817,3.95285,True,Cs+1;Cr+3;Ag+1;Cl-1;Br-1,0.69145,1.07188,0.41857,-1.47736,0.23974,1.90401,0.52498,0.36300,False,pass,-1.62964,152.28137,0.04688,0.06185,0.07638,0.09616,0.22146,unstable_likely,,
Cs2CrAgCl3I3,False,True,1.88000,0.88250,2.00500,0.95138,0.44015,4.08883,True,Cs+1;Cr+3;Ag+1;Cl-1;I-1,0.70753,1.00265,0.39741,-1.28994,0.21258,1.79272,0.48599,0.34385,False,pass,-1.45701,167.07245,0.03859,0.05029,0.06201,0.07656,0.17089,unstable_likely,,
Cs2CrAgBr3I3,True,True,1.88000,0.88250,2.08000,0.94520,0.42428,4.17381,True,Cs+1;Cr+3;Ag+1;Br-1;I-1,0.64151,0.78894,0.32685,-1.19181,0.13915,1.43874,0.27093,0.17381,False,pass,-1.30275,110.93811,0.08410,0.11468,0.14630,0.19013,0.47221,unstable_likely,,
Cs2MoWO6,True,True,1.88000,0.62500,1.40000,1.14534,0.44643,3.97138,True,Cs+1;Mo+6;W+4;O-2,0.61152,1.72449,0.86011,-1.99074,0.01456,3.43441,0.28764,0.17590,False,pass,-2.18550,194.75742,0.02704,0.03487,0.04247,0.05178,0.10790,unstable_likely,,
Cs2MoFeO3F3,True,True,1.88000,0.64750,1.36500,1.14015,0.47436,3.83205,True,Cs+1;Mo+4;Fe+3;O-2;F-1,0.83893,2.38881,0.95514,-2.44632,0.48996,4.28766,0.16231,0.13616,False,pass,-2.45327,6.94736,0.50470,0.66170,0.75077,0.81585,0.92143,stable_likely,,
Cs2MoFeS3F3,False,True,1.88000,0.64750,1.58500,1.09748,0.40852,4.17182,True,Cs+1;Mo+4;Fe+3;S-2;F-1,0.85075,1.72991,0.78835,-1.84234,0.16263,3.29718,0.30756,0.26166,False,pass,-2.03637,194.02587,0.02724,0.03520,0.04286,0.05233,0.10918,unstable_likely,,
Cs2MoBiO3F3,True,True,1.88000,0.84000,1.36500,1.04062,0.61538,3.40309,True,Cs+1;Mo+4;Bi+3;O-2;F-1,0.85005,2.79318,0.76156,-2.29034,1.27917,4.30719,0.09470,0.08050,False,pass,-2.42260,132.26432,0.06188,0.08234,0.10370,0.13177,0.32231,unstable_likely,,
Cs2MoBiO3Cl3,True,True,1.88000,0.84000,1.60500,1.00788,0.52336,3.68880,True,Cs+1;Mo+4;Bi+3;O-2;Cl-1,0.82789,2.16661,0.64728,-1.80644,0.87980,3.45341,0.21219,0.17567,False,pass,-2.00276,196.31887,0.02663,0.03410,0.04169,0.05077,0.10516,unstable_likely,,
Cs2MoBiO3Br3,True,True,1.88000,0.84000,1.68000,0.99893,0.50000,3.77809,True,Cs+1;Mo+4;Bi+3;O-2;Br-1,0.82655,1.88593,0.57996,-1.34784,0.73296,3.03890,0.32039,0.26482,False,pass,-1.87084,523.00279,0.00205,0.00231,0.00247,0.00267,0.00357,unstable_likely,,
Cs2MoBiO3I3,True,True,1.88000,0.84000,1.80000,0.98566,0.46667,3.92094,True,Cs+1;Mo+4;Bi+3;O-2;I-1,0.83615,1.77508,0.56710,-1.19357,0.64766,2.90250,0.36740,0.30721,False,pass,-1.68411,490.53596,0.00243,0.00269,0.00295,0.00322,0.00445,unstable_likely,,
Cs2MoBiS3F3,False,True,1.88000,0.84000,1.58500,1.01036,0.52997,3.66499,True,Cs+1;Mo+4;Bi+3;S-2;F-1,0.86753,2.08303,0.65367,-1.82853,0.78352,3.38254,0.23751,0.20604,False,pass,-2.00658,178.05424,0.03346,0.04331,0.05300,0.06579,0.14120,unstable_likely,,
Cs2MoBiS3Cl3,False,True,1.88000,0.84000,1.82500,0.98305,0.46027,3.95070,True,Cs+1;Mo+4;Bi+3;S-2;Cl-1,0.87151,1.79932,0.45041,-1.39738,0.90388,2.69475,0.39998,0.34859,False,pass,-1.59047,193.08533,0.02756,0.03568,0.04329,0.05295,0.11087,unstable_likely,,
Cs2MoBiS3Br3,False,True,1.88000,0.84000,1.90000,0.97550,0.44211,4.03999,True,Cs+1;Mo+4;Bi+3;S-2;Br-1,0.83686,1.22329,0.32142,-1.18565,0.58429,1.86229,0.68805,0.57580,False,pass,-1.45855,272.89925,0.01157,0.01379,0.01603,0.01883,0.03579,unstable_likely,,
Cs2MoBiSe3F3,False,True,1.88000,0.84000,1.65500,1.00185,0.50755,3.74832,True,Cs+1;Mo+4;Bi+3;Se-2;F-1,0.82621,1.67389,0.61951,-1.59964,0.44229,2.90550,0.38488,0.31799,False,pass,-1.94305,343.40993,0.00627,0.00731,0.00835,0.00958,0.01521,unstable_likely,,
Cs2MoBiSe3Cl3,False,True,1.88000,0.84000,1.89500,0.97599,0.44327,4.03404,True,Cs+1;Mo+4;Bi+3;Se-2;Cl-1,0.87535,1.54849,0.47693,-1.27241,0.60035,2.49664,0.51899,0.45430,False,pass,-1.53056,258.14742,0.01306,0.01603,0.01876,0.02251,0.04327,unstable_likely,,
Cs2MoBiSe3Br3,False,True,1.88000,0.84000,1.97000,0.96881,0.42640,4.12332,True,Cs+1;Mo+4;Bi+3;Se-2;Br-1,0.83348,1.08785,0.29451,-1.14110,0.50236,1.67334,0.60922,0.50777,False,pass,-1.39864,257.54134,0.01314,0.01611,0.01888,0.02266,0.04363,unstable_likely,,
Cs2MoSbO3F3,True,True,1.88000,0.70500,1.36500,1.10848,0.51648,3.65496,True,Cs+1;Mo+4;Sb+3;O-2;F-1,0.90017,3.29606,0.81405,-2.32672,1.67770,4.91442,0.04929,0.04437,False,pass,-2.44121,114.48849,0.07984,0.10839,0.13797,0.17868,0.44483,unstable_likely,,
Cs2MoSbO3Cl3,True,True,1.88000,0.70500,1.60500,1.06678,0.43925,3.99538,True,Cs+1;Mo+4;Sb+3;O-2;Cl-1,0.88698,2.34973,0.64804,-1.79546,1.06141,3.63805,0.16264,0.14426,False,pass,-1.99887,203.40578,0.02398,0.03119,0.03797,0.04618,0.09454,unstable_likely,,
Cs2MoSbO3Br3,True,True,1.88000,0.70500,1.68000,1.05547,0.41964,4.10177,True,Cs+1;Mo+4;Sb+3;O-2;Br-1,0.87735,1.97691,0.58313,-1.35347,0.81762,3.13620,0.28199,0.24740,False,pass,-1.87492,521.44626,0.00206,0.00234,0.00249,0.00267,0.00363,unstable_likely,,
Cs2MoSbS3F3,False,True,1.88000,0.70500,1.58500,1.06992,0.44479,3.96701,True,Cs+1;Mo+4;Sb+3;S-2;F-1,0.91853,2.16894,0.63635,-1.76933,0.90386,3.43403,0.21219,0.19490,False,pass,-2.00660,237.26954,0.01616,0.02013,0.02434,0.02971,0.05752,unstable_likely,,
Cs2MoSbSe3F3,True,True,1.88000,0.70500,1.65500,1.05916,0.42598,4.06631,True,Cs+1;Mo+4;Sb+3;Se-2;F-1,0.87486,1.65601,0.63590,-1.50287,0.39183,2.92019,0.38378,0.33575,False,pass,-1.93619,433.32472,0.00336,0.00380,0.00418,0.00463,0.00674,unstable_likely,,
Cs2MoAgO3F3,True,True,1.88000,0.87000,1.36500,1.02665,0.63736,3.37341,True,Cs+1;Mo+6;Ag+1;O-2;F-1,0.84085,2.57278,0.83989,-2.24564,0.90305,4.24251,0.13243,0.11135,False,pass,-2.23975,-5.88598,0.60827,0.73914,0.80788,0.85528,0.93462,stable_likely,,
Cs2MoAgO3Cl3,True,True,1.88000,0.87000,1.60500,0.99566,0.54206,3.64927,True,Cs+1;Mo+6;Ag+1;O-2;Cl-1,0.83467,1.76703,0.58019,-1.63717,0.61359,2.92046,0.36529,0.30490,False,pass,-1.84630,209.12856,0.02224,0.02902,0.03517,0.04284,0.08657,unstable_likely,,
Cs2MoAgO3Br3,True,True,1.88000,0.87000,1.68000,0.98718,0.51786,3.73548,True,Cs+1;Mo+6;Ag+1;O-2;Br-1,0.86515,1.92692,0.48873,-1.33515,0.95530,2.89854,0.31870,0.27573,False,pass,-1.73826,403.10500,0.00410,0.00464,0.00511,0.00587,0.00885,unstable_likely,,
Cs2MoAgO3I3,True,True,1.88000,0.87000,1.80000,0.97459,0.48333,3.87341,True,Cs+1;Mo+6;Ag+1;O-2;I-1,0.85641,1.86990,0.51249,-1.16479,0.85106,2.88875,0.34242,0.29325,False,pass,-1.59092,426.12585,0.00349,0.00400,0.00443,0.00482,0.00717,unstable_likely,,
Cs2MoAgS3F3,False,True,1.88000,0.87000,1.58500,0.99801,0.54890,3.62628,True,Cs+1;Mo+6;Ag+1;S-2;F-1,0.87705,1.90946,0.61408,-1.71190,0.68864,3.13028,0.30300,0.26575,False,pass,-1.83209,120.19142,0.07323,0.09934,0.12597,0.16151,0.40178,unstable_likely,,
Cs2MoAgS3Cl3,False,True,1.88000,0.87000,1.82500,0.97211,0.47671,3.90215,True,Cs+1;Mo+6;Ag+1;S-2;Cl-1,0.85022,1.60902,0.43036,-1.30405,0.75346,2.46458,0.52946,0.45015,False,pass,-1.44260,138.54884,0.05660,0.07501,0.09429,0.11936,0.28644,unstable_likely,,
Cs2MoAgS3Br3,False,True,1.88000,0.87000,1.90000,0.96493,0.45789,3.98835,True,Cs+1;Mo+6;Ag+1;S-2;Br-1,0.84777,1.33835,0.32384,-1.24187,0.69455,1.98216,0.72519,0.61479,False,pass,-1.33198,90.10609,0.11614,0.16179,0.21015,0.27803,0.63890,unstable_likely,,
Cs2MoAgS3I3,True,True,1.88000,0.87000,2.02000,0.95423,0.43069,4.12628,True,Cs+1;Mo+6;Ag+1;S-2;I-1,0.82132,1.40155,0.29282,-1.01198,0.81942,1.98368,0.76848,0.63117,False,pass,-1.17815,166.17368,0.03906,0.05087,0.06292,0.07776,0.17366,unstable_likely,,
Cs2MoAgSe3F3,False,True,1.88000,0.87000,1.65500,0.98995,0.52568,3.70674,True,Cs+1;Mo+6;Ag+1;Se-2;F-1,0.87016,1.79725,0.59416,-1.51120,0.61605,2.97845,0.35061,0.30508,False,pass,-1.79544,284.23651,0.01043,0.01236,0.01433,0.01668,0.03090,unstable_likely,,
Cs2MoAgSe3Cl3,False,True,1.88000,0.87000,1.89500,0.96540,0.45910,3.98261,True,Cs+1;Mo+6;Ag+1;Se-2;Cl-1,0.88612,1.54179,0.41684,-1.26130,0.71311,2.37047,0.57731,0.51157,False,pass,-1.39580,134.50020,0.06003,0.07979,0.10044,0.12728,0.30896,unstable_likely,,
Cs2MoAgSe3Br3,False,True,1.88000,0.87000,1.97000,0.95858,0.44162,4.06881,True,Cs+1;Mo+6;Ag+1;Se-2;Br-1,0.81305,1.10462,0.29734,-1.15680,0.51351,1.69574,0.62508,0.50822,False,pass,-1.28188,125.07654,0.06833,0.09219,0.11620,0.14852,0.36811,unstable_likely,,
Cs2MoInO3F3,True,True,1.88000,0.72500,1.36500,1.09788,0.53114,3.60416,True,Cs+1;Mo+4;In+3;O-2;F-1,0.96109,3.68600,0.83919,-2.44619,2.01766,5.35434,0.03089,0.02969,False,pass,-2.49605,49.86262,0.23207,0.33676,0.44192,0.56284,0.83894,stable_likely,,
Cs2MoInO3Cl3,True,True,1.88000,0.72500,1.60500,1.05763,0.45171,3.93520,True,Cs+1;Mo+4;In+3;O-2;Cl-1,0.95013,2.82994,0.65384,-1.95082,1.53008,4.12979,0.07461,0.07089,False,pass,-2.06855,117.72618,0.07581,0.10308,0.13097,0.16866,0.41989,unstable_likely,,
Cs2MoInO3Br3,True,True,1.88000,0.72500,1.68000,1.04669,0.43155,4.03864,True,Cs+1;Mo+4;In+3;O-2;Br-1,0.93671,2.25195,0.60027,-1.50755,1.05860,3.44531,0.18813,0.17623,False,pass,-1.92654,418.98753,0.00367,0.00418,0.00459,0.00510,0.00761,unstable_likely,,
Cs2MoInS3F3,False,True,1.88000,0.72500,1.58500,1.06066,0.45741,3.90761,True,Cs+1;Mo+4;In+3;S-2;F-1,0.96459,2.78821,0.71398,-2.02251,1.36879,4.20763,0.09158,0.08833,False,pass,-2.08347,60.95759,0.19006,0.27347,0.36238,0.47202,0.80086,unstable_likely,,
Cs2MoInSe3F3,False,True,1.88000,0.72500,1.65500,1.05026,0.43807,4.00416,True,Cs+1;Mo+4;In+3;Se-2;F-1,0.94809,2.08815,0.70790,-1.69434,0.68082,3.49548,0.23261,0.22054,False,pass,-2.01215,317.81208,0.00777,0.00924,0.01057,0.01196,0.02003,unstable_likely,,
Cs2MoGaO3F3,True,True,1.88000,0.63500,1.36500,1.14728,0.46520,3.87729,True,Cs+1;Mo+4;Ga+3;O-2;F-1,0.97022,3.77638,0.87128,-2.50022,2.04425,5.50851,0.02979,0.02891,False,pass,-2.56413,63.91194,0.18048,0.25897,0.34265,0.44925,0.78830,unstable_likely,,
Cs2WFeO3F3,True,True,1.88000,0.65250,1.36500,1.13733,0.47802,3.81467,True,Cs+1;W+4;Fe+3;O-2;F-1,0.83351,2.58322,0.93464,-2.48688,0.72513,4.44132,0.13445,0.11207,False,pass,-2.47711,-9.76617,0.63805,0.75988,0.82181,0.86470,0.93795,stable_likely,,
Cs2WFeS3F3,False,True,1.88000,0.65250,1.58500,1.09503,0.41167,4.15184,True,Cs+1;W+4;Fe+3;S-2;F-1,0.83346,1.72298,0.74623,-1.78289,0.23946,3.20651,0.32292,0.26914,False,pass,-2.02544,242.55452,0.01531,0.01888,0.02266,0.02776,0.05325,unstable_likely,,
Cs2WBiO3F3,True,True,1.88000,0.84500,1.36500,1.03826,0.61905,3.39753,True,Cs+1;W+4;Bi+3;O-2;F-1,0.76996,2.60186,0.83301,-2.36723,0.94581,4.25790,0.12694,0.09774,False,pass,-2.44567,78.43731,0.14035,0.19819,0.26136,0.34593,0.71579,unstable_likely,,
Cs2WBiO3Cl3,True,True,1.88000,0.84500,1.60500,1.00582,0.52648,3.68155,True,Cs+1;W+4;Bi+3;O-2;Cl-1,0.74489,2.50540,0.60135,-1.84809,1.30989,3.70091,0.12382,0.09223,False,pass,-2.02115,173.05546,0.03570,0.04637,0.05697,0.07044,0.15373,unstable_likely,,
Cs2WBiO3Br3,True,True,1.88000,0.84500,1.68000,0.99695,0.50298,3.77031,True,Cs+1;W+4;Bi+3;O-2;Br-1,0.73526,1.97750,0.56318,-1.35709,0.85787,3.09713,0.28224,0.20752,False,pass,-1.88923,532.13938,0.00200,0.00214,0.00237,0.00259,0.00338,unstable_likely,,
Cs2WBiO3I3,True,True,1.88000,0.84500,1.80000,0.98380,0.46944,3.91232,True,Cs+1;W+4;Bi+3;O-2;I-1,0.75586,1.79372,0.57653,-1.28940,0.64756,2.93988,0.35711,0.26992,False,pass,-1.70249,413.09255,0.00381,0.00434,0.00475,0.00527,0.00806,unstable_likely,,
Cs2WBiS3F3,False,True,1.88000,0.84500,1.58500,1.00828,0.53312,3.65788,True,Cs+1;W+4;Bi+3;S-2;F-1,0.75076,2.24106,0.67976,-1.82954,0.88968,3.59245,0.19413,0.14574,False,pass,-1.99231,162.76873,0.04090,0.05317,0.06603,0.08179,0.18430,unstable_likely,,
Cs2WBiS3Cl3,False,True,1.88000,0.84500,1.82500,0.98121,0.46301,3.94190,True,Cs+1;W+4;Bi+3;S-2;Cl-1,0.77923,1.79406,0.49965,-1.33431,0.80075,2.78737,0.38420,0.29938,False,pass,-1.57619,241.87981,0.01539,0.01904,0.02288,0.02795,0.05381,unstable_likely,,
Cs2WBiS3Br3,False,True,1.88000,0.84500,1.90000,0.97372,0.44474,4.03066,True,Cs+1;W+4;Bi+3;S-2;Br-1,0.81000,1.32410,0.35609,-1.15589,0.61619,2.03201,0.68552,0.55527,False,pass,-1.44427,288.38373,0.01003,0.01193,0.01364,0.01596,0.02929,unstable_likely,,
Cs2WBiS3I3,True,True,1.88000,0.84500,2.02000,0.96255,0.41832,4.17267,True,Cs+1;W+4;Bi+3;S-2;I-1,0.80691,1.29700,0.29269,-0.98284,0.71513,1.87887,0.75473,0.60900,False,pass,-1.25754,274.69690,0.01141,0.01346,0.01568,0.01848,0.03489,unstable_likely,,
Cs2WBiSe3F3,False,True,1.88000,0.84500,1.65500,0.99985,0.51057,3.74072,True,Cs+1;W+4;Bi+3;Se-2;F-1,0.74111,1.87493,0.66669,-1.63943,0.54952,3.20033,0.30520,0.22619,False,pass,-1.90840,268.96735,0.01188,0.01436,0.01679,0.01977,0.03770,unstable_likely,,
Cs2WBiSe3Cl3,False,True,1.88000,0.84500,1.89500,0.97421,0.44591,4.02475,True,Cs+1;W+4;Bi+3;Se-2;Cl-1,0.76020,1.43610,0.44746,-1.22007,0.54653,2.32567,0.58592,0.44542,False,pass,-1.49590,275.83485,0.01130,0.01337,0.01550,0.01833,0.03429,unstable_likely,,
Cs2WBiSe3Br3,False,True,1.88000,0.84500,1.97000,0.96709,0.42893,4.11350,True,Cs+1;W+4;Bi+3;Se-2;Br-1,0.80760,1.18085,0.31593,-1.13442,0.55277,1.80893,0.67227,0.54292,False,pass,-1.36399,229.56876,0.01753,0.02213,0.02708,0.03282,0.06431,unstable_likely,,
Cs2WSbO3F3,True,True,1.88000,0.71000,1.36500,1.10581,0.52015,3.64177,True,Cs+1;W+4;Sb+3;O-2;F-1,0.85905,2.75638,0.81517,-2.35123,1.13579,4.37697,0.10466,0.08991,False,pass,-2.45934,108.10823,0.08785,0.12023,0.15359,0.19917,0.49510,unstable_likely,,
Cs2WSbO3Cl3,True,True,1.88000,0.71000,1.60500,1.06448,0.44237,3.97980,True,Cs+1;W+4;Sb+3;O-2;Cl-1,0.81763,2.26534,0.65792,-1.81840,0.95737,3.57331,0.18898,0.15451,False,pass,-2.00340,184.99918,0.03059,0.03964,0.04831,0.05959,0.12636,unstable_likely,,
Cs2WSbO3Br3,True,True,1.88000,0.71000,1.68000,1.05326,0.42262,4.08543,True,Cs+1;W+4;Sb+3;O-2;Br-1,0.80835,2.05383,0.60558,-1.37471,0.84992,3.25774,0.24932,0.20154,False,pass,-1.87945,504.73966,0.00228,0.00256,0.00270,0.00296,0.00406,unstable_likely,,
Cs2WSbS3F3,False,True,1.88000,0.71000,1.58500,1.06759,0.44795,3.95163,True,Cs+1;W+4;Sb+3;S-2;F-1,0.85528,2.14040,0.70757,-1.77841,0.73372,3.54708,0.21691,0.18552,False,pass,-1.99814,219.72878,0.01960,0.02535,0.03070,0.03730,0.07365,unstable_likely,,
Cs2WSbSe3F3,True,True,1.88000,0.71000,1.65500,1.05692,0.42900,4.05022,True,Cs+1;W+4;Sb+3;Se-2;F-1,0.81322,1.84090,0.67312,-1.55489,0.50271,3.17908,0.31296,0.25451,False,pass,-1.90154,346.65214,0.00615,0.00712,0.00813,0.00933,0.01470,unstable_likely,,
Cs2WAgO3F3,True,True,1.88000,0.87500,1.36500,1.02436,0.64103,3.36931,True,Cs+1;W+6;Ag+1;O-2;F-1,0.88205,2.66051,0.83961,-2.28598,0.99134,4.32968,0.11884,0.10482,False,pass,-2.26611,-19.86816,0.70563,0.80399,0.85242,0.88620,0.94549,stable_likely,,
Cs2WAgO3Cl3,True,True,1.88000,0.87500,1.60500,0.99366,0.54517,3.64360,True,Cs+1;W+6;Ag+1;O-2;Cl-1,0.84010,2.19192,0.52954,-1.55788,1.13917,3.24466,0.20046,0.16840,False,pass,-1.94697,389.09039,0.00446,0.00510,0.00582,0.00646,0.00997,unstable_likely,,
Cs2WAgO3Br3,True,True,1.88000,0.87500,1.68000,0.98524,0.52083,3.72931,True,Cs+1;W+6;Ag+1;O-2;Br-1,0.82174,2.04430,0.48873,-1.32871,1.07268,3.01592,0.25321,0.20807,False,pass,-1.83923,510.52289,0.00217,0.00243,0.00265,0.00285,0.00387,unstable_likely,,
Cs2WAgO3I3,True,True,1.88000,0.87500,1.80000,0.97277,0.48611,3.86646,True,Cs+1;W+6;Ag+1;O-2;I-1,0.82518,1.84992,0.51765,-1.17163,0.82082,2.87902,0.35289,0.29119,False,pass,-1.67244,500.81397,0.00234,0.00262,0.00276,0.00302,0.00414,unstable_likely,,
Cs2WAgS3F3,False,True,1.88000,0.87500,1.58500,0.99599,0.55205,3.62074,True,Cs+1;W+6;Ag+1;S-2;F-1,0.87735,2.14794,0.62444,-1.67607,0.90654,3.38935,0.21818,0.19142,False,pass,-1.82984,153.77115,0.04594,0.06060,0.07476,0.09399,0.21560,unstable_likely,,
Cs2WAgS3Cl3,False,True,1.88000,0.87500,1.82500,0.97031,0.47945,3.89503,True,Cs+1;W+6;Ag+1;S-2;Cl-1,0.78785,1.66821,0.40052,-1.30334,0.87197,2.46445,0.51772,0.40789,False,pass,-1.44984,146.50259,0.05067,0.06711,0.08328,0.10481,0.24636,unstable_likely,,
Cs2WAgS3Br3,False,True,1.88000,0.87500,1.90000,0.96319,0.46053,3.98074,True,Cs+1;W+6;Ag+1;S-2;Br-1,0.80041,1.43908,0.29289,-1.25480,0.85681,2.02135,0.76587,0.61301,False,pass,-1.31770,62.90057,0.18390,0.26384,0.34943,0.45675,0.79271,unstable_likely,,
Cs2WAgS3I3,True,True,1.88000,0.87500,2.02000,0.95258,0.43317,4.11788,True,Cs+1;W+6;Ag+1;S-2;I-1,0.75150,1.58882,0.27570,-1.01323,1.04072,2.13692,0.70864,0.53255,False,pass,-1.16388,150.64817,0.04789,0.06331,0.07842,0.09851,0.22844,unstable_likely,,
Cs2WAgSe3F3,False,True,1.88000,0.87500,1.65500,0.98799,0.52870,3.70074,True,Cs+1;W+6;Ag+1;Se-2;F-1,0.80627,1.87632,0.60300,-1.61101,0.67754,3.07510,0.31870,0.25696,False,pass,-1.76589,154.87848,0.04522,0.05970,0.07348,0.09243,0.21097,unstable_likely,,
Cs2WAgSe3Cl3,False,True,1.88000,0.87500,1.89500,0.96366,0.46174,3.97503,True,Cs+1;W+6;Ag+1;Se-2;Cl-1,0.79088,1.47582,0.37836,-1.26461,0.72363,2.22801,0.64838,0.51279,False,pass,-1.36122,96.61122,0.10465,0.14456,0.18788,0.24591,0.58871,unstable_likely,,
Cs2WAgSe3Br3,False,True,1.88000,0.87500,1.97000,0.95689,0.44416,4.06074,True,Cs+1;W+6;Ag+1;Se-2;Br-1,0.80800,1.25155,0.28961,-1.15796,0.67581,1.82730,0.74105,0.59877,False,pass,-1.24705,89.09045,0.11843,0.16449,0.21427,0.28347,0.64605,unstable_likely,,
Cs2WInO3F3,True,True,1.88000,0.73000,1.36500,1.09526,0.53480,3.59226,True,Cs+1;W+4;In+3;O-2;F-1,0.95932,3.25015,0.83696,-2.46188,1.58624,4.91405,0.05478,0.05255,False,pass,-2.50733,45.44893,0.25157,0.36565,0.47624,0.59819,0.85171,stable_likely,,
Cs2WInO3Cl3,True,True,1.88000,0.73000,1.60500,1.05536,0.45483,3.92103,True,Cs+1;W+4;In+3;O-2;Cl-1,0.94020,2.38886,0.65279,-1.92441,1.09109,3.68663,0.15387,0.14466,False,pass,-2.07308,148.66959,0.04917,0.06512,0.08083,0.10164,0.23697,unstable_likely,,
Cs2WInO3Br3,True,True,1.88000,0.73000,1.68000,1.04452,0.43452,4.02377,True,Cs+1;W+4;In+3;O-2;Br-1,0.92127,2.22549,0.59471,-1.56316,1.04319,3.40779,0.19632,0.18086,False,pass,-1.93174,368.57876,0.00510,0.00608,0.00670,0.00767,0.01190,unstable_likely,,
Cs2WInS3F3,False,True,1.88000,0.73000,1.58500,1.05837,0.46057,3.89363,True,Cs+1;W+4;In+3;S-2;F-1,0.95225,2.34060,0.76057,-1.92332,0.82857,3.85263,0.17395,0.16565,False,pass,-2.06919,145.87207,0.05102,0.06756,0.08419,0.10589,0.24955,unstable_likely,,
Cs2WInSe3F3,False,True,1.88000,0.73000,1.65500,1.04806,0.44109,3.98952,True,Cs+1;W+4;In+3;Se-2;F-1,0.93349,2.16836,0.74424,-1.71280,0.68877,3.64794,0.20805,0.19421,False,pass,-1.97750,264.69950,0.01233,0.01499,0.01752,0.02074,0.03978,unstable_likely,,
Cs2WGaO3F3,True,True,1.88000,0.64000,1.36500,1.14442,0.46886,3.85888,True,Cs+1;W+4;Ga+3;O-2;F-1,0.96683,3.27769,0.88807,-2.45402,1.51217,5.04321,0.05807,0.05614,False,pass,-2.57541,121.38825,0.07213,0.09741,0.12353,0.15827,0.39336,unstable_likely,,
Cs2FeMnF6,False,True,1.88000,0.80500,1.33000,1.06314,0.60526,3.40559,True,Cs+1;Fe+2;Mn+2;F-1,0.54053,2.95779,0.83063,-2.89572,1.30646,4.60911,0.08305,0.04489,False,pass,-2.87044,-25.28010,0.73593,0.82363,0.86593,0.89598,0.94906,stable_likely,,
Cs2FeMnCl6,False,True,1.88000,0.80500,1.81000,0.99779,0.44475,4.00186,True,Cs+1;Fe+2;Mn+2;Cl-1,0.50023,1.12538,0.60631,-1.80348,-0.07998,2.33075,0.44953,0.22487,False,pass,-1.75620,-47.28114,0.83007,0.88109,0.90652,0.92600,0.96053,stable_likely,,
Cs2FeMnO3F3,True,True,1.88000,0.58750,1.36500,1.17519,0.43040,4.07455,True,Cs+1;Fe+3;Mn+4;O-2;F-1,0.79855,2.58337,0.78389,-2.47630,1.02497,4.14177,0.12660,0.10110,False,pass,-2.36108,-115.21617,0.94228,0.95485,0.96176,0.96734,0.97878,stable_likely,,
Cs2FeMnF3Cl3,False,True,1.88000,0.80500,1.57000,1.02717,0.51274,3.70372,True,Cs+1;Fe+2;Mn+2;F-1;Cl-1,0.54249,2.22663,0.79082,-2.11825,0.65446,3.79881,0.19396,0.10522,False,pass,-2.37491,256.66410,0.01328,0.01632,0.01909,0.02292,0.04421,unstable_likely,,
Cs2FeMnF3Br3,False,True,1.88000,0.80500,1.64500,1.01737,0.48936,3.79689,True,Cs+1;Fe+2;Mn+2;F-1;Br-1,0.56461,1.66982,0.80665,-1.93150,0.06617,3.27347,0.31642,0.17866,False,pass,-2.23870,307.20095,0.00842,0.01013,0.01164,0.01319,0.02273,unstable_likely,,
Cs2FeMnF3I3,True,True,1.88000,0.80500,1.76500,1.00288,0.45609,3.94596,True,Cs+1;Fe+2;Mn+2;F-1;I-1,0.53879,1.66551,0.73971,-1.84914,0.19493,3.13608,0.33904,0.18267,False,pass,-2.04516,196.02388,0.02668,0.03422,0.04180,0.05094,0.10561,unstable_likely,,
Cs2FeMnCl3Br3,False,True,1.88000,0.80500,1.88500,0.98969,0.42706,4.09503,True,Cs+1;Fe+2;Mn+2;Cl-1;Br-1,0.54814,0.85055,0.51488,-1.61832,-0.17305,1.87416,0.36099,0.19787,False,pass,-1.61774,-0.58308,0.56653,0.70996,0.78631,0.84026,0.92949,stable_likely,,
Cs2FeSbO3F3,True,True,1.88000,0.69000,1.36500,1.11657,0.50549,3.69655,True,Cs+1;Fe+2;Sb+5;O-2;F-1,0.78986,2.76203,0.63939,-2.35394,1.49090,4.03315,0.08069,0.06373,False,pass,-2.38997,36.03224,0.30049,0.43282,0.55359,0.66826,0.87424,stable_likely,,
Cs2FeSbO3Cl3,True,True,1.88000,0.69000,1.60500,1.07375,0.42991,4.04438,True,Cs+1;Fe+2;Sb+5;O-2;Cl-1,0.78634,1.92163,0.63192,-1.69333,0.66536,3.17790,0.29406,0.23123,False,pass,-1.94582,252.48776,0.01384,0.01700,0.02010,0.02429,0.04673,unstable_likely,,
Cs2FeSbO3Br3,True,True,1.88000,0.69000,1.68000,1.06215,0.41071,4.15307,True,Cs+1;Fe+2;Sb+5;O-2;Br-1,0.78449,1.80575,0.60697,-1.38494,0.59907,3.01243,0.34386,0.26975,False,pass,-1.82187,436.92824,0.00328,0.00371,0.00411,0.00453,0.00656,unstable_likely,,
Cs2FeSbS3F3,False,True,1.88000,0.69000,1.58500,1.07698,0.43533,4.01539,True,Cs+1;Fe+2;Sb+5;S-2;F-1,0.81809,1.90490,0.60401,-1.90344,0.70410,3.10570,0.30807,0.25203,False,pass,-1.90057,-2.87445,0.58478,0.72314,0.79622,0.84683,0.93165,stable_likely,,
Cs2FeSbSe3F3,False,True,1.88000,0.69000,1.65500,1.06594,0.41692,4.11684,True,Cs+1;Fe+2;Sb+5;Se-2;F-1,0.80552,1.43912,0.60959,-1.55035,0.22724,2.65101,0.45206,0.36414,False,pass,-1.84228,291.93067,0.00969,0.01164,0.01324,0.01536,0.02791,unstable_likely,,
Cs2FeCuF6,False,True,1.88000,0.70750,1.33000,1.11402,0.53195,3.59885,True,Cs+1;Fe+3;Cu+1;F-1,0.60877,2.24480,0.60837,-2.50191,1.03535,3.45426,0.19159,0.11664,False,pass,-2.59502,93.10736,0.11084,0.15359,0.19917,0.26295,0.61631,unstable_likely,,
Cs2FeCuF3Cl3,False,True,1.88000,0.70750,1.57000,1.07114,0.45064,3.93807,True,Cs+1;Fe+3;Cu+1;F-1;Cl-1,0.59400,1.53957,0.57444,-2.02545,0.39757,2.68157,0.45434,0.26988,False,pass,-2.15525,129.79782,0.06410,0.08569,0.10784,0.13724,0.33710,unstable_likely,,
Cs2FeCuF3Br3,False,True,1.88000,0.70750,1.64500,1.05953,0.43009,4.04408,True,Cs+1;Fe+3;Cu+1;F-1;Br-1,0.67296,1.39762,0.55873,-1.80016,0.28685,2.50839,0.49384,0.33233,False,pass,-2.03333,233.17464,0.01689,0.02114,0.02590,0.03131,0.06101,unstable_likely,,
Cs2FeAgF6,False,True,1.88000,0.89750,1.33000,1.01900,0.67481,3.31482,True,Cs+1;Fe+3;Ag+1;F-1,0.60668,2.05521,0.60643,-2.45586,0.84960,3.26082,0.24848,0.15075,False,pass,-2.55748,101.62305,0.09710,0.13326,0.17218,0.22399,0.54882,unstable_likely,,
Cs2FeAgCl6,False,True,1.88000,0.89750,1.81000,0.96370,0.49586,3.84964,True,Cs+1;Fe+3;Ag+1;Cl-1,0.63785,0.96644,0.46802,-1.53004,0.03599,1.89688,0.44218,0.28205,False,pass,-1.62071,90.66750,0.11516,0.16031,0.20813,0.27510,0.63472,unstable_likely,,
Cs2FeAgBr6,False,True,1.88000,0.89750,1.96000,0.95023,0.45791,4.01677,True,Cs+1;Fe+3;Ag+1;Br-1,0.67776,0.78600,0.41396,-1.26439,-0.03697,1.60898,0.30587,0.20731,False,pass,-1.36587,101.47607,0.09730,0.13355,0.17264,0.22467,0.55006,unstable_likely,,
Cs2FeAgF3Cl3,False,True,1.88000,0.89750,1.57000,0.98866,0.57166,3.58223,True,Cs+1;Fe+3;Ag+1;F-1;Cl-1,0.62137,1.41554,0.55728,-2.03237,0.30766,2.52342,0.49207,0.30575,False,pass,-2.14504,112.66730,0.08192,0.11166,0.14217,0.18457,0.45831,unstable_likely,,
Cs2FeAgF3Br3,False,True,1.88000,0.89750,1.64500,0.98035,0.54559,3.66580,True,Cs+1;Fe+3;Ag+1;F-1;Br-1,0.66742,1.38396,0.50828,-1.81723,0.37349,2.39443,0.53444,0.35669,False,pass,-2.03935,222.11589,0.01899,0.02446,0.02978,0.03614,0.07141,unstable_likely,,
Cs2FeAgF3I3,False,True,1.88000,0.89750,1.76500,0.96804,0.50850,3.79950,True,Cs+1;Fe+3;Ag+1;F-1;I-1,0.68767,1.52456,0.53070,-1.69356,0.46951,2.57960,0.48835,0.33582,False,pass,-1.89201,198.44674,0.02579,0.03330,0.04053,0.04927,0.10197,unstable_likely,,
Cs2FeAgCl3Br3,False,True,1.88000,0.89750,1.88500,0.95679,0.47613,3.93321,True,Cs+1;Fe+3;Ag+1;Cl-1;Br-1,0.71837,0.95041,0.44602,-1.43532,0.06372,1.83711,0.43678,0.31377,False,pass,-1.50711,71.79060,0.15711,0.22342,0.29616,0.39031,0.75154,unstable_likely,,
Cs2FeAgCl3I3,True,True,1.88000,0.89750,2.00500,0.94646,0.44763,4.06691,True,Cs+1;Fe+3;Ag+1;Cl-1;I-1,0.73836,0.71734,0.46685,-1.26297,-0.21078,1.64546,0.27017,0.19948,False,pass,-1.34331,80.34165,0.13599,0.19197,0.25218,0.33357,0.70418,unstable_likely,,
Cs2FeAgBr3I3,True,True,1.88000,0.89750,2.08000,0.94043,0.43149,4.15048,True,Cs+1;Fe+3;Ag+1;Br-1;I-1,0.71826,0.77573,0.39682,-1.12053,-0.01317,1.56462,0.28967,0.20806,False,pass,-1.20207,81.53712,0.13346,0.18813,0.24624,0.32644,0.69694,unstable_likely,,
Cs2FeZnF6,False,True,1.88000,0.76000,1.33000,1.08603,0.57143,3.48121,True,Cs+1;Fe+2;Zn+2;F-1,0.63650,3.37631,0.52035,-2.68893,2.34183,4.41080,0.01519,0.00967,False,pass,-2.76588,76.95056,0.14372,0.20307,0.26846,0.35583,0.72404,unstable_likely,,
Cs2FeZnCl6,False,True,1.88000,0.76000,1.81000,1.01526,0.41989,4.11279,True,Cs+1;Fe+2;Zn+2;Cl-1,0.69000,1.28989,0.54226,-1.71666,0.21186,2.36793,0.51604,0.35607,False,pass,-1.78275,66.09217,0.17392,0.24826,0.32907,0.43232,0.77910,unstable_likely,,
Cs2FeZnF3Cl3,False,True,1.88000,0.76000,1.57000,1.04700,0.48408,3.79700,True,Cs+1;Fe+2;Zn+2;F-1;Cl-1,0.63777,2.36040,0.59852,-2.25298,1.17051,3.55029,0.15420,0.09835,False,pass,-2.34770,94.71782,0.10794,0.14928,0.19403,0.25515,0.60399,unstable_likely,,
Cs2FeZnF3Br3,False,True,1.88000,0.76000,1.64500,1.03640,0.46201,3.89569,True,Cs+1;Fe+2;Zn+2;F-1;Br-1,0.61390,1.87815,0.57136,-1.86225,0.74227,3.01403,0.32554,0.19985,False,pass,-2.21036,348.10673,0.00609,0.00703,0.00806,0.00921,0.01449,unstable_likely,,
Cs2FeZnF3I3,True,True,1.88000,0.76000,1.76500,1.02075,0.43059,4.05358,True,Cs+1;Fe+2;Zn+2;F-1;I-1,0.62217,1.74495,0.53613,-1.77580,0.67910,2.81080,0.39163,0.24366,False,pass,-2.00960,233.80019,0.01681,0.02096,0.02567,0.03109,0.06057,unstable_likely,,
Cs2MnBiO6,True,True,1.88000,0.74500,1.40000,1.08126,0.53214,3.60540,True,Cs+1;Mn+7;Bi+3;O-2,0.72319,1.36544,0.58843,-1.69062,0.19562,2.53525,0.47763,0.34542,False,pass,-1.65046,-40.15664,0.80505,0.86561,0.89570,0.91769,0.95742,stable_likely,,
Cs2MnBiO3S3,True,True,1.88000,0.74500,1.62000,1.04646,0.45988,3.90070,True,Cs+1;Mn+7;Bi+3;O-2;S-2,0.82686,1.84978,0.56389,-1.43853,0.72875,2.97081,0.34040,0.28146,False,pass,-1.62891,190.37520,0.02853,0.03705,0.04490,0.05522,0.11569,unstable_likely,,
Cs2MnBiO3Se3,True,True,1.88000,0.74500,1.69000,1.03670,0.44083,3.99466,True,Cs+1;Mn+7;Bi+3;O-2;Se-2,0.83610,1.57246,0.52570,-1.31010,0.52735,2.61756,0.47485,0.39702,False,pass,-1.47491,164.81236,0.03973,0.05174,0.06407,0.07946,0.17773,unstable_likely,,
Cs2MnBiO3F3,False,True,1.88000,0.78000,1.36500,1.06973,0.57143,3.48976,True,Cs+1;Mn+4;Bi+3;O-2;F-1,0.65205,2.12284,0.74383,-2.38047,0.64409,3.60159,0.22037,0.14370,False,pass,-2.36181,-18.65916,0.69810,0.79943,0.84928,0.88396,0.94467,stable_likely,,
Cs2MnBiO3Cl3,True,True,1.88000,0.78000,1.60500,1.03324,0.48598,3.79745,True,Cs+1;Mn+4;Bi+3;O-2;Cl-1,0.66965,1.70278,0.65073,-1.74415,0.40911,2.99645,0.36209,0.24247,False,pass,-1.95982,215.67484,0.02051,0.02677,0.03230,0.03929,0.07837,unstable_likely,,
Cs2MnBiO3Br3,True,True,1.88000,0.78000,1.68000,1.02329,0.46429,3.89360,True,Cs+1;Mn+4;Bi+3;O-2;Br-1,0.63688,1.49893,0.63545,-1.43519,0.23564,2.76222,0.42530,0.27087,False,pass,-1.83303,397.84064,0.00419,0.00475,0.00532,0.00610,0.00924,unstable_likely,,
Cs2MnBiO3I3,True,True,1.88000,0.78000,1.80000,1.00859,0.43333,4.04745,True,Cs+1;Mn+4;Bi+3;O-2;I-1,0.64532,1.48839,0.57563,-1.34674,0.34402,2.63277,0.46700,0.30136,False,pass,-1.66496,318.21549,0.00771,0.00919,0.01053,0.01193,0.01992,unstable_likely,,
Cs2MnBiS3F3,False,True,1.88000,0.78000,1.58500,1.03599,0.49211,3.77181,True,Cs+1;Mn+4;Bi+3;S-2;F-1,0.67694,1.94174,0.68360,-1.92702,0.58271,3.30076,0.27785,0.18809,False,pass,-1.95785,30.83125,0.33053,0.47298,0.59502,0.70124,0.88498,stable_likely,,
Cs2MnBiS3Cl3,False,True,1.88000,0.78000,1.82500,1.00569,0.42740,4.07950,True,Cs+1;Mn+4;Bi+3;S-2;Cl-1,0.72293,1.48777,0.54664,-1.41279,0.40103,2.57451,0.48751,0.35244,False,pass,-1.49685,84.06484,0.12821,0.18005,0.23531,0.31155,0.68116,unstable_likely,,
Cs2MnBiS3Br3,False,True,1.88000,0.78000,1.90000,0.99734,0.41053,4.17566,True,Cs+1;Mn+4;Bi+3;S-2;Br-1,0.74419,1.28554,0.42401,-1.24777,0.44260,2.12849,0.60829,0.45268,False,pass,-1.36494,117.16875,0.07651,0.10385,0.13201,0.17058,0.42400,unstable_likely,,
Cs2MnBiSe3F3,False,True,1.88000,0.78000,1.65500,1.02654,0.47130,3.86155,True,Cs+1;Mn+4;Bi+3;Se-2;F-1,0.64495,1.48542,0.63494,-1.69689,0.22314,2.74770,0.42682,0.27528,False,pass,-1.95289,255.99836,0.01337,0.01647,0.01928,0.02317,0.04454,unstable_likely,,
Cs2MnBiSe3Cl3,False,True,1.88000,0.78000,1.89500,0.99788,0.41161,4.16925,True,Cs+1;Mn+4;Bi+3;Se-2;Cl-1,0.70583,1.32180,0.49457,-1.32674,0.33859,2.30501,0.55174,0.38943,False,pass,-1.43183,105.08950,0.09219,0.12619,0.16186,0.21022,0.51943,unstable_likely,,
Cs2MnSbO6,True,True,1.88000,0.61000,1.40000,1.15389,0.43571,4.03323,True,Cs+1;Mn+7;Sb+3;O-2,0.75338,1.93894,0.55088,-1.86476,0.84377,3.03410,0.30334,0.22853,False,pass,-1.85649,-8.27353,0.62654,0.75194,0.81656,0.86122,0.93665,stable_likely,,
Cs2MnSbO3F3,True,True,1.88000,0.71500,1.36500,1.10315,0.52381,3.62891,True,Cs+1;Mn+2;Sb+5;O-2;F-1,0.71667,2.69008,0.70772,-2.41876,1.28310,4.09706,0.10390,0.07446,False,pass,-2.49799,79.22596,0.13851,0.19565,0.25765,0.34075,0.71122,unstable_likely,,
Cs2MnSbO3Cl3,True,True,1.88000,0.71500,1.60500,1.06218,0.44548,3.96457,True,Cs+1;Mn+2;Sb+5;O-2;Cl-1,0.75454,1.84998,0.63302,-1.81054,0.59151,3.10846,0.32107,0.24226,False,pass,-2.04354,232.99822,0.01693,0.02119,0.02598,0.03136,0.06119,unstable_likely,,
Cs2MnSbO3Br3,True,True,1.88000,0.71500,1.68000,1.05106,0.42560,4.06947,True,Cs+1;Mn+2;Sb+5;O-2;Br-1,0.73690,1.76022,0.61395,-1.47767,0.53967,2.98077,0.35533,0.26185,False,pass,-1.90816,430.48958,0.00342,0.00387,0.00428,0.00468,0.00693,unstable_likely,,
Cs2MnSbS3F3,False,True,1.88000,0.71500,1.58500,1.06527,0.45110,3.93660,True,Cs+1;Mn+2;Sb+5;S-2;F-1,0.77633,1.87021,0.64452,-1.99328,0.58888,3.15154,0.31119,0.24159,False,pass,-1.93756,-55.71640,0.85486,0.89666,0.91847,0.93445,0.96403,stable_likely,,
Cs2MnSbSe3F3,False,True,1.88000,0.71500,1.65500,1.05469,0.43202,4.03450,True,Cs+1;Mn+2;Sb+5;Se-2;F-1,0.75704,1.47963,0.61511,-1.64835,0.25677,2.70249,0.44117,0.33398,False,pass,-1.92257,274.22490,0.01142,0.01351,0.01579,0.01855,0.03516,unstable_likely,,
Cs2MnCuCl6,False,True,1.88000,0.78000,1.81000,1.00742,0.43094,4.06027,True,Cs+1;Mn+2;Cu+2;Cl-1,0.60651,1.30491,0.52470,-1.73360,0.26178,2.34804,0.52827,0.32040,False,pass,-1.68086,-52.73908,0.84642,0.89166,0.91468,0.93153,0.96283,stable_likely,,
Cs2MnCuF3Cl3,False,True,1.88000,0.78000,1.57000,1.03809,0.49682,3.75258,True,Cs+1;Mn+2;Cu+2;F-1;Cl-1,0.53709,1.78106,0.62887,-2.07280,0.53085,3.03127,0.34428,0.18491,False,pass,-2.24159,168.79471,0.03778,0.04905,0.06057,0.07473,0.16532,unstable_likely,,
Cs2MnCuF3Br3,False,True,1.88000,0.78000,1.64500,1.02786,0.47416,3.84873,True,Cs+1;Mn+2;Cu+2;F-1;Br-1,0.57045,1.56581,0.60128,-1.92559,0.37044,2.76118,0.43087,0.24579,False,pass,-2.12097,195.38210,0.02690,0.03456,0.04219,0.05139,0.10669,unstable_likely,,
Cs2MnCuF3I3,True,True,1.88000,0.78000,1.76500,1.01273,0.44193,4.00258,True,Cs+1;Mn+2;Cu+2;F-1;I-1,0.61781,1.48844,0.54127,-1.84319,0.41238,2.56450,0.49122,0.30348,False,pass,-1.96462,121.42880,0.07211,0.09736,0.12349,0.15814,0.39317,unstable_likely,,
Cs2MnCuCl3Br3,False,True,1.88000,0.78000,1.88500,0.99897,0.41379,4.15643,True,Cs+1;Mn+2;Cu+2;Cl-1;Br-1,0.67250,1.36687,0.42474,-1.55289,0.52247,2.21127,0.61715,0.41504,False,pass,-1.55501,2.12252,0.54463,0.69337,0.77453,0.83203,0.92653,stable_likely,,
Cs2MnZnF6,False,True,1.88000,0.78500,1.33000,1.07320,0.59023,3.43649,True,Cs+1;Mn+2;Zn+2;F-1,0.53662,3.27570,0.66797,-2.79611,1.94776,4.60363,0.03570,0.01916,False,pass,-2.88316,87.04635,0.12229,0.17096,0.22236,0.29488,0.66102,unstable_likely,,
Cs2MnZnCl6,False,True,1.88000,0.78500,1.81000,1.00548,0.43370,4.04796,True,Cs+1;Mn+2;Zn+2;Cl-1,0.63756,1.72879,0.59778,-1.89679,0.54039,2.91718,0.37407,0.23849,False,pass,-1.87978,-17.00931,0.68784,0.79228,0.84435,0.88057,0.94350,stable_likely,,
Cs2MnZnF3Cl3,False,True,1.88000,0.78500,1.57000,1.03589,0.50000,3.74223,True,Cs+1;Mn+2;Zn+2;F-1;Cl-1,0.53861,2.37801,0.62393,-2.27910,1.13761,3.61841,0.15285,0.08233,False,pass,-2.46166,182.55590,0.03154,0.04095,0.04996,0.06165,0.13123,unstable_likely,,
Cs2MnZnF3Br3,False,True,1.88000,0.78500,1.64500,1.02574,0.47720,3.83777,True,Cs+1;Mn+2;Zn+2;F-1;Br-1,0.53625,1.88555,0.61368,-1.96321,0.66552,3.10557,0.31153,0.16706,False,pass,-2.32431,361.10480,0.00544,0.00638,0.00717,0.00817,0.01271,unstable_likely,,
Cs2MnZnF3I3,True,True,1.88000,0.78500,1.76500,1.01075,0.44476,3.99063,True,Cs+1;Mn+2;Zn+2;F-1;I-1,0.54305,1.82559,0.56308,-1.87062,0.70618,2.94501,0.34909,0.18957,False,pass,-2.12291,252.28905,0.01386,0.01706,0.02013,0.02433,0.04688,unstable_likely,,
Cs2MnZnCl3Br3,False,True,1.88000,0.78500,1.88500,0.99710,0.41645,4.14350,True,Cs+1;Mn+2;Zn+2;Cl-1;Br-1,0.63441,1.51953,0.46043,-1.66725,0.60417,2.43489,0.54532,0.34596,False,pass,-1.74323,75.98043,0.14611,0.20674,0.27331,0.36213,0.72931,unstable_likely,,
Cs2MnInO6,True,True,1.88000,0.63000,1.40000,1.14252,0.45000,3.95167,True,Cs+1;Mn+7;In+3;O-2,0.88648,2.17026,0.64365,-1.97176,0.89065,3.44986,0.21168,0.18765,False,pass,-1.71180,-259.96003,0.98425,0.98599,0.98721,0.98833,0.99074,stable_likely,,
Cs2MnInO3F3,True,True,1.88000,0.66500,1.36500,1.13033,0.48718,3.77295,True,Cs+1;Mn+4;In+3;O-2;F-1,0.89806,2.69593,0.76049,-2.58719,1.18405,4.20781,0.10795,0.09695,False,pass,-2.43346,-153.72654,0.96314,0.96991,0.97366,0.97668,0.98354,stable_likely,,
Cs2MnInO3Cl3,True,True,1.88000,0.66500,1.60500,1.08558,0.41433,4.13386,True,Cs+1;Mn+4;In+3;O-2;Cl-1,0.89662,1.86605,0.67273,-2.01384,0.52864,3.20346,0.30689,0.27516,False,pass,-2.00712,-6.72333,0.61501,0.74403,0.81126,0.85753,0.93536,stable_likely,,
Cs2MnInS3F3,False,True,1.88000,0.66500,1.58500,1.08894,0.41956,4.10378,True,Cs+1;Mn+4;In+3;S-2;F-1,0.91416,1.98340,0.71188,-2.14570,0.56815,3.39865,0.26283,0.24027,False,pass,-2.01609,-129.60721,0.95170,0.96151,0.96713,0.97135,0.98075,stable_likely,,
Cs2MnGaO3F3,True,True,1.88000,0.57500,1.36500,1.18276,0.42125,4.13384,True,Cs+1;Mn+4;Ga+3;O-2;F-1,0.91379,2.47382,0.80013,-2.58893,0.88314,4.06451,0.14770,0.13497,False,pass,-2.49822,-90.70728,0.91845,0.93885,0.94930,0.95762,0.97409,stable_likely,,
Cs2BiAgF6,False,True,1.88000,1.09000,1.33000,0.93794,0.81955,3.38435,True,Cs+1;Bi+3;Ag+1;F-1,0.92278,2.71960,0.33974,-2.51622,2.04418,3.39503,0.02541,0.02344,False,pass,-2.56930,53.08485,0.21829,0.31722,0.41706,0.53590,0.82875,known_mp,0.00000,"{'identifier': 'mp-aaaclkkb', 'suffix': 'GGA', 'separator': '-'}"
Cs2BiAgCl6,False,True,1.88000,1.09000,1.81000,0.89973,0.60221,3.82472,True,Cs+1;Bi+3;Ag+1;Cl-1,0.92447,1.81672,0.37324,-1.64232,1.07470,2.55873,0.41332,0.38210,False,pass,-1.70695,64.62597,0.17828,0.25559,0.33823,0.44379,0.78536,known_mp,0.00000,"{'identifier': 'mp-aaacjjbm', 'suffix': 'GGA', 'separator': '-'}"
Cs2BiAgBr6,False,True,1.88000,1.09000,1.96000,0.89026,0.55612,3.96234,True,Cs+1;Bi+3;Ag+1;Br-1,0.90334,1.28506,0.31660,-1.40118,0.65565,1.91447,0.72181,0.65204,False,pass,-1.46053,59.35298,0.19525,0.28209,0.37297,0.48479,0.80693,known_mp,0.94906,"{'identifier': 'mp-aaacjjbe', 'suffix': 'GGA', 'separator': '-'}"
Cs2BiAgF3Cl3,False,True,1.88000,1.09000,1.57000,0.91711,0.69427,3.60454,True,Cs+1;Bi+3;Ag+1;F-1;Cl-1,0.91469,1.95683,0.44749,-2.19284,1.06720,2.84646,0.30115,0.27546,False,pass,-2.18116,-11.67661,0.65183,0.76931,0.82796,0.86910,0.93943,stable_likely,,
Cs2BiAgF3Br3,False,True,1.88000,1.09000,1.64500,0.91135,0.66261,3.67334,True,Cs+1;Bi+3;Ag+1;F-1;Br-1,0.92507,1.76755,0.43115,-1.78337,0.91041,2.62469,0.42547,0.39359,False,pass,-2.07343,290.05588,0.00988,0.01181,0.01343,0.01560,0.02872,unstable_likely,,
Cs2BiAgF3I3,False,True,1.88000,1.09000,1.76500,0.90277,0.61756,3.78344,True,Cs+1;Bi+3;Ag+1;F-1;I-1,0.91754,1.64045,0.40802,-1.59111,0.82930,2.45160,0.52963,0.48595,False,pass,-1.90664,315.52697,0.00794,0.00941,0.01084,0.01225,0.02055,unstable_likely,,
Cs2BiAgCl3Br3,False,True,1.88000,1.09000,1.88500,0.89488,0.57825,3.89353,True,Cs+1;Bi+3;Ag+1;Cl-1;Br-1,0.94329,1.69025,0.38402,-1.35289,0.92682,2.45369,0.51089,0.48191,False,pass,-1.59014,237.25403,0.01616,0.02013,0.02434,0.02972,0.05752,unstable_likely,,
Cs2BiAgCl3I3,False,True,1.88000,1.09000,2.00500,0.88760,0.54364,4.00362,True,Cs+1;Bi+3;Ag+1;Cl-1;I-1,0.93848,1.63495,0.32434,-1.26225,0.99015,2.27974,0.60812,0.57071,False,pass,-1.43611,173.86104,0.03530,0.04587,0.05645,0.06960,0.15142,unstable_likely,,
Cs2BiAgBr3I3,False,True,1.88000,1.09000,2.08000,0.88333,0.52404,4.07243,True,Cs+1;Bi+3;Ag+1;Br-1;I-1,0.89217,1.32032,0.29658,-1.27372,0.73072,1.90992,0.75574,0.67425,False,pass,-1.30277,29.05123,0.34179,0.48739,0.60885,0.71222,0.88838,stable_likely,,
Cs2SbCuO3F3,True,True,1.88000,0.66500,1.36500,1.13033,0.48718,3.77295,True,Cs+1;Sb+5;Cu+2;O-2;F-1,0.61961,1.94626,0.57463,-2.27540,0.80389,3.08864,0.29769,0.18445,False,pass,-2.21845,-56.95130,0.85810,0.89854,0.91992,0.93557,0.96453,stable_likely,,
Cs2SbCuO3Cl3,True,True,1.88000,0.66500,1.60500,1.08558,0.41433,4.13386,True,Cs+1;Sb+5;Cu+2;O-2;Cl-1,0.55417,1.13299,0.54083,-1.60617,0.05781,2.20817,0.48379,0.26810,False,pass,-1.79278,186.61128,0.02998,0.03884,0.04731,0.05806,0.12316,unstable_likely,,
Cs2SbCuS3F3,False,True,1.88000,0.66500,1.58500,1.08894,0.41956,4.10378,True,Cs+1;Sb+5;Cu+2;S-2;F-1,0.67973,1.30112,0.54741,-1.81576,0.21286,2.38938,0.51291,0.34864,False,pass,-1.79535,-20.41248,0.70883,0.80605,0.85401,0.88727,0.94579,stable_likely,,
Cs2SbAgF6,False,True,1.88000,0.95500,1.33000,0.99335,0.71805,3.29912,True,Cs+1;Sb+3;Ag+1;F-1,0.92322,2.22420,0.42025,-2.43388,1.38873,3.05968,0.16222,0.14977,False,pass,-2.62083,186.95120,0.02983,0.03865,0.04712,0.05776,0.12250,known_mp,87.99542,"{'identifier': 'mp-aaacliul', 'suffix': 'GGA', 'separator': '-'}"
Cs2SbAgCl6,False,True,1.88000,0.95500,1.81000,0.94366,0.52762,3.80174,True,Cs+1;Sb+3;Ag+1;Cl-1,0.94865,1.53882,0.35740,-1.59255,0.82830,2.24934,0.64433,0.61124,False,pass,-1.65468,62.13346,0.18622,0.26759,0.35452,0.46236,0.79617,known_mp,0.00000,"{'identifier': 'mp-aaaclijk', 'suffix': 'GGA', 'separator': '-'}"
Cs2SbAgBr6,False,True,1.88000,0.95500,1.96000,0.93149,0.48724,3.95881,True,Cs+1;Sb+3;Ag+1;Br-1,0.94025,1.11561,0.31268,-1.37151,0.49399,1.73723,0.62517,0.58782,False,pass,-1.41775,46.23822,0.24759,0.36046,0.46974,0.59181,0.84959,known_mp,7.38033,"{'identifier': 'mp-aaaclijn', 'suffix': 'GGA', 'separator': '-'}"
Cs2SbAgF3Cl3,False,True,1.88000,0.95500,1.57000,0.96615,0.60828,3.55043,True,Cs+1;Sb+3;Ag+1;F-1;Cl-1,0.91549,1.69614,0.44872,-2.16044,0.80407,2.58822,0.46438,0.42514,False,pass,-2.16247,2.03259,0.54534,0.69400,0.77489,0.83219,0.92661,stable_likely,,
Cs2SbAgF3Br3,False,True,1.88000,0.95500,1.64500,0.95867,0.58055,3.62897,True,Cs+1;Sb+3;Ag+1;F-1;Br-1,0.93837,1.64136,0.47340,-1.78728,0.70022,2.58250,0.48084,0.45121,False,pass,-2.05335,266.07224,0.01217,0.01477,0.01724,0.02039,0.03910,unstable_likely,,
Cs2SbAgF3I3,False,True,1.88000,0.95500,1.76500,0.94758,0.54108,3.75462,True,Cs+1;Sb+3;Ag+1;F-1;I-1,0.93488,1.51357,0.45572,-1.63727,0.60758,2.41956,0.55182,0.51589,False,pass,-1.89310,255.83230,0.01337,0.01648,0.01929,0.02324,0.04465,unstable_likely,,
Cs2SbAgCl3Br3,False,True,1.88000,0.95500,1.88500,0.93741,0.50663,3.88028,True,Cs+1;Sb+3;Ag+1;Cl-1;Br-1,0.96299,1.49947,0.40817,-1.32825,0.68802,2.31092,0.60660,0.58415,False,pass,-1.54441,216.16071,0.02038,0.02666,0.03203,0.03907,0.07777,unstable_likely,,
Cs2SbAgCl3I3,True,True,1.88000,0.95500,2.00500,0.92808,0.47631,4.00593,True,Cs+1;Sb+3;Ag+1;Cl-1;I-1,0.95951,1.50279,0.33780,-1.23892,0.83123,2.17435,0.68754,0.65970,False,pass,-1.38634,147.42042,0.05005,0.06633,0.08216,0.10345,0.24217,unstable_likely,,
Cs2SbAgBr3I3,True,True,1.88000,0.95500,2.08000,0.92262,0.45913,4.08446,True,Cs+1;Sb+3;Ag+1;Br-1;I-1,0.93704,1.13443,0.28991,-1.18467,0.55809,1.71078,0.65977,0.61823,False,pass,-1.25968,75.00794,0.14868,0.21049,0.27858,0.36853,0.73447,unstable_likely,,
Cs2SbZnO3F3,True,True,1.88000,0.67000,1.36500,1.12755,0.49084,3.75694,True,Cs+1;Sb+5;Zn+2;O-2;F-1,0.82064,3.44996,0.70858,-2.49793,2.04127,4.85864,0.02903,0.02383,False,pass,-2.40068,-97.25346,0.92596,0.94369,0.95314,0.96053,0.97542,stable_likely,,
Cs2SbZnO3Cl3,True,True,1.88000,0.67000,1.60500,1.08319,0.41745,4.11515,True,Cs+1;Sb+5;Zn+2;O-2;Cl-1,0.77374,2.41646,0.67487,-1.67690,1.07479,3.75813,0.14990,0.11598,False,pass,-2.01521,338.31183,0.00650,0.00769,0.00885,0.01004,0.01597,unstable_likely,,
Cs2SbZnS3F3,False,True,1.88000,0.67000,1.58500,1.08653,0.42271,4.08530,True,Cs+1;Sb+5;Zn+2;S-2;F-1,0.85298,2.87904,0.66523,-1.98159,1.55654,4.20153,0.07022,0.05990,False,pass,-1.91879,-62.79959,0.87174,0.90739,0.92648,0.94039,0.96650,stable_likely,,
Cs2AgInF6,False,True,1.88000,0.97500,1.33000,0.98473,0.73308,3.30080,True,Cs+1;Ag+1;In+3;F-1,0.72175,2.06249,0.63953,-2.55244,0.79108,3.33390,0.24527,0.17703,False,pass,-2.63667,84.22832,0.12782,0.17949,0.23458,0.31051,0.68010,known_mp,0.00000,"{'identifier': 'mp-aaacljii', 'suffix': 'GGA', 'separator': '-'}"
Cs2AgInCl6,False,True,1.88000,0.97500,1.81000,0.93688,0.53867,3.79311,True,Cs+1;Ag+1;In+3;Cl-1,0.67994,1.38331,0.43659,-1.64164,0.51534,2.25127,0.60373,0.41050,False,pass,-1.74340,101.76127,0.09689,0.13296,0.17170,0.22354,0.54761,known_mp,0.00000,"{'identifier': 'mp-aaackkrm', 'suffix': 'GGA', 'separator': '-'}"
Cs2AgInBr6,False,True,1.88000,0.97500,1.96000,0.92514,0.49745,3.94695,True,Cs+1;Ag+1;In+3;Br-1,0.50285,0.60855,0.38081,-1.39728,-0.14851,1.36561,0.15960,0.08026,False,pass,-1.47718,79.89662,0.13701,0.19345,0.25428,0.33663,0.70704,known_mp,0.00000,"{'identifier': 'mp-aaacljha', 'suffix': 'GGA', 'separator': '-'}"
Cs2AgInF3Cl3,False,True,1.88000,0.97500,1.57000,0.95855,0.62102,3.54695,True,Cs+1;Ag+1;In+3;F-1;Cl-1,0.66942,1.53957,0.61868,-2.27473,0.30961,2.76953,0.42809,0.28657,False,pass,-2.20354,-71.19060,0.88876,0.91904,0.93495,0.94624,0.96911,stable_likely,,
Cs2AgInF3Br3,False,True,1.88000,0.97500,1.64500,0.95136,0.59271,3.62388,True,Cs+1;Ag+1;In+3;F-1;Br-1,0.64725,1.37639,0.57889,-1.83177,0.22554,2.52723,0.48320,0.31276,False,pass,-2.09580,264.03190,0.01237,0.01509,0.01761,0.02091,0.04021,unstable_likely,,
Cs2AgInF3I3,False,True,1.88000,0.97500,1.76500,0.94066,0.55241,3.74695,True,Cs+1;Ag+1;In+3;F-1;I-1,0.63362,1.32327,0.55693,-1.69778,0.21607,2.43047,0.50439,0.31959,False,pass,-1.92901,231.23298,0.01722,0.02162,0.02666,0.03201,0.06282,unstable_likely,,
Cs2AgInCl3Br3,False,True,1.88000,0.97500,1.88500,0.93086,0.51724,3.87003,True,Cs+1;Ag+1;In+3;Cl-1;Br-1,0.65974,1.33053,0.43644,-1.51612,0.46287,2.19820,0.60179,0.39703,False,pass,-1.62181,105.68568,0.09109,0.12514,0.16024,0.20801,0.51456,unstable_likely,,
Cs2AgInCl3I3,False,True,1.88000,0.97500,2.00500,0.92185,0.48628,3.99311,True,Cs+1;Ag+1;In+3;Cl-1;I-1,0.65426,1.17439,0.43566,-1.30973,0.30828,2.04050,0.56642,0.37059,False,pass,-1.46600,156.26518,0.04441,0.05834,0.07227,0.09027,0.20568,unstable_likely,,
Cs2AgInBr3I3,True,True,1.88000,0.97500,2.08000,0.91658,0.46875,4.07003,True,Cs+1;Ag+1;In+3;Br-1;I-1,0.52160,0.76869,0.36920,-1.25647,0.03471,1.50267,0.27405,0.14295,False,pass,-1.31198,55.51104,0.20866,0.30344,0.39955,0.51581,0.82078,stable_likely,,
Cs2AgGaF6,False,True,1.88000,0.88500,1.33000,1.02475,0.66541,3.32229,True,Cs+1;Ag+1;Ga+3;F-1,0.70459,2.46990,0.66049,-2.58957,1.15682,3.78298,0.13563,0.09557,False,pass,-2.69179,102.21599,0.09626,0.13195,0.17043,0.22178,0.54381,known_mp,0.00000,"{'identifier': 'mp-aaacljid', 'suffix': 'GGA', 'separator': '-'}"
Cs2AgGaCl6,False,True,1.88000,0.88500,1.81000,0.96817,0.48895,3.86466,True,Cs+1;Ag+1;Ga+3;Cl-1,0.65847,1.41033,0.45829,-1.64152,0.49924,2.32141,0.57917,0.38136,False,pass,-1.77580,134.28188,0.06021,0.08009,0.10078,0.12766,0.31014,known_mp,68.19705,"{'identifier': 'mp-aaacljjr', 'suffix': 'GGA', 'separator': '-'}"
Cs2AgGaBr6,False,True,1.88000,0.88500,1.96000,0.95441,0.45153,4.03415,True,Cs+1;Ag+1;Ga+3;Br-1,0.53646,0.66835,0.39342,-1.35021,-0.11378,1.45048,0.20484,0.10989,False,pass,-1.51332,163.10841,0.04073,0.05293,0.06576,0.08139,0.18320,known_mp,84.27608,"{'identifier': 'mp-aaacljgz', 'suffix': 'GGA', 'separator': '-'}"
Cs2AgGaF3Cl3,False,True,1.88000,0.88500,1.57000,0.99369,0.56369,3.59347,True,Cs+1;Ag+1;Ga+3;F-1;Cl-1,0.67903,1.65913,0.61424,-2.26192,0.43800,2.88025,0.39213,0.26627,False,pass,-2.27090,8.98128,0.48785,0.64679,0.73988,0.80833,0.91887,stable_likely,,
Cs2AgGaF3Br3,False,True,1.88000,0.88500,1.64500,0.98520,0.53799,3.67822,True,Cs+1;Ag+1;Ga+3;F-1;Br-1,0.66142,1.55728,0.58161,-1.80771,0.40102,2.71354,0.44607,0.29504,False,pass,-2.15460,346.88660,0.00615,0.00710,0.00813,0.00932,0.01467,unstable_likely,,
Cs2AgGaF3I3,True,True,1.88000,0.88500,1.76500,0.97261,0.50142,3.81381,True,Cs+1;Ag+1;Ga+3;F-1;I-1,0.63150,1.49937,0.58604,-1.62196,0.33430,2.66444,0.45594,0.28793,False,pass,-1.97590,353.93982,0.00583,0.00668,0.00761,0.00878,0.01356,unstable_likely,,
Cs2AgGaCl3Br3,False,True,1.88000,0.88500,1.88500,0.96110,0.46950,3.94941,True,Cs+1;Ag+1;Ga+3;Cl-1;Br-1,0.62118,1.28740,0.49311,-1.41986,0.30707,2.26773,0.55089,0.34221,False,pass,-1.66029,240.43447,0.01554,0.01938,0.02334,0.02852,0.05517,unstable_likely,,
Cs2AgGaCl3I3,True,True,1.88000,0.88500,2.00500,0.95056,0.44140,4.08500,True,Cs+1;Ag+1;Ga+3;Cl-1;I-1,0.63597,1.19711,0.46026,-1.22915,0.28209,2.11213,0.55807,0.35492,False,pass,-1.48457,255.42466,0.01340,0.01654,0.01938,0.02334,0.04486,unstable_likely,,
Cs2AgGaBr3I3,True,True,1.88000,0.88500,2.08000,0.94440,0.42548,4.16974,True,Cs+1;Ag+1;Ga+3;Br-1;I-1,0.55983,0.77680,0.38171,-1.21743,0.01795,1.53566,0.28528,0.15971,False,pass,-1.33760,120.16860,0.07324,0.09936,0.12606,0.16161,0.40197,unstable_likely,,
Na2SnVO3F3,True,True,1.39000,0.66500,1.36500,0.95964,0.48718,3.88771,True,Na+1;Sn+4;V+3;O-2;F-1,0.91654,2.77593,0.69416,-2.52386,1.39592,4.15594,0.08938,0.08192,False,pass,-2.67637,152.51075,0.04669,0.06168,0.07611,0.09578,0.22050,unstable_likely,,
Na2SnNbO3F3,True,True,1.39000,0.70500,1.36500,0.94110,0.51648,3.84049,True,Na+1;Sn+4;Nb+3;O-2;F-1,0.90224,2.93186,0.74391,-2.56183,1.45295,4.41077,0.07503,0.06770,False,pass,-2.80592,244.09405,0.01507,0.01857,0.02225,0.02723,0.05229,unstable_likely,,
Na2SnNbS3F3,False,True,1.39000,0.70500,1.58500,0.91862,0.44479,4.15255,True,Na+1;Sn+4;Nb+3;S-2;F-1,0.90435,2.57974,0.65230,-2.04525,1.28295,3.87654,0.11597,0.10488,False,pass,-2.09536,50.11115,0.23088,0.33517,0.43989,0.56104,0.83818,stable_likely,,
Na2SnTaO3F3,True,True,1.39000,0.70500,1.36500,0.94110,0.51648,3.84049,True,Na+1;Sn+4;Ta+3;O-2;F-1,0.92061,3.14672,0.88455,-2.62633,1.38822,4.90523,0.06887,0.06340,False,pass,-2.91313,286.80402,0.01017,0.01208,0.01394,0.01628,0.02992,unstable_likely,,
Na2SnTaS3F3,False,True,1.39000,0.70500,1.58500,0.91862,0.44479,4.15255,True,Na+1;Sn+4;Ta+3;S-2;F-1,0.90635,2.60040,0.72348,-2.10014,1.16210,4.03871,0.11943,0.10825,False,pass,-2.13193,31.79234,0.32498,0.46521,0.58719,0.69543,0.88306,stable_likely,,
Na2SnCrO3F3,True,True,1.39000,0.65250,1.36500,0.96559,0.47802,3.90885,True,Na+1;Sn+4;Cr+3;O-2;F-1,0.88556,2.51065,0.68439,-2.42946,1.15006,3.87123,0.13099,0.11600,False,pass,-2.63653,207.07352,0.02281,0.02979,0.03614,0.04399,0.08909,unstable_likely,,
Na2SnMoO6,True,True,1.39000,0.64000,1.40000,0.96707,0.45714,3.98778,True,Na+1;Sn+4;Mo+6;O-2,0.87890,2.75911,0.72319,-2.10193,1.32138,4.19684,0.09588,0.08427,False,pass,-2.14088,38.94802,0.28441,0.41083,0.52854,0.64715,0.86774,stable_likely,,
Na2SnWO6,True,True,1.39000,0.64500,1.40000,0.96471,0.46071,3.97728,True,Na+1;Sn+4;W+6;O-2,0.83473,2.63627,0.69835,-2.13520,1.24792,4.02461,0.11150,0.09307,False,pass,-2.18653,51.32689,0.22524,0.32769,0.43053,0.55139,0.83443,stable_likely,,
Na2SnFeO3F3,True,True,1.39000,0.66750,1.36500,0.95846,0.48901,3.88385,True,Na+1;Sn+4;Fe+3;O-2;F-1,0.82650,2.28105,0.64427,-2.38475,1.00023,3.56187,0.18391,0.15200,False,pass,-2.47001,85.25555,0.12586,0.17644,0.23028,0.30486,0.67331,unstable_likely,,
Na2SnBiO3F3,True,True,1.39000,0.86000,1.36500,0.87554,0.63004,3.95357,True,Na+1;Sn+4;Bi+3;O-2;F-1,0.82905,3.12121,0.74824,-2.31370,1.63368,4.60875,0.05638,0.04674,False,pass,-2.47151,157.80717,0.04348,0.05719,0.07070,0.08825,0.20024,unstable_likely,,
Na2SnSbO3F3,True,True,1.39000,0.72500,1.36500,0.93210,0.53114,3.82834,True,Na+1;Sn+4;Sb+3;O-2;F-1,0.89139,2.92264,0.71546,-2.39501,1.50029,4.34500,0.07166,0.06388,False,pass,-2.47523,80.22398,0.13623,0.19244,0.25283,0.33447,0.70497,unstable_likely,,
Na2SnSbO3Cl3,True,True,1.39000,0.72500,1.60500,0.90892,0.45171,4.15937,True,Na+1;Sn+4;Sb+3;O-2;Cl-1,0.84662,2.07201,0.72767,-1.70854,0.62537,3.51864,0.23396,0.19808,False,pass,-1.94528,236.74391,0.01630,0.02025,0.02460,0.02992,0.05793,unstable_likely,,
Na2SnSbS3F3,False,True,1.39000,0.72500,1.58500,0.91067,0.45741,4.13179,True,Na+1;Sn+4;Sb+3;S-2;F-1,0.90629,2.39245,0.64451,-1.71066,1.11114,3.67375,0.15218,0.13792,False,pass,-1.85591,145.24822,0.05145,0.06816,0.08501,0.10694,0.25275,unstable_likely,,
Na2SnInO3F3,True,True,1.39000,0.74500,1.36500,0.92326,0.54579,3.82379,True,Na+1;Sn+4;In+3;O-2;F-1,0.91601,2.93532,0.87848,-2.46722,1.18888,4.68175,0.08719,0.07986,False,pass,-2.53687,69.65387,0.16297,0.23285,0.30817,0.40572,0.76290,unstable_likely,,
Na2SnInO3Cl3,True,True,1.39000,0.74500,1.60500,0.90119,0.46417,4.14594,True,Na+1;Sn+4;In+3;O-2;Cl-1,0.87011,2.49850,0.76208,-1.68295,0.98346,4.01354,0.14061,0.12235,False,pass,-2.02234,339.38646,0.00645,0.00759,0.00873,0.00993,0.01575,unstable_likely,,
Na2SnInS3F3,False,True,1.39000,0.74500,1.58500,0.90285,0.47003,4.11909,True,Na+1;Sn+4;In+3;S-2;F-1,0.91910,2.54226,0.73216,-1.91301,1.08671,3.99782,0.12880,0.11838,False,pass,-1.92394,10.93481,0.47221,0.63252,0.72962,0.80092,0.91650,stable_likely,,
Na2SnGaO3F3,True,True,1.39000,0.65500,1.36500,0.96440,0.47985,3.90437,True,Na+1;Sn+4;Ga+3;O-2;F-1,0.91678,3.02042,0.88225,-2.48075,1.26649,4.77436,0.08044,0.07374,False,pass,-2.59597,115.22118,0.07901,0.10699,0.13623,0.17653,0.43898,unstable_likely,,
Na2GeVO3F3,True,True,1.39000,0.58500,1.36500,0.99901,0.42857,4.07881,True,Na+1;Ge+4;V+3;O-2;F-1,0.90629,2.54198,0.71424,-2.51441,1.12204,3.96193,0.12821,0.11619,False,pass,-2.68337,168.95924,0.03770,0.04900,0.06048,0.07454,0.16481,unstable_likely,,
Na2GeNbO3F3,True,True,1.39000,0.62500,1.36500,0.97893,0.45788,3.96641,True,Na+1;Ge+4;Nb+3;O-2;F-1,0.89314,2.93042,0.82029,-2.54928,1.29965,4.56119,0.08499,0.07591,False,pass,-2.79374,244.46389,0.01503,0.01852,0.02213,0.02709,0.05199,unstable_likely,,
Na2GeTaO3F3,True,True,1.39000,0.62500,1.36500,0.97893,0.45788,3.96641,True,Na+1;Ge+4;Ta+3;O-2;F-1,0.92312,2.95296,0.76640,-2.59579,1.42934,4.47658,0.07571,0.06989,False,pass,-2.88903,293.24124,0.00960,0.01155,0.01306,0.01522,0.02749,unstable_likely,,
Na2GeCrO3F3,True,True,1.39000,0.57250,1.36500,1.00546,0.41941,4.12139,True,Na+1;Ge+4;Cr+3;O-2;F-1,0.87629,2.38595,0.67908,-2.44986,1.03592,3.73599,0.15733,0.13786,False,pass,-2.63894,189.07862,0.02904,0.03765,0.04572,0.05630,0.11848,unstable_likely,,
Na2GeFeF6,False,True,1.39000,0.75500,1.33000,0.92246,0.56767,3.77803,True,Na+1;Ge+2;Fe+2;F-1,0.88941,2.20560,0.65148,-2.79908,0.91044,3.50075,0.20299,0.18054,False,pass,-2.71510,-83.97979,0.90902,0.93272,0.94492,0.95420,0.97251,stable_likely,,
Na2GeFeO3F3,True,True,1.39000,0.58750,1.36500,0.99774,0.43040,4.07074,True,Na+1;Ge+4;Fe+3;O-2;F-1,0.82695,2.27221,0.62564,-2.40585,1.02842,3.51600,0.18493,0.15292,False,pass,-2.47258,66.72763,0.17180,0.24540,0.32535,0.42734,0.77624,unstable_likely,,
Na2GeFeF3Cl3,False,True,1.39000,0.75500,1.57000,0.90023,0.48089,4.09591,True,Na+1;Ge+2;Fe+2;F-1;Cl-1,0.88262,2.24751,0.67420,-2.13663,0.90718,3.58784,0.19168,0.16918,False,pass,-2.16521,28.57887,0.34500,0.49130,0.61267,0.71509,0.88916,stable_likely,,
Na2GeMnF6,False,True,1.39000,0.78000,1.33000,0.91153,0.58647,3.78952,True,Na+1;Ge+2;Mn+2;F-1,0.87757,2.36781,0.68562,-2.86213,1.00477,3.73084,0.16281,0.14288,False,pass,-2.82852,-33.61041,0.77779,0.84914,0.88387,0.90856,0.95399,stable_likely,,
Na2GeMnF3Cl3,False,True,1.39000,0.78000,1.57000,0.89065,0.49682,4.09721,True,Na+1;Ge+2;Mn+2;F-1;Cl-1,0.86983,2.42861,0.62741,-2.17094,1.18130,3.67593,0.14129,0.12290,False,pass,-2.27806,107.12104,0.08904,0.12216,0.15627,0.20255,0.50315,unstable_likely,,
Na2GeBiO3F3,True,True,1.39000,0.78000,1.36500,0.90820,0.57143,3.83439,True,Na+1;Ge+4;Bi+3;O-2;F-1,0.80570,3.12048,0.62779,-2.37083,1.87242,4.36854,0.04178,0.03366,False,pass,-2.47216,101.33159,0.09751,0.13385,0.17310,0.22519,0.55132,unstable_likely,,
Na2GeBiO3Cl3,True,True,1.39000,0.78000,1.60500,0.88796,0.48598,4.14208,True,Na+1;Ge+4;Bi+3;O-2;Cl-1,0.71031,2.92998,0.67651,-1.69692,1.58505,4.27491,0.06482,0.04604,False,pass,-1.95235,255.43084,0.01340,0.01654,0.01938,0.02334,0.04484,unstable_likely,,
Na2GeBiS3F3,False,True,1.39000,0.78000,1.58500,0.88949,0.49211,4.11644,True,Na+1;Ge+4;Bi+3;S-2;F-1,0.80582,2.82087,0.64989,-1.72147,1.52887,4.11287,0.07503,0.06046,False,pass,-1.86387,142.40181,0.05336,0.07108,0.08874,0.11213,0.26630,unstable_likely,,
Na2GeSbO3F3,True,True,1.39000,0.64500,1.36500,0.96919,0.47253,3.92302,True,Na+1;Ge+4;Sb+3;O-2;F-1,0.86949,2.92578,0.61510,-2.38876,1.70294,4.14861,0.05748,0.04998,False,pass,-2.47823,89.46782,0.11752,0.16342,0.21263,0.28132,0.64342,unstable_likely,,
Na2GeCuF6,False,True,1.39000,0.73000,1.33000,0.93366,0.54887,3.77854,True,Na+1;Ge+2;Cu+2;F-1,0.71464,0.87535,0.45457,-2.52175,-0.02836,1.77906,0.38243,0.27330,False,pass,-2.68957,167.81966,0.03818,0.04979,0.06136,0.07570,0.16835,unstable_likely,,
Na2GeCuF3Cl3,False,True,1.39000,0.73000,1.57000,0.91002,0.46497,4.10731,True,Na+1;Ge+2;Cu+2;F-1;Cl-1,0.67539,1.10003,0.60846,-2.14481,-0.10961,2.30968,0.44100,0.29785,False,pass,-2.12178,-23.03039,0.72401,0.81580,0.86063,0.89223,0.94761,stable_likely,,
Na2GeZnF6,False,True,1.39000,0.73500,1.33000,0.93139,0.55263,3.77749,True,Na+1;Ge+2;Zn+2;F-1,0.87079,3.26880,0.56577,-2.70404,2.14402,4.39357,0.02270,0.01977,False,pass,-2.72847,24.43139,0.37246,0.52469,0.64359,0.73756,0.89647,stable_likely,,
Na2GeZnF3Cl3,False,True,1.39000,0.73500,1.57000,0.90804,0.46815,4.10402,True,Na+1;Ge+2;Zn+2;F-1;Cl-1,0.85000,3.21347,0.58225,-2.26419,2.05594,4.37100,0.02701,0.02296,False,pass,-2.24291,-21.27771,0.71429,0.80949,0.85635,0.88888,0.94633,stable_likely,,
Na2GeInO3F3,True,True,1.39000,0.66500,1.36500,0.95964,0.48718,3.88771,True,Na+1;Ge+4;In+3;O-2;F-1,0.91692,2.90483,0.61663,-2.42328,1.67894,4.13072,0.05993,0.05495,False,pass,-2.54037,117.09360,0.07655,0.10390,0.13225,0.17081,0.42449,unstable_likely,,
Na2GeGaO3F3,True,True,1.39000,0.57500,1.36500,1.00416,0.42125,4.11258,True,Na+1;Ge+4;Ga+3;O-2;F-1,0.91287,3.42590,0.65015,-2.49257,2.13338,4.71842,0.02346,0.02142,False,pass,-2.59276,100.18984,0.09934,0.13630,0.17663,0.23052,0.56049,unstable_likely,,
Na2TiCrO3F3,True,True,1.39000,0.61000,1.36500,0.98637,0.44689,4.00445,True,Na+1;Ti+4;Cr+3;O-2;F-1,0.84727,1.92705,0.64716,-2.81711,0.64048,3.21363,0.28942,0.24521,False,pass,-3.05478,237.67033,0.01607,0.02007,0.02424,0.02956,0.05724,unstable_likely,,
Na2TiMoO6,True,True,1.39000,0.59750,1.40000,0.98765,0.42679,4.09845,True,Na+1;Ti+4;Mo+6;O-2,0.88052,2.30231,0.69922,-2.53762,0.91223,3.69239,0.18096,0.15934,False,pass,-2.55912,21.50483,0.39253,0.54987,0.66485,0.75306,0.90128,stable_likely,,
Na2TiWO6,True,True,1.39000,0.60250,1.40000,0.98518,0.43036,4.08338,True,Na+1;Ti+4;W+6;O-2,0.87380,1.91327,0.59192,-2.67947,0.73652,3.09003,0.30630,0.26764,False,pass,-2.60597,-73.50481,0.89306,0.92200,0.93685,0.94793,0.96984,stable_likely,,
Na2TiFeO3F3,True,True,1.39000,0.62500,1.36500,0.97893,0.45788,3.96641,True,Na+1;Ti+4;Fe+3;O-2;F-1,0.86362,2.34270,0.66286,-2.74837,1.02491,3.66050,0.16712,0.14432,False,pass,-2.88825,139.88237,0.05562,0.07347,0.09242,0.11655,0.27914,unstable_likely,,
Na2TiBiO3F3,False,True,1.39000,0.81750,1.36500,0.89259,0.59890,3.87296,True,Na+1;Ti+4;Bi+3;O-2;F-1,0.86112,2.69259,0.83834,-2.54153,1.02595,4.35923,0.11512,0.09914,False,pass,-2.88975,348.22398,0.00609,0.00703,0.00804,0.00919,0.01447,unstable_likely,,
Na2TiBiO3Cl3,True,True,1.39000,0.81750,1.60500,0.87421,0.50935,4.16654,True,Na+1;Ti+4;Bi+3;O-2;Cl-1,0.80978,2.60121,0.79684,-2.10900,1.01706,4.18535,0.12551,0.10163,False,pass,-2.36220,253.20401,0.01371,0.01688,0.01992,0.02404,0.04628,unstable_likely,,
Na2TiBiS3F3,False,True,1.39000,0.81750,1.58500,0.87561,0.51577,4.14208,True,Na+1;Ti+4;Bi+3;S-2;F-1,0.84219,2.64498,0.75375,-2.06671,1.14651,4.14345,0.11529,0.09710,False,pass,-2.21235,145.63799,0.05120,0.06775,0.08450,0.10630,0.25069,unstable_likely,,
Na2TiSbO3F3,True,True,1.39000,0.68250,1.36500,0.95144,0.50000,3.86326,True,Na+1;Ti+4;Sb+3;O-2;F-1,0.88171,2.72509,0.73073,-2.62014,1.27238,4.17779,0.10128,0.08930,False,pass,-2.89372,273.57874,0.01152,0.01360,0.01589,0.01868,0.03547,unstable_likely,,
Na2TiInO3F3,True,True,1.39000,0.70250,1.36500,0.94224,0.51465,3.84254,True,Na+1;Ti+4;In+3;O-2;F-1,0.93668,3.07310,0.66182,-2.76124,1.75738,4.38882,0.04938,0.04625,False,pass,-2.95512,193.88068,0.02730,0.03528,0.04295,0.05243,0.10942,unstable_likely,,
Na2TiInS3F3,False,True,1.39000,0.70250,1.58500,0.91963,0.44322,4.15571,True,Na+1;Ti+4;In+3;S-2;F-1,0.91531,2.81566,0.62844,-2.29841,1.56631,4.06502,0.07267,0.06652,False,pass,-2.26006,-38.34763,0.79823,0.86139,0.89280,0.91554,0.95644,stable_likely,,
Na2TiGaO3F3,True,True,1.39000,0.61250,1.36500,0.98512,0.44872,3.99777,True,Na+1;Ti+4;Ga+3;O-2;F-1,0.93422,3.08765,0.68286,-2.81049,1.73010,4.44519,0.05098,0.04763,False,pass,-3.02303,212.54354,0.02132,0.02777,0.03371,0.04096,0.08204,unstable_likely,,
Na2ZrCrO6,True,True,1.39000,0.58000,1.40000,0.99638,0.41429,4.15575,True,Na+1;Zr+4;Cr+6;O-2,0.85677,2.49774,0.60988,-2.43823,1.28528,3.71021,0.12669,0.10854,False,pass,-2.53613,97.89842,0.10283,0.14162,0.18391,0.24022,0.57869,unstable_likely,,
Na2ZrCrO3F3,True,True,1.39000,0.66750,1.36500,0.95846,0.48901,3.88385,True,Na+1;Zr+4;Cr+3;O-2;F-1,0.88080,2.33170,0.66870,-2.87187,1.00230,3.66111,0.17049,0.15017,False,pass,-3.15090,279.03369,0.01101,0.01292,0.01509,0.01761,0.03306,unstable_likely,,
Na2ZrMoO6,True,True,1.39000,0.65500,1.40000,0.96001,0.46786,3.95781,True,Na+1;Zr+4;Mo+6;O-2,0.90697,2.68257,0.74783,-2.60223,1.19585,4.16929,0.10879,0.09867,False,pass,-2.65272,50.48874,0.22923,0.33269,0.43694,0.55789,0.83697,stable_likely,,
Na2ZrWO6,True,True,1.39000,0.66000,1.40000,0.95768,0.47143,3.94883,True,Na+1;Zr+4;W+6;O-2,0.90128,2.30947,0.55923,-2.69684,1.19769,3.42124,0.16509,0.14879,False,pass,-2.69837,1.52761,0.54971,0.69702,0.77722,0.83377,0.92713,known_mp,12.68186,"{'identifier': 'mp-aaadiknc', 'suffix': 'GGA+U', 'separator': '-'}"
Na2ZrFeO3F3,True,True,1.39000,0.68250,1.36500,0.95144,0.50000,3.86326,True,Na+1;Zr+4;Fe+3;O-2;F-1,0.86067,2.66668,0.64423,-2.79589,1.38593,3.94744,0.09858,0.08485,False,pass,-2.98603,190.13959,0.02867,0.03715,0.04504,0.05535,0.11606,unstable_likely,,
Na2ZrBiO3F3,False,True,1.39000,0.87500,1.36500,0.86968,0.64103,3.99226,True,Na+1;Zr+4;Bi+3;O-2;F-1,0.89567,3.13857,0.91544,-2.65271,1.31864,4.95850,0.07343,0.06577,False,pass,-2.98335,330.63789,0.00691,0.00819,0.00940,0.01081,0.01731,unstable_likely,,
Na2ZrSbO3F3,True,True,1.39000,0.74000,1.36500,0.92545,0.54212,3.82421,True,Na+1;Zr+4;Sb+3;O-2;F-1,0.91555,3.39138,0.78898,-2.70622,1.82286,4.95989,0.04068,0.03725,False,pass,-2.99719,290.97112,0.00978,0.01172,0.01337,0.01546,0.02821,unstable_likely,,
Na2ZrSbO3Cl3,True,True,1.39000,0.74000,1.60500,0.90311,0.46106,4.14854,True,Na+1;Zr+4;Sb+3;O-2;Cl-1,0.90068,3.06699,0.66920,-2.04528,1.73659,4.39739,0.05073,0.04569,False,pass,-2.45712,411.84464,0.00382,0.00441,0.00478,0.00540,0.00813,unstable_likely,,
Na2ZrSbS3F3,False,True,1.39000,0.74000,1.58500,0.90479,0.46688,4.12151,True,Na+1;Zr+4;Sb+3;S-2;F-1,0.91103,3.01266,0.65425,-2.24502,1.71199,4.31333,0.05469,0.04983,False,pass,-2.28417,39.15359,0.28324,0.40940,0.52700,0.64561,0.86725,stable_likely,,
Na2ZrInO3F3,True,True,1.39000,0.76000,1.36500,0.91674,0.55678,3.82541,True,Na+1;Zr+4;In+3;O-2;F-1,0.95486,3.58802,0.73284,-2.82839,2.13111,5.04492,0.02422,0.02313,False,pass,-3.05852,230.13260,0.01739,0.02194,0.02698,0.03257,0.06383,unstable_likely,,
Na2ZrInO3Cl3,True,True,1.39000,0.76000,1.60500,0.89547,0.47352,4.14120,True,Na+1;Zr+4;In+3;O-2;Cl-1,0.91770,2.98907,0.63388,-2.15228,1.72889,4.24925,0.05376,0.04934,False,pass,-2.53418,381.89718,0.00465,0.00540,0.00615,0.00685,0.01066,unstable_likely,,
Na2ZrInS3F3,False,True,1.39000,0.76000,1.58500,0.89708,0.47950,4.11489,True,Na+1;Zr+4;In+3;S-2;F-1,0.92634,3.42452,0.64175,-2.37906,2.14870,4.70035,0.02279,0.02111,False,pass,-2.35707,-21.99042,0.71799,0.81222,0.85822,0.89029,0.94689,stable_likely,,
Na2ZrGaO3F3,True,True,1.39000,0.67000,1.36500,0.95729,0.49084,3.88012,True,Na+1;Zr+4;Ga+3;O-2;F-1,0.95879,3.75676,0.65573,-2.89758,2.45314,5.06037,0.01401,0.01343,False,pass,-3.12651,228.92592,0.01762,0.02228,0.02728,0.03310,0.06489,unstable_likely,,
Na2VNbO6,True,True,1.39000,0.59000,1.40000,0.99137,0.42143,4.12213,True,Na+1;V+5;Nb+5;O-2,0.82100,2.42027,0.67100,-2.67253,1.08631,3.75424,0.14787,0.12140,False,pass,-2.61255,-59.97665,0.86510,0.90339,0.92357,0.93816,0.96549,stable_likely,,
Na2VTaO6,True,True,1.39000,0.59000,1.40000,0.99137,0.42143,4.12213,True,Na+1;V+5;Ta+5;O-2,0.86786,2.38095,0.65251,-2.81521,1.08374,3.67816,0.15555,0.13500,False,pass,-2.72412,-91.08592,0.91893,0.93905,0.94947,0.95780,0.97413,stable_likely,,
Na2VFeO3F3,True,True,1.39000,0.66000,1.36500,0.96201,0.48352,3.89580,True,Na+1;V+5;Fe+2;O-2;F-1,0.89873,1.85465,0.62563,-2.49323,0.61089,3.09842,0.32115,0.28863,False,pass,-2.58184,88.61366,0.11923,0.16584,0.21627,0.28605,0.64982,unstable_likely,,
Na2VMnO3F3,True,True,1.39000,0.68500,1.36500,0.95028,0.50183,3.86026,True,Na+1;V+5;Mn+2;O-2;F-1,0.88662,2.00938,0.62078,-2.68195,0.77525,3.24350,0.26401,0.23408,False,pass,-2.67353,-8.42185,0.62761,0.75273,0.81708,0.86155,0.93676,stable_likely,,
Na2VCuO3F3,True,True,1.39000,0.63500,1.36500,0.97404,0.46520,3.94369,True,Na+1;V+5;Cu+2;O-2;F-1,0.69708,0.88112,0.58930,-2.29579,-0.29043,2.05267,0.36648,0.25546,False,pass,-2.39587,100.07572,0.09956,0.13662,0.17703,0.23117,0.56140,unstable_likely,,
Na2VZnO3F3,True,True,1.39000,0.64000,1.36500,0.97161,0.46886,3.93310,True,Na+1;V+5;Zn+2;O-2;F-1,0.87524,2.55368,0.66771,-2.44016,1.22624,3.88111,0.12247,0.10719,False,pass,-2.58024,140.08411,0.05540,0.07329,0.09219,0.11618,0.27815,unstable_likely,,
Na2NbTaO6,True,True,1.39000,0.64000,1.40000,0.96707,0.45714,3.98778,True,Na+1;Nb+5;Ta+5;O-2,0.88210,1.81414,0.61425,-2.83244,0.59299,3.03529,0.33896,0.29900,False,pass,-2.95709,124.65065,0.06882,0.09277,0.11704,0.14935,0.37085,unstable_likely,,
Na2NbFeO3F3,True,True,1.39000,0.71000,1.36500,0.93883,0.52015,3.83674,True,Na+1;Nb+5;Fe+2;O-2;F-1,0.82589,2.49764,0.69372,-2.56156,1.11850,3.87677,0.13395,0.11062,False,pass,-2.79963,238.06820,0.01603,0.01993,0.02411,0.02942,0.05696,unstable_likely,,
Na2NbFeO3Cl3,True,True,1.39000,0.71000,1.60500,0.91481,0.44237,4.17477,True,Na+1;Nb+5;Fe+2;O-2;Cl-1,0.78939,2.06110,0.53739,-1.92023,0.99275,3.12946,0.24755,0.19541,False,pass,-2.24610,325.86674,0.00717,0.00858,0.00978,0.01130,0.01832,unstable_likely,,
Na2NbFeS3F3,False,True,1.39000,0.71000,1.58500,0.91662,0.44795,4.14660,True,Na+1;Nb+5;Fe+2;S-2;F-1,0.75589,1.95594,0.61303,-2.02566,0.73720,3.17467,0.28739,0.21723,False,pass,-2.11794,92.28323,0.11242,0.15573,0.20204,0.26689,0.62245,unstable_likely,,
Na2NbMnO3F3,True,True,1.39000,0.73500,1.36500,0.92766,0.53846,3.82511,True,Na+1;Nb+5;Mn+2;O-2;F-1,0.83586,2.62038,0.70436,-2.65978,1.22009,4.02067,0.11572,0.09672,False,pass,-2.91521,255.42988,0.01340,0.01654,0.01938,0.02334,0.04486,unstable_likely,,
Na2NbMnO3Cl3,True,True,1.39000,0.73500,1.60500,0.90504,0.45794,4.15164,True,Na+1;Nb+5;Mn+2;O-2;Cl-1,0.78228,1.83809,0.56054,-2.02599,0.72372,2.95245,0.34529,0.27011,False,pass,-2.36490,338.91173,0.00646,0.00762,0.00878,0.00998,0.01583,unstable_likely,,
Na2NbMnS3F3,False,True,1.39000,0.73500,1.58500,0.90674,0.46372,4.12443,True,Na+1;Nb+5;Mn+2;S-2;F-1,0.78789,2.12571,0.61882,-2.12383,0.89547,3.35595,0.22476,0.17709,False,pass,-2.16341,39.57644,0.28079,0.40623,0.52368,0.64270,0.86624,stable_likely,,
Na2NbSbO6,True,True,1.39000,0.62000,1.40000,0.97665,0.44286,4.03501,True,Na+1;Nb+5;Sb+5;O-2,0.79967,2.44612,0.67606,-2.25275,1.10209,3.79015,0.14264,0.11406,False,pass,-2.45310,200.34578,0.02516,0.03245,0.03941,0.04806,0.09909,unstable_likely,,
Na2NbCuO3F3,True,True,1.39000,0.68500,1.36500,0.95028,0.50183,3.86026,True,Na+1;Nb+5;Cu+2;O-2;F-1,0.63456,1.30619,0.71783,-2.34631,-0.12088,2.73326,0.40775,0.25874,False,pass,-2.66854,322.23256,0.00735,0.00892,0.01013,0.01164,0.01897,unstable_likely,,
Na2NbZnO3F3,True,True,1.39000,0.69000,1.36500,0.94797,0.50549,3.85460,True,Na+1;Nb+5;Zn+2;O-2;F-1,0.83950,2.77532,0.73759,-2.45648,1.30897,4.24168,0.09580,0.08042,False,pass,-2.83816,381.68340,0.00466,0.00542,0.00615,0.00685,0.01068,unstable_likely,,
Na2NbZnS3F3,False,True,1.39000,0.69000,1.58500,0.92468,0.43533,4.17344,True,Na+1;Nb+5;Zn+2;S-2;F-1,0.81112,2.45166,0.72045,-2.05158,1.01938,3.88393,0.14720,0.11940,False,pass,-2.14448,92.89873,0.11127,0.15411,0.19998,0.26390,0.61800,unstable_likely,,
Na2TaFeO3F3,True,True,1.39000,0.71000,1.36500,0.93883,0.52015,3.83674,True,Na+1;Ta+5;Fe+2;O-2;F-1,0.85950,2.55724,0.79059,-2.62002,0.98552,4.12896,0.13150,0.11302,False,pass,-2.90655,286.52640,0.01018,0.01214,0.01396,0.01635,0.03000,unstable_likely,,
Na2TaFeO3Cl3,True,True,1.39000,0.71000,1.60500,0.91481,0.44237,4.17477,True,Na+1;Ta+5;Fe+2;O-2;Cl-1,0.78705,2.27816,0.60380,-1.90676,1.07778,3.47854,0.17910,0.14096,False,pass,-2.35301,446.25494,0.00314,0.00349,0.00386,0.00426,0.00616,unstable_likely,,
Na2TaFeS3F3,False,True,1.39000,0.71000,1.58500,0.91662,0.44795,4.14660,True,Na+1;Ta+5;Fe+2;S-2;F-1,0.81621,2.02752,0.58053,-2.00302,0.87340,3.18164,0.26013,0.21232,False,pass,-2.16004,157.01909,0.04401,0.05769,0.07150,0.08920,0.20286,unstable_likely,,
Na2TaMnO3F3,True,True,1.39000,0.73500,1.36500,0.92766,0.53846,3.82511,True,Na+1;Ta+5;Mn+2;O-2;F-1,0.88510,2.74583,0.73415,-2.81231,1.28631,4.20534,0.09824,0.08696,False,pass,-3.01807,205.75545,0.02324,0.03030,0.03686,0.04468,0.09099,unstable_likely,,
Na2TaMnO3Cl3,True,True,1.39000,0.73500,1.60500,0.90504,0.45794,4.15164,True,Na+1;Ta+5;Mn+2;O-2;Cl-1,0.82036,2.33555,0.58644,-2.03135,1.16970,3.50141,0.16028,0.13149,False,pass,-2.46729,435.94324,0.00328,0.00374,0.00414,0.00457,0.00659,unstable_likely,,
Na2TaMnS3F3,False,True,1.39000,0.73500,1.58500,0.90674,0.46372,4.12443,True,Na+1;Ta+5;Mn+2;S-2;F-1,0.84537,2.16990,0.57555,-2.10905,1.02568,3.31411,0.21101,0.17838,False,pass,-2.18102,71.97134,0.15661,0.22278,0.29535,0.38900,0.75062,unstable_likely,,
Na2TaSbO6,True,True,1.39000,0.62000,1.40000,0.97665,0.44286,4.03501,True,Na+1;Ta+5;Sb+5;O-2,0.83581,2.80671,0.72556,-2.34186,1.36428,4.24914,0.09031,0.07548,False,pass,-2.56467,222.80650,0.01884,0.02418,0.02952,0.03581,0.07070,unstable_likely,,
Na2TaCuO3F3,True,True,1.39000,0.68500,1.36500,0.95028,0.50183,3.86026,True,Na+1;Ta+5;Cu+2;O-2;F-1,0.83615,2.47757,0.74775,-2.38084,0.99101,3.96413,0.14348,0.11997,False,pass,-2.75469,373.84860,0.00491,0.00583,0.00648,0.00727,0.01146,unstable_likely,,
Na2TaZnO3F3,True,True,1.39000,0.69000,1.36500,0.94797,0.50549,3.85460,True,Na+1;Ta+5;Zn+2;O-2;F-1,0.85885,2.84204,0.76896,-2.47422,1.31332,4.37076,0.09031,0.07756,False,pass,-2.92632,452.09580,0.00299,0.00339,0.00371,0.00411,0.00592,unstable_likely,,
Na2TaZnS3F3,False,True,1.39000,0.69000,1.58500,0.92468,0.43533,4.17344,True,Na+1;Ta+5;Zn+2;S-2;F-1,0.82407,2.58456,0.70253,-2.03383,1.18790,3.98122,0.11935,0.09835,False,pass,-2.19750,163.67134,0.04045,0.05255,0.06511,0.08081,0.18113,unstable_likely,,
Na2CrMoO3F3,True,True,1.39000,0.63250,1.36500,0.97526,0.46337,3.94917,True,Na+1;Cr+3;Mo+4;O-2;F-1,0.89160,2.74200,0.73501,-2.57224,1.28077,4.20322,0.09892,0.08820,False,pass,-2.61076,38.51547,0.28663,0.41409,0.53231,0.65057,0.86870,stable_likely,,
Na2CrWO6,True,True,1.39000,0.57500,1.40000,0.99890,0.41071,4.17345,True,Na+1;Cr+4;W+6;O-2,0.69191,1.16929,0.72884,-2.09297,-0.27966,2.61824,0.39762,0.27512,False,pass,-2.19433,101.35974,0.09748,0.13383,0.17303,0.22510,0.55116,unstable_likely,,
Na2CrWO3F3,True,True,1.39000,0.63750,1.36500,0.97282,0.46703,3.93833,True,Na+1;Cr+3;W+4;O-2;F-1,0.90472,2.48738,0.80487,-2.54458,0.88727,4.08748,0.14492,0.13111,False,pass,-2.62409,79.51154,0.13791,0.19467,0.25614,0.33891,0.70934,unstable_likely,,
Na2CrMnO3F3,True,True,1.39000,0.66000,1.36500,0.96201,0.48352,3.89580,True,Na+1;Cr+5;Mn+2;O-2;F-1,0.87171,1.88345,0.64636,-2.54753,0.59846,3.16844,0.30596,0.26671,False,pass,-2.55140,3.86651,0.52925,0.68246,0.76675,0.82622,0.92479,stable_likely,,
Na2CrAgF6,False,True,1.39000,0.88250,1.33000,0.86930,0.66353,3.97411,True,Na+1;Cr+3;Ag+1;F-1,0.60895,2.14415,0.60381,-2.55597,0.94376,3.34454,0.22004,0.13399,False,pass,-2.70095,144.98339,0.05167,0.06842,0.08545,0.10741,0.25389,known_mp,139.83153,"{'identifier': 'mp-aaaclfqk', 'suffix': 'GGA+U', 'separator': '-'}"
Na2CrAgO3F3,False,True,1.39000,0.79500,1.36500,0.90189,0.58242,3.84634,True,Na+1;Cr+6;Ag+1;O-2;F-1,0.76302,1.86629,0.66635,-2.25845,0.54157,3.19101,0.30824,0.23519,False,pass,-2.13746,-120.98858,0.94620,0.95774,0.96414,0.96905,0.97964,stable_likely,,
Na2CrAgO3Cl3,False,True,1.39000,0.79500,1.60500,0.88241,0.49533,4.14823,True,Na+1;Cr+6;Ag+1;O-2;Cl-1,0.72525,1.62613,0.59009,-1.70902,0.45301,2.79924,0.41610,0.30178,False,pass,-1.65406,-54.95831,0.85267,0.89539,0.91745,0.93366,0.96373,stable_likely,,
Na2CrAgS3F3,False,True,1.39000,0.79500,1.58500,0.88388,0.50158,4.12307,True,Na+1;Cr+6;Ag+1;S-2;F-1,0.76774,1.85048,0.57705,-1.84320,0.70330,2.99767,0.33533,0.25745,False,pass,-1.85531,12.11476,0.46249,0.62378,0.72319,0.79623,0.91491,stable_likely,,
Na2MoWO6,True,True,1.39000,0.62500,1.40000,0.97424,0.44643,4.02241,True,Na+1;Mo+6;W+4;O-2,0.58162,1.19940,0.77840,-2.01929,-0.34809,2.74689,0.37542,0.21835,False,pass,-2.16075,141.45884,0.05413,0.07208,0.08997,0.11376,0.27114,unstable_likely,,
Na2MoFeO3F3,True,True,1.39000,0.64750,1.36500,0.96799,0.47436,3.91817,True,Na+1;Mo+4;Fe+3;O-2;F-1,0.83791,2.24312,0.70447,-2.42860,0.84260,3.64364,0.19353,0.16216,False,pass,-2.44423,15.62751,0.43601,0.59680,0.70248,0.78098,0.90971,stable_likely,,
Na2MoBiO3F3,True,True,1.39000,0.84000,1.36500,0.88348,0.61538,3.91049,True,Na+1;Mo+4;Bi+3;O-2;F-1,0.88917,2.54700,0.76239,-2.30445,1.03134,4.06267,0.13082,0.11632,False,pass,-2.44573,141.27912,0.05435,0.07225,0.09025,0.11406,0.27194,unstable_likely,,
Na2MoBiS3F3,False,True,1.39000,0.84000,1.58500,0.86748,0.52997,4.17240,True,Na+1;Mo+4;Bi+3;S-2;F-1,0.88062,2.33389,0.66014,-1.81047,1.02151,3.64627,0.16948,0.14925,False,pass,-2.01276,202.28906,0.02433,0.03162,0.03847,0.04688,0.09616,unstable_likely,,
Na2MoSbO3F3,True,True,1.39000,0.70500,1.36500,0.94110,0.51648,3.84049,True,Na+1;Mo+4;Sb+3;O-2;F-1,0.90279,2.82250,0.76030,-2.32999,1.31099,4.33400,0.09141,0.08252,False,pass,-2.44946,119.46593,0.07398,0.10054,0.12734,0.16342,0.40704,unstable_likely,,
Na2MoSbS3F3,False,True,1.39000,0.70500,1.58500,0.91862,0.44479,4.15255,True,Na+1;Mo+4;Sb+3;S-2;F-1,0.90846,2.49429,0.62317,-1.83212,1.25540,3.73318,0.12905,0.11724,False,pass,-2.00335,171.23060,0.03657,0.04752,0.05836,0.07231,0.15868,unstable_likely,,
Na2MoAgO3F3,True,True,1.39000,0.87000,1.36500,0.87162,0.63736,3.97873,True,Na+1;Mo+6;Ag+1;O-2;F-1,0.82843,2.14902,0.68594,-2.22097,0.78534,3.51270,0.21506,0.17816,False,pass,-2.21599,-4.97698,0.60168,0.73437,0.80438,0.85273,0.93368,stable_likely,,
Na2MoInO3F3,True,True,1.39000,0.72500,1.36500,0.93210,0.53114,3.82834,True,Na+1;Mo+4;In+3;O-2;F-1,0.93403,3.08387,0.68540,-2.44811,1.72128,4.44646,0.05216,0.04872,False,pass,-2.51110,62.98582,0.18358,0.26347,0.34896,0.45611,0.79229,unstable_likely,,
Na2MoInO3Cl3,True,True,1.39000,0.72500,1.60500,0.90892,0.45171,4.15937,True,Na+1;Mo+4;In+3;O-2;Cl-1,0.88326,2.56773,0.61841,-1.85672,1.33832,3.79715,0.11285,0.09967,False,pass,-1.99656,139.83841,0.05566,0.07350,0.09250,0.11665,0.27944,unstable_likely,,
Na2MoInS3F3,False,True,1.39000,0.72500,1.58500,0.91067,0.45741,4.13179,True,Na+1;Mo+4;In+3;S-2;F-1,0.91235,2.89568,0.58054,-1.94726,1.74154,4.04983,0.05436,0.04959,False,pass,-2.07139,124.12720,0.06929,0.09350,0.11834,0.15075,0.37434,unstable_likely,,
Na2MoGaO3F3,True,True,1.39000,0.63500,1.36500,0.97404,0.46520,3.94369,True,Na+1;Mo+4;Ga+3;O-2;F-1,0.92365,3.21550,0.77681,-2.44780,1.67119,4.75981,0.05106,0.04716,False,pass,-2.56949,121.69040,0.07181,0.09702,0.12304,0.15745,0.39117,unstable_likely,,
Na2WFeO3F3,True,True,1.39000,0.65250,1.36500,0.96559,0.47802,3.90885,True,Na+1;W+4;Fe+3;O-2;F-1,0.85568,2.48315,0.74095,-2.47269,1.01011,3.95619,0.14205,0.12155,False,pass,-2.47856,5.86602,0.51307,0.66928,0.75683,0.81940,0.92267,stable_likely,,
Na2WBiO3F3,True,True,1.39000,0.84500,1.36500,0.88148,0.61905,3.92038,True,Na+1;W+4;Bi+3;O-2;F-1,0.81579,2.66304,0.74485,-2.37044,1.18225,4.14383,0.11209,0.09144,False,pass,-2.45026,79.82252,0.13720,0.19362,0.25466,0.33699,0.70739,unstable_likely,,
Na2WSbO3F3,True,True,1.39000,0.71000,1.36500,0.93883,0.52015,3.83674,True,Na+1;W+4;Sb+3;O-2;F-1,0.89385,2.86023,0.75012,-2.35420,1.36896,4.35149,0.08558,0.07650,False,pass,-2.45399,99.78933,0.09998,0.13726,0.17779,0.23238,0.56365,unstable_likely,,
Na2WSbO3Cl3,True,True,1.39000,0.71000,1.60500,0.91481,0.44237,4.17477,True,Na+1;W+4;Sb+3;O-2;Cl-1,0.80900,1.89989,0.65445,-1.70335,0.59883,3.20095,0.29878,0.24172,False,pass,-1.92404,220.68927,0.01932,0.02501,0.03031,0.03686,0.07279,unstable_likely,,
Na2WSbS3F3,False,True,1.39000,0.71000,1.58500,0.91662,0.44795,4.14660,True,Na+1;W+4;Sb+3;S-2;F-1,0.87526,2.32122,0.64509,-1.73315,1.03877,3.60368,0.17091,0.14959,False,pass,-1.98908,255.92509,0.01337,0.01647,0.01929,0.02320,0.04458,unstable_likely,,
Na2WAgO3F3,True,True,1.39000,0.87500,1.36500,0.86968,0.64103,3.99226,True,Na+1;W+6;Ag+1;O-2;F-1,0.87206,2.53100,0.69523,-2.24225,1.14886,3.91313,0.12795,0.11158,False,pass,-2.31239,70.13791,0.16169,0.23077,0.30552,0.40217,0.76041,unstable_likely,,
Na2WInO3F3,True,True,1.39000,0.73000,1.36500,0.92987,0.53480,3.82649,True,Na+1;W+4;In+3;O-2;F-1,0.94056,2.90768,0.69997,-2.43944,1.51611,4.29925,0.07140,0.06716,False,pass,-2.51563,76.18922,0.14559,0.20603,0.27229,0.36083,0.72829,unstable_likely,,
Na2WInO3Cl3,True,True,1.39000,0.73000,1.60500,0.90697,0.45483,4.15526,True,Na+1;W+4;In+3;O-2;Cl-1,0.85780,2.29245,0.67642,-1.81784,0.94771,3.63718,0.18400,0.15783,False,pass,-2.00109,183.25181,0.03126,0.04064,0.04942,0.06095,0.12977,unstable_likely,,
Na2WInS3F3,False,True,1.39000,0.73000,1.58500,0.90870,0.46057,4.12786,True,Na+1;W+4;In+3;S-2;F-1,0.89648,2.48122,0.68570,-1.87591,1.11802,3.84442,0.13623,0.12212,False,pass,-2.05711,181.20168,0.03203,0.04171,0.05084,0.06287,0.13403,unstable_likely,,
Na2WGaO3F3,True,True,1.39000,0.64000,1.36500,0.97161,0.46886,3.93310,True,Na+1;W+4;Ga+3;O-2;F-1,0.94084,3.04798,0.77757,-2.42567,1.50214,4.59382,0.06693,0.06297,False,pass,-2.57402,148.35380,0.04937,0.06550,0.08118,0.10215,0.23832,unstable_likely,,
Na2FeMnF6,False,True,1.39000,0.80500,1.33000,0.90086,0.60526,3.81339,True,Na+1;Fe+2;Mn+2;F-1,0.56119,2.35776,0.80140,-2.85395,0.76454,3.95098,0.17049,0.09568,False,pass,-2.85405,0.10014,0.56111,0.70580,0.78328,0.83824,0.92876,stable_likely,,
Na2FeMnO3F3,True,True,1.39000,0.58750,1.36500,0.99774,0.43040,4.07074,True,Na+1;Fe+3;Mn+4;O-2;F-1,0.85424,2.16166,0.65680,-2.46781,0.85592,3.46741,0.21328,0.18220,False,pass,-2.38044,-87.36997,0.91405,0.93582,0.94712,0.95590,0.97338,stable_likely,,
Na2FeMnF3Cl3,False,True,1.39000,0.80500,1.57000,0.88128,0.51274,4.11152,True,Na+1;Fe+2;Mn+2;F-1;Cl-1,0.53869,1.87837,0.67279,-2.08817,0.54084,3.21589,0.30326,0.16336,False,pass,-2.29492,206.74650,0.02289,0.02992,0.03629,0.04418,0.08967,unstable_likely,,
Na2FeSbO3F3,True,True,1.39000,0.69000,1.36500,0.94797,0.50549,3.85460,True,Na+1;Fe+2;Sb+5;O-2;F-1,0.81586,2.04718,0.67126,-2.32423,0.71269,3.38167,0.24679,0.20135,False,pass,-2.40754,83.30636,0.12972,0.18238,0.23861,0.31597,0.68599,unstable_likely,,
Na2FeSbS3F3,False,True,1.39000,0.69000,1.58500,0.92468,0.43533,4.17344,True,Na+1;Fe+2;Sb+5;S-2;F-1,0.80034,1.88770,0.53753,-1.88268,0.81907,2.95633,0.32892,0.26324,False,pass,-1.89732,14.63661,0.44369,0.60454,0.70855,0.78534,0.91108,stable_likely,,
Na2FeCuF6,False,True,1.39000,0.70750,1.33000,0.94397,0.53195,3.78909,True,Na+1;Fe+3;Cu+1;F-1,0.57110,1.03759,0.50230,-2.41438,0.03899,2.03618,0.46413,0.26506,False,pass,-2.55963,145.24623,0.05145,0.06816,0.08501,0.10694,0.25275,unstable_likely,,
Na2FeCuF3Cl3,False,True,1.39000,0.70750,1.57000,0.91901,0.45064,4.12831,True,Na+1;Fe+3;Cu+1;F-1;Cl-1,0.52856,1.05934,0.64521,-1.97691,-0.22337,2.34205,0.41298,0.21829,False,pass,-2.07523,98.31693,0.10217,0.14059,0.18235,0.23855,0.57520,unstable_likely,,
Na2FeAgF6,False,True,1.39000,0.89750,1.33000,0.86345,0.67481,4.02232,True,Na+1;Fe+3;Ag+1;F-1,0.62385,1.74287,0.49761,-2.37668,0.75361,2.73213,0.41180,0.25690,False,pass,-2.53289,156.20841,0.04444,0.05841,0.07232,0.09032,0.20592,known_mp,139.21960,"{'identifier': 'mp-aaaclfzn', 'suffix': 'GGA+U', 'separator': '-'}"
Na2FeZnF6,False,True,1.39000,0.76000,1.33000,0.92025,0.57143,3.77936,True,Na+1;Fe+2;Zn+2;F-1,0.68010,2.46469,0.53329,-2.67224,1.40449,3.52489,0.11749,0.07990,False,pass,-2.75400,81.76194,0.13296,0.18743,0.24522,0.32512,0.69566,unstable_likely,,
Na2FeZnF3Cl3,False,True,1.39000,0.76000,1.57000,0.89830,0.48408,4.09515,True,Na+1;Fe+2;Zn+2;F-1;Cl-1,0.64453,2.17731,0.59973,-2.21265,0.98503,3.36958,0.20999,0.13535,False,pass,-2.26844,55.79285,0.20759,0.30189,0.39747,0.51361,0.81962,stable_likely,,
Na2MnBiO6,True,True,1.39000,0.74500,1.40000,0.91973,0.53214,3.87077,True,Na+1;Mn+7;Bi+3;O-2,0.58137,1.04989,0.62471,-1.70848,-0.19206,2.29185,0.41821,0.24314,False,pass,-1.66633,-42.15130,0.81286,0.87021,0.89887,0.92023,0.95819,stable_likely,,
Na2MnBiO3S3,True,True,1.39000,0.74500,1.62000,0.89995,0.45988,4.16607,True,Na+1;Mn+7;Bi+3;O-2;S-2,0.66986,1.68618,0.62926,-1.43392,0.43519,2.93716,0.37576,0.25171,False,pass,-1.60200,168.08362,0.03806,0.04956,0.06109,0.07541,0.16749,unstable_likely,,
Na2MnBiO3F3,False,True,1.39000,0.78000,1.36500,0.90820,0.57143,3.83439,True,Na+1;Mn+4;Bi+3;O-2;F-1,0.67179,2.04975,0.75496,-2.34641,0.54886,3.55063,0.23726,0.15939,False,pass,-2.38199,35.57726,0.30313,0.43638,0.55719,0.67115,0.87518,stable_likely,,
Na2MnBiO3Cl3,True,True,1.39000,0.78000,1.60500,0.88796,0.48598,4.14208,True,Na+1;Mn+4;Bi+3;O-2;Cl-1,0.62530,1.89195,0.76277,-1.80426,0.37554,3.40837,0.27836,0.17406,False,pass,-1.86502,60.76016,0.19060,0.27447,0.36366,0.47354,0.80150,unstable_likely,,
Na2MnBiS3F3,False,True,1.39000,0.78000,1.58500,0.88949,0.49211,4.11644,True,Na+1;Mn+4;Bi+3;S-2;F-1,0.67048,1.91433,0.70351,-1.90966,0.51573,3.31293,0.28477,0.19093,False,pass,-1.93445,24.79436,0.37002,0.52189,0.64117,0.73556,0.89581,stable_likely,,
Na2MnSbO6,True,True,1.39000,0.61000,1.40000,0.98151,0.43571,4.06182,True,Na+1;Mn+7;Sb+3;O-2,0.69015,1.18410,0.52986,-1.89554,0.13072,2.23749,0.50717,0.35002,False,pass,-1.90218,6.64275,0.50694,0.66389,0.75236,0.81683,0.92180,stable_likely,,
Na2MnSbO3F3,True,True,1.39000,0.71500,1.36500,0.93658,0.52381,3.83347,True,Na+1;Mn+2;Sb+5;O-2;F-1,0.77833,2.21843,0.70227,-2.40641,0.82230,3.61457,0.19818,0.15425,False,pass,-2.51407,107.66057,0.08847,0.12104,0.15474,0.20080,0.49849,unstable_likely,,
Na2MnSbO3Cl3,True,True,1.39000,0.71500,1.60500,0.91284,0.44548,4.16913,True,Na+1;Mn+2;Sb+5;O-2;Cl-1,0.74670,1.69624,0.61561,-1.80940,0.47238,2.92010,0.37795,0.28222,False,pass,-1.96324,153.83990,0.04588,0.06056,0.07469,0.09391,0.21529,unstable_likely,,
Na2MnSbS3F3,False,True,1.39000,0.71500,1.58500,0.91463,0.45110,4.14116,True,Na+1;Mn+2;Sb+5;S-2;F-1,0.78684,2.10034,0.58443,-1.97495,0.93847,3.26221,0.23244,0.18290,False,pass,-1.90974,-65.20989,0.87695,0.91089,0.92916,0.94227,0.96734,stable_likely,,
Na2MnCuF3Cl3,False,True,1.39000,0.78000,1.57000,0.89065,0.49682,4.09721,True,Na+1;Mn+2;Cu+2;F-1;Cl-1,0.51088,0.89003,0.54084,-2.05661,-0.18518,1.96524,0.37905,0.19365,False,pass,-2.18070,124.09102,0.06932,0.09352,0.11843,0.15079,0.37454,unstable_likely,,
Na2MnZnF6,False,True,1.39000,0.78500,1.33000,0.90938,0.59023,3.79328,True,Na+1;Mn+2;Zn+2;F-1,0.64721,2.32707,0.65257,-2.75194,1.02974,3.62439,0.17032,0.11024,False,pass,-2.86742,115.48132,0.07873,0.10655,0.13570,0.17570,0.43694,unstable_likely,,
Na2MnZnF3Cl3,False,True,1.39000,0.78500,1.57000,0.88876,0.50000,4.09901,True,Na+1;Mn+2;Zn+2;F-1;Cl-1,0.65070,2.22993,0.65153,-2.22509,0.93467,3.52518,0.19632,0.12775,False,pass,-2.38186,156.77222,0.04417,0.05789,0.07174,0.08961,0.20368,unstable_likely,,
Na2MnInO6,True,True,1.39000,0.63000,1.40000,0.97184,0.45000,4.01034,True,Na+1;Mn+7;In+3;O-2,0.81803,1.43029,0.56239,-1.93878,0.31224,2.54833,0.48607,0.39762,False,pass,-1.66480,-273.98478,0.98551,0.98714,0.98829,0.98918,0.99131,stable_likely,,
Na2MnInO3F3,True,True,1.39000,0.66500,1.36500,0.95964,0.48718,3.88771,True,Na+1;Mn+4;In+3;O-2;F-1,0.85426,2.04410,0.69014,-2.50080,0.67207,3.41612,0.24654,0.21061,False,pass,-2.44967,-51.12622,0.84195,0.88863,0.91223,0.92998,0.96221,stable_likely,,
Na2MnGaO3F3,True,True,1.39000,0.57500,1.36500,1.00416,0.42125,4.11258,True,Na+1;Mn+4;Ga+3;O-2;F-1,0.88047,2.26772,0.71303,-2.53342,0.85018,3.68525,0.18737,0.16498,False,pass,-2.50477,-28.64717,0.75398,0.83432,0.87348,0.90144,0.95109,stable_likely,,
Na2SbCuO3F3,True,True,1.39000,0.66500,1.36500,0.95964,0.48718,3.88771,True,Na+1;Sb+5;Cu+2;O-2;F-1,0.63400,1.32317,0.60370,-2.23598,0.12299,2.52335,0.47265,0.29966,False,pass,-2.22677,-9.20680,0.63374,0.75717,0.81962,0.86332,0.93752,stable_likely,,
Na2SbZnO3F3,True,True,1.39000,0.67000,1.36500,0.95729,0.49084,3.88012,True,Na+1;Sb+5;Zn+2;O-2;F-1,0.87458,2.92292,0.67220,-2.44156,1.58656,4.25928,0.06491,0.05676,False,pass,-2.42106,-20.50382,0.70944,0.80641,0.85432,0.88743,0.94589,stable_likely,,
Na2AgGaF6,False,True,1.39000,0.88500,1.33000,0.86832,0.66541,3.98172,True,Na+1;Ag+1;Ga+3;F-1,0.71929,1.46159,0.55825,-2.46510,0.35178,2.57140,0.48388,0.34805,False,pass,-2.65150,186.40011,0.03005,0.03892,0.04740,0.05823,0.12351,known_mp,125.29295,"{'identifier': 'mp-aaaclfzl', 'suffix': 'GGA', 'separator': '-'}"
